{"type": "FeatureCollection", "features": [{"type": "Feature", "geometry": {"type": "Point", "coordinates": [-49.2855679, -25.3793916]}, "properties": {"id": 31213063, "feat_type": "way", "quality_categories": "missing_tags, older_than_five_years", "issue_ids": "[0, 1]", "osm_url": "https://www.openstreetmap.org/way/31213063", "josm_url": "http://127.0.0.1:8111/load_object?new_layer=false&objects=w31213063", "id_url": "https://www.openstreetmap.org/edit?editor=id&way=31213063#map=20/-25.3793916/-49.2855679"}}, {"type": "Feature", "geometry": {"type": "Point", "coordinates": [-49.2853386, -25.3793432]}, "properties": {"id": 31213083, "feat_type": "way", "quality_categories": "missing_tags, older_than_five_years", "issue_ids": "[0, 1]", "osm_url": "https://www.openstreetmap.org/way/31213083", "josm_url": "http://127.0.0.1:8111/load_object?new_layer=false&objects=w31213083", "id_url": "https://www.openstreetmap.org/edit?editor=id&way=31213083#map=20/-25.3793432/-49.2853386"}}, {"type": "Feature", "geometry": {"type": "Point", "coordinates": [-49.2795473, -25.4130302]}, "properties": {"id": 163037373, "feat_type": "way", "quality_categories": "missing_tags, older_than_five_years, uncanny_keys", "issue_ids": "[2, 3, 1]", "osm_url": "https://www.openstreetmap.org/way/163037373", "josm_url": "http://127.0.0.1:8111/load_object?new_layer=false&objects=w163037373", "id_url": "https://www.openstreetmap.org/edit?editor=id&way=163037373#map=20/-25.4130302/-49.2795473"}}, {"type": "Feature", "geometry": {"type": "Point", "coordinates": [-49.2841828, -25.3788724]}, "properties": {"id": 171463168, "feat_type": "way", "quality_categories": "missing_tags, older_than_five_years", "issue_ids": "[4, 1]", "osm_url": "https://www.openstreetmap.org/way/171463168", "josm_url": "http://127.0.0.1:8111/load_object?new_layer=false&objects=w171463168", "id_url": "https://www.openstreetmap.org/edit?editor=id&way=171463168#map=20/-25.3788724/-49.2841828"}}, {"type": "Feature", "geometry": {"type": "Point", "coordinates": [-49.2858512, -25.3797819]}, "properties": {"id": 171463169, "feat_type": "way", "quality_categories": "missing_tags, older_than_five_years", "issue_ids": "[0, 1]", "osm_url": "https://www.openstreetmap.org/way/171463169", "josm_url": "http://127.0.0.1:8111/load_object?new_layer=false&objects=w171463169", "id_url": "https://www.openstreetmap.org/edit?editor=id&way=171463169#map=20/-25.3797819/-49.2858512"}}, {"type": "Feature", "geometry": {"type": "Point", "coordinates": [-49.283624, -25.378406]}, "properties": {"id": 171463171, "feat_type": "way", "quality_categories": "missing_tags, older_than_five_years", "issue_ids": "[4, 1]", "osm_url": "https://www.openstreetmap.org/way/171463171", "josm_url": "http://127.0.0.1:8111/load_object?new_layer=false&objects=w171463171", "id_url": "https://www.openstreetmap.org/edit?editor=id&way=171463171#map=20/-25.378406/-49.283624"}}, {"type": "Feature", "geometry": {"type": "Point", "coordinates": [-49.2831386, -25.3778731]}, "properties": {"id": 171463178, "feat_type": "way", "quality_categories": "missing_tags, older_than_five_years", "issue_ids": "[5, 1]", "osm_url": "https://www.openstreetmap.org/way/171463178", "josm_url": "http://127.0.0.1:8111/load_object?new_layer=false&objects=w171463178", "id_url": "https://www.openstreetmap.org/edit?editor=id&way=171463178#map=20/-25.3778731/-49.2831386"}}, {"type": "Feature", "geometry": {"type": "Point", "coordinates": [-49.2667961, -25.4733007]}, "properties": {"id": 229509499, "feat_type": "way", "quality_categories": "missing_tags, older_than_five_years", "issue_ids": "[6, 1]", "osm_url": "https://www.openstreetmap.org/way/229509499", "josm_url": "http://127.0.0.1:8111/load_object?new_layer=false&objects=w229509499", "id_url": "https://www.openstreetmap.org/edit?editor=id&way=229509499#map=20/-25.4733007/-49.2667961"}}, {"type": "Feature", "geometry": {"type": "Point", "coordinates": [-49.3065484, -25.426082]}, "properties": {"id": 375708768, "feat_type": "way", "quality_categories": "older_than_five_years", "issue_ids": "[7]", "osm_url": "https://www.openstreetmap.org/way/375708768", "josm_url": "http://127.0.0.1:8111/load_object?new_layer=false&objects=w375708768", "id_url": "https://www.openstreetmap.org/edit?editor=id&way=375708768#map=20/-25.426082/-49.3065484"}}, {"type": "Feature", "geometry": {"type": "Point", "coordinates": [-49.2841471, -25.3787549]}, "properties": {"id": 387497939, "feat_type": "way", "quality_categories": "missing_tags, older_than_five_years", "issue_ids": "[4, 1]", "osm_url": "https://www.openstreetmap.org/way/387497939", "josm_url": "http://127.0.0.1:8111/load_object?new_layer=false&objects=w387497939", "id_url": "https://www.openstreetmap.org/edit?editor=id&way=387497939#map=20/-25.3787549/-49.2841471"}}, {"type": "Feature", "geometry": {"type": "Point", "coordinates": [-49.2852599, -25.3803829]}, "properties": {"id": 387497943, "feat_type": "way", "quality_categories": "missing_tags, older_than_five_years", "issue_ids": "[0, 1]", "osm_url": "https://www.openstreetmap.org/way/387497943", "josm_url": "http://127.0.0.1:8111/load_object?new_layer=false&objects=w387497943", "id_url": "https://www.openstreetmap.org/edit?editor=id&way=387497943#map=20/-25.3803829/-49.2852599"}}, {"type": "Feature", "geometry": {"type": "Point", "coordinates": [-49.2834651, -25.3790043]}, "properties": {"id": 387497946, "feat_type": "way", "quality_categories": "missing_tags, older_than_five_years", "issue_ids": "[0, 1]", "osm_url": "https://www.openstreetmap.org/way/387497946", "josm_url": "http://127.0.0.1:8111/load_object?new_layer=false&objects=w387497946", "id_url": "https://www.openstreetmap.org/edit?editor=id&way=387497946#map=20/-25.3790043/-49.2834651"}}, {"type": "Feature", "geometry": {"type": "Point", "coordinates": [-49.2850799, -25.380033]}, "properties": {"id": 387497948, "feat_type": "way", "quality_categories": "older_than_five_years", "issue_ids": "[8]", "osm_url": "https://www.openstreetmap.org/way/387497948", "josm_url": "http://127.0.0.1:8111/load_object?new_layer=false&objects=w387497948", "id_url": "https://www.openstreetmap.org/edit?editor=id&way=387497948#map=20/-25.380033/-49.2850799"}}, {"type": "Feature", "geometry": {"type": "Point", "coordinates": [-49.2253954, -25.5220038]}, "properties": {"id": 390241716, "feat_type": "way", "quality_categories": "older_than_five_years", "issue_ids": "[9]", "osm_url": "https://www.openstreetmap.org/way/390241716", "josm_url": "http://127.0.0.1:8111/load_object?new_layer=false&objects=w390241716", "id_url": "https://www.openstreetmap.org/edit?editor=id&way=390241716#map=20/-25.5220038/-49.2253954"}}, {"type": "Feature", "geometry": {"type": "Point", "coordinates": [-49.3041343, -25.4536789]}, "properties": {"id": 442946136, "feat_type": "way", "quality_categories": "older_than_five_years", "issue_ids": "[10]", "osm_url": "https://www.openstreetmap.org/way/442946136", "josm_url": "http://127.0.0.1:8111/load_object?new_layer=false&objects=w442946136", "id_url": "https://www.openstreetmap.org/edit?editor=id&way=442946136#map=20/-25.4536789/-49.3041343"}}, {"type": "Feature", "geometry": {"type": "Point", "coordinates": [-49.3026998, -25.4577101]}, "properties": {"id": 447830738, "feat_type": "way", "quality_categories": "missing_tags, older_than_five_years", "issue_ids": "[4, 1]", "osm_url": "https://www.openstreetmap.org/way/447830738", "josm_url": "http://127.0.0.1:8111/load_object?new_layer=false&objects=w447830738", "id_url": "https://www.openstreetmap.org/edit?editor=id&way=447830738#map=20/-25.4577101/-49.3026998"}}, {"type": "Feature", "geometry": {"type": "Point", "coordinates": [-49.3007781, -25.4642201]}, "properties": {"id": 452857102, "feat_type": "way", "quality_categories": "older_than_five_years", "issue_ids": "[4]", "osm_url": "https://www.openstreetmap.org/way/452857102", "josm_url": "http://127.0.0.1:8111/load_object?new_layer=false&objects=w452857102", "id_url": "https://www.openstreetmap.org/edit?editor=id&way=452857102#map=20/-25.4642201/-49.3007781"}}, {"type": "Feature", "geometry": {"type": "Point", "coordinates": [-49.3007778, -25.4643526]}, "properties": {"id": 452857104, "feat_type": "way", "quality_categories": "older_than_five_years", "issue_ids": "[11]", "osm_url": "https://www.openstreetmap.org/way/452857104", "josm_url": "http://127.0.0.1:8111/load_object?new_layer=false&objects=w452857104", "id_url": "https://www.openstreetmap.org/edit?editor=id&way=452857104#map=20/-25.4643526/-49.3007778"}}, {"type": "Feature", "geometry": {"type": "Point", "coordinates": [-49.3028345, -25.4583638]}, "properties": {"id": 452857107, "feat_type": "way", "quality_categories": "missing_tags, older_than_five_years", "issue_ids": "[11, 1]", "osm_url": "https://www.openstreetmap.org/way/452857107", "josm_url": "http://127.0.0.1:8111/load_object?new_layer=false&objects=w452857107", "id_url": "https://www.openstreetmap.org/edit?editor=id&way=452857107#map=20/-25.4583638/-49.3028345"}}, {"type": "Feature", "geometry": {"type": "Point", "coordinates": [-49.2724765, -25.4917682]}, "properties": {"id": 459172189, "feat_type": "way", "quality_categories": "older_than_five_years", "issue_ids": "[12]", "osm_url": "https://www.openstreetmap.org/way/459172189", "josm_url": "http://127.0.0.1:8111/load_object?new_layer=false&objects=w459172189", "id_url": "https://www.openstreetmap.org/edit?editor=id&way=459172189#map=20/-25.4917682/-49.2724765"}}, {"type": "Feature", "geometry": {"type": "Point", "coordinates": [-49.2987962, -25.458236]}, "properties": {"id": 461679066, "feat_type": "way", "quality_categories": "missing_tags, older_than_five_years", "issue_ids": "[13, 1]", "osm_url": "https://www.openstreetmap.org/way/461679066", "josm_url": "http://127.0.0.1:8111/load_object?new_layer=false&objects=w461679066", "id_url": "https://www.openstreetmap.org/edit?editor=id&way=461679066#map=20/-25.458236/-49.2987962"}}, {"type": "Feature", "geometry": {"type": "Point", "coordinates": [-49.3179581, -25.4592827]}, "properties": {"id": 461914979, "feat_type": "way", "quality_categories": "older_than_five_years", "issue_ids": "[14]", "osm_url": "https://www.openstreetmap.org/way/461914979", "josm_url": "http://127.0.0.1:8111/load_object?new_layer=false&objects=w461914979", "id_url": "https://www.openstreetmap.org/edit?editor=id&way=461914979#map=20/-25.4592827/-49.3179581"}}, {"type": "Feature", "geometry": {"type": "Point", "coordinates": [-49.2621976, -25.4268203]}, "properties": {"id": 474843171, "feat_type": "way", "quality_categories": "missing_tags, older_than_five_years", "issue_ids": "[15, 1]", "osm_url": "https://www.openstreetmap.org/way/474843171", "josm_url": "http://127.0.0.1:8111/load_object?new_layer=false&objects=w474843171", "id_url": "https://www.openstreetmap.org/edit?editor=id&way=474843171#map=20/-25.4268203/-49.2621976"}}, {"type": "Feature", "geometry": {"type": "Point", "coordinates": [-49.2623431, -25.4268742]}, "properties": {"id": 474843172, "feat_type": "way", "quality_categories": "missing_tags, older_than_five_years", "issue_ids": "[16, 1]", "osm_url": "https://www.openstreetmap.org/way/474843172", "josm_url": "http://127.0.0.1:8111/load_object?new_layer=false&objects=w474843172", "id_url": "https://www.openstreetmap.org/edit?editor=id&way=474843172#map=20/-25.4268742/-49.2623431"}}, {"type": "Feature", "geometry": {"type": "Point", "coordinates": [-49.261555, -25.4265826]}, "properties": {"id": 474843174, "feat_type": "way", "quality_categories": "missing_tags, older_than_five_years", "issue_ids": "[17, 1]", "osm_url": "https://www.openstreetmap.org/way/474843174", "josm_url": "http://127.0.0.1:8111/load_object?new_layer=false&objects=w474843174", "id_url": "https://www.openstreetmap.org/edit?editor=id&way=474843174#map=20/-25.4265826/-49.261555"}}, {"type": "Feature", "geometry": {"type": "Point", "coordinates": [-49.2616535, -25.426619]}, "properties": {"id": 485468385, "feat_type": "way", "quality_categories": "missing_tags, older_than_five_years", "issue_ids": "[17, 1]", "osm_url": "https://www.openstreetmap.org/way/485468385", "josm_url": "http://127.0.0.1:8111/load_object?new_layer=false&objects=w485468385", "id_url": "https://www.openstreetmap.org/edit?editor=id&way=485468385#map=20/-25.426619/-49.2616535"}}, {"type": "Feature", "geometry": {"type": "Point", "coordinates": [-49.3061048, -25.3916207]}, "properties": {"id": 543881321, "feat_type": "way", "quality_categories": "older_than_five_years, wrong_mispelled_or_unlisted_values", "issue_ids": "[18, 19]", "osm_url": "https://www.openstreetmap.org/way/543881321", "josm_url": "http://127.0.0.1:8111/load_object?new_layer=false&objects=w543881321", "id_url": "https://www.openstreetmap.org/edit?editor=id&way=543881321#map=20/-25.3916207/-49.3061048"}}, {"type": "Feature", "geometry": {"type": "Point", "coordinates": [-49.3146068, -25.4287604]}, "properties": {"id": 544001639, "feat_type": "way", "quality_categories": "older_than_five_years", "issue_ids": "[20]", "osm_url": "https://www.openstreetmap.org/way/544001639", "josm_url": "http://127.0.0.1:8111/load_object?new_layer=false&objects=w544001639", "id_url": "https://www.openstreetmap.org/edit?editor=id&way=544001639#map=20/-25.4287604/-49.3146068"}}, {"type": "Feature", "geometry": {"type": "Point", "coordinates": [-49.3085092, -25.4268893]}, "properties": {"id": 544002453, "feat_type": "way", "quality_categories": "older_than_five_years, wrong_mispelled_or_unlisted_values", "issue_ids": "[21, 22]", "osm_url": "https://www.openstreetmap.org/way/544002453", "josm_url": "http://127.0.0.1:8111/load_object?new_layer=false&objects=w544002453", "id_url": "https://www.openstreetmap.org/edit?editor=id&way=544002453#map=20/-25.4268893/-49.3085092"}}, {"type": "Feature", "geometry": {"type": "Point", "coordinates": [-49.2804064, -25.4228571]}, "properties": {"id": 544605037, "feat_type": "way", "quality_categories": "missing_tags, older_than_five_years", "issue_ids": "[23, 1]", "osm_url": "https://www.openstreetmap.org/way/544605037", "josm_url": "http://127.0.0.1:8111/load_object?new_layer=false&objects=w544605037", "id_url": "https://www.openstreetmap.org/edit?editor=id&way=544605037#map=20/-25.4228571/-49.2804064"}}, {"type": "Feature", "geometry": {"type": "Point", "coordinates": [-49.2846851, -25.3804831]}, "properties": {"id": 546206470, "feat_type": "way", "quality_categories": "missing_tags, older_than_five_years", "issue_ids": "[0, 1]", "osm_url": "https://www.openstreetmap.org/way/546206470", "josm_url": "http://127.0.0.1:8111/load_object?new_layer=false&objects=w546206470", "id_url": "https://www.openstreetmap.org/edit?editor=id&way=546206470#map=20/-25.3804831/-49.2846851"}}, {"type": "Feature", "geometry": {"type": "Point", "coordinates": [-49.2836151, -25.3970521]}, "properties": {"id": 546211175, "feat_type": "way", "quality_categories": "missing_tags, older_than_five_years", "issue_ids": "[19, 1]", "osm_url": "https://www.openstreetmap.org/way/546211175", "josm_url": "http://127.0.0.1:8111/load_object?new_layer=false&objects=w546211175", "id_url": "https://www.openstreetmap.org/edit?editor=id&way=546211175#map=20/-25.3970521/-49.2836151"}}, {"type": "Feature", "geometry": {"type": "Point", "coordinates": [-49.2079595, -25.4937291]}, "properties": {"id": 546711144, "feat_type": "way", "quality_categories": "older_than_five_years", "issue_ids": "[24]", "osm_url": "https://www.openstreetmap.org/way/546711144", "josm_url": "http://127.0.0.1:8111/load_object?new_layer=false&objects=w546711144", "id_url": "https://www.openstreetmap.org/edit?editor=id&way=546711144#map=20/-25.4937291/-49.2079595"}}, {"type": "Feature", "geometry": {"type": "Point", "coordinates": [-49.3055227, -25.4221635]}, "properties": {"id": 548166022, "feat_type": "way", "quality_categories": "missing_tags, older_than_five_years", "issue_ids": "[25, 1]", "osm_url": "https://www.openstreetmap.org/way/548166022", "josm_url": "http://127.0.0.1:8111/load_object?new_layer=false&objects=w548166022", "id_url": "https://www.openstreetmap.org/edit?editor=id&way=548166022#map=20/-25.4221635/-49.3055227"}}, {"type": "Feature", "geometry": {"type": "Point", "coordinates": [-49.2718135, -25.4950165]}, "properties": {"id": 556757567, "feat_type": "way", "quality_categories": "missing_tags, older_than_five_years", "issue_ids": "[26, 1]", "osm_url": "https://www.openstreetmap.org/way/556757567", "josm_url": "http://127.0.0.1:8111/load_object?new_layer=false&objects=w556757567", "id_url": "https://www.openstreetmap.org/edit?editor=id&way=556757567#map=20/-25.4950165/-49.2718135"}}, {"type": "Feature", "geometry": {"type": "Point", "coordinates": [-49.2715476, -25.4946933]}, "properties": {"id": 556757568, "feat_type": "way", "quality_categories": "missing_tags, older_than_five_years", "issue_ids": "[26, 1]", "osm_url": "https://www.openstreetmap.org/way/556757568", "josm_url": "http://127.0.0.1:8111/load_object?new_layer=false&objects=w556757568", "id_url": "https://www.openstreetmap.org/edit?editor=id&way=556757568#map=20/-25.4946933/-49.2715476"}}, {"type": "Feature", "geometry": {"type": "Point", "coordinates": [-49.2721967, -25.4941937]}, "properties": {"id": 556757571, "feat_type": "way", "quality_categories": "missing_tags, older_than_five_years", "issue_ids": "[26, 1]", "osm_url": "https://www.openstreetmap.org/way/556757571", "josm_url": "http://127.0.0.1:8111/load_object?new_layer=false&objects=w556757571", "id_url": "https://www.openstreetmap.org/edit?editor=id&way=556757571#map=20/-25.4941937/-49.2721967"}}, {"type": "Feature", "geometry": {"type": "Point", "coordinates": [-49.2720402, -25.4941342]}, "properties": {"id": 556757572, "feat_type": "way", "quality_categories": "missing_tags, older_than_five_years", "issue_ids": "[27, 1]", "osm_url": "https://www.openstreetmap.org/way/556757572", "josm_url": "http://127.0.0.1:8111/load_object?new_layer=false&objects=w556757572", "id_url": "https://www.openstreetmap.org/edit?editor=id&way=556757572#map=20/-25.4941342/-49.2720402"}}, {"type": "Feature", "geometry": {"type": "Point", "coordinates": [-49.2717662, -25.4944168]}, "properties": {"id": 556757574, "feat_type": "way", "quality_categories": "missing_tags, older_than_five_years", "issue_ids": "[28, 1]", "osm_url": "https://www.openstreetmap.org/way/556757574", "josm_url": "http://127.0.0.1:8111/load_object?new_layer=false&objects=w556757574", "id_url": "https://www.openstreetmap.org/edit?editor=id&way=556757574#map=20/-25.4944168/-49.2717662"}}, {"type": "Feature", "geometry": {"type": "Point", "coordinates": [-49.271738, -25.4945399]}, "properties": {"id": 556757575, "feat_type": "way", "quality_categories": "missing_tags, older_than_five_years", "issue_ids": "[29, 1]", "osm_url": "https://www.openstreetmap.org/way/556757575", "josm_url": "http://127.0.0.1:8111/load_object?new_layer=false&objects=w556757575", "id_url": "https://www.openstreetmap.org/edit?editor=id&way=556757575#map=20/-25.4945399/-49.271738"}}, {"type": "Feature", "geometry": {"type": "Point", "coordinates": [-49.2717217, -25.4942314]}, "properties": {"id": 556757577, "feat_type": "way", "quality_categories": "missing_tags, older_than_five_years", "issue_ids": "[26, 1]", "osm_url": "https://www.openstreetmap.org/way/556757577", "josm_url": "http://127.0.0.1:8111/load_object?new_layer=false&objects=w556757577", "id_url": "https://www.openstreetmap.org/edit?editor=id&way=556757577#map=20/-25.4942314/-49.2717217"}}, {"type": "Feature", "geometry": {"type": "Point", "coordinates": [-49.2720128, -25.49419]}, "properties": {"id": 556757578, "feat_type": "way", "quality_categories": "missing_tags, older_than_five_years", "issue_ids": "[26, 1]", "osm_url": "https://www.openstreetmap.org/way/556757578", "josm_url": "http://127.0.0.1:8111/load_object?new_layer=false&objects=w556757578", "id_url": "https://www.openstreetmap.org/edit?editor=id&way=556757578#map=20/-25.49419/-49.2720128"}}, {"type": "Feature", "geometry": {"type": "Point", "coordinates": [-49.2722504, -25.4937568]}, "properties": {"id": 556757579, "feat_type": "way", "quality_categories": "missing_tags, older_than_five_years", "issue_ids": "[26, 1]", "osm_url": "https://www.openstreetmap.org/way/556757579", "josm_url": "http://127.0.0.1:8111/load_object?new_layer=false&objects=w556757579", "id_url": "https://www.openstreetmap.org/edit?editor=id&way=556757579#map=20/-25.4937568/-49.2722504"}}, {"type": "Feature", "geometry": {"type": "Point", "coordinates": [-49.2715323, -25.4938412]}, "properties": {"id": 556757583, "feat_type": "way", "quality_categories": "missing_tags, older_than_five_years", "issue_ids": "[26, 1]", "osm_url": "https://www.openstreetmap.org/way/556757583", "josm_url": "http://127.0.0.1:8111/load_object?new_layer=false&objects=w556757583", "id_url": "https://www.openstreetmap.org/edit?editor=id&way=556757583#map=20/-25.4938412/-49.2715323"}}, {"type": "Feature", "geometry": {"type": "Point", "coordinates": [-49.272466, -25.4944526]}, "properties": {"id": 556757584, "feat_type": "way", "quality_categories": "missing_tags, older_than_five_years", "issue_ids": "[26, 1]", "osm_url": "https://www.openstreetmap.org/way/556757584", "josm_url": "http://127.0.0.1:8111/load_object?new_layer=false&objects=w556757584", "id_url": "https://www.openstreetmap.org/edit?editor=id&way=556757584#map=20/-25.4944526/-49.272466"}}, {"type": "Feature", "geometry": {"type": "Point", "coordinates": [-49.2722842, -25.4941965]}, "properties": {"id": 556757585, "feat_type": "way", "quality_categories": "missing_tags, older_than_five_years", "issue_ids": "[29, 1]", "osm_url": "https://www.openstreetmap.org/way/556757585", "josm_url": "http://127.0.0.1:8111/load_object?new_layer=false&objects=w556757585", "id_url": "https://www.openstreetmap.org/edit?editor=id&way=556757585#map=20/-25.4941965/-49.2722842"}}, {"type": "Feature", "geometry": {"type": "Point", "coordinates": [-49.2963846, -25.4021023]}, "properties": {"id": 557451384, "feat_type": "way", "quality_categories": "older_than_five_years", "issue_ids": "[30]", "osm_url": "https://www.openstreetmap.org/way/557451384", "josm_url": "http://127.0.0.1:8111/load_object?new_layer=false&objects=w557451384", "id_url": "https://www.openstreetmap.org/edit?editor=id&way=557451384#map=20/-25.4021023/-49.2963846"}}, {"type": "Feature", "geometry": {"type": "Point", "coordinates": [-49.2947392, -25.4020928]}, "properties": {"id": 557451389, "feat_type": "way", "quality_categories": "missing_tags, older_than_five_years", "issue_ids": "[31, 1]", "osm_url": "https://www.openstreetmap.org/way/557451389", "josm_url": "http://127.0.0.1:8111/load_object?new_layer=false&objects=w557451389", "id_url": "https://www.openstreetmap.org/edit?editor=id&way=557451389#map=20/-25.4020928/-49.2947392"}}, {"type": "Feature", "geometry": {"type": "Point", "coordinates": [-49.2946907, -25.4021976]}, "properties": {"id": 557451390, "feat_type": "way", "quality_categories": "missing_tags, older_than_five_years", "issue_ids": "[30, 1]", "osm_url": "https://www.openstreetmap.org/way/557451390", "josm_url": "http://127.0.0.1:8111/load_object?new_layer=false&objects=w557451390", "id_url": "https://www.openstreetmap.org/edit?editor=id&way=557451390#map=20/-25.4021976/-49.2946907"}}, {"type": "Feature", "geometry": {"type": "Point", "coordinates": [-49.2814706, -25.3877954]}, "properties": {"id": 557783662, "feat_type": "way", "quality_categories": "missing_tags, older_than_five_years", "issue_ids": "[32, 1]", "osm_url": "https://www.openstreetmap.org/way/557783662", "josm_url": "http://127.0.0.1:8111/load_object?new_layer=false&objects=w557783662", "id_url": "https://www.openstreetmap.org/edit?editor=id&way=557783662#map=20/-25.3877954/-49.2814706"}}, {"type": "Feature", "geometry": {"type": "Point", "coordinates": [-49.2813497, -25.3877151]}, "properties": {"id": 557783665, "feat_type": "way", "quality_categories": "missing_tags, older_than_five_years", "issue_ids": "[32, 1]", "osm_url": "https://www.openstreetmap.org/way/557783665", "josm_url": "http://127.0.0.1:8111/load_object?new_layer=false&objects=w557783665", "id_url": "https://www.openstreetmap.org/edit?editor=id&way=557783665#map=20/-25.3877151/-49.2813497"}}, {"type": "Feature", "geometry": {"type": "Point", "coordinates": [-49.2808763, -25.3880754]}, "properties": {"id": 557783668, "feat_type": "way", "quality_categories": "missing_tags, older_than_five_years", "issue_ids": "[32, 1]", "osm_url": "https://www.openstreetmap.org/way/557783668", "josm_url": "http://127.0.0.1:8111/load_object?new_layer=false&objects=w557783668", "id_url": "https://www.openstreetmap.org/edit?editor=id&way=557783668#map=20/-25.3880754/-49.2808763"}}, {"type": "Feature", "geometry": {"type": "Point", "coordinates": [-49.2814098, -25.3882404]}, "properties": {"id": 557783670, "feat_type": "way", "quality_categories": "missing_tags, older_than_five_years", "issue_ids": "[32, 1]", "osm_url": "https://www.openstreetmap.org/way/557783670", "josm_url": "http://127.0.0.1:8111/load_object?new_layer=false&objects=w557783670", "id_url": "https://www.openstreetmap.org/edit?editor=id&way=557783670#map=20/-25.3882404/-49.2814098"}}, {"type": "Feature", "geometry": {"type": "Point", "coordinates": [-49.2808586, -25.3882243]}, "properties": {"id": 557783672, "feat_type": "way", "quality_categories": "missing_tags, older_than_five_years", "issue_ids": "[32, 1]", "osm_url": "https://www.openstreetmap.org/way/557783672", "josm_url": "http://127.0.0.1:8111/load_object?new_layer=false&objects=w557783672", "id_url": "https://www.openstreetmap.org/edit?editor=id&way=557783672#map=20/-25.3882243/-49.2808586"}}, {"type": "Feature", "geometry": {"type": "Point", "coordinates": [-49.2811052, -25.3882905]}, "properties": {"id": 557783675, "feat_type": "way", "quality_categories": "missing_tags, older_than_five_years", "issue_ids": "[32, 1]", "osm_url": "https://www.openstreetmap.org/way/557783675", "josm_url": "http://127.0.0.1:8111/load_object?new_layer=false&objects=w557783675", "id_url": "https://www.openstreetmap.org/edit?editor=id&way=557783675#map=20/-25.3882905/-49.2811052"}}, {"type": "Feature", "geometry": {"type": "Point", "coordinates": [-49.2811052, -25.3882905]}, "properties": {"id": 557783679, "feat_type": "way", "quality_categories": "missing_tags, older_than_five_years", "issue_ids": "[32, 1]", "osm_url": "https://www.openstreetmap.org/way/557783679", "josm_url": "http://127.0.0.1:8111/load_object?new_layer=false&objects=w557783679", "id_url": "https://www.openstreetmap.org/edit?editor=id&way=557783679#map=20/-25.3882905/-49.2811052"}}, {"type": "Feature", "geometry": {"type": "Point", "coordinates": [-49.281166, -25.3884238]}, "properties": {"id": 557783681, "feat_type": "way", "quality_categories": "missing_tags, older_than_five_years", "issue_ids": "[32, 1]", "osm_url": "https://www.openstreetmap.org/way/557783681", "josm_url": "http://127.0.0.1:8111/load_object?new_layer=false&objects=w557783681", "id_url": "https://www.openstreetmap.org/edit?editor=id&way=557783681#map=20/-25.3884238/-49.281166"}}, {"type": "Feature", "geometry": {"type": "Point", "coordinates": [-49.2813795, -25.3884618]}, "properties": {"id": 557783684, "feat_type": "way", "quality_categories": "missing_tags, older_than_five_years", "issue_ids": "[32, 1]", "osm_url": "https://www.openstreetmap.org/way/557783684", "josm_url": "http://127.0.0.1:8111/load_object?new_layer=false&objects=w557783684", "id_url": "https://www.openstreetmap.org/edit?editor=id&way=557783684#map=20/-25.3884618/-49.2813795"}}, {"type": "Feature", "geometry": {"type": "Point", "coordinates": [-49.2813875, -25.3884035]}, "properties": {"id": 557783687, "feat_type": "way", "quality_categories": "missing_tags, older_than_five_years", "issue_ids": "[32, 1]", "osm_url": "https://www.openstreetmap.org/way/557783687", "josm_url": "http://127.0.0.1:8111/load_object?new_layer=false&objects=w557783687", "id_url": "https://www.openstreetmap.org/edit?editor=id&way=557783687#map=20/-25.3884035/-49.2813875"}}, {"type": "Feature", "geometry": {"type": "Point", "coordinates": [-49.2811709, -25.3883822]}, "properties": {"id": 557783690, "feat_type": "way", "quality_categories": "missing_tags, older_than_five_years", "issue_ids": "[32, 1]", "osm_url": "https://www.openstreetmap.org/way/557783690", "josm_url": "http://127.0.0.1:8111/load_object?new_layer=false&objects=w557783690", "id_url": "https://www.openstreetmap.org/edit?editor=id&way=557783690#map=20/-25.3883822/-49.2811709"}}, {"type": "Feature", "geometry": {"type": "Point", "coordinates": [-49.281036, -25.3882833]}, "properties": {"id": 557783693, "feat_type": "way", "quality_categories": "missing_tags, older_than_five_years", "issue_ids": "[32, 1]", "osm_url": "https://www.openstreetmap.org/way/557783693", "josm_url": "http://127.0.0.1:8111/load_object?new_layer=false&objects=w557783693", "id_url": "https://www.openstreetmap.org/edit?editor=id&way=557783693#map=20/-25.3882833/-49.281036"}}, {"type": "Feature", "geometry": {"type": "Point", "coordinates": [-49.2809617, -25.3882755]}, "properties": {"id": 557783696, "feat_type": "way", "quality_categories": "missing_tags, older_than_five_years", "issue_ids": "[32, 1]", "osm_url": "https://www.openstreetmap.org/way/557783696", "josm_url": "http://127.0.0.1:8111/load_object?new_layer=false&objects=w557783696", "id_url": "https://www.openstreetmap.org/edit?editor=id&way=557783696#map=20/-25.3882755/-49.2809617"}}, {"type": "Feature", "geometry": {"type": "Point", "coordinates": [-49.2808887, -25.3883519]}, "properties": {"id": 557783699, "feat_type": "way", "quality_categories": "missing_tags, older_than_five_years", "issue_ids": "[32, 1]", "osm_url": "https://www.openstreetmap.org/way/557783699", "josm_url": "http://127.0.0.1:8111/load_object?new_layer=false&objects=w557783699", "id_url": "https://www.openstreetmap.org/edit?editor=id&way=557783699#map=20/-25.3883519/-49.2808887"}}, {"type": "Feature", "geometry": {"type": "Point", "coordinates": [-49.2814335, -25.3880667]}, "properties": {"id": 557783701, "feat_type": "way", "quality_categories": "missing_tags, older_than_five_years", "issue_ids": "[32, 1]", "osm_url": "https://www.openstreetmap.org/way/557783701", "josm_url": "http://127.0.0.1:8111/load_object?new_layer=false&objects=w557783701", "id_url": "https://www.openstreetmap.org/edit?editor=id&way=557783701#map=20/-25.3880667/-49.2814335"}}, {"type": "Feature", "geometry": {"type": "Point", "coordinates": [-49.2812674, -25.3881862]}, "properties": {"id": 557783703, "feat_type": "way", "quality_categories": "missing_tags, older_than_five_years", "issue_ids": "[32, 1]", "osm_url": "https://www.openstreetmap.org/way/557783703", "josm_url": "http://127.0.0.1:8111/load_object?new_layer=false&objects=w557783703", "id_url": "https://www.openstreetmap.org/edit?editor=id&way=557783703#map=20/-25.3881862/-49.2812674"}}, {"type": "Feature", "geometry": {"type": "Point", "coordinates": [-49.2810692, -25.387681]}, "properties": {"id": 557783706, "feat_type": "way", "quality_categories": "missing_tags, older_than_five_years", "issue_ids": "[32, 1]", "osm_url": "https://www.openstreetmap.org/way/557783706", "josm_url": "http://127.0.0.1:8111/load_object?new_layer=false&objects=w557783706", "id_url": "https://www.openstreetmap.org/edit?editor=id&way=557783706#map=20/-25.387681/-49.2810692"}}, {"type": "Feature", "geometry": {"type": "Point", "coordinates": [-49.2810692, -25.387681]}, "properties": {"id": 557783707, "feat_type": "way", "quality_categories": "missing_tags, older_than_five_years", "issue_ids": "[32, 1]", "osm_url": "https://www.openstreetmap.org/way/557783707", "josm_url": "http://127.0.0.1:8111/load_object?new_layer=false&objects=w557783707", "id_url": "https://www.openstreetmap.org/edit?editor=id&way=557783707#map=20/-25.387681/-49.2810692"}}, {"type": "Feature", "geometry": {"type": "Point", "coordinates": [-49.2814429, -25.3879977]}, "properties": {"id": 557783709, "feat_type": "way", "quality_categories": "missing_tags, older_than_five_years", "issue_ids": "[32, 1]", "osm_url": "https://www.openstreetmap.org/way/557783709", "josm_url": "http://127.0.0.1:8111/load_object?new_layer=false&objects=w557783709", "id_url": "https://www.openstreetmap.org/edit?editor=id&way=557783709#map=20/-25.3879977/-49.2814429"}}, {"type": "Feature", "geometry": {"type": "Point", "coordinates": [-49.2814528, -25.3879253]}, "properties": {"id": 557783711, "feat_type": "way", "quality_categories": "missing_tags, older_than_five_years", "issue_ids": "[32, 1]", "osm_url": "https://www.openstreetmap.org/way/557783711", "josm_url": "http://127.0.0.1:8111/load_object?new_layer=false&objects=w557783711", "id_url": "https://www.openstreetmap.org/edit?editor=id&way=557783711#map=20/-25.3879253/-49.2814528"}}, {"type": "Feature", "geometry": {"type": "Point", "coordinates": [-49.2814616, -25.387861]}, "properties": {"id": 557783713, "feat_type": "way", "quality_categories": "missing_tags, older_than_five_years", "issue_ids": "[32, 1]", "osm_url": "https://www.openstreetmap.org/way/557783713", "josm_url": "http://127.0.0.1:8111/load_object?new_layer=false&objects=w557783713", "id_url": "https://www.openstreetmap.org/edit?editor=id&way=557783713#map=20/-25.387861/-49.2814616"}}, {"type": "Feature", "geometry": {"type": "Point", "coordinates": [-49.2812363, -25.388388]}, "properties": {"id": 557786547, "feat_type": "way", "quality_categories": "missing_tags, older_than_five_years", "issue_ids": "[32, 1]", "osm_url": "https://www.openstreetmap.org/way/557786547", "josm_url": "http://127.0.0.1:8111/load_object?new_layer=false&objects=w557786547", "id_url": "https://www.openstreetmap.org/edit?editor=id&way=557786547#map=20/-25.388388/-49.2812363"}}, {"type": "Feature", "geometry": {"type": "Point", "coordinates": [-49.2809532, -25.3883594]}, "properties": {"id": 557786549, "feat_type": "way", "quality_categories": "missing_tags, older_than_five_years", "issue_ids": "[32, 1]", "osm_url": "https://www.openstreetmap.org/way/557786549", "josm_url": "http://127.0.0.1:8111/load_object?new_layer=false&objects=w557786549", "id_url": "https://www.openstreetmap.org/edit?editor=id&way=557786549#map=20/-25.3883594/-49.2809532"}}, {"type": "Feature", "geometry": {"type": "Point", "coordinates": [-49.2814706, -25.3877954]}, "properties": {"id": 557786550, "feat_type": "way", "quality_categories": "missing_tags, older_than_five_years", "issue_ids": "[32, 1]", "osm_url": "https://www.openstreetmap.org/way/557786550", "josm_url": "http://127.0.0.1:8111/load_object?new_layer=false&objects=w557786550", "id_url": "https://www.openstreetmap.org/edit?editor=id&way=557786550#map=20/-25.3877954/-49.2814706"}}, {"type": "Feature", "geometry": {"type": "Point", "coordinates": [-49.2809253, -25.3876634]}, "properties": {"id": 557786551, "feat_type": "way", "quality_categories": "missing_tags, older_than_five_years", "issue_ids": "[32, 1]", "osm_url": "https://www.openstreetmap.org/way/557786551", "josm_url": "http://127.0.0.1:8111/load_object?new_layer=false&objects=w557786551", "id_url": "https://www.openstreetmap.org/edit?editor=id&way=557786551#map=20/-25.3876634/-49.2809253"}}, {"type": "Feature", "geometry": {"type": "Point", "coordinates": [-49.2834266, -25.3770119]}, "properties": {"id": 558595300, "feat_type": "way", "quality_categories": "missing_tags, older_than_five_years", "issue_ids": "[0, 1]", "osm_url": "https://www.openstreetmap.org/way/558595300", "josm_url": "http://127.0.0.1:8111/load_object?new_layer=false&objects=w558595300", "id_url": "https://www.openstreetmap.org/edit?editor=id&way=558595300#map=20/-25.3770119/-49.2834266"}}, {"type": "Feature", "geometry": {"type": "Point", "coordinates": [-49.2837568, -25.3769147]}, "properties": {"id": 558595301, "feat_type": "way", "quality_categories": "missing_tags, older_than_five_years", "issue_ids": "[0, 1]", "osm_url": "https://www.openstreetmap.org/way/558595301", "josm_url": "http://127.0.0.1:8111/load_object?new_layer=false&objects=w558595301", "id_url": "https://www.openstreetmap.org/edit?editor=id&way=558595301#map=20/-25.3769147/-49.2837568"}}, {"type": "Feature", "geometry": {"type": "Point", "coordinates": [-49.2835476, -25.3768359]}, "properties": {"id": 558595302, "feat_type": "way", "quality_categories": "missing_tags, older_than_five_years", "issue_ids": "[0, 1]", "osm_url": "https://www.openstreetmap.org/way/558595302", "josm_url": "http://127.0.0.1:8111/load_object?new_layer=false&objects=w558595302", "id_url": "https://www.openstreetmap.org/edit?editor=id&way=558595302#map=20/-25.3768359/-49.2835476"}}, {"type": "Feature", "geometry": {"type": "Point", "coordinates": [-49.3041225, -25.3877735]}, "properties": {"id": 560093682, "feat_type": "way", "quality_categories": "missing_tags, older_than_five_years", "issue_ids": "[33, 1]", "osm_url": "https://www.openstreetmap.org/way/560093682", "josm_url": "http://127.0.0.1:8111/load_object?new_layer=false&objects=w560093682", "id_url": "https://www.openstreetmap.org/edit?editor=id&way=560093682#map=20/-25.3877735/-49.3041225"}}, {"type": "Feature", "geometry": {"type": "Point", "coordinates": [-49.3039977, -25.3875622]}, "properties": {"id": 560093683, "feat_type": "way", "quality_categories": "missing_tags, older_than_five_years", "issue_ids": "[33, 1]", "osm_url": "https://www.openstreetmap.org/way/560093683", "josm_url": "http://127.0.0.1:8111/load_object?new_layer=false&objects=w560093683", "id_url": "https://www.openstreetmap.org/edit?editor=id&way=560093683#map=20/-25.3875622/-49.3039977"}}, {"type": "Feature", "geometry": {"type": "Point", "coordinates": [-49.2831805, -25.3791176]}, "properties": {"id": 560769187, "feat_type": "way", "quality_categories": "missing_tags, older_than_five_years", "issue_ids": "[34, 1]", "osm_url": "https://www.openstreetmap.org/way/560769187", "josm_url": "http://127.0.0.1:8111/load_object?new_layer=false&objects=w560769187", "id_url": "https://www.openstreetmap.org/edit?editor=id&way=560769187#map=20/-25.3791176/-49.2831805"}}, {"type": "Feature", "geometry": {"type": "Point", "coordinates": [-49.2835228, -25.3790231]}, "properties": {"id": 560769188, "feat_type": "way", "quality_categories": "missing_tags, older_than_five_years", "issue_ids": "[4, 1]", "osm_url": "https://www.openstreetmap.org/way/560769188", "josm_url": "http://127.0.0.1:8111/load_object?new_layer=false&objects=w560769188", "id_url": "https://www.openstreetmap.org/edit?editor=id&way=560769188#map=20/-25.3790231/-49.2835228"}}, {"type": "Feature", "geometry": {"type": "Point", "coordinates": [-49.2836211, -25.3788937]}, "properties": {"id": 560769189, "feat_type": "way", "quality_categories": "missing_tags, older_than_five_years", "issue_ids": "[0, 1]", "osm_url": "https://www.openstreetmap.org/way/560769189", "josm_url": "http://127.0.0.1:8111/load_object?new_layer=false&objects=w560769189", "id_url": "https://www.openstreetmap.org/edit?editor=id&way=560769189#map=20/-25.3788937/-49.2836211"}}, {"type": "Feature", "geometry": {"type": "Point", "coordinates": [-49.2836211, -25.3788937]}, "properties": {"id": 560769190, "feat_type": "way", "quality_categories": "missing_tags, older_than_five_years", "issue_ids": "[0, 1]", "osm_url": "https://www.openstreetmap.org/way/560769190", "josm_url": "http://127.0.0.1:8111/load_object?new_layer=false&objects=w560769190", "id_url": "https://www.openstreetmap.org/edit?editor=id&way=560769190#map=20/-25.3788937/-49.2836211"}}, {"type": "Feature", "geometry": {"type": "Point", "coordinates": [-49.283345, -25.3789787]}, "properties": {"id": 560769193, "feat_type": "way", "quality_categories": "missing_tags, older_than_five_years", "issue_ids": "[0, 1]", "osm_url": "https://www.openstreetmap.org/way/560769193", "josm_url": "http://127.0.0.1:8111/load_object?new_layer=false&objects=w560769193", "id_url": "https://www.openstreetmap.org/edit?editor=id&way=560769193#map=20/-25.3789787/-49.283345"}}, {"type": "Feature", "geometry": {"type": "Point", "coordinates": [-49.2833472, -25.3791482]}, "properties": {"id": 560769194, "feat_type": "way", "quality_categories": "missing_tags, older_than_five_years", "issue_ids": "[0, 1]", "osm_url": "https://www.openstreetmap.org/way/560769194", "josm_url": "http://127.0.0.1:8111/load_object?new_layer=false&objects=w560769194", "id_url": "https://www.openstreetmap.org/edit?editor=id&way=560769194#map=20/-25.3791482/-49.2833472"}}, {"type": "Feature", "geometry": {"type": "Point", "coordinates": [-49.2827836, -25.3793364]}, "properties": {"id": 560769196, "feat_type": "way", "quality_categories": "missing_tags, older_than_five_years", "issue_ids": "[0, 1]", "osm_url": "https://www.openstreetmap.org/way/560769196", "josm_url": "http://127.0.0.1:8111/load_object?new_layer=false&objects=w560769196", "id_url": "https://www.openstreetmap.org/edit?editor=id&way=560769196#map=20/-25.3793364/-49.2827836"}}, {"type": "Feature", "geometry": {"type": "Point", "coordinates": [-49.2824084, -25.3792874]}, "properties": {"id": 560769197, "feat_type": "way", "quality_categories": "missing_tags, older_than_five_years", "issue_ids": "[0, 1]", "osm_url": "https://www.openstreetmap.org/way/560769197", "josm_url": "http://127.0.0.1:8111/load_object?new_layer=false&objects=w560769197", "id_url": "https://www.openstreetmap.org/edit?editor=id&way=560769197#map=20/-25.3792874/-49.2824084"}}, {"type": "Feature", "geometry": {"type": "Point", "coordinates": [-49.2824171, -25.3790882]}, "properties": {"id": 560769198, "feat_type": "way", "quality_categories": "missing_tags, older_than_five_years", "issue_ids": "[0, 1]", "osm_url": "https://www.openstreetmap.org/way/560769198", "josm_url": "http://127.0.0.1:8111/load_object?new_layer=false&objects=w560769198", "id_url": "https://www.openstreetmap.org/edit?editor=id&way=560769198#map=20/-25.3790882/-49.2824171"}}, {"type": "Feature", "geometry": {"type": "Point", "coordinates": [-49.2823488, -25.3788681]}, "properties": {"id": 560769199, "feat_type": "way", "quality_categories": "missing_tags, older_than_five_years", "issue_ids": "[0, 1]", "osm_url": "https://www.openstreetmap.org/way/560769199", "josm_url": "http://127.0.0.1:8111/load_object?new_layer=false&objects=w560769199", "id_url": "https://www.openstreetmap.org/edit?editor=id&way=560769199#map=20/-25.3788681/-49.2823488"}}, {"type": "Feature", "geometry": {"type": "Point", "coordinates": [-49.282164, -25.3791036]}, "properties": {"id": 560769200, "feat_type": "way", "quality_categories": "missing_tags, older_than_five_years", "issue_ids": "[0, 1]", "osm_url": "https://www.openstreetmap.org/way/560769200", "josm_url": "http://127.0.0.1:8111/load_object?new_layer=false&objects=w560769200", "id_url": "https://www.openstreetmap.org/edit?editor=id&way=560769200#map=20/-25.3791036/-49.282164"}}, {"type": "Feature", "geometry": {"type": "Point", "coordinates": [-49.2818819, -25.3791099]}, "properties": {"id": 560769202, "feat_type": "way", "quality_categories": "missing_tags, older_than_five_years", "issue_ids": "[0, 1]", "osm_url": "https://www.openstreetmap.org/way/560769202", "josm_url": "http://127.0.0.1:8111/load_object?new_layer=false&objects=w560769202", "id_url": "https://www.openstreetmap.org/edit?editor=id&way=560769202#map=20/-25.3791099/-49.2818819"}}, {"type": "Feature", "geometry": {"type": "Point", "coordinates": [-49.2818027, -25.3791113]}, "properties": {"id": 560769204, "feat_type": "way", "quality_categories": "missing_tags, older_than_five_years", "issue_ids": "[0, 1]", "osm_url": "https://www.openstreetmap.org/way/560769204", "josm_url": "http://127.0.0.1:8111/load_object?new_layer=false&objects=w560769204", "id_url": "https://www.openstreetmap.org/edit?editor=id&way=560769204#map=20/-25.3791113/-49.2818027"}}, {"type": "Feature", "geometry": {"type": "Point", "coordinates": [-49.2818027, -25.3791113]}, "properties": {"id": 560769205, "feat_type": "way", "quality_categories": "missing_tags, older_than_five_years", "issue_ids": "[0, 1]", "osm_url": "https://www.openstreetmap.org/way/560769205", "josm_url": "http://127.0.0.1:8111/load_object?new_layer=false&objects=w560769205", "id_url": "https://www.openstreetmap.org/edit?editor=id&way=560769205#map=20/-25.3791113/-49.2818027"}}, {"type": "Feature", "geometry": {"type": "Point", "coordinates": [-49.281903, -25.378747]}, "properties": {"id": 560769206, "feat_type": "way", "quality_categories": "missing_tags, older_than_five_years", "issue_ids": "[0, 1]", "osm_url": "https://www.openstreetmap.org/way/560769206", "josm_url": "http://127.0.0.1:8111/load_object?new_layer=false&objects=w560769206", "id_url": "https://www.openstreetmap.org/edit?editor=id&way=560769206#map=20/-25.378747/-49.281903"}}, {"type": "Feature", "geometry": {"type": "Point", "coordinates": [-49.281994, -25.3788112]}, "properties": {"id": 560769207, "feat_type": "way", "quality_categories": "missing_tags, older_than_five_years", "issue_ids": "[0, 1]", "osm_url": "https://www.openstreetmap.org/way/560769207", "josm_url": "http://127.0.0.1:8111/load_object?new_layer=false&objects=w560769207", "id_url": "https://www.openstreetmap.org/edit?editor=id&way=560769207#map=20/-25.3788112/-49.281994"}}, {"type": "Feature", "geometry": {"type": "Point", "coordinates": [-49.2815774, -25.3789178]}, "properties": {"id": 560769208, "feat_type": "way", "quality_categories": "missing_tags, older_than_five_years", "issue_ids": "[0, 1]", "osm_url": "https://www.openstreetmap.org/way/560769208", "josm_url": "http://127.0.0.1:8111/load_object?new_layer=false&objects=w560769208", "id_url": "https://www.openstreetmap.org/edit?editor=id&way=560769208#map=20/-25.3789178/-49.2815774"}}, {"type": "Feature", "geometry": {"type": "Point", "coordinates": [-49.2829382, -25.3795277]}, "properties": {"id": 560769210, "feat_type": "way", "quality_categories": "missing_tags, older_than_five_years", "issue_ids": "[0, 1]", "osm_url": "https://www.openstreetmap.org/way/560769210", "josm_url": "http://127.0.0.1:8111/load_object?new_layer=false&objects=w560769210", "id_url": "https://www.openstreetmap.org/edit?editor=id&way=560769210#map=20/-25.3795277/-49.2829382"}}, {"type": "Feature", "geometry": {"type": "Point", "coordinates": [-49.2856352, -25.3803108]}, "properties": {"id": 560769212, "feat_type": "way", "quality_categories": "missing_tags, older_than_five_years", "issue_ids": "[0, 1]", "osm_url": "https://www.openstreetmap.org/way/560769212", "josm_url": "http://127.0.0.1:8111/load_object?new_layer=false&objects=w560769212", "id_url": "https://www.openstreetmap.org/edit?editor=id&way=560769212#map=20/-25.3803108/-49.2856352"}}, {"type": "Feature", "geometry": {"type": "Point", "coordinates": [-49.2874388, -25.3788106]}, "properties": {"id": 560769215, "feat_type": "way", "quality_categories": "missing_tags, older_than_five_years", "issue_ids": "[35, 1]", "osm_url": "https://www.openstreetmap.org/way/560769215", "josm_url": "http://127.0.0.1:8111/load_object?new_layer=false&objects=w560769215", "id_url": "https://www.openstreetmap.org/edit?editor=id&way=560769215#map=20/-25.3788106/-49.2874388"}}, {"type": "Feature", "geometry": {"type": "Point", "coordinates": [-49.2857555, -25.3794173]}, "properties": {"id": 560769216, "feat_type": "way", "quality_categories": "missing_tags, older_than_five_years", "issue_ids": "[0, 1]", "osm_url": "https://www.openstreetmap.org/way/560769216", "josm_url": "http://127.0.0.1:8111/load_object?new_layer=false&objects=w560769216", "id_url": "https://www.openstreetmap.org/edit?editor=id&way=560769216#map=20/-25.3794173/-49.2857555"}}, {"type": "Feature", "geometry": {"type": "Point", "coordinates": [-49.2856359, -25.379502]}, "properties": {"id": 560769217, "feat_type": "way", "quality_categories": "missing_tags, older_than_five_years", "issue_ids": "[0, 1]", "osm_url": "https://www.openstreetmap.org/way/560769217", "josm_url": "http://127.0.0.1:8111/load_object?new_layer=false&objects=w560769217", "id_url": "https://www.openstreetmap.org/edit?editor=id&way=560769217#map=20/-25.379502/-49.2856359"}}, {"type": "Feature", "geometry": {"type": "Point", "coordinates": [-49.2860692, -25.3793577]}, "properties": {"id": 560769218, "feat_type": "way", "quality_categories": "missing_tags, older_than_five_years", "issue_ids": "[0, 1]", "osm_url": "https://www.openstreetmap.org/way/560769218", "josm_url": "http://127.0.0.1:8111/load_object?new_layer=false&objects=w560769218", "id_url": "https://www.openstreetmap.org/edit?editor=id&way=560769218#map=20/-25.3793577/-49.2860692"}}, {"type": "Feature", "geometry": {"type": "Point", "coordinates": [-49.2860799, -25.3796899]}, "properties": {"id": 560769219, "feat_type": "way", "quality_categories": "missing_tags, older_than_five_years", "issue_ids": "[0, 1]", "osm_url": "https://www.openstreetmap.org/way/560769219", "josm_url": "http://127.0.0.1:8111/load_object?new_layer=false&objects=w560769219", "id_url": "https://www.openstreetmap.org/edit?editor=id&way=560769219#map=20/-25.3796899/-49.2860799"}}, {"type": "Feature", "geometry": {"type": "Point", "coordinates": [-49.2862526, -25.3798197]}, "properties": {"id": 560769220, "feat_type": "way", "quality_categories": "missing_tags, older_than_five_years", "issue_ids": "[4, 1]", "osm_url": "https://www.openstreetmap.org/way/560769220", "josm_url": "http://127.0.0.1:8111/load_object?new_layer=false&objects=w560769220", "id_url": "https://www.openstreetmap.org/edit?editor=id&way=560769220#map=20/-25.3798197/-49.2862526"}}, {"type": "Feature", "geometry": {"type": "Point", "coordinates": [-49.2863745, -25.3797753]}, "properties": {"id": 560769221, "feat_type": "way", "quality_categories": "missing_tags, older_than_five_years", "issue_ids": "[0, 1]", "osm_url": "https://www.openstreetmap.org/way/560769221", "josm_url": "http://127.0.0.1:8111/load_object?new_layer=false&objects=w560769221", "id_url": "https://www.openstreetmap.org/edit?editor=id&way=560769221#map=20/-25.3797753/-49.2863745"}}, {"type": "Feature", "geometry": {"type": "Point", "coordinates": [-49.2861821, -25.380013]}, "properties": {"id": 560769222, "feat_type": "way", "quality_categories": "missing_tags, older_than_five_years", "issue_ids": "[0, 1]", "osm_url": "https://www.openstreetmap.org/way/560769222", "josm_url": "http://127.0.0.1:8111/load_object?new_layer=false&objects=w560769222", "id_url": "https://www.openstreetmap.org/edit?editor=id&way=560769222#map=20/-25.380013/-49.2861821"}}, {"type": "Feature", "geometry": {"type": "Point", "coordinates": [-49.283131, -25.3789484]}, "properties": {"id": 560769225, "feat_type": "way", "quality_categories": "missing_tags, older_than_five_years", "issue_ids": "[0, 1]", "osm_url": "https://www.openstreetmap.org/way/560769225", "josm_url": "http://127.0.0.1:8111/load_object?new_layer=false&objects=w560769225", "id_url": "https://www.openstreetmap.org/edit?editor=id&way=560769225#map=20/-25.3789484/-49.283131"}}, {"type": "Feature", "geometry": {"type": "Point", "coordinates": [-49.2832151, -25.378967]}, "properties": {"id": 560769226, "feat_type": "way", "quality_categories": "missing_tags, older_than_five_years", "issue_ids": "[0, 1]", "osm_url": "https://www.openstreetmap.org/way/560769226", "josm_url": "http://127.0.0.1:8111/load_object?new_layer=false&objects=w560769226", "id_url": "https://www.openstreetmap.org/edit?editor=id&way=560769226#map=20/-25.378967/-49.2832151"}}, {"type": "Feature", "geometry": {"type": "Point", "coordinates": [-49.2831431, -25.3791703]}, "properties": {"id": 560769227, "feat_type": "way", "quality_categories": "missing_tags, older_than_five_years", "issue_ids": "[34, 1]", "osm_url": "https://www.openstreetmap.org/way/560769227", "josm_url": "http://127.0.0.1:8111/load_object?new_layer=false&objects=w560769227", "id_url": "https://www.openstreetmap.org/edit?editor=id&way=560769227#map=20/-25.3791703/-49.2831431"}}, {"type": "Feature", "geometry": {"type": "Point", "coordinates": [-49.2861866, -25.3794676]}, "properties": {"id": 560773471, "feat_type": "way", "quality_categories": "missing_tags, older_than_five_years", "issue_ids": "[4, 1]", "osm_url": "https://www.openstreetmap.org/way/560773471", "josm_url": "http://127.0.0.1:8111/load_object?new_layer=false&objects=w560773471", "id_url": "https://www.openstreetmap.org/edit?editor=id&way=560773471#map=20/-25.3794676/-49.2861866"}}, {"type": "Feature", "geometry": {"type": "Point", "coordinates": [-49.2836521, -25.37985]}, "properties": {"id": 560773483, "feat_type": "way", "quality_categories": "missing_tags, older_than_five_years", "issue_ids": "[0, 1]", "osm_url": "https://www.openstreetmap.org/way/560773483", "josm_url": "http://127.0.0.1:8111/load_object?new_layer=false&objects=w560773483", "id_url": "https://www.openstreetmap.org/edit?editor=id&way=560773483#map=20/-25.37985/-49.2836521"}}, {"type": "Feature", "geometry": {"type": "Point", "coordinates": [-49.2835916, -25.3797349]}, "properties": {"id": 560773484, "feat_type": "way", "quality_categories": "older_than_five_years", "issue_ids": "[0]", "osm_url": "https://www.openstreetmap.org/way/560773484", "josm_url": "http://127.0.0.1:8111/load_object?new_layer=false&objects=w560773484", "id_url": "https://www.openstreetmap.org/edit?editor=id&way=560773484#map=20/-25.3797349/-49.2835916"}}, {"type": "Feature", "geometry": {"type": "Point", "coordinates": [-49.284993, -25.3798532]}, "properties": {"id": 560773486, "feat_type": "way", "quality_categories": "older_than_five_years", "issue_ids": "[0]", "osm_url": "https://www.openstreetmap.org/way/560773486", "josm_url": "http://127.0.0.1:8111/load_object?new_layer=false&objects=w560773486", "id_url": "https://www.openstreetmap.org/edit?editor=id&way=560773486#map=20/-25.3798532/-49.284993"}}, {"type": "Feature", "geometry": {"type": "Point", "coordinates": [-49.2850159, -25.3800402]}, "properties": {"id": 560773487, "feat_type": "way", "quality_categories": "missing_tags, older_than_five_years", "issue_ids": "[0, 1]", "osm_url": "https://www.openstreetmap.org/way/560773487", "josm_url": "http://127.0.0.1:8111/load_object?new_layer=false&objects=w560773487", "id_url": "https://www.openstreetmap.org/edit?editor=id&way=560773487#map=20/-25.3800402/-49.2850159"}}, {"type": "Feature", "geometry": {"type": "Point", "coordinates": [-49.2848524, -25.379682]}, "properties": {"id": 560773488, "feat_type": "way", "quality_categories": "older_than_five_years", "issue_ids": "[0]", "osm_url": "https://www.openstreetmap.org/way/560773488", "josm_url": "http://127.0.0.1:8111/load_object?new_layer=false&objects=w560773488", "id_url": "https://www.openstreetmap.org/edit?editor=id&way=560773488#map=20/-25.379682/-49.2848524"}}, {"type": "Feature", "geometry": {"type": "Point", "coordinates": [-49.2849404, -25.3796952]}, "properties": {"id": 560773489, "feat_type": "way", "quality_categories": "older_than_five_years", "issue_ids": "[0]", "osm_url": "https://www.openstreetmap.org/way/560773489", "josm_url": "http://127.0.0.1:8111/load_object?new_layer=false&objects=w560773489", "id_url": "https://www.openstreetmap.org/edit?editor=id&way=560773489#map=20/-25.3796952/-49.2849404"}}, {"type": "Feature", "geometry": {"type": "Point", "coordinates": [-49.2847865, -25.3798109]}, "properties": {"id": 560773490, "feat_type": "way", "quality_categories": "older_than_five_years", "issue_ids": "[4]", "osm_url": "https://www.openstreetmap.org/way/560773490", "josm_url": "http://127.0.0.1:8111/load_object?new_layer=false&objects=w560773490", "id_url": "https://www.openstreetmap.org/edit?editor=id&way=560773490#map=20/-25.3798109/-49.2847865"}}, {"type": "Feature", "geometry": {"type": "Point", "coordinates": [-49.2849063, -25.3797449]}, "properties": {"id": 560773491, "feat_type": "way", "quality_categories": "older_than_five_years", "issue_ids": "[0]", "osm_url": "https://www.openstreetmap.org/way/560773491", "josm_url": "http://127.0.0.1:8111/load_object?new_layer=false&objects=w560773491", "id_url": "https://www.openstreetmap.org/edit?editor=id&way=560773491#map=20/-25.3797449/-49.2849063"}}, {"type": "Feature", "geometry": {"type": "Point", "coordinates": [-49.2849063, -25.3797449]}, "properties": {"id": 560773492, "feat_type": "way", "quality_categories": "older_than_five_years", "issue_ids": "[0]", "osm_url": "https://www.openstreetmap.org/way/560773492", "josm_url": "http://127.0.0.1:8111/load_object?new_layer=false&objects=w560773492", "id_url": "https://www.openstreetmap.org/edit?editor=id&way=560773492#map=20/-25.3797449/-49.2849063"}}, {"type": "Feature", "geometry": {"type": "Point", "coordinates": [-49.2860034, -25.3792107]}, "properties": {"id": 560773494, "feat_type": "way", "quality_categories": "missing_tags, older_than_five_years", "issue_ids": "[0, 1]", "osm_url": "https://www.openstreetmap.org/way/560773494", "josm_url": "http://127.0.0.1:8111/load_object?new_layer=false&objects=w560773494", "id_url": "https://www.openstreetmap.org/edit?editor=id&way=560773494#map=20/-25.3792107/-49.2860034"}}, {"type": "Feature", "geometry": {"type": "Point", "coordinates": [-49.2848993, -25.3776593]}, "properties": {"id": 560773495, "feat_type": "way", "quality_categories": "missing_tags, older_than_five_years", "issue_ids": "[0, 1]", "osm_url": "https://www.openstreetmap.org/way/560773495", "josm_url": "http://127.0.0.1:8111/load_object?new_layer=false&objects=w560773495", "id_url": "https://www.openstreetmap.org/edit?editor=id&way=560773495#map=20/-25.3776593/-49.2848993"}}, {"type": "Feature", "geometry": {"type": "Point", "coordinates": [-49.3296842, -25.4014379]}, "properties": {"id": 583058244, "feat_type": "way", "quality_categories": "missing_tags, older_than_five_years", "issue_ids": "[36, 1]", "osm_url": "https://www.openstreetmap.org/way/583058244", "josm_url": "http://127.0.0.1:8111/load_object?new_layer=false&objects=w583058244", "id_url": "https://www.openstreetmap.org/edit?editor=id&way=583058244#map=20/-25.4014379/-49.3296842"}}, {"type": "Feature", "geometry": {"type": "Point", "coordinates": [-49.2719785, -25.4298013]}, "properties": {"id": 583826678, "feat_type": "way", "quality_categories": "missing_tags, older_than_five_years", "issue_ids": "[37, 1]", "osm_url": "https://www.openstreetmap.org/way/583826678", "josm_url": "http://127.0.0.1:8111/load_object?new_layer=false&objects=w583826678", "id_url": "https://www.openstreetmap.org/edit?editor=id&way=583826678#map=20/-25.4298013/-49.2719785"}}, {"type": "Feature", "geometry": {"type": "Point", "coordinates": [-49.2719646, -25.429856]}, "properties": {"id": 583826680, "feat_type": "way", "quality_categories": "missing_tags, older_than_five_years", "issue_ids": "[38, 1]", "osm_url": "https://www.openstreetmap.org/way/583826680", "josm_url": "http://127.0.0.1:8111/load_object?new_layer=false&objects=w583826680", "id_url": "https://www.openstreetmap.org/edit?editor=id&way=583826680#map=20/-25.429856/-49.2719646"}}, {"type": "Feature", "geometry": {"type": "Point", "coordinates": [-49.2721249, -25.4295004]}, "properties": {"id": 583826681, "feat_type": "way", "quality_categories": "missing_tags, older_than_five_years", "issue_ids": "[39, 1]", "osm_url": "https://www.openstreetmap.org/way/583826681", "josm_url": "http://127.0.0.1:8111/load_object?new_layer=false&objects=w583826681", "id_url": "https://www.openstreetmap.org/edit?editor=id&way=583826681#map=20/-25.4295004/-49.2721249"}}, {"type": "Feature", "geometry": {"type": "Point", "coordinates": [-49.27203, -25.4295172]}, "properties": {"id": 583826682, "feat_type": "way", "quality_categories": "missing_tags, older_than_five_years", "issue_ids": "[16, 1]", "osm_url": "https://www.openstreetmap.org/way/583826682", "josm_url": "http://127.0.0.1:8111/load_object?new_layer=false&objects=w583826682", "id_url": "https://www.openstreetmap.org/edit?editor=id&way=583826682#map=20/-25.4295172/-49.27203"}}, {"type": "Feature", "geometry": {"type": "Point", "coordinates": [-49.2720357, -25.4296255]}, "properties": {"id": 583826683, "feat_type": "way", "quality_categories": "missing_tags, older_than_five_years", "issue_ids": "[38, 1]", "osm_url": "https://www.openstreetmap.org/way/583826683", "josm_url": "http://127.0.0.1:8111/load_object?new_layer=false&objects=w583826683", "id_url": "https://www.openstreetmap.org/edit?editor=id&way=583826683#map=20/-25.4296255/-49.2720357"}}, {"type": "Feature", "geometry": {"type": "Point", "coordinates": [-49.2718422, -25.4297163]}, "properties": {"id": 583826684, "feat_type": "way", "quality_categories": "missing_tags, older_than_five_years", "issue_ids": "[38, 1]", "osm_url": "https://www.openstreetmap.org/way/583826684", "josm_url": "http://127.0.0.1:8111/load_object?new_layer=false&objects=w583826684", "id_url": "https://www.openstreetmap.org/edit?editor=id&way=583826684#map=20/-25.4297163/-49.2718422"}}, {"type": "Feature", "geometry": {"type": "Point", "coordinates": [-49.271538, -25.4296144]}, "properties": {"id": 583826685, "feat_type": "way", "quality_categories": "missing_tags, older_than_five_years", "issue_ids": "[15, 1]", "osm_url": "https://www.openstreetmap.org/way/583826685", "josm_url": "http://127.0.0.1:8111/load_object?new_layer=false&objects=w583826685", "id_url": "https://www.openstreetmap.org/edit?editor=id&way=583826685#map=20/-25.4296144/-49.271538"}}, {"type": "Feature", "geometry": {"type": "Point", "coordinates": [-49.2715111, -25.4296879]}, "properties": {"id": 583826686, "feat_type": "way", "quality_categories": "missing_tags, older_than_five_years", "issue_ids": "[15, 1]", "osm_url": "https://www.openstreetmap.org/way/583826686", "josm_url": "http://127.0.0.1:8111/load_object?new_layer=false&objects=w583826686", "id_url": "https://www.openstreetmap.org/edit?editor=id&way=583826686#map=20/-25.4296879/-49.2715111"}}, {"type": "Feature", "geometry": {"type": "Point", "coordinates": [-49.2719785, -25.4298013]}, "properties": {"id": 583826689, "feat_type": "way", "quality_categories": "missing_tags, older_than_five_years", "issue_ids": "[38, 1]", "osm_url": "https://www.openstreetmap.org/way/583826689", "josm_url": "http://127.0.0.1:8111/load_object?new_layer=false&objects=w583826689", "id_url": "https://www.openstreetmap.org/edit?editor=id&way=583826689#map=20/-25.4298013/-49.2719785"}}, {"type": "Feature", "geometry": {"type": "Point", "coordinates": [-49.2723214, -25.4296658]}, "properties": {"id": 583827591, "feat_type": "way", "quality_categories": "missing_tags, older_than_five_years", "issue_ids": "[38, 1]", "osm_url": "https://www.openstreetmap.org/way/583827591", "josm_url": "http://127.0.0.1:8111/load_object?new_layer=false&objects=w583827591", "id_url": "https://www.openstreetmap.org/edit?editor=id&way=583827591#map=20/-25.4296658/-49.2723214"}}, {"type": "Feature", "geometry": {"type": "Point", "coordinates": [-49.2722675, -25.4295398]}, "properties": {"id": 583827592, "feat_type": "way", "quality_categories": "missing_tags, older_than_five_years", "issue_ids": "[40, 1]", "osm_url": "https://www.openstreetmap.org/way/583827592", "josm_url": "http://127.0.0.1:8111/load_object?new_layer=false&objects=w583827592", "id_url": "https://www.openstreetmap.org/edit?editor=id&way=583827592#map=20/-25.4295398/-49.2722675"}}, {"type": "Feature", "geometry": {"type": "Point", "coordinates": [-49.2721985, -25.4300952]}, "properties": {"id": 583827594, "feat_type": "way", "quality_categories": "missing_tags, older_than_five_years", "issue_ids": "[39, 1]", "osm_url": "https://www.openstreetmap.org/way/583827594", "josm_url": "http://127.0.0.1:8111/load_object?new_layer=false&objects=w583827594", "id_url": "https://www.openstreetmap.org/edit?editor=id&way=583827594#map=20/-25.4300952/-49.2721985"}}, {"type": "Feature", "geometry": {"type": "Point", "coordinates": [-49.2722965, -25.429959]}, "properties": {"id": 583827595, "feat_type": "way", "quality_categories": "missing_tags, older_than_five_years", "issue_ids": "[16, 1]", "osm_url": "https://www.openstreetmap.org/way/583827595", "josm_url": "http://127.0.0.1:8111/load_object?new_layer=false&objects=w583827595", "id_url": "https://www.openstreetmap.org/edit?editor=id&way=583827595#map=20/-25.429959/-49.2722965"}}, {"type": "Feature", "geometry": {"type": "Point", "coordinates": [-49.2723902, -25.4297828]}, "properties": {"id": 583827596, "feat_type": "way", "quality_categories": "missing_tags, older_than_five_years", "issue_ids": "[39, 1]", "osm_url": "https://www.openstreetmap.org/way/583827596", "josm_url": "http://127.0.0.1:8111/load_object?new_layer=false&objects=w583827596", "id_url": "https://www.openstreetmap.org/edit?editor=id&way=583827596#map=20/-25.4297828/-49.2723902"}}, {"type": "Feature", "geometry": {"type": "Point", "coordinates": [-49.2720785, -25.4297617]}, "properties": {"id": 583827597, "feat_type": "way", "quality_categories": "missing_tags, older_than_five_years", "issue_ids": "[38, 1]", "osm_url": "https://www.openstreetmap.org/way/583827597", "josm_url": "http://127.0.0.1:8111/load_object?new_layer=false&objects=w583827597", "id_url": "https://www.openstreetmap.org/edit?editor=id&way=583827597#map=20/-25.4297617/-49.2720785"}}, {"type": "Feature", "geometry": {"type": "Point", "coordinates": [-49.2719646, -25.429856]}, "properties": {"id": 583827598, "feat_type": "way", "quality_categories": "missing_tags, older_than_five_years", "issue_ids": "[38, 1]", "osm_url": "https://www.openstreetmap.org/way/583827598", "josm_url": "http://127.0.0.1:8111/load_object?new_layer=false&objects=w583827598", "id_url": "https://www.openstreetmap.org/edit?editor=id&way=583827598#map=20/-25.429856/-49.2719646"}}, {"type": "Feature", "geometry": {"type": "Point", "coordinates": [-49.2719052, -25.4300412]}, "properties": {"id": 585135860, "feat_type": "way", "quality_categories": "missing_tags, older_than_five_years", "issue_ids": "[41, 1]", "osm_url": "https://www.openstreetmap.org/way/585135860", "josm_url": "http://127.0.0.1:8111/load_object?new_layer=false&objects=w585135860", "id_url": "https://www.openstreetmap.org/edit?editor=id&way=585135860#map=20/-25.4300412/-49.2719052"}}, {"type": "Feature", "geometry": {"type": "Point", "coordinates": [-49.2725949, -25.4295313]}, "properties": {"id": 585135861, "feat_type": "way", "quality_categories": "missing_tags, older_than_five_years", "issue_ids": "[42, 1]", "osm_url": "https://www.openstreetmap.org/way/585135861", "josm_url": "http://127.0.0.1:8111/load_object?new_layer=false&objects=w585135861", "id_url": "https://www.openstreetmap.org/edit?editor=id&way=585135861#map=20/-25.4295313/-49.2725949"}}, {"type": "Feature", "geometry": {"type": "Point", "coordinates": [-49.2713241, -25.4299448]}, "properties": {"id": 585135862, "feat_type": "way", "quality_categories": "missing_tags, older_than_five_years", "issue_ids": "[43, 1]", "osm_url": "https://www.openstreetmap.org/way/585135862", "josm_url": "http://127.0.0.1:8111/load_object?new_layer=false&objects=w585135862", "id_url": "https://www.openstreetmap.org/edit?editor=id&way=585135862#map=20/-25.4299448/-49.2713241"}}, {"type": "Feature", "geometry": {"type": "Point", "coordinates": [-49.2828939, -25.4079992]}, "properties": {"id": 629066326, "feat_type": "way", "quality_categories": "missing_tags, older_than_five_years", "issue_ids": "[4, 1]", "osm_url": "https://www.openstreetmap.org/way/629066326", "josm_url": "http://127.0.0.1:8111/load_object?new_layer=false&objects=w629066326", "id_url": "https://www.openstreetmap.org/edit?editor=id&way=629066326#map=20/-25.4079992/-49.2828939"}}, {"type": "Feature", "geometry": {"type": "Point", "coordinates": [-49.2761959, -25.4971328]}, "properties": {"id": 646016157, "feat_type": "way", "quality_categories": "missing_tags, older_than_five_years", "issue_ids": "[44, 1]", "osm_url": "https://www.openstreetmap.org/way/646016157", "josm_url": "http://127.0.0.1:8111/load_object?new_layer=false&objects=w646016157", "id_url": "https://www.openstreetmap.org/edit?editor=id&way=646016157#map=20/-25.4971328/-49.2761959"}}, {"type": "Feature", "geometry": {"type": "Point", "coordinates": [-49.2947887, -25.4020601]}, "properties": {"id": 655200357, "feat_type": "way", "quality_categories": "missing_tags, older_than_five_years", "issue_ids": "[45, 1]", "osm_url": "https://www.openstreetmap.org/way/655200357", "josm_url": "http://127.0.0.1:8111/load_object?new_layer=false&objects=w655200357", "id_url": "https://www.openstreetmap.org/edit?editor=id&way=655200357#map=20/-25.4020601/-49.2947887"}}, {"type": "Feature", "geometry": {"type": "Point", "coordinates": [-49.2471307, -25.4818902]}, "properties": {"id": 659237683, "feat_type": "way", "quality_categories": "missing_tags, older_than_five_years", "issue_ids": "[46, 1]", "osm_url": "https://www.openstreetmap.org/way/659237683", "josm_url": "http://127.0.0.1:8111/load_object?new_layer=false&objects=w659237683", "id_url": "https://www.openstreetmap.org/edit?editor=id&way=659237683#map=20/-25.4818902/-49.2471307"}}, {"type": "Feature", "geometry": {"type": "Point", "coordinates": [-49.2468712, -25.481787]}, "properties": {"id": 659237684, "feat_type": "way", "quality_categories": "missing_tags, older_than_five_years", "issue_ids": "[46, 1]", "osm_url": "https://www.openstreetmap.org/way/659237684", "josm_url": "http://127.0.0.1:8111/load_object?new_layer=false&objects=w659237684", "id_url": "https://www.openstreetmap.org/edit?editor=id&way=659237684#map=20/-25.481787/-49.2468712"}}, {"type": "Feature", "geometry": {"type": "Point", "coordinates": [-49.2470859, -25.4818725]}, "properties": {"id": 659237687, "feat_type": "way", "quality_categories": "missing_tags, older_than_five_years", "issue_ids": "[46, 1]", "osm_url": "https://www.openstreetmap.org/way/659237687", "josm_url": "http://127.0.0.1:8111/load_object?new_layer=false&objects=w659237687", "id_url": "https://www.openstreetmap.org/edit?editor=id&way=659237687#map=20/-25.4818725/-49.2470859"}}, {"type": "Feature", "geometry": {"type": "Point", "coordinates": [-49.2469449, -25.4818163]}, "properties": {"id": 659237688, "feat_type": "way", "quality_categories": "missing_tags, older_than_five_years", "issue_ids": "[46, 1]", "osm_url": "https://www.openstreetmap.org/way/659237688", "josm_url": "http://127.0.0.1:8111/load_object?new_layer=false&objects=w659237688", "id_url": "https://www.openstreetmap.org/edit?editor=id&way=659237688#map=20/-25.4818163/-49.2469449"}}, {"type": "Feature", "geometry": {"type": "Point", "coordinates": [-49.2470859, -25.4818725]}, "properties": {"id": 659237689, "feat_type": "way", "quality_categories": "missing_tags, older_than_five_years", "issue_ids": "[46, 1]", "osm_url": "https://www.openstreetmap.org/way/659237689", "josm_url": "http://127.0.0.1:8111/load_object?new_layer=false&objects=w659237689", "id_url": "https://www.openstreetmap.org/edit?editor=id&way=659237689#map=20/-25.4818725/-49.2470859"}}, {"type": "Feature", "geometry": {"type": "Point", "coordinates": [-49.2622147, -25.3774569]}, "properties": {"id": 659615949, "feat_type": "way", "quality_categories": "missing_tags, older_than_five_years", "issue_ids": "[47, 1]", "osm_url": "https://www.openstreetmap.org/way/659615949", "josm_url": "http://127.0.0.1:8111/load_object?new_layer=false&objects=w659615949", "id_url": "https://www.openstreetmap.org/edit?editor=id&way=659615949#map=20/-25.3774569/-49.2622147"}}, {"type": "Feature", "geometry": {"type": "Point", "coordinates": [-49.2453364, -25.4500907]}, "properties": {"id": 660018990, "feat_type": "way", "quality_categories": "missing_tags, older_than_five_years", "issue_ids": "[48, 1]", "osm_url": "https://www.openstreetmap.org/way/660018990", "josm_url": "http://127.0.0.1:8111/load_object?new_layer=false&objects=w660018990", "id_url": "https://www.openstreetmap.org/edit?editor=id&way=660018990#map=20/-25.4500907/-49.2453364"}}, {"type": "Feature", "geometry": {"type": "Point", "coordinates": [-49.2751121, -25.4206865]}, "properties": {"id": 660026409, "feat_type": "way", "quality_categories": "missing_tags, older_than_five_years", "issue_ids": "[49, 1]", "osm_url": "https://www.openstreetmap.org/way/660026409", "josm_url": "http://127.0.0.1:8111/load_object?new_layer=false&objects=w660026409", "id_url": "https://www.openstreetmap.org/edit?editor=id&way=660026409#map=20/-25.4206865/-49.2751121"}}, {"type": "Feature", "geometry": {"type": "Point", "coordinates": [-49.2652064, -25.4192275]}, "properties": {"id": 663647802, "feat_type": "way", "quality_categories": "missing_tags, older_than_five_years", "issue_ids": "[50, 1]", "osm_url": "https://www.openstreetmap.org/way/663647802", "josm_url": "http://127.0.0.1:8111/load_object?new_layer=false&objects=w663647802", "id_url": "https://www.openstreetmap.org/edit?editor=id&way=663647802#map=20/-25.4192275/-49.2652064"}}, {"type": "Feature", "geometry": {"type": "Point", "coordinates": [-49.3636506, -25.4175862]}, "properties": {"id": 681499340, "feat_type": "way", "quality_categories": "older_than_five_years", "issue_ids": "[51]", "osm_url": "https://www.openstreetmap.org/way/681499340", "josm_url": "http://127.0.0.1:8111/load_object?new_layer=false&objects=w681499340", "id_url": "https://www.openstreetmap.org/edit?editor=id&way=681499340#map=20/-25.4175862/-49.3636506"}}, {"type": "Feature", "geometry": {"type": "Point", "coordinates": [-49.361408, -25.4182872]}, "properties": {"id": 681499341, "feat_type": "way", "quality_categories": "older_than_five_years", "issue_ids": "[52]", "osm_url": "https://www.openstreetmap.org/way/681499341", "josm_url": "http://127.0.0.1:8111/load_object?new_layer=false&objects=w681499341", "id_url": "https://www.openstreetmap.org/edit?editor=id&way=681499341#map=20/-25.4182872/-49.361408"}}, {"type": "Feature", "geometry": {"type": "Point", "coordinates": [-49.2412643, -25.3934732]}, "properties": {"id": 682276251, "feat_type": "way", "quality_categories": "missing_tags, older_than_five_years", "issue_ids": "[53, 1]", "osm_url": "https://www.openstreetmap.org/way/682276251", "josm_url": "http://127.0.0.1:8111/load_object?new_layer=false&objects=w682276251", "id_url": "https://www.openstreetmap.org/edit?editor=id&way=682276251#map=20/-25.3934732/-49.2412643"}}, {"type": "Feature", "geometry": {"type": "Point", "coordinates": [-49.3187844, -25.425181]}, "properties": {"id": 687863938, "feat_type": "way", "quality_categories": "missing_tags, older_than_five_years", "issue_ids": "[54, 1]", "osm_url": "https://www.openstreetmap.org/way/687863938", "josm_url": "http://127.0.0.1:8111/load_object?new_layer=false&objects=w687863938", "id_url": "https://www.openstreetmap.org/edit?editor=id&way=687863938#map=20/-25.425181/-49.3187844"}}, {"type": "Feature", "geometry": {"type": "Point", "coordinates": [-49.232267, -25.3848584]}, "properties": {"id": 692641630, "feat_type": "way", "quality_categories": "missing_tags, older_than_five_years, uncanny_keys", "issue_ids": "[55, 56, 1]", "osm_url": "https://www.openstreetmap.org/way/692641630", "josm_url": "http://127.0.0.1:8111/load_object?new_layer=false&objects=w692641630", "id_url": "https://www.openstreetmap.org/edit?editor=id&way=692641630#map=20/-25.3848584/-49.232267"}}, {"type": "Feature", "geometry": {"type": "Point", "coordinates": [-49.232375, -25.3852333]}, "properties": {"id": 692641631, "feat_type": "way", "quality_categories": "missing_tags, older_than_five_years, uncanny_keys", "issue_ids": "[55, 56, 1]", "osm_url": "https://www.openstreetmap.org/way/692641631", "josm_url": "http://127.0.0.1:8111/load_object?new_layer=false&objects=w692641631", "id_url": "https://www.openstreetmap.org/edit?editor=id&way=692641631#map=20/-25.3852333/-49.232375"}}, {"type": "Feature", "geometry": {"type": "Point", "coordinates": [-49.2317403, -25.3848625]}, "properties": {"id": 692641634, "feat_type": "way", "quality_categories": "missing_tags, older_than_five_years, uncanny_keys", "issue_ids": "[55, 57, 1]", "osm_url": "https://www.openstreetmap.org/way/692641634", "josm_url": "http://127.0.0.1:8111/load_object?new_layer=false&objects=w692641634", "id_url": "https://www.openstreetmap.org/edit?editor=id&way=692641634#map=20/-25.3848625/-49.2317403"}}, {"type": "Feature", "geometry": {"type": "Point", "coordinates": [-49.2625761, -25.5327117]}, "properties": {"id": 696233885, "feat_type": "way", "quality_categories": "missing_tags, older_than_five_years", "issue_ids": "[29, 1]", "osm_url": "https://www.openstreetmap.org/way/696233885", "josm_url": "http://127.0.0.1:8111/load_object?new_layer=false&objects=w696233885", "id_url": "https://www.openstreetmap.org/edit?editor=id&way=696233885#map=20/-25.5327117/-49.2625761"}}, {"type": "Feature", "geometry": {"type": "Point", "coordinates": [-49.2504359, -25.5299194]}, "properties": {"id": 696233888, "feat_type": "way", "quality_categories": "missing_tags, older_than_five_years", "issue_ids": "[58, 1]", "osm_url": "https://www.openstreetmap.org/way/696233888", "josm_url": "http://127.0.0.1:8111/load_object?new_layer=false&objects=w696233888", "id_url": "https://www.openstreetmap.org/edit?editor=id&way=696233888#map=20/-25.5299194/-49.2504359"}}, {"type": "Feature", "geometry": {"type": "Point", "coordinates": [-49.250042, -25.5298232]}, "properties": {"id": 696233890, "feat_type": "way", "quality_categories": "missing_tags, older_than_five_years", "issue_ids": "[58, 1]", "osm_url": "https://www.openstreetmap.org/way/696233890", "josm_url": "http://127.0.0.1:8111/load_object?new_layer=false&objects=w696233890", "id_url": "https://www.openstreetmap.org/edit?editor=id&way=696233890#map=20/-25.5298232/-49.250042"}}, {"type": "Feature", "geometry": {"type": "Point", "coordinates": [-49.2493901, -25.5296475]}, "properties": {"id": 696233891, "feat_type": "way", "quality_categories": "missing_tags, older_than_five_years", "issue_ids": "[58, 1]", "osm_url": "https://www.openstreetmap.org/way/696233891", "josm_url": "http://127.0.0.1:8111/load_object?new_layer=false&objects=w696233891", "id_url": "https://www.openstreetmap.org/edit?editor=id&way=696233891#map=20/-25.5296475/-49.2493901"}}, {"type": "Feature", "geometry": {"type": "Point", "coordinates": [-49.248869, -25.5295223]}, "properties": {"id": 696233893, "feat_type": "way", "quality_categories": "missing_tags, older_than_five_years", "issue_ids": "[58, 1]", "osm_url": "https://www.openstreetmap.org/way/696233893", "josm_url": "http://127.0.0.1:8111/load_object?new_layer=false&objects=w696233893", "id_url": "https://www.openstreetmap.org/edit?editor=id&way=696233893#map=20/-25.5295223/-49.248869"}}, {"type": "Feature", "geometry": {"type": "Point", "coordinates": [-49.2480095, -25.5294684]}, "properties": {"id": 696233894, "feat_type": "way", "quality_categories": "missing_tags, older_than_five_years", "issue_ids": "[58, 1]", "osm_url": "https://www.openstreetmap.org/way/696233894", "josm_url": "http://127.0.0.1:8111/load_object?new_layer=false&objects=w696233894", "id_url": "https://www.openstreetmap.org/edit?editor=id&way=696233894#map=20/-25.5294684/-49.2480095"}}, {"type": "Feature", "geometry": {"type": "Point", "coordinates": [-49.2473039, -25.5293016]}, "properties": {"id": 696233895, "feat_type": "way", "quality_categories": "missing_tags, older_than_five_years", "issue_ids": "[58, 1]", "osm_url": "https://www.openstreetmap.org/way/696233895", "josm_url": "http://127.0.0.1:8111/load_object?new_layer=false&objects=w696233895", "id_url": "https://www.openstreetmap.org/edit?editor=id&way=696233895#map=20/-25.5293016/-49.2473039"}}, {"type": "Feature", "geometry": {"type": "Point", "coordinates": [-49.2460146, -25.5289925]}, "properties": {"id": 696233902, "feat_type": "way", "quality_categories": "missing_tags, older_than_five_years", "issue_ids": "[58, 1]", "osm_url": "https://www.openstreetmap.org/way/696233902", "josm_url": "http://127.0.0.1:8111/load_object?new_layer=false&objects=w696233902", "id_url": "https://www.openstreetmap.org/edit?editor=id&way=696233902#map=20/-25.5289925/-49.2460146"}}, {"type": "Feature", "geometry": {"type": "Point", "coordinates": [-49.2453396, -25.5286824]}, "properties": {"id": 696233903, "feat_type": "way", "quality_categories": "missing_tags, older_than_five_years", "issue_ids": "[58, 1]", "osm_url": "https://www.openstreetmap.org/way/696233903", "josm_url": "http://127.0.0.1:8111/load_object?new_layer=false&objects=w696233903", "id_url": "https://www.openstreetmap.org/edit?editor=id&way=696233903#map=20/-25.5286824/-49.2453396"}}, {"type": "Feature", "geometry": {"type": "Point", "coordinates": [-49.2446674, -25.5285215]}, "properties": {"id": 696233908, "feat_type": "way", "quality_categories": "missing_tags, older_than_five_years", "issue_ids": "[58, 1]", "osm_url": "https://www.openstreetmap.org/way/696233908", "josm_url": "http://127.0.0.1:8111/load_object?new_layer=false&objects=w696233908", "id_url": "https://www.openstreetmap.org/edit?editor=id&way=696233908#map=20/-25.5285215/-49.2446674"}}, {"type": "Feature", "geometry": {"type": "Point", "coordinates": [-49.2441468, -25.5283968]}, "properties": {"id": 696233909, "feat_type": "way", "quality_categories": "missing_tags, older_than_five_years", "issue_ids": "[58, 1]", "osm_url": "https://www.openstreetmap.org/way/696233909", "josm_url": "http://127.0.0.1:8111/load_object?new_layer=false&objects=w696233909", "id_url": "https://www.openstreetmap.org/edit?editor=id&way=696233909#map=20/-25.5283968/-49.2441468"}}, {"type": "Feature", "geometry": {"type": "Point", "coordinates": [-49.2436051, -25.5284166]}, "properties": {"id": 696233912, "feat_type": "way", "quality_categories": "missing_tags, older_than_five_years", "issue_ids": "[58, 1]", "osm_url": "https://www.openstreetmap.org/way/696233912", "josm_url": "http://127.0.0.1:8111/load_object?new_layer=false&objects=w696233912", "id_url": "https://www.openstreetmap.org/edit?editor=id&way=696233912#map=20/-25.5284166/-49.2436051"}}, {"type": "Feature", "geometry": {"type": "Point", "coordinates": [-49.2430558, -25.5282855]}, "properties": {"id": 696233913, "feat_type": "way", "quality_categories": "missing_tags, older_than_five_years", "issue_ids": "[58, 1]", "osm_url": "https://www.openstreetmap.org/way/696233913", "josm_url": "http://127.0.0.1:8111/load_object?new_layer=false&objects=w696233913", "id_url": "https://www.openstreetmap.org/edit?editor=id&way=696233913#map=20/-25.5282855/-49.2430558"}}, {"type": "Feature", "geometry": {"type": "Point", "coordinates": [-49.2414152, -25.5278937]}, "properties": {"id": 696233915, "feat_type": "way", "quality_categories": "missing_tags, older_than_five_years", "issue_ids": "[58, 1]", "osm_url": "https://www.openstreetmap.org/way/696233915", "josm_url": "http://127.0.0.1:8111/load_object?new_layer=false&objects=w696233915", "id_url": "https://www.openstreetmap.org/edit?editor=id&way=696233915#map=20/-25.5278937/-49.2414152"}}, {"type": "Feature", "geometry": {"type": "Point", "coordinates": [-49.2409689, -25.5276359]}, "properties": {"id": 696233925, "feat_type": "way", "quality_categories": "missing_tags, older_than_five_years", "issue_ids": "[58, 1]", "osm_url": "https://www.openstreetmap.org/way/696233925", "josm_url": "http://127.0.0.1:8111/load_object?new_layer=false&objects=w696233925", "id_url": "https://www.openstreetmap.org/edit?editor=id&way=696233925#map=20/-25.5276359/-49.2409689"}}, {"type": "Feature", "geometry": {"type": "Point", "coordinates": [-49.2405848, -25.5276955]}, "properties": {"id": 696233928, "feat_type": "way", "quality_categories": "missing_tags, older_than_five_years", "issue_ids": "[58, 1]", "osm_url": "https://www.openstreetmap.org/way/696233928", "josm_url": "http://127.0.0.1:8111/load_object?new_layer=false&objects=w696233928", "id_url": "https://www.openstreetmap.org/edit?editor=id&way=696233928#map=20/-25.5276955/-49.2405848"}}, {"type": "Feature", "geometry": {"type": "Point", "coordinates": [-49.2403489, -25.5274875]}, "properties": {"id": 696233929, "feat_type": "way", "quality_categories": "missing_tags, older_than_five_years", "issue_ids": "[58, 1]", "osm_url": "https://www.openstreetmap.org/way/696233929", "josm_url": "http://127.0.0.1:8111/load_object?new_layer=false&objects=w696233929", "id_url": "https://www.openstreetmap.org/edit?editor=id&way=696233929#map=20/-25.5274875/-49.2403489"}}, {"type": "Feature", "geometry": {"type": "Point", "coordinates": [-49.2379804, -25.5269226]}, "properties": {"id": 696233931, "feat_type": "way", "quality_categories": "missing_tags, older_than_five_years", "issue_ids": "[58, 1]", "osm_url": "https://www.openstreetmap.org/way/696233931", "josm_url": "http://127.0.0.1:8111/load_object?new_layer=false&objects=w696233931", "id_url": "https://www.openstreetmap.org/edit?editor=id&way=696233931#map=20/-25.5269226/-49.2379804"}}, {"type": "Feature", "geometry": {"type": "Point", "coordinates": [-49.2363178, -25.5265259]}, "properties": {"id": 696233955, "feat_type": "way", "quality_categories": "missing_tags, older_than_five_years", "issue_ids": "[58, 1]", "osm_url": "https://www.openstreetmap.org/way/696233955", "josm_url": "http://127.0.0.1:8111/load_object?new_layer=false&objects=w696233955", "id_url": "https://www.openstreetmap.org/edit?editor=id&way=696233955#map=20/-25.5265259/-49.2363178"}}, {"type": "Feature", "geometry": {"type": "Point", "coordinates": [-49.2359141, -25.5264293]}, "properties": {"id": 696233957, "feat_type": "way", "quality_categories": "missing_tags, older_than_five_years", "issue_ids": "[58, 1]", "osm_url": "https://www.openstreetmap.org/way/696233957", "josm_url": "http://127.0.0.1:8111/load_object?new_layer=false&objects=w696233957", "id_url": "https://www.openstreetmap.org/edit?editor=id&way=696233957#map=20/-25.5264293/-49.2359141"}}, {"type": "Feature", "geometry": {"type": "Point", "coordinates": [-49.2355232, -25.5263357]}, "properties": {"id": 696233958, "feat_type": "way", "quality_categories": "missing_tags, older_than_five_years", "issue_ids": "[58, 1]", "osm_url": "https://www.openstreetmap.org/way/696233958", "josm_url": "http://127.0.0.1:8111/load_object?new_layer=false&objects=w696233958", "id_url": "https://www.openstreetmap.org/edit?editor=id&way=696233958#map=20/-25.5263357/-49.2355232"}}, {"type": "Feature", "geometry": {"type": "Point", "coordinates": [-49.2351674, -25.5262505]}, "properties": {"id": 696233961, "feat_type": "way", "quality_categories": "missing_tags, older_than_five_years", "issue_ids": "[58, 1]", "osm_url": "https://www.openstreetmap.org/way/696233961", "josm_url": "http://127.0.0.1:8111/load_object?new_layer=false&objects=w696233961", "id_url": "https://www.openstreetmap.org/edit?editor=id&way=696233961#map=20/-25.5262505/-49.2351674"}}, {"type": "Feature", "geometry": {"type": "Point", "coordinates": [-49.2346151, -25.5262749]}, "properties": {"id": 696233963, "feat_type": "way", "quality_categories": "missing_tags, older_than_five_years", "issue_ids": "[58, 1]", "osm_url": "https://www.openstreetmap.org/way/696233963", "josm_url": "http://127.0.0.1:8111/load_object?new_layer=false&objects=w696233963", "id_url": "https://www.openstreetmap.org/edit?editor=id&way=696233963#map=20/-25.5262749/-49.2346151"}}, {"type": "Feature", "geometry": {"type": "Point", "coordinates": [-49.2341373, -25.5260038]}, "properties": {"id": 696233964, "feat_type": "way", "quality_categories": "missing_tags, older_than_five_years", "issue_ids": "[58, 1]", "osm_url": "https://www.openstreetmap.org/way/696233964", "josm_url": "http://127.0.0.1:8111/load_object?new_layer=false&objects=w696233964", "id_url": "https://www.openstreetmap.org/edit?editor=id&way=696233964#map=20/-25.5260038/-49.2341373"}}, {"type": "Feature", "geometry": {"type": "Point", "coordinates": [-49.2336126, -25.5258782]}, "properties": {"id": 696233965, "feat_type": "way", "quality_categories": "missing_tags, older_than_five_years", "issue_ids": "[58, 1]", "osm_url": "https://www.openstreetmap.org/way/696233965", "josm_url": "http://127.0.0.1:8111/load_object?new_layer=false&objects=w696233965", "id_url": "https://www.openstreetmap.org/edit?editor=id&way=696233965#map=20/-25.5258782/-49.2336126"}}, {"type": "Feature", "geometry": {"type": "Point", "coordinates": [-49.2307552, -25.5253501]}, "properties": {"id": 696233967, "feat_type": "way", "quality_categories": "missing_tags, older_than_five_years", "issue_ids": "[58, 1]", "osm_url": "https://www.openstreetmap.org/way/696233967", "josm_url": "http://127.0.0.1:8111/load_object?new_layer=false&objects=w696233967", "id_url": "https://www.openstreetmap.org/edit?editor=id&way=696233967#map=20/-25.5253501/-49.2307552"}}, {"type": "Feature", "geometry": {"type": "Point", "coordinates": [-49.231278, -25.5253208]}, "properties": {"id": 696233968, "feat_type": "way", "quality_categories": "missing_tags, older_than_five_years", "issue_ids": "[58, 1]", "osm_url": "https://www.openstreetmap.org/way/696233968", "josm_url": "http://127.0.0.1:8111/load_object?new_layer=false&objects=w696233968", "id_url": "https://www.openstreetmap.org/edit?editor=id&way=696233968#map=20/-25.5253208/-49.231278"}}, {"type": "Feature", "geometry": {"type": "Point", "coordinates": [-49.2751759, -25.4207223]}, "properties": {"id": 697619797, "feat_type": "way", "quality_categories": "missing_tags, older_than_five_years", "issue_ids": "[49, 1]", "osm_url": "https://www.openstreetmap.org/way/697619797", "josm_url": "http://127.0.0.1:8111/load_object?new_layer=false&objects=w697619797", "id_url": "https://www.openstreetmap.org/edit?editor=id&way=697619797#map=20/-25.4207223/-49.2751759"}}, {"type": "Feature", "geometry": {"type": "Point", "coordinates": [-49.26921, -25.4735312]}, "properties": {"id": 700028140, "feat_type": "way", "quality_categories": "missing_tags, older_than_five_years", "issue_ids": "[6, 1]", "osm_url": "https://www.openstreetmap.org/way/700028140", "josm_url": "http://127.0.0.1:8111/load_object?new_layer=false&objects=w700028140", "id_url": "https://www.openstreetmap.org/edit?editor=id&way=700028140#map=20/-25.4735312/-49.26921"}}, {"type": "Feature", "geometry": {"type": "Point", "coordinates": [-49.2706984, -25.4738944]}, "properties": {"id": 700028148, "feat_type": "way", "quality_categories": "missing_tags, older_than_five_years", "issue_ids": "[6, 1]", "osm_url": "https://www.openstreetmap.org/way/700028148", "josm_url": "http://127.0.0.1:8111/load_object?new_layer=false&objects=w700028148", "id_url": "https://www.openstreetmap.org/edit?editor=id&way=700028148#map=20/-25.4738944/-49.2706984"}}, {"type": "Feature", "geometry": {"type": "Point", "coordinates": [-49.2271202, -25.522501]}, "properties": {"id": 710345974, "feat_type": "way", "quality_categories": "older_than_five_years", "issue_ids": "[9]", "osm_url": "https://www.openstreetmap.org/way/710345974", "josm_url": "http://127.0.0.1:8111/load_object?new_layer=false&objects=w710345974", "id_url": "https://www.openstreetmap.org/edit?editor=id&way=710345974#map=20/-25.522501/-49.2271202"}}, {"type": "Feature", "geometry": {"type": "Point", "coordinates": [-49.2527532, -25.4377331]}, "properties": {"id": 711558640, "feat_type": "way", "quality_categories": "missing_tags, older_than_five_years", "issue_ids": "[59, 1]", "osm_url": "https://www.openstreetmap.org/way/711558640", "josm_url": "http://127.0.0.1:8111/load_object?new_layer=false&objects=w711558640", "id_url": "https://www.openstreetmap.org/edit?editor=id&way=711558640#map=20/-25.4377331/-49.2527532"}}, {"type": "Feature", "geometry": {"type": "Point", "coordinates": [-49.2626267, -25.3780324]}, "properties": {"id": 718175477, "feat_type": "way", "quality_categories": "missing_tags, older_than_five_years", "issue_ids": "[47, 1]", "osm_url": "https://www.openstreetmap.org/way/718175477", "josm_url": "http://127.0.0.1:8111/load_object?new_layer=false&objects=w718175477", "id_url": "https://www.openstreetmap.org/edit?editor=id&way=718175477#map=20/-25.3780324/-49.2626267"}}, {"type": "Feature", "geometry": {"type": "Point", "coordinates": [-49.2620158, -25.3780173]}, "properties": {"id": 718175483, "feat_type": "way", "quality_categories": "missing_tags, older_than_five_years", "issue_ids": "[47, 1]", "osm_url": "https://www.openstreetmap.org/way/718175483", "josm_url": "http://127.0.0.1:8111/load_object?new_layer=false&objects=w718175483", "id_url": "https://www.openstreetmap.org/edit?editor=id&way=718175483#map=20/-25.3780173/-49.2620158"}}, {"type": "Feature", "geometry": {"type": "Point", "coordinates": [-49.2618394, -25.3776868]}, "properties": {"id": 718175484, "feat_type": "way", "quality_categories": "missing_tags, older_than_five_years", "issue_ids": "[47, 1]", "osm_url": "https://www.openstreetmap.org/way/718175484", "josm_url": "http://127.0.0.1:8111/load_object?new_layer=false&objects=w718175484", "id_url": "https://www.openstreetmap.org/edit?editor=id&way=718175484#map=20/-25.3776868/-49.2618394"}}, {"type": "Feature", "geometry": {"type": "Point", "coordinates": [-49.2344102, -25.4637007]}, "properties": {"id": 724720439, "feat_type": "way", "quality_categories": "missing_tags, older_than_five_years", "issue_ids": "[60, 1]", "osm_url": "https://www.openstreetmap.org/way/724720439", "josm_url": "http://127.0.0.1:8111/load_object?new_layer=false&objects=w724720439", "id_url": "https://www.openstreetmap.org/edit?editor=id&way=724720439#map=20/-25.4637007/-49.2344102"}}, {"type": "Feature", "geometry": {"type": "Point", "coordinates": [-49.2651317, -25.4328224]}, "properties": {"id": 724752504, "feat_type": "way", "quality_categories": "missing_tags, older_than_five_years", "issue_ids": "[61, 1]", "osm_url": "https://www.openstreetmap.org/way/724752504", "josm_url": "http://127.0.0.1:8111/load_object?new_layer=false&objects=w724752504", "id_url": "https://www.openstreetmap.org/edit?editor=id&way=724752504#map=20/-25.4328224/-49.2651317"}}, {"type": "Feature", "geometry": {"type": "Point", "coordinates": [-49.2653188, -25.4324364]}, "properties": {"id": 724752505, "feat_type": "way", "quality_categories": "missing_tags, older_than_five_years", "issue_ids": "[61, 1]", "osm_url": "https://www.openstreetmap.org/way/724752505", "josm_url": "http://127.0.0.1:8111/load_object?new_layer=false&objects=w724752505", "id_url": "https://www.openstreetmap.org/edit?editor=id&way=724752505#map=20/-25.4324364/-49.2653188"}}, {"type": "Feature", "geometry": {"type": "Point", "coordinates": [-49.2366377, -25.4277105]}, "properties": {"id": 753738628, "feat_type": "way", "quality_categories": "older_than_five_years, uncanny_keys", "issue_ids": "[62, 63]", "osm_url": "https://www.openstreetmap.org/way/753738628", "josm_url": "http://127.0.0.1:8111/load_object?new_layer=false&objects=w753738628", "id_url": "https://www.openstreetmap.org/edit?editor=id&way=753738628#map=20/-25.4277105/-49.2366377"}}, {"type": "Feature", "geometry": {"type": "Point", "coordinates": [-49.2254628, -25.5222602]}, "properties": {"id": 754129588, "feat_type": "way", "quality_categories": "older_than_five_years", "issue_ids": "[9]", "osm_url": "https://www.openstreetmap.org/way/754129588", "josm_url": "http://127.0.0.1:8111/load_object?new_layer=false&objects=w754129588", "id_url": "https://www.openstreetmap.org/edit?editor=id&way=754129588#map=20/-25.5222602/-49.2254628"}}, {"type": "Feature", "geometry": {"type": "Point", "coordinates": [-49.3264272, -25.4774874]}, "properties": {"id": 761607150, "feat_type": "way", "quality_categories": "missing_tags, older_than_five_years", "issue_ids": "[64, 1]", "osm_url": "https://www.openstreetmap.org/way/761607150", "josm_url": "http://127.0.0.1:8111/load_object?new_layer=false&objects=w761607150", "id_url": "https://www.openstreetmap.org/edit?editor=id&way=761607150#map=20/-25.4774874/-49.3264272"}}, {"type": "Feature", "geometry": {"type": "Point", "coordinates": [-49.3277494, -25.4772384]}, "properties": {"id": 761607151, "feat_type": "way", "quality_categories": "missing_tags, older_than_five_years", "issue_ids": "[64, 1]", "osm_url": "https://www.openstreetmap.org/way/761607151", "josm_url": "http://127.0.0.1:8111/load_object?new_layer=false&objects=w761607151", "id_url": "https://www.openstreetmap.org/edit?editor=id&way=761607151#map=20/-25.4772384/-49.3277494"}}, {"type": "Feature", "geometry": {"type": "Point", "coordinates": [-49.2627131, -25.4396197]}, "properties": {"id": 763032129, "feat_type": "way", "quality_categories": "missing_tags, older_than_five_years", "issue_ids": "[56, 1]", "osm_url": "https://www.openstreetmap.org/way/763032129", "josm_url": "http://127.0.0.1:8111/load_object?new_layer=false&objects=w763032129", "id_url": "https://www.openstreetmap.org/edit?editor=id&way=763032129#map=20/-25.4396197/-49.2627131"}}, {"type": "Feature", "geometry": {"type": "Point", "coordinates": [-49.2713778, -25.4393593]}, "properties": {"id": 763034940, "feat_type": "way", "quality_categories": "missing_tags, older_than_five_years", "issue_ids": "[56, 1]", "osm_url": "https://www.openstreetmap.org/way/763034940", "josm_url": "http://127.0.0.1:8111/load_object?new_layer=false&objects=w763034940", "id_url": "https://www.openstreetmap.org/edit?editor=id&way=763034940#map=20/-25.4393593/-49.2713778"}}, {"type": "Feature", "geometry": {"type": "Point", "coordinates": [-49.2708525, -25.4392292]}, "properties": {"id": 763034941, "feat_type": "way", "quality_categories": "missing_tags, older_than_five_years", "issue_ids": "[56, 1]", "osm_url": "https://www.openstreetmap.org/way/763034941", "josm_url": "http://127.0.0.1:8111/load_object?new_layer=false&objects=w763034941", "id_url": "https://www.openstreetmap.org/edit?editor=id&way=763034941#map=20/-25.4392292/-49.2708525"}}, {"type": "Feature", "geometry": {"type": "Point", "coordinates": [-49.2865369, -25.3794352]}, "properties": {"id": 785121298, "feat_type": "way", "quality_categories": "missing_tags, older_than_five_years", "issue_ids": "[35, 1]", "osm_url": "https://www.openstreetmap.org/way/785121298", "josm_url": "http://127.0.0.1:8111/load_object?new_layer=false&objects=w785121298", "id_url": "https://www.openstreetmap.org/edit?editor=id&way=785121298#map=20/-25.3794352/-49.2865369"}}, {"type": "Feature", "geometry": {"type": "Point", "coordinates": [-49.2862151, -25.3794322]}, "properties": {"id": 785121299, "feat_type": "way", "quality_categories": "missing_tags, older_than_five_years", "issue_ids": "[35, 1]", "osm_url": "https://www.openstreetmap.org/way/785121299", "josm_url": "http://127.0.0.1:8111/load_object?new_layer=false&objects=w785121299", "id_url": "https://www.openstreetmap.org/edit?editor=id&way=785121299#map=20/-25.3794322/-49.2862151"}}, {"type": "Feature", "geometry": {"type": "Point", "coordinates": [-49.3064076, -25.4468043]}, "properties": {"id": 800443343, "feat_type": "way", "quality_categories": "older_than_five_years", "issue_ids": "[65]", "osm_url": "https://www.openstreetmap.org/way/800443343", "josm_url": "http://127.0.0.1:8111/load_object?new_layer=false&objects=w800443343", "id_url": "https://www.openstreetmap.org/edit?editor=id&way=800443343#map=20/-25.4468043/-49.3064076"}}, {"type": "Feature", "geometry": {"type": "Point", "coordinates": [-49.3073933, -25.4469054]}, "properties": {"id": 800443344, "feat_type": "way", "quality_categories": "older_than_five_years", "issue_ids": "[66]", "osm_url": "https://www.openstreetmap.org/way/800443344", "josm_url": "http://127.0.0.1:8111/load_object?new_layer=false&objects=w800443344", "id_url": "https://www.openstreetmap.org/edit?editor=id&way=800443344#map=20/-25.4469054/-49.3073933"}}, {"type": "Feature", "geometry": {"type": "Point", "coordinates": [-49.2719206, -25.4943727]}, "properties": {"id": 917715247, "feat_type": "way", "quality_categories": "missing_tags, older_than_five_years", "issue_ids": "[28, 1]", "osm_url": "https://www.openstreetmap.org/way/917715247", "josm_url": "http://127.0.0.1:8111/load_object?new_layer=false&objects=w917715247", "id_url": "https://www.openstreetmap.org/edit?editor=id&way=917715247#map=20/-25.4943727/-49.2719206"}}, {"type": "Feature", "geometry": {"type": "Point", "coordinates": [-49.2718477, -25.494346]}, "properties": {"id": 917715248, "feat_type": "way", "quality_categories": "missing_tags, older_than_five_years", "issue_ids": "[28, 1]", "osm_url": "https://www.openstreetmap.org/way/917715248", "josm_url": "http://127.0.0.1:8111/load_object?new_layer=false&objects=w917715248", "id_url": "https://www.openstreetmap.org/edit?editor=id&way=917715248#map=20/-25.494346/-49.2718477"}}, {"type": "Feature", "geometry": {"type": "Point", "coordinates": [-49.2718287, -25.4944837]}, "properties": {"id": 917715249, "feat_type": "way", "quality_categories": "missing_tags, older_than_five_years", "issue_ids": "[28, 1]", "osm_url": "https://www.openstreetmap.org/way/917715249", "josm_url": "http://127.0.0.1:8111/load_object?new_layer=false&objects=w917715249", "id_url": "https://www.openstreetmap.org/edit?editor=id&way=917715249#map=20/-25.4944837/-49.2718287"}}, {"type": "Feature", "geometry": {"type": "Point", "coordinates": [-49.2831722, -25.3795147]}, "properties": {"id": 939793532, "feat_type": "way", "quality_categories": "missing_tags, older_than_five_years", "issue_ids": "[67, 1]", "osm_url": "https://www.openstreetmap.org/way/939793532", "josm_url": "http://127.0.0.1:8111/load_object?new_layer=false&objects=w939793532", "id_url": "https://www.openstreetmap.org/edit?editor=id&way=939793532#map=20/-25.3795147/-49.2831722"}}, {"type": "Feature", "geometry": {"type": "Point", "coordinates": [-49.2911573, -25.4345154]}, "properties": {"id": 949575272, "feat_type": "way", "quality_categories": "missing_tags, older_than_five_years, uncanny_keys", "issue_ids": "[68, 69, 1]", "osm_url": "https://www.openstreetmap.org/way/949575272", "josm_url": "http://127.0.0.1:8111/load_object?new_layer=false&objects=w949575272", "id_url": "https://www.openstreetmap.org/edit?editor=id&way=949575272#map=20/-25.4345154/-49.2911573"}}, {"type": "Feature", "geometry": {"type": "Point", "coordinates": [-49.2291099, -25.4603906]}, "properties": {"id": 952164909, "feat_type": "way", "quality_categories": "missing_tags, older_than_five_years", "issue_ids": "[70, 1]", "osm_url": "https://www.openstreetmap.org/way/952164909", "josm_url": "http://127.0.0.1:8111/load_object?new_layer=false&objects=w952164909", "id_url": "https://www.openstreetmap.org/edit?editor=id&way=952164909#map=20/-25.4603906/-49.2291099"}}, {"type": "Feature", "geometry": {"type": "Point", "coordinates": [-49.2275982, -25.460876]}, "properties": {"id": 952179482, "feat_type": "way", "quality_categories": "missing_tags, older_than_five_years", "issue_ids": "[71, 1]", "osm_url": "https://www.openstreetmap.org/way/952179482", "josm_url": "http://127.0.0.1:8111/load_object?new_layer=false&objects=w952179482", "id_url": "https://www.openstreetmap.org/edit?editor=id&way=952179482#map=20/-25.460876/-49.2275982"}}, {"type": "Feature", "geometry": {"type": "Point", "coordinates": [-49.2271575, -25.4589491]}, "properties": {"id": 952179484, "feat_type": "way", "quality_categories": "missing_tags, older_than_five_years", "issue_ids": "[72, 1]", "osm_url": "https://www.openstreetmap.org/way/952179484", "josm_url": "http://127.0.0.1:8111/load_object?new_layer=false&objects=w952179484", "id_url": "https://www.openstreetmap.org/edit?editor=id&way=952179484#map=20/-25.4589491/-49.2271575"}}, {"type": "Feature", "geometry": {"type": "Point", "coordinates": [-49.2316662, -25.4544078]}, "properties": {"id": 953197228, "feat_type": "way", "quality_categories": "older_than_five_years", "issue_ids": "[73]", "osm_url": "https://www.openstreetmap.org/way/953197228", "josm_url": "http://127.0.0.1:8111/load_object?new_layer=false&objects=w953197228", "id_url": "https://www.openstreetmap.org/edit?editor=id&way=953197228#map=20/-25.4544078/-49.2316662"}}, {"type": "Feature", "geometry": {"type": "Point", "coordinates": [-49.234305, -25.4637955]}, "properties": {"id": 953199299, "feat_type": "way", "quality_categories": "missing_tags, older_than_five_years", "issue_ids": "[74, 1]", "osm_url": "https://www.openstreetmap.org/way/953199299", "josm_url": "http://127.0.0.1:8111/load_object?new_layer=false&objects=w953199299", "id_url": "https://www.openstreetmap.org/edit?editor=id&way=953199299#map=20/-25.4637955/-49.234305"}}, {"type": "Feature", "geometry": {"type": "Point", "coordinates": [-49.2308596, -25.4646821]}, "properties": {"id": 953199303, "feat_type": "way", "quality_categories": "missing_tags, older_than_five_years", "issue_ids": "[52, 1]", "osm_url": "https://www.openstreetmap.org/way/953199303", "josm_url": "http://127.0.0.1:8111/load_object?new_layer=false&objects=w953199303", "id_url": "https://www.openstreetmap.org/edit?editor=id&way=953199303#map=20/-25.4646821/-49.2308596"}}, {"type": "Feature", "geometry": {"type": "Point", "coordinates": [-49.2340217, -25.4623578]}, "properties": {"id": 953199305, "feat_type": "way", "quality_categories": "missing_tags, older_than_five_years", "issue_ids": "[74, 1]", "osm_url": "https://www.openstreetmap.org/way/953199305", "josm_url": "http://127.0.0.1:8111/load_object?new_layer=false&objects=w953199305", "id_url": "https://www.openstreetmap.org/edit?editor=id&way=953199305#map=20/-25.4623578/-49.2340217"}}, {"type": "Feature", "geometry": {"type": "Point", "coordinates": [-49.2261577, -25.4646546]}, "properties": {"id": 953199744, "feat_type": "way", "quality_categories": "missing_tags, older_than_five_years", "issue_ids": "[74, 1]", "osm_url": "https://www.openstreetmap.org/way/953199744", "josm_url": "http://127.0.0.1:8111/load_object?new_layer=false&objects=w953199744", "id_url": "https://www.openstreetmap.org/edit?editor=id&way=953199744#map=20/-25.4646546/-49.2261577"}}, {"type": "Feature", "geometry": {"type": "Point", "coordinates": [-49.2345239, -25.4710639]}, "properties": {"id": 953200033, "feat_type": "way", "quality_categories": "missing_tags, older_than_five_years", "issue_ids": "[52, 1]", "osm_url": "https://www.openstreetmap.org/way/953200033", "josm_url": "http://127.0.0.1:8111/load_object?new_layer=false&objects=w953200033", "id_url": "https://www.openstreetmap.org/edit?editor=id&way=953200033#map=20/-25.4710639/-49.2345239"}}, {"type": "Feature", "geometry": {"type": "Point", "coordinates": [-49.234585, -25.469357]}, "properties": {"id": 953200037, "feat_type": "way", "quality_categories": "missing_tags, older_than_five_years", "issue_ids": "[74, 1]", "osm_url": "https://www.openstreetmap.org/way/953200037", "josm_url": "http://127.0.0.1:8111/load_object?new_layer=false&objects=w953200037", "id_url": "https://www.openstreetmap.org/edit?editor=id&way=953200037#map=20/-25.469357/-49.234585"}}, {"type": "Feature", "geometry": {"type": "Point", "coordinates": [-49.2336533, -25.4689454]}, "properties": {"id": 953200040, "feat_type": "way", "quality_categories": "missing_tags, older_than_five_years", "issue_ids": "[74, 1]", "osm_url": "https://www.openstreetmap.org/way/953200040", "josm_url": "http://127.0.0.1:8111/load_object?new_layer=false&objects=w953200040", "id_url": "https://www.openstreetmap.org/edit?editor=id&way=953200040#map=20/-25.4689454/-49.2336533"}}, {"type": "Feature", "geometry": {"type": "Point", "coordinates": [-49.2333862, -25.4678522]}, "properties": {"id": 953200053, "feat_type": "way", "quality_categories": "missing_tags, older_than_five_years", "issue_ids": "[75, 1]", "osm_url": "https://www.openstreetmap.org/way/953200053", "josm_url": "http://127.0.0.1:8111/load_object?new_layer=false&objects=w953200053", "id_url": "https://www.openstreetmap.org/edit?editor=id&way=953200053#map=20/-25.4678522/-49.2333862"}}, {"type": "Feature", "geometry": {"type": "Point", "coordinates": [-49.2402559, -25.4551424]}, "properties": {"id": 953200649, "feat_type": "way", "quality_categories": "missing_tags, older_than_five_years", "issue_ids": "[74, 1]", "osm_url": "https://www.openstreetmap.org/way/953200649", "josm_url": "http://127.0.0.1:8111/load_object?new_layer=false&objects=w953200649", "id_url": "https://www.openstreetmap.org/edit?editor=id&way=953200649#map=20/-25.4551424/-49.2402559"}}, {"type": "Feature", "geometry": {"type": "Point", "coordinates": [-49.2284197, -25.4694807]}, "properties": {"id": 953202357, "feat_type": "way", "quality_categories": "older_than_five_years", "issue_ids": "[76]", "osm_url": "https://www.openstreetmap.org/way/953202357", "josm_url": "http://127.0.0.1:8111/load_object?new_layer=false&objects=w953202357", "id_url": "https://www.openstreetmap.org/edit?editor=id&way=953202357#map=20/-25.4694807/-49.2284197"}}, {"type": "Feature", "geometry": {"type": "Point", "coordinates": [-49.2278084, -25.4738306]}, "properties": {"id": 954761095, "feat_type": "way", "quality_categories": "older_than_five_years", "issue_ids": "[70]", "osm_url": "https://www.openstreetmap.org/way/954761095", "josm_url": "http://127.0.0.1:8111/load_object?new_layer=false&objects=w954761095", "id_url": "https://www.openstreetmap.org/edit?editor=id&way=954761095#map=20/-25.4738306/-49.2278084"}}, {"type": "Feature", "geometry": {"type": "Point", "coordinates": [-49.2270405, -25.4729577]}, "properties": {"id": 954761098, "feat_type": "way", "quality_categories": "older_than_five_years", "issue_ids": "[70]", "osm_url": "https://www.openstreetmap.org/way/954761098", "josm_url": "http://127.0.0.1:8111/load_object?new_layer=false&objects=w954761098", "id_url": "https://www.openstreetmap.org/edit?editor=id&way=954761098#map=20/-25.4729577/-49.2270405"}}, {"type": "Feature", "geometry": {"type": "Point", "coordinates": [-49.224477, -25.4674776]}, "properties": {"id": 955077695, "feat_type": "way", "quality_categories": "missing_tags, older_than_five_years", "issue_ids": "[77, 1]", "osm_url": "https://www.openstreetmap.org/way/955077695", "josm_url": "http://127.0.0.1:8111/load_object?new_layer=false&objects=w955077695", "id_url": "https://www.openstreetmap.org/edit?editor=id&way=955077695#map=20/-25.4674776/-49.224477"}}, {"type": "Feature", "geometry": {"type": "Point", "coordinates": [-49.2246244, -25.4683523]}, "properties": {"id": 955086492, "feat_type": "way", "quality_categories": "missing_tags, older_than_five_years", "issue_ids": "[52, 1]", "osm_url": "https://www.openstreetmap.org/way/955086492", "josm_url": "http://127.0.0.1:8111/load_object?new_layer=false&objects=w955086492", "id_url": "https://www.openstreetmap.org/edit?editor=id&way=955086492#map=20/-25.4683523/-49.2246244"}}, {"type": "Feature", "geometry": {"type": "Point", "coordinates": [-49.2277245, -25.4626593]}, "properties": {"id": 955439544, "feat_type": "way", "quality_categories": "missing_tags, older_than_five_years", "issue_ids": "[78, 1]", "osm_url": "https://www.openstreetmap.org/way/955439544", "josm_url": "http://127.0.0.1:8111/load_object?new_layer=false&objects=w955439544", "id_url": "https://www.openstreetmap.org/edit?editor=id&way=955439544#map=20/-25.4626593/-49.2277245"}}, {"type": "Feature", "geometry": {"type": "Point", "coordinates": [-49.2338473, -25.4567676]}, "properties": {"id": 955446109, "feat_type": "way", "quality_categories": "missing_tags, older_than_five_years", "issue_ids": "[79, 1]", "osm_url": "https://www.openstreetmap.org/way/955446109", "josm_url": "http://127.0.0.1:8111/load_object?new_layer=false&objects=w955446109", "id_url": "https://www.openstreetmap.org/edit?editor=id&way=955446109#map=20/-25.4567676/-49.2338473"}}, {"type": "Feature", "geometry": {"type": "Point", "coordinates": [-49.2305389, -25.4566556]}, "properties": {"id": 955490083, "feat_type": "way", "quality_categories": "older_than_five_years", "issue_ids": "[79]", "osm_url": "https://www.openstreetmap.org/way/955490083", "josm_url": "http://127.0.0.1:8111/load_object?new_layer=false&objects=w955490083", "id_url": "https://www.openstreetmap.org/edit?editor=id&way=955490083#map=20/-25.4566556/-49.2305389"}}, {"type": "Feature", "geometry": {"type": "Point", "coordinates": [-49.2313314, -25.456394]}, "properties": {"id": 955508036, "feat_type": "way", "quality_categories": "older_than_five_years", "issue_ids": "[79]", "osm_url": "https://www.openstreetmap.org/way/955508036", "josm_url": "http://127.0.0.1:8111/load_object?new_layer=false&objects=w955508036", "id_url": "https://www.openstreetmap.org/edit?editor=id&way=955508036#map=20/-25.456394/-49.2313314"}}, {"type": "Feature", "geometry": {"type": "Point", "coordinates": [-49.2273619, -25.472736]}, "properties": {"id": 955515349, "feat_type": "way", "quality_categories": "older_than_five_years", "issue_ids": "[80]", "osm_url": "https://www.openstreetmap.org/way/955515349", "josm_url": "http://127.0.0.1:8111/load_object?new_layer=false&objects=w955515349", "id_url": "https://www.openstreetmap.org/edit?editor=id&way=955515349#map=20/-25.472736/-49.2273619"}}, {"type": "Feature", "geometry": {"type": "Point", "coordinates": [-49.2273619, -25.472736]}, "properties": {"id": 955515350, "feat_type": "way", "quality_categories": "older_than_five_years", "issue_ids": "[80]", "osm_url": "https://www.openstreetmap.org/way/955515350", "josm_url": "http://127.0.0.1:8111/load_object?new_layer=false&objects=w955515350", "id_url": "https://www.openstreetmap.org/edit?editor=id&way=955515350#map=20/-25.472736/-49.2273619"}}, {"type": "Feature", "geometry": {"type": "Point", "coordinates": [-49.2265447, -25.4614456]}, "properties": {"id": 955847247, "feat_type": "way", "quality_categories": "older_than_five_years", "issue_ids": "[81]", "osm_url": "https://www.openstreetmap.org/way/955847247", "josm_url": "http://127.0.0.1:8111/load_object?new_layer=false&objects=w955847247", "id_url": "https://www.openstreetmap.org/edit?editor=id&way=955847247#map=20/-25.4614456/-49.2265447"}}, {"type": "Feature", "geometry": {"type": "Point", "coordinates": [-49.2269471, -25.4623398]}, "properties": {"id": 955847248, "feat_type": "way", "quality_categories": "older_than_five_years", "issue_ids": "[81]", "osm_url": "https://www.openstreetmap.org/way/955847248", "josm_url": "http://127.0.0.1:8111/load_object?new_layer=false&objects=w955847248", "id_url": "https://www.openstreetmap.org/edit?editor=id&way=955847248#map=20/-25.4623398/-49.2269471"}}, {"type": "Feature", "geometry": {"type": "Point", "coordinates": [-49.227458, -25.4632256]}, "properties": {"id": 957929752, "feat_type": "way", "quality_categories": "missing_tags, older_than_five_years", "issue_ids": "[81, 1]", "osm_url": "https://www.openstreetmap.org/way/957929752", "josm_url": "http://127.0.0.1:8111/load_object?new_layer=false&objects=w957929752", "id_url": "https://www.openstreetmap.org/edit?editor=id&way=957929752#map=20/-25.4632256/-49.227458"}}, {"type": "Feature", "geometry": {"type": "Point", "coordinates": [-49.2277753, -25.4619981]}, "properties": {"id": 957929753, "feat_type": "way", "quality_categories": "missing_tags, older_than_five_years", "issue_ids": "[81, 1]", "osm_url": "https://www.openstreetmap.org/way/957929753", "josm_url": "http://127.0.0.1:8111/load_object?new_layer=false&objects=w957929753", "id_url": "https://www.openstreetmap.org/edit?editor=id&way=957929753#map=20/-25.4619981/-49.2277753"}}, {"type": "Feature", "geometry": {"type": "Point", "coordinates": [-49.2251802, -25.4630501]}, "properties": {"id": 957929758, "feat_type": "way", "quality_categories": "missing_tags, older_than_five_years", "issue_ids": "[81, 1]", "osm_url": "https://www.openstreetmap.org/way/957929758", "josm_url": "http://127.0.0.1:8111/load_object?new_layer=false&objects=w957929758", "id_url": "https://www.openstreetmap.org/edit?editor=id&way=957929758#map=20/-25.4630501/-49.2251802"}}, {"type": "Feature", "geometry": {"type": "Point", "coordinates": [-49.2273429, -25.4727618]}, "properties": {"id": 958624045, "feat_type": "way", "quality_categories": "older_than_five_years", "issue_ids": "[82]", "osm_url": "https://www.openstreetmap.org/way/958624045", "josm_url": "http://127.0.0.1:8111/load_object?new_layer=false&objects=w958624045", "id_url": "https://www.openstreetmap.org/edit?editor=id&way=958624045#map=20/-25.4727618/-49.2273429"}}, {"type": "Feature", "geometry": {"type": "Point", "coordinates": [-49.2271515, -25.4730214]}, "properties": {"id": 958624046, "feat_type": "way", "quality_categories": "older_than_five_years", "issue_ids": "[82]", "osm_url": "https://www.openstreetmap.org/way/958624046", "josm_url": "http://127.0.0.1:8111/load_object?new_layer=false&objects=w958624046", "id_url": "https://www.openstreetmap.org/edit?editor=id&way=958624046#map=20/-25.4730214/-49.2271515"}}, {"type": "Feature", "geometry": {"type": "Point", "coordinates": [-49.2271262, -25.4730558]}, "properties": {"id": 958624047, "feat_type": "way", "quality_categories": "older_than_five_years", "issue_ids": "[82]", "osm_url": "https://www.openstreetmap.org/way/958624047", "josm_url": "http://127.0.0.1:8111/load_object?new_layer=false&objects=w958624047", "id_url": "https://www.openstreetmap.org/edit?editor=id&way=958624047#map=20/-25.4730558/-49.2271262"}}, {"type": "Feature", "geometry": {"type": "Point", "coordinates": [-49.2271262, -25.4730558]}, "properties": {"id": 958624048, "feat_type": "way", "quality_categories": "older_than_five_years", "issue_ids": "[82]", "osm_url": "https://www.openstreetmap.org/way/958624048", "josm_url": "http://127.0.0.1:8111/load_object?new_layer=false&objects=w958624048", "id_url": "https://www.openstreetmap.org/edit?editor=id&way=958624048#map=20/-25.4730558/-49.2271262"}}, {"type": "Feature", "geometry": {"type": "Point", "coordinates": [-49.2270543, -25.4731542]}, "properties": {"id": 958624049, "feat_type": "way", "quality_categories": "older_than_five_years", "issue_ids": "[82]", "osm_url": "https://www.openstreetmap.org/way/958624049", "josm_url": "http://127.0.0.1:8111/load_object?new_layer=false&objects=w958624049", "id_url": "https://www.openstreetmap.org/edit?editor=id&way=958624049#map=20/-25.4731542/-49.2270543"}}, {"type": "Feature", "geometry": {"type": "Point", "coordinates": [-49.2270543, -25.4731542]}, "properties": {"id": 958624050, "feat_type": "way", "quality_categories": "older_than_five_years", "issue_ids": "[82]", "osm_url": "https://www.openstreetmap.org/way/958624050", "josm_url": "http://127.0.0.1:8111/load_object?new_layer=false&objects=w958624050", "id_url": "https://www.openstreetmap.org/edit?editor=id&way=958624050#map=20/-25.4731542/-49.2270543"}}, {"type": "Feature", "geometry": {"type": "Point", "coordinates": [-49.2269636, -25.4732773]}, "properties": {"id": 958624051, "feat_type": "way", "quality_categories": "older_than_five_years", "issue_ids": "[82]", "osm_url": "https://www.openstreetmap.org/way/958624051", "josm_url": "http://127.0.0.1:8111/load_object?new_layer=false&objects=w958624051", "id_url": "https://www.openstreetmap.org/edit?editor=id&way=958624051#map=20/-25.4732773/-49.2269636"}}, {"type": "Feature", "geometry": {"type": "Point", "coordinates": [-49.2268868, -25.473521]}, "properties": {"id": 958624052, "feat_type": "way", "quality_categories": "older_than_five_years", "issue_ids": "[83]", "osm_url": "https://www.openstreetmap.org/way/958624052", "josm_url": "http://127.0.0.1:8111/load_object?new_layer=false&objects=w958624052", "id_url": "https://www.openstreetmap.org/edit?editor=id&way=958624052#map=20/-25.473521/-49.2268868"}}, {"type": "Feature", "geometry": {"type": "Point", "coordinates": [-49.2277059, -25.4738234]}, "properties": {"id": 958624054, "feat_type": "way", "quality_categories": "older_than_five_years", "issue_ids": "[82]", "osm_url": "https://www.openstreetmap.org/way/958624054", "josm_url": "http://127.0.0.1:8111/load_object?new_layer=false&objects=w958624054", "id_url": "https://www.openstreetmap.org/edit?editor=id&way=958624054#map=20/-25.4738234/-49.2277059"}}, {"type": "Feature", "geometry": {"type": "Point", "coordinates": [-49.2284914, -25.4728828]}, "properties": {"id": 958624055, "feat_type": "way", "quality_categories": "older_than_five_years", "issue_ids": "[82]", "osm_url": "https://www.openstreetmap.org/way/958624055", "josm_url": "http://127.0.0.1:8111/load_object?new_layer=false&objects=w958624055", "id_url": "https://www.openstreetmap.org/edit?editor=id&way=958624055#map=20/-25.4728828/-49.2284914"}}, {"type": "Feature", "geometry": {"type": "Point", "coordinates": [-49.2293319, -25.4728487]}, "properties": {"id": 958628447, "feat_type": "way", "quality_categories": "older_than_five_years", "issue_ids": "[82]", "osm_url": "https://www.openstreetmap.org/way/958628447", "josm_url": "http://127.0.0.1:8111/load_object?new_layer=false&objects=w958628447", "id_url": "https://www.openstreetmap.org/edit?editor=id&way=958628447#map=20/-25.4728487/-49.2293319"}}, {"type": "Feature", "geometry": {"type": "Point", "coordinates": [-49.2293585, -25.472864]}, "properties": {"id": 958628448, "feat_type": "way", "quality_categories": "older_than_five_years", "issue_ids": "[82]", "osm_url": "https://www.openstreetmap.org/way/958628448", "josm_url": "http://127.0.0.1:8111/load_object?new_layer=false&objects=w958628448", "id_url": "https://www.openstreetmap.org/edit?editor=id&way=958628448#map=20/-25.472864/-49.2293585"}}, {"type": "Feature", "geometry": {"type": "Point", "coordinates": [-49.2296189, -25.4730128]}, "properties": {"id": 958628449, "feat_type": "way", "quality_categories": "older_than_five_years", "issue_ids": "[82]", "osm_url": "https://www.openstreetmap.org/way/958628449", "josm_url": "http://127.0.0.1:8111/load_object?new_layer=false&objects=w958628449", "id_url": "https://www.openstreetmap.org/edit?editor=id&way=958628449#map=20/-25.4730128/-49.2296189"}}, {"type": "Feature", "geometry": {"type": "Point", "coordinates": [-49.2296729, -25.473044]}, "properties": {"id": 958628450, "feat_type": "way", "quality_categories": "older_than_five_years", "issue_ids": "[82]", "osm_url": "https://www.openstreetmap.org/way/958628450", "josm_url": "http://127.0.0.1:8111/load_object?new_layer=false&objects=w958628450", "id_url": "https://www.openstreetmap.org/edit?editor=id&way=958628450#map=20/-25.473044/-49.2296729"}}, {"type": "Feature", "geometry": {"type": "Point", "coordinates": [-49.2301143, -25.4733068]}, "properties": {"id": 958628451, "feat_type": "way", "quality_categories": "older_than_five_years", "issue_ids": "[82]", "osm_url": "https://www.openstreetmap.org/way/958628451", "josm_url": "http://127.0.0.1:8111/load_object?new_layer=false&objects=w958628451", "id_url": "https://www.openstreetmap.org/edit?editor=id&way=958628451#map=20/-25.4733068/-49.2301143"}}, {"type": "Feature", "geometry": {"type": "Point", "coordinates": [-49.2298163, -25.4731269]}, "properties": {"id": 958628452, "feat_type": "way", "quality_categories": "older_than_five_years", "issue_ids": "[82]", "osm_url": "https://www.openstreetmap.org/way/958628452", "josm_url": "http://127.0.0.1:8111/load_object?new_layer=false&objects=w958628452", "id_url": "https://www.openstreetmap.org/edit?editor=id&way=958628452#map=20/-25.4731269/-49.2298163"}}, {"type": "Feature", "geometry": {"type": "Point", "coordinates": [-49.2301611, -25.4733351]}, "properties": {"id": 958628453, "feat_type": "way", "quality_categories": "older_than_five_years", "issue_ids": "[82]", "osm_url": "https://www.openstreetmap.org/way/958628453", "josm_url": "http://127.0.0.1:8111/load_object?new_layer=false&objects=w958628453", "id_url": "https://www.openstreetmap.org/edit?editor=id&way=958628453#map=20/-25.4733351/-49.2301611"}}, {"type": "Feature", "geometry": {"type": "Point", "coordinates": [-49.2302112, -25.4733653]}, "properties": {"id": 958628454, "feat_type": "way", "quality_categories": "older_than_five_years", "issue_ids": "[82]", "osm_url": "https://www.openstreetmap.org/way/958628454", "josm_url": "http://127.0.0.1:8111/load_object?new_layer=false&objects=w958628454", "id_url": "https://www.openstreetmap.org/edit?editor=id&way=958628454#map=20/-25.4733653/-49.2302112"}}, {"type": "Feature", "geometry": {"type": "Point", "coordinates": [-49.2302847, -25.4733709]}, "properties": {"id": 958628455, "feat_type": "way", "quality_categories": "older_than_five_years", "issue_ids": "[82]", "osm_url": "https://www.openstreetmap.org/way/958628455", "josm_url": "http://127.0.0.1:8111/load_object?new_layer=false&objects=w958628455", "id_url": "https://www.openstreetmap.org/edit?editor=id&way=958628455#map=20/-25.4733709/-49.2302847"}}, {"type": "Feature", "geometry": {"type": "Point", "coordinates": [-49.2306168, -25.4729524]}, "properties": {"id": 958628456, "feat_type": "way", "quality_categories": "older_than_five_years", "issue_ids": "[82]", "osm_url": "https://www.openstreetmap.org/way/958628456", "josm_url": "http://127.0.0.1:8111/load_object?new_layer=false&objects=w958628456", "id_url": "https://www.openstreetmap.org/edit?editor=id&way=958628456#map=20/-25.4729524/-49.2306168"}}, {"type": "Feature", "geometry": {"type": "Point", "coordinates": [-49.2306259, -25.4729398]}, "properties": {"id": 958628457, "feat_type": "way", "quality_categories": "older_than_five_years", "issue_ids": "[82]", "osm_url": "https://www.openstreetmap.org/way/958628457", "josm_url": "http://127.0.0.1:8111/load_object?new_layer=false&objects=w958628457", "id_url": "https://www.openstreetmap.org/edit?editor=id&way=958628457#map=20/-25.4729398/-49.2306259"}}, {"type": "Feature", "geometry": {"type": "Point", "coordinates": [-49.2306783, -25.472867]}, "properties": {"id": 958628458, "feat_type": "way", "quality_categories": "older_than_five_years", "issue_ids": "[82]", "osm_url": "https://www.openstreetmap.org/way/958628458", "josm_url": "http://127.0.0.1:8111/load_object?new_layer=false&objects=w958628458", "id_url": "https://www.openstreetmap.org/edit?editor=id&way=958628458#map=20/-25.472867/-49.2306783"}}, {"type": "Feature", "geometry": {"type": "Point", "coordinates": [-49.2307198, -25.4728095]}, "properties": {"id": 958628459, "feat_type": "way", "quality_categories": "older_than_five_years", "issue_ids": "[82]", "osm_url": "https://www.openstreetmap.org/way/958628459", "josm_url": "http://127.0.0.1:8111/load_object?new_layer=false&objects=w958628459", "id_url": "https://www.openstreetmap.org/edit?editor=id&way=958628459#map=20/-25.4728095/-49.2307198"}}, {"type": "Feature", "geometry": {"type": "Point", "coordinates": [-49.2291123, -25.4727188]}, "properties": {"id": 958628467, "feat_type": "way", "quality_categories": "missing_tags, older_than_five_years", "issue_ids": "[82, 1]", "osm_url": "https://www.openstreetmap.org/way/958628467", "josm_url": "http://127.0.0.1:8111/load_object?new_layer=false&objects=w958628467", "id_url": "https://www.openstreetmap.org/edit?editor=id&way=958628467#map=20/-25.4727188/-49.2291123"}}, {"type": "Feature", "geometry": {"type": "Point", "coordinates": [-49.224989, -25.4728904]}, "properties": {"id": 960107183, "feat_type": "way", "quality_categories": "missing_tags, older_than_five_years", "issue_ids": "[52, 1]", "osm_url": "https://www.openstreetmap.org/way/960107183", "josm_url": "http://127.0.0.1:8111/load_object?new_layer=false&objects=w960107183", "id_url": "https://www.openstreetmap.org/edit?editor=id&way=960107183#map=20/-25.4728904/-49.224989"}}, {"type": "Feature", "geometry": {"type": "Point", "coordinates": [-49.2345522, -25.4585987]}, "properties": {"id": 961034056, "feat_type": "way", "quality_categories": "missing_tags, older_than_five_years", "issue_ids": "[70, 1]", "osm_url": "https://www.openstreetmap.org/way/961034056", "josm_url": "http://127.0.0.1:8111/load_object?new_layer=false&objects=w961034056", "id_url": "https://www.openstreetmap.org/edit?editor=id&way=961034056#map=20/-25.4585987/-49.2345522"}}, {"type": "Feature", "geometry": {"type": "Point", "coordinates": [-49.2259405, -25.4727682]}, "properties": {"id": 961136429, "feat_type": "way", "quality_categories": "older_than_five_years", "issue_ids": "[70]", "osm_url": "https://www.openstreetmap.org/way/961136429", "josm_url": "http://127.0.0.1:8111/load_object?new_layer=false&objects=w961136429", "id_url": "https://www.openstreetmap.org/edit?editor=id&way=961136429#map=20/-25.4727682/-49.2259405"}}, {"type": "Feature", "geometry": {"type": "Point", "coordinates": [-49.2259405, -25.4727682]}, "properties": {"id": 961136430, "feat_type": "way", "quality_categories": "older_than_five_years", "issue_ids": "[70]", "osm_url": "https://www.openstreetmap.org/way/961136430", "josm_url": "http://127.0.0.1:8111/load_object?new_layer=false&objects=w961136430", "id_url": "https://www.openstreetmap.org/edit?editor=id&way=961136430#map=20/-25.4727682/-49.2259405"}}, {"type": "Feature", "geometry": {"type": "Point", "coordinates": [-49.2258545, -25.4728835]}, "properties": {"id": 961136431, "feat_type": "way", "quality_categories": "older_than_five_years", "issue_ids": "[70]", "osm_url": "https://www.openstreetmap.org/way/961136431", "josm_url": "http://127.0.0.1:8111/load_object?new_layer=false&objects=w961136431", "id_url": "https://www.openstreetmap.org/edit?editor=id&way=961136431#map=20/-25.4728835/-49.2258545"}}, {"type": "Feature", "geometry": {"type": "Point", "coordinates": [-49.2258185, -25.4729319]}, "properties": {"id": 961136432, "feat_type": "way", "quality_categories": "older_than_five_years", "issue_ids": "[70]", "osm_url": "https://www.openstreetmap.org/way/961136432", "josm_url": "http://127.0.0.1:8111/load_object?new_layer=false&objects=w961136432", "id_url": "https://www.openstreetmap.org/edit?editor=id&way=961136432#map=20/-25.4729319/-49.2258185"}}, {"type": "Feature", "geometry": {"type": "Point", "coordinates": [-49.2257987, -25.4729584]}, "properties": {"id": 961136433, "feat_type": "way", "quality_categories": "older_than_five_years", "issue_ids": "[70]", "osm_url": "https://www.openstreetmap.org/way/961136433", "josm_url": "http://127.0.0.1:8111/load_object?new_layer=false&objects=w961136433", "id_url": "https://www.openstreetmap.org/edit?editor=id&way=961136433#map=20/-25.4729584/-49.2257987"}}, {"type": "Feature", "geometry": {"type": "Point", "coordinates": [-49.2257187, -25.4730735]}, "properties": {"id": 961136434, "feat_type": "way", "quality_categories": "older_than_five_years", "issue_ids": "[70]", "osm_url": "https://www.openstreetmap.org/way/961136434", "josm_url": "http://127.0.0.1:8111/load_object?new_layer=false&objects=w961136434", "id_url": "https://www.openstreetmap.org/edit?editor=id&way=961136434#map=20/-25.4730735/-49.2257187"}}, {"type": "Feature", "geometry": {"type": "Point", "coordinates": [-49.225831, -25.4731635]}, "properties": {"id": 961136435, "feat_type": "way", "quality_categories": "older_than_five_years", "issue_ids": "[70]", "osm_url": "https://www.openstreetmap.org/way/961136435", "josm_url": "http://127.0.0.1:8111/load_object?new_layer=false&objects=w961136435", "id_url": "https://www.openstreetmap.org/edit?editor=id&way=961136435#map=20/-25.4731635/-49.225831"}}, {"type": "Feature", "geometry": {"type": "Point", "coordinates": [-49.2261717, -25.4732828]}, "properties": {"id": 961136436, "feat_type": "way", "quality_categories": "older_than_five_years", "issue_ids": "[70]", "osm_url": "https://www.openstreetmap.org/way/961136436", "josm_url": "http://127.0.0.1:8111/load_object?new_layer=false&objects=w961136436", "id_url": "https://www.openstreetmap.org/edit?editor=id&way=961136436#map=20/-25.4732828/-49.2261717"}}, {"type": "Feature", "geometry": {"type": "Point", "coordinates": [-49.2261717, -25.4732828]}, "properties": {"id": 961136437, "feat_type": "way", "quality_categories": "older_than_five_years, wrong_mispelled_or_unlisted_values", "issue_ids": "[84, 70]", "osm_url": "https://www.openstreetmap.org/way/961136437", "josm_url": "http://127.0.0.1:8111/load_object?new_layer=false&objects=w961136437", "id_url": "https://www.openstreetmap.org/edit?editor=id&way=961136437#map=20/-25.4732828/-49.2261717"}}, {"type": "Feature", "geometry": {"type": "Point", "coordinates": [-49.2263086, -25.4733308]}, "properties": {"id": 961136438, "feat_type": "way", "quality_categories": "older_than_five_years", "issue_ids": "[70]", "osm_url": "https://www.openstreetmap.org/way/961136438", "josm_url": "http://127.0.0.1:8111/load_object?new_layer=false&objects=w961136438", "id_url": "https://www.openstreetmap.org/edit?editor=id&way=961136438#map=20/-25.4733308/-49.2263086"}}, {"type": "Feature", "geometry": {"type": "Point", "coordinates": [-49.2263086, -25.4733308]}, "properties": {"id": 961136439, "feat_type": "way", "quality_categories": "older_than_five_years", "issue_ids": "[70]", "osm_url": "https://www.openstreetmap.org/way/961136439", "josm_url": "http://127.0.0.1:8111/load_object?new_layer=false&objects=w961136439", "id_url": "https://www.openstreetmap.org/edit?editor=id&way=961136439#map=20/-25.4733308/-49.2263086"}}, {"type": "Feature", "geometry": {"type": "Point", "coordinates": [-49.2265059, -25.4733999]}, "properties": {"id": 961136440, "feat_type": "way", "quality_categories": "older_than_five_years", "issue_ids": "[70]", "osm_url": "https://www.openstreetmap.org/way/961136440", "josm_url": "http://127.0.0.1:8111/load_object?new_layer=false&objects=w961136440", "id_url": "https://www.openstreetmap.org/edit?editor=id&way=961136440#map=20/-25.4733999/-49.2265059"}}, {"type": "Feature", "geometry": {"type": "Point", "coordinates": [-49.22672, -25.4734219]}, "properties": {"id": 961136441, "feat_type": "way", "quality_categories": "older_than_five_years", "issue_ids": "[70]", "osm_url": "https://www.openstreetmap.org/way/961136441", "josm_url": "http://127.0.0.1:8111/load_object?new_layer=false&objects=w961136441", "id_url": "https://www.openstreetmap.org/edit?editor=id&way=961136441#map=20/-25.4734219/-49.22672"}}, {"type": "Feature", "geometry": {"type": "Point", "coordinates": [-49.2267462, -25.4733839]}, "properties": {"id": 961136442, "feat_type": "way", "quality_categories": "older_than_five_years, wrong_mispelled_or_unlisted_values", "issue_ids": "[84, 70]", "osm_url": "https://www.openstreetmap.org/way/961136442", "josm_url": "http://127.0.0.1:8111/load_object?new_layer=false&objects=w961136442", "id_url": "https://www.openstreetmap.org/edit?editor=id&way=961136442#map=20/-25.4733839/-49.2267462"}}, {"type": "Feature", "geometry": {"type": "Point", "coordinates": [-49.2267845, -25.4733285]}, "properties": {"id": 961136443, "feat_type": "way", "quality_categories": "older_than_five_years", "issue_ids": "[70]", "osm_url": "https://www.openstreetmap.org/way/961136443", "josm_url": "http://127.0.0.1:8111/load_object?new_layer=false&objects=w961136443", "id_url": "https://www.openstreetmap.org/edit?editor=id&way=961136443#map=20/-25.4733285/-49.2267845"}}, {"type": "Feature", "geometry": {"type": "Point", "coordinates": [-49.2268075, -25.4732953]}, "properties": {"id": 961136444, "feat_type": "way", "quality_categories": "older_than_five_years", "issue_ids": "[70]", "osm_url": "https://www.openstreetmap.org/way/961136444", "josm_url": "http://127.0.0.1:8111/load_object?new_layer=false&objects=w961136444", "id_url": "https://www.openstreetmap.org/edit?editor=id&way=961136444#map=20/-25.4732953/-49.2268075"}}, {"type": "Feature", "geometry": {"type": "Point", "coordinates": [-49.2269197, -25.4731327]}, "properties": {"id": 961136445, "feat_type": "way", "quality_categories": "older_than_five_years", "issue_ids": "[70]", "osm_url": "https://www.openstreetmap.org/way/961136445", "josm_url": "http://127.0.0.1:8111/load_object?new_layer=false&objects=w961136445", "id_url": "https://www.openstreetmap.org/edit?editor=id&way=961136445#map=20/-25.4731327/-49.2269197"}}, {"type": "Feature", "geometry": {"type": "Point", "coordinates": [-49.2269754, -25.473052]}, "properties": {"id": 961136446, "feat_type": "way", "quality_categories": "older_than_five_years", "issue_ids": "[70]", "osm_url": "https://www.openstreetmap.org/way/961136446", "josm_url": "http://127.0.0.1:8111/load_object?new_layer=false&objects=w961136446", "id_url": "https://www.openstreetmap.org/edit?editor=id&way=961136446#map=20/-25.473052/-49.2269754"}}, {"type": "Feature", "geometry": {"type": "Point", "coordinates": [-49.2269824, -25.4730418]}, "properties": {"id": 961136447, "feat_type": "way", "quality_categories": "older_than_five_years", "issue_ids": "[70]", "osm_url": "https://www.openstreetmap.org/way/961136447", "josm_url": "http://127.0.0.1:8111/load_object?new_layer=false&objects=w961136447", "id_url": "https://www.openstreetmap.org/edit?editor=id&way=961136447#map=20/-25.4730418/-49.2269824"}}, {"type": "Feature", "geometry": {"type": "Point", "coordinates": [-49.2271062, -25.4728624]}, "properties": {"id": 961136448, "feat_type": "way", "quality_categories": "older_than_five_years", "issue_ids": "[70]", "osm_url": "https://www.openstreetmap.org/way/961136448", "josm_url": "http://127.0.0.1:8111/load_object?new_layer=false&objects=w961136448", "id_url": "https://www.openstreetmap.org/edit?editor=id&way=961136448#map=20/-25.4728624/-49.2271062"}}, {"type": "Feature", "geometry": {"type": "Point", "coordinates": [-49.2271768, -25.4727627]}, "properties": {"id": 961136449, "feat_type": "way", "quality_categories": "older_than_five_years", "issue_ids": "[70]", "osm_url": "https://www.openstreetmap.org/way/961136449", "josm_url": "http://127.0.0.1:8111/load_object?new_layer=false&objects=w961136449", "id_url": "https://www.openstreetmap.org/edit?editor=id&way=961136449#map=20/-25.4727627/-49.2271768"}}, {"type": "Feature", "geometry": {"type": "Point", "coordinates": [-49.2271768, -25.4727627]}, "properties": {"id": 961136450, "feat_type": "way", "quality_categories": "older_than_five_years", "issue_ids": "[70]", "osm_url": "https://www.openstreetmap.org/way/961136450", "josm_url": "http://127.0.0.1:8111/load_object?new_layer=false&objects=w961136450", "id_url": "https://www.openstreetmap.org/edit?editor=id&way=961136450#map=20/-25.4727627/-49.2271768"}}, {"type": "Feature", "geometry": {"type": "Point", "coordinates": [-49.2356023, -25.4646668]}, "properties": {"id": 961712910, "feat_type": "way", "quality_categories": "missing_tags, older_than_five_years", "issue_ids": "[85, 1]", "osm_url": "https://www.openstreetmap.org/way/961712910", "josm_url": "http://127.0.0.1:8111/load_object?new_layer=false&objects=w961712910", "id_url": "https://www.openstreetmap.org/edit?editor=id&way=961712910#map=20/-25.4646668/-49.2356023"}}, {"type": "Feature", "geometry": {"type": "Point", "coordinates": [-49.305076, -25.4056933]}, "properties": {"id": 976501301, "feat_type": "way", "quality_categories": "missing_tags, older_than_five_years", "issue_ids": "[4, 1]", "osm_url": "https://www.openstreetmap.org/way/976501301", "josm_url": "http://127.0.0.1:8111/load_object?new_layer=false&objects=w976501301", "id_url": "https://www.openstreetmap.org/edit?editor=id&way=976501301#map=20/-25.4056933/-49.305076"}}, {"type": "Feature", "geometry": {"type": "Point", "coordinates": [-49.3051524, -25.4057355]}, "properties": {"id": 976501302, "feat_type": "way", "quality_categories": "missing_tags, older_than_five_years", "issue_ids": "[4, 1]", "osm_url": "https://www.openstreetmap.org/way/976501302", "josm_url": "http://127.0.0.1:8111/load_object?new_layer=false&objects=w976501302", "id_url": "https://www.openstreetmap.org/edit?editor=id&way=976501302#map=20/-25.4057355/-49.3051524"}}, {"type": "Feature", "geometry": {"type": "Point", "coordinates": [-49.3153649, -25.4308369]}, "properties": {"id": 976508033, "feat_type": "way", "quality_categories": "missing_tags, older_than_five_years", "issue_ids": "[4, 1]", "osm_url": "https://www.openstreetmap.org/way/976508033", "josm_url": "http://127.0.0.1:8111/load_object?new_layer=false&objects=w976508033", "id_url": "https://www.openstreetmap.org/edit?editor=id&way=976508033#map=20/-25.4308369/-49.3153649"}}, {"type": "Feature", "geometry": {"type": "Point", "coordinates": [-49.2862017, -25.3794713]}, "properties": {"id": 976509626, "feat_type": "way", "quality_categories": "missing_tags, older_than_five_years", "issue_ids": "[4, 1]", "osm_url": "https://www.openstreetmap.org/way/976509626", "josm_url": "http://127.0.0.1:8111/load_object?new_layer=false&objects=w976509626", "id_url": "https://www.openstreetmap.org/edit?editor=id&way=976509626#map=20/-25.3794713/-49.2862017"}}, {"type": "Feature", "geometry": {"type": "Point", "coordinates": [-49.2974226, -25.4024811]}, "properties": {"id": 976513027, "feat_type": "way", "quality_categories": "missing_tags, older_than_five_years", "issue_ids": "[4, 1]", "osm_url": "https://www.openstreetmap.org/way/976513027", "josm_url": "http://127.0.0.1:8111/load_object?new_layer=false&objects=w976513027", "id_url": "https://www.openstreetmap.org/edit?editor=id&way=976513027#map=20/-25.4024811/-49.2974226"}}, {"type": "Feature", "geometry": {"type": "Point", "coordinates": [-49.297522, -25.4025035]}, "properties": {"id": 976513028, "feat_type": "way", "quality_categories": "missing_tags, older_than_five_years", "issue_ids": "[4, 1]", "osm_url": "https://www.openstreetmap.org/way/976513028", "josm_url": "http://127.0.0.1:8111/load_object?new_layer=false&objects=w976513028", "id_url": "https://www.openstreetmap.org/edit?editor=id&way=976513028#map=20/-25.4025035/-49.297522"}}, {"type": "Feature", "geometry": {"type": "Point", "coordinates": [-49.2972524, -25.4023468]}, "properties": {"id": 976513029, "feat_type": "way", "quality_categories": "missing_tags, older_than_five_years", "issue_ids": "[4, 1]", "osm_url": "https://www.openstreetmap.org/way/976513029", "josm_url": "http://127.0.0.1:8111/load_object?new_layer=false&objects=w976513029", "id_url": "https://www.openstreetmap.org/edit?editor=id&way=976513029#map=20/-25.4023468/-49.2972524"}}, {"type": "Feature", "geometry": {"type": "Point", "coordinates": [-49.283389, -25.3970514]}, "properties": {"id": 977036018, "feat_type": "way", "quality_categories": "missing_tags, older_than_five_years", "issue_ids": "[86, 1]", "osm_url": "https://www.openstreetmap.org/way/977036018", "josm_url": "http://127.0.0.1:8111/load_object?new_layer=false&objects=w977036018", "id_url": "https://www.openstreetmap.org/edit?editor=id&way=977036018#map=20/-25.3970514/-49.283389"}}]}