{"type": "FeatureCollection", "features": [{"type": "Feature", "geometry": {"type": "Point", "coordinates": [9.1817789, 45.4677208]}, "properties": {"id": 7980051, "feat_type": "way", "quality_categories": "uncanny_keys", "issue_ids": "[0]", "osm_url": "https://www.openstreetmap.org/way/7980051", "josm_url": "http://127.0.0.1:8111/load_object?new_layer=false&objects=w7980051", "id_url": "https://www.openstreetmap.org/edit?editor=id&way=7980051#map=20/45.4677208/9.1817789"}}, {"type": "Feature", "geometry": {"type": "Point", "coordinates": [9.1502129, 45.4961677]}, "properties": {"id": 23650775, "feat_type": "way", "quality_categories": "uncanny_keys", "issue_ids": "[1]", "osm_url": "https://www.openstreetmap.org/way/23650775", "josm_url": "http://127.0.0.1:8111/load_object?new_layer=false&objects=w23650775", "id_url": "https://www.openstreetmap.org/edit?editor=id&way=23650775#map=20/45.4961677/9.1502129"}}, {"type": "Feature", "geometry": {"type": "Point", "coordinates": [9.1922499, 45.4586058]}, "properties": {"id": 24971164, "feat_type": "way", "quality_categories": "uncanny_keys", "issue_ids": "[2]", "osm_url": "https://www.openstreetmap.org/way/24971164", "josm_url": "http://127.0.0.1:8111/load_object?new_layer=false&objects=w24971164", "id_url": "https://www.openstreetmap.org/edit?editor=id&way=24971164#map=20/45.4586058/9.1922499"}}, {"type": "Feature", "geometry": {"type": "Point", "coordinates": [9.1713491, 45.4509781]}, "properties": {"id": 30849924, "feat_type": "way", "quality_categories": "uncanny_keys", "issue_ids": "[3]", "osm_url": "https://www.openstreetmap.org/way/30849924", "josm_url": "http://127.0.0.1:8111/load_object?new_layer=false&objects=w30849924", "id_url": "https://www.openstreetmap.org/edit?editor=id&way=30849924#map=20/45.4509781/9.1713491"}}, {"type": "Feature", "geometry": {"type": "Point", "coordinates": [9.1833425, 45.4579585]}, "properties": {"id": 35361602, "feat_type": "way", "quality_categories": "uncanny_keys", "issue_ids": "[4]", "osm_url": "https://www.openstreetmap.org/way/35361602", "josm_url": "http://127.0.0.1:8111/load_object?new_layer=false&objects=w35361602", "id_url": "https://www.openstreetmap.org/edit?editor=id&way=35361602#map=20/45.4579585/9.1833425"}}, {"type": "Feature", "geometry": {"type": "Point", "coordinates": [9.2042213, 45.4714402]}, "properties": {"id": 42882787, "feat_type": "way", "quality_categories": "uncanny_keys", "issue_ids": "[5]", "osm_url": "https://www.openstreetmap.org/way/42882787", "josm_url": "http://127.0.0.1:8111/load_object?new_layer=false&objects=w42882787", "id_url": "https://www.openstreetmap.org/edit?editor=id&way=42882787#map=20/45.4714402/9.2042213"}}, {"type": "Feature", "geometry": {"type": "Point", "coordinates": [9.1880416, 45.4641953]}, "properties": {"id": 45178843, "feat_type": "way", "quality_categories": "uncanny_keys", "issue_ids": "[6]", "osm_url": "https://www.openstreetmap.org/way/45178843", "josm_url": "http://127.0.0.1:8111/load_object?new_layer=false&objects=w45178843", "id_url": "https://www.openstreetmap.org/edit?editor=id&way=45178843#map=20/45.4641953/9.1880416"}}, {"type": "Feature", "geometry": {"type": "Point", "coordinates": [9.1884256, 45.4641917]}, "properties": {"id": 45178844, "feat_type": "way", "quality_categories": "uncanny_keys", "issue_ids": "[6]", "osm_url": "https://www.openstreetmap.org/way/45178844", "josm_url": "http://127.0.0.1:8111/load_object?new_layer=false&objects=w45178844", "id_url": "https://www.openstreetmap.org/edit?editor=id&way=45178844#map=20/45.4641917/9.1884256"}}, {"type": "Feature", "geometry": {"type": "Point", "coordinates": [9.1884256, 45.4641917]}, "properties": {"id": 45178846, "feat_type": "way", "quality_categories": "uncanny_keys", "issue_ids": "[6]", "osm_url": "https://www.openstreetmap.org/way/45178846", "josm_url": "http://127.0.0.1:8111/load_object?new_layer=false&objects=w45178846", "id_url": "https://www.openstreetmap.org/edit?editor=id&way=45178846#map=20/45.4641917/9.1884256"}}, {"type": "Feature", "geometry": {"type": "Point", "coordinates": [9.1879053, 45.4643713]}, "properties": {"id": 45178854, "feat_type": "way", "quality_categories": "uncanny_keys", "issue_ids": "[7]", "osm_url": "https://www.openstreetmap.org/way/45178854", "josm_url": "http://127.0.0.1:8111/load_object?new_layer=false&objects=w45178854", "id_url": "https://www.openstreetmap.org/edit?editor=id&way=45178854#map=20/45.4643713/9.1879053"}}, {"type": "Feature", "geometry": {"type": "Point", "coordinates": [9.1862836, 45.4963006]}, "properties": {"id": 47431540, "feat_type": "way", "quality_categories": "uncanny_keys", "issue_ids": "[8]", "osm_url": "https://www.openstreetmap.org/way/47431540", "josm_url": "http://127.0.0.1:8111/load_object?new_layer=false&objects=w47431540", "id_url": "https://www.openstreetmap.org/edit?editor=id&way=47431540#map=20/45.4963006/9.1862836"}}, {"type": "Feature", "geometry": {"type": "Point", "coordinates": [9.1107014, 45.4964005]}, "properties": {"id": 65411873, "feat_type": "way", "quality_categories": "missing_tags, uncanny_keys", "issue_ids": "[9, 10]", "osm_url": "https://www.openstreetmap.org/way/65411873", "josm_url": "http://127.0.0.1:8111/load_object?new_layer=false&objects=w65411873", "id_url": "https://www.openstreetmap.org/edit?editor=id&way=65411873#map=20/45.4964005/9.1107014"}}, {"type": "Feature", "geometry": {"type": "Point", "coordinates": [9.1190284, 45.4733671]}, "properties": {"id": 77791560, "feat_type": "way", "quality_categories": "missing_tags, uncanny_keys", "issue_ids": "[11, 10]", "osm_url": "https://www.openstreetmap.org/way/77791560", "josm_url": "http://127.0.0.1:8111/load_object?new_layer=false&objects=w77791560", "id_url": "https://www.openstreetmap.org/edit?editor=id&way=77791560#map=20/45.4733671/9.1190284"}}, {"type": "Feature", "geometry": {"type": "Point", "coordinates": [9.2024571, 45.4292112]}, "properties": {"id": 134765959, "feat_type": "way", "quality_categories": "missing_tags, uncanny_keys", "issue_ids": "[12, 10]", "osm_url": "https://www.openstreetmap.org/way/134765959", "josm_url": "http://127.0.0.1:8111/load_object?new_layer=false&objects=w134765959", "id_url": "https://www.openstreetmap.org/edit?editor=id&way=134765959#map=20/45.4292112/9.2024571"}}, {"type": "Feature", "geometry": {"type": "Point", "coordinates": [9.1946012, 45.4628757]}, "properties": {"id": 134765971, "feat_type": "way", "quality_categories": "missing_tags, uncanny_keys", "issue_ids": "[13, 10]", "osm_url": "https://www.openstreetmap.org/way/134765971", "josm_url": "http://127.0.0.1:8111/load_object?new_layer=false&objects=w134765971", "id_url": "https://www.openstreetmap.org/edit?editor=id&way=134765971#map=20/45.4628757/9.1946012"}}, {"type": "Feature", "geometry": {"type": "Point", "coordinates": [9.2023375, 45.429196]}, "properties": {"id": 134765978, "feat_type": "way", "quality_categories": "missing_tags, uncanny_keys", "issue_ids": "[12, 10]", "osm_url": "https://www.openstreetmap.org/way/134765978", "josm_url": "http://127.0.0.1:8111/load_object?new_layer=false&objects=w134765978", "id_url": "https://www.openstreetmap.org/edit?editor=id&way=134765978#map=20/45.429196/9.2023375"}}, {"type": "Feature", "geometry": {"type": "Point", "coordinates": [9.1920326, 45.5186993]}, "properties": {"id": 136292211, "feat_type": "way", "quality_categories": "uncanny_keys", "issue_ids": "[14]", "osm_url": "https://www.openstreetmap.org/way/136292211", "josm_url": "http://127.0.0.1:8111/load_object?new_layer=false&objects=w136292211", "id_url": "https://www.openstreetmap.org/edit?editor=id&way=136292211#map=20/45.5186993/9.1920326"}}, {"type": "Feature", "geometry": {"type": "Point", "coordinates": [9.1903168, 45.508962]}, "properties": {"id": 136292491, "feat_type": "way", "quality_categories": "uncanny_keys", "issue_ids": "[15]", "osm_url": "https://www.openstreetmap.org/way/136292491", "josm_url": "http://127.0.0.1:8111/load_object?new_layer=false&objects=w136292491", "id_url": "https://www.openstreetmap.org/edit?editor=id&way=136292491#map=20/45.508962/9.1903168"}}, {"type": "Feature", "geometry": {"type": "Point", "coordinates": [9.1909516, 45.511361]}, "properties": {"id": 136292495, "feat_type": "way", "quality_categories": "uncanny_keys", "issue_ids": "[16]", "osm_url": "https://www.openstreetmap.org/way/136292495", "josm_url": "http://127.0.0.1:8111/load_object?new_layer=false&objects=w136292495", "id_url": "https://www.openstreetmap.org/edit?editor=id&way=136292495#map=20/45.511361/9.1909516"}}, {"type": "Feature", "geometry": {"type": "Point", "coordinates": [9.1908611, 45.5113835]}, "properties": {"id": 136292498, "feat_type": "way", "quality_categories": "uncanny_keys", "issue_ids": "[16]", "osm_url": "https://www.openstreetmap.org/way/136292498", "josm_url": "http://127.0.0.1:8111/load_object?new_layer=false&objects=w136292498", "id_url": "https://www.openstreetmap.org/edit?editor=id&way=136292498#map=20/45.5113835/9.1908611"}}, {"type": "Feature", "geometry": {"type": "Point", "coordinates": [9.1860367, 45.498255]}, "properties": {"id": 136292541, "feat_type": "way", "quality_categories": "uncanny_keys", "issue_ids": "[17]", "osm_url": "https://www.openstreetmap.org/way/136292541", "josm_url": "http://127.0.0.1:8111/load_object?new_layer=false&objects=w136292541", "id_url": "https://www.openstreetmap.org/edit?editor=id&way=136292541#map=20/45.498255/9.1860367"}}, {"type": "Feature", "geometry": {"type": "Point", "coordinates": [9.1882369, 45.5012697]}, "properties": {"id": 136292543, "feat_type": "way", "quality_categories": "missing_tags, uncanny_keys", "issue_ids": "[18, 10]", "osm_url": "https://www.openstreetmap.org/way/136292543", "josm_url": "http://127.0.0.1:8111/load_object?new_layer=false&objects=w136292543", "id_url": "https://www.openstreetmap.org/edit?editor=id&way=136292543#map=20/45.5012697/9.1882369"}}, {"type": "Feature", "geometry": {"type": "Point", "coordinates": [9.1853281, 45.4981496]}, "properties": {"id": 136292545, "feat_type": "way", "quality_categories": "uncanny_keys", "issue_ids": "[17]", "osm_url": "https://www.openstreetmap.org/way/136292545", "josm_url": "http://127.0.0.1:8111/load_object?new_layer=false&objects=w136292545", "id_url": "https://www.openstreetmap.org/edit?editor=id&way=136292545#map=20/45.4981496/9.1853281"}}, {"type": "Feature", "geometry": {"type": "Point", "coordinates": [9.1890631, 45.5029633]}, "properties": {"id": 136292546, "feat_type": "way", "quality_categories": "missing_tags, uncanny_keys", "issue_ids": "[19, 10]", "osm_url": "https://www.openstreetmap.org/way/136292546", "josm_url": "http://127.0.0.1:8111/load_object?new_layer=false&objects=w136292546", "id_url": "https://www.openstreetmap.org/edit?editor=id&way=136292546#map=20/45.5029633/9.1890631"}}, {"type": "Feature", "geometry": {"type": "Point", "coordinates": [9.1850807, 45.4945811]}, "properties": {"id": 136292570, "feat_type": "way", "quality_categories": "uncanny_keys", "issue_ids": "[20]", "osm_url": "https://www.openstreetmap.org/way/136292570", "josm_url": "http://127.0.0.1:8111/load_object?new_layer=false&objects=w136292570", "id_url": "https://www.openstreetmap.org/edit?editor=id&way=136292570#map=20/45.4945811/9.1850807"}}, {"type": "Feature", "geometry": {"type": "Point", "coordinates": [9.1852896, 45.4943702]}, "properties": {"id": 136292573, "feat_type": "way", "quality_categories": "uncanny_keys", "issue_ids": "[21]", "osm_url": "https://www.openstreetmap.org/way/136292573", "josm_url": "http://127.0.0.1:8111/load_object?new_layer=false&objects=w136292573", "id_url": "https://www.openstreetmap.org/edit?editor=id&way=136292573#map=20/45.4943702/9.1852896"}}, {"type": "Feature", "geometry": {"type": "Point", "coordinates": [9.2111791, 45.5255173]}, "properties": {"id": 136293243, "feat_type": "way", "quality_categories": "uncanny_keys", "issue_ids": "[22]", "osm_url": "https://www.openstreetmap.org/way/136293243", "josm_url": "http://127.0.0.1:8111/load_object?new_layer=false&objects=w136293243", "id_url": "https://www.openstreetmap.org/edit?editor=id&way=136293243#map=20/45.5255173/9.2111791"}}, {"type": "Feature", "geometry": {"type": "Point", "coordinates": [9.2077239, 45.5143239]}, "properties": {"id": 136293669, "feat_type": "way", "quality_categories": "uncanny_keys", "issue_ids": "[23]", "osm_url": "https://www.openstreetmap.org/way/136293669", "josm_url": "http://127.0.0.1:8111/load_object?new_layer=false&objects=w136293669", "id_url": "https://www.openstreetmap.org/edit?editor=id&way=136293669#map=20/45.5143239/9.2077239"}}, {"type": "Feature", "geometry": {"type": "Point", "coordinates": [9.2279171, 45.5139426]}, "properties": {"id": 136294419, "feat_type": "way", "quality_categories": "uncanny_keys", "issue_ids": "[24]", "osm_url": "https://www.openstreetmap.org/way/136294419", "josm_url": "http://127.0.0.1:8111/load_object?new_layer=false&objects=w136294419", "id_url": "https://www.openstreetmap.org/edit?editor=id&way=136294419#map=20/45.5139426/9.2279171"}}, {"type": "Feature", "geometry": {"type": "Point", "coordinates": [9.2243848, 45.513559]}, "properties": {"id": 136294420, "feat_type": "way", "quality_categories": "uncanny_keys", "issue_ids": "[25]", "osm_url": "https://www.openstreetmap.org/way/136294420", "josm_url": "http://127.0.0.1:8111/load_object?new_layer=false&objects=w136294420", "id_url": "https://www.openstreetmap.org/edit?editor=id&way=136294420#map=20/45.513559/9.2243848"}}, {"type": "Feature", "geometry": {"type": "Point", "coordinates": [9.2311291, 45.5143282]}, "properties": {"id": 136294443, "feat_type": "way", "quality_categories": "uncanny_keys", "issue_ids": "[26]", "osm_url": "https://www.openstreetmap.org/way/136294443", "josm_url": "http://127.0.0.1:8111/load_object?new_layer=false&objects=w136294443", "id_url": "https://www.openstreetmap.org/edit?editor=id&way=136294443#map=20/45.5143282/9.2311291"}}, {"type": "Feature", "geometry": {"type": "Point", "coordinates": [9.172161, 45.4548769]}, "properties": {"id": 136992459, "feat_type": "way", "quality_categories": "uncanny_keys", "issue_ids": "[27]", "osm_url": "https://www.openstreetmap.org/way/136992459", "josm_url": "http://127.0.0.1:8111/load_object?new_layer=false&objects=w136992459", "id_url": "https://www.openstreetmap.org/edit?editor=id&way=136992459#map=20/45.4548769/9.172161"}}, {"type": "Feature", "geometry": {"type": "Point", "coordinates": [9.1775704, 45.4292005]}, "properties": {"id": 137206432, "feat_type": "way", "quality_categories": "uncanny_keys", "issue_ids": "[28]", "osm_url": "https://www.openstreetmap.org/way/137206432", "josm_url": "http://127.0.0.1:8111/load_object?new_layer=false&objects=w137206432", "id_url": "https://www.openstreetmap.org/edit?editor=id&way=137206432#map=20/45.4292005/9.1775704"}}, {"type": "Feature", "geometry": {"type": "Point", "coordinates": [9.1774698, 45.4292042]}, "properties": {"id": 137206434, "feat_type": "way", "quality_categories": "uncanny_keys", "issue_ids": "[28]", "osm_url": "https://www.openstreetmap.org/way/137206434", "josm_url": "http://127.0.0.1:8111/load_object?new_layer=false&objects=w137206434", "id_url": "https://www.openstreetmap.org/edit?editor=id&way=137206434#map=20/45.4292042/9.1774698"}}, {"type": "Feature", "geometry": {"type": "Point", "coordinates": [9.173423, 45.3985865]}, "properties": {"id": 137207549, "feat_type": "way", "quality_categories": "missing_tags, uncanny_keys", "issue_ids": "[29, 10]", "osm_url": "https://www.openstreetmap.org/way/137207549", "josm_url": "http://127.0.0.1:8111/load_object?new_layer=false&objects=w137207549", "id_url": "https://www.openstreetmap.org/edit?editor=id&way=137207549#map=20/45.3985865/9.173423"}}, {"type": "Feature", "geometry": {"type": "Point", "coordinates": [9.1734176, 45.3977804]}, "properties": {"id": 137207550, "feat_type": "way", "quality_categories": "missing_tags, uncanny_keys", "issue_ids": "[29, 10]", "osm_url": "https://www.openstreetmap.org/way/137207550", "josm_url": "http://127.0.0.1:8111/load_object?new_layer=false&objects=w137207550", "id_url": "https://www.openstreetmap.org/edit?editor=id&way=137207550#map=20/45.3977804/9.1734176"}}, {"type": "Feature", "geometry": {"type": "Point", "coordinates": [9.1742943, 45.4038744]}, "properties": {"id": 137207941, "feat_type": "way", "quality_categories": "missing_tags, uncanny_keys", "issue_ids": "[30, 10]", "osm_url": "https://www.openstreetmap.org/way/137207941", "josm_url": "http://127.0.0.1:8111/load_object?new_layer=false&objects=w137207941", "id_url": "https://www.openstreetmap.org/edit?editor=id&way=137207941#map=20/45.4038744/9.1742943"}}, {"type": "Feature", "geometry": {"type": "Point", "coordinates": [9.1745697, 45.40391]}, "properties": {"id": 137207943, "feat_type": "way", "quality_categories": "missing_tags, uncanny_keys", "issue_ids": "[30, 10]", "osm_url": "https://www.openstreetmap.org/way/137207943", "josm_url": "http://127.0.0.1:8111/load_object?new_layer=false&objects=w137207943", "id_url": "https://www.openstreetmap.org/edit?editor=id&way=137207943#map=20/45.40391/9.1745697"}}, {"type": "Feature", "geometry": {"type": "Point", "coordinates": [9.1745174, 45.4035753]}, "properties": {"id": 137207945, "feat_type": "way", "quality_categories": "missing_tags, uncanny_keys", "issue_ids": "[31, 10]", "osm_url": "https://www.openstreetmap.org/way/137207945", "josm_url": "http://127.0.0.1:8111/load_object?new_layer=false&objects=w137207945", "id_url": "https://www.openstreetmap.org/edit?editor=id&way=137207945#map=20/45.4035753/9.1745174"}}, {"type": "Feature", "geometry": {"type": "Point", "coordinates": [9.1739236, 45.4035907]}, "properties": {"id": 137207946, "feat_type": "way", "quality_categories": "missing_tags, uncanny_keys", "issue_ids": "[30, 10]", "osm_url": "https://www.openstreetmap.org/way/137207946", "josm_url": "http://127.0.0.1:8111/load_object?new_layer=false&objects=w137207946", "id_url": "https://www.openstreetmap.org/edit?editor=id&way=137207946#map=20/45.4035907/9.1739236"}}, {"type": "Feature", "geometry": {"type": "Point", "coordinates": [9.1747533, 45.4066905]}, "properties": {"id": 137208456, "feat_type": "way", "quality_categories": "missing_tags, uncanny_keys", "issue_ids": "[32, 10]", "osm_url": "https://www.openstreetmap.org/way/137208456", "josm_url": "http://127.0.0.1:8111/load_object?new_layer=false&objects=w137208456", "id_url": "https://www.openstreetmap.org/edit?editor=id&way=137208456#map=20/45.4066905/9.1747533"}}, {"type": "Feature", "geometry": {"type": "Point", "coordinates": [9.174663, 45.4067127]}, "properties": {"id": 137208459, "feat_type": "way", "quality_categories": "uncanny_keys", "issue_ids": "[32]", "osm_url": "https://www.openstreetmap.org/way/137208459", "josm_url": "http://127.0.0.1:8111/load_object?new_layer=false&objects=w137208459", "id_url": "https://www.openstreetmap.org/edit?editor=id&way=137208459#map=20/45.4067127/9.174663"}}, {"type": "Feature", "geometry": {"type": "Point", "coordinates": [9.1744583, 45.4103017]}, "properties": {"id": 137208711, "feat_type": "way", "quality_categories": "missing_tags, uncanny_keys", "issue_ids": "[33, 10]", "osm_url": "https://www.openstreetmap.org/way/137208711", "josm_url": "http://127.0.0.1:8111/load_object?new_layer=false&objects=w137208711", "id_url": "https://www.openstreetmap.org/edit?editor=id&way=137208711#map=20/45.4103017/9.1744583"}}, {"type": "Feature", "geometry": {"type": "Point", "coordinates": [9.1748061, 45.4144841]}, "properties": {"id": 137208712, "feat_type": "way", "quality_categories": "uncanny_keys", "issue_ids": "[34]", "osm_url": "https://www.openstreetmap.org/way/137208712", "josm_url": "http://127.0.0.1:8111/load_object?new_layer=false&objects=w137208712", "id_url": "https://www.openstreetmap.org/edit?editor=id&way=137208712#map=20/45.4144841/9.1748061"}}, {"type": "Feature", "geometry": {"type": "Point", "coordinates": [9.1743463, 45.4105153]}, "properties": {"id": 137208713, "feat_type": "way", "quality_categories": "missing_tags, uncanny_keys", "issue_ids": "[33, 10]", "osm_url": "https://www.openstreetmap.org/way/137208713", "josm_url": "http://127.0.0.1:8111/load_object?new_layer=false&objects=w137208713", "id_url": "https://www.openstreetmap.org/edit?editor=id&way=137208713#map=20/45.4105153/9.1743463"}}, {"type": "Feature", "geometry": {"type": "Point", "coordinates": [9.1748711, 45.4142461]}, "properties": {"id": 137208714, "feat_type": "way", "quality_categories": "uncanny_keys", "issue_ids": "[34]", "osm_url": "https://www.openstreetmap.org/way/137208714", "josm_url": "http://127.0.0.1:8111/load_object?new_layer=false&objects=w137208714", "id_url": "https://www.openstreetmap.org/edit?editor=id&way=137208714#map=20/45.4142461/9.1748711"}}, {"type": "Feature", "geometry": {"type": "Point", "coordinates": [9.175416, 45.418599]}, "properties": {"id": 137208735, "feat_type": "way", "quality_categories": "uncanny_keys", "issue_ids": "[35]", "osm_url": "https://www.openstreetmap.org/way/137208735", "josm_url": "http://127.0.0.1:8111/load_object?new_layer=false&objects=w137208735", "id_url": "https://www.openstreetmap.org/edit?editor=id&way=137208735#map=20/45.418599/9.175416"}}, {"type": "Feature", "geometry": {"type": "Point", "coordinates": [9.1754686, 45.4183892]}, "properties": {"id": 137208736, "feat_type": "way", "quality_categories": "uncanny_keys", "issue_ids": "[35]", "osm_url": "https://www.openstreetmap.org/way/137208736", "josm_url": "http://127.0.0.1:8111/load_object?new_layer=false&objects=w137208736", "id_url": "https://www.openstreetmap.org/edit?editor=id&way=137208736#map=20/45.4183892/9.1754686"}}, {"type": "Feature", "geometry": {"type": "Point", "coordinates": [9.17711, 45.4246168]}, "properties": {"id": 137209406, "feat_type": "way", "quality_categories": "missing_tags, uncanny_keys", "issue_ids": "[36, 10]", "osm_url": "https://www.openstreetmap.org/way/137209406", "josm_url": "http://127.0.0.1:8111/load_object?new_layer=false&objects=w137209406", "id_url": "https://www.openstreetmap.org/edit?editor=id&way=137209406#map=20/45.4246168/9.17711"}}, {"type": "Feature", "geometry": {"type": "Point", "coordinates": [9.176978, 45.4228943]}, "properties": {"id": 137209409, "feat_type": "way", "quality_categories": "missing_tags, uncanny_keys", "issue_ids": "[37, 10]", "osm_url": "https://www.openstreetmap.org/way/137209409", "josm_url": "http://127.0.0.1:8111/load_object?new_layer=false&objects=w137209409", "id_url": "https://www.openstreetmap.org/edit?editor=id&way=137209409#map=20/45.4228943/9.176978"}}, {"type": "Feature", "geometry": {"type": "Point", "coordinates": [9.1772905, 45.4267474]}, "properties": {"id": 137209410, "feat_type": "way", "quality_categories": "missing_tags, uncanny_keys", "issue_ids": "[38, 10]", "osm_url": "https://www.openstreetmap.org/way/137209410", "josm_url": "http://127.0.0.1:8111/load_object?new_layer=false&objects=w137209410", "id_url": "https://www.openstreetmap.org/edit?editor=id&way=137209410#map=20/45.4267474/9.1772905"}}, {"type": "Feature", "geometry": {"type": "Point", "coordinates": [9.1772589, 45.4274149]}, "properties": {"id": 137209412, "feat_type": "way", "quality_categories": "missing_tags, uncanny_keys", "issue_ids": "[38, 10]", "osm_url": "https://www.openstreetmap.org/way/137209412", "josm_url": "http://127.0.0.1:8111/load_object?new_layer=false&objects=w137209412", "id_url": "https://www.openstreetmap.org/edit?editor=id&way=137209412#map=20/45.4274149/9.1772589"}}, {"type": "Feature", "geometry": {"type": "Point", "coordinates": [9.1768895, 45.4230773]}, "properties": {"id": 137209415, "feat_type": "way", "quality_categories": "missing_tags, uncanny_keys", "issue_ids": "[37, 10]", "osm_url": "https://www.openstreetmap.org/way/137209415", "josm_url": "http://127.0.0.1:8111/load_object?new_layer=false&objects=w137209415", "id_url": "https://www.openstreetmap.org/edit?editor=id&way=137209415#map=20/45.4230773/9.1768895"}}, {"type": "Feature", "geometry": {"type": "Point", "coordinates": [9.2094331, 45.5224218]}, "properties": {"id": 138137353, "feat_type": "way", "quality_categories": "uncanny_keys", "issue_ids": "[39]", "osm_url": "https://www.openstreetmap.org/way/138137353", "josm_url": "http://127.0.0.1:8111/load_object?new_layer=false&objects=w138137353", "id_url": "https://www.openstreetmap.org/edit?editor=id&way=138137353#map=20/45.5224218/9.2094331"}}, {"type": "Feature", "geometry": {"type": "Point", "coordinates": [9.2099042, 45.5222533]}, "properties": {"id": 138137357, "feat_type": "way", "quality_categories": "uncanny_keys", "issue_ids": "[39]", "osm_url": "https://www.openstreetmap.org/way/138137357", "josm_url": "http://127.0.0.1:8111/load_object?new_layer=false&objects=w138137357", "id_url": "https://www.openstreetmap.org/edit?editor=id&way=138137357#map=20/45.5222533/9.2099042"}}, {"type": "Feature", "geometry": {"type": "Point", "coordinates": [9.1997604, 45.5066988]}, "properties": {"id": 138137755, "feat_type": "way", "quality_categories": "uncanny_keys", "issue_ids": "[40]", "osm_url": "https://www.openstreetmap.org/way/138137755", "josm_url": "http://127.0.0.1:8111/load_object?new_layer=false&objects=w138137755", "id_url": "https://www.openstreetmap.org/edit?editor=id&way=138137755#map=20/45.5066988/9.1997604"}}, {"type": "Feature", "geometry": {"type": "Point", "coordinates": [9.200099, 45.5063827]}, "properties": {"id": 138137756, "feat_type": "way", "quality_categories": "uncanny_keys", "issue_ids": "[40]", "osm_url": "https://www.openstreetmap.org/way/138137756", "josm_url": "http://127.0.0.1:8111/load_object?new_layer=false&objects=w138137756", "id_url": "https://www.openstreetmap.org/edit?editor=id&way=138137756#map=20/45.5063827/9.200099"}}, {"type": "Feature", "geometry": {"type": "Point", "coordinates": [9.1854879, 45.4486275]}, "properties": {"id": 138300683, "feat_type": "way", "quality_categories": "uncanny_keys", "issue_ids": "[41]", "osm_url": "https://www.openstreetmap.org/way/138300683", "josm_url": "http://127.0.0.1:8111/load_object?new_layer=false&objects=w138300683", "id_url": "https://www.openstreetmap.org/edit?editor=id&way=138300683#map=20/45.4486275/9.1854879"}}, {"type": "Feature", "geometry": {"type": "Point", "coordinates": [9.1834053, 45.4374854]}, "properties": {"id": 138302220, "feat_type": "way", "quality_categories": "missing_tags, uncanny_keys", "issue_ids": "[42, 10]", "osm_url": "https://www.openstreetmap.org/way/138302220", "josm_url": "http://127.0.0.1:8111/load_object?new_layer=false&objects=w138302220", "id_url": "https://www.openstreetmap.org/edit?editor=id&way=138302220#map=20/45.4374854/9.1834053"}}, {"type": "Feature", "geometry": {"type": "Point", "coordinates": [9.1837022, 45.4347878]}, "properties": {"id": 138302221, "feat_type": "way", "quality_categories": "uncanny_keys", "issue_ids": "[43]", "osm_url": "https://www.openstreetmap.org/way/138302221", "josm_url": "http://127.0.0.1:8111/load_object?new_layer=false&objects=w138302221", "id_url": "https://www.openstreetmap.org/edit?editor=id&way=138302221#map=20/45.4347878/9.1837022"}}, {"type": "Feature", "geometry": {"type": "Point", "coordinates": [9.183465, 45.4378339]}, "properties": {"id": 138302222, "feat_type": "way", "quality_categories": "missing_tags, uncanny_keys", "issue_ids": "[42, 10]", "osm_url": "https://www.openstreetmap.org/way/138302222", "josm_url": "http://127.0.0.1:8111/load_object?new_layer=false&objects=w138302222", "id_url": "https://www.openstreetmap.org/edit?editor=id&way=138302222#map=20/45.4378339/9.183465"}}, {"type": "Feature", "geometry": {"type": "Point", "coordinates": [9.1371353, 45.5078665]}, "properties": {"id": 140608176, "feat_type": "way", "quality_categories": "uncanny_keys", "issue_ids": "[44]", "osm_url": "https://www.openstreetmap.org/way/140608176", "josm_url": "http://127.0.0.1:8111/load_object?new_layer=false&objects=w140608176", "id_url": "https://www.openstreetmap.org/edit?editor=id&way=140608176#map=20/45.5078665/9.1371353"}}, {"type": "Feature", "geometry": {"type": "Point", "coordinates": [9.1731162, 45.5207159]}, "properties": {"id": 144391227, "feat_type": "way", "quality_categories": "uncanny_keys", "issue_ids": "[45]", "osm_url": "https://www.openstreetmap.org/way/144391227", "josm_url": "http://127.0.0.1:8111/load_object?new_layer=false&objects=w144391227", "id_url": "https://www.openstreetmap.org/edit?editor=id&way=144391227#map=20/45.5207159/9.1731162"}}, {"type": "Feature", "geometry": {"type": "Point", "coordinates": [9.1662352, 45.5016304]}, "properties": {"id": 144908106, "feat_type": "way", "quality_categories": "missing_tags, uncanny_keys", "issue_ids": "[46, 10]", "osm_url": "https://www.openstreetmap.org/way/144908106", "josm_url": "http://127.0.0.1:8111/load_object?new_layer=false&objects=w144908106", "id_url": "https://www.openstreetmap.org/edit?editor=id&way=144908106#map=20/45.5016304/9.1662352"}}, {"type": "Feature", "geometry": {"type": "Point", "coordinates": [9.1659458, 45.501752]}, "properties": {"id": 144908107, "feat_type": "way", "quality_categories": "missing_tags, uncanny_keys", "issue_ids": "[46, 10]", "osm_url": "https://www.openstreetmap.org/way/144908107", "josm_url": "http://127.0.0.1:8111/load_object?new_layer=false&objects=w144908107", "id_url": "https://www.openstreetmap.org/edit?editor=id&way=144908107#map=20/45.501752/9.1659458"}}, {"type": "Feature", "geometry": {"type": "Point", "coordinates": [9.1732113, 45.5217101]}, "properties": {"id": 145240632, "feat_type": "way", "quality_categories": "uncanny_keys", "issue_ids": "[47]", "osm_url": "https://www.openstreetmap.org/way/145240632", "josm_url": "http://127.0.0.1:8111/load_object?new_layer=false&objects=w145240632", "id_url": "https://www.openstreetmap.org/edit?editor=id&way=145240632#map=20/45.5217101/9.1732113"}}, {"type": "Feature", "geometry": {"type": "Point", "coordinates": [9.1989551, 45.4637777]}, "properties": {"id": 149762814, "feat_type": "way", "quality_categories": "uncanny_keys", "issue_ids": "[48]", "osm_url": "https://www.openstreetmap.org/way/149762814", "josm_url": "http://127.0.0.1:8111/load_object?new_layer=false&objects=w149762814", "id_url": "https://www.openstreetmap.org/edit?editor=id&way=149762814#map=20/45.4637777/9.1989551"}}, {"type": "Feature", "geometry": {"type": "Point", "coordinates": [9.2200187, 45.4834551]}, "properties": {"id": 160174098, "feat_type": "way", "quality_categories": "uncanny_keys", "issue_ids": "[49]", "osm_url": "https://www.openstreetmap.org/way/160174098", "josm_url": "http://127.0.0.1:8111/load_object?new_layer=false&objects=w160174098", "id_url": "https://www.openstreetmap.org/edit?editor=id&way=160174098#map=20/45.4834551/9.2200187"}}, {"type": "Feature", "geometry": {"type": "Point", "coordinates": [9.187846, 45.4727046]}, "properties": {"id": 160615596, "feat_type": "way", "quality_categories": "uncanny_keys", "issue_ids": "[50]", "osm_url": "https://www.openstreetmap.org/way/160615596", "josm_url": "http://127.0.0.1:8111/load_object?new_layer=false&objects=w160615596", "id_url": "https://www.openstreetmap.org/edit?editor=id&way=160615596#map=20/45.4727046/9.187846"}}, {"type": "Feature", "geometry": {"type": "Point", "coordinates": [9.1946687, 45.4759598]}, "properties": {"id": 162729526, "feat_type": "way", "quality_categories": "missing_tags, uncanny_keys", "issue_ids": "[51, 10]", "osm_url": "https://www.openstreetmap.org/way/162729526", "josm_url": "http://127.0.0.1:8111/load_object?new_layer=false&objects=w162729526", "id_url": "https://www.openstreetmap.org/edit?editor=id&way=162729526#map=20/45.4759598/9.1946687"}}, {"type": "Feature", "geometry": {"type": "Point", "coordinates": [9.1914773, 45.4656324]}, "properties": {"id": 165419179, "feat_type": "way", "quality_categories": "uncanny_keys", "issue_ids": "[52]", "osm_url": "https://www.openstreetmap.org/way/165419179", "josm_url": "http://127.0.0.1:8111/load_object?new_layer=false&objects=w165419179", "id_url": "https://www.openstreetmap.org/edit?editor=id&way=165419179#map=20/45.4656324/9.1914773"}}, {"type": "Feature", "geometry": {"type": "Point", "coordinates": [9.1889827, 45.4612254]}, "properties": {"id": 168734360, "feat_type": "way", "quality_categories": "uncanny_keys", "issue_ids": "[53]", "osm_url": "https://www.openstreetmap.org/way/168734360", "josm_url": "http://127.0.0.1:8111/load_object?new_layer=false&objects=w168734360", "id_url": "https://www.openstreetmap.org/edit?editor=id&way=168734360#map=20/45.4612254/9.1889827"}}, {"type": "Feature", "geometry": {"type": "Point", "coordinates": [9.2358258, 45.4847735]}, "properties": {"id": 172812602, "feat_type": "way", "quality_categories": "uncanny_keys", "issue_ids": "[54]", "osm_url": "https://www.openstreetmap.org/way/172812602", "josm_url": "http://127.0.0.1:8111/load_object?new_layer=false&objects=w172812602", "id_url": "https://www.openstreetmap.org/edit?editor=id&way=172812602#map=20/45.4847735/9.2358258"}}, {"type": "Feature", "geometry": {"type": "Point", "coordinates": [9.1929233, 45.4802708]}, "properties": {"id": 221328369, "feat_type": "way", "quality_categories": "missing_tags, uncanny_keys", "issue_ids": "[55, 10]", "osm_url": "https://www.openstreetmap.org/way/221328369", "josm_url": "http://127.0.0.1:8111/load_object?new_layer=false&objects=w221328369", "id_url": "https://www.openstreetmap.org/edit?editor=id&way=221328369#map=20/45.4802708/9.1929233"}}, {"type": "Feature", "geometry": {"type": "Point", "coordinates": [9.1925481, 45.4802546]}, "properties": {"id": 221328370, "feat_type": "way", "quality_categories": "missing_tags, uncanny_keys", "issue_ids": "[56, 10]", "osm_url": "https://www.openstreetmap.org/way/221328370", "josm_url": "http://127.0.0.1:8111/load_object?new_layer=false&objects=w221328370", "id_url": "https://www.openstreetmap.org/edit?editor=id&way=221328370#map=20/45.4802546/9.1925481"}}, {"type": "Feature", "geometry": {"type": "Point", "coordinates": [9.197786, 45.4780422]}, "properties": {"id": 221328705, "feat_type": "way", "quality_categories": "uncanny_keys", "issue_ids": "[57]", "osm_url": "https://www.openstreetmap.org/way/221328705", "josm_url": "http://127.0.0.1:8111/load_object?new_layer=false&objects=w221328705", "id_url": "https://www.openstreetmap.org/edit?editor=id&way=221328705#map=20/45.4780422/9.197786"}}, {"type": "Feature", "geometry": {"type": "Point", "coordinates": [9.206545, 45.4721318]}, "properties": {"id": 221329287, "feat_type": "way", "quality_categories": "uncanny_keys", "issue_ids": "[58]", "osm_url": "https://www.openstreetmap.org/way/221329287", "josm_url": "http://127.0.0.1:8111/load_object?new_layer=false&objects=w221329287", "id_url": "https://www.openstreetmap.org/edit?editor=id&way=221329287#map=20/45.4721318/9.206545"}}, {"type": "Feature", "geometry": {"type": "Point", "coordinates": [9.1878983, 45.461609]}, "properties": {"id": 222857317, "feat_type": "way", "quality_categories": "uncanny_keys", "issue_ids": "[59]", "osm_url": "https://www.openstreetmap.org/way/222857317", "josm_url": "http://127.0.0.1:8111/load_object?new_layer=false&objects=w222857317", "id_url": "https://www.openstreetmap.org/edit?editor=id&way=222857317#map=20/45.461609/9.1878983"}}, {"type": "Feature", "geometry": {"type": "Point", "coordinates": [9.1879274, 45.4641964]}, "properties": {"id": 233634302, "feat_type": "way", "quality_categories": "uncanny_keys", "issue_ids": "[6]", "osm_url": "https://www.openstreetmap.org/way/233634302", "josm_url": "http://127.0.0.1:8111/load_object?new_layer=false&objects=w233634302", "id_url": "https://www.openstreetmap.org/edit?editor=id&way=233634302#map=20/45.4641964/9.1879274"}}, {"type": "Feature", "geometry": {"type": "Point", "coordinates": [9.2020693, 45.4847035]}, "properties": {"id": 236828462, "feat_type": "way", "quality_categories": "uncanny_keys", "issue_ids": "[60]", "osm_url": "https://www.openstreetmap.org/way/236828462", "josm_url": "http://127.0.0.1:8111/load_object?new_layer=false&objects=w236828462", "id_url": "https://www.openstreetmap.org/edit?editor=id&way=236828462#map=20/45.4847035/9.2020693"}}, {"type": "Feature", "geometry": {"type": "Point", "coordinates": [9.1924826, 45.4924867]}, "properties": {"id": 238285757, "feat_type": "way", "quality_categories": "uncanny_keys", "issue_ids": "[61]", "osm_url": "https://www.openstreetmap.org/way/238285757", "josm_url": "http://127.0.0.1:8111/load_object?new_layer=false&objects=w238285757", "id_url": "https://www.openstreetmap.org/edit?editor=id&way=238285757#map=20/45.4924867/9.1924826"}}, {"type": "Feature", "geometry": {"type": "Point", "coordinates": [9.1929897, 45.4923522]}, "properties": {"id": 238285759, "feat_type": "way", "quality_categories": "uncanny_keys", "issue_ids": "[61]", "osm_url": "https://www.openstreetmap.org/way/238285759", "josm_url": "http://127.0.0.1:8111/load_object?new_layer=false&objects=w238285759", "id_url": "https://www.openstreetmap.org/edit?editor=id&way=238285759#map=20/45.4923522/9.1929897"}}, {"type": "Feature", "geometry": {"type": "Point", "coordinates": [9.2199741, 45.4560452]}, "properties": {"id": 239553209, "feat_type": "way", "quality_categories": "uncanny_keys", "issue_ids": "[62]", "osm_url": "https://www.openstreetmap.org/way/239553209", "josm_url": "http://127.0.0.1:8111/load_object?new_layer=false&objects=w239553209", "id_url": "https://www.openstreetmap.org/edit?editor=id&way=239553209#map=20/45.4560452/9.2199741"}}, {"type": "Feature", "geometry": {"type": "Point", "coordinates": [9.2210966, 45.4560292]}, "properties": {"id": 239553210, "feat_type": "way", "quality_categories": "uncanny_keys", "issue_ids": "[62]", "osm_url": "https://www.openstreetmap.org/way/239553210", "josm_url": "http://127.0.0.1:8111/load_object?new_layer=false&objects=w239553210", "id_url": "https://www.openstreetmap.org/edit?editor=id&way=239553210#map=20/45.4560292/9.2210966"}}, {"type": "Feature", "geometry": {"type": "Point", "coordinates": [9.1845546, 45.4688017]}, "properties": {"id": 240870810, "feat_type": "way", "quality_categories": "missing_tags, uncanny_keys", "issue_ids": "[63, 10]", "osm_url": "https://www.openstreetmap.org/way/240870810", "josm_url": "http://127.0.0.1:8111/load_object?new_layer=false&objects=w240870810", "id_url": "https://www.openstreetmap.org/edit?editor=id&way=240870810#map=20/45.4688017/9.1845546"}}, {"type": "Feature", "geometry": {"type": "Point", "coordinates": [9.1943481, 45.4957906]}, "properties": {"id": 242097270, "feat_type": "way", "quality_categories": "uncanny_keys", "issue_ids": "[64]", "osm_url": "https://www.openstreetmap.org/way/242097270", "josm_url": "http://127.0.0.1:8111/load_object?new_layer=false&objects=w242097270", "id_url": "https://www.openstreetmap.org/edit?editor=id&way=242097270#map=20/45.4957906/9.1943481"}}, {"type": "Feature", "geometry": {"type": "Point", "coordinates": [9.201249, 45.5069714]}, "properties": {"id": 242098170, "feat_type": "way", "quality_categories": "uncanny_keys", "issue_ids": "[40]", "osm_url": "https://www.openstreetmap.org/way/242098170", "josm_url": "http://127.0.0.1:8111/load_object?new_layer=false&objects=w242098170", "id_url": "https://www.openstreetmap.org/edit?editor=id&way=242098170#map=20/45.5069714/9.201249"}}, {"type": "Feature", "geometry": {"type": "Point", "coordinates": [9.1802009, 45.4314069]}, "properties": {"id": 243564538, "feat_type": "way", "quality_categories": "uncanny_keys", "issue_ids": "[65]", "osm_url": "https://www.openstreetmap.org/way/243564538", "josm_url": "http://127.0.0.1:8111/load_object?new_layer=false&objects=w243564538", "id_url": "https://www.openstreetmap.org/edit?editor=id&way=243564538#map=20/45.4314069/9.1802009"}}, {"type": "Feature", "geometry": {"type": "Point", "coordinates": [9.1802733, 45.431326]}, "properties": {"id": 243564540, "feat_type": "way", "quality_categories": "uncanny_keys", "issue_ids": "[65]", "osm_url": "https://www.openstreetmap.org/way/243564540", "josm_url": "http://127.0.0.1:8111/load_object?new_layer=false&objects=w243564540", "id_url": "https://www.openstreetmap.org/edit?editor=id&way=243564540#map=20/45.431326/9.1802733"}}, {"type": "Feature", "geometry": {"type": "Point", "coordinates": [9.1573328, 45.4943003]}, "properties": {"id": 244136156, "feat_type": "way", "quality_categories": "missing_tags, uncanny_keys", "issue_ids": "[66, 10]", "osm_url": "https://www.openstreetmap.org/way/244136156", "josm_url": "http://127.0.0.1:8111/load_object?new_layer=false&objects=w244136156", "id_url": "https://www.openstreetmap.org/edit?editor=id&way=244136156#map=20/45.4943003/9.1573328"}}, {"type": "Feature", "geometry": {"type": "Point", "coordinates": [9.1501133, 45.4989757]}, "properties": {"id": 244137561, "feat_type": "way", "quality_categories": "uncanny_keys", "issue_ids": "[67]", "osm_url": "https://www.openstreetmap.org/way/244137561", "josm_url": "http://127.0.0.1:8111/load_object?new_layer=false&objects=w244137561", "id_url": "https://www.openstreetmap.org/edit?editor=id&way=244137561#map=20/45.4989757/9.1501133"}}, {"type": "Feature", "geometry": {"type": "Point", "coordinates": [9.2096044, 45.4852517]}, "properties": {"id": 245953114, "feat_type": "way", "quality_categories": "uncanny_keys", "issue_ids": "[68]", "osm_url": "https://www.openstreetmap.org/way/245953114", "josm_url": "http://127.0.0.1:8111/load_object?new_layer=false&objects=w245953114", "id_url": "https://www.openstreetmap.org/edit?editor=id&way=245953114#map=20/45.4852517/9.2096044"}}, {"type": "Feature", "geometry": {"type": "Point", "coordinates": [9.2099763, 45.4855054]}, "properties": {"id": 245953116, "feat_type": "way", "quality_categories": "uncanny_keys", "issue_ids": "[68]", "osm_url": "https://www.openstreetmap.org/way/245953116", "josm_url": "http://127.0.0.1:8111/load_object?new_layer=false&objects=w245953116", "id_url": "https://www.openstreetmap.org/edit?editor=id&way=245953116#map=20/45.4855054/9.2099763"}}, {"type": "Feature", "geometry": {"type": "Point", "coordinates": [9.1853618, 45.4947662]}, "properties": {"id": 246516158, "feat_type": "way", "quality_categories": "missing_tags, uncanny_keys", "issue_ids": "[21, 10]", "osm_url": "https://www.openstreetmap.org/way/246516158", "josm_url": "http://127.0.0.1:8111/load_object?new_layer=false&objects=w246516158", "id_url": "https://www.openstreetmap.org/edit?editor=id&way=246516158#map=20/45.4947662/9.1853618"}}, {"type": "Feature", "geometry": {"type": "Point", "coordinates": [9.2016703, 45.4762712]}, "properties": {"id": 246921211, "feat_type": "way", "quality_categories": "uncanny_keys", "issue_ids": "[69]", "osm_url": "https://www.openstreetmap.org/way/246921211", "josm_url": "http://127.0.0.1:8111/load_object?new_layer=false&objects=w246921211", "id_url": "https://www.openstreetmap.org/edit?editor=id&way=246921211#map=20/45.4762712/9.2016703"}}, {"type": "Feature", "geometry": {"type": "Point", "coordinates": [9.2004519, 45.4766912]}, "properties": {"id": 246921275, "feat_type": "way", "quality_categories": "uncanny_keys", "issue_ids": "[69]", "osm_url": "https://www.openstreetmap.org/way/246921275", "josm_url": "http://127.0.0.1:8111/load_object?new_layer=false&objects=w246921275", "id_url": "https://www.openstreetmap.org/edit?editor=id&way=246921275#map=20/45.4766912/9.2004519"}}, {"type": "Feature", "geometry": {"type": "Point", "coordinates": [9.1389289, 45.503116]}, "properties": {"id": 247467422, "feat_type": "way", "quality_categories": "uncanny_keys", "issue_ids": "[70]", "osm_url": "https://www.openstreetmap.org/way/247467422", "josm_url": "http://127.0.0.1:8111/load_object?new_layer=false&objects=w247467422", "id_url": "https://www.openstreetmap.org/edit?editor=id&way=247467422#map=20/45.503116/9.1389289"}}, {"type": "Feature", "geometry": {"type": "Point", "coordinates": [9.1389944, 45.5030443]}, "properties": {"id": 247467424, "feat_type": "way", "quality_categories": "uncanny_keys", "issue_ids": "[70]", "osm_url": "https://www.openstreetmap.org/way/247467424", "josm_url": "http://127.0.0.1:8111/load_object?new_layer=false&objects=w247467424", "id_url": "https://www.openstreetmap.org/edit?editor=id&way=247467424#map=20/45.5030443/9.1389944"}}, {"type": "Feature", "geometry": {"type": "Point", "coordinates": [9.1434783, 45.5021961]}, "properties": {"id": 247467539, "feat_type": "way", "quality_categories": "missing_tags, uncanny_keys", "issue_ids": "[71, 10]", "osm_url": "https://www.openstreetmap.org/way/247467539", "josm_url": "http://127.0.0.1:8111/load_object?new_layer=false&objects=w247467539", "id_url": "https://www.openstreetmap.org/edit?editor=id&way=247467539#map=20/45.5021961/9.1434783"}}, {"type": "Feature", "geometry": {"type": "Point", "coordinates": [9.145838, 45.5010591]}, "properties": {"id": 247467605, "feat_type": "way", "quality_categories": "missing_tags, uncanny_keys", "issue_ids": "[72, 10]", "osm_url": "https://www.openstreetmap.org/way/247467605", "josm_url": "http://127.0.0.1:8111/load_object?new_layer=false&objects=w247467605", "id_url": "https://www.openstreetmap.org/edit?editor=id&way=247467605#map=20/45.5010591/9.145838"}}, {"type": "Feature", "geometry": {"type": "Point", "coordinates": [9.1501615, 45.499042]}, "properties": {"id": 247469559, "feat_type": "way", "quality_categories": "uncanny_keys", "issue_ids": "[67]", "osm_url": "https://www.openstreetmap.org/way/247469559", "josm_url": "http://127.0.0.1:8111/load_object?new_layer=false&objects=w247469559", "id_url": "https://www.openstreetmap.org/edit?editor=id&way=247469559#map=20/45.499042/9.1501615"}}, {"type": "Feature", "geometry": {"type": "Point", "coordinates": [9.2365072, 45.4846382]}, "properties": {"id": 248070518, "feat_type": "way", "quality_categories": "uncanny_keys", "issue_ids": "[54]", "osm_url": "https://www.openstreetmap.org/way/248070518", "josm_url": "http://127.0.0.1:8111/load_object?new_layer=false&objects=w248070518", "id_url": "https://www.openstreetmap.org/edit?editor=id&way=248070518#map=20/45.4846382/9.2365072"}}, {"type": "Feature", "geometry": {"type": "Point", "coordinates": [9.2079387, 45.4835645]}, "properties": {"id": 248094182, "feat_type": "way", "quality_categories": "missing_tags, uncanny_keys", "issue_ids": "[73, 10]", "osm_url": "https://www.openstreetmap.org/way/248094182", "josm_url": "http://127.0.0.1:8111/load_object?new_layer=false&objects=w248094182", "id_url": "https://www.openstreetmap.org/edit?editor=id&way=248094182#map=20/45.4835645/9.2079387"}}, {"type": "Feature", "geometry": {"type": "Point", "coordinates": [9.2080039, 45.4837343]}, "properties": {"id": 248094364, "feat_type": "way", "quality_categories": "missing_tags, uncanny_keys", "issue_ids": "[73, 10]", "osm_url": "https://www.openstreetmap.org/way/248094364", "josm_url": "http://127.0.0.1:8111/load_object?new_layer=false&objects=w248094364", "id_url": "https://www.openstreetmap.org/edit?editor=id&way=248094364#map=20/45.4837343/9.2080039"}}, {"type": "Feature", "geometry": {"type": "Point", "coordinates": [9.206484, 45.4821772]}, "properties": {"id": 248095777, "feat_type": "way", "quality_categories": "uncanny_keys", "issue_ids": "[74]", "osm_url": "https://www.openstreetmap.org/way/248095777", "josm_url": "http://127.0.0.1:8111/load_object?new_layer=false&objects=w248095777", "id_url": "https://www.openstreetmap.org/edit?editor=id&way=248095777#map=20/45.4821772/9.206484"}}, {"type": "Feature", "geometry": {"type": "Point", "coordinates": [9.2067342, 45.4825248]}, "properties": {"id": 248095778, "feat_type": "way", "quality_categories": "uncanny_keys", "issue_ids": "[74]", "osm_url": "https://www.openstreetmap.org/way/248095778", "josm_url": "http://127.0.0.1:8111/load_object?new_layer=false&objects=w248095778", "id_url": "https://www.openstreetmap.org/edit?editor=id&way=248095778#map=20/45.4825248/9.2067342"}}, {"type": "Feature", "geometry": {"type": "Point", "coordinates": [9.2053223, 45.4914808]}, "properties": {"id": 248187850, "feat_type": "way", "quality_categories": "missing_tags, uncanny_keys", "issue_ids": "[75, 10]", "osm_url": "https://www.openstreetmap.org/way/248187850", "josm_url": "http://127.0.0.1:8111/load_object?new_layer=false&objects=w248187850", "id_url": "https://www.openstreetmap.org/edit?editor=id&way=248187850#map=20/45.4914808/9.2053223"}}, {"type": "Feature", "geometry": {"type": "Point", "coordinates": [9.207358, 45.4865112]}, "properties": {"id": 248199606, "feat_type": "way", "quality_categories": "uncanny_keys", "issue_ids": "[76]", "osm_url": "https://www.openstreetmap.org/way/248199606", "josm_url": "http://127.0.0.1:8111/load_object?new_layer=false&objects=w248199606", "id_url": "https://www.openstreetmap.org/edit?editor=id&way=248199606#map=20/45.4865112/9.207358"}}, {"type": "Feature", "geometry": {"type": "Point", "coordinates": [9.2072572, 45.4866597]}, "properties": {"id": 248199921, "feat_type": "way", "quality_categories": "uncanny_keys", "issue_ids": "[76]", "osm_url": "https://www.openstreetmap.org/way/248199921", "josm_url": "http://127.0.0.1:8111/load_object?new_layer=false&objects=w248199921", "id_url": "https://www.openstreetmap.org/edit?editor=id&way=248199921#map=20/45.4866597/9.2072572"}}, {"type": "Feature", "geometry": {"type": "Point", "coordinates": [9.2094017, 45.4854827]}, "properties": {"id": 248199922, "feat_type": "way", "quality_categories": "missing_tags, uncanny_keys", "issue_ids": "[68, 10]", "osm_url": "https://www.openstreetmap.org/way/248199922", "josm_url": "http://127.0.0.1:8111/load_object?new_layer=false&objects=w248199922", "id_url": "https://www.openstreetmap.org/edit?editor=id&way=248199922#map=20/45.4854827/9.2094017"}}, {"type": "Feature", "geometry": {"type": "Point", "coordinates": [9.2094375, 45.4855675]}, "properties": {"id": 248199923, "feat_type": "way", "quality_categories": "uncanny_keys", "issue_ids": "[68]", "osm_url": "https://www.openstreetmap.org/way/248199923", "josm_url": "http://127.0.0.1:8111/load_object?new_layer=false&objects=w248199923", "id_url": "https://www.openstreetmap.org/edit?editor=id&way=248199923#map=20/45.4855675/9.2094375"}}, {"type": "Feature", "geometry": {"type": "Point", "coordinates": [9.2228046, 45.4808998]}, "properties": {"id": 248204449, "feat_type": "way", "quality_categories": "uncanny_keys", "issue_ids": "[77]", "osm_url": "https://www.openstreetmap.org/way/248204449", "josm_url": "http://127.0.0.1:8111/load_object?new_layer=false&objects=w248204449", "id_url": "https://www.openstreetmap.org/edit?editor=id&way=248204449#map=20/45.4808998/9.2228046"}}, {"type": "Feature", "geometry": {"type": "Point", "coordinates": [9.2228603, 45.4807511]}, "properties": {"id": 248204450, "feat_type": "way", "quality_categories": "uncanny_keys", "issue_ids": "[77]", "osm_url": "https://www.openstreetmap.org/way/248204450", "josm_url": "http://127.0.0.1:8111/load_object?new_layer=false&objects=w248204450", "id_url": "https://www.openstreetmap.org/edit?editor=id&way=248204450#map=20/45.4807511/9.2228603"}}, {"type": "Feature", "geometry": {"type": "Point", "coordinates": [9.1823063, 45.4863458]}, "properties": {"id": 248344663, "feat_type": "way", "quality_categories": "uncanny_keys", "issue_ids": "[78]", "osm_url": "https://www.openstreetmap.org/way/248344663", "josm_url": "http://127.0.0.1:8111/load_object?new_layer=false&objects=w248344663", "id_url": "https://www.openstreetmap.org/edit?editor=id&way=248344663#map=20/45.4863458/9.1823063"}}, {"type": "Feature", "geometry": {"type": "Point", "coordinates": [9.1669648, 45.4980628]}, "properties": {"id": 249280257, "feat_type": "way", "quality_categories": "missing_tags, uncanny_keys", "issue_ids": "[79, 10]", "osm_url": "https://www.openstreetmap.org/way/249280257", "josm_url": "http://127.0.0.1:8111/load_object?new_layer=false&objects=w249280257", "id_url": "https://www.openstreetmap.org/edit?editor=id&way=249280257#map=20/45.4980628/9.1669648"}}, {"type": "Feature", "geometry": {"type": "Point", "coordinates": [9.1815841, 45.4956222]}, "properties": {"id": 249284361, "feat_type": "way", "quality_categories": "uncanny_keys", "issue_ids": "[80]", "osm_url": "https://www.openstreetmap.org/way/249284361", "josm_url": "http://127.0.0.1:8111/load_object?new_layer=false&objects=w249284361", "id_url": "https://www.openstreetmap.org/edit?editor=id&way=249284361#map=20/45.4956222/9.1815841"}}, {"type": "Feature", "geometry": {"type": "Point", "coordinates": [9.1809268, 45.4956051]}, "properties": {"id": 249284363, "feat_type": "way", "quality_categories": "uncanny_keys", "issue_ids": "[80]", "osm_url": "https://www.openstreetmap.org/way/249284363", "josm_url": "http://127.0.0.1:8111/load_object?new_layer=false&objects=w249284363", "id_url": "https://www.openstreetmap.org/edit?editor=id&way=249284363#map=20/45.4956051/9.1809268"}}, {"type": "Feature", "geometry": {"type": "Point", "coordinates": [9.1933489, 45.4923979]}, "properties": {"id": 249284892, "feat_type": "way", "quality_categories": "uncanny_keys", "issue_ids": "[81]", "osm_url": "https://www.openstreetmap.org/way/249284892", "josm_url": "http://127.0.0.1:8111/load_object?new_layer=false&objects=w249284892", "id_url": "https://www.openstreetmap.org/edit?editor=id&way=249284892#map=20/45.4923979/9.1933489"}}, {"type": "Feature", "geometry": {"type": "Point", "coordinates": [9.1934235, 45.4924671]}, "properties": {"id": 249284893, "feat_type": "way", "quality_categories": "missing_tags, uncanny_keys", "issue_ids": "[81, 10]", "osm_url": "https://www.openstreetmap.org/way/249284893", "josm_url": "http://127.0.0.1:8111/load_object?new_layer=false&objects=w249284893", "id_url": "https://www.openstreetmap.org/edit?editor=id&way=249284893#map=20/45.4924671/9.1934235"}}, {"type": "Feature", "geometry": {"type": "Point", "coordinates": [9.2060608, 45.491026]}, "properties": {"id": 249742788, "feat_type": "way", "quality_categories": "missing_tags, uncanny_keys", "issue_ids": "[82, 10]", "osm_url": "https://www.openstreetmap.org/way/249742788", "josm_url": "http://127.0.0.1:8111/load_object?new_layer=false&objects=w249742788", "id_url": "https://www.openstreetmap.org/edit?editor=id&way=249742788#map=20/45.491026/9.2060608"}}, {"type": "Feature", "geometry": {"type": "Point", "coordinates": [9.2037925, 45.4921703]}, "properties": {"id": 249742789, "feat_type": "way", "quality_categories": "uncanny_keys", "issue_ids": "[83]", "osm_url": "https://www.openstreetmap.org/way/249742789", "josm_url": "http://127.0.0.1:8111/load_object?new_layer=false&objects=w249742789", "id_url": "https://www.openstreetmap.org/edit?editor=id&way=249742789#map=20/45.4921703/9.2037925"}}, {"type": "Feature", "geometry": {"type": "Point", "coordinates": [9.203882, 45.4922636]}, "properties": {"id": 249742791, "feat_type": "way", "quality_categories": "missing_tags, uncanny_keys", "issue_ids": "[83, 10]", "osm_url": "https://www.openstreetmap.org/way/249742791", "josm_url": "http://127.0.0.1:8111/load_object?new_layer=false&objects=w249742791", "id_url": "https://www.openstreetmap.org/edit?editor=id&way=249742791#map=20/45.4922636/9.203882"}}, {"type": "Feature", "geometry": {"type": "Point", "coordinates": [9.2041178, 45.4881261]}, "properties": {"id": 249743983, "feat_type": "way", "quality_categories": "uncanny_keys", "issue_ids": "[84]", "osm_url": "https://www.openstreetmap.org/way/249743983", "josm_url": "http://127.0.0.1:8111/load_object?new_layer=false&objects=w249743983", "id_url": "https://www.openstreetmap.org/edit?editor=id&way=249743983#map=20/45.4881261/9.2041178"}}, {"type": "Feature", "geometry": {"type": "Point", "coordinates": [9.2039269, 45.488322]}, "properties": {"id": 249743984, "feat_type": "way", "quality_categories": "uncanny_keys", "issue_ids": "[84]", "osm_url": "https://www.openstreetmap.org/way/249743984", "josm_url": "http://127.0.0.1:8111/load_object?new_layer=false&objects=w249743984", "id_url": "https://www.openstreetmap.org/edit?editor=id&way=249743984#map=20/45.488322/9.2039269"}}, {"type": "Feature", "geometry": {"type": "Point", "coordinates": [9.1760185, 45.4951974]}, "properties": {"id": 249747195, "feat_type": "way", "quality_categories": "missing_tags, uncanny_keys", "issue_ids": "[85, 10]", "osm_url": "https://www.openstreetmap.org/way/249747195", "josm_url": "http://127.0.0.1:8111/load_object?new_layer=false&objects=w249747195", "id_url": "https://www.openstreetmap.org/edit?editor=id&way=249747195#map=20/45.4951974/9.1760185"}}, {"type": "Feature", "geometry": {"type": "Point", "coordinates": [9.17094, 45.4967627]}, "properties": {"id": 249747196, "feat_type": "way", "quality_categories": "missing_tags, uncanny_keys", "issue_ids": "[86, 10]", "osm_url": "https://www.openstreetmap.org/way/249747196", "josm_url": "http://127.0.0.1:8111/load_object?new_layer=false&objects=w249747196", "id_url": "https://www.openstreetmap.org/edit?editor=id&way=249747196#map=20/45.4967627/9.17094"}}, {"type": "Feature", "geometry": {"type": "Point", "coordinates": [9.1759872, 45.4952752]}, "properties": {"id": 249747197, "feat_type": "way", "quality_categories": "missing_tags, uncanny_keys", "issue_ids": "[85, 10]", "osm_url": "https://www.openstreetmap.org/way/249747197", "josm_url": "http://127.0.0.1:8111/load_object?new_layer=false&objects=w249747197", "id_url": "https://www.openstreetmap.org/edit?editor=id&way=249747197#map=20/45.4952752/9.1759872"}}, {"type": "Feature", "geometry": {"type": "Point", "coordinates": [9.1479983, 45.4632975]}, "properties": {"id": 249753115, "feat_type": "way", "quality_categories": "uncanny_keys", "issue_ids": "[87]", "osm_url": "https://www.openstreetmap.org/way/249753115", "josm_url": "http://127.0.0.1:8111/load_object?new_layer=false&objects=w249753115", "id_url": "https://www.openstreetmap.org/edit?editor=id&way=249753115#map=20/45.4632975/9.1479983"}}, {"type": "Feature", "geometry": {"type": "Point", "coordinates": [9.1609343, 45.4840839]}, "properties": {"id": 250293103, "feat_type": "way", "quality_categories": "missing_tags, uncanny_keys", "issue_ids": "[88, 10]", "osm_url": "https://www.openstreetmap.org/way/250293103", "josm_url": "http://127.0.0.1:8111/load_object?new_layer=false&objects=w250293103", "id_url": "https://www.openstreetmap.org/edit?editor=id&way=250293103#map=20/45.4840839/9.1609343"}}, {"type": "Feature", "geometry": {"type": "Point", "coordinates": [9.1606805, 45.4841688]}, "properties": {"id": 250293104, "feat_type": "way", "quality_categories": "uncanny_keys", "issue_ids": "[88]", "osm_url": "https://www.openstreetmap.org/way/250293104", "josm_url": "http://127.0.0.1:8111/load_object?new_layer=false&objects=w250293104", "id_url": "https://www.openstreetmap.org/edit?editor=id&way=250293104#map=20/45.4841688/9.1606805"}}, {"type": "Feature", "geometry": {"type": "Point", "coordinates": [9.1482333, 45.4999076]}, "properties": {"id": 250298609, "feat_type": "way", "quality_categories": "missing_tags, uncanny_keys", "issue_ids": "[89, 10]", "osm_url": "https://www.openstreetmap.org/way/250298609", "josm_url": "http://127.0.0.1:8111/load_object?new_layer=false&objects=w250298609", "id_url": "https://www.openstreetmap.org/edit?editor=id&way=250298609#map=20/45.4999076/9.1482333"}}, {"type": "Feature", "geometry": {"type": "Point", "coordinates": [9.1474029, 45.5002317]}, "properties": {"id": 250298610, "feat_type": "way", "quality_categories": "missing_tags, uncanny_keys", "issue_ids": "[90, 10]", "osm_url": "https://www.openstreetmap.org/way/250298610", "josm_url": "http://127.0.0.1:8111/load_object?new_layer=false&objects=w250298610", "id_url": "https://www.openstreetmap.org/edit?editor=id&way=250298610#map=20/45.5002317/9.1474029"}}, {"type": "Feature", "geometry": {"type": "Point", "coordinates": [9.162253, 45.4762362]}, "properties": {"id": 250515941, "feat_type": "way", "quality_categories": "uncanny_keys", "issue_ids": "[91]", "osm_url": "https://www.openstreetmap.org/way/250515941", "josm_url": "http://127.0.0.1:8111/load_object?new_layer=false&objects=w250515941", "id_url": "https://www.openstreetmap.org/edit?editor=id&way=250515941#map=20/45.4762362/9.162253"}}, {"type": "Feature", "geometry": {"type": "Point", "coordinates": [9.1642244, 45.4746366]}, "properties": {"id": 250515942, "feat_type": "way", "quality_categories": "uncanny_keys", "issue_ids": "[92]", "osm_url": "https://www.openstreetmap.org/way/250515942", "josm_url": "http://127.0.0.1:8111/load_object?new_layer=false&objects=w250515942", "id_url": "https://www.openstreetmap.org/edit?editor=id&way=250515942#map=20/45.4746366/9.1642244"}}, {"type": "Feature", "geometry": {"type": "Point", "coordinates": [9.221015, 45.4718973]}, "properties": {"id": 251311898, "feat_type": "way", "quality_categories": "missing_tags, uncanny_keys", "issue_ids": "[93, 10]", "osm_url": "https://www.openstreetmap.org/way/251311898", "josm_url": "http://127.0.0.1:8111/load_object?new_layer=false&objects=w251311898", "id_url": "https://www.openstreetmap.org/edit?editor=id&way=251311898#map=20/45.4718973/9.221015"}}, {"type": "Feature", "geometry": {"type": "Point", "coordinates": [9.2247965, 45.5135808]}, "properties": {"id": 251314212, "feat_type": "way", "quality_categories": "uncanny_keys", "issue_ids": "[25]", "osm_url": "https://www.openstreetmap.org/way/251314212", "josm_url": "http://127.0.0.1:8111/load_object?new_layer=false&objects=w251314212", "id_url": "https://www.openstreetmap.org/edit?editor=id&way=251314212#map=20/45.5135808/9.2247965"}}, {"type": "Feature", "geometry": {"type": "Point", "coordinates": [9.194668, 45.4628117]}, "properties": {"id": 251614623, "feat_type": "way", "quality_categories": "missing_tags, uncanny_keys", "issue_ids": "[13, 10]", "osm_url": "https://www.openstreetmap.org/way/251614623", "josm_url": "http://127.0.0.1:8111/load_object?new_layer=false&objects=w251614623", "id_url": "https://www.openstreetmap.org/edit?editor=id&way=251614623#map=20/45.4628117/9.194668"}}, {"type": "Feature", "geometry": {"type": "Point", "coordinates": [9.1944206, 45.4633144]}, "properties": {"id": 251911504, "feat_type": "way", "quality_categories": "uncanny_keys", "issue_ids": "[94]", "osm_url": "https://www.openstreetmap.org/way/251911504", "josm_url": "http://127.0.0.1:8111/load_object?new_layer=false&objects=w251911504", "id_url": "https://www.openstreetmap.org/edit?editor=id&way=251911504#map=20/45.4633144/9.1944206"}}, {"type": "Feature", "geometry": {"type": "Point", "coordinates": [9.1938872, 45.4633535]}, "properties": {"id": 251911505, "feat_type": "way", "quality_categories": "uncanny_keys", "issue_ids": "[94]", "osm_url": "https://www.openstreetmap.org/way/251911505", "josm_url": "http://127.0.0.1:8111/load_object?new_layer=false&objects=w251911505", "id_url": "https://www.openstreetmap.org/edit?editor=id&way=251911505#map=20/45.4633535/9.1938872"}}, {"type": "Feature", "geometry": {"type": "Point", "coordinates": [9.1856654, 45.4488428]}, "properties": {"id": 251934940, "feat_type": "way", "quality_categories": "uncanny_keys", "issue_ids": "[41]", "osm_url": "https://www.openstreetmap.org/way/251934940", "josm_url": "http://127.0.0.1:8111/load_object?new_layer=false&objects=w251934940", "id_url": "https://www.openstreetmap.org/edit?editor=id&way=251934940#map=20/45.4488428/9.1856654"}}, {"type": "Feature", "geometry": {"type": "Point", "coordinates": [9.1923102, 45.4583257]}, "properties": {"id": 251948698, "feat_type": "way", "quality_categories": "uncanny_keys", "issue_ids": "[95]", "osm_url": "https://www.openstreetmap.org/way/251948698", "josm_url": "http://127.0.0.1:8111/load_object?new_layer=false&objects=w251948698", "id_url": "https://www.openstreetmap.org/edit?editor=id&way=251948698#map=20/45.4583257/9.1923102"}}, {"type": "Feature", "geometry": {"type": "Point", "coordinates": [9.1634813, 45.4821575]}, "properties": {"id": 252061517, "feat_type": "way", "quality_categories": "missing_tags, uncanny_keys", "issue_ids": "[96, 10]", "osm_url": "https://www.openstreetmap.org/way/252061517", "josm_url": "http://127.0.0.1:8111/load_object?new_layer=false&objects=w252061517", "id_url": "https://www.openstreetmap.org/edit?editor=id&way=252061517#map=20/45.4821575/9.1634813"}}, {"type": "Feature", "geometry": {"type": "Point", "coordinates": [9.1662658, 45.4800365]}, "properties": {"id": 252061518, "feat_type": "way", "quality_categories": "missing_tags, uncanny_keys", "issue_ids": "[97, 10]", "osm_url": "https://www.openstreetmap.org/way/252061518", "josm_url": "http://127.0.0.1:8111/load_object?new_layer=false&objects=w252061518", "id_url": "https://www.openstreetmap.org/edit?editor=id&way=252061518#map=20/45.4800365/9.1662658"}}, {"type": "Feature", "geometry": {"type": "Point", "coordinates": [9.1714885, 45.4763513]}, "properties": {"id": 252061703, "feat_type": "way", "quality_categories": "missing_tags, uncanny_keys", "issue_ids": "[98, 10]", "osm_url": "https://www.openstreetmap.org/way/252061703", "josm_url": "http://127.0.0.1:8111/load_object?new_layer=false&objects=w252061703", "id_url": "https://www.openstreetmap.org/edit?editor=id&way=252061703#map=20/45.4763513/9.1714885"}}, {"type": "Feature", "geometry": {"type": "Point", "coordinates": [9.1479515, 45.4916508]}, "properties": {"id": 252794504, "feat_type": "way", "quality_categories": "uncanny_keys", "issue_ids": "[99]", "osm_url": "https://www.openstreetmap.org/way/252794504", "josm_url": "http://127.0.0.1:8111/load_object?new_layer=false&objects=w252794504", "id_url": "https://www.openstreetmap.org/edit?editor=id&way=252794504#map=20/45.4916508/9.1479515"}}, {"type": "Feature", "geometry": {"type": "Point", "coordinates": [9.1453533, 45.4928229]}, "properties": {"id": 252830050, "feat_type": "way", "quality_categories": "uncanny_keys", "issue_ids": "[100]", "osm_url": "https://www.openstreetmap.org/way/252830050", "josm_url": "http://127.0.0.1:8111/load_object?new_layer=false&objects=w252830050", "id_url": "https://www.openstreetmap.org/edit?editor=id&way=252830050#map=20/45.4928229/9.1453533"}}, {"type": "Feature", "geometry": {"type": "Point", "coordinates": [9.1446591, 45.4930605]}, "properties": {"id": 252830051, "feat_type": "way", "quality_categories": "uncanny_keys", "issue_ids": "[101]", "osm_url": "https://www.openstreetmap.org/way/252830051", "josm_url": "http://127.0.0.1:8111/load_object?new_layer=false&objects=w252830051", "id_url": "https://www.openstreetmap.org/edit?editor=id&way=252830051#map=20/45.4930605/9.1446591"}}, {"type": "Feature", "geometry": {"type": "Point", "coordinates": [9.1413935, 45.4946215]}, "properties": {"id": 252830311, "feat_type": "way", "quality_categories": "uncanny_keys", "issue_ids": "[102]", "osm_url": "https://www.openstreetmap.org/way/252830311", "josm_url": "http://127.0.0.1:8111/load_object?new_layer=false&objects=w252830311", "id_url": "https://www.openstreetmap.org/edit?editor=id&way=252830311#map=20/45.4946215/9.1413935"}}, {"type": "Feature", "geometry": {"type": "Point", "coordinates": [9.137912, 45.4961937]}, "properties": {"id": 252830312, "feat_type": "way", "quality_categories": "uncanny_keys", "issue_ids": "[103]", "osm_url": "https://www.openstreetmap.org/way/252830312", "josm_url": "http://127.0.0.1:8111/load_object?new_layer=false&objects=w252830312", "id_url": "https://www.openstreetmap.org/edit?editor=id&way=252830312#map=20/45.4961937/9.137912"}}, {"type": "Feature", "geometry": {"type": "Point", "coordinates": [9.2464066, 45.4540675]}, "properties": {"id": 254765326, "feat_type": "way", "quality_categories": "uncanny_keys", "issue_ids": "[104]", "osm_url": "https://www.openstreetmap.org/way/254765326", "josm_url": "http://127.0.0.1:8111/load_object?new_layer=false&objects=w254765326", "id_url": "https://www.openstreetmap.org/edit?editor=id&way=254765326#map=20/45.4540675/9.2464066"}}, {"type": "Feature", "geometry": {"type": "Point", "coordinates": [9.2465447, 45.4540891]}, "properties": {"id": 254765329, "feat_type": "way", "quality_categories": "uncanny_keys", "issue_ids": "[104]", "osm_url": "https://www.openstreetmap.org/way/254765329", "josm_url": "http://127.0.0.1:8111/load_object?new_layer=false&objects=w254765329", "id_url": "https://www.openstreetmap.org/edit?editor=id&way=254765329#map=20/45.4540891/9.2465447"}}, {"type": "Feature", "geometry": {"type": "Point", "coordinates": [9.2509506, 45.4508324]}, "properties": {"id": 254765374, "feat_type": "way", "quality_categories": "uncanny_keys", "issue_ids": "[105]", "osm_url": "https://www.openstreetmap.org/way/254765374", "josm_url": "http://127.0.0.1:8111/load_object?new_layer=false&objects=w254765374", "id_url": "https://www.openstreetmap.org/edit?editor=id&way=254765374#map=20/45.4508324/9.2509506"}}, {"type": "Feature", "geometry": {"type": "Point", "coordinates": [9.2505711, 45.4510036]}, "properties": {"id": 254765375, "feat_type": "way", "quality_categories": "uncanny_keys", "issue_ids": "[105]", "osm_url": "https://www.openstreetmap.org/way/254765375", "josm_url": "http://127.0.0.1:8111/load_object?new_layer=false&objects=w254765375", "id_url": "https://www.openstreetmap.org/edit?editor=id&way=254765375#map=20/45.4510036/9.2505711"}}, {"type": "Feature", "geometry": {"type": "Point", "coordinates": [9.2529871, 45.4492329]}, "properties": {"id": 254765418, "feat_type": "way", "quality_categories": "uncanny_keys", "issue_ids": "[106]", "osm_url": "https://www.openstreetmap.org/way/254765418", "josm_url": "http://127.0.0.1:8111/load_object?new_layer=false&objects=w254765418", "id_url": "https://www.openstreetmap.org/edit?editor=id&way=254765418#map=20/45.4492329/9.2529871"}}, {"type": "Feature", "geometry": {"type": "Point", "coordinates": [9.2530945, 45.4492675]}, "properties": {"id": 254765419, "feat_type": "way", "quality_categories": "uncanny_keys", "issue_ids": "[106]", "osm_url": "https://www.openstreetmap.org/way/254765419", "josm_url": "http://127.0.0.1:8111/load_object?new_layer=false&objects=w254765419", "id_url": "https://www.openstreetmap.org/edit?editor=id&way=254765419#map=20/45.4492675/9.2530945"}}, {"type": "Feature", "geometry": {"type": "Point", "coordinates": [9.1976128, 45.4811117]}, "properties": {"id": 254802977, "feat_type": "way", "quality_categories": "missing_tags, uncanny_keys", "issue_ids": "[107, 10]", "osm_url": "https://www.openstreetmap.org/way/254802977", "josm_url": "http://127.0.0.1:8111/load_object?new_layer=false&objects=w254802977", "id_url": "https://www.openstreetmap.org/edit?editor=id&way=254802977#map=20/45.4811117/9.1976128"}}, {"type": "Feature", "geometry": {"type": "Point", "coordinates": [9.1107156, 45.4964492]}, "properties": {"id": 255647384, "feat_type": "way", "quality_categories": "missing_tags, uncanny_keys", "issue_ids": "[108, 10]", "osm_url": "https://www.openstreetmap.org/way/255647384", "josm_url": "http://127.0.0.1:8111/load_object?new_layer=false&objects=w255647384", "id_url": "https://www.openstreetmap.org/edit?editor=id&way=255647384#map=20/45.4964492/9.1107156"}}, {"type": "Feature", "geometry": {"type": "Point", "coordinates": [9.125539, 45.5139417]}, "properties": {"id": 256998633, "feat_type": "way", "quality_categories": "missing_tags, uncanny_keys", "issue_ids": "[109, 10]", "osm_url": "https://www.openstreetmap.org/way/256998633", "josm_url": "http://127.0.0.1:8111/load_object?new_layer=false&objects=w256998633", "id_url": "https://www.openstreetmap.org/edit?editor=id&way=256998633#map=20/45.5139417/9.125539"}}, {"type": "Feature", "geometry": {"type": "Point", "coordinates": [9.254745610022773, 45.4468318]}, "properties": {"id": 257167910, "feat_type": "way", "quality_categories": "improper_geometries, uncanny_keys", "issue_ids": "[110, 111]", "osm_url": "https://www.openstreetmap.org/way/257167910", "josm_url": "http://127.0.0.1:8111/load_object?new_layer=false&objects=w257167910", "id_url": "https://www.openstreetmap.org/edit?editor=id&way=257167910#map=20/45.4468318/9.254745610022773"}}, {"type": "Feature", "geometry": {"type": "Point", "coordinates": [9.254799916100499, 45.44676075]}, "properties": {"id": 257167912, "feat_type": "way", "quality_categories": "improper_geometries, uncanny_keys", "issue_ids": "[110, 111]", "osm_url": "https://www.openstreetmap.org/way/257167912", "josm_url": "http://127.0.0.1:8111/load_object?new_layer=false&objects=w257167912", "id_url": "https://www.openstreetmap.org/edit?editor=id&way=257167912#map=20/45.44676075/9.254799916100499"}}, {"type": "Feature", "geometry": {"type": "Point", "coordinates": [9.2510405, 45.4460016]}, "properties": {"id": 257168227, "feat_type": "way", "quality_categories": "uncanny_keys", "issue_ids": "[112]", "osm_url": "https://www.openstreetmap.org/way/257168227", "josm_url": "http://127.0.0.1:8111/load_object?new_layer=false&objects=w257168227", "id_url": "https://www.openstreetmap.org/edit?editor=id&way=257168227#map=20/45.4460016/9.2510405"}}, {"type": "Feature", "geometry": {"type": "Point", "coordinates": [9.1673867, 45.4440485]}, "properties": {"id": 257905532, "feat_type": "way", "quality_categories": "missing_tags, uncanny_keys", "issue_ids": "[113, 10]", "osm_url": "https://www.openstreetmap.org/way/257905532", "josm_url": "http://127.0.0.1:8111/load_object?new_layer=false&objects=w257905532", "id_url": "https://www.openstreetmap.org/edit?editor=id&way=257905532#map=20/45.4440485/9.1673867"}}, {"type": "Feature", "geometry": {"type": "Point", "coordinates": [9.167382, 45.4441482]}, "properties": {"id": 257905533, "feat_type": "way", "quality_categories": "missing_tags, uncanny_keys", "issue_ids": "[113, 10]", "osm_url": "https://www.openstreetmap.org/way/257905533", "josm_url": "http://127.0.0.1:8111/load_object?new_layer=false&objects=w257905533", "id_url": "https://www.openstreetmap.org/edit?editor=id&way=257905533#map=20/45.4441482/9.167382"}}, {"type": "Feature", "geometry": {"type": "Point", "coordinates": [9.2104972, 45.4802906]}, "properties": {"id": 257928480, "feat_type": "way", "quality_categories": "uncanny_keys", "issue_ids": "[114]", "osm_url": "https://www.openstreetmap.org/way/257928480", "josm_url": "http://127.0.0.1:8111/load_object?new_layer=false&objects=w257928480", "id_url": "https://www.openstreetmap.org/edit?editor=id&way=257928480#map=20/45.4802906/9.2104972"}}, {"type": "Feature", "geometry": {"type": "Point", "coordinates": [9.1698557, 45.4535402]}, "properties": {"id": 257942442, "feat_type": "way", "quality_categories": "uncanny_keys", "issue_ids": "[115]", "osm_url": "https://www.openstreetmap.org/way/257942442", "josm_url": "http://127.0.0.1:8111/load_object?new_layer=false&objects=w257942442", "id_url": "https://www.openstreetmap.org/edit?editor=id&way=257942442#map=20/45.4535402/9.1698557"}}, {"type": "Feature", "geometry": {"type": "Point", "coordinates": [9.1700119, 45.4533672]}, "properties": {"id": 257942443, "feat_type": "way", "quality_categories": "missing_tags, uncanny_keys", "issue_ids": "[115, 10]", "osm_url": "https://www.openstreetmap.org/way/257942443", "josm_url": "http://127.0.0.1:8111/load_object?new_layer=false&objects=w257942443", "id_url": "https://www.openstreetmap.org/edit?editor=id&way=257942443#map=20/45.4533672/9.1700119"}}, {"type": "Feature", "geometry": {"type": "Point", "coordinates": [9.1823467, 45.4857569]}, "properties": {"id": 258773338, "feat_type": "way", "quality_categories": "uncanny_keys", "issue_ids": "[116]", "osm_url": "https://www.openstreetmap.org/way/258773338", "josm_url": "http://127.0.0.1:8111/load_object?new_layer=false&objects=w258773338", "id_url": "https://www.openstreetmap.org/edit?editor=id&way=258773338#map=20/45.4857569/9.1823467"}}, {"type": "Feature", "geometry": {"type": "Point", "coordinates": [9.1823233, 45.4856339]}, "properties": {"id": 258773342, "feat_type": "way", "quality_categories": "uncanny_keys", "issue_ids": "[116]", "osm_url": "https://www.openstreetmap.org/way/258773342", "josm_url": "http://127.0.0.1:8111/load_object?new_layer=false&objects=w258773342", "id_url": "https://www.openstreetmap.org/edit?editor=id&way=258773342#map=20/45.4856339/9.1823233"}}, {"type": "Feature", "geometry": {"type": "Point", "coordinates": [9.19958, 45.5040285]}, "properties": {"id": 260923805, "feat_type": "way", "quality_categories": "uncanny_keys", "issue_ids": "[117]", "osm_url": "https://www.openstreetmap.org/way/260923805", "josm_url": "http://127.0.0.1:8111/load_object?new_layer=false&objects=w260923805", "id_url": "https://www.openstreetmap.org/edit?editor=id&way=260923805#map=20/45.5040285/9.19958"}}, {"type": "Feature", "geometry": {"type": "Point", "coordinates": [9.2081206, 45.4815805]}, "properties": {"id": 261076201, "feat_type": "way", "quality_categories": "missing_tags, uncanny_keys", "issue_ids": "[118, 10]", "osm_url": "https://www.openstreetmap.org/way/261076201", "josm_url": "http://127.0.0.1:8111/load_object?new_layer=false&objects=w261076201", "id_url": "https://www.openstreetmap.org/edit?editor=id&way=261076201#map=20/45.4815805/9.2081206"}}, {"type": "Feature", "geometry": {"type": "Point", "coordinates": [9.2089865, 45.481192]}, "properties": {"id": 261076202, "feat_type": "way", "quality_categories": "uncanny_keys", "issue_ids": "[119]", "osm_url": "https://www.openstreetmap.org/way/261076202", "josm_url": "http://127.0.0.1:8111/load_object?new_layer=false&objects=w261076202", "id_url": "https://www.openstreetmap.org/edit?editor=id&way=261076202#map=20/45.481192/9.2089865"}}, {"type": "Feature", "geometry": {"type": "Point", "coordinates": [9.1985012, 45.5108713]}, "properties": {"id": 263665647, "feat_type": "way", "quality_categories": "uncanny_keys", "issue_ids": "[120]", "osm_url": "https://www.openstreetmap.org/way/263665647", "josm_url": "http://127.0.0.1:8111/load_object?new_layer=false&objects=w263665647", "id_url": "https://www.openstreetmap.org/edit?editor=id&way=263665647#map=20/45.5108713/9.1985012"}}, {"type": "Feature", "geometry": {"type": "Point", "coordinates": [9.1981282, 45.5109733]}, "properties": {"id": 263676492, "feat_type": "way", "quality_categories": "uncanny_keys", "issue_ids": "[120]", "osm_url": "https://www.openstreetmap.org/way/263676492", "josm_url": "http://127.0.0.1:8111/load_object?new_layer=false&objects=w263676492", "id_url": "https://www.openstreetmap.org/edit?editor=id&way=263676492#map=20/45.5109733/9.1981282"}}, {"type": "Feature", "geometry": {"type": "Point", "coordinates": [9.1981282, 45.5109733]}, "properties": {"id": 263676496, "feat_type": "way", "quality_categories": "missing_tags, uncanny_keys", "issue_ids": "[120, 10]", "osm_url": "https://www.openstreetmap.org/way/263676496", "josm_url": "http://127.0.0.1:8111/load_object?new_layer=false&objects=w263676496", "id_url": "https://www.openstreetmap.org/edit?editor=id&way=263676496#map=20/45.5109733/9.1981282"}}, {"type": "Feature", "geometry": {"type": "Point", "coordinates": [9.2298217, 45.4792874]}, "properties": {"id": 265863457, "feat_type": "way", "quality_categories": "uncanny_keys", "issue_ids": "[121]", "osm_url": "https://www.openstreetmap.org/way/265863457", "josm_url": "http://127.0.0.1:8111/load_object?new_layer=false&objects=w265863457", "id_url": "https://www.openstreetmap.org/edit?editor=id&way=265863457#map=20/45.4792874/9.2298217"}}, {"type": "Feature", "geometry": {"type": "Point", "coordinates": [9.1816803, 45.4653695]}, "properties": {"id": 273712497, "feat_type": "way", "quality_categories": "uncanny_keys", "issue_ids": "[122]", "osm_url": "https://www.openstreetmap.org/way/273712497", "josm_url": "http://127.0.0.1:8111/load_object?new_layer=false&objects=w273712497", "id_url": "https://www.openstreetmap.org/edit?editor=id&way=273712497#map=20/45.4653695/9.1816803"}}, {"type": "Feature", "geometry": {"type": "Point", "coordinates": [9.1370168, 45.4870015]}, "properties": {"id": 275251492, "feat_type": "way", "quality_categories": "uncanny_keys", "issue_ids": "[123]", "osm_url": "https://www.openstreetmap.org/way/275251492", "josm_url": "http://127.0.0.1:8111/load_object?new_layer=false&objects=w275251492", "id_url": "https://www.openstreetmap.org/edit?editor=id&way=275251492#map=20/45.4870015/9.1370168"}}, {"type": "Feature", "geometry": {"type": "Point", "coordinates": [9.1954169, 45.4812745]}, "properties": {"id": 282975882, "feat_type": "way", "quality_categories": "uncanny_keys", "issue_ids": "[124]", "osm_url": "https://www.openstreetmap.org/way/282975882", "josm_url": "http://127.0.0.1:8111/load_object?new_layer=false&objects=w282975882", "id_url": "https://www.openstreetmap.org/edit?editor=id&way=282975882#map=20/45.4812745/9.1954169"}}, {"type": "Feature", "geometry": {"type": "Point", "coordinates": [9.2172045, 45.4771895]}, "properties": {"id": 288755965, "feat_type": "way", "quality_categories": "uncanny_keys", "issue_ids": "[125]", "osm_url": "https://www.openstreetmap.org/way/288755965", "josm_url": "http://127.0.0.1:8111/load_object?new_layer=false&objects=w288755965", "id_url": "https://www.openstreetmap.org/edit?editor=id&way=288755965#map=20/45.4771895/9.2172045"}}, {"type": "Feature", "geometry": {"type": "Point", "coordinates": [9.2171359, 45.4730681]}, "properties": {"id": 288756114, "feat_type": "way", "quality_categories": "missing_tags, uncanny_keys", "issue_ids": "[126, 10]", "osm_url": "https://www.openstreetmap.org/way/288756114", "josm_url": "http://127.0.0.1:8111/load_object?new_layer=false&objects=w288756114", "id_url": "https://www.openstreetmap.org/edit?editor=id&way=288756114#map=20/45.4730681/9.2171359"}}, {"type": "Feature", "geometry": {"type": "Point", "coordinates": [9.1681549, 45.4425612]}, "properties": {"id": 288813874, "feat_type": "way", "quality_categories": "uncanny_keys", "issue_ids": "[113]", "osm_url": "https://www.openstreetmap.org/way/288813874", "josm_url": "http://127.0.0.1:8111/load_object?new_layer=false&objects=w288813874", "id_url": "https://www.openstreetmap.org/edit?editor=id&way=288813874#map=20/45.4425612/9.1681549"}}, {"type": "Feature", "geometry": {"type": "Point", "coordinates": [9.16812, 45.4426716]}, "properties": {"id": 288813876, "feat_type": "way", "quality_categories": "uncanny_keys", "issue_ids": "[113]", "osm_url": "https://www.openstreetmap.org/way/288813876", "josm_url": "http://127.0.0.1:8111/load_object?new_layer=false&objects=w288813876", "id_url": "https://www.openstreetmap.org/edit?editor=id&way=288813876#map=20/45.4426716/9.16812"}}, {"type": "Feature", "geometry": {"type": "Point", "coordinates": [9.1708459, 45.4379625]}, "properties": {"id": 288813879, "feat_type": "way", "quality_categories": "missing_tags, uncanny_keys", "issue_ids": "[127, 10]", "osm_url": "https://www.openstreetmap.org/way/288813879", "josm_url": "http://127.0.0.1:8111/load_object?new_layer=false&objects=w288813879", "id_url": "https://www.openstreetmap.org/edit?editor=id&way=288813879#map=20/45.4379625/9.1708459"}}, {"type": "Feature", "geometry": {"type": "Point", "coordinates": [9.1973879, 45.4808728]}, "properties": {"id": 290060384, "feat_type": "way", "quality_categories": "missing_tags, uncanny_keys", "issue_ids": "[107, 10]", "osm_url": "https://www.openstreetmap.org/way/290060384", "josm_url": "http://127.0.0.1:8111/load_object?new_layer=false&objects=w290060384", "id_url": "https://www.openstreetmap.org/edit?editor=id&way=290060384#map=20/45.4808728/9.1973879"}}, {"type": "Feature", "geometry": {"type": "Point", "coordinates": [9.1328113, 45.485965]}, "properties": {"id": 296154799, "feat_type": "way", "quality_categories": "missing_tags, uncanny_keys", "issue_ids": "[128, 10]", "osm_url": "https://www.openstreetmap.org/way/296154799", "josm_url": "http://127.0.0.1:8111/load_object?new_layer=false&objects=w296154799", "id_url": "https://www.openstreetmap.org/edit?editor=id&way=296154799#map=20/45.485965/9.1328113"}}, {"type": "Feature", "geometry": {"type": "Point", "coordinates": [9.1335957, 45.4857734]}, "properties": {"id": 296154800, "feat_type": "way", "quality_categories": "missing_tags, uncanny_keys", "issue_ids": "[129, 10]", "osm_url": "https://www.openstreetmap.org/way/296154800", "josm_url": "http://127.0.0.1:8111/load_object?new_layer=false&objects=w296154800", "id_url": "https://www.openstreetmap.org/edit?editor=id&way=296154800#map=20/45.4857734/9.1335957"}}, {"type": "Feature", "geometry": {"type": "Point", "coordinates": [9.2207694, 45.4621511]}, "properties": {"id": 301958437, "feat_type": "way", "quality_categories": "uncanny_keys", "issue_ids": "[130]", "osm_url": "https://www.openstreetmap.org/way/301958437", "josm_url": "http://127.0.0.1:8111/load_object?new_layer=false&objects=w301958437", "id_url": "https://www.openstreetmap.org/edit?editor=id&way=301958437#map=20/45.4621511/9.2207694"}}, {"type": "Feature", "geometry": {"type": "Point", "coordinates": [9.2207219, 45.462219]}, "properties": {"id": 301958438, "feat_type": "way", "quality_categories": "uncanny_keys", "issue_ids": "[130]", "osm_url": "https://www.openstreetmap.org/way/301958438", "josm_url": "http://127.0.0.1:8111/load_object?new_layer=false&objects=w301958438", "id_url": "https://www.openstreetmap.org/edit?editor=id&way=301958438#map=20/45.462219/9.2207219"}}, {"type": "Feature", "geometry": {"type": "Point", "coordinates": [9.1793222, 45.4523554]}, "properties": {"id": 310817829, "feat_type": "way", "quality_categories": "missing_tags, uncanny_keys", "issue_ids": "[131, 10]", "osm_url": "https://www.openstreetmap.org/way/310817829", "josm_url": "http://127.0.0.1:8111/load_object?new_layer=false&objects=w310817829", "id_url": "https://www.openstreetmap.org/edit?editor=id&way=310817829#map=20/45.4523554/9.1793222"}}, {"type": "Feature", "geometry": {"type": "Point", "coordinates": [9.1942325, 45.4711364]}, "properties": {"id": 329736674, "feat_type": "way", "quality_categories": "missing_tags, uncanny_keys", "issue_ids": "[132, 10]", "osm_url": "https://www.openstreetmap.org/way/329736674", "josm_url": "http://127.0.0.1:8111/load_object?new_layer=false&objects=w329736674", "id_url": "https://www.openstreetmap.org/edit?editor=id&way=329736674#map=20/45.4711364/9.1942325"}}, {"type": "Feature", "geometry": {"type": "Point", "coordinates": [9.1671443, 45.4437604]}, "properties": {"id": 330229219, "feat_type": "way", "quality_categories": "uncanny_keys", "issue_ids": "[133]", "osm_url": "https://www.openstreetmap.org/way/330229219", "josm_url": "http://127.0.0.1:8111/load_object?new_layer=false&objects=w330229219", "id_url": "https://www.openstreetmap.org/edit?editor=id&way=330229219#map=20/45.4437604/9.1671443"}}, {"type": "Feature", "geometry": {"type": "Point", "coordinates": [9.2026975, 45.4869455]}, "properties": {"id": 330361322, "feat_type": "way", "quality_categories": "missing_tags, uncanny_keys", "issue_ids": "[134, 10]", "osm_url": "https://www.openstreetmap.org/way/330361322", "josm_url": "http://127.0.0.1:8111/load_object?new_layer=false&objects=w330361322", "id_url": "https://www.openstreetmap.org/edit?editor=id&way=330361322#map=20/45.4869455/9.2026975"}}, {"type": "Feature", "geometry": {"type": "Point", "coordinates": [9.1531287, 45.4976264]}, "properties": {"id": 345703162, "feat_type": "way", "quality_categories": "uncanny_keys", "issue_ids": "[135]", "osm_url": "https://www.openstreetmap.org/way/345703162", "josm_url": "http://127.0.0.1:8111/load_object?new_layer=false&objects=w345703162", "id_url": "https://www.openstreetmap.org/edit?editor=id&way=345703162#map=20/45.4976264/9.1531287"}}, {"type": "Feature", "geometry": {"type": "Point", "coordinates": [9.2079508, 45.4622184]}, "properties": {"id": 355513694, "feat_type": "way", "quality_categories": "uncanny_keys", "issue_ids": "[136]", "osm_url": "https://www.openstreetmap.org/way/355513694", "josm_url": "http://127.0.0.1:8111/load_object?new_layer=false&objects=w355513694", "id_url": "https://www.openstreetmap.org/edit?editor=id&way=355513694#map=20/45.4622184/9.2079508"}}, {"type": "Feature", "geometry": {"type": "Point", "coordinates": [9.2112253, 45.4621981]}, "properties": {"id": 355513695, "feat_type": "way", "quality_categories": "uncanny_keys", "issue_ids": "[137]", "osm_url": "https://www.openstreetmap.org/way/355513695", "josm_url": "http://127.0.0.1:8111/load_object?new_layer=false&objects=w355513695", "id_url": "https://www.openstreetmap.org/edit?editor=id&way=355513695#map=20/45.4621981/9.2112253"}}, {"type": "Feature", "geometry": {"type": "Point", "coordinates": [9.2032905, 45.4623367]}, "properties": {"id": 355514651, "feat_type": "way", "quality_categories": "uncanny_keys", "issue_ids": "[138]", "osm_url": "https://www.openstreetmap.org/way/355514651", "josm_url": "http://127.0.0.1:8111/load_object?new_layer=false&objects=w355514651", "id_url": "https://www.openstreetmap.org/edit?editor=id&way=355514651#map=20/45.4623367/9.2032905"}}, {"type": "Feature", "geometry": {"type": "Point", "coordinates": [9.2057356, 45.4742761]}, "properties": {"id": 355514779, "feat_type": "way", "quality_categories": "uncanny_keys", "issue_ids": "[139]", "osm_url": "https://www.openstreetmap.org/way/355514779", "josm_url": "http://127.0.0.1:8111/load_object?new_layer=false&objects=w355514779", "id_url": "https://www.openstreetmap.org/edit?editor=id&way=355514779#map=20/45.4742761/9.2057356"}}, {"type": "Feature", "geometry": {"type": "Point", "coordinates": [9.2058201, 45.4743652]}, "properties": {"id": 355514780, "feat_type": "way", "quality_categories": "uncanny_keys", "issue_ids": "[139]", "osm_url": "https://www.openstreetmap.org/way/355514780", "josm_url": "http://127.0.0.1:8111/load_object?new_layer=false&objects=w355514780", "id_url": "https://www.openstreetmap.org/edit?editor=id&way=355514780#map=20/45.4743652/9.2058201"}}, {"type": "Feature", "geometry": {"type": "Point", "coordinates": [9.2142734, 45.473219]}, "properties": {"id": 355519433, "feat_type": "way", "quality_categories": "missing_tags, uncanny_keys", "issue_ids": "[140, 10]", "osm_url": "https://www.openstreetmap.org/way/355519433", "josm_url": "http://127.0.0.1:8111/load_object?new_layer=false&objects=w355519433", "id_url": "https://www.openstreetmap.org/edit?editor=id&way=355519433#map=20/45.473219/9.2142734"}}, {"type": "Feature", "geometry": {"type": "Point", "coordinates": [9.2107135, 45.4748408]}, "properties": {"id": 355519434, "feat_type": "way", "quality_categories": "missing_tags, uncanny_keys", "issue_ids": "[141, 10]", "osm_url": "https://www.openstreetmap.org/way/355519434", "josm_url": "http://127.0.0.1:8111/load_object?new_layer=false&objects=w355519434", "id_url": "https://www.openstreetmap.org/edit?editor=id&way=355519434#map=20/45.4748408/9.2107135"}}, {"type": "Feature", "geometry": {"type": "Point", "coordinates": [9.2149353, 45.4622573]}, "properties": {"id": 365338688, "feat_type": "way", "quality_categories": "uncanny_keys", "issue_ids": "[142]", "osm_url": "https://www.openstreetmap.org/way/365338688", "josm_url": "http://127.0.0.1:8111/load_object?new_layer=false&objects=w365338688", "id_url": "https://www.openstreetmap.org/edit?editor=id&way=365338688#map=20/45.4622573/9.2149353"}}, {"type": "Feature", "geometry": {"type": "Point", "coordinates": [9.2126248, 45.4503625]}, "properties": {"id": 365969887, "feat_type": "way", "quality_categories": "missing_tags, uncanny_keys", "issue_ids": "[143, 10]", "osm_url": "https://www.openstreetmap.org/way/365969887", "josm_url": "http://127.0.0.1:8111/load_object?new_layer=false&objects=w365969887", "id_url": "https://www.openstreetmap.org/edit?editor=id&way=365969887#map=20/45.4503625/9.2126248"}}, {"type": "Feature", "geometry": {"type": "Point", "coordinates": [9.2124163, 45.4502824]}, "properties": {"id": 365969892, "feat_type": "way", "quality_categories": "missing_tags, uncanny_keys", "issue_ids": "[143, 10]", "osm_url": "https://www.openstreetmap.org/way/365969892", "josm_url": "http://127.0.0.1:8111/load_object?new_layer=false&objects=w365969892", "id_url": "https://www.openstreetmap.org/edit?editor=id&way=365969892#map=20/45.4502824/9.2124163"}}, {"type": "Feature", "geometry": {"type": "Point", "coordinates": [9.1618444, 45.4812814]}, "properties": {"id": 368641057, "feat_type": "way", "quality_categories": "uncanny_keys", "issue_ids": "[96]", "osm_url": "https://www.openstreetmap.org/way/368641057", "josm_url": "http://127.0.0.1:8111/load_object?new_layer=false&objects=w368641057", "id_url": "https://www.openstreetmap.org/edit?editor=id&way=368641057#map=20/45.4812814/9.1618444"}}, {"type": "Feature", "geometry": {"type": "Point", "coordinates": [9.189625, 45.5085787]}, "properties": {"id": 368900535, "feat_type": "way", "quality_categories": "uncanny_keys", "issue_ids": "[15]", "osm_url": "https://www.openstreetmap.org/way/368900535", "josm_url": "http://127.0.0.1:8111/load_object?new_layer=false&objects=w368900535", "id_url": "https://www.openstreetmap.org/edit?editor=id&way=368900535#map=20/45.5085787/9.189625"}}, {"type": "Feature", "geometry": {"type": "Point", "coordinates": [9.1894976, 45.5085464]}, "properties": {"id": 368900540, "feat_type": "way", "quality_categories": "uncanny_keys", "issue_ids": "[15]", "osm_url": "https://www.openstreetmap.org/way/368900540", "josm_url": "http://127.0.0.1:8111/load_object?new_layer=false&objects=w368900540", "id_url": "https://www.openstreetmap.org/edit?editor=id&way=368900540#map=20/45.5085464/9.1894976"}}, {"type": "Feature", "geometry": {"type": "Point", "coordinates": [9.1293115, 45.476044]}, "properties": {"id": 369247971, "feat_type": "way", "quality_categories": "uncanny_keys", "issue_ids": "[144]", "osm_url": "https://www.openstreetmap.org/way/369247971", "josm_url": "http://127.0.0.1:8111/load_object?new_layer=false&objects=w369247971", "id_url": "https://www.openstreetmap.org/edit?editor=id&way=369247971#map=20/45.476044/9.1293115"}}, {"type": "Feature", "geometry": {"type": "Point", "coordinates": [9.1293161, 45.4761163]}, "properties": {"id": 369247983, "feat_type": "way", "quality_categories": "uncanny_keys", "issue_ids": "[144]", "osm_url": "https://www.openstreetmap.org/way/369247983", "josm_url": "http://127.0.0.1:8111/load_object?new_layer=false&objects=w369247983", "id_url": "https://www.openstreetmap.org/edit?editor=id&way=369247983#map=20/45.4761163/9.1293161"}}, {"type": "Feature", "geometry": {"type": "Point", "coordinates": [9.1322596, 45.4760795]}, "properties": {"id": 369249535, "feat_type": "way", "quality_categories": "uncanny_keys", "issue_ids": "[145]", "osm_url": "https://www.openstreetmap.org/way/369249535", "josm_url": "http://127.0.0.1:8111/load_object?new_layer=false&objects=w369249535", "id_url": "https://www.openstreetmap.org/edit?editor=id&way=369249535#map=20/45.4760795/9.1322596"}}, {"type": "Feature", "geometry": {"type": "Point", "coordinates": [9.1975542, 45.494792]}, "properties": {"id": 369348851, "feat_type": "way", "quality_categories": "missing_tags, uncanny_keys", "issue_ids": "[146, 10]", "osm_url": "https://www.openstreetmap.org/way/369348851", "josm_url": "http://127.0.0.1:8111/load_object?new_layer=false&objects=w369348851", "id_url": "https://www.openstreetmap.org/edit?editor=id&way=369348851#map=20/45.494792/9.1975542"}}, {"type": "Feature", "geometry": {"type": "Point", "coordinates": [9.1974269, 45.4947356]}, "properties": {"id": 369348854, "feat_type": "way", "quality_categories": "missing_tags, uncanny_keys", "issue_ids": "[146, 10]", "osm_url": "https://www.openstreetmap.org/way/369348854", "josm_url": "http://127.0.0.1:8111/load_object?new_layer=false&objects=w369348854", "id_url": "https://www.openstreetmap.org/edit?editor=id&way=369348854#map=20/45.4947356/9.1974269"}}, {"type": "Feature", "geometry": {"type": "Point", "coordinates": [9.1819953, 45.4852023]}, "properties": {"id": 369358693, "feat_type": "way", "quality_categories": "uncanny_keys", "issue_ids": "[116]", "osm_url": "https://www.openstreetmap.org/way/369358693", "josm_url": "http://127.0.0.1:8111/load_object?new_layer=false&objects=w369358693", "id_url": "https://www.openstreetmap.org/edit?editor=id&way=369358693#map=20/45.4852023/9.1819953"}}, {"type": "Feature", "geometry": {"type": "Point", "coordinates": [9.1886529, 45.4604029]}, "properties": {"id": 379873069, "feat_type": "way", "quality_categories": "uncanny_keys", "issue_ids": "[147]", "osm_url": "https://www.openstreetmap.org/way/379873069", "josm_url": "http://127.0.0.1:8111/load_object?new_layer=false&objects=w379873069", "id_url": "https://www.openstreetmap.org/edit?editor=id&way=379873069#map=20/45.4604029/9.1886529"}}, {"type": "Feature", "geometry": {"type": "Point", "coordinates": [9.2071832, 45.4596517]}, "properties": {"id": 381220781, "feat_type": "way", "quality_categories": "missing_tags, uncanny_keys", "issue_ids": "[148, 10]", "osm_url": "https://www.openstreetmap.org/way/381220781", "josm_url": "http://127.0.0.1:8111/load_object?new_layer=false&objects=w381220781", "id_url": "https://www.openstreetmap.org/edit?editor=id&way=381220781#map=20/45.4596517/9.2071832"}}, {"type": "Feature", "geometry": {"type": "Point", "coordinates": [9.2071721, 45.4598693]}, "properties": {"id": 381220784, "feat_type": "way", "quality_categories": "uncanny_keys", "issue_ids": "[148]", "osm_url": "https://www.openstreetmap.org/way/381220784", "josm_url": "http://127.0.0.1:8111/load_object?new_layer=false&objects=w381220784", "id_url": "https://www.openstreetmap.org/edit?editor=id&way=381220784#map=20/45.4598693/9.2071721"}}, {"type": "Feature", "geometry": {"type": "Point", "coordinates": [9.203496, 45.4839638]}, "properties": {"id": 381699156, "feat_type": "way", "quality_categories": "uncanny_keys", "issue_ids": "[60]", "osm_url": "https://www.openstreetmap.org/way/381699156", "josm_url": "http://127.0.0.1:8111/load_object?new_layer=false&objects=w381699156", "id_url": "https://www.openstreetmap.org/edit?editor=id&way=381699156#map=20/45.4839638/9.203496"}}, {"type": "Feature", "geometry": {"type": "Point", "coordinates": [9.2125855, 45.4880904]}, "properties": {"id": 385960466, "feat_type": "way", "quality_categories": "missing_tags, uncanny_keys", "issue_ids": "[149, 10]", "osm_url": "https://www.openstreetmap.org/way/385960466", "josm_url": "http://127.0.0.1:8111/load_object?new_layer=false&objects=w385960466", "id_url": "https://www.openstreetmap.org/edit?editor=id&way=385960466#map=20/45.4880904/9.2125855"}}, {"type": "Feature", "geometry": {"type": "Point", "coordinates": [9.2123363, 45.4877245]}, "properties": {"id": 385960469, "feat_type": "way", "quality_categories": "uncanny_keys", "issue_ids": "[149]", "osm_url": "https://www.openstreetmap.org/way/385960469", "josm_url": "http://127.0.0.1:8111/load_object?new_layer=false&objects=w385960469", "id_url": "https://www.openstreetmap.org/edit?editor=id&way=385960469#map=20/45.4877245/9.2123363"}}, {"type": "Feature", "geometry": {"type": "Point", "coordinates": [9.2069254, 45.4681499]}, "properties": {"id": 386386540, "feat_type": "way", "quality_categories": "uncanny_keys", "issue_ids": "[150]", "osm_url": "https://www.openstreetmap.org/way/386386540", "josm_url": "http://127.0.0.1:8111/load_object?new_layer=false&objects=w386386540", "id_url": "https://www.openstreetmap.org/edit?editor=id&way=386386540#map=20/45.4681499/9.2069254"}}, {"type": "Feature", "geometry": {"type": "Point", "coordinates": [9.2173187, 45.4705836]}, "properties": {"id": 387896665, "feat_type": "way", "quality_categories": "uncanny_keys", "issue_ids": "[151]", "osm_url": "https://www.openstreetmap.org/way/387896665", "josm_url": "http://127.0.0.1:8111/load_object?new_layer=false&objects=w387896665", "id_url": "https://www.openstreetmap.org/edit?editor=id&way=387896665#map=20/45.4705836/9.2173187"}}, {"type": "Feature", "geometry": {"type": "Point", "coordinates": [9.2152884, 45.4730204]}, "properties": {"id": 387912220, "feat_type": "way", "quality_categories": "uncanny_keys", "issue_ids": "[152]", "osm_url": "https://www.openstreetmap.org/way/387912220", "josm_url": "http://127.0.0.1:8111/load_object?new_layer=false&objects=w387912220", "id_url": "https://www.openstreetmap.org/edit?editor=id&way=387912220#map=20/45.4730204/9.2152884"}}, {"type": "Feature", "geometry": {"type": "Point", "coordinates": [9.2163427, 45.4519303]}, "properties": {"id": 401247548, "feat_type": "way", "quality_categories": "uncanny_keys", "issue_ids": "[153]", "osm_url": "https://www.openstreetmap.org/way/401247548", "josm_url": "http://127.0.0.1:8111/load_object?new_layer=false&objects=w401247548", "id_url": "https://www.openstreetmap.org/edit?editor=id&way=401247548#map=20/45.4519303/9.2163427"}}, {"type": "Feature", "geometry": {"type": "Point", "coordinates": [9.1787649, 45.4434835]}, "properties": {"id": 403677480, "feat_type": "way", "quality_categories": "missing_tags, uncanny_keys", "issue_ids": "[154, 10]", "osm_url": "https://www.openstreetmap.org/way/403677480", "josm_url": "http://127.0.0.1:8111/load_object?new_layer=false&objects=w403677480", "id_url": "https://www.openstreetmap.org/edit?editor=id&way=403677480#map=20/45.4434835/9.1787649"}}, {"type": "Feature", "geometry": {"type": "Point", "coordinates": [9.1784738, 45.443603]}, "properties": {"id": 403677482, "feat_type": "way", "quality_categories": "missing_tags, uncanny_keys", "issue_ids": "[154, 10]", "osm_url": "https://www.openstreetmap.org/way/403677482", "josm_url": "http://127.0.0.1:8111/load_object?new_layer=false&objects=w403677482", "id_url": "https://www.openstreetmap.org/edit?editor=id&way=403677482#map=20/45.443603/9.1784738"}}, {"type": "Feature", "geometry": {"type": "Point", "coordinates": [9.1818375, 45.4722136]}, "properties": {"id": 403685524, "feat_type": "way", "quality_categories": "uncanny_keys", "issue_ids": "[155]", "osm_url": "https://www.openstreetmap.org/way/403685524", "josm_url": "http://127.0.0.1:8111/load_object?new_layer=false&objects=w403685524", "id_url": "https://www.openstreetmap.org/edit?editor=id&way=403685524#map=20/45.4722136/9.1818375"}}, {"type": "Feature", "geometry": {"type": "Point", "coordinates": [9.1579666, 45.4939494]}, "properties": {"id": 405879026, "feat_type": "way", "quality_categories": "missing_tags, uncanny_keys", "issue_ids": "[66, 10]", "osm_url": "https://www.openstreetmap.org/way/405879026", "josm_url": "http://127.0.0.1:8111/load_object?new_layer=false&objects=w405879026", "id_url": "https://www.openstreetmap.org/edit?editor=id&way=405879026#map=20/45.4939494/9.1579666"}}, {"type": "Feature", "geometry": {"type": "Point", "coordinates": [9.1561034, 45.4879207]}, "properties": {"id": 405886984, "feat_type": "way", "quality_categories": "missing_tags, uncanny_keys", "issue_ids": "[156, 10]", "osm_url": "https://www.openstreetmap.org/way/405886984", "josm_url": "http://127.0.0.1:8111/load_object?new_layer=false&objects=w405886984", "id_url": "https://www.openstreetmap.org/edit?editor=id&way=405886984#map=20/45.4879207/9.1561034"}}, {"type": "Feature", "geometry": {"type": "Point", "coordinates": [9.1561956, 45.4877831]}, "properties": {"id": 405887637, "feat_type": "way", "quality_categories": "missing_tags, uncanny_keys", "issue_ids": "[156, 10]", "osm_url": "https://www.openstreetmap.org/way/405887637", "josm_url": "http://127.0.0.1:8111/load_object?new_layer=false&objects=w405887637", "id_url": "https://www.openstreetmap.org/edit?editor=id&way=405887637#map=20/45.4877831/9.1561956"}}, {"type": "Feature", "geometry": {"type": "Point", "coordinates": [9.1902102, 45.4806873]}, "properties": {"id": 423440519, "feat_type": "way", "quality_categories": "missing_tags, uncanny_keys", "issue_ids": "[157, 10]", "osm_url": "https://www.openstreetmap.org/way/423440519", "josm_url": "http://127.0.0.1:8111/load_object?new_layer=false&objects=w423440519", "id_url": "https://www.openstreetmap.org/edit?editor=id&way=423440519#map=20/45.4806873/9.1902102"}}, {"type": "Feature", "geometry": {"type": "Point", "coordinates": [9.1769929, 45.4968669]}, "properties": {"id": 423617220, "feat_type": "way", "quality_categories": "uncanny_keys", "issue_ids": "[158]", "osm_url": "https://www.openstreetmap.org/way/423617220", "josm_url": "http://127.0.0.1:8111/load_object?new_layer=false&objects=w423617220", "id_url": "https://www.openstreetmap.org/edit?editor=id&way=423617220#map=20/45.4968669/9.1769929"}}, {"type": "Feature", "geometry": {"type": "Point", "coordinates": [9.1769157, 45.4969639]}, "properties": {"id": 423617238, "feat_type": "way", "quality_categories": "uncanny_keys", "issue_ids": "[158]", "osm_url": "https://www.openstreetmap.org/way/423617238", "josm_url": "http://127.0.0.1:8111/load_object?new_layer=false&objects=w423617238", "id_url": "https://www.openstreetmap.org/edit?editor=id&way=423617238#map=20/45.4969639/9.1769157"}}, {"type": "Feature", "geometry": {"type": "Point", "coordinates": [9.1977127, 45.4649043]}, "properties": {"id": 437511249, "feat_type": "way", "quality_categories": "uncanny_keys", "issue_ids": "[159]", "osm_url": "https://www.openstreetmap.org/way/437511249", "josm_url": "http://127.0.0.1:8111/load_object?new_layer=false&objects=w437511249", "id_url": "https://www.openstreetmap.org/edit?editor=id&way=437511249#map=20/45.4649043/9.1977127"}}, {"type": "Feature", "geometry": {"type": "Point", "coordinates": [9.1947714, 45.4797162]}, "properties": {"id": 465420053, "feat_type": "way", "quality_categories": "missing_tags, uncanny_keys", "issue_ids": "[160, 10]", "osm_url": "https://www.openstreetmap.org/way/465420053", "josm_url": "http://127.0.0.1:8111/load_object?new_layer=false&objects=w465420053", "id_url": "https://www.openstreetmap.org/edit?editor=id&way=465420053#map=20/45.4797162/9.1947714"}}, {"type": "Feature", "geometry": {"type": "Point", "coordinates": [9.1807684, 45.4709739]}, "properties": {"id": 471850410, "feat_type": "way", "quality_categories": "uncanny_keys", "issue_ids": "[161]", "osm_url": "https://www.openstreetmap.org/way/471850410", "josm_url": "http://127.0.0.1:8111/load_object?new_layer=false&objects=w471850410", "id_url": "https://www.openstreetmap.org/edit?editor=id&way=471850410#map=20/45.4709739/9.1807684"}}, {"type": "Feature", "geometry": {"type": "Point", "coordinates": [9.1528549, 45.4977275]}, "properties": {"id": 497345168, "feat_type": "way", "quality_categories": "uncanny_keys", "issue_ids": "[135]", "osm_url": "https://www.openstreetmap.org/way/497345168", "josm_url": "http://127.0.0.1:8111/load_object?new_layer=false&objects=w497345168", "id_url": "https://www.openstreetmap.org/edit?editor=id&way=497345168#map=20/45.4977275/9.1528549"}}, {"type": "Feature", "geometry": {"type": "Point", "coordinates": [9.1547724, 45.49627]}, "properties": {"id": 497349170, "feat_type": "way", "quality_categories": "missing_tags, uncanny_keys", "issue_ids": "[162, 10]", "osm_url": "https://www.openstreetmap.org/way/497349170", "josm_url": "http://127.0.0.1:8111/load_object?new_layer=false&objects=w497349170", "id_url": "https://www.openstreetmap.org/edit?editor=id&way=497349170#map=20/45.49627/9.1547724"}}, {"type": "Feature", "geometry": {"type": "Point", "coordinates": [9.1630359, 45.482406]}, "properties": {"id": 497381140, "feat_type": "way", "quality_categories": "missing_tags, uncanny_keys", "issue_ids": "[96, 10]", "osm_url": "https://www.openstreetmap.org/way/497381140", "josm_url": "http://127.0.0.1:8111/load_object?new_layer=false&objects=w497381140", "id_url": "https://www.openstreetmap.org/edit?editor=id&way=497381140#map=20/45.482406/9.1630359"}}, {"type": "Feature", "geometry": {"type": "Point", "coordinates": [9.2040072, 45.4798116]}, "properties": {"id": 497381142, "feat_type": "way", "quality_categories": "uncanny_keys", "issue_ids": "[163]", "osm_url": "https://www.openstreetmap.org/way/497381142", "josm_url": "http://127.0.0.1:8111/load_object?new_layer=false&objects=w497381142", "id_url": "https://www.openstreetmap.org/edit?editor=id&way=497381142#map=20/45.4798116/9.2040072"}}, {"type": "Feature", "geometry": {"type": "Point", "coordinates": [9.1951509, 45.4725496]}, "properties": {"id": 497420810, "feat_type": "way", "quality_categories": "uncanny_keys", "issue_ids": "[164]", "osm_url": "https://www.openstreetmap.org/way/497420810", "josm_url": "http://127.0.0.1:8111/load_object?new_layer=false&objects=w497420810", "id_url": "https://www.openstreetmap.org/edit?editor=id&way=497420810#map=20/45.4725496/9.1951509"}}, {"type": "Feature", "geometry": {"type": "Point", "coordinates": [9.2039268, 45.4798529]}, "properties": {"id": 497420819, "feat_type": "way", "quality_categories": "uncanny_keys", "issue_ids": "[163]", "osm_url": "https://www.openstreetmap.org/way/497420819", "josm_url": "http://127.0.0.1:8111/load_object?new_layer=false&objects=w497420819", "id_url": "https://www.openstreetmap.org/edit?editor=id&way=497420819#map=20/45.4798529/9.2039268"}}, {"type": "Feature", "geometry": {"type": "Point", "coordinates": [9.1588452, 45.4856778]}, "properties": {"id": 497436189, "feat_type": "way", "quality_categories": "uncanny_keys", "issue_ids": "[165]", "osm_url": "https://www.openstreetmap.org/way/497436189", "josm_url": "http://127.0.0.1:8111/load_object?new_layer=false&objects=w497436189", "id_url": "https://www.openstreetmap.org/edit?editor=id&way=497436189#map=20/45.4856778/9.1588452"}}, {"type": "Feature", "geometry": {"type": "Point", "coordinates": [9.1677109, 45.4789361]}, "properties": {"id": 497436205, "feat_type": "way", "quality_categories": "missing_tags, uncanny_keys", "issue_ids": "[166, 10]", "osm_url": "https://www.openstreetmap.org/way/497436205", "josm_url": "http://127.0.0.1:8111/load_object?new_layer=false&objects=w497436205", "id_url": "https://www.openstreetmap.org/edit?editor=id&way=497436205#map=20/45.4789361/9.1677109"}}, {"type": "Feature", "geometry": {"type": "Point", "coordinates": [9.1684844, 45.4783511]}, "properties": {"id": 497436210, "feat_type": "way", "quality_categories": "uncanny_keys", "issue_ids": "[167]", "osm_url": "https://www.openstreetmap.org/way/497436210", "josm_url": "http://127.0.0.1:8111/load_object?new_layer=false&objects=w497436210", "id_url": "https://www.openstreetmap.org/edit?editor=id&way=497436210#map=20/45.4783511/9.1684844"}}, {"type": "Feature", "geometry": {"type": "Point", "coordinates": [9.1552957, 45.4474988]}, "properties": {"id": 497584451, "feat_type": "way", "quality_categories": "uncanny_keys", "issue_ids": "[168]", "osm_url": "https://www.openstreetmap.org/way/497584451", "josm_url": "http://127.0.0.1:8111/load_object?new_layer=false&objects=w497584451", "id_url": "https://www.openstreetmap.org/edit?editor=id&way=497584451#map=20/45.4474988/9.1552957"}}, {"type": "Feature", "geometry": {"type": "Point", "coordinates": [9.1832769, 45.4886763]}, "properties": {"id": 498023290, "feat_type": "way", "quality_categories": "uncanny_keys", "issue_ids": "[169]", "osm_url": "https://www.openstreetmap.org/way/498023290", "josm_url": "http://127.0.0.1:8111/load_object?new_layer=false&objects=w498023290", "id_url": "https://www.openstreetmap.org/edit?editor=id&way=498023290#map=20/45.4886763/9.1832769"}}, {"type": "Feature", "geometry": {"type": "Point", "coordinates": [9.1829398, 45.4890366]}, "properties": {"id": 498023304, "feat_type": "way", "quality_categories": "missing_tags, uncanny_keys", "issue_ids": "[170, 10]", "osm_url": "https://www.openstreetmap.org/way/498023304", "josm_url": "http://127.0.0.1:8111/load_object?new_layer=false&objects=w498023304", "id_url": "https://www.openstreetmap.org/edit?editor=id&way=498023304#map=20/45.4890366/9.1829398"}}, {"type": "Feature", "geometry": {"type": "Point", "coordinates": [9.1840124, 45.4915584]}, "properties": {"id": 498023306, "feat_type": "way", "quality_categories": "uncanny_keys", "issue_ids": "[171]", "osm_url": "https://www.openstreetmap.org/way/498023306", "josm_url": "http://127.0.0.1:8111/load_object?new_layer=false&objects=w498023306", "id_url": "https://www.openstreetmap.org/edit?editor=id&way=498023306#map=20/45.4915584/9.1840124"}}, {"type": "Feature", "geometry": {"type": "Point", "coordinates": [9.180437, 45.4845871]}, "properties": {"id": 498026590, "feat_type": "way", "quality_categories": "uncanny_keys", "issue_ids": "[172]", "osm_url": "https://www.openstreetmap.org/way/498026590", "josm_url": "http://127.0.0.1:8111/load_object?new_layer=false&objects=w498026590", "id_url": "https://www.openstreetmap.org/edit?editor=id&way=498026590#map=20/45.4845871/9.180437"}}, {"type": "Feature", "geometry": {"type": "Point", "coordinates": [9.1815652, 45.4752546]}, "properties": {"id": 498384989, "feat_type": "way", "quality_categories": "uncanny_keys", "issue_ids": "[173]", "osm_url": "https://www.openstreetmap.org/way/498384989", "josm_url": "http://127.0.0.1:8111/load_object?new_layer=false&objects=w498384989", "id_url": "https://www.openstreetmap.org/edit?editor=id&way=498384989#map=20/45.4752546/9.1815652"}}, {"type": "Feature", "geometry": {"type": "Point", "coordinates": [9.1814173, 45.475543]}, "properties": {"id": 498384994, "feat_type": "way", "quality_categories": "uncanny_keys", "issue_ids": "[173]", "osm_url": "https://www.openstreetmap.org/way/498384994", "josm_url": "http://127.0.0.1:8111/load_object?new_layer=false&objects=w498384994", "id_url": "https://www.openstreetmap.org/edit?editor=id&way=498384994#map=20/45.475543/9.1814173"}}, {"type": "Feature", "geometry": {"type": "Point", "coordinates": [9.1807406, 45.4785213]}, "properties": {"id": 498384997, "feat_type": "way", "quality_categories": "uncanny_keys", "issue_ids": "[174]", "osm_url": "https://www.openstreetmap.org/way/498384997", "josm_url": "http://127.0.0.1:8111/load_object?new_layer=false&objects=w498384997", "id_url": "https://www.openstreetmap.org/edit?editor=id&way=498384997#map=20/45.4785213/9.1807406"}}, {"type": "Feature", "geometry": {"type": "Point", "coordinates": [9.1807381, 45.477945]}, "properties": {"id": 498385011, "feat_type": "way", "quality_categories": "uncanny_keys", "issue_ids": "[174]", "osm_url": "https://www.openstreetmap.org/way/498385011", "josm_url": "http://127.0.0.1:8111/load_object?new_layer=false&objects=w498385011", "id_url": "https://www.openstreetmap.org/edit?editor=id&way=498385011#map=20/45.477945/9.1807381"}}, {"type": "Feature", "geometry": {"type": "Point", "coordinates": [9.1810187, 45.4802075]}, "properties": {"id": 498385014, "feat_type": "way", "quality_categories": "missing_tags, uncanny_keys", "issue_ids": "[175, 10]", "osm_url": "https://www.openstreetmap.org/way/498385014", "josm_url": "http://127.0.0.1:8111/load_object?new_layer=false&objects=w498385014", "id_url": "https://www.openstreetmap.org/edit?editor=id&way=498385014#map=20/45.4802075/9.1810187"}}, {"type": "Feature", "geometry": {"type": "Point", "coordinates": [9.1815466, 45.4830596]}, "properties": {"id": 498385018, "feat_type": "way", "quality_categories": "uncanny_keys", "issue_ids": "[176]", "osm_url": "https://www.openstreetmap.org/way/498385018", "josm_url": "http://127.0.0.1:8111/load_object?new_layer=false&objects=w498385018", "id_url": "https://www.openstreetmap.org/edit?editor=id&way=498385018#map=20/45.4830596/9.1815466"}}, {"type": "Feature", "geometry": {"type": "Point", "coordinates": [9.1462532, 45.4456549]}, "properties": {"id": 498520133, "feat_type": "way", "quality_categories": "uncanny_keys", "issue_ids": "[177]", "osm_url": "https://www.openstreetmap.org/way/498520133", "josm_url": "http://127.0.0.1:8111/load_object?new_layer=false&objects=w498520133", "id_url": "https://www.openstreetmap.org/edit?editor=id&way=498520133#map=20/45.4456549/9.1462532"}}, {"type": "Feature", "geometry": {"type": "Point", "coordinates": [9.16177, 45.481365]}, "properties": {"id": 502595519, "feat_type": "way", "quality_categories": "uncanny_keys", "issue_ids": "[96]", "osm_url": "https://www.openstreetmap.org/way/502595519", "josm_url": "http://127.0.0.1:8111/load_object?new_layer=false&objects=w502595519", "id_url": "https://www.openstreetmap.org/edit?editor=id&way=502595519#map=20/45.481365/9.16177"}}, {"type": "Feature", "geometry": {"type": "Point", "coordinates": [9.2208746, 45.4574286]}, "properties": {"id": 548544409, "feat_type": "way", "quality_categories": "uncanny_keys", "issue_ids": "[62]", "osm_url": "https://www.openstreetmap.org/way/548544409", "josm_url": "http://127.0.0.1:8111/load_object?new_layer=false&objects=w548544409", "id_url": "https://www.openstreetmap.org/edit?editor=id&way=548544409#map=20/45.4574286/9.2208746"}}, {"type": "Feature", "geometry": {"type": "Point", "coordinates": [9.2195354, 45.456874]}, "properties": {"id": 548544415, "feat_type": "way", "quality_categories": "uncanny_keys", "issue_ids": "[62]", "osm_url": "https://www.openstreetmap.org/way/548544415", "josm_url": "http://127.0.0.1:8111/load_object?new_layer=false&objects=w548544415", "id_url": "https://www.openstreetmap.org/edit?editor=id&way=548544415#map=20/45.456874/9.2195354"}}, {"type": "Feature", "geometry": {"type": "Point", "coordinates": [9.221997, 45.4575693]}, "properties": {"id": 548544434, "feat_type": "way", "quality_categories": "uncanny_keys", "issue_ids": "[178]", "osm_url": "https://www.openstreetmap.org/way/548544434", "josm_url": "http://127.0.0.1:8111/load_object?new_layer=false&objects=w548544434", "id_url": "https://www.openstreetmap.org/edit?editor=id&way=548544434#map=20/45.4575693/9.221997"}}, {"type": "Feature", "geometry": {"type": "Point", "coordinates": [9.2216429, 45.4569351]}, "properties": {"id": 548544436, "feat_type": "way", "quality_categories": "uncanny_keys", "issue_ids": "[62]", "osm_url": "https://www.openstreetmap.org/way/548544436", "josm_url": "http://127.0.0.1:8111/load_object?new_layer=false&objects=w548544436", "id_url": "https://www.openstreetmap.org/edit?editor=id&way=548544436#map=20/45.4569351/9.2216429"}}, {"type": "Feature", "geometry": {"type": "Point", "coordinates": [9.2020743, 45.4868707]}, "properties": {"id": 569395227, "feat_type": "way", "quality_categories": "missing_tags, uncanny_keys", "issue_ids": "[134, 10]", "osm_url": "https://www.openstreetmap.org/way/569395227", "josm_url": "http://127.0.0.1:8111/load_object?new_layer=false&objects=w569395227", "id_url": "https://www.openstreetmap.org/edit?editor=id&way=569395227#map=20/45.4868707/9.2020743"}}, {"type": "Feature", "geometry": {"type": "Point", "coordinates": [9.1779666, 45.4345079]}, "properties": {"id": 587562629, "feat_type": "way", "quality_categories": "uncanny_keys", "issue_ids": "[179]", "osm_url": "https://www.openstreetmap.org/way/587562629", "josm_url": "http://127.0.0.1:8111/load_object?new_layer=false&objects=w587562629", "id_url": "https://www.openstreetmap.org/edit?editor=id&way=587562629#map=20/45.4345079/9.1779666"}}, {"type": "Feature", "geometry": {"type": "Point", "coordinates": [9.2441729, 45.4557139]}, "properties": {"id": 591402145, "feat_type": "way", "quality_categories": "missing_tags, uncanny_keys", "issue_ids": "[180, 10]", "osm_url": "https://www.openstreetmap.org/way/591402145", "josm_url": "http://127.0.0.1:8111/load_object?new_layer=false&objects=w591402145", "id_url": "https://www.openstreetmap.org/edit?editor=id&way=591402145#map=20/45.4557139/9.2441729"}}, {"type": "Feature", "geometry": {"type": "Point", "coordinates": [9.2445543, 45.4555411]}, "properties": {"id": 591402146, "feat_type": "way", "quality_categories": "missing_tags, uncanny_keys", "issue_ids": "[180, 10]", "osm_url": "https://www.openstreetmap.org/way/591402146", "josm_url": "http://127.0.0.1:8111/load_object?new_layer=false&objects=w591402146", "id_url": "https://www.openstreetmap.org/edit?editor=id&way=591402146#map=20/45.4555411/9.2445543"}}, {"type": "Feature", "geometry": {"type": "Point", "coordinates": [9.2069516, 45.461771]}, "properties": {"id": 663470114, "feat_type": "way", "quality_categories": "uncanny_keys", "issue_ids": "[136]", "osm_url": "https://www.openstreetmap.org/way/663470114", "josm_url": "http://127.0.0.1:8111/load_object?new_layer=false&objects=w663470114", "id_url": "https://www.openstreetmap.org/edit?editor=id&way=663470114#map=20/45.461771/9.2069516"}}, {"type": "Feature", "geometry": {"type": "Point", "coordinates": [9.2025384, 45.4513307]}, "properties": {"id": 668929348, "feat_type": "way", "quality_categories": "missing_tags, uncanny_keys", "issue_ids": "[181, 10]", "osm_url": "https://www.openstreetmap.org/way/668929348", "josm_url": "http://127.0.0.1:8111/load_object?new_layer=false&objects=w668929348", "id_url": "https://www.openstreetmap.org/edit?editor=id&way=668929348#map=20/45.4513307/9.2025384"}}, {"type": "Feature", "geometry": {"type": "Point", "coordinates": [9.2031812, 45.4514776]}, "properties": {"id": 668929358, "feat_type": "way", "quality_categories": "uncanny_keys", "issue_ids": "[182]", "osm_url": "https://www.openstreetmap.org/way/668929358", "josm_url": "http://127.0.0.1:8111/load_object?new_layer=false&objects=w668929358", "id_url": "https://www.openstreetmap.org/edit?editor=id&way=668929358#map=20/45.4514776/9.2031812"}}, {"type": "Feature", "geometry": {"type": "Point", "coordinates": [9.2024604, 45.4515185]}, "properties": {"id": 668929367, "feat_type": "way", "quality_categories": "uncanny_keys", "issue_ids": "[181]", "osm_url": "https://www.openstreetmap.org/way/668929367", "josm_url": "http://127.0.0.1:8111/load_object?new_layer=false&objects=w668929367", "id_url": "https://www.openstreetmap.org/edit?editor=id&way=668929367#map=20/45.4515185/9.2024604"}}, {"type": "Feature", "geometry": {"type": "Point", "coordinates": [9.2042389, 45.4552066]}, "properties": {"id": 669158569, "feat_type": "way", "quality_categories": "missing_tags, uncanny_keys", "issue_ids": "[183, 10]", "osm_url": "https://www.openstreetmap.org/way/669158569", "josm_url": "http://127.0.0.1:8111/load_object?new_layer=false&objects=w669158569", "id_url": "https://www.openstreetmap.org/edit?editor=id&way=669158569#map=20/45.4552066/9.2042389"}}, {"type": "Feature", "geometry": {"type": "Point", "coordinates": [9.2041548, 45.4548548]}, "properties": {"id": 669158811, "feat_type": "way", "quality_categories": "missing_tags, uncanny_keys", "issue_ids": "[183, 10]", "osm_url": "https://www.openstreetmap.org/way/669158811", "josm_url": "http://127.0.0.1:8111/load_object?new_layer=false&objects=w669158811", "id_url": "https://www.openstreetmap.org/edit?editor=id&way=669158811#map=20/45.4548548/9.2041548"}}, {"type": "Feature", "geometry": {"type": "Point", "coordinates": [9.2077019, 45.4618453]}, "properties": {"id": 672943244, "feat_type": "way", "quality_categories": "uncanny_keys", "issue_ids": "[136]", "osm_url": "https://www.openstreetmap.org/way/672943244", "josm_url": "http://127.0.0.1:8111/load_object?new_layer=false&objects=w672943244", "id_url": "https://www.openstreetmap.org/edit?editor=id&way=672943244#map=20/45.4618453/9.2077019"}}, {"type": "Feature", "geometry": {"type": "Point", "coordinates": [9.197762, 45.4627011]}, "properties": {"id": 673362983, "feat_type": "way", "quality_categories": "uncanny_keys", "issue_ids": "[184]", "osm_url": "https://www.openstreetmap.org/way/673362983", "josm_url": "http://127.0.0.1:8111/load_object?new_layer=false&objects=w673362983", "id_url": "https://www.openstreetmap.org/edit?editor=id&way=673362983#map=20/45.4627011/9.197762"}}, {"type": "Feature", "geometry": {"type": "Point", "coordinates": [9.1949506, 45.4793635]}, "properties": {"id": 684314204, "feat_type": "way", "quality_categories": "missing_tags, uncanny_keys", "issue_ids": "[160, 10]", "osm_url": "https://www.openstreetmap.org/way/684314204", "josm_url": "http://127.0.0.1:8111/load_object?new_layer=false&objects=w684314204", "id_url": "https://www.openstreetmap.org/edit?editor=id&way=684314204#map=20/45.4793635/9.1949506"}}, {"type": "Feature", "geometry": {"type": "Point", "coordinates": [9.2240545, 45.4411704]}, "properties": {"id": 684533823, "feat_type": "way", "quality_categories": "missing_tags, uncanny_keys", "issue_ids": "[185, 10]", "osm_url": "https://www.openstreetmap.org/way/684533823", "josm_url": "http://127.0.0.1:8111/load_object?new_layer=false&objects=w684533823", "id_url": "https://www.openstreetmap.org/edit?editor=id&way=684533823#map=20/45.4411704/9.2240545"}}, {"type": "Feature", "geometry": {"type": "Point", "coordinates": [9.1811561, 45.4799172]}, "properties": {"id": 685382197, "feat_type": "way", "quality_categories": "uncanny_keys", "issue_ids": "[186]", "osm_url": "https://www.openstreetmap.org/way/685382197", "josm_url": "http://127.0.0.1:8111/load_object?new_layer=false&objects=w685382197", "id_url": "https://www.openstreetmap.org/edit?editor=id&way=685382197#map=20/45.4799172/9.1811561"}}, {"type": "Feature", "geometry": {"type": "Point", "coordinates": [9.1753984, 45.4658663]}, "properties": {"id": 685672153, "feat_type": "way", "quality_categories": "uncanny_keys", "issue_ids": "[187]", "osm_url": "https://www.openstreetmap.org/way/685672153", "josm_url": "http://127.0.0.1:8111/load_object?new_layer=false&objects=w685672153", "id_url": "https://www.openstreetmap.org/edit?editor=id&way=685672153#map=20/45.4658663/9.1753984"}}, {"type": "Feature", "geometry": {"type": "Point", "coordinates": [9.1399235, 45.4744546]}, "properties": {"id": 689278414, "feat_type": "way", "quality_categories": "uncanny_keys", "issue_ids": "[188]", "osm_url": "https://www.openstreetmap.org/way/689278414", "josm_url": "http://127.0.0.1:8111/load_object?new_layer=false&objects=w689278414", "id_url": "https://www.openstreetmap.org/edit?editor=id&way=689278414#map=20/45.4744546/9.1399235"}}, {"type": "Feature", "geometry": {"type": "Point", "coordinates": [9.194271, 45.4509748]}, "properties": {"id": 696625981, "feat_type": "way", "quality_categories": "missing_tags, uncanny_keys", "issue_ids": "[189, 10]", "osm_url": "https://www.openstreetmap.org/way/696625981", "josm_url": "http://127.0.0.1:8111/load_object?new_layer=false&objects=w696625981", "id_url": "https://www.openstreetmap.org/edit?editor=id&way=696625981#map=20/45.4509748/9.194271"}}, {"type": "Feature", "geometry": {"type": "Point", "coordinates": [9.193653, 45.4509023]}, "properties": {"id": 696625982, "feat_type": "way", "quality_categories": "missing_tags, uncanny_keys", "issue_ids": "[189, 10]", "osm_url": "https://www.openstreetmap.org/way/696625982", "josm_url": "http://127.0.0.1:8111/load_object?new_layer=false&objects=w696625982", "id_url": "https://www.openstreetmap.org/edit?editor=id&way=696625982#map=20/45.4509023/9.193653"}}, {"type": "Feature", "geometry": {"type": "Point", "coordinates": [9.1923644, 45.4704067]}, "properties": {"id": 697788457, "feat_type": "way", "quality_categories": "uncanny_keys", "issue_ids": "[190]", "osm_url": "https://www.openstreetmap.org/way/697788457", "josm_url": "http://127.0.0.1:8111/load_object?new_layer=false&objects=w697788457", "id_url": "https://www.openstreetmap.org/edit?editor=id&way=697788457#map=20/45.4704067/9.1923644"}}, {"type": "Feature", "geometry": {"type": "Point", "coordinates": [9.2018462, 45.4846213]}, "properties": {"id": 705605423, "feat_type": "way", "quality_categories": "uncanny_keys", "issue_ids": "[60]", "osm_url": "https://www.openstreetmap.org/way/705605423", "josm_url": "http://127.0.0.1:8111/load_object?new_layer=false&objects=w705605423", "id_url": "https://www.openstreetmap.org/edit?editor=id&way=705605423#map=20/45.4846213/9.2018462"}}, {"type": "Feature", "geometry": {"type": "Point", "coordinates": [9.202042, 45.4841033]}, "properties": {"id": 705605424, "feat_type": "way", "quality_categories": "uncanny_keys", "issue_ids": "[60]", "osm_url": "https://www.openstreetmap.org/way/705605424", "josm_url": "http://127.0.0.1:8111/load_object?new_layer=false&objects=w705605424", "id_url": "https://www.openstreetmap.org/edit?editor=id&way=705605424#map=20/45.4841033/9.202042"}}, {"type": "Feature", "geometry": {"type": "Point", "coordinates": [9.2027339, 45.4847095]}, "properties": {"id": 705605428, "feat_type": "way", "quality_categories": "uncanny_keys", "issue_ids": "[60]", "osm_url": "https://www.openstreetmap.org/way/705605428", "josm_url": "http://127.0.0.1:8111/load_object?new_layer=false&objects=w705605428", "id_url": "https://www.openstreetmap.org/edit?editor=id&way=705605428#map=20/45.4847095/9.2027339"}}, {"type": "Feature", "geometry": {"type": "Point", "coordinates": [9.2025355, 45.4847908]}, "properties": {"id": 705605435, "feat_type": "way", "quality_categories": "uncanny_keys", "issue_ids": "[60]", "osm_url": "https://www.openstreetmap.org/way/705605435", "josm_url": "http://127.0.0.1:8111/load_object?new_layer=false&objects=w705605435", "id_url": "https://www.openstreetmap.org/edit?editor=id&way=705605435#map=20/45.4847908/9.2025355"}}, {"type": "Feature", "geometry": {"type": "Point", "coordinates": [9.2029683, 45.4845667]}, "properties": {"id": 705605436, "feat_type": "way", "quality_categories": "uncanny_keys", "issue_ids": "[60]", "osm_url": "https://www.openstreetmap.org/way/705605436", "josm_url": "http://127.0.0.1:8111/load_object?new_layer=false&objects=w705605436", "id_url": "https://www.openstreetmap.org/edit?editor=id&way=705605436#map=20/45.4845667/9.2029683"}}, {"type": "Feature", "geometry": {"type": "Point", "coordinates": [9.2037009, 45.4841531]}, "properties": {"id": 705605437, "feat_type": "way", "quality_categories": "uncanny_keys", "issue_ids": "[60]", "osm_url": "https://www.openstreetmap.org/way/705605437", "josm_url": "http://127.0.0.1:8111/load_object?new_layer=false&objects=w705605437", "id_url": "https://www.openstreetmap.org/edit?editor=id&way=705605437#map=20/45.4841531/9.2037009"}}, {"type": "Feature", "geometry": {"type": "Point", "coordinates": [9.203419, 45.484339]}, "properties": {"id": 705605438, "feat_type": "way", "quality_categories": "uncanny_keys", "issue_ids": "[60]", "osm_url": "https://www.openstreetmap.org/way/705605438", "josm_url": "http://127.0.0.1:8111/load_object?new_layer=false&objects=w705605438", "id_url": "https://www.openstreetmap.org/edit?editor=id&way=705605438#map=20/45.484339/9.203419"}}, {"type": "Feature", "geometry": {"type": "Point", "coordinates": [9.2026611, 45.4838418]}, "properties": {"id": 705605458, "feat_type": "way", "quality_categories": "uncanny_keys", "issue_ids": "[60]", "osm_url": "https://www.openstreetmap.org/way/705605458", "josm_url": "http://127.0.0.1:8111/load_object?new_layer=false&objects=w705605458", "id_url": "https://www.openstreetmap.org/edit?editor=id&way=705605458#map=20/45.4838418/9.2026611"}}, {"type": "Feature", "geometry": {"type": "Point", "coordinates": [9.2028992, 45.4837248]}, "properties": {"id": 705605459, "feat_type": "way", "quality_categories": "uncanny_keys", "issue_ids": "[60]", "osm_url": "https://www.openstreetmap.org/way/705605459", "josm_url": "http://127.0.0.1:8111/load_object?new_layer=false&objects=w705605459", "id_url": "https://www.openstreetmap.org/edit?editor=id&way=705605459#map=20/45.4837248/9.2028992"}}, {"type": "Feature", "geometry": {"type": "Point", "coordinates": [9.202874, 45.4836964]}, "properties": {"id": 705605463, "feat_type": "way", "quality_categories": "uncanny_keys", "issue_ids": "[60]", "osm_url": "https://www.openstreetmap.org/way/705605463", "josm_url": "http://127.0.0.1:8111/load_object?new_layer=false&objects=w705605463", "id_url": "https://www.openstreetmap.org/edit?editor=id&way=705605463#map=20/45.4836964/9.202874"}}, {"type": "Feature", "geometry": {"type": "Point", "coordinates": [9.1588963, 45.5313632]}, "properties": {"id": 708002566, "feat_type": "way", "quality_categories": "uncanny_keys", "issue_ids": "[191]", "osm_url": "https://www.openstreetmap.org/way/708002566", "josm_url": "http://127.0.0.1:8111/load_object?new_layer=false&objects=w708002566", "id_url": "https://www.openstreetmap.org/edit?editor=id&way=708002566#map=20/45.5313632/9.1588963"}}, {"type": "Feature", "geometry": {"type": "Point", "coordinates": [9.1614513, 45.531637]}, "properties": {"id": 708002615, "feat_type": "way", "quality_categories": "uncanny_keys", "issue_ids": "[191]", "osm_url": "https://www.openstreetmap.org/way/708002615", "josm_url": "http://127.0.0.1:8111/load_object?new_layer=false&objects=w708002615", "id_url": "https://www.openstreetmap.org/edit?editor=id&way=708002615#map=20/45.531637/9.1614513"}}, {"type": "Feature", "geometry": {"type": "Point", "coordinates": [9.1755374, 45.4839477]}, "properties": {"id": 734372000, "feat_type": "way", "quality_categories": "uncanny_keys", "issue_ids": "[192]", "osm_url": "https://www.openstreetmap.org/way/734372000", "josm_url": "http://127.0.0.1:8111/load_object?new_layer=false&objects=w734372000", "id_url": "https://www.openstreetmap.org/edit?editor=id&way=734372000#map=20/45.4839477/9.1755374"}}, {"type": "Feature", "geometry": {"type": "Point", "coordinates": [9.1766987, 45.484008]}, "properties": {"id": 734372002, "feat_type": "way", "quality_categories": "missing_tags, uncanny_keys", "issue_ids": "[192, 10]", "osm_url": "https://www.openstreetmap.org/way/734372002", "josm_url": "http://127.0.0.1:8111/load_object?new_layer=false&objects=w734372002", "id_url": "https://www.openstreetmap.org/edit?editor=id&way=734372002#map=20/45.484008/9.1766987"}}, {"type": "Feature", "geometry": {"type": "Point", "coordinates": [9.1967149, 45.4511805]}, "properties": {"id": 734802316, "feat_type": "way", "quality_categories": "uncanny_keys", "issue_ids": "[193]", "osm_url": "https://www.openstreetmap.org/way/734802316", "josm_url": "http://127.0.0.1:8111/load_object?new_layer=false&objects=w734802316", "id_url": "https://www.openstreetmap.org/edit?editor=id&way=734802316#map=20/45.4511805/9.1967149"}}, {"type": "Feature", "geometry": {"type": "Point", "coordinates": [9.1979238, 45.4466849]}, "properties": {"id": 734802317, "feat_type": "way", "quality_categories": "uncanny_keys", "issue_ids": "[194]", "osm_url": "https://www.openstreetmap.org/way/734802317", "josm_url": "http://127.0.0.1:8111/load_object?new_layer=false&objects=w734802317", "id_url": "https://www.openstreetmap.org/edit?editor=id&way=734802317#map=20/45.4466849/9.1979238"}}, {"type": "Feature", "geometry": {"type": "Point", "coordinates": [9.1980015, 45.4468189]}, "properties": {"id": 734802318, "feat_type": "way", "quality_categories": "uncanny_keys", "issue_ids": "[194]", "osm_url": "https://www.openstreetmap.org/way/734802318", "josm_url": "http://127.0.0.1:8111/load_object?new_layer=false&objects=w734802318", "id_url": "https://www.openstreetmap.org/edit?editor=id&way=734802318#map=20/45.4468189/9.1980015"}}, {"type": "Feature", "geometry": {"type": "Point", "coordinates": [9.2310597, 45.4806642]}, "properties": {"id": 736649258, "feat_type": "way", "quality_categories": "uncanny_keys", "issue_ids": "[195]", "osm_url": "https://www.openstreetmap.org/way/736649258", "josm_url": "http://127.0.0.1:8111/load_object?new_layer=false&objects=w736649258", "id_url": "https://www.openstreetmap.org/edit?editor=id&way=736649258#map=20/45.4806642/9.2310597"}}, {"type": "Feature", "geometry": {"type": "Point", "coordinates": [9.1817958, 45.4653057]}, "properties": {"id": 750788343, "feat_type": "way", "quality_categories": "uncanny_keys", "issue_ids": "[122]", "osm_url": "https://www.openstreetmap.org/way/750788343", "josm_url": "http://127.0.0.1:8111/load_object?new_layer=false&objects=w750788343", "id_url": "https://www.openstreetmap.org/edit?editor=id&way=750788343#map=20/45.4653057/9.1817958"}}, {"type": "Feature", "geometry": {"type": "Point", "coordinates": [9.1720086, 45.5210473]}, "properties": {"id": 835902492, "feat_type": "way", "quality_categories": "uncanny_keys", "issue_ids": "[47]", "osm_url": "https://www.openstreetmap.org/way/835902492", "josm_url": "http://127.0.0.1:8111/load_object?new_layer=false&objects=w835902492", "id_url": "https://www.openstreetmap.org/edit?editor=id&way=835902492#map=20/45.5210473/9.1720086"}}, {"type": "Feature", "geometry": {"type": "Point", "coordinates": [9.1708294, 45.52028]}, "properties": {"id": 835902494, "feat_type": "way", "quality_categories": "uncanny_keys", "issue_ids": "[47]", "osm_url": "https://www.openstreetmap.org/way/835902494", "josm_url": "http://127.0.0.1:8111/load_object?new_layer=false&objects=w835902494", "id_url": "https://www.openstreetmap.org/edit?editor=id&way=835902494#map=20/45.52028/9.1708294"}}, {"type": "Feature", "geometry": {"type": "Point", "coordinates": [9.1396276, 45.5146155]}, "properties": {"id": 837542646, "feat_type": "way", "quality_categories": "uncanny_keys", "issue_ids": "[196]", "osm_url": "https://www.openstreetmap.org/way/837542646", "josm_url": "http://127.0.0.1:8111/load_object?new_layer=false&objects=w837542646", "id_url": "https://www.openstreetmap.org/edit?editor=id&way=837542646#map=20/45.5146155/9.1396276"}}, {"type": "Feature", "geometry": {"type": "Point", "coordinates": [9.1401979, 45.5128924]}, "properties": {"id": 837542652, "feat_type": "way", "quality_categories": "uncanny_keys", "issue_ids": "[196]", "osm_url": "https://www.openstreetmap.org/way/837542652", "josm_url": "http://127.0.0.1:8111/load_object?new_layer=false&objects=w837542652", "id_url": "https://www.openstreetmap.org/edit?editor=id&way=837542652#map=20/45.5128924/9.1401979"}}, {"type": "Feature", "geometry": {"type": "Point", "coordinates": [9.1393082, 45.515653]}, "properties": {"id": 837542724, "feat_type": "way", "quality_categories": "uncanny_keys", "issue_ids": "[196]", "osm_url": "https://www.openstreetmap.org/way/837542724", "josm_url": "http://127.0.0.1:8111/load_object?new_layer=false&objects=w837542724", "id_url": "https://www.openstreetmap.org/edit?editor=id&way=837542724#map=20/45.515653/9.1393082"}}, {"type": "Feature", "geometry": {"type": "Point", "coordinates": [9.1385897, 45.516344]}, "properties": {"id": 837542746, "feat_type": "way", "quality_categories": "uncanny_keys", "issue_ids": "[196]", "osm_url": "https://www.openstreetmap.org/way/837542746", "josm_url": "http://127.0.0.1:8111/load_object?new_layer=false&objects=w837542746", "id_url": "https://www.openstreetmap.org/edit?editor=id&way=837542746#map=20/45.516344/9.1385897"}}, {"type": "Feature", "geometry": {"type": "Point", "coordinates": [9.1389025, 45.5169702]}, "properties": {"id": 837542755, "feat_type": "way", "quality_categories": "uncanny_keys", "issue_ids": "[196]", "osm_url": "https://www.openstreetmap.org/way/837542755", "josm_url": "http://127.0.0.1:8111/load_object?new_layer=false&objects=w837542755", "id_url": "https://www.openstreetmap.org/edit?editor=id&way=837542755#map=20/45.5169702/9.1389025"}}, {"type": "Feature", "geometry": {"type": "Point", "coordinates": [9.1383297, 45.5188442]}, "properties": {"id": 837542765, "feat_type": "way", "quality_categories": "uncanny_keys", "issue_ids": "[196]", "osm_url": "https://www.openstreetmap.org/way/837542765", "josm_url": "http://127.0.0.1:8111/load_object?new_layer=false&objects=w837542765", "id_url": "https://www.openstreetmap.org/edit?editor=id&way=837542765#map=20/45.5188442/9.1383297"}}, {"type": "Feature", "geometry": {"type": "Point", "coordinates": [9.1378215, 45.5187951]}, "properties": {"id": 837542769, "feat_type": "way", "quality_categories": "uncanny_keys", "issue_ids": "[196]", "osm_url": "https://www.openstreetmap.org/way/837542769", "josm_url": "http://127.0.0.1:8111/load_object?new_layer=false&objects=w837542769", "id_url": "https://www.openstreetmap.org/edit?editor=id&way=837542769#map=20/45.5187951/9.1378215"}}, {"type": "Feature", "geometry": {"type": "Point", "coordinates": [9.1383671, 45.5170581]}, "properties": {"id": 837542805, "feat_type": "way", "quality_categories": "uncanny_keys", "issue_ids": "[196]", "osm_url": "https://www.openstreetmap.org/way/837542805", "josm_url": "http://127.0.0.1:8111/load_object?new_layer=false&objects=w837542805", "id_url": "https://www.openstreetmap.org/edit?editor=id&way=837542805#map=20/45.5170581/9.1383671"}}, {"type": "Feature", "geometry": {"type": "Point", "coordinates": [9.1388535, 45.5171301]}, "properties": {"id": 837542808, "feat_type": "way", "quality_categories": "uncanny_keys", "issue_ids": "[196]", "osm_url": "https://www.openstreetmap.org/way/837542808", "josm_url": "http://127.0.0.1:8111/load_object?new_layer=false&objects=w837542808", "id_url": "https://www.openstreetmap.org/edit?editor=id&way=837542808#map=20/45.5171301/9.1388535"}}, {"type": "Feature", "geometry": {"type": "Point", "coordinates": [9.1955081, 45.5077146]}, "properties": {"id": 845987176, "feat_type": "way", "quality_categories": "missing_tags, uncanny_keys", "issue_ids": "[197, 10]", "osm_url": "https://www.openstreetmap.org/way/845987176", "josm_url": "http://127.0.0.1:8111/load_object?new_layer=false&objects=w845987176", "id_url": "https://www.openstreetmap.org/edit?editor=id&way=845987176#map=20/45.5077146/9.1955081"}}, {"type": "Feature", "geometry": {"type": "Point", "coordinates": [9.2408442, 45.4581675]}, "properties": {"id": 855247465, "feat_type": "way", "quality_categories": "missing_tags, uncanny_keys", "issue_ids": "[198, 10]", "osm_url": "https://www.openstreetmap.org/way/855247465", "josm_url": "http://127.0.0.1:8111/load_object?new_layer=false&objects=w855247465", "id_url": "https://www.openstreetmap.org/edit?editor=id&way=855247465#map=20/45.4581675/9.2408442"}}, {"type": "Feature", "geometry": {"type": "Point", "coordinates": [9.2409236, 45.4582063]}, "properties": {"id": 855247466, "feat_type": "way", "quality_categories": "missing_tags, uncanny_keys", "issue_ids": "[198, 10]", "osm_url": "https://www.openstreetmap.org/way/855247466", "josm_url": "http://127.0.0.1:8111/load_object?new_layer=false&objects=w855247466", "id_url": "https://www.openstreetmap.org/edit?editor=id&way=855247466#map=20/45.4582063/9.2409236"}}, {"type": "Feature", "geometry": {"type": "Point", "coordinates": [9.1498682, 45.4854238]}, "properties": {"id": 862864603, "feat_type": "way", "quality_categories": "uncanny_keys", "issue_ids": "[199]", "osm_url": "https://www.openstreetmap.org/way/862864603", "josm_url": "http://127.0.0.1:8111/load_object?new_layer=false&objects=w862864603", "id_url": "https://www.openstreetmap.org/edit?editor=id&way=862864603#map=20/45.4854238/9.1498682"}}, {"type": "Feature", "geometry": {"type": "Point", "coordinates": [9.1875169, 45.499321]}, "properties": {"id": 873063614, "feat_type": "way", "quality_categories": "uncanny_keys", "issue_ids": "[200]", "osm_url": "https://www.openstreetmap.org/way/873063614", "josm_url": "http://127.0.0.1:8111/load_object?new_layer=false&objects=w873063614", "id_url": "https://www.openstreetmap.org/edit?editor=id&way=873063614#map=20/45.499321/9.1875169"}}, {"type": "Feature", "geometry": {"type": "Point", "coordinates": [9.1871672, 45.4984884]}, "properties": {"id": 873063617, "feat_type": "way", "quality_categories": "uncanny_keys", "issue_ids": "[200]", "osm_url": "https://www.openstreetmap.org/way/873063617", "josm_url": "http://127.0.0.1:8111/load_object?new_layer=false&objects=w873063617", "id_url": "https://www.openstreetmap.org/edit?editor=id&way=873063617#map=20/45.4984884/9.1871672"}}, {"type": "Feature", "geometry": {"type": "Point", "coordinates": [9.187726, 45.4997893]}, "properties": {"id": 873077354, "feat_type": "way", "quality_categories": "uncanny_keys", "issue_ids": "[200]", "osm_url": "https://www.openstreetmap.org/way/873077354", "josm_url": "http://127.0.0.1:8111/load_object?new_layer=false&objects=w873077354", "id_url": "https://www.openstreetmap.org/edit?editor=id&way=873077354#map=20/45.4997893/9.187726"}}, {"type": "Feature", "geometry": {"type": "Point", "coordinates": [9.1876836, 45.4996913]}, "properties": {"id": 873077355, "feat_type": "way", "quality_categories": "uncanny_keys", "issue_ids": "[200]", "osm_url": "https://www.openstreetmap.org/way/873077355", "josm_url": "http://127.0.0.1:8111/load_object?new_layer=false&objects=w873077355", "id_url": "https://www.openstreetmap.org/edit?editor=id&way=873077355#map=20/45.4996913/9.1876836"}}, {"type": "Feature", "geometry": {"type": "Point", "coordinates": [9.1876591, 45.4996348]}, "properties": {"id": 873077356, "feat_type": "way", "quality_categories": "uncanny_keys", "issue_ids": "[200]", "osm_url": "https://www.openstreetmap.org/way/873077356", "josm_url": "http://127.0.0.1:8111/load_object?new_layer=false&objects=w873077356", "id_url": "https://www.openstreetmap.org/edit?editor=id&way=873077356#map=20/45.4996348/9.1876591"}}, {"type": "Feature", "geometry": {"type": "Point", "coordinates": [9.1876481, 45.4996094]}, "properties": {"id": 873077357, "feat_type": "way", "quality_categories": "uncanny_keys", "issue_ids": "[200]", "osm_url": "https://www.openstreetmap.org/way/873077357", "josm_url": "http://127.0.0.1:8111/load_object?new_layer=false&objects=w873077357", "id_url": "https://www.openstreetmap.org/edit?editor=id&way=873077357#map=20/45.4996094/9.1876481"}}, {"type": "Feature", "geometry": {"type": "Point", "coordinates": [9.1881043, 45.5006628]}, "properties": {"id": 873080766, "feat_type": "way", "quality_categories": "uncanny_keys", "issue_ids": "[200]", "osm_url": "https://www.openstreetmap.org/way/873080766", "josm_url": "http://127.0.0.1:8111/load_object?new_layer=false&objects=w873080766", "id_url": "https://www.openstreetmap.org/edit?editor=id&way=873080766#map=20/45.5006628/9.1881043"}}, {"type": "Feature", "geometry": {"type": "Point", "coordinates": [9.18774, 45.4998215]}, "properties": {"id": 873080767, "feat_type": "way", "quality_categories": "uncanny_keys", "issue_ids": "[200]", "osm_url": "https://www.openstreetmap.org/way/873080767", "josm_url": "http://127.0.0.1:8111/load_object?new_layer=false&objects=w873080767", "id_url": "https://www.openstreetmap.org/edit?editor=id&way=873080767#map=20/45.4998215/9.18774"}}, {"type": "Feature", "geometry": {"type": "Point", "coordinates": [9.1873055, 45.4988197]}, "properties": {"id": 873087314, "feat_type": "way", "quality_categories": "uncanny_keys", "issue_ids": "[200]", "osm_url": "https://www.openstreetmap.org/way/873087314", "josm_url": "http://127.0.0.1:8111/load_object?new_layer=false&objects=w873087314", "id_url": "https://www.openstreetmap.org/edit?editor=id&way=873087314#map=20/45.4988197/9.1873055"}}, {"type": "Feature", "geometry": {"type": "Point", "coordinates": [9.1873055, 45.4988197]}, "properties": {"id": 873087315, "feat_type": "way", "quality_categories": "uncanny_keys", "issue_ids": "[200]", "osm_url": "https://www.openstreetmap.org/way/873087315", "josm_url": "http://127.0.0.1:8111/load_object?new_layer=false&objects=w873087315", "id_url": "https://www.openstreetmap.org/edit?editor=id&way=873087315#map=20/45.4988197/9.1873055"}}, {"type": "Feature", "geometry": {"type": "Point", "coordinates": [9.188002, 45.5004262]}, "properties": {"id": 873212133, "feat_type": "way", "quality_categories": "uncanny_keys", "issue_ids": "[200]", "osm_url": "https://www.openstreetmap.org/way/873212133", "josm_url": "http://127.0.0.1:8111/load_object?new_layer=false&objects=w873212133", "id_url": "https://www.openstreetmap.org/edit?editor=id&way=873212133#map=20/45.5004262/9.188002"}}, {"type": "Feature", "geometry": {"type": "Point", "coordinates": [9.1882949, 45.5010956]}, "properties": {"id": 873454570, "feat_type": "way", "quality_categories": "uncanny_keys", "issue_ids": "[18]", "osm_url": "https://www.openstreetmap.org/way/873454570", "josm_url": "http://127.0.0.1:8111/load_object?new_layer=false&objects=w873454570", "id_url": "https://www.openstreetmap.org/edit?editor=id&way=873454570#map=20/45.5010956/9.1882949"}}, {"type": "Feature", "geometry": {"type": "Point", "coordinates": [9.1889728, 45.5029758]}, "properties": {"id": 874423714, "feat_type": "way", "quality_categories": "missing_tags, uncanny_keys", "issue_ids": "[19, 10]", "osm_url": "https://www.openstreetmap.org/way/874423714", "josm_url": "http://127.0.0.1:8111/load_object?new_layer=false&objects=w874423714", "id_url": "https://www.openstreetmap.org/edit?editor=id&way=874423714#map=20/45.5029758/9.1889728"}}, {"type": "Feature", "geometry": {"type": "Point", "coordinates": [9.2041318, 45.5072648]}, "properties": {"id": 901095041, "feat_type": "way", "quality_categories": "uncanny_keys", "issue_ids": "[201]", "osm_url": "https://www.openstreetmap.org/way/901095041", "josm_url": "http://127.0.0.1:8111/load_object?new_layer=false&objects=w901095041", "id_url": "https://www.openstreetmap.org/edit?editor=id&way=901095041#map=20/45.5072648/9.2041318"}}, {"type": "Feature", "geometry": {"type": "Point", "coordinates": [9.2035274, 45.5108199]}, "properties": {"id": 901098025, "feat_type": "way", "quality_categories": "uncanny_keys", "issue_ids": "[202]", "osm_url": "https://www.openstreetmap.org/way/901098025", "josm_url": "http://127.0.0.1:8111/load_object?new_layer=false&objects=w901098025", "id_url": "https://www.openstreetmap.org/edit?editor=id&way=901098025#map=20/45.5108199/9.2035274"}}, {"type": "Feature", "geometry": {"type": "Point", "coordinates": [9.2113785, 45.5137063]}, "properties": {"id": 901380591, "feat_type": "way", "quality_categories": "uncanny_keys", "issue_ids": "[203]", "osm_url": "https://www.openstreetmap.org/way/901380591", "josm_url": "http://127.0.0.1:8111/load_object?new_layer=false&objects=w901380591", "id_url": "https://www.openstreetmap.org/edit?editor=id&way=901380591#map=20/45.5137063/9.2113785"}}, {"type": "Feature", "geometry": {"type": "Point", "coordinates": [9.2113314, 45.5136065]}, "properties": {"id": 901380593, "feat_type": "way", "quality_categories": "uncanny_keys", "issue_ids": "[203]", "osm_url": "https://www.openstreetmap.org/way/901380593", "josm_url": "http://127.0.0.1:8111/load_object?new_layer=false&objects=w901380593", "id_url": "https://www.openstreetmap.org/edit?editor=id&way=901380593#map=20/45.5136065/9.2113314"}}, {"type": "Feature", "geometry": {"type": "Point", "coordinates": [9.2139306, 45.5134372]}, "properties": {"id": 901380814, "feat_type": "way", "quality_categories": "uncanny_keys", "issue_ids": "[204]", "osm_url": "https://www.openstreetmap.org/way/901380814", "josm_url": "http://127.0.0.1:8111/load_object?new_layer=false&objects=w901380814", "id_url": "https://www.openstreetmap.org/edit?editor=id&way=901380814#map=20/45.5134372/9.2139306"}}, {"type": "Feature", "geometry": {"type": "Point", "coordinates": [9.1396541, 45.5129298]}, "properties": {"id": 926196401, "feat_type": "way", "quality_categories": "uncanny_keys", "issue_ids": "[196]", "osm_url": "https://www.openstreetmap.org/way/926196401", "josm_url": "http://127.0.0.1:8111/load_object?new_layer=false&objects=w926196401", "id_url": "https://www.openstreetmap.org/edit?editor=id&way=926196401#map=20/45.5129298/9.1396541"}}, {"type": "Feature", "geometry": {"type": "Point", "coordinates": [9.225589, 45.4768261]}, "properties": {"id": 941863455, "feat_type": "way", "quality_categories": "uncanny_keys", "issue_ids": "[205]", "osm_url": "https://www.openstreetmap.org/way/941863455", "josm_url": "http://127.0.0.1:8111/load_object?new_layer=false&objects=w941863455", "id_url": "https://www.openstreetmap.org/edit?editor=id&way=941863455#map=20/45.4768261/9.225589"}}, {"type": "Feature", "geometry": {"type": "Point", "coordinates": [9.2240356, 45.4762732]}, "properties": {"id": 941863456, "feat_type": "way", "quality_categories": "uncanny_keys", "issue_ids": "[206]", "osm_url": "https://www.openstreetmap.org/way/941863456", "josm_url": "http://127.0.0.1:8111/load_object?new_layer=false&objects=w941863456", "id_url": "https://www.openstreetmap.org/edit?editor=id&way=941863456#map=20/45.4762732/9.2240356"}}, {"type": "Feature", "geometry": {"type": "Point", "coordinates": [9.2233697, 45.4759309]}, "properties": {"id": 941863459, "feat_type": "way", "quality_categories": "uncanny_keys", "issue_ids": "[206]", "osm_url": "https://www.openstreetmap.org/way/941863459", "josm_url": "http://127.0.0.1:8111/load_object?new_layer=false&objects=w941863459", "id_url": "https://www.openstreetmap.org/edit?editor=id&way=941863459#map=20/45.4759309/9.2233697"}}, {"type": "Feature", "geometry": {"type": "Point", "coordinates": [9.2216007, 45.4752886]}, "properties": {"id": 941863463, "feat_type": "way", "quality_categories": "uncanny_keys", "issue_ids": "[207]", "osm_url": "https://www.openstreetmap.org/way/941863463", "josm_url": "http://127.0.0.1:8111/load_object?new_layer=false&objects=w941863463", "id_url": "https://www.openstreetmap.org/edit?editor=id&way=941863463#map=20/45.4752886/9.2216007"}}, {"type": "Feature", "geometry": {"type": "Point", "coordinates": [9.2389371, 45.4698489]}, "properties": {"id": 945579729, "feat_type": "way", "quality_categories": "uncanny_keys", "issue_ids": "[208]", "osm_url": "https://www.openstreetmap.org/way/945579729", "josm_url": "http://127.0.0.1:8111/load_object?new_layer=false&objects=w945579729", "id_url": "https://www.openstreetmap.org/edit?editor=id&way=945579729#map=20/45.4698489/9.2389371"}}, {"type": "Feature", "geometry": {"type": "Point", "coordinates": [9.2417089, 45.4696454]}, "properties": {"id": 945579730, "feat_type": "way", "quality_categories": "uncanny_keys", "issue_ids": "[208]", "osm_url": "https://www.openstreetmap.org/way/945579730", "josm_url": "http://127.0.0.1:8111/load_object?new_layer=false&objects=w945579730", "id_url": "https://www.openstreetmap.org/edit?editor=id&way=945579730#map=20/45.4696454/9.2417089"}}, {"type": "Feature", "geometry": {"type": "Point", "coordinates": [9.2236778, 45.4972371]}, "properties": {"id": 954733446, "feat_type": "way", "quality_categories": "uncanny_keys", "issue_ids": "[209]", "osm_url": "https://www.openstreetmap.org/way/954733446", "josm_url": "http://127.0.0.1:8111/load_object?new_layer=false&objects=w954733446", "id_url": "https://www.openstreetmap.org/edit?editor=id&way=954733446#map=20/45.4972371/9.2236778"}}, {"type": "Feature", "geometry": {"type": "Point", "coordinates": [9.2236217, 45.4968418]}, "properties": {"id": 954733451, "feat_type": "way", "quality_categories": "uncanny_keys", "issue_ids": "[210]", "osm_url": "https://www.openstreetmap.org/way/954733451", "josm_url": "http://127.0.0.1:8111/load_object?new_layer=false&objects=w954733451", "id_url": "https://www.openstreetmap.org/edit?editor=id&way=954733451#map=20/45.4968418/9.2236217"}}, {"type": "Feature", "geometry": {"type": "Point", "coordinates": [9.1680607, 45.4373453]}, "properties": {"id": 971635608, "feat_type": "way", "quality_categories": "missing_tags, uncanny_keys", "issue_ids": "[211, 10]", "osm_url": "https://www.openstreetmap.org/way/971635608", "josm_url": "http://127.0.0.1:8111/load_object?new_layer=false&objects=w971635608", "id_url": "https://www.openstreetmap.org/edit?editor=id&way=971635608#map=20/45.4373453/9.1680607"}}, {"type": "Feature", "geometry": {"type": "Point", "coordinates": [9.1730128, 45.4874913]}, "properties": {"id": 979667867, "feat_type": "way", "quality_categories": "uncanny_keys", "issue_ids": "[212]", "osm_url": "https://www.openstreetmap.org/way/979667867", "josm_url": "http://127.0.0.1:8111/load_object?new_layer=false&objects=w979667867", "id_url": "https://www.openstreetmap.org/edit?editor=id&way=979667867#map=20/45.4874913/9.1730128"}}, {"type": "Feature", "geometry": {"type": "Point", "coordinates": [9.1731049, 45.4874168]}, "properties": {"id": 979667868, "feat_type": "way", "quality_categories": "uncanny_keys", "issue_ids": "[212]", "osm_url": "https://www.openstreetmap.org/way/979667868", "josm_url": "http://127.0.0.1:8111/load_object?new_layer=false&objects=w979667868", "id_url": "https://www.openstreetmap.org/edit?editor=id&way=979667868#map=20/45.4874168/9.1731049"}}, {"type": "Feature", "geometry": {"type": "Point", "coordinates": [9.138626, 45.4755623]}, "properties": {"id": 1008845196, "feat_type": "way", "quality_categories": "uncanny_keys", "issue_ids": "[213]", "osm_url": "https://www.openstreetmap.org/way/1008845196", "josm_url": "http://127.0.0.1:8111/load_object?new_layer=false&objects=w1008845196", "id_url": "https://www.openstreetmap.org/edit?editor=id&way=1008845196#map=20/45.4755623/9.138626"}}, {"type": "Feature", "geometry": {"type": "Point", "coordinates": [9.1211535, 45.4932798]}, "properties": {"id": 1013734878, "feat_type": "way", "quality_categories": "missing_tags, uncanny_keys", "issue_ids": "[214, 10]", "osm_url": "https://www.openstreetmap.org/way/1013734878", "josm_url": "http://127.0.0.1:8111/load_object?new_layer=false&objects=w1013734878", "id_url": "https://www.openstreetmap.org/edit?editor=id&way=1013734878#map=20/45.4932798/9.1211535"}}, {"type": "Feature", "geometry": {"type": "Point", "coordinates": [9.124704, 45.4761688]}, "properties": {"id": 1026953270, "feat_type": "way", "quality_categories": "uncanny_keys", "issue_ids": "[215]", "osm_url": "https://www.openstreetmap.org/way/1026953270", "josm_url": "http://127.0.0.1:8111/load_object?new_layer=false&objects=w1026953270", "id_url": "https://www.openstreetmap.org/edit?editor=id&way=1026953270#map=20/45.4761688/9.124704"}}, {"type": "Feature", "geometry": {"type": "Point", "coordinates": [9.1430175, 45.4722095]}, "properties": {"id": 1026964047, "feat_type": "way", "quality_categories": "uncanny_keys", "issue_ids": "[216]", "osm_url": "https://www.openstreetmap.org/way/1026964047", "josm_url": "http://127.0.0.1:8111/load_object?new_layer=false&objects=w1026964047", "id_url": "https://www.openstreetmap.org/edit?editor=id&way=1026964047#map=20/45.4722095/9.1430175"}}, {"type": "Feature", "geometry": {"type": "Point", "coordinates": [9.1410575, 45.4736956]}, "properties": {"id": 1026964048, "feat_type": "way", "quality_categories": "uncanny_keys", "issue_ids": "[188]", "osm_url": "https://www.openstreetmap.org/way/1026964048", "josm_url": "http://127.0.0.1:8111/load_object?new_layer=false&objects=w1026964048", "id_url": "https://www.openstreetmap.org/edit?editor=id&way=1026964048#map=20/45.4736956/9.1410575"}}, {"type": "Feature", "geometry": {"type": "Point", "coordinates": [9.1818363, 45.4656989]}, "properties": {"id": 1027010851, "feat_type": "way", "quality_categories": "uncanny_keys", "issue_ids": "[217]", "osm_url": "https://www.openstreetmap.org/way/1027010851", "josm_url": "http://127.0.0.1:8111/load_object?new_layer=false&objects=w1027010851", "id_url": "https://www.openstreetmap.org/edit?editor=id&way=1027010851#map=20/45.4656989/9.1818363"}}, {"type": "Feature", "geometry": {"type": "Point", "coordinates": [9.1816165, 45.4657617]}, "properties": {"id": 1027010852, "feat_type": "way", "quality_categories": "uncanny_keys", "issue_ids": "[217]", "osm_url": "https://www.openstreetmap.org/way/1027010852", "josm_url": "http://127.0.0.1:8111/load_object?new_layer=false&objects=w1027010852", "id_url": "https://www.openstreetmap.org/edit?editor=id&way=1027010852#map=20/45.4657617/9.1816165"}}, {"type": "Feature", "geometry": {"type": "Point", "coordinates": [9.1700762, 45.4656544]}, "properties": {"id": 1027010855, "feat_type": "way", "quality_categories": "uncanny_keys", "issue_ids": "[218]", "osm_url": "https://www.openstreetmap.org/way/1027010855", "josm_url": "http://127.0.0.1:8111/load_object?new_layer=false&objects=w1027010855", "id_url": "https://www.openstreetmap.org/edit?editor=id&way=1027010855#map=20/45.4656544/9.1700762"}}, {"type": "Feature", "geometry": {"type": "Point", "coordinates": [9.1697622, 45.4657376]}, "properties": {"id": 1027010856, "feat_type": "way", "quality_categories": "uncanny_keys", "issue_ids": "[218]", "osm_url": "https://www.openstreetmap.org/way/1027010856", "josm_url": "http://127.0.0.1:8111/load_object?new_layer=false&objects=w1027010856", "id_url": "https://www.openstreetmap.org/edit?editor=id&way=1027010856#map=20/45.4657376/9.1697622"}}, {"type": "Feature", "geometry": {"type": "Point", "coordinates": [9.1856236, 45.4657547]}, "properties": {"id": 1027012088, "feat_type": "way", "quality_categories": "uncanny_keys", "issue_ids": "[219]", "osm_url": "https://www.openstreetmap.org/way/1027012088", "josm_url": "http://127.0.0.1:8111/load_object?new_layer=false&objects=w1027012088", "id_url": "https://www.openstreetmap.org/edit?editor=id&way=1027012088#map=20/45.4657547/9.1856236"}}, {"type": "Feature", "geometry": {"type": "Point", "coordinates": [9.1884471, 45.463029]}, "properties": {"id": 1027024994, "feat_type": "way", "quality_categories": "uncanny_keys", "issue_ids": "[220]", "osm_url": "https://www.openstreetmap.org/way/1027024994", "josm_url": "http://127.0.0.1:8111/load_object?new_layer=false&objects=w1027024994", "id_url": "https://www.openstreetmap.org/edit?editor=id&way=1027024994#map=20/45.463029/9.1884471"}}, {"type": "Feature", "geometry": {"type": "Point", "coordinates": [9.1885695, 45.4632524]}, "properties": {"id": 1027024996, "feat_type": "way", "quality_categories": "uncanny_keys", "issue_ids": "[220]", "osm_url": "https://www.openstreetmap.org/way/1027024996", "josm_url": "http://127.0.0.1:8111/load_object?new_layer=false&objects=w1027024996", "id_url": "https://www.openstreetmap.org/edit?editor=id&way=1027024996#map=20/45.4632524/9.1885695"}}, {"type": "Feature", "geometry": {"type": "Point", "coordinates": [9.206345, 45.4576228]}, "properties": {"id": 1027033816, "feat_type": "way", "quality_categories": "uncanny_keys", "issue_ids": "[221]", "osm_url": "https://www.openstreetmap.org/way/1027033816", "josm_url": "http://127.0.0.1:8111/load_object?new_layer=false&objects=w1027033816", "id_url": "https://www.openstreetmap.org/edit?editor=id&way=1027033816#map=20/45.4576228/9.206345"}}, {"type": "Feature", "geometry": {"type": "Point", "coordinates": [9.2034508, 45.4573401]}, "properties": {"id": 1027033818, "feat_type": "way", "quality_categories": "uncanny_keys", "issue_ids": "[222]", "osm_url": "https://www.openstreetmap.org/way/1027033818", "josm_url": "http://127.0.0.1:8111/load_object?new_layer=false&objects=w1027033818", "id_url": "https://www.openstreetmap.org/edit?editor=id&way=1027033818#map=20/45.4573401/9.2034508"}}, {"type": "Feature", "geometry": {"type": "Point", "coordinates": [9.195954, 45.4561364]}, "properties": {"id": 1027033826, "feat_type": "way", "quality_categories": "uncanny_keys", "issue_ids": "[223]", "osm_url": "https://www.openstreetmap.org/way/1027033826", "josm_url": "http://127.0.0.1:8111/load_object?new_layer=false&objects=w1027033826", "id_url": "https://www.openstreetmap.org/edit?editor=id&way=1027033826#map=20/45.4561364/9.195954"}}, {"type": "Feature", "geometry": {"type": "Point", "coordinates": [9.193093, 45.4577426]}, "properties": {"id": 1027033827, "feat_type": "way", "quality_categories": "uncanny_keys", "issue_ids": "[224]", "osm_url": "https://www.openstreetmap.org/way/1027033827", "josm_url": "http://127.0.0.1:8111/load_object?new_layer=false&objects=w1027033827", "id_url": "https://www.openstreetmap.org/edit?editor=id&way=1027033827#map=20/45.4577426/9.193093"}}, {"type": "Feature", "geometry": {"type": "Point", "coordinates": [9.2274696, 45.4517958]}, "properties": {"id": 1027047614, "feat_type": "way", "quality_categories": "uncanny_keys", "issue_ids": "[225]", "osm_url": "https://www.openstreetmap.org/way/1027047614", "josm_url": "http://127.0.0.1:8111/load_object?new_layer=false&objects=w1027047614", "id_url": "https://www.openstreetmap.org/edit?editor=id&way=1027047614#map=20/45.4517958/9.2274696"}}, {"type": "Feature", "geometry": {"type": "Point", "coordinates": [9.2246658, 45.4511305]}, "properties": {"id": 1027047618, "feat_type": "way", "quality_categories": "uncanny_keys", "issue_ids": "[226]", "osm_url": "https://www.openstreetmap.org/way/1027047618", "josm_url": "http://127.0.0.1:8111/load_object?new_layer=false&objects=w1027047618", "id_url": "https://www.openstreetmap.org/edit?editor=id&way=1027047618#map=20/45.4511305/9.2246658"}}, {"type": "Feature", "geometry": {"type": "Point", "coordinates": [9.2289377, 45.4531193]}, "properties": {"id": 1027050237, "feat_type": "way", "quality_categories": "uncanny_keys", "issue_ids": "[227]", "osm_url": "https://www.openstreetmap.org/way/1027050237", "josm_url": "http://127.0.0.1:8111/load_object?new_layer=false&objects=w1027050237", "id_url": "https://www.openstreetmap.org/edit?editor=id&way=1027050237#map=20/45.4531193/9.2289377"}}, {"type": "Feature", "geometry": {"type": "Point", "coordinates": [9.1421796, 45.4727554]}, "properties": {"id": 1027054498, "feat_type": "way", "quality_categories": "uncanny_keys", "issue_ids": "[216]", "osm_url": "https://www.openstreetmap.org/way/1027054498", "josm_url": "http://127.0.0.1:8111/load_object?new_layer=false&objects=w1027054498", "id_url": "https://www.openstreetmap.org/edit?editor=id&way=1027054498#map=20/45.4727554/9.1421796"}}, {"type": "Feature", "geometry": {"type": "Point", "coordinates": [9.1383163, 45.4756862]}, "properties": {"id": 1027054500, "feat_type": "way", "quality_categories": "uncanny_keys", "issue_ids": "[213]", "osm_url": "https://www.openstreetmap.org/way/1027054500", "josm_url": "http://127.0.0.1:8111/load_object?new_layer=false&objects=w1027054500", "id_url": "https://www.openstreetmap.org/edit?editor=id&way=1027054500#map=20/45.4756862/9.1383163"}}, {"type": "Feature", "geometry": {"type": "Point", "coordinates": [9.1231682, 45.476121]}, "properties": {"id": 1027054501, "feat_type": "way", "quality_categories": "uncanny_keys", "issue_ids": "[228]", "osm_url": "https://www.openstreetmap.org/way/1027054501", "josm_url": "http://127.0.0.1:8111/load_object?new_layer=false&objects=w1027054501", "id_url": "https://www.openstreetmap.org/edit?editor=id&way=1027054501#map=20/45.476121/9.1231682"}}, {"type": "Feature", "geometry": {"type": "Point", "coordinates": [9.1602915, 45.4801034]}, "properties": {"id": 1027917618, "feat_type": "way", "quality_categories": "uncanny_keys", "issue_ids": "[229]", "osm_url": "https://www.openstreetmap.org/way/1027917618", "josm_url": "http://127.0.0.1:8111/load_object?new_layer=false&objects=w1027917618", "id_url": "https://www.openstreetmap.org/edit?editor=id&way=1027917618#map=20/45.4801034/9.1602915"}}, {"type": "Feature", "geometry": {"type": "Point", "coordinates": [9.1650204, 45.4742092]}, "properties": {"id": 1028076809, "feat_type": "way", "quality_categories": "uncanny_keys", "issue_ids": "[92]", "osm_url": "https://www.openstreetmap.org/way/1028076809", "josm_url": "http://127.0.0.1:8111/load_object?new_layer=false&objects=w1028076809", "id_url": "https://www.openstreetmap.org/edit?editor=id&way=1028076809#map=20/45.4742092/9.1650204"}}, {"type": "Feature", "geometry": {"type": "Point", "coordinates": [9.1667425, 45.4726292]}, "properties": {"id": 1028079187, "feat_type": "way", "quality_categories": "uncanny_keys", "issue_ids": "[230]", "osm_url": "https://www.openstreetmap.org/way/1028079187", "josm_url": "http://127.0.0.1:8111/load_object?new_layer=false&objects=w1028079187", "id_url": "https://www.openstreetmap.org/edit?editor=id&way=1028079187#map=20/45.4726292/9.1667425"}}, {"type": "Feature", "geometry": {"type": "Point", "coordinates": [9.1907333, 45.460792]}, "properties": {"id": 1028094425, "feat_type": "way", "quality_categories": "uncanny_keys", "issue_ids": "[147]", "osm_url": "https://www.openstreetmap.org/way/1028094425", "josm_url": "http://127.0.0.1:8111/load_object?new_layer=false&objects=w1028094425", "id_url": "https://www.openstreetmap.org/edit?editor=id&way=1028094425#map=20/45.460792/9.1907333"}}, {"type": "Feature", "geometry": {"type": "Point", "coordinates": [9.2071693, 45.4720507]}, "properties": {"id": 1028104776, "feat_type": "way", "quality_categories": "uncanny_keys", "issue_ids": "[58]", "osm_url": "https://www.openstreetmap.org/way/1028104776", "josm_url": "http://127.0.0.1:8111/load_object?new_layer=false&objects=w1028104776", "id_url": "https://www.openstreetmap.org/edit?editor=id&way=1028104776#map=20/45.4720507/9.2071693"}}, {"type": "Feature", "geometry": {"type": "Point", "coordinates": [9.2067039, 45.4718362]}, "properties": {"id": 1028104777, "feat_type": "way", "quality_categories": "uncanny_keys", "issue_ids": "[58]", "osm_url": "https://www.openstreetmap.org/way/1028104777", "josm_url": "http://127.0.0.1:8111/load_object?new_layer=false&objects=w1028104777", "id_url": "https://www.openstreetmap.org/edit?editor=id&way=1028104777#map=20/45.4718362/9.2067039"}}, {"type": "Feature", "geometry": {"type": "Point", "coordinates": [9.2071445, 45.4673704]}, "properties": {"id": 1028104778, "feat_type": "way", "quality_categories": "uncanny_keys", "issue_ids": "[150]", "osm_url": "https://www.openstreetmap.org/way/1028104778", "josm_url": "http://127.0.0.1:8111/load_object?new_layer=false&objects=w1028104778", "id_url": "https://www.openstreetmap.org/edit?editor=id&way=1028104778#map=20/45.4673704/9.2071445"}}, {"type": "Feature", "geometry": {"type": "Point", "coordinates": [9.207359, 45.4651357]}, "properties": {"id": 1028104780, "feat_type": "way", "quality_categories": "uncanny_keys", "issue_ids": "[231]", "osm_url": "https://www.openstreetmap.org/way/1028104780", "josm_url": "http://127.0.0.1:8111/load_object?new_layer=false&objects=w1028104780", "id_url": "https://www.openstreetmap.org/edit?editor=id&way=1028104780#map=20/45.4651357/9.207359"}}, {"type": "Feature", "geometry": {"type": "Point", "coordinates": [9.2115379, 45.4724991]}, "properties": {"id": 1028106216, "feat_type": "way", "quality_categories": "uncanny_keys", "issue_ids": "[232]", "osm_url": "https://www.openstreetmap.org/way/1028106216", "josm_url": "http://127.0.0.1:8111/load_object?new_layer=false&objects=w1028106216", "id_url": "https://www.openstreetmap.org/edit?editor=id&way=1028106216#map=20/45.4724991/9.2115379"}}, {"type": "Feature", "geometry": {"type": "Point", "coordinates": [9.2110122, 45.472364]}, "properties": {"id": 1028106219, "feat_type": "way", "quality_categories": "uncanny_keys", "issue_ids": "[232]", "osm_url": "https://www.openstreetmap.org/way/1028106219", "josm_url": "http://127.0.0.1:8111/load_object?new_layer=false&objects=w1028106219", "id_url": "https://www.openstreetmap.org/edit?editor=id&way=1028106219#map=20/45.472364/9.2110122"}}, {"type": "Feature", "geometry": {"type": "Point", "coordinates": [9.2115198, 45.4622685]}, "properties": {"id": 1030134022, "feat_type": "way", "quality_categories": "uncanny_keys", "issue_ids": "[137]", "osm_url": "https://www.openstreetmap.org/way/1030134022", "josm_url": "http://127.0.0.1:8111/load_object?new_layer=false&objects=w1030134022", "id_url": "https://www.openstreetmap.org/edit?editor=id&way=1030134022#map=20/45.4622685/9.2115198"}}, {"type": "Feature", "geometry": {"type": "Point", "coordinates": [9.171338, 45.4963637]}, "properties": {"id": 1030359828, "feat_type": "way", "quality_categories": "missing_tags, uncanny_keys", "issue_ids": "[86, 10]", "osm_url": "https://www.openstreetmap.org/way/1030359828", "josm_url": "http://127.0.0.1:8111/load_object?new_layer=false&objects=w1030359828", "id_url": "https://www.openstreetmap.org/edit?editor=id&way=1030359828#map=20/45.4963637/9.171338"}}, {"type": "Feature", "geometry": {"type": "Point", "coordinates": [9.1641686, 45.4494449]}, "properties": {"id": 1034763168, "feat_type": "way", "quality_categories": "uncanny_keys", "issue_ids": "[233]", "osm_url": "https://www.openstreetmap.org/way/1034763168", "josm_url": "http://127.0.0.1:8111/load_object?new_layer=false&objects=w1034763168", "id_url": "https://www.openstreetmap.org/edit?editor=id&way=1034763168#map=20/45.4494449/9.1641686"}}, {"type": "Feature", "geometry": {"type": "Point", "coordinates": [9.1156714, 45.4699568]}, "properties": {"id": 1036500644, "feat_type": "way", "quality_categories": "uncanny_keys", "issue_ids": "[234]", "osm_url": "https://www.openstreetmap.org/way/1036500644", "josm_url": "http://127.0.0.1:8111/load_object?new_layer=false&objects=w1036500644", "id_url": "https://www.openstreetmap.org/edit?editor=id&way=1036500644#map=20/45.4699568/9.1156714"}}, {"type": "Feature", "geometry": {"type": "Point", "coordinates": [9.2178629, 45.4737728]}, "properties": {"id": 1036644973, "feat_type": "way", "quality_categories": "missing_tags, uncanny_keys", "issue_ids": "[126, 10]", "osm_url": "https://www.openstreetmap.org/way/1036644973", "josm_url": "http://127.0.0.1:8111/load_object?new_layer=false&objects=w1036644973", "id_url": "https://www.openstreetmap.org/edit?editor=id&way=1036644973#map=20/45.4737728/9.2178629"}}, {"type": "Feature", "geometry": {"type": "Point", "coordinates": [9.1342186, 45.4856267]}, "properties": {"id": 1036788207, "feat_type": "way", "quality_categories": "missing_tags, uncanny_keys", "issue_ids": "[129, 10]", "osm_url": "https://www.openstreetmap.org/way/1036788207", "josm_url": "http://127.0.0.1:8111/load_object?new_layer=false&objects=w1036788207", "id_url": "https://www.openstreetmap.org/edit?editor=id&way=1036788207#map=20/45.4856267/9.1342186"}}, {"type": "Feature", "geometry": {"type": "Point", "coordinates": [9.2263388, 45.4889903]}, "properties": {"id": 1036977295, "feat_type": "way", "quality_categories": "uncanny_keys", "issue_ids": "[235]", "osm_url": "https://www.openstreetmap.org/way/1036977295", "josm_url": "http://127.0.0.1:8111/load_object?new_layer=false&objects=w1036977295", "id_url": "https://www.openstreetmap.org/edit?editor=id&way=1036977295#map=20/45.4889903/9.2263388"}}, {"type": "Feature", "geometry": {"type": "Point", "coordinates": [9.2237791, 45.4972028]}, "properties": {"id": 1036977391, "feat_type": "way", "quality_categories": "uncanny_keys", "issue_ids": "[210]", "osm_url": "https://www.openstreetmap.org/way/1036977391", "josm_url": "http://127.0.0.1:8111/load_object?new_layer=false&objects=w1036977391", "id_url": "https://www.openstreetmap.org/edit?editor=id&way=1036977391#map=20/45.4972028/9.2237791"}}, {"type": "Feature", "geometry": {"type": "Point", "coordinates": [9.2237171, 45.4971093]}, "properties": {"id": 1036977394, "feat_type": "way", "quality_categories": "uncanny_keys", "issue_ids": "[210]", "osm_url": "https://www.openstreetmap.org/way/1036977394", "josm_url": "http://127.0.0.1:8111/load_object?new_layer=false&objects=w1036977394", "id_url": "https://www.openstreetmap.org/edit?editor=id&way=1036977394#map=20/45.4971093/9.2237171"}}, {"type": "Feature", "geometry": {"type": "Point", "coordinates": [9.2300291, 45.467685]}, "properties": {"id": 1038289914, "feat_type": "way", "quality_categories": "uncanny_keys", "issue_ids": "[236]", "osm_url": "https://www.openstreetmap.org/way/1038289914", "josm_url": "http://127.0.0.1:8111/load_object?new_layer=false&objects=w1038289914", "id_url": "https://www.openstreetmap.org/edit?editor=id&way=1038289914#map=20/45.467685/9.2300291"}}, {"type": "Feature", "geometry": {"type": "Point", "coordinates": [9.1898444, 45.4754095]}, "properties": {"id": 1040765333, "feat_type": "way", "quality_categories": "missing_tags, uncanny_keys", "issue_ids": "[237, 10]", "osm_url": "https://www.openstreetmap.org/way/1040765333", "josm_url": "http://127.0.0.1:8111/load_object?new_layer=false&objects=w1040765333", "id_url": "https://www.openstreetmap.org/edit?editor=id&way=1040765333#map=20/45.4754095/9.1898444"}}, {"type": "Feature", "geometry": {"type": "Point", "coordinates": [9.1394138, 45.4442228]}, "properties": {"id": 1042578002, "feat_type": "way", "quality_categories": "uncanny_keys", "issue_ids": "[238]", "osm_url": "https://www.openstreetmap.org/way/1042578002", "josm_url": "http://127.0.0.1:8111/load_object?new_layer=false&objects=w1042578002", "id_url": "https://www.openstreetmap.org/edit?editor=id&way=1042578002#map=20/45.4442228/9.1394138"}}, {"type": "Feature", "geometry": {"type": "Point", "coordinates": [9.2033275, 45.483778]}, "properties": {"id": 1042961704, "feat_type": "way", "quality_categories": "uncanny_keys", "issue_ids": "[60]", "osm_url": "https://www.openstreetmap.org/way/1042961704", "josm_url": "http://127.0.0.1:8111/load_object?new_layer=false&objects=w1042961704", "id_url": "https://www.openstreetmap.org/edit?editor=id&way=1042961704#map=20/45.483778/9.2033275"}}, {"type": "Feature", "geometry": {"type": "Point", "coordinates": [9.2079538, 45.4622925]}, "properties": {"id": 1044716338, "feat_type": "way", "quality_categories": "uncanny_keys", "issue_ids": "[136]", "osm_url": "https://www.openstreetmap.org/way/1044716338", "josm_url": "http://127.0.0.1:8111/load_object?new_layer=false&objects=w1044716338", "id_url": "https://www.openstreetmap.org/edit?editor=id&way=1044716338#map=20/45.4622925/9.2079538"}}, {"type": "Feature", "geometry": {"type": "Point", "coordinates": [9.160303, 45.448653]}, "properties": {"id": 1046864511, "feat_type": "way", "quality_categories": "uncanny_keys", "issue_ids": "[239]", "osm_url": "https://www.openstreetmap.org/way/1046864511", "josm_url": "http://127.0.0.1:8111/load_object?new_layer=false&objects=w1046864511", "id_url": "https://www.openstreetmap.org/edit?editor=id&way=1046864511#map=20/45.448653/9.160303"}}, {"type": "Feature", "geometry": {"type": "Point", "coordinates": [9.1783056, 45.4380832]}, "properties": {"id": 1046894462, "feat_type": "way", "quality_categories": "uncanny_keys", "issue_ids": "[240]", "osm_url": "https://www.openstreetmap.org/way/1046894462", "josm_url": "http://127.0.0.1:8111/load_object?new_layer=false&objects=w1046894462", "id_url": "https://www.openstreetmap.org/edit?editor=id&way=1046894462#map=20/45.4380832/9.1783056"}}, {"type": "Feature", "geometry": {"type": "Point", "coordinates": [9.1812256, 45.4598118]}, "properties": {"id": 1047096891, "feat_type": "way", "quality_categories": "missing_tags, uncanny_keys", "issue_ids": "[241, 10]", "osm_url": "https://www.openstreetmap.org/way/1047096891", "josm_url": "http://127.0.0.1:8111/load_object?new_layer=false&objects=w1047096891", "id_url": "https://www.openstreetmap.org/edit?editor=id&way=1047096891#map=20/45.4598118/9.1812256"}}, {"type": "Feature", "geometry": {"type": "Point", "coordinates": [9.1786265, 45.4398309]}, "properties": {"id": 1047096894, "feat_type": "way", "quality_categories": "missing_tags, uncanny_keys", "issue_ids": "[242, 10]", "osm_url": "https://www.openstreetmap.org/way/1047096894", "josm_url": "http://127.0.0.1:8111/load_object?new_layer=false&objects=w1047096894", "id_url": "https://www.openstreetmap.org/edit?editor=id&way=1047096894#map=20/45.4398309/9.1786265"}}, {"type": "Feature", "geometry": {"type": "Point", "coordinates": [9.1783088, 45.4372894]}, "properties": {"id": 1047096895, "feat_type": "way", "quality_categories": "missing_tags, uncanny_keys", "issue_ids": "[240, 10]", "osm_url": "https://www.openstreetmap.org/way/1047096895", "josm_url": "http://127.0.0.1:8111/load_object?new_layer=false&objects=w1047096895", "id_url": "https://www.openstreetmap.org/edit?editor=id&way=1047096895#map=20/45.4372894/9.1783088"}}, {"type": "Feature", "geometry": {"type": "Point", "coordinates": [9.1777763, 45.4329414]}, "properties": {"id": 1047096896, "feat_type": "way", "quality_categories": "uncanny_keys", "issue_ids": "[243]", "osm_url": "https://www.openstreetmap.org/way/1047096896", "josm_url": "http://127.0.0.1:8111/load_object?new_layer=false&objects=w1047096896", "id_url": "https://www.openstreetmap.org/edit?editor=id&way=1047096896#map=20/45.4329414/9.1777763"}}, {"type": "Feature", "geometry": {"type": "Point", "coordinates": [9.1820065, 45.4721863]}, "properties": {"id": 1047153852, "feat_type": "way", "quality_categories": "uncanny_keys", "issue_ids": "[155]", "osm_url": "https://www.openstreetmap.org/way/1047153852", "josm_url": "http://127.0.0.1:8111/load_object?new_layer=false&objects=w1047153852", "id_url": "https://www.openstreetmap.org/edit?editor=id&way=1047153852#map=20/45.4721863/9.1820065"}}, {"type": "Feature", "geometry": {"type": "Point", "coordinates": [9.1912813, 45.5146986]}, "properties": {"id": 1047159548, "feat_type": "way", "quality_categories": "uncanny_keys", "issue_ids": "[244]", "osm_url": "https://www.openstreetmap.org/way/1047159548", "josm_url": "http://127.0.0.1:8111/load_object?new_layer=false&objects=w1047159548", "id_url": "https://www.openstreetmap.org/edit?editor=id&way=1047159548#map=20/45.5146986/9.1912813"}}, {"type": "Feature", "geometry": {"type": "Point", "coordinates": [9.2019647, 45.5082185]}, "properties": {"id": 1047820141, "feat_type": "way", "quality_categories": "uncanny_keys", "issue_ids": "[245]", "osm_url": "https://www.openstreetmap.org/way/1047820141", "josm_url": "http://127.0.0.1:8111/load_object?new_layer=false&objects=w1047820141", "id_url": "https://www.openstreetmap.org/edit?editor=id&way=1047820141#map=20/45.5082185/9.2019647"}}, {"type": "Feature", "geometry": {"type": "Point", "coordinates": [9.2015675, 45.5085324]}, "properties": {"id": 1047821150, "feat_type": "way", "quality_categories": "uncanny_keys", "issue_ids": "[245]", "osm_url": "https://www.openstreetmap.org/way/1047821150", "josm_url": "http://127.0.0.1:8111/load_object?new_layer=false&objects=w1047821150", "id_url": "https://www.openstreetmap.org/edit?editor=id&way=1047821150#map=20/45.5085324/9.2015675"}}, {"type": "Feature", "geometry": {"type": "Point", "coordinates": [9.2058151, 45.5150177]}, "properties": {"id": 1047824733, "feat_type": "way", "quality_categories": "uncanny_keys", "issue_ids": "[246]", "osm_url": "https://www.openstreetmap.org/way/1047824733", "josm_url": "http://127.0.0.1:8111/load_object?new_layer=false&objects=w1047824733", "id_url": "https://www.openstreetmap.org/edit?editor=id&way=1047824733#map=20/45.5150177/9.2058151"}}, {"type": "Feature", "geometry": {"type": "Point", "coordinates": [9.2278895, 45.5140198]}, "properties": {"id": 1047830889, "feat_type": "way", "quality_categories": "uncanny_keys", "issue_ids": "[24]", "osm_url": "https://www.openstreetmap.org/way/1047830889", "josm_url": "http://127.0.0.1:8111/load_object?new_layer=false&objects=w1047830889", "id_url": "https://www.openstreetmap.org/edit?editor=id&way=1047830889#map=20/45.5140198/9.2278895"}}, {"type": "Feature", "geometry": {"type": "Point", "coordinates": [9.1689264, 45.4876111]}, "properties": {"id": 1047866753, "feat_type": "way", "quality_categories": "uncanny_keys", "issue_ids": "[247]", "osm_url": "https://www.openstreetmap.org/way/1047866753", "josm_url": "http://127.0.0.1:8111/load_object?new_layer=false&objects=w1047866753", "id_url": "https://www.openstreetmap.org/edit?editor=id&way=1047866753#map=20/45.4876111/9.1689264"}}, {"type": "Feature", "geometry": {"type": "Point", "coordinates": [9.1684372, 45.4875429]}, "properties": {"id": 1047866754, "feat_type": "way", "quality_categories": "uncanny_keys", "issue_ids": "[247]", "osm_url": "https://www.openstreetmap.org/way/1047866754", "josm_url": "http://127.0.0.1:8111/load_object?new_layer=false&objects=w1047866754", "id_url": "https://www.openstreetmap.org/edit?editor=id&way=1047866754#map=20/45.4875429/9.1684372"}}, {"type": "Feature", "geometry": {"type": "Point", "coordinates": [9.2145098, 45.4621895]}, "properties": {"id": 1049245409, "feat_type": "way", "quality_categories": "uncanny_keys", "issue_ids": "[142]", "osm_url": "https://www.openstreetmap.org/way/1049245409", "josm_url": "http://127.0.0.1:8111/load_object?new_layer=false&objects=w1049245409", "id_url": "https://www.openstreetmap.org/edit?editor=id&way=1049245409#map=20/45.4621895/9.2145098"}}, {"type": "Feature", "geometry": {"type": "Point", "coordinates": [9.2177001, 45.4622376]}, "properties": {"id": 1049247710, "feat_type": "way", "quality_categories": "uncanny_keys", "issue_ids": "[248]", "osm_url": "https://www.openstreetmap.org/way/1049247710", "josm_url": "http://127.0.0.1:8111/load_object?new_layer=false&objects=w1049247710", "id_url": "https://www.openstreetmap.org/edit?editor=id&way=1049247710#map=20/45.4622376/9.2177001"}}, {"type": "Feature", "geometry": {"type": "Point", "coordinates": [9.2182025, 45.4621693]}, "properties": {"id": 1049247711, "feat_type": "way", "quality_categories": "uncanny_keys", "issue_ids": "[248]", "osm_url": "https://www.openstreetmap.org/way/1049247711", "josm_url": "http://127.0.0.1:8111/load_object?new_layer=false&objects=w1049247711", "id_url": "https://www.openstreetmap.org/edit?editor=id&way=1049247711#map=20/45.4621693/9.2182025"}}, {"type": "Feature", "geometry": {"type": "Point", "coordinates": [9.2281381, 45.4623347]}, "properties": {"id": 1049253120, "feat_type": "way", "quality_categories": "missing_tags, uncanny_keys", "issue_ids": "[249, 10]", "osm_url": "https://www.openstreetmap.org/way/1049253120", "josm_url": "http://127.0.0.1:8111/load_object?new_layer=false&objects=w1049253120", "id_url": "https://www.openstreetmap.org/edit?editor=id&way=1049253120#map=20/45.4623347/9.2281381"}}, {"type": "Feature", "geometry": {"type": "Point", "coordinates": [9.2323619, 45.4621622]}, "properties": {"id": 1049253896, "feat_type": "way", "quality_categories": "missing_tags, uncanny_keys", "issue_ids": "[250, 10]", "osm_url": "https://www.openstreetmap.org/way/1049253896", "josm_url": "http://127.0.0.1:8111/load_object?new_layer=false&objects=w1049253896", "id_url": "https://www.openstreetmap.org/edit?editor=id&way=1049253896#map=20/45.4621622/9.2323619"}}, {"type": "Feature", "geometry": {"type": "Point", "coordinates": [9.2306591, 45.4623238]}, "properties": {"id": 1049253897, "feat_type": "way", "quality_categories": "uncanny_keys", "issue_ids": "[251]", "osm_url": "https://www.openstreetmap.org/way/1049253897", "josm_url": "http://127.0.0.1:8111/load_object?new_layer=false&objects=w1049253897", "id_url": "https://www.openstreetmap.org/edit?editor=id&way=1049253897#map=20/45.4623238/9.2306591"}}, {"type": "Feature", "geometry": {"type": "Point", "coordinates": [9.2353452, 45.4620009]}, "properties": {"id": 1049254526, "feat_type": "way", "quality_categories": "missing_tags, uncanny_keys", "issue_ids": "[252, 10]", "osm_url": "https://www.openstreetmap.org/way/1049254526", "josm_url": "http://127.0.0.1:8111/load_object?new_layer=false&objects=w1049254526", "id_url": "https://www.openstreetmap.org/edit?editor=id&way=1049254526#map=20/45.4620009/9.2353452"}}, {"type": "Feature", "geometry": {"type": "Point", "coordinates": [9.2509208, 45.4460672]}, "properties": {"id": 1049260558, "feat_type": "way", "quality_categories": "uncanny_keys", "issue_ids": "[112]", "osm_url": "https://www.openstreetmap.org/way/1049260558", "josm_url": "http://127.0.0.1:8111/load_object?new_layer=false&objects=w1049260558", "id_url": "https://www.openstreetmap.org/edit?editor=id&way=1049260558#map=20/45.4460672/9.2509208"}}, {"type": "Feature", "geometry": {"type": "Point", "coordinates": [9.2462268, 45.4457805]}, "properties": {"id": 1049260854, "feat_type": "way", "quality_categories": "uncanny_keys", "issue_ids": "[253]", "osm_url": "https://www.openstreetmap.org/way/1049260854", "josm_url": "http://127.0.0.1:8111/load_object?new_layer=false&objects=w1049260854", "id_url": "https://www.openstreetmap.org/edit?editor=id&way=1049260854#map=20/45.4457805/9.2462268"}}, {"type": "Feature", "geometry": {"type": "Point", "coordinates": [9.2452922, 45.4458141]}, "properties": {"id": 1049260855, "feat_type": "way", "quality_categories": "uncanny_keys", "issue_ids": "[254]", "osm_url": "https://www.openstreetmap.org/way/1049260855", "josm_url": "http://127.0.0.1:8111/load_object?new_layer=false&objects=w1049260855", "id_url": "https://www.openstreetmap.org/edit?editor=id&way=1049260855#map=20/45.4458141/9.2452922"}}, {"type": "Feature", "geometry": {"type": "Point", "coordinates": [9.2061468, 45.5166314]}, "properties": {"id": 1049265062, "feat_type": "way", "quality_categories": "uncanny_keys", "issue_ids": "[255]", "osm_url": "https://www.openstreetmap.org/way/1049265062", "josm_url": "http://127.0.0.1:8111/load_object?new_layer=false&objects=w1049265062", "id_url": "https://www.openstreetmap.org/edit?editor=id&way=1049265062#map=20/45.5166314/9.2061468"}}, {"type": "Feature", "geometry": {"type": "Point", "coordinates": [9.1838829, 45.4909907]}, "properties": {"id": 1049613331, "feat_type": "way", "quality_categories": "uncanny_keys", "issue_ids": "[256]", "osm_url": "https://www.openstreetmap.org/way/1049613331", "josm_url": "http://127.0.0.1:8111/load_object?new_layer=false&objects=w1049613331", "id_url": "https://www.openstreetmap.org/edit?editor=id&way=1049613331#map=20/45.4909907/9.1838829"}}, {"type": "Feature", "geometry": {"type": "Point", "coordinates": [9.1699328, 45.4525487]}, "properties": {"id": 1049624495, "feat_type": "way", "quality_categories": "uncanny_keys", "issue_ids": "[115]", "osm_url": "https://www.openstreetmap.org/way/1049624495", "josm_url": "http://127.0.0.1:8111/load_object?new_layer=false&objects=w1049624495", "id_url": "https://www.openstreetmap.org/edit?editor=id&way=1049624495#map=20/45.4525487/9.1699328"}}, {"type": "Feature", "geometry": {"type": "Point", "coordinates": [9.1701891, 45.4529306]}, "properties": {"id": 1049624497, "feat_type": "way", "quality_categories": "uncanny_keys", "issue_ids": "[115]", "osm_url": "https://www.openstreetmap.org/way/1049624497", "josm_url": "http://127.0.0.1:8111/load_object?new_layer=false&objects=w1049624497", "id_url": "https://www.openstreetmap.org/edit?editor=id&way=1049624497#map=20/45.4529306/9.1701891"}}, {"type": "Feature", "geometry": {"type": "Point", "coordinates": [9.1397988, 45.4440109]}, "properties": {"id": 1049629193, "feat_type": "way", "quality_categories": "uncanny_keys", "issue_ids": "[257]", "osm_url": "https://www.openstreetmap.org/way/1049629193", "josm_url": "http://127.0.0.1:8111/load_object?new_layer=false&objects=w1049629193", "id_url": "https://www.openstreetmap.org/edit?editor=id&way=1049629193#map=20/45.4440109/9.1397988"}}, {"type": "Feature", "geometry": {"type": "Point", "coordinates": [9.1419312, 45.4447502]}, "properties": {"id": 1049629195, "feat_type": "way", "quality_categories": "uncanny_keys", "issue_ids": "[258]", "osm_url": "https://www.openstreetmap.org/way/1049629195", "josm_url": "http://127.0.0.1:8111/load_object?new_layer=false&objects=w1049629195", "id_url": "https://www.openstreetmap.org/edit?editor=id&way=1049629195#map=20/45.4447502/9.1419312"}}, {"type": "Feature", "geometry": {"type": "Point", "coordinates": [9.1429046, 45.4448521]}, "properties": {"id": 1049629196, "feat_type": "way", "quality_categories": "uncanny_keys", "issue_ids": "[258]", "osm_url": "https://www.openstreetmap.org/way/1049629196", "josm_url": "http://127.0.0.1:8111/load_object?new_layer=false&objects=w1049629196", "id_url": "https://www.openstreetmap.org/edit?editor=id&way=1049629196#map=20/45.4448521/9.1429046"}}, {"type": "Feature", "geometry": {"type": "Point", "coordinates": [9.1538942, 45.4472776]}, "properties": {"id": 1049629201, "feat_type": "way", "quality_categories": "uncanny_keys", "issue_ids": "[168]", "osm_url": "https://www.openstreetmap.org/way/1049629201", "josm_url": "http://127.0.0.1:8111/load_object?new_layer=false&objects=w1049629201", "id_url": "https://www.openstreetmap.org/edit?editor=id&way=1049629201#map=20/45.4472776/9.1538942"}}, {"type": "Feature", "geometry": {"type": "Point", "coordinates": [9.189117, 45.4808284]}, "properties": {"id": 1050009402, "feat_type": "way", "quality_categories": "uncanny_keys", "issue_ids": "[259]", "osm_url": "https://www.openstreetmap.org/way/1050009402", "josm_url": "http://127.0.0.1:8111/load_object?new_layer=false&objects=w1050009402", "id_url": "https://www.openstreetmap.org/edit?editor=id&way=1050009402#map=20/45.4808284/9.189117"}}, {"type": "Feature", "geometry": {"type": "Point", "coordinates": [9.1869491, 45.483567]}, "properties": {"id": 1050028049, "feat_type": "way", "quality_categories": "uncanny_keys", "issue_ids": "[260]", "osm_url": "https://www.openstreetmap.org/way/1050028049", "josm_url": "http://127.0.0.1:8111/load_object?new_layer=false&objects=w1050028049", "id_url": "https://www.openstreetmap.org/edit?editor=id&way=1050028049#map=20/45.483567/9.1869491"}}, {"type": "Feature", "geometry": {"type": "Point", "coordinates": [9.1869146, 45.4835011]}, "properties": {"id": 1050028050, "feat_type": "way", "quality_categories": "uncanny_keys", "issue_ids": "[260]", "osm_url": "https://www.openstreetmap.org/way/1050028050", "josm_url": "http://127.0.0.1:8111/load_object?new_layer=false&objects=w1050028050", "id_url": "https://www.openstreetmap.org/edit?editor=id&way=1050028050#map=20/45.4835011/9.1869146"}}, {"type": "Feature", "geometry": {"type": "Point", "coordinates": [9.2605454, 45.5113493]}, "properties": {"id": 1055938498, "feat_type": "way", "quality_categories": "uncanny_keys", "issue_ids": "[261]", "osm_url": "https://www.openstreetmap.org/way/1055938498", "josm_url": "http://127.0.0.1:8111/load_object?new_layer=false&objects=w1055938498", "id_url": "https://www.openstreetmap.org/edit?editor=id&way=1055938498#map=20/45.5113493/9.2605454"}}, {"type": "Feature", "geometry": {"type": "Point", "coordinates": [9.1988747, 45.4432805]}, "properties": {"id": 1064271507, "feat_type": "way", "quality_categories": "uncanny_keys", "issue_ids": "[262]", "osm_url": "https://www.openstreetmap.org/way/1064271507", "josm_url": "http://127.0.0.1:8111/load_object?new_layer=false&objects=w1064271507", "id_url": "https://www.openstreetmap.org/edit?editor=id&way=1064271507#map=20/45.4432805/9.1988747"}}, {"type": "Feature", "geometry": {"type": "Point", "coordinates": [9.1989278, 45.443488]}, "properties": {"id": 1064271508, "feat_type": "way", "quality_categories": "missing_tags, uncanny_keys", "issue_ids": "[262, 10]", "osm_url": "https://www.openstreetmap.org/way/1064271508", "josm_url": "http://127.0.0.1:8111/load_object?new_layer=false&objects=w1064271508", "id_url": "https://www.openstreetmap.org/edit?editor=id&way=1064271508#map=20/45.443488/9.1989278"}}, {"type": "Feature", "geometry": {"type": "Point", "coordinates": [9.1955444, 45.4561399]}, "properties": {"id": 1064274900, "feat_type": "way", "quality_categories": "uncanny_keys", "issue_ids": "[223]", "osm_url": "https://www.openstreetmap.org/way/1064274900", "josm_url": "http://127.0.0.1:8111/load_object?new_layer=false&objects=w1064274900", "id_url": "https://www.openstreetmap.org/edit?editor=id&way=1064274900#map=20/45.4561399/9.1955444"}}, {"type": "Feature", "geometry": {"type": "Point", "coordinates": [9.1955833, 45.455449]}, "properties": {"id": 1064276829, "feat_type": "way", "quality_categories": "uncanny_keys", "issue_ids": "[223]", "osm_url": "https://www.openstreetmap.org/way/1064276829", "josm_url": "http://127.0.0.1:8111/load_object?new_layer=false&objects=w1064276829", "id_url": "https://www.openstreetmap.org/edit?editor=id&way=1064276829#map=20/45.455449/9.1955833"}}, {"type": "Feature", "geometry": {"type": "Point", "coordinates": [9.1882963, 45.4603626]}, "properties": {"id": 1064287657, "feat_type": "way", "quality_categories": "missing_tags, uncanny_keys", "issue_ids": "[147, 10]", "osm_url": "https://www.openstreetmap.org/way/1064287657", "josm_url": "http://127.0.0.1:8111/load_object?new_layer=false&objects=w1064287657", "id_url": "https://www.openstreetmap.org/edit?editor=id&way=1064287657#map=20/45.4603626/9.1882963"}}, {"type": "Feature", "geometry": {"type": "Point", "coordinates": [9.1880033, 45.4596583]}, "properties": {"id": 1064287995, "feat_type": "way", "quality_categories": "missing_tags, uncanny_keys", "issue_ids": "[263, 10]", "osm_url": "https://www.openstreetmap.org/way/1064287995", "josm_url": "http://127.0.0.1:8111/load_object?new_layer=false&objects=w1064287995", "id_url": "https://www.openstreetmap.org/edit?editor=id&way=1064287995#map=20/45.4596583/9.1880033"}}, {"type": "Feature", "geometry": {"type": "Point", "coordinates": [9.1886402, 45.4603171]}, "properties": {"id": 1064288980, "feat_type": "way", "quality_categories": "uncanny_keys", "issue_ids": "[147]", "osm_url": "https://www.openstreetmap.org/way/1064288980", "josm_url": "http://127.0.0.1:8111/load_object?new_layer=false&objects=w1064288980", "id_url": "https://www.openstreetmap.org/edit?editor=id&way=1064288980#map=20/45.4603171/9.1886402"}}, {"type": "Feature", "geometry": {"type": "Point", "coordinates": [9.1804869, 45.4780952]}, "properties": {"id": 1064335280, "feat_type": "way", "quality_categories": "uncanny_keys", "issue_ids": "[264]", "osm_url": "https://www.openstreetmap.org/way/1064335280", "josm_url": "http://127.0.0.1:8111/load_object?new_layer=false&objects=w1064335280", "id_url": "https://www.openstreetmap.org/edit?editor=id&way=1064335280#map=20/45.4780952/9.1804869"}}, {"type": "Feature", "geometry": {"type": "Point", "coordinates": [9.1317791, 45.4760034]}, "properties": {"id": 1065095113, "feat_type": "way", "quality_categories": "uncanny_keys", "issue_ids": "[145]", "osm_url": "https://www.openstreetmap.org/way/1065095113", "josm_url": "http://127.0.0.1:8111/load_object?new_layer=false&objects=w1065095113", "id_url": "https://www.openstreetmap.org/edit?editor=id&way=1065095113#map=20/45.4760034/9.1317791"}}, {"type": "Feature", "geometry": {"type": "Point", "coordinates": [9.1670575, 45.4793478]}, "properties": {"id": 1065105083, "feat_type": "way", "quality_categories": "missing_tags, uncanny_keys", "issue_ids": "[166, 10]", "osm_url": "https://www.openstreetmap.org/way/1065105083", "josm_url": "http://127.0.0.1:8111/load_object?new_layer=false&objects=w1065105083", "id_url": "https://www.openstreetmap.org/edit?editor=id&way=1065105083#map=20/45.4793478/9.1670575"}}, {"type": "Feature", "geometry": {"type": "Point", "coordinates": [9.19467, 45.4756207]}, "properties": {"id": 1065105543, "feat_type": "way", "quality_categories": "missing_tags, uncanny_keys", "issue_ids": "[51, 10]", "osm_url": "https://www.openstreetmap.org/way/1065105543", "josm_url": "http://127.0.0.1:8111/load_object?new_layer=false&objects=w1065105543", "id_url": "https://www.openstreetmap.org/edit?editor=id&way=1065105543#map=20/45.4756207/9.19467"}}, {"type": "Feature", "geometry": {"type": "Point", "coordinates": [9.1882304, 45.4810661]}, "properties": {"id": 1065135557, "feat_type": "way", "quality_categories": "uncanny_keys", "issue_ids": "[265]", "osm_url": "https://www.openstreetmap.org/way/1065135557", "josm_url": "http://127.0.0.1:8111/load_object?new_layer=false&objects=w1065135557", "id_url": "https://www.openstreetmap.org/edit?editor=id&way=1065135557#map=20/45.4810661/9.1882304"}}, {"type": "Feature", "geometry": {"type": "Point", "coordinates": [9.214504, 45.4534871]}, "properties": {"id": 1065456267, "feat_type": "way", "quality_categories": "uncanny_keys", "issue_ids": "[266]", "osm_url": "https://www.openstreetmap.org/way/1065456267", "josm_url": "http://127.0.0.1:8111/load_object?new_layer=false&objects=w1065456267", "id_url": "https://www.openstreetmap.org/edit?editor=id&way=1065456267#map=20/45.4534871/9.214504"}}, {"type": "Feature", "geometry": {"type": "Point", "coordinates": [9.2139611, 45.4545383]}, "properties": {"id": 1065456269, "feat_type": "way", "quality_categories": "uncanny_keys", "issue_ids": "[267]", "osm_url": "https://www.openstreetmap.org/way/1065456269", "josm_url": "http://127.0.0.1:8111/load_object?new_layer=false&objects=w1065456269", "id_url": "https://www.openstreetmap.org/edit?editor=id&way=1065456269#map=20/45.4545383/9.2139611"}}, {"type": "Feature", "geometry": {"type": "Point", "coordinates": [9.2115218, 45.4555325]}, "properties": {"id": 1065456270, "feat_type": "way", "quality_categories": "uncanny_keys", "issue_ids": "[268]", "osm_url": "https://www.openstreetmap.org/way/1065456270", "josm_url": "http://127.0.0.1:8111/load_object?new_layer=false&objects=w1065456270", "id_url": "https://www.openstreetmap.org/edit?editor=id&way=1065456270#map=20/45.4555325/9.2115218"}}, {"type": "Feature", "geometry": {"type": "Point", "coordinates": [9.190217, 45.4608159]}, "properties": {"id": 1069204486, "feat_type": "way", "quality_categories": "missing_tags, uncanny_keys", "issue_ids": "[147, 10]", "osm_url": "https://www.openstreetmap.org/way/1069204486", "josm_url": "http://127.0.0.1:8111/load_object?new_layer=false&objects=w1069204486", "id_url": "https://www.openstreetmap.org/edit?editor=id&way=1069204486#map=20/45.4608159/9.190217"}}, {"type": "Feature", "geometry": {"type": "Point", "coordinates": [9.1962553, 45.4533744]}, "properties": {"id": 1069212623, "feat_type": "way", "quality_categories": "uncanny_keys", "issue_ids": "[269]", "osm_url": "https://www.openstreetmap.org/way/1069212623", "josm_url": "http://127.0.0.1:8111/load_object?new_layer=false&objects=w1069212623", "id_url": "https://www.openstreetmap.org/edit?editor=id&way=1069212623#map=20/45.4533744/9.1962553"}}, {"type": "Feature", "geometry": {"type": "Point", "coordinates": [9.1969806, 45.4505926]}, "properties": {"id": 1069219160, "feat_type": "way", "quality_categories": "uncanny_keys", "issue_ids": "[193]", "osm_url": "https://www.openstreetmap.org/way/1069219160", "josm_url": "http://127.0.0.1:8111/load_object?new_layer=false&objects=w1069219160", "id_url": "https://www.openstreetmap.org/edit?editor=id&way=1069219160#map=20/45.4505926/9.1969806"}}, {"type": "Feature", "geometry": {"type": "Point", "coordinates": [9.1973421, 45.4488049]}, "properties": {"id": 1069221460, "feat_type": "way", "quality_categories": "uncanny_keys", "issue_ids": "[270]", "osm_url": "https://www.openstreetmap.org/way/1069221460", "josm_url": "http://127.0.0.1:8111/load_object?new_layer=false&objects=w1069221460", "id_url": "https://www.openstreetmap.org/edit?editor=id&way=1069221460#map=20/45.4488049/9.1973421"}}, {"type": "Feature", "geometry": {"type": "Point", "coordinates": [9.2034051, 45.4252866]}, "properties": {"id": 1069266539, "feat_type": "way", "quality_categories": "missing_tags, uncanny_keys", "issue_ids": "[271, 10]", "osm_url": "https://www.openstreetmap.org/way/1069266539", "josm_url": "http://127.0.0.1:8111/load_object?new_layer=false&objects=w1069266539", "id_url": "https://www.openstreetmap.org/edit?editor=id&way=1069266539#map=20/45.4252866/9.2034051"}}, {"type": "Feature", "geometry": {"type": "Point", "coordinates": [9.2034083, 45.4255907]}, "properties": {"id": 1069266543, "feat_type": "way", "quality_categories": "missing_tags, uncanny_keys", "issue_ids": "[271, 10]", "osm_url": "https://www.openstreetmap.org/way/1069266543", "josm_url": "http://127.0.0.1:8111/load_object?new_layer=false&objects=w1069266543", "id_url": "https://www.openstreetmap.org/edit?editor=id&way=1069266543#map=20/45.4255907/9.2034083"}}, {"type": "Feature", "geometry": {"type": "Point", "coordinates": [9.18332, 45.4720181]}, "properties": {"id": 1072625215, "feat_type": "way", "quality_categories": "missing_tags, uncanny_keys", "issue_ids": "[155, 10]", "osm_url": "https://www.openstreetmap.org/way/1072625215", "josm_url": "http://127.0.0.1:8111/load_object?new_layer=false&objects=w1072625215", "id_url": "https://www.openstreetmap.org/edit?editor=id&way=1072625215#map=20/45.4720181/9.18332"}}, {"type": "Feature", "geometry": {"type": "Point", "coordinates": [9.1957839, 45.4718745]}, "properties": {"id": 1072633680, "feat_type": "way", "quality_categories": "missing_tags, uncanny_keys", "issue_ids": "[272, 10]", "osm_url": "https://www.openstreetmap.org/way/1072633680", "josm_url": "http://127.0.0.1:8111/load_object?new_layer=false&objects=w1072633680", "id_url": "https://www.openstreetmap.org/edit?editor=id&way=1072633680#map=20/45.4718745/9.1957839"}}, {"type": "Feature", "geometry": {"type": "Point", "coordinates": [9.19687, 45.4613298]}, "properties": {"id": 1072681843, "feat_type": "way", "quality_categories": "missing_tags, uncanny_keys", "issue_ids": "[273, 10]", "osm_url": "https://www.openstreetmap.org/way/1072681843", "josm_url": "http://127.0.0.1:8111/load_object?new_layer=false&objects=w1072681843", "id_url": "https://www.openstreetmap.org/edit?editor=id&way=1072681843#map=20/45.4613298/9.19687"}}, {"type": "Feature", "geometry": {"type": "Point", "coordinates": [9.1962689, 45.4604792]}, "properties": {"id": 1072691391, "feat_type": "way", "quality_categories": "missing_tags, uncanny_keys", "issue_ids": "[273, 10]", "osm_url": "https://www.openstreetmap.org/way/1072691391", "josm_url": "http://127.0.0.1:8111/load_object?new_layer=false&objects=w1072691391", "id_url": "https://www.openstreetmap.org/edit?editor=id&way=1072691391#map=20/45.4604792/9.1962689"}}, {"type": "Feature", "geometry": {"type": "Point", "coordinates": [9.1872784, 45.4559981]}, "properties": {"id": 1072694152, "feat_type": "way", "quality_categories": "missing_tags, uncanny_keys", "issue_ids": "[274, 10]", "osm_url": "https://www.openstreetmap.org/way/1072694152", "josm_url": "http://127.0.0.1:8111/load_object?new_layer=false&objects=w1072694152", "id_url": "https://www.openstreetmap.org/edit?editor=id&way=1072694152#map=20/45.4559981/9.1872784"}}, {"type": "Feature", "geometry": {"type": "Point", "coordinates": [9.1905089, 45.4569537]}, "properties": {"id": 1072694154, "feat_type": "way", "quality_categories": "uncanny_keys", "issue_ids": "[275]", "osm_url": "https://www.openstreetmap.org/way/1072694154", "josm_url": "http://127.0.0.1:8111/load_object?new_layer=false&objects=w1072694154", "id_url": "https://www.openstreetmap.org/edit?editor=id&way=1072694154#map=20/45.4569537/9.1905089"}}, {"type": "Feature", "geometry": {"type": "Point", "coordinates": [9.1766326, 45.4673202]}, "properties": {"id": 1072703999, "feat_type": "way", "quality_categories": "uncanny_keys", "issue_ids": "[276]", "osm_url": "https://www.openstreetmap.org/way/1072703999", "josm_url": "http://127.0.0.1:8111/load_object?new_layer=false&objects=w1072703999", "id_url": "https://www.openstreetmap.org/edit?editor=id&way=1072703999#map=20/45.4673202/9.1766326"}}, {"type": "Feature", "geometry": {"type": "Point", "coordinates": [9.1835684, 45.4697862]}, "properties": {"id": 1072707056, "feat_type": "way", "quality_categories": "uncanny_keys", "issue_ids": "[277]", "osm_url": "https://www.openstreetmap.org/way/1072707056", "josm_url": "http://127.0.0.1:8111/load_object?new_layer=false&objects=w1072707056", "id_url": "https://www.openstreetmap.org/edit?editor=id&way=1072707056#map=20/45.4697862/9.1835684"}}, {"type": "Feature", "geometry": {"type": "Point", "coordinates": [9.1816836, 45.47234]}, "properties": {"id": 1072709035, "feat_type": "way", "quality_categories": "uncanny_keys", "issue_ids": "[155]", "osm_url": "https://www.openstreetmap.org/way/1072709035", "josm_url": "http://127.0.0.1:8111/load_object?new_layer=false&objects=w1072709035", "id_url": "https://www.openstreetmap.org/edit?editor=id&way=1072709035#map=20/45.47234/9.1816836"}}, {"type": "Feature", "geometry": {"type": "Point", "coordinates": [9.1850537, 45.4689572]}, "properties": {"id": 1072709512, "feat_type": "way", "quality_categories": "missing_tags, uncanny_keys", "issue_ids": "[63, 10]", "osm_url": "https://www.openstreetmap.org/way/1072709512", "josm_url": "http://127.0.0.1:8111/load_object?new_layer=false&objects=w1072709512", "id_url": "https://www.openstreetmap.org/edit?editor=id&way=1072709512#map=20/45.4689572/9.1850537"}}, {"type": "Feature", "geometry": {"type": "Point", "coordinates": [9.1879091, 45.4655768]}, "properties": {"id": 1072712074, "feat_type": "way", "quality_categories": "uncanny_keys", "issue_ids": "[63]", "osm_url": "https://www.openstreetmap.org/way/1072712074", "josm_url": "http://127.0.0.1:8111/load_object?new_layer=false&objects=w1072712074", "id_url": "https://www.openstreetmap.org/edit?editor=id&way=1072712074#map=20/45.4655768/9.1879091"}}, {"type": "Feature", "geometry": {"type": "Point", "coordinates": [9.1874175, 45.4656545]}, "properties": {"id": 1072712076, "feat_type": "way", "quality_categories": "uncanny_keys", "issue_ids": "[63]", "osm_url": "https://www.openstreetmap.org/way/1072712076", "josm_url": "http://127.0.0.1:8111/load_object?new_layer=false&objects=w1072712076", "id_url": "https://www.openstreetmap.org/edit?editor=id&way=1072712076#map=20/45.4656545/9.1874175"}}, {"type": "Feature", "geometry": {"type": "Point", "coordinates": [9.1889786, 45.4664683]}, "properties": {"id": 1072712271, "feat_type": "way", "quality_categories": "uncanny_keys", "issue_ids": "[63]", "osm_url": "https://www.openstreetmap.org/way/1072712271", "josm_url": "http://127.0.0.1:8111/load_object?new_layer=false&objects=w1072712271", "id_url": "https://www.openstreetmap.org/edit?editor=id&way=1072712271#map=20/45.4664683/9.1889786"}}, {"type": "Feature", "geometry": {"type": "Point", "coordinates": [9.2022276, 45.4660161]}, "properties": {"id": 1072983325, "feat_type": "way", "quality_categories": "uncanny_keys", "issue_ids": "[278]", "osm_url": "https://www.openstreetmap.org/way/1072983325", "josm_url": "http://127.0.0.1:8111/load_object?new_layer=false&objects=w1072983325", "id_url": "https://www.openstreetmap.org/edit?editor=id&way=1072983325#map=20/45.4660161/9.2022276"}}, {"type": "Feature", "geometry": {"type": "Point", "coordinates": [9.1811166, 45.4597323]}, "properties": {"id": 1072995536, "feat_type": "way", "quality_categories": "missing_tags, uncanny_keys", "issue_ids": "[241, 10]", "osm_url": "https://www.openstreetmap.org/way/1072995536", "josm_url": "http://127.0.0.1:8111/load_object?new_layer=false&objects=w1072995536", "id_url": "https://www.openstreetmap.org/edit?editor=id&way=1072995536#map=20/45.4597323/9.1811166"}}, {"type": "Feature", "geometry": {"type": "Point", "coordinates": [9.1813546, 45.4599883]}, "properties": {"id": 1072995538, "feat_type": "way", "quality_categories": "uncanny_keys", "issue_ids": "[241]", "osm_url": "https://www.openstreetmap.org/way/1072995538", "josm_url": "http://127.0.0.1:8111/load_object?new_layer=false&objects=w1072995538", "id_url": "https://www.openstreetmap.org/edit?editor=id&way=1072995538#map=20/45.4599883/9.1813546"}}, {"type": "Feature", "geometry": {"type": "Point", "coordinates": [9.1794215, 45.4682611]}, "properties": {"id": 1072996436, "feat_type": "way", "quality_categories": "uncanny_keys", "issue_ids": "[279]", "osm_url": "https://www.openstreetmap.org/way/1072996436", "josm_url": "http://127.0.0.1:8111/load_object?new_layer=false&objects=w1072996436", "id_url": "https://www.openstreetmap.org/edit?editor=id&way=1072996436#map=20/45.4682611/9.1794215"}}, {"type": "Feature", "geometry": {"type": "Point", "coordinates": [9.1901199, 45.4676541]}, "properties": {"id": 1073019983, "feat_type": "way", "quality_categories": "uncanny_keys", "issue_ids": "[280]", "osm_url": "https://www.openstreetmap.org/way/1073019983", "josm_url": "http://127.0.0.1:8111/load_object?new_layer=false&objects=w1073019983", "id_url": "https://www.openstreetmap.org/edit?editor=id&way=1073019983#map=20/45.4676541/9.1901199"}}, {"type": "Feature", "geometry": {"type": "Point", "coordinates": [9.1983776, 45.4676342]}, "properties": {"id": 1073024249, "feat_type": "way", "quality_categories": "missing_tags, uncanny_keys", "issue_ids": "[281, 10]", "osm_url": "https://www.openstreetmap.org/way/1073024249", "josm_url": "http://127.0.0.1:8111/load_object?new_layer=false&objects=w1073024249", "id_url": "https://www.openstreetmap.org/edit?editor=id&way=1073024249#map=20/45.4676342/9.1983776"}}, {"type": "Feature", "geometry": {"type": "Point", "coordinates": [9.1874242, 45.4566388]}, "properties": {"id": 1073025529, "feat_type": "way", "quality_categories": "uncanny_keys", "issue_ids": "[282]", "osm_url": "https://www.openstreetmap.org/way/1073025529", "josm_url": "http://127.0.0.1:8111/load_object?new_layer=false&objects=w1073025529", "id_url": "https://www.openstreetmap.org/edit?editor=id&way=1073025529#map=20/45.4566388/9.1874242"}}, {"type": "Feature", "geometry": {"type": "Point", "coordinates": [9.1833808, 45.4569036]}, "properties": {"id": 1073044845, "feat_type": "way", "quality_categories": "missing_tags, uncanny_keys", "issue_ids": "[283, 10]", "osm_url": "https://www.openstreetmap.org/way/1073044845", "josm_url": "http://127.0.0.1:8111/load_object?new_layer=false&objects=w1073044845", "id_url": "https://www.openstreetmap.org/edit?editor=id&way=1073044845#map=20/45.4569036/9.1833808"}}, {"type": "Feature", "geometry": {"type": "Point", "coordinates": [9.1751487, 45.4662734]}, "properties": {"id": 1073054127, "feat_type": "way", "quality_categories": "missing_tags, uncanny_keys", "issue_ids": "[187, 10]", "osm_url": "https://www.openstreetmap.org/way/1073054127", "josm_url": "http://127.0.0.1:8111/load_object?new_layer=false&objects=w1073054127", "id_url": "https://www.openstreetmap.org/edit?editor=id&way=1073054127#map=20/45.4662734/9.1751487"}}, {"type": "Feature", "geometry": {"type": "Point", "coordinates": [9.1872304, 45.4643507]}, "properties": {"id": 1073073016, "feat_type": "way", "quality_categories": "uncanny_keys", "issue_ids": "[220]", "osm_url": "https://www.openstreetmap.org/way/1073073016", "josm_url": "http://127.0.0.1:8111/load_object?new_layer=false&objects=w1073073016", "id_url": "https://www.openstreetmap.org/edit?editor=id&way=1073073016#map=20/45.4643507/9.1872304"}}, {"type": "Feature", "geometry": {"type": "Point", "coordinates": [9.2071971, 45.4653625]}, "properties": {"id": 1075775328, "feat_type": "way", "quality_categories": "uncanny_keys", "issue_ids": "[231]", "osm_url": "https://www.openstreetmap.org/way/1075775328", "josm_url": "http://127.0.0.1:8111/load_object?new_layer=false&objects=w1075775328", "id_url": "https://www.openstreetmap.org/edit?editor=id&way=1075775328#map=20/45.4653625/9.2071971"}}, {"type": "Feature", "geometry": {"type": "Point", "coordinates": [9.1913919, 45.4831188]}, "properties": {"id": 1075791102, "feat_type": "way", "quality_categories": "uncanny_keys", "issue_ids": "[284]", "osm_url": "https://www.openstreetmap.org/way/1075791102", "josm_url": "http://127.0.0.1:8111/load_object?new_layer=false&objects=w1075791102", "id_url": "https://www.openstreetmap.org/edit?editor=id&way=1075791102#map=20/45.4831188/9.1913919"}}, {"type": "Feature", "geometry": {"type": "Point", "coordinates": [9.1961836, 45.4559602]}, "properties": {"id": 1078754068, "feat_type": "way", "quality_categories": "uncanny_keys", "issue_ids": "[223]", "osm_url": "https://www.openstreetmap.org/way/1078754068", "josm_url": "http://127.0.0.1:8111/load_object?new_layer=false&objects=w1078754068", "id_url": "https://www.openstreetmap.org/edit?editor=id&way=1078754068#map=20/45.4559602/9.1961836"}}, {"type": "Feature", "geometry": {"type": "Point", "coordinates": [9.196346, 45.4557188]}, "properties": {"id": 1078754689, "feat_type": "way", "quality_categories": "uncanny_keys", "issue_ids": "[223]", "osm_url": "https://www.openstreetmap.org/way/1078754689", "josm_url": "http://127.0.0.1:8111/load_object?new_layer=false&objects=w1078754689", "id_url": "https://www.openstreetmap.org/edit?editor=id&way=1078754689#map=20/45.4557188/9.196346"}}, {"type": "Feature", "geometry": {"type": "Point", "coordinates": [9.1993643, 45.4538402]}, "properties": {"id": 1078757052, "feat_type": "way", "quality_categories": "uncanny_keys", "issue_ids": "[285]", "osm_url": "https://www.openstreetmap.org/way/1078757052", "josm_url": "http://127.0.0.1:8111/load_object?new_layer=false&objects=w1078757052", "id_url": "https://www.openstreetmap.org/edit?editor=id&way=1078757052#map=20/45.4538402/9.1993643"}}, {"type": "Feature", "geometry": {"type": "Point", "coordinates": [9.201429, 45.4525618]}, "properties": {"id": 1078758032, "feat_type": "way", "quality_categories": "uncanny_keys", "issue_ids": "[286]", "osm_url": "https://www.openstreetmap.org/way/1078758032", "josm_url": "http://127.0.0.1:8111/load_object?new_layer=false&objects=w1078758032", "id_url": "https://www.openstreetmap.org/edit?editor=id&way=1078758032#map=20/45.4525618/9.201429"}}, {"type": "Feature", "geometry": {"type": "Point", "coordinates": [9.2023715, 45.4523273]}, "properties": {"id": 1078759140, "feat_type": "way", "quality_categories": "uncanny_keys", "issue_ids": "[181]", "osm_url": "https://www.openstreetmap.org/way/1078759140", "josm_url": "http://127.0.0.1:8111/load_object?new_layer=false&objects=w1078759140", "id_url": "https://www.openstreetmap.org/edit?editor=id&way=1078759140#map=20/45.4523273/9.2023715"}}, {"type": "Feature", "geometry": {"type": "Point", "coordinates": [9.2054848, 45.457501]}, "properties": {"id": 1078766367, "feat_type": "way", "quality_categories": "uncanny_keys", "issue_ids": "[287]", "osm_url": "https://www.openstreetmap.org/way/1078766367", "josm_url": "http://127.0.0.1:8111/load_object?new_layer=false&objects=w1078766367", "id_url": "https://www.openstreetmap.org/edit?editor=id&way=1078766367#map=20/45.457501/9.2054848"}}, {"type": "Feature", "geometry": {"type": "Point", "coordinates": [9.2057144, 45.4576521]}, "properties": {"id": 1078766368, "feat_type": "way", "quality_categories": "uncanny_keys", "issue_ids": "[287]", "osm_url": "https://www.openstreetmap.org/way/1078766368", "josm_url": "http://127.0.0.1:8111/load_object?new_layer=false&objects=w1078766368", "id_url": "https://www.openstreetmap.org/edit?editor=id&way=1078766368#map=20/45.4576521/9.2057144"}}, {"type": "Feature", "geometry": {"type": "Point", "coordinates": [9.2062058, 45.4598911]}, "properties": {"id": 1078767272, "feat_type": "way", "quality_categories": "missing_tags, uncanny_keys", "issue_ids": "[288, 10]", "osm_url": "https://www.openstreetmap.org/way/1078767272", "josm_url": "http://127.0.0.1:8111/load_object?new_layer=false&objects=w1078767272", "id_url": "https://www.openstreetmap.org/edit?editor=id&way=1078767272#map=20/45.4598911/9.2062058"}}, {"type": "Feature", "geometry": {"type": "Point", "coordinates": [9.2069381, 45.4597594]}, "properties": {"id": 1078767843, "feat_type": "way", "quality_categories": "missing_tags, uncanny_keys", "issue_ids": "[289, 10]", "osm_url": "https://www.openstreetmap.org/way/1078767843", "josm_url": "http://127.0.0.1:8111/load_object?new_layer=false&objects=w1078767843", "id_url": "https://www.openstreetmap.org/edit?editor=id&way=1078767843#map=20/45.4597594/9.2069381"}}, {"type": "Feature", "geometry": {"type": "Point", "coordinates": [9.1993413, 45.4621707]}, "properties": {"id": 1078773689, "feat_type": "way", "quality_categories": "uncanny_keys", "issue_ids": "[290]", "osm_url": "https://www.openstreetmap.org/way/1078773689", "josm_url": "http://127.0.0.1:8111/load_object?new_layer=false&objects=w1078773689", "id_url": "https://www.openstreetmap.org/edit?editor=id&way=1078773689#map=20/45.4621707/9.1993413"}}, {"type": "Feature", "geometry": {"type": "Point", "coordinates": [9.2058781, 45.4751312]}, "properties": {"id": 1078779551, "feat_type": "way", "quality_categories": "missing_tags, uncanny_keys", "issue_ids": "[139, 10]", "osm_url": "https://www.openstreetmap.org/way/1078779551", "josm_url": "http://127.0.0.1:8111/load_object?new_layer=false&objects=w1078779551", "id_url": "https://www.openstreetmap.org/edit?editor=id&way=1078779551#map=20/45.4751312/9.2058781"}}, {"type": "Feature", "geometry": {"type": "Point", "coordinates": [9.2069252, 45.4766089]}, "properties": {"id": 1078798393, "feat_type": "way", "quality_categories": "missing_tags, uncanny_keys", "issue_ids": "[291, 10]", "osm_url": "https://www.openstreetmap.org/way/1078798393", "josm_url": "http://127.0.0.1:8111/load_object?new_layer=false&objects=w1078798393", "id_url": "https://www.openstreetmap.org/edit?editor=id&way=1078798393#map=20/45.4766089/9.2069252"}}, {"type": "Feature", "geometry": {"type": "Point", "coordinates": [9.2148809, 45.4722196]}, "properties": {"id": 1078820405, "feat_type": "way", "quality_categories": "uncanny_keys", "issue_ids": "[140]", "osm_url": "https://www.openstreetmap.org/way/1078820405", "josm_url": "http://127.0.0.1:8111/load_object?new_layer=false&objects=w1078820405", "id_url": "https://www.openstreetmap.org/edit?editor=id&way=1078820405#map=20/45.4722196/9.2148809"}}, {"type": "Feature", "geometry": {"type": "Point", "coordinates": [9.2165468, 45.4732191]}, "properties": {"id": 1078822993, "feat_type": "way", "quality_categories": "uncanny_keys", "issue_ids": "[126]", "osm_url": "https://www.openstreetmap.org/way/1078822993", "josm_url": "http://127.0.0.1:8111/load_object?new_layer=false&objects=w1078822993", "id_url": "https://www.openstreetmap.org/edit?editor=id&way=1078822993#map=20/45.4732191/9.2165468"}}, {"type": "Feature", "geometry": {"type": "Point", "coordinates": [9.2174244, 45.4729095]}, "properties": {"id": 1078823929, "feat_type": "way", "quality_categories": "uncanny_keys", "issue_ids": "[126]", "osm_url": "https://www.openstreetmap.org/way/1078823929", "josm_url": "http://127.0.0.1:8111/load_object?new_layer=false&objects=w1078823929", "id_url": "https://www.openstreetmap.org/edit?editor=id&way=1078823929#map=20/45.4729095/9.2174244"}}, {"type": "Feature", "geometry": {"type": "Point", "coordinates": [9.2169491, 45.4737808]}, "properties": {"id": 1078824215, "feat_type": "way", "quality_categories": "missing_tags, uncanny_keys", "issue_ids": "[126, 10]", "osm_url": "https://www.openstreetmap.org/way/1078824215", "josm_url": "http://127.0.0.1:8111/load_object?new_layer=false&objects=w1078824215", "id_url": "https://www.openstreetmap.org/edit?editor=id&way=1078824215#map=20/45.4737808/9.2169491"}}, {"type": "Feature", "geometry": {"type": "Point", "coordinates": [9.2183514, 45.4734637]}, "properties": {"id": 1078825764, "feat_type": "way", "quality_categories": "uncanny_keys", "issue_ids": "[126]", "osm_url": "https://www.openstreetmap.org/way/1078825764", "josm_url": "http://127.0.0.1:8111/load_object?new_layer=false&objects=w1078825764", "id_url": "https://www.openstreetmap.org/edit?editor=id&way=1078825764#map=20/45.4734637/9.2183514"}}, {"type": "Feature", "geometry": {"type": "Point", "coordinates": [9.2146207, 45.4759164]}, "properties": {"id": 1078827445, "feat_type": "way", "quality_categories": "uncanny_keys", "issue_ids": "[292]", "osm_url": "https://www.openstreetmap.org/way/1078827445", "josm_url": "http://127.0.0.1:8111/load_object?new_layer=false&objects=w1078827445", "id_url": "https://www.openstreetmap.org/edit?editor=id&way=1078827445#map=20/45.4759164/9.2146207"}}, {"type": "Feature", "geometry": {"type": "Point", "coordinates": [9.2148894, 45.4751209]}, "properties": {"id": 1078827598, "feat_type": "way", "quality_categories": "uncanny_keys", "issue_ids": "[292]", "osm_url": "https://www.openstreetmap.org/way/1078827598", "josm_url": "http://127.0.0.1:8111/load_object?new_layer=false&objects=w1078827598", "id_url": "https://www.openstreetmap.org/edit?editor=id&way=1078827598#map=20/45.4751209/9.2148894"}}, {"type": "Feature", "geometry": {"type": "Point", "coordinates": [9.2166467, 45.4769422]}, "properties": {"id": 1078829439, "feat_type": "way", "quality_categories": "uncanny_keys", "issue_ids": "[125]", "osm_url": "https://www.openstreetmap.org/way/1078829439", "josm_url": "http://127.0.0.1:8111/load_object?new_layer=false&objects=w1078829439", "id_url": "https://www.openstreetmap.org/edit?editor=id&way=1078829439#map=20/45.4769422/9.2166467"}}, {"type": "Feature", "geometry": {"type": "Point", "coordinates": [9.2144624, 45.4781102]}, "properties": {"id": 1078831605, "feat_type": "way", "quality_categories": "uncanny_keys", "issue_ids": "[293]", "osm_url": "https://www.openstreetmap.org/way/1078831605", "josm_url": "http://127.0.0.1:8111/load_object?new_layer=false&objects=w1078831605", "id_url": "https://www.openstreetmap.org/edit?editor=id&way=1078831605#map=20/45.4781102/9.2144624"}}, {"type": "Feature", "geometry": {"type": "Point", "coordinates": [9.2125225, 45.4791242]}, "properties": {"id": 1078831871, "feat_type": "way", "quality_categories": "uncanny_keys", "issue_ids": "[294]", "osm_url": "https://www.openstreetmap.org/way/1078831871", "josm_url": "http://127.0.0.1:8111/load_object?new_layer=false&objects=w1078831871", "id_url": "https://www.openstreetmap.org/edit?editor=id&way=1078831871#map=20/45.4791242/9.2125225"}}, {"type": "Feature", "geometry": {"type": "Point", "coordinates": [9.2032419, 45.4516585]}, "properties": {"id": 1079385430, "feat_type": "way", "quality_categories": "uncanny_keys", "issue_ids": "[295]", "osm_url": "https://www.openstreetmap.org/way/1079385430", "josm_url": "http://127.0.0.1:8111/load_object?new_layer=false&objects=w1079385430", "id_url": "https://www.openstreetmap.org/edit?editor=id&way=1079385430#map=20/45.4516585/9.2032419"}}, {"type": "Feature", "geometry": {"type": "Point", "coordinates": [9.2035466, 45.4512666]}, "properties": {"id": 1079386917, "feat_type": "way", "quality_categories": "uncanny_keys", "issue_ids": "[182]", "osm_url": "https://www.openstreetmap.org/way/1079386917", "josm_url": "http://127.0.0.1:8111/load_object?new_layer=false&objects=w1079386917", "id_url": "https://www.openstreetmap.org/edit?editor=id&way=1079386917#map=20/45.4512666/9.2035466"}}, {"type": "Feature", "geometry": {"type": "Point", "coordinates": [9.204449, 45.4509112]}, "properties": {"id": 1079387374, "feat_type": "way", "quality_categories": "uncanny_keys", "issue_ids": "[296]", "osm_url": "https://www.openstreetmap.org/way/1079387374", "josm_url": "http://127.0.0.1:8111/load_object?new_layer=false&objects=w1079387374", "id_url": "https://www.openstreetmap.org/edit?editor=id&way=1079387374#map=20/45.4509112/9.204449"}}, {"type": "Feature", "geometry": {"type": "Point", "coordinates": [9.205973, 45.4499824]}, "properties": {"id": 1079405665, "feat_type": "way", "quality_categories": "uncanny_keys", "issue_ids": "[297]", "osm_url": "https://www.openstreetmap.org/way/1079405665", "josm_url": "http://127.0.0.1:8111/load_object?new_layer=false&objects=w1079405665", "id_url": "https://www.openstreetmap.org/edit?editor=id&way=1079405665#map=20/45.4499824/9.205973"}}, {"type": "Feature", "geometry": {"type": "Point", "coordinates": [9.2081586, 45.448593]}, "properties": {"id": 1079409868, "feat_type": "way", "quality_categories": "uncanny_keys", "issue_ids": "[298]", "osm_url": "https://www.openstreetmap.org/way/1079409868", "josm_url": "http://127.0.0.1:8111/load_object?new_layer=false&objects=w1079409868", "id_url": "https://www.openstreetmap.org/edit?editor=id&way=1079409868#map=20/45.448593/9.2081586"}}, {"type": "Feature", "geometry": {"type": "Point", "coordinates": [9.2069852, 45.4491897]}, "properties": {"id": 1079409869, "feat_type": "way", "quality_categories": "missing_tags, uncanny_keys", "issue_ids": "[297, 10]", "osm_url": "https://www.openstreetmap.org/way/1079409869", "josm_url": "http://127.0.0.1:8111/load_object?new_layer=false&objects=w1079409869", "id_url": "https://www.openstreetmap.org/edit?editor=id&way=1079409869#map=20/45.4491897/9.2069852"}}, {"type": "Feature", "geometry": {"type": "Point", "coordinates": [9.2087618, 45.44808]}, "properties": {"id": 1079410198, "feat_type": "way", "quality_categories": "missing_tags, uncanny_keys", "issue_ids": "[298, 10]", "osm_url": "https://www.openstreetmap.org/way/1079410198", "josm_url": "http://127.0.0.1:8111/load_object?new_layer=false&objects=w1079410198", "id_url": "https://www.openstreetmap.org/edit?editor=id&way=1079410198#map=20/45.44808/9.2087618"}}, {"type": "Feature", "geometry": {"type": "Point", "coordinates": [9.2093666, 45.4468241]}, "properties": {"id": 1079412251, "feat_type": "way", "quality_categories": "uncanny_keys", "issue_ids": "[299]", "osm_url": "https://www.openstreetmap.org/way/1079412251", "josm_url": "http://127.0.0.1:8111/load_object?new_layer=false&objects=w1079412251", "id_url": "https://www.openstreetmap.org/edit?editor=id&way=1079412251#map=20/45.4468241/9.2093666"}}, {"type": "Feature", "geometry": {"type": "Point", "coordinates": [9.2086176, 45.4467895]}, "properties": {"id": 1079412253, "feat_type": "way", "quality_categories": "uncanny_keys", "issue_ids": "[300]", "osm_url": "https://www.openstreetmap.org/way/1079412253", "josm_url": "http://127.0.0.1:8111/load_object?new_layer=false&objects=w1079412253", "id_url": "https://www.openstreetmap.org/edit?editor=id&way=1079412253#map=20/45.4467895/9.2086176"}}, {"type": "Feature", "geometry": {"type": "Point", "coordinates": [9.2110639, 45.4469988]}, "properties": {"id": 1079413419, "feat_type": "way", "quality_categories": "uncanny_keys", "issue_ids": "[299]", "osm_url": "https://www.openstreetmap.org/way/1079413419", "josm_url": "http://127.0.0.1:8111/load_object?new_layer=false&objects=w1079413419", "id_url": "https://www.openstreetmap.org/edit?editor=id&way=1079413419#map=20/45.4469988/9.2110639"}}, {"type": "Feature", "geometry": {"type": "Point", "coordinates": [9.2108633, 45.4467769]}, "properties": {"id": 1079413422, "feat_type": "way", "quality_categories": "uncanny_keys", "issue_ids": "[299]", "osm_url": "https://www.openstreetmap.org/way/1079413422", "josm_url": "http://127.0.0.1:8111/load_object?new_layer=false&objects=w1079413422", "id_url": "https://www.openstreetmap.org/edit?editor=id&way=1079413422#map=20/45.4467769/9.2108633"}}, {"type": "Feature", "geometry": {"type": "Point", "coordinates": [9.212947, 45.4458529]}, "properties": {"id": 1079414367, "feat_type": "way", "quality_categories": "uncanny_keys", "issue_ids": "[301]", "osm_url": "https://www.openstreetmap.org/way/1079414367", "josm_url": "http://127.0.0.1:8111/load_object?new_layer=false&objects=w1079414367", "id_url": "https://www.openstreetmap.org/edit?editor=id&way=1079414367#map=20/45.4458529/9.212947"}}, {"type": "Feature", "geometry": {"type": "Point", "coordinates": [9.2129076, 45.4454979]}, "properties": {"id": 1079414369, "feat_type": "way", "quality_categories": "uncanny_keys", "issue_ids": "[302]", "osm_url": "https://www.openstreetmap.org/way/1079414369", "josm_url": "http://127.0.0.1:8111/load_object?new_layer=false&objects=w1079414369", "id_url": "https://www.openstreetmap.org/edit?editor=id&way=1079414369#map=20/45.4454979/9.2129076"}}, {"type": "Feature", "geometry": {"type": "Point", "coordinates": [9.2152649, 45.444515]}, "properties": {"id": 1079414371, "feat_type": "way", "quality_categories": "uncanny_keys", "issue_ids": "[303]", "osm_url": "https://www.openstreetmap.org/way/1079414371", "josm_url": "http://127.0.0.1:8111/load_object?new_layer=false&objects=w1079414371", "id_url": "https://www.openstreetmap.org/edit?editor=id&way=1079414371#map=20/45.444515/9.2152649"}}, {"type": "Feature", "geometry": {"type": "Point", "coordinates": [9.2151943, 45.4441985]}, "properties": {"id": 1079414654, "feat_type": "way", "quality_categories": "uncanny_keys", "issue_ids": "[303]", "osm_url": "https://www.openstreetmap.org/way/1079414654", "josm_url": "http://127.0.0.1:8111/load_object?new_layer=false&objects=w1079414654", "id_url": "https://www.openstreetmap.org/edit?editor=id&way=1079414654#map=20/45.4441985/9.2151943"}}, {"type": "Feature", "geometry": {"type": "Point", "coordinates": [9.2188952, 45.4427566]}, "properties": {"id": 1079418778, "feat_type": "way", "quality_categories": "missing_tags, uncanny_keys", "issue_ids": "[304, 10]", "osm_url": "https://www.openstreetmap.org/way/1079418778", "josm_url": "http://127.0.0.1:8111/load_object?new_layer=false&objects=w1079418778", "id_url": "https://www.openstreetmap.org/edit?editor=id&way=1079418778#map=20/45.4427566/9.2188952"}}, {"type": "Feature", "geometry": {"type": "Point", "coordinates": [9.2180095, 45.4428501]}, "properties": {"id": 1079418779, "feat_type": "way", "quality_categories": "uncanny_keys", "issue_ids": "[304]", "osm_url": "https://www.openstreetmap.org/way/1079418779", "josm_url": "http://127.0.0.1:8111/load_object?new_layer=false&objects=w1079418779", "id_url": "https://www.openstreetmap.org/edit?editor=id&way=1079418779#map=20/45.4428501/9.2180095"}}, {"type": "Feature", "geometry": {"type": "Point", "coordinates": [9.2204644, 45.4428864]}, "properties": {"id": 1079420177, "feat_type": "way", "quality_categories": "missing_tags, uncanny_keys", "issue_ids": "[305, 10]", "osm_url": "https://www.openstreetmap.org/way/1079420177", "josm_url": "http://127.0.0.1:8111/load_object?new_layer=false&objects=w1079420177", "id_url": "https://www.openstreetmap.org/edit?editor=id&way=1079420177#map=20/45.4428864/9.2204644"}}, {"type": "Feature", "geometry": {"type": "Point", "coordinates": [9.2180257, 45.4422409]}, "properties": {"id": 1079420180, "feat_type": "way", "quality_categories": "uncanny_keys", "issue_ids": "[305]", "osm_url": "https://www.openstreetmap.org/way/1079420180", "josm_url": "http://127.0.0.1:8111/load_object?new_layer=false&objects=w1079420180", "id_url": "https://www.openstreetmap.org/edit?editor=id&way=1079420180#map=20/45.4422409/9.2180257"}}, {"type": "Feature", "geometry": {"type": "Point", "coordinates": [9.2006025, 45.4509927]}, "properties": {"id": 1079420955, "feat_type": "way", "quality_categories": "missing_tags, uncanny_keys", "issue_ids": "[306, 10]", "osm_url": "https://www.openstreetmap.org/way/1079420955", "josm_url": "http://127.0.0.1:8111/load_object?new_layer=false&objects=w1079420955", "id_url": "https://www.openstreetmap.org/edit?editor=id&way=1079420955#map=20/45.4509927/9.2006025"}}, {"type": "Feature", "geometry": {"type": "Point", "coordinates": [9.200278, 45.4508599]}, "properties": {"id": 1079420957, "feat_type": "way", "quality_categories": "missing_tags, uncanny_keys", "issue_ids": "[306, 10]", "osm_url": "https://www.openstreetmap.org/way/1079420957", "josm_url": "http://127.0.0.1:8111/load_object?new_layer=false&objects=w1079420957", "id_url": "https://www.openstreetmap.org/edit?editor=id&way=1079420957#map=20/45.4508599/9.200278"}}, {"type": "Feature", "geometry": {"type": "Point", "coordinates": [9.1965068, 45.4508727]}, "properties": {"id": 1079421536, "feat_type": "way", "quality_categories": "uncanny_keys", "issue_ids": "[193]", "osm_url": "https://www.openstreetmap.org/way/1079421536", "josm_url": "http://127.0.0.1:8111/load_object?new_layer=false&objects=w1079421536", "id_url": "https://www.openstreetmap.org/edit?editor=id&way=1079421536#map=20/45.4508727/9.1965068"}}, {"type": "Feature", "geometry": {"type": "Point", "coordinates": [9.1866531, 45.4516014]}, "properties": {"id": 1079427340, "feat_type": "way", "quality_categories": "missing_tags, uncanny_keys", "issue_ids": "[307, 10]", "osm_url": "https://www.openstreetmap.org/way/1079427340", "josm_url": "http://127.0.0.1:8111/load_object?new_layer=false&objects=w1079427340", "id_url": "https://www.openstreetmap.org/edit?editor=id&way=1079427340#map=20/45.4516014/9.1866531"}}, {"type": "Feature", "geometry": {"type": "Point", "coordinates": [9.1797299, 45.4485513]}, "properties": {"id": 1079432109, "feat_type": "way", "quality_categories": "uncanny_keys", "issue_ids": "[308]", "osm_url": "https://www.openstreetmap.org/way/1079432109", "josm_url": "http://127.0.0.1:8111/load_object?new_layer=false&objects=w1079432109", "id_url": "https://www.openstreetmap.org/edit?editor=id&way=1079432109#map=20/45.4485513/9.1797299"}}, {"type": "Feature", "geometry": {"type": "Point", "coordinates": [9.1794405, 45.4524536]}, "properties": {"id": 1079457798, "feat_type": "way", "quality_categories": "uncanny_keys", "issue_ids": "[131]", "osm_url": "https://www.openstreetmap.org/way/1079457798", "josm_url": "http://127.0.0.1:8111/load_object?new_layer=false&objects=w1079457798", "id_url": "https://www.openstreetmap.org/edit?editor=id&way=1079457798#map=20/45.4524536/9.1794405"}}, {"type": "Feature", "geometry": {"type": "Point", "coordinates": [9.1875454, 45.4449778]}, "properties": {"id": 1079460931, "feat_type": "way", "quality_categories": "uncanny_keys", "issue_ids": "[309]", "osm_url": "https://www.openstreetmap.org/way/1079460931", "josm_url": "http://127.0.0.1:8111/load_object?new_layer=false&objects=w1079460931", "id_url": "https://www.openstreetmap.org/edit?editor=id&way=1079460931#map=20/45.4449778/9.1875454"}}, {"type": "Feature", "geometry": {"type": "Point", "coordinates": [9.1754559, 45.4527587]}, "properties": {"id": 1079474163, "feat_type": "way", "quality_categories": "uncanny_keys", "issue_ids": "[310]", "osm_url": "https://www.openstreetmap.org/way/1079474163", "josm_url": "http://127.0.0.1:8111/load_object?new_layer=false&objects=w1079474163", "id_url": "https://www.openstreetmap.org/edit?editor=id&way=1079474163#map=20/45.4527587/9.1754559"}}, {"type": "Feature", "geometry": {"type": "Point", "coordinates": [9.1727888, 45.4550034]}, "properties": {"id": 1079474423, "feat_type": "way", "quality_categories": "uncanny_keys", "issue_ids": "[311]", "osm_url": "https://www.openstreetmap.org/way/1079474423", "josm_url": "http://127.0.0.1:8111/load_object?new_layer=false&objects=w1079474423", "id_url": "https://www.openstreetmap.org/edit?editor=id&way=1079474423#map=20/45.4550034/9.1727888"}}, {"type": "Feature", "geometry": {"type": "Point", "coordinates": [9.1734891, 45.4530511]}, "properties": {"id": 1079476882, "feat_type": "way", "quality_categories": "missing_tags, uncanny_keys", "issue_ids": "[312, 10]", "osm_url": "https://www.openstreetmap.org/way/1079476882", "josm_url": "http://127.0.0.1:8111/load_object?new_layer=false&objects=w1079476882", "id_url": "https://www.openstreetmap.org/edit?editor=id&way=1079476882#map=20/45.4530511/9.1734891"}}, {"type": "Feature", "geometry": {"type": "Point", "coordinates": [9.1725984, 45.452982]}, "properties": {"id": 1079477065, "feat_type": "way", "quality_categories": "uncanny_keys", "issue_ids": "[312]", "osm_url": "https://www.openstreetmap.org/way/1079477065", "josm_url": "http://127.0.0.1:8111/load_object?new_layer=false&objects=w1079477065", "id_url": "https://www.openstreetmap.org/edit?editor=id&way=1079477065#map=20/45.452982/9.1725984"}}, {"type": "Feature", "geometry": {"type": "Point", "coordinates": [9.1716543, 45.4599621]}, "properties": {"id": 1079491227, "feat_type": "way", "quality_categories": "uncanny_keys", "issue_ids": "[313]", "osm_url": "https://www.openstreetmap.org/way/1079491227", "josm_url": "http://127.0.0.1:8111/load_object?new_layer=false&objects=w1079491227", "id_url": "https://www.openstreetmap.org/edit?editor=id&way=1079491227#map=20/45.4599621/9.1716543"}}, {"type": "Feature", "geometry": {"type": "Point", "coordinates": [9.1654518, 45.4654625]}, "properties": {"id": 1079692756, "feat_type": "way", "quality_categories": "uncanny_keys", "issue_ids": "[314]", "osm_url": "https://www.openstreetmap.org/way/1079692756", "josm_url": "http://127.0.0.1:8111/load_object?new_layer=false&objects=w1079692756", "id_url": "https://www.openstreetmap.org/edit?editor=id&way=1079692756#map=20/45.4654625/9.1654518"}}, {"type": "Feature", "geometry": {"type": "Point", "coordinates": [9.1758364, 45.4679291]}, "properties": {"id": 1079967628, "feat_type": "way", "quality_categories": "missing_tags, uncanny_keys", "issue_ids": "[315, 10]", "osm_url": "https://www.openstreetmap.org/way/1079967628", "josm_url": "http://127.0.0.1:8111/load_object?new_layer=false&objects=w1079967628", "id_url": "https://www.openstreetmap.org/edit?editor=id&way=1079967628#map=20/45.4679291/9.1758364"}}, {"type": "Feature", "geometry": {"type": "Point", "coordinates": [9.1773991, 45.4687193]}, "properties": {"id": 1079969970, "feat_type": "way", "quality_categories": "uncanny_keys", "issue_ids": "[276]", "osm_url": "https://www.openstreetmap.org/way/1079969970", "josm_url": "http://127.0.0.1:8111/load_object?new_layer=false&objects=w1079969970", "id_url": "https://www.openstreetmap.org/edit?editor=id&way=1079969970#map=20/45.4687193/9.1773991"}}, {"type": "Feature", "geometry": {"type": "Point", "coordinates": [9.1764722, 45.4687978]}, "properties": {"id": 1079972220, "feat_type": "way", "quality_categories": "uncanny_keys", "issue_ids": "[276]", "osm_url": "https://www.openstreetmap.org/way/1079972220", "josm_url": "http://127.0.0.1:8111/load_object?new_layer=false&objects=w1079972220", "id_url": "https://www.openstreetmap.org/edit?editor=id&way=1079972220#map=20/45.4687978/9.1764722"}}, {"type": "Feature", "geometry": {"type": "Point", "coordinates": [9.1623477, 45.4613522]}, "properties": {"id": 1079979488, "feat_type": "way", "quality_categories": "uncanny_keys", "issue_ids": "[316]", "osm_url": "https://www.openstreetmap.org/way/1079979488", "josm_url": "http://127.0.0.1:8111/load_object?new_layer=false&objects=w1079979488", "id_url": "https://www.openstreetmap.org/edit?editor=id&way=1079979488#map=20/45.4613522/9.1623477"}}, {"type": "Feature", "geometry": {"type": "Point", "coordinates": [9.1633817, 45.4611628]}, "properties": {"id": 1079979891, "feat_type": "way", "quality_categories": "missing_tags, uncanny_keys", "issue_ids": "[317, 10]", "osm_url": "https://www.openstreetmap.org/way/1079979891", "josm_url": "http://127.0.0.1:8111/load_object?new_layer=false&objects=w1079979891", "id_url": "https://www.openstreetmap.org/edit?editor=id&way=1079979891#map=20/45.4611628/9.1633817"}}, {"type": "Feature", "geometry": {"type": "Point", "coordinates": [9.1870039, 45.454224]}, "properties": {"id": 1079983808, "feat_type": "way", "quality_categories": "uncanny_keys", "issue_ids": "[318]", "osm_url": "https://www.openstreetmap.org/way/1079983808", "josm_url": "http://127.0.0.1:8111/load_object?new_layer=false&objects=w1079983808", "id_url": "https://www.openstreetmap.org/edit?editor=id&way=1079983808#map=20/45.454224/9.1870039"}}, {"type": "Feature", "geometry": {"type": "Point", "coordinates": [9.1889017, 45.4769587]}, "properties": {"id": 1079994392, "feat_type": "way", "quality_categories": "uncanny_keys", "issue_ids": "[319]", "osm_url": "https://www.openstreetmap.org/way/1079994392", "josm_url": "http://127.0.0.1:8111/load_object?new_layer=false&objects=w1079994392", "id_url": "https://www.openstreetmap.org/edit?editor=id&way=1079994392#map=20/45.4769587/9.1889017"}}, {"type": "Feature", "geometry": {"type": "Point", "coordinates": [9.1949987, 45.4763991]}, "properties": {"id": 1079994965, "feat_type": "way", "quality_categories": "missing_tags, uncanny_keys", "issue_ids": "[51, 10]", "osm_url": "https://www.openstreetmap.org/way/1079994965", "josm_url": "http://127.0.0.1:8111/load_object?new_layer=false&objects=w1079994965", "id_url": "https://www.openstreetmap.org/edit?editor=id&way=1079994965#map=20/45.4763991/9.1949987"}}, {"type": "Feature", "geometry": {"type": "Point", "coordinates": [9.1959241, 45.475637]}, "properties": {"id": 1079995404, "feat_type": "way", "quality_categories": "uncanny_keys", "issue_ids": "[51]", "osm_url": "https://www.openstreetmap.org/way/1079995404", "josm_url": "http://127.0.0.1:8111/load_object?new_layer=false&objects=w1079995404", "id_url": "https://www.openstreetmap.org/edit?editor=id&way=1079995404#map=20/45.475637/9.1959241"}}, {"type": "Feature", "geometry": {"type": "Point", "coordinates": [9.2066487, 45.4676062]}, "properties": {"id": 1080003820, "feat_type": "way", "quality_categories": "uncanny_keys", "issue_ids": "[320]", "osm_url": "https://www.openstreetmap.org/way/1080003820", "josm_url": "http://127.0.0.1:8111/load_object?new_layer=false&objects=w1080003820", "id_url": "https://www.openstreetmap.org/edit?editor=id&way=1080003820#map=20/45.4676062/9.2066487"}}, {"type": "Feature", "geometry": {"type": "Point", "coordinates": [9.2110907, 45.4675476]}, "properties": {"id": 1080004285, "feat_type": "way", "quality_categories": "missing_tags, uncanny_keys", "issue_ids": "[321, 10]", "osm_url": "https://www.openstreetmap.org/way/1080004285", "josm_url": "http://127.0.0.1:8111/load_object?new_layer=false&objects=w1080004285", "id_url": "https://www.openstreetmap.org/edit?editor=id&way=1080004285#map=20/45.4675476/9.2110907"}}, {"type": "Feature", "geometry": {"type": "Point", "coordinates": [9.2228646, 45.4404899]}, "properties": {"id": 1080028403, "feat_type": "way", "quality_categories": "missing_tags, uncanny_keys", "issue_ids": "[322, 10]", "osm_url": "https://www.openstreetmap.org/way/1080028403", "josm_url": "http://127.0.0.1:8111/load_object?new_layer=false&objects=w1080028403", "id_url": "https://www.openstreetmap.org/edit?editor=id&way=1080028403#map=20/45.4404899/9.2228646"}}, {"type": "Feature", "geometry": {"type": "Point", "coordinates": [9.2225676, 45.4409577]}, "properties": {"id": 1080028405, "feat_type": "way", "quality_categories": "missing_tags, uncanny_keys", "issue_ids": "[322, 10]", "osm_url": "https://www.openstreetmap.org/way/1080028405", "josm_url": "http://127.0.0.1:8111/load_object?new_layer=false&objects=w1080028405", "id_url": "https://www.openstreetmap.org/edit?editor=id&way=1080028405#map=20/45.4409577/9.2225676"}}, {"type": "Feature", "geometry": {"type": "Point", "coordinates": [9.2232894, 45.439688]}, "properties": {"id": 1080028668, "feat_type": "way", "quality_categories": "missing_tags, uncanny_keys", "issue_ids": "[322, 10]", "osm_url": "https://www.openstreetmap.org/way/1080028668", "josm_url": "http://127.0.0.1:8111/load_object?new_layer=false&objects=w1080028668", "id_url": "https://www.openstreetmap.org/edit?editor=id&way=1080028668#map=20/45.439688/9.2232894"}}, {"type": "Feature", "geometry": {"type": "Point", "coordinates": [9.2111585, 45.4404252]}, "properties": {"id": 1080032408, "feat_type": "way", "quality_categories": "missing_tags, uncanny_keys", "issue_ids": "[323, 10]", "osm_url": "https://www.openstreetmap.org/way/1080032408", "josm_url": "http://127.0.0.1:8111/load_object?new_layer=false&objects=w1080032408", "id_url": "https://www.openstreetmap.org/edit?editor=id&way=1080032408#map=20/45.4404252/9.2111585"}}, {"type": "Feature", "geometry": {"type": "Point", "coordinates": [9.2097163, 45.4404479]}, "properties": {"id": 1080032411, "feat_type": "way", "quality_categories": "missing_tags, uncanny_keys", "issue_ids": "[324, 10]", "osm_url": "https://www.openstreetmap.org/way/1080032411", "josm_url": "http://127.0.0.1:8111/load_object?new_layer=false&objects=w1080032411", "id_url": "https://www.openstreetmap.org/edit?editor=id&way=1080032411#map=20/45.4404479/9.2097163"}}, {"type": "Feature", "geometry": {"type": "Point", "coordinates": [9.2151095, 45.4410051]}, "properties": {"id": 1080032817, "feat_type": "way", "quality_categories": "uncanny_keys", "issue_ids": "[325]", "osm_url": "https://www.openstreetmap.org/way/1080032817", "josm_url": "http://127.0.0.1:8111/load_object?new_layer=false&objects=w1080032817", "id_url": "https://www.openstreetmap.org/edit?editor=id&way=1080032817#map=20/45.4410051/9.2151095"}}, {"type": "Feature", "geometry": {"type": "Point", "coordinates": [9.2145306, 45.4411481]}, "properties": {"id": 1080032818, "feat_type": "way", "quality_categories": "uncanny_keys", "issue_ids": "[325]", "osm_url": "https://www.openstreetmap.org/way/1080032818", "josm_url": "http://127.0.0.1:8111/load_object?new_layer=false&objects=w1080032818", "id_url": "https://www.openstreetmap.org/edit?editor=id&way=1080032818#map=20/45.4411481/9.2145306"}}, {"type": "Feature", "geometry": {"type": "Point", "coordinates": [9.2027903, 45.4491252]}, "properties": {"id": 1080039415, "feat_type": "way", "quality_categories": "uncanny_keys", "issue_ids": "[326]", "osm_url": "https://www.openstreetmap.org/way/1080039415", "josm_url": "http://127.0.0.1:8111/load_object?new_layer=false&objects=w1080039415", "id_url": "https://www.openstreetmap.org/edit?editor=id&way=1080039415#map=20/45.4491252/9.2027903"}}, {"type": "Feature", "geometry": {"type": "Point", "coordinates": [9.20249, 45.4498436]}, "properties": {"id": 1080039417, "feat_type": "way", "quality_categories": "uncanny_keys", "issue_ids": "[326]", "osm_url": "https://www.openstreetmap.org/way/1080039417", "josm_url": "http://127.0.0.1:8111/load_object?new_layer=false&objects=w1080039417", "id_url": "https://www.openstreetmap.org/edit?editor=id&way=1080039417#map=20/45.4498436/9.20249"}}, {"type": "Feature", "geometry": {"type": "Point", "coordinates": [9.1730841, 45.4490438]}, "properties": {"id": 1080040752, "feat_type": "way", "quality_categories": "uncanny_keys", "issue_ids": "[327]", "osm_url": "https://www.openstreetmap.org/way/1080040752", "josm_url": "http://127.0.0.1:8111/load_object?new_layer=false&objects=w1080040752", "id_url": "https://www.openstreetmap.org/edit?editor=id&way=1080040752#map=20/45.4490438/9.1730841"}}, {"type": "Feature", "geometry": {"type": "Point", "coordinates": [9.1728364, 45.4445597]}, "properties": {"id": 1080041350, "feat_type": "way", "quality_categories": "uncanny_keys", "issue_ids": "[328]", "osm_url": "https://www.openstreetmap.org/way/1080041350", "josm_url": "http://127.0.0.1:8111/load_object?new_layer=false&objects=w1080041350", "id_url": "https://www.openstreetmap.org/edit?editor=id&way=1080041350#map=20/45.4445597/9.1728364"}}, {"type": "Feature", "geometry": {"type": "Point", "coordinates": [9.1720064, 45.4439346]}, "properties": {"id": 1080041958, "feat_type": "way", "quality_categories": "uncanny_keys", "issue_ids": "[329]", "osm_url": "https://www.openstreetmap.org/way/1080041958", "josm_url": "http://127.0.0.1:8111/load_object?new_layer=false&objects=w1080041958", "id_url": "https://www.openstreetmap.org/edit?editor=id&way=1080041958#map=20/45.4439346/9.1720064"}}, {"type": "Feature", "geometry": {"type": "Point", "coordinates": [9.1719988, 45.4438307]}, "properties": {"id": 1080041959, "feat_type": "way", "quality_categories": "uncanny_keys", "issue_ids": "[329]", "osm_url": "https://www.openstreetmap.org/way/1080041959", "josm_url": "http://127.0.0.1:8111/load_object?new_layer=false&objects=w1080041959", "id_url": "https://www.openstreetmap.org/edit?editor=id&way=1080041959#map=20/45.4438307/9.1719988"}}, {"type": "Feature", "geometry": {"type": "Point", "coordinates": [9.178994, 45.4438711]}, "properties": {"id": 1080043381, "feat_type": "way", "quality_categories": "missing_tags, uncanny_keys", "issue_ids": "[154, 10]", "osm_url": "https://www.openstreetmap.org/way/1080043381", "josm_url": "http://127.0.0.1:8111/load_object?new_layer=false&objects=w1080043381", "id_url": "https://www.openstreetmap.org/edit?editor=id&way=1080043381#map=20/45.4438711/9.178994"}}, {"type": "Feature", "geometry": {"type": "Point", "coordinates": [9.1548246, 45.4564826]}, "properties": {"id": 1080050997, "feat_type": "way", "quality_categories": "uncanny_keys", "issue_ids": "[330]", "osm_url": "https://www.openstreetmap.org/way/1080050997", "josm_url": "http://127.0.0.1:8111/load_object?new_layer=false&objects=w1080050997", "id_url": "https://www.openstreetmap.org/edit?editor=id&way=1080050997#map=20/45.4564826/9.1548246"}}, {"type": "Feature", "geometry": {"type": "Point", "coordinates": [9.1488626, 45.4790712]}, "properties": {"id": 1080052908, "feat_type": "way", "quality_categories": "missing_tags, uncanny_keys", "issue_ids": "[331, 10]", "osm_url": "https://www.openstreetmap.org/way/1080052908", "josm_url": "http://127.0.0.1:8111/load_object?new_layer=false&objects=w1080052908", "id_url": "https://www.openstreetmap.org/edit?editor=id&way=1080052908#map=20/45.4790712/9.1488626"}}, {"type": "Feature", "geometry": {"type": "Point", "coordinates": [9.1506519, 45.477978]}, "properties": {"id": 1080053070, "feat_type": "way", "quality_categories": "missing_tags, uncanny_keys", "issue_ids": "[332, 10]", "osm_url": "https://www.openstreetmap.org/way/1080053070", "josm_url": "http://127.0.0.1:8111/load_object?new_layer=false&objects=w1080053070", "id_url": "https://www.openstreetmap.org/edit?editor=id&way=1080053070#map=20/45.477978/9.1506519"}}, {"type": "Feature", "geometry": {"type": "Point", "coordinates": [9.1456102, 45.4812714]}, "properties": {"id": 1080054096, "feat_type": "way", "quality_categories": "uncanny_keys", "issue_ids": "[333]", "osm_url": "https://www.openstreetmap.org/way/1080054096", "josm_url": "http://127.0.0.1:8111/load_object?new_layer=false&objects=w1080054096", "id_url": "https://www.openstreetmap.org/edit?editor=id&way=1080054096#map=20/45.4812714/9.1456102"}}, {"type": "Feature", "geometry": {"type": "Point", "coordinates": [9.1433448, 45.4821772]}, "properties": {"id": 1080054302, "feat_type": "way", "quality_categories": "uncanny_keys", "issue_ids": "[334]", "osm_url": "https://www.openstreetmap.org/way/1080054302", "josm_url": "http://127.0.0.1:8111/load_object?new_layer=false&objects=w1080054302", "id_url": "https://www.openstreetmap.org/edit?editor=id&way=1080054302#map=20/45.4821772/9.1433448"}}, {"type": "Feature", "geometry": {"type": "Point", "coordinates": [9.1439965, 45.4847499]}, "properties": {"id": 1080054930, "feat_type": "way", "quality_categories": "uncanny_keys", "issue_ids": "[335]", "osm_url": "https://www.openstreetmap.org/way/1080054930", "josm_url": "http://127.0.0.1:8111/load_object?new_layer=false&objects=w1080054930", "id_url": "https://www.openstreetmap.org/edit?editor=id&way=1080054930#map=20/45.4847499/9.1439965"}}, {"type": "Feature", "geometry": {"type": "Point", "coordinates": [9.1428992, 45.4825423]}, "properties": {"id": 1080054932, "feat_type": "way", "quality_categories": "missing_tags, uncanny_keys", "issue_ids": "[334, 10]", "osm_url": "https://www.openstreetmap.org/way/1080054932", "josm_url": "http://127.0.0.1:8111/load_object?new_layer=false&objects=w1080054932", "id_url": "https://www.openstreetmap.org/edit?editor=id&way=1080054932#map=20/45.4825423/9.1428992"}}, {"type": "Feature", "geometry": {"type": "Point", "coordinates": [9.1582141, 45.4571016]}, "properties": {"id": 1080066858, "feat_type": "way", "quality_categories": "uncanny_keys", "issue_ids": "[336]", "osm_url": "https://www.openstreetmap.org/way/1080066858", "josm_url": "http://127.0.0.1:8111/load_object?new_layer=false&objects=w1080066858", "id_url": "https://www.openstreetmap.org/edit?editor=id&way=1080066858#map=20/45.4571016/9.1582141"}}, {"type": "Feature", "geometry": {"type": "Point", "coordinates": [9.1582234, 45.4568409]}, "properties": {"id": 1080066929, "feat_type": "way", "quality_categories": "missing_tags, uncanny_keys", "issue_ids": "[336, 10]", "osm_url": "https://www.openstreetmap.org/way/1080066929", "josm_url": "http://127.0.0.1:8111/load_object?new_layer=false&objects=w1080066929", "id_url": "https://www.openstreetmap.org/edit?editor=id&way=1080066929#map=20/45.4568409/9.1582234"}}, {"type": "Feature", "geometry": {"type": "Point", "coordinates": [9.2134787, 45.4575214]}, "properties": {"id": 1080206423, "feat_type": "way", "quality_categories": "uncanny_keys", "issue_ids": "[337]", "osm_url": "https://www.openstreetmap.org/way/1080206423", "josm_url": "http://127.0.0.1:8111/load_object?new_layer=false&objects=w1080206423", "id_url": "https://www.openstreetmap.org/edit?editor=id&way=1080206423#map=20/45.4575214/9.2134787"}}, {"type": "Feature", "geometry": {"type": "Point", "coordinates": [9.2166717, 45.455363]}, "properties": {"id": 1080207627, "feat_type": "way", "quality_categories": "missing_tags, uncanny_keys", "issue_ids": "[338, 10]", "osm_url": "https://www.openstreetmap.org/way/1080207627", "josm_url": "http://127.0.0.1:8111/load_object?new_layer=false&objects=w1080207627", "id_url": "https://www.openstreetmap.org/edit?editor=id&way=1080207627#map=20/45.455363/9.2166717"}}, {"type": "Feature", "geometry": {"type": "Point", "coordinates": [9.2163089, 45.4556238]}, "properties": {"id": 1080207629, "feat_type": "way", "quality_categories": "missing_tags, uncanny_keys", "issue_ids": "[338, 10]", "osm_url": "https://www.openstreetmap.org/way/1080207629", "josm_url": "http://127.0.0.1:8111/load_object?new_layer=false&objects=w1080207629", "id_url": "https://www.openstreetmap.org/edit?editor=id&way=1080207629#map=20/45.4556238/9.2163089"}}, {"type": "Feature", "geometry": {"type": "Point", "coordinates": [9.2174947, 45.455226]}, "properties": {"id": 1080208155, "feat_type": "way", "quality_categories": "missing_tags, uncanny_keys", "issue_ids": "[338, 10]", "osm_url": "https://www.openstreetmap.org/way/1080208155", "josm_url": "http://127.0.0.1:8111/load_object?new_layer=false&objects=w1080208155", "id_url": "https://www.openstreetmap.org/edit?editor=id&way=1080208155#map=20/45.455226/9.2174947"}}, {"type": "Feature", "geometry": {"type": "Point", "coordinates": [9.2129836, 45.4580096]}, "properties": {"id": 1080210602, "feat_type": "way", "quality_categories": "uncanny_keys", "issue_ids": "[337]", "osm_url": "https://www.openstreetmap.org/way/1080210602", "josm_url": "http://127.0.0.1:8111/load_object?new_layer=false&objects=w1080210602", "id_url": "https://www.openstreetmap.org/edit?editor=id&way=1080210602#map=20/45.4580096/9.2129836"}}, {"type": "Feature", "geometry": {"type": "Point", "coordinates": [9.2112598, 45.4583843]}, "properties": {"id": 1080211744, "feat_type": "way", "quality_categories": "uncanny_keys", "issue_ids": "[339]", "osm_url": "https://www.openstreetmap.org/way/1080211744", "josm_url": "http://127.0.0.1:8111/load_object?new_layer=false&objects=w1080211744", "id_url": "https://www.openstreetmap.org/edit?editor=id&way=1080211744#map=20/45.4583843/9.2112598"}}, {"type": "Feature", "geometry": {"type": "Point", "coordinates": [9.2104273, 45.4585533]}, "properties": {"id": 1080211990, "feat_type": "way", "quality_categories": "uncanny_keys", "issue_ids": "[339]", "osm_url": "https://www.openstreetmap.org/way/1080211990", "josm_url": "http://127.0.0.1:8111/load_object?new_layer=false&objects=w1080211990", "id_url": "https://www.openstreetmap.org/edit?editor=id&way=1080211990#map=20/45.4585533/9.2104273"}}, {"type": "Feature", "geometry": {"type": "Point", "coordinates": [9.2077836, 45.4596159]}, "properties": {"id": 1080212756, "feat_type": "way", "quality_categories": "missing_tags, uncanny_keys", "issue_ids": "[340, 10]", "osm_url": "https://www.openstreetmap.org/way/1080212756", "josm_url": "http://127.0.0.1:8111/load_object?new_layer=false&objects=w1080212756", "id_url": "https://www.openstreetmap.org/edit?editor=id&way=1080212756#map=20/45.4596159/9.2077836"}}, {"type": "Feature", "geometry": {"type": "Point", "coordinates": [9.2143555, 45.4598701]}, "properties": {"id": 1080214275, "feat_type": "way", "quality_categories": "uncanny_keys", "issue_ids": "[341]", "osm_url": "https://www.openstreetmap.org/way/1080214275", "josm_url": "http://127.0.0.1:8111/load_object?new_layer=false&objects=w1080214275", "id_url": "https://www.openstreetmap.org/edit?editor=id&way=1080214275#map=20/45.4598701/9.2143555"}}, {"type": "Feature", "geometry": {"type": "Point", "coordinates": [9.2141781, 45.4604882]}, "properties": {"id": 1080216143, "feat_type": "way", "quality_categories": "uncanny_keys", "issue_ids": "[341]", "osm_url": "https://www.openstreetmap.org/way/1080216143", "josm_url": "http://127.0.0.1:8111/load_object?new_layer=false&objects=w1080216143", "id_url": "https://www.openstreetmap.org/edit?editor=id&way=1080216143#map=20/45.4604882/9.2141781"}}, {"type": "Feature", "geometry": {"type": "Point", "coordinates": [9.2147172, 45.4615305]}, "properties": {"id": 1080217354, "feat_type": "way", "quality_categories": "uncanny_keys", "issue_ids": "[342]", "osm_url": "https://www.openstreetmap.org/way/1080217354", "josm_url": "http://127.0.0.1:8111/load_object?new_layer=false&objects=w1080217354", "id_url": "https://www.openstreetmap.org/edit?editor=id&way=1080217354#map=20/45.4615305/9.2147172"}}, {"type": "Feature", "geometry": {"type": "Point", "coordinates": [9.2126483, 45.4572081]}, "properties": {"id": 1080219519, "feat_type": "way", "quality_categories": "uncanny_keys", "issue_ids": "[337]", "osm_url": "https://www.openstreetmap.org/way/1080219519", "josm_url": "http://127.0.0.1:8111/load_object?new_layer=false&objects=w1080219519", "id_url": "https://www.openstreetmap.org/edit?editor=id&way=1080219519#map=20/45.4572081/9.2126483"}}, {"type": "Feature", "geometry": {"type": "Point", "coordinates": [9.2148795, 45.4627155]}, "properties": {"id": 1080236570, "feat_type": "way", "quality_categories": "uncanny_keys", "issue_ids": "[343]", "osm_url": "https://www.openstreetmap.org/way/1080236570", "josm_url": "http://127.0.0.1:8111/load_object?new_layer=false&objects=w1080236570", "id_url": "https://www.openstreetmap.org/edit?editor=id&way=1080236570#map=20/45.4627155/9.2148795"}}, {"type": "Feature", "geometry": {"type": "Point", "coordinates": [9.2145497, 45.4627155]}, "properties": {"id": 1080236572, "feat_type": "way", "quality_categories": "uncanny_keys", "issue_ids": "[343]", "osm_url": "https://www.openstreetmap.org/way/1080236572", "josm_url": "http://127.0.0.1:8111/load_object?new_layer=false&objects=w1080236572", "id_url": "https://www.openstreetmap.org/edit?editor=id&way=1080236572#map=20/45.4627155/9.2145497"}}, {"type": "Feature", "geometry": {"type": "Point", "coordinates": [9.214567, 45.4661862]}, "properties": {"id": 1080236824, "feat_type": "way", "quality_categories": "uncanny_keys", "issue_ids": "[344]", "osm_url": "https://www.openstreetmap.org/way/1080236824", "josm_url": "http://127.0.0.1:8111/load_object?new_layer=false&objects=w1080236824", "id_url": "https://www.openstreetmap.org/edit?editor=id&way=1080236824#map=20/45.4661862/9.214567"}}, {"type": "Feature", "geometry": {"type": "Point", "coordinates": [9.2148869, 45.4651573]}, "properties": {"id": 1080236825, "feat_type": "way", "quality_categories": "uncanny_keys", "issue_ids": "[345]", "osm_url": "https://www.openstreetmap.org/way/1080236825", "josm_url": "http://127.0.0.1:8111/load_object?new_layer=false&objects=w1080236825", "id_url": "https://www.openstreetmap.org/edit?editor=id&way=1080236825#map=20/45.4651573/9.2148869"}}, {"type": "Feature", "geometry": {"type": "Point", "coordinates": [9.2148778, 45.4672322]}, "properties": {"id": 1080237451, "feat_type": "way", "quality_categories": "uncanny_keys", "issue_ids": "[346]", "osm_url": "https://www.openstreetmap.org/way/1080237451", "josm_url": "http://127.0.0.1:8111/load_object?new_layer=false&objects=w1080237451", "id_url": "https://www.openstreetmap.org/edit?editor=id&way=1080237451#map=20/45.4672322/9.2148778"}}, {"type": "Feature", "geometry": {"type": "Point", "coordinates": [9.2145897, 45.4688583]}, "properties": {"id": 1080237682, "feat_type": "way", "quality_categories": "missing_tags, uncanny_keys", "issue_ids": "[346, 10]", "osm_url": "https://www.openstreetmap.org/way/1080237682", "josm_url": "http://127.0.0.1:8111/load_object?new_layer=false&objects=w1080237682", "id_url": "https://www.openstreetmap.org/edit?editor=id&way=1080237682#map=20/45.4688583/9.2145897"}}, {"type": "Feature", "geometry": {"type": "Point", "coordinates": [9.2154006, 45.4708857]}, "properties": {"id": 1080238246, "feat_type": "way", "quality_categories": "uncanny_keys", "issue_ids": "[347]", "osm_url": "https://www.openstreetmap.org/way/1080238246", "josm_url": "http://127.0.0.1:8111/load_object?new_layer=false&objects=w1080238246", "id_url": "https://www.openstreetmap.org/edit?editor=id&way=1080238246#map=20/45.4708857/9.2154006"}}, {"type": "Feature", "geometry": {"type": "Point", "coordinates": [9.2148861, 45.470475]}, "properties": {"id": 1080238248, "feat_type": "way", "quality_categories": "uncanny_keys", "issue_ids": "[348]", "osm_url": "https://www.openstreetmap.org/way/1080238248", "josm_url": "http://127.0.0.1:8111/load_object?new_layer=false&objects=w1080238248", "id_url": "https://www.openstreetmap.org/edit?editor=id&way=1080238248#map=20/45.470475/9.2148861"}}, {"type": "Feature", "geometry": {"type": "Point", "coordinates": [9.2145983, 45.4710478]}, "properties": {"id": 1080238411, "feat_type": "way", "quality_categories": "uncanny_keys", "issue_ids": "[347]", "osm_url": "https://www.openstreetmap.org/way/1080238411", "josm_url": "http://127.0.0.1:8111/load_object?new_layer=false&objects=w1080238411", "id_url": "https://www.openstreetmap.org/edit?editor=id&way=1080238411#map=20/45.4710478/9.2145983"}}, {"type": "Feature", "geometry": {"type": "Point", "coordinates": [9.2165774, 45.4810759]}, "properties": {"id": 1080251369, "feat_type": "way", "quality_categories": "uncanny_keys", "issue_ids": "[349]", "osm_url": "https://www.openstreetmap.org/way/1080251369", "josm_url": "http://127.0.0.1:8111/load_object?new_layer=false&objects=w1080251369", "id_url": "https://www.openstreetmap.org/edit?editor=id&way=1080251369#map=20/45.4810759/9.2165774"}}, {"type": "Feature", "geometry": {"type": "Point", "coordinates": [9.216328, 45.4821825]}, "properties": {"id": 1080252058, "feat_type": "way", "quality_categories": "uncanny_keys", "issue_ids": "[350]", "osm_url": "https://www.openstreetmap.org/way/1080252058", "josm_url": "http://127.0.0.1:8111/load_object?new_layer=false&objects=w1080252058", "id_url": "https://www.openstreetmap.org/edit?editor=id&way=1080252058#map=20/45.4821825/9.216328"}}, {"type": "Feature", "geometry": {"type": "Point", "coordinates": [9.1666084, 45.4806686]}, "properties": {"id": 1080270620, "feat_type": "way", "quality_categories": "uncanny_keys", "issue_ids": "[351]", "osm_url": "https://www.openstreetmap.org/way/1080270620", "josm_url": "http://127.0.0.1:8111/load_object?new_layer=false&objects=w1080270620", "id_url": "https://www.openstreetmap.org/edit?editor=id&way=1080270620#map=20/45.4806686/9.1666084"}}, {"type": "Feature", "geometry": {"type": "Point", "coordinates": [9.1655981, 45.4804473]}, "properties": {"id": 1080272175, "feat_type": "way", "quality_categories": "missing_tags, uncanny_keys", "issue_ids": "[97, 10]", "osm_url": "https://www.openstreetmap.org/way/1080272175", "josm_url": "http://127.0.0.1:8111/load_object?new_layer=false&objects=w1080272175", "id_url": "https://www.openstreetmap.org/edit?editor=id&way=1080272175#map=20/45.4804473/9.1655981"}}, {"type": "Feature", "geometry": {"type": "Point", "coordinates": [9.1678683, 45.4817197]}, "properties": {"id": 1080275020, "feat_type": "way", "quality_categories": "uncanny_keys", "issue_ids": "[352]", "osm_url": "https://www.openstreetmap.org/way/1080275020", "josm_url": "http://127.0.0.1:8111/load_object?new_layer=false&objects=w1080275020", "id_url": "https://www.openstreetmap.org/edit?editor=id&way=1080275020#map=20/45.4817197/9.1678683"}}, {"type": "Feature", "geometry": {"type": "Point", "coordinates": [9.1451685, 45.4669783]}, "properties": {"id": 1080493592, "feat_type": "way", "quality_categories": "uncanny_keys", "issue_ids": "[353]", "osm_url": "https://www.openstreetmap.org/way/1080493592", "josm_url": "http://127.0.0.1:8111/load_object?new_layer=false&objects=w1080493592", "id_url": "https://www.openstreetmap.org/edit?editor=id&way=1080493592#map=20/45.4669783/9.1451685"}}, {"type": "Feature", "geometry": {"type": "Point", "coordinates": [9.1625814, 45.4482704]}, "properties": {"id": 1080504100, "feat_type": "way", "quality_categories": "uncanny_keys", "issue_ids": "[354]", "osm_url": "https://www.openstreetmap.org/way/1080504100", "josm_url": "http://127.0.0.1:8111/load_object?new_layer=false&objects=w1080504100", "id_url": "https://www.openstreetmap.org/edit?editor=id&way=1080504100#map=20/45.4482704/9.1625814"}}, {"type": "Feature", "geometry": {"type": "Point", "coordinates": [9.1636461, 45.4447242]}, "properties": {"id": 1080504749, "feat_type": "way", "quality_categories": "uncanny_keys", "issue_ids": "[355]", "osm_url": "https://www.openstreetmap.org/way/1080504749", "josm_url": "http://127.0.0.1:8111/load_object?new_layer=false&objects=w1080504749", "id_url": "https://www.openstreetmap.org/edit?editor=id&way=1080504749#map=20/45.4447242/9.1636461"}}, {"type": "Feature", "geometry": {"type": "Point", "coordinates": [9.1525581, 45.4554798]}, "properties": {"id": 1080531320, "feat_type": "way", "quality_categories": "uncanny_keys", "issue_ids": "[356]", "osm_url": "https://www.openstreetmap.org/way/1080531320", "josm_url": "http://127.0.0.1:8111/load_object?new_layer=false&objects=w1080531320", "id_url": "https://www.openstreetmap.org/edit?editor=id&way=1080531320#map=20/45.4554798/9.1525581"}}, {"type": "Feature", "geometry": {"type": "Point", "coordinates": [9.152787, 45.4548267]}, "properties": {"id": 1080531667, "feat_type": "way", "quality_categories": "uncanny_keys", "issue_ids": "[357]", "osm_url": "https://www.openstreetmap.org/way/1080531667", "josm_url": "http://127.0.0.1:8111/load_object?new_layer=false&objects=w1080531667", "id_url": "https://www.openstreetmap.org/edit?editor=id&way=1080531667#map=20/45.4548267/9.152787"}}, {"type": "Feature", "geometry": {"type": "Point", "coordinates": [9.1542754, 45.4522907]}, "properties": {"id": 1080537872, "feat_type": "way", "quality_categories": "uncanny_keys", "issue_ids": "[358]", "osm_url": "https://www.openstreetmap.org/way/1080537872", "josm_url": "http://127.0.0.1:8111/load_object?new_layer=false&objects=w1080537872", "id_url": "https://www.openstreetmap.org/edit?editor=id&way=1080537872#map=20/45.4522907/9.1542754"}}, {"type": "Feature", "geometry": {"type": "Point", "coordinates": [9.1541998, 45.452659]}, "properties": {"id": 1080537873, "feat_type": "way", "quality_categories": "uncanny_keys", "issue_ids": "[359]", "osm_url": "https://www.openstreetmap.org/way/1080537873", "josm_url": "http://127.0.0.1:8111/load_object?new_layer=false&objects=w1080537873", "id_url": "https://www.openstreetmap.org/edit?editor=id&way=1080537873#map=20/45.452659/9.1541998"}}, {"type": "Feature", "geometry": {"type": "Point", "coordinates": [9.1579115, 45.44816]}, "properties": {"id": 1087469377, "feat_type": "way", "quality_categories": "uncanny_keys", "issue_ids": "[360]", "osm_url": "https://www.openstreetmap.org/way/1087469377", "josm_url": "http://127.0.0.1:8111/load_object?new_layer=false&objects=w1087469377", "id_url": "https://www.openstreetmap.org/edit?editor=id&way=1087469377#map=20/45.44816/9.1579115"}}, {"type": "Feature", "geometry": {"type": "Point", "coordinates": [9.1198241, 45.5174105]}, "properties": {"id": 1088109804, "feat_type": "way", "quality_categories": "uncanny_keys", "issue_ids": "[361]", "osm_url": "https://www.openstreetmap.org/way/1088109804", "josm_url": "http://127.0.0.1:8111/load_object?new_layer=false&objects=w1088109804", "id_url": "https://www.openstreetmap.org/edit?editor=id&way=1088109804#map=20/45.5174105/9.1198241"}}, {"type": "Feature", "geometry": {"type": "Point", "coordinates": [9.1197857, 45.5173615]}, "properties": {"id": 1088109805, "feat_type": "way", "quality_categories": "uncanny_keys", "issue_ids": "[361]", "osm_url": "https://www.openstreetmap.org/way/1088109805", "josm_url": "http://127.0.0.1:8111/load_object?new_layer=false&objects=w1088109805", "id_url": "https://www.openstreetmap.org/edit?editor=id&way=1088109805#map=20/45.5173615/9.1197857"}}, {"type": "Feature", "geometry": {"type": "Point", "coordinates": [9.1838928, 45.4447798]}, "properties": {"id": 1088397821, "feat_type": "way", "quality_categories": "uncanny_keys", "issue_ids": "[362]", "osm_url": "https://www.openstreetmap.org/way/1088397821", "josm_url": "http://127.0.0.1:8111/load_object?new_layer=false&objects=w1088397821", "id_url": "https://www.openstreetmap.org/edit?editor=id&way=1088397821#map=20/45.4447798/9.1838928"}}, {"type": "Feature", "geometry": {"type": "Point", "coordinates": [9.1783047, 45.4437428]}, "properties": {"id": 1088407970, "feat_type": "way", "quality_categories": "missing_tags, uncanny_keys", "issue_ids": "[154, 10]", "osm_url": "https://www.openstreetmap.org/way/1088407970", "josm_url": "http://127.0.0.1:8111/load_object?new_layer=false&objects=w1088407970", "id_url": "https://www.openstreetmap.org/edit?editor=id&way=1088407970#map=20/45.4437428/9.1783047"}}, {"type": "Feature", "geometry": {"type": "Point", "coordinates": [9.1639354, 45.4457499]}, "properties": {"id": 1088492021, "feat_type": "way", "quality_categories": "uncanny_keys", "issue_ids": "[363]", "osm_url": "https://www.openstreetmap.org/way/1088492021", "josm_url": "http://127.0.0.1:8111/load_object?new_layer=false&objects=w1088492021", "id_url": "https://www.openstreetmap.org/edit?editor=id&way=1088492021#map=20/45.4457499/9.1639354"}}, {"type": "Feature", "geometry": {"type": "Point", "coordinates": [9.161775, 45.4458608]}, "properties": {"id": 1088492081, "feat_type": "way", "quality_categories": "uncanny_keys", "issue_ids": "[364]", "osm_url": "https://www.openstreetmap.org/way/1088492081", "josm_url": "http://127.0.0.1:8111/load_object?new_layer=false&objects=w1088492081", "id_url": "https://www.openstreetmap.org/edit?editor=id&way=1088492081#map=20/45.4458608/9.161775"}}, {"type": "Feature", "geometry": {"type": "Point", "coordinates": [9.1622827, 45.4450235]}, "properties": {"id": 1088492288, "feat_type": "way", "quality_categories": "uncanny_keys", "issue_ids": "[365]", "osm_url": "https://www.openstreetmap.org/way/1088492288", "josm_url": "http://127.0.0.1:8111/load_object?new_layer=false&objects=w1088492288", "id_url": "https://www.openstreetmap.org/edit?editor=id&way=1088492288#map=20/45.4450235/9.1622827"}}, {"type": "Feature", "geometry": {"type": "Point", "coordinates": [9.1760491, 45.4447648]}, "properties": {"id": 1088751246, "feat_type": "way", "quality_categories": "missing_tags, uncanny_keys", "issue_ids": "[366, 10]", "osm_url": "https://www.openstreetmap.org/way/1088751246", "josm_url": "http://127.0.0.1:8111/load_object?new_layer=false&objects=w1088751246", "id_url": "https://www.openstreetmap.org/edit?editor=id&way=1088751246#map=20/45.4447648/9.1760491"}}, {"type": "Feature", "geometry": {"type": "Point", "coordinates": [9.1672853, 45.4437352]}, "properties": {"id": 1088754365, "feat_type": "way", "quality_categories": "uncanny_keys", "issue_ids": "[133]", "osm_url": "https://www.openstreetmap.org/way/1088754365", "josm_url": "http://127.0.0.1:8111/load_object?new_layer=false&objects=w1088754365", "id_url": "https://www.openstreetmap.org/edit?editor=id&way=1088754365#map=20/45.4437352/9.1672853"}}, {"type": "Feature", "geometry": {"type": "Point", "coordinates": [9.1623926, 45.4443915]}, "properties": {"id": 1088766589, "feat_type": "way", "quality_categories": "uncanny_keys", "issue_ids": "[365]", "osm_url": "https://www.openstreetmap.org/way/1088766589", "josm_url": "http://127.0.0.1:8111/load_object?new_layer=false&objects=w1088766589", "id_url": "https://www.openstreetmap.org/edit?editor=id&way=1088766589#map=20/45.4443915/9.1623926"}}, {"type": "Feature", "geometry": {"type": "Point", "coordinates": [9.1588384, 45.4482393]}, "properties": {"id": 1088772241, "feat_type": "way", "quality_categories": "uncanny_keys", "issue_ids": "[360]", "osm_url": "https://www.openstreetmap.org/way/1088772241", "josm_url": "http://127.0.0.1:8111/load_object?new_layer=false&objects=w1088772241", "id_url": "https://www.openstreetmap.org/edit?editor=id&way=1088772241#map=20/45.4482393/9.1588384"}}, {"type": "Feature", "geometry": {"type": "Point", "coordinates": [9.1681342, 45.4506819]}, "properties": {"id": 1088801809, "feat_type": "way", "quality_categories": "uncanny_keys", "issue_ids": "[367]", "osm_url": "https://www.openstreetmap.org/way/1088801809", "josm_url": "http://127.0.0.1:8111/load_object?new_layer=false&objects=w1088801809", "id_url": "https://www.openstreetmap.org/edit?editor=id&way=1088801809#map=20/45.4506819/9.1681342"}}, {"type": "Feature", "geometry": {"type": "Point", "coordinates": [9.168644, 45.4508875]}, "properties": {"id": 1088802519, "feat_type": "way", "quality_categories": "uncanny_keys", "issue_ids": "[367]", "osm_url": "https://www.openstreetmap.org/way/1088802519", "josm_url": "http://127.0.0.1:8111/load_object?new_layer=false&objects=w1088802519", "id_url": "https://www.openstreetmap.org/edit?editor=id&way=1088802519#map=20/45.4508875/9.168644"}}, {"type": "Feature", "geometry": {"type": "Point", "coordinates": [9.1405016, 45.4444574]}, "properties": {"id": 1088851912, "feat_type": "way", "quality_categories": "uncanny_keys", "issue_ids": "[368]", "osm_url": "https://www.openstreetmap.org/way/1088851912", "josm_url": "http://127.0.0.1:8111/load_object?new_layer=false&objects=w1088851912", "id_url": "https://www.openstreetmap.org/edit?editor=id&way=1088851912#map=20/45.4444574/9.1405016"}}, {"type": "Feature", "geometry": {"type": "Point", "coordinates": [9.1472669, 45.478676]}, "properties": {"id": 1089029340, "feat_type": "way", "quality_categories": "uncanny_keys", "issue_ids": "[369]", "osm_url": "https://www.openstreetmap.org/way/1089029340", "josm_url": "http://127.0.0.1:8111/load_object?new_layer=false&objects=w1089029340", "id_url": "https://www.openstreetmap.org/edit?editor=id&way=1089029340#map=20/45.478676/9.1472669"}}, {"type": "Feature", "geometry": {"type": "Point", "coordinates": [9.1440063, 45.4788527]}, "properties": {"id": 1089032301, "feat_type": "way", "quality_categories": "uncanny_keys", "issue_ids": "[370]", "osm_url": "https://www.openstreetmap.org/way/1089032301", "josm_url": "http://127.0.0.1:8111/load_object?new_layer=false&objects=w1089032301", "id_url": "https://www.openstreetmap.org/edit?editor=id&way=1089032301#map=20/45.4788527/9.1440063"}}, {"type": "Feature", "geometry": {"type": "Point", "coordinates": [9.1442819, 45.4788751]}, "properties": {"id": 1089032373, "feat_type": "way", "quality_categories": "uncanny_keys", "issue_ids": "[370]", "osm_url": "https://www.openstreetmap.org/way/1089032373", "josm_url": "http://127.0.0.1:8111/load_object?new_layer=false&objects=w1089032373", "id_url": "https://www.openstreetmap.org/edit?editor=id&way=1089032373#map=20/45.4788751/9.1442819"}}, {"type": "Feature", "geometry": {"type": "Point", "coordinates": [9.1464318, 45.4809199]}, "properties": {"id": 1089081348, "feat_type": "way", "quality_categories": "uncanny_keys", "issue_ids": "[333]", "osm_url": "https://www.openstreetmap.org/way/1089081348", "josm_url": "http://127.0.0.1:8111/load_object?new_layer=false&objects=w1089081348", "id_url": "https://www.openstreetmap.org/edit?editor=id&way=1089081348#map=20/45.4809199/9.1464318"}}, {"type": "Feature", "geometry": {"type": "Point", "coordinates": [9.144533, 45.4823576]}, "properties": {"id": 1089081569, "feat_type": "way", "quality_categories": "uncanny_keys", "issue_ids": "[371]", "osm_url": "https://www.openstreetmap.org/way/1089081569", "josm_url": "http://127.0.0.1:8111/load_object?new_layer=false&objects=w1089081569", "id_url": "https://www.openstreetmap.org/edit?editor=id&way=1089081569#map=20/45.4823576/9.144533"}}, {"type": "Feature", "geometry": {"type": "Point", "coordinates": [9.1438797, 45.4825805]}, "properties": {"id": 1089081947, "feat_type": "way", "quality_categories": "uncanny_keys", "issue_ids": "[372]", "osm_url": "https://www.openstreetmap.org/way/1089081947", "josm_url": "http://127.0.0.1:8111/load_object?new_layer=false&objects=w1089081947", "id_url": "https://www.openstreetmap.org/edit?editor=id&way=1089081947#map=20/45.4825805/9.1438797"}}, {"type": "Feature", "geometry": {"type": "Point", "coordinates": [9.1921896, 45.491764]}, "properties": {"id": 1089410895, "feat_type": "way", "quality_categories": "uncanny_keys", "issue_ids": "[61]", "osm_url": "https://www.openstreetmap.org/way/1089410895", "josm_url": "http://127.0.0.1:8111/load_object?new_layer=false&objects=w1089410895", "id_url": "https://www.openstreetmap.org/edit?editor=id&way=1089410895#map=20/45.491764/9.1921896"}}, {"type": "Feature", "geometry": {"type": "Point", "coordinates": [9.1929976, 45.4921816]}, "properties": {"id": 1089411246, "feat_type": "way", "quality_categories": "uncanny_keys", "issue_ids": "[81]", "osm_url": "https://www.openstreetmap.org/way/1089411246", "josm_url": "http://127.0.0.1:8111/load_object?new_layer=false&objects=w1089411246", "id_url": "https://www.openstreetmap.org/edit?editor=id&way=1089411246#map=20/45.4921816/9.1929976"}}, {"type": "Feature", "geometry": {"type": "Point", "coordinates": [9.193213, 45.4939585]}, "properties": {"id": 1089422349, "feat_type": "way", "quality_categories": "uncanny_keys", "issue_ids": "[61]", "osm_url": "https://www.openstreetmap.org/way/1089422349", "josm_url": "http://127.0.0.1:8111/load_object?new_layer=false&objects=w1089422349", "id_url": "https://www.openstreetmap.org/edit?editor=id&way=1089422349#map=20/45.4939585/9.193213"}}, {"type": "Feature", "geometry": {"type": "Point", "coordinates": [9.1905778, 45.4894802]}, "properties": {"id": 1089428746, "feat_type": "way", "quality_categories": "uncanny_keys", "issue_ids": "[373]", "osm_url": "https://www.openstreetmap.org/way/1089428746", "josm_url": "http://127.0.0.1:8111/load_object?new_layer=false&objects=w1089428746", "id_url": "https://www.openstreetmap.org/edit?editor=id&way=1089428746#map=20/45.4894802/9.1905778"}}, {"type": "Feature", "geometry": {"type": "Point", "coordinates": [9.1899426, 45.4900858]}, "properties": {"id": 1089428781, "feat_type": "way", "quality_categories": "uncanny_keys", "issue_ids": "[374]", "osm_url": "https://www.openstreetmap.org/way/1089428781", "josm_url": "http://127.0.0.1:8111/load_object?new_layer=false&objects=w1089428781", "id_url": "https://www.openstreetmap.org/edit?editor=id&way=1089428781#map=20/45.4900858/9.1899426"}}, {"type": "Feature", "geometry": {"type": "Point", "coordinates": [9.1862649, 45.4892434]}, "properties": {"id": 1089430635, "feat_type": "way", "quality_categories": "uncanny_keys", "issue_ids": "[375]", "osm_url": "https://www.openstreetmap.org/way/1089430635", "josm_url": "http://127.0.0.1:8111/load_object?new_layer=false&objects=w1089430635", "id_url": "https://www.openstreetmap.org/edit?editor=id&way=1089430635#map=20/45.4892434/9.1862649"}}, {"type": "Feature", "geometry": {"type": "Point", "coordinates": [9.1870306, 45.4890814]}, "properties": {"id": 1089430737, "feat_type": "way", "quality_categories": "uncanny_keys", "issue_ids": "[375]", "osm_url": "https://www.openstreetmap.org/way/1089430737", "josm_url": "http://127.0.0.1:8111/load_object?new_layer=false&objects=w1089430737", "id_url": "https://www.openstreetmap.org/edit?editor=id&way=1089430737#map=20/45.4890814/9.1870306"}}, {"type": "Feature", "geometry": {"type": "Point", "coordinates": [9.1947722, 45.4886309]}, "properties": {"id": 1089431616, "feat_type": "way", "quality_categories": "uncanny_keys", "issue_ids": "[376]", "osm_url": "https://www.openstreetmap.org/way/1089431616", "josm_url": "http://127.0.0.1:8111/load_object?new_layer=false&objects=w1089431616", "id_url": "https://www.openstreetmap.org/edit?editor=id&way=1089431616#map=20/45.4886309/9.1947722"}}, {"type": "Feature", "geometry": {"type": "Point", "coordinates": [9.1994698, 45.4861689]}, "properties": {"id": 1089433947, "feat_type": "way", "quality_categories": "uncanny_keys", "issue_ids": "[377]", "osm_url": "https://www.openstreetmap.org/way/1089433947", "josm_url": "http://127.0.0.1:8111/load_object?new_layer=false&objects=w1089433947", "id_url": "https://www.openstreetmap.org/edit?editor=id&way=1089433947#map=20/45.4861689/9.1994698"}}, {"type": "Feature", "geometry": {"type": "Point", "coordinates": [9.1998967, 45.4861523]}, "properties": {"id": 1089434067, "feat_type": "way", "quality_categories": "uncanny_keys", "issue_ids": "[378]", "osm_url": "https://www.openstreetmap.org/way/1089434067", "josm_url": "http://127.0.0.1:8111/load_object?new_layer=false&objects=w1089434067", "id_url": "https://www.openstreetmap.org/edit?editor=id&way=1089434067#map=20/45.4861523/9.1998967"}}, {"type": "Feature", "geometry": {"type": "Point", "coordinates": [9.1995488, 45.4833557]}, "properties": {"id": 1089439943, "feat_type": "way", "quality_categories": "missing_tags, uncanny_keys", "issue_ids": "[379, 10]", "osm_url": "https://www.openstreetmap.org/way/1089439943", "josm_url": "http://127.0.0.1:8111/load_object?new_layer=false&objects=w1089439943", "id_url": "https://www.openstreetmap.org/edit?editor=id&way=1089439943#map=20/45.4833557/9.1995488"}}, {"type": "Feature", "geometry": {"type": "Point", "coordinates": [9.2001406, 45.4842584]}, "properties": {"id": 1089439945, "feat_type": "way", "quality_categories": "uncanny_keys", "issue_ids": "[380]", "osm_url": "https://www.openstreetmap.org/way/1089439945", "josm_url": "http://127.0.0.1:8111/load_object?new_layer=false&objects=w1089439945", "id_url": "https://www.openstreetmap.org/edit?editor=id&way=1089439945#map=20/45.4842584/9.2001406"}}, {"type": "Feature", "geometry": {"type": "Point", "coordinates": [9.2101602, 45.4797344]}, "properties": {"id": 1089449443, "feat_type": "way", "quality_categories": "uncanny_keys", "issue_ids": "[381]", "osm_url": "https://www.openstreetmap.org/way/1089449443", "josm_url": "http://127.0.0.1:8111/load_object?new_layer=false&objects=w1089449443", "id_url": "https://www.openstreetmap.org/edit?editor=id&way=1089449443#map=20/45.4797344/9.2101602"}}, {"type": "Feature", "geometry": {"type": "Point", "coordinates": [9.2175012, 45.4685419]}, "properties": {"id": 1089468529, "feat_type": "way", "quality_categories": "missing_tags, uncanny_keys", "issue_ids": "[382, 10]", "osm_url": "https://www.openstreetmap.org/way/1089468529", "josm_url": "http://127.0.0.1:8111/load_object?new_layer=false&objects=w1089468529", "id_url": "https://www.openstreetmap.org/edit?editor=id&way=1089468529#map=20/45.4685419/9.2175012"}}, {"type": "Feature", "geometry": {"type": "Point", "coordinates": [9.2207369, 45.4576104]}, "properties": {"id": 1090139141, "feat_type": "way", "quality_categories": "uncanny_keys", "issue_ids": "[383]", "osm_url": "https://www.openstreetmap.org/way/1090139141", "josm_url": "http://127.0.0.1:8111/load_object?new_layer=false&objects=w1090139141", "id_url": "https://www.openstreetmap.org/edit?editor=id&way=1090139141#map=20/45.4576104/9.2207369"}}, {"type": "Feature", "geometry": {"type": "Point", "coordinates": [9.22122, 45.455811]}, "properties": {"id": 1090140091, "feat_type": "way", "quality_categories": "uncanny_keys", "issue_ids": "[384]", "osm_url": "https://www.openstreetmap.org/way/1090140091", "josm_url": "http://127.0.0.1:8111/load_object?new_layer=false&objects=w1090140091", "id_url": "https://www.openstreetmap.org/edit?editor=id&way=1090140091#map=20/45.455811/9.22122"}}, {"type": "Feature", "geometry": {"type": "Point", "coordinates": [9.2223291, 45.456773]}, "properties": {"id": 1090140486, "feat_type": "way", "quality_categories": "uncanny_keys", "issue_ids": "[178]", "osm_url": "https://www.openstreetmap.org/way/1090140486", "josm_url": "http://127.0.0.1:8111/load_object?new_layer=false&objects=w1090140486", "id_url": "https://www.openstreetmap.org/edit?editor=id&way=1090140486#map=20/45.456773/9.2223291"}}, {"type": "Feature", "geometry": {"type": "Point", "coordinates": [9.219216, 45.4540273]}, "properties": {"id": 1090141299, "feat_type": "way", "quality_categories": "uncanny_keys", "issue_ids": "[385]", "osm_url": "https://www.openstreetmap.org/way/1090141299", "josm_url": "http://127.0.0.1:8111/load_object?new_layer=false&objects=w1090141299", "id_url": "https://www.openstreetmap.org/edit?editor=id&way=1090141299#map=20/45.4540273/9.219216"}}, {"type": "Feature", "geometry": {"type": "Point", "coordinates": [9.2176663, 45.4548618]}, "properties": {"id": 1090142313, "feat_type": "way", "quality_categories": "missing_tags, uncanny_keys", "issue_ids": "[385, 10]", "osm_url": "https://www.openstreetmap.org/way/1090142313", "josm_url": "http://127.0.0.1:8111/load_object?new_layer=false&objects=w1090142313", "id_url": "https://www.openstreetmap.org/edit?editor=id&way=1090142313#map=20/45.4548618/9.2176663"}}, {"type": "Feature", "geometry": {"type": "Point", "coordinates": [9.221693, 45.4531138]}, "properties": {"id": 1090142632, "feat_type": "way", "quality_categories": "uncanny_keys", "issue_ids": "[386]", "osm_url": "https://www.openstreetmap.org/way/1090142632", "josm_url": "http://127.0.0.1:8111/load_object?new_layer=false&objects=w1090142632", "id_url": "https://www.openstreetmap.org/edit?editor=id&way=1090142632#map=20/45.4531138/9.221693"}}, {"type": "Feature", "geometry": {"type": "Point", "coordinates": [9.2202967, 45.4523303]}, "properties": {"id": 1090143335, "feat_type": "way", "quality_categories": "uncanny_keys", "issue_ids": "[386]", "osm_url": "https://www.openstreetmap.org/way/1090143335", "josm_url": "http://127.0.0.1:8111/load_object?new_layer=false&objects=w1090143335", "id_url": "https://www.openstreetmap.org/edit?editor=id&way=1090143335#map=20/45.4523303/9.2202967"}}, {"type": "Feature", "geometry": {"type": "Point", "coordinates": [9.2216771, 45.4504251]}, "properties": {"id": 1090144547, "feat_type": "way", "quality_categories": "missing_tags, uncanny_keys", "issue_ids": "[387, 10]", "osm_url": "https://www.openstreetmap.org/way/1090144547", "josm_url": "http://127.0.0.1:8111/load_object?new_layer=false&objects=w1090144547", "id_url": "https://www.openstreetmap.org/edit?editor=id&way=1090144547#map=20/45.4504251/9.2216771"}}, {"type": "Feature", "geometry": {"type": "Point", "coordinates": [9.2198, 45.4498488]}, "properties": {"id": 1090144579, "feat_type": "way", "quality_categories": "uncanny_keys", "issue_ids": "[387]", "osm_url": "https://www.openstreetmap.org/way/1090144579", "josm_url": "http://127.0.0.1:8111/load_object?new_layer=false&objects=w1090144579", "id_url": "https://www.openstreetmap.org/edit?editor=id&way=1090144579#map=20/45.4498488/9.2198"}}, {"type": "Feature", "geometry": {"type": "Point", "coordinates": [9.2153862, 45.4500986]}, "properties": {"id": 1090146393, "feat_type": "way", "quality_categories": "uncanny_keys", "issue_ids": "[388]", "osm_url": "https://www.openstreetmap.org/way/1090146393", "josm_url": "http://127.0.0.1:8111/load_object?new_layer=false&objects=w1090146393", "id_url": "https://www.openstreetmap.org/edit?editor=id&way=1090146393#map=20/45.4500986/9.2153862"}}, {"type": "Feature", "geometry": {"type": "Point", "coordinates": [9.2182308, 45.4495933]}, "properties": {"id": 1090148211, "feat_type": "way", "quality_categories": "uncanny_keys", "issue_ids": "[389]", "osm_url": "https://www.openstreetmap.org/way/1090148211", "josm_url": "http://127.0.0.1:8111/load_object?new_layer=false&objects=w1090148211", "id_url": "https://www.openstreetmap.org/edit?editor=id&way=1090148211#map=20/45.4495933/9.2182308"}}, {"type": "Feature", "geometry": {"type": "Point", "coordinates": [9.2230631, 45.4441109]}, "properties": {"id": 1090158707, "feat_type": "way", "quality_categories": "missing_tags, uncanny_keys", "issue_ids": "[390, 10]", "osm_url": "https://www.openstreetmap.org/way/1090158707", "josm_url": "http://127.0.0.1:8111/load_object?new_layer=false&objects=w1090158707", "id_url": "https://www.openstreetmap.org/edit?editor=id&way=1090158707#map=20/45.4441109/9.2230631"}}, {"type": "Feature", "geometry": {"type": "Point", "coordinates": [9.2244807, 45.4434917]}, "properties": {"id": 1090165463, "feat_type": "way", "quality_categories": "missing_tags, uncanny_keys", "issue_ids": "[390, 10]", "osm_url": "https://www.openstreetmap.org/way/1090165463", "josm_url": "http://127.0.0.1:8111/load_object?new_layer=false&objects=w1090165463", "id_url": "https://www.openstreetmap.org/edit?editor=id&way=1090165463#map=20/45.4434917/9.2244807"}}, {"type": "Feature", "geometry": {"type": "Point", "coordinates": [9.224321, 45.4385403]}, "properties": {"id": 1090177890, "feat_type": "way", "quality_categories": "missing_tags, uncanny_keys", "issue_ids": "[391, 10]", "osm_url": "https://www.openstreetmap.org/way/1090177890", "josm_url": "http://127.0.0.1:8111/load_object?new_layer=false&objects=w1090177890", "id_url": "https://www.openstreetmap.org/edit?editor=id&way=1090177890#map=20/45.4385403/9.224321"}}, {"type": "Feature", "geometry": {"type": "Point", "coordinates": [9.2241019, 45.4387897]}, "properties": {"id": 1090177892, "feat_type": "way", "quality_categories": "missing_tags, uncanny_keys", "issue_ids": "[391, 10]", "osm_url": "https://www.openstreetmap.org/way/1090177892", "josm_url": "http://127.0.0.1:8111/load_object?new_layer=false&objects=w1090177892", "id_url": "https://www.openstreetmap.org/edit?editor=id&way=1090177892#map=20/45.4387897/9.2241019"}}, {"type": "Feature", "geometry": {"type": "Point", "coordinates": [9.2243179, 45.4389139]}, "properties": {"id": 1090178489, "feat_type": "way", "quality_categories": "missing_tags, uncanny_keys", "issue_ids": "[392, 10]", "osm_url": "https://www.openstreetmap.org/way/1090178489", "josm_url": "http://127.0.0.1:8111/load_object?new_layer=false&objects=w1090178489", "id_url": "https://www.openstreetmap.org/edit?editor=id&way=1090178489#map=20/45.4389139/9.2243179"}}, {"type": "Feature", "geometry": {"type": "Point", "coordinates": [9.2233437, 45.437437]}, "properties": {"id": 1090178676, "feat_type": "way", "quality_categories": "uncanny_keys", "issue_ids": "[393]", "osm_url": "https://www.openstreetmap.org/way/1090178676", "josm_url": "http://127.0.0.1:8111/load_object?new_layer=false&objects=w1090178676", "id_url": "https://www.openstreetmap.org/edit?editor=id&way=1090178676#map=20/45.437437/9.2233437"}}, {"type": "Feature", "geometry": {"type": "Point", "coordinates": [9.2245098, 45.4367843]}, "properties": {"id": 1090178922, "feat_type": "way", "quality_categories": "missing_tags, uncanny_keys", "issue_ids": "[393, 10]", "osm_url": "https://www.openstreetmap.org/way/1090178922", "josm_url": "http://127.0.0.1:8111/load_object?new_layer=false&objects=w1090178922", "id_url": "https://www.openstreetmap.org/edit?editor=id&way=1090178922#map=20/45.4367843/9.2245098"}}, {"type": "Feature", "geometry": {"type": "Point", "coordinates": [9.2188105, 45.4356226]}, "properties": {"id": 1090186868, "feat_type": "way", "quality_categories": "missing_tags, uncanny_keys", "issue_ids": "[394, 10]", "osm_url": "https://www.openstreetmap.org/way/1090186868", "josm_url": "http://127.0.0.1:8111/load_object?new_layer=false&objects=w1090186868", "id_url": "https://www.openstreetmap.org/edit?editor=id&way=1090186868#map=20/45.4356226/9.2188105"}}, {"type": "Feature", "geometry": {"type": "Point", "coordinates": [9.2216607, 45.4334553]}, "properties": {"id": 1090186870, "feat_type": "way", "quality_categories": "missing_tags, uncanny_keys", "issue_ids": "[395, 10]", "osm_url": "https://www.openstreetmap.org/way/1090186870", "josm_url": "http://127.0.0.1:8111/load_object?new_layer=false&objects=w1090186870", "id_url": "https://www.openstreetmap.org/edit?editor=id&way=1090186870#map=20/45.4334553/9.2216607"}}, {"type": "Feature", "geometry": {"type": "Point", "coordinates": [9.1753081, 45.4786268]}, "properties": {"id": 1090207213, "feat_type": "way", "quality_categories": "uncanny_keys", "issue_ids": "[396]", "osm_url": "https://www.openstreetmap.org/way/1090207213", "josm_url": "http://127.0.0.1:8111/load_object?new_layer=false&objects=w1090207213", "id_url": "https://www.openstreetmap.org/edit?editor=id&way=1090207213#map=20/45.4786268/9.1753081"}}, {"type": "Feature", "geometry": {"type": "Point", "coordinates": [9.1749197, 45.4786988]}, "properties": {"id": 1090207663, "feat_type": "way", "quality_categories": "uncanny_keys", "issue_ids": "[396]", "osm_url": "https://www.openstreetmap.org/way/1090207663", "josm_url": "http://127.0.0.1:8111/load_object?new_layer=false&objects=w1090207663", "id_url": "https://www.openstreetmap.org/edit?editor=id&way=1090207663#map=20/45.4786988/9.1749197"}}, {"type": "Feature", "geometry": {"type": "Point", "coordinates": [9.2174521, 45.4574362]}, "properties": {"id": 1090230913, "feat_type": "way", "quality_categories": "missing_tags, uncanny_keys", "issue_ids": "[397, 10]", "osm_url": "https://www.openstreetmap.org/way/1090230913", "josm_url": "http://127.0.0.1:8111/load_object?new_layer=false&objects=w1090230913", "id_url": "https://www.openstreetmap.org/edit?editor=id&way=1090230913#map=20/45.4574362/9.2174521"}}, {"type": "Feature", "geometry": {"type": "Point", "coordinates": [9.2170378, 45.4583176]}, "properties": {"id": 1090230915, "feat_type": "way", "quality_categories": "uncanny_keys", "issue_ids": "[398]", "osm_url": "https://www.openstreetmap.org/way/1090230915", "josm_url": "http://127.0.0.1:8111/load_object?new_layer=false&objects=w1090230915", "id_url": "https://www.openstreetmap.org/edit?editor=id&way=1090230915#map=20/45.4583176/9.2170378"}}, {"type": "Feature", "geometry": {"type": "Point", "coordinates": [9.2160778, 45.4586808]}, "properties": {"id": 1090231380, "feat_type": "way", "quality_categories": "missing_tags, uncanny_keys", "issue_ids": "[399, 10]", "osm_url": "https://www.openstreetmap.org/way/1090231380", "josm_url": "http://127.0.0.1:8111/load_object?new_layer=false&objects=w1090231380", "id_url": "https://www.openstreetmap.org/edit?editor=id&way=1090231380#map=20/45.4586808/9.2160778"}}, {"type": "Feature", "geometry": {"type": "Point", "coordinates": [9.2239945, 45.4629934]}, "properties": {"id": 1090237361, "feat_type": "way", "quality_categories": "uncanny_keys", "issue_ids": "[400]", "osm_url": "https://www.openstreetmap.org/way/1090237361", "josm_url": "http://127.0.0.1:8111/load_object?new_layer=false&objects=w1090237361", "id_url": "https://www.openstreetmap.org/edit?editor=id&way=1090237361#map=20/45.4629934/9.2239945"}}, {"type": "Feature", "geometry": {"type": "Point", "coordinates": [9.2219345, 45.4681869]}, "properties": {"id": 1090240426, "feat_type": "way", "quality_categories": "uncanny_keys", "issue_ids": "[401]", "osm_url": "https://www.openstreetmap.org/way/1090240426", "josm_url": "http://127.0.0.1:8111/load_object?new_layer=false&objects=w1090240426", "id_url": "https://www.openstreetmap.org/edit?editor=id&way=1090240426#map=20/45.4681869/9.2219345"}}, {"type": "Feature", "geometry": {"type": "Point", "coordinates": [9.2218695, 45.467862]}, "properties": {"id": 1090241199, "feat_type": "way", "quality_categories": "uncanny_keys", "issue_ids": "[401]", "osm_url": "https://www.openstreetmap.org/way/1090241199", "josm_url": "http://127.0.0.1:8111/load_object?new_layer=false&objects=w1090241199", "id_url": "https://www.openstreetmap.org/edit?editor=id&way=1090241199#map=20/45.467862/9.2218695"}}, {"type": "Feature", "geometry": {"type": "Point", "coordinates": [9.2243676, 45.4674979]}, "properties": {"id": 1090242227, "feat_type": "way", "quality_categories": "uncanny_keys", "issue_ids": "[402]", "osm_url": "https://www.openstreetmap.org/way/1090242227", "josm_url": "http://127.0.0.1:8111/load_object?new_layer=false&objects=w1090242227", "id_url": "https://www.openstreetmap.org/edit?editor=id&way=1090242227#map=20/45.4674979/9.2243676"}}, {"type": "Feature", "geometry": {"type": "Point", "coordinates": [9.2272892, 45.467693]}, "properties": {"id": 1090242845, "feat_type": "way", "quality_categories": "uncanny_keys", "issue_ids": "[403]", "osm_url": "https://www.openstreetmap.org/way/1090242845", "josm_url": "http://127.0.0.1:8111/load_object?new_layer=false&objects=w1090242845", "id_url": "https://www.openstreetmap.org/edit?editor=id&way=1090242845#map=20/45.467693/9.2272892"}}, {"type": "Feature", "geometry": {"type": "Point", "coordinates": [9.2330194, 45.4679533]}, "properties": {"id": 1090243298, "feat_type": "way", "quality_categories": "uncanny_keys", "issue_ids": "[404]", "osm_url": "https://www.openstreetmap.org/way/1090243298", "josm_url": "http://127.0.0.1:8111/load_object?new_layer=false&objects=w1090243298", "id_url": "https://www.openstreetmap.org/edit?editor=id&way=1090243298#map=20/45.4679533/9.2330194"}}, {"type": "Feature", "geometry": {"type": "Point", "coordinates": [9.2300601, 45.4660095]}, "properties": {"id": 1090246567, "feat_type": "way", "quality_categories": "uncanny_keys", "issue_ids": "[405]", "osm_url": "https://www.openstreetmap.org/way/1090246567", "josm_url": "http://127.0.0.1:8111/load_object?new_layer=false&objects=w1090246567", "id_url": "https://www.openstreetmap.org/edit?editor=id&way=1090246567#map=20/45.4660095/9.2300601"}}, {"type": "Feature", "geometry": {"type": "Point", "coordinates": [9.232723, 45.4681425]}, "properties": {"id": 1090248635, "feat_type": "way", "quality_categories": "uncanny_keys", "issue_ids": "[406]", "osm_url": "https://www.openstreetmap.org/way/1090248635", "josm_url": "http://127.0.0.1:8111/load_object?new_layer=false&objects=w1090248635", "id_url": "https://www.openstreetmap.org/edit?editor=id&way=1090248635#map=20/45.4681425/9.232723"}}, {"type": "Feature", "geometry": {"type": "Point", "coordinates": [9.2050897, 45.4917873]}, "properties": {"id": 1090437603, "feat_type": "way", "quality_categories": "uncanny_keys", "issue_ids": "[75]", "osm_url": "https://www.openstreetmap.org/way/1090437603", "josm_url": "http://127.0.0.1:8111/load_object?new_layer=false&objects=w1090437603", "id_url": "https://www.openstreetmap.org/edit?editor=id&way=1090437603#map=20/45.4917873/9.2050897"}}, {"type": "Feature", "geometry": {"type": "Point", "coordinates": [9.2009356, 45.4897217]}, "properties": {"id": 1090438769, "feat_type": "way", "quality_categories": "uncanny_keys", "issue_ids": "[407]", "osm_url": "https://www.openstreetmap.org/way/1090438769", "josm_url": "http://127.0.0.1:8111/load_object?new_layer=false&objects=w1090438769", "id_url": "https://www.openstreetmap.org/edit?editor=id&way=1090438769#map=20/45.4897217/9.2009356"}}, {"type": "Feature", "geometry": {"type": "Point", "coordinates": [9.2002318, 45.4899708]}, "properties": {"id": 1090438857, "feat_type": "way", "quality_categories": "uncanny_keys", "issue_ids": "[407]", "osm_url": "https://www.openstreetmap.org/way/1090438857", "josm_url": "http://127.0.0.1:8111/load_object?new_layer=false&objects=w1090438857", "id_url": "https://www.openstreetmap.org/edit?editor=id&way=1090438857#map=20/45.4899708/9.2002318"}}, {"type": "Feature", "geometry": {"type": "Point", "coordinates": [9.2038376, 45.4887223]}, "properties": {"id": 1090439682, "feat_type": "way", "quality_categories": "uncanny_keys", "issue_ids": "[84]", "osm_url": "https://www.openstreetmap.org/way/1090439682", "josm_url": "http://127.0.0.1:8111/load_object?new_layer=false&objects=w1090439682", "id_url": "https://www.openstreetmap.org/edit?editor=id&way=1090439682#map=20/45.4887223/9.2038376"}}, {"type": "Feature", "geometry": {"type": "Point", "coordinates": [9.2004772, 45.48893]}, "properties": {"id": 1090441613, "feat_type": "way", "quality_categories": "missing_tags, uncanny_keys", "issue_ids": "[408, 10]", "osm_url": "https://www.openstreetmap.org/way/1090441613", "josm_url": "http://127.0.0.1:8111/load_object?new_layer=false&objects=w1090441613", "id_url": "https://www.openstreetmap.org/edit?editor=id&way=1090441613#map=20/45.48893/9.2004772"}}, {"type": "Feature", "geometry": {"type": "Point", "coordinates": [9.1291287, 45.4682402]}, "properties": {"id": 1091019433, "feat_type": "way", "quality_categories": "uncanny_keys", "issue_ids": "[409]", "osm_url": "https://www.openstreetmap.org/way/1091019433", "josm_url": "http://127.0.0.1:8111/load_object?new_layer=false&objects=w1091019433", "id_url": "https://www.openstreetmap.org/edit?editor=id&way=1091019433#map=20/45.4682402/9.1291287"}}, {"type": "Feature", "geometry": {"type": "Point", "coordinates": [9.1248635, 45.4695015]}, "properties": {"id": 1091023096, "feat_type": "way", "quality_categories": "uncanny_keys", "issue_ids": "[410]", "osm_url": "https://www.openstreetmap.org/way/1091023096", "josm_url": "http://127.0.0.1:8111/load_object?new_layer=false&objects=w1091023096", "id_url": "https://www.openstreetmap.org/edit?editor=id&way=1091023096#map=20/45.4695015/9.1248635"}}, {"type": "Feature", "geometry": {"type": "Point", "coordinates": [9.234307, 45.4739604]}, "properties": {"id": 1092105268, "feat_type": "way", "quality_categories": "uncanny_keys", "issue_ids": "[411]", "osm_url": "https://www.openstreetmap.org/way/1092105268", "josm_url": "http://127.0.0.1:8111/load_object?new_layer=false&objects=w1092105268", "id_url": "https://www.openstreetmap.org/edit?editor=id&way=1092105268#map=20/45.4739604/9.234307"}}, {"type": "Feature", "geometry": {"type": "Point", "coordinates": [9.2327806, 45.4736074]}, "properties": {"id": 1092109480, "feat_type": "way", "quality_categories": "uncanny_keys", "issue_ids": "[412]", "osm_url": "https://www.openstreetmap.org/way/1092109480", "josm_url": "http://127.0.0.1:8111/load_object?new_layer=false&objects=w1092109480", "id_url": "https://www.openstreetmap.org/edit?editor=id&way=1092109480#map=20/45.4736074/9.2327806"}}, {"type": "Feature", "geometry": {"type": "Point", "coordinates": [9.23376, 45.4733887]}, "properties": {"id": 1092110161, "feat_type": "way", "quality_categories": "uncanny_keys", "issue_ids": "[413]", "osm_url": "https://www.openstreetmap.org/way/1092110161", "josm_url": "http://127.0.0.1:8111/load_object?new_layer=false&objects=w1092110161", "id_url": "https://www.openstreetmap.org/edit?editor=id&way=1092110161#map=20/45.4733887/9.23376"}}, {"type": "Feature", "geometry": {"type": "Point", "coordinates": [9.232156, 45.473377]}, "properties": {"id": 1092111802, "feat_type": "way", "quality_categories": "uncanny_keys", "issue_ids": "[412]", "osm_url": "https://www.openstreetmap.org/way/1092111802", "josm_url": "http://127.0.0.1:8111/load_object?new_layer=false&objects=w1092111802", "id_url": "https://www.openstreetmap.org/edit?editor=id&way=1092111802#map=20/45.473377/9.232156"}}, {"type": "Feature", "geometry": {"type": "Point", "coordinates": [9.2312052, 45.473592]}, "properties": {"id": 1092113494, "feat_type": "way", "quality_categories": "uncanny_keys", "issue_ids": "[414]", "osm_url": "https://www.openstreetmap.org/way/1092113494", "josm_url": "http://127.0.0.1:8111/load_object?new_layer=false&objects=w1092113494", "id_url": "https://www.openstreetmap.org/edit?editor=id&way=1092113494#map=20/45.473592/9.2312052"}}, {"type": "Feature", "geometry": {"type": "Point", "coordinates": [9.230533, 45.4728055]}, "properties": {"id": 1092114535, "feat_type": "way", "quality_categories": "uncanny_keys", "issue_ids": "[414]", "osm_url": "https://www.openstreetmap.org/way/1092114535", "josm_url": "http://127.0.0.1:8111/load_object?new_layer=false&objects=w1092114535", "id_url": "https://www.openstreetmap.org/edit?editor=id&way=1092114535#map=20/45.4728055/9.230533"}}, {"type": "Feature", "geometry": {"type": "Point", "coordinates": [9.2296418, 45.4738387]}, "properties": {"id": 1092115878, "feat_type": "way", "quality_categories": "uncanny_keys", "issue_ids": "[414]", "osm_url": "https://www.openstreetmap.org/way/1092115878", "josm_url": "http://127.0.0.1:8111/load_object?new_layer=false&objects=w1092115878", "id_url": "https://www.openstreetmap.org/edit?editor=id&way=1092115878#map=20/45.4738387/9.2296418"}}, {"type": "Feature", "geometry": {"type": "Point", "coordinates": [9.2292171, 45.4733458]}, "properties": {"id": 1092116068, "feat_type": "way", "quality_categories": "uncanny_keys", "issue_ids": "[414]", "osm_url": "https://www.openstreetmap.org/way/1092116068", "josm_url": "http://127.0.0.1:8111/load_object?new_layer=false&objects=w1092116068", "id_url": "https://www.openstreetmap.org/edit?editor=id&way=1092116068#map=20/45.4733458/9.2292171"}}, {"type": "Feature", "geometry": {"type": "Point", "coordinates": [9.2275791, 45.4735466]}, "properties": {"id": 1092116612, "feat_type": "way", "quality_categories": "uncanny_keys", "issue_ids": "[415]", "osm_url": "https://www.openstreetmap.org/way/1092116612", "josm_url": "http://127.0.0.1:8111/load_object?new_layer=false&objects=w1092116612", "id_url": "https://www.openstreetmap.org/edit?editor=id&way=1092116612#map=20/45.4735466/9.2275791"}}, {"type": "Feature", "geometry": {"type": "Point", "coordinates": [9.2274775, 45.4733366]}, "properties": {"id": 1092117520, "feat_type": "way", "quality_categories": "uncanny_keys", "issue_ids": "[415]", "osm_url": "https://www.openstreetmap.org/way/1092117520", "josm_url": "http://127.0.0.1:8111/load_object?new_layer=false&objects=w1092117520", "id_url": "https://www.openstreetmap.org/edit?editor=id&way=1092117520#map=20/45.4733366/9.2274775"}}, {"type": "Feature", "geometry": {"type": "Point", "coordinates": [9.2341385, 45.4802904]}, "properties": {"id": 1092125394, "feat_type": "way", "quality_categories": "uncanny_keys", "issue_ids": "[416]", "osm_url": "https://www.openstreetmap.org/way/1092125394", "josm_url": "http://127.0.0.1:8111/load_object?new_layer=false&objects=w1092125394", "id_url": "https://www.openstreetmap.org/edit?editor=id&way=1092125394#map=20/45.4802904/9.2341385"}}, {"type": "Feature", "geometry": {"type": "Point", "coordinates": [9.2344257, 45.4800944]}, "properties": {"id": 1092125719, "feat_type": "way", "quality_categories": "uncanny_keys", "issue_ids": "[417]", "osm_url": "https://www.openstreetmap.org/way/1092125719", "josm_url": "http://127.0.0.1:8111/load_object?new_layer=false&objects=w1092125719", "id_url": "https://www.openstreetmap.org/edit?editor=id&way=1092125719#map=20/45.4800944/9.2344257"}}, {"type": "Feature", "geometry": {"type": "Point", "coordinates": [9.2344946, 45.4805096]}, "properties": {"id": 1092126029, "feat_type": "way", "quality_categories": "uncanny_keys", "issue_ids": "[416]", "osm_url": "https://www.openstreetmap.org/way/1092126029", "josm_url": "http://127.0.0.1:8111/load_object?new_layer=false&objects=w1092126029", "id_url": "https://www.openstreetmap.org/edit?editor=id&way=1092126029#map=20/45.4805096/9.2344946"}}, {"type": "Feature", "geometry": {"type": "Point", "coordinates": [9.234623, 45.4806662]}, "properties": {"id": 1092126305, "feat_type": "way", "quality_categories": "uncanny_keys", "issue_ids": "[417]", "osm_url": "https://www.openstreetmap.org/way/1092126305", "josm_url": "http://127.0.0.1:8111/load_object?new_layer=false&objects=w1092126305", "id_url": "https://www.openstreetmap.org/edit?editor=id&way=1092126305#map=20/45.4806662/9.234623"}}, {"type": "Feature", "geometry": {"type": "Point", "coordinates": [9.2359375, 45.4809214]}, "properties": {"id": 1092126469, "feat_type": "way", "quality_categories": "uncanny_keys", "issue_ids": "[418]", "osm_url": "https://www.openstreetmap.org/way/1092126469", "josm_url": "http://127.0.0.1:8111/load_object?new_layer=false&objects=w1092126469", "id_url": "https://www.openstreetmap.org/edit?editor=id&way=1092126469#map=20/45.4809214/9.2359375"}}, {"type": "Feature", "geometry": {"type": "Point", "coordinates": [9.2364801, 45.4815613]}, "properties": {"id": 1092128125, "feat_type": "way", "quality_categories": "uncanny_keys", "issue_ids": "[418]", "osm_url": "https://www.openstreetmap.org/way/1092128125", "josm_url": "http://127.0.0.1:8111/load_object?new_layer=false&objects=w1092128125", "id_url": "https://www.openstreetmap.org/edit?editor=id&way=1092128125#map=20/45.4815613/9.2364801"}}, {"type": "Feature", "geometry": {"type": "Point", "coordinates": [9.2203351, 45.4748748]}, "properties": {"id": 1092132212, "feat_type": "way", "quality_categories": "uncanny_keys", "issue_ids": "[207]", "osm_url": "https://www.openstreetmap.org/way/1092132212", "josm_url": "http://127.0.0.1:8111/load_object?new_layer=false&objects=w1092132212", "id_url": "https://www.openstreetmap.org/edit?editor=id&way=1092132212#map=20/45.4748748/9.2203351"}}, {"type": "Feature", "geometry": {"type": "Point", "coordinates": [9.2208904, 45.4749308]}, "properties": {"id": 1092132213, "feat_type": "way", "quality_categories": "uncanny_keys", "issue_ids": "[207]", "osm_url": "https://www.openstreetmap.org/way/1092132213", "josm_url": "http://127.0.0.1:8111/load_object?new_layer=false&objects=w1092132213", "id_url": "https://www.openstreetmap.org/edit?editor=id&way=1092132213#map=20/45.4749308/9.2208904"}}, {"type": "Feature", "geometry": {"type": "Point", "coordinates": [9.2256609, 45.4770703]}, "properties": {"id": 1092134652, "feat_type": "way", "quality_categories": "uncanny_keys", "issue_ids": "[205]", "osm_url": "https://www.openstreetmap.org/way/1092134652", "josm_url": "http://127.0.0.1:8111/load_object?new_layer=false&objects=w1092134652", "id_url": "https://www.openstreetmap.org/edit?editor=id&way=1092134652#map=20/45.4770703/9.2256609"}}, {"type": "Feature", "geometry": {"type": "Point", "coordinates": [9.2235971, 45.4777879]}, "properties": {"id": 1092135067, "feat_type": "way", "quality_categories": "uncanny_keys", "issue_ids": "[206]", "osm_url": "https://www.openstreetmap.org/way/1092135067", "josm_url": "http://127.0.0.1:8111/load_object?new_layer=false&objects=w1092135067", "id_url": "https://www.openstreetmap.org/edit?editor=id&way=1092135067#map=20/45.4777879/9.2235971"}}, {"type": "Feature", "geometry": {"type": "Point", "coordinates": [9.2238258, 45.4759573]}, "properties": {"id": 1092135181, "feat_type": "way", "quality_categories": "missing_tags, uncanny_keys", "issue_ids": "[206, 10]", "osm_url": "https://www.openstreetmap.org/way/1092135181", "josm_url": "http://127.0.0.1:8111/load_object?new_layer=false&objects=w1092135181", "id_url": "https://www.openstreetmap.org/edit?editor=id&way=1092135181#map=20/45.4759573/9.2238258"}}, {"type": "Feature", "geometry": {"type": "Point", "coordinates": [9.2234448, 45.4710354]}, "properties": {"id": 1092348753, "feat_type": "way", "quality_categories": "missing_tags, uncanny_keys", "issue_ids": "[419, 10]", "osm_url": "https://www.openstreetmap.org/way/1092348753", "josm_url": "http://127.0.0.1:8111/load_object?new_layer=false&objects=w1092348753", "id_url": "https://www.openstreetmap.org/edit?editor=id&way=1092348753#map=20/45.4710354/9.2234448"}}, {"type": "Feature", "geometry": {"type": "Point", "coordinates": [9.2299776, 45.4709025]}, "properties": {"id": 1092354560, "feat_type": "way", "quality_categories": "uncanny_keys", "issue_ids": "[420]", "osm_url": "https://www.openstreetmap.org/way/1092354560", "josm_url": "http://127.0.0.1:8111/load_object?new_layer=false&objects=w1092354560", "id_url": "https://www.openstreetmap.org/edit?editor=id&way=1092354560#map=20/45.4709025/9.2299776"}}, {"type": "Feature", "geometry": {"type": "Point", "coordinates": [9.2299733, 45.47144]}, "properties": {"id": 1092355014, "feat_type": "way", "quality_categories": "uncanny_keys", "issue_ids": "[421]", "osm_url": "https://www.openstreetmap.org/way/1092355014", "josm_url": "http://127.0.0.1:8111/load_object?new_layer=false&objects=w1092355014", "id_url": "https://www.openstreetmap.org/edit?editor=id&way=1092355014#map=20/45.47144/9.2299733"}}, {"type": "Feature", "geometry": {"type": "Point", "coordinates": [9.2302769, 45.4696921]}, "properties": {"id": 1092566729, "feat_type": "way", "quality_categories": "uncanny_keys", "issue_ids": "[422]", "osm_url": "https://www.openstreetmap.org/way/1092566729", "josm_url": "http://127.0.0.1:8111/load_object?new_layer=false&objects=w1092566729", "id_url": "https://www.openstreetmap.org/edit?editor=id&way=1092566729#map=20/45.4696921/9.2302769"}}, {"type": "Feature", "geometry": {"type": "Point", "coordinates": [9.2174751, 45.4700528]}, "properties": {"id": 1092588976, "feat_type": "way", "quality_categories": "uncanny_keys", "issue_ids": "[151]", "osm_url": "https://www.openstreetmap.org/way/1092588976", "josm_url": "http://127.0.0.1:8111/load_object?new_layer=false&objects=w1092588976", "id_url": "https://www.openstreetmap.org/edit?editor=id&way=1092588976#map=20/45.4700528/9.2174751"}}, {"type": "Feature", "geometry": {"type": "Point", "coordinates": [9.2180047, 45.470911]}, "properties": {"id": 1092590040, "feat_type": "way", "quality_categories": "uncanny_keys", "issue_ids": "[151]", "osm_url": "https://www.openstreetmap.org/way/1092590040", "josm_url": "http://127.0.0.1:8111/load_object?new_layer=false&objects=w1092590040", "id_url": "https://www.openstreetmap.org/edit?editor=id&way=1092590040#map=20/45.470911/9.2180047"}}, {"type": "Feature", "geometry": {"type": "Point", "coordinates": [9.2185975, 45.4707541]}, "properties": {"id": 1092590613, "feat_type": "way", "quality_categories": "uncanny_keys", "issue_ids": "[423]", "osm_url": "https://www.openstreetmap.org/way/1092590613", "josm_url": "http://127.0.0.1:8111/load_object?new_layer=false&objects=w1092590613", "id_url": "https://www.openstreetmap.org/edit?editor=id&way=1092590613#map=20/45.4707541/9.2185975"}}, {"type": "Feature", "geometry": {"type": "Point", "coordinates": [9.2214738, 45.4714889]}, "properties": {"id": 1092594711, "feat_type": "way", "quality_categories": "uncanny_keys", "issue_ids": "[424]", "osm_url": "https://www.openstreetmap.org/way/1092594711", "josm_url": "http://127.0.0.1:8111/load_object?new_layer=false&objects=w1092594711", "id_url": "https://www.openstreetmap.org/edit?editor=id&way=1092594711#map=20/45.4714889/9.2214738"}}, {"type": "Feature", "geometry": {"type": "Point", "coordinates": [9.2209133, 45.4734851]}, "properties": {"id": 1092614111, "feat_type": "way", "quality_categories": "uncanny_keys", "issue_ids": "[425]", "osm_url": "https://www.openstreetmap.org/way/1092614111", "josm_url": "http://127.0.0.1:8111/load_object?new_layer=false&objects=w1092614111", "id_url": "https://www.openstreetmap.org/edit?editor=id&way=1092614111#map=20/45.4734851/9.2209133"}}, {"type": "Feature", "geometry": {"type": "Point", "coordinates": [9.221674, 45.4733257]}, "properties": {"id": 1092615135, "feat_type": "way", "quality_categories": "uncanny_keys", "issue_ids": "[426]", "osm_url": "https://www.openstreetmap.org/way/1092615135", "josm_url": "http://127.0.0.1:8111/load_object?new_layer=false&objects=w1092615135", "id_url": "https://www.openstreetmap.org/edit?editor=id&way=1092615135#map=20/45.4733257/9.221674"}}, {"type": "Feature", "geometry": {"type": "Point", "coordinates": [9.2238476, 45.4740812]}, "properties": {"id": 1092618293, "feat_type": "way", "quality_categories": "missing_tags, uncanny_keys", "issue_ids": "[427, 10]", "osm_url": "https://www.openstreetmap.org/way/1092618293", "josm_url": "http://127.0.0.1:8111/load_object?new_layer=false&objects=w1092618293", "id_url": "https://www.openstreetmap.org/edit?editor=id&way=1092618293#map=20/45.4740812/9.2238476"}}, {"type": "Feature", "geometry": {"type": "Point", "coordinates": [9.2236422, 45.4735325]}, "properties": {"id": 1092618294, "feat_type": "way", "quality_categories": "missing_tags, uncanny_keys", "issue_ids": "[427, 10]", "osm_url": "https://www.openstreetmap.org/way/1092618294", "josm_url": "http://127.0.0.1:8111/load_object?new_layer=false&objects=w1092618294", "id_url": "https://www.openstreetmap.org/edit?editor=id&way=1092618294#map=20/45.4735325/9.2236422"}}, {"type": "Feature", "geometry": {"type": "Point", "coordinates": [9.2214354, 45.4745265]}, "properties": {"id": 1092619917, "feat_type": "way", "quality_categories": "uncanny_keys", "issue_ids": "[428]", "osm_url": "https://www.openstreetmap.org/way/1092619917", "josm_url": "http://127.0.0.1:8111/load_object?new_layer=false&objects=w1092619917", "id_url": "https://www.openstreetmap.org/edit?editor=id&way=1092619917#map=20/45.4745265/9.2214354"}}, {"type": "Feature", "geometry": {"type": "Point", "coordinates": [9.2344562, 45.4777854]}, "properties": {"id": 1092621075, "feat_type": "way", "quality_categories": "uncanny_keys", "issue_ids": "[429]", "osm_url": "https://www.openstreetmap.org/way/1092621075", "josm_url": "http://127.0.0.1:8111/load_object?new_layer=false&objects=w1092621075", "id_url": "https://www.openstreetmap.org/edit?editor=id&way=1092621075#map=20/45.4777854/9.2344562"}}, {"type": "Feature", "geometry": {"type": "Point", "coordinates": [9.2342673, 45.4767341]}, "properties": {"id": 1092621076, "feat_type": "way", "quality_categories": "uncanny_keys", "issue_ids": "[430]", "osm_url": "https://www.openstreetmap.org/way/1092621076", "josm_url": "http://127.0.0.1:8111/load_object?new_layer=false&objects=w1092621076", "id_url": "https://www.openstreetmap.org/edit?editor=id&way=1092621076#map=20/45.4767341/9.2342673"}}, {"type": "Feature", "geometry": {"type": "Point", "coordinates": [9.2237736, 45.4793441]}, "properties": {"id": 1092624012, "feat_type": "way", "quality_categories": "uncanny_keys", "issue_ids": "[431]", "osm_url": "https://www.openstreetmap.org/way/1092624012", "josm_url": "http://127.0.0.1:8111/load_object?new_layer=false&objects=w1092624012", "id_url": "https://www.openstreetmap.org/edit?editor=id&way=1092624012#map=20/45.4793441/9.2237736"}}, {"type": "Feature", "geometry": {"type": "Point", "coordinates": [9.2267211, 45.4793282]}, "properties": {"id": 1092624667, "feat_type": "way", "quality_categories": "uncanny_keys", "issue_ids": "[432]", "osm_url": "https://www.openstreetmap.org/way/1092624667", "josm_url": "http://127.0.0.1:8111/load_object?new_layer=false&objects=w1092624667", "id_url": "https://www.openstreetmap.org/edit?editor=id&way=1092624667#map=20/45.4793282/9.2267211"}}, {"type": "Feature", "geometry": {"type": "Point", "coordinates": [9.2257514, 45.4789256]}, "properties": {"id": 1092625503, "feat_type": "way", "quality_categories": "uncanny_keys", "issue_ids": "[432]", "osm_url": "https://www.openstreetmap.org/way/1092625503", "josm_url": "http://127.0.0.1:8111/load_object?new_layer=false&objects=w1092625503", "id_url": "https://www.openstreetmap.org/edit?editor=id&way=1092625503#map=20/45.4789256/9.2257514"}}, {"type": "Feature", "geometry": {"type": "Point", "coordinates": [9.2253502, 45.4807682]}, "properties": {"id": 1092632818, "feat_type": "way", "quality_categories": "uncanny_keys", "issue_ids": "[433]", "osm_url": "https://www.openstreetmap.org/way/1092632818", "josm_url": "http://127.0.0.1:8111/load_object?new_layer=false&objects=w1092632818", "id_url": "https://www.openstreetmap.org/edit?editor=id&way=1092632818#map=20/45.4807682/9.2253502"}}, {"type": "Feature", "geometry": {"type": "Point", "coordinates": [9.2257219, 45.4811545]}, "properties": {"id": 1092632941, "feat_type": "way", "quality_categories": "uncanny_keys", "issue_ids": "[433]", "osm_url": "https://www.openstreetmap.org/way/1092632941", "josm_url": "http://127.0.0.1:8111/load_object?new_layer=false&objects=w1092632941", "id_url": "https://www.openstreetmap.org/edit?editor=id&way=1092632941#map=20/45.4811545/9.2257219"}}, {"type": "Feature", "geometry": {"type": "Point", "coordinates": [9.2293872, 45.4821713]}, "properties": {"id": 1092633795, "feat_type": "way", "quality_categories": "uncanny_keys", "issue_ids": "[434]", "osm_url": "https://www.openstreetmap.org/way/1092633795", "josm_url": "http://127.0.0.1:8111/load_object?new_layer=false&objects=w1092633795", "id_url": "https://www.openstreetmap.org/edit?editor=id&way=1092633795#map=20/45.4821713/9.2293872"}}, {"type": "Feature", "geometry": {"type": "Point", "coordinates": [9.2306233, 45.4828602]}, "properties": {"id": 1092633869, "feat_type": "way", "quality_categories": "uncanny_keys", "issue_ids": "[435]", "osm_url": "https://www.openstreetmap.org/way/1092633869", "josm_url": "http://127.0.0.1:8111/load_object?new_layer=false&objects=w1092633869", "id_url": "https://www.openstreetmap.org/edit?editor=id&way=1092633869#map=20/45.4828602/9.2306233"}}, {"type": "Feature", "geometry": {"type": "Point", "coordinates": [9.233618, 45.4839057]}, "properties": {"id": 1092634347, "feat_type": "way", "quality_categories": "uncanny_keys", "issue_ids": "[436]", "osm_url": "https://www.openstreetmap.org/way/1092634347", "josm_url": "http://127.0.0.1:8111/load_object?new_layer=false&objects=w1092634347", "id_url": "https://www.openstreetmap.org/edit?editor=id&way=1092634347#map=20/45.4839057/9.233618"}}, {"type": "Feature", "geometry": {"type": "Point", "coordinates": [9.2331939, 45.4834955]}, "properties": {"id": 1092634348, "feat_type": "way", "quality_categories": "uncanny_keys", "issue_ids": "[436]", "osm_url": "https://www.openstreetmap.org/way/1092634348", "josm_url": "http://127.0.0.1:8111/load_object?new_layer=false&objects=w1092634348", "id_url": "https://www.openstreetmap.org/edit?editor=id&way=1092634348#map=20/45.4834955/9.2331939"}}, {"type": "Feature", "geometry": {"type": "Point", "coordinates": [9.2176648, 45.4843979]}, "properties": {"id": 1092638629, "feat_type": "way", "quality_categories": "uncanny_keys", "issue_ids": "[437]", "osm_url": "https://www.openstreetmap.org/way/1092638629", "josm_url": "http://127.0.0.1:8111/load_object?new_layer=false&objects=w1092638629", "id_url": "https://www.openstreetmap.org/edit?editor=id&way=1092638629#map=20/45.4843979/9.2176648"}}, {"type": "Feature", "geometry": {"type": "Point", "coordinates": [9.2203382, 45.4844437]}, "properties": {"id": 1092640010, "feat_type": "way", "quality_categories": "uncanny_keys", "issue_ids": "[49]", "osm_url": "https://www.openstreetmap.org/way/1092640010", "josm_url": "http://127.0.0.1:8111/load_object?new_layer=false&objects=w1092640010", "id_url": "https://www.openstreetmap.org/edit?editor=id&way=1092640010#map=20/45.4844437/9.2203382"}}, {"type": "Feature", "geometry": {"type": "Point", "coordinates": [9.2207668, 45.4842568]}, "properties": {"id": 1092640139, "feat_type": "way", "quality_categories": "uncanny_keys", "issue_ids": "[438]", "osm_url": "https://www.openstreetmap.org/way/1092640139", "josm_url": "http://127.0.0.1:8111/load_object?new_layer=false&objects=w1092640139", "id_url": "https://www.openstreetmap.org/edit?editor=id&way=1092640139#map=20/45.4842568/9.2207668"}}, {"type": "Feature", "geometry": {"type": "Point", "coordinates": [9.223464, 45.4844292]}, "properties": {"id": 1092641645, "feat_type": "way", "quality_categories": "uncanny_keys", "issue_ids": "[439]", "osm_url": "https://www.openstreetmap.org/way/1092641645", "josm_url": "http://127.0.0.1:8111/load_object?new_layer=false&objects=w1092641645", "id_url": "https://www.openstreetmap.org/edit?editor=id&way=1092641645#map=20/45.4844292/9.223464"}}, {"type": "Feature", "geometry": {"type": "Point", "coordinates": [9.223759, 45.4838678]}, "properties": {"id": 1092641647, "feat_type": "way", "quality_categories": "uncanny_keys", "issue_ids": "[439]", "osm_url": "https://www.openstreetmap.org/way/1092641647", "josm_url": "http://127.0.0.1:8111/load_object?new_layer=false&objects=w1092641647", "id_url": "https://www.openstreetmap.org/edit?editor=id&way=1092641647#map=20/45.4838678/9.223759"}}, {"type": "Feature", "geometry": {"type": "Point", "coordinates": [9.2332196, 45.4857271]}, "properties": {"id": 1092642608, "feat_type": "way", "quality_categories": "uncanny_keys", "issue_ids": "[440]", "osm_url": "https://www.openstreetmap.org/way/1092642608", "josm_url": "http://127.0.0.1:8111/load_object?new_layer=false&objects=w1092642608", "id_url": "https://www.openstreetmap.org/edit?editor=id&way=1092642608#map=20/45.4857271/9.2332196"}}, {"type": "Feature", "geometry": {"type": "Point", "coordinates": [9.2290145, 45.4861584]}, "properties": {"id": 1092643778, "feat_type": "way", "quality_categories": "uncanny_keys", "issue_ids": "[441]", "osm_url": "https://www.openstreetmap.org/way/1092643778", "josm_url": "http://127.0.0.1:8111/load_object?new_layer=false&objects=w1092643778", "id_url": "https://www.openstreetmap.org/edit?editor=id&way=1092643778#map=20/45.4861584/9.2290145"}}, {"type": "Feature", "geometry": {"type": "Point", "coordinates": [9.2294852, 45.4860047]}, "properties": {"id": 1092643779, "feat_type": "way", "quality_categories": "uncanny_keys", "issue_ids": "[441]", "osm_url": "https://www.openstreetmap.org/way/1092643779", "josm_url": "http://127.0.0.1:8111/load_object?new_layer=false&objects=w1092643779", "id_url": "https://www.openstreetmap.org/edit?editor=id&way=1092643779#map=20/45.4860047/9.2294852"}}, {"type": "Feature", "geometry": {"type": "Point", "coordinates": [9.2269438, 45.4861419]}, "properties": {"id": 1092644474, "feat_type": "way", "quality_categories": "uncanny_keys", "issue_ids": "[442]", "osm_url": "https://www.openstreetmap.org/way/1092644474", "josm_url": "http://127.0.0.1:8111/load_object?new_layer=false&objects=w1092644474", "id_url": "https://www.openstreetmap.org/edit?editor=id&way=1092644474#map=20/45.4861419/9.2269438"}}, {"type": "Feature", "geometry": {"type": "Point", "coordinates": [9.223917, 45.4861221]}, "properties": {"id": 1092645629, "feat_type": "way", "quality_categories": "uncanny_keys", "issue_ids": "[443]", "osm_url": "https://www.openstreetmap.org/way/1092645629", "josm_url": "http://127.0.0.1:8111/load_object?new_layer=false&objects=w1092645629", "id_url": "https://www.openstreetmap.org/edit?editor=id&way=1092645629#map=20/45.4861221/9.223917"}}, {"type": "Feature", "geometry": {"type": "Point", "coordinates": [9.2259896, 45.4859795]}, "properties": {"id": 1092645630, "feat_type": "way", "quality_categories": "uncanny_keys", "issue_ids": "[442]", "osm_url": "https://www.openstreetmap.org/way/1092645630", "josm_url": "http://127.0.0.1:8111/load_object?new_layer=false&objects=w1092645630", "id_url": "https://www.openstreetmap.org/edit?editor=id&way=1092645630#map=20/45.4859795/9.2259896"}}, {"type": "Feature", "geometry": {"type": "Point", "coordinates": [9.2225196, 45.4861079]}, "properties": {"id": 1092646561, "feat_type": "way", "quality_categories": "uncanny_keys", "issue_ids": "[444]", "osm_url": "https://www.openstreetmap.org/way/1092646561", "josm_url": "http://127.0.0.1:8111/load_object?new_layer=false&objects=w1092646561", "id_url": "https://www.openstreetmap.org/edit?editor=id&way=1092646561#map=20/45.4861079/9.2225196"}}, {"type": "Feature", "geometry": {"type": "Point", "coordinates": [9.2229963, 45.4859579]}, "properties": {"id": 1092646562, "feat_type": "way", "quality_categories": "uncanny_keys", "issue_ids": "[443]", "osm_url": "https://www.openstreetmap.org/way/1092646562", "josm_url": "http://127.0.0.1:8111/load_object?new_layer=false&objects=w1092646562", "id_url": "https://www.openstreetmap.org/edit?editor=id&way=1092646562#map=20/45.4859579/9.2229963"}}, {"type": "Feature", "geometry": {"type": "Point", "coordinates": [9.2212531, 45.4858113]}, "properties": {"id": 1092647146, "feat_type": "way", "quality_categories": "uncanny_keys", "issue_ids": "[445]", "osm_url": "https://www.openstreetmap.org/way/1092647146", "josm_url": "http://127.0.0.1:8111/load_object?new_layer=false&objects=w1092647146", "id_url": "https://www.openstreetmap.org/edit?editor=id&way=1092647146#map=20/45.4858113/9.2212531"}}, {"type": "Feature", "geometry": {"type": "Point", "coordinates": [9.2180168, 45.4859141]}, "properties": {"id": 1092649452, "feat_type": "way", "quality_categories": "uncanny_keys", "issue_ids": "[446]", "osm_url": "https://www.openstreetmap.org/way/1092649452", "josm_url": "http://127.0.0.1:8111/load_object?new_layer=false&objects=w1092649452", "id_url": "https://www.openstreetmap.org/edit?editor=id&way=1092649452#map=20/45.4859141/9.2180168"}}, {"type": "Feature", "geometry": {"type": "Point", "coordinates": [9.2210074, 45.4865649]}, "properties": {"id": 1092835796, "feat_type": "way", "quality_categories": "uncanny_keys", "issue_ids": "[444]", "osm_url": "https://www.openstreetmap.org/way/1092835796", "josm_url": "http://127.0.0.1:8111/load_object?new_layer=false&objects=w1092835796", "id_url": "https://www.openstreetmap.org/edit?editor=id&way=1092835796#map=20/45.4865649/9.2210074"}}, {"type": "Feature", "geometry": {"type": "Point", "coordinates": [9.2212242, 45.4872969]}, "properties": {"id": 1092835872, "feat_type": "way", "quality_categories": "uncanny_keys", "issue_ids": "[447]", "osm_url": "https://www.openstreetmap.org/way/1092835872", "josm_url": "http://127.0.0.1:8111/load_object?new_layer=false&objects=w1092835872", "id_url": "https://www.openstreetmap.org/edit?editor=id&way=1092835872#map=20/45.4872969/9.2212242"}}, {"type": "Feature", "geometry": {"type": "Point", "coordinates": [9.2227684, 45.4886475]}, "properties": {"id": 1092837090, "feat_type": "way", "quality_categories": "uncanny_keys", "issue_ids": "[448]", "osm_url": "https://www.openstreetmap.org/way/1092837090", "josm_url": "http://127.0.0.1:8111/load_object?new_layer=false&objects=w1092837090", "id_url": "https://www.openstreetmap.org/edit?editor=id&way=1092837090#map=20/45.4886475/9.2227684"}}, {"type": "Feature", "geometry": {"type": "Point", "coordinates": [9.2249207, 45.4888532]}, "properties": {"id": 1092837306, "feat_type": "way", "quality_categories": "uncanny_keys", "issue_ids": "[448]", "osm_url": "https://www.openstreetmap.org/way/1092837306", "josm_url": "http://127.0.0.1:8111/load_object?new_layer=false&objects=w1092837306", "id_url": "https://www.openstreetmap.org/edit?editor=id&way=1092837306#map=20/45.4888532/9.2249207"}}, {"type": "Feature", "geometry": {"type": "Point", "coordinates": [9.2286981, 45.4888664]}, "properties": {"id": 1092837724, "feat_type": "way", "quality_categories": "uncanny_keys", "issue_ids": "[449]", "osm_url": "https://www.openstreetmap.org/way/1092837724", "josm_url": "http://127.0.0.1:8111/load_object?new_layer=false&objects=w1092837724", "id_url": "https://www.openstreetmap.org/edit?editor=id&way=1092837724#map=20/45.4888664/9.2286981"}}, {"type": "Feature", "geometry": {"type": "Point", "coordinates": [9.2288952, 45.4890368]}, "properties": {"id": 1092837934, "feat_type": "way", "quality_categories": "uncanny_keys", "issue_ids": "[449]", "osm_url": "https://www.openstreetmap.org/way/1092837934", "josm_url": "http://127.0.0.1:8111/load_object?new_layer=false&objects=w1092837934", "id_url": "https://www.openstreetmap.org/edit?editor=id&way=1092837934#map=20/45.4890368/9.2288952"}}, {"type": "Feature", "geometry": {"type": "Point", "coordinates": [9.2233003, 45.4894112]}, "properties": {"id": 1092840158, "feat_type": "way", "quality_categories": "uncanny_keys", "issue_ids": "[448]", "osm_url": "https://www.openstreetmap.org/way/1092840158", "josm_url": "http://127.0.0.1:8111/load_object?new_layer=false&objects=w1092840158", "id_url": "https://www.openstreetmap.org/edit?editor=id&way=1092840158#map=20/45.4894112/9.2233003"}}, {"type": "Feature", "geometry": {"type": "Point", "coordinates": [9.224007, 45.4902341]}, "properties": {"id": 1092845308, "feat_type": "way", "quality_categories": "uncanny_keys", "issue_ids": "[448]", "osm_url": "https://www.openstreetmap.org/way/1092845308", "josm_url": "http://127.0.0.1:8111/load_object?new_layer=false&objects=w1092845308", "id_url": "https://www.openstreetmap.org/edit?editor=id&way=1092845308#map=20/45.4902341/9.224007"}}, {"type": "Feature", "geometry": {"type": "Point", "coordinates": [9.2177031, 45.48699]}, "properties": {"id": 1092852856, "feat_type": "way", "quality_categories": "uncanny_keys", "issue_ids": "[450]", "osm_url": "https://www.openstreetmap.org/way/1092852856", "josm_url": "http://127.0.0.1:8111/load_object?new_layer=false&objects=w1092852856", "id_url": "https://www.openstreetmap.org/edit?editor=id&way=1092852856#map=20/45.48699/9.2177031"}}, {"type": "Feature", "geometry": {"type": "Point", "coordinates": [9.2179663, 45.4870454]}, "properties": {"id": 1092853725, "feat_type": "way", "quality_categories": "uncanny_keys", "issue_ids": "[451]", "osm_url": "https://www.openstreetmap.org/way/1092853725", "josm_url": "http://127.0.0.1:8111/load_object?new_layer=false&objects=w1092853725", "id_url": "https://www.openstreetmap.org/edit?editor=id&way=1092853725#map=20/45.4870454/9.2179663"}}, {"type": "Feature", "geometry": {"type": "Point", "coordinates": [9.220675, 45.4890958]}, "properties": {"id": 1092855021, "feat_type": "way", "quality_categories": "uncanny_keys", "issue_ids": "[451]", "osm_url": "https://www.openstreetmap.org/way/1092855021", "josm_url": "http://127.0.0.1:8111/load_object?new_layer=false&objects=w1092855021", "id_url": "https://www.openstreetmap.org/edit?editor=id&way=1092855021#map=20/45.4890958/9.220675"}}, {"type": "Feature", "geometry": {"type": "Point", "coordinates": [9.2168011, 45.4870609]}, "properties": {"id": 1092883572, "feat_type": "way", "quality_categories": "uncanny_keys", "issue_ids": "[452]", "osm_url": "https://www.openstreetmap.org/way/1092883572", "josm_url": "http://127.0.0.1:8111/load_object?new_layer=false&objects=w1092883572", "id_url": "https://www.openstreetmap.org/edit?editor=id&way=1092883572#map=20/45.4870609/9.2168011"}}, {"type": "Feature", "geometry": {"type": "Point", "coordinates": [9.2182064, 45.4905973]}, "properties": {"id": 1092884645, "feat_type": "way", "quality_categories": "missing_tags, uncanny_keys", "issue_ids": "[453, 10]", "osm_url": "https://www.openstreetmap.org/way/1092884645", "josm_url": "http://127.0.0.1:8111/load_object?new_layer=false&objects=w1092884645", "id_url": "https://www.openstreetmap.org/edit?editor=id&way=1092884645#map=20/45.4905973/9.2182064"}}, {"type": "Feature", "geometry": {"type": "Point", "coordinates": [9.2179598, 45.4908724]}, "properties": {"id": 1092887511, "feat_type": "way", "quality_categories": "uncanny_keys", "issue_ids": "[453]", "osm_url": "https://www.openstreetmap.org/way/1092887511", "josm_url": "http://127.0.0.1:8111/load_object?new_layer=false&objects=w1092887511", "id_url": "https://www.openstreetmap.org/edit?editor=id&way=1092887511#map=20/45.4908724/9.2179598"}}, {"type": "Feature", "geometry": {"type": "Point", "coordinates": [9.2195879, 45.4951719]}, "properties": {"id": 1092889656, "feat_type": "way", "quality_categories": "missing_tags, uncanny_keys", "issue_ids": "[454, 10]", "osm_url": "https://www.openstreetmap.org/way/1092889656", "josm_url": "http://127.0.0.1:8111/load_object?new_layer=false&objects=w1092889656", "id_url": "https://www.openstreetmap.org/edit?editor=id&way=1092889656#map=20/45.4951719/9.2195879"}}, {"type": "Feature", "geometry": {"type": "Point", "coordinates": [9.2192502, 45.4951162]}, "properties": {"id": 1092889657, "feat_type": "way", "quality_categories": "missing_tags, uncanny_keys", "issue_ids": "[454, 10]", "osm_url": "https://www.openstreetmap.org/way/1092889657", "josm_url": "http://127.0.0.1:8111/load_object?new_layer=false&objects=w1092889657", "id_url": "https://www.openstreetmap.org/edit?editor=id&way=1092889657#map=20/45.4951162/9.2192502"}}, {"type": "Feature", "geometry": {"type": "Point", "coordinates": [9.2226321, 45.4921644]}, "properties": {"id": 1092890173, "feat_type": "way", "quality_categories": "uncanny_keys", "issue_ids": "[455]", "osm_url": "https://www.openstreetmap.org/way/1092890173", "josm_url": "http://127.0.0.1:8111/load_object?new_layer=false&objects=w1092890173", "id_url": "https://www.openstreetmap.org/edit?editor=id&way=1092890173#map=20/45.4921644/9.2226321"}}, {"type": "Feature", "geometry": {"type": "Point", "coordinates": [9.2149765, 45.4950756]}, "properties": {"id": 1092903009, "feat_type": "way", "quality_categories": "missing_tags, uncanny_keys", "issue_ids": "[456, 10]", "osm_url": "https://www.openstreetmap.org/way/1092903009", "josm_url": "http://127.0.0.1:8111/load_object?new_layer=false&objects=w1092903009", "id_url": "https://www.openstreetmap.org/edit?editor=id&way=1092903009#map=20/45.4950756/9.2149765"}}, {"type": "Feature", "geometry": {"type": "Point", "coordinates": [9.2064438, 45.4939604]}, "properties": {"id": 1093086450, "feat_type": "way", "quality_categories": "uncanny_keys", "issue_ids": "[457]", "osm_url": "https://www.openstreetmap.org/way/1093086450", "josm_url": "http://127.0.0.1:8111/load_object?new_layer=false&objects=w1093086450", "id_url": "https://www.openstreetmap.org/edit?editor=id&way=1093086450#map=20/45.4939604/9.2064438"}}, {"type": "Feature", "geometry": {"type": "Point", "coordinates": [9.2065681, 45.4944815]}, "properties": {"id": 1093086982, "feat_type": "way", "quality_categories": "uncanny_keys", "issue_ids": "[458]", "osm_url": "https://www.openstreetmap.org/way/1093086982", "josm_url": "http://127.0.0.1:8111/load_object?new_layer=false&objects=w1093086982", "id_url": "https://www.openstreetmap.org/edit?editor=id&way=1093086982#map=20/45.4944815/9.2065681"}}, {"type": "Feature", "geometry": {"type": "Point", "coordinates": [9.208286, 45.4971565]}, "properties": {"id": 1093094560, "feat_type": "way", "quality_categories": "uncanny_keys", "issue_ids": "[459]", "osm_url": "https://www.openstreetmap.org/way/1093094560", "josm_url": "http://127.0.0.1:8111/load_object?new_layer=false&objects=w1093094560", "id_url": "https://www.openstreetmap.org/edit?editor=id&way=1093094560#map=20/45.4971565/9.208286"}}, {"type": "Feature", "geometry": {"type": "Point", "coordinates": [9.1994753, 45.4987342]}, "properties": {"id": 1093137410, "feat_type": "way", "quality_categories": "uncanny_keys", "issue_ids": "[460]", "osm_url": "https://www.openstreetmap.org/way/1093137410", "josm_url": "http://127.0.0.1:8111/load_object?new_layer=false&objects=w1093137410", "id_url": "https://www.openstreetmap.org/edit?editor=id&way=1093137410#map=20/45.4987342/9.1994753"}}, {"type": "Feature", "geometry": {"type": "Point", "coordinates": [9.1997135, 45.4986149]}, "properties": {"id": 1093141120, "feat_type": "way", "quality_categories": "uncanny_keys", "issue_ids": "[461]", "osm_url": "https://www.openstreetmap.org/way/1093141120", "josm_url": "http://127.0.0.1:8111/load_object?new_layer=false&objects=w1093141120", "id_url": "https://www.openstreetmap.org/edit?editor=id&way=1093141120#map=20/45.4986149/9.1997135"}}, {"type": "Feature", "geometry": {"type": "Point", "coordinates": [9.1984789, 45.5008055]}, "properties": {"id": 1093143552, "feat_type": "way", "quality_categories": "uncanny_keys", "issue_ids": "[462]", "osm_url": "https://www.openstreetmap.org/way/1093143552", "josm_url": "http://127.0.0.1:8111/load_object?new_layer=false&objects=w1093143552", "id_url": "https://www.openstreetmap.org/edit?editor=id&way=1093143552#map=20/45.5008055/9.1984789"}}, {"type": "Feature", "geometry": {"type": "Point", "coordinates": [9.1988209, 45.5020214]}, "properties": {"id": 1093144839, "feat_type": "way", "quality_categories": "uncanny_keys", "issue_ids": "[463]", "osm_url": "https://www.openstreetmap.org/way/1093144839", "josm_url": "http://127.0.0.1:8111/load_object?new_layer=false&objects=w1093144839", "id_url": "https://www.openstreetmap.org/edit?editor=id&way=1093144839#map=20/45.5020214/9.1988209"}}, {"type": "Feature", "geometry": {"type": "Point", "coordinates": [9.1818298, 45.5020205]}, "properties": {"id": 1093169502, "feat_type": "way", "quality_categories": "uncanny_keys", "issue_ids": "[464]", "osm_url": "https://www.openstreetmap.org/way/1093169502", "josm_url": "http://127.0.0.1:8111/load_object?new_layer=false&objects=w1093169502", "id_url": "https://www.openstreetmap.org/edit?editor=id&way=1093169502#map=20/45.5020205/9.1818298"}}, {"type": "Feature", "geometry": {"type": "Point", "coordinates": [9.1493603, 45.4888921]}, "properties": {"id": 1093759686, "feat_type": "way", "quality_categories": "uncanny_keys", "issue_ids": "[465]", "osm_url": "https://www.openstreetmap.org/way/1093759686", "josm_url": "http://127.0.0.1:8111/load_object?new_layer=false&objects=w1093759686", "id_url": "https://www.openstreetmap.org/edit?editor=id&way=1093759686#map=20/45.4888921/9.1493603"}}, {"type": "Feature", "geometry": {"type": "Point", "coordinates": [9.1489457, 45.4881549]}, "properties": {"id": 1093759688, "feat_type": "way", "quality_categories": "uncanny_keys", "issue_ids": "[466]", "osm_url": "https://www.openstreetmap.org/way/1093759688", "josm_url": "http://127.0.0.1:8111/load_object?new_layer=false&objects=w1093759688", "id_url": "https://www.openstreetmap.org/edit?editor=id&way=1093759688#map=20/45.4881549/9.1489457"}}, {"type": "Feature", "geometry": {"type": "Point", "coordinates": [9.1511984, 45.4896384]}, "properties": {"id": 1093760262, "feat_type": "way", "quality_categories": "uncanny_keys", "issue_ids": "[467]", "osm_url": "https://www.openstreetmap.org/way/1093760262", "josm_url": "http://127.0.0.1:8111/load_object?new_layer=false&objects=w1093760262", "id_url": "https://www.openstreetmap.org/edit?editor=id&way=1093760262#map=20/45.4896384/9.1511984"}}, {"type": "Feature", "geometry": {"type": "Point", "coordinates": [9.1509123, 45.4901679]}, "properties": {"id": 1093803702, "feat_type": "way", "quality_categories": "uncanny_keys", "issue_ids": "[468]", "osm_url": "https://www.openstreetmap.org/way/1093803702", "josm_url": "http://127.0.0.1:8111/load_object?new_layer=false&objects=w1093803702", "id_url": "https://www.openstreetmap.org/edit?editor=id&way=1093803702#map=20/45.4901679/9.1509123"}}, {"type": "Feature", "geometry": {"type": "Point", "coordinates": [9.1530215, 45.4904836]}, "properties": {"id": 1093809712, "feat_type": "way", "quality_categories": "uncanny_keys", "issue_ids": "[469]", "osm_url": "https://www.openstreetmap.org/way/1093809712", "josm_url": "http://127.0.0.1:8111/load_object?new_layer=false&objects=w1093809712", "id_url": "https://www.openstreetmap.org/edit?editor=id&way=1093809712#map=20/45.4904836/9.1530215"}}, {"type": "Feature", "geometry": {"type": "Point", "coordinates": [9.1530607, 45.491396]}, "properties": {"id": 1093810330, "feat_type": "way", "quality_categories": "uncanny_keys", "issue_ids": "[470]", "osm_url": "https://www.openstreetmap.org/way/1093810330", "josm_url": "http://127.0.0.1:8111/load_object?new_layer=false&objects=w1093810330", "id_url": "https://www.openstreetmap.org/edit?editor=id&way=1093810330#map=20/45.491396/9.1530607"}}, {"type": "Feature", "geometry": {"type": "Point", "coordinates": [9.1537534, 45.4909871]}, "properties": {"id": 1093813854, "feat_type": "way", "quality_categories": "uncanny_keys", "issue_ids": "[470]", "osm_url": "https://www.openstreetmap.org/way/1093813854", "josm_url": "http://127.0.0.1:8111/load_object?new_layer=false&objects=w1093813854", "id_url": "https://www.openstreetmap.org/edit?editor=id&way=1093813854#map=20/45.4909871/9.1537534"}}, {"type": "Feature", "geometry": {"type": "Point", "coordinates": [9.1567468, 45.4937089]}, "properties": {"id": 1093822567, "feat_type": "way", "quality_categories": "uncanny_keys", "issue_ids": "[471]", "osm_url": "https://www.openstreetmap.org/way/1093822567", "josm_url": "http://127.0.0.1:8111/load_object?new_layer=false&objects=w1093822567", "id_url": "https://www.openstreetmap.org/edit?editor=id&way=1093822567#map=20/45.4937089/9.1567468"}}, {"type": "Feature", "geometry": {"type": "Point", "coordinates": [9.1637539, 45.4894553]}, "properties": {"id": 1094209492, "feat_type": "way", "quality_categories": "missing_tags, uncanny_keys", "issue_ids": "[472, 10]", "osm_url": "https://www.openstreetmap.org/way/1094209492", "josm_url": "http://127.0.0.1:8111/load_object?new_layer=false&objects=w1094209492", "id_url": "https://www.openstreetmap.org/edit?editor=id&way=1094209492#map=20/45.4894553/9.1637539"}}, {"type": "Feature", "geometry": {"type": "Point", "coordinates": [9.1640808, 45.4893192]}, "properties": {"id": 1094210780, "feat_type": "way", "quality_categories": "missing_tags, uncanny_keys", "issue_ids": "[472, 10]", "osm_url": "https://www.openstreetmap.org/way/1094210780", "josm_url": "http://127.0.0.1:8111/load_object?new_layer=false&objects=w1094210780", "id_url": "https://www.openstreetmap.org/edit?editor=id&way=1094210780#map=20/45.4893192/9.1640808"}}, {"type": "Feature", "geometry": {"type": "Point", "coordinates": [9.2383449, 45.4608529]}, "properties": {"id": 1098546891, "feat_type": "way", "quality_categories": "uncanny_keys", "issue_ids": "[473]", "osm_url": "https://www.openstreetmap.org/way/1098546891", "josm_url": "http://127.0.0.1:8111/load_object?new_layer=false&objects=w1098546891", "id_url": "https://www.openstreetmap.org/edit?editor=id&way=1098546891#map=20/45.4608529/9.2383449"}}, {"type": "Feature", "geometry": {"type": "Point", "coordinates": [9.1107955, 45.4961397]}, "properties": {"id": 1098840223, "feat_type": "way", "quality_categories": "missing_tags, uncanny_keys", "issue_ids": "[108, 10]", "osm_url": "https://www.openstreetmap.org/way/1098840223", "josm_url": "http://127.0.0.1:8111/load_object?new_layer=false&objects=w1098840223", "id_url": "https://www.openstreetmap.org/edit?editor=id&way=1098840223#map=20/45.4961397/9.1107955"}}, {"type": "Feature", "geometry": {"type": "Point", "coordinates": [9.110842, 45.4964749]}, "properties": {"id": 1098841024, "feat_type": "way", "quality_categories": "missing_tags, uncanny_keys", "issue_ids": "[108, 10]", "osm_url": "https://www.openstreetmap.org/way/1098841024", "josm_url": "http://127.0.0.1:8111/load_object?new_layer=false&objects=w1098841024", "id_url": "https://www.openstreetmap.org/edit?editor=id&way=1098841024#map=20/45.4964749/9.110842"}}, {"type": "Feature", "geometry": {"type": "Point", "coordinates": [9.1374022, 45.5078471]}, "properties": {"id": 1100855006, "feat_type": "way", "quality_categories": "uncanny_keys", "issue_ids": "[44]", "osm_url": "https://www.openstreetmap.org/way/1100855006", "josm_url": "http://127.0.0.1:8111/load_object?new_layer=false&objects=w1100855006", "id_url": "https://www.openstreetmap.org/edit?editor=id&way=1100855006#map=20/45.5078471/9.1374022"}}, {"type": "Feature", "geometry": {"type": "Point", "coordinates": [9.1722895, 45.5215337]}, "properties": {"id": 1103128475, "feat_type": "way", "quality_categories": "uncanny_keys", "issue_ids": "[47]", "osm_url": "https://www.openstreetmap.org/way/1103128475", "josm_url": "http://127.0.0.1:8111/load_object?new_layer=false&objects=w1103128475", "id_url": "https://www.openstreetmap.org/edit?editor=id&way=1103128475#map=20/45.5215337/9.1722895"}}, {"type": "Feature", "geometry": {"type": "Point", "coordinates": [9.1294095, 45.4701649]}, "properties": {"id": 1105472549, "feat_type": "way", "quality_categories": "uncanny_keys", "issue_ids": "[474]", "osm_url": "https://www.openstreetmap.org/way/1105472549", "josm_url": "http://127.0.0.1:8111/load_object?new_layer=false&objects=w1105472549", "id_url": "https://www.openstreetmap.org/edit?editor=id&way=1105472549#map=20/45.4701649/9.1294095"}}, {"type": "Feature", "geometry": {"type": "Point", "coordinates": [9.2389326, 45.4696382]}, "properties": {"id": 1105811572, "feat_type": "way", "quality_categories": "uncanny_keys", "issue_ids": "[208]", "osm_url": "https://www.openstreetmap.org/way/1105811572", "josm_url": "http://127.0.0.1:8111/load_object?new_layer=false&objects=w1105811572", "id_url": "https://www.openstreetmap.org/edit?editor=id&way=1105811572#map=20/45.4696382/9.2389326"}}, {"type": "Feature", "geometry": {"type": "Point", "coordinates": [9.2275628, 45.4519835]}, "properties": {"id": 1115228995, "feat_type": "way", "quality_categories": "uncanny_keys", "issue_ids": "[475]", "osm_url": "https://www.openstreetmap.org/way/1115228995", "josm_url": "http://127.0.0.1:8111/load_object?new_layer=false&objects=w1115228995", "id_url": "https://www.openstreetmap.org/edit?editor=id&way=1115228995#map=20/45.4519835/9.2275628"}}, {"type": "Feature", "geometry": {"type": "Point", "coordinates": [9.1540777, 45.4369653]}, "properties": {"id": 1115960402, "feat_type": "way", "quality_categories": "missing_tags, uncanny_keys", "issue_ids": "[476, 10]", "osm_url": "https://www.openstreetmap.org/way/1115960402", "josm_url": "http://127.0.0.1:8111/load_object?new_layer=false&objects=w1115960402", "id_url": "https://www.openstreetmap.org/edit?editor=id&way=1115960402#map=20/45.4369653/9.1540777"}}, {"type": "Feature", "geometry": {"type": "Point", "coordinates": [9.1792736, 45.4375109]}, "properties": {"id": 1115974449, "feat_type": "way", "quality_categories": "uncanny_keys", "issue_ids": "[477]", "osm_url": "https://www.openstreetmap.org/way/1115974449", "josm_url": "http://127.0.0.1:8111/load_object?new_layer=false&objects=w1115974449", "id_url": "https://www.openstreetmap.org/edit?editor=id&way=1115974449#map=20/45.4375109/9.1792736"}}, {"type": "Feature", "geometry": {"type": "Point", "coordinates": [9.1790805, 45.4373197]}, "properties": {"id": 1115974536, "feat_type": "way", "quality_categories": "missing_tags, uncanny_keys", "issue_ids": "[477, 10]", "osm_url": "https://www.openstreetmap.org/way/1115974536", "josm_url": "http://127.0.0.1:8111/load_object?new_layer=false&objects=w1115974536", "id_url": "https://www.openstreetmap.org/edit?editor=id&way=1115974536#map=20/45.4373197/9.1790805"}}, {"type": "Feature", "geometry": {"type": "Point", "coordinates": [9.182656, 45.4374614]}, "properties": {"id": 1115975149, "feat_type": "way", "quality_categories": "uncanny_keys", "issue_ids": "[478]", "osm_url": "https://www.openstreetmap.org/way/1115975149", "josm_url": "http://127.0.0.1:8111/load_object?new_layer=false&objects=w1115975149", "id_url": "https://www.openstreetmap.org/edit?editor=id&way=1115975149#map=20/45.4374614/9.182656"}}, {"type": "Feature", "geometry": {"type": "Point", "coordinates": [9.1863483, 45.4374223]}, "properties": {"id": 1115977261, "feat_type": "way", "quality_categories": "missing_tags, uncanny_keys", "issue_ids": "[479, 10]", "osm_url": "https://www.openstreetmap.org/way/1115977261", "josm_url": "http://127.0.0.1:8111/load_object?new_layer=false&objects=w1115977261", "id_url": "https://www.openstreetmap.org/edit?editor=id&way=1115977261#map=20/45.4374223/9.1863483"}}, {"type": "Feature", "geometry": {"type": "Point", "coordinates": [9.1843209, 45.4372552]}, "properties": {"id": 1115977262, "feat_type": "way", "quality_categories": "missing_tags, uncanny_keys", "issue_ids": "[478, 10]", "osm_url": "https://www.openstreetmap.org/way/1115977262", "josm_url": "http://127.0.0.1:8111/load_object?new_layer=false&objects=w1115977262", "id_url": "https://www.openstreetmap.org/edit?editor=id&way=1115977262#map=20/45.4372552/9.1843209"}}, {"type": "Feature", "geometry": {"type": "Point", "coordinates": [9.1683718, 45.4377842]}, "properties": {"id": 1115977634, "feat_type": "way", "quality_categories": "missing_tags, uncanny_keys", "issue_ids": "[211, 10]", "osm_url": "https://www.openstreetmap.org/way/1115977634", "josm_url": "http://127.0.0.1:8111/load_object?new_layer=false&objects=w1115977634", "id_url": "https://www.openstreetmap.org/edit?editor=id&way=1115977634#map=20/45.4377842/9.1683718"}}, {"type": "Feature", "geometry": {"type": "Point", "coordinates": [9.1603466, 45.4435357]}, "properties": {"id": 1116003711, "feat_type": "way", "quality_categories": "uncanny_keys", "issue_ids": "[480]", "osm_url": "https://www.openstreetmap.org/way/1116003711", "josm_url": "http://127.0.0.1:8111/load_object?new_layer=false&objects=w1116003711", "id_url": "https://www.openstreetmap.org/edit?editor=id&way=1116003711#map=20/45.4435357/9.1603466"}}, {"type": "Feature", "geometry": {"type": "Point", "coordinates": [9.1584888, 45.4432757]}, "properties": {"id": 1116003713, "feat_type": "way", "quality_categories": "uncanny_keys", "issue_ids": "[481]", "osm_url": "https://www.openstreetmap.org/way/1116003713", "josm_url": "http://127.0.0.1:8111/load_object?new_layer=false&objects=w1116003713", "id_url": "https://www.openstreetmap.org/edit?editor=id&way=1116003713#map=20/45.4432757/9.1584888"}}, {"type": "Feature", "geometry": {"type": "Point", "coordinates": [9.1832169, 45.4410403]}, "properties": {"id": 1116005911, "feat_type": "way", "quality_categories": "uncanny_keys", "issue_ids": "[482]", "osm_url": "https://www.openstreetmap.org/way/1116005911", "josm_url": "http://127.0.0.1:8111/load_object?new_layer=false&objects=w1116005911", "id_url": "https://www.openstreetmap.org/edit?editor=id&way=1116005911#map=20/45.4410403/9.1832169"}}, {"type": "Feature", "geometry": {"type": "Point", "coordinates": [9.1831246, 45.4408731]}, "properties": {"id": 1116005912, "feat_type": "way", "quality_categories": "uncanny_keys", "issue_ids": "[482]", "osm_url": "https://www.openstreetmap.org/way/1116005912", "josm_url": "http://127.0.0.1:8111/load_object?new_layer=false&objects=w1116005912", "id_url": "https://www.openstreetmap.org/edit?editor=id&way=1116005912#map=20/45.4408731/9.1831246"}}, {"type": "Feature", "geometry": {"type": "Point", "coordinates": [9.184589, 45.4337632]}, "properties": {"id": 1116007951, "feat_type": "way", "quality_categories": "uncanny_keys", "issue_ids": "[483]", "osm_url": "https://www.openstreetmap.org/way/1116007951", "josm_url": "http://127.0.0.1:8111/load_object?new_layer=false&objects=w1116007951", "id_url": "https://www.openstreetmap.org/edit?editor=id&way=1116007951#map=20/45.4337632/9.184589"}}, {"type": "Feature", "geometry": {"type": "Point", "coordinates": [9.1830016, 45.4326479]}, "properties": {"id": 1116007953, "feat_type": "way", "quality_categories": "uncanny_keys", "issue_ids": "[484]", "osm_url": "https://www.openstreetmap.org/way/1116007953", "josm_url": "http://127.0.0.1:8111/load_object?new_layer=false&objects=w1116007953", "id_url": "https://www.openstreetmap.org/edit?editor=id&way=1116007953#map=20/45.4326479/9.1830016"}}, {"type": "Feature", "geometry": {"type": "Point", "coordinates": [9.182739, 45.4328158]}, "properties": {"id": 1116007956, "feat_type": "way", "quality_categories": "uncanny_keys", "issue_ids": "[484]", "osm_url": "https://www.openstreetmap.org/way/1116007956", "josm_url": "http://127.0.0.1:8111/load_object?new_layer=false&objects=w1116007956", "id_url": "https://www.openstreetmap.org/edit?editor=id&way=1116007956#map=20/45.4328158/9.182739"}}, {"type": "Feature", "geometry": {"type": "Point", "coordinates": [9.1836205, 45.4342943]}, "properties": {"id": 1116011025, "feat_type": "way", "quality_categories": "uncanny_keys", "issue_ids": "[43]", "osm_url": "https://www.openstreetmap.org/way/1116011025", "josm_url": "http://127.0.0.1:8111/load_object?new_layer=false&objects=w1116011025", "id_url": "https://www.openstreetmap.org/edit?editor=id&way=1116011025#map=20/45.4342943/9.1836205"}}, {"type": "Feature", "geometry": {"type": "Point", "coordinates": [9.1541554, 45.4443192]}, "properties": {"id": 1116227371, "feat_type": "way", "quality_categories": "uncanny_keys", "issue_ids": "[485]", "osm_url": "https://www.openstreetmap.org/way/1116227371", "josm_url": "http://127.0.0.1:8111/load_object?new_layer=false&objects=w1116227371", "id_url": "https://www.openstreetmap.org/edit?editor=id&way=1116227371#map=20/45.4443192/9.1541554"}}, {"type": "Feature", "geometry": {"type": "Point", "coordinates": [9.1559428, 45.4444181]}, "properties": {"id": 1116227372, "feat_type": "way", "quality_categories": "uncanny_keys", "issue_ids": "[486]", "osm_url": "https://www.openstreetmap.org/way/1116227372", "josm_url": "http://127.0.0.1:8111/load_object?new_layer=false&objects=w1116227372", "id_url": "https://www.openstreetmap.org/edit?editor=id&way=1116227372#map=20/45.4444181/9.1559428"}}, {"type": "Feature", "geometry": {"type": "Point", "coordinates": [9.1495604, 45.4432062]}, "properties": {"id": 1116227459, "feat_type": "way", "quality_categories": "uncanny_keys", "issue_ids": "[487]", "osm_url": "https://www.openstreetmap.org/way/1116227459", "josm_url": "http://127.0.0.1:8111/load_object?new_layer=false&objects=w1116227459", "id_url": "https://www.openstreetmap.org/edit?editor=id&way=1116227459#map=20/45.4432062/9.1495604"}}, {"type": "Feature", "geometry": {"type": "Point", "coordinates": [9.1491921, 45.443256]}, "properties": {"id": 1116227461, "feat_type": "way", "quality_categories": "uncanny_keys", "issue_ids": "[487]", "osm_url": "https://www.openstreetmap.org/way/1116227461", "josm_url": "http://127.0.0.1:8111/load_object?new_layer=false&objects=w1116227461", "id_url": "https://www.openstreetmap.org/edit?editor=id&way=1116227461#map=20/45.443256/9.1491921"}}, {"type": "Feature", "geometry": {"type": "Point", "coordinates": [9.1410503, 45.444462]}, "properties": {"id": 1116233335, "feat_type": "way", "quality_categories": "uncanny_keys", "issue_ids": "[488]", "osm_url": "https://www.openstreetmap.org/way/1116233335", "josm_url": "http://127.0.0.1:8111/load_object?new_layer=false&objects=w1116233335", "id_url": "https://www.openstreetmap.org/edit?editor=id&way=1116233335#map=20/45.444462/9.1410503"}}, {"type": "Feature", "geometry": {"type": "Point", "coordinates": [9.1876481, 45.4421156]}, "properties": {"id": 1116248622, "feat_type": "way", "quality_categories": "uncanny_keys", "issue_ids": "[489]", "osm_url": "https://www.openstreetmap.org/way/1116248622", "josm_url": "http://127.0.0.1:8111/load_object?new_layer=false&objects=w1116248622", "id_url": "https://www.openstreetmap.org/edit?editor=id&way=1116248622#map=20/45.4421156/9.1876481"}}, {"type": "Feature", "geometry": {"type": "Point", "coordinates": [9.1880053, 45.4429869]}, "properties": {"id": 1116248624, "feat_type": "way", "quality_categories": "uncanny_keys", "issue_ids": "[489]", "osm_url": "https://www.openstreetmap.org/way/1116248624", "josm_url": "http://127.0.0.1:8111/load_object?new_layer=false&objects=w1116248624", "id_url": "https://www.openstreetmap.org/edit?editor=id&way=1116248624#map=20/45.4429869/9.1880053"}}, {"type": "Feature", "geometry": {"type": "Point", "coordinates": [9.1876477, 45.4398544]}, "properties": {"id": 1116248865, "feat_type": "way", "quality_categories": "uncanny_keys", "issue_ids": "[490]", "osm_url": "https://www.openstreetmap.org/way/1116248865", "josm_url": "http://127.0.0.1:8111/load_object?new_layer=false&objects=w1116248865", "id_url": "https://www.openstreetmap.org/edit?editor=id&way=1116248865#map=20/45.4398544/9.1876477"}}, {"type": "Feature", "geometry": {"type": "Point", "coordinates": [9.1879555, 45.4397244]}, "properties": {"id": 1116248868, "feat_type": "way", "quality_categories": "uncanny_keys", "issue_ids": "[490]", "osm_url": "https://www.openstreetmap.org/way/1116248868", "josm_url": "http://127.0.0.1:8111/load_object?new_layer=false&objects=w1116248868", "id_url": "https://www.openstreetmap.org/edit?editor=id&way=1116248868#map=20/45.4397244/9.1879555"}}, {"type": "Feature", "geometry": {"type": "Point", "coordinates": [9.1886909, 45.4373995]}, "properties": {"id": 1116249884, "feat_type": "way", "quality_categories": "uncanny_keys", "issue_ids": "[491]", "osm_url": "https://www.openstreetmap.org/way/1116249884", "josm_url": "http://127.0.0.1:8111/load_object?new_layer=false&objects=w1116249884", "id_url": "https://www.openstreetmap.org/edit?editor=id&way=1116249884#map=20/45.4373995/9.1886909"}}, {"type": "Feature", "geometry": {"type": "Point", "coordinates": [9.1869283, 45.437227]}, "properties": {"id": 1116249885, "feat_type": "way", "quality_categories": "uncanny_keys", "issue_ids": "[491]", "osm_url": "https://www.openstreetmap.org/way/1116249885", "josm_url": "http://127.0.0.1:8111/load_object?new_layer=false&objects=w1116249885", "id_url": "https://www.openstreetmap.org/edit?editor=id&way=1116249885#map=20/45.437227/9.1869283"}}, {"type": "Feature", "geometry": {"type": "Point", "coordinates": [9.1879208, 45.4375645]}, "properties": {"id": 1116249886, "feat_type": "way", "quality_categories": "uncanny_keys", "issue_ids": "[492]", "osm_url": "https://www.openstreetmap.org/way/1116249886", "josm_url": "http://127.0.0.1:8111/load_object?new_layer=false&objects=w1116249886", "id_url": "https://www.openstreetmap.org/edit?editor=id&way=1116249886#map=20/45.4375645/9.1879208"}}, {"type": "Feature", "geometry": {"type": "Point", "coordinates": [9.1946071, 45.437332]}, "properties": {"id": 1116249974, "feat_type": "way", "quality_categories": "uncanny_keys", "issue_ids": "[493]", "osm_url": "https://www.openstreetmap.org/way/1116249974", "josm_url": "http://127.0.0.1:8111/load_object?new_layer=false&objects=w1116249974", "id_url": "https://www.openstreetmap.org/edit?editor=id&way=1116249974#map=20/45.437332/9.1946071"}}, {"type": "Feature", "geometry": {"type": "Point", "coordinates": [9.1964076, 45.4373017]}, "properties": {"id": 1116250032, "feat_type": "way", "quality_categories": "uncanny_keys", "issue_ids": "[494]", "osm_url": "https://www.openstreetmap.org/way/1116250032", "josm_url": "http://127.0.0.1:8111/load_object?new_layer=false&objects=w1116250032", "id_url": "https://www.openstreetmap.org/edit?editor=id&way=1116250032#map=20/45.4373017/9.1964076"}}, {"type": "Feature", "geometry": {"type": "Point", "coordinates": [9.2012362, 45.4360621]}, "properties": {"id": 1116529388, "feat_type": "way", "quality_categories": "uncanny_keys", "issue_ids": "[495]", "osm_url": "https://www.openstreetmap.org/way/1116529388", "josm_url": "http://127.0.0.1:8111/load_object?new_layer=false&objects=w1116529388", "id_url": "https://www.openstreetmap.org/edit?editor=id&way=1116529388#map=20/45.4360621/9.2012362"}}, {"type": "Feature", "geometry": {"type": "Point", "coordinates": [9.201159, 45.4362]}, "properties": {"id": 1116529390, "feat_type": "way", "quality_categories": "uncanny_keys", "issue_ids": "[495]", "osm_url": "https://www.openstreetmap.org/way/1116529390", "josm_url": "http://127.0.0.1:8111/load_object?new_layer=false&objects=w1116529390", "id_url": "https://www.openstreetmap.org/edit?editor=id&way=1116529390#map=20/45.4362/9.201159"}}, {"type": "Feature", "geometry": {"type": "Point", "coordinates": [9.2028087, 45.4391859]}, "properties": {"id": 1116529392, "feat_type": "way", "quality_categories": "uncanny_keys", "issue_ids": "[496]", "osm_url": "https://www.openstreetmap.org/way/1116529392", "josm_url": "http://127.0.0.1:8111/load_object?new_layer=false&objects=w1116529392", "id_url": "https://www.openstreetmap.org/edit?editor=id&way=1116529392#map=20/45.4391859/9.2028087"}}, {"type": "Feature", "geometry": {"type": "Point", "coordinates": [9.2023759, 45.4393477]}, "properties": {"id": 1116529394, "feat_type": "way", "quality_categories": "uncanny_keys", "issue_ids": "[496]", "osm_url": "https://www.openstreetmap.org/way/1116529394", "josm_url": "http://127.0.0.1:8111/load_object?new_layer=false&objects=w1116529394", "id_url": "https://www.openstreetmap.org/edit?editor=id&way=1116529394#map=20/45.4393477/9.2023759"}}, {"type": "Feature", "geometry": {"type": "Point", "coordinates": [9.2042296, 45.4445399]}, "properties": {"id": 1116566617, "feat_type": "way", "quality_categories": "uncanny_keys", "issue_ids": "[497]", "osm_url": "https://www.openstreetmap.org/way/1116566617", "josm_url": "http://127.0.0.1:8111/load_object?new_layer=false&objects=w1116566617", "id_url": "https://www.openstreetmap.org/edit?editor=id&way=1116566617#map=20/45.4445399/9.2042296"}}, {"type": "Feature", "geometry": {"type": "Point", "coordinates": [9.2493639, 45.4451273]}, "properties": {"id": 1116896478, "feat_type": "way", "quality_categories": "uncanny_keys", "issue_ids": "[498]", "osm_url": "https://www.openstreetmap.org/way/1116896478", "josm_url": "http://127.0.0.1:8111/load_object?new_layer=false&objects=w1116896478", "id_url": "https://www.openstreetmap.org/edit?editor=id&way=1116896478#map=20/45.4451273/9.2493639"}}, {"type": "Feature", "geometry": {"type": "Point", "coordinates": [9.2462983, 45.4447838]}, "properties": {"id": 1116896480, "feat_type": "way", "quality_categories": "uncanny_keys", "issue_ids": "[499]", "osm_url": "https://www.openstreetmap.org/way/1116896480", "josm_url": "http://127.0.0.1:8111/load_object?new_layer=false&objects=w1116896480", "id_url": "https://www.openstreetmap.org/edit?editor=id&way=1116896480#map=20/45.4447838/9.2462983"}}, {"type": "Feature", "geometry": {"type": "Point", "coordinates": [9.2451078, 45.4445849]}, "properties": {"id": 1116896482, "feat_type": "way", "quality_categories": "uncanny_keys", "issue_ids": "[500]", "osm_url": "https://www.openstreetmap.org/way/1116896482", "josm_url": "http://127.0.0.1:8111/load_object?new_layer=false&objects=w1116896482", "id_url": "https://www.openstreetmap.org/edit?editor=id&way=1116896482#map=20/45.4445849/9.2451078"}}, {"type": "Feature", "geometry": {"type": "Point", "coordinates": [9.2425739, 45.4443475]}, "properties": {"id": 1116896484, "feat_type": "way", "quality_categories": "uncanny_keys", "issue_ids": "[501]", "osm_url": "https://www.openstreetmap.org/way/1116896484", "josm_url": "http://127.0.0.1:8111/load_object?new_layer=false&objects=w1116896484", "id_url": "https://www.openstreetmap.org/edit?editor=id&way=1116896484#map=20/45.4443475/9.2425739"}}, {"type": "Feature", "geometry": {"type": "Point", "coordinates": [9.241847, 45.4443556]}, "properties": {"id": 1116896485, "feat_type": "way", "quality_categories": "uncanny_keys", "issue_ids": "[502]", "osm_url": "https://www.openstreetmap.org/way/1116896485", "josm_url": "http://127.0.0.1:8111/load_object?new_layer=false&objects=w1116896485", "id_url": "https://www.openstreetmap.org/edit?editor=id&way=1116896485#map=20/45.4443556/9.241847"}}, {"type": "Feature", "geometry": {"type": "Point", "coordinates": [9.2416215, 45.4544492]}, "properties": {"id": 1116896513, "feat_type": "way", "quality_categories": "missing_tags, uncanny_keys", "issue_ids": "[503, 10]", "osm_url": "https://www.openstreetmap.org/way/1116896513", "josm_url": "http://127.0.0.1:8111/load_object?new_layer=false&objects=w1116896513", "id_url": "https://www.openstreetmap.org/edit?editor=id&way=1116896513#map=20/45.4544492/9.2416215"}}, {"type": "Feature", "geometry": {"type": "Point", "coordinates": [9.2496937, 45.4450238]}, "properties": {"id": 1116897754, "feat_type": "way", "quality_categories": "missing_tags, uncanny_keys", "issue_ids": "[504, 10]", "osm_url": "https://www.openstreetmap.org/way/1116897754", "josm_url": "http://127.0.0.1:8111/load_object?new_layer=false&objects=w1116897754", "id_url": "https://www.openstreetmap.org/edit?editor=id&way=1116897754#map=20/45.4450238/9.2496937"}}, {"type": "Feature", "geometry": {"type": "Point", "coordinates": [9.2488471, 45.4455446]}, "properties": {"id": 1116899442, "feat_type": "way", "quality_categories": "uncanny_keys", "issue_ids": "[505]", "osm_url": "https://www.openstreetmap.org/way/1116899442", "josm_url": "http://127.0.0.1:8111/load_object?new_layer=false&objects=w1116899442", "id_url": "https://www.openstreetmap.org/edit?editor=id&way=1116899442#map=20/45.4455446/9.2488471"}}, {"type": "Feature", "geometry": {"type": "Point", "coordinates": [9.2455331, 45.445902]}, "properties": {"id": 1116901352, "feat_type": "way", "quality_categories": "uncanny_keys", "issue_ids": "[506]", "osm_url": "https://www.openstreetmap.org/way/1116901352", "josm_url": "http://127.0.0.1:8111/load_object?new_layer=false&objects=w1116901352", "id_url": "https://www.openstreetmap.org/edit?editor=id&way=1116901352#map=20/45.445902/9.2455331"}}, {"type": "Feature", "geometry": {"type": "Point", "coordinates": [9.2432945, 45.445802]}, "properties": {"id": 1116910423, "feat_type": "way", "quality_categories": "uncanny_keys", "issue_ids": "[507]", "osm_url": "https://www.openstreetmap.org/way/1116910423", "josm_url": "http://127.0.0.1:8111/load_object?new_layer=false&objects=w1116910423", "id_url": "https://www.openstreetmap.org/edit?editor=id&way=1116910423#map=20/45.445802/9.2432945"}}, {"type": "Feature", "geometry": {"type": "Point", "coordinates": [9.2425433, 45.4339589]}, "properties": {"id": 1116911546, "feat_type": "way", "quality_categories": "uncanny_keys", "issue_ids": "[508]", "osm_url": "https://www.openstreetmap.org/way/1116911546", "josm_url": "http://127.0.0.1:8111/load_object?new_layer=false&objects=w1116911546", "id_url": "https://www.openstreetmap.org/edit?editor=id&way=1116911546#map=20/45.4339589/9.2425433"}}, {"type": "Feature", "geometry": {"type": "Point", "coordinates": [9.2300243, 45.4679578]}, "properties": {"id": 1117196882, "feat_type": "way", "quality_categories": "uncanny_keys", "issue_ids": "[236]", "osm_url": "https://www.openstreetmap.org/way/1117196882", "josm_url": "http://127.0.0.1:8111/load_object?new_layer=false&objects=w1117196882", "id_url": "https://www.openstreetmap.org/edit?editor=id&way=1117196882#map=20/45.4679578/9.2300243"}}, {"type": "Feature", "geometry": {"type": "Point", "coordinates": [9.0807089, 45.4661424]}, "properties": {"id": 1118028192, "feat_type": "way", "quality_categories": "uncanny_keys", "issue_ids": "[509]", "osm_url": "https://www.openstreetmap.org/way/1118028192", "josm_url": "http://127.0.0.1:8111/load_object?new_layer=false&objects=w1118028192", "id_url": "https://www.openstreetmap.org/edit?editor=id&way=1118028192#map=20/45.4661424/9.0807089"}}, {"type": "Feature", "geometry": {"type": "Point", "coordinates": [9.1672164, 45.5294354]}, "properties": {"id": 1118885319, "feat_type": "way", "quality_categories": "uncanny_keys", "issue_ids": "[510]", "osm_url": "https://www.openstreetmap.org/way/1118885319", "josm_url": "http://127.0.0.1:8111/load_object?new_layer=false&objects=w1118885319", "id_url": "https://www.openstreetmap.org/edit?editor=id&way=1118885319#map=20/45.5294354/9.1672164"}}, {"type": "Feature", "geometry": {"type": "Point", "coordinates": [9.2209987, 45.5139754]}, "properties": {"id": 1121713932, "feat_type": "way", "quality_categories": "uncanny_keys", "issue_ids": "[511]", "osm_url": "https://www.openstreetmap.org/way/1121713932", "josm_url": "http://127.0.0.1:8111/load_object?new_layer=false&objects=w1121713932", "id_url": "https://www.openstreetmap.org/edit?editor=id&way=1121713932#map=20/45.5139754/9.2209987"}}, {"type": "Feature", "geometry": {"type": "Point", "coordinates": [9.2172388, 45.4368949]}, "properties": {"id": 1128357649, "feat_type": "way", "quality_categories": "uncanny_keys", "issue_ids": "[512]", "osm_url": "https://www.openstreetmap.org/way/1128357649", "josm_url": "http://127.0.0.1:8111/load_object?new_layer=false&objects=w1128357649", "id_url": "https://www.openstreetmap.org/edit?editor=id&way=1128357649#map=20/45.4368949/9.2172388"}}, {"type": "Feature", "geometry": {"type": "Point", "coordinates": [9.1693575, 45.4991742]}, "properties": {"id": 1128429963, "feat_type": "way", "quality_categories": "missing_tags, uncanny_keys", "issue_ids": "[513, 10]", "osm_url": "https://www.openstreetmap.org/way/1128429963", "josm_url": "http://127.0.0.1:8111/load_object?new_layer=false&objects=w1128429963", "id_url": "https://www.openstreetmap.org/edit?editor=id&way=1128429963#map=20/45.4991742/9.1693575"}}, {"type": "Feature", "geometry": {"type": "Point", "coordinates": [9.1622541, 45.5016731]}, "properties": {"id": 1128433475, "feat_type": "way", "quality_categories": "uncanny_keys", "issue_ids": "[514]", "osm_url": "https://www.openstreetmap.org/way/1128433475", "josm_url": "http://127.0.0.1:8111/load_object?new_layer=false&objects=w1128433475", "id_url": "https://www.openstreetmap.org/edit?editor=id&way=1128433475#map=20/45.5016731/9.1622541"}}, {"type": "Feature", "geometry": {"type": "Point", "coordinates": [9.1644328, 45.5019004]}, "properties": {"id": 1128433734, "feat_type": "way", "quality_categories": "uncanny_keys", "issue_ids": "[46]", "osm_url": "https://www.openstreetmap.org/way/1128433734", "josm_url": "http://127.0.0.1:8111/load_object?new_layer=false&objects=w1128433734", "id_url": "https://www.openstreetmap.org/edit?editor=id&way=1128433734#map=20/45.5019004/9.1644328"}}, {"type": "Feature", "geometry": {"type": "Point", "coordinates": [9.1597352, 45.5026372]}, "properties": {"id": 1128434548, "feat_type": "way", "quality_categories": "uncanny_keys", "issue_ids": "[515]", "osm_url": "https://www.openstreetmap.org/way/1128434548", "josm_url": "http://127.0.0.1:8111/load_object?new_layer=false&objects=w1128434548", "id_url": "https://www.openstreetmap.org/edit?editor=id&way=1128434548#map=20/45.5026372/9.1597352"}}, {"type": "Feature", "geometry": {"type": "Point", "coordinates": [9.1760952, 45.5103333]}, "properties": {"id": 1128447577, "feat_type": "way", "quality_categories": "uncanny_keys", "issue_ids": "[516]", "osm_url": "https://www.openstreetmap.org/way/1128447577", "josm_url": "http://127.0.0.1:8111/load_object?new_layer=false&objects=w1128447577", "id_url": "https://www.openstreetmap.org/edit?editor=id&way=1128447577#map=20/45.5103333/9.1760952"}}, {"type": "Feature", "geometry": {"type": "Point", "coordinates": [9.1767944, 45.5095807]}, "properties": {"id": 1128452764, "feat_type": "way", "quality_categories": "uncanny_keys", "issue_ids": "[516]", "osm_url": "https://www.openstreetmap.org/way/1128452764", "josm_url": "http://127.0.0.1:8111/load_object?new_layer=false&objects=w1128452764", "id_url": "https://www.openstreetmap.org/edit?editor=id&way=1128452764#map=20/45.5095807/9.1767944"}}, {"type": "Feature", "geometry": {"type": "Point", "coordinates": [9.1612702, 45.5032112]}, "properties": {"id": 1128464292, "feat_type": "way", "quality_categories": "uncanny_keys", "issue_ids": "[517]", "osm_url": "https://www.openstreetmap.org/way/1128464292", "josm_url": "http://127.0.0.1:8111/load_object?new_layer=false&objects=w1128464292", "id_url": "https://www.openstreetmap.org/edit?editor=id&way=1128464292#map=20/45.5032112/9.1612702"}}, {"type": "Feature", "geometry": {"type": "Point", "coordinates": [9.1611107, 45.5031694]}, "properties": {"id": 1128464294, "feat_type": "way", "quality_categories": "uncanny_keys", "issue_ids": "[517]", "osm_url": "https://www.openstreetmap.org/way/1128464294", "josm_url": "http://127.0.0.1:8111/load_object?new_layer=false&objects=w1128464294", "id_url": "https://www.openstreetmap.org/edit?editor=id&way=1128464294#map=20/45.5031694/9.1611107"}}, {"type": "Feature", "geometry": {"type": "Point", "coordinates": [9.1728726, 45.5148915]}, "properties": {"id": 1128541734, "feat_type": "way", "quality_categories": "uncanny_keys", "issue_ids": "[518]", "osm_url": "https://www.openstreetmap.org/way/1128541734", "josm_url": "http://127.0.0.1:8111/load_object?new_layer=false&objects=w1128541734", "id_url": "https://www.openstreetmap.org/edit?editor=id&way=1128541734#map=20/45.5148915/9.1728726"}}, {"type": "Feature", "geometry": {"type": "Point", "coordinates": [9.1739417, 45.5136554]}, "properties": {"id": 1128594560, "feat_type": "way", "quality_categories": "missing_tags, uncanny_keys", "issue_ids": "[519, 10]", "osm_url": "https://www.openstreetmap.org/way/1128594560", "josm_url": "http://127.0.0.1:8111/load_object?new_layer=false&objects=w1128594560", "id_url": "https://www.openstreetmap.org/edit?editor=id&way=1128594560#map=20/45.5136554/9.1739417"}}, {"type": "Feature", "geometry": {"type": "Point", "coordinates": [9.2487391, 45.4350487]}, "properties": {"id": 1134762348, "feat_type": "way", "quality_categories": "uncanny_keys", "issue_ids": "[520]", "osm_url": "https://www.openstreetmap.org/way/1134762348", "josm_url": "http://127.0.0.1:8111/load_object?new_layer=false&objects=w1134762348", "id_url": "https://www.openstreetmap.org/edit?editor=id&way=1134762348#map=20/45.4350487/9.2487391"}}, {"type": "Feature", "geometry": {"type": "Point", "coordinates": [9.211529, 45.5220219]}, "properties": {"id": 1135438559, "feat_type": "way", "quality_categories": "uncanny_keys", "issue_ids": "[521]", "osm_url": "https://www.openstreetmap.org/way/1135438559", "josm_url": "http://127.0.0.1:8111/load_object?new_layer=false&objects=w1135438559", "id_url": "https://www.openstreetmap.org/edit?editor=id&way=1135438559#map=20/45.5220219/9.211529"}}, {"type": "Feature", "geometry": {"type": "Point", "coordinates": [9.1983265, 45.5018088]}, "properties": {"id": 1135748824, "feat_type": "way", "quality_categories": "uncanny_keys", "issue_ids": "[463]", "osm_url": "https://www.openstreetmap.org/way/1135748824", "josm_url": "http://127.0.0.1:8111/load_object?new_layer=false&objects=w1135748824", "id_url": "https://www.openstreetmap.org/edit?editor=id&way=1135748824#map=20/45.5018088/9.1983265"}}, {"type": "Feature", "geometry": {"type": "Point", "coordinates": [9.1901081, 45.4569873]}, "properties": {"id": 1137551106, "feat_type": "way", "quality_categories": "missing_tags, uncanny_keys", "issue_ids": "[522, 10]", "osm_url": "https://www.openstreetmap.org/way/1137551106", "josm_url": "http://127.0.0.1:8111/load_object?new_layer=false&objects=w1137551106", "id_url": "https://www.openstreetmap.org/edit?editor=id&way=1137551106#map=20/45.4569873/9.1901081"}}, {"type": "Feature", "geometry": {"type": "Point", "coordinates": [9.2370222, 45.4181372]}, "properties": {"id": 1144666890, "feat_type": "way", "quality_categories": "uncanny_keys", "issue_ids": "[523]", "osm_url": "https://www.openstreetmap.org/way/1144666890", "josm_url": "http://127.0.0.1:8111/load_object?new_layer=false&objects=w1144666890", "id_url": "https://www.openstreetmap.org/edit?editor=id&way=1144666890#map=20/45.4181372/9.2370222"}}, {"type": "Feature", "geometry": {"type": "Point", "coordinates": [9.1805168, 45.4845326]}, "properties": {"id": 1145076076, "feat_type": "way", "quality_categories": "uncanny_keys", "issue_ids": "[172]", "osm_url": "https://www.openstreetmap.org/way/1145076076", "josm_url": "http://127.0.0.1:8111/load_object?new_layer=false&objects=w1145076076", "id_url": "https://www.openstreetmap.org/edit?editor=id&way=1145076076#map=20/45.4845326/9.1805168"}}, {"type": "Feature", "geometry": {"type": "Point", "coordinates": [9.170244, 45.4832886]}, "properties": {"id": 1148226677, "feat_type": "way", "quality_categories": "uncanny_keys", "issue_ids": "[524]", "osm_url": "https://www.openstreetmap.org/way/1148226677", "josm_url": "http://127.0.0.1:8111/load_object?new_layer=false&objects=w1148226677", "id_url": "https://www.openstreetmap.org/edit?editor=id&way=1148226677#map=20/45.4832886/9.170244"}}, {"type": "Feature", "geometry": {"type": "Point", "coordinates": [9.2240045, 45.4483326]}, "properties": {"id": 1148440029, "feat_type": "way", "quality_categories": "missing_tags, uncanny_keys", "issue_ids": "[525, 10]", "osm_url": "https://www.openstreetmap.org/way/1148440029", "josm_url": "http://127.0.0.1:8111/load_object?new_layer=false&objects=w1148440029", "id_url": "https://www.openstreetmap.org/edit?editor=id&way=1148440029#map=20/45.4483326/9.2240045"}}, {"type": "Feature", "geometry": {"type": "Point", "coordinates": [9.2241968, 45.4497284]}, "properties": {"id": 1148440031, "feat_type": "way", "quality_categories": "missing_tags, uncanny_keys", "issue_ids": "[525, 10]", "osm_url": "https://www.openstreetmap.org/way/1148440031", "josm_url": "http://127.0.0.1:8111/load_object?new_layer=false&objects=w1148440031", "id_url": "https://www.openstreetmap.org/edit?editor=id&way=1148440031#map=20/45.4497284/9.2241968"}}, {"type": "Feature", "geometry": {"type": "Point", "coordinates": [9.2233879, 45.4513447]}, "properties": {"id": 1148442028, "feat_type": "way", "quality_categories": "missing_tags, uncanny_keys", "issue_ids": "[226, 10]", "osm_url": "https://www.openstreetmap.org/way/1148442028", "josm_url": "http://127.0.0.1:8111/load_object?new_layer=false&objects=w1148442028", "id_url": "https://www.openstreetmap.org/edit?editor=id&way=1148442028#map=20/45.4513447/9.2233879"}}, {"type": "Feature", "geometry": {"type": "Point", "coordinates": [9.2232511, 45.4515361]}, "properties": {"id": 1148442029, "feat_type": "way", "quality_categories": "missing_tags, uncanny_keys", "issue_ids": "[226, 10]", "osm_url": "https://www.openstreetmap.org/way/1148442029", "josm_url": "http://127.0.0.1:8111/load_object?new_layer=false&objects=w1148442029", "id_url": "https://www.openstreetmap.org/edit?editor=id&way=1148442029#map=20/45.4515361/9.2232511"}}, {"type": "Feature", "geometry": {"type": "Point", "coordinates": [9.2243361, 45.4521495]}, "properties": {"id": 1148443026, "feat_type": "way", "quality_categories": "missing_tags, uncanny_keys", "issue_ids": "[226, 10]", "osm_url": "https://www.openstreetmap.org/way/1148443026", "josm_url": "http://127.0.0.1:8111/load_object?new_layer=false&objects=w1148443026", "id_url": "https://www.openstreetmap.org/edit?editor=id&way=1148443026#map=20/45.4521495/9.2243361"}}, {"type": "Feature", "geometry": {"type": "Point", "coordinates": [9.2237499, 45.4517186]}, "properties": {"id": 1148443029, "feat_type": "way", "quality_categories": "missing_tags, uncanny_keys", "issue_ids": "[226, 10]", "osm_url": "https://www.openstreetmap.org/way/1148443029", "josm_url": "http://127.0.0.1:8111/load_object?new_layer=false&objects=w1148443029", "id_url": "https://www.openstreetmap.org/edit?editor=id&way=1148443029#map=20/45.4517186/9.2237499"}}, {"type": "Feature", "geometry": {"type": "Point", "coordinates": [9.2239079, 45.4539231]}, "properties": {"id": 1148443853, "feat_type": "way", "quality_categories": "missing_tags, uncanny_keys", "issue_ids": "[526, 10]", "osm_url": "https://www.openstreetmap.org/way/1148443853", "josm_url": "http://127.0.0.1:8111/load_object?new_layer=false&objects=w1148443853", "id_url": "https://www.openstreetmap.org/edit?editor=id&way=1148443853#map=20/45.4539231/9.2239079"}}, {"type": "Feature", "geometry": {"type": "Point", "coordinates": [9.224129, 45.4535073]}, "properties": {"id": 1148443854, "feat_type": "way", "quality_categories": "missing_tags, uncanny_keys", "issue_ids": "[526, 10]", "osm_url": "https://www.openstreetmap.org/way/1148443854", "josm_url": "http://127.0.0.1:8111/load_object?new_layer=false&objects=w1148443854", "id_url": "https://www.openstreetmap.org/edit?editor=id&way=1148443854#map=20/45.4535073/9.224129"}}, {"type": "Feature", "geometry": {"type": "Point", "coordinates": [9.2166068, 45.4495731]}, "properties": {"id": 1148446981, "feat_type": "way", "quality_categories": "uncanny_keys", "issue_ids": "[527]", "osm_url": "https://www.openstreetmap.org/way/1148446981", "josm_url": "http://127.0.0.1:8111/load_object?new_layer=false&objects=w1148446981", "id_url": "https://www.openstreetmap.org/edit?editor=id&way=1148446981#map=20/45.4495731/9.2166068"}}, {"type": "Feature", "geometry": {"type": "Point", "coordinates": [9.2135542, 45.4504123]}, "properties": {"id": 1148446982, "feat_type": "way", "quality_categories": "uncanny_keys", "issue_ids": "[528]", "osm_url": "https://www.openstreetmap.org/way/1148446982", "josm_url": "http://127.0.0.1:8111/load_object?new_layer=false&objects=w1148446982", "id_url": "https://www.openstreetmap.org/edit?editor=id&way=1148446982#map=20/45.4504123/9.2135542"}}, {"type": "Feature", "geometry": {"type": "Point", "coordinates": [9.2240806, 45.4568495]}, "properties": {"id": 1148453191, "feat_type": "way", "quality_categories": "uncanny_keys", "issue_ids": "[529]", "osm_url": "https://www.openstreetmap.org/way/1148453191", "josm_url": "http://127.0.0.1:8111/load_object?new_layer=false&objects=w1148453191", "id_url": "https://www.openstreetmap.org/edit?editor=id&way=1148453191#map=20/45.4568495/9.2240806"}}, {"type": "Feature", "geometry": {"type": "Point", "coordinates": [9.2158342, 45.4841398]}, "properties": {"id": 1151963061, "feat_type": "way", "quality_categories": "uncanny_keys", "issue_ids": "[446]", "osm_url": "https://www.openstreetmap.org/way/1151963061", "josm_url": "http://127.0.0.1:8111/load_object?new_layer=false&objects=w1151963061", "id_url": "https://www.openstreetmap.org/edit?editor=id&way=1151963061#map=20/45.4841398/9.2158342"}}, {"type": "Feature", "geometry": {"type": "Point", "coordinates": [9.2235639, 45.479644]}, "properties": {"id": 1151964176, "feat_type": "way", "quality_categories": "uncanny_keys", "issue_ids": "[431]", "osm_url": "https://www.openstreetmap.org/way/1151964176", "josm_url": "http://127.0.0.1:8111/load_object?new_layer=false&objects=w1151964176", "id_url": "https://www.openstreetmap.org/edit?editor=id&way=1151964176#map=20/45.479644/9.2235639"}}, {"type": "Feature", "geometry": {"type": "Point", "coordinates": [9.2237073, 45.4693982]}, "properties": {"id": 1151964920, "feat_type": "way", "quality_categories": "missing_tags, uncanny_keys", "issue_ids": "[530, 10]", "osm_url": "https://www.openstreetmap.org/way/1151964920", "josm_url": "http://127.0.0.1:8111/load_object?new_layer=false&objects=w1151964920", "id_url": "https://www.openstreetmap.org/edit?editor=id&way=1151964920#map=20/45.4693982/9.2237073"}}, {"type": "Feature", "geometry": {"type": "Point", "coordinates": [9.1844, 45.4889008]}, "properties": {"id": 1152004865, "feat_type": "way", "quality_categories": "uncanny_keys", "issue_ids": "[169]", "osm_url": "https://www.openstreetmap.org/way/1152004865", "josm_url": "http://127.0.0.1:8111/load_object?new_layer=false&objects=w1152004865", "id_url": "https://www.openstreetmap.org/edit?editor=id&way=1152004865#map=20/45.4889008/9.1844"}}, {"type": "Feature", "geometry": {"type": "Point", "coordinates": [9.0934966, 45.5055138]}, "properties": {"id": 1152893852, "feat_type": "way", "quality_categories": "uncanny_keys", "issue_ids": "[531]", "osm_url": "https://www.openstreetmap.org/way/1152893852", "josm_url": "http://127.0.0.1:8111/load_object?new_layer=false&objects=w1152893852", "id_url": "https://www.openstreetmap.org/edit?editor=id&way=1152893852#map=20/45.5055138/9.0934966"}}, {"type": "Feature", "geometry": {"type": "Point", "coordinates": [9.2116518, 45.5017731]}, "properties": {"id": 1152907280, "feat_type": "way", "quality_categories": "uncanny_keys", "issue_ids": "[532]", "osm_url": "https://www.openstreetmap.org/way/1152907280", "josm_url": "http://127.0.0.1:8111/load_object?new_layer=false&objects=w1152907280", "id_url": "https://www.openstreetmap.org/edit?editor=id&way=1152907280#map=20/45.5017731/9.2116518"}}, {"type": "Feature", "geometry": {"type": "Point", "coordinates": [9.114804, 45.4707812]}, "properties": {"id": 1153984491, "feat_type": "way", "quality_categories": "uncanny_keys", "issue_ids": "[533]", "osm_url": "https://www.openstreetmap.org/way/1153984491", "josm_url": "http://127.0.0.1:8111/load_object?new_layer=false&objects=w1153984491", "id_url": "https://www.openstreetmap.org/edit?editor=id&way=1153984491#map=20/45.4707812/9.114804"}}, {"type": "Feature", "geometry": {"type": "Point", "coordinates": [9.1064637, 45.4733764]}, "properties": {"id": 1153992768, "feat_type": "way", "quality_categories": "uncanny_keys", "issue_ids": "[534]", "osm_url": "https://www.openstreetmap.org/way/1153992768", "josm_url": "http://127.0.0.1:8111/load_object?new_layer=false&objects=w1153992768", "id_url": "https://www.openstreetmap.org/edit?editor=id&way=1153992768#map=20/45.4733764/9.1064637"}}, {"type": "Feature", "geometry": {"type": "Point", "coordinates": [9.1063086, 45.4732373]}, "properties": {"id": 1153992770, "feat_type": "way", "quality_categories": "uncanny_keys", "issue_ids": "[534]", "osm_url": "https://www.openstreetmap.org/way/1153992770", "josm_url": "http://127.0.0.1:8111/load_object?new_layer=false&objects=w1153992770", "id_url": "https://www.openstreetmap.org/edit?editor=id&way=1153992770#map=20/45.4732373/9.1063086"}}, {"type": "Feature", "geometry": {"type": "Point", "coordinates": [9.2375972, 45.482881]}, "properties": {"id": 1154282842, "feat_type": "way", "quality_categories": "uncanny_keys", "issue_ids": "[535]", "osm_url": "https://www.openstreetmap.org/way/1154282842", "josm_url": "http://127.0.0.1:8111/load_object?new_layer=false&objects=w1154282842", "id_url": "https://www.openstreetmap.org/edit?editor=id&way=1154282842#map=20/45.482881/9.2375972"}}, {"type": "Feature", "geometry": {"type": "Point", "coordinates": [9.2414999, 45.4828024]}, "properties": {"id": 1154283604, "feat_type": "way", "quality_categories": "uncanny_keys", "issue_ids": "[536]", "osm_url": "https://www.openstreetmap.org/way/1154283604", "josm_url": "http://127.0.0.1:8111/load_object?new_layer=false&objects=w1154283604", "id_url": "https://www.openstreetmap.org/edit?editor=id&way=1154283604#map=20/45.4828024/9.2414999"}}, {"type": "Feature", "geometry": {"type": "Point", "coordinates": [9.2411513, 45.4815164]}, "properties": {"id": 1154284734, "feat_type": "way", "quality_categories": "uncanny_keys", "issue_ids": "[537]", "osm_url": "https://www.openstreetmap.org/way/1154284734", "josm_url": "http://127.0.0.1:8111/load_object?new_layer=false&objects=w1154284734", "id_url": "https://www.openstreetmap.org/edit?editor=id&way=1154284734#map=20/45.4815164/9.2411513"}}, {"type": "Feature", "geometry": {"type": "Point", "coordinates": [9.2459004, 45.479795]}, "properties": {"id": 1154286575, "feat_type": "way", "quality_categories": "uncanny_keys", "issue_ids": "[538]", "osm_url": "https://www.openstreetmap.org/way/1154286575", "josm_url": "http://127.0.0.1:8111/load_object?new_layer=false&objects=w1154286575", "id_url": "https://www.openstreetmap.org/edit?editor=id&way=1154286575#map=20/45.479795/9.2459004"}}, {"type": "Feature", "geometry": {"type": "Point", "coordinates": [9.2466278, 45.4781791]}, "properties": {"id": 1154286971, "feat_type": "way", "quality_categories": "uncanny_keys", "issue_ids": "[539]", "osm_url": "https://www.openstreetmap.org/way/1154286971", "josm_url": "http://127.0.0.1:8111/load_object?new_layer=false&objects=w1154286971", "id_url": "https://www.openstreetmap.org/edit?editor=id&way=1154286971#map=20/45.4781791/9.2466278"}}, {"type": "Feature", "geometry": {"type": "Point", "coordinates": [9.2421818, 45.4802399]}, "properties": {"id": 1154288215, "feat_type": "way", "quality_categories": "uncanny_keys", "issue_ids": "[540]", "osm_url": "https://www.openstreetmap.org/way/1154288215", "josm_url": "http://127.0.0.1:8111/load_object?new_layer=false&objects=w1154288215", "id_url": "https://www.openstreetmap.org/edit?editor=id&way=1154288215#map=20/45.4802399/9.2421818"}}, {"type": "Feature", "geometry": {"type": "Point", "coordinates": [9.2431722, 45.4772008]}, "properties": {"id": 1154288680, "feat_type": "way", "quality_categories": "uncanny_keys", "issue_ids": "[541]", "osm_url": "https://www.openstreetmap.org/way/1154288680", "josm_url": "http://127.0.0.1:8111/load_object?new_layer=false&objects=w1154288680", "id_url": "https://www.openstreetmap.org/edit?editor=id&way=1154288680#map=20/45.4772008/9.2431722"}}, {"type": "Feature", "geometry": {"type": "Point", "coordinates": [9.237082, 45.4694571]}, "properties": {"id": 1154455793, "feat_type": "way", "quality_categories": "uncanny_keys", "issue_ids": "[542]", "osm_url": "https://www.openstreetmap.org/way/1154455793", "josm_url": "http://127.0.0.1:8111/load_object?new_layer=false&objects=w1154455793", "id_url": "https://www.openstreetmap.org/edit?editor=id&way=1154455793#map=20/45.4694571/9.237082"}}, {"type": "Feature", "geometry": {"type": "Point", "coordinates": [9.2152274, 45.4858885]}, "properties": {"id": 1154500882, "feat_type": "way", "quality_categories": "uncanny_keys", "issue_ids": "[446]", "osm_url": "https://www.openstreetmap.org/way/1154500882", "josm_url": "http://127.0.0.1:8111/load_object?new_layer=false&objects=w1154500882", "id_url": "https://www.openstreetmap.org/edit?editor=id&way=1154500882#map=20/45.4858885/9.2152274"}}, {"type": "Feature", "geometry": {"type": "Point", "coordinates": [9.2157878, 45.4843508]}, "properties": {"id": 1154500884, "feat_type": "way", "quality_categories": "uncanny_keys", "issue_ids": "[446]", "osm_url": "https://www.openstreetmap.org/way/1154500884", "josm_url": "http://127.0.0.1:8111/load_object?new_layer=false&objects=w1154500884", "id_url": "https://www.openstreetmap.org/edit?editor=id&way=1154500884#map=20/45.4843508/9.2157878"}}, {"type": "Feature", "geometry": {"type": "Point", "coordinates": [9.2340529, 45.4991444]}, "properties": {"id": 1154511089, "feat_type": "way", "quality_categories": "missing_tags, uncanny_keys", "issue_ids": "[543, 10]", "osm_url": "https://www.openstreetmap.org/way/1154511089", "josm_url": "http://127.0.0.1:8111/load_object?new_layer=false&objects=w1154511089", "id_url": "https://www.openstreetmap.org/edit?editor=id&way=1154511089#map=20/45.4991444/9.2340529"}}, {"type": "Feature", "geometry": {"type": "Point", "coordinates": [9.2371969, 45.501513]}, "properties": {"id": 1154513650, "feat_type": "way", "quality_categories": "missing_tags, uncanny_keys", "issue_ids": "[544, 10]", "osm_url": "https://www.openstreetmap.org/way/1154513650", "josm_url": "http://127.0.0.1:8111/load_object?new_layer=false&objects=w1154513650", "id_url": "https://www.openstreetmap.org/edit?editor=id&way=1154513650#map=20/45.501513/9.2371969"}}, {"type": "Feature", "geometry": {"type": "Point", "coordinates": [9.1816115, 45.4757622]}, "properties": {"id": 1154754956, "feat_type": "way", "quality_categories": "uncanny_keys", "issue_ids": "[173]", "osm_url": "https://www.openstreetmap.org/way/1154754956", "josm_url": "http://127.0.0.1:8111/load_object?new_layer=false&objects=w1154754956", "id_url": "https://www.openstreetmap.org/edit?editor=id&way=1154754956#map=20/45.4757622/9.1816115"}}, {"type": "Feature", "geometry": {"type": "Point", "coordinates": [9.1283075, 45.5115403]}, "properties": {"id": 1155983397, "feat_type": "way", "quality_categories": "missing_tags, uncanny_keys", "issue_ids": "[545, 10]", "osm_url": "https://www.openstreetmap.org/way/1155983397", "josm_url": "http://127.0.0.1:8111/load_object?new_layer=false&objects=w1155983397", "id_url": "https://www.openstreetmap.org/edit?editor=id&way=1155983397#map=20/45.5115403/9.1283075"}}, {"type": "Feature", "geometry": {"type": "Point", "coordinates": [9.1384154, 45.5168998]}, "properties": {"id": 1156001770, "feat_type": "way", "quality_categories": "uncanny_keys", "issue_ids": "[196]", "osm_url": "https://www.openstreetmap.org/way/1156001770", "josm_url": "http://127.0.0.1:8111/load_object?new_layer=false&objects=w1156001770", "id_url": "https://www.openstreetmap.org/edit?editor=id&way=1156001770#map=20/45.5168998/9.1384154"}}, {"type": "Feature", "geometry": {"type": "Point", "coordinates": [9.1390244, 45.5165746]}, "properties": {"id": 1156007704, "feat_type": "way", "quality_categories": "uncanny_keys", "issue_ids": "[196]", "osm_url": "https://www.openstreetmap.org/way/1156007704", "josm_url": "http://127.0.0.1:8111/load_object?new_layer=false&objects=w1156007704", "id_url": "https://www.openstreetmap.org/edit?editor=id&way=1156007704#map=20/45.5165746/9.1390244"}}, {"type": "Feature", "geometry": {"type": "Point", "coordinates": [9.1902546, 45.4834127]}, "properties": {"id": 1156575200, "feat_type": "way", "quality_categories": "uncanny_keys", "issue_ids": "[284]", "osm_url": "https://www.openstreetmap.org/way/1156575200", "josm_url": "http://127.0.0.1:8111/load_object?new_layer=false&objects=w1156575200", "id_url": "https://www.openstreetmap.org/edit?editor=id&way=1156575200#map=20/45.4834127/9.1902546"}}, {"type": "Feature", "geometry": {"type": "Point", "coordinates": [9.2032901, 45.4838194]}, "properties": {"id": 1165419664, "feat_type": "way", "quality_categories": "uncanny_keys", "issue_ids": "[60]", "osm_url": "https://www.openstreetmap.org/way/1165419664", "josm_url": "http://127.0.0.1:8111/load_object?new_layer=false&objects=w1165419664", "id_url": "https://www.openstreetmap.org/edit?editor=id&way=1165419664#map=20/45.4838194/9.2032901"}}, {"type": "Feature", "geometry": {"type": "Point", "coordinates": [9.202052, 45.4841394]}, "properties": {"id": 1165419665, "feat_type": "way", "quality_categories": "uncanny_keys", "issue_ids": "[60]", "osm_url": "https://www.openstreetmap.org/way/1165419665", "josm_url": "http://127.0.0.1:8111/load_object?new_layer=false&objects=w1165419665", "id_url": "https://www.openstreetmap.org/edit?editor=id&way=1165419665#map=20/45.4841394/9.202052"}}, {"type": "Feature", "geometry": {"type": "Point", "coordinates": [9.2032393, 45.4848366]}, "properties": {"id": 1165419666, "feat_type": "way", "quality_categories": "uncanny_keys", "issue_ids": "[60]", "osm_url": "https://www.openstreetmap.org/way/1165419666", "josm_url": "http://127.0.0.1:8111/load_object?new_layer=false&objects=w1165419666", "id_url": "https://www.openstreetmap.org/edit?editor=id&way=1165419666#map=20/45.4848366/9.2032393"}}, {"type": "Feature", "geometry": {"type": "Point", "coordinates": [9.200736, 45.5070865]}, "properties": {"id": 1173971559, "feat_type": "way", "quality_categories": "uncanny_keys", "issue_ids": "[40]", "osm_url": "https://www.openstreetmap.org/way/1173971559", "josm_url": "http://127.0.0.1:8111/load_object?new_layer=false&objects=w1173971559", "id_url": "https://www.openstreetmap.org/edit?editor=id&way=1173971559#map=20/45.5070865/9.200736"}}, {"type": "Feature", "geometry": {"type": "Point", "coordinates": [9.2062313, 45.4396816]}, "properties": {"id": 1180104613, "feat_type": "way", "quality_categories": "uncanny_keys", "issue_ids": "[546]", "osm_url": "https://www.openstreetmap.org/way/1180104613", "josm_url": "http://127.0.0.1:8111/load_object?new_layer=false&objects=w1180104613", "id_url": "https://www.openstreetmap.org/edit?editor=id&way=1180104613#map=20/45.4396816/9.2062313"}}, {"type": "Feature", "geometry": {"type": "Point", "coordinates": [9.2399006, 45.4695719]}, "properties": {"id": 1182024267, "feat_type": "way", "quality_categories": "uncanny_keys", "issue_ids": "[208]", "osm_url": "https://www.openstreetmap.org/way/1182024267", "josm_url": "http://127.0.0.1:8111/load_object?new_layer=false&objects=w1182024267", "id_url": "https://www.openstreetmap.org/edit?editor=id&way=1182024267#map=20/45.4695719/9.2399006"}}, {"type": "Feature", "geometry": {"type": "Point", "coordinates": [9.2417393, 45.4694859]}, "properties": {"id": 1182024268, "feat_type": "way", "quality_categories": "uncanny_keys", "issue_ids": "[208]", "osm_url": "https://www.openstreetmap.org/way/1182024268", "josm_url": "http://127.0.0.1:8111/load_object?new_layer=false&objects=w1182024268", "id_url": "https://www.openstreetmap.org/edit?editor=id&way=1182024268#map=20/45.4694859/9.2417393"}}, {"type": "Feature", "geometry": {"type": "Point", "coordinates": [9.2482627, 45.4884933]}, "properties": {"id": 1183418698, "feat_type": "way", "quality_categories": "uncanny_keys", "issue_ids": "[547]", "osm_url": "https://www.openstreetmap.org/way/1183418698", "josm_url": "http://127.0.0.1:8111/load_object?new_layer=false&objects=w1183418698", "id_url": "https://www.openstreetmap.org/edit?editor=id&way=1183418698#map=20/45.4884933/9.2482627"}}, {"type": "Feature", "geometry": {"type": "Point", "coordinates": [9.1669302, 45.5291965]}, "properties": {"id": 1184412398, "feat_type": "way", "quality_categories": "uncanny_keys", "issue_ids": "[548]", "osm_url": "https://www.openstreetmap.org/way/1184412398", "josm_url": "http://127.0.0.1:8111/load_object?new_layer=false&objects=w1184412398", "id_url": "https://www.openstreetmap.org/edit?editor=id&way=1184412398#map=20/45.5291965/9.1669302"}}, {"type": "Feature", "geometry": {"type": "Point", "coordinates": [9.1694929, 45.529021]}, "properties": {"id": 1184413048, "feat_type": "way", "quality_categories": "uncanny_keys", "issue_ids": "[549]", "osm_url": "https://www.openstreetmap.org/way/1184413048", "josm_url": "http://127.0.0.1:8111/load_object?new_layer=false&objects=w1184413048", "id_url": "https://www.openstreetmap.org/edit?editor=id&way=1184413048#map=20/45.529021/9.1694929"}}, {"type": "Feature", "geometry": {"type": "Point", "coordinates": [9.1508052, 45.4299426]}, "properties": {"id": 1185977162, "feat_type": "way", "quality_categories": "missing_tags, uncanny_keys", "issue_ids": "[550, 10]", "osm_url": "https://www.openstreetmap.org/way/1185977162", "josm_url": "http://127.0.0.1:8111/load_object?new_layer=false&objects=w1185977162", "id_url": "https://www.openstreetmap.org/edit?editor=id&way=1185977162#map=20/45.4299426/9.1508052"}}, {"type": "Feature", "geometry": {"type": "Point", "coordinates": [9.1453777, 45.4339983]}, "properties": {"id": 1186695389, "feat_type": "way", "quality_categories": "missing_tags, uncanny_keys", "issue_ids": "[551, 10]", "osm_url": "https://www.openstreetmap.org/way/1186695389", "josm_url": "http://127.0.0.1:8111/load_object?new_layer=false&objects=w1186695389", "id_url": "https://www.openstreetmap.org/edit?editor=id&way=1186695389#map=20/45.4339983/9.1453777"}}, {"type": "Feature", "geometry": {"type": "Point", "coordinates": [9.1473796, 45.432259]}, "properties": {"id": 1186698078, "feat_type": "way", "quality_categories": "missing_tags, uncanny_keys", "issue_ids": "[552, 10]", "osm_url": "https://www.openstreetmap.org/way/1186698078", "josm_url": "http://127.0.0.1:8111/load_object?new_layer=false&objects=w1186698078", "id_url": "https://www.openstreetmap.org/edit?editor=id&way=1186698078#map=20/45.432259/9.1473796"}}, {"type": "Feature", "geometry": {"type": "Point", "coordinates": [9.1815046, 45.4725867]}, "properties": {"id": 1190130045, "feat_type": "way", "quality_categories": "uncanny_keys", "issue_ids": "[155]", "osm_url": "https://www.openstreetmap.org/way/1190130045", "josm_url": "http://127.0.0.1:8111/load_object?new_layer=false&objects=w1190130045", "id_url": "https://www.openstreetmap.org/edit?editor=id&way=1190130045#map=20/45.4725867/9.1815046"}}, {"type": "Feature", "geometry": {"type": "Point", "coordinates": [9.2098998, 45.4536821]}, "properties": {"id": 1190137769, "feat_type": "way", "quality_categories": "uncanny_keys", "issue_ids": "[553]", "osm_url": "https://www.openstreetmap.org/way/1190137769", "josm_url": "http://127.0.0.1:8111/load_object?new_layer=false&objects=w1190137769", "id_url": "https://www.openstreetmap.org/edit?editor=id&way=1190137769#map=20/45.4536821/9.2098998"}}, {"type": "Feature", "geometry": {"type": "Point", "coordinates": [9.2089829, 45.4532949]}, "properties": {"id": 1190138017, "feat_type": "way", "quality_categories": "uncanny_keys", "issue_ids": "[553]", "osm_url": "https://www.openstreetmap.org/way/1190138017", "josm_url": "http://127.0.0.1:8111/load_object?new_layer=false&objects=w1190138017", "id_url": "https://www.openstreetmap.org/edit?editor=id&way=1190138017#map=20/45.4532949/9.2089829"}}, {"type": "Feature", "geometry": {"type": "Point", "coordinates": [9.2086707, 45.4521373]}, "properties": {"id": 1190138592, "feat_type": "way", "quality_categories": "uncanny_keys", "issue_ids": "[554]", "osm_url": "https://www.openstreetmap.org/way/1190138592", "josm_url": "http://127.0.0.1:8111/load_object?new_layer=false&objects=w1190138592", "id_url": "https://www.openstreetmap.org/edit?editor=id&way=1190138592#map=20/45.4521373/9.2086707"}}, {"type": "Feature", "geometry": {"type": "Point", "coordinates": [9.2081586, 45.452287]}, "properties": {"id": 1190138593, "feat_type": "way", "quality_categories": "uncanny_keys", "issue_ids": "[555]", "osm_url": "https://www.openstreetmap.org/way/1190138593", "josm_url": "http://127.0.0.1:8111/load_object?new_layer=false&objects=w1190138593", "id_url": "https://www.openstreetmap.org/edit?editor=id&way=1190138593#map=20/45.452287/9.2081586"}}, {"type": "Feature", "geometry": {"type": "Point", "coordinates": [9.2070119, 45.4502696]}, "properties": {"id": 1190140513, "feat_type": "way", "quality_categories": "uncanny_keys", "issue_ids": "[297]", "osm_url": "https://www.openstreetmap.org/way/1190140513", "josm_url": "http://127.0.0.1:8111/load_object?new_layer=false&objects=w1190140513", "id_url": "https://www.openstreetmap.org/edit?editor=id&way=1190140513#map=20/45.4502696/9.2070119"}}, {"type": "Feature", "geometry": {"type": "Point", "coordinates": [9.2066154, 45.4502293]}, "properties": {"id": 1190140515, "feat_type": "way", "quality_categories": "uncanny_keys", "issue_ids": "[297]", "osm_url": "https://www.openstreetmap.org/way/1190140515", "josm_url": "http://127.0.0.1:8111/load_object?new_layer=false&objects=w1190140515", "id_url": "https://www.openstreetmap.org/edit?editor=id&way=1190140515#map=20/45.4502293/9.2066154"}}, {"type": "Feature", "geometry": {"type": "Point", "coordinates": [9.2031509, 45.4471707]}, "properties": {"id": 1190141138, "feat_type": "way", "quality_categories": "uncanny_keys", "issue_ids": "[556]", "osm_url": "https://www.openstreetmap.org/way/1190141138", "josm_url": "http://127.0.0.1:8111/load_object?new_layer=false&objects=w1190141138", "id_url": "https://www.openstreetmap.org/edit?editor=id&way=1190141138#map=20/45.4471707/9.2031509"}}, {"type": "Feature", "geometry": {"type": "Point", "coordinates": [9.2101352, 45.4410106]}, "properties": {"id": 1190170198, "feat_type": "way", "quality_categories": "uncanny_keys", "issue_ids": "[557]", "osm_url": "https://www.openstreetmap.org/way/1190170198", "josm_url": "http://127.0.0.1:8111/load_object?new_layer=false&objects=w1190170198", "id_url": "https://www.openstreetmap.org/edit?editor=id&way=1190170198#map=20/45.4410106/9.2101352"}}, {"type": "Feature", "geometry": {"type": "Point", "coordinates": [9.2118748, 45.4441355]}, "properties": {"id": 1190170964, "feat_type": "way", "quality_categories": "uncanny_keys", "issue_ids": "[558]", "osm_url": "https://www.openstreetmap.org/way/1190170964", "josm_url": "http://127.0.0.1:8111/load_object?new_layer=false&objects=w1190170964", "id_url": "https://www.openstreetmap.org/edit?editor=id&way=1190170964#map=20/45.4441355/9.2118748"}}, {"type": "Feature", "geometry": {"type": "Point", "coordinates": [9.1284954, 45.4622302]}, "properties": {"id": 1190178028, "feat_type": "way", "quality_categories": "uncanny_keys", "issue_ids": "[559]", "osm_url": "https://www.openstreetmap.org/way/1190178028", "josm_url": "http://127.0.0.1:8111/load_object?new_layer=false&objects=w1190178028", "id_url": "https://www.openstreetmap.org/edit?editor=id&way=1190178028#map=20/45.4622302/9.1284954"}}, {"type": "Feature", "geometry": {"type": "Point", "coordinates": [9.1622085, 45.5247399]}, "properties": {"id": 1190554806, "feat_type": "way", "quality_categories": "uncanny_keys", "issue_ids": "[560]", "osm_url": "https://www.openstreetmap.org/way/1190554806", "josm_url": "http://127.0.0.1:8111/load_object?new_layer=false&objects=w1190554806", "id_url": "https://www.openstreetmap.org/edit?editor=id&way=1190554806#map=20/45.5247399/9.1622085"}}, {"type": "Feature", "geometry": {"type": "Point", "coordinates": [9.1628342, 45.5244501]}, "properties": {"id": 1190558961, "feat_type": "way", "quality_categories": "uncanny_keys", "issue_ids": "[561]", "osm_url": "https://www.openstreetmap.org/way/1190558961", "josm_url": "http://127.0.0.1:8111/load_object?new_layer=false&objects=w1190558961", "id_url": "https://www.openstreetmap.org/edit?editor=id&way=1190558961#map=20/45.5244501/9.1628342"}}, {"type": "Feature", "geometry": {"type": "Point", "coordinates": [9.1644821, 45.5237636]}, "properties": {"id": 1190559184, "feat_type": "way", "quality_categories": "uncanny_keys", "issue_ids": "[562]", "osm_url": "https://www.openstreetmap.org/way/1190559184", "josm_url": "http://127.0.0.1:8111/load_object?new_layer=false&objects=w1190559184", "id_url": "https://www.openstreetmap.org/edit?editor=id&way=1190559184#map=20/45.5237636/9.1644821"}}, {"type": "Feature", "geometry": {"type": "Point", "coordinates": [9.1652228, 45.5237535]}, "properties": {"id": 1190559724, "feat_type": "way", "quality_categories": "uncanny_keys", "issue_ids": "[562]", "osm_url": "https://www.openstreetmap.org/way/1190559724", "josm_url": "http://127.0.0.1:8111/load_object?new_layer=false&objects=w1190559724", "id_url": "https://www.openstreetmap.org/edit?editor=id&way=1190559724#map=20/45.5237535/9.1652228"}}, {"type": "Feature", "geometry": {"type": "Point", "coordinates": [9.1635109, 45.5281847]}, "properties": {"id": 1190563406, "feat_type": "way", "quality_categories": "uncanny_keys", "issue_ids": "[563]", "osm_url": "https://www.openstreetmap.org/way/1190563406", "josm_url": "http://127.0.0.1:8111/load_object?new_layer=false&objects=w1190563406", "id_url": "https://www.openstreetmap.org/edit?editor=id&way=1190563406#map=20/45.5281847/9.1635109"}}, {"type": "Feature", "geometry": {"type": "Point", "coordinates": [9.163238, 45.5290193]}, "properties": {"id": 1190563624, "feat_type": "way", "quality_categories": "missing_tags, uncanny_keys", "issue_ids": "[563, 10]", "osm_url": "https://www.openstreetmap.org/way/1190563624", "josm_url": "http://127.0.0.1:8111/load_object?new_layer=false&objects=w1190563624", "id_url": "https://www.openstreetmap.org/edit?editor=id&way=1190563624#map=20/45.5290193/9.163238"}}, {"type": "Feature", "geometry": {"type": "Point", "coordinates": [9.1608921, 45.5315532]}, "properties": {"id": 1190564047, "feat_type": "way", "quality_categories": "uncanny_keys", "issue_ids": "[191]", "osm_url": "https://www.openstreetmap.org/way/1190564047", "josm_url": "http://127.0.0.1:8111/load_object?new_layer=false&objects=w1190564047", "id_url": "https://www.openstreetmap.org/edit?editor=id&way=1190564047#map=20/45.5315532/9.1608921"}}, {"type": "Feature", "geometry": {"type": "Point", "coordinates": [9.1598256, 45.5313935]}, "properties": {"id": 1190564048, "feat_type": "way", "quality_categories": "uncanny_keys", "issue_ids": "[191]", "osm_url": "https://www.openstreetmap.org/way/1190564048", "josm_url": "http://127.0.0.1:8111/load_object?new_layer=false&objects=w1190564048", "id_url": "https://www.openstreetmap.org/edit?editor=id&way=1190564048#map=20/45.5313935/9.1598256"}}, {"type": "Feature", "geometry": {"type": "Point", "coordinates": [9.2010911, 45.4332669]}, "properties": {"id": 1190606908, "feat_type": "way", "quality_categories": "missing_tags, uncanny_keys", "issue_ids": "[564, 10]", "osm_url": "https://www.openstreetmap.org/way/1190606908", "josm_url": "http://127.0.0.1:8111/load_object?new_layer=false&objects=w1190606908", "id_url": "https://www.openstreetmap.org/edit?editor=id&way=1190606908#map=20/45.4332669/9.2010911"}}, {"type": "Feature", "geometry": {"type": "Point", "coordinates": [9.2053272, 45.4397497]}, "properties": {"id": 1190608078, "feat_type": "way", "quality_categories": "uncanny_keys", "issue_ids": "[546]", "osm_url": "https://www.openstreetmap.org/way/1190608078", "josm_url": "http://127.0.0.1:8111/load_object?new_layer=false&objects=w1190608078", "id_url": "https://www.openstreetmap.org/edit?editor=id&way=1190608078#map=20/45.4397497/9.2053272"}}, {"type": "Feature", "geometry": {"type": "Point", "coordinates": [9.2210317, 45.5010922]}, "properties": {"id": 1190614237, "feat_type": "way", "quality_categories": "missing_tags, uncanny_keys", "issue_ids": "[565, 10]", "osm_url": "https://www.openstreetmap.org/way/1190614237", "josm_url": "http://127.0.0.1:8111/load_object?new_layer=false&objects=w1190614237", "id_url": "https://www.openstreetmap.org/edit?editor=id&way=1190614237#map=20/45.5010922/9.2210317"}}, {"type": "Feature", "geometry": {"type": "Point", "coordinates": [9.2234969, 45.5062992]}, "properties": {"id": 1190619180, "feat_type": "way", "quality_categories": "uncanny_keys", "issue_ids": "[566]", "osm_url": "https://www.openstreetmap.org/way/1190619180", "josm_url": "http://127.0.0.1:8111/load_object?new_layer=false&objects=w1190619180", "id_url": "https://www.openstreetmap.org/edit?editor=id&way=1190619180#map=20/45.5062992/9.2234969"}}, {"type": "Feature", "geometry": {"type": "Point", "coordinates": [9.239919, 45.4618638]}, "properties": {"id": 1191772662, "feat_type": "way", "quality_categories": "uncanny_keys", "issue_ids": "[473]", "osm_url": "https://www.openstreetmap.org/way/1191772662", "josm_url": "http://127.0.0.1:8111/load_object?new_layer=false&objects=w1191772662", "id_url": "https://www.openstreetmap.org/edit?editor=id&way=1191772662#map=20/45.4618638/9.239919"}}, {"type": "Feature", "geometry": {"type": "Point", "coordinates": [9.238203, 45.4616829]}, "properties": {"id": 1191809372, "feat_type": "way", "quality_categories": "uncanny_keys", "issue_ids": "[473]", "osm_url": "https://www.openstreetmap.org/way/1191809372", "josm_url": "http://127.0.0.1:8111/load_object?new_layer=false&objects=w1191809372", "id_url": "https://www.openstreetmap.org/edit?editor=id&way=1191809372#map=20/45.4616829/9.238203"}}, {"type": "Feature", "geometry": {"type": "Point", "coordinates": [9.2381074, 45.4616839]}, "properties": {"id": 1191809373, "feat_type": "way", "quality_categories": "uncanny_keys", "issue_ids": "[473]", "osm_url": "https://www.openstreetmap.org/way/1191809373", "josm_url": "http://127.0.0.1:8111/load_object?new_layer=false&objects=w1191809373", "id_url": "https://www.openstreetmap.org/edit?editor=id&way=1191809373#map=20/45.4616839/9.2381074"}}, {"type": "Feature", "geometry": {"type": "Point", "coordinates": [9.2379007, 45.4610412]}, "properties": {"id": 1191810277, "feat_type": "way", "quality_categories": "uncanny_keys", "issue_ids": "[473]", "osm_url": "https://www.openstreetmap.org/way/1191810277", "josm_url": "http://127.0.0.1:8111/load_object?new_layer=false&objects=w1191810277", "id_url": "https://www.openstreetmap.org/edit?editor=id&way=1191810277#map=20/45.4610412/9.2379007"}}, {"type": "Feature", "geometry": {"type": "Point", "coordinates": [9.2077544, 45.5078336]}, "properties": {"id": 1195080703, "feat_type": "way", "quality_categories": "uncanny_keys", "issue_ids": "[567]", "osm_url": "https://www.openstreetmap.org/way/1195080703", "josm_url": "http://127.0.0.1:8111/load_object?new_layer=false&objects=w1195080703", "id_url": "https://www.openstreetmap.org/edit?editor=id&way=1195080703#map=20/45.5078336/9.2077544"}}, {"type": "Feature", "geometry": {"type": "Point", "coordinates": [9.1863727, 45.4835213]}, "properties": {"id": 1204844008, "feat_type": "way", "quality_categories": "uncanny_keys", "issue_ids": "[260]", "osm_url": "https://www.openstreetmap.org/way/1204844008", "josm_url": "http://127.0.0.1:8111/load_object?new_layer=false&objects=w1204844008", "id_url": "https://www.openstreetmap.org/edit?editor=id&way=1204844008#map=20/45.4835213/9.1863727"}}, {"type": "Feature", "geometry": {"type": "Point", "coordinates": [9.1827102, 45.4858673]}, "properties": {"id": 1204846565, "feat_type": "way", "quality_categories": "uncanny_keys", "issue_ids": "[568]", "osm_url": "https://www.openstreetmap.org/way/1204846565", "josm_url": "http://127.0.0.1:8111/load_object?new_layer=false&objects=w1204846565", "id_url": "https://www.openstreetmap.org/edit?editor=id&way=1204846565#map=20/45.4858673/9.1827102"}}, {"type": "Feature", "geometry": {"type": "Point", "coordinates": [9.2120646, 45.5042324]}, "properties": {"id": 1204912318, "feat_type": "way", "quality_categories": "uncanny_keys", "issue_ids": "[569]", "osm_url": "https://www.openstreetmap.org/way/1204912318", "josm_url": "http://127.0.0.1:8111/load_object?new_layer=false&objects=w1204912318", "id_url": "https://www.openstreetmap.org/edit?editor=id&way=1204912318#map=20/45.5042324/9.2120646"}}, {"type": "Feature", "geometry": {"type": "Point", "coordinates": [9.2155192, 45.5109751]}, "properties": {"id": 1204918329, "feat_type": "way", "quality_categories": "uncanny_keys", "issue_ids": "[570]", "osm_url": "https://www.openstreetmap.org/way/1204918329", "josm_url": "http://127.0.0.1:8111/load_object?new_layer=false&objects=w1204918329", "id_url": "https://www.openstreetmap.org/edit?editor=id&way=1204918329#map=20/45.5109751/9.2155192"}}, {"type": "Feature", "geometry": {"type": "Point", "coordinates": [9.2276155, 45.5203113]}, "properties": {"id": 1204928507, "feat_type": "way", "quality_categories": "missing_tags, uncanny_keys", "issue_ids": "[571, 10]", "osm_url": "https://www.openstreetmap.org/way/1204928507", "josm_url": "http://127.0.0.1:8111/load_object?new_layer=false&objects=w1204928507", "id_url": "https://www.openstreetmap.org/edit?editor=id&way=1204928507#map=20/45.5203113/9.2276155"}}, {"type": "Feature", "geometry": {"type": "Point", "coordinates": [9.22684, 45.5191896]}, "properties": {"id": 1204929606, "feat_type": "way", "quality_categories": "uncanny_keys", "issue_ids": "[572]", "osm_url": "https://www.openstreetmap.org/way/1204929606", "josm_url": "http://127.0.0.1:8111/load_object?new_layer=false&objects=w1204929606", "id_url": "https://www.openstreetmap.org/edit?editor=id&way=1204929606#map=20/45.5191896/9.22684"}}, {"type": "Feature", "geometry": {"type": "Point", "coordinates": [9.2239442, 45.5124747]}, "properties": {"id": 1205481697, "feat_type": "way", "quality_categories": "uncanny_keys", "issue_ids": "[573]", "osm_url": "https://www.openstreetmap.org/way/1205481697", "josm_url": "http://127.0.0.1:8111/load_object?new_layer=false&objects=w1205481697", "id_url": "https://www.openstreetmap.org/edit?editor=id&way=1205481697#map=20/45.5124747/9.2239442"}}, {"type": "Feature", "geometry": {"type": "Point", "coordinates": [9.2244705, 45.5114179]}, "properties": {"id": 1205484354, "feat_type": "way", "quality_categories": "uncanny_keys", "issue_ids": "[25]", "osm_url": "https://www.openstreetmap.org/way/1205484354", "josm_url": "http://127.0.0.1:8111/load_object?new_layer=false&objects=w1205484354", "id_url": "https://www.openstreetmap.org/edit?editor=id&way=1205484354#map=20/45.5114179/9.2244705"}}, {"type": "Feature", "geometry": {"type": "Point", "coordinates": [9.2225573, 45.5062679]}, "properties": {"id": 1205709514, "feat_type": "way", "quality_categories": "uncanny_keys", "issue_ids": "[574]", "osm_url": "https://www.openstreetmap.org/way/1205709514", "josm_url": "http://127.0.0.1:8111/load_object?new_layer=false&objects=w1205709514", "id_url": "https://www.openstreetmap.org/edit?editor=id&way=1205709514#map=20/45.5062679/9.2225573"}}, {"type": "Feature", "geometry": {"type": "Point", "coordinates": [9.2231525, 45.5069734]}, "properties": {"id": 1205709933, "feat_type": "way", "quality_categories": "uncanny_keys", "issue_ids": "[575]", "osm_url": "https://www.openstreetmap.org/way/1205709933", "josm_url": "http://127.0.0.1:8111/load_object?new_layer=false&objects=w1205709933", "id_url": "https://www.openstreetmap.org/edit?editor=id&way=1205709933#map=20/45.5069734/9.2231525"}}, {"type": "Feature", "geometry": {"type": "Point", "coordinates": [9.223596, 45.5084696]}, "properties": {"id": 1205710412, "feat_type": "way", "quality_categories": "uncanny_keys", "issue_ids": "[576]", "osm_url": "https://www.openstreetmap.org/way/1205710412", "josm_url": "http://127.0.0.1:8111/load_object?new_layer=false&objects=w1205710412", "id_url": "https://www.openstreetmap.org/edit?editor=id&way=1205710412#map=20/45.5084696/9.223596"}}, {"type": "Feature", "geometry": {"type": "Point", "coordinates": [9.2305533, 45.5051909]}, "properties": {"id": 1205714809, "feat_type": "way", "quality_categories": "uncanny_keys", "issue_ids": "[577]", "osm_url": "https://www.openstreetmap.org/way/1205714809", "josm_url": "http://127.0.0.1:8111/load_object?new_layer=false&objects=w1205714809", "id_url": "https://www.openstreetmap.org/edit?editor=id&way=1205714809#map=20/45.5051909/9.2305533"}}, {"type": "Feature", "geometry": {"type": "Point", "coordinates": [9.237413, 45.5057995]}, "properties": {"id": 1205716660, "feat_type": "way", "quality_categories": "uncanny_keys", "issue_ids": "[578]", "osm_url": "https://www.openstreetmap.org/way/1205716660", "josm_url": "http://127.0.0.1:8111/load_object?new_layer=false&objects=w1205716660", "id_url": "https://www.openstreetmap.org/edit?editor=id&way=1205716660#map=20/45.5057995/9.237413"}}, {"type": "Feature", "geometry": {"type": "Point", "coordinates": [9.2374066, 45.5061743]}, "properties": {"id": 1205716911, "feat_type": "way", "quality_categories": "uncanny_keys", "issue_ids": "[578]", "osm_url": "https://www.openstreetmap.org/way/1205716911", "josm_url": "http://127.0.0.1:8111/load_object?new_layer=false&objects=w1205716911", "id_url": "https://www.openstreetmap.org/edit?editor=id&way=1205716911#map=20/45.5061743/9.2374066"}}, {"type": "Feature", "geometry": {"type": "Point", "coordinates": [9.2366392, 45.5062454]}, "properties": {"id": 1205717552, "feat_type": "way", "quality_categories": "uncanny_keys", "issue_ids": "[578]", "osm_url": "https://www.openstreetmap.org/way/1205717552", "josm_url": "http://127.0.0.1:8111/load_object?new_layer=false&objects=w1205717552", "id_url": "https://www.openstreetmap.org/edit?editor=id&way=1205717552#map=20/45.5062454/9.2366392"}}, {"type": "Feature", "geometry": {"type": "Point", "coordinates": [9.2556714, 45.5114393]}, "properties": {"id": 1205733757, "feat_type": "way", "quality_categories": "missing_tags, uncanny_keys", "issue_ids": "[579, 10]", "osm_url": "https://www.openstreetmap.org/way/1205733757", "josm_url": "http://127.0.0.1:8111/load_object?new_layer=false&objects=w1205733757", "id_url": "https://www.openstreetmap.org/edit?editor=id&way=1205733757#map=20/45.5114393/9.2556714"}}, {"type": "Feature", "geometry": {"type": "Point", "coordinates": [9.2561181, 45.5119522]}, "properties": {"id": 1205733885, "feat_type": "way", "quality_categories": "missing_tags, uncanny_keys", "issue_ids": "[579, 10]", "osm_url": "https://www.openstreetmap.org/way/1205733885", "josm_url": "http://127.0.0.1:8111/load_object?new_layer=false&objects=w1205733885", "id_url": "https://www.openstreetmap.org/edit?editor=id&way=1205733885#map=20/45.5119522/9.2561181"}}, {"type": "Feature", "geometry": {"type": "Point", "coordinates": [9.2588022, 45.5120987]}, "properties": {"id": 1205736311, "feat_type": "way", "quality_categories": "uncanny_keys", "issue_ids": "[580]", "osm_url": "https://www.openstreetmap.org/way/1205736311", "josm_url": "http://127.0.0.1:8111/load_object?new_layer=false&objects=w1205736311", "id_url": "https://www.openstreetmap.org/edit?editor=id&way=1205736311#map=20/45.5120987/9.2588022"}}, {"type": "Feature", "geometry": {"type": "Point", "coordinates": [9.2362155, 45.4964859]}, "properties": {"id": 1205881063, "feat_type": "way", "quality_categories": "uncanny_keys", "issue_ids": "[581]", "osm_url": "https://www.openstreetmap.org/way/1205881063", "josm_url": "http://127.0.0.1:8111/load_object?new_layer=false&objects=w1205881063", "id_url": "https://www.openstreetmap.org/edit?editor=id&way=1205881063#map=20/45.4964859/9.2362155"}}, {"type": "Feature", "geometry": {"type": "Point", "coordinates": [9.2403078, 45.5034095]}, "properties": {"id": 1205885723, "feat_type": "way", "quality_categories": "uncanny_keys", "issue_ids": "[582]", "osm_url": "https://www.openstreetmap.org/way/1205885723", "josm_url": "http://127.0.0.1:8111/load_object?new_layer=false&objects=w1205885723", "id_url": "https://www.openstreetmap.org/edit?editor=id&way=1205885723#map=20/45.5034095/9.2403078"}}, {"type": "Feature", "geometry": {"type": "Point", "coordinates": [9.2405834, 45.5033846]}, "properties": {"id": 1205885725, "feat_type": "way", "quality_categories": "uncanny_keys", "issue_ids": "[583]", "osm_url": "https://www.openstreetmap.org/way/1205885725", "josm_url": "http://127.0.0.1:8111/load_object?new_layer=false&objects=w1205885725", "id_url": "https://www.openstreetmap.org/edit?editor=id&way=1205885725#map=20/45.5033846/9.2405834"}}, {"type": "Feature", "geometry": {"type": "Point", "coordinates": [9.2309329, 45.4969646]}, "properties": {"id": 1205891086, "feat_type": "way", "quality_categories": "uncanny_keys", "issue_ids": "[584]", "osm_url": "https://www.openstreetmap.org/way/1205891086", "josm_url": "http://127.0.0.1:8111/load_object?new_layer=false&objects=w1205891086", "id_url": "https://www.openstreetmap.org/edit?editor=id&way=1205891086#map=20/45.4969646/9.2309329"}}, {"type": "Feature", "geometry": {"type": "Point", "coordinates": [9.2270117, 45.5000517]}, "properties": {"id": 1205898635, "feat_type": "way", "quality_categories": "missing_tags, uncanny_keys", "issue_ids": "[585, 10]", "osm_url": "https://www.openstreetmap.org/way/1205898635", "josm_url": "http://127.0.0.1:8111/load_object?new_layer=false&objects=w1205898635", "id_url": "https://www.openstreetmap.org/edit?editor=id&way=1205898635#map=20/45.5000517/9.2270117"}}, {"type": "Feature", "geometry": {"type": "Point", "coordinates": [9.2284808, 45.5008335]}, "properties": {"id": 1205899163, "feat_type": "way", "quality_categories": "missing_tags, uncanny_keys", "issue_ids": "[585, 10]", "osm_url": "https://www.openstreetmap.org/way/1205899163", "josm_url": "http://127.0.0.1:8111/load_object?new_layer=false&objects=w1205899163", "id_url": "https://www.openstreetmap.org/edit?editor=id&way=1205899163#map=20/45.5008335/9.2284808"}}, {"type": "Feature", "geometry": {"type": "Point", "coordinates": [9.2360841, 45.4945666]}, "properties": {"id": 1206846271, "feat_type": "way", "quality_categories": "uncanny_keys", "issue_ids": "[586]", "osm_url": "https://www.openstreetmap.org/way/1206846271", "josm_url": "http://127.0.0.1:8111/load_object?new_layer=false&objects=w1206846271", "id_url": "https://www.openstreetmap.org/edit?editor=id&way=1206846271#map=20/45.4945666/9.2360841"}}, {"type": "Feature", "geometry": {"type": "Point", "coordinates": [9.2357931, 45.4943819]}, "properties": {"id": 1206865912, "feat_type": "way", "quality_categories": "uncanny_keys", "issue_ids": "[586]", "osm_url": "https://www.openstreetmap.org/way/1206865912", "josm_url": "http://127.0.0.1:8111/load_object?new_layer=false&objects=w1206865912", "id_url": "https://www.openstreetmap.org/edit?editor=id&way=1206865912#map=20/45.4943819/9.2357931"}}, {"type": "Feature", "geometry": {"type": "Point", "coordinates": [9.2366327, 45.4917358]}, "properties": {"id": 1206868683, "feat_type": "way", "quality_categories": "uncanny_keys", "issue_ids": "[587]", "osm_url": "https://www.openstreetmap.org/way/1206868683", "josm_url": "http://127.0.0.1:8111/load_object?new_layer=false&objects=w1206868683", "id_url": "https://www.openstreetmap.org/edit?editor=id&way=1206868683#map=20/45.4917358/9.2366327"}}, {"type": "Feature", "geometry": {"type": "Point", "coordinates": [9.2363085, 45.490743]}, "properties": {"id": 1206868972, "feat_type": "way", "quality_categories": "uncanny_keys", "issue_ids": "[588]", "osm_url": "https://www.openstreetmap.org/way/1206868972", "josm_url": "http://127.0.0.1:8111/load_object?new_layer=false&objects=w1206868972", "id_url": "https://www.openstreetmap.org/edit?editor=id&way=1206868972#map=20/45.490743/9.2363085"}}, {"type": "Feature", "geometry": {"type": "Point", "coordinates": [9.2371342, 45.4905602]}, "properties": {"id": 1206869209, "feat_type": "way", "quality_categories": "uncanny_keys", "issue_ids": "[589]", "osm_url": "https://www.openstreetmap.org/way/1206869209", "josm_url": "http://127.0.0.1:8111/load_object?new_layer=false&objects=w1206869209", "id_url": "https://www.openstreetmap.org/edit?editor=id&way=1206869209#map=20/45.4905602/9.2371342"}}, {"type": "Feature", "geometry": {"type": "Point", "coordinates": [9.237723, 45.49119]}, "properties": {"id": 1206870250, "feat_type": "way", "quality_categories": "uncanny_keys", "issue_ids": "[588]", "osm_url": "https://www.openstreetmap.org/way/1206870250", "josm_url": "http://127.0.0.1:8111/load_object?new_layer=false&objects=w1206870250", "id_url": "https://www.openstreetmap.org/edit?editor=id&way=1206870250#map=20/45.49119/9.237723"}}, {"type": "Feature", "geometry": {"type": "Point", "coordinates": [9.2406385, 45.4911507]}, "properties": {"id": 1206870664, "feat_type": "way", "quality_categories": "uncanny_keys", "issue_ids": "[590]", "osm_url": "https://www.openstreetmap.org/way/1206870664", "josm_url": "http://127.0.0.1:8111/load_object?new_layer=false&objects=w1206870664", "id_url": "https://www.openstreetmap.org/edit?editor=id&way=1206870664#map=20/45.4911507/9.2406385"}}, {"type": "Feature", "geometry": {"type": "Point", "coordinates": [9.2409543, 45.4913036]}, "properties": {"id": 1206870665, "feat_type": "way", "quality_categories": "uncanny_keys", "issue_ids": "[590]", "osm_url": "https://www.openstreetmap.org/way/1206870665", "josm_url": "http://127.0.0.1:8111/load_object?new_layer=false&objects=w1206870665", "id_url": "https://www.openstreetmap.org/edit?editor=id&way=1206870665#map=20/45.4913036/9.2409543"}}, {"type": "Feature", "geometry": {"type": "Point", "coordinates": [9.2441636, 45.4886583]}, "properties": {"id": 1206872435, "feat_type": "way", "quality_categories": "uncanny_keys", "issue_ids": "[591]", "osm_url": "https://www.openstreetmap.org/way/1206872435", "josm_url": "http://127.0.0.1:8111/load_object?new_layer=false&objects=w1206872435", "id_url": "https://www.openstreetmap.org/edit?editor=id&way=1206872435#map=20/45.4886583/9.2441636"}}, {"type": "Feature", "geometry": {"type": "Point", "coordinates": [9.2433117, 45.487748]}, "properties": {"id": 1206872879, "feat_type": "way", "quality_categories": "uncanny_keys", "issue_ids": "[592]", "osm_url": "https://www.openstreetmap.org/way/1206872879", "josm_url": "http://127.0.0.1:8111/load_object?new_layer=false&objects=w1206872879", "id_url": "https://www.openstreetmap.org/edit?editor=id&way=1206872879#map=20/45.487748/9.2433117"}}, {"type": "Feature", "geometry": {"type": "Point", "coordinates": [9.2429899, 45.4874815]}, "properties": {"id": 1206873078, "feat_type": "way", "quality_categories": "uncanny_keys", "issue_ids": "[592]", "osm_url": "https://www.openstreetmap.org/way/1206873078", "josm_url": "http://127.0.0.1:8111/load_object?new_layer=false&objects=w1206873078", "id_url": "https://www.openstreetmap.org/edit?editor=id&way=1206873078#map=20/45.4874815/9.2429899"}}, {"type": "Feature", "geometry": {"type": "Point", "coordinates": [9.2422085, 45.4876815]}, "properties": {"id": 1206874636, "feat_type": "way", "quality_categories": "uncanny_keys", "issue_ids": "[593]", "osm_url": "https://www.openstreetmap.org/way/1206874636", "josm_url": "http://127.0.0.1:8111/load_object?new_layer=false&objects=w1206874636", "id_url": "https://www.openstreetmap.org/edit?editor=id&way=1206874636#map=20/45.4876815/9.2422085"}}, {"type": "Feature", "geometry": {"type": "Point", "coordinates": [9.2411097, 45.4860616]}, "properties": {"id": 1206875278, "feat_type": "way", "quality_categories": "uncanny_keys", "issue_ids": "[594]", "osm_url": "https://www.openstreetmap.org/way/1206875278", "josm_url": "http://127.0.0.1:8111/load_object?new_layer=false&objects=w1206875278", "id_url": "https://www.openstreetmap.org/edit?editor=id&way=1206875278#map=20/45.4860616/9.2411097"}}, {"type": "Feature", "geometry": {"type": "Point", "coordinates": [9.245502, 45.4868245]}, "properties": {"id": 1206878649, "feat_type": "way", "quality_categories": "uncanny_keys", "issue_ids": "[595]", "osm_url": "https://www.openstreetmap.org/way/1206878649", "josm_url": "http://127.0.0.1:8111/load_object?new_layer=false&objects=w1206878649", "id_url": "https://www.openstreetmap.org/edit?editor=id&way=1206878649#map=20/45.4868245/9.245502"}}, {"type": "Feature", "geometry": {"type": "Point", "coordinates": [9.2468189, 45.4868568]}, "properties": {"id": 1206879350, "feat_type": "way", "quality_categories": "uncanny_keys", "issue_ids": "[596]", "osm_url": "https://www.openstreetmap.org/way/1206879350", "josm_url": "http://127.0.0.1:8111/load_object?new_layer=false&objects=w1206879350", "id_url": "https://www.openstreetmap.org/edit?editor=id&way=1206879350#map=20/45.4868568/9.2468189"}}, {"type": "Feature", "geometry": {"type": "Point", "coordinates": [9.2480402, 45.488011]}, "properties": {"id": 1206881537, "feat_type": "way", "quality_categories": "uncanny_keys", "issue_ids": "[547]", "osm_url": "https://www.openstreetmap.org/way/1206881537", "josm_url": "http://127.0.0.1:8111/load_object?new_layer=false&objects=w1206881537", "id_url": "https://www.openstreetmap.org/edit?editor=id&way=1206881537#map=20/45.488011/9.2480402"}}, {"type": "Feature", "geometry": {"type": "Point", "coordinates": [9.2373565, 45.494478]}, "properties": {"id": 1206888027, "feat_type": "way", "quality_categories": "uncanny_keys", "issue_ids": "[597]", "osm_url": "https://www.openstreetmap.org/way/1206888027", "josm_url": "http://127.0.0.1:8111/load_object?new_layer=false&objects=w1206888027", "id_url": "https://www.openstreetmap.org/edit?editor=id&way=1206888027#map=20/45.494478/9.2373565"}}, {"type": "Feature", "geometry": {"type": "Point", "coordinates": [9.2377416, 45.4936527]}, "properties": {"id": 1206888029, "feat_type": "way", "quality_categories": "uncanny_keys", "issue_ids": "[597]", "osm_url": "https://www.openstreetmap.org/way/1206888029", "josm_url": "http://127.0.0.1:8111/load_object?new_layer=false&objects=w1206888029", "id_url": "https://www.openstreetmap.org/edit?editor=id&way=1206888029#map=20/45.4936527/9.2377416"}}, {"type": "Feature", "geometry": {"type": "Point", "coordinates": [9.2462544, 45.4709166]}, "properties": {"id": 1206916471, "feat_type": "way", "quality_categories": "uncanny_keys", "issue_ids": "[598]", "osm_url": "https://www.openstreetmap.org/way/1206916471", "josm_url": "http://127.0.0.1:8111/load_object?new_layer=false&objects=w1206916471", "id_url": "https://www.openstreetmap.org/edit?editor=id&way=1206916471#map=20/45.4709166/9.2462544"}}, {"type": "Feature", "geometry": {"type": "Point", "coordinates": [9.2461215, 45.4709766]}, "properties": {"id": 1206916473, "feat_type": "way", "quality_categories": "uncanny_keys", "issue_ids": "[598]", "osm_url": "https://www.openstreetmap.org/way/1206916473", "josm_url": "http://127.0.0.1:8111/load_object?new_layer=false&objects=w1206916473", "id_url": "https://www.openstreetmap.org/edit?editor=id&way=1206916473#map=20/45.4709766/9.2461215"}}, {"type": "Feature", "geometry": {"type": "Point", "coordinates": [9.1806159, 45.4314072]}, "properties": {"id": 1207121574, "feat_type": "way", "quality_categories": "uncanny_keys", "issue_ids": "[65]", "osm_url": "https://www.openstreetmap.org/way/1207121574", "josm_url": "http://127.0.0.1:8111/load_object?new_layer=false&objects=w1207121574", "id_url": "https://www.openstreetmap.org/edit?editor=id&way=1207121574#map=20/45.4314072/9.1806159"}}, {"type": "Feature", "geometry": {"type": "Point", "coordinates": [9.1799617, 45.431381]}, "properties": {"id": 1207121613, "feat_type": "way", "quality_categories": "uncanny_keys", "issue_ids": "[599]", "osm_url": "https://www.openstreetmap.org/way/1207121613", "josm_url": "http://127.0.0.1:8111/load_object?new_layer=false&objects=w1207121613", "id_url": "https://www.openstreetmap.org/edit?editor=id&way=1207121613#map=20/45.431381/9.1799617"}}, {"type": "Feature", "geometry": {"type": "Point", "coordinates": [9.1779018, 45.4293957]}, "properties": {"id": 1207124212, "feat_type": "way", "quality_categories": "uncanny_keys", "issue_ids": "[600]", "osm_url": "https://www.openstreetmap.org/way/1207124212", "josm_url": "http://127.0.0.1:8111/load_object?new_layer=false&objects=w1207124212", "id_url": "https://www.openstreetmap.org/edit?editor=id&way=1207124212#map=20/45.4293957/9.1779018"}}, {"type": "Feature", "geometry": {"type": "Point", "coordinates": [9.1769368, 45.429951]}, "properties": {"id": 1207124471, "feat_type": "way", "quality_categories": "uncanny_keys", "issue_ids": "[600]", "osm_url": "https://www.openstreetmap.org/way/1207124471", "josm_url": "http://127.0.0.1:8111/load_object?new_layer=false&objects=w1207124471", "id_url": "https://www.openstreetmap.org/edit?editor=id&way=1207124471#map=20/45.429951/9.1769368"}}, {"type": "Feature", "geometry": {"type": "Point", "coordinates": [9.1768308, 45.4306748]}, "properties": {"id": 1207124870, "feat_type": "way", "quality_categories": "uncanny_keys", "issue_ids": "[601]", "osm_url": "https://www.openstreetmap.org/way/1207124870", "josm_url": "http://127.0.0.1:8111/load_object?new_layer=false&objects=w1207124870", "id_url": "https://www.openstreetmap.org/edit?editor=id&way=1207124870#map=20/45.4306748/9.1768308"}}, {"type": "Feature", "geometry": {"type": "Point", "coordinates": [9.1771285, 45.4306711]}, "properties": {"id": 1207124964, "feat_type": "way", "quality_categories": "uncanny_keys", "issue_ids": "[600]", "osm_url": "https://www.openstreetmap.org/way/1207124964", "josm_url": "http://127.0.0.1:8111/load_object?new_layer=false&objects=w1207124964", "id_url": "https://www.openstreetmap.org/edit?editor=id&way=1207124964#map=20/45.4306711/9.1771285"}}, {"type": "Feature", "geometry": {"type": "Point", "coordinates": [9.1753231, 45.4146709]}, "properties": {"id": 1207187498, "feat_type": "way", "quality_categories": "uncanny_keys", "issue_ids": "[602]", "osm_url": "https://www.openstreetmap.org/way/1207187498", "josm_url": "http://127.0.0.1:8111/load_object?new_layer=false&objects=w1207187498", "id_url": "https://www.openstreetmap.org/edit?editor=id&way=1207187498#map=20/45.4146709/9.1753231"}}, {"type": "Feature", "geometry": {"type": "Point", "coordinates": [9.1775751, 45.4290197]}, "properties": {"id": 1207200466, "feat_type": "way", "quality_categories": "uncanny_keys", "issue_ids": "[601]", "osm_url": "https://www.openstreetmap.org/way/1207200466", "josm_url": "http://127.0.0.1:8111/load_object?new_layer=false&objects=w1207200466", "id_url": "https://www.openstreetmap.org/edit?editor=id&way=1207200466#map=20/45.4290197/9.1775751"}}, {"type": "Feature", "geometry": {"type": "Point", "coordinates": [9.1208082, 45.503554]}, "properties": {"id": 1207375706, "feat_type": "way", "quality_categories": "missing_tags, uncanny_keys", "issue_ids": "[603, 10]", "osm_url": "https://www.openstreetmap.org/way/1207375706", "josm_url": "http://127.0.0.1:8111/load_object?new_layer=false&objects=w1207375706", "id_url": "https://www.openstreetmap.org/edit?editor=id&way=1207375706#map=20/45.503554/9.1208082"}}, {"type": "Feature", "geometry": {"type": "Point", "coordinates": [9.2405209, 45.5166914]}, "properties": {"id": 1207561451, "feat_type": "way", "quality_categories": "uncanny_keys", "issue_ids": "[604]", "osm_url": "https://www.openstreetmap.org/way/1207561451", "josm_url": "http://127.0.0.1:8111/load_object?new_layer=false&objects=w1207561451", "id_url": "https://www.openstreetmap.org/edit?editor=id&way=1207561451#map=20/45.5166914/9.2405209"}}, {"type": "Feature", "geometry": {"type": "Point", "coordinates": [9.2032156, 45.5116265]}, "properties": {"id": 1207712989, "feat_type": "way", "quality_categories": "uncanny_keys", "issue_ids": "[605]", "osm_url": "https://www.openstreetmap.org/way/1207712989", "josm_url": "http://127.0.0.1:8111/load_object?new_layer=false&objects=w1207712989", "id_url": "https://www.openstreetmap.org/edit?editor=id&way=1207712989#map=20/45.5116265/9.2032156"}}, {"type": "Feature", "geometry": {"type": "Point", "coordinates": [9.2043616, 45.5081281]}, "properties": {"id": 1207750481, "feat_type": "way", "quality_categories": "uncanny_keys", "issue_ids": "[606]", "osm_url": "https://www.openstreetmap.org/way/1207750481", "josm_url": "http://127.0.0.1:8111/load_object?new_layer=false&objects=w1207750481", "id_url": "https://www.openstreetmap.org/edit?editor=id&way=1207750481#map=20/45.5081281/9.2043616"}}, {"type": "Feature", "geometry": {"type": "Point", "coordinates": [9.2060085, 45.5069292]}, "properties": {"id": 1207753650, "feat_type": "way", "quality_categories": "uncanny_keys", "issue_ids": "[607]", "osm_url": "https://www.openstreetmap.org/way/1207753650", "josm_url": "http://127.0.0.1:8111/load_object?new_layer=false&objects=w1207753650", "id_url": "https://www.openstreetmap.org/edit?editor=id&way=1207753650#map=20/45.5069292/9.2060085"}}, {"type": "Feature", "geometry": {"type": "Point", "coordinates": [9.2088034, 45.5089075]}, "properties": {"id": 1207755977, "feat_type": "way", "quality_categories": "uncanny_keys", "issue_ids": "[608]", "osm_url": "https://www.openstreetmap.org/way/1207755977", "josm_url": "http://127.0.0.1:8111/load_object?new_layer=false&objects=w1207755977", "id_url": "https://www.openstreetmap.org/edit?editor=id&way=1207755977#map=20/45.5089075/9.2088034"}}, {"type": "Feature", "geometry": {"type": "Point", "coordinates": [9.2107268, 45.5109451]}, "properties": {"id": 1207758240, "feat_type": "way", "quality_categories": "uncanny_keys", "issue_ids": "[609]", "osm_url": "https://www.openstreetmap.org/way/1207758240", "josm_url": "http://127.0.0.1:8111/load_object?new_layer=false&objects=w1207758240", "id_url": "https://www.openstreetmap.org/edit?editor=id&way=1207758240#map=20/45.5109451/9.2107268"}}, {"type": "Feature", "geometry": {"type": "Point", "coordinates": [9.2124542, 45.5134678]}, "properties": {"id": 1207760720, "feat_type": "way", "quality_categories": "uncanny_keys", "issue_ids": "[610]", "osm_url": "https://www.openstreetmap.org/way/1207760720", "josm_url": "http://127.0.0.1:8111/load_object?new_layer=false&objects=w1207760720", "id_url": "https://www.openstreetmap.org/edit?editor=id&way=1207760720#map=20/45.5134678/9.2124542"}}, {"type": "Feature", "geometry": {"type": "Point", "coordinates": [9.2122094, 45.5141447]}, "properties": {"id": 1207760893, "feat_type": "way", "quality_categories": "uncanny_keys", "issue_ids": "[610]", "osm_url": "https://www.openstreetmap.org/way/1207760893", "josm_url": "http://127.0.0.1:8111/load_object?new_layer=false&objects=w1207760893", "id_url": "https://www.openstreetmap.org/edit?editor=id&way=1207760893#map=20/45.5141447/9.2122094"}}, {"type": "Feature", "geometry": {"type": "Point", "coordinates": [9.2086278, 45.5143095]}, "properties": {"id": 1208716215, "feat_type": "way", "quality_categories": "uncanny_keys", "issue_ids": "[611]", "osm_url": "https://www.openstreetmap.org/way/1208716215", "josm_url": "http://127.0.0.1:8111/load_object?new_layer=false&objects=w1208716215", "id_url": "https://www.openstreetmap.org/edit?editor=id&way=1208716215#map=20/45.5143095/9.2086278"}}, {"type": "Feature", "geometry": {"type": "Point", "coordinates": [9.208919, 45.5144518]}, "properties": {"id": 1208716481, "feat_type": "way", "quality_categories": "uncanny_keys", "issue_ids": "[612]", "osm_url": "https://www.openstreetmap.org/way/1208716481", "josm_url": "http://127.0.0.1:8111/load_object?new_layer=false&objects=w1208716481", "id_url": "https://www.openstreetmap.org/edit?editor=id&way=1208716481#map=20/45.5144518/9.208919"}}, {"type": "Feature", "geometry": {"type": "Point", "coordinates": [9.2083503, 45.515286]}, "properties": {"id": 1208716550, "feat_type": "way", "quality_categories": "uncanny_keys", "issue_ids": "[613]", "osm_url": "https://www.openstreetmap.org/way/1208716550", "josm_url": "http://127.0.0.1:8111/load_object?new_layer=false&objects=w1208716550", "id_url": "https://www.openstreetmap.org/edit?editor=id&way=1208716550#map=20/45.515286/9.2083503"}}, {"type": "Feature", "geometry": {"type": "Point", "coordinates": [9.2086149, 45.5151949]}, "properties": {"id": 1208716588, "feat_type": "way", "quality_categories": "uncanny_keys", "issue_ids": "[614]", "osm_url": "https://www.openstreetmap.org/way/1208716588", "josm_url": "http://127.0.0.1:8111/load_object?new_layer=false&objects=w1208716588", "id_url": "https://www.openstreetmap.org/edit?editor=id&way=1208716588#map=20/45.5151949/9.2086149"}}, {"type": "Feature", "geometry": {"type": "Point", "coordinates": [9.2134212, 45.5167972]}, "properties": {"id": 1208803015, "feat_type": "way", "quality_categories": "uncanny_keys", "issue_ids": "[615]", "osm_url": "https://www.openstreetmap.org/way/1208803015", "josm_url": "http://127.0.0.1:8111/load_object?new_layer=false&objects=w1208803015", "id_url": "https://www.openstreetmap.org/edit?editor=id&way=1208803015#map=20/45.5167972/9.2134212"}}, {"type": "Feature", "geometry": {"type": "Point", "coordinates": [9.2126933, 45.5183024]}, "properties": {"id": 1208803895, "feat_type": "way", "quality_categories": "uncanny_keys", "issue_ids": "[616]", "osm_url": "https://www.openstreetmap.org/way/1208803895", "josm_url": "http://127.0.0.1:8111/load_object?new_layer=false&objects=w1208803895", "id_url": "https://www.openstreetmap.org/edit?editor=id&way=1208803895#map=20/45.5183024/9.2126933"}}, {"type": "Feature", "geometry": {"type": "Point", "coordinates": [9.2105217, 45.5191112]}, "properties": {"id": 1208804973, "feat_type": "way", "quality_categories": "uncanny_keys", "issue_ids": "[617]", "osm_url": "https://www.openstreetmap.org/way/1208804973", "josm_url": "http://127.0.0.1:8111/load_object?new_layer=false&objects=w1208804973", "id_url": "https://www.openstreetmap.org/edit?editor=id&way=1208804973#map=20/45.5191112/9.2105217"}}, {"type": "Feature", "geometry": {"type": "Point", "coordinates": [9.2105547, 45.5186179]}, "properties": {"id": 1208805047, "feat_type": "way", "quality_categories": "uncanny_keys", "issue_ids": "[617]", "osm_url": "https://www.openstreetmap.org/way/1208805047", "josm_url": "http://127.0.0.1:8111/load_object?new_layer=false&objects=w1208805047", "id_url": "https://www.openstreetmap.org/edit?editor=id&way=1208805047#map=20/45.5186179/9.2105547"}}, {"type": "Feature", "geometry": {"type": "Point", "coordinates": [9.2118593, 45.5214702]}, "properties": {"id": 1208808238, "feat_type": "way", "quality_categories": "uncanny_keys", "issue_ids": "[618]", "osm_url": "https://www.openstreetmap.org/way/1208808238", "josm_url": "http://127.0.0.1:8111/load_object?new_layer=false&objects=w1208808238", "id_url": "https://www.openstreetmap.org/edit?editor=id&way=1208808238#map=20/45.5214702/9.2118593"}}, {"type": "Feature", "geometry": {"type": "Point", "coordinates": [9.2128135, 45.5215288]}, "properties": {"id": 1208808536, "feat_type": "way", "quality_categories": "uncanny_keys", "issue_ids": "[619]", "osm_url": "https://www.openstreetmap.org/way/1208808536", "josm_url": "http://127.0.0.1:8111/load_object?new_layer=false&objects=w1208808536", "id_url": "https://www.openstreetmap.org/edit?editor=id&way=1208808536#map=20/45.5215288/9.2128135"}}, {"type": "Feature", "geometry": {"type": "Point", "coordinates": [9.2125323, 45.5221024]}, "properties": {"id": 1208808876, "feat_type": "way", "quality_categories": "uncanny_keys", "issue_ids": "[521]", "osm_url": "https://www.openstreetmap.org/way/1208808876", "josm_url": "http://127.0.0.1:8111/load_object?new_layer=false&objects=w1208808876", "id_url": "https://www.openstreetmap.org/edit?editor=id&way=1208808876#map=20/45.5221024/9.2125323"}}, {"type": "Feature", "geometry": {"type": "Point", "coordinates": [9.210303, 45.5222398]}, "properties": {"id": 1208812542, "feat_type": "way", "quality_categories": "uncanny_keys", "issue_ids": "[620]", "osm_url": "https://www.openstreetmap.org/way/1208812542", "josm_url": "http://127.0.0.1:8111/load_object?new_layer=false&objects=w1208812542", "id_url": "https://www.openstreetmap.org/edit?editor=id&way=1208812542#map=20/45.5222398/9.210303"}}, {"type": "Feature", "geometry": {"type": "Point", "coordinates": [9.2049878, 45.5154805]}, "properties": {"id": 1209003726, "feat_type": "way", "quality_categories": "uncanny_keys", "issue_ids": "[621]", "osm_url": "https://www.openstreetmap.org/way/1209003726", "josm_url": "http://127.0.0.1:8111/load_object?new_layer=false&objects=w1209003726", "id_url": "https://www.openstreetmap.org/edit?editor=id&way=1209003726#map=20/45.5154805/9.2049878"}}, {"type": "Feature", "geometry": {"type": "Point", "coordinates": [9.204943, 45.5153669]}, "properties": {"id": 1209003891, "feat_type": "way", "quality_categories": "uncanny_keys", "issue_ids": "[246]", "osm_url": "https://www.openstreetmap.org/way/1209003891", "josm_url": "http://127.0.0.1:8111/load_object?new_layer=false&objects=w1209003891", "id_url": "https://www.openstreetmap.org/edit?editor=id&way=1209003891#map=20/45.5153669/9.204943"}}, {"type": "Feature", "geometry": {"type": "Point", "coordinates": [9.206236, 45.5216441]}, "properties": {"id": 1209004928, "feat_type": "way", "quality_categories": "uncanny_keys", "issue_ids": "[622]", "osm_url": "https://www.openstreetmap.org/way/1209004928", "josm_url": "http://127.0.0.1:8111/load_object?new_layer=false&objects=w1209004928", "id_url": "https://www.openstreetmap.org/edit?editor=id&way=1209004928#map=20/45.5216441/9.206236"}}, {"type": "Feature", "geometry": {"type": "Point", "coordinates": [9.2064437, 45.5216322]}, "properties": {"id": 1209005012, "feat_type": "way", "quality_categories": "uncanny_keys", "issue_ids": "[622]", "osm_url": "https://www.openstreetmap.org/way/1209005012", "josm_url": "http://127.0.0.1:8111/load_object?new_layer=false&objects=w1209005012", "id_url": "https://www.openstreetmap.org/edit?editor=id&way=1209005012#map=20/45.5216322/9.2064437"}}, {"type": "Feature", "geometry": {"type": "Point", "coordinates": [9.2140124, 45.520643]}, "properties": {"id": 1209009148, "feat_type": "way", "quality_categories": "uncanny_keys", "issue_ids": "[623]", "osm_url": "https://www.openstreetmap.org/way/1209009148", "josm_url": "http://127.0.0.1:8111/load_object?new_layer=false&objects=w1209009148", "id_url": "https://www.openstreetmap.org/edit?editor=id&way=1209009148#map=20/45.520643/9.2140124"}}, {"type": "Feature", "geometry": {"type": "Point", "coordinates": [9.2159024, 45.5280523]}, "properties": {"id": 1209023783, "feat_type": "way", "quality_categories": "uncanny_keys", "issue_ids": "[624]", "osm_url": "https://www.openstreetmap.org/way/1209023783", "josm_url": "http://127.0.0.1:8111/load_object?new_layer=false&objects=w1209023783", "id_url": "https://www.openstreetmap.org/edit?editor=id&way=1209023783#map=20/45.5280523/9.2159024"}}, {"type": "Feature", "geometry": {"type": "Point", "coordinates": [9.2024195, 45.5160822]}, "properties": {"id": 1209031526, "feat_type": "way", "quality_categories": "uncanny_keys", "issue_ids": "[625]", "osm_url": "https://www.openstreetmap.org/way/1209031526", "josm_url": "http://127.0.0.1:8111/load_object?new_layer=false&objects=w1209031526", "id_url": "https://www.openstreetmap.org/edit?editor=id&way=1209031526#map=20/45.5160822/9.2024195"}}, {"type": "Feature", "geometry": {"type": "Point", "coordinates": [9.2036337, 45.5166343]}, "properties": {"id": 1209032040, "feat_type": "way", "quality_categories": "uncanny_keys", "issue_ids": "[626]", "osm_url": "https://www.openstreetmap.org/way/1209032040", "josm_url": "http://127.0.0.1:8111/load_object?new_layer=false&objects=w1209032040", "id_url": "https://www.openstreetmap.org/edit?editor=id&way=1209032040#map=20/45.5166343/9.2036337"}}, {"type": "Feature", "geometry": {"type": "Point", "coordinates": [9.2049418, 45.5189758]}, "properties": {"id": 1209033522, "feat_type": "way", "quality_categories": "uncanny_keys", "issue_ids": "[627]", "osm_url": "https://www.openstreetmap.org/way/1209033522", "josm_url": "http://127.0.0.1:8111/load_object?new_layer=false&objects=w1209033522", "id_url": "https://www.openstreetmap.org/edit?editor=id&way=1209033522#map=20/45.5189758/9.2049418"}}, {"type": "Feature", "geometry": {"type": "Point", "coordinates": [9.204614, 45.5187702]}, "properties": {"id": 1209033524, "feat_type": "way", "quality_categories": "uncanny_keys", "issue_ids": "[628]", "osm_url": "https://www.openstreetmap.org/way/1209033524", "josm_url": "http://127.0.0.1:8111/load_object?new_layer=false&objects=w1209033524", "id_url": "https://www.openstreetmap.org/edit?editor=id&way=1209033524#map=20/45.5187702/9.204614"}}, {"type": "Feature", "geometry": {"type": "Point", "coordinates": [9.1978114, 45.5173644]}, "properties": {"id": 1209064992, "feat_type": "way", "quality_categories": "uncanny_keys", "issue_ids": "[629]", "osm_url": "https://www.openstreetmap.org/way/1209064992", "josm_url": "http://127.0.0.1:8111/load_object?new_layer=false&objects=w1209064992", "id_url": "https://www.openstreetmap.org/edit?editor=id&way=1209064992#map=20/45.5173644/9.1978114"}}, {"type": "Feature", "geometry": {"type": "Point", "coordinates": [9.188647, 45.5071905]}, "properties": {"id": 1209069164, "feat_type": "way", "quality_categories": "uncanny_keys", "issue_ids": "[15]", "osm_url": "https://www.openstreetmap.org/way/1209069164", "josm_url": "http://127.0.0.1:8111/load_object?new_layer=false&objects=w1209069164", "id_url": "https://www.openstreetmap.org/edit?editor=id&way=1209069164#map=20/45.5071905/9.188647"}}, {"type": "Feature", "geometry": {"type": "Point", "coordinates": [9.183193, 45.4971534]}, "properties": {"id": 1209071027, "feat_type": "way", "quality_categories": "uncanny_keys", "issue_ids": "[630]", "osm_url": "https://www.openstreetmap.org/way/1209071027", "josm_url": "http://127.0.0.1:8111/load_object?new_layer=false&objects=w1209071027", "id_url": "https://www.openstreetmap.org/edit?editor=id&way=1209071027#map=20/45.4971534/9.183193"}}, {"type": "Feature", "geometry": {"type": "Point", "coordinates": [9.1781879, 45.5020717]}, "properties": {"id": 1209076799, "feat_type": "way", "quality_categories": "uncanny_keys", "issue_ids": "[631]", "osm_url": "https://www.openstreetmap.org/way/1209076799", "josm_url": "http://127.0.0.1:8111/load_object?new_layer=false&objects=w1209076799", "id_url": "https://www.openstreetmap.org/edit?editor=id&way=1209076799#map=20/45.5020717/9.1781879"}}, {"type": "Feature", "geometry": {"type": "Point", "coordinates": [9.164652, 45.5215242]}, "properties": {"id": 1209100215, "feat_type": "way", "quality_categories": "uncanny_keys", "issue_ids": "[632]", "osm_url": "https://www.openstreetmap.org/way/1209100215", "josm_url": "http://127.0.0.1:8111/load_object?new_layer=false&objects=w1209100215", "id_url": "https://www.openstreetmap.org/edit?editor=id&way=1209100215#map=20/45.5215242/9.164652"}}, {"type": "Feature", "geometry": {"type": "Point", "coordinates": [9.1660949, 45.5222737]}, "properties": {"id": 1209102892, "feat_type": "way", "quality_categories": "uncanny_keys", "issue_ids": "[633]", "osm_url": "https://www.openstreetmap.org/way/1209102892", "josm_url": "http://127.0.0.1:8111/load_object?new_layer=false&objects=w1209102892", "id_url": "https://www.openstreetmap.org/edit?editor=id&way=1209102892#map=20/45.5222737/9.1660949"}}, {"type": "Feature", "geometry": {"type": "Point", "coordinates": [9.1668315, 45.5223945]}, "properties": {"id": 1209103769, "feat_type": "way", "quality_categories": "uncanny_keys", "issue_ids": "[634]", "osm_url": "https://www.openstreetmap.org/way/1209103769", "josm_url": "http://127.0.0.1:8111/load_object?new_layer=false&objects=w1209103769", "id_url": "https://www.openstreetmap.org/edit?editor=id&way=1209103769#map=20/45.5223945/9.1668315"}}, {"type": "Feature", "geometry": {"type": "Point", "coordinates": [9.167077, 45.5230835]}, "properties": {"id": 1209104694, "feat_type": "way", "quality_categories": "uncanny_keys", "issue_ids": "[634]", "osm_url": "https://www.openstreetmap.org/way/1209104694", "josm_url": "http://127.0.0.1:8111/load_object?new_layer=false&objects=w1209104694", "id_url": "https://www.openstreetmap.org/edit?editor=id&way=1209104694#map=20/45.5230835/9.167077"}}, {"type": "Feature", "geometry": {"type": "Point", "coordinates": [9.1704877, 45.5203342]}, "properties": {"id": 1209108975, "feat_type": "way", "quality_categories": "uncanny_keys", "issue_ids": "[635]", "osm_url": "https://www.openstreetmap.org/way/1209108975", "josm_url": "http://127.0.0.1:8111/load_object?new_layer=false&objects=w1209108975", "id_url": "https://www.openstreetmap.org/edit?editor=id&way=1209108975#map=20/45.5203342/9.1704877"}}, {"type": "Feature", "geometry": {"type": "Point", "coordinates": [9.13161, 45.505325]}, "properties": {"id": 1209339928, "feat_type": "way", "quality_categories": "missing_tags, uncanny_keys", "issue_ids": "[636, 10]", "osm_url": "https://www.openstreetmap.org/way/1209339928", "josm_url": "http://127.0.0.1:8111/load_object?new_layer=false&objects=w1209339928", "id_url": "https://www.openstreetmap.org/edit?editor=id&way=1209339928#map=20/45.505325/9.13161"}}, {"type": "Feature", "geometry": {"type": "Point", "coordinates": [9.1284264, 45.5046104]}, "properties": {"id": 1209340034, "feat_type": "way", "quality_categories": "missing_tags, uncanny_keys", "issue_ids": "[637, 10]", "osm_url": "https://www.openstreetmap.org/way/1209340034", "josm_url": "http://127.0.0.1:8111/load_object?new_layer=false&objects=w1209340034", "id_url": "https://www.openstreetmap.org/edit?editor=id&way=1209340034#map=20/45.5046104/9.1284264"}}, {"type": "Feature", "geometry": {"type": "Point", "coordinates": [9.1286501, 45.5047319]}, "properties": {"id": 1209340134, "feat_type": "way", "quality_categories": "missing_tags, uncanny_keys", "issue_ids": "[637, 10]", "osm_url": "https://www.openstreetmap.org/way/1209340134", "josm_url": "http://127.0.0.1:8111/load_object?new_layer=false&objects=w1209340134", "id_url": "https://www.openstreetmap.org/edit?editor=id&way=1209340134#map=20/45.5047319/9.1286501"}}, {"type": "Feature", "geometry": {"type": "Point", "coordinates": [9.126924, 45.5030753]}, "properties": {"id": 1209340388, "feat_type": "way", "quality_categories": "missing_tags, uncanny_keys", "issue_ids": "[638, 10]", "osm_url": "https://www.openstreetmap.org/way/1209340388", "josm_url": "http://127.0.0.1:8111/load_object?new_layer=false&objects=w1209340388", "id_url": "https://www.openstreetmap.org/edit?editor=id&way=1209340388#map=20/45.5030753/9.126924"}}, {"type": "Feature", "geometry": {"type": "Point", "coordinates": [9.1267751, 45.5027465]}, "properties": {"id": 1209341026, "feat_type": "way", "quality_categories": "missing_tags, uncanny_keys", "issue_ids": "[638, 10]", "osm_url": "https://www.openstreetmap.org/way/1209341026", "josm_url": "http://127.0.0.1:8111/load_object?new_layer=false&objects=w1209341026", "id_url": "https://www.openstreetmap.org/edit?editor=id&way=1209341026#map=20/45.5027465/9.1267751"}}, {"type": "Feature", "geometry": {"type": "Point", "coordinates": [9.1253512, 45.5026714]}, "properties": {"id": 1209341466, "feat_type": "way", "quality_categories": "missing_tags, uncanny_keys", "issue_ids": "[639, 10]", "osm_url": "https://www.openstreetmap.org/way/1209341466", "josm_url": "http://127.0.0.1:8111/load_object?new_layer=false&objects=w1209341466", "id_url": "https://www.openstreetmap.org/edit?editor=id&way=1209341466#map=20/45.5026714/9.1253512"}}, {"type": "Feature", "geometry": {"type": "Point", "coordinates": [9.1255719, 45.5024937]}, "properties": {"id": 1209341467, "feat_type": "way", "quality_categories": "missing_tags, uncanny_keys", "issue_ids": "[639, 10]", "osm_url": "https://www.openstreetmap.org/way/1209341467", "josm_url": "http://127.0.0.1:8111/load_object?new_layer=false&objects=w1209341467", "id_url": "https://www.openstreetmap.org/edit?editor=id&way=1209341467#map=20/45.5024937/9.1255719"}}, {"type": "Feature", "geometry": {"type": "Point", "coordinates": [9.137869, 45.5033542]}, "properties": {"id": 1209360187, "feat_type": "way", "quality_categories": "uncanny_keys", "issue_ids": "[640]", "osm_url": "https://www.openstreetmap.org/way/1209360187", "josm_url": "http://127.0.0.1:8111/load_object?new_layer=false&objects=w1209360187", "id_url": "https://www.openstreetmap.org/edit?editor=id&way=1209360187#map=20/45.5033542/9.137869"}}, {"type": "Feature", "geometry": {"type": "Point", "coordinates": [9.1396978, 45.5026887]}, "properties": {"id": 1209362012, "feat_type": "way", "quality_categories": "uncanny_keys", "issue_ids": "[641]", "osm_url": "https://www.openstreetmap.org/way/1209362012", "josm_url": "http://127.0.0.1:8111/load_object?new_layer=false&objects=w1209362012", "id_url": "https://www.openstreetmap.org/edit?editor=id&way=1209362012#map=20/45.5026887/9.1396978"}}, {"type": "Feature", "geometry": {"type": "Point", "coordinates": [9.1555037, 45.4958171]}, "properties": {"id": 1209373196, "feat_type": "way", "quality_categories": "missing_tags, uncanny_keys", "issue_ids": "[162, 10]", "osm_url": "https://www.openstreetmap.org/way/1209373196", "josm_url": "http://127.0.0.1:8111/load_object?new_layer=false&objects=w1209373196", "id_url": "https://www.openstreetmap.org/edit?editor=id&way=1209373196#map=20/45.4958171/9.1555037"}}, {"type": "Feature", "geometry": {"type": "Point", "coordinates": [9.1415529, 45.498068]}, "properties": {"id": 1209414890, "feat_type": "way", "quality_categories": "uncanny_keys", "issue_ids": "[642]", "osm_url": "https://www.openstreetmap.org/way/1209414890", "josm_url": "http://127.0.0.1:8111/load_object?new_layer=false&objects=w1209414890", "id_url": "https://www.openstreetmap.org/edit?editor=id&way=1209414890#map=20/45.498068/9.1415529"}}, {"type": "Feature", "geometry": {"type": "Point", "coordinates": [9.1232135, 45.4430961]}, "properties": {"id": 1209683507, "feat_type": "way", "quality_categories": "uncanny_keys", "issue_ids": "[643]", "osm_url": "https://www.openstreetmap.org/way/1209683507", "josm_url": "http://127.0.0.1:8111/load_object?new_layer=false&objects=w1209683507", "id_url": "https://www.openstreetmap.org/edit?editor=id&way=1209683507#map=20/45.4430961/9.1232135"}}, {"type": "Feature", "geometry": {"type": "Point", "coordinates": [9.1230123, 45.4438547]}, "properties": {"id": 1209683672, "feat_type": "way", "quality_categories": "uncanny_keys", "issue_ids": "[643]", "osm_url": "https://www.openstreetmap.org/way/1209683672", "josm_url": "http://127.0.0.1:8111/load_object?new_layer=false&objects=w1209683672", "id_url": "https://www.openstreetmap.org/edit?editor=id&way=1209683672#map=20/45.4438547/9.1230123"}}, {"type": "Feature", "geometry": {"type": "Point", "coordinates": [9.1475166, 45.4366132]}, "properties": {"id": 1209697200, "feat_type": "way", "quality_categories": "uncanny_keys", "issue_ids": "[644]", "osm_url": "https://www.openstreetmap.org/way/1209697200", "josm_url": "http://127.0.0.1:8111/load_object?new_layer=false&objects=w1209697200", "id_url": "https://www.openstreetmap.org/edit?editor=id&way=1209697200#map=20/45.4366132/9.1475166"}}, {"type": "Feature", "geometry": {"type": "Point", "coordinates": [9.1500007, 45.4366972]}, "properties": {"id": 1209698123, "feat_type": "way", "quality_categories": "uncanny_keys", "issue_ids": "[645]", "osm_url": "https://www.openstreetmap.org/way/1209698123", "josm_url": "http://127.0.0.1:8111/load_object?new_layer=false&objects=w1209698123", "id_url": "https://www.openstreetmap.org/edit?editor=id&way=1209698123#map=20/45.4366972/9.1500007"}}, {"type": "Feature", "geometry": {"type": "Point", "coordinates": [9.1607753, 45.4318118]}, "properties": {"id": 1209703825, "feat_type": "way", "quality_categories": "missing_tags, uncanny_keys", "issue_ids": "[646, 10]", "osm_url": "https://www.openstreetmap.org/way/1209703825", "josm_url": "http://127.0.0.1:8111/load_object?new_layer=false&objects=w1209703825", "id_url": "https://www.openstreetmap.org/edit?editor=id&way=1209703825#map=20/45.4318118/9.1607753"}}, {"type": "Feature", "geometry": {"type": "Point", "coordinates": [9.1610231, 45.4318943]}, "properties": {"id": 1209704008, "feat_type": "way", "quality_categories": "missing_tags, uncanny_keys", "issue_ids": "[646, 10]", "osm_url": "https://www.openstreetmap.org/way/1209704008", "josm_url": "http://127.0.0.1:8111/load_object?new_layer=false&objects=w1209704008", "id_url": "https://www.openstreetmap.org/edit?editor=id&way=1209704008#map=20/45.4318943/9.1610231"}}, {"type": "Feature", "geometry": {"type": "Point", "coordinates": [9.1621148, 45.4335584]}, "properties": {"id": 1209708083, "feat_type": "way", "quality_categories": "uncanny_keys", "issue_ids": "[647]", "osm_url": "https://www.openstreetmap.org/way/1209708083", "josm_url": "http://127.0.0.1:8111/load_object?new_layer=false&objects=w1209708083", "id_url": "https://www.openstreetmap.org/edit?editor=id&way=1209708083#map=20/45.4335584/9.1621148"}}, {"type": "Feature", "geometry": {"type": "Point", "coordinates": [9.1636362, 45.434713]}, "properties": {"id": 1209708589, "feat_type": "way", "quality_categories": "uncanny_keys", "issue_ids": "[648]", "osm_url": "https://www.openstreetmap.org/way/1209708589", "josm_url": "http://127.0.0.1:8111/load_object?new_layer=false&objects=w1209708589", "id_url": "https://www.openstreetmap.org/edit?editor=id&way=1209708589#map=20/45.434713/9.1636362"}}, {"type": "Feature", "geometry": {"type": "Point", "coordinates": [9.1688999, 45.4372091]}, "properties": {"id": 1209732828, "feat_type": "way", "quality_categories": "missing_tags, uncanny_keys", "issue_ids": "[211, 10]", "osm_url": "https://www.openstreetmap.org/way/1209732828", "josm_url": "http://127.0.0.1:8111/load_object?new_layer=false&objects=w1209732828", "id_url": "https://www.openstreetmap.org/edit?editor=id&way=1209732828#map=20/45.4372091/9.1688999"}}, {"type": "Feature", "geometry": {"type": "Point", "coordinates": [9.1696566, 45.4372319]}, "properties": {"id": 1209732946, "feat_type": "way", "quality_categories": "missing_tags, uncanny_keys", "issue_ids": "[211, 10]", "osm_url": "https://www.openstreetmap.org/way/1209732946", "josm_url": "http://127.0.0.1:8111/load_object?new_layer=false&objects=w1209732946", "id_url": "https://www.openstreetmap.org/edit?editor=id&way=1209732946#map=20/45.4372319/9.1696566"}}, {"type": "Feature", "geometry": {"type": "Point", "coordinates": [9.1692764, 45.437222]}, "properties": {"id": 1209732948, "feat_type": "way", "quality_categories": "missing_tags, uncanny_keys", "issue_ids": "[211, 10]", "osm_url": "https://www.openstreetmap.org/way/1209732948", "josm_url": "http://127.0.0.1:8111/load_object?new_layer=false&objects=w1209732948", "id_url": "https://www.openstreetmap.org/edit?editor=id&way=1209732948#map=20/45.437222/9.1692764"}}, {"type": "Feature", "geometry": {"type": "Point", "coordinates": [9.1552821, 45.4381364]}, "properties": {"id": 1209734635, "feat_type": "way", "quality_categories": "missing_tags, uncanny_keys", "issue_ids": "[649, 10]", "osm_url": "https://www.openstreetmap.org/way/1209734635", "josm_url": "http://127.0.0.1:8111/load_object?new_layer=false&objects=w1209734635", "id_url": "https://www.openstreetmap.org/edit?editor=id&way=1209734635#map=20/45.4381364/9.1552821"}}, {"type": "Feature", "geometry": {"type": "Point", "coordinates": [9.1556356, 45.4391366]}, "properties": {"id": 1209735392, "feat_type": "way", "quality_categories": "missing_tags, uncanny_keys", "issue_ids": "[650, 10]", "osm_url": "https://www.openstreetmap.org/way/1209735392", "josm_url": "http://127.0.0.1:8111/load_object?new_layer=false&objects=w1209735392", "id_url": "https://www.openstreetmap.org/edit?editor=id&way=1209735392#map=20/45.4391366/9.1556356"}}, {"type": "Feature", "geometry": {"type": "Point", "coordinates": [9.1554131, 45.4402466]}, "properties": {"id": 1209736079, "feat_type": "way", "quality_categories": "missing_tags, uncanny_keys", "issue_ids": "[651, 10]", "osm_url": "https://www.openstreetmap.org/way/1209736079", "josm_url": "http://127.0.0.1:8111/load_object?new_layer=false&objects=w1209736079", "id_url": "https://www.openstreetmap.org/edit?editor=id&way=1209736079#map=20/45.4402466/9.1554131"}}, {"type": "Feature", "geometry": {"type": "Point", "coordinates": [9.1062072, 45.4781097]}, "properties": {"id": 1210780310, "feat_type": "way", "quality_categories": "uncanny_keys", "issue_ids": "[652]", "osm_url": "https://www.openstreetmap.org/way/1210780310", "josm_url": "http://127.0.0.1:8111/load_object?new_layer=false&objects=w1210780310", "id_url": "https://www.openstreetmap.org/edit?editor=id&way=1210780310#map=20/45.4781097/9.1062072"}}, {"type": "Feature", "geometry": {"type": "Point", "coordinates": [9.1280064, 45.4626423]}, "properties": {"id": 1210993079, "feat_type": "way", "quality_categories": "uncanny_keys", "issue_ids": "[559]", "osm_url": "https://www.openstreetmap.org/way/1210993079", "josm_url": "http://127.0.0.1:8111/load_object?new_layer=false&objects=w1210993079", "id_url": "https://www.openstreetmap.org/edit?editor=id&way=1210993079#map=20/45.4626423/9.1280064"}}, {"type": "Feature", "geometry": {"type": "Point", "coordinates": [9.2424669, 45.4609983]}, "properties": {"id": 1211224594, "feat_type": "way", "quality_categories": "uncanny_keys", "issue_ids": "[653]", "osm_url": "https://www.openstreetmap.org/way/1211224594", "josm_url": "http://127.0.0.1:8111/load_object?new_layer=false&objects=w1211224594", "id_url": "https://www.openstreetmap.org/edit?editor=id&way=1211224594#map=20/45.4609983/9.2424669"}}, {"type": "Feature", "geometry": {"type": "Point", "coordinates": [9.2425334, 45.461089]}, "properties": {"id": 1211224696, "feat_type": "way", "quality_categories": "uncanny_keys", "issue_ids": "[653]", "osm_url": "https://www.openstreetmap.org/way/1211224696", "josm_url": "http://127.0.0.1:8111/load_object?new_layer=false&objects=w1211224696", "id_url": "https://www.openstreetmap.org/edit?editor=id&way=1211224696#map=20/45.461089/9.2425334"}}, {"type": "Feature", "geometry": {"type": "Point", "coordinates": [9.24631, 45.4587793]}, "properties": {"id": 1211249008, "feat_type": "way", "quality_categories": "uncanny_keys", "issue_ids": "[654]", "osm_url": "https://www.openstreetmap.org/way/1211249008", "josm_url": "http://127.0.0.1:8111/load_object?new_layer=false&objects=w1211249008", "id_url": "https://www.openstreetmap.org/edit?editor=id&way=1211249008#map=20/45.4587793/9.24631"}}, {"type": "Feature", "geometry": {"type": "Point", "coordinates": [9.2507889, 45.4507291]}, "properties": {"id": 1211263778, "feat_type": "way", "quality_categories": "uncanny_keys", "issue_ids": "[105]", "osm_url": "https://www.openstreetmap.org/way/1211263778", "josm_url": "http://127.0.0.1:8111/load_object?new_layer=false&objects=w1211263778", "id_url": "https://www.openstreetmap.org/edit?editor=id&way=1211263778#map=20/45.4507291/9.2507889"}}, {"type": "Feature", "geometry": {"type": "Point", "coordinates": [9.2455381, 45.4301087]}, "properties": {"id": 1211769774, "feat_type": "way", "quality_categories": "uncanny_keys", "issue_ids": "[655]", "osm_url": "https://www.openstreetmap.org/way/1211769774", "josm_url": "http://127.0.0.1:8111/load_object?new_layer=false&objects=w1211769774", "id_url": "https://www.openstreetmap.org/edit?editor=id&way=1211769774#map=20/45.4301087/9.2455381"}}, {"type": "Feature", "geometry": {"type": "Point", "coordinates": [9.2454755, 45.4302618]}, "properties": {"id": 1211769776, "feat_type": "way", "quality_categories": "uncanny_keys", "issue_ids": "[655]", "osm_url": "https://www.openstreetmap.org/way/1211769776", "josm_url": "http://127.0.0.1:8111/load_object?new_layer=false&objects=w1211769776", "id_url": "https://www.openstreetmap.org/edit?editor=id&way=1211769776#map=20/45.4302618/9.2454755"}}, {"type": "Feature", "geometry": {"type": "Point", "coordinates": [9.2460257, 45.4311759]}, "properties": {"id": 1211770216, "feat_type": "way", "quality_categories": "uncanny_keys", "issue_ids": "[656]", "osm_url": "https://www.openstreetmap.org/way/1211770216", "josm_url": "http://127.0.0.1:8111/load_object?new_layer=false&objects=w1211770216", "id_url": "https://www.openstreetmap.org/edit?editor=id&way=1211770216#map=20/45.4311759/9.2460257"}}, {"type": "Feature", "geometry": {"type": "Point", "coordinates": [9.2432087, 45.4313497]}, "properties": {"id": 1211771760, "feat_type": "way", "quality_categories": "missing_tags, uncanny_keys", "issue_ids": "[657, 10]", "osm_url": "https://www.openstreetmap.org/way/1211771760", "josm_url": "http://127.0.0.1:8111/load_object?new_layer=false&objects=w1211771760", "id_url": "https://www.openstreetmap.org/edit?editor=id&way=1211771760#map=20/45.4313497/9.2432087"}}, {"type": "Feature", "geometry": {"type": "Point", "coordinates": [9.2430247, 45.4318559]}, "properties": {"id": 1211772062, "feat_type": "way", "quality_categories": "missing_tags, uncanny_keys", "issue_ids": "[658, 10]", "osm_url": "https://www.openstreetmap.org/way/1211772062", "josm_url": "http://127.0.0.1:8111/load_object?new_layer=false&objects=w1211772062", "id_url": "https://www.openstreetmap.org/edit?editor=id&way=1211772062#map=20/45.4318559/9.2430247"}}, {"type": "Feature", "geometry": {"type": "Point", "coordinates": [9.2403057, 45.4324308]}, "properties": {"id": 1211772961, "feat_type": "way", "quality_categories": "missing_tags, uncanny_keys", "issue_ids": "[659, 10]", "osm_url": "https://www.openstreetmap.org/way/1211772961", "josm_url": "http://127.0.0.1:8111/load_object?new_layer=false&objects=w1211772961", "id_url": "https://www.openstreetmap.org/edit?editor=id&way=1211772961#map=20/45.4324308/9.2403057"}}, {"type": "Feature", "geometry": {"type": "Point", "coordinates": [9.2410676, 45.4327475]}, "properties": {"id": 1211773190, "feat_type": "way", "quality_categories": "uncanny_keys", "issue_ids": "[659]", "osm_url": "https://www.openstreetmap.org/way/1211773190", "josm_url": "http://127.0.0.1:8111/load_object?new_layer=false&objects=w1211773190", "id_url": "https://www.openstreetmap.org/edit?editor=id&way=1211773190#map=20/45.4327475/9.2410676"}}, {"type": "Feature", "geometry": {"type": "Point", "coordinates": [9.2403071, 45.4333036]}, "properties": {"id": 1211773665, "feat_type": "way", "quality_categories": "uncanny_keys", "issue_ids": "[660]", "osm_url": "https://www.openstreetmap.org/way/1211773665", "josm_url": "http://127.0.0.1:8111/load_object?new_layer=false&objects=w1211773665", "id_url": "https://www.openstreetmap.org/edit?editor=id&way=1211773665#map=20/45.4333036/9.2403071"}}, {"type": "Feature", "geometry": {"type": "Point", "coordinates": [9.2400229, 45.436008]}, "properties": {"id": 1211834013, "feat_type": "way", "quality_categories": "uncanny_keys", "issue_ids": "[661]", "osm_url": "https://www.openstreetmap.org/way/1211834013", "josm_url": "http://127.0.0.1:8111/load_object?new_layer=false&objects=w1211834013", "id_url": "https://www.openstreetmap.org/edit?editor=id&way=1211834013#map=20/45.436008/9.2400229"}}, {"type": "Feature", "geometry": {"type": "Point", "coordinates": [9.2469064, 45.4357786]}, "properties": {"id": 1212455611, "feat_type": "way", "quality_categories": "uncanny_keys", "issue_ids": "[662]", "osm_url": "https://www.openstreetmap.org/way/1212455611", "josm_url": "http://127.0.0.1:8111/load_object?new_layer=false&objects=w1212455611", "id_url": "https://www.openstreetmap.org/edit?editor=id&way=1212455611#map=20/45.4357786/9.2469064"}}, {"type": "Feature", "geometry": {"type": "Point", "coordinates": [9.2452019, 45.4343772]}, "properties": {"id": 1212456030, "feat_type": "way", "quality_categories": "uncanny_keys", "issue_ids": "[663]", "osm_url": "https://www.openstreetmap.org/way/1212456030", "josm_url": "http://127.0.0.1:8111/load_object?new_layer=false&objects=w1212456030", "id_url": "https://www.openstreetmap.org/edit?editor=id&way=1212456030#map=20/45.4343772/9.2452019"}}, {"type": "Feature", "geometry": {"type": "Point", "coordinates": [9.2409313, 45.4379282]}, "properties": {"id": 1212457862, "feat_type": "way", "quality_categories": "uncanny_keys", "issue_ids": "[664]", "osm_url": "https://www.openstreetmap.org/way/1212457862", "josm_url": "http://127.0.0.1:8111/load_object?new_layer=false&objects=w1212457862", "id_url": "https://www.openstreetmap.org/edit?editor=id&way=1212457862#map=20/45.4379282/9.2409313"}}, {"type": "Feature", "geometry": {"type": "Point", "coordinates": [9.2317631, 45.437929]}, "properties": {"id": 1212462049, "feat_type": "way", "quality_categories": "missing_tags, uncanny_keys", "issue_ids": "[665, 10]", "osm_url": "https://www.openstreetmap.org/way/1212462049", "josm_url": "http://127.0.0.1:8111/load_object?new_layer=false&objects=w1212462049", "id_url": "https://www.openstreetmap.org/edit?editor=id&way=1212462049#map=20/45.437929/9.2317631"}}, {"type": "Feature", "geometry": {"type": "Point", "coordinates": [9.1280581, 45.5116175]}, "properties": {"id": 1212504418, "feat_type": "way", "quality_categories": "missing_tags, uncanny_keys", "issue_ids": "[545, 10]", "osm_url": "https://www.openstreetmap.org/way/1212504418", "josm_url": "http://127.0.0.1:8111/load_object?new_layer=false&objects=w1212504418", "id_url": "https://www.openstreetmap.org/edit?editor=id&way=1212504418#map=20/45.5116175/9.1280581"}}, {"type": "Feature", "geometry": {"type": "Point", "coordinates": [9.1712908, 45.5290373]}, "properties": {"id": 1212978152, "feat_type": "way", "quality_categories": "uncanny_keys", "issue_ids": "[666]", "osm_url": "https://www.openstreetmap.org/way/1212978152", "josm_url": "http://127.0.0.1:8111/load_object?new_layer=false&objects=w1212978152", "id_url": "https://www.openstreetmap.org/edit?editor=id&way=1212978152#map=20/45.5290373/9.1712908"}}, {"type": "Feature", "geometry": {"type": "Point", "coordinates": [9.1724089, 45.5319364]}, "properties": {"id": 1212980490, "feat_type": "way", "quality_categories": "uncanny_keys", "issue_ids": "[667]", "osm_url": "https://www.openstreetmap.org/way/1212980490", "josm_url": "http://127.0.0.1:8111/load_object?new_layer=false&objects=w1212980490", "id_url": "https://www.openstreetmap.org/edit?editor=id&way=1212980490#map=20/45.5319364/9.1724089"}}, {"type": "Feature", "geometry": {"type": "Point", "coordinates": [9.1694068, 45.5318039]}, "properties": {"id": 1212980680, "feat_type": "way", "quality_categories": "missing_tags, uncanny_keys", "issue_ids": "[668, 10]", "osm_url": "https://www.openstreetmap.org/way/1212980680", "josm_url": "http://127.0.0.1:8111/load_object?new_layer=false&objects=w1212980680", "id_url": "https://www.openstreetmap.org/edit?editor=id&way=1212980680#map=20/45.5318039/9.1694068"}}, {"type": "Feature", "geometry": {"type": "Point", "coordinates": [9.1588738, 45.527697]}, "properties": {"id": 1212985229, "feat_type": "way", "quality_categories": "uncanny_keys", "issue_ids": "[669]", "osm_url": "https://www.openstreetmap.org/way/1212985229", "josm_url": "http://127.0.0.1:8111/load_object?new_layer=false&objects=w1212985229", "id_url": "https://www.openstreetmap.org/edit?editor=id&way=1212985229#map=20/45.527697/9.1588738"}}, {"type": "Feature", "geometry": {"type": "Point", "coordinates": [9.1604864, 45.5283867]}, "properties": {"id": 1212985797, "feat_type": "way", "quality_categories": "missing_tags, uncanny_keys", "issue_ids": "[670, 10]", "osm_url": "https://www.openstreetmap.org/way/1212985797", "josm_url": "http://127.0.0.1:8111/load_object?new_layer=false&objects=w1212985797", "id_url": "https://www.openstreetmap.org/edit?editor=id&way=1212985797#map=20/45.5283867/9.1604864"}}, {"type": "Feature", "geometry": {"type": "Point", "coordinates": [9.1613052, 45.5254475]}, "properties": {"id": 1212987542, "feat_type": "way", "quality_categories": "uncanny_keys", "issue_ids": "[671]", "osm_url": "https://www.openstreetmap.org/way/1212987542", "josm_url": "http://127.0.0.1:8111/load_object?new_layer=false&objects=w1212987542", "id_url": "https://www.openstreetmap.org/edit?editor=id&way=1212987542#map=20/45.5254475/9.1613052"}}, {"type": "Feature", "geometry": {"type": "Point", "coordinates": [9.1365358, 45.5083502]}, "properties": {"id": 1214755700, "feat_type": "way", "quality_categories": "uncanny_keys", "issue_ids": "[44]", "osm_url": "https://www.openstreetmap.org/way/1214755700", "josm_url": "http://127.0.0.1:8111/load_object?new_layer=false&objects=w1214755700", "id_url": "https://www.openstreetmap.org/edit?editor=id&way=1214755700#map=20/45.5083502/9.1365358"}}, {"type": "Feature", "geometry": {"type": "Point", "coordinates": [9.1292452, 45.4600322]}, "properties": {"id": 1214810339, "feat_type": "way", "quality_categories": "uncanny_keys", "issue_ids": "[672]", "osm_url": "https://www.openstreetmap.org/way/1214810339", "josm_url": "http://127.0.0.1:8111/load_object?new_layer=false&objects=w1214810339", "id_url": "https://www.openstreetmap.org/edit?editor=id&way=1214810339#map=20/45.4600322/9.1292452"}}, {"type": "Feature", "geometry": {"type": "Point", "coordinates": [9.1295258, 45.4600593]}, "properties": {"id": 1214810519, "feat_type": "way", "quality_categories": "uncanny_keys", "issue_ids": "[672]", "osm_url": "https://www.openstreetmap.org/way/1214810519", "josm_url": "http://127.0.0.1:8111/load_object?new_layer=false&objects=w1214810519", "id_url": "https://www.openstreetmap.org/edit?editor=id&way=1214810519#map=20/45.4600593/9.1295258"}}, {"type": "Feature", "geometry": {"type": "Point", "coordinates": [9.2131626, 45.4854678]}, "properties": {"id": 1215017799, "feat_type": "way", "quality_categories": "uncanny_keys", "issue_ids": "[673]", "osm_url": "https://www.openstreetmap.org/way/1215017799", "josm_url": "http://127.0.0.1:8111/load_object?new_layer=false&objects=w1215017799", "id_url": "https://www.openstreetmap.org/edit?editor=id&way=1215017799#map=20/45.4854678/9.2131626"}}, {"type": "Feature", "geometry": {"type": "Point", "coordinates": [9.2133644, 45.4836767]}, "properties": {"id": 1215020751, "feat_type": "way", "quality_categories": "uncanny_keys", "issue_ids": "[674]", "osm_url": "https://www.openstreetmap.org/way/1215020751", "josm_url": "http://127.0.0.1:8111/load_object?new_layer=false&objects=w1215020751", "id_url": "https://www.openstreetmap.org/edit?editor=id&way=1215020751#map=20/45.4836767/9.2133644"}}, {"type": "Feature", "geometry": {"type": "Point", "coordinates": [9.2298687, 45.4771004]}, "properties": {"id": 1216793293, "feat_type": "way", "quality_categories": "uncanny_keys", "issue_ids": "[675]", "osm_url": "https://www.openstreetmap.org/way/1216793293", "josm_url": "http://127.0.0.1:8111/load_object?new_layer=false&objects=w1216793293", "id_url": "https://www.openstreetmap.org/edit?editor=id&way=1216793293#map=20/45.4771004/9.2298687"}}, {"type": "Feature", "geometry": {"type": "Point", "coordinates": [9.2421257, 45.4805573]}, "properties": {"id": 1216797751, "feat_type": "way", "quality_categories": "uncanny_keys", "issue_ids": "[676]", "osm_url": "https://www.openstreetmap.org/way/1216797751", "josm_url": "http://127.0.0.1:8111/load_object?new_layer=false&objects=w1216797751", "id_url": "https://www.openstreetmap.org/edit?editor=id&way=1216797751#map=20/45.4805573/9.2421257"}}, {"type": "Feature", "geometry": {"type": "Point", "coordinates": [9.23017, 45.479053]}, "properties": {"id": 1217711171, "feat_type": "way", "quality_categories": "uncanny_keys", "issue_ids": "[121]", "osm_url": "https://www.openstreetmap.org/way/1217711171", "josm_url": "http://127.0.0.1:8111/load_object?new_layer=false&objects=w1217711171", "id_url": "https://www.openstreetmap.org/edit?editor=id&way=1217711171#map=20/45.479053/9.23017"}}, {"type": "Feature", "geometry": {"type": "Point", "coordinates": [9.1447351, 45.4981114]}, "properties": {"id": 1217792371, "feat_type": "way", "quality_categories": "uncanny_keys", "issue_ids": "[677]", "osm_url": "https://www.openstreetmap.org/way/1217792371", "josm_url": "http://127.0.0.1:8111/load_object?new_layer=false&objects=w1217792371", "id_url": "https://www.openstreetmap.org/edit?editor=id&way=1217792371#map=20/45.4981114/9.1447351"}}, {"type": "Feature", "geometry": {"type": "Point", "coordinates": [9.2375071, 45.4184801]}, "properties": {"id": 1217973366, "feat_type": "way", "quality_categories": "uncanny_keys", "issue_ids": "[523]", "osm_url": "https://www.openstreetmap.org/way/1217973366", "josm_url": "http://127.0.0.1:8111/load_object?new_layer=false&objects=w1217973366", "id_url": "https://www.openstreetmap.org/edit?editor=id&way=1217973366#map=20/45.4184801/9.2375071"}}, {"type": "Feature", "geometry": {"type": "Point", "coordinates": [9.2361508, 45.4170161]}, "properties": {"id": 1217974887, "feat_type": "way", "quality_categories": "uncanny_keys", "issue_ids": "[678]", "osm_url": "https://www.openstreetmap.org/way/1217974887", "josm_url": "http://127.0.0.1:8111/load_object?new_layer=false&objects=w1217974887", "id_url": "https://www.openstreetmap.org/edit?editor=id&way=1217974887#map=20/45.4170161/9.2361508"}}, {"type": "Feature", "geometry": {"type": "Point", "coordinates": [9.2294826, 45.4124088]}, "properties": {"id": 1217976058, "feat_type": "way", "quality_categories": "missing_tags, uncanny_keys", "issue_ids": "[679, 10]", "osm_url": "https://www.openstreetmap.org/way/1217976058", "josm_url": "http://127.0.0.1:8111/load_object?new_layer=false&objects=w1217976058", "id_url": "https://www.openstreetmap.org/edit?editor=id&way=1217976058#map=20/45.4124088/9.2294826"}}, {"type": "Feature", "geometry": {"type": "Point", "coordinates": [9.2284114, 45.4121129]}, "properties": {"id": 1217976274, "feat_type": "way", "quality_categories": "missing_tags, uncanny_keys", "issue_ids": "[679, 10]", "osm_url": "https://www.openstreetmap.org/way/1217976274", "josm_url": "http://127.0.0.1:8111/load_object?new_layer=false&objects=w1217976274", "id_url": "https://www.openstreetmap.org/edit?editor=id&way=1217976274#map=20/45.4121129/9.2284114"}}, {"type": "Feature", "geometry": {"type": "Point", "coordinates": [9.2232118, 45.4356992]}, "properties": {"id": 1217981152, "feat_type": "way", "quality_categories": "missing_tags, uncanny_keys", "issue_ids": "[680, 10]", "osm_url": "https://www.openstreetmap.org/way/1217981152", "josm_url": "http://127.0.0.1:8111/load_object?new_layer=false&objects=w1217981152", "id_url": "https://www.openstreetmap.org/edit?editor=id&way=1217981152#map=20/45.4356992/9.2232118"}}, {"type": "Feature", "geometry": {"type": "Point", "coordinates": [9.2215707, 45.5225602]}, "properties": {"id": 1218042654, "feat_type": "way", "quality_categories": "uncanny_keys", "issue_ids": "[681]", "osm_url": "https://www.openstreetmap.org/way/1218042654", "josm_url": "http://127.0.0.1:8111/load_object?new_layer=false&objects=w1218042654", "id_url": "https://www.openstreetmap.org/edit?editor=id&way=1218042654#map=20/45.5225602/9.2215707"}}, {"type": "Feature", "geometry": {"type": "Point", "coordinates": [9.2213016, 45.5224602]}, "properties": {"id": 1218042655, "feat_type": "way", "quality_categories": "uncanny_keys", "issue_ids": "[682]", "osm_url": "https://www.openstreetmap.org/way/1218042655", "josm_url": "http://127.0.0.1:8111/load_object?new_layer=false&objects=w1218042655", "id_url": "https://www.openstreetmap.org/edit?editor=id&way=1218042655#map=20/45.5224602/9.2213016"}}, {"type": "Feature", "geometry": {"type": "Point", "coordinates": [9.2353793, 45.4852325]}, "properties": {"id": 1218514159, "feat_type": "way", "quality_categories": "uncanny_keys", "issue_ids": "[54]", "osm_url": "https://www.openstreetmap.org/way/1218514159", "josm_url": "http://127.0.0.1:8111/load_object?new_layer=false&objects=w1218514159", "id_url": "https://www.openstreetmap.org/edit?editor=id&way=1218514159#map=20/45.4852325/9.2353793"}}, {"type": "Feature", "geometry": {"type": "Point", "coordinates": [9.2335167, 45.4854456]}, "properties": {"id": 1218516183, "feat_type": "way", "quality_categories": "uncanny_keys", "issue_ids": "[683]", "osm_url": "https://www.openstreetmap.org/way/1218516183", "josm_url": "http://127.0.0.1:8111/load_object?new_layer=false&objects=w1218516183", "id_url": "https://www.openstreetmap.org/edit?editor=id&way=1218516183#map=20/45.4854456/9.2335167"}}, {"type": "Feature", "geometry": {"type": "Point", "coordinates": [9.2374283, 45.4832789]}, "properties": {"id": 1218517501, "feat_type": "way", "quality_categories": "uncanny_keys", "issue_ids": "[535]", "osm_url": "https://www.openstreetmap.org/way/1218517501", "josm_url": "http://127.0.0.1:8111/load_object?new_layer=false&objects=w1218517501", "id_url": "https://www.openstreetmap.org/edit?editor=id&way=1218517501#map=20/45.4832789/9.2374283"}}, {"type": "Feature", "geometry": {"type": "Point", "coordinates": [9.2024691, 45.486767]}, "properties": {"id": 1218540092, "feat_type": "way", "quality_categories": "uncanny_keys", "issue_ids": "[134]", "osm_url": "https://www.openstreetmap.org/way/1218540092", "josm_url": "http://127.0.0.1:8111/load_object?new_layer=false&objects=w1218540092", "id_url": "https://www.openstreetmap.org/edit?editor=id&way=1218540092#map=20/45.486767/9.2024691"}}, {"type": "Feature", "geometry": {"type": "Point", "coordinates": [9.2027628, 45.4872748]}, "properties": {"id": 1218540322, "feat_type": "way", "quality_categories": "uncanny_keys", "issue_ids": "[134]", "osm_url": "https://www.openstreetmap.org/way/1218540322", "josm_url": "http://127.0.0.1:8111/load_object?new_layer=false&objects=w1218540322", "id_url": "https://www.openstreetmap.org/edit?editor=id&way=1218540322#map=20/45.4872748/9.2027628"}}, {"type": "Feature", "geometry": {"type": "Point", "coordinates": [9.2021537, 45.4862382]}, "properties": {"id": 1218540940, "feat_type": "way", "quality_categories": "uncanny_keys", "issue_ids": "[134]", "osm_url": "https://www.openstreetmap.org/way/1218540940", "josm_url": "http://127.0.0.1:8111/load_object?new_layer=false&objects=w1218540940", "id_url": "https://www.openstreetmap.org/edit?editor=id&way=1218540940#map=20/45.4862382/9.2021537"}}, {"type": "Feature", "geometry": {"type": "Point", "coordinates": [9.1707682, 45.4769919]}, "properties": {"id": 1219963659, "feat_type": "way", "quality_categories": "missing_tags, uncanny_keys", "issue_ids": "[98, 10]", "osm_url": "https://www.openstreetmap.org/way/1219963659", "josm_url": "http://127.0.0.1:8111/load_object?new_layer=false&objects=w1219963659", "id_url": "https://www.openstreetmap.org/edit?editor=id&way=1219963659#map=20/45.4769919/9.1707682"}}, {"type": "Feature", "geometry": {"type": "Point", "coordinates": [9.1996681, 45.5096277]}, "properties": {"id": 1240719444, "feat_type": "way", "quality_categories": "uncanny_keys", "issue_ids": "[684]", "osm_url": "https://www.openstreetmap.org/way/1240719444", "josm_url": "http://127.0.0.1:8111/load_object?new_layer=false&objects=w1240719444", "id_url": "https://www.openstreetmap.org/edit?editor=id&way=1240719444#map=20/45.5096277/9.1996681"}}, {"type": "Feature", "geometry": {"type": "Point", "coordinates": [9.199779, 45.5102192]}, "properties": {"id": 1240721035, "feat_type": "way", "quality_categories": "uncanny_keys", "issue_ids": "[684]", "osm_url": "https://www.openstreetmap.org/way/1240721035", "josm_url": "http://127.0.0.1:8111/load_object?new_layer=false&objects=w1240721035", "id_url": "https://www.openstreetmap.org/edit?editor=id&way=1240721035#map=20/45.5102192/9.199779"}}, {"type": "Feature", "geometry": {"type": "Point", "coordinates": [9.2012419, 45.5084923]}, "properties": {"id": 1240721236, "feat_type": "way", "quality_categories": "uncanny_keys", "issue_ids": "[685]", "osm_url": "https://www.openstreetmap.org/way/1240721236", "josm_url": "http://127.0.0.1:8111/load_object?new_layer=false&objects=w1240721236", "id_url": "https://www.openstreetmap.org/edit?editor=id&way=1240721236#map=20/45.5084923/9.2012419"}}, {"type": "Feature", "geometry": {"type": "Point", "coordinates": [9.2023098, 45.5086634]}, "properties": {"id": 1240721363, "feat_type": "way", "quality_categories": "uncanny_keys", "issue_ids": "[686]", "osm_url": "https://www.openstreetmap.org/way/1240721363", "josm_url": "http://127.0.0.1:8111/load_object?new_layer=false&objects=w1240721363", "id_url": "https://www.openstreetmap.org/edit?editor=id&way=1240721363#map=20/45.5086634/9.2023098"}}, {"type": "Feature", "geometry": {"type": "Point", "coordinates": [9.2008773, 45.5061141]}, "properties": {"id": 1240721530, "feat_type": "way", "quality_categories": "uncanny_keys", "issue_ids": "[40]", "osm_url": "https://www.openstreetmap.org/way/1240721530", "josm_url": "http://127.0.0.1:8111/load_object?new_layer=false&objects=w1240721530", "id_url": "https://www.openstreetmap.org/edit?editor=id&way=1240721530#map=20/45.5061141/9.2008773"}}, {"type": "Feature", "geometry": {"type": "Point", "coordinates": [9.2013268, 45.505334]}, "properties": {"id": 1240721645, "feat_type": "way", "quality_categories": "uncanny_keys", "issue_ids": "[687]", "osm_url": "https://www.openstreetmap.org/way/1240721645", "josm_url": "http://127.0.0.1:8111/load_object?new_layer=false&objects=w1240721645", "id_url": "https://www.openstreetmap.org/edit?editor=id&way=1240721645#map=20/45.505334/9.2013268"}}, {"type": "Feature", "geometry": {"type": "Point", "coordinates": [9.2309209, 45.4677347]}, "properties": {"id": 1244545219, "feat_type": "way", "quality_categories": "uncanny_keys", "issue_ids": "[688]", "osm_url": "https://www.openstreetmap.org/way/1244545219", "josm_url": "http://127.0.0.1:8111/load_object?new_layer=false&objects=w1244545219", "id_url": "https://www.openstreetmap.org/edit?editor=id&way=1244545219#map=20/45.4677347/9.2309209"}}, {"type": "Feature", "geometry": {"type": "Point", "coordinates": [9.1875741, 45.4369271]}, "properties": {"id": 1244856743, "feat_type": "way", "quality_categories": "uncanny_keys", "issue_ids": "[491]", "osm_url": "https://www.openstreetmap.org/way/1244856743", "josm_url": "http://127.0.0.1:8111/load_object?new_layer=false&objects=w1244856743", "id_url": "https://www.openstreetmap.org/edit?editor=id&way=1244856743#map=20/45.4369271/9.1875741"}}, {"type": "Feature", "geometry": {"type": "Point", "coordinates": [9.1914842, 45.4699569]}, "properties": {"id": 1246948383, "feat_type": "way", "quality_categories": "missing_tags, uncanny_keys", "issue_ids": "[689, 10]", "osm_url": "https://www.openstreetmap.org/way/1246948383", "josm_url": "http://127.0.0.1:8111/load_object?new_layer=false&objects=w1246948383", "id_url": "https://www.openstreetmap.org/edit?editor=id&way=1246948383#map=20/45.4699569/9.1914842"}}, {"type": "Feature", "geometry": {"type": "Point", "coordinates": [9.1948956, 45.4707809]}, "properties": {"id": 1262118488, "feat_type": "way", "quality_categories": "missing_tags, uncanny_keys", "issue_ids": "[132, 10]", "osm_url": "https://www.openstreetmap.org/way/1262118488", "josm_url": "http://127.0.0.1:8111/load_object?new_layer=false&objects=w1262118488", "id_url": "https://www.openstreetmap.org/edit?editor=id&way=1262118488#map=20/45.4707809/9.1948956"}}, {"type": "Feature", "geometry": {"type": "Point", "coordinates": [9.1693508, 45.4989034]}, "properties": {"id": 1331650739, "feat_type": "way", "quality_categories": "missing_tags, uncanny_keys", "issue_ids": "[513, 10]", "osm_url": "https://www.openstreetmap.org/way/1331650739", "josm_url": "http://127.0.0.1:8111/load_object?new_layer=false&objects=w1331650739", "id_url": "https://www.openstreetmap.org/edit?editor=id&way=1331650739#map=20/45.4989034/9.1693508"}}, {"type": "Feature", "geometry": {"type": "Point", "coordinates": [9.2235383, 45.4966782]}, "properties": {"id": 1335062659, "feat_type": "way", "quality_categories": "uncanny_keys", "issue_ids": "[210]", "osm_url": "https://www.openstreetmap.org/way/1335062659", "josm_url": "http://127.0.0.1:8111/load_object?new_layer=false&objects=w1335062659", "id_url": "https://www.openstreetmap.org/edit?editor=id&way=1335062659#map=20/45.4966782/9.2235383"}}, {"type": "Feature", "geometry": {"type": "Point", "coordinates": [9.223577, 45.4967249]}, "properties": {"id": 1335062660, "feat_type": "way", "quality_categories": "uncanny_keys", "issue_ids": "[210]", "osm_url": "https://www.openstreetmap.org/way/1335062660", "josm_url": "http://127.0.0.1:8111/load_object?new_layer=false&objects=w1335062660", "id_url": "https://www.openstreetmap.org/edit?editor=id&way=1335062660#map=20/45.4967249/9.223577"}}, {"type": "Feature", "geometry": {"type": "Point", "coordinates": [9.1742396, 45.4618873]}, "properties": {"id": 1345260300, "feat_type": "way", "quality_categories": "uncanny_keys", "issue_ids": "[690]", "osm_url": "https://www.openstreetmap.org/way/1345260300", "josm_url": "http://127.0.0.1:8111/load_object?new_layer=false&objects=w1345260300", "id_url": "https://www.openstreetmap.org/edit?editor=id&way=1345260300#map=20/45.4618873/9.1742396"}}, {"type": "Feature", "geometry": {"type": "Point", "coordinates": [9.1818404, 45.485079]}, "properties": {"id": 1349608677, "feat_type": "way", "quality_categories": "uncanny_keys", "issue_ids": "[116]", "osm_url": "https://www.openstreetmap.org/way/1349608677", "josm_url": "http://127.0.0.1:8111/load_object?new_layer=false&objects=w1349608677", "id_url": "https://www.openstreetmap.org/edit?editor=id&way=1349608677#map=20/45.485079/9.1818404"}}, {"type": "Feature", "geometry": {"type": "Point", "coordinates": [9.1792519, 45.4457331]}, "properties": {"id": 1349804710, "feat_type": "way", "quality_categories": "uncanny_keys", "issue_ids": "[691]", "osm_url": "https://www.openstreetmap.org/way/1349804710", "josm_url": "http://127.0.0.1:8111/load_object?new_layer=false&objects=w1349804710", "id_url": "https://www.openstreetmap.org/edit?editor=id&way=1349804710#map=20/45.4457331/9.1792519"}}, {"type": "Feature", "geometry": {"type": "Point", "coordinates": [9.1794178, 45.4458438]}, "properties": {"id": 1349804994, "feat_type": "way", "quality_categories": "uncanny_keys", "issue_ids": "[691]", "osm_url": "https://www.openstreetmap.org/way/1349804994", "josm_url": "http://127.0.0.1:8111/load_object?new_layer=false&objects=w1349804994", "id_url": "https://www.openstreetmap.org/edit?editor=id&way=1349804994#map=20/45.4458438/9.1794178"}}, {"type": "Feature", "geometry": {"type": "Point", "coordinates": [9.1790528, 45.4430771]}, "properties": {"id": 1349806429, "feat_type": "way", "quality_categories": "uncanny_keys", "issue_ids": "[692]", "osm_url": "https://www.openstreetmap.org/way/1349806429", "josm_url": "http://127.0.0.1:8111/load_object?new_layer=false&objects=w1349806429", "id_url": "https://www.openstreetmap.org/edit?editor=id&way=1349806429#map=20/45.4430771/9.1790528"}}, {"type": "Feature", "geometry": {"type": "Point", "coordinates": [9.1870674, 45.4537089]}, "properties": {"id": 1349841561, "feat_type": "way", "quality_categories": "uncanny_keys", "issue_ids": "[318]", "osm_url": "https://www.openstreetmap.org/way/1349841561", "josm_url": "http://127.0.0.1:8111/load_object?new_layer=false&objects=w1349841561", "id_url": "https://www.openstreetmap.org/edit?editor=id&way=1349841561#map=20/45.4537089/9.1870674"}}, {"type": "Feature", "geometry": {"type": "Point", "coordinates": [9.1895901, 45.4632449]}, "properties": {"id": 1349843996, "feat_type": "way", "quality_categories": "uncanny_keys", "issue_ids": "[693]", "osm_url": "https://www.openstreetmap.org/way/1349843996", "josm_url": "http://127.0.0.1:8111/load_object?new_layer=false&objects=w1349843996", "id_url": "https://www.openstreetmap.org/edit?editor=id&way=1349843996#map=20/45.4632449/9.1895901"}}, {"type": "Feature", "geometry": {"type": "Point", "coordinates": [9.1746753, 45.4658512]}, "properties": {"id": 1349849571, "feat_type": "way", "quality_categories": "uncanny_keys", "issue_ids": "[187]", "osm_url": "https://www.openstreetmap.org/way/1349849571", "josm_url": "http://127.0.0.1:8111/load_object?new_layer=false&objects=w1349849571", "id_url": "https://www.openstreetmap.org/edit?editor=id&way=1349849571#map=20/45.4658512/9.1746753"}}, {"type": "Feature", "geometry": {"type": "Point", "coordinates": [9.1997997, 45.483339]}, "properties": {"id": 1350939390, "feat_type": "way", "quality_categories": "uncanny_keys", "issue_ids": "[694]", "osm_url": "https://www.openstreetmap.org/way/1350939390", "josm_url": "http://127.0.0.1:8111/load_object?new_layer=false&objects=w1350939390", "id_url": "https://www.openstreetmap.org/edit?editor=id&way=1350939390#map=20/45.483339/9.1997997"}}, {"type": "Feature", "geometry": {"type": "Point", "coordinates": [9.1980491, 45.4510024]}, "properties": {"id": 1350943822, "feat_type": "way", "quality_categories": "missing_tags, uncanny_keys", "issue_ids": "[193, 10]", "osm_url": "https://www.openstreetmap.org/way/1350943822", "josm_url": "http://127.0.0.1:8111/load_object?new_layer=false&objects=w1350943822", "id_url": "https://www.openstreetmap.org/edit?editor=id&way=1350943822#map=20/45.4510024/9.1980491"}}, {"type": "Feature", "geometry": {"type": "Point", "coordinates": [9.1314196, 45.5094725]}, "properties": {"id": 1351211577, "feat_type": "way", "quality_categories": "missing_tags, uncanny_keys", "issue_ids": "[695, 10]", "osm_url": "https://www.openstreetmap.org/way/1351211577", "josm_url": "http://127.0.0.1:8111/load_object?new_layer=false&objects=w1351211577", "id_url": "https://www.openstreetmap.org/edit?editor=id&way=1351211577#map=20/45.5094725/9.1314196"}}, {"type": "Feature", "geometry": {"type": "Point", "coordinates": [9.1393803, 45.5011577]}, "properties": {"id": 1351222844, "feat_type": "way", "quality_categories": "uncanny_keys", "issue_ids": "[696]", "osm_url": "https://www.openstreetmap.org/way/1351222844", "josm_url": "http://127.0.0.1:8111/load_object?new_layer=false&objects=w1351222844", "id_url": "https://www.openstreetmap.org/edit?editor=id&way=1351222844#map=20/45.5011577/9.1393803"}}, {"type": "Feature", "geometry": {"type": "Point", "coordinates": [9.1619319, 45.4909419]}, "properties": {"id": 1351577470, "feat_type": "way", "quality_categories": "missing_tags, uncanny_keys", "issue_ids": "[697, 10]", "osm_url": "https://www.openstreetmap.org/way/1351577470", "josm_url": "http://127.0.0.1:8111/load_object?new_layer=false&objects=w1351577470", "id_url": "https://www.openstreetmap.org/edit?editor=id&way=1351577470#map=20/45.4909419/9.1619319"}}, {"type": "Feature", "geometry": {"type": "Point", "coordinates": [9.1615478, 45.4911332]}, "properties": {"id": 1351577471, "feat_type": "way", "quality_categories": "missing_tags, uncanny_keys", "issue_ids": "[697, 10]", "osm_url": "https://www.openstreetmap.org/way/1351577471", "josm_url": "http://127.0.0.1:8111/load_object?new_layer=false&objects=w1351577471", "id_url": "https://www.openstreetmap.org/edit?editor=id&way=1351577471#map=20/45.4911332/9.1615478"}}, {"type": "Feature", "geometry": {"type": "Point", "coordinates": [9.2184738, 45.4578283]}, "properties": {"id": 1351584569, "feat_type": "way", "quality_categories": "uncanny_keys", "issue_ids": "[397]", "osm_url": "https://www.openstreetmap.org/way/1351584569", "josm_url": "http://127.0.0.1:8111/load_object?new_layer=false&objects=w1351584569", "id_url": "https://www.openstreetmap.org/edit?editor=id&way=1351584569#map=20/45.4578283/9.2184738"}}, {"type": "Feature", "geometry": {"type": "Point", "coordinates": [9.1997737, 45.4399195]}, "properties": {"id": 1351851387, "feat_type": "way", "quality_categories": "uncanny_keys", "issue_ids": "[698]", "osm_url": "https://www.openstreetmap.org/way/1351851387", "josm_url": "http://127.0.0.1:8111/load_object?new_layer=false&objects=w1351851387", "id_url": "https://www.openstreetmap.org/edit?editor=id&way=1351851387#map=20/45.4399195/9.1997737"}}, {"type": "Feature", "geometry": {"type": "Point", "coordinates": [9.1999126, 45.4401525]}, "properties": {"id": 1351856612, "feat_type": "way", "quality_categories": "uncanny_keys", "issue_ids": "[698]", "osm_url": "https://www.openstreetmap.org/way/1351856612", "josm_url": "http://127.0.0.1:8111/load_object?new_layer=false&objects=w1351856612", "id_url": "https://www.openstreetmap.org/edit?editor=id&way=1351856612#map=20/45.4401525/9.1999126"}}, {"type": "Feature", "geometry": {"type": "Point", "coordinates": [9.2006673, 45.4364666]}, "properties": {"id": 1351906502, "feat_type": "way", "quality_categories": "uncanny_keys", "issue_ids": "[699]", "osm_url": "https://www.openstreetmap.org/way/1351906502", "josm_url": "http://127.0.0.1:8111/load_object?new_layer=false&objects=w1351906502", "id_url": "https://www.openstreetmap.org/edit?editor=id&way=1351906502#map=20/45.4364666/9.2006673"}}, {"type": "Feature", "geometry": {"type": "Point", "coordinates": [9.2006193, 45.4355704]}, "properties": {"id": 1351906809, "feat_type": "way", "quality_categories": "uncanny_keys", "issue_ids": "[699]", "osm_url": "https://www.openstreetmap.org/way/1351906809", "josm_url": "http://127.0.0.1:8111/load_object?new_layer=false&objects=w1351906809", "id_url": "https://www.openstreetmap.org/edit?editor=id&way=1351906809#map=20/45.4355704/9.2006193"}}, {"type": "Feature", "geometry": {"type": "Point", "coordinates": [9.2011365, 45.4338289]}, "properties": {"id": 1351907245, "feat_type": "way", "quality_categories": "uncanny_keys", "issue_ids": "[564]", "osm_url": "https://www.openstreetmap.org/way/1351907245", "josm_url": "http://127.0.0.1:8111/load_object?new_layer=false&objects=w1351907245", "id_url": "https://www.openstreetmap.org/edit?editor=id&way=1351907245#map=20/45.4338289/9.2011365"}}, {"type": "Feature", "geometry": {"type": "Point", "coordinates": [9.2014268, 45.4319148]}, "properties": {"id": 1351909198, "feat_type": "way", "quality_categories": "uncanny_keys", "issue_ids": "[700]", "osm_url": "https://www.openstreetmap.org/way/1351909198", "josm_url": "http://127.0.0.1:8111/load_object?new_layer=false&objects=w1351909198", "id_url": "https://www.openstreetmap.org/edit?editor=id&way=1351909198#map=20/45.4319148/9.2014268"}}, {"type": "Feature", "geometry": {"type": "Point", "coordinates": [9.2018582, 45.4311967]}, "properties": {"id": 1351909200, "feat_type": "way", "quality_categories": "uncanny_keys", "issue_ids": "[700]", "osm_url": "https://www.openstreetmap.org/way/1351909200", "josm_url": "http://127.0.0.1:8111/load_object?new_layer=false&objects=w1351909200", "id_url": "https://www.openstreetmap.org/edit?editor=id&way=1351909200#map=20/45.4311967/9.2018582"}}, {"type": "Feature", "geometry": {"type": "Point", "coordinates": [9.2030306, 45.4846288]}, "properties": {"id": 1365068582, "feat_type": "way", "quality_categories": "uncanny_keys", "issue_ids": "[60]", "osm_url": "https://www.openstreetmap.org/way/1365068582", "josm_url": "http://127.0.0.1:8111/load_object?new_layer=false&objects=w1365068582", "id_url": "https://www.openstreetmap.org/edit?editor=id&way=1365068582#map=20/45.4846288/9.2030306"}}, {"type": "Feature", "geometry": {"type": "Point", "coordinates": [9.2364428, 45.515844]}, "properties": {"id": 1382826239, "feat_type": "way", "quality_categories": "uncanny_keys", "issue_ids": "[701]", "osm_url": "https://www.openstreetmap.org/way/1382826239", "josm_url": "http://127.0.0.1:8111/load_object?new_layer=false&objects=w1382826239", "id_url": "https://www.openstreetmap.org/edit?editor=id&way=1382826239#map=20/45.515844/9.2364428"}}, {"type": "Feature", "geometry": {"type": "Point", "coordinates": [9.2358681, 45.515637]}, "properties": {"id": 1382826240, "feat_type": "way", "quality_categories": "uncanny_keys", "issue_ids": "[701]", "osm_url": "https://www.openstreetmap.org/way/1382826240", "josm_url": "http://127.0.0.1:8111/load_object?new_layer=false&objects=w1382826240", "id_url": "https://www.openstreetmap.org/edit?editor=id&way=1382826240#map=20/45.515637/9.2358681"}}, {"type": "Feature", "geometry": {"type": "Point", "coordinates": [9.2400323, 45.5164982]}, "properties": {"id": 1382826241, "feat_type": "way", "quality_categories": "uncanny_keys", "issue_ids": "[604]", "osm_url": "https://www.openstreetmap.org/way/1382826241", "josm_url": "http://127.0.0.1:8111/load_object?new_layer=false&objects=w1382826241", "id_url": "https://www.openstreetmap.org/edit?editor=id&way=1382826241#map=20/45.5164982/9.2400323"}}, {"type": "Feature", "geometry": {"type": "Point", "coordinates": [9.2437907, 45.5170967]}, "properties": {"id": 1382826244, "feat_type": "way", "quality_categories": "uncanny_keys", "issue_ids": "[702]", "osm_url": "https://www.openstreetmap.org/way/1382826244", "josm_url": "http://127.0.0.1:8111/load_object?new_layer=false&objects=w1382826244", "id_url": "https://www.openstreetmap.org/edit?editor=id&way=1382826244#map=20/45.5170967/9.2437907"}}, {"type": "Feature", "geometry": {"type": "Point", "coordinates": [9.2439162, 45.5171276]}, "properties": {"id": 1382826245, "feat_type": "way", "quality_categories": "uncanny_keys", "issue_ids": "[702]", "osm_url": "https://www.openstreetmap.org/way/1382826245", "josm_url": "http://127.0.0.1:8111/load_object?new_layer=false&objects=w1382826245", "id_url": "https://www.openstreetmap.org/edit?editor=id&way=1382826245#map=20/45.5171276/9.2439162"}}, {"type": "Feature", "geometry": {"type": "Point", "coordinates": [9.2453959, 45.5140263]}, "properties": {"id": 1382826246, "feat_type": "way", "quality_categories": "uncanny_keys", "issue_ids": "[703]", "osm_url": "https://www.openstreetmap.org/way/1382826246", "josm_url": "http://127.0.0.1:8111/load_object?new_layer=false&objects=w1382826246", "id_url": "https://www.openstreetmap.org/edit?editor=id&way=1382826246#map=20/45.5140263/9.2453959"}}, {"type": "Feature", "geometry": {"type": "Point", "coordinates": [9.2457166, 45.5137279]}, "properties": {"id": 1382826247, "feat_type": "way", "quality_categories": "uncanny_keys", "issue_ids": "[703]", "osm_url": "https://www.openstreetmap.org/way/1382826247", "josm_url": "http://127.0.0.1:8111/load_object?new_layer=false&objects=w1382826247", "id_url": "https://www.openstreetmap.org/edit?editor=id&way=1382826247#map=20/45.5137279/9.2457166"}}, {"type": "Feature", "geometry": {"type": "Point", "coordinates": [9.2306621, 45.5143332]}, "properties": {"id": 1389327711, "feat_type": "way", "quality_categories": "uncanny_keys", "issue_ids": "[26]", "osm_url": "https://www.openstreetmap.org/way/1389327711", "josm_url": "http://127.0.0.1:8111/load_object?new_layer=false&objects=w1389327711", "id_url": "https://www.openstreetmap.org/edit?editor=id&way=1389327711#map=20/45.5143332/9.2306621"}}, {"type": "Feature", "geometry": {"type": "Point", "coordinates": [9.2209854, 45.5140844]}, "properties": {"id": 1396702221, "feat_type": "way", "quality_categories": "uncanny_keys", "issue_ids": "[511]", "osm_url": "https://www.openstreetmap.org/way/1396702221", "josm_url": "http://127.0.0.1:8111/load_object?new_layer=false&objects=w1396702221", "id_url": "https://www.openstreetmap.org/edit?editor=id&way=1396702221#map=20/45.5140844/9.2209854"}}, {"type": "Feature", "geometry": {"type": "Point", "coordinates": [9.2209738, 45.5140523]}, "properties": {"id": 1396702223, "feat_type": "way", "quality_categories": "uncanny_keys", "issue_ids": "[511]", "osm_url": "https://www.openstreetmap.org/way/1396702223", "josm_url": "http://127.0.0.1:8111/load_object?new_layer=false&objects=w1396702223", "id_url": "https://www.openstreetmap.org/edit?editor=id&way=1396702223#map=20/45.5140523/9.2209738"}}, {"type": "Feature", "geometry": {"type": "Point", "coordinates": [9.2253007, 45.4681838]}, "properties": {"id": 1431099228, "feat_type": "way", "quality_categories": "uncanny_keys", "issue_ids": "[236]", "osm_url": "https://www.openstreetmap.org/way/1431099228", "josm_url": "http://127.0.0.1:8111/load_object?new_layer=false&objects=w1431099228", "id_url": "https://www.openstreetmap.org/edit?editor=id&way=1431099228#map=20/45.4681838/9.2253007"}}, {"type": "Feature", "geometry": {"type": "Point", "coordinates": [9.2511276, 45.4273917]}, "properties": {"id": 1448065487, "feat_type": "way", "quality_categories": "missing_tags, uncanny_keys", "issue_ids": "[704, 10]", "osm_url": "https://www.openstreetmap.org/way/1448065487", "josm_url": "http://127.0.0.1:8111/load_object?new_layer=false&objects=w1448065487", "id_url": "https://www.openstreetmap.org/edit?editor=id&way=1448065487#map=20/45.4273917/9.2511276"}}, {"type": "Feature", "geometry": {"type": "Point", "coordinates": [9.2510228, 45.4273342]}, "properties": {"id": 1448065488, "feat_type": "way", "quality_categories": "missing_tags, uncanny_keys", "issue_ids": "[704, 10]", "osm_url": "https://www.openstreetmap.org/way/1448065488", "josm_url": "http://127.0.0.1:8111/load_object?new_layer=false&objects=w1448065488", "id_url": "https://www.openstreetmap.org/edit?editor=id&way=1448065488#map=20/45.4273342/9.2510228"}}, {"type": "Feature", "geometry": {"type": "Point", "coordinates": [9.2343672, 45.4817059]}, "properties": {"id": 1448074667, "feat_type": "way", "quality_categories": "uncanny_keys", "issue_ids": "[705]", "osm_url": "https://www.openstreetmap.org/way/1448074667", "josm_url": "http://127.0.0.1:8111/load_object?new_layer=false&objects=w1448074667", "id_url": "https://www.openstreetmap.org/edit?editor=id&way=1448074667#map=20/45.4817059/9.2343672"}}, {"type": "Feature", "geometry": {"type": "Point", "coordinates": [9.2342371, 45.4817037]}, "properties": {"id": 1448074668, "feat_type": "way", "quality_categories": "uncanny_keys", "issue_ids": "[705]", "osm_url": "https://www.openstreetmap.org/way/1448074668", "josm_url": "http://127.0.0.1:8111/load_object?new_layer=false&objects=w1448074668", "id_url": "https://www.openstreetmap.org/edit?editor=id&way=1448074668#map=20/45.4817037/9.2342371"}}, {"type": "Feature", "geometry": {"type": "Point", "coordinates": [9.2341953, 45.4816652]}, "properties": {"id": 1448074669, "feat_type": "way", "quality_categories": "uncanny_keys", "issue_ids": "[705]", "osm_url": "https://www.openstreetmap.org/way/1448074669", "josm_url": "http://127.0.0.1:8111/load_object?new_layer=false&objects=w1448074669", "id_url": "https://www.openstreetmap.org/edit?editor=id&way=1448074669#map=20/45.4816652/9.2341953"}}, {"type": "Feature", "geometry": {"type": "Point", "coordinates": [9.2341968, 45.4814702]}, "properties": {"id": 1448074670, "feat_type": "way", "quality_categories": "uncanny_keys", "issue_ids": "[705]", "osm_url": "https://www.openstreetmap.org/way/1448074670", "josm_url": "http://127.0.0.1:8111/load_object?new_layer=false&objects=w1448074670", "id_url": "https://www.openstreetmap.org/edit?editor=id&way=1448074670#map=20/45.4814702/9.2341968"}}, {"type": "Feature", "geometry": {"type": "Point", "coordinates": [9.2026417, 45.4840564]}, "properties": {"id": 1510466471, "feat_type": "way", "quality_categories": "uncanny_keys", "issue_ids": "[60]", "osm_url": "https://www.openstreetmap.org/way/1510466471", "josm_url": "http://127.0.0.1:8111/load_object?new_layer=false&objects=w1510466471", "id_url": "https://www.openstreetmap.org/edit?editor=id&way=1510466471#map=20/45.4840564/9.2026417"}}, {"type": "Feature", "geometry": {"type": "Point", "coordinates": [9.2026736, 45.4841989]}, "properties": {"id": 1510466472, "feat_type": "way", "quality_categories": "uncanny_keys", "issue_ids": "[60]", "osm_url": "https://www.openstreetmap.org/way/1510466472", "josm_url": "http://127.0.0.1:8111/load_object?new_layer=false&objects=w1510466472", "id_url": "https://www.openstreetmap.org/edit?editor=id&way=1510466472#map=20/45.4841989/9.2026736"}}, {"type": "Feature", "geometry": {"type": "Point", "coordinates": [9.2026736, 45.4841989]}, "properties": {"id": 1510466473, "feat_type": "way", "quality_categories": "uncanny_keys", "issue_ids": "[60]", "osm_url": "https://www.openstreetmap.org/way/1510466473", "josm_url": "http://127.0.0.1:8111/load_object?new_layer=false&objects=w1510466473", "id_url": "https://www.openstreetmap.org/edit?editor=id&way=1510466473#map=20/45.4841989/9.2026736"}}, {"type": "Feature", "geometry": {"type": "Point", "coordinates": [9.2024661, 45.4841299]}, "properties": {"id": 1510466474, "feat_type": "way", "quality_categories": "uncanny_keys", "issue_ids": "[60]", "osm_url": "https://www.openstreetmap.org/way/1510466474", "josm_url": "http://127.0.0.1:8111/load_object?new_layer=false&objects=w1510466474", "id_url": "https://www.openstreetmap.org/edit?editor=id&way=1510466474#map=20/45.4841299/9.2024661"}}, {"type": "Feature", "geometry": {"type": "Point", "coordinates": [9.2024995, 45.4840935]}, "properties": {"id": 1510466475, "feat_type": "way", "quality_categories": "uncanny_keys", "issue_ids": "[60]", "osm_url": "https://www.openstreetmap.org/way/1510466475", "josm_url": "http://127.0.0.1:8111/load_object?new_layer=false&objects=w1510466475", "id_url": "https://www.openstreetmap.org/edit?editor=id&way=1510466475#map=20/45.4840935/9.2024995"}}, {"type": "Feature", "geometry": {"type": "Point", "coordinates": [9.2022776, 45.4846001]}, "properties": {"id": 1510466476, "feat_type": "way", "quality_categories": "uncanny_keys", "issue_ids": "[60]", "osm_url": "https://www.openstreetmap.org/way/1510466476", "josm_url": "http://127.0.0.1:8111/load_object?new_layer=false&objects=w1510466476", "id_url": "https://www.openstreetmap.org/edit?editor=id&way=1510466476#map=20/45.4846001/9.2022776"}}, {"type": "Feature", "geometry": {"type": "Point", "coordinates": [9.2032379, 45.4840913]}, "properties": {"id": 1510466477, "feat_type": "way", "quality_categories": "uncanny_keys", "issue_ids": "[60]", "osm_url": "https://www.openstreetmap.org/way/1510466477", "josm_url": "http://127.0.0.1:8111/load_object?new_layer=false&objects=w1510466477", "id_url": "https://www.openstreetmap.org/edit?editor=id&way=1510466477#map=20/45.4840913/9.2032379"}}, {"type": "Feature", "geometry": {"type": "Point", "coordinates": [9.2031971, 45.4841327]}, "properties": {"id": 1510466478, "feat_type": "way", "quality_categories": "uncanny_keys", "issue_ids": "[60]", "osm_url": "https://www.openstreetmap.org/way/1510466478", "josm_url": "http://127.0.0.1:8111/load_object?new_layer=false&objects=w1510466478", "id_url": "https://www.openstreetmap.org/edit?editor=id&way=1510466478#map=20/45.4841327/9.2031971"}}, {"type": "Feature", "geometry": {"type": "Point", "coordinates": [9.2023282, 45.4845943]}, "properties": {"id": 1510466479, "feat_type": "way", "quality_categories": "uncanny_keys", "issue_ids": "[60]", "osm_url": "https://www.openstreetmap.org/way/1510466479", "josm_url": "http://127.0.0.1:8111/load_object?new_layer=false&objects=w1510466479", "id_url": "https://www.openstreetmap.org/edit?editor=id&way=1510466479#map=20/45.4845943/9.2023282"}}]}