osm_id,feat_type,key,value,commentary
24959939,way,surface,MISSING,Surface tag is recommended to assess accessibility
31213063,way,surface,MISSING,Surface tag is recommended to assess accessibility
31213083,way,surface,MISSING,Surface tag is recommended to assess accessibility
35971434,way,surface,MISSING,Surface tag is recommended to assess accessibility
93125213,way,surface,MISSING,Surface tag is recommended to assess accessibility
129113040,way,surface,MISSING,Surface tag is recommended to assess accessibility
129116671,way,surface,MISSING,Surface tag is recommended to assess accessibility
129116689,way,surface,MISSING,Surface tag is recommended to assess accessibility
161864899,way,surface,MISSING,Surface tag is recommended to assess accessibility
163037373,way,surface,MISSING,Surface tag is recommended to assess accessibility
164943373,way,surface,MISSING,Surface tag is recommended to assess accessibility
169460804,way,surface,MISSING,Surface tag is recommended to assess accessibility
171463168,way,surface,MISSING,Surface tag is recommended to assess accessibility
171463169,way,surface,MISSING,Surface tag is recommended to assess accessibility
171463171,way,surface,MISSING,Surface tag is recommended to assess accessibility
171463178,way,surface,MISSING,Surface tag is recommended to assess accessibility
186796976,way,surface,MISSING,Surface tag is recommended to assess accessibility
186796978,way,surface,MISSING,Surface tag is recommended to assess accessibility
198124891,way,surface,MISSING,Surface tag is recommended to assess accessibility
229509499,way,surface,MISSING,Surface tag is recommended to assess accessibility
229526565,way,surface,MISSING,Surface tag is recommended to assess accessibility
319847152,way,surface,MISSING,Surface tag is recommended to assess accessibility
319847153,way,surface,MISSING,Surface tag is recommended to assess accessibility
343730760,way,surface,MISSING,Surface tag is recommended to assess accessibility
343938801,way,surface,MISSING,Surface tag is recommended to assess accessibility
343938844,way,surface,MISSING,Surface tag is recommended to assess accessibility
354919816,way,surface,MISSING,Surface tag is recommended to assess accessibility
354919961,way,surface,MISSING,Surface tag is recommended to assess accessibility
355479579,way,surface,MISSING,Surface tag is recommended to assess accessibility
356646945,way,surface,MISSING,Surface tag is recommended to assess accessibility
358153507,way,surface,MISSING,Surface tag is recommended to assess accessibility
372075856,way,surface,MISSING,Surface tag is recommended to assess accessibility
387497939,way,surface,MISSING,Surface tag is recommended to assess accessibility
387497943,way,surface,MISSING,Surface tag is recommended to assess accessibility
387497946,way,surface,MISSING,Surface tag is recommended to assess accessibility
406955107,way,surface,MISSING,Surface tag is recommended to assess accessibility
422430196,way,surface,MISSING,Surface tag is recommended to assess accessibility
423677126,way,surface,MISSING,Surface tag is recommended to assess accessibility
423933068,way,surface,MISSING,Surface tag is recommended to assess accessibility
423933069,way,surface,MISSING,Surface tag is recommended to assess accessibility
447830738,way,surface,MISSING,Surface tag is recommended to assess accessibility
452857105,way,surface,MISSING,Surface tag is recommended to assess accessibility
452857107,way,surface,MISSING,Surface tag is recommended to assess accessibility
461679066,way,surface,MISSING,Surface tag is recommended to assess accessibility
465904594,way,surface,MISSING,Surface tag is recommended to assess accessibility
474843171,way,surface,MISSING,Surface tag is recommended to assess accessibility
474843172,way,surface,MISSING,Surface tag is recommended to assess accessibility
474843174,way,surface,MISSING,Surface tag is recommended to assess accessibility
478819337,way,surface,MISSING,Surface tag is recommended to assess accessibility
485468385,way,surface,MISSING,Surface tag is recommended to assess accessibility
544605037,way,surface,MISSING,Surface tag is recommended to assess accessibility
546206470,way,surface,MISSING,Surface tag is recommended to assess accessibility
546211174,way,surface,MISSING,Surface tag is recommended to assess accessibility
546211175,way,surface,MISSING,Surface tag is recommended to assess accessibility
548166022,way,surface,MISSING,Surface tag is recommended to assess accessibility
556757567,way,surface,MISSING,Surface tag is recommended to assess accessibility
556757568,way,surface,MISSING,Surface tag is recommended to assess accessibility
556757570,way,surface,MISSING,Surface tag is recommended to assess accessibility
556757571,way,surface,MISSING,Surface tag is recommended to assess accessibility
556757572,way,surface,MISSING,Surface tag is recommended to assess accessibility
556757573,way,surface,MISSING,Surface tag is recommended to assess accessibility
556757574,way,surface,MISSING,Surface tag is recommended to assess accessibility
556757575,way,surface,MISSING,Surface tag is recommended to assess accessibility
556757576,way,surface,MISSING,Surface tag is recommended to assess accessibility
556757577,way,surface,MISSING,Surface tag is recommended to assess accessibility
556757578,way,surface,MISSING,Surface tag is recommended to assess accessibility
556757579,way,surface,MISSING,Surface tag is recommended to assess accessibility
556757580,way,surface,MISSING,Surface tag is recommended to assess accessibility
556757581,way,surface,MISSING,Surface tag is recommended to assess accessibility
556757582,way,surface,MISSING,Surface tag is recommended to assess accessibility
556757583,way,surface,MISSING,Surface tag is recommended to assess accessibility
556757584,way,surface,MISSING,Surface tag is recommended to assess accessibility
556757585,way,surface,MISSING,Surface tag is recommended to assess accessibility
556757586,way,surface,MISSING,Surface tag is recommended to assess accessibility
557431090,way,surface,MISSING,Surface tag is recommended to assess accessibility
557431094,way,surface,MISSING,Surface tag is recommended to assess accessibility
557451389,way,surface,MISSING,Surface tag is recommended to assess accessibility
557451390,way,surface,MISSING,Surface tag is recommended to assess accessibility
557783662,way,surface,MISSING,Surface tag is recommended to assess accessibility
557783665,way,surface,MISSING,Surface tag is recommended to assess accessibility
557783668,way,surface,MISSING,Surface tag is recommended to assess accessibility
557783670,way,surface,MISSING,Surface tag is recommended to assess accessibility
557783672,way,surface,MISSING,Surface tag is recommended to assess accessibility
557783675,way,surface,MISSING,Surface tag is recommended to assess accessibility
557783679,way,surface,MISSING,Surface tag is recommended to assess accessibility
557783681,way,surface,MISSING,Surface tag is recommended to assess accessibility
557783684,way,surface,MISSING,Surface tag is recommended to assess accessibility
557783687,way,surface,MISSING,Surface tag is recommended to assess accessibility
557783690,way,surface,MISSING,Surface tag is recommended to assess accessibility
557783693,way,surface,MISSING,Surface tag is recommended to assess accessibility
557783696,way,surface,MISSING,Surface tag is recommended to assess accessibility
557783699,way,surface,MISSING,Surface tag is recommended to assess accessibility
557783701,way,surface,MISSING,Surface tag is recommended to assess accessibility
557783703,way,surface,MISSING,Surface tag is recommended to assess accessibility
557783706,way,surface,MISSING,Surface tag is recommended to assess accessibility
557783707,way,surface,MISSING,Surface tag is recommended to assess accessibility
557783709,way,surface,MISSING,Surface tag is recommended to assess accessibility
557783711,way,surface,MISSING,Surface tag is recommended to assess accessibility
557783713,way,surface,MISSING,Surface tag is recommended to assess accessibility
557786547,way,surface,MISSING,Surface tag is recommended to assess accessibility
557786549,way,surface,MISSING,Surface tag is recommended to assess accessibility
557786550,way,surface,MISSING,Surface tag is recommended to assess accessibility
557786551,way,surface,MISSING,Surface tag is recommended to assess accessibility
558595300,way,surface,MISSING,Surface tag is recommended to assess accessibility
558595301,way,surface,MISSING,Surface tag is recommended to assess accessibility
558595302,way,surface,MISSING,Surface tag is recommended to assess accessibility
560093682,way,surface,MISSING,Surface tag is recommended to assess accessibility
560093683,way,surface,MISSING,Surface tag is recommended to assess accessibility
560769187,way,surface,MISSING,Surface tag is recommended to assess accessibility
560769188,way,surface,MISSING,Surface tag is recommended to assess accessibility
560769189,way,surface,MISSING,Surface tag is recommended to assess accessibility
560769190,way,surface,MISSING,Surface tag is recommended to assess accessibility
560769193,way,surface,MISSING,Surface tag is recommended to assess accessibility
560769194,way,surface,MISSING,Surface tag is recommended to assess accessibility
560769196,way,surface,MISSING,Surface tag is recommended to assess accessibility
560769197,way,surface,MISSING,Surface tag is recommended to assess accessibility
560769198,way,surface,MISSING,Surface tag is recommended to assess accessibility
560769199,way,surface,MISSING,Surface tag is recommended to assess accessibility
560769200,way,surface,MISSING,Surface tag is recommended to assess accessibility
560769202,way,surface,MISSING,Surface tag is recommended to assess accessibility
560769204,way,surface,MISSING,Surface tag is recommended to assess accessibility
560769205,way,surface,MISSING,Surface tag is recommended to assess accessibility
560769206,way,surface,MISSING,Surface tag is recommended to assess accessibility
560769207,way,surface,MISSING,Surface tag is recommended to assess accessibility
560769208,way,surface,MISSING,Surface tag is recommended to assess accessibility
560769210,way,surface,MISSING,Surface tag is recommended to assess accessibility
560769212,way,surface,MISSING,Surface tag is recommended to assess accessibility
560769215,way,surface,MISSING,Surface tag is recommended to assess accessibility
560769216,way,surface,MISSING,Surface tag is recommended to assess accessibility
560769217,way,surface,MISSING,Surface tag is recommended to assess accessibility
560769218,way,surface,MISSING,Surface tag is recommended to assess accessibility
560769219,way,surface,MISSING,Surface tag is recommended to assess accessibility
560769220,way,surface,MISSING,Surface tag is recommended to assess accessibility
560769221,way,surface,MISSING,Surface tag is recommended to assess accessibility
560769222,way,surface,MISSING,Surface tag is recommended to assess accessibility
560769225,way,surface,MISSING,Surface tag is recommended to assess accessibility
560769226,way,surface,MISSING,Surface tag is recommended to assess accessibility
560769227,way,surface,MISSING,Surface tag is recommended to assess accessibility
560773471,way,surface,MISSING,Surface tag is recommended to assess accessibility
560773483,way,surface,MISSING,Surface tag is recommended to assess accessibility
560773487,way,surface,MISSING,Surface tag is recommended to assess accessibility
560773494,way,surface,MISSING,Surface tag is recommended to assess accessibility
560773495,way,surface,MISSING,Surface tag is recommended to assess accessibility
583058244,way,surface,MISSING,Surface tag is recommended to assess accessibility
583826678,way,surface,MISSING,Surface tag is recommended to assess accessibility
583826680,way,surface,MISSING,Surface tag is recommended to assess accessibility
583826681,way,surface,MISSING,Surface tag is recommended to assess accessibility
583826682,way,surface,MISSING,Surface tag is recommended to assess accessibility
583826683,way,surface,MISSING,Surface tag is recommended to assess accessibility
583826684,way,surface,MISSING,Surface tag is recommended to assess accessibility
583826685,way,surface,MISSING,Surface tag is recommended to assess accessibility
583826686,way,surface,MISSING,Surface tag is recommended to assess accessibility
583826689,way,surface,MISSING,Surface tag is recommended to assess accessibility
583827591,way,surface,MISSING,Surface tag is recommended to assess accessibility
583827592,way,surface,MISSING,Surface tag is recommended to assess accessibility
583827594,way,surface,MISSING,Surface tag is recommended to assess accessibility
583827595,way,surface,MISSING,Surface tag is recommended to assess accessibility
583827596,way,surface,MISSING,Surface tag is recommended to assess accessibility
583827597,way,surface,MISSING,Surface tag is recommended to assess accessibility
583827598,way,surface,MISSING,Surface tag is recommended to assess accessibility
585135860,way,surface,MISSING,Surface tag is recommended to assess accessibility
585135861,way,surface,MISSING,Surface tag is recommended to assess accessibility
585135862,way,surface,MISSING,Surface tag is recommended to assess accessibility
614508539,way,surface,MISSING,Surface tag is recommended to assess accessibility
629066326,way,surface,MISSING,Surface tag is recommended to assess accessibility
646016157,way,surface,MISSING,Surface tag is recommended to assess accessibility
654858492,way,surface,MISSING,Surface tag is recommended to assess accessibility
655200357,way,surface,MISSING,Surface tag is recommended to assess accessibility
657092700,way,surface,MISSING,Surface tag is recommended to assess accessibility
659237683,way,surface,MISSING,Surface tag is recommended to assess accessibility
659237684,way,surface,MISSING,Surface tag is recommended to assess accessibility
659237687,way,surface,MISSING,Surface tag is recommended to assess accessibility
659237688,way,surface,MISSING,Surface tag is recommended to assess accessibility
659237689,way,surface,MISSING,Surface tag is recommended to assess accessibility
659435709,way,surface,MISSING,Surface tag is recommended to assess accessibility
659615949,way,surface,MISSING,Surface tag is recommended to assess accessibility
659633774,way,surface,MISSING,Surface tag is recommended to assess accessibility
659633775,way,surface,MISSING,Surface tag is recommended to assess accessibility
659633776,way,surface,MISSING,Surface tag is recommended to assess accessibility
659633777,way,surface,MISSING,Surface tag is recommended to assess accessibility
659633778,way,surface,MISSING,Surface tag is recommended to assess accessibility
659633779,way,surface,MISSING,Surface tag is recommended to assess accessibility
660018990,way,surface,MISSING,Surface tag is recommended to assess accessibility
660026409,way,surface,MISSING,Surface tag is recommended to assess accessibility
662538159,way,surface,MISSING,Surface tag is recommended to assess accessibility
662541510,way,surface,MISSING,Surface tag is recommended to assess accessibility
662541513,way,surface,MISSING,Surface tag is recommended to assess accessibility
662541515,way,surface,MISSING,Surface tag is recommended to assess accessibility
663647787,way,surface,MISSING,Surface tag is recommended to assess accessibility
663647802,way,surface,MISSING,Surface tag is recommended to assess accessibility
672436949,way,surface,MISSING,Surface tag is recommended to assess accessibility
672436955,way,surface,MISSING,Surface tag is recommended to assess accessibility
676395038,way,surface,MISSING,Surface tag is recommended to assess accessibility
682276251,way,surface,MISSING,Surface tag is recommended to assess accessibility
683617556,way,surface,MISSING,Surface tag is recommended to assess accessibility
685415120,way,surface,MISSING,Surface tag is recommended to assess accessibility
687863937,way,surface,MISSING,Surface tag is recommended to assess accessibility
687863938,way,surface,MISSING,Surface tag is recommended to assess accessibility
687863944,way,surface,MISSING,Surface tag is recommended to assess accessibility
688526452,way,surface,MISSING,Surface tag is recommended to assess accessibility
688532111,way,surface,MISSING,Surface tag is recommended to assess accessibility
692641630,way,surface,MISSING,Surface tag is recommended to assess accessibility
692641631,way,surface,MISSING,Surface tag is recommended to assess accessibility
692641633,way,surface,MISSING,Surface tag is recommended to assess accessibility
692641634,way,surface,MISSING,Surface tag is recommended to assess accessibility
692641635,way,surface,MISSING,Surface tag is recommended to assess accessibility
693848194,way,surface,MISSING,Surface tag is recommended to assess accessibility
696233885,way,surface,MISSING,Surface tag is recommended to assess accessibility
696233888,way,surface,MISSING,Surface tag is recommended to assess accessibility
696233890,way,surface,MISSING,Surface tag is recommended to assess accessibility
696233891,way,surface,MISSING,Surface tag is recommended to assess accessibility
696233893,way,surface,MISSING,Surface tag is recommended to assess accessibility
696233894,way,surface,MISSING,Surface tag is recommended to assess accessibility
696233895,way,surface,MISSING,Surface tag is recommended to assess accessibility
696233902,way,surface,MISSING,Surface tag is recommended to assess accessibility
696233903,way,surface,MISSING,Surface tag is recommended to assess accessibility
696233908,way,surface,MISSING,Surface tag is recommended to assess accessibility
696233909,way,surface,MISSING,Surface tag is recommended to assess accessibility
696233912,way,surface,MISSING,Surface tag is recommended to assess accessibility
696233913,way,surface,MISSING,Surface tag is recommended to assess accessibility
696233914,way,surface,MISSING,Surface tag is recommended to assess accessibility
696233915,way,surface,MISSING,Surface tag is recommended to assess accessibility
696233925,way,surface,MISSING,Surface tag is recommended to assess accessibility
696233928,way,surface,MISSING,Surface tag is recommended to assess accessibility
696233929,way,surface,MISSING,Surface tag is recommended to assess accessibility
696233931,way,surface,MISSING,Surface tag is recommended to assess accessibility
696233955,way,surface,MISSING,Surface tag is recommended to assess accessibility
696233957,way,surface,MISSING,Surface tag is recommended to assess accessibility
696233958,way,surface,MISSING,Surface tag is recommended to assess accessibility
696233961,way,surface,MISSING,Surface tag is recommended to assess accessibility
696233963,way,surface,MISSING,Surface tag is recommended to assess accessibility
696233964,way,surface,MISSING,Surface tag is recommended to assess accessibility
696233965,way,surface,MISSING,Surface tag is recommended to assess accessibility
696233966,way,surface,MISSING,Surface tag is recommended to assess accessibility
696233967,way,surface,MISSING,Surface tag is recommended to assess accessibility
696233968,way,surface,MISSING,Surface tag is recommended to assess accessibility
696671303,way,surface,MISSING,Surface tag is recommended to assess accessibility
697619797,way,surface,MISSING,Surface tag is recommended to assess accessibility
698262475,way,surface,MISSING,Surface tag is recommended to assess accessibility
700028118,way,surface,MISSING,Surface tag is recommended to assess accessibility
700028140,way,surface,MISSING,Surface tag is recommended to assess accessibility
700028148,way,surface,MISSING,Surface tag is recommended to assess accessibility
701456973,way,surface,MISSING,Surface tag is recommended to assess accessibility
710567130,way,surface,MISSING,Surface tag is recommended to assess accessibility
711558640,way,surface,MISSING,Surface tag is recommended to assess accessibility
711559881,way,surface,MISSING,Surface tag is recommended to assess accessibility
711559884,way,surface,MISSING,Surface tag is recommended to assess accessibility
718175477,way,surface,MISSING,Surface tag is recommended to assess accessibility
718175483,way,surface,MISSING,Surface tag is recommended to assess accessibility
718175484,way,surface,MISSING,Surface tag is recommended to assess accessibility
720393847,way,surface,MISSING,Surface tag is recommended to assess accessibility
724431705,way,surface,MISSING,Surface tag is recommended to assess accessibility
724431706,way,surface,MISSING,Surface tag is recommended to assess accessibility
724433446,way,surface,MISSING,Surface tag is recommended to assess accessibility
724720438,way,surface,MISSING,Surface tag is recommended to assess accessibility
724720439,way,surface,MISSING,Surface tag is recommended to assess accessibility
724752504,way,surface,MISSING,Surface tag is recommended to assess accessibility
724752505,way,surface,MISSING,Surface tag is recommended to assess accessibility
736244588,way,surface,MISSING,Surface tag is recommended to assess accessibility
736244589,way,surface,MISSING,Surface tag is recommended to assess accessibility
736244590,way,surface,MISSING,Surface tag is recommended to assess accessibility
737743178,way,surface,MISSING,Surface tag is recommended to assess accessibility
739461150,way,surface,MISSING,Surface tag is recommended to assess accessibility
744726676,way,surface,MISSING,Surface tag is recommended to assess accessibility
758271579,way,surface,MISSING,Surface tag is recommended to assess accessibility
758441945,way,surface,MISSING,Surface tag is recommended to assess accessibility
758447273,way,surface,MISSING,Surface tag is recommended to assess accessibility
758447278,way,surface,MISSING,Surface tag is recommended to assess accessibility
758447280,way,surface,MISSING,Surface tag is recommended to assess accessibility
761605561,way,surface,MISSING,Surface tag is recommended to assess accessibility
761607150,way,surface,MISSING,Surface tag is recommended to assess accessibility
761607151,way,surface,MISSING,Surface tag is recommended to assess accessibility
761607152,way,surface,MISSING,Surface tag is recommended to assess accessibility
763032129,way,surface,MISSING,Surface tag is recommended to assess accessibility
763034207,way,surface,MISSING,Surface tag is recommended to assess accessibility
763034940,way,surface,MISSING,Surface tag is recommended to assess accessibility
763034941,way,surface,MISSING,Surface tag is recommended to assess accessibility
764609070,way,surface,MISSING,Surface tag is recommended to assess accessibility
764609071,way,surface,MISSING,Surface tag is recommended to assess accessibility
766505243,way,surface,MISSING,Surface tag is recommended to assess accessibility
776924511,way,surface,MISSING,Surface tag is recommended to assess accessibility
776924512,way,surface,MISSING,Surface tag is recommended to assess accessibility
776924514,way,surface,MISSING,Surface tag is recommended to assess accessibility
776924515,way,surface,MISSING,Surface tag is recommended to assess accessibility
785121298,way,surface,MISSING,Surface tag is recommended to assess accessibility
785121299,way,surface,MISSING,Surface tag is recommended to assess accessibility
806032552,way,surface,MISSING,Surface tag is recommended to assess accessibility
838857539,way,surface,MISSING,Surface tag is recommended to assess accessibility
878035645,way,surface,MISSING,Surface tag is recommended to assess accessibility
914583239,way,surface,MISSING,Surface tag is recommended to assess accessibility
917332141,way,surface,MISSING,Surface tag is recommended to assess accessibility
917715247,way,surface,MISSING,Surface tag is recommended to assess accessibility
917715248,way,surface,MISSING,Surface tag is recommended to assess accessibility
917715249,way,surface,MISSING,Surface tag is recommended to assess accessibility
921620000,way,surface,MISSING,Surface tag is recommended to assess accessibility
921620002,way,surface,MISSING,Surface tag is recommended to assess accessibility
925018576,way,surface,MISSING,Surface tag is recommended to assess accessibility
925054646,way,surface,MISSING,Surface tag is recommended to assess accessibility
926101481,way,surface,MISSING,Surface tag is recommended to assess accessibility
939307226,way,surface,MISSING,Surface tag is recommended to assess accessibility
939793532,way,surface,MISSING,Surface tag is recommended to assess accessibility
949575272,way,surface,MISSING,Surface tag is recommended to assess accessibility
949575273,way,surface,MISSING,Surface tag is recommended to assess accessibility
952164908,way,surface,MISSING,Surface tag is recommended to assess accessibility
952164909,way,surface,MISSING,Surface tag is recommended to assess accessibility
952164910,way,surface,MISSING,Surface tag is recommended to assess accessibility
952179482,way,surface,MISSING,Surface tag is recommended to assess accessibility
952179483,way,surface,MISSING,Surface tag is recommended to assess accessibility
952179484,way,surface,MISSING,Surface tag is recommended to assess accessibility
952179485,way,surface,MISSING,Surface tag is recommended to assess accessibility
952179486,way,surface,MISSING,Surface tag is recommended to assess accessibility
952179487,way,surface,MISSING,Surface tag is recommended to assess accessibility
953196068,way,surface,MISSING,Surface tag is recommended to assess accessibility
953197238,way,surface,MISSING,Surface tag is recommended to assess accessibility
953197345,way,surface,MISSING,Surface tag is recommended to assess accessibility
953197346,way,surface,MISSING,Surface tag is recommended to assess accessibility
953197347,way,surface,MISSING,Surface tag is recommended to assess accessibility
953198577,way,surface,MISSING,Surface tag is recommended to assess accessibility
953198578,way,surface,MISSING,Surface tag is recommended to assess accessibility
953198580,way,surface,MISSING,Surface tag is recommended to assess accessibility
953198581,way,surface,MISSING,Surface tag is recommended to assess accessibility
953199150,way,surface,MISSING,Surface tag is recommended to assess accessibility
953199298,way,surface,MISSING,Surface tag is recommended to assess accessibility
953199299,way,surface,MISSING,Surface tag is recommended to assess accessibility
953199303,way,surface,MISSING,Surface tag is recommended to assess accessibility
953199305,way,surface,MISSING,Surface tag is recommended to assess accessibility
953199308,way,surface,MISSING,Surface tag is recommended to assess accessibility
953199310,way,surface,MISSING,Surface tag is recommended to assess accessibility
953199312,way,surface,MISSING,Surface tag is recommended to assess accessibility
953199314,way,surface,MISSING,Surface tag is recommended to assess accessibility
953199320,way,surface,MISSING,Surface tag is recommended to assess accessibility
953199322,way,surface,MISSING,Surface tag is recommended to assess accessibility
953199743,way,surface,MISSING,Surface tag is recommended to assess accessibility
953199744,way,surface,MISSING,Surface tag is recommended to assess accessibility
953199747,way,surface,MISSING,Surface tag is recommended to assess accessibility
953199752,way,surface,MISSING,Surface tag is recommended to assess accessibility
953199753,way,surface,MISSING,Surface tag is recommended to assess accessibility
953199755,way,surface,MISSING,Surface tag is recommended to assess accessibility
953199919,way,surface,MISSING,Surface tag is recommended to assess accessibility
953200033,way,surface,MISSING,Surface tag is recommended to assess accessibility
953200035,way,surface,MISSING,Surface tag is recommended to assess accessibility
953200037,way,surface,MISSING,Surface tag is recommended to assess accessibility
953200040,way,surface,MISSING,Surface tag is recommended to assess accessibility
953200043,way,surface,MISSING,Surface tag is recommended to assess accessibility
953200048,way,surface,MISSING,Surface tag is recommended to assess accessibility
953200049,way,surface,MISSING,Surface tag is recommended to assess accessibility
953200053,way,surface,MISSING,Surface tag is recommended to assess accessibility
953200054,way,surface,MISSING,Surface tag is recommended to assess accessibility
953200170,way,surface,MISSING,Surface tag is recommended to assess accessibility
953200171,way,surface,MISSING,Surface tag is recommended to assess accessibility
953200172,way,surface,MISSING,Surface tag is recommended to assess accessibility
953200173,way,surface,MISSING,Surface tag is recommended to assess accessibility
953200174,way,surface,MISSING,Surface tag is recommended to assess accessibility
953200175,way,surface,MISSING,Surface tag is recommended to assess accessibility
953200476,way,surface,MISSING,Surface tag is recommended to assess accessibility
953200477,way,surface,MISSING,Surface tag is recommended to assess accessibility
953200478,way,surface,MISSING,Surface tag is recommended to assess accessibility
953200647,way,surface,MISSING,Surface tag is recommended to assess accessibility
953200649,way,surface,MISSING,Surface tag is recommended to assess accessibility
953200654,way,surface,MISSING,Surface tag is recommended to assess accessibility
953201491,way,surface,MISSING,Surface tag is recommended to assess accessibility
953201498,way,surface,MISSING,Surface tag is recommended to assess accessibility
953201504,way,surface,MISSING,Surface tag is recommended to assess accessibility
953201510,way,surface,MISSING,Surface tag is recommended to assess accessibility
954648465,way,surface,MISSING,Surface tag is recommended to assess accessibility
954648466,way,surface,MISSING,Surface tag is recommended to assess accessibility
954648467,way,surface,MISSING,Surface tag is recommended to assess accessibility
954648468,way,surface,MISSING,Surface tag is recommended to assess accessibility
954648469,way,surface,MISSING,Surface tag is recommended to assess accessibility
954648470,way,surface,MISSING,Surface tag is recommended to assess accessibility
954648471,way,surface,MISSING,Surface tag is recommended to assess accessibility
954648472,way,surface,MISSING,Surface tag is recommended to assess accessibility
954648473,way,surface,MISSING,Surface tag is recommended to assess accessibility
954648474,way,surface,MISSING,Surface tag is recommended to assess accessibility
954648477,way,surface,MISSING,Surface tag is recommended to assess accessibility
954982179,way,surface,MISSING,Surface tag is recommended to assess accessibility
955077694,way,surface,MISSING,Surface tag is recommended to assess accessibility
955077695,way,surface,MISSING,Surface tag is recommended to assess accessibility
955077696,way,surface,MISSING,Surface tag is recommended to assess accessibility
955077697,way,surface,MISSING,Surface tag is recommended to assess accessibility
955086488,way,surface,MISSING,Surface tag is recommended to assess accessibility
955086490,way,surface,MISSING,Surface tag is recommended to assess accessibility
955086491,way,surface,MISSING,Surface tag is recommended to assess accessibility
955086492,way,surface,MISSING,Surface tag is recommended to assess accessibility
955370355,way,surface,MISSING,Surface tag is recommended to assess accessibility
955370356,way,surface,MISSING,Surface tag is recommended to assess accessibility
955378836,way,surface,MISSING,Surface tag is recommended to assess accessibility
955412297,way,surface,MISSING,Surface tag is recommended to assess accessibility
955412298,way,surface,MISSING,Surface tag is recommended to assess accessibility
955412299,way,surface,MISSING,Surface tag is recommended to assess accessibility
955439544,way,surface,MISSING,Surface tag is recommended to assess accessibility
955446109,way,surface,MISSING,Surface tag is recommended to assess accessibility
955446115,way,surface,MISSING,Surface tag is recommended to assess accessibility
955446118,way,surface,MISSING,Surface tag is recommended to assess accessibility
955487810,way,surface,MISSING,Surface tag is recommended to assess accessibility
955490080,way,surface,MISSING,Surface tag is recommended to assess accessibility
955490085,way,surface,MISSING,Surface tag is recommended to assess accessibility
955504109,way,surface,MISSING,Surface tag is recommended to assess accessibility
955504110,way,surface,MISSING,Surface tag is recommended to assess accessibility
955513429,way,surface,MISSING,Surface tag is recommended to assess accessibility
955513430,way,surface,MISSING,Surface tag is recommended to assess accessibility
955847246,way,surface,MISSING,Surface tag is recommended to assess accessibility
955926412,way,surface,MISSING,Surface tag is recommended to assess accessibility
955926415,way,surface,MISSING,Surface tag is recommended to assess accessibility
957382263,way,surface,MISSING,Surface tag is recommended to assess accessibility
957382264,way,surface,MISSING,Surface tag is recommended to assess accessibility
957382265,way,surface,MISSING,Surface tag is recommended to assess accessibility
957382266,way,surface,MISSING,Surface tag is recommended to assess accessibility
957382267,way,surface,MISSING,Surface tag is recommended to assess accessibility
957549574,way,surface,MISSING,Surface tag is recommended to assess accessibility
957702511,way,surface,MISSING,Surface tag is recommended to assess accessibility
957702512,way,surface,MISSING,Surface tag is recommended to assess accessibility
957702513,way,surface,MISSING,Surface tag is recommended to assess accessibility
957702514,way,surface,MISSING,Surface tag is recommended to assess accessibility
957702516,way,surface,MISSING,Surface tag is recommended to assess accessibility
957702536,way,surface,MISSING,Surface tag is recommended to assess accessibility
957929752,way,surface,MISSING,Surface tag is recommended to assess accessibility
957929753,way,surface,MISSING,Surface tag is recommended to assess accessibility
957929754,way,surface,MISSING,Surface tag is recommended to assess accessibility
957929758,way,surface,MISSING,Surface tag is recommended to assess accessibility
957929765,way,surface,MISSING,Surface tag is recommended to assess accessibility
957987514,way,surface,MISSING,Surface tag is recommended to assess accessibility
957987515,way,surface,MISSING,Surface tag is recommended to assess accessibility
957987516,way,surface,MISSING,Surface tag is recommended to assess accessibility
957990286,way,surface,MISSING,Surface tag is recommended to assess accessibility
957990297,way,surface,MISSING,Surface tag is recommended to assess accessibility
957990302,way,surface,MISSING,Surface tag is recommended to assess accessibility
957994253,way,surface,MISSING,Surface tag is recommended to assess accessibility
958628467,way,surface,MISSING,Surface tag is recommended to assess accessibility
960085477,way,surface,MISSING,Surface tag is recommended to assess accessibility
960085485,way,surface,MISSING,Surface tag is recommended to assess accessibility
960107180,way,surface,MISSING,Surface tag is recommended to assess accessibility
960107183,way,surface,MISSING,Surface tag is recommended to assess accessibility
960107184,way,surface,MISSING,Surface tag is recommended to assess accessibility
960107186,way,surface,MISSING,Surface tag is recommended to assess accessibility
960107189,way,surface,MISSING,Surface tag is recommended to assess accessibility
960112716,way,surface,MISSING,Surface tag is recommended to assess accessibility
960112728,way,surface,MISSING,Surface tag is recommended to assess accessibility
960901453,way,surface,MISSING,Surface tag is recommended to assess accessibility
960901473,way,surface,MISSING,Surface tag is recommended to assess accessibility
960925946,way,surface,MISSING,Surface tag is recommended to assess accessibility
960925948,way,surface,MISSING,Surface tag is recommended to assess accessibility
960925952,way,surface,MISSING,Surface tag is recommended to assess accessibility
960925956,way,surface,MISSING,Surface tag is recommended to assess accessibility
961034053,way,surface,MISSING,Surface tag is recommended to assess accessibility
961034056,way,surface,MISSING,Surface tag is recommended to assess accessibility
961034060,way,surface,MISSING,Surface tag is recommended to assess accessibility
961034062,way,surface,MISSING,Surface tag is recommended to assess accessibility
961034064,way,surface,MISSING,Surface tag is recommended to assess accessibility
961034069,way,surface,MISSING,Surface tag is recommended to assess accessibility
961681451,way,surface,MISSING,Surface tag is recommended to assess accessibility
961712910,way,surface,MISSING,Surface tag is recommended to assess accessibility
961712917,way,surface,MISSING,Surface tag is recommended to assess accessibility
961712924,way,surface,MISSING,Surface tag is recommended to assess accessibility
961718726,way,surface,MISSING,Surface tag is recommended to assess accessibility
961718734,way,surface,MISSING,Surface tag is recommended to assess accessibility
961718740,way,surface,MISSING,Surface tag is recommended to assess accessibility
961721012,way,surface,MISSING,Surface tag is recommended to assess accessibility
961724181,way,surface,MISSING,Surface tag is recommended to assess accessibility
961724183,way,surface,MISSING,Surface tag is recommended to assess accessibility
961724189,way,surface,MISSING,Surface tag is recommended to assess accessibility
976309434,way,surface,MISSING,Surface tag is recommended to assess accessibility
976498536,way,surface,MISSING,Surface tag is recommended to assess accessibility
976501301,way,surface,MISSING,Surface tag is recommended to assess accessibility
976501302,way,surface,MISSING,Surface tag is recommended to assess accessibility
976508033,way,surface,MISSING,Surface tag is recommended to assess accessibility
976509626,way,surface,MISSING,Surface tag is recommended to assess accessibility
976513027,way,surface,MISSING,Surface tag is recommended to assess accessibility
976513028,way,surface,MISSING,Surface tag is recommended to assess accessibility
976513029,way,surface,MISSING,Surface tag is recommended to assess accessibility
977034531,way,surface,MISSING,Surface tag is recommended to assess accessibility
977036018,way,surface,MISSING,Surface tag is recommended to assess accessibility
978849016,way,surface,MISSING,Surface tag is recommended to assess accessibility
978849017,way,surface,MISSING,Surface tag is recommended to assess accessibility
983203574,way,surface,MISSING,Surface tag is recommended to assess accessibility
985648944,way,surface,MISSING,Surface tag is recommended to assess accessibility
985648945,way,surface,MISSING,Surface tag is recommended to assess accessibility
985648946,way,surface,MISSING,Surface tag is recommended to assess accessibility
985648947,way,surface,MISSING,Surface tag is recommended to assess accessibility
985648948,way,surface,MISSING,Surface tag is recommended to assess accessibility
985648949,way,surface,MISSING,Surface tag is recommended to assess accessibility
985648950,way,surface,MISSING,Surface tag is recommended to assess accessibility
985648951,way,surface,MISSING,Surface tag is recommended to assess accessibility
985648952,way,surface,MISSING,Surface tag is recommended to assess accessibility
985648953,way,surface,MISSING,Surface tag is recommended to assess accessibility
985652896,way,surface,MISSING,Surface tag is recommended to assess accessibility
985652898,way,surface,MISSING,Surface tag is recommended to assess accessibility
985652899,way,surface,MISSING,Surface tag is recommended to assess accessibility
985652900,way,surface,MISSING,Surface tag is recommended to assess accessibility
985652901,way,surface,MISSING,Surface tag is recommended to assess accessibility
985652903,way,surface,MISSING,Surface tag is recommended to assess accessibility
985652904,way,surface,MISSING,Surface tag is recommended to assess accessibility
988444310,way,surface,MISSING,Surface tag is recommended to assess accessibility
1008697881,way,surface,MISSING,Surface tag is recommended to assess accessibility
1008699290,way,surface,MISSING,Surface tag is recommended to assess accessibility
1009482095,way,surface,MISSING,Surface tag is recommended to assess accessibility
1009482096,way,surface,MISSING,Surface tag is recommended to assess accessibility
1009482097,way,surface,MISSING,Surface tag is recommended to assess accessibility
1009482098,way,surface,MISSING,Surface tag is recommended to assess accessibility
1009482099,way,surface,MISSING,Surface tag is recommended to assess accessibility
1009482100,way,surface,MISSING,Surface tag is recommended to assess accessibility
1009482101,way,surface,MISSING,Surface tag is recommended to assess accessibility
1009482102,way,surface,MISSING,Surface tag is recommended to assess accessibility
1009482103,way,surface,MISSING,Surface tag is recommended to assess accessibility
1009482104,way,surface,MISSING,Surface tag is recommended to assess accessibility
1009482105,way,surface,MISSING,Surface tag is recommended to assess accessibility
1009482106,way,surface,MISSING,Surface tag is recommended to assess accessibility
1009482107,way,surface,MISSING,Surface tag is recommended to assess accessibility
1009482108,way,surface,MISSING,Surface tag is recommended to assess accessibility
1009482109,way,surface,MISSING,Surface tag is recommended to assess accessibility
1009482110,way,surface,MISSING,Surface tag is recommended to assess accessibility
1009482111,way,surface,MISSING,Surface tag is recommended to assess accessibility
1009482112,way,surface,MISSING,Surface tag is recommended to assess accessibility
1009482113,way,surface,MISSING,Surface tag is recommended to assess accessibility
1019268926,way,surface,MISSING,Surface tag is recommended to assess accessibility
1019268930,way,surface,MISSING,Surface tag is recommended to assess accessibility
1019268931,way,surface,MISSING,Surface tag is recommended to assess accessibility
1019616100,way,surface,MISSING,Surface tag is recommended to assess accessibility
1019616101,way,surface,MISSING,Surface tag is recommended to assess accessibility
1020078679,way,surface,MISSING,Surface tag is recommended to assess accessibility
1020078680,way,surface,MISSING,Surface tag is recommended to assess accessibility
1020078681,way,surface,MISSING,Surface tag is recommended to assess accessibility
1020215059,way,surface,MISSING,Surface tag is recommended to assess accessibility
1020215060,way,surface,MISSING,Surface tag is recommended to assess accessibility
1020215061,way,surface,MISSING,Surface tag is recommended to assess accessibility
1020755102,way,surface,MISSING,Surface tag is recommended to assess accessibility
1042389449,way,surface,MISSING,Surface tag is recommended to assess accessibility
1042389450,way,surface,MISSING,Surface tag is recommended to assess accessibility
1042389733,way,surface,MISSING,Surface tag is recommended to assess accessibility
1042390439,way,surface,MISSING,Surface tag is recommended to assess accessibility
1042390440,way,surface,MISSING,Surface tag is recommended to assess accessibility
1042441186,way,surface,MISSING,Surface tag is recommended to assess accessibility
1042441195,way,surface,MISSING,Surface tag is recommended to assess accessibility
1042441196,way,surface,MISSING,Surface tag is recommended to assess accessibility
1042657732,way,surface,MISSING,Surface tag is recommended to assess accessibility
1042657733,way,surface,MISSING,Surface tag is recommended to assess accessibility
1042657736,way,surface,MISSING,Surface tag is recommended to assess accessibility
1042657750,way,surface,MISSING,Surface tag is recommended to assess accessibility
1042657751,way,surface,MISSING,Surface tag is recommended to assess accessibility
1042657754,way,surface,MISSING,Surface tag is recommended to assess accessibility
1042657756,way,surface,MISSING,Surface tag is recommended to assess accessibility
1042657757,way,surface,MISSING,Surface tag is recommended to assess accessibility
1042657758,way,surface,MISSING,Surface tag is recommended to assess accessibility
1042663242,way,surface,MISSING,Surface tag is recommended to assess accessibility
1042663243,way,surface,MISSING,Surface tag is recommended to assess accessibility
1042663247,way,surface,MISSING,Surface tag is recommended to assess accessibility
1042663265,way,surface,MISSING,Surface tag is recommended to assess accessibility
1042667163,way,surface,MISSING,Surface tag is recommended to assess accessibility
1042667166,way,surface,MISSING,Surface tag is recommended to assess accessibility
1042667169,way,surface,MISSING,Surface tag is recommended to assess accessibility
1042667170,way,surface,MISSING,Surface tag is recommended to assess accessibility
1042667171,way,surface,MISSING,Surface tag is recommended to assess accessibility
1042667173,way,surface,MISSING,Surface tag is recommended to assess accessibility
1042695844,way,surface,MISSING,Surface tag is recommended to assess accessibility
1042695845,way,surface,MISSING,Surface tag is recommended to assess accessibility
1042698042,way,surface,MISSING,Surface tag is recommended to assess accessibility
1042698045,way,surface,MISSING,Surface tag is recommended to assess accessibility
1043517617,way,surface,MISSING,Surface tag is recommended to assess accessibility
1043517620,way,surface,MISSING,Surface tag is recommended to assess accessibility
1043517624,way,surface,MISSING,Surface tag is recommended to assess accessibility
1049788958,way,surface,MISSING,Surface tag is recommended to assess accessibility
1049788960,way,surface,MISSING,Surface tag is recommended to assess accessibility
1049788962,way,surface,MISSING,Surface tag is recommended to assess accessibility
1050447232,way,surface,MISSING,Surface tag is recommended to assess accessibility
1050447234,way,surface,MISSING,Surface tag is recommended to assess accessibility
1050447235,way,surface,MISSING,Surface tag is recommended to assess accessibility
1051274354,way,surface,MISSING,Surface tag is recommended to assess accessibility
1051274355,way,surface,MISSING,Surface tag is recommended to assess accessibility
1051403034,way,surface,MISSING,Surface tag is recommended to assess accessibility
1051403038,way,surface,MISSING,Surface tag is recommended to assess accessibility
1051403039,way,surface,MISSING,Surface tag is recommended to assess accessibility
1062998646,way,surface,MISSING,Surface tag is recommended to assess accessibility
1062998647,way,surface,MISSING,Surface tag is recommended to assess accessibility
1062998648,way,surface,MISSING,Surface tag is recommended to assess accessibility
1062998649,way,surface,MISSING,Surface tag is recommended to assess accessibility
1063393869,way,surface,MISSING,Surface tag is recommended to assess accessibility
1063393870,way,surface,MISSING,Surface tag is recommended to assess accessibility
1063400680,way,surface,MISSING,Surface tag is recommended to assess accessibility
1065386585,way,surface,MISSING,Surface tag is recommended to assess accessibility
1065386586,way,surface,MISSING,Surface tag is recommended to assess accessibility
1065388475,way,surface,MISSING,Surface tag is recommended to assess accessibility
1065388876,way,surface,MISSING,Surface tag is recommended to assess accessibility
1065693111,way,surface,MISSING,Surface tag is recommended to assess accessibility
1065693112,way,surface,MISSING,Surface tag is recommended to assess accessibility
1069059739,way,surface,MISSING,Surface tag is recommended to assess accessibility
1069435301,way,surface,MISSING,Surface tag is recommended to assess accessibility
1069598584,way,surface,MISSING,Surface tag is recommended to assess accessibility
1069684901,way,surface,MISSING,Surface tag is recommended to assess accessibility
1069794091,way,surface,MISSING,Surface tag is recommended to assess accessibility
1070027465,way,surface,MISSING,Surface tag is recommended to assess accessibility
1070404344,way,surface,MISSING,Surface tag is recommended to assess accessibility
1070738461,way,surface,MISSING,Surface tag is recommended to assess accessibility
1070738462,way,surface,MISSING,Surface tag is recommended to assess accessibility
1071178731,way,surface,MISSING,Surface tag is recommended to assess accessibility
1071395720,way,surface,MISSING,Surface tag is recommended to assess accessibility
1071395721,way,surface,MISSING,Surface tag is recommended to assess accessibility
1079661089,way,surface,MISSING,Surface tag is recommended to assess accessibility
1084101633,way,surface,MISSING,Surface tag is recommended to assess accessibility
1084101634,way,surface,MISSING,Surface tag is recommended to assess accessibility
1101351360,way,surface,MISSING,Surface tag is recommended to assess accessibility
1103276334,way,surface,MISSING,Surface tag is recommended to assess accessibility
1103276337,way,surface,MISSING,Surface tag is recommended to assess accessibility
1104522228,way,surface,MISSING,Surface tag is recommended to assess accessibility
1104522229,way,surface,MISSING,Surface tag is recommended to assess accessibility
1104522230,way,surface,MISSING,Surface tag is recommended to assess accessibility
1104522231,way,surface,MISSING,Surface tag is recommended to assess accessibility
1104522232,way,surface,MISSING,Surface tag is recommended to assess accessibility
1104522233,way,surface,MISSING,Surface tag is recommended to assess accessibility
1104522234,way,surface,MISSING,Surface tag is recommended to assess accessibility
1104522235,way,surface,MISSING,Surface tag is recommended to assess accessibility
1104522236,way,surface,MISSING,Surface tag is recommended to assess accessibility
1104522237,way,surface,MISSING,Surface tag is recommended to assess accessibility
1106153271,way,surface,MISSING,Surface tag is recommended to assess accessibility
1106153272,way,surface,MISSING,Surface tag is recommended to assess accessibility
1106153273,way,surface,MISSING,Surface tag is recommended to assess accessibility
1106153274,way,surface,MISSING,Surface tag is recommended to assess accessibility
1106153275,way,surface,MISSING,Surface tag is recommended to assess accessibility
1106153276,way,surface,MISSING,Surface tag is recommended to assess accessibility
1106153277,way,surface,MISSING,Surface tag is recommended to assess accessibility
1106153278,way,surface,MISSING,Surface tag is recommended to assess accessibility
1107275580,way,surface,MISSING,Surface tag is recommended to assess accessibility
1107275581,way,surface,MISSING,Surface tag is recommended to assess accessibility
1107275583,way,surface,MISSING,Surface tag is recommended to assess accessibility
1107275584,way,surface,MISSING,Surface tag is recommended to assess accessibility
1107275585,way,surface,MISSING,Surface tag is recommended to assess accessibility
1107275586,way,surface,MISSING,Surface tag is recommended to assess accessibility
1107275588,way,surface,MISSING,Surface tag is recommended to assess accessibility
1108365967,way,surface,MISSING,Surface tag is recommended to assess accessibility
1108365969,way,surface,MISSING,Surface tag is recommended to assess accessibility
1108367422,way,surface,MISSING,Surface tag is recommended to assess accessibility
1108367423,way,surface,MISSING,Surface tag is recommended to assess accessibility
1110458230,way,surface,MISSING,Surface tag is recommended to assess accessibility
1110458231,way,surface,MISSING,Surface tag is recommended to assess accessibility
1110458232,way,surface,MISSING,Surface tag is recommended to assess accessibility
1110458234,way,surface,MISSING,Surface tag is recommended to assess accessibility
1110458235,way,surface,MISSING,Surface tag is recommended to assess accessibility
1110614979,way,surface,MISSING,Surface tag is recommended to assess accessibility
1110614980,way,surface,MISSING,Surface tag is recommended to assess accessibility
1110614981,way,surface,MISSING,Surface tag is recommended to assess accessibility
1111933880,way,surface,MISSING,Surface tag is recommended to assess accessibility
1111933883,way,surface,MISSING,Surface tag is recommended to assess accessibility
1117671947,way,surface,MISSING,Surface tag is recommended to assess accessibility
1120687709,way,surface,MISSING,Surface tag is recommended to assess accessibility
1120687717,way,surface,MISSING,Surface tag is recommended to assess accessibility
1120687718,way,surface,MISSING,Surface tag is recommended to assess accessibility
1120687719,way,surface,MISSING,Surface tag is recommended to assess accessibility
1120687720,way,surface,MISSING,Surface tag is recommended to assess accessibility
1120687721,way,surface,MISSING,Surface tag is recommended to assess accessibility
1120687722,way,surface,MISSING,Surface tag is recommended to assess accessibility
1120687723,way,surface,MISSING,Surface tag is recommended to assess accessibility
1120687724,way,surface,MISSING,Surface tag is recommended to assess accessibility
1120687725,way,surface,MISSING,Surface tag is recommended to assess accessibility
1120687726,way,surface,MISSING,Surface tag is recommended to assess accessibility
1120687727,way,surface,MISSING,Surface tag is recommended to assess accessibility
1120687728,way,surface,MISSING,Surface tag is recommended to assess accessibility
1120687729,way,surface,MISSING,Surface tag is recommended to assess accessibility
1120687730,way,surface,MISSING,Surface tag is recommended to assess accessibility
1120687731,way,surface,MISSING,Surface tag is recommended to assess accessibility
1120687732,way,surface,MISSING,Surface tag is recommended to assess accessibility
1120687733,way,surface,MISSING,Surface tag is recommended to assess accessibility
1120687734,way,surface,MISSING,Surface tag is recommended to assess accessibility
1120687735,way,surface,MISSING,Surface tag is recommended to assess accessibility
1120687736,way,surface,MISSING,Surface tag is recommended to assess accessibility
1120687737,way,surface,MISSING,Surface tag is recommended to assess accessibility
1120687738,way,surface,MISSING,Surface tag is recommended to assess accessibility
1120687739,way,surface,MISSING,Surface tag is recommended to assess accessibility
1120687740,way,surface,MISSING,Surface tag is recommended to assess accessibility
1120687741,way,surface,MISSING,Surface tag is recommended to assess accessibility
1120687742,way,surface,MISSING,Surface tag is recommended to assess accessibility
1120687743,way,surface,MISSING,Surface tag is recommended to assess accessibility
1120687744,way,surface,MISSING,Surface tag is recommended to assess accessibility
1120687745,way,surface,MISSING,Surface tag is recommended to assess accessibility
1120687746,way,surface,MISSING,Surface tag is recommended to assess accessibility
1120687747,way,surface,MISSING,Surface tag is recommended to assess accessibility
1120687748,way,surface,MISSING,Surface tag is recommended to assess accessibility
1120687751,way,surface,MISSING,Surface tag is recommended to assess accessibility
1120687752,way,surface,MISSING,Surface tag is recommended to assess accessibility
1120687753,way,surface,MISSING,Surface tag is recommended to assess accessibility
1120687754,way,surface,MISSING,Surface tag is recommended to assess accessibility
1120687755,way,surface,MISSING,Surface tag is recommended to assess accessibility
1120687756,way,surface,MISSING,Surface tag is recommended to assess accessibility
1120687757,way,surface,MISSING,Surface tag is recommended to assess accessibility
1120687758,way,surface,MISSING,Surface tag is recommended to assess accessibility
1120687759,way,surface,MISSING,Surface tag is recommended to assess accessibility
1120687760,way,surface,MISSING,Surface tag is recommended to assess accessibility
1120687761,way,surface,MISSING,Surface tag is recommended to assess accessibility
1120687762,way,surface,MISSING,Surface tag is recommended to assess accessibility
1120687763,way,surface,MISSING,Surface tag is recommended to assess accessibility
1120687764,way,surface,MISSING,Surface tag is recommended to assess accessibility
1120687765,way,surface,MISSING,Surface tag is recommended to assess accessibility
1120687766,way,surface,MISSING,Surface tag is recommended to assess accessibility
1120687767,way,surface,MISSING,Surface tag is recommended to assess accessibility
1120687768,way,surface,MISSING,Surface tag is recommended to assess accessibility
1120687769,way,surface,MISSING,Surface tag is recommended to assess accessibility
1120687770,way,surface,MISSING,Surface tag is recommended to assess accessibility
1120687771,way,surface,MISSING,Surface tag is recommended to assess accessibility
1120687772,way,surface,MISSING,Surface tag is recommended to assess accessibility
1120687773,way,surface,MISSING,Surface tag is recommended to assess accessibility
1120687774,way,surface,MISSING,Surface tag is recommended to assess accessibility
1120687775,way,surface,MISSING,Surface tag is recommended to assess accessibility
1120687776,way,surface,MISSING,Surface tag is recommended to assess accessibility
1120687777,way,surface,MISSING,Surface tag is recommended to assess accessibility
1120687778,way,surface,MISSING,Surface tag is recommended to assess accessibility
1120687779,way,surface,MISSING,Surface tag is recommended to assess accessibility
1120687780,way,surface,MISSING,Surface tag is recommended to assess accessibility
1120687781,way,surface,MISSING,Surface tag is recommended to assess accessibility
1120687782,way,surface,MISSING,Surface tag is recommended to assess accessibility
1120687783,way,surface,MISSING,Surface tag is recommended to assess accessibility
1120687784,way,surface,MISSING,Surface tag is recommended to assess accessibility
1120687785,way,surface,MISSING,Surface tag is recommended to assess accessibility
1120687786,way,surface,MISSING,Surface tag is recommended to assess accessibility
1120687787,way,surface,MISSING,Surface tag is recommended to assess accessibility
1120687788,way,surface,MISSING,Surface tag is recommended to assess accessibility
1120687789,way,surface,MISSING,Surface tag is recommended to assess accessibility
1120687790,way,surface,MISSING,Surface tag is recommended to assess accessibility
1120687791,way,surface,MISSING,Surface tag is recommended to assess accessibility
1120687792,way,surface,MISSING,Surface tag is recommended to assess accessibility
1120687793,way,surface,MISSING,Surface tag is recommended to assess accessibility
1120687794,way,surface,MISSING,Surface tag is recommended to assess accessibility
1120687795,way,surface,MISSING,Surface tag is recommended to assess accessibility
1120687796,way,surface,MISSING,Surface tag is recommended to assess accessibility
1120687797,way,surface,MISSING,Surface tag is recommended to assess accessibility
1120687798,way,surface,MISSING,Surface tag is recommended to assess accessibility
1120687799,way,surface,MISSING,Surface tag is recommended to assess accessibility
1120687800,way,surface,MISSING,Surface tag is recommended to assess accessibility
1120687801,way,surface,MISSING,Surface tag is recommended to assess accessibility
1120687802,way,surface,MISSING,Surface tag is recommended to assess accessibility
1120687803,way,surface,MISSING,Surface tag is recommended to assess accessibility
1120687804,way,surface,MISSING,Surface tag is recommended to assess accessibility
1120687805,way,surface,MISSING,Surface tag is recommended to assess accessibility
1120687806,way,surface,MISSING,Surface tag is recommended to assess accessibility
1120687807,way,surface,MISSING,Surface tag is recommended to assess accessibility
1120687808,way,surface,MISSING,Surface tag is recommended to assess accessibility
1120687809,way,surface,MISSING,Surface tag is recommended to assess accessibility
1120687810,way,surface,MISSING,Surface tag is recommended to assess accessibility
1120687811,way,surface,MISSING,Surface tag is recommended to assess accessibility
1120687812,way,surface,MISSING,Surface tag is recommended to assess accessibility
1120687813,way,surface,MISSING,Surface tag is recommended to assess accessibility
1120687814,way,surface,MISSING,Surface tag is recommended to assess accessibility
1120687815,way,surface,MISSING,Surface tag is recommended to assess accessibility
1120687816,way,surface,MISSING,Surface tag is recommended to assess accessibility
1120687817,way,surface,MISSING,Surface tag is recommended to assess accessibility
1120687818,way,surface,MISSING,Surface tag is recommended to assess accessibility
1120687819,way,surface,MISSING,Surface tag is recommended to assess accessibility
1120687820,way,surface,MISSING,Surface tag is recommended to assess accessibility
1120687821,way,surface,MISSING,Surface tag is recommended to assess accessibility
1120687822,way,surface,MISSING,Surface tag is recommended to assess accessibility
1120687823,way,surface,MISSING,Surface tag is recommended to assess accessibility
1120687824,way,surface,MISSING,Surface tag is recommended to assess accessibility
1120687825,way,surface,MISSING,Surface tag is recommended to assess accessibility
1120687826,way,surface,MISSING,Surface tag is recommended to assess accessibility
1120687827,way,surface,MISSING,Surface tag is recommended to assess accessibility
1120687828,way,surface,MISSING,Surface tag is recommended to assess accessibility
1120687829,way,surface,MISSING,Surface tag is recommended to assess accessibility
1120687830,way,surface,MISSING,Surface tag is recommended to assess accessibility
1120687831,way,surface,MISSING,Surface tag is recommended to assess accessibility
1120687832,way,surface,MISSING,Surface tag is recommended to assess accessibility
1120687833,way,surface,MISSING,Surface tag is recommended to assess accessibility
1120687834,way,surface,MISSING,Surface tag is recommended to assess accessibility
1120687835,way,surface,MISSING,Surface tag is recommended to assess accessibility
1120687836,way,surface,MISSING,Surface tag is recommended to assess accessibility
1120687837,way,surface,MISSING,Surface tag is recommended to assess accessibility
1120687838,way,surface,MISSING,Surface tag is recommended to assess accessibility
1120687839,way,surface,MISSING,Surface tag is recommended to assess accessibility
1120687840,way,surface,MISSING,Surface tag is recommended to assess accessibility
1120687841,way,surface,MISSING,Surface tag is recommended to assess accessibility
1120687842,way,surface,MISSING,Surface tag is recommended to assess accessibility
1120687843,way,surface,MISSING,Surface tag is recommended to assess accessibility
1120687844,way,surface,MISSING,Surface tag is recommended to assess accessibility
1120687845,way,surface,MISSING,Surface tag is recommended to assess accessibility
1120687846,way,surface,MISSING,Surface tag is recommended to assess accessibility
1120687847,way,surface,MISSING,Surface tag is recommended to assess accessibility
1120687848,way,surface,MISSING,Surface tag is recommended to assess accessibility
1120687849,way,surface,MISSING,Surface tag is recommended to assess accessibility
1120687850,way,surface,MISSING,Surface tag is recommended to assess accessibility
1120687851,way,surface,MISSING,Surface tag is recommended to assess accessibility
1120687852,way,surface,MISSING,Surface tag is recommended to assess accessibility
1120687853,way,surface,MISSING,Surface tag is recommended to assess accessibility
1120687854,way,surface,MISSING,Surface tag is recommended to assess accessibility
1120687855,way,surface,MISSING,Surface tag is recommended to assess accessibility
1120687856,way,surface,MISSING,Surface tag is recommended to assess accessibility
1120687857,way,surface,MISSING,Surface tag is recommended to assess accessibility
1120687858,way,surface,MISSING,Surface tag is recommended to assess accessibility
1120687859,way,surface,MISSING,Surface tag is recommended to assess accessibility
1120687860,way,surface,MISSING,Surface tag is recommended to assess accessibility
1120687861,way,surface,MISSING,Surface tag is recommended to assess accessibility
1120687862,way,surface,MISSING,Surface tag is recommended to assess accessibility
1120687863,way,surface,MISSING,Surface tag is recommended to assess accessibility
1120687864,way,surface,MISSING,Surface tag is recommended to assess accessibility
1120687865,way,surface,MISSING,Surface tag is recommended to assess accessibility
1120687866,way,surface,MISSING,Surface tag is recommended to assess accessibility
1120687867,way,surface,MISSING,Surface tag is recommended to assess accessibility
1120687868,way,surface,MISSING,Surface tag is recommended to assess accessibility
1120687869,way,surface,MISSING,Surface tag is recommended to assess accessibility
1120687870,way,surface,MISSING,Surface tag is recommended to assess accessibility
1120687871,way,surface,MISSING,Surface tag is recommended to assess accessibility
1120687872,way,surface,MISSING,Surface tag is recommended to assess accessibility
1120687873,way,surface,MISSING,Surface tag is recommended to assess accessibility
1120687874,way,surface,MISSING,Surface tag is recommended to assess accessibility
1120687875,way,surface,MISSING,Surface tag is recommended to assess accessibility
1120687876,way,surface,MISSING,Surface tag is recommended to assess accessibility
1120687877,way,surface,MISSING,Surface tag is recommended to assess accessibility
1120687878,way,surface,MISSING,Surface tag is recommended to assess accessibility
1120687879,way,surface,MISSING,Surface tag is recommended to assess accessibility
1120687880,way,surface,MISSING,Surface tag is recommended to assess accessibility
1120687881,way,surface,MISSING,Surface tag is recommended to assess accessibility
1120687882,way,surface,MISSING,Surface tag is recommended to assess accessibility
1120687883,way,surface,MISSING,Surface tag is recommended to assess accessibility
1120687884,way,surface,MISSING,Surface tag is recommended to assess accessibility
1120687885,way,surface,MISSING,Surface tag is recommended to assess accessibility
1120687886,way,surface,MISSING,Surface tag is recommended to assess accessibility
1120687887,way,surface,MISSING,Surface tag is recommended to assess accessibility
1120687888,way,surface,MISSING,Surface tag is recommended to assess accessibility
1120687889,way,surface,MISSING,Surface tag is recommended to assess accessibility
1120687890,way,surface,MISSING,Surface tag is recommended to assess accessibility
1120687891,way,surface,MISSING,Surface tag is recommended to assess accessibility
1120687892,way,surface,MISSING,Surface tag is recommended to assess accessibility
1120687893,way,surface,MISSING,Surface tag is recommended to assess accessibility
1120687894,way,surface,MISSING,Surface tag is recommended to assess accessibility
1120687895,way,surface,MISSING,Surface tag is recommended to assess accessibility
1120687896,way,surface,MISSING,Surface tag is recommended to assess accessibility
1120687897,way,surface,MISSING,Surface tag is recommended to assess accessibility
1120687898,way,surface,MISSING,Surface tag is recommended to assess accessibility
1120687899,way,surface,MISSING,Surface tag is recommended to assess accessibility
1120687900,way,surface,MISSING,Surface tag is recommended to assess accessibility
1120687901,way,surface,MISSING,Surface tag is recommended to assess accessibility
1120687902,way,surface,MISSING,Surface tag is recommended to assess accessibility
1120687903,way,surface,MISSING,Surface tag is recommended to assess accessibility
1120687904,way,surface,MISSING,Surface tag is recommended to assess accessibility
1120687905,way,surface,MISSING,Surface tag is recommended to assess accessibility
1120687906,way,surface,MISSING,Surface tag is recommended to assess accessibility
1120687907,way,surface,MISSING,Surface tag is recommended to assess accessibility
1120687908,way,surface,MISSING,Surface tag is recommended to assess accessibility
1120687909,way,surface,MISSING,Surface tag is recommended to assess accessibility
1120687910,way,surface,MISSING,Surface tag is recommended to assess accessibility
1120687911,way,surface,MISSING,Surface tag is recommended to assess accessibility
1120687912,way,surface,MISSING,Surface tag is recommended to assess accessibility
1120687913,way,surface,MISSING,Surface tag is recommended to assess accessibility
1120687914,way,surface,MISSING,Surface tag is recommended to assess accessibility
1120687915,way,surface,MISSING,Surface tag is recommended to assess accessibility
1120687916,way,surface,MISSING,Surface tag is recommended to assess accessibility
1120687917,way,surface,MISSING,Surface tag is recommended to assess accessibility
1120687918,way,surface,MISSING,Surface tag is recommended to assess accessibility
1120687919,way,surface,MISSING,Surface tag is recommended to assess accessibility
1120687920,way,surface,MISSING,Surface tag is recommended to assess accessibility
1120687922,way,surface,MISSING,Surface tag is recommended to assess accessibility
1120687923,way,surface,MISSING,Surface tag is recommended to assess accessibility
1120687926,way,surface,MISSING,Surface tag is recommended to assess accessibility
1120687927,way,surface,MISSING,Surface tag is recommended to assess accessibility
1120687928,way,surface,MISSING,Surface tag is recommended to assess accessibility
1120687929,way,surface,MISSING,Surface tag is recommended to assess accessibility
1120687930,way,surface,MISSING,Surface tag is recommended to assess accessibility
1120687931,way,surface,MISSING,Surface tag is recommended to assess accessibility
1120687932,way,surface,MISSING,Surface tag is recommended to assess accessibility
1120687933,way,surface,MISSING,Surface tag is recommended to assess accessibility
1120687934,way,surface,MISSING,Surface tag is recommended to assess accessibility
1120687935,way,surface,MISSING,Surface tag is recommended to assess accessibility
1120687936,way,surface,MISSING,Surface tag is recommended to assess accessibility
1120687937,way,surface,MISSING,Surface tag is recommended to assess accessibility
1120687938,way,surface,MISSING,Surface tag is recommended to assess accessibility
1120687939,way,surface,MISSING,Surface tag is recommended to assess accessibility
1120687940,way,surface,MISSING,Surface tag is recommended to assess accessibility
1120687941,way,surface,MISSING,Surface tag is recommended to assess accessibility
1120687942,way,surface,MISSING,Surface tag is recommended to assess accessibility
1120687943,way,surface,MISSING,Surface tag is recommended to assess accessibility
1120687944,way,surface,MISSING,Surface tag is recommended to assess accessibility
1120687945,way,surface,MISSING,Surface tag is recommended to assess accessibility
1120687946,way,surface,MISSING,Surface tag is recommended to assess accessibility
1120687947,way,surface,MISSING,Surface tag is recommended to assess accessibility
1120687948,way,surface,MISSING,Surface tag is recommended to assess accessibility
1120687949,way,surface,MISSING,Surface tag is recommended to assess accessibility
1120687950,way,surface,MISSING,Surface tag is recommended to assess accessibility
1120687951,way,surface,MISSING,Surface tag is recommended to assess accessibility
1120687952,way,surface,MISSING,Surface tag is recommended to assess accessibility
1120687953,way,surface,MISSING,Surface tag is recommended to assess accessibility
1120687954,way,surface,MISSING,Surface tag is recommended to assess accessibility
1120687955,way,surface,MISSING,Surface tag is recommended to assess accessibility
1120687956,way,surface,MISSING,Surface tag is recommended to assess accessibility
1120687957,way,surface,MISSING,Surface tag is recommended to assess accessibility
1120687958,way,surface,MISSING,Surface tag is recommended to assess accessibility
1120687959,way,surface,MISSING,Surface tag is recommended to assess accessibility
1120687960,way,surface,MISSING,Surface tag is recommended to assess accessibility
1120687961,way,surface,MISSING,Surface tag is recommended to assess accessibility
1120687962,way,surface,MISSING,Surface tag is recommended to assess accessibility
1120687965,way,surface,MISSING,Surface tag is recommended to assess accessibility
1120687966,way,surface,MISSING,Surface tag is recommended to assess accessibility
1120687967,way,surface,MISSING,Surface tag is recommended to assess accessibility
1120687968,way,surface,MISSING,Surface tag is recommended to assess accessibility
1120687969,way,surface,MISSING,Surface tag is recommended to assess accessibility
1120687970,way,surface,MISSING,Surface tag is recommended to assess accessibility
1120687971,way,surface,MISSING,Surface tag is recommended to assess accessibility
1120687972,way,surface,MISSING,Surface tag is recommended to assess accessibility
1120687973,way,surface,MISSING,Surface tag is recommended to assess accessibility
1120687974,way,surface,MISSING,Surface tag is recommended to assess accessibility
1120687975,way,surface,MISSING,Surface tag is recommended to assess accessibility
1120687976,way,surface,MISSING,Surface tag is recommended to assess accessibility
1120687977,way,surface,MISSING,Surface tag is recommended to assess accessibility
1120687978,way,surface,MISSING,Surface tag is recommended to assess accessibility
1120687979,way,surface,MISSING,Surface tag is recommended to assess accessibility
1120687980,way,surface,MISSING,Surface tag is recommended to assess accessibility
1120687981,way,surface,MISSING,Surface tag is recommended to assess accessibility
1120687982,way,surface,MISSING,Surface tag is recommended to assess accessibility
1120687983,way,surface,MISSING,Surface tag is recommended to assess accessibility
1120687984,way,surface,MISSING,Surface tag is recommended to assess accessibility
1120687985,way,surface,MISSING,Surface tag is recommended to assess accessibility
1120687986,way,surface,MISSING,Surface tag is recommended to assess accessibility
1120687987,way,surface,MISSING,Surface tag is recommended to assess accessibility
1120687988,way,surface,MISSING,Surface tag is recommended to assess accessibility
1120687989,way,surface,MISSING,Surface tag is recommended to assess accessibility
1120687990,way,surface,MISSING,Surface tag is recommended to assess accessibility
1120687991,way,surface,MISSING,Surface tag is recommended to assess accessibility
1120687992,way,surface,MISSING,Surface tag is recommended to assess accessibility
1120687993,way,surface,MISSING,Surface tag is recommended to assess accessibility
1120687994,way,surface,MISSING,Surface tag is recommended to assess accessibility
1120687995,way,surface,MISSING,Surface tag is recommended to assess accessibility
1120687996,way,surface,MISSING,Surface tag is recommended to assess accessibility
1120687997,way,surface,MISSING,Surface tag is recommended to assess accessibility
1120688003,way,surface,MISSING,Surface tag is recommended to assess accessibility
1120688004,way,surface,MISSING,Surface tag is recommended to assess accessibility
1120688005,way,surface,MISSING,Surface tag is recommended to assess accessibility
1120688007,way,surface,MISSING,Surface tag is recommended to assess accessibility
1120688008,way,surface,MISSING,Surface tag is recommended to assess accessibility
1120688009,way,surface,MISSING,Surface tag is recommended to assess accessibility
1120688010,way,surface,MISSING,Surface tag is recommended to assess accessibility
1120688011,way,surface,MISSING,Surface tag is recommended to assess accessibility
1120688012,way,surface,MISSING,Surface tag is recommended to assess accessibility
1120688013,way,surface,MISSING,Surface tag is recommended to assess accessibility
1120688014,way,surface,MISSING,Surface tag is recommended to assess accessibility
1120688015,way,surface,MISSING,Surface tag is recommended to assess accessibility
1120688016,way,surface,MISSING,Surface tag is recommended to assess accessibility
1120688017,way,surface,MISSING,Surface tag is recommended to assess accessibility
1120688018,way,surface,MISSING,Surface tag is recommended to assess accessibility
1120688019,way,surface,MISSING,Surface tag is recommended to assess accessibility
1120688020,way,surface,MISSING,Surface tag is recommended to assess accessibility
1120688021,way,surface,MISSING,Surface tag is recommended to assess accessibility
1120688022,way,surface,MISSING,Surface tag is recommended to assess accessibility
1120688023,way,surface,MISSING,Surface tag is recommended to assess accessibility
1120688024,way,surface,MISSING,Surface tag is recommended to assess accessibility
1120688025,way,surface,MISSING,Surface tag is recommended to assess accessibility
1120688026,way,surface,MISSING,Surface tag is recommended to assess accessibility
1120688027,way,surface,MISSING,Surface tag is recommended to assess accessibility
1120688028,way,surface,MISSING,Surface tag is recommended to assess accessibility
1120688029,way,surface,MISSING,Surface tag is recommended to assess accessibility
1120688030,way,surface,MISSING,Surface tag is recommended to assess accessibility
1120688031,way,surface,MISSING,Surface tag is recommended to assess accessibility
1120688032,way,surface,MISSING,Surface tag is recommended to assess accessibility
1120688033,way,surface,MISSING,Surface tag is recommended to assess accessibility
1120688034,way,surface,MISSING,Surface tag is recommended to assess accessibility
1120688035,way,surface,MISSING,Surface tag is recommended to assess accessibility
1120688036,way,surface,MISSING,Surface tag is recommended to assess accessibility
1120688037,way,surface,MISSING,Surface tag is recommended to assess accessibility
1120688038,way,surface,MISSING,Surface tag is recommended to assess accessibility
1120688039,way,surface,MISSING,Surface tag is recommended to assess accessibility
1120688040,way,surface,MISSING,Surface tag is recommended to assess accessibility
1120688041,way,surface,MISSING,Surface tag is recommended to assess accessibility
1120688042,way,surface,MISSING,Surface tag is recommended to assess accessibility
1120688043,way,surface,MISSING,Surface tag is recommended to assess accessibility
1120688044,way,surface,MISSING,Surface tag is recommended to assess accessibility
1120688045,way,surface,MISSING,Surface tag is recommended to assess accessibility
1120688047,way,surface,MISSING,Surface tag is recommended to assess accessibility
1120688061,way,surface,MISSING,Surface tag is recommended to assess accessibility
1120688062,way,surface,MISSING,Surface tag is recommended to assess accessibility
1120688063,way,surface,MISSING,Surface tag is recommended to assess accessibility
1120688064,way,surface,MISSING,Surface tag is recommended to assess accessibility
1120688065,way,surface,MISSING,Surface tag is recommended to assess accessibility
1120688066,way,surface,MISSING,Surface tag is recommended to assess accessibility
1120688067,way,surface,MISSING,Surface tag is recommended to assess accessibility
1120688068,way,surface,MISSING,Surface tag is recommended to assess accessibility
1120688069,way,surface,MISSING,Surface tag is recommended to assess accessibility
1120688072,way,surface,MISSING,Surface tag is recommended to assess accessibility
1120688073,way,surface,MISSING,Surface tag is recommended to assess accessibility
1120688074,way,surface,MISSING,Surface tag is recommended to assess accessibility
1120688076,way,surface,MISSING,Surface tag is recommended to assess accessibility
1120688077,way,surface,MISSING,Surface tag is recommended to assess accessibility
1120688080,way,surface,MISSING,Surface tag is recommended to assess accessibility
1120688081,way,surface,MISSING,Surface tag is recommended to assess accessibility
1120688082,way,surface,MISSING,Surface tag is recommended to assess accessibility
1120688084,way,surface,MISSING,Surface tag is recommended to assess accessibility
1120688085,way,surface,MISSING,Surface tag is recommended to assess accessibility
1120688086,way,surface,MISSING,Surface tag is recommended to assess accessibility
1120688088,way,surface,MISSING,Surface tag is recommended to assess accessibility
1120688090,way,surface,MISSING,Surface tag is recommended to assess accessibility
1120688091,way,surface,MISSING,Surface tag is recommended to assess accessibility
1120688092,way,surface,MISSING,Surface tag is recommended to assess accessibility
1120688093,way,surface,MISSING,Surface tag is recommended to assess accessibility
1120688094,way,surface,MISSING,Surface tag is recommended to assess accessibility
1120688095,way,surface,MISSING,Surface tag is recommended to assess accessibility
1120688096,way,surface,MISSING,Surface tag is recommended to assess accessibility
1120688098,way,surface,MISSING,Surface tag is recommended to assess accessibility
1120688099,way,surface,MISSING,Surface tag is recommended to assess accessibility
1120688100,way,surface,MISSING,Surface tag is recommended to assess accessibility
1120688101,way,surface,MISSING,Surface tag is recommended to assess accessibility
1120688104,way,surface,MISSING,Surface tag is recommended to assess accessibility
1120688105,way,surface,MISSING,Surface tag is recommended to assess accessibility
1120688106,way,surface,MISSING,Surface tag is recommended to assess accessibility
1120688107,way,surface,MISSING,Surface tag is recommended to assess accessibility
1120688108,way,surface,MISSING,Surface tag is recommended to assess accessibility
1120688109,way,surface,MISSING,Surface tag is recommended to assess accessibility
1120688110,way,surface,MISSING,Surface tag is recommended to assess accessibility
1120688111,way,surface,MISSING,Surface tag is recommended to assess accessibility
1120688112,way,surface,MISSING,Surface tag is recommended to assess accessibility
1120688113,way,surface,MISSING,Surface tag is recommended to assess accessibility
1120688114,way,surface,MISSING,Surface tag is recommended to assess accessibility
1120688115,way,surface,MISSING,Surface tag is recommended to assess accessibility
1120688116,way,surface,MISSING,Surface tag is recommended to assess accessibility
1120688117,way,surface,MISSING,Surface tag is recommended to assess accessibility
1120688118,way,surface,MISSING,Surface tag is recommended to assess accessibility
1120688119,way,surface,MISSING,Surface tag is recommended to assess accessibility
1120688120,way,surface,MISSING,Surface tag is recommended to assess accessibility
1120688121,way,surface,MISSING,Surface tag is recommended to assess accessibility
1120688122,way,surface,MISSING,Surface tag is recommended to assess accessibility
1120688123,way,surface,MISSING,Surface tag is recommended to assess accessibility
1120688124,way,surface,MISSING,Surface tag is recommended to assess accessibility
1120688125,way,surface,MISSING,Surface tag is recommended to assess accessibility
1120688126,way,surface,MISSING,Surface tag is recommended to assess accessibility
1120688127,way,surface,MISSING,Surface tag is recommended to assess accessibility
1120688128,way,surface,MISSING,Surface tag is recommended to assess accessibility
1120688129,way,surface,MISSING,Surface tag is recommended to assess accessibility
1120688130,way,surface,MISSING,Surface tag is recommended to assess accessibility
1120688131,way,surface,MISSING,Surface tag is recommended to assess accessibility
1120688132,way,surface,MISSING,Surface tag is recommended to assess accessibility
1120688133,way,surface,MISSING,Surface tag is recommended to assess accessibility
1120688134,way,surface,MISSING,Surface tag is recommended to assess accessibility
1120688135,way,surface,MISSING,Surface tag is recommended to assess accessibility
1120688136,way,surface,MISSING,Surface tag is recommended to assess accessibility
1120688137,way,surface,MISSING,Surface tag is recommended to assess accessibility
1120688138,way,surface,MISSING,Surface tag is recommended to assess accessibility
1120688139,way,surface,MISSING,Surface tag is recommended to assess accessibility
1120688140,way,surface,MISSING,Surface tag is recommended to assess accessibility
1120688146,way,surface,MISSING,Surface tag is recommended to assess accessibility
1120688147,way,surface,MISSING,Surface tag is recommended to assess accessibility
1120688148,way,surface,MISSING,Surface tag is recommended to assess accessibility
1120688149,way,surface,MISSING,Surface tag is recommended to assess accessibility
1120688150,way,surface,MISSING,Surface tag is recommended to assess accessibility
1120688151,way,surface,MISSING,Surface tag is recommended to assess accessibility
1120688152,way,surface,MISSING,Surface tag is recommended to assess accessibility
1120688153,way,surface,MISSING,Surface tag is recommended to assess accessibility
1120688154,way,surface,MISSING,Surface tag is recommended to assess accessibility
1120688157,way,surface,MISSING,Surface tag is recommended to assess accessibility
1120688158,way,surface,MISSING,Surface tag is recommended to assess accessibility
1120688159,way,surface,MISSING,Surface tag is recommended to assess accessibility
1120688160,way,surface,MISSING,Surface tag is recommended to assess accessibility
1120688161,way,surface,MISSING,Surface tag is recommended to assess accessibility
1120688162,way,surface,MISSING,Surface tag is recommended to assess accessibility
1120688163,way,surface,MISSING,Surface tag is recommended to assess accessibility
1120688164,way,surface,MISSING,Surface tag is recommended to assess accessibility
1120688165,way,surface,MISSING,Surface tag is recommended to assess accessibility
1120688166,way,surface,MISSING,Surface tag is recommended to assess accessibility
1120688167,way,surface,MISSING,Surface tag is recommended to assess accessibility
1120688168,way,surface,MISSING,Surface tag is recommended to assess accessibility
1120688169,way,surface,MISSING,Surface tag is recommended to assess accessibility
1120688170,way,surface,MISSING,Surface tag is recommended to assess accessibility
1120688171,way,surface,MISSING,Surface tag is recommended to assess accessibility
1120688172,way,surface,MISSING,Surface tag is recommended to assess accessibility
1120688173,way,surface,MISSING,Surface tag is recommended to assess accessibility
1120688174,way,surface,MISSING,Surface tag is recommended to assess accessibility
1120688175,way,surface,MISSING,Surface tag is recommended to assess accessibility
1120688176,way,surface,MISSING,Surface tag is recommended to assess accessibility
1120688177,way,surface,MISSING,Surface tag is recommended to assess accessibility
1120688178,way,surface,MISSING,Surface tag is recommended to assess accessibility
1120688179,way,surface,MISSING,Surface tag is recommended to assess accessibility
1120688180,way,surface,MISSING,Surface tag is recommended to assess accessibility
1120688181,way,surface,MISSING,Surface tag is recommended to assess accessibility
1120688182,way,surface,MISSING,Surface tag is recommended to assess accessibility
1120688183,way,surface,MISSING,Surface tag is recommended to assess accessibility
1120688184,way,surface,MISSING,Surface tag is recommended to assess accessibility
1120688185,way,surface,MISSING,Surface tag is recommended to assess accessibility
1120688186,way,surface,MISSING,Surface tag is recommended to assess accessibility
1120688187,way,surface,MISSING,Surface tag is recommended to assess accessibility
1120688188,way,surface,MISSING,Surface tag is recommended to assess accessibility
1120688189,way,surface,MISSING,Surface tag is recommended to assess accessibility
1120688190,way,surface,MISSING,Surface tag is recommended to assess accessibility
1120688191,way,surface,MISSING,Surface tag is recommended to assess accessibility
1120688192,way,surface,MISSING,Surface tag is recommended to assess accessibility
1120688193,way,surface,MISSING,Surface tag is recommended to assess accessibility
1120688194,way,surface,MISSING,Surface tag is recommended to assess accessibility
1120688195,way,surface,MISSING,Surface tag is recommended to assess accessibility
1120688196,way,surface,MISSING,Surface tag is recommended to assess accessibility
1120688197,way,surface,MISSING,Surface tag is recommended to assess accessibility
1120688198,way,surface,MISSING,Surface tag is recommended to assess accessibility
1120688199,way,surface,MISSING,Surface tag is recommended to assess accessibility
1120688200,way,surface,MISSING,Surface tag is recommended to assess accessibility
1120688201,way,surface,MISSING,Surface tag is recommended to assess accessibility
1120688202,way,surface,MISSING,Surface tag is recommended to assess accessibility
1120688203,way,surface,MISSING,Surface tag is recommended to assess accessibility
1120688204,way,surface,MISSING,Surface tag is recommended to assess accessibility
1120688205,way,surface,MISSING,Surface tag is recommended to assess accessibility
1120688206,way,surface,MISSING,Surface tag is recommended to assess accessibility
1120688207,way,surface,MISSING,Surface tag is recommended to assess accessibility
1120688208,way,surface,MISSING,Surface tag is recommended to assess accessibility
1120688209,way,surface,MISSING,Surface tag is recommended to assess accessibility
1120688210,way,surface,MISSING,Surface tag is recommended to assess accessibility
1120688211,way,surface,MISSING,Surface tag is recommended to assess accessibility
1120688212,way,surface,MISSING,Surface tag is recommended to assess accessibility
1120688213,way,surface,MISSING,Surface tag is recommended to assess accessibility
1120688214,way,surface,MISSING,Surface tag is recommended to assess accessibility
1120688215,way,surface,MISSING,Surface tag is recommended to assess accessibility
1120688216,way,surface,MISSING,Surface tag is recommended to assess accessibility
1120688217,way,surface,MISSING,Surface tag is recommended to assess accessibility
1120688218,way,surface,MISSING,Surface tag is recommended to assess accessibility
1120688219,way,surface,MISSING,Surface tag is recommended to assess accessibility
1120688220,way,surface,MISSING,Surface tag is recommended to assess accessibility
1120688221,way,surface,MISSING,Surface tag is recommended to assess accessibility
1120688222,way,surface,MISSING,Surface tag is recommended to assess accessibility
1120688223,way,surface,MISSING,Surface tag is recommended to assess accessibility
1120688224,way,surface,MISSING,Surface tag is recommended to assess accessibility
1120688225,way,surface,MISSING,Surface tag is recommended to assess accessibility
1120688226,way,surface,MISSING,Surface tag is recommended to assess accessibility
1120688227,way,surface,MISSING,Surface tag is recommended to assess accessibility
1120688228,way,surface,MISSING,Surface tag is recommended to assess accessibility
1120688229,way,surface,MISSING,Surface tag is recommended to assess accessibility
1120688230,way,surface,MISSING,Surface tag is recommended to assess accessibility
1120688231,way,surface,MISSING,Surface tag is recommended to assess accessibility
1120688232,way,surface,MISSING,Surface tag is recommended to assess accessibility
1120688233,way,surface,MISSING,Surface tag is recommended to assess accessibility
1120688234,way,surface,MISSING,Surface tag is recommended to assess accessibility
1120688235,way,surface,MISSING,Surface tag is recommended to assess accessibility
1120688236,way,surface,MISSING,Surface tag is recommended to assess accessibility
1120688237,way,surface,MISSING,Surface tag is recommended to assess accessibility
1120688238,way,surface,MISSING,Surface tag is recommended to assess accessibility
1120688239,way,surface,MISSING,Surface tag is recommended to assess accessibility
1120688240,way,surface,MISSING,Surface tag is recommended to assess accessibility
1120688241,way,surface,MISSING,Surface tag is recommended to assess accessibility
1120688242,way,surface,MISSING,Surface tag is recommended to assess accessibility
1120688243,way,surface,MISSING,Surface tag is recommended to assess accessibility
1120688244,way,surface,MISSING,Surface tag is recommended to assess accessibility
1120688245,way,surface,MISSING,Surface tag is recommended to assess accessibility
1120688246,way,surface,MISSING,Surface tag is recommended to assess accessibility
1120688247,way,surface,MISSING,Surface tag is recommended to assess accessibility
1120688248,way,surface,MISSING,Surface tag is recommended to assess accessibility
1120688249,way,surface,MISSING,Surface tag is recommended to assess accessibility
1120688250,way,surface,MISSING,Surface tag is recommended to assess accessibility
1120688251,way,surface,MISSING,Surface tag is recommended to assess accessibility
1120688252,way,surface,MISSING,Surface tag is recommended to assess accessibility
1120688253,way,surface,MISSING,Surface tag is recommended to assess accessibility
1120688254,way,surface,MISSING,Surface tag is recommended to assess accessibility
1120688255,way,surface,MISSING,Surface tag is recommended to assess accessibility
1120688256,way,surface,MISSING,Surface tag is recommended to assess accessibility
1120688257,way,surface,MISSING,Surface tag is recommended to assess accessibility
1120688258,way,surface,MISSING,Surface tag is recommended to assess accessibility
1120688259,way,surface,MISSING,Surface tag is recommended to assess accessibility
1120688260,way,surface,MISSING,Surface tag is recommended to assess accessibility
1120688261,way,surface,MISSING,Surface tag is recommended to assess accessibility
1120688262,way,surface,MISSING,Surface tag is recommended to assess accessibility
1120688263,way,surface,MISSING,Surface tag is recommended to assess accessibility
1120688264,way,surface,MISSING,Surface tag is recommended to assess accessibility
1120688265,way,surface,MISSING,Surface tag is recommended to assess accessibility
1120688266,way,surface,MISSING,Surface tag is recommended to assess accessibility
1120688267,way,surface,MISSING,Surface tag is recommended to assess accessibility
1120688268,way,surface,MISSING,Surface tag is recommended to assess accessibility
1120688270,way,surface,MISSING,Surface tag is recommended to assess accessibility
1120688272,way,surface,MISSING,Surface tag is recommended to assess accessibility
1120688273,way,surface,MISSING,Surface tag is recommended to assess accessibility
1120688274,way,surface,MISSING,Surface tag is recommended to assess accessibility
1120688275,way,surface,MISSING,Surface tag is recommended to assess accessibility
1120688276,way,surface,MISSING,Surface tag is recommended to assess accessibility
1120688277,way,surface,MISSING,Surface tag is recommended to assess accessibility
1120688278,way,surface,MISSING,Surface tag is recommended to assess accessibility
1120688279,way,surface,MISSING,Surface tag is recommended to assess accessibility
1120688280,way,surface,MISSING,Surface tag is recommended to assess accessibility
1120688281,way,surface,MISSING,Surface tag is recommended to assess accessibility
1120688282,way,surface,MISSING,Surface tag is recommended to assess accessibility
1120688283,way,surface,MISSING,Surface tag is recommended to assess accessibility
1120688284,way,surface,MISSING,Surface tag is recommended to assess accessibility
1120688285,way,surface,MISSING,Surface tag is recommended to assess accessibility
1120688286,way,surface,MISSING,Surface tag is recommended to assess accessibility
1120688287,way,surface,MISSING,Surface tag is recommended to assess accessibility
1120688288,way,surface,MISSING,Surface tag is recommended to assess accessibility
1120688289,way,surface,MISSING,Surface tag is recommended to assess accessibility
1120688294,way,surface,MISSING,Surface tag is recommended to assess accessibility
1120688295,way,surface,MISSING,Surface tag is recommended to assess accessibility
1120688296,way,surface,MISSING,Surface tag is recommended to assess accessibility
1120688297,way,surface,MISSING,Surface tag is recommended to assess accessibility
1120688300,way,surface,MISSING,Surface tag is recommended to assess accessibility
1120688301,way,surface,MISSING,Surface tag is recommended to assess accessibility
1120688302,way,surface,MISSING,Surface tag is recommended to assess accessibility
1120688304,way,surface,MISSING,Surface tag is recommended to assess accessibility
1120688305,way,surface,MISSING,Surface tag is recommended to assess accessibility
1120688306,way,surface,MISSING,Surface tag is recommended to assess accessibility
1120688307,way,surface,MISSING,Surface tag is recommended to assess accessibility
1120688308,way,surface,MISSING,Surface tag is recommended to assess accessibility
1120688309,way,surface,MISSING,Surface tag is recommended to assess accessibility
1120688310,way,surface,MISSING,Surface tag is recommended to assess accessibility
1120688311,way,surface,MISSING,Surface tag is recommended to assess accessibility
1120688312,way,surface,MISSING,Surface tag is recommended to assess accessibility
1120688313,way,surface,MISSING,Surface tag is recommended to assess accessibility
1120688314,way,surface,MISSING,Surface tag is recommended to assess accessibility
1120688315,way,surface,MISSING,Surface tag is recommended to assess accessibility
1120688316,way,surface,MISSING,Surface tag is recommended to assess accessibility
1120688317,way,surface,MISSING,Surface tag is recommended to assess accessibility
1120688318,way,surface,MISSING,Surface tag is recommended to assess accessibility
1120688319,way,surface,MISSING,Surface tag is recommended to assess accessibility
1120688320,way,surface,MISSING,Surface tag is recommended to assess accessibility
1120688321,way,surface,MISSING,Surface tag is recommended to assess accessibility
1120688322,way,surface,MISSING,Surface tag is recommended to assess accessibility
1120688323,way,surface,MISSING,Surface tag is recommended to assess accessibility
1120688324,way,surface,MISSING,Surface tag is recommended to assess accessibility
1120688325,way,surface,MISSING,Surface tag is recommended to assess accessibility
1120688326,way,surface,MISSING,Surface tag is recommended to assess accessibility
1120688327,way,surface,MISSING,Surface tag is recommended to assess accessibility
1120688328,way,surface,MISSING,Surface tag is recommended to assess accessibility
1120688329,way,surface,MISSING,Surface tag is recommended to assess accessibility
1120688330,way,surface,MISSING,Surface tag is recommended to assess accessibility
1120688331,way,surface,MISSING,Surface tag is recommended to assess accessibility
1120688332,way,surface,MISSING,Surface tag is recommended to assess accessibility
1120688333,way,surface,MISSING,Surface tag is recommended to assess accessibility
1120688334,way,surface,MISSING,Surface tag is recommended to assess accessibility
1120688335,way,surface,MISSING,Surface tag is recommended to assess accessibility
1120688336,way,surface,MISSING,Surface tag is recommended to assess accessibility
1120688337,way,surface,MISSING,Surface tag is recommended to assess accessibility
1120688338,way,surface,MISSING,Surface tag is recommended to assess accessibility
1120688339,way,surface,MISSING,Surface tag is recommended to assess accessibility
1120688340,way,surface,MISSING,Surface tag is recommended to assess accessibility
1120688341,way,surface,MISSING,Surface tag is recommended to assess accessibility
1120688342,way,surface,MISSING,Surface tag is recommended to assess accessibility
1120688343,way,surface,MISSING,Surface tag is recommended to assess accessibility
1120688344,way,surface,MISSING,Surface tag is recommended to assess accessibility
1120688345,way,surface,MISSING,Surface tag is recommended to assess accessibility
1120688346,way,surface,MISSING,Surface tag is recommended to assess accessibility
1120688347,way,surface,MISSING,Surface tag is recommended to assess accessibility
1120688348,way,surface,MISSING,Surface tag is recommended to assess accessibility
1120688349,way,surface,MISSING,Surface tag is recommended to assess accessibility
1120688350,way,surface,MISSING,Surface tag is recommended to assess accessibility
1120688351,way,surface,MISSING,Surface tag is recommended to assess accessibility
1120688352,way,surface,MISSING,Surface tag is recommended to assess accessibility
1120688360,way,surface,MISSING,Surface tag is recommended to assess accessibility
1120688361,way,surface,MISSING,Surface tag is recommended to assess accessibility
1120688362,way,surface,MISSING,Surface tag is recommended to assess accessibility
1120688363,way,surface,MISSING,Surface tag is recommended to assess accessibility
1120688365,way,surface,MISSING,Surface tag is recommended to assess accessibility
1120688366,way,surface,MISSING,Surface tag is recommended to assess accessibility
1120688367,way,surface,MISSING,Surface tag is recommended to assess accessibility
1120688368,way,surface,MISSING,Surface tag is recommended to assess accessibility
1120688369,way,surface,MISSING,Surface tag is recommended to assess accessibility
1120688370,way,surface,MISSING,Surface tag is recommended to assess accessibility
1120688371,way,surface,MISSING,Surface tag is recommended to assess accessibility
1120688372,way,surface,MISSING,Surface tag is recommended to assess accessibility
1120688373,way,surface,MISSING,Surface tag is recommended to assess accessibility
1120688374,way,surface,MISSING,Surface tag is recommended to assess accessibility
1120688375,way,surface,MISSING,Surface tag is recommended to assess accessibility
1120688376,way,surface,MISSING,Surface tag is recommended to assess accessibility
1120688377,way,surface,MISSING,Surface tag is recommended to assess accessibility
1120688378,way,surface,MISSING,Surface tag is recommended to assess accessibility
1120688379,way,surface,MISSING,Surface tag is recommended to assess accessibility
1120688380,way,surface,MISSING,Surface tag is recommended to assess accessibility
1120688384,way,surface,MISSING,Surface tag is recommended to assess accessibility
1120688385,way,surface,MISSING,Surface tag is recommended to assess accessibility
1120688386,way,surface,MISSING,Surface tag is recommended to assess accessibility
1120688387,way,surface,MISSING,Surface tag is recommended to assess accessibility
1120688389,way,surface,MISSING,Surface tag is recommended to assess accessibility
1120688392,way,surface,MISSING,Surface tag is recommended to assess accessibility
1120688393,way,surface,MISSING,Surface tag is recommended to assess accessibility
1120688394,way,surface,MISSING,Surface tag is recommended to assess accessibility
1120688396,way,surface,MISSING,Surface tag is recommended to assess accessibility
1120688397,way,surface,MISSING,Surface tag is recommended to assess accessibility
1120688398,way,surface,MISSING,Surface tag is recommended to assess accessibility
1120688399,way,surface,MISSING,Surface tag is recommended to assess accessibility
1120688400,way,surface,MISSING,Surface tag is recommended to assess accessibility
1120688401,way,surface,MISSING,Surface tag is recommended to assess accessibility
1120688402,way,surface,MISSING,Surface tag is recommended to assess accessibility
1120688404,way,surface,MISSING,Surface tag is recommended to assess accessibility
1120688410,way,surface,MISSING,Surface tag is recommended to assess accessibility
1120688411,way,surface,MISSING,Surface tag is recommended to assess accessibility
1120688412,way,surface,MISSING,Surface tag is recommended to assess accessibility
1120688413,way,surface,MISSING,Surface tag is recommended to assess accessibility
1120688414,way,surface,MISSING,Surface tag is recommended to assess accessibility
1120688416,way,surface,MISSING,Surface tag is recommended to assess accessibility
1120688417,way,surface,MISSING,Surface tag is recommended to assess accessibility
1120688418,way,surface,MISSING,Surface tag is recommended to assess accessibility
1120688419,way,surface,MISSING,Surface tag is recommended to assess accessibility
1120688420,way,surface,MISSING,Surface tag is recommended to assess accessibility
1120688421,way,surface,MISSING,Surface tag is recommended to assess accessibility
1120688422,way,surface,MISSING,Surface tag is recommended to assess accessibility
1120688423,way,surface,MISSING,Surface tag is recommended to assess accessibility
1120688424,way,surface,MISSING,Surface tag is recommended to assess accessibility
1120688425,way,surface,MISSING,Surface tag is recommended to assess accessibility
1120688426,way,surface,MISSING,Surface tag is recommended to assess accessibility
1120688427,way,surface,MISSING,Surface tag is recommended to assess accessibility
1120688428,way,surface,MISSING,Surface tag is recommended to assess accessibility
1120688429,way,surface,MISSING,Surface tag is recommended to assess accessibility
1120688430,way,surface,MISSING,Surface tag is recommended to assess accessibility
1120688431,way,surface,MISSING,Surface tag is recommended to assess accessibility
1120688432,way,surface,MISSING,Surface tag is recommended to assess accessibility
1120688433,way,surface,MISSING,Surface tag is recommended to assess accessibility
1120688434,way,surface,MISSING,Surface tag is recommended to assess accessibility
1120688435,way,surface,MISSING,Surface tag is recommended to assess accessibility
1120688436,way,surface,MISSING,Surface tag is recommended to assess accessibility
1120688437,way,surface,MISSING,Surface tag is recommended to assess accessibility
1120688438,way,surface,MISSING,Surface tag is recommended to assess accessibility
1120688439,way,surface,MISSING,Surface tag is recommended to assess accessibility
1120688440,way,surface,MISSING,Surface tag is recommended to assess accessibility
1120688441,way,surface,MISSING,Surface tag is recommended to assess accessibility
1120688442,way,surface,MISSING,Surface tag is recommended to assess accessibility
1120688443,way,surface,MISSING,Surface tag is recommended to assess accessibility
1120688444,way,surface,MISSING,Surface tag is recommended to assess accessibility
1120688445,way,surface,MISSING,Surface tag is recommended to assess accessibility
1120688446,way,surface,MISSING,Surface tag is recommended to assess accessibility
1120688447,way,surface,MISSING,Surface tag is recommended to assess accessibility
1120688448,way,surface,MISSING,Surface tag is recommended to assess accessibility
1120688449,way,surface,MISSING,Surface tag is recommended to assess accessibility
1120688450,way,surface,MISSING,Surface tag is recommended to assess accessibility
1120688451,way,surface,MISSING,Surface tag is recommended to assess accessibility
1120688452,way,surface,MISSING,Surface tag is recommended to assess accessibility
1120688453,way,surface,MISSING,Surface tag is recommended to assess accessibility
1120688454,way,surface,MISSING,Surface tag is recommended to assess accessibility
1120688455,way,surface,MISSING,Surface tag is recommended to assess accessibility
1120688456,way,surface,MISSING,Surface tag is recommended to assess accessibility
1120688457,way,surface,MISSING,Surface tag is recommended to assess accessibility
1120688458,way,surface,MISSING,Surface tag is recommended to assess accessibility
1120688459,way,surface,MISSING,Surface tag is recommended to assess accessibility
1120688460,way,surface,MISSING,Surface tag is recommended to assess accessibility
1120688461,way,surface,MISSING,Surface tag is recommended to assess accessibility
1120688462,way,surface,MISSING,Surface tag is recommended to assess accessibility
1120688463,way,surface,MISSING,Surface tag is recommended to assess accessibility
1120688464,way,surface,MISSING,Surface tag is recommended to assess accessibility
1120688465,way,surface,MISSING,Surface tag is recommended to assess accessibility
1120688466,way,surface,MISSING,Surface tag is recommended to assess accessibility
1120688467,way,surface,MISSING,Surface tag is recommended to assess accessibility
1120688468,way,surface,MISSING,Surface tag is recommended to assess accessibility
1120688469,way,surface,MISSING,Surface tag is recommended to assess accessibility
1120688470,way,surface,MISSING,Surface tag is recommended to assess accessibility
1120688471,way,surface,MISSING,Surface tag is recommended to assess accessibility
1120688472,way,surface,MISSING,Surface tag is recommended to assess accessibility
1120688473,way,surface,MISSING,Surface tag is recommended to assess accessibility
1120688474,way,surface,MISSING,Surface tag is recommended to assess accessibility
1120688475,way,surface,MISSING,Surface tag is recommended to assess accessibility
1120688476,way,surface,MISSING,Surface tag is recommended to assess accessibility
1120688477,way,surface,MISSING,Surface tag is recommended to assess accessibility
1120688478,way,surface,MISSING,Surface tag is recommended to assess accessibility
1120688479,way,surface,MISSING,Surface tag is recommended to assess accessibility
1120688480,way,surface,MISSING,Surface tag is recommended to assess accessibility
1120688481,way,surface,MISSING,Surface tag is recommended to assess accessibility
1120688482,way,surface,MISSING,Surface tag is recommended to assess accessibility
1120688483,way,surface,MISSING,Surface tag is recommended to assess accessibility
1120688484,way,surface,MISSING,Surface tag is recommended to assess accessibility
1120688485,way,surface,MISSING,Surface tag is recommended to assess accessibility
1120688486,way,surface,MISSING,Surface tag is recommended to assess accessibility
1120688487,way,surface,MISSING,Surface tag is recommended to assess accessibility
1120688488,way,surface,MISSING,Surface tag is recommended to assess accessibility
1120688489,way,surface,MISSING,Surface tag is recommended to assess accessibility
1120688490,way,surface,MISSING,Surface tag is recommended to assess accessibility
1120688491,way,surface,MISSING,Surface tag is recommended to assess accessibility
1120688492,way,surface,MISSING,Surface tag is recommended to assess accessibility
1120688493,way,surface,MISSING,Surface tag is recommended to assess accessibility
1120688494,way,surface,MISSING,Surface tag is recommended to assess accessibility
1120688495,way,surface,MISSING,Surface tag is recommended to assess accessibility
1120688496,way,surface,MISSING,Surface tag is recommended to assess accessibility
1120688497,way,surface,MISSING,Surface tag is recommended to assess accessibility
1120688498,way,surface,MISSING,Surface tag is recommended to assess accessibility
1120688499,way,surface,MISSING,Surface tag is recommended to assess accessibility
1120688500,way,surface,MISSING,Surface tag is recommended to assess accessibility
1120688501,way,surface,MISSING,Surface tag is recommended to assess accessibility
1120688502,way,surface,MISSING,Surface tag is recommended to assess accessibility
1120688503,way,surface,MISSING,Surface tag is recommended to assess accessibility
1120688504,way,surface,MISSING,Surface tag is recommended to assess accessibility
1120688505,way,surface,MISSING,Surface tag is recommended to assess accessibility
1120688506,way,surface,MISSING,Surface tag is recommended to assess accessibility
1120688507,way,surface,MISSING,Surface tag is recommended to assess accessibility
1120688508,way,surface,MISSING,Surface tag is recommended to assess accessibility
1120688509,way,surface,MISSING,Surface tag is recommended to assess accessibility
1120688510,way,surface,MISSING,Surface tag is recommended to assess accessibility
1120688511,way,surface,MISSING,Surface tag is recommended to assess accessibility
1120688512,way,surface,MISSING,Surface tag is recommended to assess accessibility
1120688513,way,surface,MISSING,Surface tag is recommended to assess accessibility
1120688514,way,surface,MISSING,Surface tag is recommended to assess accessibility
1120688515,way,surface,MISSING,Surface tag is recommended to assess accessibility
1120688516,way,surface,MISSING,Surface tag is recommended to assess accessibility
1120688517,way,surface,MISSING,Surface tag is recommended to assess accessibility
1120688518,way,surface,MISSING,Surface tag is recommended to assess accessibility
1120688519,way,surface,MISSING,Surface tag is recommended to assess accessibility
1120688520,way,surface,MISSING,Surface tag is recommended to assess accessibility
1120688521,way,surface,MISSING,Surface tag is recommended to assess accessibility
1120688522,way,surface,MISSING,Surface tag is recommended to assess accessibility
1120688523,way,surface,MISSING,Surface tag is recommended to assess accessibility
1120688524,way,surface,MISSING,Surface tag is recommended to assess accessibility
1120688525,way,surface,MISSING,Surface tag is recommended to assess accessibility
1120688526,way,surface,MISSING,Surface tag is recommended to assess accessibility
1120688527,way,surface,MISSING,Surface tag is recommended to assess accessibility
1120688528,way,surface,MISSING,Surface tag is recommended to assess accessibility
1120688529,way,surface,MISSING,Surface tag is recommended to assess accessibility
1120688530,way,surface,MISSING,Surface tag is recommended to assess accessibility
1120688531,way,surface,MISSING,Surface tag is recommended to assess accessibility
1120688532,way,surface,MISSING,Surface tag is recommended to assess accessibility
1120688533,way,surface,MISSING,Surface tag is recommended to assess accessibility
1120688534,way,surface,MISSING,Surface tag is recommended to assess accessibility
1120688535,way,surface,MISSING,Surface tag is recommended to assess accessibility
1120688536,way,surface,MISSING,Surface tag is recommended to assess accessibility
1120688537,way,surface,MISSING,Surface tag is recommended to assess accessibility
1120688538,way,surface,MISSING,Surface tag is recommended to assess accessibility
1120688539,way,surface,MISSING,Surface tag is recommended to assess accessibility
1120688540,way,surface,MISSING,Surface tag is recommended to assess accessibility
1120688541,way,surface,MISSING,Surface tag is recommended to assess accessibility
1120688542,way,surface,MISSING,Surface tag is recommended to assess accessibility
1120688543,way,surface,MISSING,Surface tag is recommended to assess accessibility
1120688544,way,surface,MISSING,Surface tag is recommended to assess accessibility
1120688545,way,surface,MISSING,Surface tag is recommended to assess accessibility
1120688546,way,surface,MISSING,Surface tag is recommended to assess accessibility
1120688547,way,surface,MISSING,Surface tag is recommended to assess accessibility
1120688548,way,surface,MISSING,Surface tag is recommended to assess accessibility
1120688549,way,surface,MISSING,Surface tag is recommended to assess accessibility
1120688550,way,surface,MISSING,Surface tag is recommended to assess accessibility
1120688551,way,surface,MISSING,Surface tag is recommended to assess accessibility
1120688552,way,surface,MISSING,Surface tag is recommended to assess accessibility
1120688553,way,surface,MISSING,Surface tag is recommended to assess accessibility
1120688561,way,surface,MISSING,Surface tag is recommended to assess accessibility
1120688562,way,surface,MISSING,Surface tag is recommended to assess accessibility
1120688563,way,surface,MISSING,Surface tag is recommended to assess accessibility
1120688564,way,surface,MISSING,Surface tag is recommended to assess accessibility
1120688565,way,surface,MISSING,Surface tag is recommended to assess accessibility
1120688566,way,surface,MISSING,Surface tag is recommended to assess accessibility
1120688567,way,surface,MISSING,Surface tag is recommended to assess accessibility
1120688568,way,surface,MISSING,Surface tag is recommended to assess accessibility
1120688569,way,surface,MISSING,Surface tag is recommended to assess accessibility
1120688570,way,surface,MISSING,Surface tag is recommended to assess accessibility
1120688571,way,surface,MISSING,Surface tag is recommended to assess accessibility
1120688572,way,surface,MISSING,Surface tag is recommended to assess accessibility
1120688573,way,surface,MISSING,Surface tag is recommended to assess accessibility
1120688574,way,surface,MISSING,Surface tag is recommended to assess accessibility
1120688575,way,surface,MISSING,Surface tag is recommended to assess accessibility
1120688576,way,surface,MISSING,Surface tag is recommended to assess accessibility
1120688577,way,surface,MISSING,Surface tag is recommended to assess accessibility
1120688578,way,surface,MISSING,Surface tag is recommended to assess accessibility
1120688579,way,surface,MISSING,Surface tag is recommended to assess accessibility
1120688580,way,surface,MISSING,Surface tag is recommended to assess accessibility
1120688581,way,surface,MISSING,Surface tag is recommended to assess accessibility
1120688582,way,surface,MISSING,Surface tag is recommended to assess accessibility
1120688583,way,surface,MISSING,Surface tag is recommended to assess accessibility
1120688584,way,surface,MISSING,Surface tag is recommended to assess accessibility
1120688585,way,surface,MISSING,Surface tag is recommended to assess accessibility
1120688586,way,surface,MISSING,Surface tag is recommended to assess accessibility
1120688587,way,surface,MISSING,Surface tag is recommended to assess accessibility
1120688588,way,surface,MISSING,Surface tag is recommended to assess accessibility
1120688589,way,surface,MISSING,Surface tag is recommended to assess accessibility
1120688590,way,surface,MISSING,Surface tag is recommended to assess accessibility
1120688591,way,surface,MISSING,Surface tag is recommended to assess accessibility
1120688592,way,surface,MISSING,Surface tag is recommended to assess accessibility
1120688593,way,surface,MISSING,Surface tag is recommended to assess accessibility
1120688594,way,surface,MISSING,Surface tag is recommended to assess accessibility
1120688595,way,surface,MISSING,Surface tag is recommended to assess accessibility
1120688596,way,surface,MISSING,Surface tag is recommended to assess accessibility
1120688597,way,surface,MISSING,Surface tag is recommended to assess accessibility
1120688598,way,surface,MISSING,Surface tag is recommended to assess accessibility
1120688599,way,surface,MISSING,Surface tag is recommended to assess accessibility
1120688600,way,surface,MISSING,Surface tag is recommended to assess accessibility
1120688601,way,surface,MISSING,Surface tag is recommended to assess accessibility
1120688602,way,surface,MISSING,Surface tag is recommended to assess accessibility
1120688603,way,surface,MISSING,Surface tag is recommended to assess accessibility
1120688604,way,surface,MISSING,Surface tag is recommended to assess accessibility
1120688610,way,surface,MISSING,Surface tag is recommended to assess accessibility
1120688615,way,surface,MISSING,Surface tag is recommended to assess accessibility
1120688616,way,surface,MISSING,Surface tag is recommended to assess accessibility
1120688618,way,surface,MISSING,Surface tag is recommended to assess accessibility
1120688619,way,surface,MISSING,Surface tag is recommended to assess accessibility
1120688620,way,surface,MISSING,Surface tag is recommended to assess accessibility
1120688621,way,surface,MISSING,Surface tag is recommended to assess accessibility
1120688622,way,surface,MISSING,Surface tag is recommended to assess accessibility
1120688623,way,surface,MISSING,Surface tag is recommended to assess accessibility
1120688624,way,surface,MISSING,Surface tag is recommended to assess accessibility
1120688625,way,surface,MISSING,Surface tag is recommended to assess accessibility
1120688627,way,surface,MISSING,Surface tag is recommended to assess accessibility
1120688628,way,surface,MISSING,Surface tag is recommended to assess accessibility
1120688629,way,surface,MISSING,Surface tag is recommended to assess accessibility
1120688634,way,surface,MISSING,Surface tag is recommended to assess accessibility
1120688635,way,surface,MISSING,Surface tag is recommended to assess accessibility
1120688636,way,surface,MISSING,Surface tag is recommended to assess accessibility
1120688637,way,surface,MISSING,Surface tag is recommended to assess accessibility
1120688638,way,surface,MISSING,Surface tag is recommended to assess accessibility
1120688639,way,surface,MISSING,Surface tag is recommended to assess accessibility
1120688640,way,surface,MISSING,Surface tag is recommended to assess accessibility
1120688641,way,surface,MISSING,Surface tag is recommended to assess accessibility
1120688642,way,surface,MISSING,Surface tag is recommended to assess accessibility
1120688643,way,surface,MISSING,Surface tag is recommended to assess accessibility
1120688644,way,surface,MISSING,Surface tag is recommended to assess accessibility
1120688645,way,surface,MISSING,Surface tag is recommended to assess accessibility
1120688646,way,surface,MISSING,Surface tag is recommended to assess accessibility
1120688647,way,surface,MISSING,Surface tag is recommended to assess accessibility
1120688648,way,surface,MISSING,Surface tag is recommended to assess accessibility
1120688649,way,surface,MISSING,Surface tag is recommended to assess accessibility
1120688650,way,surface,MISSING,Surface tag is recommended to assess accessibility
1120688651,way,surface,MISSING,Surface tag is recommended to assess accessibility
1120688652,way,surface,MISSING,Surface tag is recommended to assess accessibility
1120688653,way,surface,MISSING,Surface tag is recommended to assess accessibility
1120688654,way,surface,MISSING,Surface tag is recommended to assess accessibility
1120688655,way,surface,MISSING,Surface tag is recommended to assess accessibility
1120688656,way,surface,MISSING,Surface tag is recommended to assess accessibility
1120688657,way,surface,MISSING,Surface tag is recommended to assess accessibility
1120688658,way,surface,MISSING,Surface tag is recommended to assess accessibility
1120688659,way,surface,MISSING,Surface tag is recommended to assess accessibility
1120688660,way,surface,MISSING,Surface tag is recommended to assess accessibility
1120688661,way,surface,MISSING,Surface tag is recommended to assess accessibility
1120688662,way,surface,MISSING,Surface tag is recommended to assess accessibility
1120688663,way,surface,MISSING,Surface tag is recommended to assess accessibility
1120688664,way,surface,MISSING,Surface tag is recommended to assess accessibility
1120688665,way,surface,MISSING,Surface tag is recommended to assess accessibility
1120688666,way,surface,MISSING,Surface tag is recommended to assess accessibility
1120688667,way,surface,MISSING,Surface tag is recommended to assess accessibility
1120688668,way,surface,MISSING,Surface tag is recommended to assess accessibility
1120688669,way,surface,MISSING,Surface tag is recommended to assess accessibility
1120688670,way,surface,MISSING,Surface tag is recommended to assess accessibility
1120688682,way,surface,MISSING,Surface tag is recommended to assess accessibility
1120688683,way,surface,MISSING,Surface tag is recommended to assess accessibility
1120688684,way,surface,MISSING,Surface tag is recommended to assess accessibility
1120688690,way,surface,MISSING,Surface tag is recommended to assess accessibility
1120688691,way,surface,MISSING,Surface tag is recommended to assess accessibility
1120688692,way,surface,MISSING,Surface tag is recommended to assess accessibility
1120688693,way,surface,MISSING,Surface tag is recommended to assess accessibility
1120688694,way,surface,MISSING,Surface tag is recommended to assess accessibility
1120688695,way,surface,MISSING,Surface tag is recommended to assess accessibility
1120688696,way,surface,MISSING,Surface tag is recommended to assess accessibility
1120688697,way,surface,MISSING,Surface tag is recommended to assess accessibility
1120688698,way,surface,MISSING,Surface tag is recommended to assess accessibility
1120688699,way,surface,MISSING,Surface tag is recommended to assess accessibility
1120688700,way,surface,MISSING,Surface tag is recommended to assess accessibility
1120688701,way,surface,MISSING,Surface tag is recommended to assess accessibility
1120688702,way,surface,MISSING,Surface tag is recommended to assess accessibility
1120688703,way,surface,MISSING,Surface tag is recommended to assess accessibility
1120688704,way,surface,MISSING,Surface tag is recommended to assess accessibility
1120688705,way,surface,MISSING,Surface tag is recommended to assess accessibility
1120688706,way,surface,MISSING,Surface tag is recommended to assess accessibility
1120688707,way,surface,MISSING,Surface tag is recommended to assess accessibility
1120688708,way,surface,MISSING,Surface tag is recommended to assess accessibility
1120688709,way,surface,MISSING,Surface tag is recommended to assess accessibility
1120688710,way,surface,MISSING,Surface tag is recommended to assess accessibility
1120688711,way,surface,MISSING,Surface tag is recommended to assess accessibility
1120688712,way,surface,MISSING,Surface tag is recommended to assess accessibility
1120688713,way,surface,MISSING,Surface tag is recommended to assess accessibility
1120688714,way,surface,MISSING,Surface tag is recommended to assess accessibility
1120688715,way,surface,MISSING,Surface tag is recommended to assess accessibility
1120688716,way,surface,MISSING,Surface tag is recommended to assess accessibility
1120688723,way,surface,MISSING,Surface tag is recommended to assess accessibility
1120688724,way,surface,MISSING,Surface tag is recommended to assess accessibility
1120688725,way,surface,MISSING,Surface tag is recommended to assess accessibility
1120688726,way,surface,MISSING,Surface tag is recommended to assess accessibility
1120688727,way,surface,MISSING,Surface tag is recommended to assess accessibility
1120688728,way,surface,MISSING,Surface tag is recommended to assess accessibility
1120688729,way,surface,MISSING,Surface tag is recommended to assess accessibility
1120688730,way,surface,MISSING,Surface tag is recommended to assess accessibility
1120688731,way,surface,MISSING,Surface tag is recommended to assess accessibility
1120688732,way,surface,MISSING,Surface tag is recommended to assess accessibility
1120688733,way,surface,MISSING,Surface tag is recommended to assess accessibility
1120688736,way,surface,MISSING,Surface tag is recommended to assess accessibility
1120688738,way,surface,MISSING,Surface tag is recommended to assess accessibility
1120688739,way,surface,MISSING,Surface tag is recommended to assess accessibility
1120688740,way,surface,MISSING,Surface tag is recommended to assess accessibility
1120688741,way,surface,MISSING,Surface tag is recommended to assess accessibility
1120688742,way,surface,MISSING,Surface tag is recommended to assess accessibility
1120688743,way,surface,MISSING,Surface tag is recommended to assess accessibility
1120688744,way,surface,MISSING,Surface tag is recommended to assess accessibility
1120688745,way,surface,MISSING,Surface tag is recommended to assess accessibility
1120688746,way,surface,MISSING,Surface tag is recommended to assess accessibility
1120688747,way,surface,MISSING,Surface tag is recommended to assess accessibility
1120688748,way,surface,MISSING,Surface tag is recommended to assess accessibility
1120688749,way,surface,MISSING,Surface tag is recommended to assess accessibility
1120688750,way,surface,MISSING,Surface tag is recommended to assess accessibility
1120688751,way,surface,MISSING,Surface tag is recommended to assess accessibility
1120688752,way,surface,MISSING,Surface tag is recommended to assess accessibility
1120688753,way,surface,MISSING,Surface tag is recommended to assess accessibility
1120688754,way,surface,MISSING,Surface tag is recommended to assess accessibility
1120688755,way,surface,MISSING,Surface tag is recommended to assess accessibility
1120688756,way,surface,MISSING,Surface tag is recommended to assess accessibility
1120688757,way,surface,MISSING,Surface tag is recommended to assess accessibility
1120688758,way,surface,MISSING,Surface tag is recommended to assess accessibility
1120688759,way,surface,MISSING,Surface tag is recommended to assess accessibility
1120688760,way,surface,MISSING,Surface tag is recommended to assess accessibility
1120688761,way,surface,MISSING,Surface tag is recommended to assess accessibility
1120688762,way,surface,MISSING,Surface tag is recommended to assess accessibility
1120688763,way,surface,MISSING,Surface tag is recommended to assess accessibility
1120688764,way,surface,MISSING,Surface tag is recommended to assess accessibility
1120688765,way,surface,MISSING,Surface tag is recommended to assess accessibility
1120688766,way,surface,MISSING,Surface tag is recommended to assess accessibility
1120688767,way,surface,MISSING,Surface tag is recommended to assess accessibility
1120688768,way,surface,MISSING,Surface tag is recommended to assess accessibility
1120688769,way,surface,MISSING,Surface tag is recommended to assess accessibility
1120688770,way,surface,MISSING,Surface tag is recommended to assess accessibility
1120688771,way,surface,MISSING,Surface tag is recommended to assess accessibility
1120688772,way,surface,MISSING,Surface tag is recommended to assess accessibility
1120688773,way,surface,MISSING,Surface tag is recommended to assess accessibility
1120688774,way,surface,MISSING,Surface tag is recommended to assess accessibility
1120688775,way,surface,MISSING,Surface tag is recommended to assess accessibility
1120688776,way,surface,MISSING,Surface tag is recommended to assess accessibility
1120688782,way,surface,MISSING,Surface tag is recommended to assess accessibility
1120688783,way,surface,MISSING,Surface tag is recommended to assess accessibility
1120688784,way,surface,MISSING,Surface tag is recommended to assess accessibility
1120688785,way,surface,MISSING,Surface tag is recommended to assess accessibility
1120688786,way,surface,MISSING,Surface tag is recommended to assess accessibility
1120688787,way,surface,MISSING,Surface tag is recommended to assess accessibility
1120688788,way,surface,MISSING,Surface tag is recommended to assess accessibility
1120688797,way,surface,MISSING,Surface tag is recommended to assess accessibility
1120688798,way,surface,MISSING,Surface tag is recommended to assess accessibility
1120688801,way,surface,MISSING,Surface tag is recommended to assess accessibility
1120688802,way,surface,MISSING,Surface tag is recommended to assess accessibility
1120688803,way,surface,MISSING,Surface tag is recommended to assess accessibility
1120688812,way,surface,MISSING,Surface tag is recommended to assess accessibility
1120688813,way,surface,MISSING,Surface tag is recommended to assess accessibility
1120688814,way,surface,MISSING,Surface tag is recommended to assess accessibility
1120688815,way,surface,MISSING,Surface tag is recommended to assess accessibility
1120688816,way,surface,MISSING,Surface tag is recommended to assess accessibility
1120688817,way,surface,MISSING,Surface tag is recommended to assess accessibility
1120688818,way,surface,MISSING,Surface tag is recommended to assess accessibility
1120688819,way,surface,MISSING,Surface tag is recommended to assess accessibility
1120688820,way,surface,MISSING,Surface tag is recommended to assess accessibility
1120688821,way,surface,MISSING,Surface tag is recommended to assess accessibility
1120688822,way,surface,MISSING,Surface tag is recommended to assess accessibility
1120688823,way,surface,MISSING,Surface tag is recommended to assess accessibility
1120688824,way,surface,MISSING,Surface tag is recommended to assess accessibility
1120688825,way,surface,MISSING,Surface tag is recommended to assess accessibility
1120688826,way,surface,MISSING,Surface tag is recommended to assess accessibility
1120688827,way,surface,MISSING,Surface tag is recommended to assess accessibility
1120688828,way,surface,MISSING,Surface tag is recommended to assess accessibility
1120688829,way,surface,MISSING,Surface tag is recommended to assess accessibility
1120688830,way,surface,MISSING,Surface tag is recommended to assess accessibility
1120688831,way,surface,MISSING,Surface tag is recommended to assess accessibility
1120688832,way,surface,MISSING,Surface tag is recommended to assess accessibility
1120688833,way,surface,MISSING,Surface tag is recommended to assess accessibility
1120688834,way,surface,MISSING,Surface tag is recommended to assess accessibility
1120688835,way,surface,MISSING,Surface tag is recommended to assess accessibility
1120688836,way,surface,MISSING,Surface tag is recommended to assess accessibility
1120688837,way,surface,MISSING,Surface tag is recommended to assess accessibility
1120688838,way,surface,MISSING,Surface tag is recommended to assess accessibility
1120688839,way,surface,MISSING,Surface tag is recommended to assess accessibility
1120688840,way,surface,MISSING,Surface tag is recommended to assess accessibility
1120688841,way,surface,MISSING,Surface tag is recommended to assess accessibility
1120688842,way,surface,MISSING,Surface tag is recommended to assess accessibility
1120688843,way,surface,MISSING,Surface tag is recommended to assess accessibility
1120688844,way,surface,MISSING,Surface tag is recommended to assess accessibility
1120688845,way,surface,MISSING,Surface tag is recommended to assess accessibility
1120688846,way,surface,MISSING,Surface tag is recommended to assess accessibility
1120688847,way,surface,MISSING,Surface tag is recommended to assess accessibility
1120688848,way,surface,MISSING,Surface tag is recommended to assess accessibility
1120688849,way,surface,MISSING,Surface tag is recommended to assess accessibility
1120688850,way,surface,MISSING,Surface tag is recommended to assess accessibility
1120688851,way,surface,MISSING,Surface tag is recommended to assess accessibility
1120688852,way,surface,MISSING,Surface tag is recommended to assess accessibility
1120688853,way,surface,MISSING,Surface tag is recommended to assess accessibility
1120688854,way,surface,MISSING,Surface tag is recommended to assess accessibility
1120688855,way,surface,MISSING,Surface tag is recommended to assess accessibility
1120688856,way,surface,MISSING,Surface tag is recommended to assess accessibility
1120688857,way,surface,MISSING,Surface tag is recommended to assess accessibility
1120688858,way,surface,MISSING,Surface tag is recommended to assess accessibility
1120688859,way,surface,MISSING,Surface tag is recommended to assess accessibility
1120688860,way,surface,MISSING,Surface tag is recommended to assess accessibility
1120688861,way,surface,MISSING,Surface tag is recommended to assess accessibility
1120688862,way,surface,MISSING,Surface tag is recommended to assess accessibility
1120688863,way,surface,MISSING,Surface tag is recommended to assess accessibility
1120688864,way,surface,MISSING,Surface tag is recommended to assess accessibility
1120688865,way,surface,MISSING,Surface tag is recommended to assess accessibility
1120688866,way,surface,MISSING,Surface tag is recommended to assess accessibility
1120688868,way,surface,MISSING,Surface tag is recommended to assess accessibility
1120688869,way,surface,MISSING,Surface tag is recommended to assess accessibility
1120688871,way,surface,MISSING,Surface tag is recommended to assess accessibility
1120688872,way,surface,MISSING,Surface tag is recommended to assess accessibility
1120688873,way,surface,MISSING,Surface tag is recommended to assess accessibility
1120688874,way,surface,MISSING,Surface tag is recommended to assess accessibility
1120688875,way,surface,MISSING,Surface tag is recommended to assess accessibility
1120688876,way,surface,MISSING,Surface tag is recommended to assess accessibility
1120688877,way,surface,MISSING,Surface tag is recommended to assess accessibility
1120688878,way,surface,MISSING,Surface tag is recommended to assess accessibility
1120688879,way,surface,MISSING,Surface tag is recommended to assess accessibility
1120688880,way,surface,MISSING,Surface tag is recommended to assess accessibility
1120688881,way,surface,MISSING,Surface tag is recommended to assess accessibility
1120688882,way,surface,MISSING,Surface tag is recommended to assess accessibility
1120688883,way,surface,MISSING,Surface tag is recommended to assess accessibility
1120688884,way,surface,MISSING,Surface tag is recommended to assess accessibility
1120688894,way,surface,MISSING,Surface tag is recommended to assess accessibility
1120688895,way,surface,MISSING,Surface tag is recommended to assess accessibility
1120688896,way,surface,MISSING,Surface tag is recommended to assess accessibility
1120688897,way,surface,MISSING,Surface tag is recommended to assess accessibility
1120688898,way,surface,MISSING,Surface tag is recommended to assess accessibility
1120688899,way,surface,MISSING,Surface tag is recommended to assess accessibility
1120688900,way,surface,MISSING,Surface tag is recommended to assess accessibility
1120688901,way,surface,MISSING,Surface tag is recommended to assess accessibility
1120688902,way,surface,MISSING,Surface tag is recommended to assess accessibility
1120688903,way,surface,MISSING,Surface tag is recommended to assess accessibility
1120688904,way,surface,MISSING,Surface tag is recommended to assess accessibility
1120688905,way,surface,MISSING,Surface tag is recommended to assess accessibility
1120688906,way,surface,MISSING,Surface tag is recommended to assess accessibility
1120688907,way,surface,MISSING,Surface tag is recommended to assess accessibility
1120688908,way,surface,MISSING,Surface tag is recommended to assess accessibility
1120688909,way,surface,MISSING,Surface tag is recommended to assess accessibility
1120688910,way,surface,MISSING,Surface tag is recommended to assess accessibility
1120688911,way,surface,MISSING,Surface tag is recommended to assess accessibility
1120688912,way,surface,MISSING,Surface tag is recommended to assess accessibility
1120688913,way,surface,MISSING,Surface tag is recommended to assess accessibility
1120688914,way,surface,MISSING,Surface tag is recommended to assess accessibility
1120688915,way,surface,MISSING,Surface tag is recommended to assess accessibility
1120688916,way,surface,MISSING,Surface tag is recommended to assess accessibility
1120688917,way,surface,MISSING,Surface tag is recommended to assess accessibility
1120688918,way,surface,MISSING,Surface tag is recommended to assess accessibility
1120688919,way,surface,MISSING,Surface tag is recommended to assess accessibility
1120688920,way,surface,MISSING,Surface tag is recommended to assess accessibility
1120688921,way,surface,MISSING,Surface tag is recommended to assess accessibility
1120688922,way,surface,MISSING,Surface tag is recommended to assess accessibility
1120688923,way,surface,MISSING,Surface tag is recommended to assess accessibility
1120688924,way,surface,MISSING,Surface tag is recommended to assess accessibility
1120688925,way,surface,MISSING,Surface tag is recommended to assess accessibility
1120688926,way,surface,MISSING,Surface tag is recommended to assess accessibility
1120688927,way,surface,MISSING,Surface tag is recommended to assess accessibility
1120688928,way,surface,MISSING,Surface tag is recommended to assess accessibility
1120688929,way,surface,MISSING,Surface tag is recommended to assess accessibility
1120688930,way,surface,MISSING,Surface tag is recommended to assess accessibility
1120688931,way,surface,MISSING,Surface tag is recommended to assess accessibility
1120688932,way,surface,MISSING,Surface tag is recommended to assess accessibility
1120688933,way,surface,MISSING,Surface tag is recommended to assess accessibility
1120688934,way,surface,MISSING,Surface tag is recommended to assess accessibility
1120688935,way,surface,MISSING,Surface tag is recommended to assess accessibility
1120688936,way,surface,MISSING,Surface tag is recommended to assess accessibility
1120688937,way,surface,MISSING,Surface tag is recommended to assess accessibility
1120688938,way,surface,MISSING,Surface tag is recommended to assess accessibility
1120688939,way,surface,MISSING,Surface tag is recommended to assess accessibility
1120688940,way,surface,MISSING,Surface tag is recommended to assess accessibility
1120688941,way,surface,MISSING,Surface tag is recommended to assess accessibility
1120688942,way,surface,MISSING,Surface tag is recommended to assess accessibility
1120688943,way,surface,MISSING,Surface tag is recommended to assess accessibility
1120688944,way,surface,MISSING,Surface tag is recommended to assess accessibility
1120688945,way,surface,MISSING,Surface tag is recommended to assess accessibility
1120688946,way,surface,MISSING,Surface tag is recommended to assess accessibility
1120688947,way,surface,MISSING,Surface tag is recommended to assess accessibility
1120688948,way,surface,MISSING,Surface tag is recommended to assess accessibility
1120688949,way,surface,MISSING,Surface tag is recommended to assess accessibility
1120688950,way,surface,MISSING,Surface tag is recommended to assess accessibility
1120688951,way,surface,MISSING,Surface tag is recommended to assess accessibility
1120688952,way,surface,MISSING,Surface tag is recommended to assess accessibility
1120688953,way,surface,MISSING,Surface tag is recommended to assess accessibility
1120688954,way,surface,MISSING,Surface tag is recommended to assess accessibility
1120688955,way,surface,MISSING,Surface tag is recommended to assess accessibility
1120688956,way,surface,MISSING,Surface tag is recommended to assess accessibility
1120688957,way,surface,MISSING,Surface tag is recommended to assess accessibility
1120688958,way,surface,MISSING,Surface tag is recommended to assess accessibility
1120688959,way,surface,MISSING,Surface tag is recommended to assess accessibility
1120688960,way,surface,MISSING,Surface tag is recommended to assess accessibility
1120688961,way,surface,MISSING,Surface tag is recommended to assess accessibility
1120688962,way,surface,MISSING,Surface tag is recommended to assess accessibility
1120688963,way,surface,MISSING,Surface tag is recommended to assess accessibility
1120688964,way,surface,MISSING,Surface tag is recommended to assess accessibility
1120688965,way,surface,MISSING,Surface tag is recommended to assess accessibility
1120688966,way,surface,MISSING,Surface tag is recommended to assess accessibility
1120688967,way,surface,MISSING,Surface tag is recommended to assess accessibility
1120688968,way,surface,MISSING,Surface tag is recommended to assess accessibility
1120688969,way,surface,MISSING,Surface tag is recommended to assess accessibility
1120688970,way,surface,MISSING,Surface tag is recommended to assess accessibility
1120688971,way,surface,MISSING,Surface tag is recommended to assess accessibility
1120688972,way,surface,MISSING,Surface tag is recommended to assess accessibility
1120688973,way,surface,MISSING,Surface tag is recommended to assess accessibility
1120688974,way,surface,MISSING,Surface tag is recommended to assess accessibility
1120688975,way,surface,MISSING,Surface tag is recommended to assess accessibility
1120688976,way,surface,MISSING,Surface tag is recommended to assess accessibility
1120688977,way,surface,MISSING,Surface tag is recommended to assess accessibility
1120688978,way,surface,MISSING,Surface tag is recommended to assess accessibility
1120688979,way,surface,MISSING,Surface tag is recommended to assess accessibility
1120688980,way,surface,MISSING,Surface tag is recommended to assess accessibility
1120688981,way,surface,MISSING,Surface tag is recommended to assess accessibility
1120688982,way,surface,MISSING,Surface tag is recommended to assess accessibility
1120688983,way,surface,MISSING,Surface tag is recommended to assess accessibility
1120688984,way,surface,MISSING,Surface tag is recommended to assess accessibility
1120688985,way,surface,MISSING,Surface tag is recommended to assess accessibility
1120688986,way,surface,MISSING,Surface tag is recommended to assess accessibility
1120688987,way,surface,MISSING,Surface tag is recommended to assess accessibility
1120688988,way,surface,MISSING,Surface tag is recommended to assess accessibility
1120688989,way,surface,MISSING,Surface tag is recommended to assess accessibility
1120688990,way,surface,MISSING,Surface tag is recommended to assess accessibility
1120688991,way,surface,MISSING,Surface tag is recommended to assess accessibility
1120688992,way,surface,MISSING,Surface tag is recommended to assess accessibility
1120688993,way,surface,MISSING,Surface tag is recommended to assess accessibility
1120688994,way,surface,MISSING,Surface tag is recommended to assess accessibility
1120688995,way,surface,MISSING,Surface tag is recommended to assess accessibility
1120688996,way,surface,MISSING,Surface tag is recommended to assess accessibility
1120688997,way,surface,MISSING,Surface tag is recommended to assess accessibility
1120688998,way,surface,MISSING,Surface tag is recommended to assess accessibility
1120688999,way,surface,MISSING,Surface tag is recommended to assess accessibility
1120689000,way,surface,MISSING,Surface tag is recommended to assess accessibility
1120689001,way,surface,MISSING,Surface tag is recommended to assess accessibility
1120689002,way,surface,MISSING,Surface tag is recommended to assess accessibility
1120689003,way,surface,MISSING,Surface tag is recommended to assess accessibility
1120689004,way,surface,MISSING,Surface tag is recommended to assess accessibility
1120689005,way,surface,MISSING,Surface tag is recommended to assess accessibility
1120689006,way,surface,MISSING,Surface tag is recommended to assess accessibility
1120689007,way,surface,MISSING,Surface tag is recommended to assess accessibility
1120689008,way,surface,MISSING,Surface tag is recommended to assess accessibility
1120689009,way,surface,MISSING,Surface tag is recommended to assess accessibility
1120689010,way,surface,MISSING,Surface tag is recommended to assess accessibility
1120689011,way,surface,MISSING,Surface tag is recommended to assess accessibility
1120689012,way,surface,MISSING,Surface tag is recommended to assess accessibility
1120689013,way,surface,MISSING,Surface tag is recommended to assess accessibility
1120689014,way,surface,MISSING,Surface tag is recommended to assess accessibility
1120689015,way,surface,MISSING,Surface tag is recommended to assess accessibility
1120689016,way,surface,MISSING,Surface tag is recommended to assess accessibility
1120689017,way,surface,MISSING,Surface tag is recommended to assess accessibility
1120689018,way,surface,MISSING,Surface tag is recommended to assess accessibility
1120689019,way,surface,MISSING,Surface tag is recommended to assess accessibility
1120689020,way,surface,MISSING,Surface tag is recommended to assess accessibility
1120689021,way,surface,MISSING,Surface tag is recommended to assess accessibility
1120689022,way,surface,MISSING,Surface tag is recommended to assess accessibility
1120689023,way,surface,MISSING,Surface tag is recommended to assess accessibility
1120689024,way,surface,MISSING,Surface tag is recommended to assess accessibility
1120689025,way,surface,MISSING,Surface tag is recommended to assess accessibility
1120689026,way,surface,MISSING,Surface tag is recommended to assess accessibility
1120689027,way,surface,MISSING,Surface tag is recommended to assess accessibility
1120689028,way,surface,MISSING,Surface tag is recommended to assess accessibility
1120689029,way,surface,MISSING,Surface tag is recommended to assess accessibility
1120689030,way,surface,MISSING,Surface tag is recommended to assess accessibility
1120689031,way,surface,MISSING,Surface tag is recommended to assess accessibility
1120689032,way,surface,MISSING,Surface tag is recommended to assess accessibility
1120689033,way,surface,MISSING,Surface tag is recommended to assess accessibility
1120689034,way,surface,MISSING,Surface tag is recommended to assess accessibility
1120689035,way,surface,MISSING,Surface tag is recommended to assess accessibility
1120689036,way,surface,MISSING,Surface tag is recommended to assess accessibility
1120689037,way,surface,MISSING,Surface tag is recommended to assess accessibility
1120689038,way,surface,MISSING,Surface tag is recommended to assess accessibility
1120689039,way,surface,MISSING,Surface tag is recommended to assess accessibility
1120689040,way,surface,MISSING,Surface tag is recommended to assess accessibility
1120689041,way,surface,MISSING,Surface tag is recommended to assess accessibility
1120689042,way,surface,MISSING,Surface tag is recommended to assess accessibility
1120689043,way,surface,MISSING,Surface tag is recommended to assess accessibility
1120689044,way,surface,MISSING,Surface tag is recommended to assess accessibility
1120689045,way,surface,MISSING,Surface tag is recommended to assess accessibility
1120689046,way,surface,MISSING,Surface tag is recommended to assess accessibility
1120689047,way,surface,MISSING,Surface tag is recommended to assess accessibility
1120689048,way,surface,MISSING,Surface tag is recommended to assess accessibility
1120689049,way,surface,MISSING,Surface tag is recommended to assess accessibility
1120689050,way,surface,MISSING,Surface tag is recommended to assess accessibility
1120689051,way,surface,MISSING,Surface tag is recommended to assess accessibility
1120689052,way,surface,MISSING,Surface tag is recommended to assess accessibility
1120689053,way,surface,MISSING,Surface tag is recommended to assess accessibility
1120689054,way,surface,MISSING,Surface tag is recommended to assess accessibility
1120689055,way,surface,MISSING,Surface tag is recommended to assess accessibility
1120689056,way,surface,MISSING,Surface tag is recommended to assess accessibility
1120689057,way,surface,MISSING,Surface tag is recommended to assess accessibility
1120689058,way,surface,MISSING,Surface tag is recommended to assess accessibility
1120689059,way,surface,MISSING,Surface tag is recommended to assess accessibility
1120689061,way,surface,MISSING,Surface tag is recommended to assess accessibility
1120689062,way,surface,MISSING,Surface tag is recommended to assess accessibility
1120689063,way,surface,MISSING,Surface tag is recommended to assess accessibility
1120689064,way,surface,MISSING,Surface tag is recommended to assess accessibility
1120689065,way,surface,MISSING,Surface tag is recommended to assess accessibility
1120689066,way,surface,MISSING,Surface tag is recommended to assess accessibility
1120689067,way,surface,MISSING,Surface tag is recommended to assess accessibility
1120689068,way,surface,MISSING,Surface tag is recommended to assess accessibility
1120689069,way,surface,MISSING,Surface tag is recommended to assess accessibility
1120689070,way,surface,MISSING,Surface tag is recommended to assess accessibility
1120689071,way,surface,MISSING,Surface tag is recommended to assess accessibility
1120689072,way,surface,MISSING,Surface tag is recommended to assess accessibility
1120689074,way,surface,MISSING,Surface tag is recommended to assess accessibility
1120689075,way,surface,MISSING,Surface tag is recommended to assess accessibility
1120689076,way,surface,MISSING,Surface tag is recommended to assess accessibility
1120689079,way,surface,MISSING,Surface tag is recommended to assess accessibility
1120689082,way,surface,MISSING,Surface tag is recommended to assess accessibility
1120689083,way,surface,MISSING,Surface tag is recommended to assess accessibility
1120689084,way,surface,MISSING,Surface tag is recommended to assess accessibility
1120689086,way,surface,MISSING,Surface tag is recommended to assess accessibility
1120689087,way,surface,MISSING,Surface tag is recommended to assess accessibility
1120689088,way,surface,MISSING,Surface tag is recommended to assess accessibility
1120689089,way,surface,MISSING,Surface tag is recommended to assess accessibility
1120689090,way,surface,MISSING,Surface tag is recommended to assess accessibility
1120689091,way,surface,MISSING,Surface tag is recommended to assess accessibility
1120689092,way,surface,MISSING,Surface tag is recommended to assess accessibility
1120689093,way,surface,MISSING,Surface tag is recommended to assess accessibility
1120689094,way,surface,MISSING,Surface tag is recommended to assess accessibility
1120689099,way,surface,MISSING,Surface tag is recommended to assess accessibility
1120689101,way,surface,MISSING,Surface tag is recommended to assess accessibility
1120689102,way,surface,MISSING,Surface tag is recommended to assess accessibility
1120689103,way,surface,MISSING,Surface tag is recommended to assess accessibility
1120689104,way,surface,MISSING,Surface tag is recommended to assess accessibility
1120689105,way,surface,MISSING,Surface tag is recommended to assess accessibility
1120689106,way,surface,MISSING,Surface tag is recommended to assess accessibility
1120689107,way,surface,MISSING,Surface tag is recommended to assess accessibility
1120689116,way,surface,MISSING,Surface tag is recommended to assess accessibility
1120689118,way,surface,MISSING,Surface tag is recommended to assess accessibility
1120689119,way,surface,MISSING,Surface tag is recommended to assess accessibility
1120689120,way,surface,MISSING,Surface tag is recommended to assess accessibility
1120689121,way,surface,MISSING,Surface tag is recommended to assess accessibility
1120689122,way,surface,MISSING,Surface tag is recommended to assess accessibility
1120689123,way,surface,MISSING,Surface tag is recommended to assess accessibility
1120689124,way,surface,MISSING,Surface tag is recommended to assess accessibility
1120689125,way,surface,MISSING,Surface tag is recommended to assess accessibility
1120689126,way,surface,MISSING,Surface tag is recommended to assess accessibility
1120689127,way,surface,MISSING,Surface tag is recommended to assess accessibility
1120689128,way,surface,MISSING,Surface tag is recommended to assess accessibility
1120689129,way,surface,MISSING,Surface tag is recommended to assess accessibility
1120689130,way,surface,MISSING,Surface tag is recommended to assess accessibility
1120689131,way,surface,MISSING,Surface tag is recommended to assess accessibility
1120689132,way,surface,MISSING,Surface tag is recommended to assess accessibility
1120689133,way,surface,MISSING,Surface tag is recommended to assess accessibility
1120689134,way,surface,MISSING,Surface tag is recommended to assess accessibility
1120689135,way,surface,MISSING,Surface tag is recommended to assess accessibility
1120689136,way,surface,MISSING,Surface tag is recommended to assess accessibility
1120689137,way,surface,MISSING,Surface tag is recommended to assess accessibility
1120689138,way,surface,MISSING,Surface tag is recommended to assess accessibility
1120689139,way,surface,MISSING,Surface tag is recommended to assess accessibility
1120689140,way,surface,MISSING,Surface tag is recommended to assess accessibility
1120689141,way,surface,MISSING,Surface tag is recommended to assess accessibility
1120689142,way,surface,MISSING,Surface tag is recommended to assess accessibility
1120689144,way,surface,MISSING,Surface tag is recommended to assess accessibility
1120689145,way,surface,MISSING,Surface tag is recommended to assess accessibility
1120689146,way,surface,MISSING,Surface tag is recommended to assess accessibility
1120689155,way,surface,MISSING,Surface tag is recommended to assess accessibility
1120689156,way,surface,MISSING,Surface tag is recommended to assess accessibility
1120689157,way,surface,MISSING,Surface tag is recommended to assess accessibility
1120689158,way,surface,MISSING,Surface tag is recommended to assess accessibility
1120689159,way,surface,MISSING,Surface tag is recommended to assess accessibility
1120689160,way,surface,MISSING,Surface tag is recommended to assess accessibility
1120689161,way,surface,MISSING,Surface tag is recommended to assess accessibility
1120689162,way,surface,MISSING,Surface tag is recommended to assess accessibility
1120689163,way,surface,MISSING,Surface tag is recommended to assess accessibility
1120689164,way,surface,MISSING,Surface tag is recommended to assess accessibility
1120689165,way,surface,MISSING,Surface tag is recommended to assess accessibility
1120689166,way,surface,MISSING,Surface tag is recommended to assess accessibility
1120689167,way,surface,MISSING,Surface tag is recommended to assess accessibility
1120689168,way,surface,MISSING,Surface tag is recommended to assess accessibility
1120689169,way,surface,MISSING,Surface tag is recommended to assess accessibility
1120689170,way,surface,MISSING,Surface tag is recommended to assess accessibility
1120689171,way,surface,MISSING,Surface tag is recommended to assess accessibility
1120689172,way,surface,MISSING,Surface tag is recommended to assess accessibility
1120689173,way,surface,MISSING,Surface tag is recommended to assess accessibility
1120689174,way,surface,MISSING,Surface tag is recommended to assess accessibility
1120689175,way,surface,MISSING,Surface tag is recommended to assess accessibility
1120689176,way,surface,MISSING,Surface tag is recommended to assess accessibility
1120689177,way,surface,MISSING,Surface tag is recommended to assess accessibility
1120689178,way,surface,MISSING,Surface tag is recommended to assess accessibility
1120689179,way,surface,MISSING,Surface tag is recommended to assess accessibility
1120689181,way,surface,MISSING,Surface tag is recommended to assess accessibility
1120689182,way,surface,MISSING,Surface tag is recommended to assess accessibility
1120689186,way,surface,MISSING,Surface tag is recommended to assess accessibility
1120689191,way,surface,MISSING,Surface tag is recommended to assess accessibility
1120689192,way,surface,MISSING,Surface tag is recommended to assess accessibility
1120689193,way,surface,MISSING,Surface tag is recommended to assess accessibility
1120689194,way,surface,MISSING,Surface tag is recommended to assess accessibility
1120689195,way,surface,MISSING,Surface tag is recommended to assess accessibility
1120689196,way,surface,MISSING,Surface tag is recommended to assess accessibility
1120689197,way,surface,MISSING,Surface tag is recommended to assess accessibility
1120689198,way,surface,MISSING,Surface tag is recommended to assess accessibility
1120689199,way,surface,MISSING,Surface tag is recommended to assess accessibility
1120689200,way,surface,MISSING,Surface tag is recommended to assess accessibility
1120689201,way,surface,MISSING,Surface tag is recommended to assess accessibility
1120689202,way,surface,MISSING,Surface tag is recommended to assess accessibility
1120689203,way,surface,MISSING,Surface tag is recommended to assess accessibility
1120689204,way,surface,MISSING,Surface tag is recommended to assess accessibility
1120689205,way,surface,MISSING,Surface tag is recommended to assess accessibility
1120689206,way,surface,MISSING,Surface tag is recommended to assess accessibility
1120689207,way,surface,MISSING,Surface tag is recommended to assess accessibility
1120689208,way,surface,MISSING,Surface tag is recommended to assess accessibility
1120689209,way,surface,MISSING,Surface tag is recommended to assess accessibility
1120689210,way,surface,MISSING,Surface tag is recommended to assess accessibility
1120689211,way,surface,MISSING,Surface tag is recommended to assess accessibility
1120689212,way,surface,MISSING,Surface tag is recommended to assess accessibility
1120689213,way,surface,MISSING,Surface tag is recommended to assess accessibility
1120689214,way,surface,MISSING,Surface tag is recommended to assess accessibility
1120689215,way,surface,MISSING,Surface tag is recommended to assess accessibility
1120689216,way,surface,MISSING,Surface tag is recommended to assess accessibility
1120689217,way,surface,MISSING,Surface tag is recommended to assess accessibility
1120689218,way,surface,MISSING,Surface tag is recommended to assess accessibility
1120689219,way,surface,MISSING,Surface tag is recommended to assess accessibility
1120689220,way,surface,MISSING,Surface tag is recommended to assess accessibility
1120689221,way,surface,MISSING,Surface tag is recommended to assess accessibility
1120689222,way,surface,MISSING,Surface tag is recommended to assess accessibility
1120689223,way,surface,MISSING,Surface tag is recommended to assess accessibility
1120689224,way,surface,MISSING,Surface tag is recommended to assess accessibility
1120689225,way,surface,MISSING,Surface tag is recommended to assess accessibility
1120689226,way,surface,MISSING,Surface tag is recommended to assess accessibility
1120689227,way,surface,MISSING,Surface tag is recommended to assess accessibility
1120689228,way,surface,MISSING,Surface tag is recommended to assess accessibility
1120689229,way,surface,MISSING,Surface tag is recommended to assess accessibility
1120689230,way,surface,MISSING,Surface tag is recommended to assess accessibility
1120689231,way,surface,MISSING,Surface tag is recommended to assess accessibility
1120689232,way,surface,MISSING,Surface tag is recommended to assess accessibility
1120689233,way,surface,MISSING,Surface tag is recommended to assess accessibility
1120689234,way,surface,MISSING,Surface tag is recommended to assess accessibility
1120689235,way,surface,MISSING,Surface tag is recommended to assess accessibility
1120689236,way,surface,MISSING,Surface tag is recommended to assess accessibility
1120689242,way,surface,MISSING,Surface tag is recommended to assess accessibility
1120689243,way,surface,MISSING,Surface tag is recommended to assess accessibility
1120689244,way,surface,MISSING,Surface tag is recommended to assess accessibility
1120689245,way,surface,MISSING,Surface tag is recommended to assess accessibility
1120689246,way,surface,MISSING,Surface tag is recommended to assess accessibility
1120689247,way,surface,MISSING,Surface tag is recommended to assess accessibility
1120689248,way,surface,MISSING,Surface tag is recommended to assess accessibility
1120689249,way,surface,MISSING,Surface tag is recommended to assess accessibility
1120689250,way,surface,MISSING,Surface tag is recommended to assess accessibility
1120689251,way,surface,MISSING,Surface tag is recommended to assess accessibility
1120689252,way,surface,MISSING,Surface tag is recommended to assess accessibility
1120689253,way,surface,MISSING,Surface tag is recommended to assess accessibility
1120689254,way,surface,MISSING,Surface tag is recommended to assess accessibility
1120689255,way,surface,MISSING,Surface tag is recommended to assess accessibility
1120689257,way,surface,MISSING,Surface tag is recommended to assess accessibility
1120689258,way,surface,MISSING,Surface tag is recommended to assess accessibility
1120689259,way,surface,MISSING,Surface tag is recommended to assess accessibility
1120689260,way,surface,MISSING,Surface tag is recommended to assess accessibility
1120689261,way,surface,MISSING,Surface tag is recommended to assess accessibility
1120689262,way,surface,MISSING,Surface tag is recommended to assess accessibility
1120689263,way,surface,MISSING,Surface tag is recommended to assess accessibility
1120689264,way,surface,MISSING,Surface tag is recommended to assess accessibility
1120689265,way,surface,MISSING,Surface tag is recommended to assess accessibility
1120689266,way,surface,MISSING,Surface tag is recommended to assess accessibility
1120689267,way,surface,MISSING,Surface tag is recommended to assess accessibility
1120689268,way,surface,MISSING,Surface tag is recommended to assess accessibility
1120689269,way,surface,MISSING,Surface tag is recommended to assess accessibility
1120689270,way,surface,MISSING,Surface tag is recommended to assess accessibility
1120689271,way,surface,MISSING,Surface tag is recommended to assess accessibility
1120689273,way,surface,MISSING,Surface tag is recommended to assess accessibility
1120689274,way,surface,MISSING,Surface tag is recommended to assess accessibility
1120689275,way,surface,MISSING,Surface tag is recommended to assess accessibility
1120689276,way,surface,MISSING,Surface tag is recommended to assess accessibility
1120689277,way,surface,MISSING,Surface tag is recommended to assess accessibility
1120689278,way,surface,MISSING,Surface tag is recommended to assess accessibility
1120689279,way,surface,MISSING,Surface tag is recommended to assess accessibility
1120689280,way,surface,MISSING,Surface tag is recommended to assess accessibility
1120689281,way,surface,MISSING,Surface tag is recommended to assess accessibility
1120689282,way,surface,MISSING,Surface tag is recommended to assess accessibility
1120689283,way,surface,MISSING,Surface tag is recommended to assess accessibility
1120689284,way,surface,MISSING,Surface tag is recommended to assess accessibility
1120689285,way,surface,MISSING,Surface tag is recommended to assess accessibility
1120689286,way,surface,MISSING,Surface tag is recommended to assess accessibility
1120689287,way,surface,MISSING,Surface tag is recommended to assess accessibility
1120689288,way,surface,MISSING,Surface tag is recommended to assess accessibility
1120689289,way,surface,MISSING,Surface tag is recommended to assess accessibility
1120689290,way,surface,MISSING,Surface tag is recommended to assess accessibility
1120689291,way,surface,MISSING,Surface tag is recommended to assess accessibility
1120689292,way,surface,MISSING,Surface tag is recommended to assess accessibility
1120689293,way,surface,MISSING,Surface tag is recommended to assess accessibility
1120689294,way,surface,MISSING,Surface tag is recommended to assess accessibility
1120689295,way,surface,MISSING,Surface tag is recommended to assess accessibility
1120689296,way,surface,MISSING,Surface tag is recommended to assess accessibility
1120689297,way,surface,MISSING,Surface tag is recommended to assess accessibility
1120689298,way,surface,MISSING,Surface tag is recommended to assess accessibility
1120689299,way,surface,MISSING,Surface tag is recommended to assess accessibility
1120689300,way,surface,MISSING,Surface tag is recommended to assess accessibility
1120689301,way,surface,MISSING,Surface tag is recommended to assess accessibility
1120689302,way,surface,MISSING,Surface tag is recommended to assess accessibility
1120689303,way,surface,MISSING,Surface tag is recommended to assess accessibility
1120689304,way,surface,MISSING,Surface tag is recommended to assess accessibility
1120689305,way,surface,MISSING,Surface tag is recommended to assess accessibility
1120689306,way,surface,MISSING,Surface tag is recommended to assess accessibility
1120689307,way,surface,MISSING,Surface tag is recommended to assess accessibility
1120689308,way,surface,MISSING,Surface tag is recommended to assess accessibility
1120689309,way,surface,MISSING,Surface tag is recommended to assess accessibility
1120689310,way,surface,MISSING,Surface tag is recommended to assess accessibility
1120689311,way,surface,MISSING,Surface tag is recommended to assess accessibility
1120689312,way,surface,MISSING,Surface tag is recommended to assess accessibility
1120689313,way,surface,MISSING,Surface tag is recommended to assess accessibility
1120689314,way,surface,MISSING,Surface tag is recommended to assess accessibility
1120689315,way,surface,MISSING,Surface tag is recommended to assess accessibility
1120689316,way,surface,MISSING,Surface tag is recommended to assess accessibility
1120689317,way,surface,MISSING,Surface tag is recommended to assess accessibility
1120689318,way,surface,MISSING,Surface tag is recommended to assess accessibility
1120689319,way,surface,MISSING,Surface tag is recommended to assess accessibility
1120689320,way,surface,MISSING,Surface tag is recommended to assess accessibility
1120689321,way,surface,MISSING,Surface tag is recommended to assess accessibility
1120689322,way,surface,MISSING,Surface tag is recommended to assess accessibility
1120689323,way,surface,MISSING,Surface tag is recommended to assess accessibility
1120689324,way,surface,MISSING,Surface tag is recommended to assess accessibility
1120689325,way,surface,MISSING,Surface tag is recommended to assess accessibility
1120689326,way,surface,MISSING,Surface tag is recommended to assess accessibility
1120689327,way,surface,MISSING,Surface tag is recommended to assess accessibility
1120689328,way,surface,MISSING,Surface tag is recommended to assess accessibility
1120689329,way,surface,MISSING,Surface tag is recommended to assess accessibility
1120689330,way,surface,MISSING,Surface tag is recommended to assess accessibility
1120689331,way,surface,MISSING,Surface tag is recommended to assess accessibility
1120689332,way,surface,MISSING,Surface tag is recommended to assess accessibility
1120689333,way,surface,MISSING,Surface tag is recommended to assess accessibility
1120689334,way,surface,MISSING,Surface tag is recommended to assess accessibility
1120689335,way,surface,MISSING,Surface tag is recommended to assess accessibility
1120689336,way,surface,MISSING,Surface tag is recommended to assess accessibility
1120689337,way,surface,MISSING,Surface tag is recommended to assess accessibility
1120689338,way,surface,MISSING,Surface tag is recommended to assess accessibility
1120689339,way,surface,MISSING,Surface tag is recommended to assess accessibility
1120689340,way,surface,MISSING,Surface tag is recommended to assess accessibility
1120689341,way,surface,MISSING,Surface tag is recommended to assess accessibility
1120689342,way,surface,MISSING,Surface tag is recommended to assess accessibility
1120689343,way,surface,MISSING,Surface tag is recommended to assess accessibility
1120689344,way,surface,MISSING,Surface tag is recommended to assess accessibility
1120689345,way,surface,MISSING,Surface tag is recommended to assess accessibility
1120689346,way,surface,MISSING,Surface tag is recommended to assess accessibility
1120689347,way,surface,MISSING,Surface tag is recommended to assess accessibility
1120689348,way,surface,MISSING,Surface tag is recommended to assess accessibility
1120689349,way,surface,MISSING,Surface tag is recommended to assess accessibility
1120689350,way,surface,MISSING,Surface tag is recommended to assess accessibility
1120689351,way,surface,MISSING,Surface tag is recommended to assess accessibility
1120689353,way,surface,MISSING,Surface tag is recommended to assess accessibility
1120689354,way,surface,MISSING,Surface tag is recommended to assess accessibility
1120689355,way,surface,MISSING,Surface tag is recommended to assess accessibility
1120689356,way,surface,MISSING,Surface tag is recommended to assess accessibility
1120689357,way,surface,MISSING,Surface tag is recommended to assess accessibility
1120689358,way,surface,MISSING,Surface tag is recommended to assess accessibility
1120689359,way,surface,MISSING,Surface tag is recommended to assess accessibility
1120689360,way,surface,MISSING,Surface tag is recommended to assess accessibility
1120689364,way,surface,MISSING,Surface tag is recommended to assess accessibility
1120689365,way,surface,MISSING,Surface tag is recommended to assess accessibility
1120689374,way,surface,MISSING,Surface tag is recommended to assess accessibility
1120689377,way,surface,MISSING,Surface tag is recommended to assess accessibility
1120689378,way,surface,MISSING,Surface tag is recommended to assess accessibility
1120689379,way,surface,MISSING,Surface tag is recommended to assess accessibility
1120689380,way,surface,MISSING,Surface tag is recommended to assess accessibility
1120689381,way,surface,MISSING,Surface tag is recommended to assess accessibility
1120689382,way,surface,MISSING,Surface tag is recommended to assess accessibility
1120689383,way,surface,MISSING,Surface tag is recommended to assess accessibility
1120689384,way,surface,MISSING,Surface tag is recommended to assess accessibility
1120689385,way,surface,MISSING,Surface tag is recommended to assess accessibility
1120689386,way,surface,MISSING,Surface tag is recommended to assess accessibility
1120689387,way,surface,MISSING,Surface tag is recommended to assess accessibility
1120689388,way,surface,MISSING,Surface tag is recommended to assess accessibility
1120689389,way,surface,MISSING,Surface tag is recommended to assess accessibility
1120689390,way,surface,MISSING,Surface tag is recommended to assess accessibility
1120689391,way,surface,MISSING,Surface tag is recommended to assess accessibility
1120689392,way,surface,MISSING,Surface tag is recommended to assess accessibility
1120689393,way,surface,MISSING,Surface tag is recommended to assess accessibility
1120689394,way,surface,MISSING,Surface tag is recommended to assess accessibility
1120689395,way,surface,MISSING,Surface tag is recommended to assess accessibility
1120689396,way,surface,MISSING,Surface tag is recommended to assess accessibility
1120689401,way,surface,MISSING,Surface tag is recommended to assess accessibility
1120689402,way,surface,MISSING,Surface tag is recommended to assess accessibility
1120689403,way,surface,MISSING,Surface tag is recommended to assess accessibility
1120689404,way,surface,MISSING,Surface tag is recommended to assess accessibility
1120689405,way,surface,MISSING,Surface tag is recommended to assess accessibility
1120689406,way,surface,MISSING,Surface tag is recommended to assess accessibility
1120689407,way,surface,MISSING,Surface tag is recommended to assess accessibility
1120689408,way,surface,MISSING,Surface tag is recommended to assess accessibility
1120689409,way,surface,MISSING,Surface tag is recommended to assess accessibility
1120689410,way,surface,MISSING,Surface tag is recommended to assess accessibility
1120689411,way,surface,MISSING,Surface tag is recommended to assess accessibility
1120689412,way,surface,MISSING,Surface tag is recommended to assess accessibility
1120689413,way,surface,MISSING,Surface tag is recommended to assess accessibility
1120689414,way,surface,MISSING,Surface tag is recommended to assess accessibility
1120689415,way,surface,MISSING,Surface tag is recommended to assess accessibility
1120689416,way,surface,MISSING,Surface tag is recommended to assess accessibility
1120689417,way,surface,MISSING,Surface tag is recommended to assess accessibility
1120689418,way,surface,MISSING,Surface tag is recommended to assess accessibility
1120689419,way,surface,MISSING,Surface tag is recommended to assess accessibility
1120689420,way,surface,MISSING,Surface tag is recommended to assess accessibility
1120689421,way,surface,MISSING,Surface tag is recommended to assess accessibility
1120689422,way,surface,MISSING,Surface tag is recommended to assess accessibility
1120689423,way,surface,MISSING,Surface tag is recommended to assess accessibility
1120689424,way,surface,MISSING,Surface tag is recommended to assess accessibility
1120689425,way,surface,MISSING,Surface tag is recommended to assess accessibility
1120689426,way,surface,MISSING,Surface tag is recommended to assess accessibility
1120689427,way,surface,MISSING,Surface tag is recommended to assess accessibility
1120689428,way,surface,MISSING,Surface tag is recommended to assess accessibility
1120689429,way,surface,MISSING,Surface tag is recommended to assess accessibility
1120689430,way,surface,MISSING,Surface tag is recommended to assess accessibility
1120689431,way,surface,MISSING,Surface tag is recommended to assess accessibility
1120689432,way,surface,MISSING,Surface tag is recommended to assess accessibility
1120689433,way,surface,MISSING,Surface tag is recommended to assess accessibility
1120689434,way,surface,MISSING,Surface tag is recommended to assess accessibility
1120689435,way,surface,MISSING,Surface tag is recommended to assess accessibility
1120689437,way,surface,MISSING,Surface tag is recommended to assess accessibility
1120689439,way,surface,MISSING,Surface tag is recommended to assess accessibility
1120689440,way,surface,MISSING,Surface tag is recommended to assess accessibility
1120689441,way,surface,MISSING,Surface tag is recommended to assess accessibility
1120689442,way,surface,MISSING,Surface tag is recommended to assess accessibility
1120689443,way,surface,MISSING,Surface tag is recommended to assess accessibility
1120689444,way,surface,MISSING,Surface tag is recommended to assess accessibility
1120689445,way,surface,MISSING,Surface tag is recommended to assess accessibility
1120689446,way,surface,MISSING,Surface tag is recommended to assess accessibility
1120689447,way,surface,MISSING,Surface tag is recommended to assess accessibility
1120689448,way,surface,MISSING,Surface tag is recommended to assess accessibility
1120689449,way,surface,MISSING,Surface tag is recommended to assess accessibility
1120689450,way,surface,MISSING,Surface tag is recommended to assess accessibility
1120689451,way,surface,MISSING,Surface tag is recommended to assess accessibility
1120689452,way,surface,MISSING,Surface tag is recommended to assess accessibility
1120689453,way,surface,MISSING,Surface tag is recommended to assess accessibility
1120689454,way,surface,MISSING,Surface tag is recommended to assess accessibility
1120689455,way,surface,MISSING,Surface tag is recommended to assess accessibility
1120689456,way,surface,MISSING,Surface tag is recommended to assess accessibility
1120689457,way,surface,MISSING,Surface tag is recommended to assess accessibility
1120689458,way,surface,MISSING,Surface tag is recommended to assess accessibility
1120689459,way,surface,MISSING,Surface tag is recommended to assess accessibility
1120689460,way,surface,MISSING,Surface tag is recommended to assess accessibility
1120689461,way,surface,MISSING,Surface tag is recommended to assess accessibility
1120689462,way,surface,MISSING,Surface tag is recommended to assess accessibility
1120689463,way,surface,MISSING,Surface tag is recommended to assess accessibility
1120689464,way,surface,MISSING,Surface tag is recommended to assess accessibility
1120689465,way,surface,MISSING,Surface tag is recommended to assess accessibility
1120689466,way,surface,MISSING,Surface tag is recommended to assess accessibility
1120689467,way,surface,MISSING,Surface tag is recommended to assess accessibility
1120689468,way,surface,MISSING,Surface tag is recommended to assess accessibility
1120689469,way,surface,MISSING,Surface tag is recommended to assess accessibility
1120689470,way,surface,MISSING,Surface tag is recommended to assess accessibility
1120689471,way,surface,MISSING,Surface tag is recommended to assess accessibility
1120689473,way,surface,MISSING,Surface tag is recommended to assess accessibility
1120689476,way,surface,MISSING,Surface tag is recommended to assess accessibility
1120689477,way,surface,MISSING,Surface tag is recommended to assess accessibility
1120689478,way,surface,MISSING,Surface tag is recommended to assess accessibility
1120689483,way,surface,MISSING,Surface tag is recommended to assess accessibility
1120689484,way,surface,MISSING,Surface tag is recommended to assess accessibility
1120689485,way,surface,MISSING,Surface tag is recommended to assess accessibility
1120689486,way,surface,MISSING,Surface tag is recommended to assess accessibility
1120689487,way,surface,MISSING,Surface tag is recommended to assess accessibility
1120689488,way,surface,MISSING,Surface tag is recommended to assess accessibility
1120689489,way,surface,MISSING,Surface tag is recommended to assess accessibility
1120689490,way,surface,MISSING,Surface tag is recommended to assess accessibility
1120689491,way,surface,MISSING,Surface tag is recommended to assess accessibility
1120689492,way,surface,MISSING,Surface tag is recommended to assess accessibility
1120689493,way,surface,MISSING,Surface tag is recommended to assess accessibility
1120689494,way,surface,MISSING,Surface tag is recommended to assess accessibility
1120689495,way,surface,MISSING,Surface tag is recommended to assess accessibility
1120689496,way,surface,MISSING,Surface tag is recommended to assess accessibility
1120689497,way,surface,MISSING,Surface tag is recommended to assess accessibility
1120689498,way,surface,MISSING,Surface tag is recommended to assess accessibility
1120689499,way,surface,MISSING,Surface tag is recommended to assess accessibility
1120689500,way,surface,MISSING,Surface tag is recommended to assess accessibility
1120689501,way,surface,MISSING,Surface tag is recommended to assess accessibility
1120689510,way,surface,MISSING,Surface tag is recommended to assess accessibility
1120689511,way,surface,MISSING,Surface tag is recommended to assess accessibility
1120689512,way,surface,MISSING,Surface tag is recommended to assess accessibility
1120689513,way,surface,MISSING,Surface tag is recommended to assess accessibility
1120689514,way,surface,MISSING,Surface tag is recommended to assess accessibility
1120689515,way,surface,MISSING,Surface tag is recommended to assess accessibility
1120689516,way,surface,MISSING,Surface tag is recommended to assess accessibility
1120689517,way,surface,MISSING,Surface tag is recommended to assess accessibility
1120689518,way,surface,MISSING,Surface tag is recommended to assess accessibility
1120689519,way,surface,MISSING,Surface tag is recommended to assess accessibility
1120689520,way,surface,MISSING,Surface tag is recommended to assess accessibility
1120689521,way,surface,MISSING,Surface tag is recommended to assess accessibility
1120689522,way,surface,MISSING,Surface tag is recommended to assess accessibility
1120689523,way,surface,MISSING,Surface tag is recommended to assess accessibility
1120689525,way,surface,MISSING,Surface tag is recommended to assess accessibility
1120689526,way,surface,MISSING,Surface tag is recommended to assess accessibility
1120689527,way,surface,MISSING,Surface tag is recommended to assess accessibility
1120689528,way,surface,MISSING,Surface tag is recommended to assess accessibility
1120689529,way,surface,MISSING,Surface tag is recommended to assess accessibility
1120689530,way,surface,MISSING,Surface tag is recommended to assess accessibility
1120689531,way,surface,MISSING,Surface tag is recommended to assess accessibility
1120689532,way,surface,MISSING,Surface tag is recommended to assess accessibility
1120689533,way,surface,MISSING,Surface tag is recommended to assess accessibility
1120689534,way,surface,MISSING,Surface tag is recommended to assess accessibility
1120689535,way,surface,MISSING,Surface tag is recommended to assess accessibility
1120689536,way,surface,MISSING,Surface tag is recommended to assess accessibility
1120689537,way,surface,MISSING,Surface tag is recommended to assess accessibility
1120689538,way,surface,MISSING,Surface tag is recommended to assess accessibility
1120689539,way,surface,MISSING,Surface tag is recommended to assess accessibility
1120689540,way,surface,MISSING,Surface tag is recommended to assess accessibility
1120689541,way,surface,MISSING,Surface tag is recommended to assess accessibility
1120689542,way,surface,MISSING,Surface tag is recommended to assess accessibility
1120689543,way,surface,MISSING,Surface tag is recommended to assess accessibility
1120689544,way,surface,MISSING,Surface tag is recommended to assess accessibility
1120689545,way,surface,MISSING,Surface tag is recommended to assess accessibility
1120689546,way,surface,MISSING,Surface tag is recommended to assess accessibility
1120689547,way,surface,MISSING,Surface tag is recommended to assess accessibility
1120689548,way,surface,MISSING,Surface tag is recommended to assess accessibility
1120689549,way,surface,MISSING,Surface tag is recommended to assess accessibility
1120689550,way,surface,MISSING,Surface tag is recommended to assess accessibility
1120689551,way,surface,MISSING,Surface tag is recommended to assess accessibility
1120689552,way,surface,MISSING,Surface tag is recommended to assess accessibility
1120689553,way,surface,MISSING,Surface tag is recommended to assess accessibility
1120689554,way,surface,MISSING,Surface tag is recommended to assess accessibility
1120689555,way,surface,MISSING,Surface tag is recommended to assess accessibility
1120689556,way,surface,MISSING,Surface tag is recommended to assess accessibility
1120689557,way,surface,MISSING,Surface tag is recommended to assess accessibility
1120689558,way,surface,MISSING,Surface tag is recommended to assess accessibility
1120689559,way,surface,MISSING,Surface tag is recommended to assess accessibility
1120689560,way,surface,MISSING,Surface tag is recommended to assess accessibility
1120689561,way,surface,MISSING,Surface tag is recommended to assess accessibility
1120689562,way,surface,MISSING,Surface tag is recommended to assess accessibility
1120689563,way,surface,MISSING,Surface tag is recommended to assess accessibility
1120689564,way,surface,MISSING,Surface tag is recommended to assess accessibility
1120689565,way,surface,MISSING,Surface tag is recommended to assess accessibility
1120689566,way,surface,MISSING,Surface tag is recommended to assess accessibility
1120689567,way,surface,MISSING,Surface tag is recommended to assess accessibility
1120689568,way,surface,MISSING,Surface tag is recommended to assess accessibility
1120689569,way,surface,MISSING,Surface tag is recommended to assess accessibility
1120689570,way,surface,MISSING,Surface tag is recommended to assess accessibility
1120689571,way,surface,MISSING,Surface tag is recommended to assess accessibility
1120689572,way,surface,MISSING,Surface tag is recommended to assess accessibility
1120689573,way,surface,MISSING,Surface tag is recommended to assess accessibility
1120689574,way,surface,MISSING,Surface tag is recommended to assess accessibility
1120689575,way,surface,MISSING,Surface tag is recommended to assess accessibility
1120689576,way,surface,MISSING,Surface tag is recommended to assess accessibility
1120689577,way,surface,MISSING,Surface tag is recommended to assess accessibility
1120689578,way,surface,MISSING,Surface tag is recommended to assess accessibility
1120689579,way,surface,MISSING,Surface tag is recommended to assess accessibility
1120689580,way,surface,MISSING,Surface tag is recommended to assess accessibility
1120689581,way,surface,MISSING,Surface tag is recommended to assess accessibility
1120689582,way,surface,MISSING,Surface tag is recommended to assess accessibility
1120689583,way,surface,MISSING,Surface tag is recommended to assess accessibility
1120689584,way,surface,MISSING,Surface tag is recommended to assess accessibility
1120689585,way,surface,MISSING,Surface tag is recommended to assess accessibility
1120689586,way,surface,MISSING,Surface tag is recommended to assess accessibility
1120689587,way,surface,MISSING,Surface tag is recommended to assess accessibility
1120689588,way,surface,MISSING,Surface tag is recommended to assess accessibility
1120689589,way,surface,MISSING,Surface tag is recommended to assess accessibility
1120689590,way,surface,MISSING,Surface tag is recommended to assess accessibility
1120689591,way,surface,MISSING,Surface tag is recommended to assess accessibility
1120689592,way,surface,MISSING,Surface tag is recommended to assess accessibility
1120689593,way,surface,MISSING,Surface tag is recommended to assess accessibility
1120689594,way,surface,MISSING,Surface tag is recommended to assess accessibility
1120689595,way,surface,MISSING,Surface tag is recommended to assess accessibility
1120689596,way,surface,MISSING,Surface tag is recommended to assess accessibility
1120689597,way,surface,MISSING,Surface tag is recommended to assess accessibility
1120689598,way,surface,MISSING,Surface tag is recommended to assess accessibility
1120689599,way,surface,MISSING,Surface tag is recommended to assess accessibility
1120689600,way,surface,MISSING,Surface tag is recommended to assess accessibility
1120689601,way,surface,MISSING,Surface tag is recommended to assess accessibility
1120689602,way,surface,MISSING,Surface tag is recommended to assess accessibility
1120689603,way,surface,MISSING,Surface tag is recommended to assess accessibility
1120689604,way,surface,MISSING,Surface tag is recommended to assess accessibility
1120689605,way,surface,MISSING,Surface tag is recommended to assess accessibility
1120689606,way,surface,MISSING,Surface tag is recommended to assess accessibility
1120689607,way,surface,MISSING,Surface tag is recommended to assess accessibility
1120689608,way,surface,MISSING,Surface tag is recommended to assess accessibility
1120689609,way,surface,MISSING,Surface tag is recommended to assess accessibility
1120689610,way,surface,MISSING,Surface tag is recommended to assess accessibility
1120689611,way,surface,MISSING,Surface tag is recommended to assess accessibility
1120689612,way,surface,MISSING,Surface tag is recommended to assess accessibility
1120689613,way,surface,MISSING,Surface tag is recommended to assess accessibility
1120689614,way,surface,MISSING,Surface tag is recommended to assess accessibility
1120689615,way,surface,MISSING,Surface tag is recommended to assess accessibility
1120689616,way,surface,MISSING,Surface tag is recommended to assess accessibility
1120689617,way,surface,MISSING,Surface tag is recommended to assess accessibility
1120689618,way,surface,MISSING,Surface tag is recommended to assess accessibility
1120689619,way,surface,MISSING,Surface tag is recommended to assess accessibility
1120689620,way,surface,MISSING,Surface tag is recommended to assess accessibility
1120689621,way,surface,MISSING,Surface tag is recommended to assess accessibility
1120689622,way,surface,MISSING,Surface tag is recommended to assess accessibility
1120689623,way,surface,MISSING,Surface tag is recommended to assess accessibility
1120689624,way,surface,MISSING,Surface tag is recommended to assess accessibility
1120689625,way,surface,MISSING,Surface tag is recommended to assess accessibility
1120689626,way,surface,MISSING,Surface tag is recommended to assess accessibility
1120689627,way,surface,MISSING,Surface tag is recommended to assess accessibility
1120689628,way,surface,MISSING,Surface tag is recommended to assess accessibility
1120689629,way,surface,MISSING,Surface tag is recommended to assess accessibility
1120689630,way,surface,MISSING,Surface tag is recommended to assess accessibility
1120689631,way,surface,MISSING,Surface tag is recommended to assess accessibility
1120689632,way,surface,MISSING,Surface tag is recommended to assess accessibility
1120689633,way,surface,MISSING,Surface tag is recommended to assess accessibility
1120689634,way,surface,MISSING,Surface tag is recommended to assess accessibility
1120689635,way,surface,MISSING,Surface tag is recommended to assess accessibility
1120689636,way,surface,MISSING,Surface tag is recommended to assess accessibility
1120689637,way,surface,MISSING,Surface tag is recommended to assess accessibility
1120689638,way,surface,MISSING,Surface tag is recommended to assess accessibility
1120689639,way,surface,MISSING,Surface tag is recommended to assess accessibility
1120689640,way,surface,MISSING,Surface tag is recommended to assess accessibility
1120689641,way,surface,MISSING,Surface tag is recommended to assess accessibility
1120689642,way,surface,MISSING,Surface tag is recommended to assess accessibility
1120689643,way,surface,MISSING,Surface tag is recommended to assess accessibility
1120689644,way,surface,MISSING,Surface tag is recommended to assess accessibility
1120689645,way,surface,MISSING,Surface tag is recommended to assess accessibility
1120689646,way,surface,MISSING,Surface tag is recommended to assess accessibility
1120689647,way,surface,MISSING,Surface tag is recommended to assess accessibility
1120689648,way,surface,MISSING,Surface tag is recommended to assess accessibility
1120689649,way,surface,MISSING,Surface tag is recommended to assess accessibility
1120689650,way,surface,MISSING,Surface tag is recommended to assess accessibility
1120689651,way,surface,MISSING,Surface tag is recommended to assess accessibility
1120689652,way,surface,MISSING,Surface tag is recommended to assess accessibility
1120689653,way,surface,MISSING,Surface tag is recommended to assess accessibility
1120689654,way,surface,MISSING,Surface tag is recommended to assess accessibility
1120689655,way,surface,MISSING,Surface tag is recommended to assess accessibility
1120689656,way,surface,MISSING,Surface tag is recommended to assess accessibility
1120689657,way,surface,MISSING,Surface tag is recommended to assess accessibility
1120689658,way,surface,MISSING,Surface tag is recommended to assess accessibility
1120689659,way,surface,MISSING,Surface tag is recommended to assess accessibility
1120689660,way,surface,MISSING,Surface tag is recommended to assess accessibility
1120689661,way,surface,MISSING,Surface tag is recommended to assess accessibility
1120689662,way,surface,MISSING,Surface tag is recommended to assess accessibility
1120689663,way,surface,MISSING,Surface tag is recommended to assess accessibility
1120689664,way,surface,MISSING,Surface tag is recommended to assess accessibility
1120689665,way,surface,MISSING,Surface tag is recommended to assess accessibility
1120689666,way,surface,MISSING,Surface tag is recommended to assess accessibility
1120689667,way,surface,MISSING,Surface tag is recommended to assess accessibility
1120689668,way,surface,MISSING,Surface tag is recommended to assess accessibility
1120689669,way,surface,MISSING,Surface tag is recommended to assess accessibility
1120689670,way,surface,MISSING,Surface tag is recommended to assess accessibility
1120689671,way,surface,MISSING,Surface tag is recommended to assess accessibility
1120689672,way,surface,MISSING,Surface tag is recommended to assess accessibility
1120689673,way,surface,MISSING,Surface tag is recommended to assess accessibility
1120689674,way,surface,MISSING,Surface tag is recommended to assess accessibility
1120689675,way,surface,MISSING,Surface tag is recommended to assess accessibility
1120689676,way,surface,MISSING,Surface tag is recommended to assess accessibility
1120689677,way,surface,MISSING,Surface tag is recommended to assess accessibility
1120689678,way,surface,MISSING,Surface tag is recommended to assess accessibility
1120689679,way,surface,MISSING,Surface tag is recommended to assess accessibility
1120689680,way,surface,MISSING,Surface tag is recommended to assess accessibility
1120689681,way,surface,MISSING,Surface tag is recommended to assess accessibility
1120689682,way,surface,MISSING,Surface tag is recommended to assess accessibility
1120689683,way,surface,MISSING,Surface tag is recommended to assess accessibility
1120689684,way,surface,MISSING,Surface tag is recommended to assess accessibility
1120689685,way,surface,MISSING,Surface tag is recommended to assess accessibility
1120689686,way,surface,MISSING,Surface tag is recommended to assess accessibility
1120689687,way,surface,MISSING,Surface tag is recommended to assess accessibility
1120689688,way,surface,MISSING,Surface tag is recommended to assess accessibility
1120689689,way,surface,MISSING,Surface tag is recommended to assess accessibility
1120689690,way,surface,MISSING,Surface tag is recommended to assess accessibility
1120689691,way,surface,MISSING,Surface tag is recommended to assess accessibility
1120689695,way,surface,MISSING,Surface tag is recommended to assess accessibility
1120689696,way,surface,MISSING,Surface tag is recommended to assess accessibility
1120689697,way,surface,MISSING,Surface tag is recommended to assess accessibility
1120689698,way,surface,MISSING,Surface tag is recommended to assess accessibility
1120689699,way,surface,MISSING,Surface tag is recommended to assess accessibility
1120689700,way,surface,MISSING,Surface tag is recommended to assess accessibility
1120689701,way,surface,MISSING,Surface tag is recommended to assess accessibility
1120689702,way,surface,MISSING,Surface tag is recommended to assess accessibility
1120689703,way,surface,MISSING,Surface tag is recommended to assess accessibility
1120689704,way,surface,MISSING,Surface tag is recommended to assess accessibility
1120689705,way,surface,MISSING,Surface tag is recommended to assess accessibility
1120689706,way,surface,MISSING,Surface tag is recommended to assess accessibility
1120689707,way,surface,MISSING,Surface tag is recommended to assess accessibility
1120689708,way,surface,MISSING,Surface tag is recommended to assess accessibility
1120689709,way,surface,MISSING,Surface tag is recommended to assess accessibility
1120689710,way,surface,MISSING,Surface tag is recommended to assess accessibility
1120689711,way,surface,MISSING,Surface tag is recommended to assess accessibility
1120689712,way,surface,MISSING,Surface tag is recommended to assess accessibility
1120689713,way,surface,MISSING,Surface tag is recommended to assess accessibility
1120689714,way,surface,MISSING,Surface tag is recommended to assess accessibility
1120689715,way,surface,MISSING,Surface tag is recommended to assess accessibility
1120689716,way,surface,MISSING,Surface tag is recommended to assess accessibility
1120689717,way,surface,MISSING,Surface tag is recommended to assess accessibility
1120689718,way,surface,MISSING,Surface tag is recommended to assess accessibility
1120689719,way,surface,MISSING,Surface tag is recommended to assess accessibility
1120689720,way,surface,MISSING,Surface tag is recommended to assess accessibility
1120689721,way,surface,MISSING,Surface tag is recommended to assess accessibility
1120689722,way,surface,MISSING,Surface tag is recommended to assess accessibility
1120689723,way,surface,MISSING,Surface tag is recommended to assess accessibility
1120689724,way,surface,MISSING,Surface tag is recommended to assess accessibility
1120689725,way,surface,MISSING,Surface tag is recommended to assess accessibility
1120689726,way,surface,MISSING,Surface tag is recommended to assess accessibility
1120689727,way,surface,MISSING,Surface tag is recommended to assess accessibility
1120689728,way,surface,MISSING,Surface tag is recommended to assess accessibility
1120689729,way,surface,MISSING,Surface tag is recommended to assess accessibility
1120689730,way,surface,MISSING,Surface tag is recommended to assess accessibility
1120689731,way,surface,MISSING,Surface tag is recommended to assess accessibility
1120689732,way,surface,MISSING,Surface tag is recommended to assess accessibility
1120689733,way,surface,MISSING,Surface tag is recommended to assess accessibility
1120689734,way,surface,MISSING,Surface tag is recommended to assess accessibility
1120689735,way,surface,MISSING,Surface tag is recommended to assess accessibility
1120689736,way,surface,MISSING,Surface tag is recommended to assess accessibility
1120689737,way,surface,MISSING,Surface tag is recommended to assess accessibility
1120689738,way,surface,MISSING,Surface tag is recommended to assess accessibility
1120689739,way,surface,MISSING,Surface tag is recommended to assess accessibility
1120689740,way,surface,MISSING,Surface tag is recommended to assess accessibility
1120689741,way,surface,MISSING,Surface tag is recommended to assess accessibility
1120689742,way,surface,MISSING,Surface tag is recommended to assess accessibility
1120689743,way,surface,MISSING,Surface tag is recommended to assess accessibility
1120689744,way,surface,MISSING,Surface tag is recommended to assess accessibility
1120689745,way,surface,MISSING,Surface tag is recommended to assess accessibility
1120689746,way,surface,MISSING,Surface tag is recommended to assess accessibility
1120689747,way,surface,MISSING,Surface tag is recommended to assess accessibility
1120689748,way,surface,MISSING,Surface tag is recommended to assess accessibility
1120689749,way,surface,MISSING,Surface tag is recommended to assess accessibility
1120689750,way,surface,MISSING,Surface tag is recommended to assess accessibility
1120689751,way,surface,MISSING,Surface tag is recommended to assess accessibility
1120689752,way,surface,MISSING,Surface tag is recommended to assess accessibility
1120689753,way,surface,MISSING,Surface tag is recommended to assess accessibility
1120689754,way,surface,MISSING,Surface tag is recommended to assess accessibility
1120689755,way,surface,MISSING,Surface tag is recommended to assess accessibility
1120689756,way,surface,MISSING,Surface tag is recommended to assess accessibility
1120689757,way,surface,MISSING,Surface tag is recommended to assess accessibility
1120689758,way,surface,MISSING,Surface tag is recommended to assess accessibility
1120689759,way,surface,MISSING,Surface tag is recommended to assess accessibility
1120689760,way,surface,MISSING,Surface tag is recommended to assess accessibility
1120689761,way,surface,MISSING,Surface tag is recommended to assess accessibility
1120689762,way,surface,MISSING,Surface tag is recommended to assess accessibility
1120689763,way,surface,MISSING,Surface tag is recommended to assess accessibility
1120689764,way,surface,MISSING,Surface tag is recommended to assess accessibility
1120689765,way,surface,MISSING,Surface tag is recommended to assess accessibility
1120689766,way,surface,MISSING,Surface tag is recommended to assess accessibility
1120689767,way,surface,MISSING,Surface tag is recommended to assess accessibility
1120689768,way,surface,MISSING,Surface tag is recommended to assess accessibility
1120689769,way,surface,MISSING,Surface tag is recommended to assess accessibility
1120689770,way,surface,MISSING,Surface tag is recommended to assess accessibility
1120689772,way,surface,MISSING,Surface tag is recommended to assess accessibility
1120689774,way,surface,MISSING,Surface tag is recommended to assess accessibility
1120689775,way,surface,MISSING,Surface tag is recommended to assess accessibility
1120689776,way,surface,MISSING,Surface tag is recommended to assess accessibility
1120689777,way,surface,MISSING,Surface tag is recommended to assess accessibility
1120689778,way,surface,MISSING,Surface tag is recommended to assess accessibility
1120689779,way,surface,MISSING,Surface tag is recommended to assess accessibility
1120689780,way,surface,MISSING,Surface tag is recommended to assess accessibility
1120689781,way,surface,MISSING,Surface tag is recommended to assess accessibility
1120689782,way,surface,MISSING,Surface tag is recommended to assess accessibility
1120689783,way,surface,MISSING,Surface tag is recommended to assess accessibility
1120689784,way,surface,MISSING,Surface tag is recommended to assess accessibility
1120689785,way,surface,MISSING,Surface tag is recommended to assess accessibility
1120689786,way,surface,MISSING,Surface tag is recommended to assess accessibility
1120689787,way,surface,MISSING,Surface tag is recommended to assess accessibility
1120689788,way,surface,MISSING,Surface tag is recommended to assess accessibility
1120689789,way,surface,MISSING,Surface tag is recommended to assess accessibility
1120689790,way,surface,MISSING,Surface tag is recommended to assess accessibility
1120689791,way,surface,MISSING,Surface tag is recommended to assess accessibility
1120689792,way,surface,MISSING,Surface tag is recommended to assess accessibility
1120689794,way,surface,MISSING,Surface tag is recommended to assess accessibility
1120689795,way,surface,MISSING,Surface tag is recommended to assess accessibility
1120689797,way,surface,MISSING,Surface tag is recommended to assess accessibility
1120689798,way,surface,MISSING,Surface tag is recommended to assess accessibility
1120689799,way,surface,MISSING,Surface tag is recommended to assess accessibility
1120689800,way,surface,MISSING,Surface tag is recommended to assess accessibility
1120689801,way,surface,MISSING,Surface tag is recommended to assess accessibility
1120689802,way,surface,MISSING,Surface tag is recommended to assess accessibility
1120689803,way,surface,MISSING,Surface tag is recommended to assess accessibility
1120689804,way,surface,MISSING,Surface tag is recommended to assess accessibility
1120689805,way,surface,MISSING,Surface tag is recommended to assess accessibility
1120689806,way,surface,MISSING,Surface tag is recommended to assess accessibility
1120689811,way,surface,MISSING,Surface tag is recommended to assess accessibility
1120689812,way,surface,MISSING,Surface tag is recommended to assess accessibility
1120689813,way,surface,MISSING,Surface tag is recommended to assess accessibility
1120689814,way,surface,MISSING,Surface tag is recommended to assess accessibility
1120689815,way,surface,MISSING,Surface tag is recommended to assess accessibility
1120689819,way,surface,MISSING,Surface tag is recommended to assess accessibility
1120689820,way,surface,MISSING,Surface tag is recommended to assess accessibility
1120689821,way,surface,MISSING,Surface tag is recommended to assess accessibility
1120689822,way,surface,MISSING,Surface tag is recommended to assess accessibility
1120689823,way,surface,MISSING,Surface tag is recommended to assess accessibility
1120689825,way,surface,MISSING,Surface tag is recommended to assess accessibility
1120689827,way,surface,MISSING,Surface tag is recommended to assess accessibility
1120689830,way,surface,MISSING,Surface tag is recommended to assess accessibility
1120689833,way,surface,MISSING,Surface tag is recommended to assess accessibility
1120689834,way,surface,MISSING,Surface tag is recommended to assess accessibility
1120689835,way,surface,MISSING,Surface tag is recommended to assess accessibility
1120689836,way,surface,MISSING,Surface tag is recommended to assess accessibility
1120689837,way,surface,MISSING,Surface tag is recommended to assess accessibility
1120689838,way,surface,MISSING,Surface tag is recommended to assess accessibility
1120689839,way,surface,MISSING,Surface tag is recommended to assess accessibility
1120689840,way,surface,MISSING,Surface tag is recommended to assess accessibility
1120689841,way,surface,MISSING,Surface tag is recommended to assess accessibility
1120689842,way,surface,MISSING,Surface tag is recommended to assess accessibility
1120689843,way,surface,MISSING,Surface tag is recommended to assess accessibility
1120689844,way,surface,MISSING,Surface tag is recommended to assess accessibility
1120689845,way,surface,MISSING,Surface tag is recommended to assess accessibility
1120689846,way,surface,MISSING,Surface tag is recommended to assess accessibility
1120689847,way,surface,MISSING,Surface tag is recommended to assess accessibility
1120689848,way,surface,MISSING,Surface tag is recommended to assess accessibility
1120689849,way,surface,MISSING,Surface tag is recommended to assess accessibility
1120689850,way,surface,MISSING,Surface tag is recommended to assess accessibility
1120689851,way,surface,MISSING,Surface tag is recommended to assess accessibility
1120689852,way,surface,MISSING,Surface tag is recommended to assess accessibility
1120689853,way,surface,MISSING,Surface tag is recommended to assess accessibility
1120689854,way,surface,MISSING,Surface tag is recommended to assess accessibility
1120689855,way,surface,MISSING,Surface tag is recommended to assess accessibility
1120689856,way,surface,MISSING,Surface tag is recommended to assess accessibility
1120689857,way,surface,MISSING,Surface tag is recommended to assess accessibility
1120689858,way,surface,MISSING,Surface tag is recommended to assess accessibility
1120689859,way,surface,MISSING,Surface tag is recommended to assess accessibility
1120689860,way,surface,MISSING,Surface tag is recommended to assess accessibility
1120689861,way,surface,MISSING,Surface tag is recommended to assess accessibility
1120689862,way,surface,MISSING,Surface tag is recommended to assess accessibility
1120689863,way,surface,MISSING,Surface tag is recommended to assess accessibility
1120689864,way,surface,MISSING,Surface tag is recommended to assess accessibility
1120689865,way,surface,MISSING,Surface tag is recommended to assess accessibility
1120689866,way,surface,MISSING,Surface tag is recommended to assess accessibility
1120689867,way,surface,MISSING,Surface tag is recommended to assess accessibility
1120689868,way,surface,MISSING,Surface tag is recommended to assess accessibility
1120689869,way,surface,MISSING,Surface tag is recommended to assess accessibility
1120689870,way,surface,MISSING,Surface tag is recommended to assess accessibility
1120689871,way,surface,MISSING,Surface tag is recommended to assess accessibility
1120689872,way,surface,MISSING,Surface tag is recommended to assess accessibility
1120689873,way,surface,MISSING,Surface tag is recommended to assess accessibility
1120689874,way,surface,MISSING,Surface tag is recommended to assess accessibility
1120689875,way,surface,MISSING,Surface tag is recommended to assess accessibility
1120689876,way,surface,MISSING,Surface tag is recommended to assess accessibility
1120689877,way,surface,MISSING,Surface tag is recommended to assess accessibility
1120689878,way,surface,MISSING,Surface tag is recommended to assess accessibility
1120689879,way,surface,MISSING,Surface tag is recommended to assess accessibility
1120689880,way,surface,MISSING,Surface tag is recommended to assess accessibility
1120689881,way,surface,MISSING,Surface tag is recommended to assess accessibility
1120689882,way,surface,MISSING,Surface tag is recommended to assess accessibility
1120689883,way,surface,MISSING,Surface tag is recommended to assess accessibility
1120689884,way,surface,MISSING,Surface tag is recommended to assess accessibility
1120689885,way,surface,MISSING,Surface tag is recommended to assess accessibility
1120689886,way,surface,MISSING,Surface tag is recommended to assess accessibility
1120689887,way,surface,MISSING,Surface tag is recommended to assess accessibility
1120689888,way,surface,MISSING,Surface tag is recommended to assess accessibility
1120689889,way,surface,MISSING,Surface tag is recommended to assess accessibility
1120689890,way,surface,MISSING,Surface tag is recommended to assess accessibility
1120689891,way,surface,MISSING,Surface tag is recommended to assess accessibility
1120689893,way,surface,MISSING,Surface tag is recommended to assess accessibility
1120689894,way,surface,MISSING,Surface tag is recommended to assess accessibility
1120689895,way,surface,MISSING,Surface tag is recommended to assess accessibility
1120689896,way,surface,MISSING,Surface tag is recommended to assess accessibility
1120689897,way,surface,MISSING,Surface tag is recommended to assess accessibility
1120689898,way,surface,MISSING,Surface tag is recommended to assess accessibility
1120689899,way,surface,MISSING,Surface tag is recommended to assess accessibility
1120689900,way,surface,MISSING,Surface tag is recommended to assess accessibility
1120689901,way,surface,MISSING,Surface tag is recommended to assess accessibility
1120689902,way,surface,MISSING,Surface tag is recommended to assess accessibility
1120689903,way,surface,MISSING,Surface tag is recommended to assess accessibility
1120689904,way,surface,MISSING,Surface tag is recommended to assess accessibility
1120689905,way,surface,MISSING,Surface tag is recommended to assess accessibility
1120689906,way,surface,MISSING,Surface tag is recommended to assess accessibility
1120689907,way,surface,MISSING,Surface tag is recommended to assess accessibility
1120689908,way,surface,MISSING,Surface tag is recommended to assess accessibility
1120689909,way,surface,MISSING,Surface tag is recommended to assess accessibility
1120689910,way,surface,MISSING,Surface tag is recommended to assess accessibility
1120689911,way,surface,MISSING,Surface tag is recommended to assess accessibility
1120689912,way,surface,MISSING,Surface tag is recommended to assess accessibility
1120689913,way,surface,MISSING,Surface tag is recommended to assess accessibility
1120689914,way,surface,MISSING,Surface tag is recommended to assess accessibility
1120689915,way,surface,MISSING,Surface tag is recommended to assess accessibility
1120689916,way,surface,MISSING,Surface tag is recommended to assess accessibility
1120689917,way,surface,MISSING,Surface tag is recommended to assess accessibility
1120689918,way,surface,MISSING,Surface tag is recommended to assess accessibility
1120689919,way,surface,MISSING,Surface tag is recommended to assess accessibility
1120689920,way,surface,MISSING,Surface tag is recommended to assess accessibility
1120689921,way,surface,MISSING,Surface tag is recommended to assess accessibility
1120689922,way,surface,MISSING,Surface tag is recommended to assess accessibility
1120689930,way,surface,MISSING,Surface tag is recommended to assess accessibility
1120689931,way,surface,MISSING,Surface tag is recommended to assess accessibility
1120689932,way,surface,MISSING,Surface tag is recommended to assess accessibility
1120689933,way,surface,MISSING,Surface tag is recommended to assess accessibility
1120689934,way,surface,MISSING,Surface tag is recommended to assess accessibility
1120689935,way,surface,MISSING,Surface tag is recommended to assess accessibility
1120689936,way,surface,MISSING,Surface tag is recommended to assess accessibility
1120689937,way,surface,MISSING,Surface tag is recommended to assess accessibility
1120689938,way,surface,MISSING,Surface tag is recommended to assess accessibility
1120689939,way,surface,MISSING,Surface tag is recommended to assess accessibility
1120689940,way,surface,MISSING,Surface tag is recommended to assess accessibility
1120689941,way,surface,MISSING,Surface tag is recommended to assess accessibility
1120689942,way,surface,MISSING,Surface tag is recommended to assess accessibility
1120689943,way,surface,MISSING,Surface tag is recommended to assess accessibility
1120689944,way,surface,MISSING,Surface tag is recommended to assess accessibility
1120689945,way,surface,MISSING,Surface tag is recommended to assess accessibility
1120689946,way,surface,MISSING,Surface tag is recommended to assess accessibility
1120689947,way,surface,MISSING,Surface tag is recommended to assess accessibility
1120689948,way,surface,MISSING,Surface tag is recommended to assess accessibility
1120689949,way,surface,MISSING,Surface tag is recommended to assess accessibility
1120689950,way,surface,MISSING,Surface tag is recommended to assess accessibility
1120689951,way,surface,MISSING,Surface tag is recommended to assess accessibility
1120689952,way,surface,MISSING,Surface tag is recommended to assess accessibility
1120689953,way,surface,MISSING,Surface tag is recommended to assess accessibility
1120689954,way,surface,MISSING,Surface tag is recommended to assess accessibility
1120689955,way,surface,MISSING,Surface tag is recommended to assess accessibility
1120689956,way,surface,MISSING,Surface tag is recommended to assess accessibility
1120689957,way,surface,MISSING,Surface tag is recommended to assess accessibility
1120689958,way,surface,MISSING,Surface tag is recommended to assess accessibility
1120689959,way,surface,MISSING,Surface tag is recommended to assess accessibility
1120689960,way,surface,MISSING,Surface tag is recommended to assess accessibility
1120689961,way,surface,MISSING,Surface tag is recommended to assess accessibility
1120689962,way,surface,MISSING,Surface tag is recommended to assess accessibility
1120689963,way,surface,MISSING,Surface tag is recommended to assess accessibility
1120689964,way,surface,MISSING,Surface tag is recommended to assess accessibility
1120689965,way,surface,MISSING,Surface tag is recommended to assess accessibility
1120689966,way,surface,MISSING,Surface tag is recommended to assess accessibility
1120689967,way,surface,MISSING,Surface tag is recommended to assess accessibility
1120689968,way,surface,MISSING,Surface tag is recommended to assess accessibility
1120689969,way,surface,MISSING,Surface tag is recommended to assess accessibility
1120689970,way,surface,MISSING,Surface tag is recommended to assess accessibility
1120689971,way,surface,MISSING,Surface tag is recommended to assess accessibility
1120689972,way,surface,MISSING,Surface tag is recommended to assess accessibility
1120689973,way,surface,MISSING,Surface tag is recommended to assess accessibility
1120689974,way,surface,MISSING,Surface tag is recommended to assess accessibility
1120689975,way,surface,MISSING,Surface tag is recommended to assess accessibility
1120689976,way,surface,MISSING,Surface tag is recommended to assess accessibility
1120689977,way,surface,MISSING,Surface tag is recommended to assess accessibility
1120689978,way,surface,MISSING,Surface tag is recommended to assess accessibility
1120689979,way,surface,MISSING,Surface tag is recommended to assess accessibility
1120689980,way,surface,MISSING,Surface tag is recommended to assess accessibility
1120689985,way,surface,MISSING,Surface tag is recommended to assess accessibility
1120689986,way,surface,MISSING,Surface tag is recommended to assess accessibility
1120689987,way,surface,MISSING,Surface tag is recommended to assess accessibility
1120689988,way,surface,MISSING,Surface tag is recommended to assess accessibility
1120689989,way,surface,MISSING,Surface tag is recommended to assess accessibility
1120689990,way,surface,MISSING,Surface tag is recommended to assess accessibility
1120689991,way,surface,MISSING,Surface tag is recommended to assess accessibility
1120689992,way,surface,MISSING,Surface tag is recommended to assess accessibility
1120689994,way,surface,MISSING,Surface tag is recommended to assess accessibility
1120689995,way,surface,MISSING,Surface tag is recommended to assess accessibility
1120689996,way,surface,MISSING,Surface tag is recommended to assess accessibility
1120689997,way,surface,MISSING,Surface tag is recommended to assess accessibility
1120689998,way,surface,MISSING,Surface tag is recommended to assess accessibility
1120689999,way,surface,MISSING,Surface tag is recommended to assess accessibility
1120690000,way,surface,MISSING,Surface tag is recommended to assess accessibility
1120690001,way,surface,MISSING,Surface tag is recommended to assess accessibility
1120690002,way,surface,MISSING,Surface tag is recommended to assess accessibility
1120690003,way,surface,MISSING,Surface tag is recommended to assess accessibility
1120690004,way,surface,MISSING,Surface tag is recommended to assess accessibility
1120690005,way,surface,MISSING,Surface tag is recommended to assess accessibility
1120690006,way,surface,MISSING,Surface tag is recommended to assess accessibility
1120690007,way,surface,MISSING,Surface tag is recommended to assess accessibility
1120690020,way,surface,MISSING,Surface tag is recommended to assess accessibility
1120690021,way,surface,MISSING,Surface tag is recommended to assess accessibility
1120690024,way,surface,MISSING,Surface tag is recommended to assess accessibility
1120690025,way,surface,MISSING,Surface tag is recommended to assess accessibility
1120690026,way,surface,MISSING,Surface tag is recommended to assess accessibility
1120690027,way,surface,MISSING,Surface tag is recommended to assess accessibility
1120690028,way,surface,MISSING,Surface tag is recommended to assess accessibility
1120690029,way,surface,MISSING,Surface tag is recommended to assess accessibility
1120690030,way,surface,MISSING,Surface tag is recommended to assess accessibility
1120690031,way,surface,MISSING,Surface tag is recommended to assess accessibility
1120690032,way,surface,MISSING,Surface tag is recommended to assess accessibility
1120690033,way,surface,MISSING,Surface tag is recommended to assess accessibility
1120690034,way,surface,MISSING,Surface tag is recommended to assess accessibility
1120690035,way,surface,MISSING,Surface tag is recommended to assess accessibility
1120690036,way,surface,MISSING,Surface tag is recommended to assess accessibility
1120690042,way,surface,MISSING,Surface tag is recommended to assess accessibility
1120690043,way,surface,MISSING,Surface tag is recommended to assess accessibility
1120690044,way,surface,MISSING,Surface tag is recommended to assess accessibility
1120690045,way,surface,MISSING,Surface tag is recommended to assess accessibility
1120690046,way,surface,MISSING,Surface tag is recommended to assess accessibility
1120690047,way,surface,MISSING,Surface tag is recommended to assess accessibility
1120690048,way,surface,MISSING,Surface tag is recommended to assess accessibility
1120690049,way,surface,MISSING,Surface tag is recommended to assess accessibility
1120690050,way,surface,MISSING,Surface tag is recommended to assess accessibility
1120690051,way,surface,MISSING,Surface tag is recommended to assess accessibility
1120690052,way,surface,MISSING,Surface tag is recommended to assess accessibility
1120690053,way,surface,MISSING,Surface tag is recommended to assess accessibility
1120690054,way,surface,MISSING,Surface tag is recommended to assess accessibility
1120690055,way,surface,MISSING,Surface tag is recommended to assess accessibility
1120690056,way,surface,MISSING,Surface tag is recommended to assess accessibility
1120690057,way,surface,MISSING,Surface tag is recommended to assess accessibility
1120690058,way,surface,MISSING,Surface tag is recommended to assess accessibility
1120690059,way,surface,MISSING,Surface tag is recommended to assess accessibility
1120690060,way,surface,MISSING,Surface tag is recommended to assess accessibility
1120690061,way,surface,MISSING,Surface tag is recommended to assess accessibility
1120690062,way,surface,MISSING,Surface tag is recommended to assess accessibility
1120690063,way,surface,MISSING,Surface tag is recommended to assess accessibility
1120690064,way,surface,MISSING,Surface tag is recommended to assess accessibility
1120690065,way,surface,MISSING,Surface tag is recommended to assess accessibility
1120690066,way,surface,MISSING,Surface tag is recommended to assess accessibility
1120690067,way,surface,MISSING,Surface tag is recommended to assess accessibility
1120690068,way,surface,MISSING,Surface tag is recommended to assess accessibility
1120690069,way,surface,MISSING,Surface tag is recommended to assess accessibility
1120690070,way,surface,MISSING,Surface tag is recommended to assess accessibility
1120690071,way,surface,MISSING,Surface tag is recommended to assess accessibility
1120690072,way,surface,MISSING,Surface tag is recommended to assess accessibility
1120690073,way,surface,MISSING,Surface tag is recommended to assess accessibility
1120690074,way,surface,MISSING,Surface tag is recommended to assess accessibility
1120690075,way,surface,MISSING,Surface tag is recommended to assess accessibility
1120690076,way,surface,MISSING,Surface tag is recommended to assess accessibility
1120690077,way,surface,MISSING,Surface tag is recommended to assess accessibility
1120690078,way,surface,MISSING,Surface tag is recommended to assess accessibility
1120690079,way,surface,MISSING,Surface tag is recommended to assess accessibility
1120690081,way,surface,MISSING,Surface tag is recommended to assess accessibility
1120690085,way,surface,MISSING,Surface tag is recommended to assess accessibility
1120690086,way,surface,MISSING,Surface tag is recommended to assess accessibility
1120690087,way,surface,MISSING,Surface tag is recommended to assess accessibility
1120690090,way,surface,MISSING,Surface tag is recommended to assess accessibility
1120690094,way,surface,MISSING,Surface tag is recommended to assess accessibility
1120690095,way,surface,MISSING,Surface tag is recommended to assess accessibility
1120690098,way,surface,MISSING,Surface tag is recommended to assess accessibility
1120690099,way,surface,MISSING,Surface tag is recommended to assess accessibility
1120690100,way,surface,MISSING,Surface tag is recommended to assess accessibility
1120690102,way,surface,MISSING,Surface tag is recommended to assess accessibility
1120690103,way,surface,MISSING,Surface tag is recommended to assess accessibility
1120690104,way,surface,MISSING,Surface tag is recommended to assess accessibility
1120690105,way,surface,MISSING,Surface tag is recommended to assess accessibility
1120690106,way,surface,MISSING,Surface tag is recommended to assess accessibility
1120690107,way,surface,MISSING,Surface tag is recommended to assess accessibility
1120690108,way,surface,MISSING,Surface tag is recommended to assess accessibility
1120690109,way,surface,MISSING,Surface tag is recommended to assess accessibility
1120690110,way,surface,MISSING,Surface tag is recommended to assess accessibility
1120690111,way,surface,MISSING,Surface tag is recommended to assess accessibility
1120690112,way,surface,MISSING,Surface tag is recommended to assess accessibility
1120690113,way,surface,MISSING,Surface tag is recommended to assess accessibility
1120690114,way,surface,MISSING,Surface tag is recommended to assess accessibility
1120690115,way,surface,MISSING,Surface tag is recommended to assess accessibility
1120690116,way,surface,MISSING,Surface tag is recommended to assess accessibility
1120690117,way,surface,MISSING,Surface tag is recommended to assess accessibility
1120690118,way,surface,MISSING,Surface tag is recommended to assess accessibility
1120690119,way,surface,MISSING,Surface tag is recommended to assess accessibility
1120690120,way,surface,MISSING,Surface tag is recommended to assess accessibility
1120690121,way,surface,MISSING,Surface tag is recommended to assess accessibility
1120690122,way,surface,MISSING,Surface tag is recommended to assess accessibility
1120690123,way,surface,MISSING,Surface tag is recommended to assess accessibility
1120690124,way,surface,MISSING,Surface tag is recommended to assess accessibility
1120690125,way,surface,MISSING,Surface tag is recommended to assess accessibility
1120690126,way,surface,MISSING,Surface tag is recommended to assess accessibility
1120690127,way,surface,MISSING,Surface tag is recommended to assess accessibility
1120690128,way,surface,MISSING,Surface tag is recommended to assess accessibility
1120690129,way,surface,MISSING,Surface tag is recommended to assess accessibility
1120690130,way,surface,MISSING,Surface tag is recommended to assess accessibility
1120690131,way,surface,MISSING,Surface tag is recommended to assess accessibility
1120690132,way,surface,MISSING,Surface tag is recommended to assess accessibility
1120690133,way,surface,MISSING,Surface tag is recommended to assess accessibility
1120690134,way,surface,MISSING,Surface tag is recommended to assess accessibility
1120690135,way,surface,MISSING,Surface tag is recommended to assess accessibility
1120690136,way,surface,MISSING,Surface tag is recommended to assess accessibility
1120690137,way,surface,MISSING,Surface tag is recommended to assess accessibility
1120690138,way,surface,MISSING,Surface tag is recommended to assess accessibility
1120690139,way,surface,MISSING,Surface tag is recommended to assess accessibility
1120690140,way,surface,MISSING,Surface tag is recommended to assess accessibility
1120690141,way,surface,MISSING,Surface tag is recommended to assess accessibility
1120690142,way,surface,MISSING,Surface tag is recommended to assess accessibility
1120690143,way,surface,MISSING,Surface tag is recommended to assess accessibility
1120690144,way,surface,MISSING,Surface tag is recommended to assess accessibility
1120690145,way,surface,MISSING,Surface tag is recommended to assess accessibility
1120690148,way,surface,MISSING,Surface tag is recommended to assess accessibility
1120690149,way,surface,MISSING,Surface tag is recommended to assess accessibility
1120690150,way,surface,MISSING,Surface tag is recommended to assess accessibility
1120690151,way,surface,MISSING,Surface tag is recommended to assess accessibility
1120690152,way,surface,MISSING,Surface tag is recommended to assess accessibility
1120690153,way,surface,MISSING,Surface tag is recommended to assess accessibility
1120690154,way,surface,MISSING,Surface tag is recommended to assess accessibility
1120690155,way,surface,MISSING,Surface tag is recommended to assess accessibility
1120690156,way,surface,MISSING,Surface tag is recommended to assess accessibility
1120690157,way,surface,MISSING,Surface tag is recommended to assess accessibility
1120690158,way,surface,MISSING,Surface tag is recommended to assess accessibility
1120690159,way,surface,MISSING,Surface tag is recommended to assess accessibility
1120690160,way,surface,MISSING,Surface tag is recommended to assess accessibility
1120690161,way,surface,MISSING,Surface tag is recommended to assess accessibility
1120690162,way,surface,MISSING,Surface tag is recommended to assess accessibility
1120690163,way,surface,MISSING,Surface tag is recommended to assess accessibility
1120690164,way,surface,MISSING,Surface tag is recommended to assess accessibility
1120690165,way,surface,MISSING,Surface tag is recommended to assess accessibility
1120690166,way,surface,MISSING,Surface tag is recommended to assess accessibility
1120690167,way,surface,MISSING,Surface tag is recommended to assess accessibility
1120690169,way,surface,MISSING,Surface tag is recommended to assess accessibility
1120690170,way,surface,MISSING,Surface tag is recommended to assess accessibility
1120690171,way,surface,MISSING,Surface tag is recommended to assess accessibility
1120690172,way,surface,MISSING,Surface tag is recommended to assess accessibility
1120690173,way,surface,MISSING,Surface tag is recommended to assess accessibility
1120690174,way,surface,MISSING,Surface tag is recommended to assess accessibility
1120690175,way,surface,MISSING,Surface tag is recommended to assess accessibility
1120690176,way,surface,MISSING,Surface tag is recommended to assess accessibility
1120690177,way,surface,MISSING,Surface tag is recommended to assess accessibility
1120690178,way,surface,MISSING,Surface tag is recommended to assess accessibility
1120690179,way,surface,MISSING,Surface tag is recommended to assess accessibility
1120690180,way,surface,MISSING,Surface tag is recommended to assess accessibility
1120690181,way,surface,MISSING,Surface tag is recommended to assess accessibility
1120690182,way,surface,MISSING,Surface tag is recommended to assess accessibility
1120690183,way,surface,MISSING,Surface tag is recommended to assess accessibility
1120690184,way,surface,MISSING,Surface tag is recommended to assess accessibility
1120690186,way,surface,MISSING,Surface tag is recommended to assess accessibility
1120690187,way,surface,MISSING,Surface tag is recommended to assess accessibility
1120690188,way,surface,MISSING,Surface tag is recommended to assess accessibility
1120690189,way,surface,MISSING,Surface tag is recommended to assess accessibility
1120690190,way,surface,MISSING,Surface tag is recommended to assess accessibility
1120690191,way,surface,MISSING,Surface tag is recommended to assess accessibility
1120690192,way,surface,MISSING,Surface tag is recommended to assess accessibility
1120690193,way,surface,MISSING,Surface tag is recommended to assess accessibility
1120690194,way,surface,MISSING,Surface tag is recommended to assess accessibility
1120690195,way,surface,MISSING,Surface tag is recommended to assess accessibility
1120690196,way,surface,MISSING,Surface tag is recommended to assess accessibility
1120690197,way,surface,MISSING,Surface tag is recommended to assess accessibility
1120690198,way,surface,MISSING,Surface tag is recommended to assess accessibility
1120690199,way,surface,MISSING,Surface tag is recommended to assess accessibility
1120690200,way,surface,MISSING,Surface tag is recommended to assess accessibility
1120690201,way,surface,MISSING,Surface tag is recommended to assess accessibility
1120690202,way,surface,MISSING,Surface tag is recommended to assess accessibility
1120690203,way,surface,MISSING,Surface tag is recommended to assess accessibility
1120690204,way,surface,MISSING,Surface tag is recommended to assess accessibility
1120690205,way,surface,MISSING,Surface tag is recommended to assess accessibility
1120690206,way,surface,MISSING,Surface tag is recommended to assess accessibility
1120690207,way,surface,MISSING,Surface tag is recommended to assess accessibility
1120690214,way,surface,MISSING,Surface tag is recommended to assess accessibility
1120690215,way,surface,MISSING,Surface tag is recommended to assess accessibility
1120690216,way,surface,MISSING,Surface tag is recommended to assess accessibility
1120690217,way,surface,MISSING,Surface tag is recommended to assess accessibility
1120690218,way,surface,MISSING,Surface tag is recommended to assess accessibility
1120690219,way,surface,MISSING,Surface tag is recommended to assess accessibility
1120690220,way,surface,MISSING,Surface tag is recommended to assess accessibility
1120690231,way,surface,MISSING,Surface tag is recommended to assess accessibility
1120690232,way,surface,MISSING,Surface tag is recommended to assess accessibility
1120690233,way,surface,MISSING,Surface tag is recommended to assess accessibility
1120690234,way,surface,MISSING,Surface tag is recommended to assess accessibility
1120690235,way,surface,MISSING,Surface tag is recommended to assess accessibility
1120690236,way,surface,MISSING,Surface tag is recommended to assess accessibility
1120690239,way,surface,MISSING,Surface tag is recommended to assess accessibility
1120690240,way,surface,MISSING,Surface tag is recommended to assess accessibility
1120690241,way,surface,MISSING,Surface tag is recommended to assess accessibility
1120690242,way,surface,MISSING,Surface tag is recommended to assess accessibility
1120690243,way,surface,MISSING,Surface tag is recommended to assess accessibility
1120690244,way,surface,MISSING,Surface tag is recommended to assess accessibility
1120690245,way,surface,MISSING,Surface tag is recommended to assess accessibility
1120690246,way,surface,MISSING,Surface tag is recommended to assess accessibility
1120690247,way,surface,MISSING,Surface tag is recommended to assess accessibility
1120690248,way,surface,MISSING,Surface tag is recommended to assess accessibility
1120690249,way,surface,MISSING,Surface tag is recommended to assess accessibility
1120690250,way,surface,MISSING,Surface tag is recommended to assess accessibility
1120690251,way,surface,MISSING,Surface tag is recommended to assess accessibility
1120690252,way,surface,MISSING,Surface tag is recommended to assess accessibility
1120690253,way,surface,MISSING,Surface tag is recommended to assess accessibility
1120690254,way,surface,MISSING,Surface tag is recommended to assess accessibility
1120690255,way,surface,MISSING,Surface tag is recommended to assess accessibility
1120690256,way,surface,MISSING,Surface tag is recommended to assess accessibility
1120690257,way,surface,MISSING,Surface tag is recommended to assess accessibility
1120690258,way,surface,MISSING,Surface tag is recommended to assess accessibility
1120690259,way,surface,MISSING,Surface tag is recommended to assess accessibility
1120690260,way,surface,MISSING,Surface tag is recommended to assess accessibility
1120690261,way,surface,MISSING,Surface tag is recommended to assess accessibility
1120690262,way,surface,MISSING,Surface tag is recommended to assess accessibility
1120690263,way,surface,MISSING,Surface tag is recommended to assess accessibility
1120690264,way,surface,MISSING,Surface tag is recommended to assess accessibility
1120690265,way,surface,MISSING,Surface tag is recommended to assess accessibility
1120690266,way,surface,MISSING,Surface tag is recommended to assess accessibility
1120690273,way,surface,MISSING,Surface tag is recommended to assess accessibility
1120690274,way,surface,MISSING,Surface tag is recommended to assess accessibility
1120690275,way,surface,MISSING,Surface tag is recommended to assess accessibility
1120690276,way,surface,MISSING,Surface tag is recommended to assess accessibility
1120690277,way,surface,MISSING,Surface tag is recommended to assess accessibility
1120690278,way,surface,MISSING,Surface tag is recommended to assess accessibility
1120690279,way,surface,MISSING,Surface tag is recommended to assess accessibility
1120690280,way,surface,MISSING,Surface tag is recommended to assess accessibility
1120690281,way,surface,MISSING,Surface tag is recommended to assess accessibility
1120690282,way,surface,MISSING,Surface tag is recommended to assess accessibility
1120690283,way,surface,MISSING,Surface tag is recommended to assess accessibility
1120690284,way,surface,MISSING,Surface tag is recommended to assess accessibility
1120690285,way,surface,MISSING,Surface tag is recommended to assess accessibility
1120690286,way,surface,MISSING,Surface tag is recommended to assess accessibility
1120690287,way,surface,MISSING,Surface tag is recommended to assess accessibility
1120690288,way,surface,MISSING,Surface tag is recommended to assess accessibility
1120690289,way,surface,MISSING,Surface tag is recommended to assess accessibility
1120690290,way,surface,MISSING,Surface tag is recommended to assess accessibility
1120690291,way,surface,MISSING,Surface tag is recommended to assess accessibility
1120690292,way,surface,MISSING,Surface tag is recommended to assess accessibility
1120690293,way,surface,MISSING,Surface tag is recommended to assess accessibility
1120690294,way,surface,MISSING,Surface tag is recommended to assess accessibility
1120690295,way,surface,MISSING,Surface tag is recommended to assess accessibility
1120690296,way,surface,MISSING,Surface tag is recommended to assess accessibility
1120690297,way,surface,MISSING,Surface tag is recommended to assess accessibility
1120690298,way,surface,MISSING,Surface tag is recommended to assess accessibility
1120690299,way,surface,MISSING,Surface tag is recommended to assess accessibility
1120690300,way,surface,MISSING,Surface tag is recommended to assess accessibility
1120690301,way,surface,MISSING,Surface tag is recommended to assess accessibility
1120690302,way,surface,MISSING,Surface tag is recommended to assess accessibility
1120690303,way,surface,MISSING,Surface tag is recommended to assess accessibility
1120690304,way,surface,MISSING,Surface tag is recommended to assess accessibility
1120690305,way,surface,MISSING,Surface tag is recommended to assess accessibility
1120690306,way,surface,MISSING,Surface tag is recommended to assess accessibility
1120690307,way,surface,MISSING,Surface tag is recommended to assess accessibility
1120690308,way,surface,MISSING,Surface tag is recommended to assess accessibility
1120690309,way,surface,MISSING,Surface tag is recommended to assess accessibility
1120690310,way,surface,MISSING,Surface tag is recommended to assess accessibility
1120690311,way,surface,MISSING,Surface tag is recommended to assess accessibility
1120690312,way,surface,MISSING,Surface tag is recommended to assess accessibility
1120690313,way,surface,MISSING,Surface tag is recommended to assess accessibility
1120690314,way,surface,MISSING,Surface tag is recommended to assess accessibility
1120690315,way,surface,MISSING,Surface tag is recommended to assess accessibility
1120690316,way,surface,MISSING,Surface tag is recommended to assess accessibility
1120690317,way,surface,MISSING,Surface tag is recommended to assess accessibility
1120690318,way,surface,MISSING,Surface tag is recommended to assess accessibility
1120690319,way,surface,MISSING,Surface tag is recommended to assess accessibility
1120690320,way,surface,MISSING,Surface tag is recommended to assess accessibility
1120690321,way,surface,MISSING,Surface tag is recommended to assess accessibility
1120690322,way,surface,MISSING,Surface tag is recommended to assess accessibility
1120690323,way,surface,MISSING,Surface tag is recommended to assess accessibility
1120690324,way,surface,MISSING,Surface tag is recommended to assess accessibility
1120690325,way,surface,MISSING,Surface tag is recommended to assess accessibility
1120690326,way,surface,MISSING,Surface tag is recommended to assess accessibility
1120690327,way,surface,MISSING,Surface tag is recommended to assess accessibility
1120690328,way,surface,MISSING,Surface tag is recommended to assess accessibility
1120690329,way,surface,MISSING,Surface tag is recommended to assess accessibility
1120690330,way,surface,MISSING,Surface tag is recommended to assess accessibility
1120690331,way,surface,MISSING,Surface tag is recommended to assess accessibility
1120690332,way,surface,MISSING,Surface tag is recommended to assess accessibility
1120690333,way,surface,MISSING,Surface tag is recommended to assess accessibility
1120690334,way,surface,MISSING,Surface tag is recommended to assess accessibility
1120690335,way,surface,MISSING,Surface tag is recommended to assess accessibility
1120690336,way,surface,MISSING,Surface tag is recommended to assess accessibility
1120690337,way,surface,MISSING,Surface tag is recommended to assess accessibility
1120690338,way,surface,MISSING,Surface tag is recommended to assess accessibility
1120690339,way,surface,MISSING,Surface tag is recommended to assess accessibility
1120690340,way,surface,MISSING,Surface tag is recommended to assess accessibility
1120690341,way,surface,MISSING,Surface tag is recommended to assess accessibility
1120690342,way,surface,MISSING,Surface tag is recommended to assess accessibility
1120690343,way,surface,MISSING,Surface tag is recommended to assess accessibility
1120690344,way,surface,MISSING,Surface tag is recommended to assess accessibility
1120690345,way,surface,MISSING,Surface tag is recommended to assess accessibility
1120690346,way,surface,MISSING,Surface tag is recommended to assess accessibility
1120690347,way,surface,MISSING,Surface tag is recommended to assess accessibility
1120690348,way,surface,MISSING,Surface tag is recommended to assess accessibility
1120690349,way,surface,MISSING,Surface tag is recommended to assess accessibility
1120690350,way,surface,MISSING,Surface tag is recommended to assess accessibility
1120690351,way,surface,MISSING,Surface tag is recommended to assess accessibility
1120690352,way,surface,MISSING,Surface tag is recommended to assess accessibility
1120690353,way,surface,MISSING,Surface tag is recommended to assess accessibility
1120690354,way,surface,MISSING,Surface tag is recommended to assess accessibility
1120690355,way,surface,MISSING,Surface tag is recommended to assess accessibility
1120690356,way,surface,MISSING,Surface tag is recommended to assess accessibility
1120690357,way,surface,MISSING,Surface tag is recommended to assess accessibility
1120690358,way,surface,MISSING,Surface tag is recommended to assess accessibility
1120690359,way,surface,MISSING,Surface tag is recommended to assess accessibility
1120690360,way,surface,MISSING,Surface tag is recommended to assess accessibility
1120690361,way,surface,MISSING,Surface tag is recommended to assess accessibility
1120690362,way,surface,MISSING,Surface tag is recommended to assess accessibility
1120690363,way,surface,MISSING,Surface tag is recommended to assess accessibility
1120690364,way,surface,MISSING,Surface tag is recommended to assess accessibility
1120690365,way,surface,MISSING,Surface tag is recommended to assess accessibility
1120690366,way,surface,MISSING,Surface tag is recommended to assess accessibility
1120690367,way,surface,MISSING,Surface tag is recommended to assess accessibility
1120690379,way,surface,MISSING,Surface tag is recommended to assess accessibility
1120690381,way,surface,MISSING,Surface tag is recommended to assess accessibility
1120690382,way,surface,MISSING,Surface tag is recommended to assess accessibility
1120690383,way,surface,MISSING,Surface tag is recommended to assess accessibility
1120690384,way,surface,MISSING,Surface tag is recommended to assess accessibility
1120690385,way,surface,MISSING,Surface tag is recommended to assess accessibility
1120690386,way,surface,MISSING,Surface tag is recommended to assess accessibility
1120690387,way,surface,MISSING,Surface tag is recommended to assess accessibility
1120690388,way,surface,MISSING,Surface tag is recommended to assess accessibility
1120690389,way,surface,MISSING,Surface tag is recommended to assess accessibility
1120690390,way,surface,MISSING,Surface tag is recommended to assess accessibility
1120690391,way,surface,MISSING,Surface tag is recommended to assess accessibility
1120690392,way,surface,MISSING,Surface tag is recommended to assess accessibility
1120690393,way,surface,MISSING,Surface tag is recommended to assess accessibility
1120690394,way,surface,MISSING,Surface tag is recommended to assess accessibility
1120690395,way,surface,MISSING,Surface tag is recommended to assess accessibility
1120690396,way,surface,MISSING,Surface tag is recommended to assess accessibility
1120690397,way,surface,MISSING,Surface tag is recommended to assess accessibility
1120690398,way,surface,MISSING,Surface tag is recommended to assess accessibility
1120690400,way,surface,MISSING,Surface tag is recommended to assess accessibility
1120690401,way,surface,MISSING,Surface tag is recommended to assess accessibility
1120690405,way,surface,MISSING,Surface tag is recommended to assess accessibility
1120690407,way,surface,MISSING,Surface tag is recommended to assess accessibility
1120690408,way,surface,MISSING,Surface tag is recommended to assess accessibility
1120690409,way,surface,MISSING,Surface tag is recommended to assess accessibility
1120690410,way,surface,MISSING,Surface tag is recommended to assess accessibility
1120690411,way,surface,MISSING,Surface tag is recommended to assess accessibility
1120690412,way,surface,MISSING,Surface tag is recommended to assess accessibility
1120690413,way,surface,MISSING,Surface tag is recommended to assess accessibility
1120690414,way,surface,MISSING,Surface tag is recommended to assess accessibility
1120690415,way,surface,MISSING,Surface tag is recommended to assess accessibility
1120690416,way,surface,MISSING,Surface tag is recommended to assess accessibility
1120690417,way,surface,MISSING,Surface tag is recommended to assess accessibility
1120690418,way,surface,MISSING,Surface tag is recommended to assess accessibility
1120690419,way,surface,MISSING,Surface tag is recommended to assess accessibility
1120690420,way,surface,MISSING,Surface tag is recommended to assess accessibility
1120690421,way,surface,MISSING,Surface tag is recommended to assess accessibility
1120690422,way,surface,MISSING,Surface tag is recommended to assess accessibility
1120690423,way,surface,MISSING,Surface tag is recommended to assess accessibility
1120690424,way,surface,MISSING,Surface tag is recommended to assess accessibility
1120690425,way,surface,MISSING,Surface tag is recommended to assess accessibility
1120690426,way,surface,MISSING,Surface tag is recommended to assess accessibility
1120690427,way,surface,MISSING,Surface tag is recommended to assess accessibility
1120690428,way,surface,MISSING,Surface tag is recommended to assess accessibility
1120690429,way,surface,MISSING,Surface tag is recommended to assess accessibility
1120690430,way,surface,MISSING,Surface tag is recommended to assess accessibility
1120690431,way,surface,MISSING,Surface tag is recommended to assess accessibility
1120690432,way,surface,MISSING,Surface tag is recommended to assess accessibility
1120690433,way,surface,MISSING,Surface tag is recommended to assess accessibility
1120690434,way,surface,MISSING,Surface tag is recommended to assess accessibility
1120690435,way,surface,MISSING,Surface tag is recommended to assess accessibility
1120690436,way,surface,MISSING,Surface tag is recommended to assess accessibility
1120690437,way,surface,MISSING,Surface tag is recommended to assess accessibility
1120690438,way,surface,MISSING,Surface tag is recommended to assess accessibility
1120690439,way,surface,MISSING,Surface tag is recommended to assess accessibility
1120690440,way,surface,MISSING,Surface tag is recommended to assess accessibility
1120690441,way,surface,MISSING,Surface tag is recommended to assess accessibility
1120690442,way,surface,MISSING,Surface tag is recommended to assess accessibility
1120690443,way,surface,MISSING,Surface tag is recommended to assess accessibility
1120690444,way,surface,MISSING,Surface tag is recommended to assess accessibility
1120690445,way,surface,MISSING,Surface tag is recommended to assess accessibility
1120690446,way,surface,MISSING,Surface tag is recommended to assess accessibility
1120690447,way,surface,MISSING,Surface tag is recommended to assess accessibility
1120690448,way,surface,MISSING,Surface tag is recommended to assess accessibility
1120690449,way,surface,MISSING,Surface tag is recommended to assess accessibility
1120690450,way,surface,MISSING,Surface tag is recommended to assess accessibility
1120690451,way,surface,MISSING,Surface tag is recommended to assess accessibility
1120690452,way,surface,MISSING,Surface tag is recommended to assess accessibility
1120690453,way,surface,MISSING,Surface tag is recommended to assess accessibility
1120690454,way,surface,MISSING,Surface tag is recommended to assess accessibility
1120690455,way,surface,MISSING,Surface tag is recommended to assess accessibility
1120690456,way,surface,MISSING,Surface tag is recommended to assess accessibility
1120690457,way,surface,MISSING,Surface tag is recommended to assess accessibility
1120690458,way,surface,MISSING,Surface tag is recommended to assess accessibility
1120690459,way,surface,MISSING,Surface tag is recommended to assess accessibility
1120690460,way,surface,MISSING,Surface tag is recommended to assess accessibility
1120690461,way,surface,MISSING,Surface tag is recommended to assess accessibility
1120690462,way,surface,MISSING,Surface tag is recommended to assess accessibility
1120690463,way,surface,MISSING,Surface tag is recommended to assess accessibility
1120690464,way,surface,MISSING,Surface tag is recommended to assess accessibility
1120690465,way,surface,MISSING,Surface tag is recommended to assess accessibility
1120690466,way,surface,MISSING,Surface tag is recommended to assess accessibility
1120690467,way,surface,MISSING,Surface tag is recommended to assess accessibility
1120690468,way,surface,MISSING,Surface tag is recommended to assess accessibility
1120690469,way,surface,MISSING,Surface tag is recommended to assess accessibility
1120690470,way,surface,MISSING,Surface tag is recommended to assess accessibility
1120690471,way,surface,MISSING,Surface tag is recommended to assess accessibility
1120690472,way,surface,MISSING,Surface tag is recommended to assess accessibility
1120690473,way,surface,MISSING,Surface tag is recommended to assess accessibility
1120690474,way,surface,MISSING,Surface tag is recommended to assess accessibility
1120690475,way,surface,MISSING,Surface tag is recommended to assess accessibility
1120690476,way,surface,MISSING,Surface tag is recommended to assess accessibility
1120690477,way,surface,MISSING,Surface tag is recommended to assess accessibility
1120690478,way,surface,MISSING,Surface tag is recommended to assess accessibility
1120690480,way,surface,MISSING,Surface tag is recommended to assess accessibility
1120690481,way,surface,MISSING,Surface tag is recommended to assess accessibility
1120690482,way,surface,MISSING,Surface tag is recommended to assess accessibility
1120690483,way,surface,MISSING,Surface tag is recommended to assess accessibility
1120690484,way,surface,MISSING,Surface tag is recommended to assess accessibility
1120690485,way,surface,MISSING,Surface tag is recommended to assess accessibility
1120690486,way,surface,MISSING,Surface tag is recommended to assess accessibility
1120690487,way,surface,MISSING,Surface tag is recommended to assess accessibility
1120690488,way,surface,MISSING,Surface tag is recommended to assess accessibility
1120690489,way,surface,MISSING,Surface tag is recommended to assess accessibility
1120690490,way,surface,MISSING,Surface tag is recommended to assess accessibility
1120690491,way,surface,MISSING,Surface tag is recommended to assess accessibility
1120690492,way,surface,MISSING,Surface tag is recommended to assess accessibility
1120690493,way,surface,MISSING,Surface tag is recommended to assess accessibility
1120690494,way,surface,MISSING,Surface tag is recommended to assess accessibility
1120690495,way,surface,MISSING,Surface tag is recommended to assess accessibility
1120690496,way,surface,MISSING,Surface tag is recommended to assess accessibility
1120690497,way,surface,MISSING,Surface tag is recommended to assess accessibility
1120690498,way,surface,MISSING,Surface tag is recommended to assess accessibility
1120690499,way,surface,MISSING,Surface tag is recommended to assess accessibility
1120690500,way,surface,MISSING,Surface tag is recommended to assess accessibility
1120690501,way,surface,MISSING,Surface tag is recommended to assess accessibility
1120690502,way,surface,MISSING,Surface tag is recommended to assess accessibility
1120690503,way,surface,MISSING,Surface tag is recommended to assess accessibility
1120690504,way,surface,MISSING,Surface tag is recommended to assess accessibility
1120690505,way,surface,MISSING,Surface tag is recommended to assess accessibility
1120690506,way,surface,MISSING,Surface tag is recommended to assess accessibility
1120690507,way,surface,MISSING,Surface tag is recommended to assess accessibility
1120690508,way,surface,MISSING,Surface tag is recommended to assess accessibility
1120690509,way,surface,MISSING,Surface tag is recommended to assess accessibility
1120690510,way,surface,MISSING,Surface tag is recommended to assess accessibility
1120690511,way,surface,MISSING,Surface tag is recommended to assess accessibility
1120690512,way,surface,MISSING,Surface tag is recommended to assess accessibility
1120690513,way,surface,MISSING,Surface tag is recommended to assess accessibility
1120690514,way,surface,MISSING,Surface tag is recommended to assess accessibility
1120690515,way,surface,MISSING,Surface tag is recommended to assess accessibility
1120690516,way,surface,MISSING,Surface tag is recommended to assess accessibility
1120690517,way,surface,MISSING,Surface tag is recommended to assess accessibility
1120690518,way,surface,MISSING,Surface tag is recommended to assess accessibility
1120690519,way,surface,MISSING,Surface tag is recommended to assess accessibility
1120690520,way,surface,MISSING,Surface tag is recommended to assess accessibility
1120690521,way,surface,MISSING,Surface tag is recommended to assess accessibility
1120690522,way,surface,MISSING,Surface tag is recommended to assess accessibility
1120690523,way,surface,MISSING,Surface tag is recommended to assess accessibility
1120690524,way,surface,MISSING,Surface tag is recommended to assess accessibility
1120690525,way,surface,MISSING,Surface tag is recommended to assess accessibility
1120690526,way,surface,MISSING,Surface tag is recommended to assess accessibility
1120690527,way,surface,MISSING,Surface tag is recommended to assess accessibility
1120690528,way,surface,MISSING,Surface tag is recommended to assess accessibility
1120690529,way,surface,MISSING,Surface tag is recommended to assess accessibility
1120690530,way,surface,MISSING,Surface tag is recommended to assess accessibility
1120690531,way,surface,MISSING,Surface tag is recommended to assess accessibility
1120690532,way,surface,MISSING,Surface tag is recommended to assess accessibility
1120690533,way,surface,MISSING,Surface tag is recommended to assess accessibility
1120690534,way,surface,MISSING,Surface tag is recommended to assess accessibility
1120690535,way,surface,MISSING,Surface tag is recommended to assess accessibility
1120690536,way,surface,MISSING,Surface tag is recommended to assess accessibility
1120690537,way,surface,MISSING,Surface tag is recommended to assess accessibility
1120690538,way,surface,MISSING,Surface tag is recommended to assess accessibility
1120690539,way,surface,MISSING,Surface tag is recommended to assess accessibility
1120690540,way,surface,MISSING,Surface tag is recommended to assess accessibility
1120690541,way,surface,MISSING,Surface tag is recommended to assess accessibility
1120690542,way,surface,MISSING,Surface tag is recommended to assess accessibility
1120690543,way,surface,MISSING,Surface tag is recommended to assess accessibility
1120690544,way,surface,MISSING,Surface tag is recommended to assess accessibility
1120690545,way,surface,MISSING,Surface tag is recommended to assess accessibility
1120690546,way,surface,MISSING,Surface tag is recommended to assess accessibility
1120690547,way,surface,MISSING,Surface tag is recommended to assess accessibility
1120690548,way,surface,MISSING,Surface tag is recommended to assess accessibility
1120690549,way,surface,MISSING,Surface tag is recommended to assess accessibility
1120690550,way,surface,MISSING,Surface tag is recommended to assess accessibility
1120690551,way,surface,MISSING,Surface tag is recommended to assess accessibility
1120690552,way,surface,MISSING,Surface tag is recommended to assess accessibility
1120690553,way,surface,MISSING,Surface tag is recommended to assess accessibility
1120690554,way,surface,MISSING,Surface tag is recommended to assess accessibility
1120690555,way,surface,MISSING,Surface tag is recommended to assess accessibility
1120690556,way,surface,MISSING,Surface tag is recommended to assess accessibility
1120690557,way,surface,MISSING,Surface tag is recommended to assess accessibility
1120690558,way,surface,MISSING,Surface tag is recommended to assess accessibility
1120690561,way,surface,MISSING,Surface tag is recommended to assess accessibility
1120690566,way,surface,MISSING,Surface tag is recommended to assess accessibility
1120690572,way,surface,MISSING,Surface tag is recommended to assess accessibility
1120690573,way,surface,MISSING,Surface tag is recommended to assess accessibility
1120690583,way,surface,MISSING,Surface tag is recommended to assess accessibility
1120690584,way,surface,MISSING,Surface tag is recommended to assess accessibility
1120690585,way,surface,MISSING,Surface tag is recommended to assess accessibility
1120690586,way,surface,MISSING,Surface tag is recommended to assess accessibility
1120690587,way,surface,MISSING,Surface tag is recommended to assess accessibility
1120690588,way,surface,MISSING,Surface tag is recommended to assess accessibility
1120690589,way,surface,MISSING,Surface tag is recommended to assess accessibility
1120690590,way,surface,MISSING,Surface tag is recommended to assess accessibility
1120690591,way,surface,MISSING,Surface tag is recommended to assess accessibility
1120690592,way,surface,MISSING,Surface tag is recommended to assess accessibility
1120690593,way,surface,MISSING,Surface tag is recommended to assess accessibility
1120690594,way,surface,MISSING,Surface tag is recommended to assess accessibility
1120690595,way,surface,MISSING,Surface tag is recommended to assess accessibility
1120690596,way,surface,MISSING,Surface tag is recommended to assess accessibility
1120690597,way,surface,MISSING,Surface tag is recommended to assess accessibility
1120690598,way,surface,MISSING,Surface tag is recommended to assess accessibility
1120690599,way,surface,MISSING,Surface tag is recommended to assess accessibility
1120690600,way,surface,MISSING,Surface tag is recommended to assess accessibility
1120690601,way,surface,MISSING,Surface tag is recommended to assess accessibility
1120690602,way,surface,MISSING,Surface tag is recommended to assess accessibility
1120690603,way,surface,MISSING,Surface tag is recommended to assess accessibility
1120690604,way,surface,MISSING,Surface tag is recommended to assess accessibility
1120690605,way,surface,MISSING,Surface tag is recommended to assess accessibility
1120690606,way,surface,MISSING,Surface tag is recommended to assess accessibility
1120690610,way,surface,MISSING,Surface tag is recommended to assess accessibility
1120690614,way,surface,MISSING,Surface tag is recommended to assess accessibility
1120690618,way,surface,MISSING,Surface tag is recommended to assess accessibility
1120690619,way,surface,MISSING,Surface tag is recommended to assess accessibility
1120690620,way,surface,MISSING,Surface tag is recommended to assess accessibility
1120690633,way,surface,MISSING,Surface tag is recommended to assess accessibility
1120690634,way,surface,MISSING,Surface tag is recommended to assess accessibility
1120690635,way,surface,MISSING,Surface tag is recommended to assess accessibility
1120690636,way,surface,MISSING,Surface tag is recommended to assess accessibility
1120690637,way,surface,MISSING,Surface tag is recommended to assess accessibility
1120690638,way,surface,MISSING,Surface tag is recommended to assess accessibility
1120690639,way,surface,MISSING,Surface tag is recommended to assess accessibility
1120690640,way,surface,MISSING,Surface tag is recommended to assess accessibility
1120690641,way,surface,MISSING,Surface tag is recommended to assess accessibility
1120690642,way,surface,MISSING,Surface tag is recommended to assess accessibility
1120690643,way,surface,MISSING,Surface tag is recommended to assess accessibility
1120690644,way,surface,MISSING,Surface tag is recommended to assess accessibility
1120690645,way,surface,MISSING,Surface tag is recommended to assess accessibility
1120690646,way,surface,MISSING,Surface tag is recommended to assess accessibility
1120690647,way,surface,MISSING,Surface tag is recommended to assess accessibility
1120690648,way,surface,MISSING,Surface tag is recommended to assess accessibility
1120690649,way,surface,MISSING,Surface tag is recommended to assess accessibility
1120690650,way,surface,MISSING,Surface tag is recommended to assess accessibility
1120690651,way,surface,MISSING,Surface tag is recommended to assess accessibility
1120690652,way,surface,MISSING,Surface tag is recommended to assess accessibility
1120690653,way,surface,MISSING,Surface tag is recommended to assess accessibility
1120690654,way,surface,MISSING,Surface tag is recommended to assess accessibility
1120690655,way,surface,MISSING,Surface tag is recommended to assess accessibility
1120690656,way,surface,MISSING,Surface tag is recommended to assess accessibility
1120690657,way,surface,MISSING,Surface tag is recommended to assess accessibility
1120690658,way,surface,MISSING,Surface tag is recommended to assess accessibility
1120690659,way,surface,MISSING,Surface tag is recommended to assess accessibility
1120690660,way,surface,MISSING,Surface tag is recommended to assess accessibility
1120690661,way,surface,MISSING,Surface tag is recommended to assess accessibility
1120690662,way,surface,MISSING,Surface tag is recommended to assess accessibility
1120690663,way,surface,MISSING,Surface tag is recommended to assess accessibility
1120690664,way,surface,MISSING,Surface tag is recommended to assess accessibility
1120690665,way,surface,MISSING,Surface tag is recommended to assess accessibility
1120690666,way,surface,MISSING,Surface tag is recommended to assess accessibility
1120690667,way,surface,MISSING,Surface tag is recommended to assess accessibility
1120690668,way,surface,MISSING,Surface tag is recommended to assess accessibility
1120690669,way,surface,MISSING,Surface tag is recommended to assess accessibility
1120690670,way,surface,MISSING,Surface tag is recommended to assess accessibility
1120690671,way,surface,MISSING,Surface tag is recommended to assess accessibility
1120690672,way,surface,MISSING,Surface tag is recommended to assess accessibility
1120690673,way,surface,MISSING,Surface tag is recommended to assess accessibility
1120690674,way,surface,MISSING,Surface tag is recommended to assess accessibility
1120690675,way,surface,MISSING,Surface tag is recommended to assess accessibility
1120690676,way,surface,MISSING,Surface tag is recommended to assess accessibility
1120690677,way,surface,MISSING,Surface tag is recommended to assess accessibility
1120690678,way,surface,MISSING,Surface tag is recommended to assess accessibility
1120690679,way,surface,MISSING,Surface tag is recommended to assess accessibility
1120690680,way,surface,MISSING,Surface tag is recommended to assess accessibility
1120690681,way,surface,MISSING,Surface tag is recommended to assess accessibility
1120690682,way,surface,MISSING,Surface tag is recommended to assess accessibility
1120690683,way,surface,MISSING,Surface tag is recommended to assess accessibility
1120690684,way,surface,MISSING,Surface tag is recommended to assess accessibility
1120690685,way,surface,MISSING,Surface tag is recommended to assess accessibility
1120690686,way,surface,MISSING,Surface tag is recommended to assess accessibility
1120690688,way,surface,MISSING,Surface tag is recommended to assess accessibility
1120690689,way,surface,MISSING,Surface tag is recommended to assess accessibility
1120690690,way,surface,MISSING,Surface tag is recommended to assess accessibility
1120690691,way,surface,MISSING,Surface tag is recommended to assess accessibility
1120690692,way,surface,MISSING,Surface tag is recommended to assess accessibility
1120690693,way,surface,MISSING,Surface tag is recommended to assess accessibility
1120690694,way,surface,MISSING,Surface tag is recommended to assess accessibility
1120690695,way,surface,MISSING,Surface tag is recommended to assess accessibility
1120690696,way,surface,MISSING,Surface tag is recommended to assess accessibility
1120690697,way,surface,MISSING,Surface tag is recommended to assess accessibility
1120690698,way,surface,MISSING,Surface tag is recommended to assess accessibility
1120690699,way,surface,MISSING,Surface tag is recommended to assess accessibility
1120690700,way,surface,MISSING,Surface tag is recommended to assess accessibility
1120690701,way,surface,MISSING,Surface tag is recommended to assess accessibility
1120690702,way,surface,MISSING,Surface tag is recommended to assess accessibility
1120690703,way,surface,MISSING,Surface tag is recommended to assess accessibility
1120690704,way,surface,MISSING,Surface tag is recommended to assess accessibility
1120690705,way,surface,MISSING,Surface tag is recommended to assess accessibility
1120690706,way,surface,MISSING,Surface tag is recommended to assess accessibility
1120690707,way,surface,MISSING,Surface tag is recommended to assess accessibility
1120690708,way,surface,MISSING,Surface tag is recommended to assess accessibility
1120690709,way,surface,MISSING,Surface tag is recommended to assess accessibility
1120690710,way,surface,MISSING,Surface tag is recommended to assess accessibility
1120690711,way,surface,MISSING,Surface tag is recommended to assess accessibility
1120690712,way,surface,MISSING,Surface tag is recommended to assess accessibility
1120690713,way,surface,MISSING,Surface tag is recommended to assess accessibility
1120690714,way,surface,MISSING,Surface tag is recommended to assess accessibility
1120690715,way,surface,MISSING,Surface tag is recommended to assess accessibility
1120690716,way,surface,MISSING,Surface tag is recommended to assess accessibility
1120690717,way,surface,MISSING,Surface tag is recommended to assess accessibility
1120690718,way,surface,MISSING,Surface tag is recommended to assess accessibility
1120690719,way,surface,MISSING,Surface tag is recommended to assess accessibility
1120690724,way,surface,MISSING,Surface tag is recommended to assess accessibility
1120690725,way,surface,MISSING,Surface tag is recommended to assess accessibility
1120690726,way,surface,MISSING,Surface tag is recommended to assess accessibility
1120690727,way,surface,MISSING,Surface tag is recommended to assess accessibility
1120690728,way,surface,MISSING,Surface tag is recommended to assess accessibility
1120690729,way,surface,MISSING,Surface tag is recommended to assess accessibility
1120690730,way,surface,MISSING,Surface tag is recommended to assess accessibility
1120690731,way,surface,MISSING,Surface tag is recommended to assess accessibility
1120690732,way,surface,MISSING,Surface tag is recommended to assess accessibility
1120690733,way,surface,MISSING,Surface tag is recommended to assess accessibility
1120690734,way,surface,MISSING,Surface tag is recommended to assess accessibility
1120690738,way,surface,MISSING,Surface tag is recommended to assess accessibility
1120690739,way,surface,MISSING,Surface tag is recommended to assess accessibility
1120690740,way,surface,MISSING,Surface tag is recommended to assess accessibility
1120690741,way,surface,MISSING,Surface tag is recommended to assess accessibility
1120690742,way,surface,MISSING,Surface tag is recommended to assess accessibility
1120690743,way,surface,MISSING,Surface tag is recommended to assess accessibility
1120690744,way,surface,MISSING,Surface tag is recommended to assess accessibility
1120690745,way,surface,MISSING,Surface tag is recommended to assess accessibility
1120690746,way,surface,MISSING,Surface tag is recommended to assess accessibility
1120690747,way,surface,MISSING,Surface tag is recommended to assess accessibility
1120690748,way,surface,MISSING,Surface tag is recommended to assess accessibility
1120690749,way,surface,MISSING,Surface tag is recommended to assess accessibility
1120690750,way,surface,MISSING,Surface tag is recommended to assess accessibility
1120690751,way,surface,MISSING,Surface tag is recommended to assess accessibility
1120690752,way,surface,MISSING,Surface tag is recommended to assess accessibility
1120690753,way,surface,MISSING,Surface tag is recommended to assess accessibility
1120690754,way,surface,MISSING,Surface tag is recommended to assess accessibility
1120690755,way,surface,MISSING,Surface tag is recommended to assess accessibility
1120690757,way,surface,MISSING,Surface tag is recommended to assess accessibility
1120690758,way,surface,MISSING,Surface tag is recommended to assess accessibility
1120690759,way,surface,MISSING,Surface tag is recommended to assess accessibility
1120690760,way,surface,MISSING,Surface tag is recommended to assess accessibility
1120690761,way,surface,MISSING,Surface tag is recommended to assess accessibility
1120690762,way,surface,MISSING,Surface tag is recommended to assess accessibility
1120690763,way,surface,MISSING,Surface tag is recommended to assess accessibility
1120690764,way,surface,MISSING,Surface tag is recommended to assess accessibility
1120690765,way,surface,MISSING,Surface tag is recommended to assess accessibility
1120690766,way,surface,MISSING,Surface tag is recommended to assess accessibility
1120690767,way,surface,MISSING,Surface tag is recommended to assess accessibility
1120690768,way,surface,MISSING,Surface tag is recommended to assess accessibility
1120690769,way,surface,MISSING,Surface tag is recommended to assess accessibility
1120690770,way,surface,MISSING,Surface tag is recommended to assess accessibility
1120690771,way,surface,MISSING,Surface tag is recommended to assess accessibility
1120690772,way,surface,MISSING,Surface tag is recommended to assess accessibility
1120690773,way,surface,MISSING,Surface tag is recommended to assess accessibility
1120690774,way,surface,MISSING,Surface tag is recommended to assess accessibility
1120690775,way,surface,MISSING,Surface tag is recommended to assess accessibility
1120690776,way,surface,MISSING,Surface tag is recommended to assess accessibility
1120690777,way,surface,MISSING,Surface tag is recommended to assess accessibility
1120690778,way,surface,MISSING,Surface tag is recommended to assess accessibility
1120690779,way,surface,MISSING,Surface tag is recommended to assess accessibility
1120690780,way,surface,MISSING,Surface tag is recommended to assess accessibility
1120690781,way,surface,MISSING,Surface tag is recommended to assess accessibility
1120690782,way,surface,MISSING,Surface tag is recommended to assess accessibility
1120690783,way,surface,MISSING,Surface tag is recommended to assess accessibility
1120690784,way,surface,MISSING,Surface tag is recommended to assess accessibility
1120690785,way,surface,MISSING,Surface tag is recommended to assess accessibility
1120690786,way,surface,MISSING,Surface tag is recommended to assess accessibility
1120690787,way,surface,MISSING,Surface tag is recommended to assess accessibility
1120690790,way,surface,MISSING,Surface tag is recommended to assess accessibility
1120690791,way,surface,MISSING,Surface tag is recommended to assess accessibility
1120690792,way,surface,MISSING,Surface tag is recommended to assess accessibility
1120690793,way,surface,MISSING,Surface tag is recommended to assess accessibility
1120690794,way,surface,MISSING,Surface tag is recommended to assess accessibility
1120690795,way,surface,MISSING,Surface tag is recommended to assess accessibility
1120690796,way,surface,MISSING,Surface tag is recommended to assess accessibility
1120690797,way,surface,MISSING,Surface tag is recommended to assess accessibility
1120690798,way,surface,MISSING,Surface tag is recommended to assess accessibility
1120690799,way,surface,MISSING,Surface tag is recommended to assess accessibility
1120690800,way,surface,MISSING,Surface tag is recommended to assess accessibility
1120690801,way,surface,MISSING,Surface tag is recommended to assess accessibility
1120690802,way,surface,MISSING,Surface tag is recommended to assess accessibility
1120690803,way,surface,MISSING,Surface tag is recommended to assess accessibility
1120690804,way,surface,MISSING,Surface tag is recommended to assess accessibility
1120690805,way,surface,MISSING,Surface tag is recommended to assess accessibility
1120690806,way,surface,MISSING,Surface tag is recommended to assess accessibility
1120690807,way,surface,MISSING,Surface tag is recommended to assess accessibility
1120690808,way,surface,MISSING,Surface tag is recommended to assess accessibility
1120690809,way,surface,MISSING,Surface tag is recommended to assess accessibility
1120690810,way,surface,MISSING,Surface tag is recommended to assess accessibility
1120690811,way,surface,MISSING,Surface tag is recommended to assess accessibility
1120690813,way,surface,MISSING,Surface tag is recommended to assess accessibility
1120690814,way,surface,MISSING,Surface tag is recommended to assess accessibility
1120690815,way,surface,MISSING,Surface tag is recommended to assess accessibility
1120690816,way,surface,MISSING,Surface tag is recommended to assess accessibility
1120690817,way,surface,MISSING,Surface tag is recommended to assess accessibility
1120690818,way,surface,MISSING,Surface tag is recommended to assess accessibility
1120690819,way,surface,MISSING,Surface tag is recommended to assess accessibility
1120690820,way,surface,MISSING,Surface tag is recommended to assess accessibility
1120690821,way,surface,MISSING,Surface tag is recommended to assess accessibility
1120690822,way,surface,MISSING,Surface tag is recommended to assess accessibility
1120690825,way,surface,MISSING,Surface tag is recommended to assess accessibility
1120690826,way,surface,MISSING,Surface tag is recommended to assess accessibility
1120690827,way,surface,MISSING,Surface tag is recommended to assess accessibility
1120690828,way,surface,MISSING,Surface tag is recommended to assess accessibility
1120690829,way,surface,MISSING,Surface tag is recommended to assess accessibility
1120690830,way,surface,MISSING,Surface tag is recommended to assess accessibility
1120690831,way,surface,MISSING,Surface tag is recommended to assess accessibility
1120690832,way,surface,MISSING,Surface tag is recommended to assess accessibility
1120690833,way,surface,MISSING,Surface tag is recommended to assess accessibility
1120690834,way,surface,MISSING,Surface tag is recommended to assess accessibility
1120690835,way,surface,MISSING,Surface tag is recommended to assess accessibility
1120690836,way,surface,MISSING,Surface tag is recommended to assess accessibility
1120690837,way,surface,MISSING,Surface tag is recommended to assess accessibility
1120690838,way,surface,MISSING,Surface tag is recommended to assess accessibility
1120690841,way,surface,MISSING,Surface tag is recommended to assess accessibility
1120690842,way,surface,MISSING,Surface tag is recommended to assess accessibility
1120690843,way,surface,MISSING,Surface tag is recommended to assess accessibility
1120690844,way,surface,MISSING,Surface tag is recommended to assess accessibility
1120690845,way,surface,MISSING,Surface tag is recommended to assess accessibility
1120690846,way,surface,MISSING,Surface tag is recommended to assess accessibility
1120690847,way,surface,MISSING,Surface tag is recommended to assess accessibility
1120690848,way,surface,MISSING,Surface tag is recommended to assess accessibility
1120690849,way,surface,MISSING,Surface tag is recommended to assess accessibility
1120690850,way,surface,MISSING,Surface tag is recommended to assess accessibility
1120690851,way,surface,MISSING,Surface tag is recommended to assess accessibility
1120690852,way,surface,MISSING,Surface tag is recommended to assess accessibility
1120690853,way,surface,MISSING,Surface tag is recommended to assess accessibility
1120690854,way,surface,MISSING,Surface tag is recommended to assess accessibility
1120690855,way,surface,MISSING,Surface tag is recommended to assess accessibility
1120690856,way,surface,MISSING,Surface tag is recommended to assess accessibility
1120690857,way,surface,MISSING,Surface tag is recommended to assess accessibility
1120690858,way,surface,MISSING,Surface tag is recommended to assess accessibility
1120690859,way,surface,MISSING,Surface tag is recommended to assess accessibility
1120690860,way,surface,MISSING,Surface tag is recommended to assess accessibility
1120690861,way,surface,MISSING,Surface tag is recommended to assess accessibility
1120690863,way,surface,MISSING,Surface tag is recommended to assess accessibility
1120690864,way,surface,MISSING,Surface tag is recommended to assess accessibility
1120690865,way,surface,MISSING,Surface tag is recommended to assess accessibility
1120690868,way,surface,MISSING,Surface tag is recommended to assess accessibility
1120690869,way,surface,MISSING,Surface tag is recommended to assess accessibility
1120690870,way,surface,MISSING,Surface tag is recommended to assess accessibility
1120690871,way,surface,MISSING,Surface tag is recommended to assess accessibility
1120690872,way,surface,MISSING,Surface tag is recommended to assess accessibility
1120690873,way,surface,MISSING,Surface tag is recommended to assess accessibility
1120690874,way,surface,MISSING,Surface tag is recommended to assess accessibility
1120690875,way,surface,MISSING,Surface tag is recommended to assess accessibility
1120690876,way,surface,MISSING,Surface tag is recommended to assess accessibility
1120690877,way,surface,MISSING,Surface tag is recommended to assess accessibility
1120690878,way,surface,MISSING,Surface tag is recommended to assess accessibility
1120690879,way,surface,MISSING,Surface tag is recommended to assess accessibility
1120690880,way,surface,MISSING,Surface tag is recommended to assess accessibility
1120690881,way,surface,MISSING,Surface tag is recommended to assess accessibility
1120690882,way,surface,MISSING,Surface tag is recommended to assess accessibility
1120690887,way,surface,MISSING,Surface tag is recommended to assess accessibility
1120690888,way,surface,MISSING,Surface tag is recommended to assess accessibility
1120690889,way,surface,MISSING,Surface tag is recommended to assess accessibility
1120690890,way,surface,MISSING,Surface tag is recommended to assess accessibility
1120690891,way,surface,MISSING,Surface tag is recommended to assess accessibility
1120690892,way,surface,MISSING,Surface tag is recommended to assess accessibility
1120690893,way,surface,MISSING,Surface tag is recommended to assess accessibility
1120690894,way,surface,MISSING,Surface tag is recommended to assess accessibility
1120690895,way,surface,MISSING,Surface tag is recommended to assess accessibility
1120690896,way,surface,MISSING,Surface tag is recommended to assess accessibility
1120690897,way,surface,MISSING,Surface tag is recommended to assess accessibility
1120690898,way,surface,MISSING,Surface tag is recommended to assess accessibility
1120690899,way,surface,MISSING,Surface tag is recommended to assess accessibility
1120690900,way,surface,MISSING,Surface tag is recommended to assess accessibility
1120690901,way,surface,MISSING,Surface tag is recommended to assess accessibility
1120690902,way,surface,MISSING,Surface tag is recommended to assess accessibility
1120690903,way,surface,MISSING,Surface tag is recommended to assess accessibility
1120690904,way,surface,MISSING,Surface tag is recommended to assess accessibility
1120690905,way,surface,MISSING,Surface tag is recommended to assess accessibility
1120690906,way,surface,MISSING,Surface tag is recommended to assess accessibility
1120690907,way,surface,MISSING,Surface tag is recommended to assess accessibility
1120690908,way,surface,MISSING,Surface tag is recommended to assess accessibility
1120690909,way,surface,MISSING,Surface tag is recommended to assess accessibility
1120690910,way,surface,MISSING,Surface tag is recommended to assess accessibility
1120690911,way,surface,MISSING,Surface tag is recommended to assess accessibility
1120690912,way,surface,MISSING,Surface tag is recommended to assess accessibility
1120690913,way,surface,MISSING,Surface tag is recommended to assess accessibility
1120690914,way,surface,MISSING,Surface tag is recommended to assess accessibility
1120690915,way,surface,MISSING,Surface tag is recommended to assess accessibility
1120690916,way,surface,MISSING,Surface tag is recommended to assess accessibility
1120690917,way,surface,MISSING,Surface tag is recommended to assess accessibility
1120690918,way,surface,MISSING,Surface tag is recommended to assess accessibility
1120690919,way,surface,MISSING,Surface tag is recommended to assess accessibility
1120690920,way,surface,MISSING,Surface tag is recommended to assess accessibility
1120690921,way,surface,MISSING,Surface tag is recommended to assess accessibility
1120690922,way,surface,MISSING,Surface tag is recommended to assess accessibility
1120690923,way,surface,MISSING,Surface tag is recommended to assess accessibility
1120690924,way,surface,MISSING,Surface tag is recommended to assess accessibility
1120690927,way,surface,MISSING,Surface tag is recommended to assess accessibility
1120690928,way,surface,MISSING,Surface tag is recommended to assess accessibility
1120690929,way,surface,MISSING,Surface tag is recommended to assess accessibility
1120690930,way,surface,MISSING,Surface tag is recommended to assess accessibility
1120690931,way,surface,MISSING,Surface tag is recommended to assess accessibility
1120690932,way,surface,MISSING,Surface tag is recommended to assess accessibility
1120690933,way,surface,MISSING,Surface tag is recommended to assess accessibility
1120690934,way,surface,MISSING,Surface tag is recommended to assess accessibility
1120690935,way,surface,MISSING,Surface tag is recommended to assess accessibility
1120690936,way,surface,MISSING,Surface tag is recommended to assess accessibility
1120690937,way,surface,MISSING,Surface tag is recommended to assess accessibility
1120690938,way,surface,MISSING,Surface tag is recommended to assess accessibility
1120690939,way,surface,MISSING,Surface tag is recommended to assess accessibility
1120690940,way,surface,MISSING,Surface tag is recommended to assess accessibility
1120690941,way,surface,MISSING,Surface tag is recommended to assess accessibility
1120690942,way,surface,MISSING,Surface tag is recommended to assess accessibility
1120690943,way,surface,MISSING,Surface tag is recommended to assess accessibility
1120690944,way,surface,MISSING,Surface tag is recommended to assess accessibility
1120690945,way,surface,MISSING,Surface tag is recommended to assess accessibility
1120690946,way,surface,MISSING,Surface tag is recommended to assess accessibility
1120690947,way,surface,MISSING,Surface tag is recommended to assess accessibility
1120690948,way,surface,MISSING,Surface tag is recommended to assess accessibility
1120690949,way,surface,MISSING,Surface tag is recommended to assess accessibility
1120690950,way,surface,MISSING,Surface tag is recommended to assess accessibility
1120690951,way,surface,MISSING,Surface tag is recommended to assess accessibility
1120690952,way,surface,MISSING,Surface tag is recommended to assess accessibility
1120690953,way,surface,MISSING,Surface tag is recommended to assess accessibility
1120690954,way,surface,MISSING,Surface tag is recommended to assess accessibility
1120690955,way,surface,MISSING,Surface tag is recommended to assess accessibility
1120690956,way,surface,MISSING,Surface tag is recommended to assess accessibility
1120690957,way,surface,MISSING,Surface tag is recommended to assess accessibility
1120690958,way,surface,MISSING,Surface tag is recommended to assess accessibility
1120690959,way,surface,MISSING,Surface tag is recommended to assess accessibility
1120690960,way,surface,MISSING,Surface tag is recommended to assess accessibility
1120690961,way,surface,MISSING,Surface tag is recommended to assess accessibility
1120690962,way,surface,MISSING,Surface tag is recommended to assess accessibility
1120690963,way,surface,MISSING,Surface tag is recommended to assess accessibility
1120690964,way,surface,MISSING,Surface tag is recommended to assess accessibility
1120690965,way,surface,MISSING,Surface tag is recommended to assess accessibility
1120690966,way,surface,MISSING,Surface tag is recommended to assess accessibility
1120690967,way,surface,MISSING,Surface tag is recommended to assess accessibility
1120690968,way,surface,MISSING,Surface tag is recommended to assess accessibility
1120690969,way,surface,MISSING,Surface tag is recommended to assess accessibility
1120690970,way,surface,MISSING,Surface tag is recommended to assess accessibility
1120690971,way,surface,MISSING,Surface tag is recommended to assess accessibility
1120690972,way,surface,MISSING,Surface tag is recommended to assess accessibility
1120690973,way,surface,MISSING,Surface tag is recommended to assess accessibility
1120690974,way,surface,MISSING,Surface tag is recommended to assess accessibility
1120690975,way,surface,MISSING,Surface tag is recommended to assess accessibility
1120690976,way,surface,MISSING,Surface tag is recommended to assess accessibility
1120690977,way,surface,MISSING,Surface tag is recommended to assess accessibility
1120690978,way,surface,MISSING,Surface tag is recommended to assess accessibility
1120690979,way,surface,MISSING,Surface tag is recommended to assess accessibility
1120690980,way,surface,MISSING,Surface tag is recommended to assess accessibility
1120690981,way,surface,MISSING,Surface tag is recommended to assess accessibility
1120690982,way,surface,MISSING,Surface tag is recommended to assess accessibility
1120690983,way,surface,MISSING,Surface tag is recommended to assess accessibility
1120690984,way,surface,MISSING,Surface tag is recommended to assess accessibility
1120690986,way,surface,MISSING,Surface tag is recommended to assess accessibility
1120690987,way,surface,MISSING,Surface tag is recommended to assess accessibility
1120690988,way,surface,MISSING,Surface tag is recommended to assess accessibility
1120690989,way,surface,MISSING,Surface tag is recommended to assess accessibility
1120690990,way,surface,MISSING,Surface tag is recommended to assess accessibility
1120690991,way,surface,MISSING,Surface tag is recommended to assess accessibility
1120690992,way,surface,MISSING,Surface tag is recommended to assess accessibility
1120690993,way,surface,MISSING,Surface tag is recommended to assess accessibility
1120690994,way,surface,MISSING,Surface tag is recommended to assess accessibility
1120690995,way,surface,MISSING,Surface tag is recommended to assess accessibility
1120690996,way,surface,MISSING,Surface tag is recommended to assess accessibility
1120690997,way,surface,MISSING,Surface tag is recommended to assess accessibility
1120690998,way,surface,MISSING,Surface tag is recommended to assess accessibility
1120690999,way,surface,MISSING,Surface tag is recommended to assess accessibility
1120691000,way,surface,MISSING,Surface tag is recommended to assess accessibility
1120691001,way,surface,MISSING,Surface tag is recommended to assess accessibility
1120691002,way,surface,MISSING,Surface tag is recommended to assess accessibility
1120691003,way,surface,MISSING,Surface tag is recommended to assess accessibility
1120691004,way,surface,MISSING,Surface tag is recommended to assess accessibility
1120691005,way,surface,MISSING,Surface tag is recommended to assess accessibility
1120691006,way,surface,MISSING,Surface tag is recommended to assess accessibility
1120691007,way,surface,MISSING,Surface tag is recommended to assess accessibility
1120691008,way,surface,MISSING,Surface tag is recommended to assess accessibility
1120691009,way,surface,MISSING,Surface tag is recommended to assess accessibility
1120691010,way,surface,MISSING,Surface tag is recommended to assess accessibility
1120691011,way,surface,MISSING,Surface tag is recommended to assess accessibility
1120691012,way,surface,MISSING,Surface tag is recommended to assess accessibility
1120691013,way,surface,MISSING,Surface tag is recommended to assess accessibility
1120691014,way,surface,MISSING,Surface tag is recommended to assess accessibility
1120691015,way,surface,MISSING,Surface tag is recommended to assess accessibility
1120691016,way,surface,MISSING,Surface tag is recommended to assess accessibility
1120691017,way,surface,MISSING,Surface tag is recommended to assess accessibility
1120691018,way,surface,MISSING,Surface tag is recommended to assess accessibility
1120691019,way,surface,MISSING,Surface tag is recommended to assess accessibility
1120691020,way,surface,MISSING,Surface tag is recommended to assess accessibility
1120691021,way,surface,MISSING,Surface tag is recommended to assess accessibility
1120691022,way,surface,MISSING,Surface tag is recommended to assess accessibility
1120691023,way,surface,MISSING,Surface tag is recommended to assess accessibility
1120691024,way,surface,MISSING,Surface tag is recommended to assess accessibility
1120691025,way,surface,MISSING,Surface tag is recommended to assess accessibility
1120691026,way,surface,MISSING,Surface tag is recommended to assess accessibility
1120691027,way,surface,MISSING,Surface tag is recommended to assess accessibility
1120691028,way,surface,MISSING,Surface tag is recommended to assess accessibility
1120691029,way,surface,MISSING,Surface tag is recommended to assess accessibility
1120691030,way,surface,MISSING,Surface tag is recommended to assess accessibility
1120691031,way,surface,MISSING,Surface tag is recommended to assess accessibility
1120691032,way,surface,MISSING,Surface tag is recommended to assess accessibility
1120691033,way,surface,MISSING,Surface tag is recommended to assess accessibility
1120691034,way,surface,MISSING,Surface tag is recommended to assess accessibility
1120691035,way,surface,MISSING,Surface tag is recommended to assess accessibility
1120691036,way,surface,MISSING,Surface tag is recommended to assess accessibility
1120691037,way,surface,MISSING,Surface tag is recommended to assess accessibility
1120691038,way,surface,MISSING,Surface tag is recommended to assess accessibility
1120691039,way,surface,MISSING,Surface tag is recommended to assess accessibility
1120691040,way,surface,MISSING,Surface tag is recommended to assess accessibility
1120691041,way,surface,MISSING,Surface tag is recommended to assess accessibility
1120691042,way,surface,MISSING,Surface tag is recommended to assess accessibility
1120691043,way,surface,MISSING,Surface tag is recommended to assess accessibility
1120691044,way,surface,MISSING,Surface tag is recommended to assess accessibility
1120691045,way,surface,MISSING,Surface tag is recommended to assess accessibility
1120691046,way,surface,MISSING,Surface tag is recommended to assess accessibility
1120691047,way,surface,MISSING,Surface tag is recommended to assess accessibility
1120691048,way,surface,MISSING,Surface tag is recommended to assess accessibility
1120691049,way,surface,MISSING,Surface tag is recommended to assess accessibility
1120691052,way,surface,MISSING,Surface tag is recommended to assess accessibility
1120691053,way,surface,MISSING,Surface tag is recommended to assess accessibility
1120691054,way,surface,MISSING,Surface tag is recommended to assess accessibility
1120691055,way,surface,MISSING,Surface tag is recommended to assess accessibility
1120691056,way,surface,MISSING,Surface tag is recommended to assess accessibility
1120691057,way,surface,MISSING,Surface tag is recommended to assess accessibility
1120691058,way,surface,MISSING,Surface tag is recommended to assess accessibility
1120691059,way,surface,MISSING,Surface tag is recommended to assess accessibility
1120691060,way,surface,MISSING,Surface tag is recommended to assess accessibility
1120691061,way,surface,MISSING,Surface tag is recommended to assess accessibility
1120691062,way,surface,MISSING,Surface tag is recommended to assess accessibility
1120691063,way,surface,MISSING,Surface tag is recommended to assess accessibility
1120691064,way,surface,MISSING,Surface tag is recommended to assess accessibility
1120691065,way,surface,MISSING,Surface tag is recommended to assess accessibility
1120691066,way,surface,MISSING,Surface tag is recommended to assess accessibility
1120691067,way,surface,MISSING,Surface tag is recommended to assess accessibility
1120691068,way,surface,MISSING,Surface tag is recommended to assess accessibility
1120691069,way,surface,MISSING,Surface tag is recommended to assess accessibility
1120691070,way,surface,MISSING,Surface tag is recommended to assess accessibility
1120691071,way,surface,MISSING,Surface tag is recommended to assess accessibility
1120691072,way,surface,MISSING,Surface tag is recommended to assess accessibility
1120691073,way,surface,MISSING,Surface tag is recommended to assess accessibility
1120691074,way,surface,MISSING,Surface tag is recommended to assess accessibility
1120691075,way,surface,MISSING,Surface tag is recommended to assess accessibility
1120691076,way,surface,MISSING,Surface tag is recommended to assess accessibility
1120691077,way,surface,MISSING,Surface tag is recommended to assess accessibility
1120691078,way,surface,MISSING,Surface tag is recommended to assess accessibility
1120691079,way,surface,MISSING,Surface tag is recommended to assess accessibility
1120691080,way,surface,MISSING,Surface tag is recommended to assess accessibility
1120691081,way,surface,MISSING,Surface tag is recommended to assess accessibility
1120691082,way,surface,MISSING,Surface tag is recommended to assess accessibility
1120691083,way,surface,MISSING,Surface tag is recommended to assess accessibility
1120691084,way,surface,MISSING,Surface tag is recommended to assess accessibility
1120691085,way,surface,MISSING,Surface tag is recommended to assess accessibility
1120691086,way,surface,MISSING,Surface tag is recommended to assess accessibility
1120691087,way,surface,MISSING,Surface tag is recommended to assess accessibility
1120691088,way,surface,MISSING,Surface tag is recommended to assess accessibility
1120691089,way,surface,MISSING,Surface tag is recommended to assess accessibility
1120691090,way,surface,MISSING,Surface tag is recommended to assess accessibility
1120691091,way,surface,MISSING,Surface tag is recommended to assess accessibility
1120691092,way,surface,MISSING,Surface tag is recommended to assess accessibility
1120691093,way,surface,MISSING,Surface tag is recommended to assess accessibility
1120691094,way,surface,MISSING,Surface tag is recommended to assess accessibility
1120691095,way,surface,MISSING,Surface tag is recommended to assess accessibility
1120691096,way,surface,MISSING,Surface tag is recommended to assess accessibility
1120691097,way,surface,MISSING,Surface tag is recommended to assess accessibility
1120691098,way,surface,MISSING,Surface tag is recommended to assess accessibility
1120691103,way,surface,MISSING,Surface tag is recommended to assess accessibility
1120691105,way,surface,MISSING,Surface tag is recommended to assess accessibility
1120691106,way,surface,MISSING,Surface tag is recommended to assess accessibility
1120691107,way,surface,MISSING,Surface tag is recommended to assess accessibility
1120691108,way,surface,MISSING,Surface tag is recommended to assess accessibility
1120691109,way,surface,MISSING,Surface tag is recommended to assess accessibility
1120691110,way,surface,MISSING,Surface tag is recommended to assess accessibility
1120691111,way,surface,MISSING,Surface tag is recommended to assess accessibility
1120691112,way,surface,MISSING,Surface tag is recommended to assess accessibility
1120691113,way,surface,MISSING,Surface tag is recommended to assess accessibility
1120691114,way,surface,MISSING,Surface tag is recommended to assess accessibility
1120691115,way,surface,MISSING,Surface tag is recommended to assess accessibility
1120691116,way,surface,MISSING,Surface tag is recommended to assess accessibility
1120691117,way,surface,MISSING,Surface tag is recommended to assess accessibility
1120691118,way,surface,MISSING,Surface tag is recommended to assess accessibility
1120691119,way,surface,MISSING,Surface tag is recommended to assess accessibility
1120691120,way,surface,MISSING,Surface tag is recommended to assess accessibility
1120691121,way,surface,MISSING,Surface tag is recommended to assess accessibility
1120691122,way,surface,MISSING,Surface tag is recommended to assess accessibility
1120691123,way,surface,MISSING,Surface tag is recommended to assess accessibility
1120691124,way,surface,MISSING,Surface tag is recommended to assess accessibility
1120691125,way,surface,MISSING,Surface tag is recommended to assess accessibility
1120691126,way,surface,MISSING,Surface tag is recommended to assess accessibility
1120691127,way,surface,MISSING,Surface tag is recommended to assess accessibility
1120691128,way,surface,MISSING,Surface tag is recommended to assess accessibility
1120691129,way,surface,MISSING,Surface tag is recommended to assess accessibility
1120691130,way,surface,MISSING,Surface tag is recommended to assess accessibility
1120691131,way,surface,MISSING,Surface tag is recommended to assess accessibility
1120691132,way,surface,MISSING,Surface tag is recommended to assess accessibility
1120691133,way,surface,MISSING,Surface tag is recommended to assess accessibility
1120691134,way,surface,MISSING,Surface tag is recommended to assess accessibility
1120691135,way,surface,MISSING,Surface tag is recommended to assess accessibility
1120691136,way,surface,MISSING,Surface tag is recommended to assess accessibility
1120691137,way,surface,MISSING,Surface tag is recommended to assess accessibility
1120691138,way,surface,MISSING,Surface tag is recommended to assess accessibility
1120691139,way,surface,MISSING,Surface tag is recommended to assess accessibility
1120691140,way,surface,MISSING,Surface tag is recommended to assess accessibility
1120691141,way,surface,MISSING,Surface tag is recommended to assess accessibility
1120691142,way,surface,MISSING,Surface tag is recommended to assess accessibility
1120691143,way,surface,MISSING,Surface tag is recommended to assess accessibility
1120691144,way,surface,MISSING,Surface tag is recommended to assess accessibility
1120691146,way,surface,MISSING,Surface tag is recommended to assess accessibility
1120691148,way,surface,MISSING,Surface tag is recommended to assess accessibility
1120691150,way,surface,MISSING,Surface tag is recommended to assess accessibility
1120691151,way,surface,MISSING,Surface tag is recommended to assess accessibility
1120691152,way,surface,MISSING,Surface tag is recommended to assess accessibility
1120691153,way,surface,MISSING,Surface tag is recommended to assess accessibility
1120691155,way,surface,MISSING,Surface tag is recommended to assess accessibility
1120691156,way,surface,MISSING,Surface tag is recommended to assess accessibility
1120691157,way,surface,MISSING,Surface tag is recommended to assess accessibility
1120691158,way,surface,MISSING,Surface tag is recommended to assess accessibility
1120691159,way,surface,MISSING,Surface tag is recommended to assess accessibility
1120691160,way,surface,MISSING,Surface tag is recommended to assess accessibility
1120691161,way,surface,MISSING,Surface tag is recommended to assess accessibility
1120691162,way,surface,MISSING,Surface tag is recommended to assess accessibility
1120691163,way,surface,MISSING,Surface tag is recommended to assess accessibility
1120691164,way,surface,MISSING,Surface tag is recommended to assess accessibility
1120691165,way,surface,MISSING,Surface tag is recommended to assess accessibility
1120691166,way,surface,MISSING,Surface tag is recommended to assess accessibility
1120691167,way,surface,MISSING,Surface tag is recommended to assess accessibility
1120691168,way,surface,MISSING,Surface tag is recommended to assess accessibility
1120691169,way,surface,MISSING,Surface tag is recommended to assess accessibility
1120691170,way,surface,MISSING,Surface tag is recommended to assess accessibility
1120691171,way,surface,MISSING,Surface tag is recommended to assess accessibility
1120691172,way,surface,MISSING,Surface tag is recommended to assess accessibility
1120691173,way,surface,MISSING,Surface tag is recommended to assess accessibility
1120691174,way,surface,MISSING,Surface tag is recommended to assess accessibility
1120691175,way,surface,MISSING,Surface tag is recommended to assess accessibility
1120691176,way,surface,MISSING,Surface tag is recommended to assess accessibility
1120691177,way,surface,MISSING,Surface tag is recommended to assess accessibility
1120691178,way,surface,MISSING,Surface tag is recommended to assess accessibility
1120691179,way,surface,MISSING,Surface tag is recommended to assess accessibility
1120691180,way,surface,MISSING,Surface tag is recommended to assess accessibility
1120691181,way,surface,MISSING,Surface tag is recommended to assess accessibility
1120691182,way,surface,MISSING,Surface tag is recommended to assess accessibility
1120691183,way,surface,MISSING,Surface tag is recommended to assess accessibility
1120691184,way,surface,MISSING,Surface tag is recommended to assess accessibility
1120691185,way,surface,MISSING,Surface tag is recommended to assess accessibility
1120691186,way,surface,MISSING,Surface tag is recommended to assess accessibility
1120691187,way,surface,MISSING,Surface tag is recommended to assess accessibility
1120691188,way,surface,MISSING,Surface tag is recommended to assess accessibility
1120691189,way,surface,MISSING,Surface tag is recommended to assess accessibility
1120691190,way,surface,MISSING,Surface tag is recommended to assess accessibility
1120691191,way,surface,MISSING,Surface tag is recommended to assess accessibility
1120691192,way,surface,MISSING,Surface tag is recommended to assess accessibility
1120691193,way,surface,MISSING,Surface tag is recommended to assess accessibility
1120691194,way,surface,MISSING,Surface tag is recommended to assess accessibility
1120691195,way,surface,MISSING,Surface tag is recommended to assess accessibility
1120691196,way,surface,MISSING,Surface tag is recommended to assess accessibility
1120691197,way,surface,MISSING,Surface tag is recommended to assess accessibility
1120691198,way,surface,MISSING,Surface tag is recommended to assess accessibility
1120691199,way,surface,MISSING,Surface tag is recommended to assess accessibility
1120691200,way,surface,MISSING,Surface tag is recommended to assess accessibility
1120691201,way,surface,MISSING,Surface tag is recommended to assess accessibility
1120691202,way,surface,MISSING,Surface tag is recommended to assess accessibility
1120691203,way,surface,MISSING,Surface tag is recommended to assess accessibility
1120691204,way,surface,MISSING,Surface tag is recommended to assess accessibility
1120691207,way,surface,MISSING,Surface tag is recommended to assess accessibility
1120691208,way,surface,MISSING,Surface tag is recommended to assess accessibility
1120691209,way,surface,MISSING,Surface tag is recommended to assess accessibility
1120691210,way,surface,MISSING,Surface tag is recommended to assess accessibility
1120691211,way,surface,MISSING,Surface tag is recommended to assess accessibility
1120691212,way,surface,MISSING,Surface tag is recommended to assess accessibility
1120691213,way,surface,MISSING,Surface tag is recommended to assess accessibility
1120691214,way,surface,MISSING,Surface tag is recommended to assess accessibility
1120691215,way,surface,MISSING,Surface tag is recommended to assess accessibility
1120691216,way,surface,MISSING,Surface tag is recommended to assess accessibility
1120691217,way,surface,MISSING,Surface tag is recommended to assess accessibility
1120691218,way,surface,MISSING,Surface tag is recommended to assess accessibility
1120691219,way,surface,MISSING,Surface tag is recommended to assess accessibility
1120691221,way,surface,MISSING,Surface tag is recommended to assess accessibility
1120691222,way,surface,MISSING,Surface tag is recommended to assess accessibility
1120691223,way,surface,MISSING,Surface tag is recommended to assess accessibility
1120691225,way,surface,MISSING,Surface tag is recommended to assess accessibility
1120691226,way,surface,MISSING,Surface tag is recommended to assess accessibility
1120691227,way,surface,MISSING,Surface tag is recommended to assess accessibility
1120691228,way,surface,MISSING,Surface tag is recommended to assess accessibility
1120691229,way,surface,MISSING,Surface tag is recommended to assess accessibility
1120691230,way,surface,MISSING,Surface tag is recommended to assess accessibility
1120691231,way,surface,MISSING,Surface tag is recommended to assess accessibility
1120691232,way,surface,MISSING,Surface tag is recommended to assess accessibility
1120691233,way,surface,MISSING,Surface tag is recommended to assess accessibility
1120691234,way,surface,MISSING,Surface tag is recommended to assess accessibility
1120691235,way,surface,MISSING,Surface tag is recommended to assess accessibility
1120691236,way,surface,MISSING,Surface tag is recommended to assess accessibility
1120691237,way,surface,MISSING,Surface tag is recommended to assess accessibility
1120691238,way,surface,MISSING,Surface tag is recommended to assess accessibility
1120691239,way,surface,MISSING,Surface tag is recommended to assess accessibility
1120691240,way,surface,MISSING,Surface tag is recommended to assess accessibility
1120691241,way,surface,MISSING,Surface tag is recommended to assess accessibility
1120691242,way,surface,MISSING,Surface tag is recommended to assess accessibility
1120691243,way,surface,MISSING,Surface tag is recommended to assess accessibility
1120691244,way,surface,MISSING,Surface tag is recommended to assess accessibility
1120691245,way,surface,MISSING,Surface tag is recommended to assess accessibility
1120691247,way,surface,MISSING,Surface tag is recommended to assess accessibility
1120691248,way,surface,MISSING,Surface tag is recommended to assess accessibility
1120691253,way,surface,MISSING,Surface tag is recommended to assess accessibility
1120691255,way,surface,MISSING,Surface tag is recommended to assess accessibility
1120691257,way,surface,MISSING,Surface tag is recommended to assess accessibility
1120691258,way,surface,MISSING,Surface tag is recommended to assess accessibility
1120691259,way,surface,MISSING,Surface tag is recommended to assess accessibility
1120691260,way,surface,MISSING,Surface tag is recommended to assess accessibility
1120691261,way,surface,MISSING,Surface tag is recommended to assess accessibility
1120691262,way,surface,MISSING,Surface tag is recommended to assess accessibility
1120691263,way,surface,MISSING,Surface tag is recommended to assess accessibility
1120691264,way,surface,MISSING,Surface tag is recommended to assess accessibility
1120691265,way,surface,MISSING,Surface tag is recommended to assess accessibility
1120691266,way,surface,MISSING,Surface tag is recommended to assess accessibility
1120691267,way,surface,MISSING,Surface tag is recommended to assess accessibility
1120691268,way,surface,MISSING,Surface tag is recommended to assess accessibility
1120691270,way,surface,MISSING,Surface tag is recommended to assess accessibility
1120691271,way,surface,MISSING,Surface tag is recommended to assess accessibility
1120691278,way,surface,MISSING,Surface tag is recommended to assess accessibility
1120691279,way,surface,MISSING,Surface tag is recommended to assess accessibility
1120691280,way,surface,MISSING,Surface tag is recommended to assess accessibility
1120691281,way,surface,MISSING,Surface tag is recommended to assess accessibility
1120691282,way,surface,MISSING,Surface tag is recommended to assess accessibility
1120691283,way,surface,MISSING,Surface tag is recommended to assess accessibility
1120691284,way,surface,MISSING,Surface tag is recommended to assess accessibility
1120691285,way,surface,MISSING,Surface tag is recommended to assess accessibility
1120691286,way,surface,MISSING,Surface tag is recommended to assess accessibility
1120691287,way,surface,MISSING,Surface tag is recommended to assess accessibility
1120691288,way,surface,MISSING,Surface tag is recommended to assess accessibility
1120691289,way,surface,MISSING,Surface tag is recommended to assess accessibility
1120691290,way,surface,MISSING,Surface tag is recommended to assess accessibility
1120691291,way,surface,MISSING,Surface tag is recommended to assess accessibility
1120691292,way,surface,MISSING,Surface tag is recommended to assess accessibility
1120691293,way,surface,MISSING,Surface tag is recommended to assess accessibility
1120691294,way,surface,MISSING,Surface tag is recommended to assess accessibility
1120691295,way,surface,MISSING,Surface tag is recommended to assess accessibility
1120691296,way,surface,MISSING,Surface tag is recommended to assess accessibility
1120691297,way,surface,MISSING,Surface tag is recommended to assess accessibility
1120691298,way,surface,MISSING,Surface tag is recommended to assess accessibility
1120691299,way,surface,MISSING,Surface tag is recommended to assess accessibility
1120691300,way,surface,MISSING,Surface tag is recommended to assess accessibility
1120691301,way,surface,MISSING,Surface tag is recommended to assess accessibility
1120691302,way,surface,MISSING,Surface tag is recommended to assess accessibility
1120691303,way,surface,MISSING,Surface tag is recommended to assess accessibility
1120691304,way,surface,MISSING,Surface tag is recommended to assess accessibility
1120691305,way,surface,MISSING,Surface tag is recommended to assess accessibility
1120691306,way,surface,MISSING,Surface tag is recommended to assess accessibility
1120691307,way,surface,MISSING,Surface tag is recommended to assess accessibility
1120691308,way,surface,MISSING,Surface tag is recommended to assess accessibility
1120691309,way,surface,MISSING,Surface tag is recommended to assess accessibility
1120691310,way,surface,MISSING,Surface tag is recommended to assess accessibility
1120691311,way,surface,MISSING,Surface tag is recommended to assess accessibility
1120691312,way,surface,MISSING,Surface tag is recommended to assess accessibility
1120691313,way,surface,MISSING,Surface tag is recommended to assess accessibility
1120691314,way,surface,MISSING,Surface tag is recommended to assess accessibility
1120691315,way,surface,MISSING,Surface tag is recommended to assess accessibility
1120691316,way,surface,MISSING,Surface tag is recommended to assess accessibility
1120691317,way,surface,MISSING,Surface tag is recommended to assess accessibility
1120691319,way,surface,MISSING,Surface tag is recommended to assess accessibility
1120691322,way,surface,MISSING,Surface tag is recommended to assess accessibility
1120691324,way,surface,MISSING,Surface tag is recommended to assess accessibility
1120691325,way,surface,MISSING,Surface tag is recommended to assess accessibility
1120691327,way,surface,MISSING,Surface tag is recommended to assess accessibility
1120691329,way,surface,MISSING,Surface tag is recommended to assess accessibility
1120691330,way,surface,MISSING,Surface tag is recommended to assess accessibility
1120691331,way,surface,MISSING,Surface tag is recommended to assess accessibility
1120691332,way,surface,MISSING,Surface tag is recommended to assess accessibility
1120691333,way,surface,MISSING,Surface tag is recommended to assess accessibility
1120691334,way,surface,MISSING,Surface tag is recommended to assess accessibility
1120691335,way,surface,MISSING,Surface tag is recommended to assess accessibility
1120691336,way,surface,MISSING,Surface tag is recommended to assess accessibility
1120691337,way,surface,MISSING,Surface tag is recommended to assess accessibility
1120691340,way,surface,MISSING,Surface tag is recommended to assess accessibility
1120691342,way,surface,MISSING,Surface tag is recommended to assess accessibility
1120691350,way,surface,MISSING,Surface tag is recommended to assess accessibility
1120691360,way,surface,MISSING,Surface tag is recommended to assess accessibility
1120691361,way,surface,MISSING,Surface tag is recommended to assess accessibility
1120691371,way,surface,MISSING,Surface tag is recommended to assess accessibility
1120691372,way,surface,MISSING,Surface tag is recommended to assess accessibility
1120691373,way,surface,MISSING,Surface tag is recommended to assess accessibility
1120691374,way,surface,MISSING,Surface tag is recommended to assess accessibility
1120691375,way,surface,MISSING,Surface tag is recommended to assess accessibility
1120691376,way,surface,MISSING,Surface tag is recommended to assess accessibility
1120691377,way,surface,MISSING,Surface tag is recommended to assess accessibility
1120691378,way,surface,MISSING,Surface tag is recommended to assess accessibility
1120691379,way,surface,MISSING,Surface tag is recommended to assess accessibility
1120691380,way,surface,MISSING,Surface tag is recommended to assess accessibility
1120691382,way,surface,MISSING,Surface tag is recommended to assess accessibility
1120691383,way,surface,MISSING,Surface tag is recommended to assess accessibility
1120691384,way,surface,MISSING,Surface tag is recommended to assess accessibility
1120691385,way,surface,MISSING,Surface tag is recommended to assess accessibility
1120691386,way,surface,MISSING,Surface tag is recommended to assess accessibility
1120691387,way,surface,MISSING,Surface tag is recommended to assess accessibility
1120691388,way,surface,MISSING,Surface tag is recommended to assess accessibility
1120691389,way,surface,MISSING,Surface tag is recommended to assess accessibility
1120691390,way,surface,MISSING,Surface tag is recommended to assess accessibility
1120691396,way,surface,MISSING,Surface tag is recommended to assess accessibility
1120691407,way,surface,MISSING,Surface tag is recommended to assess accessibility
1120691414,way,surface,MISSING,Surface tag is recommended to assess accessibility
1120691415,way,surface,MISSING,Surface tag is recommended to assess accessibility
1120691416,way,surface,MISSING,Surface tag is recommended to assess accessibility
1120691417,way,surface,MISSING,Surface tag is recommended to assess accessibility
1120691418,way,surface,MISSING,Surface tag is recommended to assess accessibility
1120691419,way,surface,MISSING,Surface tag is recommended to assess accessibility
1120691420,way,surface,MISSING,Surface tag is recommended to assess accessibility
1120691421,way,surface,MISSING,Surface tag is recommended to assess accessibility
1120691422,way,surface,MISSING,Surface tag is recommended to assess accessibility
1120691423,way,surface,MISSING,Surface tag is recommended to assess accessibility
1120691424,way,surface,MISSING,Surface tag is recommended to assess accessibility
1120691425,way,surface,MISSING,Surface tag is recommended to assess accessibility
1120691426,way,surface,MISSING,Surface tag is recommended to assess accessibility
1120691427,way,surface,MISSING,Surface tag is recommended to assess accessibility
1120691428,way,surface,MISSING,Surface tag is recommended to assess accessibility
1120691429,way,surface,MISSING,Surface tag is recommended to assess accessibility
1120691430,way,surface,MISSING,Surface tag is recommended to assess accessibility
1120691431,way,surface,MISSING,Surface tag is recommended to assess accessibility
1120691432,way,surface,MISSING,Surface tag is recommended to assess accessibility
1120691433,way,surface,MISSING,Surface tag is recommended to assess accessibility
1120691434,way,surface,MISSING,Surface tag is recommended to assess accessibility
1120691435,way,surface,MISSING,Surface tag is recommended to assess accessibility
1120691436,way,surface,MISSING,Surface tag is recommended to assess accessibility
1120691437,way,surface,MISSING,Surface tag is recommended to assess accessibility
1120691438,way,surface,MISSING,Surface tag is recommended to assess accessibility
1120691439,way,surface,MISSING,Surface tag is recommended to assess accessibility
1120691440,way,surface,MISSING,Surface tag is recommended to assess accessibility
1120691441,way,surface,MISSING,Surface tag is recommended to assess accessibility
1120691442,way,surface,MISSING,Surface tag is recommended to assess accessibility
1120691443,way,surface,MISSING,Surface tag is recommended to assess accessibility
1120691444,way,surface,MISSING,Surface tag is recommended to assess accessibility
1120691445,way,surface,MISSING,Surface tag is recommended to assess accessibility
1120691446,way,surface,MISSING,Surface tag is recommended to assess accessibility
1120691447,way,surface,MISSING,Surface tag is recommended to assess accessibility
1120691448,way,surface,MISSING,Surface tag is recommended to assess accessibility
1120691449,way,surface,MISSING,Surface tag is recommended to assess accessibility
1120691453,way,surface,MISSING,Surface tag is recommended to assess accessibility
1120691454,way,surface,MISSING,Surface tag is recommended to assess accessibility
1120691456,way,surface,MISSING,Surface tag is recommended to assess accessibility
1120691457,way,surface,MISSING,Surface tag is recommended to assess accessibility
1120691459,way,surface,MISSING,Surface tag is recommended to assess accessibility
1120691461,way,surface,MISSING,Surface tag is recommended to assess accessibility
1120691463,way,surface,MISSING,Surface tag is recommended to assess accessibility
1120691464,way,surface,MISSING,Surface tag is recommended to assess accessibility
1120691465,way,surface,MISSING,Surface tag is recommended to assess accessibility
1120691466,way,surface,MISSING,Surface tag is recommended to assess accessibility
1120691467,way,surface,MISSING,Surface tag is recommended to assess accessibility
1120691468,way,surface,MISSING,Surface tag is recommended to assess accessibility
1120691469,way,surface,MISSING,Surface tag is recommended to assess accessibility
1120691470,way,surface,MISSING,Surface tag is recommended to assess accessibility
1120691471,way,surface,MISSING,Surface tag is recommended to assess accessibility
1120691472,way,surface,MISSING,Surface tag is recommended to assess accessibility
1120691473,way,surface,MISSING,Surface tag is recommended to assess accessibility
1120691475,way,surface,MISSING,Surface tag is recommended to assess accessibility
1120691477,way,surface,MISSING,Surface tag is recommended to assess accessibility
1120691478,way,surface,MISSING,Surface tag is recommended to assess accessibility
1120691480,way,surface,MISSING,Surface tag is recommended to assess accessibility
1120691481,way,surface,MISSING,Surface tag is recommended to assess accessibility
1120691482,way,surface,MISSING,Surface tag is recommended to assess accessibility
1120691483,way,surface,MISSING,Surface tag is recommended to assess accessibility
1120691484,way,surface,MISSING,Surface tag is recommended to assess accessibility
1120691485,way,surface,MISSING,Surface tag is recommended to assess accessibility
1120691486,way,surface,MISSING,Surface tag is recommended to assess accessibility
1120691487,way,surface,MISSING,Surface tag is recommended to assess accessibility
1120691488,way,surface,MISSING,Surface tag is recommended to assess accessibility
1120691489,way,surface,MISSING,Surface tag is recommended to assess accessibility
1120691490,way,surface,MISSING,Surface tag is recommended to assess accessibility
1120691491,way,surface,MISSING,Surface tag is recommended to assess accessibility
1120691492,way,surface,MISSING,Surface tag is recommended to assess accessibility
1120691494,way,surface,MISSING,Surface tag is recommended to assess accessibility
1120691496,way,surface,MISSING,Surface tag is recommended to assess accessibility
1120691497,way,surface,MISSING,Surface tag is recommended to assess accessibility
1120691498,way,surface,MISSING,Surface tag is recommended to assess accessibility
1120691499,way,surface,MISSING,Surface tag is recommended to assess accessibility
1120691500,way,surface,MISSING,Surface tag is recommended to assess accessibility
1120691501,way,surface,MISSING,Surface tag is recommended to assess accessibility
1120691502,way,surface,MISSING,Surface tag is recommended to assess accessibility
1120691503,way,surface,MISSING,Surface tag is recommended to assess accessibility
1120691504,way,surface,MISSING,Surface tag is recommended to assess accessibility
1120691505,way,surface,MISSING,Surface tag is recommended to assess accessibility
1120691506,way,surface,MISSING,Surface tag is recommended to assess accessibility
1120691507,way,surface,MISSING,Surface tag is recommended to assess accessibility
1120691508,way,surface,MISSING,Surface tag is recommended to assess accessibility
1120691509,way,surface,MISSING,Surface tag is recommended to assess accessibility
1120691510,way,surface,MISSING,Surface tag is recommended to assess accessibility
1120691511,way,surface,MISSING,Surface tag is recommended to assess accessibility
1120691512,way,surface,MISSING,Surface tag is recommended to assess accessibility
1120691513,way,surface,MISSING,Surface tag is recommended to assess accessibility
1120691514,way,surface,MISSING,Surface tag is recommended to assess accessibility
1120691515,way,surface,MISSING,Surface tag is recommended to assess accessibility
1120691516,way,surface,MISSING,Surface tag is recommended to assess accessibility
1120691517,way,surface,MISSING,Surface tag is recommended to assess accessibility
1120691518,way,surface,MISSING,Surface tag is recommended to assess accessibility
1120691519,way,surface,MISSING,Surface tag is recommended to assess accessibility
1120691520,way,surface,MISSING,Surface tag is recommended to assess accessibility
1120691521,way,surface,MISSING,Surface tag is recommended to assess accessibility
1120691522,way,surface,MISSING,Surface tag is recommended to assess accessibility
1120691523,way,surface,MISSING,Surface tag is recommended to assess accessibility
1120691524,way,surface,MISSING,Surface tag is recommended to assess accessibility
1120691525,way,surface,MISSING,Surface tag is recommended to assess accessibility
1120691526,way,surface,MISSING,Surface tag is recommended to assess accessibility
1120691527,way,surface,MISSING,Surface tag is recommended to assess accessibility
1120691528,way,surface,MISSING,Surface tag is recommended to assess accessibility
1120691529,way,surface,MISSING,Surface tag is recommended to assess accessibility
1120691530,way,surface,MISSING,Surface tag is recommended to assess accessibility
1120691531,way,surface,MISSING,Surface tag is recommended to assess accessibility
1120691532,way,surface,MISSING,Surface tag is recommended to assess accessibility
1120691533,way,surface,MISSING,Surface tag is recommended to assess accessibility
1120691534,way,surface,MISSING,Surface tag is recommended to assess accessibility
1120691535,way,surface,MISSING,Surface tag is recommended to assess accessibility
1120691536,way,surface,MISSING,Surface tag is recommended to assess accessibility
1120691537,way,surface,MISSING,Surface tag is recommended to assess accessibility
1120691538,way,surface,MISSING,Surface tag is recommended to assess accessibility
1120691539,way,surface,MISSING,Surface tag is recommended to assess accessibility
1120691540,way,surface,MISSING,Surface tag is recommended to assess accessibility
1120691541,way,surface,MISSING,Surface tag is recommended to assess accessibility
1120691542,way,surface,MISSING,Surface tag is recommended to assess accessibility
1120691543,way,surface,MISSING,Surface tag is recommended to assess accessibility
1120691544,way,surface,MISSING,Surface tag is recommended to assess accessibility
1120691545,way,surface,MISSING,Surface tag is recommended to assess accessibility
1120691546,way,surface,MISSING,Surface tag is recommended to assess accessibility
1120691547,way,surface,MISSING,Surface tag is recommended to assess accessibility
1120691548,way,surface,MISSING,Surface tag is recommended to assess accessibility
1120691549,way,surface,MISSING,Surface tag is recommended to assess accessibility
1120691550,way,surface,MISSING,Surface tag is recommended to assess accessibility
1120691551,way,surface,MISSING,Surface tag is recommended to assess accessibility
1120691552,way,surface,MISSING,Surface tag is recommended to assess accessibility
1120691553,way,surface,MISSING,Surface tag is recommended to assess accessibility
1120691554,way,surface,MISSING,Surface tag is recommended to assess accessibility
1120691555,way,surface,MISSING,Surface tag is recommended to assess accessibility
1120691556,way,surface,MISSING,Surface tag is recommended to assess accessibility
1120691557,way,surface,MISSING,Surface tag is recommended to assess accessibility
1120691558,way,surface,MISSING,Surface tag is recommended to assess accessibility
1120691559,way,surface,MISSING,Surface tag is recommended to assess accessibility
1120691560,way,surface,MISSING,Surface tag is recommended to assess accessibility
1120691561,way,surface,MISSING,Surface tag is recommended to assess accessibility
1120691562,way,surface,MISSING,Surface tag is recommended to assess accessibility
1120691563,way,surface,MISSING,Surface tag is recommended to assess accessibility
1120691564,way,surface,MISSING,Surface tag is recommended to assess accessibility
1120691565,way,surface,MISSING,Surface tag is recommended to assess accessibility
1120691566,way,surface,MISSING,Surface tag is recommended to assess accessibility
1120691567,way,surface,MISSING,Surface tag is recommended to assess accessibility
1120691568,way,surface,MISSING,Surface tag is recommended to assess accessibility
1120691569,way,surface,MISSING,Surface tag is recommended to assess accessibility
1120691570,way,surface,MISSING,Surface tag is recommended to assess accessibility
1120691571,way,surface,MISSING,Surface tag is recommended to assess accessibility
1120691572,way,surface,MISSING,Surface tag is recommended to assess accessibility
1120691573,way,surface,MISSING,Surface tag is recommended to assess accessibility
1120691574,way,surface,MISSING,Surface tag is recommended to assess accessibility
1120691575,way,surface,MISSING,Surface tag is recommended to assess accessibility
1120691576,way,surface,MISSING,Surface tag is recommended to assess accessibility
1120691577,way,surface,MISSING,Surface tag is recommended to assess accessibility
1120691578,way,surface,MISSING,Surface tag is recommended to assess accessibility
1120691579,way,surface,MISSING,Surface tag is recommended to assess accessibility
1120691580,way,surface,MISSING,Surface tag is recommended to assess accessibility
1120691581,way,surface,MISSING,Surface tag is recommended to assess accessibility
1120691582,way,surface,MISSING,Surface tag is recommended to assess accessibility
1120691583,way,surface,MISSING,Surface tag is recommended to assess accessibility
1120691584,way,surface,MISSING,Surface tag is recommended to assess accessibility
1120691585,way,surface,MISSING,Surface tag is recommended to assess accessibility
1120691586,way,surface,MISSING,Surface tag is recommended to assess accessibility
1120691587,way,surface,MISSING,Surface tag is recommended to assess accessibility
1120691588,way,surface,MISSING,Surface tag is recommended to assess accessibility
1120691589,way,surface,MISSING,Surface tag is recommended to assess accessibility
1120691590,way,surface,MISSING,Surface tag is recommended to assess accessibility
1120691592,way,surface,MISSING,Surface tag is recommended to assess accessibility
1120691593,way,surface,MISSING,Surface tag is recommended to assess accessibility
1120691594,way,surface,MISSING,Surface tag is recommended to assess accessibility
1120691595,way,surface,MISSING,Surface tag is recommended to assess accessibility
1120691596,way,surface,MISSING,Surface tag is recommended to assess accessibility
1120691597,way,surface,MISSING,Surface tag is recommended to assess accessibility
1120691598,way,surface,MISSING,Surface tag is recommended to assess accessibility
1120691599,way,surface,MISSING,Surface tag is recommended to assess accessibility
1120691600,way,surface,MISSING,Surface tag is recommended to assess accessibility
1120691601,way,surface,MISSING,Surface tag is recommended to assess accessibility
1120691602,way,surface,MISSING,Surface tag is recommended to assess accessibility
1120691603,way,surface,MISSING,Surface tag is recommended to assess accessibility
1120691604,way,surface,MISSING,Surface tag is recommended to assess accessibility
1120691605,way,surface,MISSING,Surface tag is recommended to assess accessibility
1120691606,way,surface,MISSING,Surface tag is recommended to assess accessibility
1120691607,way,surface,MISSING,Surface tag is recommended to assess accessibility
1120691608,way,surface,MISSING,Surface tag is recommended to assess accessibility
1120691609,way,surface,MISSING,Surface tag is recommended to assess accessibility
1120691610,way,surface,MISSING,Surface tag is recommended to assess accessibility
1120691611,way,surface,MISSING,Surface tag is recommended to assess accessibility
1120691612,way,surface,MISSING,Surface tag is recommended to assess accessibility
1120691613,way,surface,MISSING,Surface tag is recommended to assess accessibility
1120691614,way,surface,MISSING,Surface tag is recommended to assess accessibility
1120691615,way,surface,MISSING,Surface tag is recommended to assess accessibility
1120691616,way,surface,MISSING,Surface tag is recommended to assess accessibility
1120691617,way,surface,MISSING,Surface tag is recommended to assess accessibility
1120691618,way,surface,MISSING,Surface tag is recommended to assess accessibility
1120691619,way,surface,MISSING,Surface tag is recommended to assess accessibility
1120691620,way,surface,MISSING,Surface tag is recommended to assess accessibility
1120691621,way,surface,MISSING,Surface tag is recommended to assess accessibility
1120691622,way,surface,MISSING,Surface tag is recommended to assess accessibility
1120691623,way,surface,MISSING,Surface tag is recommended to assess accessibility
1120691624,way,surface,MISSING,Surface tag is recommended to assess accessibility
1120691625,way,surface,MISSING,Surface tag is recommended to assess accessibility
1120691626,way,surface,MISSING,Surface tag is recommended to assess accessibility
1120691627,way,surface,MISSING,Surface tag is recommended to assess accessibility
1120691629,way,surface,MISSING,Surface tag is recommended to assess accessibility
1120691652,way,surface,MISSING,Surface tag is recommended to assess accessibility
1120691654,way,surface,MISSING,Surface tag is recommended to assess accessibility
1120691655,way,surface,MISSING,Surface tag is recommended to assess accessibility
1120691657,way,surface,MISSING,Surface tag is recommended to assess accessibility
1120691660,way,surface,MISSING,Surface tag is recommended to assess accessibility
1120691661,way,surface,MISSING,Surface tag is recommended to assess accessibility
1120691662,way,surface,MISSING,Surface tag is recommended to assess accessibility
1120691663,way,surface,MISSING,Surface tag is recommended to assess accessibility
1120691664,way,surface,MISSING,Surface tag is recommended to assess accessibility
1120691665,way,surface,MISSING,Surface tag is recommended to assess accessibility
1120691666,way,surface,MISSING,Surface tag is recommended to assess accessibility
1120691667,way,surface,MISSING,Surface tag is recommended to assess accessibility
1120691668,way,surface,MISSING,Surface tag is recommended to assess accessibility
1120691669,way,surface,MISSING,Surface tag is recommended to assess accessibility
1120691670,way,surface,MISSING,Surface tag is recommended to assess accessibility
1120691671,way,surface,MISSING,Surface tag is recommended to assess accessibility
1120691672,way,surface,MISSING,Surface tag is recommended to assess accessibility
1120691673,way,surface,MISSING,Surface tag is recommended to assess accessibility
1120691674,way,surface,MISSING,Surface tag is recommended to assess accessibility
1120691675,way,surface,MISSING,Surface tag is recommended to assess accessibility
1120691676,way,surface,MISSING,Surface tag is recommended to assess accessibility
1120691677,way,surface,MISSING,Surface tag is recommended to assess accessibility
1120691678,way,surface,MISSING,Surface tag is recommended to assess accessibility
1120691679,way,surface,MISSING,Surface tag is recommended to assess accessibility
1120691680,way,surface,MISSING,Surface tag is recommended to assess accessibility
1120691681,way,surface,MISSING,Surface tag is recommended to assess accessibility
1120691682,way,surface,MISSING,Surface tag is recommended to assess accessibility
1120691683,way,surface,MISSING,Surface tag is recommended to assess accessibility
1120691684,way,surface,MISSING,Surface tag is recommended to assess accessibility
1120691685,way,surface,MISSING,Surface tag is recommended to assess accessibility
1120691687,way,surface,MISSING,Surface tag is recommended to assess accessibility
1120691691,way,surface,MISSING,Surface tag is recommended to assess accessibility
1120691692,way,surface,MISSING,Surface tag is recommended to assess accessibility
1120691693,way,surface,MISSING,Surface tag is recommended to assess accessibility
1120691694,way,surface,MISSING,Surface tag is recommended to assess accessibility
1120691695,way,surface,MISSING,Surface tag is recommended to assess accessibility
1120691696,way,surface,MISSING,Surface tag is recommended to assess accessibility
1120691697,way,surface,MISSING,Surface tag is recommended to assess accessibility
1120691698,way,surface,MISSING,Surface tag is recommended to assess accessibility
1120691699,way,surface,MISSING,Surface tag is recommended to assess accessibility
1120691700,way,surface,MISSING,Surface tag is recommended to assess accessibility
1120691701,way,surface,MISSING,Surface tag is recommended to assess accessibility
1120691702,way,surface,MISSING,Surface tag is recommended to assess accessibility
1120691703,way,surface,MISSING,Surface tag is recommended to assess accessibility
1120691704,way,surface,MISSING,Surface tag is recommended to assess accessibility
1120691705,way,surface,MISSING,Surface tag is recommended to assess accessibility
1120691706,way,surface,MISSING,Surface tag is recommended to assess accessibility
1120691707,way,surface,MISSING,Surface tag is recommended to assess accessibility
1120691708,way,surface,MISSING,Surface tag is recommended to assess accessibility
1120691709,way,surface,MISSING,Surface tag is recommended to assess accessibility
1120691710,way,surface,MISSING,Surface tag is recommended to assess accessibility
1120691711,way,surface,MISSING,Surface tag is recommended to assess accessibility
1120691712,way,surface,MISSING,Surface tag is recommended to assess accessibility
1120691713,way,surface,MISSING,Surface tag is recommended to assess accessibility
1120691714,way,surface,MISSING,Surface tag is recommended to assess accessibility
1120691715,way,surface,MISSING,Surface tag is recommended to assess accessibility
1120691716,way,surface,MISSING,Surface tag is recommended to assess accessibility
1120691717,way,surface,MISSING,Surface tag is recommended to assess accessibility
1120691718,way,surface,MISSING,Surface tag is recommended to assess accessibility
1120691719,way,surface,MISSING,Surface tag is recommended to assess accessibility
1120691720,way,surface,MISSING,Surface tag is recommended to assess accessibility
1120691721,way,surface,MISSING,Surface tag is recommended to assess accessibility
1120691722,way,surface,MISSING,Surface tag is recommended to assess accessibility
1120691723,way,surface,MISSING,Surface tag is recommended to assess accessibility
1120691724,way,surface,MISSING,Surface tag is recommended to assess accessibility
1120691725,way,surface,MISSING,Surface tag is recommended to assess accessibility
1120691726,way,surface,MISSING,Surface tag is recommended to assess accessibility
1120691727,way,surface,MISSING,Surface tag is recommended to assess accessibility
1120691728,way,surface,MISSING,Surface tag is recommended to assess accessibility
1120691732,way,surface,MISSING,Surface tag is recommended to assess accessibility
1120691733,way,surface,MISSING,Surface tag is recommended to assess accessibility
1120691735,way,surface,MISSING,Surface tag is recommended to assess accessibility
1120691736,way,surface,MISSING,Surface tag is recommended to assess accessibility
1120691737,way,surface,MISSING,Surface tag is recommended to assess accessibility
1120691738,way,surface,MISSING,Surface tag is recommended to assess accessibility
1120691739,way,surface,MISSING,Surface tag is recommended to assess accessibility
1120691740,way,surface,MISSING,Surface tag is recommended to assess accessibility
1120691741,way,surface,MISSING,Surface tag is recommended to assess accessibility
1120691742,way,surface,MISSING,Surface tag is recommended to assess accessibility
1120691743,way,surface,MISSING,Surface tag is recommended to assess accessibility
1120691744,way,surface,MISSING,Surface tag is recommended to assess accessibility
1120691745,way,surface,MISSING,Surface tag is recommended to assess accessibility
1120691746,way,surface,MISSING,Surface tag is recommended to assess accessibility
1120691747,way,surface,MISSING,Surface tag is recommended to assess accessibility
1120691748,way,surface,MISSING,Surface tag is recommended to assess accessibility
1120691749,way,surface,MISSING,Surface tag is recommended to assess accessibility
1120691750,way,surface,MISSING,Surface tag is recommended to assess accessibility
1120691751,way,surface,MISSING,Surface tag is recommended to assess accessibility
1120691752,way,surface,MISSING,Surface tag is recommended to assess accessibility
1120691753,way,surface,MISSING,Surface tag is recommended to assess accessibility
1120691754,way,surface,MISSING,Surface tag is recommended to assess accessibility
1120691755,way,surface,MISSING,Surface tag is recommended to assess accessibility
1120691756,way,surface,MISSING,Surface tag is recommended to assess accessibility
1120691757,way,surface,MISSING,Surface tag is recommended to assess accessibility
1120691758,way,surface,MISSING,Surface tag is recommended to assess accessibility
1120691759,way,surface,MISSING,Surface tag is recommended to assess accessibility
1120691760,way,surface,MISSING,Surface tag is recommended to assess accessibility
1120691761,way,surface,MISSING,Surface tag is recommended to assess accessibility
1120691762,way,surface,MISSING,Surface tag is recommended to assess accessibility
1120691763,way,surface,MISSING,Surface tag is recommended to assess accessibility
1120691764,way,surface,MISSING,Surface tag is recommended to assess accessibility
1120691765,way,surface,MISSING,Surface tag is recommended to assess accessibility
1120691766,way,surface,MISSING,Surface tag is recommended to assess accessibility
1120691767,way,surface,MISSING,Surface tag is recommended to assess accessibility
1120691768,way,surface,MISSING,Surface tag is recommended to assess accessibility
1120691769,way,surface,MISSING,Surface tag is recommended to assess accessibility
1120691770,way,surface,MISSING,Surface tag is recommended to assess accessibility
1120691771,way,surface,MISSING,Surface tag is recommended to assess accessibility
1120691772,way,surface,MISSING,Surface tag is recommended to assess accessibility
1120691773,way,surface,MISSING,Surface tag is recommended to assess accessibility
1120691774,way,surface,MISSING,Surface tag is recommended to assess accessibility
1120691775,way,surface,MISSING,Surface tag is recommended to assess accessibility
1120691776,way,surface,MISSING,Surface tag is recommended to assess accessibility
1120691777,way,surface,MISSING,Surface tag is recommended to assess accessibility
1120691778,way,surface,MISSING,Surface tag is recommended to assess accessibility
1120691779,way,surface,MISSING,Surface tag is recommended to assess accessibility
1120691780,way,surface,MISSING,Surface tag is recommended to assess accessibility
1120691781,way,surface,MISSING,Surface tag is recommended to assess accessibility
1120691782,way,surface,MISSING,Surface tag is recommended to assess accessibility
1120691783,way,surface,MISSING,Surface tag is recommended to assess accessibility
1120691784,way,surface,MISSING,Surface tag is recommended to assess accessibility
1120691785,way,surface,MISSING,Surface tag is recommended to assess accessibility
1120691786,way,surface,MISSING,Surface tag is recommended to assess accessibility
1120691787,way,surface,MISSING,Surface tag is recommended to assess accessibility
1120691788,way,surface,MISSING,Surface tag is recommended to assess accessibility
1120691789,way,surface,MISSING,Surface tag is recommended to assess accessibility
1120691790,way,surface,MISSING,Surface tag is recommended to assess accessibility
1120691791,way,surface,MISSING,Surface tag is recommended to assess accessibility
1120691793,way,surface,MISSING,Surface tag is recommended to assess accessibility
1120691796,way,surface,MISSING,Surface tag is recommended to assess accessibility
1120691797,way,surface,MISSING,Surface tag is recommended to assess accessibility
1120691798,way,surface,MISSING,Surface tag is recommended to assess accessibility
1120691799,way,surface,MISSING,Surface tag is recommended to assess accessibility
1120691800,way,surface,MISSING,Surface tag is recommended to assess accessibility
1120691801,way,surface,MISSING,Surface tag is recommended to assess accessibility
1120691824,way,surface,MISSING,Surface tag is recommended to assess accessibility
1120691825,way,surface,MISSING,Surface tag is recommended to assess accessibility
1120691826,way,surface,MISSING,Surface tag is recommended to assess accessibility
1120691827,way,surface,MISSING,Surface tag is recommended to assess accessibility
1120691828,way,surface,MISSING,Surface tag is recommended to assess accessibility
1120691829,way,surface,MISSING,Surface tag is recommended to assess accessibility
1120691830,way,surface,MISSING,Surface tag is recommended to assess accessibility
1120691831,way,surface,MISSING,Surface tag is recommended to assess accessibility
1120691832,way,surface,MISSING,Surface tag is recommended to assess accessibility
1120691834,way,surface,MISSING,Surface tag is recommended to assess accessibility
1120691835,way,surface,MISSING,Surface tag is recommended to assess accessibility
1120691836,way,surface,MISSING,Surface tag is recommended to assess accessibility
1120691837,way,surface,MISSING,Surface tag is recommended to assess accessibility
1120691839,way,surface,MISSING,Surface tag is recommended to assess accessibility
1120691840,way,surface,MISSING,Surface tag is recommended to assess accessibility
1120691841,way,surface,MISSING,Surface tag is recommended to assess accessibility
1120691842,way,surface,MISSING,Surface tag is recommended to assess accessibility
1120691843,way,surface,MISSING,Surface tag is recommended to assess accessibility
1120691844,way,surface,MISSING,Surface tag is recommended to assess accessibility
1120691846,way,surface,MISSING,Surface tag is recommended to assess accessibility
1120691847,way,surface,MISSING,Surface tag is recommended to assess accessibility
1120691848,way,surface,MISSING,Surface tag is recommended to assess accessibility
1120691849,way,surface,MISSING,Surface tag is recommended to assess accessibility
1120691850,way,surface,MISSING,Surface tag is recommended to assess accessibility
1120691851,way,surface,MISSING,Surface tag is recommended to assess accessibility
1120691852,way,surface,MISSING,Surface tag is recommended to assess accessibility
1120691853,way,surface,MISSING,Surface tag is recommended to assess accessibility
1120691854,way,surface,MISSING,Surface tag is recommended to assess accessibility
1120691855,way,surface,MISSING,Surface tag is recommended to assess accessibility
1120691856,way,surface,MISSING,Surface tag is recommended to assess accessibility
1120691857,way,surface,MISSING,Surface tag is recommended to assess accessibility
1120691858,way,surface,MISSING,Surface tag is recommended to assess accessibility
1120691859,way,surface,MISSING,Surface tag is recommended to assess accessibility
1120691863,way,surface,MISSING,Surface tag is recommended to assess accessibility
1120691865,way,surface,MISSING,Surface tag is recommended to assess accessibility
1120691866,way,surface,MISSING,Surface tag is recommended to assess accessibility
1120691867,way,surface,MISSING,Surface tag is recommended to assess accessibility
1120691868,way,surface,MISSING,Surface tag is recommended to assess accessibility
1120691869,way,surface,MISSING,Surface tag is recommended to assess accessibility
1120691870,way,surface,MISSING,Surface tag is recommended to assess accessibility
1120691871,way,surface,MISSING,Surface tag is recommended to assess accessibility
1120691872,way,surface,MISSING,Surface tag is recommended to assess accessibility
1120691873,way,surface,MISSING,Surface tag is recommended to assess accessibility
1120691874,way,surface,MISSING,Surface tag is recommended to assess accessibility
1120691875,way,surface,MISSING,Surface tag is recommended to assess accessibility
1120691876,way,surface,MISSING,Surface tag is recommended to assess accessibility
1120691877,way,surface,MISSING,Surface tag is recommended to assess accessibility
1120691878,way,surface,MISSING,Surface tag is recommended to assess accessibility
1120691879,way,surface,MISSING,Surface tag is recommended to assess accessibility
1120691880,way,surface,MISSING,Surface tag is recommended to assess accessibility
1120691881,way,surface,MISSING,Surface tag is recommended to assess accessibility
1120691882,way,surface,MISSING,Surface tag is recommended to assess accessibility
1120691883,way,surface,MISSING,Surface tag is recommended to assess accessibility
1120691884,way,surface,MISSING,Surface tag is recommended to assess accessibility
1120691885,way,surface,MISSING,Surface tag is recommended to assess accessibility
1120691886,way,surface,MISSING,Surface tag is recommended to assess accessibility
1120691887,way,surface,MISSING,Surface tag is recommended to assess accessibility
1120691888,way,surface,MISSING,Surface tag is recommended to assess accessibility
1120691889,way,surface,MISSING,Surface tag is recommended to assess accessibility
1120691890,way,surface,MISSING,Surface tag is recommended to assess accessibility
1120691891,way,surface,MISSING,Surface tag is recommended to assess accessibility
1120691892,way,surface,MISSING,Surface tag is recommended to assess accessibility
1120691893,way,surface,MISSING,Surface tag is recommended to assess accessibility
1120691894,way,surface,MISSING,Surface tag is recommended to assess accessibility
1120691895,way,surface,MISSING,Surface tag is recommended to assess accessibility
1120691896,way,surface,MISSING,Surface tag is recommended to assess accessibility
1120691897,way,surface,MISSING,Surface tag is recommended to assess accessibility
1120691898,way,surface,MISSING,Surface tag is recommended to assess accessibility
1120691899,way,surface,MISSING,Surface tag is recommended to assess accessibility
1120691900,way,surface,MISSING,Surface tag is recommended to assess accessibility
1120691901,way,surface,MISSING,Surface tag is recommended to assess accessibility
1120691902,way,surface,MISSING,Surface tag is recommended to assess accessibility
1120691903,way,surface,MISSING,Surface tag is recommended to assess accessibility
1120691904,way,surface,MISSING,Surface tag is recommended to assess accessibility
1120691905,way,surface,MISSING,Surface tag is recommended to assess accessibility
1120691906,way,surface,MISSING,Surface tag is recommended to assess accessibility
1120691907,way,surface,MISSING,Surface tag is recommended to assess accessibility
1120691908,way,surface,MISSING,Surface tag is recommended to assess accessibility
1120691909,way,surface,MISSING,Surface tag is recommended to assess accessibility
1120691910,way,surface,MISSING,Surface tag is recommended to assess accessibility
1120691911,way,surface,MISSING,Surface tag is recommended to assess accessibility
1120691912,way,surface,MISSING,Surface tag is recommended to assess accessibility
1120691913,way,surface,MISSING,Surface tag is recommended to assess accessibility
1120691914,way,surface,MISSING,Surface tag is recommended to assess accessibility
1120691925,way,surface,MISSING,Surface tag is recommended to assess accessibility
1120691931,way,surface,MISSING,Surface tag is recommended to assess accessibility
1120691932,way,surface,MISSING,Surface tag is recommended to assess accessibility
1120691933,way,surface,MISSING,Surface tag is recommended to assess accessibility
1120691935,way,surface,MISSING,Surface tag is recommended to assess accessibility
1120691936,way,surface,MISSING,Surface tag is recommended to assess accessibility
1120691937,way,surface,MISSING,Surface tag is recommended to assess accessibility
1120691938,way,surface,MISSING,Surface tag is recommended to assess accessibility
1120691939,way,surface,MISSING,Surface tag is recommended to assess accessibility
1120691940,way,surface,MISSING,Surface tag is recommended to assess accessibility
1120691941,way,surface,MISSING,Surface tag is recommended to assess accessibility
1120691942,way,surface,MISSING,Surface tag is recommended to assess accessibility
1120691943,way,surface,MISSING,Surface tag is recommended to assess accessibility
1120691944,way,surface,MISSING,Surface tag is recommended to assess accessibility
1120691945,way,surface,MISSING,Surface tag is recommended to assess accessibility
1120691946,way,surface,MISSING,Surface tag is recommended to assess accessibility
1120691947,way,surface,MISSING,Surface tag is recommended to assess accessibility
1120691948,way,surface,MISSING,Surface tag is recommended to assess accessibility
1120691949,way,surface,MISSING,Surface tag is recommended to assess accessibility
1120691950,way,surface,MISSING,Surface tag is recommended to assess accessibility
1120691951,way,surface,MISSING,Surface tag is recommended to assess accessibility
1120691952,way,surface,MISSING,Surface tag is recommended to assess accessibility
1120691953,way,surface,MISSING,Surface tag is recommended to assess accessibility
1120691954,way,surface,MISSING,Surface tag is recommended to assess accessibility
1120691955,way,surface,MISSING,Surface tag is recommended to assess accessibility
1120691956,way,surface,MISSING,Surface tag is recommended to assess accessibility
1120691957,way,surface,MISSING,Surface tag is recommended to assess accessibility
1120691958,way,surface,MISSING,Surface tag is recommended to assess accessibility
1120691959,way,surface,MISSING,Surface tag is recommended to assess accessibility
1120691960,way,surface,MISSING,Surface tag is recommended to assess accessibility
1120691961,way,surface,MISSING,Surface tag is recommended to assess accessibility
1120691962,way,surface,MISSING,Surface tag is recommended to assess accessibility
1120691963,way,surface,MISSING,Surface tag is recommended to assess accessibility
1120691964,way,surface,MISSING,Surface tag is recommended to assess accessibility
1120691965,way,surface,MISSING,Surface tag is recommended to assess accessibility
1120691966,way,surface,MISSING,Surface tag is recommended to assess accessibility
1120691967,way,surface,MISSING,Surface tag is recommended to assess accessibility
1120691968,way,surface,MISSING,Surface tag is recommended to assess accessibility
1120691969,way,surface,MISSING,Surface tag is recommended to assess accessibility
1120691970,way,surface,MISSING,Surface tag is recommended to assess accessibility
1120691971,way,surface,MISSING,Surface tag is recommended to assess accessibility
1120691972,way,surface,MISSING,Surface tag is recommended to assess accessibility
1120691973,way,surface,MISSING,Surface tag is recommended to assess accessibility
1120691974,way,surface,MISSING,Surface tag is recommended to assess accessibility
1120691975,way,surface,MISSING,Surface tag is recommended to assess accessibility
1120691976,way,surface,MISSING,Surface tag is recommended to assess accessibility
1120691977,way,surface,MISSING,Surface tag is recommended to assess accessibility
1120691978,way,surface,MISSING,Surface tag is recommended to assess accessibility
1120691979,way,surface,MISSING,Surface tag is recommended to assess accessibility
1120691980,way,surface,MISSING,Surface tag is recommended to assess accessibility
1120691981,way,surface,MISSING,Surface tag is recommended to assess accessibility
1120691983,way,surface,MISSING,Surface tag is recommended to assess accessibility
1120691984,way,surface,MISSING,Surface tag is recommended to assess accessibility
1120691985,way,surface,MISSING,Surface tag is recommended to assess accessibility
1120691986,way,surface,MISSING,Surface tag is recommended to assess accessibility
1120691987,way,surface,MISSING,Surface tag is recommended to assess accessibility
1120691988,way,surface,MISSING,Surface tag is recommended to assess accessibility
1120691989,way,surface,MISSING,Surface tag is recommended to assess accessibility
1120691990,way,surface,MISSING,Surface tag is recommended to assess accessibility
1120691991,way,surface,MISSING,Surface tag is recommended to assess accessibility
1120691992,way,surface,MISSING,Surface tag is recommended to assess accessibility
1120691993,way,surface,MISSING,Surface tag is recommended to assess accessibility
1120691994,way,surface,MISSING,Surface tag is recommended to assess accessibility
1120691995,way,surface,MISSING,Surface tag is recommended to assess accessibility
1120691996,way,surface,MISSING,Surface tag is recommended to assess accessibility
1120691997,way,surface,MISSING,Surface tag is recommended to assess accessibility
1120691998,way,surface,MISSING,Surface tag is recommended to assess accessibility
1120691999,way,surface,MISSING,Surface tag is recommended to assess accessibility
1120692000,way,surface,MISSING,Surface tag is recommended to assess accessibility
1120692001,way,surface,MISSING,Surface tag is recommended to assess accessibility
1120692002,way,surface,MISSING,Surface tag is recommended to assess accessibility
1120692003,way,surface,MISSING,Surface tag is recommended to assess accessibility
1120692004,way,surface,MISSING,Surface tag is recommended to assess accessibility
1120692005,way,surface,MISSING,Surface tag is recommended to assess accessibility
1120692006,way,surface,MISSING,Surface tag is recommended to assess accessibility
1120692007,way,surface,MISSING,Surface tag is recommended to assess accessibility
1120692008,way,surface,MISSING,Surface tag is recommended to assess accessibility
1120692009,way,surface,MISSING,Surface tag is recommended to assess accessibility
1120692010,way,surface,MISSING,Surface tag is recommended to assess accessibility
1120692011,way,surface,MISSING,Surface tag is recommended to assess accessibility
1120692012,way,surface,MISSING,Surface tag is recommended to assess accessibility
1120692013,way,surface,MISSING,Surface tag is recommended to assess accessibility
1120692014,way,surface,MISSING,Surface tag is recommended to assess accessibility
1120692015,way,surface,MISSING,Surface tag is recommended to assess accessibility
1120692016,way,surface,MISSING,Surface tag is recommended to assess accessibility
1120692017,way,surface,MISSING,Surface tag is recommended to assess accessibility
1120692018,way,surface,MISSING,Surface tag is recommended to assess accessibility
1120692019,way,surface,MISSING,Surface tag is recommended to assess accessibility
1120692020,way,surface,MISSING,Surface tag is recommended to assess accessibility
1120692021,way,surface,MISSING,Surface tag is recommended to assess accessibility
1120692022,way,surface,MISSING,Surface tag is recommended to assess accessibility
1120692023,way,surface,MISSING,Surface tag is recommended to assess accessibility
1120692024,way,surface,MISSING,Surface tag is recommended to assess accessibility
1120692025,way,surface,MISSING,Surface tag is recommended to assess accessibility
1120692026,way,surface,MISSING,Surface tag is recommended to assess accessibility
1120692027,way,surface,MISSING,Surface tag is recommended to assess accessibility
1120692028,way,surface,MISSING,Surface tag is recommended to assess accessibility
1120692029,way,surface,MISSING,Surface tag is recommended to assess accessibility
1120692030,way,surface,MISSING,Surface tag is recommended to assess accessibility
1120692031,way,surface,MISSING,Surface tag is recommended to assess accessibility
1120692032,way,surface,MISSING,Surface tag is recommended to assess accessibility
1120692033,way,surface,MISSING,Surface tag is recommended to assess accessibility
1120692034,way,surface,MISSING,Surface tag is recommended to assess accessibility
1120692035,way,surface,MISSING,Surface tag is recommended to assess accessibility
1120692036,way,surface,MISSING,Surface tag is recommended to assess accessibility
1120692037,way,surface,MISSING,Surface tag is recommended to assess accessibility
1120692038,way,surface,MISSING,Surface tag is recommended to assess accessibility
1120692039,way,surface,MISSING,Surface tag is recommended to assess accessibility
1120692040,way,surface,MISSING,Surface tag is recommended to assess accessibility
1120692041,way,surface,MISSING,Surface tag is recommended to assess accessibility
1120692042,way,surface,MISSING,Surface tag is recommended to assess accessibility
1120692043,way,surface,MISSING,Surface tag is recommended to assess accessibility
1120692044,way,surface,MISSING,Surface tag is recommended to assess accessibility
1120692045,way,surface,MISSING,Surface tag is recommended to assess accessibility
1120692046,way,surface,MISSING,Surface tag is recommended to assess accessibility
1120692047,way,surface,MISSING,Surface tag is recommended to assess accessibility
1120692048,way,surface,MISSING,Surface tag is recommended to assess accessibility
1120692049,way,surface,MISSING,Surface tag is recommended to assess accessibility
1120692050,way,surface,MISSING,Surface tag is recommended to assess accessibility
1120692051,way,surface,MISSING,Surface tag is recommended to assess accessibility
1120692052,way,surface,MISSING,Surface tag is recommended to assess accessibility
1120692053,way,surface,MISSING,Surface tag is recommended to assess accessibility
1120692054,way,surface,MISSING,Surface tag is recommended to assess accessibility
1120692055,way,surface,MISSING,Surface tag is recommended to assess accessibility
1120692056,way,surface,MISSING,Surface tag is recommended to assess accessibility
1120692057,way,surface,MISSING,Surface tag is recommended to assess accessibility
1120692058,way,surface,MISSING,Surface tag is recommended to assess accessibility
1120692059,way,surface,MISSING,Surface tag is recommended to assess accessibility
1120692061,way,surface,MISSING,Surface tag is recommended to assess accessibility
1120692073,way,surface,MISSING,Surface tag is recommended to assess accessibility
1120692074,way,surface,MISSING,Surface tag is recommended to assess accessibility
1120692075,way,surface,MISSING,Surface tag is recommended to assess accessibility
1120692076,way,surface,MISSING,Surface tag is recommended to assess accessibility
1120692077,way,surface,MISSING,Surface tag is recommended to assess accessibility
1120692078,way,surface,MISSING,Surface tag is recommended to assess accessibility
1120692079,way,surface,MISSING,Surface tag is recommended to assess accessibility
1120692080,way,surface,MISSING,Surface tag is recommended to assess accessibility
1120692081,way,surface,MISSING,Surface tag is recommended to assess accessibility
1120692082,way,surface,MISSING,Surface tag is recommended to assess accessibility
1120692083,way,surface,MISSING,Surface tag is recommended to assess accessibility
1120692084,way,surface,MISSING,Surface tag is recommended to assess accessibility
1120692085,way,surface,MISSING,Surface tag is recommended to assess accessibility
1120692086,way,surface,MISSING,Surface tag is recommended to assess accessibility
1120692087,way,surface,MISSING,Surface tag is recommended to assess accessibility
1120692088,way,surface,MISSING,Surface tag is recommended to assess accessibility
1120692093,way,surface,MISSING,Surface tag is recommended to assess accessibility
1120692099,way,surface,MISSING,Surface tag is recommended to assess accessibility
1120692101,way,surface,MISSING,Surface tag is recommended to assess accessibility
1120692102,way,surface,MISSING,Surface tag is recommended to assess accessibility
1120692112,way,surface,MISSING,Surface tag is recommended to assess accessibility
1120692117,way,surface,MISSING,Surface tag is recommended to assess accessibility
1120692123,way,surface,MISSING,Surface tag is recommended to assess accessibility
1120692125,way,surface,MISSING,Surface tag is recommended to assess accessibility
1120692126,way,surface,MISSING,Surface tag is recommended to assess accessibility
1120692129,way,surface,MISSING,Surface tag is recommended to assess accessibility
1120692130,way,surface,MISSING,Surface tag is recommended to assess accessibility
1120692132,way,surface,MISSING,Surface tag is recommended to assess accessibility
1120692135,way,surface,MISSING,Surface tag is recommended to assess accessibility
1120692140,way,surface,MISSING,Surface tag is recommended to assess accessibility
1120692141,way,surface,MISSING,Surface tag is recommended to assess accessibility
1120692142,way,surface,MISSING,Surface tag is recommended to assess accessibility
1120692144,way,surface,MISSING,Surface tag is recommended to assess accessibility
1120692145,way,surface,MISSING,Surface tag is recommended to assess accessibility
1120692146,way,surface,MISSING,Surface tag is recommended to assess accessibility
1120692147,way,surface,MISSING,Surface tag is recommended to assess accessibility
1120692148,way,surface,MISSING,Surface tag is recommended to assess accessibility
1120692149,way,surface,MISSING,Surface tag is recommended to assess accessibility
1120692150,way,surface,MISSING,Surface tag is recommended to assess accessibility
1120692151,way,surface,MISSING,Surface tag is recommended to assess accessibility
1120692152,way,surface,MISSING,Surface tag is recommended to assess accessibility
1120692153,way,surface,MISSING,Surface tag is recommended to assess accessibility
1120692154,way,surface,MISSING,Surface tag is recommended to assess accessibility
1120692155,way,surface,MISSING,Surface tag is recommended to assess accessibility
1120692156,way,surface,MISSING,Surface tag is recommended to assess accessibility
1120692157,way,surface,MISSING,Surface tag is recommended to assess accessibility
1120692158,way,surface,MISSING,Surface tag is recommended to assess accessibility
1120692159,way,surface,MISSING,Surface tag is recommended to assess accessibility
1120692160,way,surface,MISSING,Surface tag is recommended to assess accessibility
1120692161,way,surface,MISSING,Surface tag is recommended to assess accessibility
1120692162,way,surface,MISSING,Surface tag is recommended to assess accessibility
1120692163,way,surface,MISSING,Surface tag is recommended to assess accessibility
1120692164,way,surface,MISSING,Surface tag is recommended to assess accessibility
1120692165,way,surface,MISSING,Surface tag is recommended to assess accessibility
1120692166,way,surface,MISSING,Surface tag is recommended to assess accessibility
1120692167,way,surface,MISSING,Surface tag is recommended to assess accessibility
1120692168,way,surface,MISSING,Surface tag is recommended to assess accessibility
1120692169,way,surface,MISSING,Surface tag is recommended to assess accessibility
1120692170,way,surface,MISSING,Surface tag is recommended to assess accessibility
1120692171,way,surface,MISSING,Surface tag is recommended to assess accessibility
1120692172,way,surface,MISSING,Surface tag is recommended to assess accessibility
1120692173,way,surface,MISSING,Surface tag is recommended to assess accessibility
1120692174,way,surface,MISSING,Surface tag is recommended to assess accessibility
1120692175,way,surface,MISSING,Surface tag is recommended to assess accessibility
1120692176,way,surface,MISSING,Surface tag is recommended to assess accessibility
1120692177,way,surface,MISSING,Surface tag is recommended to assess accessibility
1120692178,way,surface,MISSING,Surface tag is recommended to assess accessibility
1120692179,way,surface,MISSING,Surface tag is recommended to assess accessibility
1120692180,way,surface,MISSING,Surface tag is recommended to assess accessibility
1120692181,way,surface,MISSING,Surface tag is recommended to assess accessibility
1120692182,way,surface,MISSING,Surface tag is recommended to assess accessibility
1120692183,way,surface,MISSING,Surface tag is recommended to assess accessibility
1120692184,way,surface,MISSING,Surface tag is recommended to assess accessibility
1120692185,way,surface,MISSING,Surface tag is recommended to assess accessibility
1120692186,way,surface,MISSING,Surface tag is recommended to assess accessibility
1120692187,way,surface,MISSING,Surface tag is recommended to assess accessibility
1120692188,way,surface,MISSING,Surface tag is recommended to assess accessibility
1120692189,way,surface,MISSING,Surface tag is recommended to assess accessibility
1120692190,way,surface,MISSING,Surface tag is recommended to assess accessibility
1120692191,way,surface,MISSING,Surface tag is recommended to assess accessibility
1120692192,way,surface,MISSING,Surface tag is recommended to assess accessibility
1120692193,way,surface,MISSING,Surface tag is recommended to assess accessibility
1120692194,way,surface,MISSING,Surface tag is recommended to assess accessibility
1120692195,way,surface,MISSING,Surface tag is recommended to assess accessibility
1120692196,way,surface,MISSING,Surface tag is recommended to assess accessibility
1120692197,way,surface,MISSING,Surface tag is recommended to assess accessibility
1120692198,way,surface,MISSING,Surface tag is recommended to assess accessibility
1120692199,way,surface,MISSING,Surface tag is recommended to assess accessibility
1120692200,way,surface,MISSING,Surface tag is recommended to assess accessibility
1120692201,way,surface,MISSING,Surface tag is recommended to assess accessibility
1120692202,way,surface,MISSING,Surface tag is recommended to assess accessibility
1120692203,way,surface,MISSING,Surface tag is recommended to assess accessibility
1120692204,way,surface,MISSING,Surface tag is recommended to assess accessibility
1120692205,way,surface,MISSING,Surface tag is recommended to assess accessibility
1120692206,way,surface,MISSING,Surface tag is recommended to assess accessibility
1120692207,way,surface,MISSING,Surface tag is recommended to assess accessibility
1120692208,way,surface,MISSING,Surface tag is recommended to assess accessibility
1120692209,way,surface,MISSING,Surface tag is recommended to assess accessibility
1120692210,way,surface,MISSING,Surface tag is recommended to assess accessibility
1120692211,way,surface,MISSING,Surface tag is recommended to assess accessibility
1120692212,way,surface,MISSING,Surface tag is recommended to assess accessibility
1120692213,way,surface,MISSING,Surface tag is recommended to assess accessibility
1120692214,way,surface,MISSING,Surface tag is recommended to assess accessibility
1120692215,way,surface,MISSING,Surface tag is recommended to assess accessibility
1120692216,way,surface,MISSING,Surface tag is recommended to assess accessibility
1120692217,way,surface,MISSING,Surface tag is recommended to assess accessibility
1120692218,way,surface,MISSING,Surface tag is recommended to assess accessibility
1120692219,way,surface,MISSING,Surface tag is recommended to assess accessibility
1120692220,way,surface,MISSING,Surface tag is recommended to assess accessibility
1120692221,way,surface,MISSING,Surface tag is recommended to assess accessibility
1120692222,way,surface,MISSING,Surface tag is recommended to assess accessibility
1120692223,way,surface,MISSING,Surface tag is recommended to assess accessibility
1120692224,way,surface,MISSING,Surface tag is recommended to assess accessibility
1120692225,way,surface,MISSING,Surface tag is recommended to assess accessibility
1120692226,way,surface,MISSING,Surface tag is recommended to assess accessibility
1120692227,way,surface,MISSING,Surface tag is recommended to assess accessibility
1120692228,way,surface,MISSING,Surface tag is recommended to assess accessibility
1120692229,way,surface,MISSING,Surface tag is recommended to assess accessibility
1120692230,way,surface,MISSING,Surface tag is recommended to assess accessibility
1120692231,way,surface,MISSING,Surface tag is recommended to assess accessibility
1120692232,way,surface,MISSING,Surface tag is recommended to assess accessibility
1120692233,way,surface,MISSING,Surface tag is recommended to assess accessibility
1120692234,way,surface,MISSING,Surface tag is recommended to assess accessibility
1120692235,way,surface,MISSING,Surface tag is recommended to assess accessibility
1120692236,way,surface,MISSING,Surface tag is recommended to assess accessibility
1120692237,way,surface,MISSING,Surface tag is recommended to assess accessibility
1120692238,way,surface,MISSING,Surface tag is recommended to assess accessibility
1120692239,way,surface,MISSING,Surface tag is recommended to assess accessibility
1120692240,way,surface,MISSING,Surface tag is recommended to assess accessibility
1120692241,way,surface,MISSING,Surface tag is recommended to assess accessibility
1120692242,way,surface,MISSING,Surface tag is recommended to assess accessibility
1120692243,way,surface,MISSING,Surface tag is recommended to assess accessibility
1120692244,way,surface,MISSING,Surface tag is recommended to assess accessibility
1120692245,way,surface,MISSING,Surface tag is recommended to assess accessibility
1120692246,way,surface,MISSING,Surface tag is recommended to assess accessibility
1120692247,way,surface,MISSING,Surface tag is recommended to assess accessibility
1120692248,way,surface,MISSING,Surface tag is recommended to assess accessibility
1120692249,way,surface,MISSING,Surface tag is recommended to assess accessibility
1120692250,way,surface,MISSING,Surface tag is recommended to assess accessibility
1120692251,way,surface,MISSING,Surface tag is recommended to assess accessibility
1120692252,way,surface,MISSING,Surface tag is recommended to assess accessibility
1120692253,way,surface,MISSING,Surface tag is recommended to assess accessibility
1120692254,way,surface,MISSING,Surface tag is recommended to assess accessibility
1120692255,way,surface,MISSING,Surface tag is recommended to assess accessibility
1120692256,way,surface,MISSING,Surface tag is recommended to assess accessibility
1120692257,way,surface,MISSING,Surface tag is recommended to assess accessibility
1120692258,way,surface,MISSING,Surface tag is recommended to assess accessibility
1120692259,way,surface,MISSING,Surface tag is recommended to assess accessibility
1120692260,way,surface,MISSING,Surface tag is recommended to assess accessibility
1120692261,way,surface,MISSING,Surface tag is recommended to assess accessibility
1120692262,way,surface,MISSING,Surface tag is recommended to assess accessibility
1120692263,way,surface,MISSING,Surface tag is recommended to assess accessibility
1120692264,way,surface,MISSING,Surface tag is recommended to assess accessibility
1120692265,way,surface,MISSING,Surface tag is recommended to assess accessibility
1120692266,way,surface,MISSING,Surface tag is recommended to assess accessibility
1120692267,way,surface,MISSING,Surface tag is recommended to assess accessibility
1120692268,way,surface,MISSING,Surface tag is recommended to assess accessibility
1120692269,way,surface,MISSING,Surface tag is recommended to assess accessibility
1120692270,way,surface,MISSING,Surface tag is recommended to assess accessibility
1120692271,way,surface,MISSING,Surface tag is recommended to assess accessibility
1120692272,way,surface,MISSING,Surface tag is recommended to assess accessibility
1120692273,way,surface,MISSING,Surface tag is recommended to assess accessibility
1120692274,way,surface,MISSING,Surface tag is recommended to assess accessibility
1120692275,way,surface,MISSING,Surface tag is recommended to assess accessibility
1120692276,way,surface,MISSING,Surface tag is recommended to assess accessibility
1120692277,way,surface,MISSING,Surface tag is recommended to assess accessibility
1120692278,way,surface,MISSING,Surface tag is recommended to assess accessibility
1120692279,way,surface,MISSING,Surface tag is recommended to assess accessibility
1120692280,way,surface,MISSING,Surface tag is recommended to assess accessibility
1120692281,way,surface,MISSING,Surface tag is recommended to assess accessibility
1120692282,way,surface,MISSING,Surface tag is recommended to assess accessibility
1120692283,way,surface,MISSING,Surface tag is recommended to assess accessibility
1120692284,way,surface,MISSING,Surface tag is recommended to assess accessibility
1120692285,way,surface,MISSING,Surface tag is recommended to assess accessibility
1120692286,way,surface,MISSING,Surface tag is recommended to assess accessibility
1120692287,way,surface,MISSING,Surface tag is recommended to assess accessibility
1120692288,way,surface,MISSING,Surface tag is recommended to assess accessibility
1120692299,way,surface,MISSING,Surface tag is recommended to assess accessibility
1120692303,way,surface,MISSING,Surface tag is recommended to assess accessibility
1120692304,way,surface,MISSING,Surface tag is recommended to assess accessibility
1120692305,way,surface,MISSING,Surface tag is recommended to assess accessibility
1120692306,way,surface,MISSING,Surface tag is recommended to assess accessibility
1120692307,way,surface,MISSING,Surface tag is recommended to assess accessibility
1120692311,way,surface,MISSING,Surface tag is recommended to assess accessibility
1120692312,way,surface,MISSING,Surface tag is recommended to assess accessibility
1120692313,way,surface,MISSING,Surface tag is recommended to assess accessibility
1120692314,way,surface,MISSING,Surface tag is recommended to assess accessibility
1120692315,way,surface,MISSING,Surface tag is recommended to assess accessibility
1120692316,way,surface,MISSING,Surface tag is recommended to assess accessibility
1120692317,way,surface,MISSING,Surface tag is recommended to assess accessibility
1120692318,way,surface,MISSING,Surface tag is recommended to assess accessibility
1120692319,way,surface,MISSING,Surface tag is recommended to assess accessibility
1120692320,way,surface,MISSING,Surface tag is recommended to assess accessibility
1120692321,way,surface,MISSING,Surface tag is recommended to assess accessibility
1120692322,way,surface,MISSING,Surface tag is recommended to assess accessibility
1120692323,way,surface,MISSING,Surface tag is recommended to assess accessibility
1120692324,way,surface,MISSING,Surface tag is recommended to assess accessibility
1120692325,way,surface,MISSING,Surface tag is recommended to assess accessibility
1120692326,way,surface,MISSING,Surface tag is recommended to assess accessibility
1120692327,way,surface,MISSING,Surface tag is recommended to assess accessibility
1120692328,way,surface,MISSING,Surface tag is recommended to assess accessibility
1120692329,way,surface,MISSING,Surface tag is recommended to assess accessibility
1120692330,way,surface,MISSING,Surface tag is recommended to assess accessibility
1120692331,way,surface,MISSING,Surface tag is recommended to assess accessibility
1120692332,way,surface,MISSING,Surface tag is recommended to assess accessibility
1120692333,way,surface,MISSING,Surface tag is recommended to assess accessibility
1120692334,way,surface,MISSING,Surface tag is recommended to assess accessibility
1120692335,way,surface,MISSING,Surface tag is recommended to assess accessibility
1120692336,way,surface,MISSING,Surface tag is recommended to assess accessibility
1120692337,way,surface,MISSING,Surface tag is recommended to assess accessibility
1120692338,way,surface,MISSING,Surface tag is recommended to assess accessibility
1120692339,way,surface,MISSING,Surface tag is recommended to assess accessibility
1120692340,way,surface,MISSING,Surface tag is recommended to assess accessibility
1120692341,way,surface,MISSING,Surface tag is recommended to assess accessibility
1120692342,way,surface,MISSING,Surface tag is recommended to assess accessibility
1120692343,way,surface,MISSING,Surface tag is recommended to assess accessibility
1120692344,way,surface,MISSING,Surface tag is recommended to assess accessibility
1120692345,way,surface,MISSING,Surface tag is recommended to assess accessibility
1120692346,way,surface,MISSING,Surface tag is recommended to assess accessibility
1120692347,way,surface,MISSING,Surface tag is recommended to assess accessibility
1120692348,way,surface,MISSING,Surface tag is recommended to assess accessibility
1120692349,way,surface,MISSING,Surface tag is recommended to assess accessibility
1120692350,way,surface,MISSING,Surface tag is recommended to assess accessibility
1120692351,way,surface,MISSING,Surface tag is recommended to assess accessibility
1120692352,way,surface,MISSING,Surface tag is recommended to assess accessibility
1120692353,way,surface,MISSING,Surface tag is recommended to assess accessibility
1120692354,way,surface,MISSING,Surface tag is recommended to assess accessibility
1120692355,way,surface,MISSING,Surface tag is recommended to assess accessibility
1120692356,way,surface,MISSING,Surface tag is recommended to assess accessibility
1120692357,way,surface,MISSING,Surface tag is recommended to assess accessibility
1120692358,way,surface,MISSING,Surface tag is recommended to assess accessibility
1120692359,way,surface,MISSING,Surface tag is recommended to assess accessibility
1120692360,way,surface,MISSING,Surface tag is recommended to assess accessibility
1120692361,way,surface,MISSING,Surface tag is recommended to assess accessibility
1120692362,way,surface,MISSING,Surface tag is recommended to assess accessibility
1120692363,way,surface,MISSING,Surface tag is recommended to assess accessibility
1120692364,way,surface,MISSING,Surface tag is recommended to assess accessibility
1120692365,way,surface,MISSING,Surface tag is recommended to assess accessibility
1120692366,way,surface,MISSING,Surface tag is recommended to assess accessibility
1120692367,way,surface,MISSING,Surface tag is recommended to assess accessibility
1120692368,way,surface,MISSING,Surface tag is recommended to assess accessibility
1120692369,way,surface,MISSING,Surface tag is recommended to assess accessibility
1120692370,way,surface,MISSING,Surface tag is recommended to assess accessibility
1120692371,way,surface,MISSING,Surface tag is recommended to assess accessibility
1120692372,way,surface,MISSING,Surface tag is recommended to assess accessibility
1120692373,way,surface,MISSING,Surface tag is recommended to assess accessibility
1120692374,way,surface,MISSING,Surface tag is recommended to assess accessibility
1120692375,way,surface,MISSING,Surface tag is recommended to assess accessibility
1120692376,way,surface,MISSING,Surface tag is recommended to assess accessibility
1120692377,way,surface,MISSING,Surface tag is recommended to assess accessibility
1120692378,way,surface,MISSING,Surface tag is recommended to assess accessibility
1120692379,way,surface,MISSING,Surface tag is recommended to assess accessibility
1120692380,way,surface,MISSING,Surface tag is recommended to assess accessibility
1120692381,way,surface,MISSING,Surface tag is recommended to assess accessibility
1120692382,way,surface,MISSING,Surface tag is recommended to assess accessibility
1120692383,way,surface,MISSING,Surface tag is recommended to assess accessibility
1120692384,way,surface,MISSING,Surface tag is recommended to assess accessibility
1120692385,way,surface,MISSING,Surface tag is recommended to assess accessibility
1120692386,way,surface,MISSING,Surface tag is recommended to assess accessibility
1120692387,way,surface,MISSING,Surface tag is recommended to assess accessibility
1120692388,way,surface,MISSING,Surface tag is recommended to assess accessibility
1120692389,way,surface,MISSING,Surface tag is recommended to assess accessibility
1120692390,way,surface,MISSING,Surface tag is recommended to assess accessibility
1120692391,way,surface,MISSING,Surface tag is recommended to assess accessibility
1120692392,way,surface,MISSING,Surface tag is recommended to assess accessibility
1120692393,way,surface,MISSING,Surface tag is recommended to assess accessibility
1120692394,way,surface,MISSING,Surface tag is recommended to assess accessibility
1120692395,way,surface,MISSING,Surface tag is recommended to assess accessibility
1120692396,way,surface,MISSING,Surface tag is recommended to assess accessibility
1120692397,way,surface,MISSING,Surface tag is recommended to assess accessibility
1120692398,way,surface,MISSING,Surface tag is recommended to assess accessibility
1120692399,way,surface,MISSING,Surface tag is recommended to assess accessibility
1120692400,way,surface,MISSING,Surface tag is recommended to assess accessibility
1120692401,way,surface,MISSING,Surface tag is recommended to assess accessibility
1120692402,way,surface,MISSING,Surface tag is recommended to assess accessibility
1120692403,way,surface,MISSING,Surface tag is recommended to assess accessibility
1120692404,way,surface,MISSING,Surface tag is recommended to assess accessibility
1120692405,way,surface,MISSING,Surface tag is recommended to assess accessibility
1120692406,way,surface,MISSING,Surface tag is recommended to assess accessibility
1120692407,way,surface,MISSING,Surface tag is recommended to assess accessibility
1120692408,way,surface,MISSING,Surface tag is recommended to assess accessibility
1120692409,way,surface,MISSING,Surface tag is recommended to assess accessibility
1120692410,way,surface,MISSING,Surface tag is recommended to assess accessibility
1120692411,way,surface,MISSING,Surface tag is recommended to assess accessibility
1120692412,way,surface,MISSING,Surface tag is recommended to assess accessibility
1120692413,way,surface,MISSING,Surface tag is recommended to assess accessibility
1120692414,way,surface,MISSING,Surface tag is recommended to assess accessibility
1120692415,way,surface,MISSING,Surface tag is recommended to assess accessibility
1120692416,way,surface,MISSING,Surface tag is recommended to assess accessibility
1120692417,way,surface,MISSING,Surface tag is recommended to assess accessibility
1120692418,way,surface,MISSING,Surface tag is recommended to assess accessibility
1120692419,way,surface,MISSING,Surface tag is recommended to assess accessibility
1120692420,way,surface,MISSING,Surface tag is recommended to assess accessibility
1120692421,way,surface,MISSING,Surface tag is recommended to assess accessibility
1120692422,way,surface,MISSING,Surface tag is recommended to assess accessibility
1120692429,way,surface,MISSING,Surface tag is recommended to assess accessibility
1120692430,way,surface,MISSING,Surface tag is recommended to assess accessibility
1120692431,way,surface,MISSING,Surface tag is recommended to assess accessibility
1120692435,way,surface,MISSING,Surface tag is recommended to assess accessibility
1120692437,way,surface,MISSING,Surface tag is recommended to assess accessibility
1120692441,way,surface,MISSING,Surface tag is recommended to assess accessibility
1120692442,way,surface,MISSING,Surface tag is recommended to assess accessibility
1120692445,way,surface,MISSING,Surface tag is recommended to assess accessibility
1120692446,way,surface,MISSING,Surface tag is recommended to assess accessibility
1120692447,way,surface,MISSING,Surface tag is recommended to assess accessibility
1120692448,way,surface,MISSING,Surface tag is recommended to assess accessibility
1120692449,way,surface,MISSING,Surface tag is recommended to assess accessibility
1120692450,way,surface,MISSING,Surface tag is recommended to assess accessibility
1120692451,way,surface,MISSING,Surface tag is recommended to assess accessibility
1120692452,way,surface,MISSING,Surface tag is recommended to assess accessibility
1120692453,way,surface,MISSING,Surface tag is recommended to assess accessibility
1120692454,way,surface,MISSING,Surface tag is recommended to assess accessibility
1120692455,way,surface,MISSING,Surface tag is recommended to assess accessibility
1120692456,way,surface,MISSING,Surface tag is recommended to assess accessibility
1120692457,way,surface,MISSING,Surface tag is recommended to assess accessibility
1120692467,way,surface,MISSING,Surface tag is recommended to assess accessibility
1120692469,way,surface,MISSING,Surface tag is recommended to assess accessibility
1120692470,way,surface,MISSING,Surface tag is recommended to assess accessibility
1120692471,way,surface,MISSING,Surface tag is recommended to assess accessibility
1120692472,way,surface,MISSING,Surface tag is recommended to assess accessibility
1120692473,way,surface,MISSING,Surface tag is recommended to assess accessibility
1120692475,way,surface,MISSING,Surface tag is recommended to assess accessibility
1120692476,way,surface,MISSING,Surface tag is recommended to assess accessibility
1120692477,way,surface,MISSING,Surface tag is recommended to assess accessibility
1120692478,way,surface,MISSING,Surface tag is recommended to assess accessibility
1120692479,way,surface,MISSING,Surface tag is recommended to assess accessibility
1120692524,way,surface,MISSING,Surface tag is recommended to assess accessibility
1120692525,way,surface,MISSING,Surface tag is recommended to assess accessibility
1120692527,way,surface,MISSING,Surface tag is recommended to assess accessibility
1120692528,way,surface,MISSING,Surface tag is recommended to assess accessibility
1120692530,way,surface,MISSING,Surface tag is recommended to assess accessibility
1120692531,way,surface,MISSING,Surface tag is recommended to assess accessibility
1120692532,way,surface,MISSING,Surface tag is recommended to assess accessibility
1120692535,way,surface,MISSING,Surface tag is recommended to assess accessibility
1120692536,way,surface,MISSING,Surface tag is recommended to assess accessibility
1120692537,way,surface,MISSING,Surface tag is recommended to assess accessibility
1120692538,way,surface,MISSING,Surface tag is recommended to assess accessibility
1120692539,way,surface,MISSING,Surface tag is recommended to assess accessibility
1120692540,way,surface,MISSING,Surface tag is recommended to assess accessibility
1120692541,way,surface,MISSING,Surface tag is recommended to assess accessibility
1120692542,way,surface,MISSING,Surface tag is recommended to assess accessibility
1120692543,way,surface,MISSING,Surface tag is recommended to assess accessibility
1120692544,way,surface,MISSING,Surface tag is recommended to assess accessibility
1120692545,way,surface,MISSING,Surface tag is recommended to assess accessibility
1120692546,way,surface,MISSING,Surface tag is recommended to assess accessibility
1120692547,way,surface,MISSING,Surface tag is recommended to assess accessibility
1120692548,way,surface,MISSING,Surface tag is recommended to assess accessibility
1120692549,way,surface,MISSING,Surface tag is recommended to assess accessibility
1120692550,way,surface,MISSING,Surface tag is recommended to assess accessibility
1120692551,way,surface,MISSING,Surface tag is recommended to assess accessibility
1120692552,way,surface,MISSING,Surface tag is recommended to assess accessibility
1120692553,way,surface,MISSING,Surface tag is recommended to assess accessibility
1120692554,way,surface,MISSING,Surface tag is recommended to assess accessibility
1120692555,way,surface,MISSING,Surface tag is recommended to assess accessibility
1120692556,way,surface,MISSING,Surface tag is recommended to assess accessibility
1120692557,way,surface,MISSING,Surface tag is recommended to assess accessibility
1120692559,way,surface,MISSING,Surface tag is recommended to assess accessibility
1120692560,way,surface,MISSING,Surface tag is recommended to assess accessibility
1120692561,way,surface,MISSING,Surface tag is recommended to assess accessibility
1120692562,way,surface,MISSING,Surface tag is recommended to assess accessibility
1120692563,way,surface,MISSING,Surface tag is recommended to assess accessibility
1120692566,way,surface,MISSING,Surface tag is recommended to assess accessibility
1120692568,way,surface,MISSING,Surface tag is recommended to assess accessibility
1120692569,way,surface,MISSING,Surface tag is recommended to assess accessibility
1120692570,way,surface,MISSING,Surface tag is recommended to assess accessibility
1120692571,way,surface,MISSING,Surface tag is recommended to assess accessibility
1120692572,way,surface,MISSING,Surface tag is recommended to assess accessibility
1120692573,way,surface,MISSING,Surface tag is recommended to assess accessibility
1120692574,way,surface,MISSING,Surface tag is recommended to assess accessibility
1120692575,way,surface,MISSING,Surface tag is recommended to assess accessibility
1120692576,way,surface,MISSING,Surface tag is recommended to assess accessibility
1120692577,way,surface,MISSING,Surface tag is recommended to assess accessibility
1120692578,way,surface,MISSING,Surface tag is recommended to assess accessibility
1120692579,way,surface,MISSING,Surface tag is recommended to assess accessibility
1120692580,way,surface,MISSING,Surface tag is recommended to assess accessibility
1120692581,way,surface,MISSING,Surface tag is recommended to assess accessibility
1120692582,way,surface,MISSING,Surface tag is recommended to assess accessibility
1120692583,way,surface,MISSING,Surface tag is recommended to assess accessibility
1120692584,way,surface,MISSING,Surface tag is recommended to assess accessibility
1120692586,way,surface,MISSING,Surface tag is recommended to assess accessibility
1120692587,way,surface,MISSING,Surface tag is recommended to assess accessibility
1120692588,way,surface,MISSING,Surface tag is recommended to assess accessibility
1120692589,way,surface,MISSING,Surface tag is recommended to assess accessibility
1120692590,way,surface,MISSING,Surface tag is recommended to assess accessibility
1120692610,way,surface,MISSING,Surface tag is recommended to assess accessibility
1120692616,way,surface,MISSING,Surface tag is recommended to assess accessibility
1120692620,way,surface,MISSING,Surface tag is recommended to assess accessibility
1120692621,way,surface,MISSING,Surface tag is recommended to assess accessibility
1120692623,way,surface,MISSING,Surface tag is recommended to assess accessibility
1120692627,way,surface,MISSING,Surface tag is recommended to assess accessibility
1120692633,way,surface,MISSING,Surface tag is recommended to assess accessibility
1120692639,way,surface,MISSING,Surface tag is recommended to assess accessibility
1120692645,way,surface,MISSING,Surface tag is recommended to assess accessibility
1120692650,way,surface,MISSING,Surface tag is recommended to assess accessibility
1120692651,way,surface,MISSING,Surface tag is recommended to assess accessibility
1120692652,way,surface,MISSING,Surface tag is recommended to assess accessibility
1120692653,way,surface,MISSING,Surface tag is recommended to assess accessibility
1120692654,way,surface,MISSING,Surface tag is recommended to assess accessibility
1120692655,way,surface,MISSING,Surface tag is recommended to assess accessibility
1120692656,way,surface,MISSING,Surface tag is recommended to assess accessibility
1120692657,way,surface,MISSING,Surface tag is recommended to assess accessibility
1120692658,way,surface,MISSING,Surface tag is recommended to assess accessibility
1120692661,way,surface,MISSING,Surface tag is recommended to assess accessibility
1120692663,way,surface,MISSING,Surface tag is recommended to assess accessibility
1120692665,way,surface,MISSING,Surface tag is recommended to assess accessibility
1120692667,way,surface,MISSING,Surface tag is recommended to assess accessibility
1120692668,way,surface,MISSING,Surface tag is recommended to assess accessibility
1120692669,way,surface,MISSING,Surface tag is recommended to assess accessibility
1120692670,way,surface,MISSING,Surface tag is recommended to assess accessibility
1120692671,way,surface,MISSING,Surface tag is recommended to assess accessibility
1120692672,way,surface,MISSING,Surface tag is recommended to assess accessibility
1120692673,way,surface,MISSING,Surface tag is recommended to assess accessibility
1120692674,way,surface,MISSING,Surface tag is recommended to assess accessibility
1120692675,way,surface,MISSING,Surface tag is recommended to assess accessibility
1120692676,way,surface,MISSING,Surface tag is recommended to assess accessibility
1120692677,way,surface,MISSING,Surface tag is recommended to assess accessibility
1120692678,way,surface,MISSING,Surface tag is recommended to assess accessibility
1120692679,way,surface,MISSING,Surface tag is recommended to assess accessibility
1120692680,way,surface,MISSING,Surface tag is recommended to assess accessibility
1120692681,way,surface,MISSING,Surface tag is recommended to assess accessibility
1120692682,way,surface,MISSING,Surface tag is recommended to assess accessibility
1120692683,way,surface,MISSING,Surface tag is recommended to assess accessibility
1120692684,way,surface,MISSING,Surface tag is recommended to assess accessibility
1120692685,way,surface,MISSING,Surface tag is recommended to assess accessibility
1120692686,way,surface,MISSING,Surface tag is recommended to assess accessibility
1120692687,way,surface,MISSING,Surface tag is recommended to assess accessibility
1120692688,way,surface,MISSING,Surface tag is recommended to assess accessibility
1120692689,way,surface,MISSING,Surface tag is recommended to assess accessibility
1120692690,way,surface,MISSING,Surface tag is recommended to assess accessibility
1120692691,way,surface,MISSING,Surface tag is recommended to assess accessibility
1120692692,way,surface,MISSING,Surface tag is recommended to assess accessibility
1120692693,way,surface,MISSING,Surface tag is recommended to assess accessibility
1120692694,way,surface,MISSING,Surface tag is recommended to assess accessibility
1120692695,way,surface,MISSING,Surface tag is recommended to assess accessibility
1120692696,way,surface,MISSING,Surface tag is recommended to assess accessibility
1120692697,way,surface,MISSING,Surface tag is recommended to assess accessibility
1120692698,way,surface,MISSING,Surface tag is recommended to assess accessibility
1120692699,way,surface,MISSING,Surface tag is recommended to assess accessibility
1120692700,way,surface,MISSING,Surface tag is recommended to assess accessibility
1120692701,way,surface,MISSING,Surface tag is recommended to assess accessibility
1120692702,way,surface,MISSING,Surface tag is recommended to assess accessibility
1120692703,way,surface,MISSING,Surface tag is recommended to assess accessibility
1120692704,way,surface,MISSING,Surface tag is recommended to assess accessibility
1120692705,way,surface,MISSING,Surface tag is recommended to assess accessibility
1120692706,way,surface,MISSING,Surface tag is recommended to assess accessibility
1120692707,way,surface,MISSING,Surface tag is recommended to assess accessibility
1120692708,way,surface,MISSING,Surface tag is recommended to assess accessibility
1120692709,way,surface,MISSING,Surface tag is recommended to assess accessibility
1120692710,way,surface,MISSING,Surface tag is recommended to assess accessibility
1120692711,way,surface,MISSING,Surface tag is recommended to assess accessibility
1120692712,way,surface,MISSING,Surface tag is recommended to assess accessibility
1120692713,way,surface,MISSING,Surface tag is recommended to assess accessibility
1120692714,way,surface,MISSING,Surface tag is recommended to assess accessibility
1120692715,way,surface,MISSING,Surface tag is recommended to assess accessibility
1120692716,way,surface,MISSING,Surface tag is recommended to assess accessibility
1120692717,way,surface,MISSING,Surface tag is recommended to assess accessibility
1120692718,way,surface,MISSING,Surface tag is recommended to assess accessibility
1120692719,way,surface,MISSING,Surface tag is recommended to assess accessibility
1120692720,way,surface,MISSING,Surface tag is recommended to assess accessibility
1120692721,way,surface,MISSING,Surface tag is recommended to assess accessibility
1120692722,way,surface,MISSING,Surface tag is recommended to assess accessibility
1120692723,way,surface,MISSING,Surface tag is recommended to assess accessibility
1120692724,way,surface,MISSING,Surface tag is recommended to assess accessibility
1120692725,way,surface,MISSING,Surface tag is recommended to assess accessibility
1120692729,way,surface,MISSING,Surface tag is recommended to assess accessibility
1120692735,way,surface,MISSING,Surface tag is recommended to assess accessibility
1120692736,way,surface,MISSING,Surface tag is recommended to assess accessibility
1120692737,way,surface,MISSING,Surface tag is recommended to assess accessibility
1120692738,way,surface,MISSING,Surface tag is recommended to assess accessibility
1120692739,way,surface,MISSING,Surface tag is recommended to assess accessibility
1120692740,way,surface,MISSING,Surface tag is recommended to assess accessibility
1120692750,way,surface,MISSING,Surface tag is recommended to assess accessibility
1120692751,way,surface,MISSING,Surface tag is recommended to assess accessibility
1120692752,way,surface,MISSING,Surface tag is recommended to assess accessibility
1120692753,way,surface,MISSING,Surface tag is recommended to assess accessibility
1120692754,way,surface,MISSING,Surface tag is recommended to assess accessibility
1120692755,way,surface,MISSING,Surface tag is recommended to assess accessibility
1120692756,way,surface,MISSING,Surface tag is recommended to assess accessibility
1120692757,way,surface,MISSING,Surface tag is recommended to assess accessibility
1120692758,way,surface,MISSING,Surface tag is recommended to assess accessibility
1120692759,way,surface,MISSING,Surface tag is recommended to assess accessibility
1120692760,way,surface,MISSING,Surface tag is recommended to assess accessibility
1120692761,way,surface,MISSING,Surface tag is recommended to assess accessibility
1120692762,way,surface,MISSING,Surface tag is recommended to assess accessibility
1120692763,way,surface,MISSING,Surface tag is recommended to assess accessibility
1120692765,way,surface,MISSING,Surface tag is recommended to assess accessibility
1120692766,way,surface,MISSING,Surface tag is recommended to assess accessibility
1120692767,way,surface,MISSING,Surface tag is recommended to assess accessibility
1120692768,way,surface,MISSING,Surface tag is recommended to assess accessibility
1120692769,way,surface,MISSING,Surface tag is recommended to assess accessibility
1120692770,way,surface,MISSING,Surface tag is recommended to assess accessibility
1120692771,way,surface,MISSING,Surface tag is recommended to assess accessibility
1120692772,way,surface,MISSING,Surface tag is recommended to assess accessibility
1120692773,way,surface,MISSING,Surface tag is recommended to assess accessibility
1120692774,way,surface,MISSING,Surface tag is recommended to assess accessibility
1120692775,way,surface,MISSING,Surface tag is recommended to assess accessibility
1120692776,way,surface,MISSING,Surface tag is recommended to assess accessibility
1120692777,way,surface,MISSING,Surface tag is recommended to assess accessibility
1120692778,way,surface,MISSING,Surface tag is recommended to assess accessibility
1120692779,way,surface,MISSING,Surface tag is recommended to assess accessibility
1120692780,way,surface,MISSING,Surface tag is recommended to assess accessibility
1120692781,way,surface,MISSING,Surface tag is recommended to assess accessibility
1120692782,way,surface,MISSING,Surface tag is recommended to assess accessibility
1120692783,way,surface,MISSING,Surface tag is recommended to assess accessibility
1120692784,way,surface,MISSING,Surface tag is recommended to assess accessibility
1120692785,way,surface,MISSING,Surface tag is recommended to assess accessibility
1120692786,way,surface,MISSING,Surface tag is recommended to assess accessibility
1120692787,way,surface,MISSING,Surface tag is recommended to assess accessibility
1120692788,way,surface,MISSING,Surface tag is recommended to assess accessibility
1120692789,way,surface,MISSING,Surface tag is recommended to assess accessibility
1120692790,way,surface,MISSING,Surface tag is recommended to assess accessibility
1120692791,way,surface,MISSING,Surface tag is recommended to assess accessibility
1120692792,way,surface,MISSING,Surface tag is recommended to assess accessibility
1120692793,way,surface,MISSING,Surface tag is recommended to assess accessibility
1120692794,way,surface,MISSING,Surface tag is recommended to assess accessibility
1120692795,way,surface,MISSING,Surface tag is recommended to assess accessibility
1120692796,way,surface,MISSING,Surface tag is recommended to assess accessibility
1120692797,way,surface,MISSING,Surface tag is recommended to assess accessibility
1120692798,way,surface,MISSING,Surface tag is recommended to assess accessibility
1120692799,way,surface,MISSING,Surface tag is recommended to assess accessibility
1120692800,way,surface,MISSING,Surface tag is recommended to assess accessibility
1120692801,way,surface,MISSING,Surface tag is recommended to assess accessibility
1120692802,way,surface,MISSING,Surface tag is recommended to assess accessibility
1120692803,way,surface,MISSING,Surface tag is recommended to assess accessibility
1120692804,way,surface,MISSING,Surface tag is recommended to assess accessibility
1120692805,way,surface,MISSING,Surface tag is recommended to assess accessibility
1120692806,way,surface,MISSING,Surface tag is recommended to assess accessibility
1120692807,way,surface,MISSING,Surface tag is recommended to assess accessibility
1120692808,way,surface,MISSING,Surface tag is recommended to assess accessibility
1120692809,way,surface,MISSING,Surface tag is recommended to assess accessibility
1120692810,way,surface,MISSING,Surface tag is recommended to assess accessibility
1120692811,way,surface,MISSING,Surface tag is recommended to assess accessibility
1120692812,way,surface,MISSING,Surface tag is recommended to assess accessibility
1120692813,way,surface,MISSING,Surface tag is recommended to assess accessibility
1120692814,way,surface,MISSING,Surface tag is recommended to assess accessibility
1120692815,way,surface,MISSING,Surface tag is recommended to assess accessibility
1120692816,way,surface,MISSING,Surface tag is recommended to assess accessibility
1120692817,way,surface,MISSING,Surface tag is recommended to assess accessibility
1120692818,way,surface,MISSING,Surface tag is recommended to assess accessibility
1120692819,way,surface,MISSING,Surface tag is recommended to assess accessibility
1120692820,way,surface,MISSING,Surface tag is recommended to assess accessibility
1120692821,way,surface,MISSING,Surface tag is recommended to assess accessibility
1120692822,way,surface,MISSING,Surface tag is recommended to assess accessibility
1120692823,way,surface,MISSING,Surface tag is recommended to assess accessibility
1120692824,way,surface,MISSING,Surface tag is recommended to assess accessibility
1120692825,way,surface,MISSING,Surface tag is recommended to assess accessibility
1120692826,way,surface,MISSING,Surface tag is recommended to assess accessibility
1120692827,way,surface,MISSING,Surface tag is recommended to assess accessibility
1120692828,way,surface,MISSING,Surface tag is recommended to assess accessibility
1120692829,way,surface,MISSING,Surface tag is recommended to assess accessibility
1120692830,way,surface,MISSING,Surface tag is recommended to assess accessibility
1120692831,way,surface,MISSING,Surface tag is recommended to assess accessibility
1120692832,way,surface,MISSING,Surface tag is recommended to assess accessibility
1120692833,way,surface,MISSING,Surface tag is recommended to assess accessibility
1120692834,way,surface,MISSING,Surface tag is recommended to assess accessibility
1120692835,way,surface,MISSING,Surface tag is recommended to assess accessibility
1120692836,way,surface,MISSING,Surface tag is recommended to assess accessibility
1120692837,way,surface,MISSING,Surface tag is recommended to assess accessibility
1120692838,way,surface,MISSING,Surface tag is recommended to assess accessibility
1120692839,way,surface,MISSING,Surface tag is recommended to assess accessibility
1120692840,way,surface,MISSING,Surface tag is recommended to assess accessibility
1120692841,way,surface,MISSING,Surface tag is recommended to assess accessibility
1120692842,way,surface,MISSING,Surface tag is recommended to assess accessibility
1120692843,way,surface,MISSING,Surface tag is recommended to assess accessibility
1120692844,way,surface,MISSING,Surface tag is recommended to assess accessibility
1120692845,way,surface,MISSING,Surface tag is recommended to assess accessibility
1120692846,way,surface,MISSING,Surface tag is recommended to assess accessibility
1120692847,way,surface,MISSING,Surface tag is recommended to assess accessibility
1120692848,way,surface,MISSING,Surface tag is recommended to assess accessibility
1120692849,way,surface,MISSING,Surface tag is recommended to assess accessibility
1120692850,way,surface,MISSING,Surface tag is recommended to assess accessibility
1120692851,way,surface,MISSING,Surface tag is recommended to assess accessibility
1120692852,way,surface,MISSING,Surface tag is recommended to assess accessibility
1120692853,way,surface,MISSING,Surface tag is recommended to assess accessibility
1120692854,way,surface,MISSING,Surface tag is recommended to assess accessibility
1120692855,way,surface,MISSING,Surface tag is recommended to assess accessibility
1120692856,way,surface,MISSING,Surface tag is recommended to assess accessibility
1120692857,way,surface,MISSING,Surface tag is recommended to assess accessibility
1120692858,way,surface,MISSING,Surface tag is recommended to assess accessibility
1120692859,way,surface,MISSING,Surface tag is recommended to assess accessibility
1120692860,way,surface,MISSING,Surface tag is recommended to assess accessibility
1120692861,way,surface,MISSING,Surface tag is recommended to assess accessibility
1120692862,way,surface,MISSING,Surface tag is recommended to assess accessibility
1120692863,way,surface,MISSING,Surface tag is recommended to assess accessibility
1120692864,way,surface,MISSING,Surface tag is recommended to assess accessibility
1120692865,way,surface,MISSING,Surface tag is recommended to assess accessibility
1120692866,way,surface,MISSING,Surface tag is recommended to assess accessibility
1120692867,way,surface,MISSING,Surface tag is recommended to assess accessibility
1120692868,way,surface,MISSING,Surface tag is recommended to assess accessibility
1120692869,way,surface,MISSING,Surface tag is recommended to assess accessibility
1120692870,way,surface,MISSING,Surface tag is recommended to assess accessibility
1120692871,way,surface,MISSING,Surface tag is recommended to assess accessibility
1120692872,way,surface,MISSING,Surface tag is recommended to assess accessibility
1120692873,way,surface,MISSING,Surface tag is recommended to assess accessibility
1120692874,way,surface,MISSING,Surface tag is recommended to assess accessibility
1120692875,way,surface,MISSING,Surface tag is recommended to assess accessibility
1120692876,way,surface,MISSING,Surface tag is recommended to assess accessibility
1120692877,way,surface,MISSING,Surface tag is recommended to assess accessibility
1120692881,way,surface,MISSING,Surface tag is recommended to assess accessibility
1120692886,way,surface,MISSING,Surface tag is recommended to assess accessibility
1120692887,way,surface,MISSING,Surface tag is recommended to assess accessibility
1120692888,way,surface,MISSING,Surface tag is recommended to assess accessibility
1120692889,way,surface,MISSING,Surface tag is recommended to assess accessibility
1120692890,way,surface,MISSING,Surface tag is recommended to assess accessibility
1120692891,way,surface,MISSING,Surface tag is recommended to assess accessibility
1120692892,way,surface,MISSING,Surface tag is recommended to assess accessibility
1120692893,way,surface,MISSING,Surface tag is recommended to assess accessibility
1120692895,way,surface,MISSING,Surface tag is recommended to assess accessibility
1120692902,way,surface,MISSING,Surface tag is recommended to assess accessibility
1120692903,way,surface,MISSING,Surface tag is recommended to assess accessibility
1120692904,way,surface,MISSING,Surface tag is recommended to assess accessibility
1120692905,way,surface,MISSING,Surface tag is recommended to assess accessibility
1120692906,way,surface,MISSING,Surface tag is recommended to assess accessibility
1120692907,way,surface,MISSING,Surface tag is recommended to assess accessibility
1120692908,way,surface,MISSING,Surface tag is recommended to assess accessibility
1120692909,way,surface,MISSING,Surface tag is recommended to assess accessibility
1120692910,way,surface,MISSING,Surface tag is recommended to assess accessibility
1120692911,way,surface,MISSING,Surface tag is recommended to assess accessibility
1120692912,way,surface,MISSING,Surface tag is recommended to assess accessibility
1120692913,way,surface,MISSING,Surface tag is recommended to assess accessibility
1120692914,way,surface,MISSING,Surface tag is recommended to assess accessibility
1120692915,way,surface,MISSING,Surface tag is recommended to assess accessibility
1120692916,way,surface,MISSING,Surface tag is recommended to assess accessibility
1120692917,way,surface,MISSING,Surface tag is recommended to assess accessibility
1120692918,way,surface,MISSING,Surface tag is recommended to assess accessibility
1120692919,way,surface,MISSING,Surface tag is recommended to assess accessibility
1120692920,way,surface,MISSING,Surface tag is recommended to assess accessibility
1120692921,way,surface,MISSING,Surface tag is recommended to assess accessibility
1120692922,way,surface,MISSING,Surface tag is recommended to assess accessibility
1120692923,way,surface,MISSING,Surface tag is recommended to assess accessibility
1120692924,way,surface,MISSING,Surface tag is recommended to assess accessibility
1120692925,way,surface,MISSING,Surface tag is recommended to assess accessibility
1120692926,way,surface,MISSING,Surface tag is recommended to assess accessibility
1120692927,way,surface,MISSING,Surface tag is recommended to assess accessibility
1120692928,way,surface,MISSING,Surface tag is recommended to assess accessibility
1120692929,way,surface,MISSING,Surface tag is recommended to assess accessibility
1120692930,way,surface,MISSING,Surface tag is recommended to assess accessibility
1120692931,way,surface,MISSING,Surface tag is recommended to assess accessibility
1120692932,way,surface,MISSING,Surface tag is recommended to assess accessibility
1120692933,way,surface,MISSING,Surface tag is recommended to assess accessibility
1120692934,way,surface,MISSING,Surface tag is recommended to assess accessibility
1120692935,way,surface,MISSING,Surface tag is recommended to assess accessibility
1120692936,way,surface,MISSING,Surface tag is recommended to assess accessibility
1120692937,way,surface,MISSING,Surface tag is recommended to assess accessibility
1120692938,way,surface,MISSING,Surface tag is recommended to assess accessibility
1120692939,way,surface,MISSING,Surface tag is recommended to assess accessibility
1120692940,way,surface,MISSING,Surface tag is recommended to assess accessibility
1120692941,way,surface,MISSING,Surface tag is recommended to assess accessibility
1120692942,way,surface,MISSING,Surface tag is recommended to assess accessibility
1120692943,way,surface,MISSING,Surface tag is recommended to assess accessibility
1120692944,way,surface,MISSING,Surface tag is recommended to assess accessibility
1120692945,way,surface,MISSING,Surface tag is recommended to assess accessibility
1120692946,way,surface,MISSING,Surface tag is recommended to assess accessibility
1120692947,way,surface,MISSING,Surface tag is recommended to assess accessibility
1120692948,way,surface,MISSING,Surface tag is recommended to assess accessibility
1120692949,way,surface,MISSING,Surface tag is recommended to assess accessibility
1120692950,way,surface,MISSING,Surface tag is recommended to assess accessibility
1120692951,way,surface,MISSING,Surface tag is recommended to assess accessibility
1120692952,way,surface,MISSING,Surface tag is recommended to assess accessibility
1120692953,way,surface,MISSING,Surface tag is recommended to assess accessibility
1120692954,way,surface,MISSING,Surface tag is recommended to assess accessibility
1120692955,way,surface,MISSING,Surface tag is recommended to assess accessibility
1120692956,way,surface,MISSING,Surface tag is recommended to assess accessibility
1120692957,way,surface,MISSING,Surface tag is recommended to assess accessibility
1120692958,way,surface,MISSING,Surface tag is recommended to assess accessibility
1120692959,way,surface,MISSING,Surface tag is recommended to assess accessibility
1120692960,way,surface,MISSING,Surface tag is recommended to assess accessibility
1120692961,way,surface,MISSING,Surface tag is recommended to assess accessibility
1120692962,way,surface,MISSING,Surface tag is recommended to assess accessibility
1120692963,way,surface,MISSING,Surface tag is recommended to assess accessibility
1120692964,way,surface,MISSING,Surface tag is recommended to assess accessibility
1120692965,way,surface,MISSING,Surface tag is recommended to assess accessibility
1120692966,way,surface,MISSING,Surface tag is recommended to assess accessibility
1120692967,way,surface,MISSING,Surface tag is recommended to assess accessibility
1120692968,way,surface,MISSING,Surface tag is recommended to assess accessibility
1120692969,way,surface,MISSING,Surface tag is recommended to assess accessibility
1120692970,way,surface,MISSING,Surface tag is recommended to assess accessibility
1120692971,way,surface,MISSING,Surface tag is recommended to assess accessibility
1120692972,way,surface,MISSING,Surface tag is recommended to assess accessibility
1120692973,way,surface,MISSING,Surface tag is recommended to assess accessibility
1120692974,way,surface,MISSING,Surface tag is recommended to assess accessibility
1120692975,way,surface,MISSING,Surface tag is recommended to assess accessibility
1120692977,way,surface,MISSING,Surface tag is recommended to assess accessibility
1120692978,way,surface,MISSING,Surface tag is recommended to assess accessibility
1120692979,way,surface,MISSING,Surface tag is recommended to assess accessibility
1120692980,way,surface,MISSING,Surface tag is recommended to assess accessibility
1120692981,way,surface,MISSING,Surface tag is recommended to assess accessibility
1120692983,way,surface,MISSING,Surface tag is recommended to assess accessibility
1120692984,way,surface,MISSING,Surface tag is recommended to assess accessibility
1120692985,way,surface,MISSING,Surface tag is recommended to assess accessibility
1120692986,way,surface,MISSING,Surface tag is recommended to assess accessibility
1120692987,way,surface,MISSING,Surface tag is recommended to assess accessibility
1120692988,way,surface,MISSING,Surface tag is recommended to assess accessibility
1120692989,way,surface,MISSING,Surface tag is recommended to assess accessibility
1120692990,way,surface,MISSING,Surface tag is recommended to assess accessibility
1120692991,way,surface,MISSING,Surface tag is recommended to assess accessibility
1120692993,way,surface,MISSING,Surface tag is recommended to assess accessibility
1120692994,way,surface,MISSING,Surface tag is recommended to assess accessibility
1120692995,way,surface,MISSING,Surface tag is recommended to assess accessibility
1120693003,way,surface,MISSING,Surface tag is recommended to assess accessibility
1120693004,way,surface,MISSING,Surface tag is recommended to assess accessibility
1120693005,way,surface,MISSING,Surface tag is recommended to assess accessibility
1120693006,way,surface,MISSING,Surface tag is recommended to assess accessibility
1120693007,way,surface,MISSING,Surface tag is recommended to assess accessibility
1120693008,way,surface,MISSING,Surface tag is recommended to assess accessibility
1120693009,way,surface,MISSING,Surface tag is recommended to assess accessibility
1120693010,way,surface,MISSING,Surface tag is recommended to assess accessibility
1120693011,way,surface,MISSING,Surface tag is recommended to assess accessibility
1120693012,way,surface,MISSING,Surface tag is recommended to assess accessibility
1120693013,way,surface,MISSING,Surface tag is recommended to assess accessibility
1120693014,way,surface,MISSING,Surface tag is recommended to assess accessibility
1120693015,way,surface,MISSING,Surface tag is recommended to assess accessibility
1120693016,way,surface,MISSING,Surface tag is recommended to assess accessibility
1120693017,way,surface,MISSING,Surface tag is recommended to assess accessibility
1120693028,way,surface,MISSING,Surface tag is recommended to assess accessibility
1120693030,way,surface,MISSING,Surface tag is recommended to assess accessibility
1120693032,way,surface,MISSING,Surface tag is recommended to assess accessibility
1120693033,way,surface,MISSING,Surface tag is recommended to assess accessibility
1120693034,way,surface,MISSING,Surface tag is recommended to assess accessibility
1120693035,way,surface,MISSING,Surface tag is recommended to assess accessibility
1120693036,way,surface,MISSING,Surface tag is recommended to assess accessibility
1120693037,way,surface,MISSING,Surface tag is recommended to assess accessibility
1120693038,way,surface,MISSING,Surface tag is recommended to assess accessibility
1120693039,way,surface,MISSING,Surface tag is recommended to assess accessibility
1120693041,way,surface,MISSING,Surface tag is recommended to assess accessibility
1120693042,way,surface,MISSING,Surface tag is recommended to assess accessibility
1120693043,way,surface,MISSING,Surface tag is recommended to assess accessibility
1120693044,way,surface,MISSING,Surface tag is recommended to assess accessibility
1120693045,way,surface,MISSING,Surface tag is recommended to assess accessibility
1120693046,way,surface,MISSING,Surface tag is recommended to assess accessibility
1120693047,way,surface,MISSING,Surface tag is recommended to assess accessibility
1120693048,way,surface,MISSING,Surface tag is recommended to assess accessibility
1120693049,way,surface,MISSING,Surface tag is recommended to assess accessibility
1120693050,way,surface,MISSING,Surface tag is recommended to assess accessibility
1120693051,way,surface,MISSING,Surface tag is recommended to assess accessibility
1120693052,way,surface,MISSING,Surface tag is recommended to assess accessibility
1120693053,way,surface,MISSING,Surface tag is recommended to assess accessibility
1120693054,way,surface,MISSING,Surface tag is recommended to assess accessibility
1120693055,way,surface,MISSING,Surface tag is recommended to assess accessibility
1120693056,way,surface,MISSING,Surface tag is recommended to assess accessibility
1120693057,way,surface,MISSING,Surface tag is recommended to assess accessibility
1120693058,way,surface,MISSING,Surface tag is recommended to assess accessibility
1120693059,way,surface,MISSING,Surface tag is recommended to assess accessibility
1120693060,way,surface,MISSING,Surface tag is recommended to assess accessibility
1120693061,way,surface,MISSING,Surface tag is recommended to assess accessibility
1120693062,way,surface,MISSING,Surface tag is recommended to assess accessibility
1120693063,way,surface,MISSING,Surface tag is recommended to assess accessibility
1120693064,way,surface,MISSING,Surface tag is recommended to assess accessibility
1120693065,way,surface,MISSING,Surface tag is recommended to assess accessibility
1120693066,way,surface,MISSING,Surface tag is recommended to assess accessibility
1120693067,way,surface,MISSING,Surface tag is recommended to assess accessibility
1120693068,way,surface,MISSING,Surface tag is recommended to assess accessibility
1120693069,way,surface,MISSING,Surface tag is recommended to assess accessibility
1120693070,way,surface,MISSING,Surface tag is recommended to assess accessibility
1120693071,way,surface,MISSING,Surface tag is recommended to assess accessibility
1120693072,way,surface,MISSING,Surface tag is recommended to assess accessibility
1120693073,way,surface,MISSING,Surface tag is recommended to assess accessibility
1120693074,way,surface,MISSING,Surface tag is recommended to assess accessibility
1120693075,way,surface,MISSING,Surface tag is recommended to assess accessibility
1120693076,way,surface,MISSING,Surface tag is recommended to assess accessibility
1120693077,way,surface,MISSING,Surface tag is recommended to assess accessibility
1120693078,way,surface,MISSING,Surface tag is recommended to assess accessibility
1120693079,way,surface,MISSING,Surface tag is recommended to assess accessibility
1120693080,way,surface,MISSING,Surface tag is recommended to assess accessibility
1120693081,way,surface,MISSING,Surface tag is recommended to assess accessibility
1120693082,way,surface,MISSING,Surface tag is recommended to assess accessibility
1120693083,way,surface,MISSING,Surface tag is recommended to assess accessibility
1120693084,way,surface,MISSING,Surface tag is recommended to assess accessibility
1120693085,way,surface,MISSING,Surface tag is recommended to assess accessibility
1120693086,way,surface,MISSING,Surface tag is recommended to assess accessibility
1120693087,way,surface,MISSING,Surface tag is recommended to assess accessibility
1120693088,way,surface,MISSING,Surface tag is recommended to assess accessibility
1120693090,way,surface,MISSING,Surface tag is recommended to assess accessibility
1120693091,way,surface,MISSING,Surface tag is recommended to assess accessibility
1120693092,way,surface,MISSING,Surface tag is recommended to assess accessibility
1120693093,way,surface,MISSING,Surface tag is recommended to assess accessibility
1120693097,way,surface,MISSING,Surface tag is recommended to assess accessibility
1120693098,way,surface,MISSING,Surface tag is recommended to assess accessibility
1120693099,way,surface,MISSING,Surface tag is recommended to assess accessibility
1120693100,way,surface,MISSING,Surface tag is recommended to assess accessibility
1120693101,way,surface,MISSING,Surface tag is recommended to assess accessibility
1120693102,way,surface,MISSING,Surface tag is recommended to assess accessibility
1120693103,way,surface,MISSING,Surface tag is recommended to assess accessibility
1120693104,way,surface,MISSING,Surface tag is recommended to assess accessibility
1120693107,way,surface,MISSING,Surface tag is recommended to assess accessibility
1120693108,way,surface,MISSING,Surface tag is recommended to assess accessibility
1120693109,way,surface,MISSING,Surface tag is recommended to assess accessibility
1120693110,way,surface,MISSING,Surface tag is recommended to assess accessibility
1120693111,way,surface,MISSING,Surface tag is recommended to assess accessibility
1120693112,way,surface,MISSING,Surface tag is recommended to assess accessibility
1120693113,way,surface,MISSING,Surface tag is recommended to assess accessibility
1120693114,way,surface,MISSING,Surface tag is recommended to assess accessibility
1120693115,way,surface,MISSING,Surface tag is recommended to assess accessibility
1120693116,way,surface,MISSING,Surface tag is recommended to assess accessibility
1120693117,way,surface,MISSING,Surface tag is recommended to assess accessibility
1120693118,way,surface,MISSING,Surface tag is recommended to assess accessibility
1120693119,way,surface,MISSING,Surface tag is recommended to assess accessibility
1120693120,way,surface,MISSING,Surface tag is recommended to assess accessibility
1120693121,way,surface,MISSING,Surface tag is recommended to assess accessibility
1120693122,way,surface,MISSING,Surface tag is recommended to assess accessibility
1120693123,way,surface,MISSING,Surface tag is recommended to assess accessibility
1120693124,way,surface,MISSING,Surface tag is recommended to assess accessibility
1120693125,way,surface,MISSING,Surface tag is recommended to assess accessibility
1120693126,way,surface,MISSING,Surface tag is recommended to assess accessibility
1120693127,way,surface,MISSING,Surface tag is recommended to assess accessibility
1120693128,way,surface,MISSING,Surface tag is recommended to assess accessibility
1120693129,way,surface,MISSING,Surface tag is recommended to assess accessibility
1120693130,way,surface,MISSING,Surface tag is recommended to assess accessibility
1120693131,way,surface,MISSING,Surface tag is recommended to assess accessibility
1120693132,way,surface,MISSING,Surface tag is recommended to assess accessibility
1120693133,way,surface,MISSING,Surface tag is recommended to assess accessibility
1120693134,way,surface,MISSING,Surface tag is recommended to assess accessibility
1120693135,way,surface,MISSING,Surface tag is recommended to assess accessibility
1120693136,way,surface,MISSING,Surface tag is recommended to assess accessibility
1120693137,way,surface,MISSING,Surface tag is recommended to assess accessibility
1120693138,way,surface,MISSING,Surface tag is recommended to assess accessibility
1120693139,way,surface,MISSING,Surface tag is recommended to assess accessibility
1120693140,way,surface,MISSING,Surface tag is recommended to assess accessibility
1120693141,way,surface,MISSING,Surface tag is recommended to assess accessibility
1120693142,way,surface,MISSING,Surface tag is recommended to assess accessibility
1120693143,way,surface,MISSING,Surface tag is recommended to assess accessibility
1120693144,way,surface,MISSING,Surface tag is recommended to assess accessibility
1120693145,way,surface,MISSING,Surface tag is recommended to assess accessibility
1120693146,way,surface,MISSING,Surface tag is recommended to assess accessibility
1120693147,way,surface,MISSING,Surface tag is recommended to assess accessibility
1120693148,way,surface,MISSING,Surface tag is recommended to assess accessibility
1120693149,way,surface,MISSING,Surface tag is recommended to assess accessibility
1120693150,way,surface,MISSING,Surface tag is recommended to assess accessibility
1120693151,way,surface,MISSING,Surface tag is recommended to assess accessibility
1120693152,way,surface,MISSING,Surface tag is recommended to assess accessibility
1120693153,way,surface,MISSING,Surface tag is recommended to assess accessibility
1120693154,way,surface,MISSING,Surface tag is recommended to assess accessibility
1120693155,way,surface,MISSING,Surface tag is recommended to assess accessibility
1120693156,way,surface,MISSING,Surface tag is recommended to assess accessibility
1120693157,way,surface,MISSING,Surface tag is recommended to assess accessibility
1120693158,way,surface,MISSING,Surface tag is recommended to assess accessibility
1120693159,way,surface,MISSING,Surface tag is recommended to assess accessibility
1120693160,way,surface,MISSING,Surface tag is recommended to assess accessibility
1120693161,way,surface,MISSING,Surface tag is recommended to assess accessibility
1120693162,way,surface,MISSING,Surface tag is recommended to assess accessibility
1120693163,way,surface,MISSING,Surface tag is recommended to assess accessibility
1120693164,way,surface,MISSING,Surface tag is recommended to assess accessibility
1120693165,way,surface,MISSING,Surface tag is recommended to assess accessibility
1120693166,way,surface,MISSING,Surface tag is recommended to assess accessibility
1120693167,way,surface,MISSING,Surface tag is recommended to assess accessibility
1120693168,way,surface,MISSING,Surface tag is recommended to assess accessibility
1120693169,way,surface,MISSING,Surface tag is recommended to assess accessibility
1120693170,way,surface,MISSING,Surface tag is recommended to assess accessibility
1120693171,way,surface,MISSING,Surface tag is recommended to assess accessibility
1120693172,way,surface,MISSING,Surface tag is recommended to assess accessibility
1120693173,way,surface,MISSING,Surface tag is recommended to assess accessibility
1120693174,way,surface,MISSING,Surface tag is recommended to assess accessibility
1120693175,way,surface,MISSING,Surface tag is recommended to assess accessibility
1120693176,way,surface,MISSING,Surface tag is recommended to assess accessibility
1120693177,way,surface,MISSING,Surface tag is recommended to assess accessibility
1120693178,way,surface,MISSING,Surface tag is recommended to assess accessibility
1120693179,way,surface,MISSING,Surface tag is recommended to assess accessibility
1120693180,way,surface,MISSING,Surface tag is recommended to assess accessibility
1120693181,way,surface,MISSING,Surface tag is recommended to assess accessibility
1120693182,way,surface,MISSING,Surface tag is recommended to assess accessibility
1120693183,way,surface,MISSING,Surface tag is recommended to assess accessibility
1120693184,way,surface,MISSING,Surface tag is recommended to assess accessibility
1120693185,way,surface,MISSING,Surface tag is recommended to assess accessibility
1120693186,way,surface,MISSING,Surface tag is recommended to assess accessibility
1120693187,way,surface,MISSING,Surface tag is recommended to assess accessibility
1120693188,way,surface,MISSING,Surface tag is recommended to assess accessibility
1120693189,way,surface,MISSING,Surface tag is recommended to assess accessibility
1120693190,way,surface,MISSING,Surface tag is recommended to assess accessibility
1120693191,way,surface,MISSING,Surface tag is recommended to assess accessibility
1120693192,way,surface,MISSING,Surface tag is recommended to assess accessibility
1120693193,way,surface,MISSING,Surface tag is recommended to assess accessibility
1120693194,way,surface,MISSING,Surface tag is recommended to assess accessibility
1120693195,way,surface,MISSING,Surface tag is recommended to assess accessibility
1120693196,way,surface,MISSING,Surface tag is recommended to assess accessibility
1120693197,way,surface,MISSING,Surface tag is recommended to assess accessibility
1120693198,way,surface,MISSING,Surface tag is recommended to assess accessibility
1120693199,way,surface,MISSING,Surface tag is recommended to assess accessibility
1120693200,way,surface,MISSING,Surface tag is recommended to assess accessibility
1120693201,way,surface,MISSING,Surface tag is recommended to assess accessibility
1120693202,way,surface,MISSING,Surface tag is recommended to assess accessibility
1120693203,way,surface,MISSING,Surface tag is recommended to assess accessibility
1120693204,way,surface,MISSING,Surface tag is recommended to assess accessibility
1120693205,way,surface,MISSING,Surface tag is recommended to assess accessibility
1120693206,way,surface,MISSING,Surface tag is recommended to assess accessibility
1120693207,way,surface,MISSING,Surface tag is recommended to assess accessibility
1120693208,way,surface,MISSING,Surface tag is recommended to assess accessibility
1120693209,way,surface,MISSING,Surface tag is recommended to assess accessibility
1120693210,way,surface,MISSING,Surface tag is recommended to assess accessibility
1120693211,way,surface,MISSING,Surface tag is recommended to assess accessibility
1120693212,way,surface,MISSING,Surface tag is recommended to assess accessibility
1120693220,way,surface,MISSING,Surface tag is recommended to assess accessibility
1120693221,way,surface,MISSING,Surface tag is recommended to assess accessibility
1120693222,way,surface,MISSING,Surface tag is recommended to assess accessibility
1120693223,way,surface,MISSING,Surface tag is recommended to assess accessibility
1120693224,way,surface,MISSING,Surface tag is recommended to assess accessibility
1120693225,way,surface,MISSING,Surface tag is recommended to assess accessibility
1120693236,way,surface,MISSING,Surface tag is recommended to assess accessibility
1120693237,way,surface,MISSING,Surface tag is recommended to assess accessibility
1120693238,way,surface,MISSING,Surface tag is recommended to assess accessibility
1120693239,way,surface,MISSING,Surface tag is recommended to assess accessibility
1120693240,way,surface,MISSING,Surface tag is recommended to assess accessibility
1120693241,way,surface,MISSING,Surface tag is recommended to assess accessibility
1120693242,way,surface,MISSING,Surface tag is recommended to assess accessibility
1120693243,way,surface,MISSING,Surface tag is recommended to assess accessibility
1120693244,way,surface,MISSING,Surface tag is recommended to assess accessibility
1120693245,way,surface,MISSING,Surface tag is recommended to assess accessibility
1120693246,way,surface,MISSING,Surface tag is recommended to assess accessibility
1120693247,way,surface,MISSING,Surface tag is recommended to assess accessibility
1120693248,way,surface,MISSING,Surface tag is recommended to assess accessibility
1120693249,way,surface,MISSING,Surface tag is recommended to assess accessibility
1120693250,way,surface,MISSING,Surface tag is recommended to assess accessibility
1120693251,way,surface,MISSING,Surface tag is recommended to assess accessibility
1120693252,way,surface,MISSING,Surface tag is recommended to assess accessibility
1120693253,way,surface,MISSING,Surface tag is recommended to assess accessibility
1120693254,way,surface,MISSING,Surface tag is recommended to assess accessibility
1120693255,way,surface,MISSING,Surface tag is recommended to assess accessibility
1120693256,way,surface,MISSING,Surface tag is recommended to assess accessibility
1120693257,way,surface,MISSING,Surface tag is recommended to assess accessibility
1120693258,way,surface,MISSING,Surface tag is recommended to assess accessibility
1120693259,way,surface,MISSING,Surface tag is recommended to assess accessibility
1120693260,way,surface,MISSING,Surface tag is recommended to assess accessibility
1120693261,way,surface,MISSING,Surface tag is recommended to assess accessibility
1120693262,way,surface,MISSING,Surface tag is recommended to assess accessibility
1120693263,way,surface,MISSING,Surface tag is recommended to assess accessibility
1120693264,way,surface,MISSING,Surface tag is recommended to assess accessibility
1120693265,way,surface,MISSING,Surface tag is recommended to assess accessibility
1120693266,way,surface,MISSING,Surface tag is recommended to assess accessibility
1120693267,way,surface,MISSING,Surface tag is recommended to assess accessibility
1120693268,way,surface,MISSING,Surface tag is recommended to assess accessibility
1120693269,way,surface,MISSING,Surface tag is recommended to assess accessibility
1120693270,way,surface,MISSING,Surface tag is recommended to assess accessibility
1120693271,way,surface,MISSING,Surface tag is recommended to assess accessibility
1120693272,way,surface,MISSING,Surface tag is recommended to assess accessibility
1120693273,way,surface,MISSING,Surface tag is recommended to assess accessibility
1120693274,way,surface,MISSING,Surface tag is recommended to assess accessibility
1120693275,way,surface,MISSING,Surface tag is recommended to assess accessibility
1120693276,way,surface,MISSING,Surface tag is recommended to assess accessibility
1120693277,way,surface,MISSING,Surface tag is recommended to assess accessibility
1120693278,way,surface,MISSING,Surface tag is recommended to assess accessibility
1120693279,way,surface,MISSING,Surface tag is recommended to assess accessibility
1120693280,way,surface,MISSING,Surface tag is recommended to assess accessibility
1120693281,way,surface,MISSING,Surface tag is recommended to assess accessibility
1120693282,way,surface,MISSING,Surface tag is recommended to assess accessibility
1120693283,way,surface,MISSING,Surface tag is recommended to assess accessibility
1120693284,way,surface,MISSING,Surface tag is recommended to assess accessibility
1120693285,way,surface,MISSING,Surface tag is recommended to assess accessibility
1120693286,way,surface,MISSING,Surface tag is recommended to assess accessibility
1120693287,way,surface,MISSING,Surface tag is recommended to assess accessibility
1120693288,way,surface,MISSING,Surface tag is recommended to assess accessibility
1120693289,way,surface,MISSING,Surface tag is recommended to assess accessibility
1120693290,way,surface,MISSING,Surface tag is recommended to assess accessibility
1120693291,way,surface,MISSING,Surface tag is recommended to assess accessibility
1120693292,way,surface,MISSING,Surface tag is recommended to assess accessibility
1120693293,way,surface,MISSING,Surface tag is recommended to assess accessibility
1120693294,way,surface,MISSING,Surface tag is recommended to assess accessibility
1120693295,way,surface,MISSING,Surface tag is recommended to assess accessibility
1120693296,way,surface,MISSING,Surface tag is recommended to assess accessibility
1120693297,way,surface,MISSING,Surface tag is recommended to assess accessibility
1120693298,way,surface,MISSING,Surface tag is recommended to assess accessibility
1120693299,way,surface,MISSING,Surface tag is recommended to assess accessibility
1120693300,way,surface,MISSING,Surface tag is recommended to assess accessibility
1120693301,way,surface,MISSING,Surface tag is recommended to assess accessibility
1120693302,way,surface,MISSING,Surface tag is recommended to assess accessibility
1120693303,way,surface,MISSING,Surface tag is recommended to assess accessibility
1120693304,way,surface,MISSING,Surface tag is recommended to assess accessibility
1120693305,way,surface,MISSING,Surface tag is recommended to assess accessibility
1120693306,way,surface,MISSING,Surface tag is recommended to assess accessibility
1120693307,way,surface,MISSING,Surface tag is recommended to assess accessibility
1120693308,way,surface,MISSING,Surface tag is recommended to assess accessibility
1120693309,way,surface,MISSING,Surface tag is recommended to assess accessibility
1120693310,way,surface,MISSING,Surface tag is recommended to assess accessibility
1120693311,way,surface,MISSING,Surface tag is recommended to assess accessibility
1120693312,way,surface,MISSING,Surface tag is recommended to assess accessibility
1120693313,way,surface,MISSING,Surface tag is recommended to assess accessibility
1120693314,way,surface,MISSING,Surface tag is recommended to assess accessibility
1120693315,way,surface,MISSING,Surface tag is recommended to assess accessibility
1120693316,way,surface,MISSING,Surface tag is recommended to assess accessibility
1120693317,way,surface,MISSING,Surface tag is recommended to assess accessibility
1120693318,way,surface,MISSING,Surface tag is recommended to assess accessibility
1120693325,way,surface,MISSING,Surface tag is recommended to assess accessibility
1120693327,way,surface,MISSING,Surface tag is recommended to assess accessibility
1120693328,way,surface,MISSING,Surface tag is recommended to assess accessibility
1120693329,way,surface,MISSING,Surface tag is recommended to assess accessibility
1120693330,way,surface,MISSING,Surface tag is recommended to assess accessibility
1120693331,way,surface,MISSING,Surface tag is recommended to assess accessibility
1120693332,way,surface,MISSING,Surface tag is recommended to assess accessibility
1120693333,way,surface,MISSING,Surface tag is recommended to assess accessibility
1120693334,way,surface,MISSING,Surface tag is recommended to assess accessibility
1120693335,way,surface,MISSING,Surface tag is recommended to assess accessibility
1120693336,way,surface,MISSING,Surface tag is recommended to assess accessibility
1120693337,way,surface,MISSING,Surface tag is recommended to assess accessibility
1120693338,way,surface,MISSING,Surface tag is recommended to assess accessibility
1120693339,way,surface,MISSING,Surface tag is recommended to assess accessibility
1120693341,way,surface,MISSING,Surface tag is recommended to assess accessibility
1120693342,way,surface,MISSING,Surface tag is recommended to assess accessibility
1120693343,way,surface,MISSING,Surface tag is recommended to assess accessibility
1120693344,way,surface,MISSING,Surface tag is recommended to assess accessibility
1120693345,way,surface,MISSING,Surface tag is recommended to assess accessibility
1120693346,way,surface,MISSING,Surface tag is recommended to assess accessibility
1120693347,way,surface,MISSING,Surface tag is recommended to assess accessibility
1120693348,way,surface,MISSING,Surface tag is recommended to assess accessibility
1120693349,way,surface,MISSING,Surface tag is recommended to assess accessibility
1120693350,way,surface,MISSING,Surface tag is recommended to assess accessibility
1120693351,way,surface,MISSING,Surface tag is recommended to assess accessibility
1120693352,way,surface,MISSING,Surface tag is recommended to assess accessibility
1120693353,way,surface,MISSING,Surface tag is recommended to assess accessibility
1120693354,way,surface,MISSING,Surface tag is recommended to assess accessibility
1120693355,way,surface,MISSING,Surface tag is recommended to assess accessibility
1120693356,way,surface,MISSING,Surface tag is recommended to assess accessibility
1120693357,way,surface,MISSING,Surface tag is recommended to assess accessibility
1120693358,way,surface,MISSING,Surface tag is recommended to assess accessibility
1120693359,way,surface,MISSING,Surface tag is recommended to assess accessibility
1120693360,way,surface,MISSING,Surface tag is recommended to assess accessibility
1120693361,way,surface,MISSING,Surface tag is recommended to assess accessibility
1120693362,way,surface,MISSING,Surface tag is recommended to assess accessibility
1120693363,way,surface,MISSING,Surface tag is recommended to assess accessibility
1120693364,way,surface,MISSING,Surface tag is recommended to assess accessibility
1120693365,way,surface,MISSING,Surface tag is recommended to assess accessibility
1120693366,way,surface,MISSING,Surface tag is recommended to assess accessibility
1120693367,way,surface,MISSING,Surface tag is recommended to assess accessibility
1120693368,way,surface,MISSING,Surface tag is recommended to assess accessibility
1120693369,way,surface,MISSING,Surface tag is recommended to assess accessibility
1120693370,way,surface,MISSING,Surface tag is recommended to assess accessibility
1120693371,way,surface,MISSING,Surface tag is recommended to assess accessibility
1120693372,way,surface,MISSING,Surface tag is recommended to assess accessibility
1120693373,way,surface,MISSING,Surface tag is recommended to assess accessibility
1120693374,way,surface,MISSING,Surface tag is recommended to assess accessibility
1120693375,way,surface,MISSING,Surface tag is recommended to assess accessibility
1120693376,way,surface,MISSING,Surface tag is recommended to assess accessibility
1120693377,way,surface,MISSING,Surface tag is recommended to assess accessibility
1120693378,way,surface,MISSING,Surface tag is recommended to assess accessibility
1120693379,way,surface,MISSING,Surface tag is recommended to assess accessibility
1120693380,way,surface,MISSING,Surface tag is recommended to assess accessibility
1120693381,way,surface,MISSING,Surface tag is recommended to assess accessibility
1120693382,way,surface,MISSING,Surface tag is recommended to assess accessibility
1120693383,way,surface,MISSING,Surface tag is recommended to assess accessibility
1120693384,way,surface,MISSING,Surface tag is recommended to assess accessibility
1120693385,way,surface,MISSING,Surface tag is recommended to assess accessibility
1120693386,way,surface,MISSING,Surface tag is recommended to assess accessibility
1120693387,way,surface,MISSING,Surface tag is recommended to assess accessibility
1120693388,way,surface,MISSING,Surface tag is recommended to assess accessibility
1120693389,way,surface,MISSING,Surface tag is recommended to assess accessibility
1120693390,way,surface,MISSING,Surface tag is recommended to assess accessibility
1120693391,way,surface,MISSING,Surface tag is recommended to assess accessibility
1120693392,way,surface,MISSING,Surface tag is recommended to assess accessibility
1120693393,way,surface,MISSING,Surface tag is recommended to assess accessibility
1120693394,way,surface,MISSING,Surface tag is recommended to assess accessibility
1120693395,way,surface,MISSING,Surface tag is recommended to assess accessibility
1120693396,way,surface,MISSING,Surface tag is recommended to assess accessibility
1120693397,way,surface,MISSING,Surface tag is recommended to assess accessibility
1120693398,way,surface,MISSING,Surface tag is recommended to assess accessibility
1120693399,way,surface,MISSING,Surface tag is recommended to assess accessibility
1120693400,way,surface,MISSING,Surface tag is recommended to assess accessibility
1120693401,way,surface,MISSING,Surface tag is recommended to assess accessibility
1120693402,way,surface,MISSING,Surface tag is recommended to assess accessibility
1120693403,way,surface,MISSING,Surface tag is recommended to assess accessibility
1120693404,way,surface,MISSING,Surface tag is recommended to assess accessibility
1120693405,way,surface,MISSING,Surface tag is recommended to assess accessibility
1120693406,way,surface,MISSING,Surface tag is recommended to assess accessibility
1120693407,way,surface,MISSING,Surface tag is recommended to assess accessibility
1120693408,way,surface,MISSING,Surface tag is recommended to assess accessibility
1120693409,way,surface,MISSING,Surface tag is recommended to assess accessibility
1125734575,way,surface,MISSING,Surface tag is recommended to assess accessibility
1125734576,way,surface,MISSING,Surface tag is recommended to assess accessibility
1125734577,way,surface,MISSING,Surface tag is recommended to assess accessibility
1125734578,way,surface,MISSING,Surface tag is recommended to assess accessibility
1125734579,way,surface,MISSING,Surface tag is recommended to assess accessibility
1125734580,way,surface,MISSING,Surface tag is recommended to assess accessibility
1125734581,way,surface,MISSING,Surface tag is recommended to assess accessibility
1125734582,way,surface,MISSING,Surface tag is recommended to assess accessibility
1125734583,way,surface,MISSING,Surface tag is recommended to assess accessibility
1125734584,way,surface,MISSING,Surface tag is recommended to assess accessibility
1125734585,way,surface,MISSING,Surface tag is recommended to assess accessibility
1125734586,way,surface,MISSING,Surface tag is recommended to assess accessibility
1125734587,way,surface,MISSING,Surface tag is recommended to assess accessibility
1125734588,way,surface,MISSING,Surface tag is recommended to assess accessibility
1125734589,way,surface,MISSING,Surface tag is recommended to assess accessibility
1125734590,way,surface,MISSING,Surface tag is recommended to assess accessibility
1125734591,way,surface,MISSING,Surface tag is recommended to assess accessibility
1125734592,way,surface,MISSING,Surface tag is recommended to assess accessibility
1125734593,way,surface,MISSING,Surface tag is recommended to assess accessibility
1125734596,way,surface,MISSING,Surface tag is recommended to assess accessibility
1125942663,way,surface,MISSING,Surface tag is recommended to assess accessibility
1125942964,way,surface,MISSING,Surface tag is recommended to assess accessibility
1138718996,way,surface,MISSING,Surface tag is recommended to assess accessibility
1149515407,way,surface,MISSING,Surface tag is recommended to assess accessibility
1149515408,way,surface,MISSING,Surface tag is recommended to assess accessibility
1149524420,way,surface,MISSING,Surface tag is recommended to assess accessibility
1149524421,way,surface,MISSING,Surface tag is recommended to assess accessibility
1149524423,way,surface,MISSING,Surface tag is recommended to assess accessibility
1149566031,way,surface,MISSING,Surface tag is recommended to assess accessibility
1149566033,way,surface,MISSING,Surface tag is recommended to assess accessibility
1149566035,way,surface,MISSING,Surface tag is recommended to assess accessibility
1149566036,way,surface,MISSING,Surface tag is recommended to assess accessibility
1149566040,way,surface,MISSING,Surface tag is recommended to assess accessibility
1149566042,way,surface,MISSING,Surface tag is recommended to assess accessibility
1149566044,way,surface,MISSING,Surface tag is recommended to assess accessibility
1149566045,way,surface,MISSING,Surface tag is recommended to assess accessibility
1154884609,way,surface,MISSING,Surface tag is recommended to assess accessibility
1154884610,way,surface,MISSING,Surface tag is recommended to assess accessibility
1154885385,way,surface,MISSING,Surface tag is recommended to assess accessibility
1154885389,way,surface,MISSING,Surface tag is recommended to assess accessibility
1154885390,way,surface,MISSING,Surface tag is recommended to assess accessibility
1155453553,way,surface,MISSING,Surface tag is recommended to assess accessibility
1155686014,way,surface,MISSING,Surface tag is recommended to assess accessibility
1155729507,way,surface,MISSING,Surface tag is recommended to assess accessibility
1156289676,way,surface,MISSING,Surface tag is recommended to assess accessibility
1156289678,way,surface,MISSING,Surface tag is recommended to assess accessibility
1156450048,way,surface,MISSING,Surface tag is recommended to assess accessibility
1156450050,way,surface,MISSING,Surface tag is recommended to assess accessibility
1156520805,way,surface,MISSING,Surface tag is recommended to assess accessibility
1158277273,way,surface,MISSING,Surface tag is recommended to assess accessibility
1160926578,way,surface,MISSING,Surface tag is recommended to assess accessibility
1160996162,way,surface,MISSING,Surface tag is recommended to assess accessibility
1161235426,way,surface,MISSING,Surface tag is recommended to assess accessibility
1161235432,way,surface,MISSING,Surface tag is recommended to assess accessibility
1161235433,way,surface,MISSING,Surface tag is recommended to assess accessibility
1161235435,way,surface,MISSING,Surface tag is recommended to assess accessibility
1163723242,way,surface,MISSING,Surface tag is recommended to assess accessibility
1163723243,way,surface,MISSING,Surface tag is recommended to assess accessibility
1163723248,way,surface,MISSING,Surface tag is recommended to assess accessibility
1163725550,way,surface,MISSING,Surface tag is recommended to assess accessibility
1163725552,way,surface,MISSING,Surface tag is recommended to assess accessibility
1163725553,way,surface,MISSING,Surface tag is recommended to assess accessibility
1163725554,way,surface,MISSING,Surface tag is recommended to assess accessibility
1163725556,way,surface,MISSING,Surface tag is recommended to assess accessibility
1163725557,way,surface,MISSING,Surface tag is recommended to assess accessibility
1163725558,way,surface,MISSING,Surface tag is recommended to assess accessibility
1163729572,way,surface,MISSING,Surface tag is recommended to assess accessibility
1163729573,way,surface,MISSING,Surface tag is recommended to assess accessibility
1163729578,way,surface,MISSING,Surface tag is recommended to assess accessibility
1163729581,way,surface,MISSING,Surface tag is recommended to assess accessibility
1163729582,way,surface,MISSING,Surface tag is recommended to assess accessibility
1163729584,way,surface,MISSING,Surface tag is recommended to assess accessibility
1163729586,way,surface,MISSING,Surface tag is recommended to assess accessibility
1163732950,way,surface,MISSING,Surface tag is recommended to assess accessibility
1163732951,way,surface,MISSING,Surface tag is recommended to assess accessibility
1163732973,way,surface,MISSING,Surface tag is recommended to assess accessibility
1163732974,way,surface,MISSING,Surface tag is recommended to assess accessibility
1167228325,way,surface,MISSING,Surface tag is recommended to assess accessibility
1167228330,way,surface,MISSING,Surface tag is recommended to assess accessibility
1167436142,way,surface,MISSING,Surface tag is recommended to assess accessibility
1170387627,way,surface,MISSING,Surface tag is recommended to assess accessibility
1171876305,way,surface,MISSING,Surface tag is recommended to assess accessibility
1183846101,way,surface,MISSING,Surface tag is recommended to assess accessibility
1183846102,way,surface,MISSING,Surface tag is recommended to assess accessibility
1188085617,way,surface,MISSING,Surface tag is recommended to assess accessibility
1188085618,way,surface,MISSING,Surface tag is recommended to assess accessibility
1188184274,way,surface,MISSING,Surface tag is recommended to assess accessibility
1188184275,way,surface,MISSING,Surface tag is recommended to assess accessibility
1188184276,way,surface,MISSING,Surface tag is recommended to assess accessibility
1193330871,way,surface,MISSING,Surface tag is recommended to assess accessibility
1193330873,way,surface,MISSING,Surface tag is recommended to assess accessibility
1193330875,way,surface,MISSING,Surface tag is recommended to assess accessibility
1193330877,way,surface,MISSING,Surface tag is recommended to assess accessibility
1193376487,way,surface,MISSING,Surface tag is recommended to assess accessibility
1193376488,way,surface,MISSING,Surface tag is recommended to assess accessibility
1193393246,way,surface,MISSING,Surface tag is recommended to assess accessibility
1193393249,way,surface,MISSING,Surface tag is recommended to assess accessibility
1193393253,way,surface,MISSING,Surface tag is recommended to assess accessibility
1193393258,way,surface,MISSING,Surface tag is recommended to assess accessibility
1193393263,way,surface,MISSING,Surface tag is recommended to assess accessibility
1193395538,way,surface,MISSING,Surface tag is recommended to assess accessibility
1193436564,way,surface,MISSING,Surface tag is recommended to assess accessibility
1193601290,way,surface,MISSING,Surface tag is recommended to assess accessibility
1193601299,way,surface,MISSING,Surface tag is recommended to assess accessibility
1193633267,way,surface,MISSING,Surface tag is recommended to assess accessibility
1199258213,way,surface,MISSING,Surface tag is recommended to assess accessibility
1199258214,way,surface,MISSING,Surface tag is recommended to assess accessibility
1204514942,way,surface,MISSING,Surface tag is recommended to assess accessibility
1210656151,way,surface,MISSING,Surface tag is recommended to assess accessibility
1210656156,way,surface,MISSING,Surface tag is recommended to assess accessibility
1210656157,way,surface,MISSING,Surface tag is recommended to assess accessibility
1210656158,way,surface,MISSING,Surface tag is recommended to assess accessibility
1211016779,way,surface,MISSING,Surface tag is recommended to assess accessibility
1211016780,way,surface,MISSING,Surface tag is recommended to assess accessibility
1211016781,way,surface,MISSING,Surface tag is recommended to assess accessibility
1211016782,way,surface,MISSING,Surface tag is recommended to assess accessibility
1211016784,way,surface,MISSING,Surface tag is recommended to assess accessibility
1211041876,way,surface,MISSING,Surface tag is recommended to assess accessibility
1211041881,way,surface,MISSING,Surface tag is recommended to assess accessibility
1211041884,way,surface,MISSING,Surface tag is recommended to assess accessibility
1211041889,way,surface,MISSING,Surface tag is recommended to assess accessibility
1211041892,way,surface,MISSING,Surface tag is recommended to assess accessibility
1211041893,way,surface,MISSING,Surface tag is recommended to assess accessibility
1211041895,way,surface,MISSING,Surface tag is recommended to assess accessibility
1211370429,way,surface,MISSING,Surface tag is recommended to assess accessibility
1213755044,way,surface,MISSING,Surface tag is recommended to assess accessibility
1213755045,way,surface,MISSING,Surface tag is recommended to assess accessibility
1213755046,way,surface,MISSING,Surface tag is recommended to assess accessibility
1213755047,way,surface,MISSING,Surface tag is recommended to assess accessibility
1213755048,way,surface,MISSING,Surface tag is recommended to assess accessibility
1213755049,way,surface,MISSING,Surface tag is recommended to assess accessibility
1213755050,way,surface,MISSING,Surface tag is recommended to assess accessibility
1213953020,way,surface,MISSING,Surface tag is recommended to assess accessibility
1214827682,way,surface,MISSING,Surface tag is recommended to assess accessibility
1214827688,way,surface,MISSING,Surface tag is recommended to assess accessibility
1214827690,way,surface,MISSING,Surface tag is recommended to assess accessibility
1214827692,way,surface,MISSING,Surface tag is recommended to assess accessibility
1214827694,way,surface,MISSING,Surface tag is recommended to assess accessibility
1214827698,way,surface,MISSING,Surface tag is recommended to assess accessibility
1214827701,way,surface,MISSING,Surface tag is recommended to assess accessibility
1214827703,way,surface,MISSING,Surface tag is recommended to assess accessibility
1218415018,way,surface,MISSING,Surface tag is recommended to assess accessibility
1218415019,way,surface,MISSING,Surface tag is recommended to assess accessibility
1218415054,way,surface,MISSING,Surface tag is recommended to assess accessibility
1225909621,way,surface,MISSING,Surface tag is recommended to assess accessibility
1226773526,way,surface,MISSING,Surface tag is recommended to assess accessibility
1231751410,way,surface,MISSING,Surface tag is recommended to assess accessibility
1231760898,way,surface,MISSING,Surface tag is recommended to assess accessibility
1237798893,way,surface,MISSING,Surface tag is recommended to assess accessibility
1237798894,way,surface,MISSING,Surface tag is recommended to assess accessibility
1239544963,way,surface,MISSING,Surface tag is recommended to assess accessibility
1256947077,way,surface,MISSING,Surface tag is recommended to assess accessibility
1262797952,way,surface,MISSING,Surface tag is recommended to assess accessibility
1271366678,way,surface,MISSING,Surface tag is recommended to assess accessibility
1271366679,way,surface,MISSING,Surface tag is recommended to assess accessibility
1271366683,way,surface,MISSING,Surface tag is recommended to assess accessibility
1271366684,way,surface,MISSING,Surface tag is recommended to assess accessibility
1271366685,way,surface,MISSING,Surface tag is recommended to assess accessibility
1271366686,way,surface,MISSING,Surface tag is recommended to assess accessibility
1271885016,way,surface,MISSING,Surface tag is recommended to assess accessibility
1271885017,way,surface,MISSING,Surface tag is recommended to assess accessibility
1271885020,way,surface,MISSING,Surface tag is recommended to assess accessibility
1271885021,way,surface,MISSING,Surface tag is recommended to assess accessibility
1271885034,way,surface,MISSING,Surface tag is recommended to assess accessibility
1271885037,way,surface,MISSING,Surface tag is recommended to assess accessibility
1271885038,way,surface,MISSING,Surface tag is recommended to assess accessibility
1277853729,way,surface,MISSING,Surface tag is recommended to assess accessibility
1285626427,way,surface,MISSING,Surface tag is recommended to assess accessibility
1286115692,way,surface,MISSING,Surface tag is recommended to assess accessibility
1286115694,way,surface,MISSING,Surface tag is recommended to assess accessibility
1286115698,way,surface,MISSING,Surface tag is recommended to assess accessibility
1286115699,way,surface,MISSING,Surface tag is recommended to assess accessibility
1286115700,way,surface,MISSING,Surface tag is recommended to assess accessibility
1286115701,way,surface,MISSING,Surface tag is recommended to assess accessibility
1307579515,way,surface,MISSING,Surface tag is recommended to assess accessibility
1309911778,way,surface,MISSING,Surface tag is recommended to assess accessibility
1309911779,way,surface,MISSING,Surface tag is recommended to assess accessibility
1309911780,way,surface,MISSING,Surface tag is recommended to assess accessibility
1309911781,way,surface,MISSING,Surface tag is recommended to assess accessibility
1309911784,way,surface,MISSING,Surface tag is recommended to assess accessibility
1309911785,way,surface,MISSING,Surface tag is recommended to assess accessibility
1321621255,way,surface,MISSING,Surface tag is recommended to assess accessibility
1343849541,way,surface,MISSING,Surface tag is recommended to assess accessibility
1343849542,way,surface,MISSING,Surface tag is recommended to assess accessibility
1351548159,way,surface,MISSING,Surface tag is recommended to assess accessibility
1352961934,way,surface,MISSING,Surface tag is recommended to assess accessibility
1353146731,way,surface,MISSING,Surface tag is recommended to assess accessibility
1354005851,way,surface,MISSING,Surface tag is recommended to assess accessibility
1355187713,way,surface,MISSING,Surface tag is recommended to assess accessibility
1355187715,way,surface,MISSING,Surface tag is recommended to assess accessibility
1355188364,way,surface,MISSING,Surface tag is recommended to assess accessibility
1361688815,way,surface,MISSING,Surface tag is recommended to assess accessibility
1361688816,way,surface,MISSING,Surface tag is recommended to assess accessibility
1361688818,way,surface,MISSING,Surface tag is recommended to assess accessibility
1363075184,way,surface,MISSING,Surface tag is recommended to assess accessibility
1363581599,way,surface,MISSING,Surface tag is recommended to assess accessibility
1363581601,way,surface,MISSING,Surface tag is recommended to assess accessibility
1364869143,way,surface,MISSING,Surface tag is recommended to assess accessibility
1364869145,way,surface,MISSING,Surface tag is recommended to assess accessibility
1364869146,way,surface,MISSING,Surface tag is recommended to assess accessibility
1391031912,way,surface,MISSING,Surface tag is recommended to assess accessibility
1391031915,way,surface,MISSING,Surface tag is recommended to assess accessibility
1395795247,way,surface,MISSING,Surface tag is recommended to assess accessibility
1395795248,way,surface,MISSING,Surface tag is recommended to assess accessibility
1409280559,way,surface,MISSING,Surface tag is recommended to assess accessibility
1409280560,way,surface,MISSING,Surface tag is recommended to assess accessibility
1411438345,way,surface,MISSING,Surface tag is recommended to assess accessibility
1411438346,way,surface,MISSING,Surface tag is recommended to assess accessibility
1411438347,way,surface,MISSING,Surface tag is recommended to assess accessibility
1411438348,way,surface,MISSING,Surface tag is recommended to assess accessibility
1451485680,way,surface,MISSING,Surface tag is recommended to assess accessibility
1451487372,way,surface,MISSING,Surface tag is recommended to assess accessibility
1451487373,way,surface,MISSING,Surface tag is recommended to assess accessibility
1451737382,way,surface,MISSING,Surface tag is recommended to assess accessibility
1452708446,way,surface,MISSING,Surface tag is recommended to assess accessibility
1462941095,way,surface,MISSING,Surface tag is recommended to assess accessibility
1463905191,way,surface,MISSING,Surface tag is recommended to assess accessibility
1463905192,way,surface,MISSING,Surface tag is recommended to assess accessibility
1463905193,way,surface,MISSING,Surface tag is recommended to assess accessibility
1463905194,way,surface,MISSING,Surface tag is recommended to assess accessibility
1463905195,way,surface,MISSING,Surface tag is recommended to assess accessibility
1477315598,way,surface,MISSING,Surface tag is recommended to assess accessibility
1477315599,way,surface,MISSING,Surface tag is recommended to assess accessibility
1480834914,way,surface,MISSING,Surface tag is recommended to assess accessibility
1490901534,way,surface,MISSING,Surface tag is recommended to assess accessibility
1492961286,way,surface,MISSING,Surface tag is recommended to assess accessibility
1492961287,way,surface,MISSING,Surface tag is recommended to assess accessibility
1492961288,way,surface,MISSING,Surface tag is recommended to assess accessibility
1492961289,way,surface,MISSING,Surface tag is recommended to assess accessibility
1492961290,way,surface,MISSING,Surface tag is recommended to assess accessibility
1492961291,way,surface,MISSING,Surface tag is recommended to assess accessibility
1498542068,way,surface,MISSING,Surface tag is recommended to assess accessibility
1498542070,way,surface,MISSING,Surface tag is recommended to assess accessibility
1498542071,way,surface,MISSING,Surface tag is recommended to assess accessibility
1498542072,way,surface,MISSING,Surface tag is recommended to assess accessibility
1498542073,way,surface,MISSING,Surface tag is recommended to assess accessibility
1498542076,way,surface,MISSING,Surface tag is recommended to assess accessibility
1498542077,way,surface,MISSING,Surface tag is recommended to assess accessibility
1498542079,way,surface,MISSING,Surface tag is recommended to assess accessibility
1498542081,way,surface,MISSING,Surface tag is recommended to assess accessibility
1498542083,way,surface,MISSING,Surface tag is recommended to assess accessibility
1510179291,way,surface,MISSING,Surface tag is recommended to assess accessibility
1510179292,way,surface,MISSING,Surface tag is recommended to assess accessibility
1510179293,way,surface,MISSING,Surface tag is recommended to assess accessibility
1510179294,way,surface,MISSING,Surface tag is recommended to assess accessibility
1510179295,way,surface,MISSING,Surface tag is recommended to assess accessibility
1510179296,way,surface,MISSING,Surface tag is recommended to assess accessibility
1510184681,way,surface,MISSING,Surface tag is recommended to assess accessibility
1510409298,way,surface,MISSING,Surface tag is recommended to assess accessibility
1510409299,way,surface,MISSING,Surface tag is recommended to assess accessibility
1510409300,way,surface,MISSING,Surface tag is recommended to assess accessibility
1510774576,way,surface,MISSING,Surface tag is recommended to assess accessibility
1510774578,way,surface,MISSING,Surface tag is recommended to assess accessibility
1511981941,way,surface,MISSING,Surface tag is recommended to assess accessibility
1511981942,way,surface,MISSING,Surface tag is recommended to assess accessibility
1511981943,way,surface,MISSING,Surface tag is recommended to assess accessibility
1511981944,way,surface,MISSING,Surface tag is recommended to assess accessibility
1511981963,way,surface,MISSING,Surface tag is recommended to assess accessibility
1513060779,way,surface,MISSING,Surface tag is recommended to assess accessibility
1513060781,way,surface,MISSING,Surface tag is recommended to assess accessibility
1513060782,way,surface,MISSING,Surface tag is recommended to assess accessibility
1513060783,way,surface,MISSING,Surface tag is recommended to assess accessibility
1513060785,way,surface,MISSING,Surface tag is recommended to assess accessibility
1513060786,way,surface,MISSING,Surface tag is recommended to assess accessibility
1525505463,way,surface,MISSING,Surface tag is recommended to assess accessibility
1525505465,way,surface,MISSING,Surface tag is recommended to assess accessibility
1525505467,way,surface,MISSING,Surface tag is recommended to assess accessibility
1525505469,way,surface,MISSING,Surface tag is recommended to assess accessibility
1525505471,way,surface,MISSING,Surface tag is recommended to assess accessibility
1525505473,way,surface,MISSING,Surface tag is recommended to assess accessibility
1525505475,way,surface,MISSING,Surface tag is recommended to assess accessibility
1525505477,way,surface,MISSING,Surface tag is recommended to assess accessibility
1525505479,way,surface,MISSING,Surface tag is recommended to assess accessibility
1525505481,way,surface,MISSING,Surface tag is recommended to assess accessibility
1525505483,way,surface,MISSING,Surface tag is recommended to assess accessibility
1525505485,way,surface,MISSING,Surface tag is recommended to assess accessibility
1525505487,way,surface,MISSING,Surface tag is recommended to assess accessibility
1525505489,way,surface,MISSING,Surface tag is recommended to assess accessibility
1525505491,way,surface,MISSING,Surface tag is recommended to assess accessibility
1525505493,way,surface,MISSING,Surface tag is recommended to assess accessibility
1525505495,way,surface,MISSING,Surface tag is recommended to assess accessibility
1526212783,way,surface,MISSING,Surface tag is recommended to assess accessibility
1526212786,way,surface,MISSING,Surface tag is recommended to assess accessibility
1526212788,way,surface,MISSING,Surface tag is recommended to assess accessibility
1526212790,way,surface,MISSING,Surface tag is recommended to assess accessibility
1526212792,way,surface,MISSING,Surface tag is recommended to assess accessibility
1527212344,way,surface,MISSING,Surface tag is recommended to assess accessibility
1527212345,way,surface,MISSING,Surface tag is recommended to assess accessibility
1527212346,way,surface,MISSING,Surface tag is recommended to assess accessibility
1527212347,way,surface,MISSING,Surface tag is recommended to assess accessibility
1527212348,way,surface,MISSING,Surface tag is recommended to assess accessibility
1527212349,way,surface,MISSING,Surface tag is recommended to assess accessibility
1527212350,way,surface,MISSING,Surface tag is recommended to assess accessibility
1527212351,way,surface,MISSING,Surface tag is recommended to assess accessibility
1527212354,way,surface,MISSING,Surface tag is recommended to assess accessibility
1527212356,way,surface,MISSING,Surface tag is recommended to assess accessibility
1527215414,way,surface,MISSING,Surface tag is recommended to assess accessibility
1527221952,way,surface,MISSING,Surface tag is recommended to assess accessibility
1527221953,way,surface,MISSING,Surface tag is recommended to assess accessibility
1529345681,way,surface,MISSING,Surface tag is recommended to assess accessibility
1529345683,way,surface,MISSING,Surface tag is recommended to assess accessibility
1529345685,way,surface,MISSING,Surface tag is recommended to assess accessibility
1531894155,way,surface,MISSING,Surface tag is recommended to assess accessibility
1531894158,way,surface,MISSING,Surface tag is recommended to assess accessibility
1531894160,way,surface,MISSING,Surface tag is recommended to assess accessibility
1531894161,way,surface,MISSING,Surface tag is recommended to assess accessibility
1531894163,way,surface,MISSING,Surface tag is recommended to assess accessibility
1531894164,way,surface,MISSING,Surface tag is recommended to assess accessibility
1531894165,way,surface,MISSING,Surface tag is recommended to assess accessibility
1531894166,way,surface,MISSING,Surface tag is recommended to assess accessibility
1531894182,way,surface,MISSING,Surface tag is recommended to assess accessibility
1531894183,way,surface,MISSING,Surface tag is recommended to assess accessibility
1534963740,way,surface,MISSING,Surface tag is recommended to assess accessibility
1534963747,way,surface,MISSING,Surface tag is recommended to assess accessibility
1534963748,way,surface,MISSING,Surface tag is recommended to assess accessibility
1534967272,way,surface,MISSING,Surface tag is recommended to assess accessibility
1549438629,way,surface,MISSING,Surface tag is recommended to assess accessibility
1553330243,way,surface,MISSING,Surface tag is recommended to assess accessibility
1553330244,way,surface,MISSING,Surface tag is recommended to assess accessibility
1553330247,way,surface,MISSING,Surface tag is recommended to assess accessibility
1553330248,way,surface,MISSING,Surface tag is recommended to assess accessibility
1553330249,way,surface,MISSING,Surface tag is recommended to assess accessibility
1553330250,way,surface,MISSING,Surface tag is recommended to assess accessibility
1553330251,way,surface,MISSING,Surface tag is recommended to assess accessibility
1553330253,way,surface,MISSING,Surface tag is recommended to assess accessibility
1553330254,way,surface,MISSING,Surface tag is recommended to assess accessibility
