osm_id,feat_type,key,value,commentary
32430901,node,surface,MISSING,Surface tag is recommended to assess accessibility
35081190,node,surface,MISSING,Surface tag is recommended to assess accessibility
35081198,node,surface,MISSING,Surface tag is recommended to assess accessibility
88204193,node,surface,MISSING,Surface tag is recommended to assess accessibility
139266171,node,surface,MISSING,Surface tag is recommended to assess accessibility
245476640,node,surface,MISSING,Surface tag is recommended to assess accessibility
249381302,node,surface,MISSING,Surface tag is recommended to assess accessibility
250048272,node,surface,MISSING,Surface tag is recommended to assess accessibility
250898608,node,surface,MISSING,Surface tag is recommended to assess accessibility
251290301,node,surface,MISSING,Surface tag is recommended to assess accessibility
253312193,node,surface,MISSING,Surface tag is recommended to assess accessibility
253756326,node,surface,MISSING,Surface tag is recommended to assess accessibility
254604867,node,surface,MISSING,Surface tag is recommended to assess accessibility
254894868,node,surface,MISSING,Surface tag is recommended to assess accessibility
256029976,node,surface,MISSING,Surface tag is recommended to assess accessibility
257610839,node,surface,MISSING,Surface tag is recommended to assess accessibility
259783041,node,surface,MISSING,Surface tag is recommended to assess accessibility
259783043,node,surface,MISSING,Surface tag is recommended to assess accessibility
266380646,node,surface,MISSING,Surface tag is recommended to assess accessibility
267873199,node,surface,MISSING,Surface tag is recommended to assess accessibility
268862219,node,surface,MISSING,Surface tag is recommended to assess accessibility
271347948,node,surface,MISSING,Surface tag is recommended to assess accessibility
281443231,node,surface,MISSING,Surface tag is recommended to assess accessibility
282535993,node,surface,MISSING,Surface tag is recommended to assess accessibility
282535996,node,surface,MISSING,Surface tag is recommended to assess accessibility
282536054,node,surface,MISSING,Surface tag is recommended to assess accessibility
283848878,node,surface,MISSING,Surface tag is recommended to assess accessibility
286315035,node,surface,MISSING,Surface tag is recommended to assess accessibility
303378061,node,surface,MISSING,Surface tag is recommended to assess accessibility
314431804,node,surface,MISSING,Surface tag is recommended to assess accessibility
355712607,node,surface,MISSING,Surface tag is recommended to assess accessibility
365465256,node,surface,MISSING,Surface tag is recommended to assess accessibility
380589278,node,surface,MISSING,Surface tag is recommended to assess accessibility
439935592,node,surface,MISSING,Surface tag is recommended to assess accessibility
442039636,node,surface,MISSING,Surface tag is recommended to assess accessibility
445833097,node,surface,MISSING,Surface tag is recommended to assess accessibility
471169804,node,surface,MISSING,Surface tag is recommended to assess accessibility
478788910,node,surface,MISSING,Surface tag is recommended to assess accessibility
490782044,node,surface,MISSING,Surface tag is recommended to assess accessibility
518519051,node,surface,MISSING,Surface tag is recommended to assess accessibility
529956916,node,surface,MISSING,Surface tag is recommended to assess accessibility
538331312,node,surface,MISSING,Surface tag is recommended to assess accessibility
558536265,node,surface,MISSING,Surface tag is recommended to assess accessibility
559767587,node,surface,MISSING,Surface tag is recommended to assess accessibility
578238826,node,surface,MISSING,Surface tag is recommended to assess accessibility
613579635,node,surface,MISSING,Surface tag is recommended to assess accessibility
613579638,node,surface,MISSING,Surface tag is recommended to assess accessibility
613579646,node,surface,MISSING,Surface tag is recommended to assess accessibility
613579690,node,surface,MISSING,Surface tag is recommended to assess accessibility
614614856,node,surface,MISSING,Surface tag is recommended to assess accessibility
614614859,node,surface,MISSING,Surface tag is recommended to assess accessibility
617299313,node,surface,MISSING,Surface tag is recommended to assess accessibility
680350419,node,surface,MISSING,Surface tag is recommended to assess accessibility
726562508,node,surface,MISSING,Surface tag is recommended to assess accessibility
726933699,node,surface,MISSING,Surface tag is recommended to assess accessibility
877703895,node,surface,MISSING,Surface tag is recommended to assess accessibility
882437769,node,surface,MISSING,Surface tag is recommended to assess accessibility
882437793,node,surface,MISSING,Surface tag is recommended to assess accessibility
882437850,node,surface,MISSING,Surface tag is recommended to assess accessibility
883282678,node,surface,MISSING,Surface tag is recommended to assess accessibility
895557454,node,surface,MISSING,Surface tag is recommended to assess accessibility
897229032,node,surface,MISSING,Surface tag is recommended to assess accessibility
911777768,node,surface,MISSING,Surface tag is recommended to assess accessibility
925866880,node,surface,MISSING,Surface tag is recommended to assess accessibility
935325174,node,surface,MISSING,Surface tag is recommended to assess accessibility
1011790336,node,surface,MISSING,Surface tag is recommended to assess accessibility
1011790468,node,surface,MISSING,Surface tag is recommended to assess accessibility
1029605717,node,surface,MISSING,Surface tag is recommended to assess accessibility
1033882039,node,surface,MISSING,Surface tag is recommended to assess accessibility
1137933927,node,surface,MISSING,Surface tag is recommended to assess accessibility
1157980324,node,surface,MISSING,Surface tag is recommended to assess accessibility
1171087802,node,surface,MISSING,Surface tag is recommended to assess accessibility
1253980221,node,surface,MISSING,Surface tag is recommended to assess accessibility
1271547378,node,surface,MISSING,Surface tag is recommended to assess accessibility
1271547382,node,surface,MISSING,Surface tag is recommended to assess accessibility
1308162238,node,surface,MISSING,Surface tag is recommended to assess accessibility
1309613222,node,surface,MISSING,Surface tag is recommended to assess accessibility
1433063490,node,surface,MISSING,Surface tag is recommended to assess accessibility
1433063511,node,surface,MISSING,Surface tag is recommended to assess accessibility
1446880679,node,surface,MISSING,Surface tag is recommended to assess accessibility
1447219048,node,surface,MISSING,Surface tag is recommended to assess accessibility
1464812320,node,surface,MISSING,Surface tag is recommended to assess accessibility
1464812326,node,surface,MISSING,Surface tag is recommended to assess accessibility
1467595480,node,surface,MISSING,Surface tag is recommended to assess accessibility
1485875940,node,surface,MISSING,Surface tag is recommended to assess accessibility
1486453886,node,surface,MISSING,Surface tag is recommended to assess accessibility
1486453923,node,surface,MISSING,Surface tag is recommended to assess accessibility
1487224528,node,surface,MISSING,Surface tag is recommended to assess accessibility
1487249807,node,surface,MISSING,Surface tag is recommended to assess accessibility
1488892243,node,surface,MISSING,Surface tag is recommended to assess accessibility
1493579696,node,surface,MISSING,Surface tag is recommended to assess accessibility
1502799212,node,surface,MISSING,Surface tag is recommended to assess accessibility
1505205441,node,surface,MISSING,Surface tag is recommended to assess accessibility
1512688454,node,surface,MISSING,Surface tag is recommended to assess accessibility
1538423205,node,surface,MISSING,Surface tag is recommended to assess accessibility
1558250490,node,surface,MISSING,Surface tag is recommended to assess accessibility
1581296153,node,surface,MISSING,Surface tag is recommended to assess accessibility
1619441003,node,surface,MISSING,Surface tag is recommended to assess accessibility
1627126717,node,surface,MISSING,Surface tag is recommended to assess accessibility
1648333349,node,surface,MISSING,Surface tag is recommended to assess accessibility
1664985434,node,surface,MISSING,Surface tag is recommended to assess accessibility
1664985472,node,surface,MISSING,Surface tag is recommended to assess accessibility
1664985510,node,surface,MISSING,Surface tag is recommended to assess accessibility
1699692604,node,surface,MISSING,Surface tag is recommended to assess accessibility
1699886632,node,surface,MISSING,Surface tag is recommended to assess accessibility
1699979820,node,surface,MISSING,Surface tag is recommended to assess accessibility
1699979848,node,surface,MISSING,Surface tag is recommended to assess accessibility
1705281880,node,surface,MISSING,Surface tag is recommended to assess accessibility
1705281904,node,surface,MISSING,Surface tag is recommended to assess accessibility
1705281922,node,surface,MISSING,Surface tag is recommended to assess accessibility
1706091811,node,surface,MISSING,Surface tag is recommended to assess accessibility
1709621452,node,surface,MISSING,Surface tag is recommended to assess accessibility
1718642035,node,surface,MISSING,Surface tag is recommended to assess accessibility
1720802496,node,surface,MISSING,Surface tag is recommended to assess accessibility
1722078886,node,surface,MISSING,Surface tag is recommended to assess accessibility
1722079007,node,surface,MISSING,Surface tag is recommended to assess accessibility
1722079008,node,surface,MISSING,Surface tag is recommended to assess accessibility
1724436605,node,surface,MISSING,Surface tag is recommended to assess accessibility
1726657326,node,surface,MISSING,Surface tag is recommended to assess accessibility
1727482493,node,surface,MISSING,Surface tag is recommended to assess accessibility
1744786284,node,surface,MISSING,Surface tag is recommended to assess accessibility
1757298934,node,surface,MISSING,Surface tag is recommended to assess accessibility
1757676915,node,surface,MISSING,Surface tag is recommended to assess accessibility
1757676945,node,surface,MISSING,Surface tag is recommended to assess accessibility
1757676973,node,surface,MISSING,Surface tag is recommended to assess accessibility
1757676976,node,surface,MISSING,Surface tag is recommended to assess accessibility
1757676984,node,surface,MISSING,Surface tag is recommended to assess accessibility
1757676987,node,surface,MISSING,Surface tag is recommended to assess accessibility
1757677000,node,surface,MISSING,Surface tag is recommended to assess accessibility
1757677004,node,surface,MISSING,Surface tag is recommended to assess accessibility
1757677009,node,surface,MISSING,Surface tag is recommended to assess accessibility
1757677010,node,surface,MISSING,Surface tag is recommended to assess accessibility
1759975522,node,surface,MISSING,Surface tag is recommended to assess accessibility
1760433145,node,surface,MISSING,Surface tag is recommended to assess accessibility
1760433146,node,surface,MISSING,Surface tag is recommended to assess accessibility
1762865082,node,surface,MISSING,Surface tag is recommended to assess accessibility
1774020997,node,surface,MISSING,Surface tag is recommended to assess accessibility
1799519827,node,surface,MISSING,Surface tag is recommended to assess accessibility
1824788769,node,surface,MISSING,Surface tag is recommended to assess accessibility
1824788792,node,surface,MISSING,Surface tag is recommended to assess accessibility
1828906238,node,surface,MISSING,Surface tag is recommended to assess accessibility
1829813873,node,surface,MISSING,Surface tag is recommended to assess accessibility
1839136729,node,surface,MISSING,Surface tag is recommended to assess accessibility
1857873630,node,surface,MISSING,Surface tag is recommended to assess accessibility
1858791628,node,surface,MISSING,Surface tag is recommended to assess accessibility
1864492452,node,surface,MISSING,Surface tag is recommended to assess accessibility
1879371293,node,surface,MISSING,Surface tag is recommended to assess accessibility
1879371307,node,surface,MISSING,Surface tag is recommended to assess accessibility
1894711768,node,surface,MISSING,Surface tag is recommended to assess accessibility
1894711782,node,surface,MISSING,Surface tag is recommended to assess accessibility
1917028139,node,surface,MISSING,Surface tag is recommended to assess accessibility
1917939429,node,surface,MISSING,Surface tag is recommended to assess accessibility
1917939480,node,surface,MISSING,Surface tag is recommended to assess accessibility
1918008765,node,surface,MISSING,Surface tag is recommended to assess accessibility
1920947111,node,surface,MISSING,Surface tag is recommended to assess accessibility
1920980105,node,surface,MISSING,Surface tag is recommended to assess accessibility
1931873263,node,surface,MISSING,Surface tag is recommended to assess accessibility
1946046685,node,surface,MISSING,Surface tag is recommended to assess accessibility
1946736530,node,surface,MISSING,Surface tag is recommended to assess accessibility
1965121587,node,surface,MISSING,Surface tag is recommended to assess accessibility
1972490310,node,surface,MISSING,Surface tag is recommended to assess accessibility
1976331498,node,surface,MISSING,Surface tag is recommended to assess accessibility
1976331507,node,surface,MISSING,Surface tag is recommended to assess accessibility
1990156818,node,surface,MISSING,Surface tag is recommended to assess accessibility
2006277610,node,surface,MISSING,Surface tag is recommended to assess accessibility
2012056561,node,surface,MISSING,Surface tag is recommended to assess accessibility
2030035290,node,surface,MISSING,Surface tag is recommended to assess accessibility
2065004971,node,surface,MISSING,Surface tag is recommended to assess accessibility
2075166711,node,surface,MISSING,Surface tag is recommended to assess accessibility
2092489231,node,surface,MISSING,Surface tag is recommended to assess accessibility
2092489233,node,surface,MISSING,Surface tag is recommended to assess accessibility
2096701067,node,surface,MISSING,Surface tag is recommended to assess accessibility
2098203843,node,surface,MISSING,Surface tag is recommended to assess accessibility
2129476851,node,surface,MISSING,Surface tag is recommended to assess accessibility
2131451053,node,surface,MISSING,Surface tag is recommended to assess accessibility
2144217019,node,surface,MISSING,Surface tag is recommended to assess accessibility
2144217023,node,surface,MISSING,Surface tag is recommended to assess accessibility
2148863431,node,surface,MISSING,Surface tag is recommended to assess accessibility
2148863455,node,surface,MISSING,Surface tag is recommended to assess accessibility
2148863490,node,surface,MISSING,Surface tag is recommended to assess accessibility
2148894745,node,surface,MISSING,Surface tag is recommended to assess accessibility
2148894761,node,surface,MISSING,Surface tag is recommended to assess accessibility
2148899374,node,surface,MISSING,Surface tag is recommended to assess accessibility
2148901877,node,surface,MISSING,Surface tag is recommended to assess accessibility
2156104186,node,surface,MISSING,Surface tag is recommended to assess accessibility
2158839321,node,surface,MISSING,Surface tag is recommended to assess accessibility
2185661686,node,surface,MISSING,Surface tag is recommended to assess accessibility
2185661687,node,surface,MISSING,Surface tag is recommended to assess accessibility
2203128842,node,surface,MISSING,Surface tag is recommended to assess accessibility
2207003819,node,surface,MISSING,Surface tag is recommended to assess accessibility
2210023403,node,surface,MISSING,Surface tag is recommended to assess accessibility
2210023404,node,surface,MISSING,Surface tag is recommended to assess accessibility
2210023405,node,surface,MISSING,Surface tag is recommended to assess accessibility
2210023406,node,surface,MISSING,Surface tag is recommended to assess accessibility
2212664689,node,surface,MISSING,Surface tag is recommended to assess accessibility
2250993036,node,surface,MISSING,Surface tag is recommended to assess accessibility
2266107446,node,surface,MISSING,Surface tag is recommended to assess accessibility
2266760464,node,surface,MISSING,Surface tag is recommended to assess accessibility
2277554872,node,surface,MISSING,Surface tag is recommended to assess accessibility
2300055229,node,surface,MISSING,Surface tag is recommended to assess accessibility
2302418326,node,surface,MISSING,Surface tag is recommended to assess accessibility
2385882133,node,surface,MISSING,Surface tag is recommended to assess accessibility
2385882139,node,surface,MISSING,Surface tag is recommended to assess accessibility
2407127345,node,surface,MISSING,Surface tag is recommended to assess accessibility
2407127348,node,surface,MISSING,Surface tag is recommended to assess accessibility
2437179662,node,surface,MISSING,Surface tag is recommended to assess accessibility
2449157680,node,surface,MISSING,Surface tag is recommended to assess accessibility
2477023368,node,surface,MISSING,Surface tag is recommended to assess accessibility
2477071896,node,surface,MISSING,Surface tag is recommended to assess accessibility
2510429567,node,surface,MISSING,Surface tag is recommended to assess accessibility
2511842614,node,surface,MISSING,Surface tag is recommended to assess accessibility
2517370905,node,surface,MISSING,Surface tag is recommended to assess accessibility
2535250742,node,surface,MISSING,Surface tag is recommended to assess accessibility
2553558641,node,surface,MISSING,Surface tag is recommended to assess accessibility
2558935280,node,surface,MISSING,Surface tag is recommended to assess accessibility
2569732556,node,surface,MISSING,Surface tag is recommended to assess accessibility
2603520623,node,surface,MISSING,Surface tag is recommended to assess accessibility
2603521701,node,surface,MISSING,Surface tag is recommended to assess accessibility
2619654248,node,surface,MISSING,Surface tag is recommended to assess accessibility
2619654250,node,surface,MISSING,Surface tag is recommended to assess accessibility
2675424561,node,surface,MISSING,Surface tag is recommended to assess accessibility
2685434011,node,surface,MISSING,Surface tag is recommended to assess accessibility
2700247056,node,surface,MISSING,Surface tag is recommended to assess accessibility
2709744223,node,surface,MISSING,Surface tag is recommended to assess accessibility
2719476437,node,surface,MISSING,Surface tag is recommended to assess accessibility
2721213534,node,surface,MISSING,Surface tag is recommended to assess accessibility
2721213535,node,surface,MISSING,Surface tag is recommended to assess accessibility
2742497479,node,surface,MISSING,Surface tag is recommended to assess accessibility
2742497491,node,surface,MISSING,Surface tag is recommended to assess accessibility
2742497536,node,surface,MISSING,Surface tag is recommended to assess accessibility
2742497548,node,surface,MISSING,Surface tag is recommended to assess accessibility
2743753633,node,surface,MISSING,Surface tag is recommended to assess accessibility
2744630615,node,surface,MISSING,Surface tag is recommended to assess accessibility
2744630624,node,surface,MISSING,Surface tag is recommended to assess accessibility
2744630633,node,surface,MISSING,Surface tag is recommended to assess accessibility
2744630649,node,surface,MISSING,Surface tag is recommended to assess accessibility
2746602199,node,surface,MISSING,Surface tag is recommended to assess accessibility
2746602204,node,surface,MISSING,Surface tag is recommended to assess accessibility
2746602206,node,surface,MISSING,Surface tag is recommended to assess accessibility
2746602223,node,surface,MISSING,Surface tag is recommended to assess accessibility
2749842637,node,surface,MISSING,Surface tag is recommended to assess accessibility
2749842717,node,surface,MISSING,Surface tag is recommended to assess accessibility
2749842796,node,surface,MISSING,Surface tag is recommended to assess accessibility
2772945588,node,surface,MISSING,Surface tag is recommended to assess accessibility
2780485761,node,surface,MISSING,Surface tag is recommended to assess accessibility
2804364517,node,surface,MISSING,Surface tag is recommended to assess accessibility
2820767597,node,surface,MISSING,Surface tag is recommended to assess accessibility
2825297846,node,surface,MISSING,Surface tag is recommended to assess accessibility
2825297851,node,surface,MISSING,Surface tag is recommended to assess accessibility
2866157764,node,surface,MISSING,Surface tag is recommended to assess accessibility
2866157776,node,surface,MISSING,Surface tag is recommended to assess accessibility
2866157792,node,surface,MISSING,Surface tag is recommended to assess accessibility
2870748412,node,surface,MISSING,Surface tag is recommended to assess accessibility
2873160452,node,surface,MISSING,Surface tag is recommended to assess accessibility
2875995407,node,surface,MISSING,Surface tag is recommended to assess accessibility
2891716105,node,surface,MISSING,Surface tag is recommended to assess accessibility
2891716176,node,surface,MISSING,Surface tag is recommended to assess accessibility
2898864722,node,surface,MISSING,Surface tag is recommended to assess accessibility
2917120688,node,surface,MISSING,Surface tag is recommended to assess accessibility
2919153078,node,surface,MISSING,Surface tag is recommended to assess accessibility
2920027137,node,surface,MISSING,Surface tag is recommended to assess accessibility
2931224030,node,surface,MISSING,Surface tag is recommended to assess accessibility
2931435019,node,surface,MISSING,Surface tag is recommended to assess accessibility
2962358511,node,surface,MISSING,Surface tag is recommended to assess accessibility
3007506345,node,surface,MISSING,Surface tag is recommended to assess accessibility
3023381379,node,surface,MISSING,Surface tag is recommended to assess accessibility
3030452601,node,surface,MISSING,Surface tag is recommended to assess accessibility
3037704209,node,surface,MISSING,Surface tag is recommended to assess accessibility
3060722232,node,surface,MISSING,Surface tag is recommended to assess accessibility
3191774626,node,surface,MISSING,Surface tag is recommended to assess accessibility
3215730977,node,surface,MISSING,Surface tag is recommended to assess accessibility
3227966616,node,surface,MISSING,Surface tag is recommended to assess accessibility
3312832835,node,surface,MISSING,Surface tag is recommended to assess accessibility
3312832836,node,surface,MISSING,Surface tag is recommended to assess accessibility
3314857876,node,surface,MISSING,Surface tag is recommended to assess accessibility
3372001857,node,surface,MISSING,Surface tag is recommended to assess accessibility
3372003894,node,surface,MISSING,Surface tag is recommended to assess accessibility
3372509706,node,surface,MISSING,Surface tag is recommended to assess accessibility
3372509707,node,surface,MISSING,Surface tag is recommended to assess accessibility
3377081551,node,surface,MISSING,Surface tag is recommended to assess accessibility
3378143104,node,surface,MISSING,Surface tag is recommended to assess accessibility
3378143105,node,surface,MISSING,Surface tag is recommended to assess accessibility
3397928693,node,surface,MISSING,Surface tag is recommended to assess accessibility
3406798700,node,surface,MISSING,Surface tag is recommended to assess accessibility
3448550519,node,surface,MISSING,Surface tag is recommended to assess accessibility
3563880300,node,surface,MISSING,Surface tag is recommended to assess accessibility
3610706760,node,surface,MISSING,Surface tag is recommended to assess accessibility
3610711217,node,surface,MISSING,Surface tag is recommended to assess accessibility
3712617243,node,surface,MISSING,Surface tag is recommended to assess accessibility
3721057479,node,surface,MISSING,Surface tag is recommended to assess accessibility
3731922535,node,surface,MISSING,Surface tag is recommended to assess accessibility
3818659551,node,surface,MISSING,Surface tag is recommended to assess accessibility
4041815779,node,surface,MISSING,Surface tag is recommended to assess accessibility
4048795708,node,surface,MISSING,Surface tag is recommended to assess accessibility
4048795714,node,surface,MISSING,Surface tag is recommended to assess accessibility
4059821581,node,surface,MISSING,Surface tag is recommended to assess accessibility
4060097476,node,surface,MISSING,Surface tag is recommended to assess accessibility
4092157401,node,surface,MISSING,Surface tag is recommended to assess accessibility
4234045589,node,surface,MISSING,Surface tag is recommended to assess accessibility
4277861432,node,surface,MISSING,Surface tag is recommended to assess accessibility
4381970342,node,surface,MISSING,Surface tag is recommended to assess accessibility
4381971535,node,surface,MISSING,Surface tag is recommended to assess accessibility
4381972490,node,surface,MISSING,Surface tag is recommended to assess accessibility
4454458070,node,surface,MISSING,Surface tag is recommended to assess accessibility
4458994002,node,surface,MISSING,Surface tag is recommended to assess accessibility
4458994006,node,surface,MISSING,Surface tag is recommended to assess accessibility
4459073789,node,surface,MISSING,Surface tag is recommended to assess accessibility
4459073804,node,surface,MISSING,Surface tag is recommended to assess accessibility
4459073822,node,surface,MISSING,Surface tag is recommended to assess accessibility
4523229632,node,surface,MISSING,Surface tag is recommended to assess accessibility
4523229680,node,surface,MISSING,Surface tag is recommended to assess accessibility
4523229831,node,surface,MISSING,Surface tag is recommended to assess accessibility
4523229836,node,surface,MISSING,Surface tag is recommended to assess accessibility
4523734875,node,surface,MISSING,Surface tag is recommended to assess accessibility
4524547488,node,surface,MISSING,Surface tag is recommended to assess accessibility
4526291988,node,surface,MISSING,Surface tag is recommended to assess accessibility
4526292089,node,surface,MISSING,Surface tag is recommended to assess accessibility
4541125245,node,surface,MISSING,Surface tag is recommended to assess accessibility
4544999256,node,surface,MISSING,Surface tag is recommended to assess accessibility
4545525733,node,surface,MISSING,Surface tag is recommended to assess accessibility
4545525734,node,surface,MISSING,Surface tag is recommended to assess accessibility
4547940487,node,surface,MISSING,Surface tag is recommended to assess accessibility
4549972298,node,surface,MISSING,Surface tag is recommended to assess accessibility
4549972369,node,surface,MISSING,Surface tag is recommended to assess accessibility
4549972374,node,surface,MISSING,Surface tag is recommended to assess accessibility
4552183415,node,surface,MISSING,Surface tag is recommended to assess accessibility
4659999564,node,surface,MISSING,Surface tag is recommended to assess accessibility
4764899772,node,surface,MISSING,Surface tag is recommended to assess accessibility
4764899773,node,surface,MISSING,Surface tag is recommended to assess accessibility
4808277458,node,surface,MISSING,Surface tag is recommended to assess accessibility
4808277459,node,surface,MISSING,Surface tag is recommended to assess accessibility
4839010227,node,surface,MISSING,Surface tag is recommended to assess accessibility
4839010228,node,surface,MISSING,Surface tag is recommended to assess accessibility
4839010252,node,surface,MISSING,Surface tag is recommended to assess accessibility
4839010253,node,surface,MISSING,Surface tag is recommended to assess accessibility
4839010254,node,surface,MISSING,Surface tag is recommended to assess accessibility
4839010262,node,surface,MISSING,Surface tag is recommended to assess accessibility
4840782475,node,surface,MISSING,Surface tag is recommended to assess accessibility
4842472000,node,surface,MISSING,Surface tag is recommended to assess accessibility
4842472002,node,surface,MISSING,Surface tag is recommended to assess accessibility
4851438466,node,surface,MISSING,Surface tag is recommended to assess accessibility
4958599054,node,surface,MISSING,Surface tag is recommended to assess accessibility
5033959091,node,surface,MISSING,Surface tag is recommended to assess accessibility
5033959626,node,surface,MISSING,Surface tag is recommended to assess accessibility
5033959627,node,surface,MISSING,Surface tag is recommended to assess accessibility
5033959628,node,surface,MISSING,Surface tag is recommended to assess accessibility
5113976771,node,surface,MISSING,Surface tag is recommended to assess accessibility
5113976772,node,surface,MISSING,Surface tag is recommended to assess accessibility
5287291754,node,surface,MISSING,Surface tag is recommended to assess accessibility
5297709217,node,surface,MISSING,Surface tag is recommended to assess accessibility
5302000842,node,surface,MISSING,Surface tag is recommended to assess accessibility
5302000847,node,surface,MISSING,Surface tag is recommended to assess accessibility
5302000848,node,surface,MISSING,Surface tag is recommended to assess accessibility
5302000858,node,surface,MISSING,Surface tag is recommended to assess accessibility
5302000891,node,surface,MISSING,Surface tag is recommended to assess accessibility
5302000893,node,surface,MISSING,Surface tag is recommended to assess accessibility
5403146991,node,surface,MISSING,Surface tag is recommended to assess accessibility
5403147000,node,surface,MISSING,Surface tag is recommended to assess accessibility
5429898102,node,surface,MISSING,Surface tag is recommended to assess accessibility
5470730520,node,surface,MISSING,Surface tag is recommended to assess accessibility
5497621671,node,surface,MISSING,Surface tag is recommended to assess accessibility
5499376580,node,surface,MISSING,Surface tag is recommended to assess accessibility
5539919308,node,surface,MISSING,Surface tag is recommended to assess accessibility
5673516901,node,surface,MISSING,Surface tag is recommended to assess accessibility
5675868243,node,surface,MISSING,Surface tag is recommended to assess accessibility
5683348866,node,surface,MISSING,Surface tag is recommended to assess accessibility
5683348867,node,surface,MISSING,Surface tag is recommended to assess accessibility
5687454262,node,surface,MISSING,Surface tag is recommended to assess accessibility
5721087552,node,surface,MISSING,Surface tag is recommended to assess accessibility
5721090013,node,surface,MISSING,Surface tag is recommended to assess accessibility
5802043880,node,surface,MISSING,Surface tag is recommended to assess accessibility
5802043881,node,surface,MISSING,Surface tag is recommended to assess accessibility
5802043882,node,surface,MISSING,Surface tag is recommended to assess accessibility
5802043883,node,surface,MISSING,Surface tag is recommended to assess accessibility
5802043907,node,surface,MISSING,Surface tag is recommended to assess accessibility
5802043908,node,surface,MISSING,Surface tag is recommended to assess accessibility
5802043909,node,surface,MISSING,Surface tag is recommended to assess accessibility
5802043910,node,surface,MISSING,Surface tag is recommended to assess accessibility
5802043911,node,surface,MISSING,Surface tag is recommended to assess accessibility
5802043912,node,surface,MISSING,Surface tag is recommended to assess accessibility
5802043913,node,surface,MISSING,Surface tag is recommended to assess accessibility
5839953175,node,surface,MISSING,Surface tag is recommended to assess accessibility
5839953176,node,surface,MISSING,Surface tag is recommended to assess accessibility
6074412435,node,surface,MISSING,Surface tag is recommended to assess accessibility
6074412436,node,surface,MISSING,Surface tag is recommended to assess accessibility
6090257479,node,surface,MISSING,Surface tag is recommended to assess accessibility
6121637369,node,surface,MISSING,Surface tag is recommended to assess accessibility
6189368816,node,surface,MISSING,Surface tag is recommended to assess accessibility
6200518504,node,surface,MISSING,Surface tag is recommended to assess accessibility
6202917930,node,surface,MISSING,Surface tag is recommended to assess accessibility
6321327018,node,surface,MISSING,Surface tag is recommended to assess accessibility
6445396221,node,surface,MISSING,Surface tag is recommended to assess accessibility
6445396222,node,surface,MISSING,Surface tag is recommended to assess accessibility
6445540327,node,surface,MISSING,Surface tag is recommended to assess accessibility
6497103854,node,surface,MISSING,Surface tag is recommended to assess accessibility
6515972852,node,surface,MISSING,Surface tag is recommended to assess accessibility
6544039305,node,surface,MISSING,Surface tag is recommended to assess accessibility
6569476176,node,surface,MISSING,Surface tag is recommended to assess accessibility
6570494290,node,surface,MISSING,Surface tag is recommended to assess accessibility
6644220385,node,surface,MISSING,Surface tag is recommended to assess accessibility
6835847885,node,surface,MISSING,Surface tag is recommended to assess accessibility
6847061820,node,surface,MISSING,Surface tag is recommended to assess accessibility
6895094235,node,surface,MISSING,Surface tag is recommended to assess accessibility
6897907070,node,surface,MISSING,Surface tag is recommended to assess accessibility
6966514006,node,surface,MISSING,Surface tag is recommended to assess accessibility
7134489807,node,surface,MISSING,Surface tag is recommended to assess accessibility
7141394066,node,surface,MISSING,Surface tag is recommended to assess accessibility
7817384226,node,surface,MISSING,Surface tag is recommended to assess accessibility
7872717447,node,surface,MISSING,Surface tag is recommended to assess accessibility
7911179194,node,surface,MISSING,Surface tag is recommended to assess accessibility
7988834396,node,surface,MISSING,Surface tag is recommended to assess accessibility
7988834397,node,surface,MISSING,Surface tag is recommended to assess accessibility
7988834398,node,surface,MISSING,Surface tag is recommended to assess accessibility
8073991021,node,surface,MISSING,Surface tag is recommended to assess accessibility
8073991022,node,surface,MISSING,Surface tag is recommended to assess accessibility
8104157093,node,surface,MISSING,Surface tag is recommended to assess accessibility
8104157096,node,surface,MISSING,Surface tag is recommended to assess accessibility
8363995638,node,surface,MISSING,Surface tag is recommended to assess accessibility
8363995639,node,surface,MISSING,Surface tag is recommended to assess accessibility
8385219829,node,surface,MISSING,Surface tag is recommended to assess accessibility
8425122716,node,surface,MISSING,Surface tag is recommended to assess accessibility
8425155117,node,surface,MISSING,Surface tag is recommended to assess accessibility
8499532028,node,surface,MISSING,Surface tag is recommended to assess accessibility
8550552873,node,surface,MISSING,Surface tag is recommended to assess accessibility
8564625914,node,surface,MISSING,Surface tag is recommended to assess accessibility
8635526706,node,surface,MISSING,Surface tag is recommended to assess accessibility
8823682868,node,surface,MISSING,Surface tag is recommended to assess accessibility
8859465407,node,surface,MISSING,Surface tag is recommended to assess accessibility
8904253109,node,surface,MISSING,Surface tag is recommended to assess accessibility
8916574881,node,surface,MISSING,Surface tag is recommended to assess accessibility
8916574882,node,surface,MISSING,Surface tag is recommended to assess accessibility
8919010820,node,surface,MISSING,Surface tag is recommended to assess accessibility
9038990115,node,surface,MISSING,Surface tag is recommended to assess accessibility
9196585598,node,surface,MISSING,Surface tag is recommended to assess accessibility
9196585600,node,surface,MISSING,Surface tag is recommended to assess accessibility
9201283333,node,surface,MISSING,Surface tag is recommended to assess accessibility
9218759252,node,surface,MISSING,Surface tag is recommended to assess accessibility
9233340732,node,surface,MISSING,Surface tag is recommended to assess accessibility
9346237626,node,surface,MISSING,Surface tag is recommended to assess accessibility
9490271641,node,surface,MISSING,Surface tag is recommended to assess accessibility
9492856306,node,surface,MISSING,Surface tag is recommended to assess accessibility
9493935240,node,surface,MISSING,Surface tag is recommended to assess accessibility
9688075575,node,surface,MISSING,Surface tag is recommended to assess accessibility
9775047852,node,surface,MISSING,Surface tag is recommended to assess accessibility
10107223670,node,surface,MISSING,Surface tag is recommended to assess accessibility
10605860017,node,surface,MISSING,Surface tag is recommended to assess accessibility
10633058867,node,surface,MISSING,Surface tag is recommended to assess accessibility
10827457346,node,surface,MISSING,Surface tag is recommended to assess accessibility
10887716673,node,surface,MISSING,Surface tag is recommended to assess accessibility
10887716674,node,surface,MISSING,Surface tag is recommended to assess accessibility
10951903792,node,surface,MISSING,Surface tag is recommended to assess accessibility
10951903793,node,surface,MISSING,Surface tag is recommended to assess accessibility
10951903794,node,surface,MISSING,Surface tag is recommended to assess accessibility
10951903795,node,surface,MISSING,Surface tag is recommended to assess accessibility
10951903796,node,surface,MISSING,Surface tag is recommended to assess accessibility
10951903797,node,surface,MISSING,Surface tag is recommended to assess accessibility
10951903798,node,surface,MISSING,Surface tag is recommended to assess accessibility
10951903799,node,surface,MISSING,Surface tag is recommended to assess accessibility
10951903800,node,surface,MISSING,Surface tag is recommended to assess accessibility
10956902959,node,surface,MISSING,Surface tag is recommended to assess accessibility
10956902960,node,surface,MISSING,Surface tag is recommended to assess accessibility
10956902961,node,surface,MISSING,Surface tag is recommended to assess accessibility
10956902962,node,surface,MISSING,Surface tag is recommended to assess accessibility
10969218293,node,surface,MISSING,Surface tag is recommended to assess accessibility
10969218294,node,surface,MISSING,Surface tag is recommended to assess accessibility
10969243802,node,surface,MISSING,Surface tag is recommended to assess accessibility
11281688349,node,surface,MISSING,Surface tag is recommended to assess accessibility
11283126952,node,surface,MISSING,Surface tag is recommended to assess accessibility
11388462670,node,surface,MISSING,Surface tag is recommended to assess accessibility
11599206700,node,surface,MISSING,Surface tag is recommended to assess accessibility
11920612239,node,surface,MISSING,Surface tag is recommended to assess accessibility
12175261736,node,surface,MISSING,Surface tag is recommended to assess accessibility
12542098547,node,surface,MISSING,Surface tag is recommended to assess accessibility
12953507610,node,surface,MISSING,Surface tag is recommended to assess accessibility
12998699703,node,surface,MISSING,Surface tag is recommended to assess accessibility
12998699704,node,surface,MISSING,Surface tag is recommended to assess accessibility
13040620884,node,surface,MISSING,Surface tag is recommended to assess accessibility
13252038976,node,surface,MISSING,Surface tag is recommended to assess accessibility
13275344017,node,surface,MISSING,Surface tag is recommended to assess accessibility
13289827471,node,surface,MISSING,Surface tag is recommended to assess accessibility
13621311713,node,surface,MISSING,Surface tag is recommended to assess accessibility
13621311745,node,surface,MISSING,Surface tag is recommended to assess accessibility
13621311746,node,surface,MISSING,Surface tag is recommended to assess accessibility
13621311747,node,surface,MISSING,Surface tag is recommended to assess accessibility
13621597251,node,surface,MISSING,Surface tag is recommended to assess accessibility
13847152401,node,surface,MISSING,Surface tag is recommended to assess accessibility
13965911156,node,surface,MISSING,Surface tag is recommended to assess accessibility
13965911157,node,surface,MISSING,Surface tag is recommended to assess accessibility
13965911158,node,surface,MISSING,Surface tag is recommended to assess accessibility
13965911159,node,surface,MISSING,Surface tag is recommended to assess accessibility
13965911160,node,surface,MISSING,Surface tag is recommended to assess accessibility
13965911161,node,surface,MISSING,Surface tag is recommended to assess accessibility
13965911162,node,surface,MISSING,Surface tag is recommended to assess accessibility
13965911163,node,surface,MISSING,Surface tag is recommended to assess accessibility
13965911164,node,surface,MISSING,Surface tag is recommended to assess accessibility
13965911165,node,surface,MISSING,Surface tag is recommended to assess accessibility
13965947403,node,surface,MISSING,Surface tag is recommended to assess accessibility
13965947404,node,surface,MISSING,Surface tag is recommended to assess accessibility
13965947405,node,surface,MISSING,Surface tag is recommended to assess accessibility
13965947406,node,surface,MISSING,Surface tag is recommended to assess accessibility
13965947407,node,surface,MISSING,Surface tag is recommended to assess accessibility
13965947408,node,surface,MISSING,Surface tag is recommended to assess accessibility
13965947409,node,surface,MISSING,Surface tag is recommended to assess accessibility
13998591610,node,surface,MISSING,Surface tag is recommended to assess accessibility
2210968,relation,surface,MISSING,Surface tag is recommended to assess accessibility
2585522,relation,surface,MISSING,Surface tag is recommended to assess accessibility
2590790,relation,surface,MISSING,Surface tag is recommended to assess accessibility
2604710,relation,surface,MISSING,Surface tag is recommended to assess accessibility
2923498,relation,surface,MISSING,Surface tag is recommended to assess accessibility
3099975,relation,surface,MISSING,Surface tag is recommended to assess accessibility
3494982,relation,surface,MISSING,Surface tag is recommended to assess accessibility
3496129,relation,surface,MISSING,Surface tag is recommended to assess accessibility
3497973,relation,surface,MISSING,Surface tag is recommended to assess accessibility
3780511,relation,surface,MISSING,Surface tag is recommended to assess accessibility
3873230,relation,surface,MISSING,Surface tag is recommended to assess accessibility
4792138,relation,surface,MISSING,Surface tag is recommended to assess accessibility
5293456,relation,surface,MISSING,Surface tag is recommended to assess accessibility
5759710,relation,surface,MISSING,Surface tag is recommended to assess accessibility
6005785,relation,surface,MISSING,Surface tag is recommended to assess accessibility
7657704,relation,surface,MISSING,Surface tag is recommended to assess accessibility
7665164,relation,surface,MISSING,Surface tag is recommended to assess accessibility
7781936,relation,surface,MISSING,Surface tag is recommended to assess accessibility
7781937,relation,surface,MISSING,Surface tag is recommended to assess accessibility
8293488,relation,surface,MISSING,Surface tag is recommended to assess accessibility
9398607,relation,surface,MISSING,Surface tag is recommended to assess accessibility
9507931,relation,surface,MISSING,Surface tag is recommended to assess accessibility
9507938,relation,surface,MISSING,Surface tag is recommended to assess accessibility
9507939,relation,surface,MISSING,Surface tag is recommended to assess accessibility
9531881,relation,surface,MISSING,Surface tag is recommended to assess accessibility
9833467,relation,surface,MISSING,Surface tag is recommended to assess accessibility
11904080,relation,surface,MISSING,Surface tag is recommended to assess accessibility
11904081,relation,surface,MISSING,Surface tag is recommended to assess accessibility
12006341,relation,surface,MISSING,Surface tag is recommended to assess accessibility
12093690,relation,surface,MISSING,Surface tag is recommended to assess accessibility
12124540,relation,surface,MISSING,Surface tag is recommended to assess accessibility
13240022,relation,surface,MISSING,Surface tag is recommended to assess accessibility
13507064,relation,surface,MISSING,Surface tag is recommended to assess accessibility
13652702,relation,surface,MISSING,Surface tag is recommended to assess accessibility
13825835,relation,surface,MISSING,Surface tag is recommended to assess accessibility
13989999,relation,surface,MISSING,Surface tag is recommended to assess accessibility
14744727,relation,surface,MISSING,Surface tag is recommended to assess accessibility
17942199,relation,surface,MISSING,Surface tag is recommended to assess accessibility
18097870,relation,surface,MISSING,Surface tag is recommended to assess accessibility
18155716,relation,surface,MISSING,Surface tag is recommended to assess accessibility
18205779,relation,surface,MISSING,Surface tag is recommended to assess accessibility
18206046,relation,surface,MISSING,Surface tag is recommended to assess accessibility
18206154,relation,surface,MISSING,Surface tag is recommended to assess accessibility
18260001,relation,surface,MISSING,Surface tag is recommended to assess accessibility
18282176,relation,surface,MISSING,Surface tag is recommended to assess accessibility
18282177,relation,surface,MISSING,Surface tag is recommended to assess accessibility
18291848,relation,surface,MISSING,Surface tag is recommended to assess accessibility
18300802,relation,surface,MISSING,Surface tag is recommended to assess accessibility
18331908,relation,surface,MISSING,Surface tag is recommended to assess accessibility
18622949,relation,surface,MISSING,Surface tag is recommended to assess accessibility
18622950,relation,surface,MISSING,Surface tag is recommended to assess accessibility
18625461,relation,surface,MISSING,Surface tag is recommended to assess accessibility
18625462,relation,surface,MISSING,Surface tag is recommended to assess accessibility
18929506,relation,surface,MISSING,Surface tag is recommended to assess accessibility
19535060,relation,surface,MISSING,Surface tag is recommended to assess accessibility
19617004,relation,surface,MISSING,Surface tag is recommended to assess accessibility
19621112,relation,surface,MISSING,Surface tag is recommended to assess accessibility
19626539,relation,surface,MISSING,Surface tag is recommended to assess accessibility
19928150,relation,surface,MISSING,Surface tag is recommended to assess accessibility
19934525,relation,surface,MISSING,Surface tag is recommended to assess accessibility
19934526,relation,surface,MISSING,Surface tag is recommended to assess accessibility
19937578,relation,surface,MISSING,Surface tag is recommended to assess accessibility
19937579,relation,surface,MISSING,Surface tag is recommended to assess accessibility
19937580,relation,surface,MISSING,Surface tag is recommended to assess accessibility
19954470,relation,surface,MISSING,Surface tag is recommended to assess accessibility
19958537,relation,surface,MISSING,Surface tag is recommended to assess accessibility
19964589,relation,surface,MISSING,Surface tag is recommended to assess accessibility
19972202,relation,surface,MISSING,Surface tag is recommended to assess accessibility
19975648,relation,surface,MISSING,Surface tag is recommended to assess accessibility
19979487,relation,surface,MISSING,Surface tag is recommended to assess accessibility
19979488,relation,surface,MISSING,Surface tag is recommended to assess accessibility
19979489,relation,surface,MISSING,Surface tag is recommended to assess accessibility
19980714,relation,surface,MISSING,Surface tag is recommended to assess accessibility
20029908,relation,surface,MISSING,Surface tag is recommended to assess accessibility
20038356,relation,surface,MISSING,Surface tag is recommended to assess accessibility
20060293,relation,surface,MISSING,Surface tag is recommended to assess accessibility
20070147,relation,surface,MISSING,Surface tag is recommended to assess accessibility
20070148,relation,surface,MISSING,Surface tag is recommended to assess accessibility
20070764,relation,surface,MISSING,Surface tag is recommended to assess accessibility
20079280,relation,surface,MISSING,Surface tag is recommended to assess accessibility
20087702,relation,surface,MISSING,Surface tag is recommended to assess accessibility
20108683,relation,surface,MISSING,Surface tag is recommended to assess accessibility
20123790,relation,surface,MISSING,Surface tag is recommended to assess accessibility
20147918,relation,surface,MISSING,Surface tag is recommended to assess accessibility
20192431,relation,surface,MISSING,Surface tag is recommended to assess accessibility
20195419,relation,surface,MISSING,Surface tag is recommended to assess accessibility
20249097,relation,surface,MISSING,Surface tag is recommended to assess accessibility
20311532,relation,surface,MISSING,Surface tag is recommended to assess accessibility
20501147,relation,surface,MISSING,Surface tag is recommended to assess accessibility
20501148,relation,surface,MISSING,Surface tag is recommended to assess accessibility
20501149,relation,surface,MISSING,Surface tag is recommended to assess accessibility
20501150,relation,surface,MISSING,Surface tag is recommended to assess accessibility
20659672,relation,surface,MISSING,Surface tag is recommended to assess accessibility
20676529,relation,surface,MISSING,Surface tag is recommended to assess accessibility
20678906,relation,surface,MISSING,Surface tag is recommended to assess accessibility
20679027,relation,surface,MISSING,Surface tag is recommended to assess accessibility
20679147,relation,surface,MISSING,Surface tag is recommended to assess accessibility
4519572,way,surface,MISSING,Surface tag is recommended to assess accessibility
4519573,way,surface,MISSING,Surface tag is recommended to assess accessibility
4929004,way,surface,MISSING,Surface tag is recommended to assess accessibility
10753879,way,surface,MISSING,Surface tag is recommended to assess accessibility
10892576,way,surface,MISSING,Surface tag is recommended to assess accessibility
22746605,way,surface,MISSING,Surface tag is recommended to assess accessibility
22818012,way,surface,MISSING,Surface tag is recommended to assess accessibility
22821508,way,surface,MISSING,Surface tag is recommended to assess accessibility
22821510,way,surface,MISSING,Surface tag is recommended to assess accessibility
22821511,way,surface,MISSING,Surface tag is recommended to assess accessibility
22821512,way,surface,MISSING,Surface tag is recommended to assess accessibility
22821513,way,surface,MISSING,Surface tag is recommended to assess accessibility
22821514,way,surface,MISSING,Surface tag is recommended to assess accessibility
22821515,way,surface,MISSING,Surface tag is recommended to assess accessibility
22822786,way,surface,MISSING,Surface tag is recommended to assess accessibility
23083555,way,surface,MISSING,Surface tag is recommended to assess accessibility
23100358,way,surface,MISSING,Surface tag is recommended to assess accessibility
23176363,way,surface,MISSING,Surface tag is recommended to assess accessibility
23203486,way,surface,MISSING,Surface tag is recommended to assess accessibility
23227495,way,surface,MISSING,Surface tag is recommended to assess accessibility
23275821,way,surface,MISSING,Surface tag is recommended to assess accessibility
23275824,way,surface,MISSING,Surface tag is recommended to assess accessibility
23396630,way,surface,MISSING,Surface tag is recommended to assess accessibility
23430210,way,surface,MISSING,Surface tag is recommended to assess accessibility
23566345,way,surface,MISSING,Surface tag is recommended to assess accessibility
23650579,way,surface,MISSING,Surface tag is recommended to assess accessibility
23653087,way,surface,MISSING,Surface tag is recommended to assess accessibility
23653092,way,surface,MISSING,Surface tag is recommended to assess accessibility
23653116,way,surface,MISSING,Surface tag is recommended to assess accessibility
23653118,way,surface,MISSING,Surface tag is recommended to assess accessibility
23801346,way,surface,MISSING,Surface tag is recommended to assess accessibility
23801348,way,surface,MISSING,Surface tag is recommended to assess accessibility
23963824,way,surface,MISSING,Surface tag is recommended to assess accessibility
23977819,way,surface,MISSING,Surface tag is recommended to assess accessibility
24009927,way,surface,MISSING,Surface tag is recommended to assess accessibility
24025710,way,surface,MISSING,Surface tag is recommended to assess accessibility
24025739,way,surface,MISSING,Surface tag is recommended to assess accessibility
24025744,way,surface,MISSING,Surface tag is recommended to assess accessibility
24025755,way,surface,MISSING,Surface tag is recommended to assess accessibility
24025758,way,surface,MISSING,Surface tag is recommended to assess accessibility
24025760,way,surface,MISSING,Surface tag is recommended to assess accessibility
24025761,way,surface,MISSING,Surface tag is recommended to assess accessibility
24326758,way,surface,MISSING,Surface tag is recommended to assess accessibility
24336588,way,surface,MISSING,Surface tag is recommended to assess accessibility
24336589,way,surface,MISSING,Surface tag is recommended to assess accessibility
24599251,way,surface,MISSING,Surface tag is recommended to assess accessibility
24632923,way,surface,MISSING,Surface tag is recommended to assess accessibility
24642775,way,surface,MISSING,Surface tag is recommended to assess accessibility
24642776,way,surface,MISSING,Surface tag is recommended to assess accessibility
24643039,way,surface,MISSING,Surface tag is recommended to assess accessibility
24643044,way,surface,MISSING,Surface tag is recommended to assess accessibility
24643341,way,surface,MISSING,Surface tag is recommended to assess accessibility
24643342,way,surface,MISSING,Surface tag is recommended to assess accessibility
24643343,way,surface,MISSING,Surface tag is recommended to assess accessibility
24643344,way,surface,MISSING,Surface tag is recommended to assess accessibility
24643345,way,surface,MISSING,Surface tag is recommended to assess accessibility
24643432,way,surface,MISSING,Surface tag is recommended to assess accessibility
24643433,way,surface,MISSING,Surface tag is recommended to assess accessibility
24643434,way,surface,MISSING,Surface tag is recommended to assess accessibility
24643456,way,surface,MISSING,Surface tag is recommended to assess accessibility
24643580,way,surface,MISSING,Surface tag is recommended to assess accessibility
24643581,way,surface,MISSING,Surface tag is recommended to assess accessibility
24643659,way,surface,MISSING,Surface tag is recommended to assess accessibility
24643660,way,surface,MISSING,Surface tag is recommended to assess accessibility
24643748,way,surface,MISSING,Surface tag is recommended to assess accessibility
24650107,way,surface,MISSING,Surface tag is recommended to assess accessibility
24650111,way,surface,MISSING,Surface tag is recommended to assess accessibility
24650557,way,surface,MISSING,Surface tag is recommended to assess accessibility
24651072,way,surface,MISSING,Surface tag is recommended to assess accessibility
24728146,way,surface,MISSING,Surface tag is recommended to assess accessibility
25213659,way,surface,MISSING,Surface tag is recommended to assess accessibility
25609701,way,surface,MISSING,Surface tag is recommended to assess accessibility
25664930,way,surface,MISSING,Surface tag is recommended to assess accessibility
25664932,way,surface,MISSING,Surface tag is recommended to assess accessibility
25688566,way,surface,MISSING,Surface tag is recommended to assess accessibility
25688567,way,surface,MISSING,Surface tag is recommended to assess accessibility
25764949,way,surface,MISSING,Surface tag is recommended to assess accessibility
25801493,way,surface,MISSING,Surface tag is recommended to assess accessibility
25801494,way,surface,MISSING,Surface tag is recommended to assess accessibility
25801495,way,surface,MISSING,Surface tag is recommended to assess accessibility
25801496,way,surface,MISSING,Surface tag is recommended to assess accessibility
25801498,way,surface,MISSING,Surface tag is recommended to assess accessibility
26009937,way,surface,MISSING,Surface tag is recommended to assess accessibility
26009954,way,surface,MISSING,Surface tag is recommended to assess accessibility
26009958,way,surface,MISSING,Surface tag is recommended to assess accessibility
26009959,way,surface,MISSING,Surface tag is recommended to assess accessibility
26009960,way,surface,MISSING,Surface tag is recommended to assess accessibility
26009977,way,surface,MISSING,Surface tag is recommended to assess accessibility
26012025,way,surface,MISSING,Surface tag is recommended to assess accessibility
26191540,way,surface,MISSING,Surface tag is recommended to assess accessibility
26193693,way,surface,MISSING,Surface tag is recommended to assess accessibility
26685517,way,surface,MISSING,Surface tag is recommended to assess accessibility
26685518,way,surface,MISSING,Surface tag is recommended to assess accessibility
26685521,way,surface,MISSING,Surface tag is recommended to assess accessibility
26685523,way,surface,MISSING,Surface tag is recommended to assess accessibility
26685524,way,surface,MISSING,Surface tag is recommended to assess accessibility
26685525,way,surface,MISSING,Surface tag is recommended to assess accessibility
26685526,way,surface,MISSING,Surface tag is recommended to assess accessibility
26685527,way,surface,MISSING,Surface tag is recommended to assess accessibility
26685680,way,surface,MISSING,Surface tag is recommended to assess accessibility
26687279,way,surface,MISSING,Surface tag is recommended to assess accessibility
26687791,way,surface,MISSING,Surface tag is recommended to assess accessibility
26687792,way,surface,MISSING,Surface tag is recommended to assess accessibility
26687793,way,surface,MISSING,Surface tag is recommended to assess accessibility
27745056,way,surface,MISSING,Surface tag is recommended to assess accessibility
27790287,way,surface,MISSING,Surface tag is recommended to assess accessibility
28018622,way,surface,MISSING,Surface tag is recommended to assess accessibility
28472493,way,surface,MISSING,Surface tag is recommended to assess accessibility
28535406,way,surface,MISSING,Surface tag is recommended to assess accessibility
28684749,way,surface,MISSING,Surface tag is recommended to assess accessibility
28757507,way,surface,MISSING,Surface tag is recommended to assess accessibility
29987085,way,surface,MISSING,Surface tag is recommended to assess accessibility
30046075,way,surface,MISSING,Surface tag is recommended to assess accessibility
30192343,way,surface,MISSING,Surface tag is recommended to assess accessibility
30453921,way,surface,MISSING,Surface tag is recommended to assess accessibility
30453922,way,surface,MISSING,Surface tag is recommended to assess accessibility
30453924,way,surface,MISSING,Surface tag is recommended to assess accessibility
30453925,way,surface,MISSING,Surface tag is recommended to assess accessibility
30633300,way,surface,MISSING,Surface tag is recommended to assess accessibility
30633308,way,surface,MISSING,Surface tag is recommended to assess accessibility
30633312,way,surface,MISSING,Surface tag is recommended to assess accessibility
30633315,way,surface,MISSING,Surface tag is recommended to assess accessibility
30633316,way,surface,MISSING,Surface tag is recommended to assess accessibility
30633317,way,surface,MISSING,Surface tag is recommended to assess accessibility
30633320,way,surface,MISSING,Surface tag is recommended to assess accessibility
30802348,way,surface,MISSING,Surface tag is recommended to assess accessibility
30927964,way,surface,MISSING,Surface tag is recommended to assess accessibility
31144287,way,surface,MISSING,Surface tag is recommended to assess accessibility
31144288,way,surface,MISSING,Surface tag is recommended to assess accessibility
31867961,way,surface,MISSING,Surface tag is recommended to assess accessibility
32320373,way,surface,MISSING,Surface tag is recommended to assess accessibility
32558523,way,surface,MISSING,Surface tag is recommended to assess accessibility
32558525,way,surface,MISSING,Surface tag is recommended to assess accessibility
32780447,way,surface,MISSING,Surface tag is recommended to assess accessibility
32780449,way,surface,MISSING,Surface tag is recommended to assess accessibility
32780450,way,surface,MISSING,Surface tag is recommended to assess accessibility
32897152,way,surface,MISSING,Surface tag is recommended to assess accessibility
32914351,way,surface,MISSING,Surface tag is recommended to assess accessibility
32914352,way,surface,MISSING,Surface tag is recommended to assess accessibility
32914353,way,surface,MISSING,Surface tag is recommended to assess accessibility
34696976,way,surface,MISSING,Surface tag is recommended to assess accessibility
36851432,way,surface,MISSING,Surface tag is recommended to assess accessibility
37690329,way,surface,MISSING,Surface tag is recommended to assess accessibility
37697287,way,surface,MISSING,Surface tag is recommended to assess accessibility
38176902,way,surface,MISSING,Surface tag is recommended to assess accessibility
39922880,way,surface,MISSING,Surface tag is recommended to assess accessibility
43015439,way,surface,MISSING,Surface tag is recommended to assess accessibility
43071573,way,surface,MISSING,Surface tag is recommended to assess accessibility
43071575,way,surface,MISSING,Surface tag is recommended to assess accessibility
43071576,way,surface,MISSING,Surface tag is recommended to assess accessibility
43072030,way,surface,MISSING,Surface tag is recommended to assess accessibility
43072032,way,surface,MISSING,Surface tag is recommended to assess accessibility
43072033,way,surface,MISSING,Surface tag is recommended to assess accessibility
43072035,way,surface,MISSING,Surface tag is recommended to assess accessibility
43072038,way,surface,MISSING,Surface tag is recommended to assess accessibility
43072039,way,surface,MISSING,Surface tag is recommended to assess accessibility
43916223,way,surface,MISSING,Surface tag is recommended to assess accessibility
44023879,way,surface,MISSING,Surface tag is recommended to assess accessibility
44776597,way,surface,MISSING,Surface tag is recommended to assess accessibility
45254548,way,surface,MISSING,Surface tag is recommended to assess accessibility
45837955,way,surface,MISSING,Surface tag is recommended to assess accessibility
46348627,way,surface,MISSING,Surface tag is recommended to assess accessibility
46348630,way,surface,MISSING,Surface tag is recommended to assess accessibility
46570342,way,surface,MISSING,Surface tag is recommended to assess accessibility
46607768,way,surface,MISSING,Surface tag is recommended to assess accessibility
46607810,way,surface,MISSING,Surface tag is recommended to assess accessibility
46845120,way,surface,MISSING,Surface tag is recommended to assess accessibility
47688610,way,surface,MISSING,Surface tag is recommended to assess accessibility
49357261,way,surface,MISSING,Surface tag is recommended to assess accessibility
49711457,way,surface,MISSING,Surface tag is recommended to assess accessibility
49711460,way,surface,MISSING,Surface tag is recommended to assess accessibility
49932933,way,surface,MISSING,Surface tag is recommended to assess accessibility
49932936,way,surface,MISSING,Surface tag is recommended to assess accessibility
49942760,way,surface,MISSING,Surface tag is recommended to assess accessibility
49942774,way,surface,MISSING,Surface tag is recommended to assess accessibility
50010883,way,surface,MISSING,Surface tag is recommended to assess accessibility
50010884,way,surface,MISSING,Surface tag is recommended to assess accessibility
50010885,way,surface,MISSING,Surface tag is recommended to assess accessibility
50855728,way,surface,MISSING,Surface tag is recommended to assess accessibility
50855734,way,surface,MISSING,Surface tag is recommended to assess accessibility
50855738,way,surface,MISSING,Surface tag is recommended to assess accessibility
50855739,way,surface,MISSING,Surface tag is recommended to assess accessibility
50855740,way,surface,MISSING,Surface tag is recommended to assess accessibility
50855751,way,surface,MISSING,Surface tag is recommended to assess accessibility
50855752,way,surface,MISSING,Surface tag is recommended to assess accessibility
50855755,way,surface,MISSING,Surface tag is recommended to assess accessibility
50951768,way,surface,MISSING,Surface tag is recommended to assess accessibility
50951771,way,surface,MISSING,Surface tag is recommended to assess accessibility
50951776,way,surface,MISSING,Surface tag is recommended to assess accessibility
51039611,way,surface,MISSING,Surface tag is recommended to assess accessibility
51039613,way,surface,MISSING,Surface tag is recommended to assess accessibility
51039614,way,surface,MISSING,Surface tag is recommended to assess accessibility
51039615,way,surface,MISSING,Surface tag is recommended to assess accessibility
51039616,way,surface,MISSING,Surface tag is recommended to assess accessibility
51039617,way,surface,MISSING,Surface tag is recommended to assess accessibility
51039618,way,surface,MISSING,Surface tag is recommended to assess accessibility
51039622,way,surface,MISSING,Surface tag is recommended to assess accessibility
51039623,way,surface,MISSING,Surface tag is recommended to assess accessibility
51311909,way,surface,MISSING,Surface tag is recommended to assess accessibility
51311930,way,surface,MISSING,Surface tag is recommended to assess accessibility
51357026,way,surface,MISSING,Surface tag is recommended to assess accessibility
51357027,way,surface,MISSING,Surface tag is recommended to assess accessibility
51357028,way,surface,MISSING,Surface tag is recommended to assess accessibility
51357030,way,surface,MISSING,Surface tag is recommended to assess accessibility
51357031,way,surface,MISSING,Surface tag is recommended to assess accessibility
51357032,way,surface,MISSING,Surface tag is recommended to assess accessibility
51357033,way,surface,MISSING,Surface tag is recommended to assess accessibility
51357034,way,surface,MISSING,Surface tag is recommended to assess accessibility
51357035,way,surface,MISSING,Surface tag is recommended to assess accessibility
51357042,way,surface,MISSING,Surface tag is recommended to assess accessibility
51357048,way,surface,MISSING,Surface tag is recommended to assess accessibility
51357053,way,surface,MISSING,Surface tag is recommended to assess accessibility
51357055,way,surface,MISSING,Surface tag is recommended to assess accessibility
51357058,way,surface,MISSING,Surface tag is recommended to assess accessibility
51357059,way,surface,MISSING,Surface tag is recommended to assess accessibility
51834615,way,surface,MISSING,Surface tag is recommended to assess accessibility
52121298,way,surface,MISSING,Surface tag is recommended to assess accessibility
52121299,way,surface,MISSING,Surface tag is recommended to assess accessibility
52121300,way,surface,MISSING,Surface tag is recommended to assess accessibility
52121301,way,surface,MISSING,Surface tag is recommended to assess accessibility
52121302,way,surface,MISSING,Surface tag is recommended to assess accessibility
52121307,way,surface,MISSING,Surface tag is recommended to assess accessibility
52121308,way,surface,MISSING,Surface tag is recommended to assess accessibility
52121321,way,surface,MISSING,Surface tag is recommended to assess accessibility
52121323,way,surface,MISSING,Surface tag is recommended to assess accessibility
52121326,way,surface,MISSING,Surface tag is recommended to assess accessibility
52491219,way,surface,MISSING,Surface tag is recommended to assess accessibility
52491220,way,surface,MISSING,Surface tag is recommended to assess accessibility
52491466,way,surface,MISSING,Surface tag is recommended to assess accessibility
52491470,way,surface,MISSING,Surface tag is recommended to assess accessibility
52520642,way,surface,MISSING,Surface tag is recommended to assess accessibility
52609487,way,surface,MISSING,Surface tag is recommended to assess accessibility
52781961,way,surface,MISSING,Surface tag is recommended to assess accessibility
53141858,way,surface,MISSING,Surface tag is recommended to assess accessibility
53141890,way,surface,MISSING,Surface tag is recommended to assess accessibility
53141896,way,surface,MISSING,Surface tag is recommended to assess accessibility
53141914,way,surface,MISSING,Surface tag is recommended to assess accessibility
53141939,way,surface,MISSING,Surface tag is recommended to assess accessibility
53141940,way,surface,MISSING,Surface tag is recommended to assess accessibility
53141942,way,surface,MISSING,Surface tag is recommended to assess accessibility
53141945,way,surface,MISSING,Surface tag is recommended to assess accessibility
54254385,way,surface,MISSING,Surface tag is recommended to assess accessibility
54909707,way,surface,MISSING,Surface tag is recommended to assess accessibility
54909727,way,surface,MISSING,Surface tag is recommended to assess accessibility
54912910,way,surface,MISSING,Surface tag is recommended to assess accessibility
56223331,way,surface,MISSING,Surface tag is recommended to assess accessibility
56223334,way,surface,MISSING,Surface tag is recommended to assess accessibility
56230208,way,surface,MISSING,Surface tag is recommended to assess accessibility
56234696,way,surface,MISSING,Surface tag is recommended to assess accessibility
57731689,way,surface,MISSING,Surface tag is recommended to assess accessibility
57731690,way,surface,MISSING,Surface tag is recommended to assess accessibility
57742685,way,surface,MISSING,Surface tag is recommended to assess accessibility
57742687,way,surface,MISSING,Surface tag is recommended to assess accessibility
57844492,way,surface,MISSING,Surface tag is recommended to assess accessibility
57844924,way,surface,MISSING,Surface tag is recommended to assess accessibility
57853956,way,surface,MISSING,Surface tag is recommended to assess accessibility
58730919,way,surface,MISSING,Surface tag is recommended to assess accessibility
58730920,way,surface,MISSING,Surface tag is recommended to assess accessibility
58730935,way,surface,MISSING,Surface tag is recommended to assess accessibility
58730946,way,surface,MISSING,Surface tag is recommended to assess accessibility
58730947,way,surface,MISSING,Surface tag is recommended to assess accessibility
58730949,way,surface,MISSING,Surface tag is recommended to assess accessibility
58730950,way,surface,MISSING,Surface tag is recommended to assess accessibility
58732955,way,surface,MISSING,Surface tag is recommended to assess accessibility
59424735,way,surface,MISSING,Surface tag is recommended to assess accessibility
59424742,way,surface,MISSING,Surface tag is recommended to assess accessibility
59424743,way,surface,MISSING,Surface tag is recommended to assess accessibility
59424744,way,surface,MISSING,Surface tag is recommended to assess accessibility
59424766,way,surface,MISSING,Surface tag is recommended to assess accessibility
59424772,way,surface,MISSING,Surface tag is recommended to assess accessibility
59424773,way,surface,MISSING,Surface tag is recommended to assess accessibility
59461452,way,surface,MISSING,Surface tag is recommended to assess accessibility
59575149,way,surface,MISSING,Surface tag is recommended to assess accessibility
59868596,way,surface,MISSING,Surface tag is recommended to assess accessibility
59995414,way,surface,MISSING,Surface tag is recommended to assess accessibility
59995425,way,surface,MISSING,Surface tag is recommended to assess accessibility
60003126,way,surface,MISSING,Surface tag is recommended to assess accessibility
60003129,way,surface,MISSING,Surface tag is recommended to assess accessibility
60011644,way,surface,MISSING,Surface tag is recommended to assess accessibility
60139889,way,surface,MISSING,Surface tag is recommended to assess accessibility
60807717,way,surface,MISSING,Surface tag is recommended to assess accessibility
60807721,way,surface,MISSING,Surface tag is recommended to assess accessibility
60807733,way,surface,MISSING,Surface tag is recommended to assess accessibility
61278472,way,surface,MISSING,Surface tag is recommended to assess accessibility
62073878,way,surface,MISSING,Surface tag is recommended to assess accessibility
62091838,way,surface,MISSING,Surface tag is recommended to assess accessibility
62126739,way,surface,MISSING,Surface tag is recommended to assess accessibility
62232915,way,surface,MISSING,Surface tag is recommended to assess accessibility
62232916,way,surface,MISSING,Surface tag is recommended to assess accessibility
62440132,way,surface,MISSING,Surface tag is recommended to assess accessibility
63431457,way,surface,MISSING,Surface tag is recommended to assess accessibility
64096844,way,surface,MISSING,Surface tag is recommended to assess accessibility
64096849,way,surface,MISSING,Surface tag is recommended to assess accessibility
68111749,way,surface,MISSING,Surface tag is recommended to assess accessibility
68456884,way,surface,MISSING,Surface tag is recommended to assess accessibility
68456938,way,surface,MISSING,Surface tag is recommended to assess accessibility
72249584,way,surface,MISSING,Surface tag is recommended to assess accessibility
75113305,way,surface,MISSING,Surface tag is recommended to assess accessibility
75113310,way,surface,MISSING,Surface tag is recommended to assess accessibility
75684289,way,surface,MISSING,Surface tag is recommended to assess accessibility
75684291,way,surface,MISSING,Surface tag is recommended to assess accessibility
75732385,way,surface,MISSING,Surface tag is recommended to assess accessibility
75732387,way,surface,MISSING,Surface tag is recommended to assess accessibility
75802706,way,surface,MISSING,Surface tag is recommended to assess accessibility
75802708,way,surface,MISSING,Surface tag is recommended to assess accessibility
75839194,way,surface,MISSING,Surface tag is recommended to assess accessibility
78043086,way,surface,MISSING,Surface tag is recommended to assess accessibility
78043087,way,surface,MISSING,Surface tag is recommended to assess accessibility
78043088,way,surface,MISSING,Surface tag is recommended to assess accessibility
80182303,way,surface,MISSING,Surface tag is recommended to assess accessibility
80182322,way,surface,MISSING,Surface tag is recommended to assess accessibility
80183384,way,surface,MISSING,Surface tag is recommended to assess accessibility
80183387,way,surface,MISSING,Surface tag is recommended to assess accessibility
80183389,way,surface,MISSING,Surface tag is recommended to assess accessibility
80898289,way,surface,MISSING,Surface tag is recommended to assess accessibility
80898310,way,surface,MISSING,Surface tag is recommended to assess accessibility
80898319,way,surface,MISSING,Surface tag is recommended to assess accessibility
81306820,way,surface,MISSING,Surface tag is recommended to assess accessibility
81646445,way,surface,MISSING,Surface tag is recommended to assess accessibility
82016029,way,surface,MISSING,Surface tag is recommended to assess accessibility
82857347,way,surface,MISSING,Surface tag is recommended to assess accessibility
82857349,way,surface,MISSING,Surface tag is recommended to assess accessibility
82857350,way,surface,MISSING,Surface tag is recommended to assess accessibility
84586243,way,surface,MISSING,Surface tag is recommended to assess accessibility
84599624,way,surface,MISSING,Surface tag is recommended to assess accessibility
84599628,way,surface,MISSING,Surface tag is recommended to assess accessibility
84599630,way,surface,MISSING,Surface tag is recommended to assess accessibility
84765763,way,surface,MISSING,Surface tag is recommended to assess accessibility
84765770,way,surface,MISSING,Surface tag is recommended to assess accessibility
84765773,way,surface,MISSING,Surface tag is recommended to assess accessibility
84765775,way,surface,MISSING,Surface tag is recommended to assess accessibility
84765814,way,surface,MISSING,Surface tag is recommended to assess accessibility
84803574,way,surface,MISSING,Surface tag is recommended to assess accessibility
84803575,way,surface,MISSING,Surface tag is recommended to assess accessibility
85459819,way,surface,MISSING,Surface tag is recommended to assess accessibility
85459822,way,surface,MISSING,Surface tag is recommended to assess accessibility
85459824,way,surface,MISSING,Surface tag is recommended to assess accessibility
85459825,way,surface,MISSING,Surface tag is recommended to assess accessibility
85773165,way,surface,MISSING,Surface tag is recommended to assess accessibility
86069415,way,surface,MISSING,Surface tag is recommended to assess accessibility
86072224,way,surface,MISSING,Surface tag is recommended to assess accessibility
86072229,way,surface,MISSING,Surface tag is recommended to assess accessibility
86573304,way,surface,MISSING,Surface tag is recommended to assess accessibility
86768841,way,surface,MISSING,Surface tag is recommended to assess accessibility
86768869,way,surface,MISSING,Surface tag is recommended to assess accessibility
86768890,way,surface,MISSING,Surface tag is recommended to assess accessibility
86969874,way,surface,MISSING,Surface tag is recommended to assess accessibility
87080825,way,surface,MISSING,Surface tag is recommended to assess accessibility
87080828,way,surface,MISSING,Surface tag is recommended to assess accessibility
87080830,way,surface,MISSING,Surface tag is recommended to assess accessibility
88683723,way,surface,MISSING,Surface tag is recommended to assess accessibility
88683742,way,surface,MISSING,Surface tag is recommended to assess accessibility
89129599,way,surface,MISSING,Surface tag is recommended to assess accessibility
89129601,way,surface,MISSING,Surface tag is recommended to assess accessibility
89129602,way,surface,MISSING,Surface tag is recommended to assess accessibility
89444175,way,surface,MISSING,Surface tag is recommended to assess accessibility
89876239,way,surface,MISSING,Surface tag is recommended to assess accessibility
91219730,way,surface,MISSING,Surface tag is recommended to assess accessibility
91219736,way,surface,MISSING,Surface tag is recommended to assess accessibility
91219737,way,surface,MISSING,Surface tag is recommended to assess accessibility
91219744,way,surface,MISSING,Surface tag is recommended to assess accessibility
91591710,way,surface,MISSING,Surface tag is recommended to assess accessibility
91591720,way,surface,MISSING,Surface tag is recommended to assess accessibility
91591724,way,surface,MISSING,Surface tag is recommended to assess accessibility
99501163,way,surface,MISSING,Surface tag is recommended to assess accessibility
99501165,way,surface,MISSING,Surface tag is recommended to assess accessibility
102183336,way,surface,MISSING,Surface tag is recommended to assess accessibility
102183339,way,surface,MISSING,Surface tag is recommended to assess accessibility
107604391,way,surface,MISSING,Surface tag is recommended to assess accessibility
107604392,way,surface,MISSING,Surface tag is recommended to assess accessibility
107604394,way,surface,MISSING,Surface tag is recommended to assess accessibility
107604396,way,surface,MISSING,Surface tag is recommended to assess accessibility
107833457,way,surface,MISSING,Surface tag is recommended to assess accessibility
109078710,way,surface,MISSING,Surface tag is recommended to assess accessibility
111268798,way,surface,MISSING,Surface tag is recommended to assess accessibility
111792452,way,surface,MISSING,Surface tag is recommended to assess accessibility
112068187,way,surface,MISSING,Surface tag is recommended to assess accessibility
112426131,way,surface,MISSING,Surface tag is recommended to assess accessibility
112426135,way,surface,MISSING,Surface tag is recommended to assess accessibility
112426163,way,surface,MISSING,Surface tag is recommended to assess accessibility
112426166,way,surface,MISSING,Surface tag is recommended to assess accessibility
112426181,way,surface,MISSING,Surface tag is recommended to assess accessibility
112426196,way,surface,MISSING,Surface tag is recommended to assess accessibility
112426210,way,surface,MISSING,Surface tag is recommended to assess accessibility
112426217,way,surface,MISSING,Surface tag is recommended to assess accessibility
112426221,way,surface,MISSING,Surface tag is recommended to assess accessibility
112631957,way,surface,MISSING,Surface tag is recommended to assess accessibility
112631969,way,surface,MISSING,Surface tag is recommended to assess accessibility
113517744,way,surface,MISSING,Surface tag is recommended to assess accessibility
118992924,way,surface,MISSING,Surface tag is recommended to assess accessibility
119198164,way,surface,MISSING,Surface tag is recommended to assess accessibility
119198165,way,surface,MISSING,Surface tag is recommended to assess accessibility
119198169,way,surface,MISSING,Surface tag is recommended to assess accessibility
119198171,way,surface,MISSING,Surface tag is recommended to assess accessibility
119198174,way,surface,MISSING,Surface tag is recommended to assess accessibility
119198176,way,surface,MISSING,Surface tag is recommended to assess accessibility
119912319,way,surface,MISSING,Surface tag is recommended to assess accessibility
121668213,way,surface,MISSING,Surface tag is recommended to assess accessibility
122297250,way,surface,MISSING,Surface tag is recommended to assess accessibility
122297251,way,surface,MISSING,Surface tag is recommended to assess accessibility
122297255,way,surface,MISSING,Surface tag is recommended to assess accessibility
124087041,way,surface,MISSING,Surface tag is recommended to assess accessibility
124116517,way,surface,MISSING,Surface tag is recommended to assess accessibility
124116518,way,surface,MISSING,Surface tag is recommended to assess accessibility
125570947,way,surface,MISSING,Surface tag is recommended to assess accessibility
125570956,way,surface,MISSING,Surface tag is recommended to assess accessibility
125570957,way,surface,MISSING,Surface tag is recommended to assess accessibility
125835753,way,surface,MISSING,Surface tag is recommended to assess accessibility
125835756,way,surface,MISSING,Surface tag is recommended to assess accessibility
125835757,way,surface,MISSING,Surface tag is recommended to assess accessibility
125835758,way,surface,MISSING,Surface tag is recommended to assess accessibility
125835760,way,surface,MISSING,Surface tag is recommended to assess accessibility
125835761,way,surface,MISSING,Surface tag is recommended to assess accessibility
127533135,way,surface,MISSING,Surface tag is recommended to assess accessibility
129032120,way,surface,MISSING,Surface tag is recommended to assess accessibility
129878517,way,surface,MISSING,Surface tag is recommended to assess accessibility
129878519,way,surface,MISSING,Surface tag is recommended to assess accessibility
129878520,way,surface,MISSING,Surface tag is recommended to assess accessibility
129878521,way,surface,MISSING,Surface tag is recommended to assess accessibility
129878522,way,surface,MISSING,Surface tag is recommended to assess accessibility
129878523,way,surface,MISSING,Surface tag is recommended to assess accessibility
129878524,way,surface,MISSING,Surface tag is recommended to assess accessibility
129878525,way,surface,MISSING,Surface tag is recommended to assess accessibility
129878527,way,surface,MISSING,Surface tag is recommended to assess accessibility
129878528,way,surface,MISSING,Surface tag is recommended to assess accessibility
129878529,way,surface,MISSING,Surface tag is recommended to assess accessibility
129881291,way,surface,MISSING,Surface tag is recommended to assess accessibility
129881388,way,surface,MISSING,Surface tag is recommended to assess accessibility
129881389,way,surface,MISSING,Surface tag is recommended to assess accessibility
129881390,way,surface,MISSING,Surface tag is recommended to assess accessibility
129881391,way,surface,MISSING,Surface tag is recommended to assess accessibility
129881392,way,surface,MISSING,Surface tag is recommended to assess accessibility
129881393,way,surface,MISSING,Surface tag is recommended to assess accessibility
130751962,way,surface,MISSING,Surface tag is recommended to assess accessibility
131188036,way,surface,MISSING,Surface tag is recommended to assess accessibility
131475836,way,surface,MISSING,Surface tag is recommended to assess accessibility
131476965,way,surface,MISSING,Surface tag is recommended to assess accessibility
131477438,way,surface,MISSING,Surface tag is recommended to assess accessibility
131477549,way,surface,MISSING,Surface tag is recommended to assess accessibility
131477599,way,surface,MISSING,Surface tag is recommended to assess accessibility
131477600,way,surface,MISSING,Surface tag is recommended to assess accessibility
131477601,way,surface,MISSING,Surface tag is recommended to assess accessibility
131477602,way,surface,MISSING,Surface tag is recommended to assess accessibility
131508689,way,surface,MISSING,Surface tag is recommended to assess accessibility
132561941,way,surface,MISSING,Surface tag is recommended to assess accessibility
132561959,way,surface,MISSING,Surface tag is recommended to assess accessibility
132647475,way,surface,MISSING,Surface tag is recommended to assess accessibility
132647476,way,surface,MISSING,Surface tag is recommended to assess accessibility
132647477,way,surface,MISSING,Surface tag is recommended to assess accessibility
132647479,way,surface,MISSING,Surface tag is recommended to assess accessibility
132647480,way,surface,MISSING,Surface tag is recommended to assess accessibility
132647482,way,surface,MISSING,Surface tag is recommended to assess accessibility
132647484,way,surface,MISSING,Surface tag is recommended to assess accessibility
133546717,way,surface,MISSING,Surface tag is recommended to assess accessibility
133546718,way,surface,MISSING,Surface tag is recommended to assess accessibility
133876366,way,surface,MISSING,Surface tag is recommended to assess accessibility
133877624,way,surface,MISSING,Surface tag is recommended to assess accessibility
133877626,way,surface,MISSING,Surface tag is recommended to assess accessibility
133877628,way,surface,MISSING,Surface tag is recommended to assess accessibility
134536946,way,surface,MISSING,Surface tag is recommended to assess accessibility
134573442,way,surface,MISSING,Surface tag is recommended to assess accessibility
134933427,way,surface,MISSING,Surface tag is recommended to assess accessibility
134938383,way,surface,MISSING,Surface tag is recommended to assess accessibility
135029118,way,surface,MISSING,Surface tag is recommended to assess accessibility
135029120,way,surface,MISSING,Surface tag is recommended to assess accessibility
135029122,way,surface,MISSING,Surface tag is recommended to assess accessibility
135029128,way,surface,MISSING,Surface tag is recommended to assess accessibility
135029133,way,surface,MISSING,Surface tag is recommended to assess accessibility
135029134,way,surface,MISSING,Surface tag is recommended to assess accessibility
135031468,way,surface,MISSING,Surface tag is recommended to assess accessibility
135088121,way,surface,MISSING,Surface tag is recommended to assess accessibility
135232356,way,surface,MISSING,Surface tag is recommended to assess accessibility
135342755,way,surface,MISSING,Surface tag is recommended to assess accessibility
135342756,way,surface,MISSING,Surface tag is recommended to assess accessibility
135342757,way,surface,MISSING,Surface tag is recommended to assess accessibility
135678864,way,surface,MISSING,Surface tag is recommended to assess accessibility
136615070,way,surface,MISSING,Surface tag is recommended to assess accessibility
137158662,way,surface,MISSING,Surface tag is recommended to assess accessibility
137193898,way,surface,MISSING,Surface tag is recommended to assess accessibility
137193905,way,surface,MISSING,Surface tag is recommended to assess accessibility
137197354,way,surface,MISSING,Surface tag is recommended to assess accessibility
137197355,way,surface,MISSING,Surface tag is recommended to assess accessibility
137197356,way,surface,MISSING,Surface tag is recommended to assess accessibility
137197358,way,surface,MISSING,Surface tag is recommended to assess accessibility
137197359,way,surface,MISSING,Surface tag is recommended to assess accessibility
137197360,way,surface,MISSING,Surface tag is recommended to assess accessibility
137197361,way,surface,MISSING,Surface tag is recommended to assess accessibility
137197363,way,surface,MISSING,Surface tag is recommended to assess accessibility
137197364,way,surface,MISSING,Surface tag is recommended to assess accessibility
137197366,way,surface,MISSING,Surface tag is recommended to assess accessibility
137197367,way,surface,MISSING,Surface tag is recommended to assess accessibility
137197368,way,surface,MISSING,Surface tag is recommended to assess accessibility
137197369,way,surface,MISSING,Surface tag is recommended to assess accessibility
137197478,way,surface,MISSING,Surface tag is recommended to assess accessibility
137209411,way,surface,MISSING,Surface tag is recommended to assess accessibility
137479386,way,surface,MISSING,Surface tag is recommended to assess accessibility
137479643,way,surface,MISSING,Surface tag is recommended to assess accessibility
137479644,way,surface,MISSING,Surface tag is recommended to assess accessibility
137479646,way,surface,MISSING,Surface tag is recommended to assess accessibility
137480615,way,surface,MISSING,Surface tag is recommended to assess accessibility
138138467,way,surface,MISSING,Surface tag is recommended to assess accessibility
138138471,way,surface,MISSING,Surface tag is recommended to assess accessibility
138138473,way,surface,MISSING,Surface tag is recommended to assess accessibility
138138474,way,surface,MISSING,Surface tag is recommended to assess accessibility
138138476,way,surface,MISSING,Surface tag is recommended to assess accessibility
138942962,way,surface,MISSING,Surface tag is recommended to assess accessibility
139751202,way,surface,MISSING,Surface tag is recommended to assess accessibility
140233094,way,surface,MISSING,Surface tag is recommended to assess accessibility
140424837,way,surface,MISSING,Surface tag is recommended to assess accessibility
141422697,way,surface,MISSING,Surface tag is recommended to assess accessibility
141522769,way,surface,MISSING,Surface tag is recommended to assess accessibility
141523991,way,surface,MISSING,Surface tag is recommended to assess accessibility
141523995,way,surface,MISSING,Surface tag is recommended to assess accessibility
141708022,way,surface,MISSING,Surface tag is recommended to assess accessibility
142378706,way,surface,MISSING,Surface tag is recommended to assess accessibility
142378880,way,surface,MISSING,Surface tag is recommended to assess accessibility
144589983,way,surface,MISSING,Surface tag is recommended to assess accessibility
144589997,way,surface,MISSING,Surface tag is recommended to assess accessibility
145251400,way,surface,MISSING,Surface tag is recommended to assess accessibility
145682364,way,surface,MISSING,Surface tag is recommended to assess accessibility
145682365,way,surface,MISSING,Surface tag is recommended to assess accessibility
145682366,way,surface,MISSING,Surface tag is recommended to assess accessibility
145682367,way,surface,MISSING,Surface tag is recommended to assess accessibility
145802333,way,surface,MISSING,Surface tag is recommended to assess accessibility
145802341,way,surface,MISSING,Surface tag is recommended to assess accessibility
146913083,way,surface,MISSING,Surface tag is recommended to assess accessibility
146913084,way,surface,MISSING,Surface tag is recommended to assess accessibility
147411317,way,surface,MISSING,Surface tag is recommended to assess accessibility
148834994,way,surface,MISSING,Surface tag is recommended to assess accessibility
149792693,way,surface,MISSING,Surface tag is recommended to assess accessibility
149797879,way,surface,MISSING,Surface tag is recommended to assess accessibility
149797885,way,surface,MISSING,Surface tag is recommended to assess accessibility
149797889,way,surface,MISSING,Surface tag is recommended to assess accessibility
151880201,way,surface,MISSING,Surface tag is recommended to assess accessibility
152008942,way,surface,MISSING,Surface tag is recommended to assess accessibility
156996320,way,surface,MISSING,Surface tag is recommended to assess accessibility
158013425,way,surface,MISSING,Surface tag is recommended to assess accessibility
158301655,way,surface,MISSING,Surface tag is recommended to assess accessibility
162948004,way,surface,MISSING,Surface tag is recommended to assess accessibility
162948005,way,surface,MISSING,Surface tag is recommended to assess accessibility
162948008,way,surface,MISSING,Surface tag is recommended to assess accessibility
162948010,way,surface,MISSING,Surface tag is recommended to assess accessibility
162948012,way,surface,MISSING,Surface tag is recommended to assess accessibility
162948013,way,surface,MISSING,Surface tag is recommended to assess accessibility
162948018,way,surface,MISSING,Surface tag is recommended to assess accessibility
163757303,way,surface,MISSING,Surface tag is recommended to assess accessibility
163757309,way,surface,MISSING,Surface tag is recommended to assess accessibility
163757321,way,surface,MISSING,Surface tag is recommended to assess accessibility
164111034,way,surface,MISSING,Surface tag is recommended to assess accessibility
164247798,way,surface,MISSING,Surface tag is recommended to assess accessibility
164408665,way,surface,MISSING,Surface tag is recommended to assess accessibility
164763895,way,surface,MISSING,Surface tag is recommended to assess accessibility
165079773,way,surface,MISSING,Surface tag is recommended to assess accessibility
165079776,way,surface,MISSING,Surface tag is recommended to assess accessibility
165080557,way,surface,MISSING,Surface tag is recommended to assess accessibility
165380955,way,surface,MISSING,Surface tag is recommended to assess accessibility
165380956,way,surface,MISSING,Surface tag is recommended to assess accessibility
165380959,way,surface,MISSING,Surface tag is recommended to assess accessibility
165380960,way,surface,MISSING,Surface tag is recommended to assess accessibility
165380962,way,surface,MISSING,Surface tag is recommended to assess accessibility
165846333,way,surface,MISSING,Surface tag is recommended to assess accessibility
165846334,way,surface,MISSING,Surface tag is recommended to assess accessibility
165846336,way,surface,MISSING,Surface tag is recommended to assess accessibility
165846341,way,surface,MISSING,Surface tag is recommended to assess accessibility
165886977,way,surface,MISSING,Surface tag is recommended to assess accessibility
165886988,way,surface,MISSING,Surface tag is recommended to assess accessibility
165886990,way,surface,MISSING,Surface tag is recommended to assess accessibility
165893094,way,surface,MISSING,Surface tag is recommended to assess accessibility
165893095,way,surface,MISSING,Surface tag is recommended to assess accessibility
165893098,way,surface,MISSING,Surface tag is recommended to assess accessibility
165893488,way,surface,MISSING,Surface tag is recommended to assess accessibility
165893492,way,surface,MISSING,Surface tag is recommended to assess accessibility
165893494,way,surface,MISSING,Surface tag is recommended to assess accessibility
165893495,way,surface,MISSING,Surface tag is recommended to assess accessibility
165898379,way,surface,MISSING,Surface tag is recommended to assess accessibility
165898380,way,surface,MISSING,Surface tag is recommended to assess accessibility
165898386,way,surface,MISSING,Surface tag is recommended to assess accessibility
165901188,way,surface,MISSING,Surface tag is recommended to assess accessibility
165902789,way,surface,MISSING,Surface tag is recommended to assess accessibility
165904042,way,surface,MISSING,Surface tag is recommended to assess accessibility
165904276,way,surface,MISSING,Surface tag is recommended to assess accessibility
165904277,way,surface,MISSING,Surface tag is recommended to assess accessibility
165910255,way,surface,MISSING,Surface tag is recommended to assess accessibility
165910256,way,surface,MISSING,Surface tag is recommended to assess accessibility
165910258,way,surface,MISSING,Surface tag is recommended to assess accessibility
165936227,way,surface,MISSING,Surface tag is recommended to assess accessibility
165936228,way,surface,MISSING,Surface tag is recommended to assess accessibility
165936229,way,surface,MISSING,Surface tag is recommended to assess accessibility
165936230,way,surface,MISSING,Surface tag is recommended to assess accessibility
165936231,way,surface,MISSING,Surface tag is recommended to assess accessibility
165936232,way,surface,MISSING,Surface tag is recommended to assess accessibility
165936233,way,surface,MISSING,Surface tag is recommended to assess accessibility
165936235,way,surface,MISSING,Surface tag is recommended to assess accessibility
165936237,way,surface,MISSING,Surface tag is recommended to assess accessibility
165936238,way,surface,MISSING,Surface tag is recommended to assess accessibility
165936239,way,surface,MISSING,Surface tag is recommended to assess accessibility
165936240,way,surface,MISSING,Surface tag is recommended to assess accessibility
165936241,way,surface,MISSING,Surface tag is recommended to assess accessibility
165936242,way,surface,MISSING,Surface tag is recommended to assess accessibility
165936245,way,surface,MISSING,Surface tag is recommended to assess accessibility
165936247,way,surface,MISSING,Surface tag is recommended to assess accessibility
165936248,way,surface,MISSING,Surface tag is recommended to assess accessibility
165936250,way,surface,MISSING,Surface tag is recommended to assess accessibility
165936251,way,surface,MISSING,Surface tag is recommended to assess accessibility
165936252,way,surface,MISSING,Surface tag is recommended to assess accessibility
166473544,way,surface,MISSING,Surface tag is recommended to assess accessibility
167819140,way,surface,MISSING,Surface tag is recommended to assess accessibility
168045313,way,surface,MISSING,Surface tag is recommended to assess accessibility
168045316,way,surface,MISSING,Surface tag is recommended to assess accessibility
168553876,way,surface,MISSING,Surface tag is recommended to assess accessibility
168937677,way,surface,MISSING,Surface tag is recommended to assess accessibility
168937679,way,surface,MISSING,Surface tag is recommended to assess accessibility
169117176,way,surface,MISSING,Surface tag is recommended to assess accessibility
169117178,way,surface,MISSING,Surface tag is recommended to assess accessibility
169117182,way,surface,MISSING,Surface tag is recommended to assess accessibility
169290508,way,surface,MISSING,Surface tag is recommended to assess accessibility
169290509,way,surface,MISSING,Surface tag is recommended to assess accessibility
169324994,way,surface,MISSING,Surface tag is recommended to assess accessibility
169324996,way,surface,MISSING,Surface tag is recommended to assess accessibility
169325000,way,surface,MISSING,Surface tag is recommended to assess accessibility
169327596,way,surface,MISSING,Surface tag is recommended to assess accessibility
169327603,way,surface,MISSING,Surface tag is recommended to assess accessibility
169327611,way,surface,MISSING,Surface tag is recommended to assess accessibility
169328055,way,surface,MISSING,Surface tag is recommended to assess accessibility
169328557,way,surface,MISSING,Surface tag is recommended to assess accessibility
169328558,way,surface,MISSING,Surface tag is recommended to assess accessibility
169398896,way,surface,MISSING,Surface tag is recommended to assess accessibility
169463204,way,surface,MISSING,Surface tag is recommended to assess accessibility
169463217,way,surface,MISSING,Surface tag is recommended to assess accessibility
169463218,way,surface,MISSING,Surface tag is recommended to assess accessibility
169463223,way,surface,MISSING,Surface tag is recommended to assess accessibility
169463233,way,surface,MISSING,Surface tag is recommended to assess accessibility
169463235,way,surface,MISSING,Surface tag is recommended to assess accessibility
169463236,way,surface,MISSING,Surface tag is recommended to assess accessibility
169468236,way,surface,MISSING,Surface tag is recommended to assess accessibility
169468238,way,surface,MISSING,Surface tag is recommended to assess accessibility
169468245,way,surface,MISSING,Surface tag is recommended to assess accessibility
169470736,way,surface,MISSING,Surface tag is recommended to assess accessibility
169470752,way,surface,MISSING,Surface tag is recommended to assess accessibility
169470756,way,surface,MISSING,Surface tag is recommended to assess accessibility
170451259,way,surface,MISSING,Surface tag is recommended to assess accessibility
171003956,way,surface,MISSING,Surface tag is recommended to assess accessibility
171028966,way,surface,MISSING,Surface tag is recommended to assess accessibility
171028968,way,surface,MISSING,Surface tag is recommended to assess accessibility
171028969,way,surface,MISSING,Surface tag is recommended to assess accessibility
171038212,way,surface,MISSING,Surface tag is recommended to assess accessibility
171038222,way,surface,MISSING,Surface tag is recommended to assess accessibility
171038225,way,surface,MISSING,Surface tag is recommended to assess accessibility
171038230,way,surface,MISSING,Surface tag is recommended to assess accessibility
171038232,way,surface,MISSING,Surface tag is recommended to assess accessibility
171038253,way,surface,MISSING,Surface tag is recommended to assess accessibility
171201465,way,surface,MISSING,Surface tag is recommended to assess accessibility
171269670,way,surface,MISSING,Surface tag is recommended to assess accessibility
171269671,way,surface,MISSING,Surface tag is recommended to assess accessibility
171269672,way,surface,MISSING,Surface tag is recommended to assess accessibility
171463477,way,surface,MISSING,Surface tag is recommended to assess accessibility
171661009,way,surface,MISSING,Surface tag is recommended to assess accessibility
172077302,way,surface,MISSING,Surface tag is recommended to assess accessibility
172077305,way,surface,MISSING,Surface tag is recommended to assess accessibility
172129475,way,surface,MISSING,Surface tag is recommended to assess accessibility
172129477,way,surface,MISSING,Surface tag is recommended to assess accessibility
172182390,way,surface,MISSING,Surface tag is recommended to assess accessibility
172202679,way,surface,MISSING,Surface tag is recommended to assess accessibility
172209060,way,surface,MISSING,Surface tag is recommended to assess accessibility
172212825,way,surface,MISSING,Surface tag is recommended to assess accessibility
172212826,way,surface,MISSING,Surface tag is recommended to assess accessibility
172323224,way,surface,MISSING,Surface tag is recommended to assess accessibility
172398657,way,surface,MISSING,Surface tag is recommended to assess accessibility
172398658,way,surface,MISSING,Surface tag is recommended to assess accessibility
172398659,way,surface,MISSING,Surface tag is recommended to assess accessibility
172678134,way,surface,MISSING,Surface tag is recommended to assess accessibility
172782292,way,surface,MISSING,Surface tag is recommended to assess accessibility
172803348,way,surface,MISSING,Surface tag is recommended to assess accessibility
172803350,way,surface,MISSING,Surface tag is recommended to assess accessibility
172808185,way,surface,MISSING,Surface tag is recommended to assess accessibility
172808186,way,surface,MISSING,Surface tag is recommended to assess accessibility
172808187,way,surface,MISSING,Surface tag is recommended to assess accessibility
173047247,way,surface,MISSING,Surface tag is recommended to assess accessibility
173382938,way,surface,MISSING,Surface tag is recommended to assess accessibility
174466738,way,surface,MISSING,Surface tag is recommended to assess accessibility
174693803,way,surface,MISSING,Surface tag is recommended to assess accessibility
174923204,way,surface,MISSING,Surface tag is recommended to assess accessibility
174923208,way,surface,MISSING,Surface tag is recommended to assess accessibility
174923215,way,surface,MISSING,Surface tag is recommended to assess accessibility
174923217,way,surface,MISSING,Surface tag is recommended to assess accessibility
174954554,way,surface,MISSING,Surface tag is recommended to assess accessibility
175278179,way,surface,MISSING,Surface tag is recommended to assess accessibility
175590386,way,surface,MISSING,Surface tag is recommended to assess accessibility
177514938,way,surface,MISSING,Surface tag is recommended to assess accessibility
178284781,way,surface,MISSING,Surface tag is recommended to assess accessibility
178284782,way,surface,MISSING,Surface tag is recommended to assess accessibility
178284785,way,surface,MISSING,Surface tag is recommended to assess accessibility
178285534,way,surface,MISSING,Surface tag is recommended to assess accessibility
178285536,way,surface,MISSING,Surface tag is recommended to assess accessibility
178632047,way,surface,MISSING,Surface tag is recommended to assess accessibility
178632048,way,surface,MISSING,Surface tag is recommended to assess accessibility
179123223,way,surface,MISSING,Surface tag is recommended to assess accessibility
179123225,way,surface,MISSING,Surface tag is recommended to assess accessibility
179123226,way,surface,MISSING,Surface tag is recommended to assess accessibility
179375637,way,surface,MISSING,Surface tag is recommended to assess accessibility
179375638,way,surface,MISSING,Surface tag is recommended to assess accessibility
179408986,way,surface,MISSING,Surface tag is recommended to assess accessibility
179408988,way,surface,MISSING,Surface tag is recommended to assess accessibility
179408994,way,surface,MISSING,Surface tag is recommended to assess accessibility
179409000,way,surface,MISSING,Surface tag is recommended to assess accessibility
180815287,way,surface,MISSING,Surface tag is recommended to assess accessibility
181365880,way,surface,MISSING,Surface tag is recommended to assess accessibility
181365903,way,surface,MISSING,Surface tag is recommended to assess accessibility
181681994,way,surface,MISSING,Surface tag is recommended to assess accessibility
182417436,way,surface,MISSING,Surface tag is recommended to assess accessibility
182573171,way,surface,MISSING,Surface tag is recommended to assess accessibility
182573172,way,surface,MISSING,Surface tag is recommended to assess accessibility
182692260,way,surface,MISSING,Surface tag is recommended to assess accessibility
182692261,way,surface,MISSING,Surface tag is recommended to assess accessibility
182692262,way,surface,MISSING,Surface tag is recommended to assess accessibility
182692264,way,surface,MISSING,Surface tag is recommended to assess accessibility
182692612,way,surface,MISSING,Surface tag is recommended to assess accessibility
182692613,way,surface,MISSING,Surface tag is recommended to assess accessibility
182709739,way,surface,MISSING,Surface tag is recommended to assess accessibility
182709740,way,surface,MISSING,Surface tag is recommended to assess accessibility
182710772,way,surface,MISSING,Surface tag is recommended to assess accessibility
182710773,way,surface,MISSING,Surface tag is recommended to assess accessibility
182710774,way,surface,MISSING,Surface tag is recommended to assess accessibility
182710775,way,surface,MISSING,Surface tag is recommended to assess accessibility
182849661,way,surface,MISSING,Surface tag is recommended to assess accessibility
182849662,way,surface,MISSING,Surface tag is recommended to assess accessibility
182849664,way,surface,MISSING,Surface tag is recommended to assess accessibility
182849665,way,surface,MISSING,Surface tag is recommended to assess accessibility
182849668,way,surface,MISSING,Surface tag is recommended to assess accessibility
182850003,way,surface,MISSING,Surface tag is recommended to assess accessibility
182850006,way,surface,MISSING,Surface tag is recommended to assess accessibility
182850009,way,surface,MISSING,Surface tag is recommended to assess accessibility
182850010,way,surface,MISSING,Surface tag is recommended to assess accessibility
182850819,way,surface,MISSING,Surface tag is recommended to assess accessibility
182850822,way,surface,MISSING,Surface tag is recommended to assess accessibility
183206099,way,surface,MISSING,Surface tag is recommended to assess accessibility
183430786,way,surface,MISSING,Surface tag is recommended to assess accessibility
183503367,way,surface,MISSING,Surface tag is recommended to assess accessibility
183503368,way,surface,MISSING,Surface tag is recommended to assess accessibility
183503370,way,surface,MISSING,Surface tag is recommended to assess accessibility
183503371,way,surface,MISSING,Surface tag is recommended to assess accessibility
183503372,way,surface,MISSING,Surface tag is recommended to assess accessibility
183503373,way,surface,MISSING,Surface tag is recommended to assess accessibility
183503377,way,surface,MISSING,Surface tag is recommended to assess accessibility
183632417,way,surface,MISSING,Surface tag is recommended to assess accessibility
183632420,way,surface,MISSING,Surface tag is recommended to assess accessibility
183632422,way,surface,MISSING,Surface tag is recommended to assess accessibility
183656934,way,surface,MISSING,Surface tag is recommended to assess accessibility
183656938,way,surface,MISSING,Surface tag is recommended to assess accessibility
183656939,way,surface,MISSING,Surface tag is recommended to assess accessibility
183656940,way,surface,MISSING,Surface tag is recommended to assess accessibility
184001001,way,surface,MISSING,Surface tag is recommended to assess accessibility
184001003,way,surface,MISSING,Surface tag is recommended to assess accessibility
184006489,way,surface,MISSING,Surface tag is recommended to assess accessibility
184006493,way,surface,MISSING,Surface tag is recommended to assess accessibility
184006499,way,surface,MISSING,Surface tag is recommended to assess accessibility
184007102,way,surface,MISSING,Surface tag is recommended to assess accessibility
184007190,way,surface,MISSING,Surface tag is recommended to assess accessibility
184007192,way,surface,MISSING,Surface tag is recommended to assess accessibility
184335645,way,surface,MISSING,Surface tag is recommended to assess accessibility
184618377,way,surface,MISSING,Surface tag is recommended to assess accessibility
184618381,way,surface,MISSING,Surface tag is recommended to assess accessibility
184629267,way,surface,MISSING,Surface tag is recommended to assess accessibility
184791185,way,surface,MISSING,Surface tag is recommended to assess accessibility
184870060,way,surface,MISSING,Surface tag is recommended to assess accessibility
185310362,way,surface,MISSING,Surface tag is recommended to assess accessibility
185542592,way,surface,MISSING,Surface tag is recommended to assess accessibility
186051910,way,surface,MISSING,Surface tag is recommended to assess accessibility
186118845,way,surface,MISSING,Surface tag is recommended to assess accessibility
186121494,way,surface,MISSING,Surface tag is recommended to assess accessibility
186121499,way,surface,MISSING,Surface tag is recommended to assess accessibility
186121500,way,surface,MISSING,Surface tag is recommended to assess accessibility
186121501,way,surface,MISSING,Surface tag is recommended to assess accessibility
186141497,way,surface,MISSING,Surface tag is recommended to assess accessibility
186141498,way,surface,MISSING,Surface tag is recommended to assess accessibility
186141499,way,surface,MISSING,Surface tag is recommended to assess accessibility
186141501,way,surface,MISSING,Surface tag is recommended to assess accessibility
186153362,way,surface,MISSING,Surface tag is recommended to assess accessibility
186296840,way,surface,MISSING,Surface tag is recommended to assess accessibility
186524170,way,surface,MISSING,Surface tag is recommended to assess accessibility
186614791,way,surface,MISSING,Surface tag is recommended to assess accessibility
186674279,way,surface,MISSING,Surface tag is recommended to assess accessibility
186886050,way,surface,MISSING,Surface tag is recommended to assess accessibility
187000332,way,surface,MISSING,Surface tag is recommended to assess accessibility
187000333,way,surface,MISSING,Surface tag is recommended to assess accessibility
187000334,way,surface,MISSING,Surface tag is recommended to assess accessibility
187000338,way,surface,MISSING,Surface tag is recommended to assess accessibility
187000341,way,surface,MISSING,Surface tag is recommended to assess accessibility
187000346,way,surface,MISSING,Surface tag is recommended to assess accessibility
188186195,way,surface,MISSING,Surface tag is recommended to assess accessibility
188221112,way,surface,MISSING,Surface tag is recommended to assess accessibility
189085443,way,surface,MISSING,Surface tag is recommended to assess accessibility
189085447,way,surface,MISSING,Surface tag is recommended to assess accessibility
189085454,way,surface,MISSING,Surface tag is recommended to assess accessibility
189085458,way,surface,MISSING,Surface tag is recommended to assess accessibility
189404134,way,surface,MISSING,Surface tag is recommended to assess accessibility
189734749,way,surface,MISSING,Surface tag is recommended to assess accessibility
190443520,way,surface,MISSING,Surface tag is recommended to assess accessibility
190443521,way,surface,MISSING,Surface tag is recommended to assess accessibility
190443523,way,surface,MISSING,Surface tag is recommended to assess accessibility
190443524,way,surface,MISSING,Surface tag is recommended to assess accessibility
190443527,way,surface,MISSING,Surface tag is recommended to assess accessibility
190443529,way,surface,MISSING,Surface tag is recommended to assess accessibility
190443535,way,surface,MISSING,Surface tag is recommended to assess accessibility
190443537,way,surface,MISSING,Surface tag is recommended to assess accessibility
190443542,way,surface,MISSING,Surface tag is recommended to assess accessibility
190443545,way,surface,MISSING,Surface tag is recommended to assess accessibility
190443551,way,surface,MISSING,Surface tag is recommended to assess accessibility
190443553,way,surface,MISSING,Surface tag is recommended to assess accessibility
190443555,way,surface,MISSING,Surface tag is recommended to assess accessibility
190443562,way,surface,MISSING,Surface tag is recommended to assess accessibility
190443567,way,surface,MISSING,Surface tag is recommended to assess accessibility
190443569,way,surface,MISSING,Surface tag is recommended to assess accessibility
190558098,way,surface,MISSING,Surface tag is recommended to assess accessibility
190882793,way,surface,MISSING,Surface tag is recommended to assess accessibility
191102715,way,surface,MISSING,Surface tag is recommended to assess accessibility
191103047,way,surface,MISSING,Surface tag is recommended to assess accessibility
191548744,way,surface,MISSING,Surface tag is recommended to assess accessibility
192107470,way,surface,MISSING,Surface tag is recommended to assess accessibility
192107474,way,surface,MISSING,Surface tag is recommended to assess accessibility
192223811,way,surface,MISSING,Surface tag is recommended to assess accessibility
192223815,way,surface,MISSING,Surface tag is recommended to assess accessibility
192223816,way,surface,MISSING,Surface tag is recommended to assess accessibility
192315499,way,surface,MISSING,Surface tag is recommended to assess accessibility
192315501,way,surface,MISSING,Surface tag is recommended to assess accessibility
192315508,way,surface,MISSING,Surface tag is recommended to assess accessibility
192315516,way,surface,MISSING,Surface tag is recommended to assess accessibility
192315517,way,surface,MISSING,Surface tag is recommended to assess accessibility
192316035,way,surface,MISSING,Surface tag is recommended to assess accessibility
192449700,way,surface,MISSING,Surface tag is recommended to assess accessibility
193025461,way,surface,MISSING,Surface tag is recommended to assess accessibility
193025465,way,surface,MISSING,Surface tag is recommended to assess accessibility
193025467,way,surface,MISSING,Surface tag is recommended to assess accessibility
193025468,way,surface,MISSING,Surface tag is recommended to assess accessibility
193025469,way,surface,MISSING,Surface tag is recommended to assess accessibility
193062345,way,surface,MISSING,Surface tag is recommended to assess accessibility
196527925,way,surface,MISSING,Surface tag is recommended to assess accessibility
196527929,way,surface,MISSING,Surface tag is recommended to assess accessibility
197246293,way,surface,MISSING,Surface tag is recommended to assess accessibility
197246294,way,surface,MISSING,Surface tag is recommended to assess accessibility
197246295,way,surface,MISSING,Surface tag is recommended to assess accessibility
197246297,way,surface,MISSING,Surface tag is recommended to assess accessibility
197250031,way,surface,MISSING,Surface tag is recommended to assess accessibility
197250034,way,surface,MISSING,Surface tag is recommended to assess accessibility
197450335,way,surface,MISSING,Surface tag is recommended to assess accessibility
197450338,way,surface,MISSING,Surface tag is recommended to assess accessibility
197450341,way,surface,MISSING,Surface tag is recommended to assess accessibility
198277536,way,surface,MISSING,Surface tag is recommended to assess accessibility
198277537,way,surface,MISSING,Surface tag is recommended to assess accessibility
198277538,way,surface,MISSING,Surface tag is recommended to assess accessibility
198650573,way,surface,MISSING,Surface tag is recommended to assess accessibility
198650576,way,surface,MISSING,Surface tag is recommended to assess accessibility
199566240,way,surface,MISSING,Surface tag is recommended to assess accessibility
199570614,way,surface,MISSING,Surface tag is recommended to assess accessibility
199570615,way,surface,MISSING,Surface tag is recommended to assess accessibility
199570616,way,surface,MISSING,Surface tag is recommended to assess accessibility
199570617,way,surface,MISSING,Surface tag is recommended to assess accessibility
199570618,way,surface,MISSING,Surface tag is recommended to assess accessibility
199570619,way,surface,MISSING,Surface tag is recommended to assess accessibility
199570620,way,surface,MISSING,Surface tag is recommended to assess accessibility
199570623,way,surface,MISSING,Surface tag is recommended to assess accessibility
199570624,way,surface,MISSING,Surface tag is recommended to assess accessibility
199570626,way,surface,MISSING,Surface tag is recommended to assess accessibility
199570627,way,surface,MISSING,Surface tag is recommended to assess accessibility
199570628,way,surface,MISSING,Surface tag is recommended to assess accessibility
199570629,way,surface,MISSING,Surface tag is recommended to assess accessibility
199570630,way,surface,MISSING,Surface tag is recommended to assess accessibility
199570632,way,surface,MISSING,Surface tag is recommended to assess accessibility
199570633,way,surface,MISSING,Surface tag is recommended to assess accessibility
199570637,way,surface,MISSING,Surface tag is recommended to assess accessibility
199570640,way,surface,MISSING,Surface tag is recommended to assess accessibility
199570643,way,surface,MISSING,Surface tag is recommended to assess accessibility
199570644,way,surface,MISSING,Surface tag is recommended to assess accessibility
199570645,way,surface,MISSING,Surface tag is recommended to assess accessibility
199570646,way,surface,MISSING,Surface tag is recommended to assess accessibility
199570650,way,surface,MISSING,Surface tag is recommended to assess accessibility
199570651,way,surface,MISSING,Surface tag is recommended to assess accessibility
199572291,way,surface,MISSING,Surface tag is recommended to assess accessibility
199572292,way,surface,MISSING,Surface tag is recommended to assess accessibility
199838847,way,surface,MISSING,Surface tag is recommended to assess accessibility
200080240,way,surface,MISSING,Surface tag is recommended to assess accessibility
200080241,way,surface,MISSING,Surface tag is recommended to assess accessibility
200080242,way,surface,MISSING,Surface tag is recommended to assess accessibility
200080244,way,surface,MISSING,Surface tag is recommended to assess accessibility
200080245,way,surface,MISSING,Surface tag is recommended to assess accessibility
200080246,way,surface,MISSING,Surface tag is recommended to assess accessibility
200160083,way,surface,MISSING,Surface tag is recommended to assess accessibility
200160085,way,surface,MISSING,Surface tag is recommended to assess accessibility
200501463,way,surface,MISSING,Surface tag is recommended to assess accessibility
200501465,way,surface,MISSING,Surface tag is recommended to assess accessibility
200660346,way,surface,MISSING,Surface tag is recommended to assess accessibility
200660347,way,surface,MISSING,Surface tag is recommended to assess accessibility
200660348,way,surface,MISSING,Surface tag is recommended to assess accessibility
200660349,way,surface,MISSING,Surface tag is recommended to assess accessibility
200660350,way,surface,MISSING,Surface tag is recommended to assess accessibility
200660351,way,surface,MISSING,Surface tag is recommended to assess accessibility
200660352,way,surface,MISSING,Surface tag is recommended to assess accessibility
200660353,way,surface,MISSING,Surface tag is recommended to assess accessibility
200660354,way,surface,MISSING,Surface tag is recommended to assess accessibility
200660355,way,surface,MISSING,Surface tag is recommended to assess accessibility
200660356,way,surface,MISSING,Surface tag is recommended to assess accessibility
200660357,way,surface,MISSING,Surface tag is recommended to assess accessibility
201997996,way,surface,MISSING,Surface tag is recommended to assess accessibility
201998001,way,surface,MISSING,Surface tag is recommended to assess accessibility
201998015,way,surface,MISSING,Surface tag is recommended to assess accessibility
202985986,way,surface,MISSING,Surface tag is recommended to assess accessibility
202985987,way,surface,MISSING,Surface tag is recommended to assess accessibility
202988021,way,surface,MISSING,Surface tag is recommended to assess accessibility
202988022,way,surface,MISSING,Surface tag is recommended to assess accessibility
202988023,way,surface,MISSING,Surface tag is recommended to assess accessibility
202988026,way,surface,MISSING,Surface tag is recommended to assess accessibility
202988027,way,surface,MISSING,Surface tag is recommended to assess accessibility
202988029,way,surface,MISSING,Surface tag is recommended to assess accessibility
202988987,way,surface,MISSING,Surface tag is recommended to assess accessibility
202989015,way,surface,MISSING,Surface tag is recommended to assess accessibility
202989021,way,surface,MISSING,Surface tag is recommended to assess accessibility
203169901,way,surface,MISSING,Surface tag is recommended to assess accessibility
204058219,way,surface,MISSING,Surface tag is recommended to assess accessibility
204828646,way,surface,MISSING,Surface tag is recommended to assess accessibility
206753479,way,surface,MISSING,Surface tag is recommended to assess accessibility
206753480,way,surface,MISSING,Surface tag is recommended to assess accessibility
206753482,way,surface,MISSING,Surface tag is recommended to assess accessibility
206756276,way,surface,MISSING,Surface tag is recommended to assess accessibility
206756278,way,surface,MISSING,Surface tag is recommended to assess accessibility
206763875,way,surface,MISSING,Surface tag is recommended to assess accessibility
206763876,way,surface,MISSING,Surface tag is recommended to assess accessibility
206763877,way,surface,MISSING,Surface tag is recommended to assess accessibility
206763879,way,surface,MISSING,Surface tag is recommended to assess accessibility
206763881,way,surface,MISSING,Surface tag is recommended to assess accessibility
206763882,way,surface,MISSING,Surface tag is recommended to assess accessibility
206763884,way,surface,MISSING,Surface tag is recommended to assess accessibility
206763885,way,surface,MISSING,Surface tag is recommended to assess accessibility
206763886,way,surface,MISSING,Surface tag is recommended to assess accessibility
206763887,way,surface,MISSING,Surface tag is recommended to assess accessibility
206763888,way,surface,MISSING,Surface tag is recommended to assess accessibility
206763889,way,surface,MISSING,Surface tag is recommended to assess accessibility
206763890,way,surface,MISSING,Surface tag is recommended to assess accessibility
206763892,way,surface,MISSING,Surface tag is recommended to assess accessibility
206763893,way,surface,MISSING,Surface tag is recommended to assess accessibility
206763894,way,surface,MISSING,Surface tag is recommended to assess accessibility
206763895,way,surface,MISSING,Surface tag is recommended to assess accessibility
206763897,way,surface,MISSING,Surface tag is recommended to assess accessibility
206763898,way,surface,MISSING,Surface tag is recommended to assess accessibility
206763901,way,surface,MISSING,Surface tag is recommended to assess accessibility
206763903,way,surface,MISSING,Surface tag is recommended to assess accessibility
206763906,way,surface,MISSING,Surface tag is recommended to assess accessibility
206763907,way,surface,MISSING,Surface tag is recommended to assess accessibility
206763908,way,surface,MISSING,Surface tag is recommended to assess accessibility
206763909,way,surface,MISSING,Surface tag is recommended to assess accessibility
206763910,way,surface,MISSING,Surface tag is recommended to assess accessibility
206763912,way,surface,MISSING,Surface tag is recommended to assess accessibility
206763914,way,surface,MISSING,Surface tag is recommended to assess accessibility
206763915,way,surface,MISSING,Surface tag is recommended to assess accessibility
206763916,way,surface,MISSING,Surface tag is recommended to assess accessibility
206763917,way,surface,MISSING,Surface tag is recommended to assess accessibility
206763948,way,surface,MISSING,Surface tag is recommended to assess accessibility
207884402,way,surface,MISSING,Surface tag is recommended to assess accessibility
207884412,way,surface,MISSING,Surface tag is recommended to assess accessibility
207884413,way,surface,MISSING,Surface tag is recommended to assess accessibility
207884414,way,surface,MISSING,Surface tag is recommended to assess accessibility
207907316,way,surface,MISSING,Surface tag is recommended to assess accessibility
207907317,way,surface,MISSING,Surface tag is recommended to assess accessibility
207907318,way,surface,MISSING,Surface tag is recommended to assess accessibility
207907319,way,surface,MISSING,Surface tag is recommended to assess accessibility
207907323,way,surface,MISSING,Surface tag is recommended to assess accessibility
207908147,way,surface,MISSING,Surface tag is recommended to assess accessibility
207909444,way,surface,MISSING,Surface tag is recommended to assess accessibility
207909445,way,surface,MISSING,Surface tag is recommended to assess accessibility
207909449,way,surface,MISSING,Surface tag is recommended to assess accessibility
208091049,way,surface,MISSING,Surface tag is recommended to assess accessibility
208091066,way,surface,MISSING,Surface tag is recommended to assess accessibility
208139456,way,surface,MISSING,Surface tag is recommended to assess accessibility
208139457,way,surface,MISSING,Surface tag is recommended to assess accessibility
208251482,way,surface,MISSING,Surface tag is recommended to assess accessibility
208733547,way,surface,MISSING,Surface tag is recommended to assess accessibility
208733554,way,surface,MISSING,Surface tag is recommended to assess accessibility
208733556,way,surface,MISSING,Surface tag is recommended to assess accessibility
209166652,way,surface,MISSING,Surface tag is recommended to assess accessibility
209350920,way,surface,MISSING,Surface tag is recommended to assess accessibility
209350921,way,surface,MISSING,Surface tag is recommended to assess accessibility
209350922,way,surface,MISSING,Surface tag is recommended to assess accessibility
209350923,way,surface,MISSING,Surface tag is recommended to assess accessibility
209355622,way,surface,MISSING,Surface tag is recommended to assess accessibility
209817020,way,surface,MISSING,Surface tag is recommended to assess accessibility
209817021,way,surface,MISSING,Surface tag is recommended to assess accessibility
209823187,way,surface,MISSING,Surface tag is recommended to assess accessibility
210737527,way,surface,MISSING,Surface tag is recommended to assess accessibility
210737530,way,surface,MISSING,Surface tag is recommended to assess accessibility
210737531,way,surface,MISSING,Surface tag is recommended to assess accessibility
210737532,way,surface,MISSING,Surface tag is recommended to assess accessibility
210738878,way,surface,MISSING,Surface tag is recommended to assess accessibility
210738880,way,surface,MISSING,Surface tag is recommended to assess accessibility
210738881,way,surface,MISSING,Surface tag is recommended to assess accessibility
210744194,way,surface,MISSING,Surface tag is recommended to assess accessibility
210752345,way,surface,MISSING,Surface tag is recommended to assess accessibility
210752349,way,surface,MISSING,Surface tag is recommended to assess accessibility
210752353,way,surface,MISSING,Surface tag is recommended to assess accessibility
210822869,way,surface,MISSING,Surface tag is recommended to assess accessibility
210830058,way,surface,MISSING,Surface tag is recommended to assess accessibility
210830442,way,surface,MISSING,Surface tag is recommended to assess accessibility
210830544,way,surface,MISSING,Surface tag is recommended to assess accessibility
210830545,way,surface,MISSING,Surface tag is recommended to assess accessibility
211245924,way,surface,MISSING,Surface tag is recommended to assess accessibility
211258543,way,surface,MISSING,Surface tag is recommended to assess accessibility
211265268,way,surface,MISSING,Surface tag is recommended to assess accessibility
211284738,way,surface,MISSING,Surface tag is recommended to assess accessibility
211444044,way,surface,MISSING,Surface tag is recommended to assess accessibility
211550792,way,surface,MISSING,Surface tag is recommended to assess accessibility
211551042,way,surface,MISSING,Surface tag is recommended to assess accessibility
211551043,way,surface,MISSING,Surface tag is recommended to assess accessibility
211721845,way,surface,MISSING,Surface tag is recommended to assess accessibility
211721851,way,surface,MISSING,Surface tag is recommended to assess accessibility
211724990,way,surface,MISSING,Surface tag is recommended to assess accessibility
211728908,way,surface,MISSING,Surface tag is recommended to assess accessibility
211730879,way,surface,MISSING,Surface tag is recommended to assess accessibility
211730880,way,surface,MISSING,Surface tag is recommended to assess accessibility
214149803,way,surface,MISSING,Surface tag is recommended to assess accessibility
214159029,way,surface,MISSING,Surface tag is recommended to assess accessibility
214421649,way,surface,MISSING,Surface tag is recommended to assess accessibility
215498392,way,surface,MISSING,Surface tag is recommended to assess accessibility
215621993,way,surface,MISSING,Surface tag is recommended to assess accessibility
215634356,way,surface,MISSING,Surface tag is recommended to assess accessibility
215634358,way,surface,MISSING,Surface tag is recommended to assess accessibility
215634409,way,surface,MISSING,Surface tag is recommended to assess accessibility
215634548,way,surface,MISSING,Surface tag is recommended to assess accessibility
215634551,way,surface,MISSING,Surface tag is recommended to assess accessibility
215634554,way,surface,MISSING,Surface tag is recommended to assess accessibility
215634557,way,surface,MISSING,Surface tag is recommended to assess accessibility
215634559,way,surface,MISSING,Surface tag is recommended to assess accessibility
216094587,way,surface,MISSING,Surface tag is recommended to assess accessibility
216094588,way,surface,MISSING,Surface tag is recommended to assess accessibility
217337823,way,surface,MISSING,Surface tag is recommended to assess accessibility
217338343,way,surface,MISSING,Surface tag is recommended to assess accessibility
217338344,way,surface,MISSING,Surface tag is recommended to assess accessibility
217338345,way,surface,MISSING,Surface tag is recommended to assess accessibility
217338347,way,surface,MISSING,Surface tag is recommended to assess accessibility
217338765,way,surface,MISSING,Surface tag is recommended to assess accessibility
217338767,way,surface,MISSING,Surface tag is recommended to assess accessibility
217338768,way,surface,MISSING,Surface tag is recommended to assess accessibility
217339661,way,surface,MISSING,Surface tag is recommended to assess accessibility
217403040,way,surface,MISSING,Surface tag is recommended to assess accessibility
217403043,way,surface,MISSING,Surface tag is recommended to assess accessibility
217403045,way,surface,MISSING,Surface tag is recommended to assess accessibility
217403047,way,surface,MISSING,Surface tag is recommended to assess accessibility
217566564,way,surface,MISSING,Surface tag is recommended to assess accessibility
217566567,way,surface,MISSING,Surface tag is recommended to assess accessibility
217566568,way,surface,MISSING,Surface tag is recommended to assess accessibility
217566569,way,surface,MISSING,Surface tag is recommended to assess accessibility
217566580,way,surface,MISSING,Surface tag is recommended to assess accessibility
217566584,way,surface,MISSING,Surface tag is recommended to assess accessibility
217566585,way,surface,MISSING,Surface tag is recommended to assess accessibility
217566586,way,surface,MISSING,Surface tag is recommended to assess accessibility
217566635,way,surface,MISSING,Surface tag is recommended to assess accessibility
218520507,way,surface,MISSING,Surface tag is recommended to assess accessibility
218520508,way,surface,MISSING,Surface tag is recommended to assess accessibility
218520509,way,surface,MISSING,Surface tag is recommended to assess accessibility
218520510,way,surface,MISSING,Surface tag is recommended to assess accessibility
218520513,way,surface,MISSING,Surface tag is recommended to assess accessibility
218520514,way,surface,MISSING,Surface tag is recommended to assess accessibility
218520515,way,surface,MISSING,Surface tag is recommended to assess accessibility
218520516,way,surface,MISSING,Surface tag is recommended to assess accessibility
218520517,way,surface,MISSING,Surface tag is recommended to assess accessibility
218520518,way,surface,MISSING,Surface tag is recommended to assess accessibility
218520519,way,surface,MISSING,Surface tag is recommended to assess accessibility
218520520,way,surface,MISSING,Surface tag is recommended to assess accessibility
218520521,way,surface,MISSING,Surface tag is recommended to assess accessibility
218520523,way,surface,MISSING,Surface tag is recommended to assess accessibility
218520524,way,surface,MISSING,Surface tag is recommended to assess accessibility
218520525,way,surface,MISSING,Surface tag is recommended to assess accessibility
218520526,way,surface,MISSING,Surface tag is recommended to assess accessibility
218520527,way,surface,MISSING,Surface tag is recommended to assess accessibility
218520528,way,surface,MISSING,Surface tag is recommended to assess accessibility
218520529,way,surface,MISSING,Surface tag is recommended to assess accessibility
218520530,way,surface,MISSING,Surface tag is recommended to assess accessibility
218520531,way,surface,MISSING,Surface tag is recommended to assess accessibility
218858494,way,surface,MISSING,Surface tag is recommended to assess accessibility
219017244,way,surface,MISSING,Surface tag is recommended to assess accessibility
219017245,way,surface,MISSING,Surface tag is recommended to assess accessibility
219017246,way,surface,MISSING,Surface tag is recommended to assess accessibility
220327400,way,surface,MISSING,Surface tag is recommended to assess accessibility
220740007,way,surface,MISSING,Surface tag is recommended to assess accessibility
220740815,way,surface,MISSING,Surface tag is recommended to assess accessibility
220741259,way,surface,MISSING,Surface tag is recommended to assess accessibility
222145619,way,surface,MISSING,Surface tag is recommended to assess accessibility
222611672,way,surface,MISSING,Surface tag is recommended to assess accessibility
222783165,way,surface,MISSING,Surface tag is recommended to assess accessibility
222783168,way,surface,MISSING,Surface tag is recommended to assess accessibility
222783170,way,surface,MISSING,Surface tag is recommended to assess accessibility
222783800,way,surface,MISSING,Surface tag is recommended to assess accessibility
224137804,way,surface,MISSING,Surface tag is recommended to assess accessibility
224137805,way,surface,MISSING,Surface tag is recommended to assess accessibility
224226354,way,surface,MISSING,Surface tag is recommended to assess accessibility
224226355,way,surface,MISSING,Surface tag is recommended to assess accessibility
224226357,way,surface,MISSING,Surface tag is recommended to assess accessibility
224226358,way,surface,MISSING,Surface tag is recommended to assess accessibility
224226359,way,surface,MISSING,Surface tag is recommended to assess accessibility
224226361,way,surface,MISSING,Surface tag is recommended to assess accessibility
224226364,way,surface,MISSING,Surface tag is recommended to assess accessibility
224421031,way,surface,MISSING,Surface tag is recommended to assess accessibility
224421032,way,surface,MISSING,Surface tag is recommended to assess accessibility
224422362,way,surface,MISSING,Surface tag is recommended to assess accessibility
226915645,way,surface,MISSING,Surface tag is recommended to assess accessibility
227793368,way,surface,MISSING,Surface tag is recommended to assess accessibility
228136657,way,surface,MISSING,Surface tag is recommended to assess accessibility
228136662,way,surface,MISSING,Surface tag is recommended to assess accessibility
228366407,way,surface,MISSING,Surface tag is recommended to assess accessibility
228366420,way,surface,MISSING,Surface tag is recommended to assess accessibility
230213767,way,surface,MISSING,Surface tag is recommended to assess accessibility
230213769,way,surface,MISSING,Surface tag is recommended to assess accessibility
230213770,way,surface,MISSING,Surface tag is recommended to assess accessibility
230213771,way,surface,MISSING,Surface tag is recommended to assess accessibility
230213772,way,surface,MISSING,Surface tag is recommended to assess accessibility
230213773,way,surface,MISSING,Surface tag is recommended to assess accessibility
230213774,way,surface,MISSING,Surface tag is recommended to assess accessibility
230213775,way,surface,MISSING,Surface tag is recommended to assess accessibility
230213776,way,surface,MISSING,Surface tag is recommended to assess accessibility
230213777,way,surface,MISSING,Surface tag is recommended to assess accessibility
230213778,way,surface,MISSING,Surface tag is recommended to assess accessibility
230343389,way,surface,MISSING,Surface tag is recommended to assess accessibility
230343392,way,surface,MISSING,Surface tag is recommended to assess accessibility
230511682,way,surface,MISSING,Surface tag is recommended to assess accessibility
230511688,way,surface,MISSING,Surface tag is recommended to assess accessibility
230638671,way,surface,MISSING,Surface tag is recommended to assess accessibility
231126068,way,surface,MISSING,Surface tag is recommended to assess accessibility
231126069,way,surface,MISSING,Surface tag is recommended to assess accessibility
231601415,way,surface,MISSING,Surface tag is recommended to assess accessibility
231601419,way,surface,MISSING,Surface tag is recommended to assess accessibility
231601421,way,surface,MISSING,Surface tag is recommended to assess accessibility
231609844,way,surface,MISSING,Surface tag is recommended to assess accessibility
231609845,way,surface,MISSING,Surface tag is recommended to assess accessibility
231609850,way,surface,MISSING,Surface tag is recommended to assess accessibility
231609861,way,surface,MISSING,Surface tag is recommended to assess accessibility
231609862,way,surface,MISSING,Surface tag is recommended to assess accessibility
231609863,way,surface,MISSING,Surface tag is recommended to assess accessibility
231609864,way,surface,MISSING,Surface tag is recommended to assess accessibility
231609865,way,surface,MISSING,Surface tag is recommended to assess accessibility
232027424,way,surface,MISSING,Surface tag is recommended to assess accessibility
232028063,way,surface,MISSING,Surface tag is recommended to assess accessibility
232028064,way,surface,MISSING,Surface tag is recommended to assess accessibility
232028066,way,surface,MISSING,Surface tag is recommended to assess accessibility
232028068,way,surface,MISSING,Surface tag is recommended to assess accessibility
232028069,way,surface,MISSING,Surface tag is recommended to assess accessibility
232028070,way,surface,MISSING,Surface tag is recommended to assess accessibility
232028071,way,surface,MISSING,Surface tag is recommended to assess accessibility
232028072,way,surface,MISSING,Surface tag is recommended to assess accessibility
232028074,way,surface,MISSING,Surface tag is recommended to assess accessibility
232028076,way,surface,MISSING,Surface tag is recommended to assess accessibility
232028090,way,surface,MISSING,Surface tag is recommended to assess accessibility
232703082,way,surface,MISSING,Surface tag is recommended to assess accessibility
232703083,way,surface,MISSING,Surface tag is recommended to assess accessibility
232703084,way,surface,MISSING,Surface tag is recommended to assess accessibility
232703087,way,surface,MISSING,Surface tag is recommended to assess accessibility
232703088,way,surface,MISSING,Surface tag is recommended to assess accessibility
232703090,way,surface,MISSING,Surface tag is recommended to assess accessibility
232703092,way,surface,MISSING,Surface tag is recommended to assess accessibility
232794265,way,surface,MISSING,Surface tag is recommended to assess accessibility
232834347,way,surface,MISSING,Surface tag is recommended to assess accessibility
232834350,way,surface,MISSING,Surface tag is recommended to assess accessibility
232834352,way,surface,MISSING,Surface tag is recommended to assess accessibility
233038280,way,surface,MISSING,Surface tag is recommended to assess accessibility
233038281,way,surface,MISSING,Surface tag is recommended to assess accessibility
233038282,way,surface,MISSING,Surface tag is recommended to assess accessibility
233539580,way,surface,MISSING,Surface tag is recommended to assess accessibility
233640615,way,surface,MISSING,Surface tag is recommended to assess accessibility
233756183,way,surface,MISSING,Surface tag is recommended to assess accessibility
233756186,way,surface,MISSING,Surface tag is recommended to assess accessibility
233756187,way,surface,MISSING,Surface tag is recommended to assess accessibility
233756188,way,surface,MISSING,Surface tag is recommended to assess accessibility
235298840,way,surface,MISSING,Surface tag is recommended to assess accessibility
235455835,way,surface,MISSING,Surface tag is recommended to assess accessibility
235456609,way,surface,MISSING,Surface tag is recommended to assess accessibility
235819643,way,surface,MISSING,Surface tag is recommended to assess accessibility
235820225,way,surface,MISSING,Surface tag is recommended to assess accessibility
235820227,way,surface,MISSING,Surface tag is recommended to assess accessibility
235820733,way,surface,MISSING,Surface tag is recommended to assess accessibility
235820894,way,surface,MISSING,Surface tag is recommended to assess accessibility
236668132,way,surface,MISSING,Surface tag is recommended to assess accessibility
236822516,way,surface,MISSING,Surface tag is recommended to assess accessibility
237729422,way,surface,MISSING,Surface tag is recommended to assess accessibility
238083099,way,surface,MISSING,Surface tag is recommended to assess accessibility
238083100,way,surface,MISSING,Surface tag is recommended to assess accessibility
238083103,way,surface,MISSING,Surface tag is recommended to assess accessibility
238083104,way,surface,MISSING,Surface tag is recommended to assess accessibility
238083105,way,surface,MISSING,Surface tag is recommended to assess accessibility
238083106,way,surface,MISSING,Surface tag is recommended to assess accessibility
238083107,way,surface,MISSING,Surface tag is recommended to assess accessibility
238083108,way,surface,MISSING,Surface tag is recommended to assess accessibility
239337250,way,surface,MISSING,Surface tag is recommended to assess accessibility
239417113,way,surface,MISSING,Surface tag is recommended to assess accessibility
239934582,way,surface,MISSING,Surface tag is recommended to assess accessibility
239970323,way,surface,MISSING,Surface tag is recommended to assess accessibility
239980633,way,surface,MISSING,Surface tag is recommended to assess accessibility
239980634,way,surface,MISSING,Surface tag is recommended to assess accessibility
239980637,way,surface,MISSING,Surface tag is recommended to assess accessibility
239980639,way,surface,MISSING,Surface tag is recommended to assess accessibility
239980640,way,surface,MISSING,Surface tag is recommended to assess accessibility
240290414,way,surface,MISSING,Surface tag is recommended to assess accessibility
240865839,way,surface,MISSING,Surface tag is recommended to assess accessibility
240865845,way,surface,MISSING,Surface tag is recommended to assess accessibility
240865847,way,surface,MISSING,Surface tag is recommended to assess accessibility
240865848,way,surface,MISSING,Surface tag is recommended to assess accessibility
240990527,way,surface,MISSING,Surface tag is recommended to assess accessibility
240990529,way,surface,MISSING,Surface tag is recommended to assess accessibility
240990530,way,surface,MISSING,Surface tag is recommended to assess accessibility
240990533,way,surface,MISSING,Surface tag is recommended to assess accessibility
240990536,way,surface,MISSING,Surface tag is recommended to assess accessibility
240990539,way,surface,MISSING,Surface tag is recommended to assess accessibility
240992237,way,surface,MISSING,Surface tag is recommended to assess accessibility
240992242,way,surface,MISSING,Surface tag is recommended to assess accessibility
240993058,way,surface,MISSING,Surface tag is recommended to assess accessibility
240993061,way,surface,MISSING,Surface tag is recommended to assess accessibility
241549047,way,surface,MISSING,Surface tag is recommended to assess accessibility
241550269,way,surface,MISSING,Surface tag is recommended to assess accessibility
241550274,way,surface,MISSING,Surface tag is recommended to assess accessibility
241550276,way,surface,MISSING,Surface tag is recommended to assess accessibility
241792951,way,surface,MISSING,Surface tag is recommended to assess accessibility
241792953,way,surface,MISSING,Surface tag is recommended to assess accessibility
241792954,way,surface,MISSING,Surface tag is recommended to assess accessibility
241792956,way,surface,MISSING,Surface tag is recommended to assess accessibility
241792957,way,surface,MISSING,Surface tag is recommended to assess accessibility
241792958,way,surface,MISSING,Surface tag is recommended to assess accessibility
241792960,way,surface,MISSING,Surface tag is recommended to assess accessibility
241792961,way,surface,MISSING,Surface tag is recommended to assess accessibility
241792964,way,surface,MISSING,Surface tag is recommended to assess accessibility
241792970,way,surface,MISSING,Surface tag is recommended to assess accessibility
241901988,way,surface,MISSING,Surface tag is recommended to assess accessibility
241901989,way,surface,MISSING,Surface tag is recommended to assess accessibility
242708140,way,surface,MISSING,Surface tag is recommended to assess accessibility
242708143,way,surface,MISSING,Surface tag is recommended to assess accessibility
242708152,way,surface,MISSING,Surface tag is recommended to assess accessibility
242708154,way,surface,MISSING,Surface tag is recommended to assess accessibility
242708160,way,surface,MISSING,Surface tag is recommended to assess accessibility
242708161,way,surface,MISSING,Surface tag is recommended to assess accessibility
242708162,way,surface,MISSING,Surface tag is recommended to assess accessibility
242708164,way,surface,MISSING,Surface tag is recommended to assess accessibility
242711185,way,surface,MISSING,Surface tag is recommended to assess accessibility
242711187,way,surface,MISSING,Surface tag is recommended to assess accessibility
242712534,way,surface,MISSING,Surface tag is recommended to assess accessibility
242712535,way,surface,MISSING,Surface tag is recommended to assess accessibility
242712538,way,surface,MISSING,Surface tag is recommended to assess accessibility
242712540,way,surface,MISSING,Surface tag is recommended to assess accessibility
242712542,way,surface,MISSING,Surface tag is recommended to assess accessibility
242712550,way,surface,MISSING,Surface tag is recommended to assess accessibility
242712553,way,surface,MISSING,Surface tag is recommended to assess accessibility
242712556,way,surface,MISSING,Surface tag is recommended to assess accessibility
242712562,way,surface,MISSING,Surface tag is recommended to assess accessibility
242712563,way,surface,MISSING,Surface tag is recommended to assess accessibility
242712566,way,surface,MISSING,Surface tag is recommended to assess accessibility
242712568,way,surface,MISSING,Surface tag is recommended to assess accessibility
244071215,way,surface,MISSING,Surface tag is recommended to assess accessibility
244071216,way,surface,MISSING,Surface tag is recommended to assess accessibility
244076912,way,surface,MISSING,Surface tag is recommended to assess accessibility
244101810,way,surface,MISSING,Surface tag is recommended to assess accessibility
244101811,way,surface,MISSING,Surface tag is recommended to assess accessibility
244130590,way,surface,MISSING,Surface tag is recommended to assess accessibility
244130601,way,surface,MISSING,Surface tag is recommended to assess accessibility
244130602,way,surface,MISSING,Surface tag is recommended to assess accessibility
244130606,way,surface,MISSING,Surface tag is recommended to assess accessibility
244130608,way,surface,MISSING,Surface tag is recommended to assess accessibility
244130610,way,surface,MISSING,Surface tag is recommended to assess accessibility
244135801,way,surface,MISSING,Surface tag is recommended to assess accessibility
244135802,way,surface,MISSING,Surface tag is recommended to assess accessibility
244135803,way,surface,MISSING,Surface tag is recommended to assess accessibility
244137721,way,surface,MISSING,Surface tag is recommended to assess accessibility
244143309,way,surface,MISSING,Surface tag is recommended to assess accessibility
244143535,way,surface,MISSING,Surface tag is recommended to assess accessibility
244418967,way,surface,MISSING,Surface tag is recommended to assess accessibility
244596035,way,surface,MISSING,Surface tag is recommended to assess accessibility
244597683,way,surface,MISSING,Surface tag is recommended to assess accessibility
244597686,way,surface,MISSING,Surface tag is recommended to assess accessibility
244600560,way,surface,MISSING,Surface tag is recommended to assess accessibility
244600561,way,surface,MISSING,Surface tag is recommended to assess accessibility
244600562,way,surface,MISSING,Surface tag is recommended to assess accessibility
244600563,way,surface,MISSING,Surface tag is recommended to assess accessibility
244600564,way,surface,MISSING,Surface tag is recommended to assess accessibility
245086170,way,surface,MISSING,Surface tag is recommended to assess accessibility
245857621,way,surface,MISSING,Surface tag is recommended to assess accessibility
245857627,way,surface,MISSING,Surface tag is recommended to assess accessibility
245857629,way,surface,MISSING,Surface tag is recommended to assess accessibility
245857630,way,surface,MISSING,Surface tag is recommended to assess accessibility
245858857,way,surface,MISSING,Surface tag is recommended to assess accessibility
245858858,way,surface,MISSING,Surface tag is recommended to assess accessibility
245858859,way,surface,MISSING,Surface tag is recommended to assess accessibility
245870794,way,surface,MISSING,Surface tag is recommended to assess accessibility
245870795,way,surface,MISSING,Surface tag is recommended to assess accessibility
245882149,way,surface,MISSING,Surface tag is recommended to assess accessibility
245882156,way,surface,MISSING,Surface tag is recommended to assess accessibility
246282054,way,surface,MISSING,Surface tag is recommended to assess accessibility
246282056,way,surface,MISSING,Surface tag is recommended to assess accessibility
246289394,way,surface,MISSING,Surface tag is recommended to assess accessibility
246289410,way,surface,MISSING,Surface tag is recommended to assess accessibility
246292008,way,surface,MISSING,Surface tag is recommended to assess accessibility
246292774,way,surface,MISSING,Surface tag is recommended to assess accessibility
246293008,way,surface,MISSING,Surface tag is recommended to assess accessibility
246299778,way,surface,MISSING,Surface tag is recommended to assess accessibility
246299964,way,surface,MISSING,Surface tag is recommended to assess accessibility
246299967,way,surface,MISSING,Surface tag is recommended to assess accessibility
246300195,way,surface,MISSING,Surface tag is recommended to assess accessibility
246301354,way,surface,MISSING,Surface tag is recommended to assess accessibility
246301355,way,surface,MISSING,Surface tag is recommended to assess accessibility
246301356,way,surface,MISSING,Surface tag is recommended to assess accessibility
246301357,way,surface,MISSING,Surface tag is recommended to assess accessibility
246301358,way,surface,MISSING,Surface tag is recommended to assess accessibility
246301360,way,surface,MISSING,Surface tag is recommended to assess accessibility
246301361,way,surface,MISSING,Surface tag is recommended to assess accessibility
246301363,way,surface,MISSING,Surface tag is recommended to assess accessibility
246302139,way,surface,MISSING,Surface tag is recommended to assess accessibility
246302140,way,surface,MISSING,Surface tag is recommended to assess accessibility
246302142,way,surface,MISSING,Surface tag is recommended to assess accessibility
246302143,way,surface,MISSING,Surface tag is recommended to assess accessibility
246302144,way,surface,MISSING,Surface tag is recommended to assess accessibility
246302145,way,surface,MISSING,Surface tag is recommended to assess accessibility
246302146,way,surface,MISSING,Surface tag is recommended to assess accessibility
246302204,way,surface,MISSING,Surface tag is recommended to assess accessibility
246302205,way,surface,MISSING,Surface tag is recommended to assess accessibility
246302206,way,surface,MISSING,Surface tag is recommended to assess accessibility
246313109,way,surface,MISSING,Surface tag is recommended to assess accessibility
246313112,way,surface,MISSING,Surface tag is recommended to assess accessibility
246313114,way,surface,MISSING,Surface tag is recommended to assess accessibility
246485584,way,surface,MISSING,Surface tag is recommended to assess accessibility
246485585,way,surface,MISSING,Surface tag is recommended to assess accessibility
246485586,way,surface,MISSING,Surface tag is recommended to assess accessibility
246485587,way,surface,MISSING,Surface tag is recommended to assess accessibility
246485588,way,surface,MISSING,Surface tag is recommended to assess accessibility
246485590,way,surface,MISSING,Surface tag is recommended to assess accessibility
246485591,way,surface,MISSING,Surface tag is recommended to assess accessibility
246485592,way,surface,MISSING,Surface tag is recommended to assess accessibility
246485594,way,surface,MISSING,Surface tag is recommended to assess accessibility
246485596,way,surface,MISSING,Surface tag is recommended to assess accessibility
246485598,way,surface,MISSING,Surface tag is recommended to assess accessibility
246485600,way,surface,MISSING,Surface tag is recommended to assess accessibility
246485602,way,surface,MISSING,Surface tag is recommended to assess accessibility
246485606,way,surface,MISSING,Surface tag is recommended to assess accessibility
246485609,way,surface,MISSING,Surface tag is recommended to assess accessibility
246485611,way,surface,MISSING,Surface tag is recommended to assess accessibility
246485616,way,surface,MISSING,Surface tag is recommended to assess accessibility
246485620,way,surface,MISSING,Surface tag is recommended to assess accessibility
246485622,way,surface,MISSING,Surface tag is recommended to assess accessibility
246488982,way,surface,MISSING,Surface tag is recommended to assess accessibility
246488983,way,surface,MISSING,Surface tag is recommended to assess accessibility
246488984,way,surface,MISSING,Surface tag is recommended to assess accessibility
246488986,way,surface,MISSING,Surface tag is recommended to assess accessibility
246498393,way,surface,MISSING,Surface tag is recommended to assess accessibility
246498395,way,surface,MISSING,Surface tag is recommended to assess accessibility
246498396,way,surface,MISSING,Surface tag is recommended to assess accessibility
246505621,way,surface,MISSING,Surface tag is recommended to assess accessibility
246505622,way,surface,MISSING,Surface tag is recommended to assess accessibility
246505623,way,surface,MISSING,Surface tag is recommended to assess accessibility
246505624,way,surface,MISSING,Surface tag is recommended to assess accessibility
246505625,way,surface,MISSING,Surface tag is recommended to assess accessibility
246505626,way,surface,MISSING,Surface tag is recommended to assess accessibility
247276606,way,surface,MISSING,Surface tag is recommended to assess accessibility
247276607,way,surface,MISSING,Surface tag is recommended to assess accessibility
247276608,way,surface,MISSING,Surface tag is recommended to assess accessibility
247276609,way,surface,MISSING,Surface tag is recommended to assess accessibility
247276610,way,surface,MISSING,Surface tag is recommended to assess accessibility
247276611,way,surface,MISSING,Surface tag is recommended to assess accessibility
247276612,way,surface,MISSING,Surface tag is recommended to assess accessibility
247276613,way,surface,MISSING,Surface tag is recommended to assess accessibility
247276814,way,surface,MISSING,Surface tag is recommended to assess accessibility
247276815,way,surface,MISSING,Surface tag is recommended to assess accessibility
247281093,way,surface,MISSING,Surface tag is recommended to assess accessibility
247281094,way,surface,MISSING,Surface tag is recommended to assess accessibility
247586235,way,surface,MISSING,Surface tag is recommended to assess accessibility
247586236,way,surface,MISSING,Surface tag is recommended to assess accessibility
247586237,way,surface,MISSING,Surface tag is recommended to assess accessibility
247586238,way,surface,MISSING,Surface tag is recommended to assess accessibility
247586239,way,surface,MISSING,Surface tag is recommended to assess accessibility
247586240,way,surface,MISSING,Surface tag is recommended to assess accessibility
247586241,way,surface,MISSING,Surface tag is recommended to assess accessibility
247586242,way,surface,MISSING,Surface tag is recommended to assess accessibility
247586243,way,surface,MISSING,Surface tag is recommended to assess accessibility
247586244,way,surface,MISSING,Surface tag is recommended to assess accessibility
247586245,way,surface,MISSING,Surface tag is recommended to assess accessibility
247586246,way,surface,MISSING,Surface tag is recommended to assess accessibility
247586247,way,surface,MISSING,Surface tag is recommended to assess accessibility
247586248,way,surface,MISSING,Surface tag is recommended to assess accessibility
247586249,way,surface,MISSING,Surface tag is recommended to assess accessibility
247586250,way,surface,MISSING,Surface tag is recommended to assess accessibility
247586251,way,surface,MISSING,Surface tag is recommended to assess accessibility
247586252,way,surface,MISSING,Surface tag is recommended to assess accessibility
247586253,way,surface,MISSING,Surface tag is recommended to assess accessibility
247586254,way,surface,MISSING,Surface tag is recommended to assess accessibility
247586255,way,surface,MISSING,Surface tag is recommended to assess accessibility
247586256,way,surface,MISSING,Surface tag is recommended to assess accessibility
247932912,way,surface,MISSING,Surface tag is recommended to assess accessibility
248472607,way,surface,MISSING,Surface tag is recommended to assess accessibility
248592096,way,surface,MISSING,Surface tag is recommended to assess accessibility
248592097,way,surface,MISSING,Surface tag is recommended to assess accessibility
248592098,way,surface,MISSING,Surface tag is recommended to assess accessibility
248592099,way,surface,MISSING,Surface tag is recommended to assess accessibility
248592101,way,surface,MISSING,Surface tag is recommended to assess accessibility
248592102,way,surface,MISSING,Surface tag is recommended to assess accessibility
248592103,way,surface,MISSING,Surface tag is recommended to assess accessibility
248592104,way,surface,MISSING,Surface tag is recommended to assess accessibility
248592105,way,surface,MISSING,Surface tag is recommended to assess accessibility
248592106,way,surface,MISSING,Surface tag is recommended to assess accessibility
248592107,way,surface,MISSING,Surface tag is recommended to assess accessibility
248977535,way,surface,MISSING,Surface tag is recommended to assess accessibility
248977536,way,surface,MISSING,Surface tag is recommended to assess accessibility
248977537,way,surface,MISSING,Surface tag is recommended to assess accessibility
248977538,way,surface,MISSING,Surface tag is recommended to assess accessibility
248977540,way,surface,MISSING,Surface tag is recommended to assess accessibility
248977542,way,surface,MISSING,Surface tag is recommended to assess accessibility
248977543,way,surface,MISSING,Surface tag is recommended to assess accessibility
248977544,way,surface,MISSING,Surface tag is recommended to assess accessibility
248977545,way,surface,MISSING,Surface tag is recommended to assess accessibility
248977546,way,surface,MISSING,Surface tag is recommended to assess accessibility
248981599,way,surface,MISSING,Surface tag is recommended to assess accessibility
249186115,way,surface,MISSING,Surface tag is recommended to assess accessibility
249186116,way,surface,MISSING,Surface tag is recommended to assess accessibility
249186117,way,surface,MISSING,Surface tag is recommended to assess accessibility
249186118,way,surface,MISSING,Surface tag is recommended to assess accessibility
249186119,way,surface,MISSING,Surface tag is recommended to assess accessibility
249186120,way,surface,MISSING,Surface tag is recommended to assess accessibility
249186121,way,surface,MISSING,Surface tag is recommended to assess accessibility
249186122,way,surface,MISSING,Surface tag is recommended to assess accessibility
249278518,way,surface,MISSING,Surface tag is recommended to assess accessibility
249278840,way,surface,MISSING,Surface tag is recommended to assess accessibility
249278931,way,surface,MISSING,Surface tag is recommended to assess accessibility
249278932,way,surface,MISSING,Surface tag is recommended to assess accessibility
249278933,way,surface,MISSING,Surface tag is recommended to assess accessibility
249278934,way,surface,MISSING,Surface tag is recommended to assess accessibility
249540517,way,surface,MISSING,Surface tag is recommended to assess accessibility
249540520,way,surface,MISSING,Surface tag is recommended to assess accessibility
249541836,way,surface,MISSING,Surface tag is recommended to assess accessibility
249637633,way,surface,MISSING,Surface tag is recommended to assess accessibility
249637635,way,surface,MISSING,Surface tag is recommended to assess accessibility
249909839,way,surface,MISSING,Surface tag is recommended to assess accessibility
250167689,way,surface,MISSING,Surface tag is recommended to assess accessibility
250167692,way,surface,MISSING,Surface tag is recommended to assess accessibility
250323845,way,surface,MISSING,Surface tag is recommended to assess accessibility
250323875,way,surface,MISSING,Surface tag is recommended to assess accessibility
250445555,way,surface,MISSING,Surface tag is recommended to assess accessibility
250445556,way,surface,MISSING,Surface tag is recommended to assess accessibility
250446994,way,surface,MISSING,Surface tag is recommended to assess accessibility
250446995,way,surface,MISSING,Surface tag is recommended to assess accessibility
250446996,way,surface,MISSING,Surface tag is recommended to assess accessibility
250446997,way,surface,MISSING,Surface tag is recommended to assess accessibility
250446998,way,surface,MISSING,Surface tag is recommended to assess accessibility
250447659,way,surface,MISSING,Surface tag is recommended to assess accessibility
250447663,way,surface,MISSING,Surface tag is recommended to assess accessibility
250457382,way,surface,MISSING,Surface tag is recommended to assess accessibility
250549189,way,surface,MISSING,Surface tag is recommended to assess accessibility
250549190,way,surface,MISSING,Surface tag is recommended to assess accessibility
251066038,way,surface,MISSING,Surface tag is recommended to assess accessibility
251066044,way,surface,MISSING,Surface tag is recommended to assess accessibility
251066050,way,surface,MISSING,Surface tag is recommended to assess accessibility
251066052,way,surface,MISSING,Surface tag is recommended to assess accessibility
251312469,way,surface,MISSING,Surface tag is recommended to assess accessibility
251312471,way,surface,MISSING,Surface tag is recommended to assess accessibility
251312648,way,surface,MISSING,Surface tag is recommended to assess accessibility
251653596,way,surface,MISSING,Surface tag is recommended to assess accessibility
251653597,way,surface,MISSING,Surface tag is recommended to assess accessibility
251653598,way,surface,MISSING,Surface tag is recommended to assess accessibility
251653599,way,surface,MISSING,Surface tag is recommended to assess accessibility
251653600,way,surface,MISSING,Surface tag is recommended to assess accessibility
251653601,way,surface,MISSING,Surface tag is recommended to assess accessibility
251653602,way,surface,MISSING,Surface tag is recommended to assess accessibility
251653603,way,surface,MISSING,Surface tag is recommended to assess accessibility
251653605,way,surface,MISSING,Surface tag is recommended to assess accessibility
251653607,way,surface,MISSING,Surface tag is recommended to assess accessibility
251653608,way,surface,MISSING,Surface tag is recommended to assess accessibility
252164151,way,surface,MISSING,Surface tag is recommended to assess accessibility
252164152,way,surface,MISSING,Surface tag is recommended to assess accessibility
252164171,way,surface,MISSING,Surface tag is recommended to assess accessibility
252164294,way,surface,MISSING,Surface tag is recommended to assess accessibility
253018914,way,surface,MISSING,Surface tag is recommended to assess accessibility
253477793,way,surface,MISSING,Surface tag is recommended to assess accessibility
254609537,way,surface,MISSING,Surface tag is recommended to assess accessibility
254802972,way,surface,MISSING,Surface tag is recommended to assess accessibility
254802978,way,surface,MISSING,Surface tag is recommended to assess accessibility
254809753,way,surface,MISSING,Surface tag is recommended to assess accessibility
254838952,way,surface,MISSING,Surface tag is recommended to assess accessibility
254838954,way,surface,MISSING,Surface tag is recommended to assess accessibility
255069874,way,surface,MISSING,Surface tag is recommended to assess accessibility
255070609,way,surface,MISSING,Surface tag is recommended to assess accessibility
255070611,way,surface,MISSING,Surface tag is recommended to assess accessibility
255070615,way,surface,MISSING,Surface tag is recommended to assess accessibility
255070616,way,surface,MISSING,Surface tag is recommended to assess accessibility
255070617,way,surface,MISSING,Surface tag is recommended to assess accessibility
255070702,way,surface,MISSING,Surface tag is recommended to assess accessibility
255070835,way,surface,MISSING,Surface tag is recommended to assess accessibility
255070837,way,surface,MISSING,Surface tag is recommended to assess accessibility
255073522,way,surface,MISSING,Surface tag is recommended to assess accessibility
255073523,way,surface,MISSING,Surface tag is recommended to assess accessibility
255073524,way,surface,MISSING,Surface tag is recommended to assess accessibility
255073525,way,surface,MISSING,Surface tag is recommended to assess accessibility
255241199,way,surface,MISSING,Surface tag is recommended to assess accessibility
255241200,way,surface,MISSING,Surface tag is recommended to assess accessibility
255242263,way,surface,MISSING,Surface tag is recommended to assess accessibility
255242266,way,surface,MISSING,Surface tag is recommended to assess accessibility
255516577,way,surface,MISSING,Surface tag is recommended to assess accessibility
255516578,way,surface,MISSING,Surface tag is recommended to assess accessibility
255516580,way,surface,MISSING,Surface tag is recommended to assess accessibility
255516581,way,surface,MISSING,Surface tag is recommended to assess accessibility
255533581,way,surface,MISSING,Surface tag is recommended to assess accessibility
255533582,way,surface,MISSING,Surface tag is recommended to assess accessibility
255533905,way,surface,MISSING,Surface tag is recommended to assess accessibility
255543548,way,surface,MISSING,Surface tag is recommended to assess accessibility
255543549,way,surface,MISSING,Surface tag is recommended to assess accessibility
255543990,way,surface,MISSING,Surface tag is recommended to assess accessibility
255695238,way,surface,MISSING,Surface tag is recommended to assess accessibility
255695239,way,surface,MISSING,Surface tag is recommended to assess accessibility
255695240,way,surface,MISSING,Surface tag is recommended to assess accessibility
255695241,way,surface,MISSING,Surface tag is recommended to assess accessibility
255695242,way,surface,MISSING,Surface tag is recommended to assess accessibility
255696950,way,surface,MISSING,Surface tag is recommended to assess accessibility
255696951,way,surface,MISSING,Surface tag is recommended to assess accessibility
255696955,way,surface,MISSING,Surface tag is recommended to assess accessibility
255696960,way,surface,MISSING,Surface tag is recommended to assess accessibility
255696961,way,surface,MISSING,Surface tag is recommended to assess accessibility
255696968,way,surface,MISSING,Surface tag is recommended to assess accessibility
255696971,way,surface,MISSING,Surface tag is recommended to assess accessibility
255696972,way,surface,MISSING,Surface tag is recommended to assess accessibility
255789576,way,surface,MISSING,Surface tag is recommended to assess accessibility
255789577,way,surface,MISSING,Surface tag is recommended to assess accessibility
255789578,way,surface,MISSING,Surface tag is recommended to assess accessibility
255789579,way,surface,MISSING,Surface tag is recommended to assess accessibility
255789580,way,surface,MISSING,Surface tag is recommended to assess accessibility
255789581,way,surface,MISSING,Surface tag is recommended to assess accessibility
255789582,way,surface,MISSING,Surface tag is recommended to assess accessibility
255789695,way,surface,MISSING,Surface tag is recommended to assess accessibility
255789696,way,surface,MISSING,Surface tag is recommended to assess accessibility
255789697,way,surface,MISSING,Surface tag is recommended to assess accessibility
255803838,way,surface,MISSING,Surface tag is recommended to assess accessibility
255803840,way,surface,MISSING,Surface tag is recommended to assess accessibility
255803841,way,surface,MISSING,Surface tag is recommended to assess accessibility
255803842,way,surface,MISSING,Surface tag is recommended to assess accessibility
255803843,way,surface,MISSING,Surface tag is recommended to assess accessibility
255803844,way,surface,MISSING,Surface tag is recommended to assess accessibility
256056074,way,surface,MISSING,Surface tag is recommended to assess accessibility
256056075,way,surface,MISSING,Surface tag is recommended to assess accessibility
256056080,way,surface,MISSING,Surface tag is recommended to assess accessibility
256056082,way,surface,MISSING,Surface tag is recommended to assess accessibility
256708343,way,surface,MISSING,Surface tag is recommended to assess accessibility
256916603,way,surface,MISSING,Surface tag is recommended to assess accessibility
256916605,way,surface,MISSING,Surface tag is recommended to assess accessibility
256957834,way,surface,MISSING,Surface tag is recommended to assess accessibility
256958382,way,surface,MISSING,Surface tag is recommended to assess accessibility
256998632,way,surface,MISSING,Surface tag is recommended to assess accessibility
256998636,way,surface,MISSING,Surface tag is recommended to assess accessibility
256998639,way,surface,MISSING,Surface tag is recommended to assess accessibility
257903777,way,surface,MISSING,Surface tag is recommended to assess accessibility
257903778,way,surface,MISSING,Surface tag is recommended to assess accessibility
258070672,way,surface,MISSING,Surface tag is recommended to assess accessibility
258074291,way,surface,MISSING,Surface tag is recommended to assess accessibility
258076963,way,surface,MISSING,Surface tag is recommended to assess accessibility
258076965,way,surface,MISSING,Surface tag is recommended to assess accessibility
258079464,way,surface,MISSING,Surface tag is recommended to assess accessibility
258079465,way,surface,MISSING,Surface tag is recommended to assess accessibility
258079847,way,surface,MISSING,Surface tag is recommended to assess accessibility
258079848,way,surface,MISSING,Surface tag is recommended to assess accessibility
258079849,way,surface,MISSING,Surface tag is recommended to assess accessibility
258079850,way,surface,MISSING,Surface tag is recommended to assess accessibility
258079851,way,surface,MISSING,Surface tag is recommended to assess accessibility
258080492,way,surface,MISSING,Surface tag is recommended to assess accessibility
258081086,way,surface,MISSING,Surface tag is recommended to assess accessibility
258081371,way,surface,MISSING,Surface tag is recommended to assess accessibility
258081373,way,surface,MISSING,Surface tag is recommended to assess accessibility
258085879,way,surface,MISSING,Surface tag is recommended to assess accessibility
258086303,way,surface,MISSING,Surface tag is recommended to assess accessibility
258086847,way,surface,MISSING,Surface tag is recommended to assess accessibility
258086848,way,surface,MISSING,Surface tag is recommended to assess accessibility
258086849,way,surface,MISSING,Surface tag is recommended to assess accessibility
258088643,way,surface,MISSING,Surface tag is recommended to assess accessibility
258088967,way,surface,MISSING,Surface tag is recommended to assess accessibility
258090387,way,surface,MISSING,Surface tag is recommended to assess accessibility
258090388,way,surface,MISSING,Surface tag is recommended to assess accessibility
258090391,way,surface,MISSING,Surface tag is recommended to assess accessibility
258090392,way,surface,MISSING,Surface tag is recommended to assess accessibility
258090393,way,surface,MISSING,Surface tag is recommended to assess accessibility
258090394,way,surface,MISSING,Surface tag is recommended to assess accessibility
258090395,way,surface,MISSING,Surface tag is recommended to assess accessibility
258090396,way,surface,MISSING,Surface tag is recommended to assess accessibility
258090397,way,surface,MISSING,Surface tag is recommended to assess accessibility
258090445,way,surface,MISSING,Surface tag is recommended to assess accessibility
258096662,way,surface,MISSING,Surface tag is recommended to assess accessibility
258099527,way,surface,MISSING,Surface tag is recommended to assess accessibility
258099603,way,surface,MISSING,Surface tag is recommended to assess accessibility
258103520,way,surface,MISSING,Surface tag is recommended to assess accessibility
258104250,way,surface,MISSING,Surface tag is recommended to assess accessibility
258109037,way,surface,MISSING,Surface tag is recommended to assess accessibility
258109038,way,surface,MISSING,Surface tag is recommended to assess accessibility
258109090,way,surface,MISSING,Surface tag is recommended to assess accessibility
258109729,way,surface,MISSING,Surface tag is recommended to assess accessibility
258109730,way,surface,MISSING,Surface tag is recommended to assess accessibility
258109731,way,surface,MISSING,Surface tag is recommended to assess accessibility
258247784,way,surface,MISSING,Surface tag is recommended to assess accessibility
258247787,way,surface,MISSING,Surface tag is recommended to assess accessibility
258488739,way,surface,MISSING,Surface tag is recommended to assess accessibility
258776508,way,surface,MISSING,Surface tag is recommended to assess accessibility
258776511,way,surface,MISSING,Surface tag is recommended to assess accessibility
259166529,way,surface,MISSING,Surface tag is recommended to assess accessibility
259191197,way,surface,MISSING,Surface tag is recommended to assess accessibility
259322825,way,surface,MISSING,Surface tag is recommended to assess accessibility
259324527,way,surface,MISSING,Surface tag is recommended to assess accessibility
259724107,way,surface,MISSING,Surface tag is recommended to assess accessibility
259724109,way,surface,MISSING,Surface tag is recommended to assess accessibility
259724110,way,surface,MISSING,Surface tag is recommended to assess accessibility
259725065,way,surface,MISSING,Surface tag is recommended to assess accessibility
259728353,way,surface,MISSING,Surface tag is recommended to assess accessibility
259729020,way,surface,MISSING,Surface tag is recommended to assess accessibility
259729021,way,surface,MISSING,Surface tag is recommended to assess accessibility
259729023,way,surface,MISSING,Surface tag is recommended to assess accessibility
259729024,way,surface,MISSING,Surface tag is recommended to assess accessibility
259729151,way,surface,MISSING,Surface tag is recommended to assess accessibility
259730611,way,surface,MISSING,Surface tag is recommended to assess accessibility
259731494,way,surface,MISSING,Surface tag is recommended to assess accessibility
259885620,way,surface,MISSING,Surface tag is recommended to assess accessibility
259888810,way,surface,MISSING,Surface tag is recommended to assess accessibility
259888814,way,surface,MISSING,Surface tag is recommended to assess accessibility
259888817,way,surface,MISSING,Surface tag is recommended to assess accessibility
259890275,way,surface,MISSING,Surface tag is recommended to assess accessibility
259890327,way,surface,MISSING,Surface tag is recommended to assess accessibility
259890476,way,surface,MISSING,Surface tag is recommended to assess accessibility
259890478,way,surface,MISSING,Surface tag is recommended to assess accessibility
259890516,way,surface,MISSING,Surface tag is recommended to assess accessibility
259891105,way,surface,MISSING,Surface tag is recommended to assess accessibility
259925767,way,surface,MISSING,Surface tag is recommended to assess accessibility
260076707,way,surface,MISSING,Surface tag is recommended to assess accessibility
260077410,way,surface,MISSING,Surface tag is recommended to assess accessibility
260077411,way,surface,MISSING,Surface tag is recommended to assess accessibility
260129997,way,surface,MISSING,Surface tag is recommended to assess accessibility
260132475,way,surface,MISSING,Surface tag is recommended to assess accessibility
260132476,way,surface,MISSING,Surface tag is recommended to assess accessibility
260132477,way,surface,MISSING,Surface tag is recommended to assess accessibility
260453854,way,surface,MISSING,Surface tag is recommended to assess accessibility
260455709,way,surface,MISSING,Surface tag is recommended to assess accessibility
260455712,way,surface,MISSING,Surface tag is recommended to assess accessibility
260458523,way,surface,MISSING,Surface tag is recommended to assess accessibility
260459014,way,surface,MISSING,Surface tag is recommended to assess accessibility
260459369,way,surface,MISSING,Surface tag is recommended to assess accessibility
260459640,way,surface,MISSING,Surface tag is recommended to assess accessibility
260462946,way,surface,MISSING,Surface tag is recommended to assess accessibility
260463555,way,surface,MISSING,Surface tag is recommended to assess accessibility
260464176,way,surface,MISSING,Surface tag is recommended to assess accessibility
260464227,way,surface,MISSING,Surface tag is recommended to assess accessibility
260467106,way,surface,MISSING,Surface tag is recommended to assess accessibility
260482651,way,surface,MISSING,Surface tag is recommended to assess accessibility
260482657,way,surface,MISSING,Surface tag is recommended to assess accessibility
260483051,way,surface,MISSING,Surface tag is recommended to assess accessibility
260484227,way,surface,MISSING,Surface tag is recommended to assess accessibility
260484932,way,surface,MISSING,Surface tag is recommended to assess accessibility
260489382,way,surface,MISSING,Surface tag is recommended to assess accessibility
260489389,way,surface,MISSING,Surface tag is recommended to assess accessibility
260489392,way,surface,MISSING,Surface tag is recommended to assess accessibility
260489438,way,surface,MISSING,Surface tag is recommended to assess accessibility
260489439,way,surface,MISSING,Surface tag is recommended to assess accessibility
260495689,way,surface,MISSING,Surface tag is recommended to assess accessibility
260496060,way,surface,MISSING,Surface tag is recommended to assess accessibility
260496061,way,surface,MISSING,Surface tag is recommended to assess accessibility
260574514,way,surface,MISSING,Surface tag is recommended to assess accessibility
260574515,way,surface,MISSING,Surface tag is recommended to assess accessibility
260851742,way,surface,MISSING,Surface tag is recommended to assess accessibility
260851744,way,surface,MISSING,Surface tag is recommended to assess accessibility
260851836,way,surface,MISSING,Surface tag is recommended to assess accessibility
260957942,way,surface,MISSING,Surface tag is recommended to assess accessibility
260957944,way,surface,MISSING,Surface tag is recommended to assess accessibility
260963227,way,surface,MISSING,Surface tag is recommended to assess accessibility
260963228,way,surface,MISSING,Surface tag is recommended to assess accessibility
260965964,way,surface,MISSING,Surface tag is recommended to assess accessibility
261245129,way,surface,MISSING,Surface tag is recommended to assess accessibility
261245131,way,surface,MISSING,Surface tag is recommended to assess accessibility
262095827,way,surface,MISSING,Surface tag is recommended to assess accessibility
262095828,way,surface,MISSING,Surface tag is recommended to assess accessibility
262208866,way,surface,MISSING,Surface tag is recommended to assess accessibility
262209184,way,surface,MISSING,Surface tag is recommended to assess accessibility
262211886,way,surface,MISSING,Surface tag is recommended to assess accessibility
263203908,way,surface,MISSING,Surface tag is recommended to assess accessibility
263203909,way,surface,MISSING,Surface tag is recommended to assess accessibility
263203910,way,surface,MISSING,Surface tag is recommended to assess accessibility
263683607,way,surface,MISSING,Surface tag is recommended to assess accessibility
263683608,way,surface,MISSING,Surface tag is recommended to assess accessibility
263683610,way,surface,MISSING,Surface tag is recommended to assess accessibility
263808709,way,surface,MISSING,Surface tag is recommended to assess accessibility
263840929,way,surface,MISSING,Surface tag is recommended to assess accessibility
263922843,way,surface,MISSING,Surface tag is recommended to assess accessibility
263922846,way,surface,MISSING,Surface tag is recommended to assess accessibility
263922847,way,surface,MISSING,Surface tag is recommended to assess accessibility
264338725,way,surface,MISSING,Surface tag is recommended to assess accessibility
264476610,way,surface,MISSING,Surface tag is recommended to assess accessibility
264672511,way,surface,MISSING,Surface tag is recommended to assess accessibility
264842785,way,surface,MISSING,Surface tag is recommended to assess accessibility
264901274,way,surface,MISSING,Surface tag is recommended to assess accessibility
264928227,way,surface,MISSING,Surface tag is recommended to assess accessibility
264928228,way,surface,MISSING,Surface tag is recommended to assess accessibility
265061923,way,surface,MISSING,Surface tag is recommended to assess accessibility
265061924,way,surface,MISSING,Surface tag is recommended to assess accessibility
265061926,way,surface,MISSING,Surface tag is recommended to assess accessibility
265085176,way,surface,MISSING,Surface tag is recommended to assess accessibility
265218332,way,surface,MISSING,Surface tag is recommended to assess accessibility
265218586,way,surface,MISSING,Surface tag is recommended to assess accessibility
265218588,way,surface,MISSING,Surface tag is recommended to assess accessibility
265218589,way,surface,MISSING,Surface tag is recommended to assess accessibility
265277252,way,surface,MISSING,Surface tag is recommended to assess accessibility
265504883,way,surface,MISSING,Surface tag is recommended to assess accessibility
265512946,way,surface,MISSING,Surface tag is recommended to assess accessibility
265517763,way,surface,MISSING,Surface tag is recommended to assess accessibility
265521721,way,surface,MISSING,Surface tag is recommended to assess accessibility
265820353,way,surface,MISSING,Surface tag is recommended to assess accessibility
265847645,way,surface,MISSING,Surface tag is recommended to assess accessibility
265922100,way,surface,MISSING,Surface tag is recommended to assess accessibility
265922101,way,surface,MISSING,Surface tag is recommended to assess accessibility
265922102,way,surface,MISSING,Surface tag is recommended to assess accessibility
265922103,way,surface,MISSING,Surface tag is recommended to assess accessibility
266031963,way,surface,MISSING,Surface tag is recommended to assess accessibility
266285654,way,surface,MISSING,Surface tag is recommended to assess accessibility
266285656,way,surface,MISSING,Surface tag is recommended to assess accessibility
266285658,way,surface,MISSING,Surface tag is recommended to assess accessibility
266330648,way,surface,MISSING,Surface tag is recommended to assess accessibility
266330668,way,surface,MISSING,Surface tag is recommended to assess accessibility
266409353,way,surface,MISSING,Surface tag is recommended to assess accessibility
266453691,way,surface,MISSING,Surface tag is recommended to assess accessibility
266453692,way,surface,MISSING,Surface tag is recommended to assess accessibility
266454404,way,surface,MISSING,Surface tag is recommended to assess accessibility
266466744,way,surface,MISSING,Surface tag is recommended to assess accessibility
266481598,way,surface,MISSING,Surface tag is recommended to assess accessibility
266481599,way,surface,MISSING,Surface tag is recommended to assess accessibility
266587464,way,surface,MISSING,Surface tag is recommended to assess accessibility
266587465,way,surface,MISSING,Surface tag is recommended to assess accessibility
266635187,way,surface,MISSING,Surface tag is recommended to assess accessibility
266635273,way,surface,MISSING,Surface tag is recommended to assess accessibility
266911012,way,surface,MISSING,Surface tag is recommended to assess accessibility
267261126,way,surface,MISSING,Surface tag is recommended to assess accessibility
267328976,way,surface,MISSING,Surface tag is recommended to assess accessibility
267688373,way,surface,MISSING,Surface tag is recommended to assess accessibility
268437716,way,surface,MISSING,Surface tag is recommended to assess accessibility
268437717,way,surface,MISSING,Surface tag is recommended to assess accessibility
268437824,way,surface,MISSING,Surface tag is recommended to assess accessibility
268443552,way,surface,MISSING,Surface tag is recommended to assess accessibility
268463166,way,surface,MISSING,Surface tag is recommended to assess accessibility
268463168,way,surface,MISSING,Surface tag is recommended to assess accessibility
268463170,way,surface,MISSING,Surface tag is recommended to assess accessibility
268470974,way,surface,MISSING,Surface tag is recommended to assess accessibility
268470975,way,surface,MISSING,Surface tag is recommended to assess accessibility
268470977,way,surface,MISSING,Surface tag is recommended to assess accessibility
268471818,way,surface,MISSING,Surface tag is recommended to assess accessibility
268472949,way,surface,MISSING,Surface tag is recommended to assess accessibility
268472951,way,surface,MISSING,Surface tag is recommended to assess accessibility
268561260,way,surface,MISSING,Surface tag is recommended to assess accessibility
268643365,way,surface,MISSING,Surface tag is recommended to assess accessibility
268907894,way,surface,MISSING,Surface tag is recommended to assess accessibility
268907895,way,surface,MISSING,Surface tag is recommended to assess accessibility
268907899,way,surface,MISSING,Surface tag is recommended to assess accessibility
268977696,way,surface,MISSING,Surface tag is recommended to assess accessibility
269093197,way,surface,MISSING,Surface tag is recommended to assess accessibility
269093200,way,surface,MISSING,Surface tag is recommended to assess accessibility
269172389,way,surface,MISSING,Surface tag is recommended to assess accessibility
269172391,way,surface,MISSING,Surface tag is recommended to assess accessibility
269236859,way,surface,MISSING,Surface tag is recommended to assess accessibility
269441899,way,surface,MISSING,Surface tag is recommended to assess accessibility
269524004,way,surface,MISSING,Surface tag is recommended to assess accessibility
269603775,way,surface,MISSING,Surface tag is recommended to assess accessibility
269696204,way,surface,MISSING,Surface tag is recommended to assess accessibility
269737750,way,surface,MISSING,Surface tag is recommended to assess accessibility
269823328,way,surface,MISSING,Surface tag is recommended to assess accessibility
269859606,way,surface,MISSING,Surface tag is recommended to assess accessibility
269859650,way,surface,MISSING,Surface tag is recommended to assess accessibility
269859696,way,surface,MISSING,Surface tag is recommended to assess accessibility
269859715,way,surface,MISSING,Surface tag is recommended to assess accessibility
269859722,way,surface,MISSING,Surface tag is recommended to assess accessibility
270066654,way,surface,MISSING,Surface tag is recommended to assess accessibility
270066655,way,surface,MISSING,Surface tag is recommended to assess accessibility
270066656,way,surface,MISSING,Surface tag is recommended to assess accessibility
270066657,way,surface,MISSING,Surface tag is recommended to assess accessibility
270214375,way,surface,MISSING,Surface tag is recommended to assess accessibility
270365723,way,surface,MISSING,Surface tag is recommended to assess accessibility
270368363,way,surface,MISSING,Surface tag is recommended to assess accessibility
270390239,way,surface,MISSING,Surface tag is recommended to assess accessibility
270410541,way,surface,MISSING,Surface tag is recommended to assess accessibility
270556577,way,surface,MISSING,Surface tag is recommended to assess accessibility
270581819,way,surface,MISSING,Surface tag is recommended to assess accessibility
271417083,way,surface,MISSING,Surface tag is recommended to assess accessibility
271417163,way,surface,MISSING,Surface tag is recommended to assess accessibility
271472695,way,surface,MISSING,Surface tag is recommended to assess accessibility
271984053,way,surface,MISSING,Surface tag is recommended to assess accessibility
271984054,way,surface,MISSING,Surface tag is recommended to assess accessibility
271984056,way,surface,MISSING,Surface tag is recommended to assess accessibility
271984081,way,surface,MISSING,Surface tag is recommended to assess accessibility
271984082,way,surface,MISSING,Surface tag is recommended to assess accessibility
271984085,way,surface,MISSING,Surface tag is recommended to assess accessibility
271984086,way,surface,MISSING,Surface tag is recommended to assess accessibility
271985469,way,surface,MISSING,Surface tag is recommended to assess accessibility
272123507,way,surface,MISSING,Surface tag is recommended to assess accessibility
272126324,way,surface,MISSING,Surface tag is recommended to assess accessibility
272134273,way,surface,MISSING,Surface tag is recommended to assess accessibility
272348636,way,surface,MISSING,Surface tag is recommended to assess accessibility
272372776,way,surface,MISSING,Surface tag is recommended to assess accessibility
273253563,way,surface,MISSING,Surface tag is recommended to assess accessibility
273287567,way,surface,MISSING,Surface tag is recommended to assess accessibility
273287568,way,surface,MISSING,Surface tag is recommended to assess accessibility
273449633,way,surface,MISSING,Surface tag is recommended to assess accessibility
273498831,way,surface,MISSING,Surface tag is recommended to assess accessibility
273756652,way,surface,MISSING,Surface tag is recommended to assess accessibility
273759833,way,surface,MISSING,Surface tag is recommended to assess accessibility
273801363,way,surface,MISSING,Surface tag is recommended to assess accessibility
273802790,way,surface,MISSING,Surface tag is recommended to assess accessibility
273814504,way,surface,MISSING,Surface tag is recommended to assess accessibility
273814512,way,surface,MISSING,Surface tag is recommended to assess accessibility
273830248,way,surface,MISSING,Surface tag is recommended to assess accessibility
273918542,way,surface,MISSING,Surface tag is recommended to assess accessibility
273918545,way,surface,MISSING,Surface tag is recommended to assess accessibility
273918546,way,surface,MISSING,Surface tag is recommended to assess accessibility
273918548,way,surface,MISSING,Surface tag is recommended to assess accessibility
273935506,way,surface,MISSING,Surface tag is recommended to assess accessibility
273935510,way,surface,MISSING,Surface tag is recommended to assess accessibility
274128554,way,surface,MISSING,Surface tag is recommended to assess accessibility
274554398,way,surface,MISSING,Surface tag is recommended to assess accessibility
274554399,way,surface,MISSING,Surface tag is recommended to assess accessibility
274554400,way,surface,MISSING,Surface tag is recommended to assess accessibility
274574132,way,surface,MISSING,Surface tag is recommended to assess accessibility
274578085,way,surface,MISSING,Surface tag is recommended to assess accessibility
274762142,way,surface,MISSING,Surface tag is recommended to assess accessibility
274794604,way,surface,MISSING,Surface tag is recommended to assess accessibility
274803760,way,surface,MISSING,Surface tag is recommended to assess accessibility
274911390,way,surface,MISSING,Surface tag is recommended to assess accessibility
275004229,way,surface,MISSING,Surface tag is recommended to assess accessibility
275004231,way,surface,MISSING,Surface tag is recommended to assess accessibility
275262169,way,surface,MISSING,Surface tag is recommended to assess accessibility
275757745,way,surface,MISSING,Surface tag is recommended to assess accessibility
275757746,way,surface,MISSING,Surface tag is recommended to assess accessibility
275757747,way,surface,MISSING,Surface tag is recommended to assess accessibility
275757749,way,surface,MISSING,Surface tag is recommended to assess accessibility
275757755,way,surface,MISSING,Surface tag is recommended to assess accessibility
275996423,way,surface,MISSING,Surface tag is recommended to assess accessibility
275996424,way,surface,MISSING,Surface tag is recommended to assess accessibility
275996428,way,surface,MISSING,Surface tag is recommended to assess accessibility
275996430,way,surface,MISSING,Surface tag is recommended to assess accessibility
275996435,way,surface,MISSING,Surface tag is recommended to assess accessibility
275996437,way,surface,MISSING,Surface tag is recommended to assess accessibility
276058501,way,surface,MISSING,Surface tag is recommended to assess accessibility
276062443,way,surface,MISSING,Surface tag is recommended to assess accessibility
276066668,way,surface,MISSING,Surface tag is recommended to assess accessibility
276066677,way,surface,MISSING,Surface tag is recommended to assess accessibility
276069359,way,surface,MISSING,Surface tag is recommended to assess accessibility
276076428,way,surface,MISSING,Surface tag is recommended to assess accessibility
277615576,way,surface,MISSING,Surface tag is recommended to assess accessibility
278056869,way,surface,MISSING,Surface tag is recommended to assess accessibility
278555141,way,surface,MISSING,Surface tag is recommended to assess accessibility
278563260,way,surface,MISSING,Surface tag is recommended to assess accessibility
278563261,way,surface,MISSING,Surface tag is recommended to assess accessibility
278632804,way,surface,MISSING,Surface tag is recommended to assess accessibility
278632807,way,surface,MISSING,Surface tag is recommended to assess accessibility
278632812,way,surface,MISSING,Surface tag is recommended to assess accessibility
278632815,way,surface,MISSING,Surface tag is recommended to assess accessibility
278690582,way,surface,MISSING,Surface tag is recommended to assess accessibility
278719413,way,surface,MISSING,Surface tag is recommended to assess accessibility
279116758,way,surface,MISSING,Surface tag is recommended to assess accessibility
279253196,way,surface,MISSING,Surface tag is recommended to assess accessibility
280534386,way,surface,MISSING,Surface tag is recommended to assess accessibility
280534390,way,surface,MISSING,Surface tag is recommended to assess accessibility
281955481,way,surface,MISSING,Surface tag is recommended to assess accessibility
283107408,way,surface,MISSING,Surface tag is recommended to assess accessibility
283146603,way,surface,MISSING,Surface tag is recommended to assess accessibility
283153994,way,surface,MISSING,Surface tag is recommended to assess accessibility
283154464,way,surface,MISSING,Surface tag is recommended to assess accessibility
283165500,way,surface,MISSING,Surface tag is recommended to assess accessibility
283456127,way,surface,MISSING,Surface tag is recommended to assess accessibility
283777937,way,surface,MISSING,Surface tag is recommended to assess accessibility
283797662,way,surface,MISSING,Surface tag is recommended to assess accessibility
283808962,way,surface,MISSING,Surface tag is recommended to assess accessibility
283812924,way,surface,MISSING,Surface tag is recommended to assess accessibility
284081633,way,surface,MISSING,Surface tag is recommended to assess accessibility
284081636,way,surface,MISSING,Surface tag is recommended to assess accessibility
284081638,way,surface,MISSING,Surface tag is recommended to assess accessibility
284082576,way,surface,MISSING,Surface tag is recommended to assess accessibility
284168640,way,surface,MISSING,Surface tag is recommended to assess accessibility
284168642,way,surface,MISSING,Surface tag is recommended to assess accessibility
284168645,way,surface,MISSING,Surface tag is recommended to assess accessibility
284186096,way,surface,MISSING,Surface tag is recommended to assess accessibility
284269941,way,surface,MISSING,Surface tag is recommended to assess accessibility
284577205,way,surface,MISSING,Surface tag is recommended to assess accessibility
284624110,way,surface,MISSING,Surface tag is recommended to assess accessibility
285000022,way,surface,MISSING,Surface tag is recommended to assess accessibility
285008522,way,surface,MISSING,Surface tag is recommended to assess accessibility
285008524,way,surface,MISSING,Surface tag is recommended to assess accessibility
285008525,way,surface,MISSING,Surface tag is recommended to assess accessibility
285008526,way,surface,MISSING,Surface tag is recommended to assess accessibility
285008527,way,surface,MISSING,Surface tag is recommended to assess accessibility
285008969,way,surface,MISSING,Surface tag is recommended to assess accessibility
285044654,way,surface,MISSING,Surface tag is recommended to assess accessibility
285046284,way,surface,MISSING,Surface tag is recommended to assess accessibility
285046286,way,surface,MISSING,Surface tag is recommended to assess accessibility
285046288,way,surface,MISSING,Surface tag is recommended to assess accessibility
285046289,way,surface,MISSING,Surface tag is recommended to assess accessibility
285046706,way,surface,MISSING,Surface tag is recommended to assess accessibility
285046708,way,surface,MISSING,Surface tag is recommended to assess accessibility
285051404,way,surface,MISSING,Surface tag is recommended to assess accessibility
285051405,way,surface,MISSING,Surface tag is recommended to assess accessibility
285052301,way,surface,MISSING,Surface tag is recommended to assess accessibility
285052302,way,surface,MISSING,Surface tag is recommended to assess accessibility
285177462,way,surface,MISSING,Surface tag is recommended to assess accessibility
285177686,way,surface,MISSING,Surface tag is recommended to assess accessibility
285177688,way,surface,MISSING,Surface tag is recommended to assess accessibility
285177691,way,surface,MISSING,Surface tag is recommended to assess accessibility
285379180,way,surface,MISSING,Surface tag is recommended to assess accessibility
285379184,way,surface,MISSING,Surface tag is recommended to assess accessibility
285877299,way,surface,MISSING,Surface tag is recommended to assess accessibility
285877301,way,surface,MISSING,Surface tag is recommended to assess accessibility
285877302,way,surface,MISSING,Surface tag is recommended to assess accessibility
286042730,way,surface,MISSING,Surface tag is recommended to assess accessibility
286042734,way,surface,MISSING,Surface tag is recommended to assess accessibility
286062422,way,surface,MISSING,Surface tag is recommended to assess accessibility
286585733,way,surface,MISSING,Surface tag is recommended to assess accessibility
286590559,way,surface,MISSING,Surface tag is recommended to assess accessibility
286606807,way,surface,MISSING,Surface tag is recommended to assess accessibility
286606812,way,surface,MISSING,Surface tag is recommended to assess accessibility
286790458,way,surface,MISSING,Surface tag is recommended to assess accessibility
286802738,way,surface,MISSING,Surface tag is recommended to assess accessibility
286808309,way,surface,MISSING,Surface tag is recommended to assess accessibility
287236701,way,surface,MISSING,Surface tag is recommended to assess accessibility
287236703,way,surface,MISSING,Surface tag is recommended to assess accessibility
287236851,way,surface,MISSING,Surface tag is recommended to assess accessibility
287236853,way,surface,MISSING,Surface tag is recommended to assess accessibility
287238468,way,surface,MISSING,Surface tag is recommended to assess accessibility
287238953,way,surface,MISSING,Surface tag is recommended to assess accessibility
287240955,way,surface,MISSING,Surface tag is recommended to assess accessibility
287241307,way,surface,MISSING,Surface tag is recommended to assess accessibility
287241308,way,surface,MISSING,Surface tag is recommended to assess accessibility
287241309,way,surface,MISSING,Surface tag is recommended to assess accessibility
287241310,way,surface,MISSING,Surface tag is recommended to assess accessibility
287241311,way,surface,MISSING,Surface tag is recommended to assess accessibility
287241495,way,surface,MISSING,Surface tag is recommended to assess accessibility
287270564,way,surface,MISSING,Surface tag is recommended to assess accessibility
287273136,way,surface,MISSING,Surface tag is recommended to assess accessibility
287274061,way,surface,MISSING,Surface tag is recommended to assess accessibility
287274066,way,surface,MISSING,Surface tag is recommended to assess accessibility
287274068,way,surface,MISSING,Surface tag is recommended to assess accessibility
287274928,way,surface,MISSING,Surface tag is recommended to assess accessibility
287274929,way,surface,MISSING,Surface tag is recommended to assess accessibility
287274930,way,surface,MISSING,Surface tag is recommended to assess accessibility
287274933,way,surface,MISSING,Surface tag is recommended to assess accessibility
287274934,way,surface,MISSING,Surface tag is recommended to assess accessibility
287274935,way,surface,MISSING,Surface tag is recommended to assess accessibility
287362121,way,surface,MISSING,Surface tag is recommended to assess accessibility
287509238,way,surface,MISSING,Surface tag is recommended to assess accessibility
287510137,way,surface,MISSING,Surface tag is recommended to assess accessibility
287510138,way,surface,MISSING,Surface tag is recommended to assess accessibility
287510139,way,surface,MISSING,Surface tag is recommended to assess accessibility
287510141,way,surface,MISSING,Surface tag is recommended to assess accessibility
287682110,way,surface,MISSING,Surface tag is recommended to assess accessibility
288036701,way,surface,MISSING,Surface tag is recommended to assess accessibility
288036702,way,surface,MISSING,Surface tag is recommended to assess accessibility
288036705,way,surface,MISSING,Surface tag is recommended to assess accessibility
288036707,way,surface,MISSING,Surface tag is recommended to assess accessibility
288043032,way,surface,MISSING,Surface tag is recommended to assess accessibility
288043455,way,surface,MISSING,Surface tag is recommended to assess accessibility
288043456,way,surface,MISSING,Surface tag is recommended to assess accessibility
288043458,way,surface,MISSING,Surface tag is recommended to assess accessibility
288044169,way,surface,MISSING,Surface tag is recommended to assess accessibility
288044172,way,surface,MISSING,Surface tag is recommended to assess accessibility
288045503,way,surface,MISSING,Surface tag is recommended to assess accessibility
288045505,way,surface,MISSING,Surface tag is recommended to assess accessibility
288045769,way,surface,MISSING,Surface tag is recommended to assess accessibility
288063698,way,surface,MISSING,Surface tag is recommended to assess accessibility
288164603,way,surface,MISSING,Surface tag is recommended to assess accessibility
288273164,way,surface,MISSING,Surface tag is recommended to assess accessibility
288292935,way,surface,MISSING,Surface tag is recommended to assess accessibility
288292939,way,surface,MISSING,Surface tag is recommended to assess accessibility
288292940,way,surface,MISSING,Surface tag is recommended to assess accessibility
288292943,way,surface,MISSING,Surface tag is recommended to assess accessibility
288292946,way,surface,MISSING,Surface tag is recommended to assess accessibility
288440383,way,surface,MISSING,Surface tag is recommended to assess accessibility
288440388,way,surface,MISSING,Surface tag is recommended to assess accessibility
288440389,way,surface,MISSING,Surface tag is recommended to assess accessibility
288445164,way,surface,MISSING,Surface tag is recommended to assess accessibility
288445166,way,surface,MISSING,Surface tag is recommended to assess accessibility
288452203,way,surface,MISSING,Surface tag is recommended to assess accessibility
288452961,way,surface,MISSING,Surface tag is recommended to assess accessibility
288452962,way,surface,MISSING,Surface tag is recommended to assess accessibility
288452964,way,surface,MISSING,Surface tag is recommended to assess accessibility
288453620,way,surface,MISSING,Surface tag is recommended to assess accessibility
288453623,way,surface,MISSING,Surface tag is recommended to assess accessibility
288458687,way,surface,MISSING,Surface tag is recommended to assess accessibility
288458688,way,surface,MISSING,Surface tag is recommended to assess accessibility
288458924,way,surface,MISSING,Surface tag is recommended to assess accessibility
288458926,way,surface,MISSING,Surface tag is recommended to assess accessibility
288460540,way,surface,MISSING,Surface tag is recommended to assess accessibility
288460541,way,surface,MISSING,Surface tag is recommended to assess accessibility
288460542,way,surface,MISSING,Surface tag is recommended to assess accessibility
288460544,way,surface,MISSING,Surface tag is recommended to assess accessibility
288473924,way,surface,MISSING,Surface tag is recommended to assess accessibility
288473926,way,surface,MISSING,Surface tag is recommended to assess accessibility
288473927,way,surface,MISSING,Surface tag is recommended to assess accessibility
288473928,way,surface,MISSING,Surface tag is recommended to assess accessibility
288473931,way,surface,MISSING,Surface tag is recommended to assess accessibility
288473932,way,surface,MISSING,Surface tag is recommended to assess accessibility
288473935,way,surface,MISSING,Surface tag is recommended to assess accessibility
288473938,way,surface,MISSING,Surface tag is recommended to assess accessibility
288473939,way,surface,MISSING,Surface tag is recommended to assess accessibility
288473940,way,surface,MISSING,Surface tag is recommended to assess accessibility
288473941,way,surface,MISSING,Surface tag is recommended to assess accessibility
288473942,way,surface,MISSING,Surface tag is recommended to assess accessibility
288473944,way,surface,MISSING,Surface tag is recommended to assess accessibility
288473946,way,surface,MISSING,Surface tag is recommended to assess accessibility
288473947,way,surface,MISSING,Surface tag is recommended to assess accessibility
288474347,way,surface,MISSING,Surface tag is recommended to assess accessibility
288489460,way,surface,MISSING,Surface tag is recommended to assess accessibility
288489461,way,surface,MISSING,Surface tag is recommended to assess accessibility
288489462,way,surface,MISSING,Surface tag is recommended to assess accessibility
288492830,way,surface,MISSING,Surface tag is recommended to assess accessibility
288492833,way,surface,MISSING,Surface tag is recommended to assess accessibility
288492834,way,surface,MISSING,Surface tag is recommended to assess accessibility
288492835,way,surface,MISSING,Surface tag is recommended to assess accessibility
288492836,way,surface,MISSING,Surface tag is recommended to assess accessibility
288492838,way,surface,MISSING,Surface tag is recommended to assess accessibility
288492839,way,surface,MISSING,Surface tag is recommended to assess accessibility
288492840,way,surface,MISSING,Surface tag is recommended to assess accessibility
288492841,way,surface,MISSING,Surface tag is recommended to assess accessibility
288492842,way,surface,MISSING,Surface tag is recommended to assess accessibility
288492843,way,surface,MISSING,Surface tag is recommended to assess accessibility
288492844,way,surface,MISSING,Surface tag is recommended to assess accessibility
288492846,way,surface,MISSING,Surface tag is recommended to assess accessibility
288492847,way,surface,MISSING,Surface tag is recommended to assess accessibility
288492848,way,surface,MISSING,Surface tag is recommended to assess accessibility
288492852,way,surface,MISSING,Surface tag is recommended to assess accessibility
288492853,way,surface,MISSING,Surface tag is recommended to assess accessibility
288492855,way,surface,MISSING,Surface tag is recommended to assess accessibility
288492859,way,surface,MISSING,Surface tag is recommended to assess accessibility
288494748,way,surface,MISSING,Surface tag is recommended to assess accessibility
288494750,way,surface,MISSING,Surface tag is recommended to assess accessibility
288494751,way,surface,MISSING,Surface tag is recommended to assess accessibility
288494752,way,surface,MISSING,Surface tag is recommended to assess accessibility
288494753,way,surface,MISSING,Surface tag is recommended to assess accessibility
288494754,way,surface,MISSING,Surface tag is recommended to assess accessibility
288494755,way,surface,MISSING,Surface tag is recommended to assess accessibility
288494756,way,surface,MISSING,Surface tag is recommended to assess accessibility
288560054,way,surface,MISSING,Surface tag is recommended to assess accessibility
288605674,way,surface,MISSING,Surface tag is recommended to assess accessibility
288699315,way,surface,MISSING,Surface tag is recommended to assess accessibility
288699316,way,surface,MISSING,Surface tag is recommended to assess accessibility
288700240,way,surface,MISSING,Surface tag is recommended to assess accessibility
288700242,way,surface,MISSING,Surface tag is recommended to assess accessibility
288700243,way,surface,MISSING,Surface tag is recommended to assess accessibility
288700244,way,surface,MISSING,Surface tag is recommended to assess accessibility
288700739,way,surface,MISSING,Surface tag is recommended to assess accessibility
288700740,way,surface,MISSING,Surface tag is recommended to assess accessibility
288700741,way,surface,MISSING,Surface tag is recommended to assess accessibility
288701301,way,surface,MISSING,Surface tag is recommended to assess accessibility
288701302,way,surface,MISSING,Surface tag is recommended to assess accessibility
288701304,way,surface,MISSING,Surface tag is recommended to assess accessibility
288701306,way,surface,MISSING,Surface tag is recommended to assess accessibility
288701307,way,surface,MISSING,Surface tag is recommended to assess accessibility
288701308,way,surface,MISSING,Surface tag is recommended to assess accessibility
288701309,way,surface,MISSING,Surface tag is recommended to assess accessibility
288701310,way,surface,MISSING,Surface tag is recommended to assess accessibility
288736675,way,surface,MISSING,Surface tag is recommended to assess accessibility
288738350,way,surface,MISSING,Surface tag is recommended to assess accessibility
288738351,way,surface,MISSING,Surface tag is recommended to assess accessibility
288738354,way,surface,MISSING,Surface tag is recommended to assess accessibility
288741800,way,surface,MISSING,Surface tag is recommended to assess accessibility
288742253,way,surface,MISSING,Surface tag is recommended to assess accessibility
288742292,way,surface,MISSING,Surface tag is recommended to assess accessibility
288742293,way,surface,MISSING,Surface tag is recommended to assess accessibility
288743270,way,surface,MISSING,Surface tag is recommended to assess accessibility
288743312,way,surface,MISSING,Surface tag is recommended to assess accessibility
288743313,way,surface,MISSING,Surface tag is recommended to assess accessibility
288744640,way,surface,MISSING,Surface tag is recommended to assess accessibility
288744641,way,surface,MISSING,Surface tag is recommended to assess accessibility
288749245,way,surface,MISSING,Surface tag is recommended to assess accessibility
288749250,way,surface,MISSING,Surface tag is recommended to assess accessibility
288749252,way,surface,MISSING,Surface tag is recommended to assess accessibility
288749352,way,surface,MISSING,Surface tag is recommended to assess accessibility
288751319,way,surface,MISSING,Surface tag is recommended to assess accessibility
288751328,way,surface,MISSING,Surface tag is recommended to assess accessibility
288751574,way,surface,MISSING,Surface tag is recommended to assess accessibility
288770810,way,surface,MISSING,Surface tag is recommended to assess accessibility
288770811,way,surface,MISSING,Surface tag is recommended to assess accessibility
288774714,way,surface,MISSING,Surface tag is recommended to assess accessibility
288774724,way,surface,MISSING,Surface tag is recommended to assess accessibility
288774728,way,surface,MISSING,Surface tag is recommended to assess accessibility
288774729,way,surface,MISSING,Surface tag is recommended to assess accessibility
288774732,way,surface,MISSING,Surface tag is recommended to assess accessibility
288798388,way,surface,MISSING,Surface tag is recommended to assess accessibility
288798389,way,surface,MISSING,Surface tag is recommended to assess accessibility
288812609,way,surface,MISSING,Surface tag is recommended to assess accessibility
288812611,way,surface,MISSING,Surface tag is recommended to assess accessibility
288812612,way,surface,MISSING,Surface tag is recommended to assess accessibility
288812686,way,surface,MISSING,Surface tag is recommended to assess accessibility
288813884,way,surface,MISSING,Surface tag is recommended to assess accessibility
288813887,way,surface,MISSING,Surface tag is recommended to assess accessibility
288815136,way,surface,MISSING,Surface tag is recommended to assess accessibility
288815142,way,surface,MISSING,Surface tag is recommended to assess accessibility
288815160,way,surface,MISSING,Surface tag is recommended to assess accessibility
288815724,way,surface,MISSING,Surface tag is recommended to assess accessibility
288877902,way,surface,MISSING,Surface tag is recommended to assess accessibility
288877903,way,surface,MISSING,Surface tag is recommended to assess accessibility
288877907,way,surface,MISSING,Surface tag is recommended to assess accessibility
288877910,way,surface,MISSING,Surface tag is recommended to assess accessibility
288877912,way,surface,MISSING,Surface tag is recommended to assess accessibility
288877918,way,surface,MISSING,Surface tag is recommended to assess accessibility
288877919,way,surface,MISSING,Surface tag is recommended to assess accessibility
288877921,way,surface,MISSING,Surface tag is recommended to assess accessibility
288877925,way,surface,MISSING,Surface tag is recommended to assess accessibility
288878966,way,surface,MISSING,Surface tag is recommended to assess accessibility
288880375,way,surface,MISSING,Surface tag is recommended to assess accessibility
288880376,way,surface,MISSING,Surface tag is recommended to assess accessibility
288880379,way,surface,MISSING,Surface tag is recommended to assess accessibility
289048793,way,surface,MISSING,Surface tag is recommended to assess accessibility
289049664,way,surface,MISSING,Surface tag is recommended to assess accessibility
289049668,way,surface,MISSING,Surface tag is recommended to assess accessibility
289049671,way,surface,MISSING,Surface tag is recommended to assess accessibility
289049672,way,surface,MISSING,Surface tag is recommended to assess accessibility
289049673,way,surface,MISSING,Surface tag is recommended to assess accessibility
289049674,way,surface,MISSING,Surface tag is recommended to assess accessibility
289049675,way,surface,MISSING,Surface tag is recommended to assess accessibility
289049677,way,surface,MISSING,Surface tag is recommended to assess accessibility
289050421,way,surface,MISSING,Surface tag is recommended to assess accessibility
289050422,way,surface,MISSING,Surface tag is recommended to assess accessibility
289050423,way,surface,MISSING,Surface tag is recommended to assess accessibility
289084506,way,surface,MISSING,Surface tag is recommended to assess accessibility
289084511,way,surface,MISSING,Surface tag is recommended to assess accessibility
289084527,way,surface,MISSING,Surface tag is recommended to assess accessibility
289180750,way,surface,MISSING,Surface tag is recommended to assess accessibility
289180755,way,surface,MISSING,Surface tag is recommended to assess accessibility
289574336,way,surface,MISSING,Surface tag is recommended to assess accessibility
289577966,way,surface,MISSING,Surface tag is recommended to assess accessibility
289598308,way,surface,MISSING,Surface tag is recommended to assess accessibility
289628898,way,surface,MISSING,Surface tag is recommended to assess accessibility
289628899,way,surface,MISSING,Surface tag is recommended to assess accessibility
289628900,way,surface,MISSING,Surface tag is recommended to assess accessibility
289717052,way,surface,MISSING,Surface tag is recommended to assess accessibility
290683352,way,surface,MISSING,Surface tag is recommended to assess accessibility
290683353,way,surface,MISSING,Surface tag is recommended to assess accessibility
290694136,way,surface,MISSING,Surface tag is recommended to assess accessibility
290694137,way,surface,MISSING,Surface tag is recommended to assess accessibility
290705949,way,surface,MISSING,Surface tag is recommended to assess accessibility
290708654,way,surface,MISSING,Surface tag is recommended to assess accessibility
290820656,way,surface,MISSING,Surface tag is recommended to assess accessibility
290820658,way,surface,MISSING,Surface tag is recommended to assess accessibility
290820659,way,surface,MISSING,Surface tag is recommended to assess accessibility
290820660,way,surface,MISSING,Surface tag is recommended to assess accessibility
290820661,way,surface,MISSING,Surface tag is recommended to assess accessibility
290821165,way,surface,MISSING,Surface tag is recommended to assess accessibility
290821169,way,surface,MISSING,Surface tag is recommended to assess accessibility
290821171,way,surface,MISSING,Surface tag is recommended to assess accessibility
290821584,way,surface,MISSING,Surface tag is recommended to assess accessibility
290822078,way,surface,MISSING,Surface tag is recommended to assess accessibility
290834285,way,surface,MISSING,Surface tag is recommended to assess accessibility
290839671,way,surface,MISSING,Surface tag is recommended to assess accessibility
290839675,way,surface,MISSING,Surface tag is recommended to assess accessibility
290848173,way,surface,MISSING,Surface tag is recommended to assess accessibility
290853891,way,surface,MISSING,Surface tag is recommended to assess accessibility
290856901,way,surface,MISSING,Surface tag is recommended to assess accessibility
291206177,way,surface,MISSING,Surface tag is recommended to assess accessibility
291206178,way,surface,MISSING,Surface tag is recommended to assess accessibility
291209032,way,surface,MISSING,Surface tag is recommended to assess accessibility
291212837,way,surface,MISSING,Surface tag is recommended to assess accessibility
291212838,way,surface,MISSING,Surface tag is recommended to assess accessibility
291212839,way,surface,MISSING,Surface tag is recommended to assess accessibility
291212840,way,surface,MISSING,Surface tag is recommended to assess accessibility
291212842,way,surface,MISSING,Surface tag is recommended to assess accessibility
291212850,way,surface,MISSING,Surface tag is recommended to assess accessibility
291212852,way,surface,MISSING,Surface tag is recommended to assess accessibility
291214806,way,surface,MISSING,Surface tag is recommended to assess accessibility
291286373,way,surface,MISSING,Surface tag is recommended to assess accessibility
291286376,way,surface,MISSING,Surface tag is recommended to assess accessibility
291286377,way,surface,MISSING,Surface tag is recommended to assess accessibility
291286379,way,surface,MISSING,Surface tag is recommended to assess accessibility
291286510,way,surface,MISSING,Surface tag is recommended to assess accessibility
291292109,way,surface,MISSING,Surface tag is recommended to assess accessibility
291292155,way,surface,MISSING,Surface tag is recommended to assess accessibility
291311061,way,surface,MISSING,Surface tag is recommended to assess accessibility
291311062,way,surface,MISSING,Surface tag is recommended to assess accessibility
291659874,way,surface,MISSING,Surface tag is recommended to assess accessibility
291659875,way,surface,MISSING,Surface tag is recommended to assess accessibility
291685576,way,surface,MISSING,Surface tag is recommended to assess accessibility
291750469,way,surface,MISSING,Surface tag is recommended to assess accessibility
291952518,way,surface,MISSING,Surface tag is recommended to assess accessibility
291952519,way,surface,MISSING,Surface tag is recommended to assess accessibility
291952520,way,surface,MISSING,Surface tag is recommended to assess accessibility
291953066,way,surface,MISSING,Surface tag is recommended to assess accessibility
291977812,way,surface,MISSING,Surface tag is recommended to assess accessibility
291977980,way,surface,MISSING,Surface tag is recommended to assess accessibility
291977981,way,surface,MISSING,Surface tag is recommended to assess accessibility
292046718,way,surface,MISSING,Surface tag is recommended to assess accessibility
292075611,way,surface,MISSING,Surface tag is recommended to assess accessibility
292739551,way,surface,MISSING,Surface tag is recommended to assess accessibility
293565753,way,surface,MISSING,Surface tag is recommended to assess accessibility
294088027,way,surface,MISSING,Surface tag is recommended to assess accessibility
295423753,way,surface,MISSING,Surface tag is recommended to assess accessibility
295916830,way,surface,MISSING,Surface tag is recommended to assess accessibility
295916832,way,surface,MISSING,Surface tag is recommended to assess accessibility
295916836,way,surface,MISSING,Surface tag is recommended to assess accessibility
295961737,way,surface,MISSING,Surface tag is recommended to assess accessibility
295961738,way,surface,MISSING,Surface tag is recommended to assess accessibility
295961739,way,surface,MISSING,Surface tag is recommended to assess accessibility
295961741,way,surface,MISSING,Surface tag is recommended to assess accessibility
295961742,way,surface,MISSING,Surface tag is recommended to assess accessibility
296342756,way,surface,MISSING,Surface tag is recommended to assess accessibility
296342757,way,surface,MISSING,Surface tag is recommended to assess accessibility
296342758,way,surface,MISSING,Surface tag is recommended to assess accessibility
296342759,way,surface,MISSING,Surface tag is recommended to assess accessibility
296560242,way,surface,MISSING,Surface tag is recommended to assess accessibility
296560243,way,surface,MISSING,Surface tag is recommended to assess accessibility
296667082,way,surface,MISSING,Surface tag is recommended to assess accessibility
296928481,way,surface,MISSING,Surface tag is recommended to assess accessibility
297275374,way,surface,MISSING,Surface tag is recommended to assess accessibility
297663246,way,surface,MISSING,Surface tag is recommended to assess accessibility
297663247,way,surface,MISSING,Surface tag is recommended to assess accessibility
298166672,way,surface,MISSING,Surface tag is recommended to assess accessibility
298166677,way,surface,MISSING,Surface tag is recommended to assess accessibility
298166679,way,surface,MISSING,Surface tag is recommended to assess accessibility
298166680,way,surface,MISSING,Surface tag is recommended to assess accessibility
299677589,way,surface,MISSING,Surface tag is recommended to assess accessibility
299880818,way,surface,MISSING,Surface tag is recommended to assess accessibility
299888197,way,surface,MISSING,Surface tag is recommended to assess accessibility
299888203,way,surface,MISSING,Surface tag is recommended to assess accessibility
300294259,way,surface,MISSING,Surface tag is recommended to assess accessibility
300828811,way,surface,MISSING,Surface tag is recommended to assess accessibility
300828812,way,surface,MISSING,Surface tag is recommended to assess accessibility
300901858,way,surface,MISSING,Surface tag is recommended to assess accessibility
301285883,way,surface,MISSING,Surface tag is recommended to assess accessibility
301709590,way,surface,MISSING,Surface tag is recommended to assess accessibility
301709592,way,surface,MISSING,Surface tag is recommended to assess accessibility
301709594,way,surface,MISSING,Surface tag is recommended to assess accessibility
301709596,way,surface,MISSING,Surface tag is recommended to assess accessibility
301709603,way,surface,MISSING,Surface tag is recommended to assess accessibility
301709607,way,surface,MISSING,Surface tag is recommended to assess accessibility
301709608,way,surface,MISSING,Surface tag is recommended to assess accessibility
301709609,way,surface,MISSING,Surface tag is recommended to assess accessibility
301709859,way,surface,MISSING,Surface tag is recommended to assess accessibility
301709860,way,surface,MISSING,Surface tag is recommended to assess accessibility
301709861,way,surface,MISSING,Surface tag is recommended to assess accessibility
301822577,way,surface,MISSING,Surface tag is recommended to assess accessibility
301953953,way,surface,MISSING,Surface tag is recommended to assess accessibility
301954668,way,surface,MISSING,Surface tag is recommended to assess accessibility
301958998,way,surface,MISSING,Surface tag is recommended to assess accessibility
301972167,way,surface,MISSING,Surface tag is recommended to assess accessibility
301976743,way,surface,MISSING,Surface tag is recommended to assess accessibility
301976748,way,surface,MISSING,Surface tag is recommended to assess accessibility
301976749,way,surface,MISSING,Surface tag is recommended to assess accessibility
301976753,way,surface,MISSING,Surface tag is recommended to assess accessibility
302243463,way,surface,MISSING,Surface tag is recommended to assess accessibility
302244601,way,surface,MISSING,Surface tag is recommended to assess accessibility
302246684,way,surface,MISSING,Surface tag is recommended to assess accessibility
302247610,way,surface,MISSING,Surface tag is recommended to assess accessibility
302247611,way,surface,MISSING,Surface tag is recommended to assess accessibility
302247612,way,surface,MISSING,Surface tag is recommended to assess accessibility
302247613,way,surface,MISSING,Surface tag is recommended to assess accessibility
302247619,way,surface,MISSING,Surface tag is recommended to assess accessibility
302247620,way,surface,MISSING,Surface tag is recommended to assess accessibility
302249559,way,surface,MISSING,Surface tag is recommended to assess accessibility
302249560,way,surface,MISSING,Surface tag is recommended to assess accessibility
302361599,way,surface,MISSING,Surface tag is recommended to assess accessibility
303196641,way,surface,MISSING,Surface tag is recommended to assess accessibility
303312602,way,surface,MISSING,Surface tag is recommended to assess accessibility
304554727,way,surface,MISSING,Surface tag is recommended to assess accessibility
305109053,way,surface,MISSING,Surface tag is recommended to assess accessibility
305109054,way,surface,MISSING,Surface tag is recommended to assess accessibility
305111883,way,surface,MISSING,Surface tag is recommended to assess accessibility
305397419,way,surface,MISSING,Surface tag is recommended to assess accessibility
305397422,way,surface,MISSING,Surface tag is recommended to assess accessibility
305406091,way,surface,MISSING,Surface tag is recommended to assess accessibility
305909323,way,surface,MISSING,Surface tag is recommended to assess accessibility
305909325,way,surface,MISSING,Surface tag is recommended to assess accessibility
306374429,way,surface,MISSING,Surface tag is recommended to assess accessibility
306375332,way,surface,MISSING,Surface tag is recommended to assess accessibility
306806432,way,surface,MISSING,Surface tag is recommended to assess accessibility
307702514,way,surface,MISSING,Surface tag is recommended to assess accessibility
307702515,way,surface,MISSING,Surface tag is recommended to assess accessibility
307702516,way,surface,MISSING,Surface tag is recommended to assess accessibility
307702518,way,surface,MISSING,Surface tag is recommended to assess accessibility
307702520,way,surface,MISSING,Surface tag is recommended to assess accessibility
307702521,way,surface,MISSING,Surface tag is recommended to assess accessibility
307702522,way,surface,MISSING,Surface tag is recommended to assess accessibility
307702524,way,surface,MISSING,Surface tag is recommended to assess accessibility
307702525,way,surface,MISSING,Surface tag is recommended to assess accessibility
307702527,way,surface,MISSING,Surface tag is recommended to assess accessibility
307702528,way,surface,MISSING,Surface tag is recommended to assess accessibility
307702529,way,surface,MISSING,Surface tag is recommended to assess accessibility
307702530,way,surface,MISSING,Surface tag is recommended to assess accessibility
307702531,way,surface,MISSING,Surface tag is recommended to assess accessibility
307702532,way,surface,MISSING,Surface tag is recommended to assess accessibility
307702533,way,surface,MISSING,Surface tag is recommended to assess accessibility
307702534,way,surface,MISSING,Surface tag is recommended to assess accessibility
307702536,way,surface,MISSING,Surface tag is recommended to assess accessibility
307702538,way,surface,MISSING,Surface tag is recommended to assess accessibility
307702539,way,surface,MISSING,Surface tag is recommended to assess accessibility
307702540,way,surface,MISSING,Surface tag is recommended to assess accessibility
307702541,way,surface,MISSING,Surface tag is recommended to assess accessibility
307702542,way,surface,MISSING,Surface tag is recommended to assess accessibility
307901710,way,surface,MISSING,Surface tag is recommended to assess accessibility
308023749,way,surface,MISSING,Surface tag is recommended to assess accessibility
308450611,way,surface,MISSING,Surface tag is recommended to assess accessibility
308450612,way,surface,MISSING,Surface tag is recommended to assess accessibility
308549556,way,surface,MISSING,Surface tag is recommended to assess accessibility
308712495,way,surface,MISSING,Surface tag is recommended to assess accessibility
308712496,way,surface,MISSING,Surface tag is recommended to assess accessibility
308712497,way,surface,MISSING,Surface tag is recommended to assess accessibility
309139705,way,surface,MISSING,Surface tag is recommended to assess accessibility
309139707,way,surface,MISSING,Surface tag is recommended to assess accessibility
309386361,way,surface,MISSING,Surface tag is recommended to assess accessibility
309386362,way,surface,MISSING,Surface tag is recommended to assess accessibility
309395111,way,surface,MISSING,Surface tag is recommended to assess accessibility
309509145,way,surface,MISSING,Surface tag is recommended to assess accessibility
310653484,way,surface,MISSING,Surface tag is recommended to assess accessibility
310925662,way,surface,MISSING,Surface tag is recommended to assess accessibility
310931448,way,surface,MISSING,Surface tag is recommended to assess accessibility
310931533,way,surface,MISSING,Surface tag is recommended to assess accessibility
310931535,way,surface,MISSING,Surface tag is recommended to assess accessibility
312027684,way,surface,MISSING,Surface tag is recommended to assess accessibility
312027685,way,surface,MISSING,Surface tag is recommended to assess accessibility
312027686,way,surface,MISSING,Surface tag is recommended to assess accessibility
312027687,way,surface,MISSING,Surface tag is recommended to assess accessibility
312027688,way,surface,MISSING,Surface tag is recommended to assess accessibility
312027689,way,surface,MISSING,Surface tag is recommended to assess accessibility
312027690,way,surface,MISSING,Surface tag is recommended to assess accessibility
312027691,way,surface,MISSING,Surface tag is recommended to assess accessibility
312027693,way,surface,MISSING,Surface tag is recommended to assess accessibility
312027695,way,surface,MISSING,Surface tag is recommended to assess accessibility
312126224,way,surface,MISSING,Surface tag is recommended to assess accessibility
312126229,way,surface,MISSING,Surface tag is recommended to assess accessibility
312126230,way,surface,MISSING,Surface tag is recommended to assess accessibility
312126231,way,surface,MISSING,Surface tag is recommended to assess accessibility
312126232,way,surface,MISSING,Surface tag is recommended to assess accessibility
312126233,way,surface,MISSING,Surface tag is recommended to assess accessibility
312126234,way,surface,MISSING,Surface tag is recommended to assess accessibility
312126235,way,surface,MISSING,Surface tag is recommended to assess accessibility
312126236,way,surface,MISSING,Surface tag is recommended to assess accessibility
312126237,way,surface,MISSING,Surface tag is recommended to assess accessibility
312126238,way,surface,MISSING,Surface tag is recommended to assess accessibility
312126239,way,surface,MISSING,Surface tag is recommended to assess accessibility
312126240,way,surface,MISSING,Surface tag is recommended to assess accessibility
312126241,way,surface,MISSING,Surface tag is recommended to assess accessibility
312126242,way,surface,MISSING,Surface tag is recommended to assess accessibility
312126243,way,surface,MISSING,Surface tag is recommended to assess accessibility
312126244,way,surface,MISSING,Surface tag is recommended to assess accessibility
312126245,way,surface,MISSING,Surface tag is recommended to assess accessibility
312126247,way,surface,MISSING,Surface tag is recommended to assess accessibility
312126248,way,surface,MISSING,Surface tag is recommended to assess accessibility
312126249,way,surface,MISSING,Surface tag is recommended to assess accessibility
312126250,way,surface,MISSING,Surface tag is recommended to assess accessibility
312126251,way,surface,MISSING,Surface tag is recommended to assess accessibility
312126252,way,surface,MISSING,Surface tag is recommended to assess accessibility
312126254,way,surface,MISSING,Surface tag is recommended to assess accessibility
312126255,way,surface,MISSING,Surface tag is recommended to assess accessibility
312127638,way,surface,MISSING,Surface tag is recommended to assess accessibility
312127640,way,surface,MISSING,Surface tag is recommended to assess accessibility
312127641,way,surface,MISSING,Surface tag is recommended to assess accessibility
312127642,way,surface,MISSING,Surface tag is recommended to assess accessibility
312127643,way,surface,MISSING,Surface tag is recommended to assess accessibility
312127644,way,surface,MISSING,Surface tag is recommended to assess accessibility
312127645,way,surface,MISSING,Surface tag is recommended to assess accessibility
312127646,way,surface,MISSING,Surface tag is recommended to assess accessibility
312127647,way,surface,MISSING,Surface tag is recommended to assess accessibility
312127648,way,surface,MISSING,Surface tag is recommended to assess accessibility
312127649,way,surface,MISSING,Surface tag is recommended to assess accessibility
312127650,way,surface,MISSING,Surface tag is recommended to assess accessibility
312127651,way,surface,MISSING,Surface tag is recommended to assess accessibility
312554166,way,surface,MISSING,Surface tag is recommended to assess accessibility
313376803,way,surface,MISSING,Surface tag is recommended to assess accessibility
313453159,way,surface,MISSING,Surface tag is recommended to assess accessibility
313622583,way,surface,MISSING,Surface tag is recommended to assess accessibility
313622588,way,surface,MISSING,Surface tag is recommended to assess accessibility
313672922,way,surface,MISSING,Surface tag is recommended to assess accessibility
313721579,way,surface,MISSING,Surface tag is recommended to assess accessibility
313721580,way,surface,MISSING,Surface tag is recommended to assess accessibility
313721581,way,surface,MISSING,Surface tag is recommended to assess accessibility
314291392,way,surface,MISSING,Surface tag is recommended to assess accessibility
314291393,way,surface,MISSING,Surface tag is recommended to assess accessibility
314291394,way,surface,MISSING,Surface tag is recommended to assess accessibility
314291395,way,surface,MISSING,Surface tag is recommended to assess accessibility
314291396,way,surface,MISSING,Surface tag is recommended to assess accessibility
314291398,way,surface,MISSING,Surface tag is recommended to assess accessibility
314291399,way,surface,MISSING,Surface tag is recommended to assess accessibility
314291400,way,surface,MISSING,Surface tag is recommended to assess accessibility
314291403,way,surface,MISSING,Surface tag is recommended to assess accessibility
314291404,way,surface,MISSING,Surface tag is recommended to assess accessibility
314291405,way,surface,MISSING,Surface tag is recommended to assess accessibility
314291407,way,surface,MISSING,Surface tag is recommended to assess accessibility
314291408,way,surface,MISSING,Surface tag is recommended to assess accessibility
314291409,way,surface,MISSING,Surface tag is recommended to assess accessibility
314291410,way,surface,MISSING,Surface tag is recommended to assess accessibility
314291411,way,surface,MISSING,Surface tag is recommended to assess accessibility
314291412,way,surface,MISSING,Surface tag is recommended to assess accessibility
314291413,way,surface,MISSING,Surface tag is recommended to assess accessibility
315173549,way,surface,MISSING,Surface tag is recommended to assess accessibility
315173550,way,surface,MISSING,Surface tag is recommended to assess accessibility
315173552,way,surface,MISSING,Surface tag is recommended to assess accessibility
315173554,way,surface,MISSING,Surface tag is recommended to assess accessibility
315173555,way,surface,MISSING,Surface tag is recommended to assess accessibility
315173556,way,surface,MISSING,Surface tag is recommended to assess accessibility
315173557,way,surface,MISSING,Surface tag is recommended to assess accessibility
315173563,way,surface,MISSING,Surface tag is recommended to assess accessibility
315173564,way,surface,MISSING,Surface tag is recommended to assess accessibility
315173565,way,surface,MISSING,Surface tag is recommended to assess accessibility
315173566,way,surface,MISSING,Surface tag is recommended to assess accessibility
315173567,way,surface,MISSING,Surface tag is recommended to assess accessibility
315173568,way,surface,MISSING,Surface tag is recommended to assess accessibility
315173569,way,surface,MISSING,Surface tag is recommended to assess accessibility
315173572,way,surface,MISSING,Surface tag is recommended to assess accessibility
315173574,way,surface,MISSING,Surface tag is recommended to assess accessibility
315173578,way,surface,MISSING,Surface tag is recommended to assess accessibility
315173580,way,surface,MISSING,Surface tag is recommended to assess accessibility
315173581,way,surface,MISSING,Surface tag is recommended to assess accessibility
315173582,way,surface,MISSING,Surface tag is recommended to assess accessibility
315173583,way,surface,MISSING,Surface tag is recommended to assess accessibility
315173584,way,surface,MISSING,Surface tag is recommended to assess accessibility
315370530,way,surface,MISSING,Surface tag is recommended to assess accessibility
315370531,way,surface,MISSING,Surface tag is recommended to assess accessibility
315370532,way,surface,MISSING,Surface tag is recommended to assess accessibility
315370534,way,surface,MISSING,Surface tag is recommended to assess accessibility
315370536,way,surface,MISSING,Surface tag is recommended to assess accessibility
315370538,way,surface,MISSING,Surface tag is recommended to assess accessibility
315370539,way,surface,MISSING,Surface tag is recommended to assess accessibility
315370541,way,surface,MISSING,Surface tag is recommended to assess accessibility
315370543,way,surface,MISSING,Surface tag is recommended to assess accessibility
315370545,way,surface,MISSING,Surface tag is recommended to assess accessibility
315370547,way,surface,MISSING,Surface tag is recommended to assess accessibility
315370548,way,surface,MISSING,Surface tag is recommended to assess accessibility
315370551,way,surface,MISSING,Surface tag is recommended to assess accessibility
315370552,way,surface,MISSING,Surface tag is recommended to assess accessibility
315370555,way,surface,MISSING,Surface tag is recommended to assess accessibility
315370557,way,surface,MISSING,Surface tag is recommended to assess accessibility
315370559,way,surface,MISSING,Surface tag is recommended to assess accessibility
315370560,way,surface,MISSING,Surface tag is recommended to assess accessibility
315370561,way,surface,MISSING,Surface tag is recommended to assess accessibility
315370562,way,surface,MISSING,Surface tag is recommended to assess accessibility
315526052,way,surface,MISSING,Surface tag is recommended to assess accessibility
315667532,way,surface,MISSING,Surface tag is recommended to assess accessibility
315667566,way,surface,MISSING,Surface tag is recommended to assess accessibility
316296692,way,surface,MISSING,Surface tag is recommended to assess accessibility
316296694,way,surface,MISSING,Surface tag is recommended to assess accessibility
316296695,way,surface,MISSING,Surface tag is recommended to assess accessibility
316296696,way,surface,MISSING,Surface tag is recommended to assess accessibility
316296697,way,surface,MISSING,Surface tag is recommended to assess accessibility
316296699,way,surface,MISSING,Surface tag is recommended to assess accessibility
316296700,way,surface,MISSING,Surface tag is recommended to assess accessibility
316296701,way,surface,MISSING,Surface tag is recommended to assess accessibility
316296702,way,surface,MISSING,Surface tag is recommended to assess accessibility
316296704,way,surface,MISSING,Surface tag is recommended to assess accessibility
316296705,way,surface,MISSING,Surface tag is recommended to assess accessibility
316296706,way,surface,MISSING,Surface tag is recommended to assess accessibility
316296707,way,surface,MISSING,Surface tag is recommended to assess accessibility
316296709,way,surface,MISSING,Surface tag is recommended to assess accessibility
316296710,way,surface,MISSING,Surface tag is recommended to assess accessibility
316296711,way,surface,MISSING,Surface tag is recommended to assess accessibility
316296712,way,surface,MISSING,Surface tag is recommended to assess accessibility
316296714,way,surface,MISSING,Surface tag is recommended to assess accessibility
316296715,way,surface,MISSING,Surface tag is recommended to assess accessibility
316296716,way,surface,MISSING,Surface tag is recommended to assess accessibility
316296717,way,surface,MISSING,Surface tag is recommended to assess accessibility
316296719,way,surface,MISSING,Surface tag is recommended to assess accessibility
316296720,way,surface,MISSING,Surface tag is recommended to assess accessibility
316296721,way,surface,MISSING,Surface tag is recommended to assess accessibility
316296722,way,surface,MISSING,Surface tag is recommended to assess accessibility
316296723,way,surface,MISSING,Surface tag is recommended to assess accessibility
316358596,way,surface,MISSING,Surface tag is recommended to assess accessibility
316358597,way,surface,MISSING,Surface tag is recommended to assess accessibility
316358598,way,surface,MISSING,Surface tag is recommended to assess accessibility
316358599,way,surface,MISSING,Surface tag is recommended to assess accessibility
316358603,way,surface,MISSING,Surface tag is recommended to assess accessibility
316358604,way,surface,MISSING,Surface tag is recommended to assess accessibility
316358605,way,surface,MISSING,Surface tag is recommended to assess accessibility
316358606,way,surface,MISSING,Surface tag is recommended to assess accessibility
316358607,way,surface,MISSING,Surface tag is recommended to assess accessibility
316358608,way,surface,MISSING,Surface tag is recommended to assess accessibility
316358611,way,surface,MISSING,Surface tag is recommended to assess accessibility
316358613,way,surface,MISSING,Surface tag is recommended to assess accessibility
316358614,way,surface,MISSING,Surface tag is recommended to assess accessibility
316358615,way,surface,MISSING,Surface tag is recommended to assess accessibility
316358616,way,surface,MISSING,Surface tag is recommended to assess accessibility
316358617,way,surface,MISSING,Surface tag is recommended to assess accessibility
316771512,way,surface,MISSING,Surface tag is recommended to assess accessibility
316771514,way,surface,MISSING,Surface tag is recommended to assess accessibility
316771517,way,surface,MISSING,Surface tag is recommended to assess accessibility
316771519,way,surface,MISSING,Surface tag is recommended to assess accessibility
316772309,way,surface,MISSING,Surface tag is recommended to assess accessibility
317121254,way,surface,MISSING,Surface tag is recommended to assess accessibility
317121255,way,surface,MISSING,Surface tag is recommended to assess accessibility
317121256,way,surface,MISSING,Surface tag is recommended to assess accessibility
317277415,way,surface,MISSING,Surface tag is recommended to assess accessibility
317277418,way,surface,MISSING,Surface tag is recommended to assess accessibility
317580224,way,surface,MISSING,Surface tag is recommended to assess accessibility
317580225,way,surface,MISSING,Surface tag is recommended to assess accessibility
317582675,way,surface,MISSING,Surface tag is recommended to assess accessibility
317582676,way,surface,MISSING,Surface tag is recommended to assess accessibility
317582678,way,surface,MISSING,Surface tag is recommended to assess accessibility
317582679,way,surface,MISSING,Surface tag is recommended to assess accessibility
317582680,way,surface,MISSING,Surface tag is recommended to assess accessibility
317582681,way,surface,MISSING,Surface tag is recommended to assess accessibility
317582682,way,surface,MISSING,Surface tag is recommended to assess accessibility
317582684,way,surface,MISSING,Surface tag is recommended to assess accessibility
317582685,way,surface,MISSING,Surface tag is recommended to assess accessibility
317582687,way,surface,MISSING,Surface tag is recommended to assess accessibility
317582688,way,surface,MISSING,Surface tag is recommended to assess accessibility
317582691,way,surface,MISSING,Surface tag is recommended to assess accessibility
317582693,way,surface,MISSING,Surface tag is recommended to assess accessibility
317587000,way,surface,MISSING,Surface tag is recommended to assess accessibility
317587001,way,surface,MISSING,Surface tag is recommended to assess accessibility
317587002,way,surface,MISSING,Surface tag is recommended to assess accessibility
317587003,way,surface,MISSING,Surface tag is recommended to assess accessibility
317587004,way,surface,MISSING,Surface tag is recommended to assess accessibility
317587005,way,surface,MISSING,Surface tag is recommended to assess accessibility
317587006,way,surface,MISSING,Surface tag is recommended to assess accessibility
317587007,way,surface,MISSING,Surface tag is recommended to assess accessibility
317587008,way,surface,MISSING,Surface tag is recommended to assess accessibility
317587009,way,surface,MISSING,Surface tag is recommended to assess accessibility
317587010,way,surface,MISSING,Surface tag is recommended to assess accessibility
317587011,way,surface,MISSING,Surface tag is recommended to assess accessibility
317587012,way,surface,MISSING,Surface tag is recommended to assess accessibility
317587013,way,surface,MISSING,Surface tag is recommended to assess accessibility
317587014,way,surface,MISSING,Surface tag is recommended to assess accessibility
317587016,way,surface,MISSING,Surface tag is recommended to assess accessibility
317587017,way,surface,MISSING,Surface tag is recommended to assess accessibility
317587018,way,surface,MISSING,Surface tag is recommended to assess accessibility
317587019,way,surface,MISSING,Surface tag is recommended to assess accessibility
317587020,way,surface,MISSING,Surface tag is recommended to assess accessibility
317587021,way,surface,MISSING,Surface tag is recommended to assess accessibility
317587022,way,surface,MISSING,Surface tag is recommended to assess accessibility
317587024,way,surface,MISSING,Surface tag is recommended to assess accessibility
317587025,way,surface,MISSING,Surface tag is recommended to assess accessibility
317587026,way,surface,MISSING,Surface tag is recommended to assess accessibility
317587027,way,surface,MISSING,Surface tag is recommended to assess accessibility
317587028,way,surface,MISSING,Surface tag is recommended to assess accessibility
317587029,way,surface,MISSING,Surface tag is recommended to assess accessibility
317587030,way,surface,MISSING,Surface tag is recommended to assess accessibility
317729524,way,surface,MISSING,Surface tag is recommended to assess accessibility
317730395,way,surface,MISSING,Surface tag is recommended to assess accessibility
317730396,way,surface,MISSING,Surface tag is recommended to assess accessibility
317907948,way,surface,MISSING,Surface tag is recommended to assess accessibility
318286257,way,surface,MISSING,Surface tag is recommended to assess accessibility
318286261,way,surface,MISSING,Surface tag is recommended to assess accessibility
318286268,way,surface,MISSING,Surface tag is recommended to assess accessibility
318286269,way,surface,MISSING,Surface tag is recommended to assess accessibility
318286271,way,surface,MISSING,Surface tag is recommended to assess accessibility
318286277,way,surface,MISSING,Surface tag is recommended to assess accessibility
318696293,way,surface,MISSING,Surface tag is recommended to assess accessibility
318696307,way,surface,MISSING,Surface tag is recommended to assess accessibility
319911429,way,surface,MISSING,Surface tag is recommended to assess accessibility
319935536,way,surface,MISSING,Surface tag is recommended to assess accessibility
320375056,way,surface,MISSING,Surface tag is recommended to assess accessibility
320514413,way,surface,MISSING,Surface tag is recommended to assess accessibility
320733611,way,surface,MISSING,Surface tag is recommended to assess accessibility
321797299,way,surface,MISSING,Surface tag is recommended to assess accessibility
321798289,way,surface,MISSING,Surface tag is recommended to assess accessibility
322476275,way,surface,MISSING,Surface tag is recommended to assess accessibility
322481793,way,surface,MISSING,Surface tag is recommended to assess accessibility
322685217,way,surface,MISSING,Surface tag is recommended to assess accessibility
322685219,way,surface,MISSING,Surface tag is recommended to assess accessibility
322685221,way,surface,MISSING,Surface tag is recommended to assess accessibility
322917053,way,surface,MISSING,Surface tag is recommended to assess accessibility
323653548,way,surface,MISSING,Surface tag is recommended to assess accessibility
323653549,way,surface,MISSING,Surface tag is recommended to assess accessibility
323945111,way,surface,MISSING,Surface tag is recommended to assess accessibility
323945117,way,surface,MISSING,Surface tag is recommended to assess accessibility
323945924,way,surface,MISSING,Surface tag is recommended to assess accessibility
325872343,way,surface,MISSING,Surface tag is recommended to assess accessibility
325872344,way,surface,MISSING,Surface tag is recommended to assess accessibility
326553229,way,surface,MISSING,Surface tag is recommended to assess accessibility
326553371,way,surface,MISSING,Surface tag is recommended to assess accessibility
326763315,way,surface,MISSING,Surface tag is recommended to assess accessibility
326763321,way,surface,MISSING,Surface tag is recommended to assess accessibility
326768934,way,surface,MISSING,Surface tag is recommended to assess accessibility
326771296,way,surface,MISSING,Surface tag is recommended to assess accessibility
327885435,way,surface,MISSING,Surface tag is recommended to assess accessibility
328490157,way,surface,MISSING,Surface tag is recommended to assess accessibility
328610281,way,surface,MISSING,Surface tag is recommended to assess accessibility
328610291,way,surface,MISSING,Surface tag is recommended to assess accessibility
328610297,way,surface,MISSING,Surface tag is recommended to assess accessibility
328610304,way,surface,MISSING,Surface tag is recommended to assess accessibility
328610306,way,surface,MISSING,Surface tag is recommended to assess accessibility
328652091,way,surface,MISSING,Surface tag is recommended to assess accessibility
329048114,way,surface,MISSING,Surface tag is recommended to assess accessibility
329048115,way,surface,MISSING,Surface tag is recommended to assess accessibility
329048116,way,surface,MISSING,Surface tag is recommended to assess accessibility
329048118,way,surface,MISSING,Surface tag is recommended to assess accessibility
329048119,way,surface,MISSING,Surface tag is recommended to assess accessibility
329048120,way,surface,MISSING,Surface tag is recommended to assess accessibility
329048121,way,surface,MISSING,Surface tag is recommended to assess accessibility
329050021,way,surface,MISSING,Surface tag is recommended to assess accessibility
329050022,way,surface,MISSING,Surface tag is recommended to assess accessibility
329050023,way,surface,MISSING,Surface tag is recommended to assess accessibility
329050069,way,surface,MISSING,Surface tag is recommended to assess accessibility
329050219,way,surface,MISSING,Surface tag is recommended to assess accessibility
329050220,way,surface,MISSING,Surface tag is recommended to assess accessibility
329050282,way,surface,MISSING,Surface tag is recommended to assess accessibility
329050835,way,surface,MISSING,Surface tag is recommended to assess accessibility
329050836,way,surface,MISSING,Surface tag is recommended to assess accessibility
329050837,way,surface,MISSING,Surface tag is recommended to assess accessibility
329050838,way,surface,MISSING,Surface tag is recommended to assess accessibility
329051152,way,surface,MISSING,Surface tag is recommended to assess accessibility
329051153,way,surface,MISSING,Surface tag is recommended to assess accessibility
329051154,way,surface,MISSING,Surface tag is recommended to assess accessibility
329051199,way,surface,MISSING,Surface tag is recommended to assess accessibility
329051200,way,surface,MISSING,Surface tag is recommended to assess accessibility
329051598,way,surface,MISSING,Surface tag is recommended to assess accessibility
329051599,way,surface,MISSING,Surface tag is recommended to assess accessibility
329051600,way,surface,MISSING,Surface tag is recommended to assess accessibility
329051601,way,surface,MISSING,Surface tag is recommended to assess accessibility
329051602,way,surface,MISSING,Surface tag is recommended to assess accessibility
329051758,way,surface,MISSING,Surface tag is recommended to assess accessibility
329051759,way,surface,MISSING,Surface tag is recommended to assess accessibility
329051760,way,surface,MISSING,Surface tag is recommended to assess accessibility
329051889,way,surface,MISSING,Surface tag is recommended to assess accessibility
329051890,way,surface,MISSING,Surface tag is recommended to assess accessibility
329051891,way,surface,MISSING,Surface tag is recommended to assess accessibility
329052941,way,surface,MISSING,Surface tag is recommended to assess accessibility
329052942,way,surface,MISSING,Surface tag is recommended to assess accessibility
329054372,way,surface,MISSING,Surface tag is recommended to assess accessibility
329054373,way,surface,MISSING,Surface tag is recommended to assess accessibility
329054374,way,surface,MISSING,Surface tag is recommended to assess accessibility
329107396,way,surface,MISSING,Surface tag is recommended to assess accessibility
329114575,way,surface,MISSING,Surface tag is recommended to assess accessibility
329114576,way,surface,MISSING,Surface tag is recommended to assess accessibility
329114577,way,surface,MISSING,Surface tag is recommended to assess accessibility
329114578,way,surface,MISSING,Surface tag is recommended to assess accessibility
329114579,way,surface,MISSING,Surface tag is recommended to assess accessibility
329114580,way,surface,MISSING,Surface tag is recommended to assess accessibility
329120485,way,surface,MISSING,Surface tag is recommended to assess accessibility
329120810,way,surface,MISSING,Surface tag is recommended to assess accessibility
329132676,way,surface,MISSING,Surface tag is recommended to assess accessibility
329133597,way,surface,MISSING,Surface tag is recommended to assess accessibility
329133598,way,surface,MISSING,Surface tag is recommended to assess accessibility
329133599,way,surface,MISSING,Surface tag is recommended to assess accessibility
329133600,way,surface,MISSING,Surface tag is recommended to assess accessibility
329133601,way,surface,MISSING,Surface tag is recommended to assess accessibility
329133602,way,surface,MISSING,Surface tag is recommended to assess accessibility
329197529,way,surface,MISSING,Surface tag is recommended to assess accessibility
329197530,way,surface,MISSING,Surface tag is recommended to assess accessibility
329197531,way,surface,MISSING,Surface tag is recommended to assess accessibility
329197532,way,surface,MISSING,Surface tag is recommended to assess accessibility
329573032,way,surface,MISSING,Surface tag is recommended to assess accessibility
329573033,way,surface,MISSING,Surface tag is recommended to assess accessibility
329573034,way,surface,MISSING,Surface tag is recommended to assess accessibility
329573035,way,surface,MISSING,Surface tag is recommended to assess accessibility
329573036,way,surface,MISSING,Surface tag is recommended to assess accessibility
329740323,way,surface,MISSING,Surface tag is recommended to assess accessibility
329860869,way,surface,MISSING,Surface tag is recommended to assess accessibility
329860871,way,surface,MISSING,Surface tag is recommended to assess accessibility
330098268,way,surface,MISSING,Surface tag is recommended to assess accessibility
330106400,way,surface,MISSING,Surface tag is recommended to assess accessibility
330209660,way,surface,MISSING,Surface tag is recommended to assess accessibility
330211005,way,surface,MISSING,Surface tag is recommended to assess accessibility
330211008,way,surface,MISSING,Surface tag is recommended to assess accessibility
330212933,way,surface,MISSING,Surface tag is recommended to assess accessibility
330212934,way,surface,MISSING,Surface tag is recommended to assess accessibility
330224592,way,surface,MISSING,Surface tag is recommended to assess accessibility
330243590,way,surface,MISSING,Surface tag is recommended to assess accessibility
330255568,way,surface,MISSING,Surface tag is recommended to assess accessibility
330343012,way,surface,MISSING,Surface tag is recommended to assess accessibility
330343013,way,surface,MISSING,Surface tag is recommended to assess accessibility
330343014,way,surface,MISSING,Surface tag is recommended to assess accessibility
330343015,way,surface,MISSING,Surface tag is recommended to assess accessibility
330343016,way,surface,MISSING,Surface tag is recommended to assess accessibility
330343017,way,surface,MISSING,Surface tag is recommended to assess accessibility
330343112,way,surface,MISSING,Surface tag is recommended to assess accessibility
330361973,way,surface,MISSING,Surface tag is recommended to assess accessibility
330361975,way,surface,MISSING,Surface tag is recommended to assess accessibility
330363035,way,surface,MISSING,Surface tag is recommended to assess accessibility
330363036,way,surface,MISSING,Surface tag is recommended to assess accessibility
330363037,way,surface,MISSING,Surface tag is recommended to assess accessibility
330363038,way,surface,MISSING,Surface tag is recommended to assess accessibility
330363039,way,surface,MISSING,Surface tag is recommended to assess accessibility
330370286,way,surface,MISSING,Surface tag is recommended to assess accessibility
330379146,way,surface,MISSING,Surface tag is recommended to assess accessibility
330647953,way,surface,MISSING,Surface tag is recommended to assess accessibility
330647959,way,surface,MISSING,Surface tag is recommended to assess accessibility
330647961,way,surface,MISSING,Surface tag is recommended to assess accessibility
330647970,way,surface,MISSING,Surface tag is recommended to assess accessibility
330647973,way,surface,MISSING,Surface tag is recommended to assess accessibility
330647976,way,surface,MISSING,Surface tag is recommended to assess accessibility
330647978,way,surface,MISSING,Surface tag is recommended to assess accessibility
330647980,way,surface,MISSING,Surface tag is recommended to assess accessibility
330647982,way,surface,MISSING,Surface tag is recommended to assess accessibility
330647983,way,surface,MISSING,Surface tag is recommended to assess accessibility
330650496,way,surface,MISSING,Surface tag is recommended to assess accessibility
330694769,way,surface,MISSING,Surface tag is recommended to assess accessibility
330694770,way,surface,MISSING,Surface tag is recommended to assess accessibility
330695166,way,surface,MISSING,Surface tag is recommended to assess accessibility
330807501,way,surface,MISSING,Surface tag is recommended to assess accessibility
330809039,way,surface,MISSING,Surface tag is recommended to assess accessibility
330809059,way,surface,MISSING,Surface tag is recommended to assess accessibility
330809061,way,surface,MISSING,Surface tag is recommended to assess accessibility
330809764,way,surface,MISSING,Surface tag is recommended to assess accessibility
330809765,way,surface,MISSING,Surface tag is recommended to assess accessibility
330809766,way,surface,MISSING,Surface tag is recommended to assess accessibility
330810330,way,surface,MISSING,Surface tag is recommended to assess accessibility
330816129,way,surface,MISSING,Surface tag is recommended to assess accessibility
330823750,way,surface,MISSING,Surface tag is recommended to assess accessibility
330823751,way,surface,MISSING,Surface tag is recommended to assess accessibility
330823884,way,surface,MISSING,Surface tag is recommended to assess accessibility
330844389,way,surface,MISSING,Surface tag is recommended to assess accessibility
330844390,way,surface,MISSING,Surface tag is recommended to assess accessibility
330844392,way,surface,MISSING,Surface tag is recommended to assess accessibility
330844400,way,surface,MISSING,Surface tag is recommended to assess accessibility
330844401,way,surface,MISSING,Surface tag is recommended to assess accessibility
330844402,way,surface,MISSING,Surface tag is recommended to assess accessibility
330844403,way,surface,MISSING,Surface tag is recommended to assess accessibility
330855412,way,surface,MISSING,Surface tag is recommended to assess accessibility
330855413,way,surface,MISSING,Surface tag is recommended to assess accessibility
330855600,way,surface,MISSING,Surface tag is recommended to assess accessibility
330855601,way,surface,MISSING,Surface tag is recommended to assess accessibility
330855603,way,surface,MISSING,Surface tag is recommended to assess accessibility
330855797,way,surface,MISSING,Surface tag is recommended to assess accessibility
331478805,way,surface,MISSING,Surface tag is recommended to assess accessibility
331490610,way,surface,MISSING,Surface tag is recommended to assess accessibility
331490612,way,surface,MISSING,Surface tag is recommended to assess accessibility
331490613,way,surface,MISSING,Surface tag is recommended to assess accessibility
331490614,way,surface,MISSING,Surface tag is recommended to assess accessibility
331490616,way,surface,MISSING,Surface tag is recommended to assess accessibility
331490617,way,surface,MISSING,Surface tag is recommended to assess accessibility
331689421,way,surface,MISSING,Surface tag is recommended to assess accessibility
331689422,way,surface,MISSING,Surface tag is recommended to assess accessibility
331689423,way,surface,MISSING,Surface tag is recommended to assess accessibility
331996757,way,surface,MISSING,Surface tag is recommended to assess accessibility
331996758,way,surface,MISSING,Surface tag is recommended to assess accessibility
331996759,way,surface,MISSING,Surface tag is recommended to assess accessibility
332002920,way,surface,MISSING,Surface tag is recommended to assess accessibility
332190728,way,surface,MISSING,Surface tag is recommended to assess accessibility
332190729,way,surface,MISSING,Surface tag is recommended to assess accessibility
332190730,way,surface,MISSING,Surface tag is recommended to assess accessibility
332190731,way,surface,MISSING,Surface tag is recommended to assess accessibility
332190732,way,surface,MISSING,Surface tag is recommended to assess accessibility
332190733,way,surface,MISSING,Surface tag is recommended to assess accessibility
332190734,way,surface,MISSING,Surface tag is recommended to assess accessibility
332190735,way,surface,MISSING,Surface tag is recommended to assess accessibility
332190736,way,surface,MISSING,Surface tag is recommended to assess accessibility
332190737,way,surface,MISSING,Surface tag is recommended to assess accessibility
332190738,way,surface,MISSING,Surface tag is recommended to assess accessibility
332190739,way,surface,MISSING,Surface tag is recommended to assess accessibility
332190740,way,surface,MISSING,Surface tag is recommended to assess accessibility
332190741,way,surface,MISSING,Surface tag is recommended to assess accessibility
332190742,way,surface,MISSING,Surface tag is recommended to assess accessibility
332190743,way,surface,MISSING,Surface tag is recommended to assess accessibility
332190744,way,surface,MISSING,Surface tag is recommended to assess accessibility
332190745,way,surface,MISSING,Surface tag is recommended to assess accessibility
332190746,way,surface,MISSING,Surface tag is recommended to assess accessibility
332190747,way,surface,MISSING,Surface tag is recommended to assess accessibility
332190748,way,surface,MISSING,Surface tag is recommended to assess accessibility
332374555,way,surface,MISSING,Surface tag is recommended to assess accessibility
332374558,way,surface,MISSING,Surface tag is recommended to assess accessibility
332377702,way,surface,MISSING,Surface tag is recommended to assess accessibility
332384284,way,surface,MISSING,Surface tag is recommended to assess accessibility
332384288,way,surface,MISSING,Surface tag is recommended to assess accessibility
332384308,way,surface,MISSING,Surface tag is recommended to assess accessibility
332520676,way,surface,MISSING,Surface tag is recommended to assess accessibility
332520677,way,surface,MISSING,Surface tag is recommended to assess accessibility
332520678,way,surface,MISSING,Surface tag is recommended to assess accessibility
332520679,way,surface,MISSING,Surface tag is recommended to assess accessibility
332520680,way,surface,MISSING,Surface tag is recommended to assess accessibility
332520681,way,surface,MISSING,Surface tag is recommended to assess accessibility
332520682,way,surface,MISSING,Surface tag is recommended to assess accessibility
332520683,way,surface,MISSING,Surface tag is recommended to assess accessibility
332520684,way,surface,MISSING,Surface tag is recommended to assess accessibility
332520685,way,surface,MISSING,Surface tag is recommended to assess accessibility
332520686,way,surface,MISSING,Surface tag is recommended to assess accessibility
332520687,way,surface,MISSING,Surface tag is recommended to assess accessibility
332520688,way,surface,MISSING,Surface tag is recommended to assess accessibility
332520689,way,surface,MISSING,Surface tag is recommended to assess accessibility
332520690,way,surface,MISSING,Surface tag is recommended to assess accessibility
332520691,way,surface,MISSING,Surface tag is recommended to assess accessibility
332522064,way,surface,MISSING,Surface tag is recommended to assess accessibility
332522066,way,surface,MISSING,Surface tag is recommended to assess accessibility
332522067,way,surface,MISSING,Surface tag is recommended to assess accessibility
332522068,way,surface,MISSING,Surface tag is recommended to assess accessibility
332522069,way,surface,MISSING,Surface tag is recommended to assess accessibility
332522072,way,surface,MISSING,Surface tag is recommended to assess accessibility
332522075,way,surface,MISSING,Surface tag is recommended to assess accessibility
332522076,way,surface,MISSING,Surface tag is recommended to assess accessibility
332522077,way,surface,MISSING,Surface tag is recommended to assess accessibility
332535203,way,surface,MISSING,Surface tag is recommended to assess accessibility
332535204,way,surface,MISSING,Surface tag is recommended to assess accessibility
332535205,way,surface,MISSING,Surface tag is recommended to assess accessibility
332535206,way,surface,MISSING,Surface tag is recommended to assess accessibility
332535207,way,surface,MISSING,Surface tag is recommended to assess accessibility
332535208,way,surface,MISSING,Surface tag is recommended to assess accessibility
332535209,way,surface,MISSING,Surface tag is recommended to assess accessibility
332538385,way,surface,MISSING,Surface tag is recommended to assess accessibility
332538386,way,surface,MISSING,Surface tag is recommended to assess accessibility
332642994,way,surface,MISSING,Surface tag is recommended to assess accessibility
332644912,way,surface,MISSING,Surface tag is recommended to assess accessibility
332644914,way,surface,MISSING,Surface tag is recommended to assess accessibility
332911790,way,surface,MISSING,Surface tag is recommended to assess accessibility
332911824,way,surface,MISSING,Surface tag is recommended to assess accessibility
333430143,way,surface,MISSING,Surface tag is recommended to assess accessibility
333835631,way,surface,MISSING,Surface tag is recommended to assess accessibility
333835637,way,surface,MISSING,Surface tag is recommended to assess accessibility
333835638,way,surface,MISSING,Surface tag is recommended to assess accessibility
333835642,way,surface,MISSING,Surface tag is recommended to assess accessibility
334550511,way,surface,MISSING,Surface tag is recommended to assess accessibility
334550512,way,surface,MISSING,Surface tag is recommended to assess accessibility
334550513,way,surface,MISSING,Surface tag is recommended to assess accessibility
336043932,way,surface,MISSING,Surface tag is recommended to assess accessibility
337580896,way,surface,MISSING,Surface tag is recommended to assess accessibility
337580899,way,surface,MISSING,Surface tag is recommended to assess accessibility
337580900,way,surface,MISSING,Surface tag is recommended to assess accessibility
337580901,way,surface,MISSING,Surface tag is recommended to assess accessibility
337580903,way,surface,MISSING,Surface tag is recommended to assess accessibility
337580905,way,surface,MISSING,Surface tag is recommended to assess accessibility
337580906,way,surface,MISSING,Surface tag is recommended to assess accessibility
337580908,way,surface,MISSING,Surface tag is recommended to assess accessibility
337580911,way,surface,MISSING,Surface tag is recommended to assess accessibility
337580913,way,surface,MISSING,Surface tag is recommended to assess accessibility
337580918,way,surface,MISSING,Surface tag is recommended to assess accessibility
337580919,way,surface,MISSING,Surface tag is recommended to assess accessibility
337580921,way,surface,MISSING,Surface tag is recommended to assess accessibility
337580923,way,surface,MISSING,Surface tag is recommended to assess accessibility
337580924,way,surface,MISSING,Surface tag is recommended to assess accessibility
337580925,way,surface,MISSING,Surface tag is recommended to assess accessibility
337580928,way,surface,MISSING,Surface tag is recommended to assess accessibility
337580933,way,surface,MISSING,Surface tag is recommended to assess accessibility
337583020,way,surface,MISSING,Surface tag is recommended to assess accessibility
337583021,way,surface,MISSING,Surface tag is recommended to assess accessibility
337583022,way,surface,MISSING,Surface tag is recommended to assess accessibility
337583023,way,surface,MISSING,Surface tag is recommended to assess accessibility
337583024,way,surface,MISSING,Surface tag is recommended to assess accessibility
337583025,way,surface,MISSING,Surface tag is recommended to assess accessibility
337583026,way,surface,MISSING,Surface tag is recommended to assess accessibility
337583027,way,surface,MISSING,Surface tag is recommended to assess accessibility
337583028,way,surface,MISSING,Surface tag is recommended to assess accessibility
337583029,way,surface,MISSING,Surface tag is recommended to assess accessibility
337583030,way,surface,MISSING,Surface tag is recommended to assess accessibility
337583031,way,surface,MISSING,Surface tag is recommended to assess accessibility
337583032,way,surface,MISSING,Surface tag is recommended to assess accessibility
337583033,way,surface,MISSING,Surface tag is recommended to assess accessibility
337583034,way,surface,MISSING,Surface tag is recommended to assess accessibility
337583035,way,surface,MISSING,Surface tag is recommended to assess accessibility
337583036,way,surface,MISSING,Surface tag is recommended to assess accessibility
337583037,way,surface,MISSING,Surface tag is recommended to assess accessibility
337583038,way,surface,MISSING,Surface tag is recommended to assess accessibility
337583039,way,surface,MISSING,Surface tag is recommended to assess accessibility
337583040,way,surface,MISSING,Surface tag is recommended to assess accessibility
337583041,way,surface,MISSING,Surface tag is recommended to assess accessibility
337583042,way,surface,MISSING,Surface tag is recommended to assess accessibility
337583043,way,surface,MISSING,Surface tag is recommended to assess accessibility
337583044,way,surface,MISSING,Surface tag is recommended to assess accessibility
337583045,way,surface,MISSING,Surface tag is recommended to assess accessibility
337583046,way,surface,MISSING,Surface tag is recommended to assess accessibility
337583047,way,surface,MISSING,Surface tag is recommended to assess accessibility
337583048,way,surface,MISSING,Surface tag is recommended to assess accessibility
337583049,way,surface,MISSING,Surface tag is recommended to assess accessibility
337583050,way,surface,MISSING,Surface tag is recommended to assess accessibility
337798217,way,surface,MISSING,Surface tag is recommended to assess accessibility
337798218,way,surface,MISSING,Surface tag is recommended to assess accessibility
337798219,way,surface,MISSING,Surface tag is recommended to assess accessibility
337798222,way,surface,MISSING,Surface tag is recommended to assess accessibility
337798426,way,surface,MISSING,Surface tag is recommended to assess accessibility
337798440,way,surface,MISSING,Surface tag is recommended to assess accessibility
337798465,way,surface,MISSING,Surface tag is recommended to assess accessibility
337798467,way,surface,MISSING,Surface tag is recommended to assess accessibility
338016389,way,surface,MISSING,Surface tag is recommended to assess accessibility
338016390,way,surface,MISSING,Surface tag is recommended to assess accessibility
338016391,way,surface,MISSING,Surface tag is recommended to assess accessibility
338016392,way,surface,MISSING,Surface tag is recommended to assess accessibility
338016393,way,surface,MISSING,Surface tag is recommended to assess accessibility
338016394,way,surface,MISSING,Surface tag is recommended to assess accessibility
338016395,way,surface,MISSING,Surface tag is recommended to assess accessibility
338016396,way,surface,MISSING,Surface tag is recommended to assess accessibility
338016397,way,surface,MISSING,Surface tag is recommended to assess accessibility
338016398,way,surface,MISSING,Surface tag is recommended to assess accessibility
338016399,way,surface,MISSING,Surface tag is recommended to assess accessibility
338474448,way,surface,MISSING,Surface tag is recommended to assess accessibility
338790438,way,surface,MISSING,Surface tag is recommended to assess accessibility
339104478,way,surface,MISSING,Surface tag is recommended to assess accessibility
339104486,way,surface,MISSING,Surface tag is recommended to assess accessibility
339104491,way,surface,MISSING,Surface tag is recommended to assess accessibility
339104499,way,surface,MISSING,Surface tag is recommended to assess accessibility
339104505,way,surface,MISSING,Surface tag is recommended to assess accessibility
339104517,way,surface,MISSING,Surface tag is recommended to assess accessibility
339130169,way,surface,MISSING,Surface tag is recommended to assess accessibility
339750270,way,surface,MISSING,Surface tag is recommended to assess accessibility
339887954,way,surface,MISSING,Surface tag is recommended to assess accessibility
340133470,way,surface,MISSING,Surface tag is recommended to assess accessibility
340165283,way,surface,MISSING,Surface tag is recommended to assess accessibility
340289865,way,surface,MISSING,Surface tag is recommended to assess accessibility
340403546,way,surface,MISSING,Surface tag is recommended to assess accessibility
340631633,way,surface,MISSING,Surface tag is recommended to assess accessibility
340689657,way,surface,MISSING,Surface tag is recommended to assess accessibility
341010325,way,surface,MISSING,Surface tag is recommended to assess accessibility
341025284,way,surface,MISSING,Surface tag is recommended to assess accessibility
341025297,way,surface,MISSING,Surface tag is recommended to assess accessibility
341176412,way,surface,MISSING,Surface tag is recommended to assess accessibility
341176416,way,surface,MISSING,Surface tag is recommended to assess accessibility
341176417,way,surface,MISSING,Surface tag is recommended to assess accessibility
341176420,way,surface,MISSING,Surface tag is recommended to assess accessibility
341424065,way,surface,MISSING,Surface tag is recommended to assess accessibility
341640463,way,surface,MISSING,Surface tag is recommended to assess accessibility
341640464,way,surface,MISSING,Surface tag is recommended to assess accessibility
342206919,way,surface,MISSING,Surface tag is recommended to assess accessibility
342206924,way,surface,MISSING,Surface tag is recommended to assess accessibility
342538207,way,surface,MISSING,Surface tag is recommended to assess accessibility
342538210,way,surface,MISSING,Surface tag is recommended to assess accessibility
342538221,way,surface,MISSING,Surface tag is recommended to assess accessibility
343556277,way,surface,MISSING,Surface tag is recommended to assess accessibility
343556278,way,surface,MISSING,Surface tag is recommended to assess accessibility
343556279,way,surface,MISSING,Surface tag is recommended to assess accessibility
343556280,way,surface,MISSING,Surface tag is recommended to assess accessibility
343556281,way,surface,MISSING,Surface tag is recommended to assess accessibility
343556282,way,surface,MISSING,Surface tag is recommended to assess accessibility
343556283,way,surface,MISSING,Surface tag is recommended to assess accessibility
343556284,way,surface,MISSING,Surface tag is recommended to assess accessibility
343556285,way,surface,MISSING,Surface tag is recommended to assess accessibility
343556286,way,surface,MISSING,Surface tag is recommended to assess accessibility
343556287,way,surface,MISSING,Surface tag is recommended to assess accessibility
343556288,way,surface,MISSING,Surface tag is recommended to assess accessibility
343556289,way,surface,MISSING,Surface tag is recommended to assess accessibility
344150930,way,surface,MISSING,Surface tag is recommended to assess accessibility
344150931,way,surface,MISSING,Surface tag is recommended to assess accessibility
344150932,way,surface,MISSING,Surface tag is recommended to assess accessibility
344679526,way,surface,MISSING,Surface tag is recommended to assess accessibility
344679527,way,surface,MISSING,Surface tag is recommended to assess accessibility
344679528,way,surface,MISSING,Surface tag is recommended to assess accessibility
344679529,way,surface,MISSING,Surface tag is recommended to assess accessibility
344998282,way,surface,MISSING,Surface tag is recommended to assess accessibility
344998285,way,surface,MISSING,Surface tag is recommended to assess accessibility
344998287,way,surface,MISSING,Surface tag is recommended to assess accessibility
344998290,way,surface,MISSING,Surface tag is recommended to assess accessibility
344998292,way,surface,MISSING,Surface tag is recommended to assess accessibility
344998294,way,surface,MISSING,Surface tag is recommended to assess accessibility
344998299,way,surface,MISSING,Surface tag is recommended to assess accessibility
345038824,way,surface,MISSING,Surface tag is recommended to assess accessibility
345038826,way,surface,MISSING,Surface tag is recommended to assess accessibility
345532289,way,surface,MISSING,Surface tag is recommended to assess accessibility
345542660,way,surface,MISSING,Surface tag is recommended to assess accessibility
345542664,way,surface,MISSING,Surface tag is recommended to assess accessibility
345544184,way,surface,MISSING,Surface tag is recommended to assess accessibility
345544186,way,surface,MISSING,Surface tag is recommended to assess accessibility
345544191,way,surface,MISSING,Surface tag is recommended to assess accessibility
346593108,way,surface,MISSING,Surface tag is recommended to assess accessibility
346926103,way,surface,MISSING,Surface tag is recommended to assess accessibility
346926107,way,surface,MISSING,Surface tag is recommended to assess accessibility
346926109,way,surface,MISSING,Surface tag is recommended to assess accessibility
346926110,way,surface,MISSING,Surface tag is recommended to assess accessibility
346926115,way,surface,MISSING,Surface tag is recommended to assess accessibility
346926116,way,surface,MISSING,Surface tag is recommended to assess accessibility
346926117,way,surface,MISSING,Surface tag is recommended to assess accessibility
346926119,way,surface,MISSING,Surface tag is recommended to assess accessibility
346926125,way,surface,MISSING,Surface tag is recommended to assess accessibility
347715266,way,surface,MISSING,Surface tag is recommended to assess accessibility
347715267,way,surface,MISSING,Surface tag is recommended to assess accessibility
347718332,way,surface,MISSING,Surface tag is recommended to assess accessibility
347905389,way,surface,MISSING,Surface tag is recommended to assess accessibility
347966287,way,surface,MISSING,Surface tag is recommended to assess accessibility
347966288,way,surface,MISSING,Surface tag is recommended to assess accessibility
347966289,way,surface,MISSING,Surface tag is recommended to assess accessibility
348772042,way,surface,MISSING,Surface tag is recommended to assess accessibility
349183146,way,surface,MISSING,Surface tag is recommended to assess accessibility
350637229,way,surface,MISSING,Surface tag is recommended to assess accessibility
350637234,way,surface,MISSING,Surface tag is recommended to assess accessibility
351522271,way,surface,MISSING,Surface tag is recommended to assess accessibility
351522273,way,surface,MISSING,Surface tag is recommended to assess accessibility
351688684,way,surface,MISSING,Surface tag is recommended to assess accessibility
351688687,way,surface,MISSING,Surface tag is recommended to assess accessibility
351688688,way,surface,MISSING,Surface tag is recommended to assess accessibility
351688694,way,surface,MISSING,Surface tag is recommended to assess accessibility
351688699,way,surface,MISSING,Surface tag is recommended to assess accessibility
352522124,way,surface,MISSING,Surface tag is recommended to assess accessibility
352889671,way,surface,MISSING,Surface tag is recommended to assess accessibility
353259556,way,surface,MISSING,Surface tag is recommended to assess accessibility
353259562,way,surface,MISSING,Surface tag is recommended to assess accessibility
353259587,way,surface,MISSING,Surface tag is recommended to assess accessibility
353259597,way,surface,MISSING,Surface tag is recommended to assess accessibility
353259598,way,surface,MISSING,Surface tag is recommended to assess accessibility
353268756,way,surface,MISSING,Surface tag is recommended to assess accessibility
353268758,way,surface,MISSING,Surface tag is recommended to assess accessibility
353269237,way,surface,MISSING,Surface tag is recommended to assess accessibility
353797602,way,surface,MISSING,Surface tag is recommended to assess accessibility
354331591,way,surface,MISSING,Surface tag is recommended to assess accessibility
354331629,way,surface,MISSING,Surface tag is recommended to assess accessibility
354901982,way,surface,MISSING,Surface tag is recommended to assess accessibility
354923894,way,surface,MISSING,Surface tag is recommended to assess accessibility
355299137,way,surface,MISSING,Surface tag is recommended to assess accessibility
355299373,way,surface,MISSING,Surface tag is recommended to assess accessibility
355334210,way,surface,MISSING,Surface tag is recommended to assess accessibility
355540449,way,surface,MISSING,Surface tag is recommended to assess accessibility
355540450,way,surface,MISSING,Surface tag is recommended to assess accessibility
355540451,way,surface,MISSING,Surface tag is recommended to assess accessibility
355540452,way,surface,MISSING,Surface tag is recommended to assess accessibility
355540453,way,surface,MISSING,Surface tag is recommended to assess accessibility
355540455,way,surface,MISSING,Surface tag is recommended to assess accessibility
355654204,way,surface,MISSING,Surface tag is recommended to assess accessibility
356601908,way,surface,MISSING,Surface tag is recommended to assess accessibility
356737545,way,surface,MISSING,Surface tag is recommended to assess accessibility
356776222,way,surface,MISSING,Surface tag is recommended to assess accessibility
356777073,way,surface,MISSING,Surface tag is recommended to assess accessibility
356780624,way,surface,MISSING,Surface tag is recommended to assess accessibility
356783417,way,surface,MISSING,Surface tag is recommended to assess accessibility
357044476,way,surface,MISSING,Surface tag is recommended to assess accessibility
357044495,way,surface,MISSING,Surface tag is recommended to assess accessibility
357429919,way,surface,MISSING,Surface tag is recommended to assess accessibility
357429926,way,surface,MISSING,Surface tag is recommended to assess accessibility
357493613,way,surface,MISSING,Surface tag is recommended to assess accessibility
358915324,way,surface,MISSING,Surface tag is recommended to assess accessibility
360192674,way,surface,MISSING,Surface tag is recommended to assess accessibility
360194516,way,surface,MISSING,Surface tag is recommended to assess accessibility
360194517,way,surface,MISSING,Surface tag is recommended to assess accessibility
360194518,way,surface,MISSING,Surface tag is recommended to assess accessibility
360834657,way,surface,MISSING,Surface tag is recommended to assess accessibility
360835797,way,surface,MISSING,Surface tag is recommended to assess accessibility
361271798,way,surface,MISSING,Surface tag is recommended to assess accessibility
361271800,way,surface,MISSING,Surface tag is recommended to assess accessibility
362717409,way,surface,MISSING,Surface tag is recommended to assess accessibility
365339144,way,surface,MISSING,Surface tag is recommended to assess accessibility
365339145,way,surface,MISSING,Surface tag is recommended to assess accessibility
365339146,way,surface,MISSING,Surface tag is recommended to assess accessibility
365348835,way,surface,MISSING,Surface tag is recommended to assess accessibility
365920422,way,surface,MISSING,Surface tag is recommended to assess accessibility
365920424,way,surface,MISSING,Surface tag is recommended to assess accessibility
365920425,way,surface,MISSING,Surface tag is recommended to assess accessibility
365920426,way,surface,MISSING,Surface tag is recommended to assess accessibility
365920427,way,surface,MISSING,Surface tag is recommended to assess accessibility
366288281,way,surface,MISSING,Surface tag is recommended to assess accessibility
366811693,way,surface,MISSING,Surface tag is recommended to assess accessibility
366811694,way,surface,MISSING,Surface tag is recommended to assess accessibility
366811697,way,surface,MISSING,Surface tag is recommended to assess accessibility
366811989,way,surface,MISSING,Surface tag is recommended to assess accessibility
366811990,way,surface,MISSING,Surface tag is recommended to assess accessibility
366812033,way,surface,MISSING,Surface tag is recommended to assess accessibility
366812257,way,surface,MISSING,Surface tag is recommended to assess accessibility
366812260,way,surface,MISSING,Surface tag is recommended to assess accessibility
366812261,way,surface,MISSING,Surface tag is recommended to assess accessibility
366812523,way,surface,MISSING,Surface tag is recommended to assess accessibility
366812542,way,surface,MISSING,Surface tag is recommended to assess accessibility
366812950,way,surface,MISSING,Surface tag is recommended to assess accessibility
366812951,way,surface,MISSING,Surface tag is recommended to assess accessibility
366812952,way,surface,MISSING,Surface tag is recommended to assess accessibility
366812954,way,surface,MISSING,Surface tag is recommended to assess accessibility
366929902,way,surface,MISSING,Surface tag is recommended to assess accessibility
366929908,way,surface,MISSING,Surface tag is recommended to assess accessibility
367017390,way,surface,MISSING,Surface tag is recommended to assess accessibility
367017391,way,surface,MISSING,Surface tag is recommended to assess accessibility
367017392,way,surface,MISSING,Surface tag is recommended to assess accessibility
367017393,way,surface,MISSING,Surface tag is recommended to assess accessibility
367017394,way,surface,MISSING,Surface tag is recommended to assess accessibility
367017395,way,surface,MISSING,Surface tag is recommended to assess accessibility
367261673,way,surface,MISSING,Surface tag is recommended to assess accessibility
367323791,way,surface,MISSING,Surface tag is recommended to assess accessibility
367429544,way,surface,MISSING,Surface tag is recommended to assess accessibility
368000655,way,surface,MISSING,Surface tag is recommended to assess accessibility
368000658,way,surface,MISSING,Surface tag is recommended to assess accessibility
368108488,way,surface,MISSING,Surface tag is recommended to assess accessibility
368108489,way,surface,MISSING,Surface tag is recommended to assess accessibility
368108492,way,surface,MISSING,Surface tag is recommended to assess accessibility
368108493,way,surface,MISSING,Surface tag is recommended to assess accessibility
368175134,way,surface,MISSING,Surface tag is recommended to assess accessibility
368256577,way,surface,MISSING,Surface tag is recommended to assess accessibility
368291287,way,surface,MISSING,Surface tag is recommended to assess accessibility
368291288,way,surface,MISSING,Surface tag is recommended to assess accessibility
368291291,way,surface,MISSING,Surface tag is recommended to assess accessibility
368291294,way,surface,MISSING,Surface tag is recommended to assess accessibility
368291299,way,surface,MISSING,Surface tag is recommended to assess accessibility
368291301,way,surface,MISSING,Surface tag is recommended to assess accessibility
368292977,way,surface,MISSING,Surface tag is recommended to assess accessibility
368292980,way,surface,MISSING,Surface tag is recommended to assess accessibility
368293730,way,surface,MISSING,Surface tag is recommended to assess accessibility
368293732,way,surface,MISSING,Surface tag is recommended to assess accessibility
368293733,way,surface,MISSING,Surface tag is recommended to assess accessibility
368293738,way,surface,MISSING,Surface tag is recommended to assess accessibility
368293739,way,surface,MISSING,Surface tag is recommended to assess accessibility
368454093,way,surface,MISSING,Surface tag is recommended to assess accessibility
368454096,way,surface,MISSING,Surface tag is recommended to assess accessibility
368454100,way,surface,MISSING,Surface tag is recommended to assess accessibility
368454106,way,surface,MISSING,Surface tag is recommended to assess accessibility
368454108,way,surface,MISSING,Surface tag is recommended to assess accessibility
368454112,way,surface,MISSING,Surface tag is recommended to assess accessibility
368454113,way,surface,MISSING,Surface tag is recommended to assess accessibility
368454114,way,surface,MISSING,Surface tag is recommended to assess accessibility
368482141,way,surface,MISSING,Surface tag is recommended to assess accessibility
368524635,way,surface,MISSING,Surface tag is recommended to assess accessibility
368524638,way,surface,MISSING,Surface tag is recommended to assess accessibility
368526654,way,surface,MISSING,Surface tag is recommended to assess accessibility
368526658,way,surface,MISSING,Surface tag is recommended to assess accessibility
368526661,way,surface,MISSING,Surface tag is recommended to assess accessibility
368540431,way,surface,MISSING,Surface tag is recommended to assess accessibility
368540432,way,surface,MISSING,Surface tag is recommended to assess accessibility
368569724,way,surface,MISSING,Surface tag is recommended to assess accessibility
368572126,way,surface,MISSING,Surface tag is recommended to assess accessibility
368572198,way,surface,MISSING,Surface tag is recommended to assess accessibility
368572199,way,surface,MISSING,Surface tag is recommended to assess accessibility
368572200,way,surface,MISSING,Surface tag is recommended to assess accessibility
368572201,way,surface,MISSING,Surface tag is recommended to assess accessibility
368572202,way,surface,MISSING,Surface tag is recommended to assess accessibility
368572203,way,surface,MISSING,Surface tag is recommended to assess accessibility
368591929,way,surface,MISSING,Surface tag is recommended to assess accessibility
368591935,way,surface,MISSING,Surface tag is recommended to assess accessibility
368591939,way,surface,MISSING,Surface tag is recommended to assess accessibility
368591941,way,surface,MISSING,Surface tag is recommended to assess accessibility
368605747,way,surface,MISSING,Surface tag is recommended to assess accessibility
368787438,way,surface,MISSING,Surface tag is recommended to assess accessibility
368787440,way,surface,MISSING,Surface tag is recommended to assess accessibility
368787442,way,surface,MISSING,Surface tag is recommended to assess accessibility
368787443,way,surface,MISSING,Surface tag is recommended to assess accessibility
368787444,way,surface,MISSING,Surface tag is recommended to assess accessibility
368789686,way,surface,MISSING,Surface tag is recommended to assess accessibility
368789687,way,surface,MISSING,Surface tag is recommended to assess accessibility
368789688,way,surface,MISSING,Surface tag is recommended to assess accessibility
368789689,way,surface,MISSING,Surface tag is recommended to assess accessibility
368898248,way,surface,MISSING,Surface tag is recommended to assess accessibility
368898252,way,surface,MISSING,Surface tag is recommended to assess accessibility
368898254,way,surface,MISSING,Surface tag is recommended to assess accessibility
368898258,way,surface,MISSING,Surface tag is recommended to assess accessibility
368898260,way,surface,MISSING,Surface tag is recommended to assess accessibility
368898262,way,surface,MISSING,Surface tag is recommended to assess accessibility
368898971,way,surface,MISSING,Surface tag is recommended to assess accessibility
368898972,way,surface,MISSING,Surface tag is recommended to assess accessibility
368898973,way,surface,MISSING,Surface tag is recommended to assess accessibility
368900538,way,surface,MISSING,Surface tag is recommended to assess accessibility
369238885,way,surface,MISSING,Surface tag is recommended to assess accessibility
369238888,way,surface,MISSING,Surface tag is recommended to assess accessibility
369238896,way,surface,MISSING,Surface tag is recommended to assess accessibility
369238900,way,surface,MISSING,Surface tag is recommended to assess accessibility
369238901,way,surface,MISSING,Surface tag is recommended to assess accessibility
369241263,way,surface,MISSING,Surface tag is recommended to assess accessibility
369241264,way,surface,MISSING,Surface tag is recommended to assess accessibility
369241266,way,surface,MISSING,Surface tag is recommended to assess accessibility
369241940,way,surface,MISSING,Surface tag is recommended to assess accessibility
369242047,way,surface,MISSING,Surface tag is recommended to assess accessibility
369247975,way,surface,MISSING,Surface tag is recommended to assess accessibility
369279433,way,surface,MISSING,Surface tag is recommended to assess accessibility
369279440,way,surface,MISSING,Surface tag is recommended to assess accessibility
369279442,way,surface,MISSING,Surface tag is recommended to assess accessibility
369279444,way,surface,MISSING,Surface tag is recommended to assess accessibility
369294055,way,surface,MISSING,Surface tag is recommended to assess accessibility
369294061,way,surface,MISSING,Surface tag is recommended to assess accessibility
369401576,way,surface,MISSING,Surface tag is recommended to assess accessibility
370209707,way,surface,MISSING,Surface tag is recommended to assess accessibility
370874872,way,surface,MISSING,Surface tag is recommended to assess accessibility
370874898,way,surface,MISSING,Surface tag is recommended to assess accessibility
372706556,way,surface,MISSING,Surface tag is recommended to assess accessibility
372706557,way,surface,MISSING,Surface tag is recommended to assess accessibility
373572455,way,surface,MISSING,Surface tag is recommended to assess accessibility
373572457,way,surface,MISSING,Surface tag is recommended to assess accessibility
373572459,way,surface,MISSING,Surface tag is recommended to assess accessibility
373572460,way,surface,MISSING,Surface tag is recommended to assess accessibility
373572461,way,surface,MISSING,Surface tag is recommended to assess accessibility
373574611,way,surface,MISSING,Surface tag is recommended to assess accessibility
373574612,way,surface,MISSING,Surface tag is recommended to assess accessibility
373574613,way,surface,MISSING,Surface tag is recommended to assess accessibility
373574614,way,surface,MISSING,Surface tag is recommended to assess accessibility
373574615,way,surface,MISSING,Surface tag is recommended to assess accessibility
374135306,way,surface,MISSING,Surface tag is recommended to assess accessibility
374375043,way,surface,MISSING,Surface tag is recommended to assess accessibility
374375044,way,surface,MISSING,Surface tag is recommended to assess accessibility
374375045,way,surface,MISSING,Surface tag is recommended to assess accessibility
374375046,way,surface,MISSING,Surface tag is recommended to assess accessibility
374375047,way,surface,MISSING,Surface tag is recommended to assess accessibility
374375049,way,surface,MISSING,Surface tag is recommended to assess accessibility
374454314,way,surface,MISSING,Surface tag is recommended to assess accessibility
374454316,way,surface,MISSING,Surface tag is recommended to assess accessibility
374454317,way,surface,MISSING,Surface tag is recommended to assess accessibility
374455223,way,surface,MISSING,Surface tag is recommended to assess accessibility
374639435,way,surface,MISSING,Surface tag is recommended to assess accessibility
374639560,way,surface,MISSING,Surface tag is recommended to assess accessibility
374639674,way,surface,MISSING,Surface tag is recommended to assess accessibility
374639675,way,surface,MISSING,Surface tag is recommended to assess accessibility
374639676,way,surface,MISSING,Surface tag is recommended to assess accessibility
374639677,way,surface,MISSING,Surface tag is recommended to assess accessibility
374639678,way,surface,MISSING,Surface tag is recommended to assess accessibility
374639958,way,surface,MISSING,Surface tag is recommended to assess accessibility
374640032,way,surface,MISSING,Surface tag is recommended to assess accessibility
374641747,way,surface,MISSING,Surface tag is recommended to assess accessibility
374641748,way,surface,MISSING,Surface tag is recommended to assess accessibility
374641817,way,surface,MISSING,Surface tag is recommended to assess accessibility
374641818,way,surface,MISSING,Surface tag is recommended to assess accessibility
374641820,way,surface,MISSING,Surface tag is recommended to assess accessibility
374641821,way,surface,MISSING,Surface tag is recommended to assess accessibility
374642139,way,surface,MISSING,Surface tag is recommended to assess accessibility
374642141,way,surface,MISSING,Surface tag is recommended to assess accessibility
374642143,way,surface,MISSING,Surface tag is recommended to assess accessibility
374642144,way,surface,MISSING,Surface tag is recommended to assess accessibility
374642145,way,surface,MISSING,Surface tag is recommended to assess accessibility
374642508,way,surface,MISSING,Surface tag is recommended to assess accessibility
374643031,way,surface,MISSING,Surface tag is recommended to assess accessibility
374643032,way,surface,MISSING,Surface tag is recommended to assess accessibility
374643643,way,surface,MISSING,Surface tag is recommended to assess accessibility
374643645,way,surface,MISSING,Surface tag is recommended to assess accessibility
374643646,way,surface,MISSING,Surface tag is recommended to assess accessibility
374643651,way,surface,MISSING,Surface tag is recommended to assess accessibility
374643655,way,surface,MISSING,Surface tag is recommended to assess accessibility
374643660,way,surface,MISSING,Surface tag is recommended to assess accessibility
374645096,way,surface,MISSING,Surface tag is recommended to assess accessibility
374645099,way,surface,MISSING,Surface tag is recommended to assess accessibility
374645102,way,surface,MISSING,Surface tag is recommended to assess accessibility
374645103,way,surface,MISSING,Surface tag is recommended to assess accessibility
374645105,way,surface,MISSING,Surface tag is recommended to assess accessibility
374657615,way,surface,MISSING,Surface tag is recommended to assess accessibility
374873223,way,surface,MISSING,Surface tag is recommended to assess accessibility
374873226,way,surface,MISSING,Surface tag is recommended to assess accessibility
374873227,way,surface,MISSING,Surface tag is recommended to assess accessibility
374873228,way,surface,MISSING,Surface tag is recommended to assess accessibility
374873232,way,surface,MISSING,Surface tag is recommended to assess accessibility
374875792,way,surface,MISSING,Surface tag is recommended to assess accessibility
374888351,way,surface,MISSING,Surface tag is recommended to assess accessibility
374888352,way,surface,MISSING,Surface tag is recommended to assess accessibility
374938150,way,surface,MISSING,Surface tag is recommended to assess accessibility
375285065,way,surface,MISSING,Surface tag is recommended to assess accessibility
375285068,way,surface,MISSING,Surface tag is recommended to assess accessibility
375285069,way,surface,MISSING,Surface tag is recommended to assess accessibility
375442883,way,surface,MISSING,Surface tag is recommended to assess accessibility
375554579,way,surface,MISSING,Surface tag is recommended to assess accessibility
375554580,way,surface,MISSING,Surface tag is recommended to assess accessibility
375554581,way,surface,MISSING,Surface tag is recommended to assess accessibility
375554582,way,surface,MISSING,Surface tag is recommended to assess accessibility
375554583,way,surface,MISSING,Surface tag is recommended to assess accessibility
375554586,way,surface,MISSING,Surface tag is recommended to assess accessibility
375707154,way,surface,MISSING,Surface tag is recommended to assess accessibility
375836047,way,surface,MISSING,Surface tag is recommended to assess accessibility
375836052,way,surface,MISSING,Surface tag is recommended to assess accessibility
376558507,way,surface,MISSING,Surface tag is recommended to assess accessibility
376558509,way,surface,MISSING,Surface tag is recommended to assess accessibility
376558511,way,surface,MISSING,Surface tag is recommended to assess accessibility
376558516,way,surface,MISSING,Surface tag is recommended to assess accessibility
376558519,way,surface,MISSING,Surface tag is recommended to assess accessibility
376558521,way,surface,MISSING,Surface tag is recommended to assess accessibility
376558525,way,surface,MISSING,Surface tag is recommended to assess accessibility
376558526,way,surface,MISSING,Surface tag is recommended to assess accessibility
376558527,way,surface,MISSING,Surface tag is recommended to assess accessibility
376558532,way,surface,MISSING,Surface tag is recommended to assess accessibility
378631114,way,surface,MISSING,Surface tag is recommended to assess accessibility
378631115,way,surface,MISSING,Surface tag is recommended to assess accessibility
378631116,way,surface,MISSING,Surface tag is recommended to assess accessibility
378631117,way,surface,MISSING,Surface tag is recommended to assess accessibility
378631118,way,surface,MISSING,Surface tag is recommended to assess accessibility
378900094,way,surface,MISSING,Surface tag is recommended to assess accessibility
380125666,way,surface,MISSING,Surface tag is recommended to assess accessibility
380125667,way,surface,MISSING,Surface tag is recommended to assess accessibility
381220777,way,surface,MISSING,Surface tag is recommended to assess accessibility
381220778,way,surface,MISSING,Surface tag is recommended to assess accessibility
381220780,way,surface,MISSING,Surface tag is recommended to assess accessibility
381220785,way,surface,MISSING,Surface tag is recommended to assess accessibility
381220786,way,surface,MISSING,Surface tag is recommended to assess accessibility
381220787,way,surface,MISSING,Surface tag is recommended to assess accessibility
381221915,way,surface,MISSING,Surface tag is recommended to assess accessibility
381221916,way,surface,MISSING,Surface tag is recommended to assess accessibility
381221917,way,surface,MISSING,Surface tag is recommended to assess accessibility
381221918,way,surface,MISSING,Surface tag is recommended to assess accessibility
381221919,way,surface,MISSING,Surface tag is recommended to assess accessibility
381221969,way,surface,MISSING,Surface tag is recommended to assess accessibility
381226773,way,surface,MISSING,Surface tag is recommended to assess accessibility
381226774,way,surface,MISSING,Surface tag is recommended to assess accessibility
381227195,way,surface,MISSING,Surface tag is recommended to assess accessibility
381698751,way,surface,MISSING,Surface tag is recommended to assess accessibility
381698752,way,surface,MISSING,Surface tag is recommended to assess accessibility
381698753,way,surface,MISSING,Surface tag is recommended to assess accessibility
381698856,way,surface,MISSING,Surface tag is recommended to assess accessibility
381698858,way,surface,MISSING,Surface tag is recommended to assess accessibility
382697158,way,surface,MISSING,Surface tag is recommended to assess accessibility
383278469,way,surface,MISSING,Surface tag is recommended to assess accessibility
383278476,way,surface,MISSING,Surface tag is recommended to assess accessibility
384190193,way,surface,MISSING,Surface tag is recommended to assess accessibility
384972184,way,surface,MISSING,Surface tag is recommended to assess accessibility
385361004,way,surface,MISSING,Surface tag is recommended to assess accessibility
385874269,way,surface,MISSING,Surface tag is recommended to assess accessibility
385968571,way,surface,MISSING,Surface tag is recommended to assess accessibility
386333094,way,surface,MISSING,Surface tag is recommended to assess accessibility
387901681,way,surface,MISSING,Surface tag is recommended to assess accessibility
389798205,way,surface,MISSING,Surface tag is recommended to assess accessibility
390396378,way,surface,MISSING,Surface tag is recommended to assess accessibility
391307591,way,surface,MISSING,Surface tag is recommended to assess accessibility
391307592,way,surface,MISSING,Surface tag is recommended to assess accessibility
391307593,way,surface,MISSING,Surface tag is recommended to assess accessibility
391741862,way,surface,MISSING,Surface tag is recommended to assess accessibility
391743042,way,surface,MISSING,Surface tag is recommended to assess accessibility
391743204,way,surface,MISSING,Surface tag is recommended to assess accessibility
391743207,way,surface,MISSING,Surface tag is recommended to assess accessibility
392946739,way,surface,MISSING,Surface tag is recommended to assess accessibility
392946741,way,surface,MISSING,Surface tag is recommended to assess accessibility
392946744,way,surface,MISSING,Surface tag is recommended to assess accessibility
392946745,way,surface,MISSING,Surface tag is recommended to assess accessibility
392946746,way,surface,MISSING,Surface tag is recommended to assess accessibility
392946748,way,surface,MISSING,Surface tag is recommended to assess accessibility
392946750,way,surface,MISSING,Surface tag is recommended to assess accessibility
392946755,way,surface,MISSING,Surface tag is recommended to assess accessibility
392949373,way,surface,MISSING,Surface tag is recommended to assess accessibility
392994979,way,surface,MISSING,Surface tag is recommended to assess accessibility
392994980,way,surface,MISSING,Surface tag is recommended to assess accessibility
392994981,way,surface,MISSING,Surface tag is recommended to assess accessibility
394510787,way,surface,MISSING,Surface tag is recommended to assess accessibility
394510875,way,surface,MISSING,Surface tag is recommended to assess accessibility
394510876,way,surface,MISSING,Surface tag is recommended to assess accessibility
394510877,way,surface,MISSING,Surface tag is recommended to assess accessibility
395745455,way,surface,MISSING,Surface tag is recommended to assess accessibility
396367633,way,surface,MISSING,Surface tag is recommended to assess accessibility
396367641,way,surface,MISSING,Surface tag is recommended to assess accessibility
396367660,way,surface,MISSING,Surface tag is recommended to assess accessibility
396367669,way,surface,MISSING,Surface tag is recommended to assess accessibility
396430294,way,surface,MISSING,Surface tag is recommended to assess accessibility
396573406,way,surface,MISSING,Surface tag is recommended to assess accessibility
397138230,way,surface,MISSING,Surface tag is recommended to assess accessibility
397212460,way,surface,MISSING,Surface tag is recommended to assess accessibility
397336536,way,surface,MISSING,Surface tag is recommended to assess accessibility
398944997,way,surface,MISSING,Surface tag is recommended to assess accessibility
398944998,way,surface,MISSING,Surface tag is recommended to assess accessibility
398944999,way,surface,MISSING,Surface tag is recommended to assess accessibility
399552589,way,surface,MISSING,Surface tag is recommended to assess accessibility
399564494,way,surface,MISSING,Surface tag is recommended to assess accessibility
399649178,way,surface,MISSING,Surface tag is recommended to assess accessibility
399649179,way,surface,MISSING,Surface tag is recommended to assess accessibility
400162758,way,surface,MISSING,Surface tag is recommended to assess accessibility
401252219,way,surface,MISSING,Surface tag is recommended to assess accessibility
401252220,way,surface,MISSING,Surface tag is recommended to assess accessibility
402470064,way,surface,MISSING,Surface tag is recommended to assess accessibility
402470067,way,surface,MISSING,Surface tag is recommended to assess accessibility
402470068,way,surface,MISSING,Surface tag is recommended to assess accessibility
402874332,way,surface,MISSING,Surface tag is recommended to assess accessibility
402989516,way,surface,MISSING,Surface tag is recommended to assess accessibility
402989518,way,surface,MISSING,Surface tag is recommended to assess accessibility
402989519,way,surface,MISSING,Surface tag is recommended to assess accessibility
402989521,way,surface,MISSING,Surface tag is recommended to assess accessibility
402989522,way,surface,MISSING,Surface tag is recommended to assess accessibility
402989525,way,surface,MISSING,Surface tag is recommended to assess accessibility
402989526,way,surface,MISSING,Surface tag is recommended to assess accessibility
402989527,way,surface,MISSING,Surface tag is recommended to assess accessibility
402989528,way,surface,MISSING,Surface tag is recommended to assess accessibility
403082733,way,surface,MISSING,Surface tag is recommended to assess accessibility
403082734,way,surface,MISSING,Surface tag is recommended to assess accessibility
403082738,way,surface,MISSING,Surface tag is recommended to assess accessibility
403671982,way,surface,MISSING,Surface tag is recommended to assess accessibility
403671985,way,surface,MISSING,Surface tag is recommended to assess accessibility
403671988,way,surface,MISSING,Surface tag is recommended to assess accessibility
403674397,way,surface,MISSING,Surface tag is recommended to assess accessibility
403676476,way,surface,MISSING,Surface tag is recommended to assess accessibility
403676486,way,surface,MISSING,Surface tag is recommended to assess accessibility
403686653,way,surface,MISSING,Surface tag is recommended to assess accessibility
403734696,way,surface,MISSING,Surface tag is recommended to assess accessibility
403735769,way,surface,MISSING,Surface tag is recommended to assess accessibility
404072106,way,surface,MISSING,Surface tag is recommended to assess accessibility
404072108,way,surface,MISSING,Surface tag is recommended to assess accessibility
404072117,way,surface,MISSING,Surface tag is recommended to assess accessibility
404072127,way,surface,MISSING,Surface tag is recommended to assess accessibility
404125199,way,surface,MISSING,Surface tag is recommended to assess accessibility
404125201,way,surface,MISSING,Surface tag is recommended to assess accessibility
404254845,way,surface,MISSING,Surface tag is recommended to assess accessibility
404868032,way,surface,MISSING,Surface tag is recommended to assess accessibility
405161065,way,surface,MISSING,Surface tag is recommended to assess accessibility
405161066,way,surface,MISSING,Surface tag is recommended to assess accessibility
405161067,way,surface,MISSING,Surface tag is recommended to assess accessibility
405161068,way,surface,MISSING,Surface tag is recommended to assess accessibility
405972227,way,surface,MISSING,Surface tag is recommended to assess accessibility
405972230,way,surface,MISSING,Surface tag is recommended to assess accessibility
406015358,way,surface,MISSING,Surface tag is recommended to assess accessibility
406015359,way,surface,MISSING,Surface tag is recommended to assess accessibility
406219245,way,surface,MISSING,Surface tag is recommended to assess accessibility
406219246,way,surface,MISSING,Surface tag is recommended to assess accessibility
406219247,way,surface,MISSING,Surface tag is recommended to assess accessibility
406219248,way,surface,MISSING,Surface tag is recommended to assess accessibility
406219249,way,surface,MISSING,Surface tag is recommended to assess accessibility
406219647,way,surface,MISSING,Surface tag is recommended to assess accessibility
406553928,way,surface,MISSING,Surface tag is recommended to assess accessibility
407189637,way,surface,MISSING,Surface tag is recommended to assess accessibility
407189638,way,surface,MISSING,Surface tag is recommended to assess accessibility
407189639,way,surface,MISSING,Surface tag is recommended to assess accessibility
407189640,way,surface,MISSING,Surface tag is recommended to assess accessibility
407189641,way,surface,MISSING,Surface tag is recommended to assess accessibility
407189642,way,surface,MISSING,Surface tag is recommended to assess accessibility
407769715,way,surface,MISSING,Surface tag is recommended to assess accessibility
408669811,way,surface,MISSING,Surface tag is recommended to assess accessibility
409140072,way,surface,MISSING,Surface tag is recommended to assess accessibility
409140074,way,surface,MISSING,Surface tag is recommended to assess accessibility
409140076,way,surface,MISSING,Surface tag is recommended to assess accessibility
409187016,way,surface,MISSING,Surface tag is recommended to assess accessibility
411184708,way,surface,MISSING,Surface tag is recommended to assess accessibility
411184709,way,surface,MISSING,Surface tag is recommended to assess accessibility
411829654,way,surface,MISSING,Surface tag is recommended to assess accessibility
411829656,way,surface,MISSING,Surface tag is recommended to assess accessibility
412168297,way,surface,MISSING,Surface tag is recommended to assess accessibility
412912907,way,surface,MISSING,Surface tag is recommended to assess accessibility
412929953,way,surface,MISSING,Surface tag is recommended to assess accessibility
412929956,way,surface,MISSING,Surface tag is recommended to assess accessibility
412929963,way,surface,MISSING,Surface tag is recommended to assess accessibility
412929964,way,surface,MISSING,Surface tag is recommended to assess accessibility
412929966,way,surface,MISSING,Surface tag is recommended to assess accessibility
412929969,way,surface,MISSING,Surface tag is recommended to assess accessibility
412929971,way,surface,MISSING,Surface tag is recommended to assess accessibility
412930874,way,surface,MISSING,Surface tag is recommended to assess accessibility
412960946,way,surface,MISSING,Surface tag is recommended to assess accessibility
412960948,way,surface,MISSING,Surface tag is recommended to assess accessibility
412979548,way,surface,MISSING,Surface tag is recommended to assess accessibility
412979551,way,surface,MISSING,Surface tag is recommended to assess accessibility
412979553,way,surface,MISSING,Surface tag is recommended to assess accessibility
413013264,way,surface,MISSING,Surface tag is recommended to assess accessibility
413430702,way,surface,MISSING,Surface tag is recommended to assess accessibility
413436537,way,surface,MISSING,Surface tag is recommended to assess accessibility
413448045,way,surface,MISSING,Surface tag is recommended to assess accessibility
413448046,way,surface,MISSING,Surface tag is recommended to assess accessibility
413448052,way,surface,MISSING,Surface tag is recommended to assess accessibility
413448056,way,surface,MISSING,Surface tag is recommended to assess accessibility
413448058,way,surface,MISSING,Surface tag is recommended to assess accessibility
413448067,way,surface,MISSING,Surface tag is recommended to assess accessibility
413448073,way,surface,MISSING,Surface tag is recommended to assess accessibility
413692794,way,surface,MISSING,Surface tag is recommended to assess accessibility
413692795,way,surface,MISSING,Surface tag is recommended to assess accessibility
413692804,way,surface,MISSING,Surface tag is recommended to assess accessibility
413692805,way,surface,MISSING,Surface tag is recommended to assess accessibility
413692806,way,surface,MISSING,Surface tag is recommended to assess accessibility
413692808,way,surface,MISSING,Surface tag is recommended to assess accessibility
413692810,way,surface,MISSING,Surface tag is recommended to assess accessibility
413692812,way,surface,MISSING,Surface tag is recommended to assess accessibility
413692814,way,surface,MISSING,Surface tag is recommended to assess accessibility
413692815,way,surface,MISSING,Surface tag is recommended to assess accessibility
413692821,way,surface,MISSING,Surface tag is recommended to assess accessibility
413692823,way,surface,MISSING,Surface tag is recommended to assess accessibility
413692825,way,surface,MISSING,Surface tag is recommended to assess accessibility
413692828,way,surface,MISSING,Surface tag is recommended to assess accessibility
413692830,way,surface,MISSING,Surface tag is recommended to assess accessibility
413692833,way,surface,MISSING,Surface tag is recommended to assess accessibility
413692834,way,surface,MISSING,Surface tag is recommended to assess accessibility
413692836,way,surface,MISSING,Surface tag is recommended to assess accessibility
413692839,way,surface,MISSING,Surface tag is recommended to assess accessibility
413692841,way,surface,MISSING,Surface tag is recommended to assess accessibility
413692847,way,surface,MISSING,Surface tag is recommended to assess accessibility
413692848,way,surface,MISSING,Surface tag is recommended to assess accessibility
416557024,way,surface,MISSING,Surface tag is recommended to assess accessibility
416890745,way,surface,MISSING,Surface tag is recommended to assess accessibility
416890748,way,surface,MISSING,Surface tag is recommended to assess accessibility
416890750,way,surface,MISSING,Surface tag is recommended to assess accessibility
419844100,way,surface,MISSING,Surface tag is recommended to assess accessibility
420005513,way,surface,MISSING,Surface tag is recommended to assess accessibility
420009115,way,surface,MISSING,Surface tag is recommended to assess accessibility
421305993,way,surface,MISSING,Surface tag is recommended to assess accessibility
421305994,way,surface,MISSING,Surface tag is recommended to assess accessibility
421305995,way,surface,MISSING,Surface tag is recommended to assess accessibility
421827335,way,surface,MISSING,Surface tag is recommended to assess accessibility
421827336,way,surface,MISSING,Surface tag is recommended to assess accessibility
421827337,way,surface,MISSING,Surface tag is recommended to assess accessibility
421827338,way,surface,MISSING,Surface tag is recommended to assess accessibility
421827339,way,surface,MISSING,Surface tag is recommended to assess accessibility
421827346,way,surface,MISSING,Surface tag is recommended to assess accessibility
421827347,way,surface,MISSING,Surface tag is recommended to assess accessibility
421980238,way,surface,MISSING,Surface tag is recommended to assess accessibility
421980253,way,surface,MISSING,Surface tag is recommended to assess accessibility
421980256,way,surface,MISSING,Surface tag is recommended to assess accessibility
421980260,way,surface,MISSING,Surface tag is recommended to assess accessibility
421981760,way,surface,MISSING,Surface tag is recommended to assess accessibility
421981762,way,surface,MISSING,Surface tag is recommended to assess accessibility
421981763,way,surface,MISSING,Surface tag is recommended to assess accessibility
421981767,way,surface,MISSING,Surface tag is recommended to assess accessibility
421981768,way,surface,MISSING,Surface tag is recommended to assess accessibility
421981769,way,surface,MISSING,Surface tag is recommended to assess accessibility
421981771,way,surface,MISSING,Surface tag is recommended to assess accessibility
421981772,way,surface,MISSING,Surface tag is recommended to assess accessibility
421981773,way,surface,MISSING,Surface tag is recommended to assess accessibility
421981774,way,surface,MISSING,Surface tag is recommended to assess accessibility
422223872,way,surface,MISSING,Surface tag is recommended to assess accessibility
422223879,way,surface,MISSING,Surface tag is recommended to assess accessibility
423889315,way,surface,MISSING,Surface tag is recommended to assess accessibility
423890523,way,surface,MISSING,Surface tag is recommended to assess accessibility
423891389,way,surface,MISSING,Surface tag is recommended to assess accessibility
423891393,way,surface,MISSING,Surface tag is recommended to assess accessibility
423891394,way,surface,MISSING,Surface tag is recommended to assess accessibility
423901548,way,surface,MISSING,Surface tag is recommended to assess accessibility
423901551,way,surface,MISSING,Surface tag is recommended to assess accessibility
423941515,way,surface,MISSING,Surface tag is recommended to assess accessibility
425712105,way,surface,MISSING,Surface tag is recommended to assess accessibility
425712109,way,surface,MISSING,Surface tag is recommended to assess accessibility
425712110,way,surface,MISSING,Surface tag is recommended to assess accessibility
425712113,way,surface,MISSING,Surface tag is recommended to assess accessibility
426361198,way,surface,MISSING,Surface tag is recommended to assess accessibility
426917252,way,surface,MISSING,Surface tag is recommended to assess accessibility
426917253,way,surface,MISSING,Surface tag is recommended to assess accessibility
426917255,way,surface,MISSING,Surface tag is recommended to assess accessibility
427634591,way,surface,MISSING,Surface tag is recommended to assess accessibility
427634592,way,surface,MISSING,Surface tag is recommended to assess accessibility
427634596,way,surface,MISSING,Surface tag is recommended to assess accessibility
427634597,way,surface,MISSING,Surface tag is recommended to assess accessibility
427634601,way,surface,MISSING,Surface tag is recommended to assess accessibility
427634602,way,surface,MISSING,Surface tag is recommended to assess accessibility
427634604,way,surface,MISSING,Surface tag is recommended to assess accessibility
427634605,way,surface,MISSING,Surface tag is recommended to assess accessibility
427634606,way,surface,MISSING,Surface tag is recommended to assess accessibility
427634611,way,surface,MISSING,Surface tag is recommended to assess accessibility
427761314,way,surface,MISSING,Surface tag is recommended to assess accessibility
427761316,way,surface,MISSING,Surface tag is recommended to assess accessibility
427761320,way,surface,MISSING,Surface tag is recommended to assess accessibility
427761321,way,surface,MISSING,Surface tag is recommended to assess accessibility
427761322,way,surface,MISSING,Surface tag is recommended to assess accessibility
427798497,way,surface,MISSING,Surface tag is recommended to assess accessibility
429255825,way,surface,MISSING,Surface tag is recommended to assess accessibility
429255826,way,surface,MISSING,Surface tag is recommended to assess accessibility
429255827,way,surface,MISSING,Surface tag is recommended to assess accessibility
429255829,way,surface,MISSING,Surface tag is recommended to assess accessibility
429255830,way,surface,MISSING,Surface tag is recommended to assess accessibility
429255831,way,surface,MISSING,Surface tag is recommended to assess accessibility
429255832,way,surface,MISSING,Surface tag is recommended to assess accessibility
429255833,way,surface,MISSING,Surface tag is recommended to assess accessibility
429955204,way,surface,MISSING,Surface tag is recommended to assess accessibility
431233593,way,surface,MISSING,Surface tag is recommended to assess accessibility
431699797,way,surface,MISSING,Surface tag is recommended to assess accessibility
431703660,way,surface,MISSING,Surface tag is recommended to assess accessibility
431782748,way,surface,MISSING,Surface tag is recommended to assess accessibility
431782751,way,surface,MISSING,Surface tag is recommended to assess accessibility
431782754,way,surface,MISSING,Surface tag is recommended to assess accessibility
431782756,way,surface,MISSING,Surface tag is recommended to assess accessibility
432915495,way,surface,MISSING,Surface tag is recommended to assess accessibility
433778009,way,surface,MISSING,Surface tag is recommended to assess accessibility
433778011,way,surface,MISSING,Surface tag is recommended to assess accessibility
434686315,way,surface,MISSING,Surface tag is recommended to assess accessibility
434964072,way,surface,MISSING,Surface tag is recommended to assess accessibility
434964073,way,surface,MISSING,Surface tag is recommended to assess accessibility
434966059,way,surface,MISSING,Surface tag is recommended to assess accessibility
434966060,way,surface,MISSING,Surface tag is recommended to assess accessibility
434966061,way,surface,MISSING,Surface tag is recommended to assess accessibility
434971991,way,surface,MISSING,Surface tag is recommended to assess accessibility
434971996,way,surface,MISSING,Surface tag is recommended to assess accessibility
435248999,way,surface,MISSING,Surface tag is recommended to assess accessibility
435249000,way,surface,MISSING,Surface tag is recommended to assess accessibility
435486727,way,surface,MISSING,Surface tag is recommended to assess accessibility
435747031,way,surface,MISSING,Surface tag is recommended to assess accessibility
436366902,way,surface,MISSING,Surface tag is recommended to assess accessibility
436927567,way,surface,MISSING,Surface tag is recommended to assess accessibility
436982846,way,surface,MISSING,Surface tag is recommended to assess accessibility
436982847,way,surface,MISSING,Surface tag is recommended to assess accessibility
437419562,way,surface,MISSING,Surface tag is recommended to assess accessibility
437419564,way,surface,MISSING,Surface tag is recommended to assess accessibility
437419565,way,surface,MISSING,Surface tag is recommended to assess accessibility
437419566,way,surface,MISSING,Surface tag is recommended to assess accessibility
437419567,way,surface,MISSING,Surface tag is recommended to assess accessibility
437419569,way,surface,MISSING,Surface tag is recommended to assess accessibility
437513529,way,surface,MISSING,Surface tag is recommended to assess accessibility
437513530,way,surface,MISSING,Surface tag is recommended to assess accessibility
437523860,way,surface,MISSING,Surface tag is recommended to assess accessibility
437524866,way,surface,MISSING,Surface tag is recommended to assess accessibility
438732559,way,surface,MISSING,Surface tag is recommended to assess accessibility
438732560,way,surface,MISSING,Surface tag is recommended to assess accessibility
438732561,way,surface,MISSING,Surface tag is recommended to assess accessibility
438732562,way,surface,MISSING,Surface tag is recommended to assess accessibility
438732563,way,surface,MISSING,Surface tag is recommended to assess accessibility
438732564,way,surface,MISSING,Surface tag is recommended to assess accessibility
438732568,way,surface,MISSING,Surface tag is recommended to assess accessibility
438732569,way,surface,MISSING,Surface tag is recommended to assess accessibility
438913908,way,surface,MISSING,Surface tag is recommended to assess accessibility
438913909,way,surface,MISSING,Surface tag is recommended to assess accessibility
438913910,way,surface,MISSING,Surface tag is recommended to assess accessibility
438913912,way,surface,MISSING,Surface tag is recommended to assess accessibility
438913913,way,surface,MISSING,Surface tag is recommended to assess accessibility
438913914,way,surface,MISSING,Surface tag is recommended to assess accessibility
438913915,way,surface,MISSING,Surface tag is recommended to assess accessibility
438913916,way,surface,MISSING,Surface tag is recommended to assess accessibility
438913917,way,surface,MISSING,Surface tag is recommended to assess accessibility
438913920,way,surface,MISSING,Surface tag is recommended to assess accessibility
438913922,way,surface,MISSING,Surface tag is recommended to assess accessibility
438914604,way,surface,MISSING,Surface tag is recommended to assess accessibility
438914607,way,surface,MISSING,Surface tag is recommended to assess accessibility
438914609,way,surface,MISSING,Surface tag is recommended to assess accessibility
438914611,way,surface,MISSING,Surface tag is recommended to assess accessibility
438914614,way,surface,MISSING,Surface tag is recommended to assess accessibility
438914616,way,surface,MISSING,Surface tag is recommended to assess accessibility
438914618,way,surface,MISSING,Surface tag is recommended to assess accessibility
438914620,way,surface,MISSING,Surface tag is recommended to assess accessibility
438914623,way,surface,MISSING,Surface tag is recommended to assess accessibility
438914624,way,surface,MISSING,Surface tag is recommended to assess accessibility
438922863,way,surface,MISSING,Surface tag is recommended to assess accessibility
438922865,way,surface,MISSING,Surface tag is recommended to assess accessibility
438922867,way,surface,MISSING,Surface tag is recommended to assess accessibility
438922868,way,surface,MISSING,Surface tag is recommended to assess accessibility
438922869,way,surface,MISSING,Surface tag is recommended to assess accessibility
438922870,way,surface,MISSING,Surface tag is recommended to assess accessibility
438922875,way,surface,MISSING,Surface tag is recommended to assess accessibility
438922876,way,surface,MISSING,Surface tag is recommended to assess accessibility
438922878,way,surface,MISSING,Surface tag is recommended to assess accessibility
438922879,way,surface,MISSING,Surface tag is recommended to assess accessibility
438922880,way,surface,MISSING,Surface tag is recommended to assess accessibility
438922882,way,surface,MISSING,Surface tag is recommended to assess accessibility
438922883,way,surface,MISSING,Surface tag is recommended to assess accessibility
438922884,way,surface,MISSING,Surface tag is recommended to assess accessibility
438922886,way,surface,MISSING,Surface tag is recommended to assess accessibility
438922887,way,surface,MISSING,Surface tag is recommended to assess accessibility
438922888,way,surface,MISSING,Surface tag is recommended to assess accessibility
438926324,way,surface,MISSING,Surface tag is recommended to assess accessibility
438926325,way,surface,MISSING,Surface tag is recommended to assess accessibility
438926326,way,surface,MISSING,Surface tag is recommended to assess accessibility
438926344,way,surface,MISSING,Surface tag is recommended to assess accessibility
438926937,way,surface,MISSING,Surface tag is recommended to assess accessibility
438926939,way,surface,MISSING,Surface tag is recommended to assess accessibility
438926940,way,surface,MISSING,Surface tag is recommended to assess accessibility
438926941,way,surface,MISSING,Surface tag is recommended to assess accessibility
438926942,way,surface,MISSING,Surface tag is recommended to assess accessibility
438926943,way,surface,MISSING,Surface tag is recommended to assess accessibility
438926944,way,surface,MISSING,Surface tag is recommended to assess accessibility
438926945,way,surface,MISSING,Surface tag is recommended to assess accessibility
438926946,way,surface,MISSING,Surface tag is recommended to assess accessibility
438926947,way,surface,MISSING,Surface tag is recommended to assess accessibility
438926949,way,surface,MISSING,Surface tag is recommended to assess accessibility
438991481,way,surface,MISSING,Surface tag is recommended to assess accessibility
438991484,way,surface,MISSING,Surface tag is recommended to assess accessibility
439025901,way,surface,MISSING,Surface tag is recommended to assess accessibility
439025904,way,surface,MISSING,Surface tag is recommended to assess accessibility
439025907,way,surface,MISSING,Surface tag is recommended to assess accessibility
439025909,way,surface,MISSING,Surface tag is recommended to assess accessibility
439025911,way,surface,MISSING,Surface tag is recommended to assess accessibility
439188308,way,surface,MISSING,Surface tag is recommended to assess accessibility
439188309,way,surface,MISSING,Surface tag is recommended to assess accessibility
439188310,way,surface,MISSING,Surface tag is recommended to assess accessibility
439195549,way,surface,MISSING,Surface tag is recommended to assess accessibility
439198985,way,surface,MISSING,Surface tag is recommended to assess accessibility
439198986,way,surface,MISSING,Surface tag is recommended to assess accessibility
439198989,way,surface,MISSING,Surface tag is recommended to assess accessibility
439198991,way,surface,MISSING,Surface tag is recommended to assess accessibility
439198993,way,surface,MISSING,Surface tag is recommended to assess accessibility
439198995,way,surface,MISSING,Surface tag is recommended to assess accessibility
439198998,way,surface,MISSING,Surface tag is recommended to assess accessibility
439198999,way,surface,MISSING,Surface tag is recommended to assess accessibility
439791740,way,surface,MISSING,Surface tag is recommended to assess accessibility
439791741,way,surface,MISSING,Surface tag is recommended to assess accessibility
439791742,way,surface,MISSING,Surface tag is recommended to assess accessibility
439791743,way,surface,MISSING,Surface tag is recommended to assess accessibility
439791744,way,surface,MISSING,Surface tag is recommended to assess accessibility
439791745,way,surface,MISSING,Surface tag is recommended to assess accessibility
439955069,way,surface,MISSING,Surface tag is recommended to assess accessibility
439955070,way,surface,MISSING,Surface tag is recommended to assess accessibility
440519363,way,surface,MISSING,Surface tag is recommended to assess accessibility
440660814,way,surface,MISSING,Surface tag is recommended to assess accessibility
440660815,way,surface,MISSING,Surface tag is recommended to assess accessibility
440660817,way,surface,MISSING,Surface tag is recommended to assess accessibility
440995662,way,surface,MISSING,Surface tag is recommended to assess accessibility
440995663,way,surface,MISSING,Surface tag is recommended to assess accessibility
440995664,way,surface,MISSING,Surface tag is recommended to assess accessibility
442193228,way,surface,MISSING,Surface tag is recommended to assess accessibility
442193230,way,surface,MISSING,Surface tag is recommended to assess accessibility
442837053,way,surface,MISSING,Surface tag is recommended to assess accessibility
442837055,way,surface,MISSING,Surface tag is recommended to assess accessibility
442837057,way,surface,MISSING,Surface tag is recommended to assess accessibility
443250027,way,surface,MISSING,Surface tag is recommended to assess accessibility
443471418,way,surface,MISSING,Surface tag is recommended to assess accessibility
443471419,way,surface,MISSING,Surface tag is recommended to assess accessibility
443471422,way,surface,MISSING,Surface tag is recommended to assess accessibility
443471424,way,surface,MISSING,Surface tag is recommended to assess accessibility
443471425,way,surface,MISSING,Surface tag is recommended to assess accessibility
443471426,way,surface,MISSING,Surface tag is recommended to assess accessibility
443471432,way,surface,MISSING,Surface tag is recommended to assess accessibility
443471435,way,surface,MISSING,Surface tag is recommended to assess accessibility
443471436,way,surface,MISSING,Surface tag is recommended to assess accessibility
443471440,way,surface,MISSING,Surface tag is recommended to assess accessibility
443471442,way,surface,MISSING,Surface tag is recommended to assess accessibility
444467394,way,surface,MISSING,Surface tag is recommended to assess accessibility
444799124,way,surface,MISSING,Surface tag is recommended to assess accessibility
444799125,way,surface,MISSING,Surface tag is recommended to assess accessibility
444801405,way,surface,MISSING,Surface tag is recommended to assess accessibility
444801407,way,surface,MISSING,Surface tag is recommended to assess accessibility
444801408,way,surface,MISSING,Surface tag is recommended to assess accessibility
445026882,way,surface,MISSING,Surface tag is recommended to assess accessibility
445026884,way,surface,MISSING,Surface tag is recommended to assess accessibility
445026886,way,surface,MISSING,Surface tag is recommended to assess accessibility
445026887,way,surface,MISSING,Surface tag is recommended to assess accessibility
445026888,way,surface,MISSING,Surface tag is recommended to assess accessibility
445026891,way,surface,MISSING,Surface tag is recommended to assess accessibility
445035136,way,surface,MISSING,Surface tag is recommended to assess accessibility
447470507,way,surface,MISSING,Surface tag is recommended to assess accessibility
447470508,way,surface,MISSING,Surface tag is recommended to assess accessibility
447470509,way,surface,MISSING,Surface tag is recommended to assess accessibility
447470520,way,surface,MISSING,Surface tag is recommended to assess accessibility
447747202,way,surface,MISSING,Surface tag is recommended to assess accessibility
447826149,way,surface,MISSING,Surface tag is recommended to assess accessibility
447903719,way,surface,MISSING,Surface tag is recommended to assess accessibility
448018904,way,surface,MISSING,Surface tag is recommended to assess accessibility
448810944,way,surface,MISSING,Surface tag is recommended to assess accessibility
448810958,way,surface,MISSING,Surface tag is recommended to assess accessibility
448812122,way,surface,MISSING,Surface tag is recommended to assess accessibility
448818745,way,surface,MISSING,Surface tag is recommended to assess accessibility
448818746,way,surface,MISSING,Surface tag is recommended to assess accessibility
448818747,way,surface,MISSING,Surface tag is recommended to assess accessibility
448847154,way,surface,MISSING,Surface tag is recommended to assess accessibility
448928286,way,surface,MISSING,Surface tag is recommended to assess accessibility
448928288,way,surface,MISSING,Surface tag is recommended to assess accessibility
448928292,way,surface,MISSING,Surface tag is recommended to assess accessibility
452827147,way,surface,MISSING,Surface tag is recommended to assess accessibility
454336014,way,surface,MISSING,Surface tag is recommended to assess accessibility
456098244,way,surface,MISSING,Surface tag is recommended to assess accessibility
456098245,way,surface,MISSING,Surface tag is recommended to assess accessibility
456098248,way,surface,MISSING,Surface tag is recommended to assess accessibility
456208561,way,surface,MISSING,Surface tag is recommended to assess accessibility
456208562,way,surface,MISSING,Surface tag is recommended to assess accessibility
456228106,way,surface,MISSING,Surface tag is recommended to assess accessibility
456228117,way,surface,MISSING,Surface tag is recommended to assess accessibility
456230753,way,surface,MISSING,Surface tag is recommended to assess accessibility
456230759,way,surface,MISSING,Surface tag is recommended to assess accessibility
456230760,way,surface,MISSING,Surface tag is recommended to assess accessibility
456230761,way,surface,MISSING,Surface tag is recommended to assess accessibility
456230765,way,surface,MISSING,Surface tag is recommended to assess accessibility
456230768,way,surface,MISSING,Surface tag is recommended to assess accessibility
457904196,way,surface,MISSING,Surface tag is recommended to assess accessibility
457904197,way,surface,MISSING,Surface tag is recommended to assess accessibility
457904198,way,surface,MISSING,Surface tag is recommended to assess accessibility
457912281,way,surface,MISSING,Surface tag is recommended to assess accessibility
457912282,way,surface,MISSING,Surface tag is recommended to assess accessibility
457912283,way,surface,MISSING,Surface tag is recommended to assess accessibility
458068934,way,surface,MISSING,Surface tag is recommended to assess accessibility
458068935,way,surface,MISSING,Surface tag is recommended to assess accessibility
458068937,way,surface,MISSING,Surface tag is recommended to assess accessibility
458168744,way,surface,MISSING,Surface tag is recommended to assess accessibility
458364476,way,surface,MISSING,Surface tag is recommended to assess accessibility
458364477,way,surface,MISSING,Surface tag is recommended to assess accessibility
458364478,way,surface,MISSING,Surface tag is recommended to assess accessibility
458364479,way,surface,MISSING,Surface tag is recommended to assess accessibility
458364482,way,surface,MISSING,Surface tag is recommended to assess accessibility
458364483,way,surface,MISSING,Surface tag is recommended to assess accessibility
458364484,way,surface,MISSING,Surface tag is recommended to assess accessibility
458364485,way,surface,MISSING,Surface tag is recommended to assess accessibility
458571563,way,surface,MISSING,Surface tag is recommended to assess accessibility
458571565,way,surface,MISSING,Surface tag is recommended to assess accessibility
458571567,way,surface,MISSING,Surface tag is recommended to assess accessibility
458571569,way,surface,MISSING,Surface tag is recommended to assess accessibility
458571571,way,surface,MISSING,Surface tag is recommended to assess accessibility
458772570,way,surface,MISSING,Surface tag is recommended to assess accessibility
458772572,way,surface,MISSING,Surface tag is recommended to assess accessibility
458846134,way,surface,MISSING,Surface tag is recommended to assess accessibility
458846136,way,surface,MISSING,Surface tag is recommended to assess accessibility
458846139,way,surface,MISSING,Surface tag is recommended to assess accessibility
458846140,way,surface,MISSING,Surface tag is recommended to assess accessibility
458846141,way,surface,MISSING,Surface tag is recommended to assess accessibility
458846142,way,surface,MISSING,Surface tag is recommended to assess accessibility
458846147,way,surface,MISSING,Surface tag is recommended to assess accessibility
458847993,way,surface,MISSING,Surface tag is recommended to assess accessibility
458847994,way,surface,MISSING,Surface tag is recommended to assess accessibility
459080956,way,surface,MISSING,Surface tag is recommended to assess accessibility
459080957,way,surface,MISSING,Surface tag is recommended to assess accessibility
459080959,way,surface,MISSING,Surface tag is recommended to assess accessibility
459080960,way,surface,MISSING,Surface tag is recommended to assess accessibility
459080961,way,surface,MISSING,Surface tag is recommended to assess accessibility
459087069,way,surface,MISSING,Surface tag is recommended to assess accessibility
459087071,way,surface,MISSING,Surface tag is recommended to assess accessibility
459152375,way,surface,MISSING,Surface tag is recommended to assess accessibility
459152376,way,surface,MISSING,Surface tag is recommended to assess accessibility
459152377,way,surface,MISSING,Surface tag is recommended to assess accessibility
459341202,way,surface,MISSING,Surface tag is recommended to assess accessibility
459341203,way,surface,MISSING,Surface tag is recommended to assess accessibility
459341204,way,surface,MISSING,Surface tag is recommended to assess accessibility
459398634,way,surface,MISSING,Surface tag is recommended to assess accessibility
459398635,way,surface,MISSING,Surface tag is recommended to assess accessibility
459665712,way,surface,MISSING,Surface tag is recommended to assess accessibility
459665713,way,surface,MISSING,Surface tag is recommended to assess accessibility
459665714,way,surface,MISSING,Surface tag is recommended to assess accessibility
459665715,way,surface,MISSING,Surface tag is recommended to assess accessibility
459665716,way,surface,MISSING,Surface tag is recommended to assess accessibility
459665718,way,surface,MISSING,Surface tag is recommended to assess accessibility
459667455,way,surface,MISSING,Surface tag is recommended to assess accessibility
459667456,way,surface,MISSING,Surface tag is recommended to assess accessibility
459667457,way,surface,MISSING,Surface tag is recommended to assess accessibility
459667458,way,surface,MISSING,Surface tag is recommended to assess accessibility
459667462,way,surface,MISSING,Surface tag is recommended to assess accessibility
459667464,way,surface,MISSING,Surface tag is recommended to assess accessibility
459667465,way,surface,MISSING,Surface tag is recommended to assess accessibility
459667466,way,surface,MISSING,Surface tag is recommended to assess accessibility
459667467,way,surface,MISSING,Surface tag is recommended to assess accessibility
459667468,way,surface,MISSING,Surface tag is recommended to assess accessibility
459667469,way,surface,MISSING,Surface tag is recommended to assess accessibility
459847640,way,surface,MISSING,Surface tag is recommended to assess accessibility
460008833,way,surface,MISSING,Surface tag is recommended to assess accessibility
460108702,way,surface,MISSING,Surface tag is recommended to assess accessibility
460108704,way,surface,MISSING,Surface tag is recommended to assess accessibility
460401672,way,surface,MISSING,Surface tag is recommended to assess accessibility
460401675,way,surface,MISSING,Surface tag is recommended to assess accessibility
460401677,way,surface,MISSING,Surface tag is recommended to assess accessibility
460401692,way,surface,MISSING,Surface tag is recommended to assess accessibility
461388563,way,surface,MISSING,Surface tag is recommended to assess accessibility
461388564,way,surface,MISSING,Surface tag is recommended to assess accessibility
461388565,way,surface,MISSING,Surface tag is recommended to assess accessibility
461388566,way,surface,MISSING,Surface tag is recommended to assess accessibility
461388567,way,surface,MISSING,Surface tag is recommended to assess accessibility
462105711,way,surface,MISSING,Surface tag is recommended to assess accessibility
462105712,way,surface,MISSING,Surface tag is recommended to assess accessibility
462105716,way,surface,MISSING,Surface tag is recommended to assess accessibility
462105717,way,surface,MISSING,Surface tag is recommended to assess accessibility
462105721,way,surface,MISSING,Surface tag is recommended to assess accessibility
462105724,way,surface,MISSING,Surface tag is recommended to assess accessibility
462105730,way,surface,MISSING,Surface tag is recommended to assess accessibility
462105732,way,surface,MISSING,Surface tag is recommended to assess accessibility
463357574,way,surface,MISSING,Surface tag is recommended to assess accessibility
463357602,way,surface,MISSING,Surface tag is recommended to assess accessibility
463358248,way,surface,MISSING,Surface tag is recommended to assess accessibility
463359578,way,surface,MISSING,Surface tag is recommended to assess accessibility
463359579,way,surface,MISSING,Surface tag is recommended to assess accessibility
463359580,way,surface,MISSING,Surface tag is recommended to assess accessibility
463359582,way,surface,MISSING,Surface tag is recommended to assess accessibility
463359586,way,surface,MISSING,Surface tag is recommended to assess accessibility
463359588,way,surface,MISSING,Surface tag is recommended to assess accessibility
463359589,way,surface,MISSING,Surface tag is recommended to assess accessibility
463362532,way,surface,MISSING,Surface tag is recommended to assess accessibility
463362533,way,surface,MISSING,Surface tag is recommended to assess accessibility
463362534,way,surface,MISSING,Surface tag is recommended to assess accessibility
463362535,way,surface,MISSING,Surface tag is recommended to assess accessibility
463362536,way,surface,MISSING,Surface tag is recommended to assess accessibility
464198900,way,surface,MISSING,Surface tag is recommended to assess accessibility
464198904,way,surface,MISSING,Surface tag is recommended to assess accessibility
464452165,way,surface,MISSING,Surface tag is recommended to assess accessibility
464452167,way,surface,MISSING,Surface tag is recommended to assess accessibility
464452171,way,surface,MISSING,Surface tag is recommended to assess accessibility
464452173,way,surface,MISSING,Surface tag is recommended to assess accessibility
464452174,way,surface,MISSING,Surface tag is recommended to assess accessibility
464452175,way,surface,MISSING,Surface tag is recommended to assess accessibility
464766007,way,surface,MISSING,Surface tag is recommended to assess accessibility
465148835,way,surface,MISSING,Surface tag is recommended to assess accessibility
465148838,way,surface,MISSING,Surface tag is recommended to assess accessibility
465148839,way,surface,MISSING,Surface tag is recommended to assess accessibility
465148840,way,surface,MISSING,Surface tag is recommended to assess accessibility
465148842,way,surface,MISSING,Surface tag is recommended to assess accessibility
465237518,way,surface,MISSING,Surface tag is recommended to assess accessibility
465237521,way,surface,MISSING,Surface tag is recommended to assess accessibility
465237530,way,surface,MISSING,Surface tag is recommended to assess accessibility
465416916,way,surface,MISSING,Surface tag is recommended to assess accessibility
465583557,way,surface,MISSING,Surface tag is recommended to assess accessibility
465584169,way,surface,MISSING,Surface tag is recommended to assess accessibility
465600989,way,surface,MISSING,Surface tag is recommended to assess accessibility
465686045,way,surface,MISSING,Surface tag is recommended to assess accessibility
465687932,way,surface,MISSING,Surface tag is recommended to assess accessibility
467635381,way,surface,MISSING,Surface tag is recommended to assess accessibility
467635382,way,surface,MISSING,Surface tag is recommended to assess accessibility
467635383,way,surface,MISSING,Surface tag is recommended to assess accessibility
467635384,way,surface,MISSING,Surface tag is recommended to assess accessibility
467635385,way,surface,MISSING,Surface tag is recommended to assess accessibility
467635386,way,surface,MISSING,Surface tag is recommended to assess accessibility
467635387,way,surface,MISSING,Surface tag is recommended to assess accessibility
467635388,way,surface,MISSING,Surface tag is recommended to assess accessibility
467635389,way,surface,MISSING,Surface tag is recommended to assess accessibility
467635390,way,surface,MISSING,Surface tag is recommended to assess accessibility
467635391,way,surface,MISSING,Surface tag is recommended to assess accessibility
467635392,way,surface,MISSING,Surface tag is recommended to assess accessibility
467635393,way,surface,MISSING,Surface tag is recommended to assess accessibility
467635394,way,surface,MISSING,Surface tag is recommended to assess accessibility
467635395,way,surface,MISSING,Surface tag is recommended to assess accessibility
468428414,way,surface,MISSING,Surface tag is recommended to assess accessibility
469033703,way,surface,MISSING,Surface tag is recommended to assess accessibility
469076334,way,surface,MISSING,Surface tag is recommended to assess accessibility
469494849,way,surface,MISSING,Surface tag is recommended to assess accessibility
471311339,way,surface,MISSING,Surface tag is recommended to assess accessibility
471311350,way,surface,MISSING,Surface tag is recommended to assess accessibility
473661947,way,surface,MISSING,Surface tag is recommended to assess accessibility
475312277,way,surface,MISSING,Surface tag is recommended to assess accessibility
475312279,way,surface,MISSING,Surface tag is recommended to assess accessibility
475312281,way,surface,MISSING,Surface tag is recommended to assess accessibility
475327510,way,surface,MISSING,Surface tag is recommended to assess accessibility
475327517,way,surface,MISSING,Surface tag is recommended to assess accessibility
475327518,way,surface,MISSING,Surface tag is recommended to assess accessibility
475327519,way,surface,MISSING,Surface tag is recommended to assess accessibility
476997665,way,surface,MISSING,Surface tag is recommended to assess accessibility
477331047,way,surface,MISSING,Surface tag is recommended to assess accessibility
482666585,way,surface,MISSING,Surface tag is recommended to assess accessibility
483528080,way,surface,MISSING,Surface tag is recommended to assess accessibility
483528081,way,surface,MISSING,Surface tag is recommended to assess accessibility
490282253,way,surface,MISSING,Surface tag is recommended to assess accessibility
490717292,way,surface,MISSING,Surface tag is recommended to assess accessibility
491335789,way,surface,MISSING,Surface tag is recommended to assess accessibility
491335792,way,surface,MISSING,Surface tag is recommended to assess accessibility
491335799,way,surface,MISSING,Surface tag is recommended to assess accessibility
491335807,way,surface,MISSING,Surface tag is recommended to assess accessibility
491335808,way,surface,MISSING,Surface tag is recommended to assess accessibility
491335809,way,surface,MISSING,Surface tag is recommended to assess accessibility
491335810,way,surface,MISSING,Surface tag is recommended to assess accessibility
491812392,way,surface,MISSING,Surface tag is recommended to assess accessibility
491812393,way,surface,MISSING,Surface tag is recommended to assess accessibility
491812396,way,surface,MISSING,Surface tag is recommended to assess accessibility
491812397,way,surface,MISSING,Surface tag is recommended to assess accessibility
491812398,way,surface,MISSING,Surface tag is recommended to assess accessibility
491812399,way,surface,MISSING,Surface tag is recommended to assess accessibility
491812400,way,surface,MISSING,Surface tag is recommended to assess accessibility
491812415,way,surface,MISSING,Surface tag is recommended to assess accessibility
491820366,way,surface,MISSING,Surface tag is recommended to assess accessibility
491820367,way,surface,MISSING,Surface tag is recommended to assess accessibility
491820368,way,surface,MISSING,Surface tag is recommended to assess accessibility
491820372,way,surface,MISSING,Surface tag is recommended to assess accessibility
491820373,way,surface,MISSING,Surface tag is recommended to assess accessibility
491825546,way,surface,MISSING,Surface tag is recommended to assess accessibility
491825553,way,surface,MISSING,Surface tag is recommended to assess accessibility
491825554,way,surface,MISSING,Surface tag is recommended to assess accessibility
491825555,way,surface,MISSING,Surface tag is recommended to assess accessibility
491825557,way,surface,MISSING,Surface tag is recommended to assess accessibility
491825745,way,surface,MISSING,Surface tag is recommended to assess accessibility
491825746,way,surface,MISSING,Surface tag is recommended to assess accessibility
491986822,way,surface,MISSING,Surface tag is recommended to assess accessibility
491986824,way,surface,MISSING,Surface tag is recommended to assess accessibility
491986833,way,surface,MISSING,Surface tag is recommended to assess accessibility
491986845,way,surface,MISSING,Surface tag is recommended to assess accessibility
491986846,way,surface,MISSING,Surface tag is recommended to assess accessibility
491986854,way,surface,MISSING,Surface tag is recommended to assess accessibility
491986855,way,surface,MISSING,Surface tag is recommended to assess accessibility
491986856,way,surface,MISSING,Surface tag is recommended to assess accessibility
491986859,way,surface,MISSING,Surface tag is recommended to assess accessibility
491986860,way,surface,MISSING,Surface tag is recommended to assess accessibility
491986861,way,surface,MISSING,Surface tag is recommended to assess accessibility
491986865,way,surface,MISSING,Surface tag is recommended to assess accessibility
491986866,way,surface,MISSING,Surface tag is recommended to assess accessibility
491986867,way,surface,MISSING,Surface tag is recommended to assess accessibility
491986868,way,surface,MISSING,Surface tag is recommended to assess accessibility
491986869,way,surface,MISSING,Surface tag is recommended to assess accessibility
491986870,way,surface,MISSING,Surface tag is recommended to assess accessibility
491989472,way,surface,MISSING,Surface tag is recommended to assess accessibility
491989483,way,surface,MISSING,Surface tag is recommended to assess accessibility
491989487,way,surface,MISSING,Surface tag is recommended to assess accessibility
491993938,way,surface,MISSING,Surface tag is recommended to assess accessibility
491993940,way,surface,MISSING,Surface tag is recommended to assess accessibility
491993941,way,surface,MISSING,Surface tag is recommended to assess accessibility
491993945,way,surface,MISSING,Surface tag is recommended to assess accessibility
491993947,way,surface,MISSING,Surface tag is recommended to assess accessibility
491993949,way,surface,MISSING,Surface tag is recommended to assess accessibility
491993950,way,surface,MISSING,Surface tag is recommended to assess accessibility
491993951,way,surface,MISSING,Surface tag is recommended to assess accessibility
491996127,way,surface,MISSING,Surface tag is recommended to assess accessibility
491996128,way,surface,MISSING,Surface tag is recommended to assess accessibility
491996129,way,surface,MISSING,Surface tag is recommended to assess accessibility
491996130,way,surface,MISSING,Surface tag is recommended to assess accessibility
491996131,way,surface,MISSING,Surface tag is recommended to assess accessibility
491996132,way,surface,MISSING,Surface tag is recommended to assess accessibility
491996133,way,surface,MISSING,Surface tag is recommended to assess accessibility
491996134,way,surface,MISSING,Surface tag is recommended to assess accessibility
491996135,way,surface,MISSING,Surface tag is recommended to assess accessibility
491996136,way,surface,MISSING,Surface tag is recommended to assess accessibility
491996137,way,surface,MISSING,Surface tag is recommended to assess accessibility
491996138,way,surface,MISSING,Surface tag is recommended to assess accessibility
491996139,way,surface,MISSING,Surface tag is recommended to assess accessibility
491996140,way,surface,MISSING,Surface tag is recommended to assess accessibility
491996141,way,surface,MISSING,Surface tag is recommended to assess accessibility
491996142,way,surface,MISSING,Surface tag is recommended to assess accessibility
491996143,way,surface,MISSING,Surface tag is recommended to assess accessibility
491996144,way,surface,MISSING,Surface tag is recommended to assess accessibility
491996145,way,surface,MISSING,Surface tag is recommended to assess accessibility
491996146,way,surface,MISSING,Surface tag is recommended to assess accessibility
491996147,way,surface,MISSING,Surface tag is recommended to assess accessibility
491996851,way,surface,MISSING,Surface tag is recommended to assess accessibility
491996853,way,surface,MISSING,Surface tag is recommended to assess accessibility
491996855,way,surface,MISSING,Surface tag is recommended to assess accessibility
491996857,way,surface,MISSING,Surface tag is recommended to assess accessibility
491996858,way,surface,MISSING,Surface tag is recommended to assess accessibility
491996860,way,surface,MISSING,Surface tag is recommended to assess accessibility
491996862,way,surface,MISSING,Surface tag is recommended to assess accessibility
491996863,way,surface,MISSING,Surface tag is recommended to assess accessibility
491996864,way,surface,MISSING,Surface tag is recommended to assess accessibility
491996866,way,surface,MISSING,Surface tag is recommended to assess accessibility
491996868,way,surface,MISSING,Surface tag is recommended to assess accessibility
491996872,way,surface,MISSING,Surface tag is recommended to assess accessibility
491996873,way,surface,MISSING,Surface tag is recommended to assess accessibility
491996877,way,surface,MISSING,Surface tag is recommended to assess accessibility
491996881,way,surface,MISSING,Surface tag is recommended to assess accessibility
491998041,way,surface,MISSING,Surface tag is recommended to assess accessibility
491998042,way,surface,MISSING,Surface tag is recommended to assess accessibility
491998043,way,surface,MISSING,Surface tag is recommended to assess accessibility
491998044,way,surface,MISSING,Surface tag is recommended to assess accessibility
491998045,way,surface,MISSING,Surface tag is recommended to assess accessibility
491998046,way,surface,MISSING,Surface tag is recommended to assess accessibility
491998049,way,surface,MISSING,Surface tag is recommended to assess accessibility
491998050,way,surface,MISSING,Surface tag is recommended to assess accessibility
491998054,way,surface,MISSING,Surface tag is recommended to assess accessibility
492371746,way,surface,MISSING,Surface tag is recommended to assess accessibility
492371748,way,surface,MISSING,Surface tag is recommended to assess accessibility
492371949,way,surface,MISSING,Surface tag is recommended to assess accessibility
492380545,way,surface,MISSING,Surface tag is recommended to assess accessibility
492386922,way,surface,MISSING,Surface tag is recommended to assess accessibility
492392764,way,surface,MISSING,Surface tag is recommended to assess accessibility
492392767,way,surface,MISSING,Surface tag is recommended to assess accessibility
492392772,way,surface,MISSING,Surface tag is recommended to assess accessibility
492396058,way,surface,MISSING,Surface tag is recommended to assess accessibility
492396059,way,surface,MISSING,Surface tag is recommended to assess accessibility
492399948,way,surface,MISSING,Surface tag is recommended to assess accessibility
492444029,way,surface,MISSING,Surface tag is recommended to assess accessibility
492444045,way,surface,MISSING,Surface tag is recommended to assess accessibility
492444046,way,surface,MISSING,Surface tag is recommended to assess accessibility
492444047,way,surface,MISSING,Surface tag is recommended to assess accessibility
492444048,way,surface,MISSING,Surface tag is recommended to assess accessibility
492444678,way,surface,MISSING,Surface tag is recommended to assess accessibility
492446156,way,surface,MISSING,Surface tag is recommended to assess accessibility
492640612,way,surface,MISSING,Surface tag is recommended to assess accessibility
492640613,way,surface,MISSING,Surface tag is recommended to assess accessibility
492640614,way,surface,MISSING,Surface tag is recommended to assess accessibility
492640615,way,surface,MISSING,Surface tag is recommended to assess accessibility
492640616,way,surface,MISSING,Surface tag is recommended to assess accessibility
492640617,way,surface,MISSING,Surface tag is recommended to assess accessibility
492640618,way,surface,MISSING,Surface tag is recommended to assess accessibility
492640620,way,surface,MISSING,Surface tag is recommended to assess accessibility
492640621,way,surface,MISSING,Surface tag is recommended to assess accessibility
492640624,way,surface,MISSING,Surface tag is recommended to assess accessibility
492640625,way,surface,MISSING,Surface tag is recommended to assess accessibility
492664815,way,surface,MISSING,Surface tag is recommended to assess accessibility
492664816,way,surface,MISSING,Surface tag is recommended to assess accessibility
492664817,way,surface,MISSING,Surface tag is recommended to assess accessibility
492664818,way,surface,MISSING,Surface tag is recommended to assess accessibility
492664819,way,surface,MISSING,Surface tag is recommended to assess accessibility
492664820,way,surface,MISSING,Surface tag is recommended to assess accessibility
492664821,way,surface,MISSING,Surface tag is recommended to assess accessibility
492666285,way,surface,MISSING,Surface tag is recommended to assess accessibility
492666286,way,surface,MISSING,Surface tag is recommended to assess accessibility
492666287,way,surface,MISSING,Surface tag is recommended to assess accessibility
492666288,way,surface,MISSING,Surface tag is recommended to assess accessibility
492666289,way,surface,MISSING,Surface tag is recommended to assess accessibility
492666290,way,surface,MISSING,Surface tag is recommended to assess accessibility
492666292,way,surface,MISSING,Surface tag is recommended to assess accessibility
492666293,way,surface,MISSING,Surface tag is recommended to assess accessibility
492666294,way,surface,MISSING,Surface tag is recommended to assess accessibility
492666295,way,surface,MISSING,Surface tag is recommended to assess accessibility
492668262,way,surface,MISSING,Surface tag is recommended to assess accessibility
492668263,way,surface,MISSING,Surface tag is recommended to assess accessibility
492668264,way,surface,MISSING,Surface tag is recommended to assess accessibility
492668266,way,surface,MISSING,Surface tag is recommended to assess accessibility
492668267,way,surface,MISSING,Surface tag is recommended to assess accessibility
492668268,way,surface,MISSING,Surface tag is recommended to assess accessibility
492668269,way,surface,MISSING,Surface tag is recommended to assess accessibility
492668270,way,surface,MISSING,Surface tag is recommended to assess accessibility
492668271,way,surface,MISSING,Surface tag is recommended to assess accessibility
492668272,way,surface,MISSING,Surface tag is recommended to assess accessibility
492668273,way,surface,MISSING,Surface tag is recommended to assess accessibility
492668274,way,surface,MISSING,Surface tag is recommended to assess accessibility
492668275,way,surface,MISSING,Surface tag is recommended to assess accessibility
492668276,way,surface,MISSING,Surface tag is recommended to assess accessibility
492668277,way,surface,MISSING,Surface tag is recommended to assess accessibility
492669825,way,surface,MISSING,Surface tag is recommended to assess accessibility
492669826,way,surface,MISSING,Surface tag is recommended to assess accessibility
492669827,way,surface,MISSING,Surface tag is recommended to assess accessibility
492669829,way,surface,MISSING,Surface tag is recommended to assess accessibility
492669830,way,surface,MISSING,Surface tag is recommended to assess accessibility
492669832,way,surface,MISSING,Surface tag is recommended to assess accessibility
492669833,way,surface,MISSING,Surface tag is recommended to assess accessibility
492669834,way,surface,MISSING,Surface tag is recommended to assess accessibility
492670206,way,surface,MISSING,Surface tag is recommended to assess accessibility
492670208,way,surface,MISSING,Surface tag is recommended to assess accessibility
492670555,way,surface,MISSING,Surface tag is recommended to assess accessibility
492670556,way,surface,MISSING,Surface tag is recommended to assess accessibility
492670557,way,surface,MISSING,Surface tag is recommended to assess accessibility
492670558,way,surface,MISSING,Surface tag is recommended to assess accessibility
493421502,way,surface,MISSING,Surface tag is recommended to assess accessibility
493421503,way,surface,MISSING,Surface tag is recommended to assess accessibility
493504268,way,surface,MISSING,Surface tag is recommended to assess accessibility
493729836,way,surface,MISSING,Surface tag is recommended to assess accessibility
494843369,way,surface,MISSING,Surface tag is recommended to assess accessibility
494843371,way,surface,MISSING,Surface tag is recommended to assess accessibility
494843401,way,surface,MISSING,Surface tag is recommended to assess accessibility
494909633,way,surface,MISSING,Surface tag is recommended to assess accessibility
494913927,way,surface,MISSING,Surface tag is recommended to assess accessibility
494921360,way,surface,MISSING,Surface tag is recommended to assess accessibility
494921362,way,surface,MISSING,Surface tag is recommended to assess accessibility
494921364,way,surface,MISSING,Surface tag is recommended to assess accessibility
494921365,way,surface,MISSING,Surface tag is recommended to assess accessibility
494921367,way,surface,MISSING,Surface tag is recommended to assess accessibility
494925233,way,surface,MISSING,Surface tag is recommended to assess accessibility
494925235,way,surface,MISSING,Surface tag is recommended to assess accessibility
494925238,way,surface,MISSING,Surface tag is recommended to assess accessibility
494998572,way,surface,MISSING,Surface tag is recommended to assess accessibility
495507439,way,surface,MISSING,Surface tag is recommended to assess accessibility
495507443,way,surface,MISSING,Surface tag is recommended to assess accessibility
495507445,way,surface,MISSING,Surface tag is recommended to assess accessibility
495507446,way,surface,MISSING,Surface tag is recommended to assess accessibility
495507447,way,surface,MISSING,Surface tag is recommended to assess accessibility
495507448,way,surface,MISSING,Surface tag is recommended to assess accessibility
495644258,way,surface,MISSING,Surface tag is recommended to assess accessibility
495751864,way,surface,MISSING,Surface tag is recommended to assess accessibility
495751866,way,surface,MISSING,Surface tag is recommended to assess accessibility
495751869,way,surface,MISSING,Surface tag is recommended to assess accessibility
495753293,way,surface,MISSING,Surface tag is recommended to assess accessibility
495753295,way,surface,MISSING,Surface tag is recommended to assess accessibility
495753297,way,surface,MISSING,Surface tag is recommended to assess accessibility
495753299,way,surface,MISSING,Surface tag is recommended to assess accessibility
495753301,way,surface,MISSING,Surface tag is recommended to assess accessibility
495753302,way,surface,MISSING,Surface tag is recommended to assess accessibility
495753304,way,surface,MISSING,Surface tag is recommended to assess accessibility
495753306,way,surface,MISSING,Surface tag is recommended to assess accessibility
495801237,way,surface,MISSING,Surface tag is recommended to assess accessibility
496187715,way,surface,MISSING,Surface tag is recommended to assess accessibility
496187716,way,surface,MISSING,Surface tag is recommended to assess accessibility
496187718,way,surface,MISSING,Surface tag is recommended to assess accessibility
496187719,way,surface,MISSING,Surface tag is recommended to assess accessibility
496187720,way,surface,MISSING,Surface tag is recommended to assess accessibility
496187722,way,surface,MISSING,Surface tag is recommended to assess accessibility
496187723,way,surface,MISSING,Surface tag is recommended to assess accessibility
497877390,way,surface,MISSING,Surface tag is recommended to assess accessibility
497877391,way,surface,MISSING,Surface tag is recommended to assess accessibility
497984463,way,surface,MISSING,Surface tag is recommended to assess accessibility
497984571,way,surface,MISSING,Surface tag is recommended to assess accessibility
498026581,way,surface,MISSING,Surface tag is recommended to assess accessibility
498089811,way,surface,MISSING,Surface tag is recommended to assess accessibility
498089812,way,surface,MISSING,Surface tag is recommended to assess accessibility
498089813,way,surface,MISSING,Surface tag is recommended to assess accessibility
498091468,way,surface,MISSING,Surface tag is recommended to assess accessibility
498109421,way,surface,MISSING,Surface tag is recommended to assess accessibility
498109423,way,surface,MISSING,Surface tag is recommended to assess accessibility
498109426,way,surface,MISSING,Surface tag is recommended to assess accessibility
498109428,way,surface,MISSING,Surface tag is recommended to assess accessibility
498384972,way,surface,MISSING,Surface tag is recommended to assess accessibility
498463307,way,surface,MISSING,Surface tag is recommended to assess accessibility
498463308,way,surface,MISSING,Surface tag is recommended to assess accessibility
498463309,way,surface,MISSING,Surface tag is recommended to assess accessibility
498463310,way,surface,MISSING,Surface tag is recommended to assess accessibility
498463311,way,surface,MISSING,Surface tag is recommended to assess accessibility
498463312,way,surface,MISSING,Surface tag is recommended to assess accessibility
498470254,way,surface,MISSING,Surface tag is recommended to assess accessibility
498470255,way,surface,MISSING,Surface tag is recommended to assess accessibility
498470256,way,surface,MISSING,Surface tag is recommended to assess accessibility
498470257,way,surface,MISSING,Surface tag is recommended to assess accessibility
498562282,way,surface,MISSING,Surface tag is recommended to assess accessibility
499015084,way,surface,MISSING,Surface tag is recommended to assess accessibility
501462686,way,surface,MISSING,Surface tag is recommended to assess accessibility
501502862,way,surface,MISSING,Surface tag is recommended to assess accessibility
502777148,way,surface,MISSING,Surface tag is recommended to assess accessibility
503255264,way,surface,MISSING,Surface tag is recommended to assess accessibility
503255265,way,surface,MISSING,Surface tag is recommended to assess accessibility
514306976,way,surface,MISSING,Surface tag is recommended to assess accessibility
514306977,way,surface,MISSING,Surface tag is recommended to assess accessibility
514306980,way,surface,MISSING,Surface tag is recommended to assess accessibility
514306981,way,surface,MISSING,Surface tag is recommended to assess accessibility
517587218,way,surface,MISSING,Surface tag is recommended to assess accessibility
517875288,way,surface,MISSING,Surface tag is recommended to assess accessibility
517875292,way,surface,MISSING,Surface tag is recommended to assess accessibility
518375870,way,surface,MISSING,Surface tag is recommended to assess accessibility
520770416,way,surface,MISSING,Surface tag is recommended to assess accessibility
520770417,way,surface,MISSING,Surface tag is recommended to assess accessibility
520770419,way,surface,MISSING,Surface tag is recommended to assess accessibility
520770420,way,surface,MISSING,Surface tag is recommended to assess accessibility
520770421,way,surface,MISSING,Surface tag is recommended to assess accessibility
521497260,way,surface,MISSING,Surface tag is recommended to assess accessibility
521497271,way,surface,MISSING,Surface tag is recommended to assess accessibility
521521654,way,surface,MISSING,Surface tag is recommended to assess accessibility
521612075,way,surface,MISSING,Surface tag is recommended to assess accessibility
521612076,way,surface,MISSING,Surface tag is recommended to assess accessibility
521612077,way,surface,MISSING,Surface tag is recommended to assess accessibility
521612078,way,surface,MISSING,Surface tag is recommended to assess accessibility
522496524,way,surface,MISSING,Surface tag is recommended to assess accessibility
522496525,way,surface,MISSING,Surface tag is recommended to assess accessibility
524112763,way,surface,MISSING,Surface tag is recommended to assess accessibility
524112764,way,surface,MISSING,Surface tag is recommended to assess accessibility
524112765,way,surface,MISSING,Surface tag is recommended to assess accessibility
524112766,way,surface,MISSING,Surface tag is recommended to assess accessibility
524112767,way,surface,MISSING,Surface tag is recommended to assess accessibility
524112768,way,surface,MISSING,Surface tag is recommended to assess accessibility
525446110,way,surface,MISSING,Surface tag is recommended to assess accessibility
525446111,way,surface,MISSING,Surface tag is recommended to assess accessibility
525446112,way,surface,MISSING,Surface tag is recommended to assess accessibility
525446113,way,surface,MISSING,Surface tag is recommended to assess accessibility
525483235,way,surface,MISSING,Surface tag is recommended to assess accessibility
525735139,way,surface,MISSING,Surface tag is recommended to assess accessibility
525735141,way,surface,MISSING,Surface tag is recommended to assess accessibility
525735142,way,surface,MISSING,Surface tag is recommended to assess accessibility
525735146,way,surface,MISSING,Surface tag is recommended to assess accessibility
525735655,way,surface,MISSING,Surface tag is recommended to assess accessibility
526325509,way,surface,MISSING,Surface tag is recommended to assess accessibility
526325512,way,surface,MISSING,Surface tag is recommended to assess accessibility
526325517,way,surface,MISSING,Surface tag is recommended to assess accessibility
526332079,way,surface,MISSING,Surface tag is recommended to assess accessibility
526332086,way,surface,MISSING,Surface tag is recommended to assess accessibility
526336272,way,surface,MISSING,Surface tag is recommended to assess accessibility
527164318,way,surface,MISSING,Surface tag is recommended to assess accessibility
527214800,way,surface,MISSING,Surface tag is recommended to assess accessibility
527321324,way,surface,MISSING,Surface tag is recommended to assess accessibility
527321325,way,surface,MISSING,Surface tag is recommended to assess accessibility
527321326,way,surface,MISSING,Surface tag is recommended to assess accessibility
528091460,way,surface,MISSING,Surface tag is recommended to assess accessibility
529548205,way,surface,MISSING,Surface tag is recommended to assess accessibility
529559805,way,surface,MISSING,Surface tag is recommended to assess accessibility
529559806,way,surface,MISSING,Surface tag is recommended to assess accessibility
529659471,way,surface,MISSING,Surface tag is recommended to assess accessibility
531357965,way,surface,MISSING,Surface tag is recommended to assess accessibility
531816585,way,surface,MISSING,Surface tag is recommended to assess accessibility
532431266,way,surface,MISSING,Surface tag is recommended to assess accessibility
532431267,way,surface,MISSING,Surface tag is recommended to assess accessibility
532431268,way,surface,MISSING,Surface tag is recommended to assess accessibility
532431269,way,surface,MISSING,Surface tag is recommended to assess accessibility
533060608,way,surface,MISSING,Surface tag is recommended to assess accessibility
533065584,way,surface,MISSING,Surface tag is recommended to assess accessibility
533065585,way,surface,MISSING,Surface tag is recommended to assess accessibility
533065586,way,surface,MISSING,Surface tag is recommended to assess accessibility
533065587,way,surface,MISSING,Surface tag is recommended to assess accessibility
533077093,way,surface,MISSING,Surface tag is recommended to assess accessibility
533077106,way,surface,MISSING,Surface tag is recommended to assess accessibility
536220939,way,surface,MISSING,Surface tag is recommended to assess accessibility
536220940,way,surface,MISSING,Surface tag is recommended to assess accessibility
541917677,way,surface,MISSING,Surface tag is recommended to assess accessibility
541917678,way,surface,MISSING,Surface tag is recommended to assess accessibility
541917679,way,surface,MISSING,Surface tag is recommended to assess accessibility
541917680,way,surface,MISSING,Surface tag is recommended to assess accessibility
541942727,way,surface,MISSING,Surface tag is recommended to assess accessibility
542438726,way,surface,MISSING,Surface tag is recommended to assess accessibility
543667325,way,surface,MISSING,Surface tag is recommended to assess accessibility
543667326,way,surface,MISSING,Surface tag is recommended to assess accessibility
543667329,way,surface,MISSING,Surface tag is recommended to assess accessibility
543667331,way,surface,MISSING,Surface tag is recommended to assess accessibility
543667332,way,surface,MISSING,Surface tag is recommended to assess accessibility
543950673,way,surface,MISSING,Surface tag is recommended to assess accessibility
543950674,way,surface,MISSING,Surface tag is recommended to assess accessibility
543950675,way,surface,MISSING,Surface tag is recommended to assess accessibility
543950676,way,surface,MISSING,Surface tag is recommended to assess accessibility
543952243,way,surface,MISSING,Surface tag is recommended to assess accessibility
543952244,way,surface,MISSING,Surface tag is recommended to assess accessibility
543952246,way,surface,MISSING,Surface tag is recommended to assess accessibility
544676968,way,surface,MISSING,Surface tag is recommended to assess accessibility
544803696,way,surface,MISSING,Surface tag is recommended to assess accessibility
545245748,way,surface,MISSING,Surface tag is recommended to assess accessibility
545452155,way,surface,MISSING,Surface tag is recommended to assess accessibility
545452159,way,surface,MISSING,Surface tag is recommended to assess accessibility
545453307,way,surface,MISSING,Surface tag is recommended to assess accessibility
545453309,way,surface,MISSING,Surface tag is recommended to assess accessibility
545453311,way,surface,MISSING,Surface tag is recommended to assess accessibility
545453314,way,surface,MISSING,Surface tag is recommended to assess accessibility
545454963,way,surface,MISSING,Surface tag is recommended to assess accessibility
545454967,way,surface,MISSING,Surface tag is recommended to assess accessibility
545454978,way,surface,MISSING,Surface tag is recommended to assess accessibility
545976025,way,surface,MISSING,Surface tag is recommended to assess accessibility
545976027,way,surface,MISSING,Surface tag is recommended to assess accessibility
545976028,way,surface,MISSING,Surface tag is recommended to assess accessibility
545976029,way,surface,MISSING,Surface tag is recommended to assess accessibility
545976038,way,surface,MISSING,Surface tag is recommended to assess accessibility
545976039,way,surface,MISSING,Surface tag is recommended to assess accessibility
546333399,way,surface,MISSING,Surface tag is recommended to assess accessibility
546825561,way,surface,MISSING,Surface tag is recommended to assess accessibility
547479072,way,surface,MISSING,Surface tag is recommended to assess accessibility
547765995,way,surface,MISSING,Surface tag is recommended to assess accessibility
547765997,way,surface,MISSING,Surface tag is recommended to assess accessibility
547766000,way,surface,MISSING,Surface tag is recommended to assess accessibility
547766003,way,surface,MISSING,Surface tag is recommended to assess accessibility
548241679,way,surface,MISSING,Surface tag is recommended to assess accessibility
548241693,way,surface,MISSING,Surface tag is recommended to assess accessibility
548241694,way,surface,MISSING,Surface tag is recommended to assess accessibility
548241695,way,surface,MISSING,Surface tag is recommended to assess accessibility
548241697,way,surface,MISSING,Surface tag is recommended to assess accessibility
548241699,way,surface,MISSING,Surface tag is recommended to assess accessibility
548241700,way,surface,MISSING,Surface tag is recommended to assess accessibility
548241703,way,surface,MISSING,Surface tag is recommended to assess accessibility
548241709,way,surface,MISSING,Surface tag is recommended to assess accessibility
548241710,way,surface,MISSING,Surface tag is recommended to assess accessibility
548241711,way,surface,MISSING,Surface tag is recommended to assess accessibility
548241719,way,surface,MISSING,Surface tag is recommended to assess accessibility
548241720,way,surface,MISSING,Surface tag is recommended to assess accessibility
548241721,way,surface,MISSING,Surface tag is recommended to assess accessibility
548518473,way,surface,MISSING,Surface tag is recommended to assess accessibility
548544395,way,surface,MISSING,Surface tag is recommended to assess accessibility
548544397,way,surface,MISSING,Surface tag is recommended to assess accessibility
548544408,way,surface,MISSING,Surface tag is recommended to assess accessibility
548544417,way,surface,MISSING,Surface tag is recommended to assess accessibility
548544420,way,surface,MISSING,Surface tag is recommended to assess accessibility
548544428,way,surface,MISSING,Surface tag is recommended to assess accessibility
548544429,way,surface,MISSING,Surface tag is recommended to assess accessibility
548544440,way,surface,MISSING,Surface tag is recommended to assess accessibility
548544441,way,surface,MISSING,Surface tag is recommended to assess accessibility
548691730,way,surface,MISSING,Surface tag is recommended to assess accessibility
548843509,way,surface,MISSING,Surface tag is recommended to assess accessibility
549223667,way,surface,MISSING,Surface tag is recommended to assess accessibility
549316077,way,surface,MISSING,Surface tag is recommended to assess accessibility
549316078,way,surface,MISSING,Surface tag is recommended to assess accessibility
549316079,way,surface,MISSING,Surface tag is recommended to assess accessibility
549632886,way,surface,MISSING,Surface tag is recommended to assess accessibility
549632890,way,surface,MISSING,Surface tag is recommended to assess accessibility
549632892,way,surface,MISSING,Surface tag is recommended to assess accessibility
549705634,way,surface,MISSING,Surface tag is recommended to assess accessibility
549705638,way,surface,MISSING,Surface tag is recommended to assess accessibility
549705659,way,surface,MISSING,Surface tag is recommended to assess accessibility
550497051,way,surface,MISSING,Surface tag is recommended to assess accessibility
550503272,way,surface,MISSING,Surface tag is recommended to assess accessibility
550503276,way,surface,MISSING,Surface tag is recommended to assess accessibility
550503277,way,surface,MISSING,Surface tag is recommended to assess accessibility
551123094,way,surface,MISSING,Surface tag is recommended to assess accessibility
553784145,way,surface,MISSING,Surface tag is recommended to assess accessibility
553784146,way,surface,MISSING,Surface tag is recommended to assess accessibility
553784147,way,surface,MISSING,Surface tag is recommended to assess accessibility
553784148,way,surface,MISSING,Surface tag is recommended to assess accessibility
553784150,way,surface,MISSING,Surface tag is recommended to assess accessibility
553784151,way,surface,MISSING,Surface tag is recommended to assess accessibility
554215182,way,surface,MISSING,Surface tag is recommended to assess accessibility
554548103,way,surface,MISSING,Surface tag is recommended to assess accessibility
554548104,way,surface,MISSING,Surface tag is recommended to assess accessibility
554548105,way,surface,MISSING,Surface tag is recommended to assess accessibility
555799950,way,surface,MISSING,Surface tag is recommended to assess accessibility
556527745,way,surface,MISSING,Surface tag is recommended to assess accessibility
557391117,way,surface,MISSING,Surface tag is recommended to assess accessibility
557391123,way,surface,MISSING,Surface tag is recommended to assess accessibility
557399581,way,surface,MISSING,Surface tag is recommended to assess accessibility
557476938,way,surface,MISSING,Surface tag is recommended to assess accessibility
559269212,way,surface,MISSING,Surface tag is recommended to assess accessibility
559700345,way,surface,MISSING,Surface tag is recommended to assess accessibility
559700346,way,surface,MISSING,Surface tag is recommended to assess accessibility
559700347,way,surface,MISSING,Surface tag is recommended to assess accessibility
560470575,way,surface,MISSING,Surface tag is recommended to assess accessibility
560565734,way,surface,MISSING,Surface tag is recommended to assess accessibility
560731903,way,surface,MISSING,Surface tag is recommended to assess accessibility
561632302,way,surface,MISSING,Surface tag is recommended to assess accessibility
561810491,way,surface,MISSING,Surface tag is recommended to assess accessibility
562310840,way,surface,MISSING,Surface tag is recommended to assess accessibility
562310841,way,surface,MISSING,Surface tag is recommended to assess accessibility
562310842,way,surface,MISSING,Surface tag is recommended to assess accessibility
562310843,way,surface,MISSING,Surface tag is recommended to assess accessibility
563060418,way,surface,MISSING,Surface tag is recommended to assess accessibility
563060420,way,surface,MISSING,Surface tag is recommended to assess accessibility
563060423,way,surface,MISSING,Surface tag is recommended to assess accessibility
563066139,way,surface,MISSING,Surface tag is recommended to assess accessibility
563066140,way,surface,MISSING,Surface tag is recommended to assess accessibility
564475675,way,surface,MISSING,Surface tag is recommended to assess accessibility
564475676,way,surface,MISSING,Surface tag is recommended to assess accessibility
564475682,way,surface,MISSING,Surface tag is recommended to assess accessibility
564475683,way,surface,MISSING,Surface tag is recommended to assess accessibility
564475684,way,surface,MISSING,Surface tag is recommended to assess accessibility
564475686,way,surface,MISSING,Surface tag is recommended to assess accessibility
564475687,way,surface,MISSING,Surface tag is recommended to assess accessibility
564475688,way,surface,MISSING,Surface tag is recommended to assess accessibility
564475700,way,surface,MISSING,Surface tag is recommended to assess accessibility
564476154,way,surface,MISSING,Surface tag is recommended to assess accessibility
564476159,way,surface,MISSING,Surface tag is recommended to assess accessibility
564476162,way,surface,MISSING,Surface tag is recommended to assess accessibility
564476166,way,surface,MISSING,Surface tag is recommended to assess accessibility
564476167,way,surface,MISSING,Surface tag is recommended to assess accessibility
564828176,way,surface,MISSING,Surface tag is recommended to assess accessibility
568674295,way,surface,MISSING,Surface tag is recommended to assess accessibility
568674296,way,surface,MISSING,Surface tag is recommended to assess accessibility
568674297,way,surface,MISSING,Surface tag is recommended to assess accessibility
572195628,way,surface,MISSING,Surface tag is recommended to assess accessibility
574819741,way,surface,MISSING,Surface tag is recommended to assess accessibility
578233911,way,surface,MISSING,Surface tag is recommended to assess accessibility
580346399,way,surface,MISSING,Surface tag is recommended to assess accessibility
582203281,way,surface,MISSING,Surface tag is recommended to assess accessibility
582913043,way,surface,MISSING,Surface tag is recommended to assess accessibility
583465778,way,surface,MISSING,Surface tag is recommended to assess accessibility
583465781,way,surface,MISSING,Surface tag is recommended to assess accessibility
583476344,way,surface,MISSING,Surface tag is recommended to assess accessibility
583918553,way,surface,MISSING,Surface tag is recommended to assess accessibility
584109535,way,surface,MISSING,Surface tag is recommended to assess accessibility
584109562,way,surface,MISSING,Surface tag is recommended to assess accessibility
584123798,way,surface,MISSING,Surface tag is recommended to assess accessibility
584123799,way,surface,MISSING,Surface tag is recommended to assess accessibility
584123800,way,surface,MISSING,Surface tag is recommended to assess accessibility
585507401,way,surface,MISSING,Surface tag is recommended to assess accessibility
585507403,way,surface,MISSING,Surface tag is recommended to assess accessibility
585507405,way,surface,MISSING,Surface tag is recommended to assess accessibility
585507408,way,surface,MISSING,Surface tag is recommended to assess accessibility
585507410,way,surface,MISSING,Surface tag is recommended to assess accessibility
585507413,way,surface,MISSING,Surface tag is recommended to assess accessibility
585507428,way,surface,MISSING,Surface tag is recommended to assess accessibility
586583635,way,surface,MISSING,Surface tag is recommended to assess accessibility
586583636,way,surface,MISSING,Surface tag is recommended to assess accessibility
587593438,way,surface,MISSING,Surface tag is recommended to assess accessibility
587593441,way,surface,MISSING,Surface tag is recommended to assess accessibility
587593442,way,surface,MISSING,Surface tag is recommended to assess accessibility
587733811,way,surface,MISSING,Surface tag is recommended to assess accessibility
587737743,way,surface,MISSING,Surface tag is recommended to assess accessibility
587739192,way,surface,MISSING,Surface tag is recommended to assess accessibility
587739193,way,surface,MISSING,Surface tag is recommended to assess accessibility
587760430,way,surface,MISSING,Surface tag is recommended to assess accessibility
587760433,way,surface,MISSING,Surface tag is recommended to assess accessibility
587760434,way,surface,MISSING,Surface tag is recommended to assess accessibility
587760438,way,surface,MISSING,Surface tag is recommended to assess accessibility
587760441,way,surface,MISSING,Surface tag is recommended to assess accessibility
587760442,way,surface,MISSING,Surface tag is recommended to assess accessibility
587760443,way,surface,MISSING,Surface tag is recommended to assess accessibility
587760444,way,surface,MISSING,Surface tag is recommended to assess accessibility
587763673,way,surface,MISSING,Surface tag is recommended to assess accessibility
587763674,way,surface,MISSING,Surface tag is recommended to assess accessibility
587763675,way,surface,MISSING,Surface tag is recommended to assess accessibility
587763676,way,surface,MISSING,Surface tag is recommended to assess accessibility
587763677,way,surface,MISSING,Surface tag is recommended to assess accessibility
587766162,way,surface,MISSING,Surface tag is recommended to assess accessibility
587766163,way,surface,MISSING,Surface tag is recommended to assess accessibility
587766503,way,surface,MISSING,Surface tag is recommended to assess accessibility
587766504,way,surface,MISSING,Surface tag is recommended to assess accessibility
587766505,way,surface,MISSING,Surface tag is recommended to assess accessibility
587766506,way,surface,MISSING,Surface tag is recommended to assess accessibility
587766507,way,surface,MISSING,Surface tag is recommended to assess accessibility
587766508,way,surface,MISSING,Surface tag is recommended to assess accessibility
587847490,way,surface,MISSING,Surface tag is recommended to assess accessibility
589526429,way,surface,MISSING,Surface tag is recommended to assess accessibility
589526431,way,surface,MISSING,Surface tag is recommended to assess accessibility
589526432,way,surface,MISSING,Surface tag is recommended to assess accessibility
589526434,way,surface,MISSING,Surface tag is recommended to assess accessibility
589526436,way,surface,MISSING,Surface tag is recommended to assess accessibility
589526439,way,surface,MISSING,Surface tag is recommended to assess accessibility
589526440,way,surface,MISSING,Surface tag is recommended to assess accessibility
589526445,way,surface,MISSING,Surface tag is recommended to assess accessibility
591270727,way,surface,MISSING,Surface tag is recommended to assess accessibility
591803644,way,surface,MISSING,Surface tag is recommended to assess accessibility
594839953,way,surface,MISSING,Surface tag is recommended to assess accessibility
596674455,way,surface,MISSING,Surface tag is recommended to assess accessibility
597065429,way,surface,MISSING,Surface tag is recommended to assess accessibility
597065430,way,surface,MISSING,Surface tag is recommended to assess accessibility
597065434,way,surface,MISSING,Surface tag is recommended to assess accessibility
597065436,way,surface,MISSING,Surface tag is recommended to assess accessibility
597065437,way,surface,MISSING,Surface tag is recommended to assess accessibility
597065438,way,surface,MISSING,Surface tag is recommended to assess accessibility
597065439,way,surface,MISSING,Surface tag is recommended to assess accessibility
597065441,way,surface,MISSING,Surface tag is recommended to assess accessibility
597065442,way,surface,MISSING,Surface tag is recommended to assess accessibility
597065446,way,surface,MISSING,Surface tag is recommended to assess accessibility
597081222,way,surface,MISSING,Surface tag is recommended to assess accessibility
600984461,way,surface,MISSING,Surface tag is recommended to assess accessibility
601383831,way,surface,MISSING,Surface tag is recommended to assess accessibility
601383833,way,surface,MISSING,Surface tag is recommended to assess accessibility
601383834,way,surface,MISSING,Surface tag is recommended to assess accessibility
602233004,way,surface,MISSING,Surface tag is recommended to assess accessibility
602233005,way,surface,MISSING,Surface tag is recommended to assess accessibility
602233246,way,surface,MISSING,Surface tag is recommended to assess accessibility
602233247,way,surface,MISSING,Surface tag is recommended to assess accessibility
602233248,way,surface,MISSING,Surface tag is recommended to assess accessibility
603886193,way,surface,MISSING,Surface tag is recommended to assess accessibility
603886194,way,surface,MISSING,Surface tag is recommended to assess accessibility
603886195,way,surface,MISSING,Surface tag is recommended to assess accessibility
603886196,way,surface,MISSING,Surface tag is recommended to assess accessibility
603886200,way,surface,MISSING,Surface tag is recommended to assess accessibility
603886201,way,surface,MISSING,Surface tag is recommended to assess accessibility
603886599,way,surface,MISSING,Surface tag is recommended to assess accessibility
603886601,way,surface,MISSING,Surface tag is recommended to assess accessibility
603888793,way,surface,MISSING,Surface tag is recommended to assess accessibility
604048803,way,surface,MISSING,Surface tag is recommended to assess accessibility
605932155,way,surface,MISSING,Surface tag is recommended to assess accessibility
605932156,way,surface,MISSING,Surface tag is recommended to assess accessibility
607163754,way,surface,MISSING,Surface tag is recommended to assess accessibility
607163755,way,surface,MISSING,Surface tag is recommended to assess accessibility
607163785,way,surface,MISSING,Surface tag is recommended to assess accessibility
607163786,way,surface,MISSING,Surface tag is recommended to assess accessibility
607163787,way,surface,MISSING,Surface tag is recommended to assess accessibility
607163788,way,surface,MISSING,Surface tag is recommended to assess accessibility
607163789,way,surface,MISSING,Surface tag is recommended to assess accessibility
607163790,way,surface,MISSING,Surface tag is recommended to assess accessibility
607346497,way,surface,MISSING,Surface tag is recommended to assess accessibility
607862047,way,surface,MISSING,Surface tag is recommended to assess accessibility
607862050,way,surface,MISSING,Surface tag is recommended to assess accessibility
607862052,way,surface,MISSING,Surface tag is recommended to assess accessibility
609329588,way,surface,MISSING,Surface tag is recommended to assess accessibility
609329589,way,surface,MISSING,Surface tag is recommended to assess accessibility
609329601,way,surface,MISSING,Surface tag is recommended to assess accessibility
609329602,way,surface,MISSING,Surface tag is recommended to assess accessibility
610017004,way,surface,MISSING,Surface tag is recommended to assess accessibility
610017005,way,surface,MISSING,Surface tag is recommended to assess accessibility
610017006,way,surface,MISSING,Surface tag is recommended to assess accessibility
610225755,way,surface,MISSING,Surface tag is recommended to assess accessibility
610225756,way,surface,MISSING,Surface tag is recommended to assess accessibility
610225757,way,surface,MISSING,Surface tag is recommended to assess accessibility
610225758,way,surface,MISSING,Surface tag is recommended to assess accessibility
610225767,way,surface,MISSING,Surface tag is recommended to assess accessibility
610225768,way,surface,MISSING,Surface tag is recommended to assess accessibility
610225770,way,surface,MISSING,Surface tag is recommended to assess accessibility
610225771,way,surface,MISSING,Surface tag is recommended to assess accessibility
610305843,way,surface,MISSING,Surface tag is recommended to assess accessibility
610305844,way,surface,MISSING,Surface tag is recommended to assess accessibility
610305845,way,surface,MISSING,Surface tag is recommended to assess accessibility
610305846,way,surface,MISSING,Surface tag is recommended to assess accessibility
610305847,way,surface,MISSING,Surface tag is recommended to assess accessibility
610305848,way,surface,MISSING,Surface tag is recommended to assess accessibility
610305849,way,surface,MISSING,Surface tag is recommended to assess accessibility
611689027,way,surface,MISSING,Surface tag is recommended to assess accessibility
611996072,way,surface,MISSING,Surface tag is recommended to assess accessibility
611996073,way,surface,MISSING,Surface tag is recommended to assess accessibility
612558604,way,surface,MISSING,Surface tag is recommended to assess accessibility
612558606,way,surface,MISSING,Surface tag is recommended to assess accessibility
612728285,way,surface,MISSING,Surface tag is recommended to assess accessibility
617859095,way,surface,MISSING,Surface tag is recommended to assess accessibility
617859096,way,surface,MISSING,Surface tag is recommended to assess accessibility
617972474,way,surface,MISSING,Surface tag is recommended to assess accessibility
617972475,way,surface,MISSING,Surface tag is recommended to assess accessibility
617972479,way,surface,MISSING,Surface tag is recommended to assess accessibility
617972480,way,surface,MISSING,Surface tag is recommended to assess accessibility
617972481,way,surface,MISSING,Surface tag is recommended to assess accessibility
617972482,way,surface,MISSING,Surface tag is recommended to assess accessibility
617972483,way,surface,MISSING,Surface tag is recommended to assess accessibility
618544842,way,surface,MISSING,Surface tag is recommended to assess accessibility
626281504,way,surface,MISSING,Surface tag is recommended to assess accessibility
626281505,way,surface,MISSING,Surface tag is recommended to assess accessibility
628788780,way,surface,MISSING,Surface tag is recommended to assess accessibility
628904845,way,surface,MISSING,Surface tag is recommended to assess accessibility
628904846,way,surface,MISSING,Surface tag is recommended to assess accessibility
629241406,way,surface,MISSING,Surface tag is recommended to assess accessibility
629242963,way,surface,MISSING,Surface tag is recommended to assess accessibility
629244418,way,surface,MISSING,Surface tag is recommended to assess accessibility
629244419,way,surface,MISSING,Surface tag is recommended to assess accessibility
629245830,way,surface,MISSING,Surface tag is recommended to assess accessibility
629915720,way,surface,MISSING,Surface tag is recommended to assess accessibility
631619272,way,surface,MISSING,Surface tag is recommended to assess accessibility
631619273,way,surface,MISSING,Surface tag is recommended to assess accessibility
631619274,way,surface,MISSING,Surface tag is recommended to assess accessibility
631619275,way,surface,MISSING,Surface tag is recommended to assess accessibility
634820122,way,surface,MISSING,Surface tag is recommended to assess accessibility
638568871,way,surface,MISSING,Surface tag is recommended to assess accessibility
648284502,way,surface,MISSING,Surface tag is recommended to assess accessibility
651039294,way,surface,MISSING,Surface tag is recommended to assess accessibility
651598508,way,surface,MISSING,Surface tag is recommended to assess accessibility
653978035,way,surface,MISSING,Surface tag is recommended to assess accessibility
655419418,way,surface,MISSING,Surface tag is recommended to assess accessibility
655520078,way,surface,MISSING,Surface tag is recommended to assess accessibility
655520079,way,surface,MISSING,Surface tag is recommended to assess accessibility
655532149,way,surface,MISSING,Surface tag is recommended to assess accessibility
655532150,way,surface,MISSING,Surface tag is recommended to assess accessibility
655532151,way,surface,MISSING,Surface tag is recommended to assess accessibility
656065719,way,surface,MISSING,Surface tag is recommended to assess accessibility
656499523,way,surface,MISSING,Surface tag is recommended to assess accessibility
656499524,way,surface,MISSING,Surface tag is recommended to assess accessibility
656922172,way,surface,MISSING,Surface tag is recommended to assess accessibility
657003859,way,surface,MISSING,Surface tag is recommended to assess accessibility
657003860,way,surface,MISSING,Surface tag is recommended to assess accessibility
657003861,way,surface,MISSING,Surface tag is recommended to assess accessibility
657003864,way,surface,MISSING,Surface tag is recommended to assess accessibility
657003866,way,surface,MISSING,Surface tag is recommended to assess accessibility
657003867,way,surface,MISSING,Surface tag is recommended to assess accessibility
657003868,way,surface,MISSING,Surface tag is recommended to assess accessibility
657003872,way,surface,MISSING,Surface tag is recommended to assess accessibility
657003873,way,surface,MISSING,Surface tag is recommended to assess accessibility
657003874,way,surface,MISSING,Surface tag is recommended to assess accessibility
657003875,way,surface,MISSING,Surface tag is recommended to assess accessibility
660892180,way,surface,MISSING,Surface tag is recommended to assess accessibility
660892181,way,surface,MISSING,Surface tag is recommended to assess accessibility
660892243,way,surface,MISSING,Surface tag is recommended to assess accessibility
661096564,way,surface,MISSING,Surface tag is recommended to assess accessibility
662310614,way,surface,MISSING,Surface tag is recommended to assess accessibility
662354504,way,surface,MISSING,Surface tag is recommended to assess accessibility
663179506,way,surface,MISSING,Surface tag is recommended to assess accessibility
664452562,way,surface,MISSING,Surface tag is recommended to assess accessibility
667709356,way,surface,MISSING,Surface tag is recommended to assess accessibility
668466837,way,surface,MISSING,Surface tag is recommended to assess accessibility
668840211,way,surface,MISSING,Surface tag is recommended to assess accessibility
668840214,way,surface,MISSING,Surface tag is recommended to assess accessibility
669947848,way,surface,MISSING,Surface tag is recommended to assess accessibility
670480316,way,surface,MISSING,Surface tag is recommended to assess accessibility
670480317,way,surface,MISSING,Surface tag is recommended to assess accessibility
670480321,way,surface,MISSING,Surface tag is recommended to assess accessibility
670480326,way,surface,MISSING,Surface tag is recommended to assess accessibility
671575326,way,surface,MISSING,Surface tag is recommended to assess accessibility
672356688,way,surface,MISSING,Surface tag is recommended to assess accessibility
673370348,way,surface,MISSING,Surface tag is recommended to assess accessibility
675292321,way,surface,MISSING,Surface tag is recommended to assess accessibility
675395030,way,surface,MISSING,Surface tag is recommended to assess accessibility
675673950,way,surface,MISSING,Surface tag is recommended to assess accessibility
675673953,way,surface,MISSING,Surface tag is recommended to assess accessibility
675673956,way,surface,MISSING,Surface tag is recommended to assess accessibility
675673980,way,surface,MISSING,Surface tag is recommended to assess accessibility
675673998,way,surface,MISSING,Surface tag is recommended to assess accessibility
675673999,way,surface,MISSING,Surface tag is recommended to assess accessibility
675674000,way,surface,MISSING,Surface tag is recommended to assess accessibility
675674033,way,surface,MISSING,Surface tag is recommended to assess accessibility
675674047,way,surface,MISSING,Surface tag is recommended to assess accessibility
677013375,way,surface,MISSING,Surface tag is recommended to assess accessibility
678499428,way,surface,MISSING,Surface tag is recommended to assess accessibility
678499431,way,surface,MISSING,Surface tag is recommended to assess accessibility
678499432,way,surface,MISSING,Surface tag is recommended to assess accessibility
678499436,way,surface,MISSING,Surface tag is recommended to assess accessibility
679593502,way,surface,MISSING,Surface tag is recommended to assess accessibility
680304020,way,surface,MISSING,Surface tag is recommended to assess accessibility
680304021,way,surface,MISSING,Surface tag is recommended to assess accessibility
680304022,way,surface,MISSING,Surface tag is recommended to assess accessibility
680304023,way,surface,MISSING,Surface tag is recommended to assess accessibility
680683582,way,surface,MISSING,Surface tag is recommended to assess accessibility
681681686,way,surface,MISSING,Surface tag is recommended to assess accessibility
681681687,way,surface,MISSING,Surface tag is recommended to assess accessibility
682125088,way,surface,MISSING,Surface tag is recommended to assess accessibility
682217523,way,surface,MISSING,Surface tag is recommended to assess accessibility
682217526,way,surface,MISSING,Surface tag is recommended to assess accessibility
682217534,way,surface,MISSING,Surface tag is recommended to assess accessibility
682218385,way,surface,MISSING,Surface tag is recommended to assess accessibility
683799553,way,surface,MISSING,Surface tag is recommended to assess accessibility
684101987,way,surface,MISSING,Surface tag is recommended to assess accessibility
684176465,way,surface,MISSING,Surface tag is recommended to assess accessibility
684314200,way,surface,MISSING,Surface tag is recommended to assess accessibility
684314201,way,surface,MISSING,Surface tag is recommended to assess accessibility
684347709,way,surface,MISSING,Surface tag is recommended to assess accessibility
684534701,way,surface,MISSING,Surface tag is recommended to assess accessibility
684741682,way,surface,MISSING,Surface tag is recommended to assess accessibility
684741685,way,surface,MISSING,Surface tag is recommended to assess accessibility
684741691,way,surface,MISSING,Surface tag is recommended to assess accessibility
685128025,way,surface,MISSING,Surface tag is recommended to assess accessibility
685231812,way,surface,MISSING,Surface tag is recommended to assess accessibility
686890135,way,surface,MISSING,Surface tag is recommended to assess accessibility
686890139,way,surface,MISSING,Surface tag is recommended to assess accessibility
687374125,way,surface,MISSING,Surface tag is recommended to assess accessibility
687571201,way,surface,MISSING,Surface tag is recommended to assess accessibility
688121068,way,surface,MISSING,Surface tag is recommended to assess accessibility
688198410,way,surface,MISSING,Surface tag is recommended to assess accessibility
688244435,way,surface,MISSING,Surface tag is recommended to assess accessibility
688244436,way,surface,MISSING,Surface tag is recommended to assess accessibility
688244437,way,surface,MISSING,Surface tag is recommended to assess accessibility
688244438,way,surface,MISSING,Surface tag is recommended to assess accessibility
688244439,way,surface,MISSING,Surface tag is recommended to assess accessibility
688244440,way,surface,MISSING,Surface tag is recommended to assess accessibility
688343348,way,surface,MISSING,Surface tag is recommended to assess accessibility
688343353,way,surface,MISSING,Surface tag is recommended to assess accessibility
688344790,way,surface,MISSING,Surface tag is recommended to assess accessibility
688348712,way,surface,MISSING,Surface tag is recommended to assess accessibility
688349337,way,surface,MISSING,Surface tag is recommended to assess accessibility
688588459,way,surface,MISSING,Surface tag is recommended to assess accessibility
688908300,way,surface,MISSING,Surface tag is recommended to assess accessibility
688909614,way,surface,MISSING,Surface tag is recommended to assess accessibility
688939890,way,surface,MISSING,Surface tag is recommended to assess accessibility
688939910,way,surface,MISSING,Surface tag is recommended to assess accessibility
688939978,way,surface,MISSING,Surface tag is recommended to assess accessibility
689001181,way,surface,MISSING,Surface tag is recommended to assess accessibility
689278402,way,surface,MISSING,Surface tag is recommended to assess accessibility
689469933,way,surface,MISSING,Surface tag is recommended to assess accessibility
689472013,way,surface,MISSING,Surface tag is recommended to assess accessibility
689472014,way,surface,MISSING,Surface tag is recommended to assess accessibility
689472031,way,surface,MISSING,Surface tag is recommended to assess accessibility
689472032,way,surface,MISSING,Surface tag is recommended to assess accessibility
689472033,way,surface,MISSING,Surface tag is recommended to assess accessibility
689602853,way,surface,MISSING,Surface tag is recommended to assess accessibility
689602854,way,surface,MISSING,Surface tag is recommended to assess accessibility
689602855,way,surface,MISSING,Surface tag is recommended to assess accessibility
689602856,way,surface,MISSING,Surface tag is recommended to assess accessibility
689602857,way,surface,MISSING,Surface tag is recommended to assess accessibility
689602864,way,surface,MISSING,Surface tag is recommended to assess accessibility
689602865,way,surface,MISSING,Surface tag is recommended to assess accessibility
689602866,way,surface,MISSING,Surface tag is recommended to assess accessibility
689602867,way,surface,MISSING,Surface tag is recommended to assess accessibility
689602868,way,surface,MISSING,Surface tag is recommended to assess accessibility
689602869,way,surface,MISSING,Surface tag is recommended to assess accessibility
689602870,way,surface,MISSING,Surface tag is recommended to assess accessibility
689602872,way,surface,MISSING,Surface tag is recommended to assess accessibility
689602876,way,surface,MISSING,Surface tag is recommended to assess accessibility
689602879,way,surface,MISSING,Surface tag is recommended to assess accessibility
689602880,way,surface,MISSING,Surface tag is recommended to assess accessibility
689602881,way,surface,MISSING,Surface tag is recommended to assess accessibility
689602882,way,surface,MISSING,Surface tag is recommended to assess accessibility
689602883,way,surface,MISSING,Surface tag is recommended to assess accessibility
689602888,way,surface,MISSING,Surface tag is recommended to assess accessibility
689602942,way,surface,MISSING,Surface tag is recommended to assess accessibility
689602957,way,surface,MISSING,Surface tag is recommended to assess accessibility
689602958,way,surface,MISSING,Surface tag is recommended to assess accessibility
689602966,way,surface,MISSING,Surface tag is recommended to assess accessibility
690401086,way,surface,MISSING,Surface tag is recommended to assess accessibility
691634588,way,surface,MISSING,Surface tag is recommended to assess accessibility
691634589,way,surface,MISSING,Surface tag is recommended to assess accessibility
691983857,way,surface,MISSING,Surface tag is recommended to assess accessibility
693004729,way,surface,MISSING,Surface tag is recommended to assess accessibility
695916674,way,surface,MISSING,Surface tag is recommended to assess accessibility
696304163,way,surface,MISSING,Surface tag is recommended to assess accessibility
697804881,way,surface,MISSING,Surface tag is recommended to assess accessibility
699062523,way,surface,MISSING,Surface tag is recommended to assess accessibility
699062531,way,surface,MISSING,Surface tag is recommended to assess accessibility
699062532,way,surface,MISSING,Surface tag is recommended to assess accessibility
699062534,way,surface,MISSING,Surface tag is recommended to assess accessibility
699062544,way,surface,MISSING,Surface tag is recommended to assess accessibility
699062556,way,surface,MISSING,Surface tag is recommended to assess accessibility
699062557,way,surface,MISSING,Surface tag is recommended to assess accessibility
699064826,way,surface,MISSING,Surface tag is recommended to assess accessibility
699064827,way,surface,MISSING,Surface tag is recommended to assess accessibility
699070114,way,surface,MISSING,Surface tag is recommended to assess accessibility
699070115,way,surface,MISSING,Surface tag is recommended to assess accessibility
699070116,way,surface,MISSING,Surface tag is recommended to assess accessibility
699070118,way,surface,MISSING,Surface tag is recommended to assess accessibility
699070119,way,surface,MISSING,Surface tag is recommended to assess accessibility
699070121,way,surface,MISSING,Surface tag is recommended to assess accessibility
699070122,way,surface,MISSING,Surface tag is recommended to assess accessibility
699070123,way,surface,MISSING,Surface tag is recommended to assess accessibility
699070124,way,surface,MISSING,Surface tag is recommended to assess accessibility
699070127,way,surface,MISSING,Surface tag is recommended to assess accessibility
699070128,way,surface,MISSING,Surface tag is recommended to assess accessibility
699070129,way,surface,MISSING,Surface tag is recommended to assess accessibility
699070130,way,surface,MISSING,Surface tag is recommended to assess accessibility
699070134,way,surface,MISSING,Surface tag is recommended to assess accessibility
699070135,way,surface,MISSING,Surface tag is recommended to assess accessibility
699070140,way,surface,MISSING,Surface tag is recommended to assess accessibility
699070141,way,surface,MISSING,Surface tag is recommended to assess accessibility
699070151,way,surface,MISSING,Surface tag is recommended to assess accessibility
699070154,way,surface,MISSING,Surface tag is recommended to assess accessibility
699070155,way,surface,MISSING,Surface tag is recommended to assess accessibility
699070156,way,surface,MISSING,Surface tag is recommended to assess accessibility
699073251,way,surface,MISSING,Surface tag is recommended to assess accessibility
699073253,way,surface,MISSING,Surface tag is recommended to assess accessibility
699073255,way,surface,MISSING,Surface tag is recommended to assess accessibility
699073258,way,surface,MISSING,Surface tag is recommended to assess accessibility
699073260,way,surface,MISSING,Surface tag is recommended to assess accessibility
699073261,way,surface,MISSING,Surface tag is recommended to assess accessibility
699073263,way,surface,MISSING,Surface tag is recommended to assess accessibility
699073268,way,surface,MISSING,Surface tag is recommended to assess accessibility
699075395,way,surface,MISSING,Surface tag is recommended to assess accessibility
699075396,way,surface,MISSING,Surface tag is recommended to assess accessibility
699075397,way,surface,MISSING,Surface tag is recommended to assess accessibility
699075398,way,surface,MISSING,Surface tag is recommended to assess accessibility
699075401,way,surface,MISSING,Surface tag is recommended to assess accessibility
699167758,way,surface,MISSING,Surface tag is recommended to assess accessibility
699167759,way,surface,MISSING,Surface tag is recommended to assess accessibility
699167760,way,surface,MISSING,Surface tag is recommended to assess accessibility
699167762,way,surface,MISSING,Surface tag is recommended to assess accessibility
699167763,way,surface,MISSING,Surface tag is recommended to assess accessibility
699167772,way,surface,MISSING,Surface tag is recommended to assess accessibility
699167776,way,surface,MISSING,Surface tag is recommended to assess accessibility
699167783,way,surface,MISSING,Surface tag is recommended to assess accessibility
699167784,way,surface,MISSING,Surface tag is recommended to assess accessibility
699167791,way,surface,MISSING,Surface tag is recommended to assess accessibility
699167807,way,surface,MISSING,Surface tag is recommended to assess accessibility
699229455,way,surface,MISSING,Surface tag is recommended to assess accessibility
699356927,way,surface,MISSING,Surface tag is recommended to assess accessibility
699356929,way,surface,MISSING,Surface tag is recommended to assess accessibility
699356932,way,surface,MISSING,Surface tag is recommended to assess accessibility
699356938,way,surface,MISSING,Surface tag is recommended to assess accessibility
699356939,way,surface,MISSING,Surface tag is recommended to assess accessibility
699356940,way,surface,MISSING,Surface tag is recommended to assess accessibility
699356941,way,surface,MISSING,Surface tag is recommended to assess accessibility
699356943,way,surface,MISSING,Surface tag is recommended to assess accessibility
699356945,way,surface,MISSING,Surface tag is recommended to assess accessibility
699356946,way,surface,MISSING,Surface tag is recommended to assess accessibility
699356947,way,surface,MISSING,Surface tag is recommended to assess accessibility
699445007,way,surface,MISSING,Surface tag is recommended to assess accessibility
699445011,way,surface,MISSING,Surface tag is recommended to assess accessibility
699468838,way,surface,MISSING,Surface tag is recommended to assess accessibility
699468840,way,surface,MISSING,Surface tag is recommended to assess accessibility
699468847,way,surface,MISSING,Surface tag is recommended to assess accessibility
699468856,way,surface,MISSING,Surface tag is recommended to assess accessibility
699468858,way,surface,MISSING,Surface tag is recommended to assess accessibility
699578927,way,surface,MISSING,Surface tag is recommended to assess accessibility
699578932,way,surface,MISSING,Surface tag is recommended to assess accessibility
699578939,way,surface,MISSING,Surface tag is recommended to assess accessibility
699578941,way,surface,MISSING,Surface tag is recommended to assess accessibility
699578943,way,surface,MISSING,Surface tag is recommended to assess accessibility
699578945,way,surface,MISSING,Surface tag is recommended to assess accessibility
699578946,way,surface,MISSING,Surface tag is recommended to assess accessibility
699578947,way,surface,MISSING,Surface tag is recommended to assess accessibility
699578948,way,surface,MISSING,Surface tag is recommended to assess accessibility
699578950,way,surface,MISSING,Surface tag is recommended to assess accessibility
699578952,way,surface,MISSING,Surface tag is recommended to assess accessibility
699578955,way,surface,MISSING,Surface tag is recommended to assess accessibility
699578956,way,surface,MISSING,Surface tag is recommended to assess accessibility
699678399,way,surface,MISSING,Surface tag is recommended to assess accessibility
699688215,way,surface,MISSING,Surface tag is recommended to assess accessibility
699688217,way,surface,MISSING,Surface tag is recommended to assess accessibility
699688219,way,surface,MISSING,Surface tag is recommended to assess accessibility
699688221,way,surface,MISSING,Surface tag is recommended to assess accessibility
700001106,way,surface,MISSING,Surface tag is recommended to assess accessibility
700001107,way,surface,MISSING,Surface tag is recommended to assess accessibility
700001108,way,surface,MISSING,Surface tag is recommended to assess accessibility
700001109,way,surface,MISSING,Surface tag is recommended to assess accessibility
700001110,way,surface,MISSING,Surface tag is recommended to assess accessibility
700001111,way,surface,MISSING,Surface tag is recommended to assess accessibility
700001112,way,surface,MISSING,Surface tag is recommended to assess accessibility
700001113,way,surface,MISSING,Surface tag is recommended to assess accessibility
700001114,way,surface,MISSING,Surface tag is recommended to assess accessibility
700001115,way,surface,MISSING,Surface tag is recommended to assess accessibility
700001116,way,surface,MISSING,Surface tag is recommended to assess accessibility
700001117,way,surface,MISSING,Surface tag is recommended to assess accessibility
700001120,way,surface,MISSING,Surface tag is recommended to assess accessibility
700001122,way,surface,MISSING,Surface tag is recommended to assess accessibility
700001132,way,surface,MISSING,Surface tag is recommended to assess accessibility
700001133,way,surface,MISSING,Surface tag is recommended to assess accessibility
700001134,way,surface,MISSING,Surface tag is recommended to assess accessibility
700001139,way,surface,MISSING,Surface tag is recommended to assess accessibility
700001141,way,surface,MISSING,Surface tag is recommended to assess accessibility
700001142,way,surface,MISSING,Surface tag is recommended to assess accessibility
700001143,way,surface,MISSING,Surface tag is recommended to assess accessibility
700001144,way,surface,MISSING,Surface tag is recommended to assess accessibility
700001145,way,surface,MISSING,Surface tag is recommended to assess accessibility
700001146,way,surface,MISSING,Surface tag is recommended to assess accessibility
700001148,way,surface,MISSING,Surface tag is recommended to assess accessibility
700001149,way,surface,MISSING,Surface tag is recommended to assess accessibility
700433223,way,surface,MISSING,Surface tag is recommended to assess accessibility
702262275,way,surface,MISSING,Surface tag is recommended to assess accessibility
705166244,way,surface,MISSING,Surface tag is recommended to assess accessibility
705605443,way,surface,MISSING,Surface tag is recommended to assess accessibility
705605444,way,surface,MISSING,Surface tag is recommended to assess accessibility
722288185,way,surface,MISSING,Surface tag is recommended to assess accessibility
722288186,way,surface,MISSING,Surface tag is recommended to assess accessibility
722288187,way,surface,MISSING,Surface tag is recommended to assess accessibility
722288188,way,surface,MISSING,Surface tag is recommended to assess accessibility
722288189,way,surface,MISSING,Surface tag is recommended to assess accessibility
722288190,way,surface,MISSING,Surface tag is recommended to assess accessibility
724510483,way,surface,MISSING,Surface tag is recommended to assess accessibility
724623967,way,surface,MISSING,Surface tag is recommended to assess accessibility
724623968,way,surface,MISSING,Surface tag is recommended to assess accessibility
725088775,way,surface,MISSING,Surface tag is recommended to assess accessibility
725088778,way,surface,MISSING,Surface tag is recommended to assess accessibility
725179064,way,surface,MISSING,Surface tag is recommended to assess accessibility
725195042,way,surface,MISSING,Surface tag is recommended to assess accessibility
725195043,way,surface,MISSING,Surface tag is recommended to assess accessibility
725694906,way,surface,MISSING,Surface tag is recommended to assess accessibility
725694907,way,surface,MISSING,Surface tag is recommended to assess accessibility
725694909,way,surface,MISSING,Surface tag is recommended to assess accessibility
726184659,way,surface,MISSING,Surface tag is recommended to assess accessibility
726184666,way,surface,MISSING,Surface tag is recommended to assess accessibility
727568436,way,surface,MISSING,Surface tag is recommended to assess accessibility
727695298,way,surface,MISSING,Surface tag is recommended to assess accessibility
727695300,way,surface,MISSING,Surface tag is recommended to assess accessibility
727695303,way,surface,MISSING,Surface tag is recommended to assess accessibility
727731945,way,surface,MISSING,Surface tag is recommended to assess accessibility
727731947,way,surface,MISSING,Surface tag is recommended to assess accessibility
727731948,way,surface,MISSING,Surface tag is recommended to assess accessibility
727731949,way,surface,MISSING,Surface tag is recommended to assess accessibility
727731950,way,surface,MISSING,Surface tag is recommended to assess accessibility
729393222,way,surface,MISSING,Surface tag is recommended to assess accessibility
729393224,way,surface,MISSING,Surface tag is recommended to assess accessibility
729393234,way,surface,MISSING,Surface tag is recommended to assess accessibility
729393236,way,surface,MISSING,Surface tag is recommended to assess accessibility
729393237,way,surface,MISSING,Surface tag is recommended to assess accessibility
733659710,way,surface,MISSING,Surface tag is recommended to assess accessibility
733659711,way,surface,MISSING,Surface tag is recommended to assess accessibility
733659712,way,surface,MISSING,Surface tag is recommended to assess accessibility
733659715,way,surface,MISSING,Surface tag is recommended to assess accessibility
733659716,way,surface,MISSING,Surface tag is recommended to assess accessibility
733659717,way,surface,MISSING,Surface tag is recommended to assess accessibility
733659718,way,surface,MISSING,Surface tag is recommended to assess accessibility
733659720,way,surface,MISSING,Surface tag is recommended to assess accessibility
733659721,way,surface,MISSING,Surface tag is recommended to assess accessibility
733659722,way,surface,MISSING,Surface tag is recommended to assess accessibility
733922335,way,surface,MISSING,Surface tag is recommended to assess accessibility
733922336,way,surface,MISSING,Surface tag is recommended to assess accessibility
733922337,way,surface,MISSING,Surface tag is recommended to assess accessibility
734285586,way,surface,MISSING,Surface tag is recommended to assess accessibility
734285589,way,surface,MISSING,Surface tag is recommended to assess accessibility
736649268,way,surface,MISSING,Surface tag is recommended to assess accessibility
736809359,way,surface,MISSING,Surface tag is recommended to assess accessibility
736811789,way,surface,MISSING,Surface tag is recommended to assess accessibility
736811791,way,surface,MISSING,Surface tag is recommended to assess accessibility
736831046,way,surface,MISSING,Surface tag is recommended to assess accessibility
738502042,way,surface,MISSING,Surface tag is recommended to assess accessibility
738502043,way,surface,MISSING,Surface tag is recommended to assess accessibility
738904203,way,surface,MISSING,Surface tag is recommended to assess accessibility
738904204,way,surface,MISSING,Surface tag is recommended to assess accessibility
739042506,way,surface,MISSING,Surface tag is recommended to assess accessibility
739048093,way,surface,MISSING,Surface tag is recommended to assess accessibility
743790075,way,surface,MISSING,Surface tag is recommended to assess accessibility
743790076,way,surface,MISSING,Surface tag is recommended to assess accessibility
743790077,way,surface,MISSING,Surface tag is recommended to assess accessibility
744487717,way,surface,MISSING,Surface tag is recommended to assess accessibility
745489304,way,surface,MISSING,Surface tag is recommended to assess accessibility
745489306,way,surface,MISSING,Surface tag is recommended to assess accessibility
745489312,way,surface,MISSING,Surface tag is recommended to assess accessibility
749452260,way,surface,MISSING,Surface tag is recommended to assess accessibility
750130422,way,surface,MISSING,Surface tag is recommended to assess accessibility
750207206,way,surface,MISSING,Surface tag is recommended to assess accessibility
750372516,way,surface,MISSING,Surface tag is recommended to assess accessibility
750733884,way,surface,MISSING,Surface tag is recommended to assess accessibility
750733888,way,surface,MISSING,Surface tag is recommended to assess accessibility
751598865,way,surface,MISSING,Surface tag is recommended to assess accessibility
751835923,way,surface,MISSING,Surface tag is recommended to assess accessibility
751957335,way,surface,MISSING,Surface tag is recommended to assess accessibility
751958283,way,surface,MISSING,Surface tag is recommended to assess accessibility
753141105,way,surface,MISSING,Surface tag is recommended to assess accessibility
753141106,way,surface,MISSING,Surface tag is recommended to assess accessibility
753141107,way,surface,MISSING,Surface tag is recommended to assess accessibility
753141110,way,surface,MISSING,Surface tag is recommended to assess accessibility
753141112,way,surface,MISSING,Surface tag is recommended to assess accessibility
755413072,way,surface,MISSING,Surface tag is recommended to assess accessibility
755413073,way,surface,MISSING,Surface tag is recommended to assess accessibility
755413074,way,surface,MISSING,Surface tag is recommended to assess accessibility
755413075,way,surface,MISSING,Surface tag is recommended to assess accessibility
755858288,way,surface,MISSING,Surface tag is recommended to assess accessibility
758765650,way,surface,MISSING,Surface tag is recommended to assess accessibility
761114231,way,surface,MISSING,Surface tag is recommended to assess accessibility
763120921,way,surface,MISSING,Surface tag is recommended to assess accessibility
763120922,way,surface,MISSING,Surface tag is recommended to assess accessibility
764457253,way,surface,MISSING,Surface tag is recommended to assess accessibility
764457254,way,surface,MISSING,Surface tag is recommended to assess accessibility
764457260,way,surface,MISSING,Surface tag is recommended to assess accessibility
764457261,way,surface,MISSING,Surface tag is recommended to assess accessibility
765031646,way,surface,MISSING,Surface tag is recommended to assess accessibility
765452963,way,surface,MISSING,Surface tag is recommended to assess accessibility
765452965,way,surface,MISSING,Surface tag is recommended to assess accessibility
765452971,way,surface,MISSING,Surface tag is recommended to assess accessibility
765933199,way,surface,MISSING,Surface tag is recommended to assess accessibility
766163403,way,surface,MISSING,Surface tag is recommended to assess accessibility
766163407,way,surface,MISSING,Surface tag is recommended to assess accessibility
766789370,way,surface,MISSING,Surface tag is recommended to assess accessibility
766789371,way,surface,MISSING,Surface tag is recommended to assess accessibility
766789372,way,surface,MISSING,Surface tag is recommended to assess accessibility
769596933,way,surface,MISSING,Surface tag is recommended to assess accessibility
771792745,way,surface,MISSING,Surface tag is recommended to assess accessibility
771792747,way,surface,MISSING,Surface tag is recommended to assess accessibility
771792748,way,surface,MISSING,Surface tag is recommended to assess accessibility
771792749,way,surface,MISSING,Surface tag is recommended to assess accessibility
778565660,way,surface,MISSING,Surface tag is recommended to assess accessibility
778565661,way,surface,MISSING,Surface tag is recommended to assess accessibility
778565663,way,surface,MISSING,Surface tag is recommended to assess accessibility
779553635,way,surface,MISSING,Surface tag is recommended to assess accessibility
779553639,way,surface,MISSING,Surface tag is recommended to assess accessibility
779553646,way,surface,MISSING,Surface tag is recommended to assess accessibility
779553650,way,surface,MISSING,Surface tag is recommended to assess accessibility
779553651,way,surface,MISSING,Surface tag is recommended to assess accessibility
779553655,way,surface,MISSING,Surface tag is recommended to assess accessibility
779553656,way,surface,MISSING,Surface tag is recommended to assess accessibility
779553665,way,surface,MISSING,Surface tag is recommended to assess accessibility
779553670,way,surface,MISSING,Surface tag is recommended to assess accessibility
780167786,way,surface,MISSING,Surface tag is recommended to assess accessibility
780167787,way,surface,MISSING,Surface tag is recommended to assess accessibility
795856772,way,surface,MISSING,Surface tag is recommended to assess accessibility
801710616,way,surface,MISSING,Surface tag is recommended to assess accessibility
801710617,way,surface,MISSING,Surface tag is recommended to assess accessibility
801710618,way,surface,MISSING,Surface tag is recommended to assess accessibility
814153398,way,surface,MISSING,Surface tag is recommended to assess accessibility
815916629,way,surface,MISSING,Surface tag is recommended to assess accessibility
817954358,way,surface,MISSING,Surface tag is recommended to assess accessibility
817954366,way,surface,MISSING,Surface tag is recommended to assess accessibility
821502928,way,surface,MISSING,Surface tag is recommended to assess accessibility
824296825,way,surface,MISSING,Surface tag is recommended to assess accessibility
824296826,way,surface,MISSING,Surface tag is recommended to assess accessibility
824300304,way,surface,MISSING,Surface tag is recommended to assess accessibility
825099315,way,surface,MISSING,Surface tag is recommended to assess accessibility
825099324,way,surface,MISSING,Surface tag is recommended to assess accessibility
825099325,way,surface,MISSING,Surface tag is recommended to assess accessibility
825099326,way,surface,MISSING,Surface tag is recommended to assess accessibility
825099329,way,surface,MISSING,Surface tag is recommended to assess accessibility
825133714,way,surface,MISSING,Surface tag is recommended to assess accessibility
825133715,way,surface,MISSING,Surface tag is recommended to assess accessibility
825133716,way,surface,MISSING,Surface tag is recommended to assess accessibility
825133719,way,surface,MISSING,Surface tag is recommended to assess accessibility
833283090,way,surface,MISSING,Surface tag is recommended to assess accessibility
833283092,way,surface,MISSING,Surface tag is recommended to assess accessibility
833283093,way,surface,MISSING,Surface tag is recommended to assess accessibility
833987964,way,surface,MISSING,Surface tag is recommended to assess accessibility
833987969,way,surface,MISSING,Surface tag is recommended to assess accessibility
834600039,way,surface,MISSING,Surface tag is recommended to assess accessibility
834600045,way,surface,MISSING,Surface tag is recommended to assess accessibility
834951159,way,surface,MISSING,Surface tag is recommended to assess accessibility
835468540,way,surface,MISSING,Surface tag is recommended to assess accessibility
835468541,way,surface,MISSING,Surface tag is recommended to assess accessibility
835468542,way,surface,MISSING,Surface tag is recommended to assess accessibility
835468543,way,surface,MISSING,Surface tag is recommended to assess accessibility
835468544,way,surface,MISSING,Surface tag is recommended to assess accessibility
835468545,way,surface,MISSING,Surface tag is recommended to assess accessibility
835468546,way,surface,MISSING,Surface tag is recommended to assess accessibility
837542642,way,surface,MISSING,Surface tag is recommended to assess accessibility
837573487,way,surface,MISSING,Surface tag is recommended to assess accessibility
837638147,way,surface,MISSING,Surface tag is recommended to assess accessibility
837638148,way,surface,MISSING,Surface tag is recommended to assess accessibility
837638149,way,surface,MISSING,Surface tag is recommended to assess accessibility
837638150,way,surface,MISSING,Surface tag is recommended to assess accessibility
837638152,way,surface,MISSING,Surface tag is recommended to assess accessibility
837638153,way,surface,MISSING,Surface tag is recommended to assess accessibility
837638156,way,surface,MISSING,Surface tag is recommended to assess accessibility
837638157,way,surface,MISSING,Surface tag is recommended to assess accessibility
837654530,way,surface,MISSING,Surface tag is recommended to assess accessibility
838100631,way,surface,MISSING,Surface tag is recommended to assess accessibility
838100632,way,surface,MISSING,Surface tag is recommended to assess accessibility
846869573,way,surface,MISSING,Surface tag is recommended to assess accessibility
846869574,way,surface,MISSING,Surface tag is recommended to assess accessibility
847796841,way,surface,MISSING,Surface tag is recommended to assess accessibility
847798586,way,surface,MISSING,Surface tag is recommended to assess accessibility
847804955,way,surface,MISSING,Surface tag is recommended to assess accessibility
847804956,way,surface,MISSING,Surface tag is recommended to assess accessibility
847964754,way,surface,MISSING,Surface tag is recommended to assess accessibility
847964755,way,surface,MISSING,Surface tag is recommended to assess accessibility
848098002,way,surface,MISSING,Surface tag is recommended to assess accessibility
849096990,way,surface,MISSING,Surface tag is recommended to assess accessibility
849096993,way,surface,MISSING,Surface tag is recommended to assess accessibility
849096994,way,surface,MISSING,Surface tag is recommended to assess accessibility
850451676,way,surface,MISSING,Surface tag is recommended to assess accessibility
850479848,way,surface,MISSING,Surface tag is recommended to assess accessibility
850479849,way,surface,MISSING,Surface tag is recommended to assess accessibility
852455953,way,surface,MISSING,Surface tag is recommended to assess accessibility
852463847,way,surface,MISSING,Surface tag is recommended to assess accessibility
852739337,way,surface,MISSING,Surface tag is recommended to assess accessibility
852996218,way,surface,MISSING,Surface tag is recommended to assess accessibility
852996219,way,surface,MISSING,Surface tag is recommended to assess accessibility
852996220,way,surface,MISSING,Surface tag is recommended to assess accessibility
853505193,way,surface,MISSING,Surface tag is recommended to assess accessibility
853505198,way,surface,MISSING,Surface tag is recommended to assess accessibility
853505202,way,surface,MISSING,Surface tag is recommended to assess accessibility
853505203,way,surface,MISSING,Surface tag is recommended to assess accessibility
853505204,way,surface,MISSING,Surface tag is recommended to assess accessibility
854230303,way,surface,MISSING,Surface tag is recommended to assess accessibility
854230304,way,surface,MISSING,Surface tag is recommended to assess accessibility
854695062,way,surface,MISSING,Surface tag is recommended to assess accessibility
854695063,way,surface,MISSING,Surface tag is recommended to assess accessibility
854695064,way,surface,MISSING,Surface tag is recommended to assess accessibility
854695065,way,surface,MISSING,Surface tag is recommended to assess accessibility
854695066,way,surface,MISSING,Surface tag is recommended to assess accessibility
854695067,way,surface,MISSING,Surface tag is recommended to assess accessibility
854695068,way,surface,MISSING,Surface tag is recommended to assess accessibility
854695069,way,surface,MISSING,Surface tag is recommended to assess accessibility
854695070,way,surface,MISSING,Surface tag is recommended to assess accessibility
854695088,way,surface,MISSING,Surface tag is recommended to assess accessibility
854941261,way,surface,MISSING,Surface tag is recommended to assess accessibility
854943685,way,surface,MISSING,Surface tag is recommended to assess accessibility
854943688,way,surface,MISSING,Surface tag is recommended to assess accessibility
855165462,way,surface,MISSING,Surface tag is recommended to assess accessibility
855165483,way,surface,MISSING,Surface tag is recommended to assess accessibility
855165484,way,surface,MISSING,Surface tag is recommended to assess accessibility
855435301,way,surface,MISSING,Surface tag is recommended to assess accessibility
855435302,way,surface,MISSING,Surface tag is recommended to assess accessibility
855765086,way,surface,MISSING,Surface tag is recommended to assess accessibility
856020300,way,surface,MISSING,Surface tag is recommended to assess accessibility
856387980,way,surface,MISSING,Surface tag is recommended to assess accessibility
856387983,way,surface,MISSING,Surface tag is recommended to assess accessibility
856387990,way,surface,MISSING,Surface tag is recommended to assess accessibility
856832324,way,surface,MISSING,Surface tag is recommended to assess accessibility
856837547,way,surface,MISSING,Surface tag is recommended to assess accessibility
857149450,way,surface,MISSING,Surface tag is recommended to assess accessibility
857149451,way,surface,MISSING,Surface tag is recommended to assess accessibility
857550473,way,surface,MISSING,Surface tag is recommended to assess accessibility
857773697,way,surface,MISSING,Surface tag is recommended to assess accessibility
859071828,way,surface,MISSING,Surface tag is recommended to assess accessibility
859263944,way,surface,MISSING,Surface tag is recommended to assess accessibility
859263945,way,surface,MISSING,Surface tag is recommended to assess accessibility
859380580,way,surface,MISSING,Surface tag is recommended to assess accessibility
859380597,way,surface,MISSING,Surface tag is recommended to assess accessibility
859380599,way,surface,MISSING,Surface tag is recommended to assess accessibility
859380601,way,surface,MISSING,Surface tag is recommended to assess accessibility
859380602,way,surface,MISSING,Surface tag is recommended to assess accessibility
859380606,way,surface,MISSING,Surface tag is recommended to assess accessibility
859380610,way,surface,MISSING,Surface tag is recommended to assess accessibility
859725937,way,surface,MISSING,Surface tag is recommended to assess accessibility
859725938,way,surface,MISSING,Surface tag is recommended to assess accessibility
863178455,way,surface,MISSING,Surface tag is recommended to assess accessibility
863257607,way,surface,MISSING,Surface tag is recommended to assess accessibility
865381434,way,surface,MISSING,Surface tag is recommended to assess accessibility
865381435,way,surface,MISSING,Surface tag is recommended to assess accessibility
865381436,way,surface,MISSING,Surface tag is recommended to assess accessibility
865381437,way,surface,MISSING,Surface tag is recommended to assess accessibility
865381438,way,surface,MISSING,Surface tag is recommended to assess accessibility
865381439,way,surface,MISSING,Surface tag is recommended to assess accessibility
865381441,way,surface,MISSING,Surface tag is recommended to assess accessibility
865381442,way,surface,MISSING,Surface tag is recommended to assess accessibility
865381443,way,surface,MISSING,Surface tag is recommended to assess accessibility
865381444,way,surface,MISSING,Surface tag is recommended to assess accessibility
865381445,way,surface,MISSING,Surface tag is recommended to assess accessibility
865381447,way,surface,MISSING,Surface tag is recommended to assess accessibility
865381448,way,surface,MISSING,Surface tag is recommended to assess accessibility
865381449,way,surface,MISSING,Surface tag is recommended to assess accessibility
865381450,way,surface,MISSING,Surface tag is recommended to assess accessibility
865381451,way,surface,MISSING,Surface tag is recommended to assess accessibility
865381452,way,surface,MISSING,Surface tag is recommended to assess accessibility
868318674,way,surface,MISSING,Surface tag is recommended to assess accessibility
868628667,way,surface,MISSING,Surface tag is recommended to assess accessibility
868763300,way,surface,MISSING,Surface tag is recommended to assess accessibility
871726019,way,surface,MISSING,Surface tag is recommended to assess accessibility
873115247,way,surface,MISSING,Surface tag is recommended to assess accessibility
873261992,way,surface,MISSING,Surface tag is recommended to assess accessibility
873261993,way,surface,MISSING,Surface tag is recommended to assess accessibility
873261994,way,surface,MISSING,Surface tag is recommended to assess accessibility
874604012,way,surface,MISSING,Surface tag is recommended to assess accessibility
875069335,way,surface,MISSING,Surface tag is recommended to assess accessibility
875069337,way,surface,MISSING,Surface tag is recommended to assess accessibility
875069338,way,surface,MISSING,Surface tag is recommended to assess accessibility
875069339,way,surface,MISSING,Surface tag is recommended to assess accessibility
875069340,way,surface,MISSING,Surface tag is recommended to assess accessibility
875885210,way,surface,MISSING,Surface tag is recommended to assess accessibility
878004323,way,surface,MISSING,Surface tag is recommended to assess accessibility
878009607,way,surface,MISSING,Surface tag is recommended to assess accessibility
878009609,way,surface,MISSING,Surface tag is recommended to assess accessibility
878009610,way,surface,MISSING,Surface tag is recommended to assess accessibility
878009613,way,surface,MISSING,Surface tag is recommended to assess accessibility
878009617,way,surface,MISSING,Surface tag is recommended to assess accessibility
878009619,way,surface,MISSING,Surface tag is recommended to assess accessibility
878009620,way,surface,MISSING,Surface tag is recommended to assess accessibility
878010864,way,surface,MISSING,Surface tag is recommended to assess accessibility
878010866,way,surface,MISSING,Surface tag is recommended to assess accessibility
879188713,way,surface,MISSING,Surface tag is recommended to assess accessibility
879188714,way,surface,MISSING,Surface tag is recommended to assess accessibility
879188715,way,surface,MISSING,Surface tag is recommended to assess accessibility
879188716,way,surface,MISSING,Surface tag is recommended to assess accessibility
880251092,way,surface,MISSING,Surface tag is recommended to assess accessibility
880797122,way,surface,MISSING,Surface tag is recommended to assess accessibility
880797123,way,surface,MISSING,Surface tag is recommended to assess accessibility
880797336,way,surface,MISSING,Surface tag is recommended to assess accessibility
883947056,way,surface,MISSING,Surface tag is recommended to assess accessibility
883947057,way,surface,MISSING,Surface tag is recommended to assess accessibility
885247908,way,surface,MISSING,Surface tag is recommended to assess accessibility
885247909,way,surface,MISSING,Surface tag is recommended to assess accessibility
885247910,way,surface,MISSING,Surface tag is recommended to assess accessibility
885258667,way,surface,MISSING,Surface tag is recommended to assess accessibility
885258668,way,surface,MISSING,Surface tag is recommended to assess accessibility
885258669,way,surface,MISSING,Surface tag is recommended to assess accessibility
885321845,way,surface,MISSING,Surface tag is recommended to assess accessibility
885321856,way,surface,MISSING,Surface tag is recommended to assess accessibility
885321859,way,surface,MISSING,Surface tag is recommended to assess accessibility
885883767,way,surface,MISSING,Surface tag is recommended to assess accessibility
885883768,way,surface,MISSING,Surface tag is recommended to assess accessibility
885883769,way,surface,MISSING,Surface tag is recommended to assess accessibility
885883770,way,surface,MISSING,Surface tag is recommended to assess accessibility
888266126,way,surface,MISSING,Surface tag is recommended to assess accessibility
888266127,way,surface,MISSING,Surface tag is recommended to assess accessibility
888481721,way,surface,MISSING,Surface tag is recommended to assess accessibility
888481722,way,surface,MISSING,Surface tag is recommended to assess accessibility
888481723,way,surface,MISSING,Surface tag is recommended to assess accessibility
888481724,way,surface,MISSING,Surface tag is recommended to assess accessibility
888481725,way,surface,MISSING,Surface tag is recommended to assess accessibility
888481727,way,surface,MISSING,Surface tag is recommended to assess accessibility
888481728,way,surface,MISSING,Surface tag is recommended to assess accessibility
888481729,way,surface,MISSING,Surface tag is recommended to assess accessibility
888481730,way,surface,MISSING,Surface tag is recommended to assess accessibility
888481731,way,surface,MISSING,Surface tag is recommended to assess accessibility
888481732,way,surface,MISSING,Surface tag is recommended to assess accessibility
888481733,way,surface,MISSING,Surface tag is recommended to assess accessibility
888481734,way,surface,MISSING,Surface tag is recommended to assess accessibility
888484182,way,surface,MISSING,Surface tag is recommended to assess accessibility
891059927,way,surface,MISSING,Surface tag is recommended to assess accessibility
891059928,way,surface,MISSING,Surface tag is recommended to assess accessibility
891059929,way,surface,MISSING,Surface tag is recommended to assess accessibility
891059930,way,surface,MISSING,Surface tag is recommended to assess accessibility
891107941,way,surface,MISSING,Surface tag is recommended to assess accessibility
891107942,way,surface,MISSING,Surface tag is recommended to assess accessibility
891107964,way,surface,MISSING,Surface tag is recommended to assess accessibility
891107965,way,surface,MISSING,Surface tag is recommended to assess accessibility
891112112,way,surface,MISSING,Surface tag is recommended to assess accessibility
891112113,way,surface,MISSING,Surface tag is recommended to assess accessibility
891112114,way,surface,MISSING,Surface tag is recommended to assess accessibility
891112115,way,surface,MISSING,Surface tag is recommended to assess accessibility
891112123,way,surface,MISSING,Surface tag is recommended to assess accessibility
891112124,way,surface,MISSING,Surface tag is recommended to assess accessibility
891130114,way,surface,MISSING,Surface tag is recommended to assess accessibility
891130115,way,surface,MISSING,Surface tag is recommended to assess accessibility
891130116,way,surface,MISSING,Surface tag is recommended to assess accessibility
891130118,way,surface,MISSING,Surface tag is recommended to assess accessibility
891130119,way,surface,MISSING,Surface tag is recommended to assess accessibility
891293099,way,surface,MISSING,Surface tag is recommended to assess accessibility
891293101,way,surface,MISSING,Surface tag is recommended to assess accessibility
891293102,way,surface,MISSING,Surface tag is recommended to assess accessibility
891293103,way,surface,MISSING,Surface tag is recommended to assess accessibility
891293104,way,surface,MISSING,Surface tag is recommended to assess accessibility
891302596,way,surface,MISSING,Surface tag is recommended to assess accessibility
891302597,way,surface,MISSING,Surface tag is recommended to assess accessibility
891309926,way,surface,MISSING,Surface tag is recommended to assess accessibility
891323461,way,surface,MISSING,Surface tag is recommended to assess accessibility
891323462,way,surface,MISSING,Surface tag is recommended to assess accessibility
891333805,way,surface,MISSING,Surface tag is recommended to assess accessibility
894686717,way,surface,MISSING,Surface tag is recommended to assess accessibility
894686719,way,surface,MISSING,Surface tag is recommended to assess accessibility
895583058,way,surface,MISSING,Surface tag is recommended to assess accessibility
895583059,way,surface,MISSING,Surface tag is recommended to assess accessibility
897521238,way,surface,MISSING,Surface tag is recommended to assess accessibility
898444216,way,surface,MISSING,Surface tag is recommended to assess accessibility
898511597,way,surface,MISSING,Surface tag is recommended to assess accessibility
899945961,way,surface,MISSING,Surface tag is recommended to assess accessibility
899971385,way,surface,MISSING,Surface tag is recommended to assess accessibility
902294034,way,surface,MISSING,Surface tag is recommended to assess accessibility
902294038,way,surface,MISSING,Surface tag is recommended to assess accessibility
902294040,way,surface,MISSING,Surface tag is recommended to assess accessibility
902808457,way,surface,MISSING,Surface tag is recommended to assess accessibility
903354475,way,surface,MISSING,Surface tag is recommended to assess accessibility
903916771,way,surface,MISSING,Surface tag is recommended to assess accessibility
903916775,way,surface,MISSING,Surface tag is recommended to assess accessibility
903916777,way,surface,MISSING,Surface tag is recommended to assess accessibility
903916778,way,surface,MISSING,Surface tag is recommended to assess accessibility
904725219,way,surface,MISSING,Surface tag is recommended to assess accessibility
904845553,way,surface,MISSING,Surface tag is recommended to assess accessibility
904845555,way,surface,MISSING,Surface tag is recommended to assess accessibility
904845566,way,surface,MISSING,Surface tag is recommended to assess accessibility
905771536,way,surface,MISSING,Surface tag is recommended to assess accessibility
907521709,way,surface,MISSING,Surface tag is recommended to assess accessibility
908378253,way,surface,MISSING,Surface tag is recommended to assess accessibility
908864226,way,surface,MISSING,Surface tag is recommended to assess accessibility
909694615,way,surface,MISSING,Surface tag is recommended to assess accessibility
911673768,way,surface,MISSING,Surface tag is recommended to assess accessibility
912168890,way,surface,MISSING,Surface tag is recommended to assess accessibility
913833871,way,surface,MISSING,Surface tag is recommended to assess accessibility
913833872,way,surface,MISSING,Surface tag is recommended to assess accessibility
913833875,way,surface,MISSING,Surface tag is recommended to assess accessibility
913833876,way,surface,MISSING,Surface tag is recommended to assess accessibility
913833877,way,surface,MISSING,Surface tag is recommended to assess accessibility
914434124,way,surface,MISSING,Surface tag is recommended to assess accessibility
915113198,way,surface,MISSING,Surface tag is recommended to assess accessibility
915116185,way,surface,MISSING,Surface tag is recommended to assess accessibility
915127978,way,surface,MISSING,Surface tag is recommended to assess accessibility
915127979,way,surface,MISSING,Surface tag is recommended to assess accessibility
915127981,way,surface,MISSING,Surface tag is recommended to assess accessibility
915947323,way,surface,MISSING,Surface tag is recommended to assess accessibility
915947324,way,surface,MISSING,Surface tag is recommended to assess accessibility
915952800,way,surface,MISSING,Surface tag is recommended to assess accessibility
916743230,way,surface,MISSING,Surface tag is recommended to assess accessibility
916743231,way,surface,MISSING,Surface tag is recommended to assess accessibility
917772748,way,surface,MISSING,Surface tag is recommended to assess accessibility
918607424,way,surface,MISSING,Surface tag is recommended to assess accessibility
918607425,way,surface,MISSING,Surface tag is recommended to assess accessibility
918607426,way,surface,MISSING,Surface tag is recommended to assess accessibility
918607427,way,surface,MISSING,Surface tag is recommended to assess accessibility
918607428,way,surface,MISSING,Surface tag is recommended to assess accessibility
918607429,way,surface,MISSING,Surface tag is recommended to assess accessibility
919854218,way,surface,MISSING,Surface tag is recommended to assess accessibility
920191978,way,surface,MISSING,Surface tag is recommended to assess accessibility
920191979,way,surface,MISSING,Surface tag is recommended to assess accessibility
920191980,way,surface,MISSING,Surface tag is recommended to assess accessibility
920209000,way,surface,MISSING,Surface tag is recommended to assess accessibility
920209001,way,surface,MISSING,Surface tag is recommended to assess accessibility
920209004,way,surface,MISSING,Surface tag is recommended to assess accessibility
920209007,way,surface,MISSING,Surface tag is recommended to assess accessibility
920209009,way,surface,MISSING,Surface tag is recommended to assess accessibility
920209011,way,surface,MISSING,Surface tag is recommended to assess accessibility
920209012,way,surface,MISSING,Surface tag is recommended to assess accessibility
920211587,way,surface,MISSING,Surface tag is recommended to assess accessibility
920211588,way,surface,MISSING,Surface tag is recommended to assess accessibility
920211589,way,surface,MISSING,Surface tag is recommended to assess accessibility
921214005,way,surface,MISSING,Surface tag is recommended to assess accessibility
922073731,way,surface,MISSING,Surface tag is recommended to assess accessibility
922073759,way,surface,MISSING,Surface tag is recommended to assess accessibility
922551282,way,surface,MISSING,Surface tag is recommended to assess accessibility
922551285,way,surface,MISSING,Surface tag is recommended to assess accessibility
922551296,way,surface,MISSING,Surface tag is recommended to assess accessibility
923123968,way,surface,MISSING,Surface tag is recommended to assess accessibility
923411287,way,surface,MISSING,Surface tag is recommended to assess accessibility
923841436,way,surface,MISSING,Surface tag is recommended to assess accessibility
923841438,way,surface,MISSING,Surface tag is recommended to assess accessibility
924363293,way,surface,MISSING,Surface tag is recommended to assess accessibility
924392775,way,surface,MISSING,Surface tag is recommended to assess accessibility
924569026,way,surface,MISSING,Surface tag is recommended to assess accessibility
925206309,way,surface,MISSING,Surface tag is recommended to assess accessibility
925926600,way,surface,MISSING,Surface tag is recommended to assess accessibility
925926601,way,surface,MISSING,Surface tag is recommended to assess accessibility
926161058,way,surface,MISSING,Surface tag is recommended to assess accessibility
926161059,way,surface,MISSING,Surface tag is recommended to assess accessibility
926161087,way,surface,MISSING,Surface tag is recommended to assess accessibility
926196399,way,surface,MISSING,Surface tag is recommended to assess accessibility
926196400,way,surface,MISSING,Surface tag is recommended to assess accessibility
926294249,way,surface,MISSING,Surface tag is recommended to assess accessibility
926294250,way,surface,MISSING,Surface tag is recommended to assess accessibility
926294251,way,surface,MISSING,Surface tag is recommended to assess accessibility
926309936,way,surface,MISSING,Surface tag is recommended to assess accessibility
926428309,way,surface,MISSING,Surface tag is recommended to assess accessibility
926428310,way,surface,MISSING,Surface tag is recommended to assess accessibility
926766960,way,surface,MISSING,Surface tag is recommended to assess accessibility
926766962,way,surface,MISSING,Surface tag is recommended to assess accessibility
926766992,way,surface,MISSING,Surface tag is recommended to assess accessibility
929134846,way,surface,MISSING,Surface tag is recommended to assess accessibility
929134847,way,surface,MISSING,Surface tag is recommended to assess accessibility
931058103,way,surface,MISSING,Surface tag is recommended to assess accessibility
931058104,way,surface,MISSING,Surface tag is recommended to assess accessibility
931434721,way,surface,MISSING,Surface tag is recommended to assess accessibility
931434722,way,surface,MISSING,Surface tag is recommended to assess accessibility
931946852,way,surface,MISSING,Surface tag is recommended to assess accessibility
931946853,way,surface,MISSING,Surface tag is recommended to assess accessibility
933209132,way,surface,MISSING,Surface tag is recommended to assess accessibility
933629141,way,surface,MISSING,Surface tag is recommended to assess accessibility
933629161,way,surface,MISSING,Surface tag is recommended to assess accessibility
933629162,way,surface,MISSING,Surface tag is recommended to assess accessibility
933629163,way,surface,MISSING,Surface tag is recommended to assess accessibility
933629164,way,surface,MISSING,Surface tag is recommended to assess accessibility
933629165,way,surface,MISSING,Surface tag is recommended to assess accessibility
933629166,way,surface,MISSING,Surface tag is recommended to assess accessibility
933629167,way,surface,MISSING,Surface tag is recommended to assess accessibility
933629168,way,surface,MISSING,Surface tag is recommended to assess accessibility
933629169,way,surface,MISSING,Surface tag is recommended to assess accessibility
933629170,way,surface,MISSING,Surface tag is recommended to assess accessibility
933629171,way,surface,MISSING,Surface tag is recommended to assess accessibility
933629172,way,surface,MISSING,Surface tag is recommended to assess accessibility
933629173,way,surface,MISSING,Surface tag is recommended to assess accessibility
933629174,way,surface,MISSING,Surface tag is recommended to assess accessibility
933629176,way,surface,MISSING,Surface tag is recommended to assess accessibility
933629177,way,surface,MISSING,Surface tag is recommended to assess accessibility
933629178,way,surface,MISSING,Surface tag is recommended to assess accessibility
933629179,way,surface,MISSING,Surface tag is recommended to assess accessibility
933629180,way,surface,MISSING,Surface tag is recommended to assess accessibility
933629181,way,surface,MISSING,Surface tag is recommended to assess accessibility
933629182,way,surface,MISSING,Surface tag is recommended to assess accessibility
933629183,way,surface,MISSING,Surface tag is recommended to assess accessibility
933629184,way,surface,MISSING,Surface tag is recommended to assess accessibility
933629185,way,surface,MISSING,Surface tag is recommended to assess accessibility
933629186,way,surface,MISSING,Surface tag is recommended to assess accessibility
933629188,way,surface,MISSING,Surface tag is recommended to assess accessibility
933629189,way,surface,MISSING,Surface tag is recommended to assess accessibility
933629190,way,surface,MISSING,Surface tag is recommended to assess accessibility
933629191,way,surface,MISSING,Surface tag is recommended to assess accessibility
933629192,way,surface,MISSING,Surface tag is recommended to assess accessibility
933629193,way,surface,MISSING,Surface tag is recommended to assess accessibility
933629194,way,surface,MISSING,Surface tag is recommended to assess accessibility
933629195,way,surface,MISSING,Surface tag is recommended to assess accessibility
933629196,way,surface,MISSING,Surface tag is recommended to assess accessibility
933629197,way,surface,MISSING,Surface tag is recommended to assess accessibility
933793687,way,surface,MISSING,Surface tag is recommended to assess accessibility
934065507,way,surface,MISSING,Surface tag is recommended to assess accessibility
934067509,way,surface,MISSING,Surface tag is recommended to assess accessibility
934067510,way,surface,MISSING,Surface tag is recommended to assess accessibility
935407728,way,surface,MISSING,Surface tag is recommended to assess accessibility
935734974,way,surface,MISSING,Surface tag is recommended to assess accessibility
935734975,way,surface,MISSING,Surface tag is recommended to assess accessibility
936491137,way,surface,MISSING,Surface tag is recommended to assess accessibility
936505075,way,surface,MISSING,Surface tag is recommended to assess accessibility
936505076,way,surface,MISSING,Surface tag is recommended to assess accessibility
936646997,way,surface,MISSING,Surface tag is recommended to assess accessibility
936802840,way,surface,MISSING,Surface tag is recommended to assess accessibility
937798560,way,surface,MISSING,Surface tag is recommended to assess accessibility
937798561,way,surface,MISSING,Surface tag is recommended to assess accessibility
937834658,way,surface,MISSING,Surface tag is recommended to assess accessibility
939755536,way,surface,MISSING,Surface tag is recommended to assess accessibility
939755537,way,surface,MISSING,Surface tag is recommended to assess accessibility
939755538,way,surface,MISSING,Surface tag is recommended to assess accessibility
939755539,way,surface,MISSING,Surface tag is recommended to assess accessibility
939755540,way,surface,MISSING,Surface tag is recommended to assess accessibility
939755541,way,surface,MISSING,Surface tag is recommended to assess accessibility
941724834,way,surface,MISSING,Surface tag is recommended to assess accessibility
941724839,way,surface,MISSING,Surface tag is recommended to assess accessibility
941863478,way,surface,MISSING,Surface tag is recommended to assess accessibility
942395778,way,surface,MISSING,Surface tag is recommended to assess accessibility
942395779,way,surface,MISSING,Surface tag is recommended to assess accessibility
942395780,way,surface,MISSING,Surface tag is recommended to assess accessibility
942395783,way,surface,MISSING,Surface tag is recommended to assess accessibility
942395784,way,surface,MISSING,Surface tag is recommended to assess accessibility
942395785,way,surface,MISSING,Surface tag is recommended to assess accessibility
942395786,way,surface,MISSING,Surface tag is recommended to assess accessibility
942938446,way,surface,MISSING,Surface tag is recommended to assess accessibility
942938447,way,surface,MISSING,Surface tag is recommended to assess accessibility
943569939,way,surface,MISSING,Surface tag is recommended to assess accessibility
944605039,way,surface,MISSING,Surface tag is recommended to assess accessibility
944605040,way,surface,MISSING,Surface tag is recommended to assess accessibility
944605041,way,surface,MISSING,Surface tag is recommended to assess accessibility
944605042,way,surface,MISSING,Surface tag is recommended to assess accessibility
944605043,way,surface,MISSING,Surface tag is recommended to assess accessibility
944605044,way,surface,MISSING,Surface tag is recommended to assess accessibility
944605045,way,surface,MISSING,Surface tag is recommended to assess accessibility
944605046,way,surface,MISSING,Surface tag is recommended to assess accessibility
944605047,way,surface,MISSING,Surface tag is recommended to assess accessibility
944605048,way,surface,MISSING,Surface tag is recommended to assess accessibility
944605049,way,surface,MISSING,Surface tag is recommended to assess accessibility
944605050,way,surface,MISSING,Surface tag is recommended to assess accessibility
944605051,way,surface,MISSING,Surface tag is recommended to assess accessibility
944605052,way,surface,MISSING,Surface tag is recommended to assess accessibility
944605053,way,surface,MISSING,Surface tag is recommended to assess accessibility
944770690,way,surface,MISSING,Surface tag is recommended to assess accessibility
945109043,way,surface,MISSING,Surface tag is recommended to assess accessibility
945109064,way,surface,MISSING,Surface tag is recommended to assess accessibility
945109065,way,surface,MISSING,Surface tag is recommended to assess accessibility
945109067,way,surface,MISSING,Surface tag is recommended to assess accessibility
945109069,way,surface,MISSING,Surface tag is recommended to assess accessibility
945109108,way,surface,MISSING,Surface tag is recommended to assess accessibility
945109113,way,surface,MISSING,Surface tag is recommended to assess accessibility
945109114,way,surface,MISSING,Surface tag is recommended to assess accessibility
945109115,way,surface,MISSING,Surface tag is recommended to assess accessibility
945109118,way,surface,MISSING,Surface tag is recommended to assess accessibility
945109122,way,surface,MISSING,Surface tag is recommended to assess accessibility
945109124,way,surface,MISSING,Surface tag is recommended to assess accessibility
945109127,way,surface,MISSING,Surface tag is recommended to assess accessibility
945109128,way,surface,MISSING,Surface tag is recommended to assess accessibility
945109131,way,surface,MISSING,Surface tag is recommended to assess accessibility
945109134,way,surface,MISSING,Surface tag is recommended to assess accessibility
945109135,way,surface,MISSING,Surface tag is recommended to assess accessibility
945109140,way,surface,MISSING,Surface tag is recommended to assess accessibility
945109141,way,surface,MISSING,Surface tag is recommended to assess accessibility
945109144,way,surface,MISSING,Surface tag is recommended to assess accessibility
945109145,way,surface,MISSING,Surface tag is recommended to assess accessibility
945112461,way,surface,MISSING,Surface tag is recommended to assess accessibility
945124623,way,surface,MISSING,Surface tag is recommended to assess accessibility
945124624,way,surface,MISSING,Surface tag is recommended to assess accessibility
945124630,way,surface,MISSING,Surface tag is recommended to assess accessibility
945124631,way,surface,MISSING,Surface tag is recommended to assess accessibility
945124632,way,surface,MISSING,Surface tag is recommended to assess accessibility
945124633,way,surface,MISSING,Surface tag is recommended to assess accessibility
945124634,way,surface,MISSING,Surface tag is recommended to assess accessibility
945128417,way,surface,MISSING,Surface tag is recommended to assess accessibility
945159069,way,surface,MISSING,Surface tag is recommended to assess accessibility
945181483,way,surface,MISSING,Surface tag is recommended to assess accessibility
945279101,way,surface,MISSING,Surface tag is recommended to assess accessibility
945589278,way,surface,MISSING,Surface tag is recommended to assess accessibility
946897580,way,surface,MISSING,Surface tag is recommended to assess accessibility
946897581,way,surface,MISSING,Surface tag is recommended to assess accessibility
946942347,way,surface,MISSING,Surface tag is recommended to assess accessibility
946944201,way,surface,MISSING,Surface tag is recommended to assess accessibility
946945955,way,surface,MISSING,Surface tag is recommended to assess accessibility
947242565,way,surface,MISSING,Surface tag is recommended to assess accessibility
947742676,way,surface,MISSING,Surface tag is recommended to assess accessibility
947742677,way,surface,MISSING,Surface tag is recommended to assess accessibility
947742678,way,surface,MISSING,Surface tag is recommended to assess accessibility
948213849,way,surface,MISSING,Surface tag is recommended to assess accessibility
948213855,way,surface,MISSING,Surface tag is recommended to assess accessibility
948213856,way,surface,MISSING,Surface tag is recommended to assess accessibility
948213882,way,surface,MISSING,Surface tag is recommended to assess accessibility
948969787,way,surface,MISSING,Surface tag is recommended to assess accessibility
948969788,way,surface,MISSING,Surface tag is recommended to assess accessibility
949052469,way,surface,MISSING,Surface tag is recommended to assess accessibility
949052470,way,surface,MISSING,Surface tag is recommended to assess accessibility
949052471,way,surface,MISSING,Surface tag is recommended to assess accessibility
949052472,way,surface,MISSING,Surface tag is recommended to assess accessibility
949052473,way,surface,MISSING,Surface tag is recommended to assess accessibility
949052474,way,surface,MISSING,Surface tag is recommended to assess accessibility
949052475,way,surface,MISSING,Surface tag is recommended to assess accessibility
949052476,way,surface,MISSING,Surface tag is recommended to assess accessibility
949052477,way,surface,MISSING,Surface tag is recommended to assess accessibility
949052478,way,surface,MISSING,Surface tag is recommended to assess accessibility
949052479,way,surface,MISSING,Surface tag is recommended to assess accessibility
951211289,way,surface,MISSING,Surface tag is recommended to assess accessibility
951269674,way,surface,MISSING,Surface tag is recommended to assess accessibility
951952151,way,surface,MISSING,Surface tag is recommended to assess accessibility
953389420,way,surface,MISSING,Surface tag is recommended to assess accessibility
953389421,way,surface,MISSING,Surface tag is recommended to assess accessibility
953389422,way,surface,MISSING,Surface tag is recommended to assess accessibility
953389423,way,surface,MISSING,Surface tag is recommended to assess accessibility
953389424,way,surface,MISSING,Surface tag is recommended to assess accessibility
953389425,way,surface,MISSING,Surface tag is recommended to assess accessibility
953389426,way,surface,MISSING,Surface tag is recommended to assess accessibility
953389427,way,surface,MISSING,Surface tag is recommended to assess accessibility
953389428,way,surface,MISSING,Surface tag is recommended to assess accessibility
953394650,way,surface,MISSING,Surface tag is recommended to assess accessibility
953394651,way,surface,MISSING,Surface tag is recommended to assess accessibility
953394652,way,surface,MISSING,Surface tag is recommended to assess accessibility
953394653,way,surface,MISSING,Surface tag is recommended to assess accessibility
953394654,way,surface,MISSING,Surface tag is recommended to assess accessibility
953394655,way,surface,MISSING,Surface tag is recommended to assess accessibility
953394659,way,surface,MISSING,Surface tag is recommended to assess accessibility
953394660,way,surface,MISSING,Surface tag is recommended to assess accessibility
953394662,way,surface,MISSING,Surface tag is recommended to assess accessibility
955485396,way,surface,MISSING,Surface tag is recommended to assess accessibility
957222190,way,surface,MISSING,Surface tag is recommended to assess accessibility
957222191,way,surface,MISSING,Surface tag is recommended to assess accessibility
957222192,way,surface,MISSING,Surface tag is recommended to assess accessibility
957222193,way,surface,MISSING,Surface tag is recommended to assess accessibility
957225046,way,surface,MISSING,Surface tag is recommended to assess accessibility
957225047,way,surface,MISSING,Surface tag is recommended to assess accessibility
957630730,way,surface,MISSING,Surface tag is recommended to assess accessibility
957861901,way,surface,MISSING,Surface tag is recommended to assess accessibility
957879114,way,surface,MISSING,Surface tag is recommended to assess accessibility
957879117,way,surface,MISSING,Surface tag is recommended to assess accessibility
957879118,way,surface,MISSING,Surface tag is recommended to assess accessibility
957920682,way,surface,MISSING,Surface tag is recommended to assess accessibility
957920683,way,surface,MISSING,Surface tag is recommended to assess accessibility
958361194,way,surface,MISSING,Surface tag is recommended to assess accessibility
958757588,way,surface,MISSING,Surface tag is recommended to assess accessibility
958757589,way,surface,MISSING,Surface tag is recommended to assess accessibility
958757590,way,surface,MISSING,Surface tag is recommended to assess accessibility
958757591,way,surface,MISSING,Surface tag is recommended to assess accessibility
958757593,way,surface,MISSING,Surface tag is recommended to assess accessibility
958757594,way,surface,MISSING,Surface tag is recommended to assess accessibility
958757595,way,surface,MISSING,Surface tag is recommended to assess accessibility
958757596,way,surface,MISSING,Surface tag is recommended to assess accessibility
958757597,way,surface,MISSING,Surface tag is recommended to assess accessibility
958758476,way,surface,MISSING,Surface tag is recommended to assess accessibility
958759135,way,surface,MISSING,Surface tag is recommended to assess accessibility
959236517,way,surface,MISSING,Surface tag is recommended to assess accessibility
959541705,way,surface,MISSING,Surface tag is recommended to assess accessibility
961563657,way,surface,MISSING,Surface tag is recommended to assess accessibility
961873373,way,surface,MISSING,Surface tag is recommended to assess accessibility
962307473,way,surface,MISSING,Surface tag is recommended to assess accessibility
962598655,way,surface,MISSING,Surface tag is recommended to assess accessibility
962951501,way,surface,MISSING,Surface tag is recommended to assess accessibility
962951504,way,surface,MISSING,Surface tag is recommended to assess accessibility
962951508,way,surface,MISSING,Surface tag is recommended to assess accessibility
962951529,way,surface,MISSING,Surface tag is recommended to assess accessibility
962951543,way,surface,MISSING,Surface tag is recommended to assess accessibility
962957248,way,surface,MISSING,Surface tag is recommended to assess accessibility
964581154,way,surface,MISSING,Surface tag is recommended to assess accessibility
964581155,way,surface,MISSING,Surface tag is recommended to assess accessibility
964876767,way,surface,MISSING,Surface tag is recommended to assess accessibility
964876772,way,surface,MISSING,Surface tag is recommended to assess accessibility
964933336,way,surface,MISSING,Surface tag is recommended to assess accessibility
965333193,way,surface,MISSING,Surface tag is recommended to assess accessibility
965333194,way,surface,MISSING,Surface tag is recommended to assess accessibility
965333195,way,surface,MISSING,Surface tag is recommended to assess accessibility
965333196,way,surface,MISSING,Surface tag is recommended to assess accessibility
965617960,way,surface,MISSING,Surface tag is recommended to assess accessibility
965617961,way,surface,MISSING,Surface tag is recommended to assess accessibility
965617962,way,surface,MISSING,Surface tag is recommended to assess accessibility
965617963,way,surface,MISSING,Surface tag is recommended to assess accessibility
966201132,way,surface,MISSING,Surface tag is recommended to assess accessibility
966201138,way,surface,MISSING,Surface tag is recommended to assess accessibility
966201139,way,surface,MISSING,Surface tag is recommended to assess accessibility
966201145,way,surface,MISSING,Surface tag is recommended to assess accessibility
966201152,way,surface,MISSING,Surface tag is recommended to assess accessibility
966201157,way,surface,MISSING,Surface tag is recommended to assess accessibility
966201158,way,surface,MISSING,Surface tag is recommended to assess accessibility
966201159,way,surface,MISSING,Surface tag is recommended to assess accessibility
966201161,way,surface,MISSING,Surface tag is recommended to assess accessibility
969230683,way,surface,MISSING,Surface tag is recommended to assess accessibility
969230684,way,surface,MISSING,Surface tag is recommended to assess accessibility
969230685,way,surface,MISSING,Surface tag is recommended to assess accessibility
969230686,way,surface,MISSING,Surface tag is recommended to assess accessibility
969230688,way,surface,MISSING,Surface tag is recommended to assess accessibility
969863206,way,surface,MISSING,Surface tag is recommended to assess accessibility
969863207,way,surface,MISSING,Surface tag is recommended to assess accessibility
970677482,way,surface,MISSING,Surface tag is recommended to assess accessibility
970860571,way,surface,MISSING,Surface tag is recommended to assess accessibility
970860572,way,surface,MISSING,Surface tag is recommended to assess accessibility
970860573,way,surface,MISSING,Surface tag is recommended to assess accessibility
970860574,way,surface,MISSING,Surface tag is recommended to assess accessibility
970928913,way,surface,MISSING,Surface tag is recommended to assess accessibility
970928918,way,surface,MISSING,Surface tag is recommended to assess accessibility
970928919,way,surface,MISSING,Surface tag is recommended to assess accessibility
970928920,way,surface,MISSING,Surface tag is recommended to assess accessibility
970928921,way,surface,MISSING,Surface tag is recommended to assess accessibility
970928922,way,surface,MISSING,Surface tag is recommended to assess accessibility
970928931,way,surface,MISSING,Surface tag is recommended to assess accessibility
970928932,way,surface,MISSING,Surface tag is recommended to assess accessibility
970928933,way,surface,MISSING,Surface tag is recommended to assess accessibility
971622093,way,surface,MISSING,Surface tag is recommended to assess accessibility
971622098,way,surface,MISSING,Surface tag is recommended to assess accessibility
971622099,way,surface,MISSING,Surface tag is recommended to assess accessibility
971622100,way,surface,MISSING,Surface tag is recommended to assess accessibility
971622101,way,surface,MISSING,Surface tag is recommended to assess accessibility
971622102,way,surface,MISSING,Surface tag is recommended to assess accessibility
971622103,way,surface,MISSING,Surface tag is recommended to assess accessibility
971622104,way,surface,MISSING,Surface tag is recommended to assess accessibility
971622107,way,surface,MISSING,Surface tag is recommended to assess accessibility
971622109,way,surface,MISSING,Surface tag is recommended to assess accessibility
971635596,way,surface,MISSING,Surface tag is recommended to assess accessibility
971635598,way,surface,MISSING,Surface tag is recommended to assess accessibility
971635599,way,surface,MISSING,Surface tag is recommended to assess accessibility
971635600,way,surface,MISSING,Surface tag is recommended to assess accessibility
971635601,way,surface,MISSING,Surface tag is recommended to assess accessibility
971635602,way,surface,MISSING,Surface tag is recommended to assess accessibility
971662680,way,surface,MISSING,Surface tag is recommended to assess accessibility
971662684,way,surface,MISSING,Surface tag is recommended to assess accessibility
971662685,way,surface,MISSING,Surface tag is recommended to assess accessibility
971662686,way,surface,MISSING,Surface tag is recommended to assess accessibility
971662687,way,surface,MISSING,Surface tag is recommended to assess accessibility
971662688,way,surface,MISSING,Surface tag is recommended to assess accessibility
971662689,way,surface,MISSING,Surface tag is recommended to assess accessibility
971662690,way,surface,MISSING,Surface tag is recommended to assess accessibility
971662691,way,surface,MISSING,Surface tag is recommended to assess accessibility
971662692,way,surface,MISSING,Surface tag is recommended to assess accessibility
971662693,way,surface,MISSING,Surface tag is recommended to assess accessibility
971662694,way,surface,MISSING,Surface tag is recommended to assess accessibility
971662695,way,surface,MISSING,Surface tag is recommended to assess accessibility
971662696,way,surface,MISSING,Surface tag is recommended to assess accessibility
971662697,way,surface,MISSING,Surface tag is recommended to assess accessibility
971662699,way,surface,MISSING,Surface tag is recommended to assess accessibility
971662700,way,surface,MISSING,Surface tag is recommended to assess accessibility
971662701,way,surface,MISSING,Surface tag is recommended to assess accessibility
971662702,way,surface,MISSING,Surface tag is recommended to assess accessibility
971662703,way,surface,MISSING,Surface tag is recommended to assess accessibility
971662704,way,surface,MISSING,Surface tag is recommended to assess accessibility
971662705,way,surface,MISSING,Surface tag is recommended to assess accessibility
971927619,way,surface,MISSING,Surface tag is recommended to assess accessibility
971927622,way,surface,MISSING,Surface tag is recommended to assess accessibility
971927624,way,surface,MISSING,Surface tag is recommended to assess accessibility
971927626,way,surface,MISSING,Surface tag is recommended to assess accessibility
971927627,way,surface,MISSING,Surface tag is recommended to assess accessibility
971927628,way,surface,MISSING,Surface tag is recommended to assess accessibility
971927629,way,surface,MISSING,Surface tag is recommended to assess accessibility
971927630,way,surface,MISSING,Surface tag is recommended to assess accessibility
971927631,way,surface,MISSING,Surface tag is recommended to assess accessibility
971927632,way,surface,MISSING,Surface tag is recommended to assess accessibility
971945890,way,surface,MISSING,Surface tag is recommended to assess accessibility
971945892,way,surface,MISSING,Surface tag is recommended to assess accessibility
971945908,way,surface,MISSING,Surface tag is recommended to assess accessibility
971945909,way,surface,MISSING,Surface tag is recommended to assess accessibility
972376081,way,surface,MISSING,Surface tag is recommended to assess accessibility
972376082,way,surface,MISSING,Surface tag is recommended to assess accessibility
972376083,way,surface,MISSING,Surface tag is recommended to assess accessibility
974619336,way,surface,MISSING,Surface tag is recommended to assess accessibility
975295038,way,surface,MISSING,Surface tag is recommended to assess accessibility
975295039,way,surface,MISSING,Surface tag is recommended to assess accessibility
975295040,way,surface,MISSING,Surface tag is recommended to assess accessibility
975295041,way,surface,MISSING,Surface tag is recommended to assess accessibility
975295042,way,surface,MISSING,Surface tag is recommended to assess accessibility
975295043,way,surface,MISSING,Surface tag is recommended to assess accessibility
975295044,way,surface,MISSING,Surface tag is recommended to assess accessibility
975953267,way,surface,MISSING,Surface tag is recommended to assess accessibility
975953268,way,surface,MISSING,Surface tag is recommended to assess accessibility
976028866,way,surface,MISSING,Surface tag is recommended to assess accessibility
977349791,way,surface,MISSING,Surface tag is recommended to assess accessibility
977565777,way,surface,MISSING,Surface tag is recommended to assess accessibility
978131636,way,surface,MISSING,Surface tag is recommended to assess accessibility
978131637,way,surface,MISSING,Surface tag is recommended to assess accessibility
979420332,way,surface,MISSING,Surface tag is recommended to assess accessibility
979420342,way,surface,MISSING,Surface tag is recommended to assess accessibility
979420343,way,surface,MISSING,Surface tag is recommended to assess accessibility
981948632,way,surface,MISSING,Surface tag is recommended to assess accessibility
982015575,way,surface,MISSING,Surface tag is recommended to assess accessibility
982015577,way,surface,MISSING,Surface tag is recommended to assess accessibility
982015578,way,surface,MISSING,Surface tag is recommended to assess accessibility
982015579,way,surface,MISSING,Surface tag is recommended to assess accessibility
982029669,way,surface,MISSING,Surface tag is recommended to assess accessibility
982786691,way,surface,MISSING,Surface tag is recommended to assess accessibility
982786692,way,surface,MISSING,Surface tag is recommended to assess accessibility
982786695,way,surface,MISSING,Surface tag is recommended to assess accessibility
982786696,way,surface,MISSING,Surface tag is recommended to assess accessibility
982786697,way,surface,MISSING,Surface tag is recommended to assess accessibility
982786699,way,surface,MISSING,Surface tag is recommended to assess accessibility
982794922,way,surface,MISSING,Surface tag is recommended to assess accessibility
983655948,way,surface,MISSING,Surface tag is recommended to assess accessibility
984392357,way,surface,MISSING,Surface tag is recommended to assess accessibility
984392358,way,surface,MISSING,Surface tag is recommended to assess accessibility
984392359,way,surface,MISSING,Surface tag is recommended to assess accessibility
984392360,way,surface,MISSING,Surface tag is recommended to assess accessibility
984451689,way,surface,MISSING,Surface tag is recommended to assess accessibility
984451691,way,surface,MISSING,Surface tag is recommended to assess accessibility
984451693,way,surface,MISSING,Surface tag is recommended to assess accessibility
984451713,way,surface,MISSING,Surface tag is recommended to assess accessibility
984451716,way,surface,MISSING,Surface tag is recommended to assess accessibility
984451717,way,surface,MISSING,Surface tag is recommended to assess accessibility
984482977,way,surface,MISSING,Surface tag is recommended to assess accessibility
984482986,way,surface,MISSING,Surface tag is recommended to assess accessibility
984931638,way,surface,MISSING,Surface tag is recommended to assess accessibility
984931639,way,surface,MISSING,Surface tag is recommended to assess accessibility
984931640,way,surface,MISSING,Surface tag is recommended to assess accessibility
984931641,way,surface,MISSING,Surface tag is recommended to assess accessibility
985510666,way,surface,MISSING,Surface tag is recommended to assess accessibility
985510671,way,surface,MISSING,Surface tag is recommended to assess accessibility
985523891,way,surface,MISSING,Surface tag is recommended to assess accessibility
985523892,way,surface,MISSING,Surface tag is recommended to assess accessibility
985523893,way,surface,MISSING,Surface tag is recommended to assess accessibility
985546673,way,surface,MISSING,Surface tag is recommended to assess accessibility
985553907,way,surface,MISSING,Surface tag is recommended to assess accessibility
986952918,way,surface,MISSING,Surface tag is recommended to assess accessibility
987398620,way,surface,MISSING,Surface tag is recommended to assess accessibility
987662306,way,surface,MISSING,Surface tag is recommended to assess accessibility
987662308,way,surface,MISSING,Surface tag is recommended to assess accessibility
987662311,way,surface,MISSING,Surface tag is recommended to assess accessibility
987662312,way,surface,MISSING,Surface tag is recommended to assess accessibility
988110252,way,surface,MISSING,Surface tag is recommended to assess accessibility
988328012,way,surface,MISSING,Surface tag is recommended to assess accessibility
988539490,way,surface,MISSING,Surface tag is recommended to assess accessibility
988539491,way,surface,MISSING,Surface tag is recommended to assess accessibility
988539492,way,surface,MISSING,Surface tag is recommended to assess accessibility
988539493,way,surface,MISSING,Surface tag is recommended to assess accessibility
988539494,way,surface,MISSING,Surface tag is recommended to assess accessibility
988539495,way,surface,MISSING,Surface tag is recommended to assess accessibility
988539496,way,surface,MISSING,Surface tag is recommended to assess accessibility
988539498,way,surface,MISSING,Surface tag is recommended to assess accessibility
988539499,way,surface,MISSING,Surface tag is recommended to assess accessibility
988539500,way,surface,MISSING,Surface tag is recommended to assess accessibility
988539501,way,surface,MISSING,Surface tag is recommended to assess accessibility
988539502,way,surface,MISSING,Surface tag is recommended to assess accessibility
988539503,way,surface,MISSING,Surface tag is recommended to assess accessibility
988539504,way,surface,MISSING,Surface tag is recommended to assess accessibility
988902545,way,surface,MISSING,Surface tag is recommended to assess accessibility
989334636,way,surface,MISSING,Surface tag is recommended to assess accessibility
989334637,way,surface,MISSING,Surface tag is recommended to assess accessibility
989334689,way,surface,MISSING,Surface tag is recommended to assess accessibility
989334692,way,surface,MISSING,Surface tag is recommended to assess accessibility
989334694,way,surface,MISSING,Surface tag is recommended to assess accessibility
990291593,way,surface,MISSING,Surface tag is recommended to assess accessibility
990291596,way,surface,MISSING,Surface tag is recommended to assess accessibility
990291601,way,surface,MISSING,Surface tag is recommended to assess accessibility
990430102,way,surface,MISSING,Surface tag is recommended to assess accessibility
992066383,way,surface,MISSING,Surface tag is recommended to assess accessibility
992066384,way,surface,MISSING,Surface tag is recommended to assess accessibility
992235189,way,surface,MISSING,Surface tag is recommended to assess accessibility
992235190,way,surface,MISSING,Surface tag is recommended to assess accessibility
992235191,way,surface,MISSING,Surface tag is recommended to assess accessibility
993021406,way,surface,MISSING,Surface tag is recommended to assess accessibility
993021407,way,surface,MISSING,Surface tag is recommended to assess accessibility
993219364,way,surface,MISSING,Surface tag is recommended to assess accessibility
993219365,way,surface,MISSING,Surface tag is recommended to assess accessibility
993219366,way,surface,MISSING,Surface tag is recommended to assess accessibility
993316736,way,surface,MISSING,Surface tag is recommended to assess accessibility
993316737,way,surface,MISSING,Surface tag is recommended to assess accessibility
993316738,way,surface,MISSING,Surface tag is recommended to assess accessibility
993316739,way,surface,MISSING,Surface tag is recommended to assess accessibility
993633157,way,surface,MISSING,Surface tag is recommended to assess accessibility
994948362,way,surface,MISSING,Surface tag is recommended to assess accessibility
994948366,way,surface,MISSING,Surface tag is recommended to assess accessibility
994948370,way,surface,MISSING,Surface tag is recommended to assess accessibility
994948371,way,surface,MISSING,Surface tag is recommended to assess accessibility
995852478,way,surface,MISSING,Surface tag is recommended to assess accessibility
995852480,way,surface,MISSING,Surface tag is recommended to assess accessibility
995873314,way,surface,MISSING,Surface tag is recommended to assess accessibility
996055609,way,surface,MISSING,Surface tag is recommended to assess accessibility
996055610,way,surface,MISSING,Surface tag is recommended to assess accessibility
996055611,way,surface,MISSING,Surface tag is recommended to assess accessibility
996055612,way,surface,MISSING,Surface tag is recommended to assess accessibility
996055613,way,surface,MISSING,Surface tag is recommended to assess accessibility
996055614,way,surface,MISSING,Surface tag is recommended to assess accessibility
996463728,way,surface,MISSING,Surface tag is recommended to assess accessibility
996463729,way,surface,MISSING,Surface tag is recommended to assess accessibility
996482524,way,surface,MISSING,Surface tag is recommended to assess accessibility
996482525,way,surface,MISSING,Surface tag is recommended to assess accessibility
996590539,way,surface,MISSING,Surface tag is recommended to assess accessibility
996590540,way,surface,MISSING,Surface tag is recommended to assess accessibility
997280296,way,surface,MISSING,Surface tag is recommended to assess accessibility
997280297,way,surface,MISSING,Surface tag is recommended to assess accessibility
997280298,way,surface,MISSING,Surface tag is recommended to assess accessibility
997280299,way,surface,MISSING,Surface tag is recommended to assess accessibility
997280314,way,surface,MISSING,Surface tag is recommended to assess accessibility
997752799,way,surface,MISSING,Surface tag is recommended to assess accessibility
997752805,way,surface,MISSING,Surface tag is recommended to assess accessibility
997938150,way,surface,MISSING,Surface tag is recommended to assess accessibility
997938151,way,surface,MISSING,Surface tag is recommended to assess accessibility
997938152,way,surface,MISSING,Surface tag is recommended to assess accessibility
997938153,way,surface,MISSING,Surface tag is recommended to assess accessibility
997938154,way,surface,MISSING,Surface tag is recommended to assess accessibility
997938155,way,surface,MISSING,Surface tag is recommended to assess accessibility
998185183,way,surface,MISSING,Surface tag is recommended to assess accessibility
1000064611,way,surface,MISSING,Surface tag is recommended to assess accessibility
1000064613,way,surface,MISSING,Surface tag is recommended to assess accessibility
1000064614,way,surface,MISSING,Surface tag is recommended to assess accessibility
1000064615,way,surface,MISSING,Surface tag is recommended to assess accessibility
1000064616,way,surface,MISSING,Surface tag is recommended to assess accessibility
1000064617,way,surface,MISSING,Surface tag is recommended to assess accessibility
1000064618,way,surface,MISSING,Surface tag is recommended to assess accessibility
1001097619,way,surface,MISSING,Surface tag is recommended to assess accessibility
1001164557,way,surface,MISSING,Surface tag is recommended to assess accessibility
1001164558,way,surface,MISSING,Surface tag is recommended to assess accessibility
1001164560,way,surface,MISSING,Surface tag is recommended to assess accessibility
1001164561,way,surface,MISSING,Surface tag is recommended to assess accessibility
1001164562,way,surface,MISSING,Surface tag is recommended to assess accessibility
1001164564,way,surface,MISSING,Surface tag is recommended to assess accessibility
1001164565,way,surface,MISSING,Surface tag is recommended to assess accessibility
1001164566,way,surface,MISSING,Surface tag is recommended to assess accessibility
1001164569,way,surface,MISSING,Surface tag is recommended to assess accessibility
1001492972,way,surface,MISSING,Surface tag is recommended to assess accessibility
1001492973,way,surface,MISSING,Surface tag is recommended to assess accessibility
1001492974,way,surface,MISSING,Surface tag is recommended to assess accessibility
1001492975,way,surface,MISSING,Surface tag is recommended to assess accessibility
1001492977,way,surface,MISSING,Surface tag is recommended to assess accessibility
1001497686,way,surface,MISSING,Surface tag is recommended to assess accessibility
1001497687,way,surface,MISSING,Surface tag is recommended to assess accessibility
1004358998,way,surface,MISSING,Surface tag is recommended to assess accessibility
1005259183,way,surface,MISSING,Surface tag is recommended to assess accessibility
1005259184,way,surface,MISSING,Surface tag is recommended to assess accessibility
1005862559,way,surface,MISSING,Surface tag is recommended to assess accessibility
1005862560,way,surface,MISSING,Surface tag is recommended to assess accessibility
1005862561,way,surface,MISSING,Surface tag is recommended to assess accessibility
1006532627,way,surface,MISSING,Surface tag is recommended to assess accessibility
1006532629,way,surface,MISSING,Surface tag is recommended to assess accessibility
1006538392,way,surface,MISSING,Surface tag is recommended to assess accessibility
1006538393,way,surface,MISSING,Surface tag is recommended to assess accessibility
1006797848,way,surface,MISSING,Surface tag is recommended to assess accessibility
1007056238,way,surface,MISSING,Surface tag is recommended to assess accessibility
1007056239,way,surface,MISSING,Surface tag is recommended to assess accessibility
1007060252,way,surface,MISSING,Surface tag is recommended to assess accessibility
1007061420,way,surface,MISSING,Surface tag is recommended to assess accessibility
1007061421,way,surface,MISSING,Surface tag is recommended to assess accessibility
1007061422,way,surface,MISSING,Surface tag is recommended to assess accessibility
1007061423,way,surface,MISSING,Surface tag is recommended to assess accessibility
1007061424,way,surface,MISSING,Surface tag is recommended to assess accessibility
1007061425,way,surface,MISSING,Surface tag is recommended to assess accessibility
1007061426,way,surface,MISSING,Surface tag is recommended to assess accessibility
1007061427,way,surface,MISSING,Surface tag is recommended to assess accessibility
1007061428,way,surface,MISSING,Surface tag is recommended to assess accessibility
1007349244,way,surface,MISSING,Surface tag is recommended to assess accessibility
1007349248,way,surface,MISSING,Surface tag is recommended to assess accessibility
1007350209,way,surface,MISSING,Surface tag is recommended to assess accessibility
1007350661,way,surface,MISSING,Surface tag is recommended to assess accessibility
1007350662,way,surface,MISSING,Surface tag is recommended to assess accessibility
1007350664,way,surface,MISSING,Surface tag is recommended to assess accessibility
1007355180,way,surface,MISSING,Surface tag is recommended to assess accessibility
1007355187,way,surface,MISSING,Surface tag is recommended to assess accessibility
1007355188,way,surface,MISSING,Surface tag is recommended to assess accessibility
1007363408,way,surface,MISSING,Surface tag is recommended to assess accessibility
1007367210,way,surface,MISSING,Surface tag is recommended to assess accessibility
1007389652,way,surface,MISSING,Surface tag is recommended to assess accessibility
1007418591,way,surface,MISSING,Surface tag is recommended to assess accessibility
1007418592,way,surface,MISSING,Surface tag is recommended to assess accessibility
1007452715,way,surface,MISSING,Surface tag is recommended to assess accessibility
1007452716,way,surface,MISSING,Surface tag is recommended to assess accessibility
1007452720,way,surface,MISSING,Surface tag is recommended to assess accessibility
1007452721,way,surface,MISSING,Surface tag is recommended to assess accessibility
1007452726,way,surface,MISSING,Surface tag is recommended to assess accessibility
1007452727,way,surface,MISSING,Surface tag is recommended to assess accessibility
1007578191,way,surface,MISSING,Surface tag is recommended to assess accessibility
1007603740,way,surface,MISSING,Surface tag is recommended to assess accessibility
1007603743,way,surface,MISSING,Surface tag is recommended to assess accessibility
1007603744,way,surface,MISSING,Surface tag is recommended to assess accessibility
1007603753,way,surface,MISSING,Surface tag is recommended to assess accessibility
1007787079,way,surface,MISSING,Surface tag is recommended to assess accessibility
1007787080,way,surface,MISSING,Surface tag is recommended to assess accessibility
1007787081,way,surface,MISSING,Surface tag is recommended to assess accessibility
1007787082,way,surface,MISSING,Surface tag is recommended to assess accessibility
1007787084,way,surface,MISSING,Surface tag is recommended to assess accessibility
1007787085,way,surface,MISSING,Surface tag is recommended to assess accessibility
1007787101,way,surface,MISSING,Surface tag is recommended to assess accessibility
1007787102,way,surface,MISSING,Surface tag is recommended to assess accessibility
1007787104,way,surface,MISSING,Surface tag is recommended to assess accessibility
1007800468,way,surface,MISSING,Surface tag is recommended to assess accessibility
1008057944,way,surface,MISSING,Surface tag is recommended to assess accessibility
1008057945,way,surface,MISSING,Surface tag is recommended to assess accessibility
1008114566,way,surface,MISSING,Surface tag is recommended to assess accessibility
1008115737,way,surface,MISSING,Surface tag is recommended to assess accessibility
1008121986,way,surface,MISSING,Surface tag is recommended to assess accessibility
1008122000,way,surface,MISSING,Surface tag is recommended to assess accessibility
1008122001,way,surface,MISSING,Surface tag is recommended to assess accessibility
1008122002,way,surface,MISSING,Surface tag is recommended to assess accessibility
1008122003,way,surface,MISSING,Surface tag is recommended to assess accessibility
1008156060,way,surface,MISSING,Surface tag is recommended to assess accessibility
1008156061,way,surface,MISSING,Surface tag is recommended to assess accessibility
1008156062,way,surface,MISSING,Surface tag is recommended to assess accessibility
1008156063,way,surface,MISSING,Surface tag is recommended to assess accessibility
1008156064,way,surface,MISSING,Surface tag is recommended to assess accessibility
1008156065,way,surface,MISSING,Surface tag is recommended to assess accessibility
1008156066,way,surface,MISSING,Surface tag is recommended to assess accessibility
1008156067,way,surface,MISSING,Surface tag is recommended to assess accessibility
1008156070,way,surface,MISSING,Surface tag is recommended to assess accessibility
1008156072,way,surface,MISSING,Surface tag is recommended to assess accessibility
1008156073,way,surface,MISSING,Surface tag is recommended to assess accessibility
1008417949,way,surface,MISSING,Surface tag is recommended to assess accessibility
1008417951,way,surface,MISSING,Surface tag is recommended to assess accessibility
1008641182,way,surface,MISSING,Surface tag is recommended to assess accessibility
1008641185,way,surface,MISSING,Surface tag is recommended to assess accessibility
1008641186,way,surface,MISSING,Surface tag is recommended to assess accessibility
1008641187,way,surface,MISSING,Surface tag is recommended to assess accessibility
1008641188,way,surface,MISSING,Surface tag is recommended to assess accessibility
1008641189,way,surface,MISSING,Surface tag is recommended to assess accessibility
1008641190,way,surface,MISSING,Surface tag is recommended to assess accessibility
1008641192,way,surface,MISSING,Surface tag is recommended to assess accessibility
1008641194,way,surface,MISSING,Surface tag is recommended to assess accessibility
1008649807,way,surface,MISSING,Surface tag is recommended to assess accessibility
1008743256,way,surface,MISSING,Surface tag is recommended to assess accessibility
1008743257,way,surface,MISSING,Surface tag is recommended to assess accessibility
1008743258,way,surface,MISSING,Surface tag is recommended to assess accessibility
1008743259,way,surface,MISSING,Surface tag is recommended to assess accessibility
1008743261,way,surface,MISSING,Surface tag is recommended to assess accessibility
1008743262,way,surface,MISSING,Surface tag is recommended to assess accessibility
1008743263,way,surface,MISSING,Surface tag is recommended to assess accessibility
1008743264,way,surface,MISSING,Surface tag is recommended to assess accessibility
1008743265,way,surface,MISSING,Surface tag is recommended to assess accessibility
1008743267,way,surface,MISSING,Surface tag is recommended to assess accessibility
1008743269,way,surface,MISSING,Surface tag is recommended to assess accessibility
1008743274,way,surface,MISSING,Surface tag is recommended to assess accessibility
1008743275,way,surface,MISSING,Surface tag is recommended to assess accessibility
1008743276,way,surface,MISSING,Surface tag is recommended to assess accessibility
1008743277,way,surface,MISSING,Surface tag is recommended to assess accessibility
1008743278,way,surface,MISSING,Surface tag is recommended to assess accessibility
1008743293,way,surface,MISSING,Surface tag is recommended to assess accessibility
1008822262,way,surface,MISSING,Surface tag is recommended to assess accessibility
1008822263,way,surface,MISSING,Surface tag is recommended to assess accessibility
1008822266,way,surface,MISSING,Surface tag is recommended to assess accessibility
1008822270,way,surface,MISSING,Surface tag is recommended to assess accessibility
1008822272,way,surface,MISSING,Surface tag is recommended to assess accessibility
1008822273,way,surface,MISSING,Surface tag is recommended to assess accessibility
1008826538,way,surface,MISSING,Surface tag is recommended to assess accessibility
1008826539,way,surface,MISSING,Surface tag is recommended to assess accessibility
1008826547,way,surface,MISSING,Surface tag is recommended to assess accessibility
1008826549,way,surface,MISSING,Surface tag is recommended to assess accessibility
1008831889,way,surface,MISSING,Surface tag is recommended to assess accessibility
1008831892,way,surface,MISSING,Surface tag is recommended to assess accessibility
1008831900,way,surface,MISSING,Surface tag is recommended to assess accessibility
1008831910,way,surface,MISSING,Surface tag is recommended to assess accessibility
1008831911,way,surface,MISSING,Surface tag is recommended to assess accessibility
1008897867,way,surface,MISSING,Surface tag is recommended to assess accessibility
1008897868,way,surface,MISSING,Surface tag is recommended to assess accessibility
1008897871,way,surface,MISSING,Surface tag is recommended to assess accessibility
1008897872,way,surface,MISSING,Surface tag is recommended to assess accessibility
1008897874,way,surface,MISSING,Surface tag is recommended to assess accessibility
1008902438,way,surface,MISSING,Surface tag is recommended to assess accessibility
1008906238,way,surface,MISSING,Surface tag is recommended to assess accessibility
1008988047,way,surface,MISSING,Surface tag is recommended to assess accessibility
1008988050,way,surface,MISSING,Surface tag is recommended to assess accessibility
1009323187,way,surface,MISSING,Surface tag is recommended to assess accessibility
1009565361,way,surface,MISSING,Surface tag is recommended to assess accessibility
1009565362,way,surface,MISSING,Surface tag is recommended to assess accessibility
1009565365,way,surface,MISSING,Surface tag is recommended to assess accessibility
1009565366,way,surface,MISSING,Surface tag is recommended to assess accessibility
1009565367,way,surface,MISSING,Surface tag is recommended to assess accessibility
1009565368,way,surface,MISSING,Surface tag is recommended to assess accessibility
1009628886,way,surface,MISSING,Surface tag is recommended to assess accessibility
1009632945,way,surface,MISSING,Surface tag is recommended to assess accessibility
1009649189,way,surface,MISSING,Surface tag is recommended to assess accessibility
1009649190,way,surface,MISSING,Surface tag is recommended to assess accessibility
1009649191,way,surface,MISSING,Surface tag is recommended to assess accessibility
1009649195,way,surface,MISSING,Surface tag is recommended to assess accessibility
1009649196,way,surface,MISSING,Surface tag is recommended to assess accessibility
1009649198,way,surface,MISSING,Surface tag is recommended to assess accessibility
1009649199,way,surface,MISSING,Surface tag is recommended to assess accessibility
1009649204,way,surface,MISSING,Surface tag is recommended to assess accessibility
1009649209,way,surface,MISSING,Surface tag is recommended to assess accessibility
1009649211,way,surface,MISSING,Surface tag is recommended to assess accessibility
1009649212,way,surface,MISSING,Surface tag is recommended to assess accessibility
1009658041,way,surface,MISSING,Surface tag is recommended to assess accessibility
1009658042,way,surface,MISSING,Surface tag is recommended to assess accessibility
1009658043,way,surface,MISSING,Surface tag is recommended to assess accessibility
1009658044,way,surface,MISSING,Surface tag is recommended to assess accessibility
1009658049,way,surface,MISSING,Surface tag is recommended to assess accessibility
1009658050,way,surface,MISSING,Surface tag is recommended to assess accessibility
1009658051,way,surface,MISSING,Surface tag is recommended to assess accessibility
1009658053,way,surface,MISSING,Surface tag is recommended to assess accessibility
1009658061,way,surface,MISSING,Surface tag is recommended to assess accessibility
1009658063,way,surface,MISSING,Surface tag is recommended to assess accessibility
1009658064,way,surface,MISSING,Surface tag is recommended to assess accessibility
1009658065,way,surface,MISSING,Surface tag is recommended to assess accessibility
1009658069,way,surface,MISSING,Surface tag is recommended to assess accessibility
1009658075,way,surface,MISSING,Surface tag is recommended to assess accessibility
1009658076,way,surface,MISSING,Surface tag is recommended to assess accessibility
1009660392,way,surface,MISSING,Surface tag is recommended to assess accessibility
1009660393,way,surface,MISSING,Surface tag is recommended to assess accessibility
1009660394,way,surface,MISSING,Surface tag is recommended to assess accessibility
1009660397,way,surface,MISSING,Surface tag is recommended to assess accessibility
1009660398,way,surface,MISSING,Surface tag is recommended to assess accessibility
1009660400,way,surface,MISSING,Surface tag is recommended to assess accessibility
1009865980,way,surface,MISSING,Surface tag is recommended to assess accessibility
1009878498,way,surface,MISSING,Surface tag is recommended to assess accessibility
1009878506,way,surface,MISSING,Surface tag is recommended to assess accessibility
1009878508,way,surface,MISSING,Surface tag is recommended to assess accessibility
1009878509,way,surface,MISSING,Surface tag is recommended to assess accessibility
1009878510,way,surface,MISSING,Surface tag is recommended to assess accessibility
1009878511,way,surface,MISSING,Surface tag is recommended to assess accessibility
1009878512,way,surface,MISSING,Surface tag is recommended to assess accessibility
1009878513,way,surface,MISSING,Surface tag is recommended to assess accessibility
1009878514,way,surface,MISSING,Surface tag is recommended to assess accessibility
1009878515,way,surface,MISSING,Surface tag is recommended to assess accessibility
1009878516,way,surface,MISSING,Surface tag is recommended to assess accessibility
1009878517,way,surface,MISSING,Surface tag is recommended to assess accessibility
1009878518,way,surface,MISSING,Surface tag is recommended to assess accessibility
1009878519,way,surface,MISSING,Surface tag is recommended to assess accessibility
1009878520,way,surface,MISSING,Surface tag is recommended to assess accessibility
1009878523,way,surface,MISSING,Surface tag is recommended to assess accessibility
1009878524,way,surface,MISSING,Surface tag is recommended to assess accessibility
1009878526,way,surface,MISSING,Surface tag is recommended to assess accessibility
1009878528,way,surface,MISSING,Surface tag is recommended to assess accessibility
1009878529,way,surface,MISSING,Surface tag is recommended to assess accessibility
1009878530,way,surface,MISSING,Surface tag is recommended to assess accessibility
1009878531,way,surface,MISSING,Surface tag is recommended to assess accessibility
1009878533,way,surface,MISSING,Surface tag is recommended to assess accessibility
1009878534,way,surface,MISSING,Surface tag is recommended to assess accessibility
1009880805,way,surface,MISSING,Surface tag is recommended to assess accessibility
1009880809,way,surface,MISSING,Surface tag is recommended to assess accessibility
1009880810,way,surface,MISSING,Surface tag is recommended to assess accessibility
1009880811,way,surface,MISSING,Surface tag is recommended to assess accessibility
1009880812,way,surface,MISSING,Surface tag is recommended to assess accessibility
1009880813,way,surface,MISSING,Surface tag is recommended to assess accessibility
1009951435,way,surface,MISSING,Surface tag is recommended to assess accessibility
1009951450,way,surface,MISSING,Surface tag is recommended to assess accessibility
1009951451,way,surface,MISSING,Surface tag is recommended to assess accessibility
1009953694,way,surface,MISSING,Surface tag is recommended to assess accessibility
1009953695,way,surface,MISSING,Surface tag is recommended to assess accessibility
1009953696,way,surface,MISSING,Surface tag is recommended to assess accessibility
1009954480,way,surface,MISSING,Surface tag is recommended to assess accessibility
1009954482,way,surface,MISSING,Surface tag is recommended to assess accessibility
1009954483,way,surface,MISSING,Surface tag is recommended to assess accessibility
1009954484,way,surface,MISSING,Surface tag is recommended to assess accessibility
1009954485,way,surface,MISSING,Surface tag is recommended to assess accessibility
1009961111,way,surface,MISSING,Surface tag is recommended to assess accessibility
1009961113,way,surface,MISSING,Surface tag is recommended to assess accessibility
1009961131,way,surface,MISSING,Surface tag is recommended to assess accessibility
1009961132,way,surface,MISSING,Surface tag is recommended to assess accessibility
1009961149,way,surface,MISSING,Surface tag is recommended to assess accessibility
1009961150,way,surface,MISSING,Surface tag is recommended to assess accessibility
1009961152,way,surface,MISSING,Surface tag is recommended to assess accessibility
1009961153,way,surface,MISSING,Surface tag is recommended to assess accessibility
1009961154,way,surface,MISSING,Surface tag is recommended to assess accessibility
1009962708,way,surface,MISSING,Surface tag is recommended to assess accessibility
1009969669,way,surface,MISSING,Surface tag is recommended to assess accessibility
1010171792,way,surface,MISSING,Surface tag is recommended to assess accessibility
1010171805,way,surface,MISSING,Surface tag is recommended to assess accessibility
1010171806,way,surface,MISSING,Surface tag is recommended to assess accessibility
1010225216,way,surface,MISSING,Surface tag is recommended to assess accessibility
1010231551,way,surface,MISSING,Surface tag is recommended to assess accessibility
1010231552,way,surface,MISSING,Surface tag is recommended to assess accessibility
1010231553,way,surface,MISSING,Surface tag is recommended to assess accessibility
1010231554,way,surface,MISSING,Surface tag is recommended to assess accessibility
1010231555,way,surface,MISSING,Surface tag is recommended to assess accessibility
1010231556,way,surface,MISSING,Surface tag is recommended to assess accessibility
1010231557,way,surface,MISSING,Surface tag is recommended to assess accessibility
1010231558,way,surface,MISSING,Surface tag is recommended to assess accessibility
1010231559,way,surface,MISSING,Surface tag is recommended to assess accessibility
1010231572,way,surface,MISSING,Surface tag is recommended to assess accessibility
1010231573,way,surface,MISSING,Surface tag is recommended to assess accessibility
1010231582,way,surface,MISSING,Surface tag is recommended to assess accessibility
1010232167,way,surface,MISSING,Surface tag is recommended to assess accessibility
1010232168,way,surface,MISSING,Surface tag is recommended to assess accessibility
1010910891,way,surface,MISSING,Surface tag is recommended to assess accessibility
1011431763,way,surface,MISSING,Surface tag is recommended to assess accessibility
1011729071,way,surface,MISSING,Surface tag is recommended to assess accessibility
1011729083,way,surface,MISSING,Surface tag is recommended to assess accessibility
1011736389,way,surface,MISSING,Surface tag is recommended to assess accessibility
1012723966,way,surface,MISSING,Surface tag is recommended to assess accessibility
1012797505,way,surface,MISSING,Surface tag is recommended to assess accessibility
1012799232,way,surface,MISSING,Surface tag is recommended to assess accessibility
1012814688,way,surface,MISSING,Surface tag is recommended to assess accessibility
1012814690,way,surface,MISSING,Surface tag is recommended to assess accessibility
1013060623,way,surface,MISSING,Surface tag is recommended to assess accessibility
1013062347,way,surface,MISSING,Surface tag is recommended to assess accessibility
1013098916,way,surface,MISSING,Surface tag is recommended to assess accessibility
1013098917,way,surface,MISSING,Surface tag is recommended to assess accessibility
1013105111,way,surface,MISSING,Surface tag is recommended to assess accessibility
1013722636,way,surface,MISSING,Surface tag is recommended to assess accessibility
1013722639,way,surface,MISSING,Surface tag is recommended to assess accessibility
1013722641,way,surface,MISSING,Surface tag is recommended to assess accessibility
1013722643,way,surface,MISSING,Surface tag is recommended to assess accessibility
1013725040,way,surface,MISSING,Surface tag is recommended to assess accessibility
1013729242,way,surface,MISSING,Surface tag is recommended to assess accessibility
1013729245,way,surface,MISSING,Surface tag is recommended to assess accessibility
1013729246,way,surface,MISSING,Surface tag is recommended to assess accessibility
1013729247,way,surface,MISSING,Surface tag is recommended to assess accessibility
1013734879,way,surface,MISSING,Surface tag is recommended to assess accessibility
1013744138,way,surface,MISSING,Surface tag is recommended to assess accessibility
1014118174,way,surface,MISSING,Surface tag is recommended to assess accessibility
1014179448,way,surface,MISSING,Surface tag is recommended to assess accessibility
1014179449,way,surface,MISSING,Surface tag is recommended to assess accessibility
1015098536,way,surface,MISSING,Surface tag is recommended to assess accessibility
1015864598,way,surface,MISSING,Surface tag is recommended to assess accessibility
1016163507,way,surface,MISSING,Surface tag is recommended to assess accessibility
1016163508,way,surface,MISSING,Surface tag is recommended to assess accessibility
1016905147,way,surface,MISSING,Surface tag is recommended to assess accessibility
1016912372,way,surface,MISSING,Surface tag is recommended to assess accessibility
1017104024,way,surface,MISSING,Surface tag is recommended to assess accessibility
1017588971,way,surface,MISSING,Surface tag is recommended to assess accessibility
1017803044,way,surface,MISSING,Surface tag is recommended to assess accessibility
1017803045,way,surface,MISSING,Surface tag is recommended to assess accessibility
1017803046,way,surface,MISSING,Surface tag is recommended to assess accessibility
1018744757,way,surface,MISSING,Surface tag is recommended to assess accessibility
1018745497,way,surface,MISSING,Surface tag is recommended to assess accessibility
1018745498,way,surface,MISSING,Surface tag is recommended to assess accessibility
1019464959,way,surface,MISSING,Surface tag is recommended to assess accessibility
1019464960,way,surface,MISSING,Surface tag is recommended to assess accessibility
1019771538,way,surface,MISSING,Surface tag is recommended to assess accessibility
1019771540,way,surface,MISSING,Surface tag is recommended to assess accessibility
1019771541,way,surface,MISSING,Surface tag is recommended to assess accessibility
1019955283,way,surface,MISSING,Surface tag is recommended to assess accessibility
1020627802,way,surface,MISSING,Surface tag is recommended to assess accessibility
1020632102,way,surface,MISSING,Surface tag is recommended to assess accessibility
1020694007,way,surface,MISSING,Surface tag is recommended to assess accessibility
1020694008,way,surface,MISSING,Surface tag is recommended to assess accessibility
1020694009,way,surface,MISSING,Surface tag is recommended to assess accessibility
1020694010,way,surface,MISSING,Surface tag is recommended to assess accessibility
1020694011,way,surface,MISSING,Surface tag is recommended to assess accessibility
1020694012,way,surface,MISSING,Surface tag is recommended to assess accessibility
1020694014,way,surface,MISSING,Surface tag is recommended to assess accessibility
1020694017,way,surface,MISSING,Surface tag is recommended to assess accessibility
1020791220,way,surface,MISSING,Surface tag is recommended to assess accessibility
1020791221,way,surface,MISSING,Surface tag is recommended to assess accessibility
1020791222,way,surface,MISSING,Surface tag is recommended to assess accessibility
1020791223,way,surface,MISSING,Surface tag is recommended to assess accessibility
1020791225,way,surface,MISSING,Surface tag is recommended to assess accessibility
1020791226,way,surface,MISSING,Surface tag is recommended to assess accessibility
1020791227,way,surface,MISSING,Surface tag is recommended to assess accessibility
1020791228,way,surface,MISSING,Surface tag is recommended to assess accessibility
1024891201,way,surface,MISSING,Surface tag is recommended to assess accessibility
1024891202,way,surface,MISSING,Surface tag is recommended to assess accessibility
1025318719,way,surface,MISSING,Surface tag is recommended to assess accessibility
1025318720,way,surface,MISSING,Surface tag is recommended to assess accessibility
1025449224,way,surface,MISSING,Surface tag is recommended to assess accessibility
1025466357,way,surface,MISSING,Surface tag is recommended to assess accessibility
1026171517,way,surface,MISSING,Surface tag is recommended to assess accessibility
1026171519,way,surface,MISSING,Surface tag is recommended to assess accessibility
1026171521,way,surface,MISSING,Surface tag is recommended to assess accessibility
1026171522,way,surface,MISSING,Surface tag is recommended to assess accessibility
1026618577,way,surface,MISSING,Surface tag is recommended to assess accessibility
1026618578,way,surface,MISSING,Surface tag is recommended to assess accessibility
1026736806,way,surface,MISSING,Surface tag is recommended to assess accessibility
1026998267,way,surface,MISSING,Surface tag is recommended to assess accessibility
1027054223,way,surface,MISSING,Surface tag is recommended to assess accessibility
1027324426,way,surface,MISSING,Surface tag is recommended to assess accessibility
1027662276,way,surface,MISSING,Surface tag is recommended to assess accessibility
1027662277,way,surface,MISSING,Surface tag is recommended to assess accessibility
1027674706,way,surface,MISSING,Surface tag is recommended to assess accessibility
1027674707,way,surface,MISSING,Surface tag is recommended to assess accessibility
1027683485,way,surface,MISSING,Surface tag is recommended to assess accessibility
1027707272,way,surface,MISSING,Surface tag is recommended to assess accessibility
1028417030,way,surface,MISSING,Surface tag is recommended to assess accessibility
1028417034,way,surface,MISSING,Surface tag is recommended to assess accessibility
1028417035,way,surface,MISSING,Surface tag is recommended to assess accessibility
1028607327,way,surface,MISSING,Surface tag is recommended to assess accessibility
1028607328,way,surface,MISSING,Surface tag is recommended to assess accessibility
1028992938,way,surface,MISSING,Surface tag is recommended to assess accessibility
1028992942,way,surface,MISSING,Surface tag is recommended to assess accessibility
1029433135,way,surface,MISSING,Surface tag is recommended to assess accessibility
1029433136,way,surface,MISSING,Surface tag is recommended to assess accessibility
1029433137,way,surface,MISSING,Surface tag is recommended to assess accessibility
1029433138,way,surface,MISSING,Surface tag is recommended to assess accessibility
1029433139,way,surface,MISSING,Surface tag is recommended to assess accessibility
1029433140,way,surface,MISSING,Surface tag is recommended to assess accessibility
1029433142,way,surface,MISSING,Surface tag is recommended to assess accessibility
1029433143,way,surface,MISSING,Surface tag is recommended to assess accessibility
1029529531,way,surface,MISSING,Surface tag is recommended to assess accessibility
1029569934,way,surface,MISSING,Surface tag is recommended to assess accessibility
1029569940,way,surface,MISSING,Surface tag is recommended to assess accessibility
1029569942,way,surface,MISSING,Surface tag is recommended to assess accessibility
1029569943,way,surface,MISSING,Surface tag is recommended to assess accessibility
1029670932,way,surface,MISSING,Surface tag is recommended to assess accessibility
1029670934,way,surface,MISSING,Surface tag is recommended to assess accessibility
1029875810,way,surface,MISSING,Surface tag is recommended to assess accessibility
1029984404,way,surface,MISSING,Surface tag is recommended to assess accessibility
1029986214,way,surface,MISSING,Surface tag is recommended to assess accessibility
1029986215,way,surface,MISSING,Surface tag is recommended to assess accessibility
1030115592,way,surface,MISSING,Surface tag is recommended to assess accessibility
1030134026,way,surface,MISSING,Surface tag is recommended to assess accessibility
1030186611,way,surface,MISSING,Surface tag is recommended to assess accessibility
1030346160,way,surface,MISSING,Surface tag is recommended to assess accessibility
1030346166,way,surface,MISSING,Surface tag is recommended to assess accessibility
1030346167,way,surface,MISSING,Surface tag is recommended to assess accessibility
1030346170,way,surface,MISSING,Surface tag is recommended to assess accessibility
1030884664,way,surface,MISSING,Surface tag is recommended to assess accessibility
1030944859,way,surface,MISSING,Surface tag is recommended to assess accessibility
1031304319,way,surface,MISSING,Surface tag is recommended to assess accessibility
1031304321,way,surface,MISSING,Surface tag is recommended to assess accessibility
1031306496,way,surface,MISSING,Surface tag is recommended to assess accessibility
1031306497,way,surface,MISSING,Surface tag is recommended to assess accessibility
1031306498,way,surface,MISSING,Surface tag is recommended to assess accessibility
1031306499,way,surface,MISSING,Surface tag is recommended to assess accessibility
1031306500,way,surface,MISSING,Surface tag is recommended to assess accessibility
1031328785,way,surface,MISSING,Surface tag is recommended to assess accessibility
1031333775,way,surface,MISSING,Surface tag is recommended to assess accessibility
1031333776,way,surface,MISSING,Surface tag is recommended to assess accessibility
1031365662,way,surface,MISSING,Surface tag is recommended to assess accessibility
1031596815,way,surface,MISSING,Surface tag is recommended to assess accessibility
1031596816,way,surface,MISSING,Surface tag is recommended to assess accessibility
1031675169,way,surface,MISSING,Surface tag is recommended to assess accessibility
1031675170,way,surface,MISSING,Surface tag is recommended to assess accessibility
1031675171,way,surface,MISSING,Surface tag is recommended to assess accessibility
1031675172,way,surface,MISSING,Surface tag is recommended to assess accessibility
1031675177,way,surface,MISSING,Surface tag is recommended to assess accessibility
1032053770,way,surface,MISSING,Surface tag is recommended to assess accessibility
1032054875,way,surface,MISSING,Surface tag is recommended to assess accessibility
1032054878,way,surface,MISSING,Surface tag is recommended to assess accessibility
1032076815,way,surface,MISSING,Surface tag is recommended to assess accessibility
1032076816,way,surface,MISSING,Surface tag is recommended to assess accessibility
1032127125,way,surface,MISSING,Surface tag is recommended to assess accessibility
1032496601,way,surface,MISSING,Surface tag is recommended to assess accessibility
1032603437,way,surface,MISSING,Surface tag is recommended to assess accessibility
1033224537,way,surface,MISSING,Surface tag is recommended to assess accessibility
1033228062,way,surface,MISSING,Surface tag is recommended to assess accessibility
1033228063,way,surface,MISSING,Surface tag is recommended to assess accessibility
1033234861,way,surface,MISSING,Surface tag is recommended to assess accessibility
1033234891,way,surface,MISSING,Surface tag is recommended to assess accessibility
1033234901,way,surface,MISSING,Surface tag is recommended to assess accessibility
1033257612,way,surface,MISSING,Surface tag is recommended to assess accessibility
1033860443,way,surface,MISSING,Surface tag is recommended to assess accessibility
1033879823,way,surface,MISSING,Surface tag is recommended to assess accessibility
1034132771,way,surface,MISSING,Surface tag is recommended to assess accessibility
1034132773,way,surface,MISSING,Surface tag is recommended to assess accessibility
1034531936,way,surface,MISSING,Surface tag is recommended to assess accessibility
1034603385,way,surface,MISSING,Surface tag is recommended to assess accessibility
1035469908,way,surface,MISSING,Surface tag is recommended to assess accessibility
1036300330,way,surface,MISSING,Surface tag is recommended to assess accessibility
1036357032,way,surface,MISSING,Surface tag is recommended to assess accessibility
1036357033,way,surface,MISSING,Surface tag is recommended to assess accessibility
1036538551,way,surface,MISSING,Surface tag is recommended to assess accessibility
1036548406,way,surface,MISSING,Surface tag is recommended to assess accessibility
1036557279,way,surface,MISSING,Surface tag is recommended to assess accessibility
1036606992,way,surface,MISSING,Surface tag is recommended to assess accessibility
1036681305,way,surface,MISSING,Surface tag is recommended to assess accessibility
1036681306,way,surface,MISSING,Surface tag is recommended to assess accessibility
1036681307,way,surface,MISSING,Surface tag is recommended to assess accessibility
1036805217,way,surface,MISSING,Surface tag is recommended to assess accessibility
1036853697,way,surface,MISSING,Surface tag is recommended to assess accessibility
1036860457,way,surface,MISSING,Surface tag is recommended to assess accessibility
1036860458,way,surface,MISSING,Surface tag is recommended to assess accessibility
1036977372,way,surface,MISSING,Surface tag is recommended to assess accessibility
1036977373,way,surface,MISSING,Surface tag is recommended to assess accessibility
1036977387,way,surface,MISSING,Surface tag is recommended to assess accessibility
1036977388,way,surface,MISSING,Surface tag is recommended to assess accessibility
1037095063,way,surface,MISSING,Surface tag is recommended to assess accessibility
1037095066,way,surface,MISSING,Surface tag is recommended to assess accessibility
1037100494,way,surface,MISSING,Surface tag is recommended to assess accessibility
1037429235,way,surface,MISSING,Surface tag is recommended to assess accessibility
1038289919,way,surface,MISSING,Surface tag is recommended to assess accessibility
1038289920,way,surface,MISSING,Surface tag is recommended to assess accessibility
1038294712,way,surface,MISSING,Surface tag is recommended to assess accessibility
1038341640,way,surface,MISSING,Surface tag is recommended to assess accessibility
1038341641,way,surface,MISSING,Surface tag is recommended to assess accessibility
1038341642,way,surface,MISSING,Surface tag is recommended to assess accessibility
1038345901,way,surface,MISSING,Surface tag is recommended to assess accessibility
1038714005,way,surface,MISSING,Surface tag is recommended to assess accessibility
1039006126,way,surface,MISSING,Surface tag is recommended to assess accessibility
1039015109,way,surface,MISSING,Surface tag is recommended to assess accessibility
1039015160,way,surface,MISSING,Surface tag is recommended to assess accessibility
1039015182,way,surface,MISSING,Surface tag is recommended to assess accessibility
1039015183,way,surface,MISSING,Surface tag is recommended to assess accessibility
1039015184,way,surface,MISSING,Surface tag is recommended to assess accessibility
1039015187,way,surface,MISSING,Surface tag is recommended to assess accessibility
1039015188,way,surface,MISSING,Surface tag is recommended to assess accessibility
1039015189,way,surface,MISSING,Surface tag is recommended to assess accessibility
1039015197,way,surface,MISSING,Surface tag is recommended to assess accessibility
1039015202,way,surface,MISSING,Surface tag is recommended to assess accessibility
1039015203,way,surface,MISSING,Surface tag is recommended to assess accessibility
1039015206,way,surface,MISSING,Surface tag is recommended to assess accessibility
1039015207,way,surface,MISSING,Surface tag is recommended to assess accessibility
1039015208,way,surface,MISSING,Surface tag is recommended to assess accessibility
1039015213,way,surface,MISSING,Surface tag is recommended to assess accessibility
1039015216,way,surface,MISSING,Surface tag is recommended to assess accessibility
1039015217,way,surface,MISSING,Surface tag is recommended to assess accessibility
1039015280,way,surface,MISSING,Surface tag is recommended to assess accessibility
1039015284,way,surface,MISSING,Surface tag is recommended to assess accessibility
1039015285,way,surface,MISSING,Surface tag is recommended to assess accessibility
1039015286,way,surface,MISSING,Surface tag is recommended to assess accessibility
1039015308,way,surface,MISSING,Surface tag is recommended to assess accessibility
1039015309,way,surface,MISSING,Surface tag is recommended to assess accessibility
1039015329,way,surface,MISSING,Surface tag is recommended to assess accessibility
1039015363,way,surface,MISSING,Surface tag is recommended to assess accessibility
1039015365,way,surface,MISSING,Surface tag is recommended to assess accessibility
1039015425,way,surface,MISSING,Surface tag is recommended to assess accessibility
1039015426,way,surface,MISSING,Surface tag is recommended to assess accessibility
1039015433,way,surface,MISSING,Surface tag is recommended to assess accessibility
1039015434,way,surface,MISSING,Surface tag is recommended to assess accessibility
1039339552,way,surface,MISSING,Surface tag is recommended to assess accessibility
1040602099,way,surface,MISSING,Surface tag is recommended to assess accessibility
1040602100,way,surface,MISSING,Surface tag is recommended to assess accessibility
1041158293,way,surface,MISSING,Surface tag is recommended to assess accessibility
1041385365,way,surface,MISSING,Surface tag is recommended to assess accessibility
1041385366,way,surface,MISSING,Surface tag is recommended to assess accessibility
1041446198,way,surface,MISSING,Surface tag is recommended to assess accessibility
1041446202,way,surface,MISSING,Surface tag is recommended to assess accessibility
1041446209,way,surface,MISSING,Surface tag is recommended to assess accessibility
1042207219,way,surface,MISSING,Surface tag is recommended to assess accessibility
1042210681,way,surface,MISSING,Surface tag is recommended to assess accessibility
1042210685,way,surface,MISSING,Surface tag is recommended to assess accessibility
1042215878,way,surface,MISSING,Surface tag is recommended to assess accessibility
1042249291,way,surface,MISSING,Surface tag is recommended to assess accessibility
1042254824,way,surface,MISSING,Surface tag is recommended to assess accessibility
1042254825,way,surface,MISSING,Surface tag is recommended to assess accessibility
1042254826,way,surface,MISSING,Surface tag is recommended to assess accessibility
1042353069,way,surface,MISSING,Surface tag is recommended to assess accessibility
1042353071,way,surface,MISSING,Surface tag is recommended to assess accessibility
1042353073,way,surface,MISSING,Surface tag is recommended to assess accessibility
1042576833,way,surface,MISSING,Surface tag is recommended to assess accessibility
1042885700,way,surface,MISSING,Surface tag is recommended to assess accessibility
1042894846,way,surface,MISSING,Surface tag is recommended to assess accessibility
1042904173,way,surface,MISSING,Surface tag is recommended to assess accessibility
1043105126,way,surface,MISSING,Surface tag is recommended to assess accessibility
1043464195,way,surface,MISSING,Surface tag is recommended to assess accessibility
1043678550,way,surface,MISSING,Surface tag is recommended to assess accessibility
1043678551,way,surface,MISSING,Surface tag is recommended to assess accessibility
1043678552,way,surface,MISSING,Surface tag is recommended to assess accessibility
1043685887,way,surface,MISSING,Surface tag is recommended to assess accessibility
1043685890,way,surface,MISSING,Surface tag is recommended to assess accessibility
1043695800,way,surface,MISSING,Surface tag is recommended to assess accessibility
1043716211,way,surface,MISSING,Surface tag is recommended to assess accessibility
1043718455,way,surface,MISSING,Surface tag is recommended to assess accessibility
1043718456,way,surface,MISSING,Surface tag is recommended to assess accessibility
1043718458,way,surface,MISSING,Surface tag is recommended to assess accessibility
1043718460,way,surface,MISSING,Surface tag is recommended to assess accessibility
1043718461,way,surface,MISSING,Surface tag is recommended to assess accessibility
1043803020,way,surface,MISSING,Surface tag is recommended to assess accessibility
1044572527,way,surface,MISSING,Surface tag is recommended to assess accessibility
1044572528,way,surface,MISSING,Surface tag is recommended to assess accessibility
1044572529,way,surface,MISSING,Surface tag is recommended to assess accessibility
1044572531,way,surface,MISSING,Surface tag is recommended to assess accessibility
1044572532,way,surface,MISSING,Surface tag is recommended to assess accessibility
1044572533,way,surface,MISSING,Surface tag is recommended to assess accessibility
1044572534,way,surface,MISSING,Surface tag is recommended to assess accessibility
1044572535,way,surface,MISSING,Surface tag is recommended to assess accessibility
1044572536,way,surface,MISSING,Surface tag is recommended to assess accessibility
1044572555,way,surface,MISSING,Surface tag is recommended to assess accessibility
1044592805,way,surface,MISSING,Surface tag is recommended to assess accessibility
1044592813,way,surface,MISSING,Surface tag is recommended to assess accessibility
1044592815,way,surface,MISSING,Surface tag is recommended to assess accessibility
1044690866,way,surface,MISSING,Surface tag is recommended to assess accessibility
1044690867,way,surface,MISSING,Surface tag is recommended to assess accessibility
1046462713,way,surface,MISSING,Surface tag is recommended to assess accessibility
1046474542,way,surface,MISSING,Surface tag is recommended to assess accessibility
1046474543,way,surface,MISSING,Surface tag is recommended to assess accessibility
1046474544,way,surface,MISSING,Surface tag is recommended to assess accessibility
1046474546,way,surface,MISSING,Surface tag is recommended to assess accessibility
1046474547,way,surface,MISSING,Surface tag is recommended to assess accessibility
1046474548,way,surface,MISSING,Surface tag is recommended to assess accessibility
1046474549,way,surface,MISSING,Surface tag is recommended to assess accessibility
1046474550,way,surface,MISSING,Surface tag is recommended to assess accessibility
1046474551,way,surface,MISSING,Surface tag is recommended to assess accessibility
1046474552,way,surface,MISSING,Surface tag is recommended to assess accessibility
1046474553,way,surface,MISSING,Surface tag is recommended to assess accessibility
1046474554,way,surface,MISSING,Surface tag is recommended to assess accessibility
1046474556,way,surface,MISSING,Surface tag is recommended to assess accessibility
1046799606,way,surface,MISSING,Surface tag is recommended to assess accessibility
1046800860,way,surface,MISSING,Surface tag is recommended to assess accessibility
1046847161,way,surface,MISSING,Surface tag is recommended to assess accessibility
1046847162,way,surface,MISSING,Surface tag is recommended to assess accessibility
1046847163,way,surface,MISSING,Surface tag is recommended to assess accessibility
1047074838,way,surface,MISSING,Surface tag is recommended to assess accessibility
1047725795,way,surface,MISSING,Surface tag is recommended to assess accessibility
1047725796,way,surface,MISSING,Surface tag is recommended to assess accessibility
1047725797,way,surface,MISSING,Surface tag is recommended to assess accessibility
1047725798,way,surface,MISSING,Surface tag is recommended to assess accessibility
1047725802,way,surface,MISSING,Surface tag is recommended to assess accessibility
1049301216,way,surface,MISSING,Surface tag is recommended to assess accessibility
1049572962,way,surface,MISSING,Surface tag is recommended to assess accessibility
1049648838,way,surface,MISSING,Surface tag is recommended to assess accessibility
1050201135,way,surface,MISSING,Surface tag is recommended to assess accessibility
1050201136,way,surface,MISSING,Surface tag is recommended to assess accessibility
1050201137,way,surface,MISSING,Surface tag is recommended to assess accessibility
1050201138,way,surface,MISSING,Surface tag is recommended to assess accessibility
1050201139,way,surface,MISSING,Surface tag is recommended to assess accessibility
1050201140,way,surface,MISSING,Surface tag is recommended to assess accessibility
1050201141,way,surface,MISSING,Surface tag is recommended to assess accessibility
1050201142,way,surface,MISSING,Surface tag is recommended to assess accessibility
1050201143,way,surface,MISSING,Surface tag is recommended to assess accessibility
1050201144,way,surface,MISSING,Surface tag is recommended to assess accessibility
1050201145,way,surface,MISSING,Surface tag is recommended to assess accessibility
1050201146,way,surface,MISSING,Surface tag is recommended to assess accessibility
1050201147,way,surface,MISSING,Surface tag is recommended to assess accessibility
1050201148,way,surface,MISSING,Surface tag is recommended to assess accessibility
1050201149,way,surface,MISSING,Surface tag is recommended to assess accessibility
1050201150,way,surface,MISSING,Surface tag is recommended to assess accessibility
1050201151,way,surface,MISSING,Surface tag is recommended to assess accessibility
1050201152,way,surface,MISSING,Surface tag is recommended to assess accessibility
1050201153,way,surface,MISSING,Surface tag is recommended to assess accessibility
1050201154,way,surface,MISSING,Surface tag is recommended to assess accessibility
1050201155,way,surface,MISSING,Surface tag is recommended to assess accessibility
1051311876,way,surface,MISSING,Surface tag is recommended to assess accessibility
1051496498,way,surface,MISSING,Surface tag is recommended to assess accessibility
1052071972,way,surface,MISSING,Surface tag is recommended to assess accessibility
1052071973,way,surface,MISSING,Surface tag is recommended to assess accessibility
1052071975,way,surface,MISSING,Surface tag is recommended to assess accessibility
1052071976,way,surface,MISSING,Surface tag is recommended to assess accessibility
1052071977,way,surface,MISSING,Surface tag is recommended to assess accessibility
1052071978,way,surface,MISSING,Surface tag is recommended to assess accessibility
1052071979,way,surface,MISSING,Surface tag is recommended to assess accessibility
1052071980,way,surface,MISSING,Surface tag is recommended to assess accessibility
1052071981,way,surface,MISSING,Surface tag is recommended to assess accessibility
1052071982,way,surface,MISSING,Surface tag is recommended to assess accessibility
1052071983,way,surface,MISSING,Surface tag is recommended to assess accessibility
1052071984,way,surface,MISSING,Surface tag is recommended to assess accessibility
1052071985,way,surface,MISSING,Surface tag is recommended to assess accessibility
1052071986,way,surface,MISSING,Surface tag is recommended to assess accessibility
1052071987,way,surface,MISSING,Surface tag is recommended to assess accessibility
1052071988,way,surface,MISSING,Surface tag is recommended to assess accessibility
1052071989,way,surface,MISSING,Surface tag is recommended to assess accessibility
1052071990,way,surface,MISSING,Surface tag is recommended to assess accessibility
1052071991,way,surface,MISSING,Surface tag is recommended to assess accessibility
1052071992,way,surface,MISSING,Surface tag is recommended to assess accessibility
1052071993,way,surface,MISSING,Surface tag is recommended to assess accessibility
1052071994,way,surface,MISSING,Surface tag is recommended to assess accessibility
1052071995,way,surface,MISSING,Surface tag is recommended to assess accessibility
1052071996,way,surface,MISSING,Surface tag is recommended to assess accessibility
1052071997,way,surface,MISSING,Surface tag is recommended to assess accessibility
1052071998,way,surface,MISSING,Surface tag is recommended to assess accessibility
1052273638,way,surface,MISSING,Surface tag is recommended to assess accessibility
1052273639,way,surface,MISSING,Surface tag is recommended to assess accessibility
1052761284,way,surface,MISSING,Surface tag is recommended to assess accessibility
1052958489,way,surface,MISSING,Surface tag is recommended to assess accessibility
1053045069,way,surface,MISSING,Surface tag is recommended to assess accessibility
1053875409,way,surface,MISSING,Surface tag is recommended to assess accessibility
1054217829,way,surface,MISSING,Surface tag is recommended to assess accessibility
1054217831,way,surface,MISSING,Surface tag is recommended to assess accessibility
1054217832,way,surface,MISSING,Surface tag is recommended to assess accessibility
1054217834,way,surface,MISSING,Surface tag is recommended to assess accessibility
1054217835,way,surface,MISSING,Surface tag is recommended to assess accessibility
1054217839,way,surface,MISSING,Surface tag is recommended to assess accessibility
1054217840,way,surface,MISSING,Surface tag is recommended to assess accessibility
1054217843,way,surface,MISSING,Surface tag is recommended to assess accessibility
1055033257,way,surface,MISSING,Surface tag is recommended to assess accessibility
1055033258,way,surface,MISSING,Surface tag is recommended to assess accessibility
1055033259,way,surface,MISSING,Surface tag is recommended to assess accessibility
1055033260,way,surface,MISSING,Surface tag is recommended to assess accessibility
1055033261,way,surface,MISSING,Surface tag is recommended to assess accessibility
1055033262,way,surface,MISSING,Surface tag is recommended to assess accessibility
1055033263,way,surface,MISSING,Surface tag is recommended to assess accessibility
1055033264,way,surface,MISSING,Surface tag is recommended to assess accessibility
1055033265,way,surface,MISSING,Surface tag is recommended to assess accessibility
1055033266,way,surface,MISSING,Surface tag is recommended to assess accessibility
1055033267,way,surface,MISSING,Surface tag is recommended to assess accessibility
1055033268,way,surface,MISSING,Surface tag is recommended to assess accessibility
1055033269,way,surface,MISSING,Surface tag is recommended to assess accessibility
1055033270,way,surface,MISSING,Surface tag is recommended to assess accessibility
1055033271,way,surface,MISSING,Surface tag is recommended to assess accessibility
1055033272,way,surface,MISSING,Surface tag is recommended to assess accessibility
1055033273,way,surface,MISSING,Surface tag is recommended to assess accessibility
1055033274,way,surface,MISSING,Surface tag is recommended to assess accessibility
1055033275,way,surface,MISSING,Surface tag is recommended to assess accessibility
1055033276,way,surface,MISSING,Surface tag is recommended to assess accessibility
1055033277,way,surface,MISSING,Surface tag is recommended to assess accessibility
1055033278,way,surface,MISSING,Surface tag is recommended to assess accessibility
1055033279,way,surface,MISSING,Surface tag is recommended to assess accessibility
1055325504,way,surface,MISSING,Surface tag is recommended to assess accessibility
1055325505,way,surface,MISSING,Surface tag is recommended to assess accessibility
1055437663,way,surface,MISSING,Surface tag is recommended to assess accessibility
1055437664,way,surface,MISSING,Surface tag is recommended to assess accessibility
1055437665,way,surface,MISSING,Surface tag is recommended to assess accessibility
1055437666,way,surface,MISSING,Surface tag is recommended to assess accessibility
1055653272,way,surface,MISSING,Surface tag is recommended to assess accessibility
1055653273,way,surface,MISSING,Surface tag is recommended to assess accessibility
1055653274,way,surface,MISSING,Surface tag is recommended to assess accessibility
1055653275,way,surface,MISSING,Surface tag is recommended to assess accessibility
1055653276,way,surface,MISSING,Surface tag is recommended to assess accessibility
1055653277,way,surface,MISSING,Surface tag is recommended to assess accessibility
1055653278,way,surface,MISSING,Surface tag is recommended to assess accessibility
1055653279,way,surface,MISSING,Surface tag is recommended to assess accessibility
1055653280,way,surface,MISSING,Surface tag is recommended to assess accessibility
1055653281,way,surface,MISSING,Surface tag is recommended to assess accessibility
1055653282,way,surface,MISSING,Surface tag is recommended to assess accessibility
1055653283,way,surface,MISSING,Surface tag is recommended to assess accessibility
1055653284,way,surface,MISSING,Surface tag is recommended to assess accessibility
1055653285,way,surface,MISSING,Surface tag is recommended to assess accessibility
1055653286,way,surface,MISSING,Surface tag is recommended to assess accessibility
1055653287,way,surface,MISSING,Surface tag is recommended to assess accessibility
1055653288,way,surface,MISSING,Surface tag is recommended to assess accessibility
1055653289,way,surface,MISSING,Surface tag is recommended to assess accessibility
1055653290,way,surface,MISSING,Surface tag is recommended to assess accessibility
1055653291,way,surface,MISSING,Surface tag is recommended to assess accessibility
1055653292,way,surface,MISSING,Surface tag is recommended to assess accessibility
1055653293,way,surface,MISSING,Surface tag is recommended to assess accessibility
1055653294,way,surface,MISSING,Surface tag is recommended to assess accessibility
1055653295,way,surface,MISSING,Surface tag is recommended to assess accessibility
1055653296,way,surface,MISSING,Surface tag is recommended to assess accessibility
1055653297,way,surface,MISSING,Surface tag is recommended to assess accessibility
1055653298,way,surface,MISSING,Surface tag is recommended to assess accessibility
1055653299,way,surface,MISSING,Surface tag is recommended to assess accessibility
1055666697,way,surface,MISSING,Surface tag is recommended to assess accessibility
1055666698,way,surface,MISSING,Surface tag is recommended to assess accessibility
1055666699,way,surface,MISSING,Surface tag is recommended to assess accessibility
1055724951,way,surface,MISSING,Surface tag is recommended to assess accessibility
1055724968,way,surface,MISSING,Surface tag is recommended to assess accessibility
1055724971,way,surface,MISSING,Surface tag is recommended to assess accessibility
1055724973,way,surface,MISSING,Surface tag is recommended to assess accessibility
1055724974,way,surface,MISSING,Surface tag is recommended to assess accessibility
1055938500,way,surface,MISSING,Surface tag is recommended to assess accessibility
1055938505,way,surface,MISSING,Surface tag is recommended to assess accessibility
1055938506,way,surface,MISSING,Surface tag is recommended to assess accessibility
1055938508,way,surface,MISSING,Surface tag is recommended to assess accessibility
1055938509,way,surface,MISSING,Surface tag is recommended to assess accessibility
1055938511,way,surface,MISSING,Surface tag is recommended to assess accessibility
1055938512,way,surface,MISSING,Surface tag is recommended to assess accessibility
1055938513,way,surface,MISSING,Surface tag is recommended to assess accessibility
1055938514,way,surface,MISSING,Surface tag is recommended to assess accessibility
1055938515,way,surface,MISSING,Surface tag is recommended to assess accessibility
1055938516,way,surface,MISSING,Surface tag is recommended to assess accessibility
1055938517,way,surface,MISSING,Surface tag is recommended to assess accessibility
1055938518,way,surface,MISSING,Surface tag is recommended to assess accessibility
1055938519,way,surface,MISSING,Surface tag is recommended to assess accessibility
1055938520,way,surface,MISSING,Surface tag is recommended to assess accessibility
1055938521,way,surface,MISSING,Surface tag is recommended to assess accessibility
1055938522,way,surface,MISSING,Surface tag is recommended to assess accessibility
1055938523,way,surface,MISSING,Surface tag is recommended to assess accessibility
1055938524,way,surface,MISSING,Surface tag is recommended to assess accessibility
1055938525,way,surface,MISSING,Surface tag is recommended to assess accessibility
1055938526,way,surface,MISSING,Surface tag is recommended to assess accessibility
1055938527,way,surface,MISSING,Surface tag is recommended to assess accessibility
1055938528,way,surface,MISSING,Surface tag is recommended to assess accessibility
1055938529,way,surface,MISSING,Surface tag is recommended to assess accessibility
1055938530,way,surface,MISSING,Surface tag is recommended to assess accessibility
1055938531,way,surface,MISSING,Surface tag is recommended to assess accessibility
1055938532,way,surface,MISSING,Surface tag is recommended to assess accessibility
1055938533,way,surface,MISSING,Surface tag is recommended to assess accessibility
1055938534,way,surface,MISSING,Surface tag is recommended to assess accessibility
1055938535,way,surface,MISSING,Surface tag is recommended to assess accessibility
1055938536,way,surface,MISSING,Surface tag is recommended to assess accessibility
1055938537,way,surface,MISSING,Surface tag is recommended to assess accessibility
1055938538,way,surface,MISSING,Surface tag is recommended to assess accessibility
1055938539,way,surface,MISSING,Surface tag is recommended to assess accessibility
1055938540,way,surface,MISSING,Surface tag is recommended to assess accessibility
1055938541,way,surface,MISSING,Surface tag is recommended to assess accessibility
1055938542,way,surface,MISSING,Surface tag is recommended to assess accessibility
1055938543,way,surface,MISSING,Surface tag is recommended to assess accessibility
1055938544,way,surface,MISSING,Surface tag is recommended to assess accessibility
1055938545,way,surface,MISSING,Surface tag is recommended to assess accessibility
1055938546,way,surface,MISSING,Surface tag is recommended to assess accessibility
1055938547,way,surface,MISSING,Surface tag is recommended to assess accessibility
1055938548,way,surface,MISSING,Surface tag is recommended to assess accessibility
1055938549,way,surface,MISSING,Surface tag is recommended to assess accessibility
1055938586,way,surface,MISSING,Surface tag is recommended to assess accessibility
1055938589,way,surface,MISSING,Surface tag is recommended to assess accessibility
1055938592,way,surface,MISSING,Surface tag is recommended to assess accessibility
1055972402,way,surface,MISSING,Surface tag is recommended to assess accessibility
1055972408,way,surface,MISSING,Surface tag is recommended to assess accessibility
1055972409,way,surface,MISSING,Surface tag is recommended to assess accessibility
1055972418,way,surface,MISSING,Surface tag is recommended to assess accessibility
1055972419,way,surface,MISSING,Surface tag is recommended to assess accessibility
1055972420,way,surface,MISSING,Surface tag is recommended to assess accessibility
1055972421,way,surface,MISSING,Surface tag is recommended to assess accessibility
1055972423,way,surface,MISSING,Surface tag is recommended to assess accessibility
1055972424,way,surface,MISSING,Surface tag is recommended to assess accessibility
1056393465,way,surface,MISSING,Surface tag is recommended to assess accessibility
1057687284,way,surface,MISSING,Surface tag is recommended to assess accessibility
1057687285,way,surface,MISSING,Surface tag is recommended to assess accessibility
1057687287,way,surface,MISSING,Surface tag is recommended to assess accessibility
1057687289,way,surface,MISSING,Surface tag is recommended to assess accessibility
1057687290,way,surface,MISSING,Surface tag is recommended to assess accessibility
1059590045,way,surface,MISSING,Surface tag is recommended to assess accessibility
1059591175,way,surface,MISSING,Surface tag is recommended to assess accessibility
1059852994,way,surface,MISSING,Surface tag is recommended to assess accessibility
1059956414,way,surface,MISSING,Surface tag is recommended to assess accessibility
1059956422,way,surface,MISSING,Surface tag is recommended to assess accessibility
1059956424,way,surface,MISSING,Surface tag is recommended to assess accessibility
1059956425,way,surface,MISSING,Surface tag is recommended to assess accessibility
1061075701,way,surface,MISSING,Surface tag is recommended to assess accessibility
1061075703,way,surface,MISSING,Surface tag is recommended to assess accessibility
1061075704,way,surface,MISSING,Surface tag is recommended to assess accessibility
1061532582,way,surface,MISSING,Surface tag is recommended to assess accessibility
1061532583,way,surface,MISSING,Surface tag is recommended to assess accessibility
1061532585,way,surface,MISSING,Surface tag is recommended to assess accessibility
1061532588,way,surface,MISSING,Surface tag is recommended to assess accessibility
1061532589,way,surface,MISSING,Surface tag is recommended to assess accessibility
1062149898,way,surface,MISSING,Surface tag is recommended to assess accessibility
1062182987,way,surface,MISSING,Surface tag is recommended to assess accessibility
1062182989,way,surface,MISSING,Surface tag is recommended to assess accessibility
1062182992,way,surface,MISSING,Surface tag is recommended to assess accessibility
1062379672,way,surface,MISSING,Surface tag is recommended to assess accessibility
1062379673,way,surface,MISSING,Surface tag is recommended to assess accessibility
1062379674,way,surface,MISSING,Surface tag is recommended to assess accessibility
1062379675,way,surface,MISSING,Surface tag is recommended to assess accessibility
1062833063,way,surface,MISSING,Surface tag is recommended to assess accessibility
1062833065,way,surface,MISSING,Surface tag is recommended to assess accessibility
1063692236,way,surface,MISSING,Surface tag is recommended to assess accessibility
1063798589,way,surface,MISSING,Surface tag is recommended to assess accessibility
1063938810,way,surface,MISSING,Surface tag is recommended to assess accessibility
1063992285,way,surface,MISSING,Surface tag is recommended to assess accessibility
1065489045,way,surface,MISSING,Surface tag is recommended to assess accessibility
1065532408,way,surface,MISSING,Surface tag is recommended to assess accessibility
1065949769,way,surface,MISSING,Surface tag is recommended to assess accessibility
1066536935,way,surface,MISSING,Surface tag is recommended to assess accessibility
1066536937,way,surface,MISSING,Surface tag is recommended to assess accessibility
1066536950,way,surface,MISSING,Surface tag is recommended to assess accessibility
1066536957,way,surface,MISSING,Surface tag is recommended to assess accessibility
1067254041,way,surface,MISSING,Surface tag is recommended to assess accessibility
1067561674,way,surface,MISSING,Surface tag is recommended to assess accessibility
1068166653,way,surface,MISSING,Surface tag is recommended to assess accessibility
1068166655,way,surface,MISSING,Surface tag is recommended to assess accessibility
1068166656,way,surface,MISSING,Surface tag is recommended to assess accessibility
1068166657,way,surface,MISSING,Surface tag is recommended to assess accessibility
1068166658,way,surface,MISSING,Surface tag is recommended to assess accessibility
1068166668,way,surface,MISSING,Surface tag is recommended to assess accessibility
1068166669,way,surface,MISSING,Surface tag is recommended to assess accessibility
1068166670,way,surface,MISSING,Surface tag is recommended to assess accessibility
1068252800,way,surface,MISSING,Surface tag is recommended to assess accessibility
1068252802,way,surface,MISSING,Surface tag is recommended to assess accessibility
1068252814,way,surface,MISSING,Surface tag is recommended to assess accessibility
1068253091,way,surface,MISSING,Surface tag is recommended to assess accessibility
1068254826,way,surface,MISSING,Surface tag is recommended to assess accessibility
1068423530,way,surface,MISSING,Surface tag is recommended to assess accessibility
1068537601,way,surface,MISSING,Surface tag is recommended to assess accessibility
1069420531,way,surface,MISSING,Surface tag is recommended to assess accessibility
1069420532,way,surface,MISSING,Surface tag is recommended to assess accessibility
1069420534,way,surface,MISSING,Surface tag is recommended to assess accessibility
1069420535,way,surface,MISSING,Surface tag is recommended to assess accessibility
1069813457,way,surface,MISSING,Surface tag is recommended to assess accessibility
1069921844,way,surface,MISSING,Surface tag is recommended to assess accessibility
1069928506,way,surface,MISSING,Surface tag is recommended to assess accessibility
1070309433,way,surface,MISSING,Surface tag is recommended to assess accessibility
1070562794,way,surface,MISSING,Surface tag is recommended to assess accessibility
1071514170,way,surface,MISSING,Surface tag is recommended to assess accessibility
1071620962,way,surface,MISSING,Surface tag is recommended to assess accessibility
1071630926,way,surface,MISSING,Surface tag is recommended to assess accessibility
1072241946,way,surface,MISSING,Surface tag is recommended to assess accessibility
1072241947,way,surface,MISSING,Surface tag is recommended to assess accessibility
1072241948,way,surface,MISSING,Surface tag is recommended to assess accessibility
1072288531,way,surface,MISSING,Surface tag is recommended to assess accessibility
1073887342,way,surface,MISSING,Surface tag is recommended to assess accessibility
1074531331,way,surface,MISSING,Surface tag is recommended to assess accessibility
1074793330,way,surface,MISSING,Surface tag is recommended to assess accessibility
1075087051,way,surface,MISSING,Surface tag is recommended to assess accessibility
1075729093,way,surface,MISSING,Surface tag is recommended to assess accessibility
1075762519,way,surface,MISSING,Surface tag is recommended to assess accessibility
1075762520,way,surface,MISSING,Surface tag is recommended to assess accessibility
1075796112,way,surface,MISSING,Surface tag is recommended to assess accessibility
1075985294,way,surface,MISSING,Surface tag is recommended to assess accessibility
1075987393,way,surface,MISSING,Surface tag is recommended to assess accessibility
1076004488,way,surface,MISSING,Surface tag is recommended to assess accessibility
1076296959,way,surface,MISSING,Surface tag is recommended to assess accessibility
1076296960,way,surface,MISSING,Surface tag is recommended to assess accessibility
1076296962,way,surface,MISSING,Surface tag is recommended to assess accessibility
1076296963,way,surface,MISSING,Surface tag is recommended to assess accessibility
1076296967,way,surface,MISSING,Surface tag is recommended to assess accessibility
1076296968,way,surface,MISSING,Surface tag is recommended to assess accessibility
1076296969,way,surface,MISSING,Surface tag is recommended to assess accessibility
1076296970,way,surface,MISSING,Surface tag is recommended to assess accessibility
1077236153,way,surface,MISSING,Surface tag is recommended to assess accessibility
1077441684,way,surface,MISSING,Surface tag is recommended to assess accessibility
1077441685,way,surface,MISSING,Surface tag is recommended to assess accessibility
1077983568,way,surface,MISSING,Surface tag is recommended to assess accessibility
1077986262,way,surface,MISSING,Surface tag is recommended to assess accessibility
1078028010,way,surface,MISSING,Surface tag is recommended to assess accessibility
1078524155,way,surface,MISSING,Surface tag is recommended to assess accessibility
1078524156,way,surface,MISSING,Surface tag is recommended to assess accessibility
1078524160,way,surface,MISSING,Surface tag is recommended to assess accessibility
1078524161,way,surface,MISSING,Surface tag is recommended to assess accessibility
1078524162,way,surface,MISSING,Surface tag is recommended to assess accessibility
1078524163,way,surface,MISSING,Surface tag is recommended to assess accessibility
1078593848,way,surface,MISSING,Surface tag is recommended to assess accessibility
1078761220,way,surface,MISSING,Surface tag is recommended to assess accessibility
1079508068,way,surface,MISSING,Surface tag is recommended to assess accessibility
1080227464,way,surface,MISSING,Surface tag is recommended to assess accessibility
1080288277,way,surface,MISSING,Surface tag is recommended to assess accessibility
1086257691,way,surface,MISSING,Surface tag is recommended to assess accessibility
1086376061,way,surface,MISSING,Surface tag is recommended to assess accessibility
1086376062,way,surface,MISSING,Surface tag is recommended to assess accessibility
1086376063,way,surface,MISSING,Surface tag is recommended to assess accessibility
1086376064,way,surface,MISSING,Surface tag is recommended to assess accessibility
1086376065,way,surface,MISSING,Surface tag is recommended to assess accessibility
1086376066,way,surface,MISSING,Surface tag is recommended to assess accessibility
1086376067,way,surface,MISSING,Surface tag is recommended to assess accessibility
1086376068,way,surface,MISSING,Surface tag is recommended to assess accessibility
1086376070,way,surface,MISSING,Surface tag is recommended to assess accessibility
1086377785,way,surface,MISSING,Surface tag is recommended to assess accessibility
1086377786,way,surface,MISSING,Surface tag is recommended to assess accessibility
1086396194,way,surface,MISSING,Surface tag is recommended to assess accessibility
1086396195,way,surface,MISSING,Surface tag is recommended to assess accessibility
1086822658,way,surface,MISSING,Surface tag is recommended to assess accessibility
1086822659,way,surface,MISSING,Surface tag is recommended to assess accessibility
1086842216,way,surface,MISSING,Surface tag is recommended to assess accessibility
1086843368,way,surface,MISSING,Surface tag is recommended to assess accessibility
1086848868,way,surface,MISSING,Surface tag is recommended to assess accessibility
1086848869,way,surface,MISSING,Surface tag is recommended to assess accessibility
1086848870,way,surface,MISSING,Surface tag is recommended to assess accessibility
1086848883,way,surface,MISSING,Surface tag is recommended to assess accessibility
1086848888,way,surface,MISSING,Surface tag is recommended to assess accessibility
1086848889,way,surface,MISSING,Surface tag is recommended to assess accessibility
1086848890,way,surface,MISSING,Surface tag is recommended to assess accessibility
1087278627,way,surface,MISSING,Surface tag is recommended to assess accessibility
1087335177,way,surface,MISSING,Surface tag is recommended to assess accessibility
1087335178,way,surface,MISSING,Surface tag is recommended to assess accessibility
1087335179,way,surface,MISSING,Surface tag is recommended to assess accessibility
1087335180,way,surface,MISSING,Surface tag is recommended to assess accessibility
1087335181,way,surface,MISSING,Surface tag is recommended to assess accessibility
1087335182,way,surface,MISSING,Surface tag is recommended to assess accessibility
1087335195,way,surface,MISSING,Surface tag is recommended to assess accessibility
1087335198,way,surface,MISSING,Surface tag is recommended to assess accessibility
1087350555,way,surface,MISSING,Surface tag is recommended to assess accessibility
1087350579,way,surface,MISSING,Surface tag is recommended to assess accessibility
1087691450,way,surface,MISSING,Surface tag is recommended to assess accessibility
1087691451,way,surface,MISSING,Surface tag is recommended to assess accessibility
1087854832,way,surface,MISSING,Surface tag is recommended to assess accessibility
1087854838,way,surface,MISSING,Surface tag is recommended to assess accessibility
1088128269,way,surface,MISSING,Surface tag is recommended to assess accessibility
1088128270,way,surface,MISSING,Surface tag is recommended to assess accessibility
1088128271,way,surface,MISSING,Surface tag is recommended to assess accessibility
1088388530,way,surface,MISSING,Surface tag is recommended to assess accessibility
1088388531,way,surface,MISSING,Surface tag is recommended to assess accessibility
1088388532,way,surface,MISSING,Surface tag is recommended to assess accessibility
1088481607,way,surface,MISSING,Surface tag is recommended to assess accessibility
1088814907,way,surface,MISSING,Surface tag is recommended to assess accessibility
1088814908,way,surface,MISSING,Surface tag is recommended to assess accessibility
1089685993,way,surface,MISSING,Surface tag is recommended to assess accessibility
1089812986,way,surface,MISSING,Surface tag is recommended to assess accessibility
1089812988,way,surface,MISSING,Surface tag is recommended to assess accessibility
1089846714,way,surface,MISSING,Surface tag is recommended to assess accessibility
1090237362,way,surface,MISSING,Surface tag is recommended to assess accessibility
1091228611,way,surface,MISSING,Surface tag is recommended to assess accessibility
1091231049,way,surface,MISSING,Surface tag is recommended to assess accessibility
1091231050,way,surface,MISSING,Surface tag is recommended to assess accessibility
1092350987,way,surface,MISSING,Surface tag is recommended to assess accessibility
1092572708,way,surface,MISSING,Surface tag is recommended to assess accessibility
1092572709,way,surface,MISSING,Surface tag is recommended to assess accessibility
1092572710,way,surface,MISSING,Surface tag is recommended to assess accessibility
1092572711,way,surface,MISSING,Surface tag is recommended to assess accessibility
1092573605,way,surface,MISSING,Surface tag is recommended to assess accessibility
1092573606,way,surface,MISSING,Surface tag is recommended to assess accessibility
1092575004,way,surface,MISSING,Surface tag is recommended to assess accessibility
1092581140,way,surface,MISSING,Surface tag is recommended to assess accessibility
1092581141,way,surface,MISSING,Surface tag is recommended to assess accessibility
1094089302,way,surface,MISSING,Surface tag is recommended to assess accessibility
1094092225,way,surface,MISSING,Surface tag is recommended to assess accessibility
1095140791,way,surface,MISSING,Surface tag is recommended to assess accessibility
1099346756,way,surface,MISSING,Surface tag is recommended to assess accessibility
1100855007,way,surface,MISSING,Surface tag is recommended to assess accessibility
1102608477,way,surface,MISSING,Surface tag is recommended to assess accessibility
1102862574,way,surface,MISSING,Surface tag is recommended to assess accessibility
1102870717,way,surface,MISSING,Surface tag is recommended to assess accessibility
1102933436,way,surface,MISSING,Surface tag is recommended to assess accessibility
1102933437,way,surface,MISSING,Surface tag is recommended to assess accessibility
1102933438,way,surface,MISSING,Surface tag is recommended to assess accessibility
1102933439,way,surface,MISSING,Surface tag is recommended to assess accessibility
1102933440,way,surface,MISSING,Surface tag is recommended to assess accessibility
1102933441,way,surface,MISSING,Surface tag is recommended to assess accessibility
1103121604,way,surface,MISSING,Surface tag is recommended to assess accessibility
1103171681,way,surface,MISSING,Surface tag is recommended to assess accessibility
1103182797,way,surface,MISSING,Surface tag is recommended to assess accessibility
1104355452,way,surface,MISSING,Surface tag is recommended to assess accessibility
1104891555,way,surface,MISSING,Surface tag is recommended to assess accessibility
1105168883,way,surface,MISSING,Surface tag is recommended to assess accessibility
1105168884,way,surface,MISSING,Surface tag is recommended to assess accessibility
1105168885,way,surface,MISSING,Surface tag is recommended to assess accessibility
1105168886,way,surface,MISSING,Surface tag is recommended to assess accessibility
1105168887,way,surface,MISSING,Surface tag is recommended to assess accessibility
1105168888,way,surface,MISSING,Surface tag is recommended to assess accessibility
1105175044,way,surface,MISSING,Surface tag is recommended to assess accessibility
1105175045,way,surface,MISSING,Surface tag is recommended to assess accessibility
1105530290,way,surface,MISSING,Surface tag is recommended to assess accessibility
1105553943,way,surface,MISSING,Surface tag is recommended to assess accessibility
1105553944,way,surface,MISSING,Surface tag is recommended to assess accessibility
1105553945,way,surface,MISSING,Surface tag is recommended to assess accessibility
1105553946,way,surface,MISSING,Surface tag is recommended to assess accessibility
1105553947,way,surface,MISSING,Surface tag is recommended to assess accessibility
1105553948,way,surface,MISSING,Surface tag is recommended to assess accessibility
1105553949,way,surface,MISSING,Surface tag is recommended to assess accessibility
1106530680,way,surface,MISSING,Surface tag is recommended to assess accessibility
1107367054,way,surface,MISSING,Surface tag is recommended to assess accessibility
1107377673,way,surface,MISSING,Surface tag is recommended to assess accessibility
1107705587,way,surface,MISSING,Surface tag is recommended to assess accessibility
1109232513,way,surface,MISSING,Surface tag is recommended to assess accessibility
1110016476,way,surface,MISSING,Surface tag is recommended to assess accessibility
1110016477,way,surface,MISSING,Surface tag is recommended to assess accessibility
1110028653,way,surface,MISSING,Surface tag is recommended to assess accessibility
1110334153,way,surface,MISSING,Surface tag is recommended to assess accessibility
1110797844,way,surface,MISSING,Surface tag is recommended to assess accessibility
1110797847,way,surface,MISSING,Surface tag is recommended to assess accessibility
1110840722,way,surface,MISSING,Surface tag is recommended to assess accessibility
1111740846,way,surface,MISSING,Surface tag is recommended to assess accessibility
1111812838,way,surface,MISSING,Surface tag is recommended to assess accessibility
1111815814,way,surface,MISSING,Surface tag is recommended to assess accessibility
1112044327,way,surface,MISSING,Surface tag is recommended to assess accessibility
1112063998,way,surface,MISSING,Surface tag is recommended to assess accessibility
1112063999,way,surface,MISSING,Surface tag is recommended to assess accessibility
1112064000,way,surface,MISSING,Surface tag is recommended to assess accessibility
1112064001,way,surface,MISSING,Surface tag is recommended to assess accessibility
1112064002,way,surface,MISSING,Surface tag is recommended to assess accessibility
1112064003,way,surface,MISSING,Surface tag is recommended to assess accessibility
1112064004,way,surface,MISSING,Surface tag is recommended to assess accessibility
1112064005,way,surface,MISSING,Surface tag is recommended to assess accessibility
1112064006,way,surface,MISSING,Surface tag is recommended to assess accessibility
1112064014,way,surface,MISSING,Surface tag is recommended to assess accessibility
1112082073,way,surface,MISSING,Surface tag is recommended to assess accessibility
1112986538,way,surface,MISSING,Surface tag is recommended to assess accessibility
1113007236,way,surface,MISSING,Surface tag is recommended to assess accessibility
1113075500,way,surface,MISSING,Surface tag is recommended to assess accessibility
1113075501,way,surface,MISSING,Surface tag is recommended to assess accessibility
1113075502,way,surface,MISSING,Surface tag is recommended to assess accessibility
1113075527,way,surface,MISSING,Surface tag is recommended to assess accessibility
1113075528,way,surface,MISSING,Surface tag is recommended to assess accessibility
1113075529,way,surface,MISSING,Surface tag is recommended to assess accessibility
1113075552,way,surface,MISSING,Surface tag is recommended to assess accessibility
1113075556,way,surface,MISSING,Surface tag is recommended to assess accessibility
1116240169,way,surface,MISSING,Surface tag is recommended to assess accessibility
1117196874,way,surface,MISSING,Surface tag is recommended to assess accessibility
1117196883,way,surface,MISSING,Surface tag is recommended to assess accessibility
1117337837,way,surface,MISSING,Surface tag is recommended to assess accessibility
1117337838,way,surface,MISSING,Surface tag is recommended to assess accessibility
1117337839,way,surface,MISSING,Surface tag is recommended to assess accessibility
1117579948,way,surface,MISSING,Surface tag is recommended to assess accessibility
1117579949,way,surface,MISSING,Surface tag is recommended to assess accessibility
1117579950,way,surface,MISSING,Surface tag is recommended to assess accessibility
1117579952,way,surface,MISSING,Surface tag is recommended to assess accessibility
1117797330,way,surface,MISSING,Surface tag is recommended to assess accessibility
1118071840,way,surface,MISSING,Surface tag is recommended to assess accessibility
1118082976,way,surface,MISSING,Surface tag is recommended to assess accessibility
1118082978,way,surface,MISSING,Surface tag is recommended to assess accessibility
1118085060,way,surface,MISSING,Surface tag is recommended to assess accessibility
1118085061,way,surface,MISSING,Surface tag is recommended to assess accessibility
1118482486,way,surface,MISSING,Surface tag is recommended to assess accessibility
1118482490,way,surface,MISSING,Surface tag is recommended to assess accessibility
1118885332,way,surface,MISSING,Surface tag is recommended to assess accessibility
1118920287,way,surface,MISSING,Surface tag is recommended to assess accessibility
1119868776,way,surface,MISSING,Surface tag is recommended to assess accessibility
1120410929,way,surface,MISSING,Surface tag is recommended to assess accessibility
1120410930,way,surface,MISSING,Surface tag is recommended to assess accessibility
1120410931,way,surface,MISSING,Surface tag is recommended to assess accessibility
1120410932,way,surface,MISSING,Surface tag is recommended to assess accessibility
1120627712,way,surface,MISSING,Surface tag is recommended to assess accessibility
1120627713,way,surface,MISSING,Surface tag is recommended to assess accessibility
1120627714,way,surface,MISSING,Surface tag is recommended to assess accessibility
1120627715,way,surface,MISSING,Surface tag is recommended to assess accessibility
1120627716,way,surface,MISSING,Surface tag is recommended to assess accessibility
1120627719,way,surface,MISSING,Surface tag is recommended to assess accessibility
1121216577,way,surface,MISSING,Surface tag is recommended to assess accessibility
1121250912,way,surface,MISSING,Surface tag is recommended to assess accessibility
1121642152,way,surface,MISSING,Surface tag is recommended to assess accessibility
1122015340,way,surface,MISSING,Surface tag is recommended to assess accessibility
1122292085,way,surface,MISSING,Surface tag is recommended to assess accessibility
1122680368,way,surface,MISSING,Surface tag is recommended to assess accessibility
1124648776,way,surface,MISSING,Surface tag is recommended to assess accessibility
1125038001,way,surface,MISSING,Surface tag is recommended to assess accessibility
1125578269,way,surface,MISSING,Surface tag is recommended to assess accessibility
1125591482,way,surface,MISSING,Surface tag is recommended to assess accessibility
1126002544,way,surface,MISSING,Surface tag is recommended to assess accessibility
1127970877,way,surface,MISSING,Surface tag is recommended to assess accessibility
1127970878,way,surface,MISSING,Surface tag is recommended to assess accessibility
1127970879,way,surface,MISSING,Surface tag is recommended to assess accessibility
1127970880,way,surface,MISSING,Surface tag is recommended to assess accessibility
1127970881,way,surface,MISSING,Surface tag is recommended to assess accessibility
1127970882,way,surface,MISSING,Surface tag is recommended to assess accessibility
1127970883,way,surface,MISSING,Surface tag is recommended to assess accessibility
1127970884,way,surface,MISSING,Surface tag is recommended to assess accessibility
1127970885,way,surface,MISSING,Surface tag is recommended to assess accessibility
1127970886,way,surface,MISSING,Surface tag is recommended to assess accessibility
1127970887,way,surface,MISSING,Surface tag is recommended to assess accessibility
1128092442,way,surface,MISSING,Surface tag is recommended to assess accessibility
1128092444,way,surface,MISSING,Surface tag is recommended to assess accessibility
1128092445,way,surface,MISSING,Surface tag is recommended to assess accessibility
1128092446,way,surface,MISSING,Surface tag is recommended to assess accessibility
1128092447,way,surface,MISSING,Surface tag is recommended to assess accessibility
1128092448,way,surface,MISSING,Surface tag is recommended to assess accessibility
1128092449,way,surface,MISSING,Surface tag is recommended to assess accessibility
1128092450,way,surface,MISSING,Surface tag is recommended to assess accessibility
1128092451,way,surface,MISSING,Surface tag is recommended to assess accessibility
1128092452,way,surface,MISSING,Surface tag is recommended to assess accessibility
1128092453,way,surface,MISSING,Surface tag is recommended to assess accessibility
1128092454,way,surface,MISSING,Surface tag is recommended to assess accessibility
1128092455,way,surface,MISSING,Surface tag is recommended to assess accessibility
1128092456,way,surface,MISSING,Surface tag is recommended to assess accessibility
1128092457,way,surface,MISSING,Surface tag is recommended to assess accessibility
1128092458,way,surface,MISSING,Surface tag is recommended to assess accessibility
1128092459,way,surface,MISSING,Surface tag is recommended to assess accessibility
1128092460,way,surface,MISSING,Surface tag is recommended to assess accessibility
1128092461,way,surface,MISSING,Surface tag is recommended to assess accessibility
1128092462,way,surface,MISSING,Surface tag is recommended to assess accessibility
1128092463,way,surface,MISSING,Surface tag is recommended to assess accessibility
1128092464,way,surface,MISSING,Surface tag is recommended to assess accessibility
1128092465,way,surface,MISSING,Surface tag is recommended to assess accessibility
1128092466,way,surface,MISSING,Surface tag is recommended to assess accessibility
1128092468,way,surface,MISSING,Surface tag is recommended to assess accessibility
1128092469,way,surface,MISSING,Surface tag is recommended to assess accessibility
1128092470,way,surface,MISSING,Surface tag is recommended to assess accessibility
1128092471,way,surface,MISSING,Surface tag is recommended to assess accessibility
1128092472,way,surface,MISSING,Surface tag is recommended to assess accessibility
1128258040,way,surface,MISSING,Surface tag is recommended to assess accessibility
1128258041,way,surface,MISSING,Surface tag is recommended to assess accessibility
1128264292,way,surface,MISSING,Surface tag is recommended to assess accessibility
1128264293,way,surface,MISSING,Surface tag is recommended to assess accessibility
1128264294,way,surface,MISSING,Surface tag is recommended to assess accessibility
1128264295,way,surface,MISSING,Surface tag is recommended to assess accessibility
1128264296,way,surface,MISSING,Surface tag is recommended to assess accessibility
1128264305,way,surface,MISSING,Surface tag is recommended to assess accessibility
1128264306,way,surface,MISSING,Surface tag is recommended to assess accessibility
1128264307,way,surface,MISSING,Surface tag is recommended to assess accessibility
1128401621,way,surface,MISSING,Surface tag is recommended to assess accessibility
1128401622,way,surface,MISSING,Surface tag is recommended to assess accessibility
1128401623,way,surface,MISSING,Surface tag is recommended to assess accessibility
1128401624,way,surface,MISSING,Surface tag is recommended to assess accessibility
1128401625,way,surface,MISSING,Surface tag is recommended to assess accessibility
1128401626,way,surface,MISSING,Surface tag is recommended to assess accessibility
1128401627,way,surface,MISSING,Surface tag is recommended to assess accessibility
1128401628,way,surface,MISSING,Surface tag is recommended to assess accessibility
1128401629,way,surface,MISSING,Surface tag is recommended to assess accessibility
1128401630,way,surface,MISSING,Surface tag is recommended to assess accessibility
1128401632,way,surface,MISSING,Surface tag is recommended to assess accessibility
1128401633,way,surface,MISSING,Surface tag is recommended to assess accessibility
1128401634,way,surface,MISSING,Surface tag is recommended to assess accessibility
1128401635,way,surface,MISSING,Surface tag is recommended to assess accessibility
1128401636,way,surface,MISSING,Surface tag is recommended to assess accessibility
1128401637,way,surface,MISSING,Surface tag is recommended to assess accessibility
1128401638,way,surface,MISSING,Surface tag is recommended to assess accessibility
1128401639,way,surface,MISSING,Surface tag is recommended to assess accessibility
1128401640,way,surface,MISSING,Surface tag is recommended to assess accessibility
1128401641,way,surface,MISSING,Surface tag is recommended to assess accessibility
1128401642,way,surface,MISSING,Surface tag is recommended to assess accessibility
1128401643,way,surface,MISSING,Surface tag is recommended to assess accessibility
1128401644,way,surface,MISSING,Surface tag is recommended to assess accessibility
1128401645,way,surface,MISSING,Surface tag is recommended to assess accessibility
1128401646,way,surface,MISSING,Surface tag is recommended to assess accessibility
1128419301,way,surface,MISSING,Surface tag is recommended to assess accessibility
1128419325,way,surface,MISSING,Surface tag is recommended to assess accessibility
1128419326,way,surface,MISSING,Surface tag is recommended to assess accessibility
1128419329,way,surface,MISSING,Surface tag is recommended to assess accessibility
1129596295,way,surface,MISSING,Surface tag is recommended to assess accessibility
1129596296,way,surface,MISSING,Surface tag is recommended to assess accessibility
1129596297,way,surface,MISSING,Surface tag is recommended to assess accessibility
1129596298,way,surface,MISSING,Surface tag is recommended to assess accessibility
1129596299,way,surface,MISSING,Surface tag is recommended to assess accessibility
1129596300,way,surface,MISSING,Surface tag is recommended to assess accessibility
1129633149,way,surface,MISSING,Surface tag is recommended to assess accessibility
1129633150,way,surface,MISSING,Surface tag is recommended to assess accessibility
1129633151,way,surface,MISSING,Surface tag is recommended to assess accessibility
1129633152,way,surface,MISSING,Surface tag is recommended to assess accessibility
1129633153,way,surface,MISSING,Surface tag is recommended to assess accessibility
1129633161,way,surface,MISSING,Surface tag is recommended to assess accessibility
1129633162,way,surface,MISSING,Surface tag is recommended to assess accessibility
1129633163,way,surface,MISSING,Surface tag is recommended to assess accessibility
1129633164,way,surface,MISSING,Surface tag is recommended to assess accessibility
1129633165,way,surface,MISSING,Surface tag is recommended to assess accessibility
1129633166,way,surface,MISSING,Surface tag is recommended to assess accessibility
1129633167,way,surface,MISSING,Surface tag is recommended to assess accessibility
1129633168,way,surface,MISSING,Surface tag is recommended to assess accessibility
1129633172,way,surface,MISSING,Surface tag is recommended to assess accessibility
1129633173,way,surface,MISSING,Surface tag is recommended to assess accessibility
1129633174,way,surface,MISSING,Surface tag is recommended to assess accessibility
1130734963,way,surface,MISSING,Surface tag is recommended to assess accessibility
1130734964,way,surface,MISSING,Surface tag is recommended to assess accessibility
1130734966,way,surface,MISSING,Surface tag is recommended to assess accessibility
1130855985,way,surface,MISSING,Surface tag is recommended to assess accessibility
1130991352,way,surface,MISSING,Surface tag is recommended to assess accessibility
1130991353,way,surface,MISSING,Surface tag is recommended to assess accessibility
1130996916,way,surface,MISSING,Surface tag is recommended to assess accessibility
1130996917,way,surface,MISSING,Surface tag is recommended to assess accessibility
1130996918,way,surface,MISSING,Surface tag is recommended to assess accessibility
1130996919,way,surface,MISSING,Surface tag is recommended to assess accessibility
1130996920,way,surface,MISSING,Surface tag is recommended to assess accessibility
1130996924,way,surface,MISSING,Surface tag is recommended to assess accessibility
1130996925,way,surface,MISSING,Surface tag is recommended to assess accessibility
1131114767,way,surface,MISSING,Surface tag is recommended to assess accessibility
1131276662,way,surface,MISSING,Surface tag is recommended to assess accessibility
1131276663,way,surface,MISSING,Surface tag is recommended to assess accessibility
1131276664,way,surface,MISSING,Surface tag is recommended to assess accessibility
1131276665,way,surface,MISSING,Surface tag is recommended to assess accessibility
1131276666,way,surface,MISSING,Surface tag is recommended to assess accessibility
1131276667,way,surface,MISSING,Surface tag is recommended to assess accessibility
1131276668,way,surface,MISSING,Surface tag is recommended to assess accessibility
1131276669,way,surface,MISSING,Surface tag is recommended to assess accessibility
1132407869,way,surface,MISSING,Surface tag is recommended to assess accessibility
1132702603,way,surface,MISSING,Surface tag is recommended to assess accessibility
1133251464,way,surface,MISSING,Surface tag is recommended to assess accessibility
1133251465,way,surface,MISSING,Surface tag is recommended to assess accessibility
1133251466,way,surface,MISSING,Surface tag is recommended to assess accessibility
1133251467,way,surface,MISSING,Surface tag is recommended to assess accessibility
1133251468,way,surface,MISSING,Surface tag is recommended to assess accessibility
1133462857,way,surface,MISSING,Surface tag is recommended to assess accessibility
1133828268,way,surface,MISSING,Surface tag is recommended to assess accessibility
1133830653,way,surface,MISSING,Surface tag is recommended to assess accessibility
1134527677,way,surface,MISSING,Surface tag is recommended to assess accessibility
1135115404,way,surface,MISSING,Surface tag is recommended to assess accessibility
1135380264,way,surface,MISSING,Surface tag is recommended to assess accessibility
1135899166,way,surface,MISSING,Surface tag is recommended to assess accessibility
1136458445,way,surface,MISSING,Surface tag is recommended to assess accessibility
1137607946,way,surface,MISSING,Surface tag is recommended to assess accessibility
1137607947,way,surface,MISSING,Surface tag is recommended to assess accessibility
1137607948,way,surface,MISSING,Surface tag is recommended to assess accessibility
1137607949,way,surface,MISSING,Surface tag is recommended to assess accessibility
1137607956,way,surface,MISSING,Surface tag is recommended to assess accessibility
1137607957,way,surface,MISSING,Surface tag is recommended to assess accessibility
1137607958,way,surface,MISSING,Surface tag is recommended to assess accessibility
1137607959,way,surface,MISSING,Surface tag is recommended to assess accessibility
1137607960,way,surface,MISSING,Surface tag is recommended to assess accessibility
1137607961,way,surface,MISSING,Surface tag is recommended to assess accessibility
1138023804,way,surface,MISSING,Surface tag is recommended to assess accessibility
1138023806,way,surface,MISSING,Surface tag is recommended to assess accessibility
1138023807,way,surface,MISSING,Surface tag is recommended to assess accessibility
1138023809,way,surface,MISSING,Surface tag is recommended to assess accessibility
1138023810,way,surface,MISSING,Surface tag is recommended to assess accessibility
1138023812,way,surface,MISSING,Surface tag is recommended to assess accessibility
1138291390,way,surface,MISSING,Surface tag is recommended to assess accessibility
1138293373,way,surface,MISSING,Surface tag is recommended to assess accessibility
1138840736,way,surface,MISSING,Surface tag is recommended to assess accessibility
1138840737,way,surface,MISSING,Surface tag is recommended to assess accessibility
1138840738,way,surface,MISSING,Surface tag is recommended to assess accessibility
1138840739,way,surface,MISSING,Surface tag is recommended to assess accessibility
1138840740,way,surface,MISSING,Surface tag is recommended to assess accessibility
1138840741,way,surface,MISSING,Surface tag is recommended to assess accessibility
1138840742,way,surface,MISSING,Surface tag is recommended to assess accessibility
1138840743,way,surface,MISSING,Surface tag is recommended to assess accessibility
1138840744,way,surface,MISSING,Surface tag is recommended to assess accessibility
1138840754,way,surface,MISSING,Surface tag is recommended to assess accessibility
1138840755,way,surface,MISSING,Surface tag is recommended to assess accessibility
1138840756,way,surface,MISSING,Surface tag is recommended to assess accessibility
1141445834,way,surface,MISSING,Surface tag is recommended to assess accessibility
1141445850,way,surface,MISSING,Surface tag is recommended to assess accessibility
1141445893,way,surface,MISSING,Surface tag is recommended to assess accessibility
1141445897,way,surface,MISSING,Surface tag is recommended to assess accessibility
1141445914,way,surface,MISSING,Surface tag is recommended to assess accessibility
1142405206,way,surface,MISSING,Surface tag is recommended to assess accessibility
1142406960,way,surface,MISSING,Surface tag is recommended to assess accessibility
1144386678,way,surface,MISSING,Surface tag is recommended to assess accessibility
1144870812,way,surface,MISSING,Surface tag is recommended to assess accessibility
1144870813,way,surface,MISSING,Surface tag is recommended to assess accessibility
1144870815,way,surface,MISSING,Surface tag is recommended to assess accessibility
1144870816,way,surface,MISSING,Surface tag is recommended to assess accessibility
1145164982,way,surface,MISSING,Surface tag is recommended to assess accessibility
1145591446,way,surface,MISSING,Surface tag is recommended to assess accessibility
1146036979,way,surface,MISSING,Surface tag is recommended to assess accessibility
1146036980,way,surface,MISSING,Surface tag is recommended to assess accessibility
1146410869,way,surface,MISSING,Surface tag is recommended to assess accessibility
1146925946,way,surface,MISSING,Surface tag is recommended to assess accessibility
1147654658,way,surface,MISSING,Surface tag is recommended to assess accessibility
1147660108,way,surface,MISSING,Surface tag is recommended to assess accessibility
1148266950,way,surface,MISSING,Surface tag is recommended to assess accessibility
1148440745,way,surface,MISSING,Surface tag is recommended to assess accessibility
1148451564,way,surface,MISSING,Surface tag is recommended to assess accessibility
1148451565,way,surface,MISSING,Surface tag is recommended to assess accessibility
1150005917,way,surface,MISSING,Surface tag is recommended to assess accessibility
1150363527,way,surface,MISSING,Surface tag is recommended to assess accessibility
1150363528,way,surface,MISSING,Surface tag is recommended to assess accessibility
1150363529,way,surface,MISSING,Surface tag is recommended to assess accessibility
1150363530,way,surface,MISSING,Surface tag is recommended to assess accessibility
1150363531,way,surface,MISSING,Surface tag is recommended to assess accessibility
1150364708,way,surface,MISSING,Surface tag is recommended to assess accessibility
1151071557,way,surface,MISSING,Surface tag is recommended to assess accessibility
1151071586,way,surface,MISSING,Surface tag is recommended to assess accessibility
1153041156,way,surface,MISSING,Surface tag is recommended to assess accessibility
1153041158,way,surface,MISSING,Surface tag is recommended to assess accessibility
1153041159,way,surface,MISSING,Surface tag is recommended to assess accessibility
1153041160,way,surface,MISSING,Surface tag is recommended to assess accessibility
1153041161,way,surface,MISSING,Surface tag is recommended to assess accessibility
1153041165,way,surface,MISSING,Surface tag is recommended to assess accessibility
1153041167,way,surface,MISSING,Surface tag is recommended to assess accessibility
1153041168,way,surface,MISSING,Surface tag is recommended to assess accessibility
1153041169,way,surface,MISSING,Surface tag is recommended to assess accessibility
1153041172,way,surface,MISSING,Surface tag is recommended to assess accessibility
1154500883,way,surface,MISSING,Surface tag is recommended to assess accessibility
1156555191,way,surface,MISSING,Surface tag is recommended to assess accessibility
1157961977,way,surface,MISSING,Surface tag is recommended to assess accessibility
1157962164,way,surface,MISSING,Surface tag is recommended to assess accessibility
1157962179,way,surface,MISSING,Surface tag is recommended to assess accessibility
1158391818,way,surface,MISSING,Surface tag is recommended to assess accessibility
1158421166,way,surface,MISSING,Surface tag is recommended to assess accessibility
1158421168,way,surface,MISSING,Surface tag is recommended to assess accessibility
1158421171,way,surface,MISSING,Surface tag is recommended to assess accessibility
1158421180,way,surface,MISSING,Surface tag is recommended to assess accessibility
1158421183,way,surface,MISSING,Surface tag is recommended to assess accessibility
1158461889,way,surface,MISSING,Surface tag is recommended to assess accessibility
1158548032,way,surface,MISSING,Surface tag is recommended to assess accessibility
1159641418,way,surface,MISSING,Surface tag is recommended to assess accessibility
1160232851,way,surface,MISSING,Surface tag is recommended to assess accessibility
1160232852,way,surface,MISSING,Surface tag is recommended to assess accessibility
1161201896,way,surface,MISSING,Surface tag is recommended to assess accessibility
1161201897,way,surface,MISSING,Surface tag is recommended to assess accessibility
1161338697,way,surface,MISSING,Surface tag is recommended to assess accessibility
1161338718,way,surface,MISSING,Surface tag is recommended to assess accessibility
1161338720,way,surface,MISSING,Surface tag is recommended to assess accessibility
1161392677,way,surface,MISSING,Surface tag is recommended to assess accessibility
1161392678,way,surface,MISSING,Surface tag is recommended to assess accessibility
1161606341,way,surface,MISSING,Surface tag is recommended to assess accessibility
1161718735,way,surface,MISSING,Surface tag is recommended to assess accessibility
1161718736,way,surface,MISSING,Surface tag is recommended to assess accessibility
1161740274,way,surface,MISSING,Surface tag is recommended to assess accessibility
1162006790,way,surface,MISSING,Surface tag is recommended to assess accessibility
1162006795,way,surface,MISSING,Surface tag is recommended to assess accessibility
1162006885,way,surface,MISSING,Surface tag is recommended to assess accessibility
1162024654,way,surface,MISSING,Surface tag is recommended to assess accessibility
1162024655,way,surface,MISSING,Surface tag is recommended to assess accessibility
1162024671,way,surface,MISSING,Surface tag is recommended to assess accessibility
1162518290,way,surface,MISSING,Surface tag is recommended to assess accessibility
1162518293,way,surface,MISSING,Surface tag is recommended to assess accessibility
1162518294,way,surface,MISSING,Surface tag is recommended to assess accessibility
1162518325,way,surface,MISSING,Surface tag is recommended to assess accessibility
1162518326,way,surface,MISSING,Surface tag is recommended to assess accessibility
1162518327,way,surface,MISSING,Surface tag is recommended to assess accessibility
1162518328,way,surface,MISSING,Surface tag is recommended to assess accessibility
1162518329,way,surface,MISSING,Surface tag is recommended to assess accessibility
1162518330,way,surface,MISSING,Surface tag is recommended to assess accessibility
1162518331,way,surface,MISSING,Surface tag is recommended to assess accessibility
1162532931,way,surface,MISSING,Surface tag is recommended to assess accessibility
1162532932,way,surface,MISSING,Surface tag is recommended to assess accessibility
1162532933,way,surface,MISSING,Surface tag is recommended to assess accessibility
1162532934,way,surface,MISSING,Surface tag is recommended to assess accessibility
1165082164,way,surface,MISSING,Surface tag is recommended to assess accessibility
1165419653,way,surface,MISSING,Surface tag is recommended to assess accessibility
1165419678,way,surface,MISSING,Surface tag is recommended to assess accessibility
1165419683,way,surface,MISSING,Surface tag is recommended to assess accessibility
1165422936,way,surface,MISSING,Surface tag is recommended to assess accessibility
1165422937,way,surface,MISSING,Surface tag is recommended to assess accessibility
1166152629,way,surface,MISSING,Surface tag is recommended to assess accessibility
1166152630,way,surface,MISSING,Surface tag is recommended to assess accessibility
1166152638,way,surface,MISSING,Surface tag is recommended to assess accessibility
1166152658,way,surface,MISSING,Surface tag is recommended to assess accessibility
1166152667,way,surface,MISSING,Surface tag is recommended to assess accessibility
1166185605,way,surface,MISSING,Surface tag is recommended to assess accessibility
1166185606,way,surface,MISSING,Surface tag is recommended to assess accessibility
1167144309,way,surface,MISSING,Surface tag is recommended to assess accessibility
1167144310,way,surface,MISSING,Surface tag is recommended to assess accessibility
1167144311,way,surface,MISSING,Surface tag is recommended to assess accessibility
1167144312,way,surface,MISSING,Surface tag is recommended to assess accessibility
1167144315,way,surface,MISSING,Surface tag is recommended to assess accessibility
1167144325,way,surface,MISSING,Surface tag is recommended to assess accessibility
1167144333,way,surface,MISSING,Surface tag is recommended to assess accessibility
1170057794,way,surface,MISSING,Surface tag is recommended to assess accessibility
1170057795,way,surface,MISSING,Surface tag is recommended to assess accessibility
1170057796,way,surface,MISSING,Surface tag is recommended to assess accessibility
1170524223,way,surface,MISSING,Surface tag is recommended to assess accessibility
1171682927,way,surface,MISSING,Surface tag is recommended to assess accessibility
1171682928,way,surface,MISSING,Surface tag is recommended to assess accessibility
1171682930,way,surface,MISSING,Surface tag is recommended to assess accessibility
1171682931,way,surface,MISSING,Surface tag is recommended to assess accessibility
1171682934,way,surface,MISSING,Surface tag is recommended to assess accessibility
1171682935,way,surface,MISSING,Surface tag is recommended to assess accessibility
1171682936,way,surface,MISSING,Surface tag is recommended to assess accessibility
1171682947,way,surface,MISSING,Surface tag is recommended to assess accessibility
1171682948,way,surface,MISSING,Surface tag is recommended to assess accessibility
1171682951,way,surface,MISSING,Surface tag is recommended to assess accessibility
1171762230,way,surface,MISSING,Surface tag is recommended to assess accessibility
1171762231,way,surface,MISSING,Surface tag is recommended to assess accessibility
1172113470,way,surface,MISSING,Surface tag is recommended to assess accessibility
1172113471,way,surface,MISSING,Surface tag is recommended to assess accessibility
1172113472,way,surface,MISSING,Surface tag is recommended to assess accessibility
1172349772,way,surface,MISSING,Surface tag is recommended to assess accessibility
1173392441,way,surface,MISSING,Surface tag is recommended to assess accessibility
1173392443,way,surface,MISSING,Surface tag is recommended to assess accessibility
1173394867,way,surface,MISSING,Surface tag is recommended to assess accessibility
1173510211,way,surface,MISSING,Surface tag is recommended to assess accessibility
1173971557,way,surface,MISSING,Surface tag is recommended to assess accessibility
1173971561,way,surface,MISSING,Surface tag is recommended to assess accessibility
1173971567,way,surface,MISSING,Surface tag is recommended to assess accessibility
1173971568,way,surface,MISSING,Surface tag is recommended to assess accessibility
1173971569,way,surface,MISSING,Surface tag is recommended to assess accessibility
1173971571,way,surface,MISSING,Surface tag is recommended to assess accessibility
1173971572,way,surface,MISSING,Surface tag is recommended to assess accessibility
1174001138,way,surface,MISSING,Surface tag is recommended to assess accessibility
1174005559,way,surface,MISSING,Surface tag is recommended to assess accessibility
1174297219,way,surface,MISSING,Surface tag is recommended to assess accessibility
1174301328,way,surface,MISSING,Surface tag is recommended to assess accessibility
1175114893,way,surface,MISSING,Surface tag is recommended to assess accessibility
1175114894,way,surface,MISSING,Surface tag is recommended to assess accessibility
1175114895,way,surface,MISSING,Surface tag is recommended to assess accessibility
1175114896,way,surface,MISSING,Surface tag is recommended to assess accessibility
1175114897,way,surface,MISSING,Surface tag is recommended to assess accessibility
1175114898,way,surface,MISSING,Surface tag is recommended to assess accessibility
1175114899,way,surface,MISSING,Surface tag is recommended to assess accessibility
1175114900,way,surface,MISSING,Surface tag is recommended to assess accessibility
1175289834,way,surface,MISSING,Surface tag is recommended to assess accessibility
1175289835,way,surface,MISSING,Surface tag is recommended to assess accessibility
1175289836,way,surface,MISSING,Surface tag is recommended to assess accessibility
1175289837,way,surface,MISSING,Surface tag is recommended to assess accessibility
1175289839,way,surface,MISSING,Surface tag is recommended to assess accessibility
1175289840,way,surface,MISSING,Surface tag is recommended to assess accessibility
1175289843,way,surface,MISSING,Surface tag is recommended to assess accessibility
1175289844,way,surface,MISSING,Surface tag is recommended to assess accessibility
1175289846,way,surface,MISSING,Surface tag is recommended to assess accessibility
1175289847,way,surface,MISSING,Surface tag is recommended to assess accessibility
1175289848,way,surface,MISSING,Surface tag is recommended to assess accessibility
1175289849,way,surface,MISSING,Surface tag is recommended to assess accessibility
1175289850,way,surface,MISSING,Surface tag is recommended to assess accessibility
1175289853,way,surface,MISSING,Surface tag is recommended to assess accessibility
1175291672,way,surface,MISSING,Surface tag is recommended to assess accessibility
1175329421,way,surface,MISSING,Surface tag is recommended to assess accessibility
1175329422,way,surface,MISSING,Surface tag is recommended to assess accessibility
1175329423,way,surface,MISSING,Surface tag is recommended to assess accessibility
1175329424,way,surface,MISSING,Surface tag is recommended to assess accessibility
1175329425,way,surface,MISSING,Surface tag is recommended to assess accessibility
1175329426,way,surface,MISSING,Surface tag is recommended to assess accessibility
1175329427,way,surface,MISSING,Surface tag is recommended to assess accessibility
1175329428,way,surface,MISSING,Surface tag is recommended to assess accessibility
1175329429,way,surface,MISSING,Surface tag is recommended to assess accessibility
1175329430,way,surface,MISSING,Surface tag is recommended to assess accessibility
1175329431,way,surface,MISSING,Surface tag is recommended to assess accessibility
1175329432,way,surface,MISSING,Surface tag is recommended to assess accessibility
1175329433,way,surface,MISSING,Surface tag is recommended to assess accessibility
1175536270,way,surface,MISSING,Surface tag is recommended to assess accessibility
1175536271,way,surface,MISSING,Surface tag is recommended to assess accessibility
1176300809,way,surface,MISSING,Surface tag is recommended to assess accessibility
1176300810,way,surface,MISSING,Surface tag is recommended to assess accessibility
1176300818,way,surface,MISSING,Surface tag is recommended to assess accessibility
1176300819,way,surface,MISSING,Surface tag is recommended to assess accessibility
1176300820,way,surface,MISSING,Surface tag is recommended to assess accessibility
1176300843,way,surface,MISSING,Surface tag is recommended to assess accessibility
1176300849,way,surface,MISSING,Surface tag is recommended to assess accessibility
1176300850,way,surface,MISSING,Surface tag is recommended to assess accessibility
1176300851,way,surface,MISSING,Surface tag is recommended to assess accessibility
1176300852,way,surface,MISSING,Surface tag is recommended to assess accessibility
1176300853,way,surface,MISSING,Surface tag is recommended to assess accessibility
1176300854,way,surface,MISSING,Surface tag is recommended to assess accessibility
1176300855,way,surface,MISSING,Surface tag is recommended to assess accessibility
1176300856,way,surface,MISSING,Surface tag is recommended to assess accessibility
1176300870,way,surface,MISSING,Surface tag is recommended to assess accessibility
1176300871,way,surface,MISSING,Surface tag is recommended to assess accessibility
1176300872,way,surface,MISSING,Surface tag is recommended to assess accessibility
1176595431,way,surface,MISSING,Surface tag is recommended to assess accessibility
1176595432,way,surface,MISSING,Surface tag is recommended to assess accessibility
1176595435,way,surface,MISSING,Surface tag is recommended to assess accessibility
1176595436,way,surface,MISSING,Surface tag is recommended to assess accessibility
1176595437,way,surface,MISSING,Surface tag is recommended to assess accessibility
1176595439,way,surface,MISSING,Surface tag is recommended to assess accessibility
1176595441,way,surface,MISSING,Surface tag is recommended to assess accessibility
1176595442,way,surface,MISSING,Surface tag is recommended to assess accessibility
1176595443,way,surface,MISSING,Surface tag is recommended to assess accessibility
1177561143,way,surface,MISSING,Surface tag is recommended to assess accessibility
1177608720,way,surface,MISSING,Surface tag is recommended to assess accessibility
1177608721,way,surface,MISSING,Surface tag is recommended to assess accessibility
1177608722,way,surface,MISSING,Surface tag is recommended to assess accessibility
1177608723,way,surface,MISSING,Surface tag is recommended to assess accessibility
1177611368,way,surface,MISSING,Surface tag is recommended to assess accessibility
1177611369,way,surface,MISSING,Surface tag is recommended to assess accessibility
1177611370,way,surface,MISSING,Surface tag is recommended to assess accessibility
1177611372,way,surface,MISSING,Surface tag is recommended to assess accessibility
1177611373,way,surface,MISSING,Surface tag is recommended to assess accessibility
1177616630,way,surface,MISSING,Surface tag is recommended to assess accessibility
1177617182,way,surface,MISSING,Surface tag is recommended to assess accessibility
1177617183,way,surface,MISSING,Surface tag is recommended to assess accessibility
1177637044,way,surface,MISSING,Surface tag is recommended to assess accessibility
1177637045,way,surface,MISSING,Surface tag is recommended to assess accessibility
1177637048,way,surface,MISSING,Surface tag is recommended to assess accessibility
1177637053,way,surface,MISSING,Surface tag is recommended to assess accessibility
1177637054,way,surface,MISSING,Surface tag is recommended to assess accessibility
1177637055,way,surface,MISSING,Surface tag is recommended to assess accessibility
1177637056,way,surface,MISSING,Surface tag is recommended to assess accessibility
1177637057,way,surface,MISSING,Surface tag is recommended to assess accessibility
1177964475,way,surface,MISSING,Surface tag is recommended to assess accessibility
1177964476,way,surface,MISSING,Surface tag is recommended to assess accessibility
1177964477,way,surface,MISSING,Surface tag is recommended to assess accessibility
1178126874,way,surface,MISSING,Surface tag is recommended to assess accessibility
1178126876,way,surface,MISSING,Surface tag is recommended to assess accessibility
1178126880,way,surface,MISSING,Surface tag is recommended to assess accessibility
1178126881,way,surface,MISSING,Surface tag is recommended to assess accessibility
1178126886,way,surface,MISSING,Surface tag is recommended to assess accessibility
1178126888,way,surface,MISSING,Surface tag is recommended to assess accessibility
1178126894,way,surface,MISSING,Surface tag is recommended to assess accessibility
1178126895,way,surface,MISSING,Surface tag is recommended to assess accessibility
1178126896,way,surface,MISSING,Surface tag is recommended to assess accessibility
1178126897,way,surface,MISSING,Surface tag is recommended to assess accessibility
1178303314,way,surface,MISSING,Surface tag is recommended to assess accessibility
1179637156,way,surface,MISSING,Surface tag is recommended to assess accessibility
1179637157,way,surface,MISSING,Surface tag is recommended to assess accessibility
1179637160,way,surface,MISSING,Surface tag is recommended to assess accessibility
1179637161,way,surface,MISSING,Surface tag is recommended to assess accessibility
1179637165,way,surface,MISSING,Surface tag is recommended to assess accessibility
1179637166,way,surface,MISSING,Surface tag is recommended to assess accessibility
1179637171,way,surface,MISSING,Surface tag is recommended to assess accessibility
1179730134,way,surface,MISSING,Surface tag is recommended to assess accessibility
1179861855,way,surface,MISSING,Surface tag is recommended to assess accessibility
1179941470,way,surface,MISSING,Surface tag is recommended to assess accessibility
1179941471,way,surface,MISSING,Surface tag is recommended to assess accessibility
1179941472,way,surface,MISSING,Surface tag is recommended to assess accessibility
1179941473,way,surface,MISSING,Surface tag is recommended to assess accessibility
1179941474,way,surface,MISSING,Surface tag is recommended to assess accessibility
1179941475,way,surface,MISSING,Surface tag is recommended to assess accessibility
1179967206,way,surface,MISSING,Surface tag is recommended to assess accessibility
1179967207,way,surface,MISSING,Surface tag is recommended to assess accessibility
1179967208,way,surface,MISSING,Surface tag is recommended to assess accessibility
1179967209,way,surface,MISSING,Surface tag is recommended to assess accessibility
1179967210,way,surface,MISSING,Surface tag is recommended to assess accessibility
1179971133,way,surface,MISSING,Surface tag is recommended to assess accessibility
1180091102,way,surface,MISSING,Surface tag is recommended to assess accessibility
1180104622,way,surface,MISSING,Surface tag is recommended to assess accessibility
1180104625,way,surface,MISSING,Surface tag is recommended to assess accessibility
1180408133,way,surface,MISSING,Surface tag is recommended to assess accessibility
1180408134,way,surface,MISSING,Surface tag is recommended to assess accessibility
1180408138,way,surface,MISSING,Surface tag is recommended to assess accessibility
1180408139,way,surface,MISSING,Surface tag is recommended to assess accessibility
1180408140,way,surface,MISSING,Surface tag is recommended to assess accessibility
1180408146,way,surface,MISSING,Surface tag is recommended to assess accessibility
1180408147,way,surface,MISSING,Surface tag is recommended to assess accessibility
1180408151,way,surface,MISSING,Surface tag is recommended to assess accessibility
1180408154,way,surface,MISSING,Surface tag is recommended to assess accessibility
1180412032,way,surface,MISSING,Surface tag is recommended to assess accessibility
1180412033,way,surface,MISSING,Surface tag is recommended to assess accessibility
1180412205,way,surface,MISSING,Surface tag is recommended to assess accessibility
1180416532,way,surface,MISSING,Surface tag is recommended to assess accessibility
1180416533,way,surface,MISSING,Surface tag is recommended to assess accessibility
1180416538,way,surface,MISSING,Surface tag is recommended to assess accessibility
1180416539,way,surface,MISSING,Surface tag is recommended to assess accessibility
1180416542,way,surface,MISSING,Surface tag is recommended to assess accessibility
1180429528,way,surface,MISSING,Surface tag is recommended to assess accessibility
1180429529,way,surface,MISSING,Surface tag is recommended to assess accessibility
1180439063,way,surface,MISSING,Surface tag is recommended to assess accessibility
1180933487,way,surface,MISSING,Surface tag is recommended to assess accessibility
1181074894,way,surface,MISSING,Surface tag is recommended to assess accessibility
1181074895,way,surface,MISSING,Surface tag is recommended to assess accessibility
1181074896,way,surface,MISSING,Surface tag is recommended to assess accessibility
1181074897,way,surface,MISSING,Surface tag is recommended to assess accessibility
1182340749,way,surface,MISSING,Surface tag is recommended to assess accessibility
1182340750,way,surface,MISSING,Surface tag is recommended to assess accessibility
1182340751,way,surface,MISSING,Surface tag is recommended to assess accessibility
1182340752,way,surface,MISSING,Surface tag is recommended to assess accessibility
1185355558,way,surface,MISSING,Surface tag is recommended to assess accessibility
1185463657,way,surface,MISSING,Surface tag is recommended to assess accessibility
1185466008,way,surface,MISSING,Surface tag is recommended to assess accessibility
1185466009,way,surface,MISSING,Surface tag is recommended to assess accessibility
1185466010,way,surface,MISSING,Surface tag is recommended to assess accessibility
1185466011,way,surface,MISSING,Surface tag is recommended to assess accessibility
1185466012,way,surface,MISSING,Surface tag is recommended to assess accessibility
1185466014,way,surface,MISSING,Surface tag is recommended to assess accessibility
1185466015,way,surface,MISSING,Surface tag is recommended to assess accessibility
1185992638,way,surface,MISSING,Surface tag is recommended to assess accessibility
1186963474,way,surface,MISSING,Surface tag is recommended to assess accessibility
1186963478,way,surface,MISSING,Surface tag is recommended to assess accessibility
1187254478,way,surface,MISSING,Surface tag is recommended to assess accessibility
1187254481,way,surface,MISSING,Surface tag is recommended to assess accessibility
1187286062,way,surface,MISSING,Surface tag is recommended to assess accessibility
1187286063,way,surface,MISSING,Surface tag is recommended to assess accessibility
1187286066,way,surface,MISSING,Surface tag is recommended to assess accessibility
1187286067,way,surface,MISSING,Surface tag is recommended to assess accessibility
1187286068,way,surface,MISSING,Surface tag is recommended to assess accessibility
1187286071,way,surface,MISSING,Surface tag is recommended to assess accessibility
1187286073,way,surface,MISSING,Surface tag is recommended to assess accessibility
1187648973,way,surface,MISSING,Surface tag is recommended to assess accessibility
1187692810,way,surface,MISSING,Surface tag is recommended to assess accessibility
1188092951,way,surface,MISSING,Surface tag is recommended to assess accessibility
1188102462,way,surface,MISSING,Surface tag is recommended to assess accessibility
1188611781,way,surface,MISSING,Surface tag is recommended to assess accessibility
1188611782,way,surface,MISSING,Surface tag is recommended to assess accessibility
1188612412,way,surface,MISSING,Surface tag is recommended to assess accessibility
1189593874,way,surface,MISSING,Surface tag is recommended to assess accessibility
1189593875,way,surface,MISSING,Surface tag is recommended to assess accessibility
1190131957,way,surface,MISSING,Surface tag is recommended to assess accessibility
1190546676,way,surface,MISSING,Surface tag is recommended to assess accessibility
1190870623,way,surface,MISSING,Surface tag is recommended to assess accessibility
1191244695,way,surface,MISSING,Surface tag is recommended to assess accessibility
1191268961,way,surface,MISSING,Surface tag is recommended to assess accessibility
1191757012,way,surface,MISSING,Surface tag is recommended to assess accessibility
1191757013,way,surface,MISSING,Surface tag is recommended to assess accessibility
1191757014,way,surface,MISSING,Surface tag is recommended to assess accessibility
1191757015,way,surface,MISSING,Surface tag is recommended to assess accessibility
1191757016,way,surface,MISSING,Surface tag is recommended to assess accessibility
1191757017,way,surface,MISSING,Surface tag is recommended to assess accessibility
1191757022,way,surface,MISSING,Surface tag is recommended to assess accessibility
1191757023,way,surface,MISSING,Surface tag is recommended to assess accessibility
1191757025,way,surface,MISSING,Surface tag is recommended to assess accessibility
1191766938,way,surface,MISSING,Surface tag is recommended to assess accessibility
1191772577,way,surface,MISSING,Surface tag is recommended to assess accessibility
1191772578,way,surface,MISSING,Surface tag is recommended to assess accessibility
1191852341,way,surface,MISSING,Surface tag is recommended to assess accessibility
1191852342,way,surface,MISSING,Surface tag is recommended to assess accessibility
1191876144,way,surface,MISSING,Surface tag is recommended to assess accessibility
1191913914,way,surface,MISSING,Surface tag is recommended to assess accessibility
1191918997,way,surface,MISSING,Surface tag is recommended to assess accessibility
1191919809,way,surface,MISSING,Surface tag is recommended to assess accessibility
1191921173,way,surface,MISSING,Surface tag is recommended to assess accessibility
1191921174,way,surface,MISSING,Surface tag is recommended to assess accessibility
1191921175,way,surface,MISSING,Surface tag is recommended to assess accessibility
1191921176,way,surface,MISSING,Surface tag is recommended to assess accessibility
1191921177,way,surface,MISSING,Surface tag is recommended to assess accessibility
1191921178,way,surface,MISSING,Surface tag is recommended to assess accessibility
1191921179,way,surface,MISSING,Surface tag is recommended to assess accessibility
1191921180,way,surface,MISSING,Surface tag is recommended to assess accessibility
1191921181,way,surface,MISSING,Surface tag is recommended to assess accessibility
1191921182,way,surface,MISSING,Surface tag is recommended to assess accessibility
1191921183,way,surface,MISSING,Surface tag is recommended to assess accessibility
1191921184,way,surface,MISSING,Surface tag is recommended to assess accessibility
1191921185,way,surface,MISSING,Surface tag is recommended to assess accessibility
1191921186,way,surface,MISSING,Surface tag is recommended to assess accessibility
1191921187,way,surface,MISSING,Surface tag is recommended to assess accessibility
1191921188,way,surface,MISSING,Surface tag is recommended to assess accessibility
1191921189,way,surface,MISSING,Surface tag is recommended to assess accessibility
1191921190,way,surface,MISSING,Surface tag is recommended to assess accessibility
1192034045,way,surface,MISSING,Surface tag is recommended to assess accessibility
1192034046,way,surface,MISSING,Surface tag is recommended to assess accessibility
1192100277,way,surface,MISSING,Surface tag is recommended to assess accessibility
1192100278,way,surface,MISSING,Surface tag is recommended to assess accessibility
1192100920,way,surface,MISSING,Surface tag is recommended to assess accessibility
1192332091,way,surface,MISSING,Surface tag is recommended to assess accessibility
1192605230,way,surface,MISSING,Surface tag is recommended to assess accessibility
1192614962,way,surface,MISSING,Surface tag is recommended to assess accessibility
1192970974,way,surface,MISSING,Surface tag is recommended to assess accessibility
1194309586,way,surface,MISSING,Surface tag is recommended to assess accessibility
1194690940,way,surface,MISSING,Surface tag is recommended to assess accessibility
1194690941,way,surface,MISSING,Surface tag is recommended to assess accessibility
1194941634,way,surface,MISSING,Surface tag is recommended to assess accessibility
1196491717,way,surface,MISSING,Surface tag is recommended to assess accessibility
1197094210,way,surface,MISSING,Surface tag is recommended to assess accessibility
1197094211,way,surface,MISSING,Surface tag is recommended to assess accessibility
1197094212,way,surface,MISSING,Surface tag is recommended to assess accessibility
1197094213,way,surface,MISSING,Surface tag is recommended to assess accessibility
1197094214,way,surface,MISSING,Surface tag is recommended to assess accessibility
1197094215,way,surface,MISSING,Surface tag is recommended to assess accessibility
1197094216,way,surface,MISSING,Surface tag is recommended to assess accessibility
1197094217,way,surface,MISSING,Surface tag is recommended to assess accessibility
1197094218,way,surface,MISSING,Surface tag is recommended to assess accessibility
1197094219,way,surface,MISSING,Surface tag is recommended to assess accessibility
1197094220,way,surface,MISSING,Surface tag is recommended to assess accessibility
1197094222,way,surface,MISSING,Surface tag is recommended to assess accessibility
1197094225,way,surface,MISSING,Surface tag is recommended to assess accessibility
1197094226,way,surface,MISSING,Surface tag is recommended to assess accessibility
1197094227,way,surface,MISSING,Surface tag is recommended to assess accessibility
1197094228,way,surface,MISSING,Surface tag is recommended to assess accessibility
1197094229,way,surface,MISSING,Surface tag is recommended to assess accessibility
1197094230,way,surface,MISSING,Surface tag is recommended to assess accessibility
1197094231,way,surface,MISSING,Surface tag is recommended to assess accessibility
1197094232,way,surface,MISSING,Surface tag is recommended to assess accessibility
1197094233,way,surface,MISSING,Surface tag is recommended to assess accessibility
1197094234,way,surface,MISSING,Surface tag is recommended to assess accessibility
1197094235,way,surface,MISSING,Surface tag is recommended to assess accessibility
1197094236,way,surface,MISSING,Surface tag is recommended to assess accessibility
1197094237,way,surface,MISSING,Surface tag is recommended to assess accessibility
1197094238,way,surface,MISSING,Surface tag is recommended to assess accessibility
1197094239,way,surface,MISSING,Surface tag is recommended to assess accessibility
1197094240,way,surface,MISSING,Surface tag is recommended to assess accessibility
1197094241,way,surface,MISSING,Surface tag is recommended to assess accessibility
1197094242,way,surface,MISSING,Surface tag is recommended to assess accessibility
1201669144,way,surface,MISSING,Surface tag is recommended to assess accessibility
1204450897,way,surface,MISSING,Surface tag is recommended to assess accessibility
1204453962,way,surface,MISSING,Surface tag is recommended to assess accessibility
1205190469,way,surface,MISSING,Surface tag is recommended to assess accessibility
1205867018,way,surface,MISSING,Surface tag is recommended to assess accessibility
1206923758,way,surface,MISSING,Surface tag is recommended to assess accessibility
1206923759,way,surface,MISSING,Surface tag is recommended to assess accessibility
1207123113,way,surface,MISSING,Surface tag is recommended to assess accessibility
1208236678,way,surface,MISSING,Surface tag is recommended to assess accessibility
1208236680,way,surface,MISSING,Surface tag is recommended to assess accessibility
1208236681,way,surface,MISSING,Surface tag is recommended to assess accessibility
1208903064,way,surface,MISSING,Surface tag is recommended to assess accessibility
1208903066,way,surface,MISSING,Surface tag is recommended to assess accessibility
1208903067,way,surface,MISSING,Surface tag is recommended to assess accessibility
1209428031,way,surface,MISSING,Surface tag is recommended to assess accessibility
1209428032,way,surface,MISSING,Surface tag is recommended to assess accessibility
1209428033,way,surface,MISSING,Surface tag is recommended to assess accessibility
1209428034,way,surface,MISSING,Surface tag is recommended to assess accessibility
1209428035,way,surface,MISSING,Surface tag is recommended to assess accessibility
1209428554,way,surface,MISSING,Surface tag is recommended to assess accessibility
1209551122,way,surface,MISSING,Surface tag is recommended to assess accessibility
1209551123,way,surface,MISSING,Surface tag is recommended to assess accessibility
1209551125,way,surface,MISSING,Surface tag is recommended to assess accessibility
1209551126,way,surface,MISSING,Surface tag is recommended to assess accessibility
1211069138,way,surface,MISSING,Surface tag is recommended to assess accessibility
1211230414,way,surface,MISSING,Surface tag is recommended to assess accessibility
1212511500,way,surface,MISSING,Surface tag is recommended to assess accessibility
1212987976,way,surface,MISSING,Surface tag is recommended to assess accessibility
1212996536,way,surface,MISSING,Surface tag is recommended to assess accessibility
1214275353,way,surface,MISSING,Surface tag is recommended to assess accessibility
1214275354,way,surface,MISSING,Surface tag is recommended to assess accessibility
1214275355,way,surface,MISSING,Surface tag is recommended to assess accessibility
1214275356,way,surface,MISSING,Surface tag is recommended to assess accessibility
1214275357,way,surface,MISSING,Surface tag is recommended to assess accessibility
1214275358,way,surface,MISSING,Surface tag is recommended to assess accessibility
1214275359,way,surface,MISSING,Surface tag is recommended to assess accessibility
1214275360,way,surface,MISSING,Surface tag is recommended to assess accessibility
1214275361,way,surface,MISSING,Surface tag is recommended to assess accessibility
1217029247,way,surface,MISSING,Surface tag is recommended to assess accessibility
1217040559,way,surface,MISSING,Surface tag is recommended to assess accessibility
1217572319,way,surface,MISSING,Surface tag is recommended to assess accessibility
1217604181,way,surface,MISSING,Surface tag is recommended to assess accessibility
1217727695,way,surface,MISSING,Surface tag is recommended to assess accessibility
1217727696,way,surface,MISSING,Surface tag is recommended to assess accessibility
1217983181,way,surface,MISSING,Surface tag is recommended to assess accessibility
1217983182,way,surface,MISSING,Surface tag is recommended to assess accessibility
1217983183,way,surface,MISSING,Surface tag is recommended to assess accessibility
1217983184,way,surface,MISSING,Surface tag is recommended to assess accessibility
1217983185,way,surface,MISSING,Surface tag is recommended to assess accessibility
1217985389,way,surface,MISSING,Surface tag is recommended to assess accessibility
1217985390,way,surface,MISSING,Surface tag is recommended to assess accessibility
1217985392,way,surface,MISSING,Surface tag is recommended to assess accessibility
1218510071,way,surface,MISSING,Surface tag is recommended to assess accessibility
1218516332,way,surface,MISSING,Surface tag is recommended to assess accessibility
1218516333,way,surface,MISSING,Surface tag is recommended to assess accessibility
1218572931,way,surface,MISSING,Surface tag is recommended to assess accessibility
1218572932,way,surface,MISSING,Surface tag is recommended to assess accessibility
1218572933,way,surface,MISSING,Surface tag is recommended to assess accessibility
1218572934,way,surface,MISSING,Surface tag is recommended to assess accessibility
1218572935,way,surface,MISSING,Surface tag is recommended to assess accessibility
1218574269,way,surface,MISSING,Surface tag is recommended to assess accessibility
1218574270,way,surface,MISSING,Surface tag is recommended to assess accessibility
1218791352,way,surface,MISSING,Surface tag is recommended to assess accessibility
1219019415,way,surface,MISSING,Surface tag is recommended to assess accessibility
1219019417,way,surface,MISSING,Surface tag is recommended to assess accessibility
1219324809,way,surface,MISSING,Surface tag is recommended to assess accessibility
1219324810,way,surface,MISSING,Surface tag is recommended to assess accessibility
1219504374,way,surface,MISSING,Surface tag is recommended to assess accessibility
1219988638,way,surface,MISSING,Surface tag is recommended to assess accessibility
1219988639,way,surface,MISSING,Surface tag is recommended to assess accessibility
1219988640,way,surface,MISSING,Surface tag is recommended to assess accessibility
1220057676,way,surface,MISSING,Surface tag is recommended to assess accessibility
1220071717,way,surface,MISSING,Surface tag is recommended to assess accessibility
1220121976,way,surface,MISSING,Surface tag is recommended to assess accessibility
1220121978,way,surface,MISSING,Surface tag is recommended to assess accessibility
1220121979,way,surface,MISSING,Surface tag is recommended to assess accessibility
1220560191,way,surface,MISSING,Surface tag is recommended to assess accessibility
1220570733,way,surface,MISSING,Surface tag is recommended to assess accessibility
1220697387,way,surface,MISSING,Surface tag is recommended to assess accessibility
1220994431,way,surface,MISSING,Surface tag is recommended to assess accessibility
1220994434,way,surface,MISSING,Surface tag is recommended to assess accessibility
1221011771,way,surface,MISSING,Surface tag is recommended to assess accessibility
1221244726,way,surface,MISSING,Surface tag is recommended to assess accessibility
1221244727,way,surface,MISSING,Surface tag is recommended to assess accessibility
1221244728,way,surface,MISSING,Surface tag is recommended to assess accessibility
1221372081,way,surface,MISSING,Surface tag is recommended to assess accessibility
1221813550,way,surface,MISSING,Surface tag is recommended to assess accessibility
1222402662,way,surface,MISSING,Surface tag is recommended to assess accessibility
1222402663,way,surface,MISSING,Surface tag is recommended to assess accessibility
1222765572,way,surface,MISSING,Surface tag is recommended to assess accessibility
1222765573,way,surface,MISSING,Surface tag is recommended to assess accessibility
1222777173,way,surface,MISSING,Surface tag is recommended to assess accessibility
1222786610,way,surface,MISSING,Surface tag is recommended to assess accessibility
1222937591,way,surface,MISSING,Surface tag is recommended to assess accessibility
1222960277,way,surface,MISSING,Surface tag is recommended to assess accessibility
1222980678,way,surface,MISSING,Surface tag is recommended to assess accessibility
1222983950,way,surface,MISSING,Surface tag is recommended to assess accessibility
1222987046,way,surface,MISSING,Surface tag is recommended to assess accessibility
1222989734,way,surface,MISSING,Surface tag is recommended to assess accessibility
1226235943,way,surface,MISSING,Surface tag is recommended to assess accessibility
1226241694,way,surface,MISSING,Surface tag is recommended to assess accessibility
1228200443,way,surface,MISSING,Surface tag is recommended to assess accessibility
1228526539,way,surface,MISSING,Surface tag is recommended to assess accessibility
1228527429,way,surface,MISSING,Surface tag is recommended to assess accessibility
1228527430,way,surface,MISSING,Surface tag is recommended to assess accessibility
1228527431,way,surface,MISSING,Surface tag is recommended to assess accessibility
1228527432,way,surface,MISSING,Surface tag is recommended to assess accessibility
1228527433,way,surface,MISSING,Surface tag is recommended to assess accessibility
1228527434,way,surface,MISSING,Surface tag is recommended to assess accessibility
1229211049,way,surface,MISSING,Surface tag is recommended to assess accessibility
1229211050,way,surface,MISSING,Surface tag is recommended to assess accessibility
1229245466,way,surface,MISSING,Surface tag is recommended to assess accessibility
1229245467,way,surface,MISSING,Surface tag is recommended to assess accessibility
1229940472,way,surface,MISSING,Surface tag is recommended to assess accessibility
1230641582,way,surface,MISSING,Surface tag is recommended to assess accessibility
1230641583,way,surface,MISSING,Surface tag is recommended to assess accessibility
1230641584,way,surface,MISSING,Surface tag is recommended to assess accessibility
1230641585,way,surface,MISSING,Surface tag is recommended to assess accessibility
1230641586,way,surface,MISSING,Surface tag is recommended to assess accessibility
1230820502,way,surface,MISSING,Surface tag is recommended to assess accessibility
1230993669,way,surface,MISSING,Surface tag is recommended to assess accessibility
1230993670,way,surface,MISSING,Surface tag is recommended to assess accessibility
1231045308,way,surface,MISSING,Surface tag is recommended to assess accessibility
1231045309,way,surface,MISSING,Surface tag is recommended to assess accessibility
1231047449,way,surface,MISSING,Surface tag is recommended to assess accessibility
1231047450,way,surface,MISSING,Surface tag is recommended to assess accessibility
1231061957,way,surface,MISSING,Surface tag is recommended to assess accessibility
1231061959,way,surface,MISSING,Surface tag is recommended to assess accessibility
1231061963,way,surface,MISSING,Surface tag is recommended to assess accessibility
1231061964,way,surface,MISSING,Surface tag is recommended to assess accessibility
1231061965,way,surface,MISSING,Surface tag is recommended to assess accessibility
1231061966,way,surface,MISSING,Surface tag is recommended to assess accessibility
1231061967,way,surface,MISSING,Surface tag is recommended to assess accessibility
1231061969,way,surface,MISSING,Surface tag is recommended to assess accessibility
1231061970,way,surface,MISSING,Surface tag is recommended to assess accessibility
1231061971,way,surface,MISSING,Surface tag is recommended to assess accessibility
1231061972,way,surface,MISSING,Surface tag is recommended to assess accessibility
1231061973,way,surface,MISSING,Surface tag is recommended to assess accessibility
1231061974,way,surface,MISSING,Surface tag is recommended to assess accessibility
1231061975,way,surface,MISSING,Surface tag is recommended to assess accessibility
1231062873,way,surface,MISSING,Surface tag is recommended to assess accessibility
1231062874,way,surface,MISSING,Surface tag is recommended to assess accessibility
1231062875,way,surface,MISSING,Surface tag is recommended to assess accessibility
1231062876,way,surface,MISSING,Surface tag is recommended to assess accessibility
1231062877,way,surface,MISSING,Surface tag is recommended to assess accessibility
1231062878,way,surface,MISSING,Surface tag is recommended to assess accessibility
1231100674,way,surface,MISSING,Surface tag is recommended to assess accessibility
1231100675,way,surface,MISSING,Surface tag is recommended to assess accessibility
1231100684,way,surface,MISSING,Surface tag is recommended to assess accessibility
1231100685,way,surface,MISSING,Surface tag is recommended to assess accessibility
1231100686,way,surface,MISSING,Surface tag is recommended to assess accessibility
1231100687,way,surface,MISSING,Surface tag is recommended to assess accessibility
1232402276,way,surface,MISSING,Surface tag is recommended to assess accessibility
1234652924,way,surface,MISSING,Surface tag is recommended to assess accessibility
1235781219,way,surface,MISSING,Surface tag is recommended to assess accessibility
1239063823,way,surface,MISSING,Surface tag is recommended to assess accessibility
1239063826,way,surface,MISSING,Surface tag is recommended to assess accessibility
1239063828,way,surface,MISSING,Surface tag is recommended to assess accessibility
1240439767,way,surface,MISSING,Surface tag is recommended to assess accessibility
1240845715,way,surface,MISSING,Surface tag is recommended to assess accessibility
1240845716,way,surface,MISSING,Surface tag is recommended to assess accessibility
1240845717,way,surface,MISSING,Surface tag is recommended to assess accessibility
1240845718,way,surface,MISSING,Surface tag is recommended to assess accessibility
1240845719,way,surface,MISSING,Surface tag is recommended to assess accessibility
1240845720,way,surface,MISSING,Surface tag is recommended to assess accessibility
1240845721,way,surface,MISSING,Surface tag is recommended to assess accessibility
1240845722,way,surface,MISSING,Surface tag is recommended to assess accessibility
1240845723,way,surface,MISSING,Surface tag is recommended to assess accessibility
1243001660,way,surface,MISSING,Surface tag is recommended to assess accessibility
1243001661,way,surface,MISSING,Surface tag is recommended to assess accessibility
1243007837,way,surface,MISSING,Surface tag is recommended to assess accessibility
1246047650,way,surface,MISSING,Surface tag is recommended to assess accessibility
1246184378,way,surface,MISSING,Surface tag is recommended to assess accessibility
1246184379,way,surface,MISSING,Surface tag is recommended to assess accessibility
1246184380,way,surface,MISSING,Surface tag is recommended to assess accessibility
1246184381,way,surface,MISSING,Surface tag is recommended to assess accessibility
1246639263,way,surface,MISSING,Surface tag is recommended to assess accessibility
1252119378,way,surface,MISSING,Surface tag is recommended to assess accessibility
1252119379,way,surface,MISSING,Surface tag is recommended to assess accessibility
1252119380,way,surface,MISSING,Surface tag is recommended to assess accessibility
1252119382,way,surface,MISSING,Surface tag is recommended to assess accessibility
1252123186,way,surface,MISSING,Surface tag is recommended to assess accessibility
1252123187,way,surface,MISSING,Surface tag is recommended to assess accessibility
1252123188,way,surface,MISSING,Surface tag is recommended to assess accessibility
1252123189,way,surface,MISSING,Surface tag is recommended to assess accessibility
1252123190,way,surface,MISSING,Surface tag is recommended to assess accessibility
1252123191,way,surface,MISSING,Surface tag is recommended to assess accessibility
1252123192,way,surface,MISSING,Surface tag is recommended to assess accessibility
1252123193,way,surface,MISSING,Surface tag is recommended to assess accessibility
1252123194,way,surface,MISSING,Surface tag is recommended to assess accessibility
1252123195,way,surface,MISSING,Surface tag is recommended to assess accessibility
1252123196,way,surface,MISSING,Surface tag is recommended to assess accessibility
1252123197,way,surface,MISSING,Surface tag is recommended to assess accessibility
1252123198,way,surface,MISSING,Surface tag is recommended to assess accessibility
1252123199,way,surface,MISSING,Surface tag is recommended to assess accessibility
1252123200,way,surface,MISSING,Surface tag is recommended to assess accessibility
1252123201,way,surface,MISSING,Surface tag is recommended to assess accessibility
1252123202,way,surface,MISSING,Surface tag is recommended to assess accessibility
1252123203,way,surface,MISSING,Surface tag is recommended to assess accessibility
1252123204,way,surface,MISSING,Surface tag is recommended to assess accessibility
1252123205,way,surface,MISSING,Surface tag is recommended to assess accessibility
1252123207,way,surface,MISSING,Surface tag is recommended to assess accessibility
1253370010,way,surface,MISSING,Surface tag is recommended to assess accessibility
1254109621,way,surface,MISSING,Surface tag is recommended to assess accessibility
1258711571,way,surface,MISSING,Surface tag is recommended to assess accessibility
1258711573,way,surface,MISSING,Surface tag is recommended to assess accessibility
1259136050,way,surface,MISSING,Surface tag is recommended to assess accessibility
1259136051,way,surface,MISSING,Surface tag is recommended to assess accessibility
1259136054,way,surface,MISSING,Surface tag is recommended to assess accessibility
1259136056,way,surface,MISSING,Surface tag is recommended to assess accessibility
1259136070,way,surface,MISSING,Surface tag is recommended to assess accessibility
1259158874,way,surface,MISSING,Surface tag is recommended to assess accessibility
1259158878,way,surface,MISSING,Surface tag is recommended to assess accessibility
1259473918,way,surface,MISSING,Surface tag is recommended to assess accessibility
1259473919,way,surface,MISSING,Surface tag is recommended to assess accessibility
1259717650,way,surface,MISSING,Surface tag is recommended to assess accessibility
1260681509,way,surface,MISSING,Surface tag is recommended to assess accessibility
1260681812,way,surface,MISSING,Surface tag is recommended to assess accessibility
1262159793,way,surface,MISSING,Surface tag is recommended to assess accessibility
1262285420,way,surface,MISSING,Surface tag is recommended to assess accessibility
1263332291,way,surface,MISSING,Surface tag is recommended to assess accessibility
1263332295,way,surface,MISSING,Surface tag is recommended to assess accessibility
1263332296,way,surface,MISSING,Surface tag is recommended to assess accessibility
1263332297,way,surface,MISSING,Surface tag is recommended to assess accessibility
1263332298,way,surface,MISSING,Surface tag is recommended to assess accessibility
1263332299,way,surface,MISSING,Surface tag is recommended to assess accessibility
1263332300,way,surface,MISSING,Surface tag is recommended to assess accessibility
1263332301,way,surface,MISSING,Surface tag is recommended to assess accessibility
1263332304,way,surface,MISSING,Surface tag is recommended to assess accessibility
1264509245,way,surface,MISSING,Surface tag is recommended to assess accessibility
1264509246,way,surface,MISSING,Surface tag is recommended to assess accessibility
1264509247,way,surface,MISSING,Surface tag is recommended to assess accessibility
1266915742,way,surface,MISSING,Surface tag is recommended to assess accessibility
1266915743,way,surface,MISSING,Surface tag is recommended to assess accessibility
1270890956,way,surface,MISSING,Surface tag is recommended to assess accessibility
1272094148,way,surface,MISSING,Surface tag is recommended to assess accessibility
1272094157,way,surface,MISSING,Surface tag is recommended to assess accessibility
1272094158,way,surface,MISSING,Surface tag is recommended to assess accessibility
1272094159,way,surface,MISSING,Surface tag is recommended to assess accessibility
1272094161,way,surface,MISSING,Surface tag is recommended to assess accessibility
1272682709,way,surface,MISSING,Surface tag is recommended to assess accessibility
1272682710,way,surface,MISSING,Surface tag is recommended to assess accessibility
1273312095,way,surface,MISSING,Surface tag is recommended to assess accessibility
1273344462,way,surface,MISSING,Surface tag is recommended to assess accessibility
1273344463,way,surface,MISSING,Surface tag is recommended to assess accessibility
1273344464,way,surface,MISSING,Surface tag is recommended to assess accessibility
1273344465,way,surface,MISSING,Surface tag is recommended to assess accessibility
1273602487,way,surface,MISSING,Surface tag is recommended to assess accessibility
1274502259,way,surface,MISSING,Surface tag is recommended to assess accessibility
1274502260,way,surface,MISSING,Surface tag is recommended to assess accessibility
1274969072,way,surface,MISSING,Surface tag is recommended to assess accessibility
1274970603,way,surface,MISSING,Surface tag is recommended to assess accessibility
1274970604,way,surface,MISSING,Surface tag is recommended to assess accessibility
1274970606,way,surface,MISSING,Surface tag is recommended to assess accessibility
1275529119,way,surface,MISSING,Surface tag is recommended to assess accessibility
1275548055,way,surface,MISSING,Surface tag is recommended to assess accessibility
1278097300,way,surface,MISSING,Surface tag is recommended to assess accessibility
1278097301,way,surface,MISSING,Surface tag is recommended to assess accessibility
1278120488,way,surface,MISSING,Surface tag is recommended to assess accessibility
1278120489,way,surface,MISSING,Surface tag is recommended to assess accessibility
1278131014,way,surface,MISSING,Surface tag is recommended to assess accessibility
1278767666,way,surface,MISSING,Surface tag is recommended to assess accessibility
1278767668,way,surface,MISSING,Surface tag is recommended to assess accessibility
1278767669,way,surface,MISSING,Surface tag is recommended to assess accessibility
1278770430,way,surface,MISSING,Surface tag is recommended to assess accessibility
1278770431,way,surface,MISSING,Surface tag is recommended to assess accessibility
1278770432,way,surface,MISSING,Surface tag is recommended to assess accessibility
1278770433,way,surface,MISSING,Surface tag is recommended to assess accessibility
1278770434,way,surface,MISSING,Surface tag is recommended to assess accessibility
1278770435,way,surface,MISSING,Surface tag is recommended to assess accessibility
1278770436,way,surface,MISSING,Surface tag is recommended to assess accessibility
1278770437,way,surface,MISSING,Surface tag is recommended to assess accessibility
1278770438,way,surface,MISSING,Surface tag is recommended to assess accessibility
1278770439,way,surface,MISSING,Surface tag is recommended to assess accessibility
1278770440,way,surface,MISSING,Surface tag is recommended to assess accessibility
1279007720,way,surface,MISSING,Surface tag is recommended to assess accessibility
1279007721,way,surface,MISSING,Surface tag is recommended to assess accessibility
1279007722,way,surface,MISSING,Surface tag is recommended to assess accessibility
1279012075,way,surface,MISSING,Surface tag is recommended to assess accessibility
1279012076,way,surface,MISSING,Surface tag is recommended to assess accessibility
1279012077,way,surface,MISSING,Surface tag is recommended to assess accessibility
1279012079,way,surface,MISSING,Surface tag is recommended to assess accessibility
1279012080,way,surface,MISSING,Surface tag is recommended to assess accessibility
1279012081,way,surface,MISSING,Surface tag is recommended to assess accessibility
1279012082,way,surface,MISSING,Surface tag is recommended to assess accessibility
1279021373,way,surface,MISSING,Surface tag is recommended to assess accessibility
1279021374,way,surface,MISSING,Surface tag is recommended to assess accessibility
1279021375,way,surface,MISSING,Surface tag is recommended to assess accessibility
1279021376,way,surface,MISSING,Surface tag is recommended to assess accessibility
1279021377,way,surface,MISSING,Surface tag is recommended to assess accessibility
1279021378,way,surface,MISSING,Surface tag is recommended to assess accessibility
1279021380,way,surface,MISSING,Surface tag is recommended to assess accessibility
1279021382,way,surface,MISSING,Surface tag is recommended to assess accessibility
1279021383,way,surface,MISSING,Surface tag is recommended to assess accessibility
1279021385,way,surface,MISSING,Surface tag is recommended to assess accessibility
1279021386,way,surface,MISSING,Surface tag is recommended to assess accessibility
1279028498,way,surface,MISSING,Surface tag is recommended to assess accessibility
1279028499,way,surface,MISSING,Surface tag is recommended to assess accessibility
1279036580,way,surface,MISSING,Surface tag is recommended to assess accessibility
1279036581,way,surface,MISSING,Surface tag is recommended to assess accessibility
1279038878,way,surface,MISSING,Surface tag is recommended to assess accessibility
1279038879,way,surface,MISSING,Surface tag is recommended to assess accessibility
1279038880,way,surface,MISSING,Surface tag is recommended to assess accessibility
1279040687,way,surface,MISSING,Surface tag is recommended to assess accessibility
1279040688,way,surface,MISSING,Surface tag is recommended to assess accessibility
1279041394,way,surface,MISSING,Surface tag is recommended to assess accessibility
1279041395,way,surface,MISSING,Surface tag is recommended to assess accessibility
1279041396,way,surface,MISSING,Surface tag is recommended to assess accessibility
1279198015,way,surface,MISSING,Surface tag is recommended to assess accessibility
1279198016,way,surface,MISSING,Surface tag is recommended to assess accessibility
1279198017,way,surface,MISSING,Surface tag is recommended to assess accessibility
1279198018,way,surface,MISSING,Surface tag is recommended to assess accessibility
1279198019,way,surface,MISSING,Surface tag is recommended to assess accessibility
1279198020,way,surface,MISSING,Surface tag is recommended to assess accessibility
1279198021,way,surface,MISSING,Surface tag is recommended to assess accessibility
1279198022,way,surface,MISSING,Surface tag is recommended to assess accessibility
1279198023,way,surface,MISSING,Surface tag is recommended to assess accessibility
1279198024,way,surface,MISSING,Surface tag is recommended to assess accessibility
1279198025,way,surface,MISSING,Surface tag is recommended to assess accessibility
1279198026,way,surface,MISSING,Surface tag is recommended to assess accessibility
1279198027,way,surface,MISSING,Surface tag is recommended to assess accessibility
1279198028,way,surface,MISSING,Surface tag is recommended to assess accessibility
1279198029,way,surface,MISSING,Surface tag is recommended to assess accessibility
1279198030,way,surface,MISSING,Surface tag is recommended to assess accessibility
1279283626,way,surface,MISSING,Surface tag is recommended to assess accessibility
1279283627,way,surface,MISSING,Surface tag is recommended to assess accessibility
1279284894,way,surface,MISSING,Surface tag is recommended to assess accessibility
1279284895,way,surface,MISSING,Surface tag is recommended to assess accessibility
1279284896,way,surface,MISSING,Surface tag is recommended to assess accessibility
1279284897,way,surface,MISSING,Surface tag is recommended to assess accessibility
1279291209,way,surface,MISSING,Surface tag is recommended to assess accessibility
1279291210,way,surface,MISSING,Surface tag is recommended to assess accessibility
1279291211,way,surface,MISSING,Surface tag is recommended to assess accessibility
1279291212,way,surface,MISSING,Surface tag is recommended to assess accessibility
1279291213,way,surface,MISSING,Surface tag is recommended to assess accessibility
1279291214,way,surface,MISSING,Surface tag is recommended to assess accessibility
1279997529,way,surface,MISSING,Surface tag is recommended to assess accessibility
1279997533,way,surface,MISSING,Surface tag is recommended to assess accessibility
1280569515,way,surface,MISSING,Surface tag is recommended to assess accessibility
1281143832,way,surface,MISSING,Surface tag is recommended to assess accessibility
1281143833,way,surface,MISSING,Surface tag is recommended to assess accessibility
1281143834,way,surface,MISSING,Surface tag is recommended to assess accessibility
1281143835,way,surface,MISSING,Surface tag is recommended to assess accessibility
1281143836,way,surface,MISSING,Surface tag is recommended to assess accessibility
1281143837,way,surface,MISSING,Surface tag is recommended to assess accessibility
1281143838,way,surface,MISSING,Surface tag is recommended to assess accessibility
1281143839,way,surface,MISSING,Surface tag is recommended to assess accessibility
1281143840,way,surface,MISSING,Surface tag is recommended to assess accessibility
1281143841,way,surface,MISSING,Surface tag is recommended to assess accessibility
1281143842,way,surface,MISSING,Surface tag is recommended to assess accessibility
1281143843,way,surface,MISSING,Surface tag is recommended to assess accessibility
1281143844,way,surface,MISSING,Surface tag is recommended to assess accessibility
1281143845,way,surface,MISSING,Surface tag is recommended to assess accessibility
1281143846,way,surface,MISSING,Surface tag is recommended to assess accessibility
1281143847,way,surface,MISSING,Surface tag is recommended to assess accessibility
1281143848,way,surface,MISSING,Surface tag is recommended to assess accessibility
1281143850,way,surface,MISSING,Surface tag is recommended to assess accessibility
1281143852,way,surface,MISSING,Surface tag is recommended to assess accessibility
1281143853,way,surface,MISSING,Surface tag is recommended to assess accessibility
1281183115,way,surface,MISSING,Surface tag is recommended to assess accessibility
1281260997,way,surface,MISSING,Surface tag is recommended to assess accessibility
1281260998,way,surface,MISSING,Surface tag is recommended to assess accessibility
1281260999,way,surface,MISSING,Surface tag is recommended to assess accessibility
1281261000,way,surface,MISSING,Surface tag is recommended to assess accessibility
1281261001,way,surface,MISSING,Surface tag is recommended to assess accessibility
1281261005,way,surface,MISSING,Surface tag is recommended to assess accessibility
1281261007,way,surface,MISSING,Surface tag is recommended to assess accessibility
1281261008,way,surface,MISSING,Surface tag is recommended to assess accessibility
1281261009,way,surface,MISSING,Surface tag is recommended to assess accessibility
1281261010,way,surface,MISSING,Surface tag is recommended to assess accessibility
1281261011,way,surface,MISSING,Surface tag is recommended to assess accessibility
1281261012,way,surface,MISSING,Surface tag is recommended to assess accessibility
1281261013,way,surface,MISSING,Surface tag is recommended to assess accessibility
1281261014,way,surface,MISSING,Surface tag is recommended to assess accessibility
1281261015,way,surface,MISSING,Surface tag is recommended to assess accessibility
1281261016,way,surface,MISSING,Surface tag is recommended to assess accessibility
1281261018,way,surface,MISSING,Surface tag is recommended to assess accessibility
1281261019,way,surface,MISSING,Surface tag is recommended to assess accessibility
1281261020,way,surface,MISSING,Surface tag is recommended to assess accessibility
1281261021,way,surface,MISSING,Surface tag is recommended to assess accessibility
1281261025,way,surface,MISSING,Surface tag is recommended to assess accessibility
1281261026,way,surface,MISSING,Surface tag is recommended to assess accessibility
1281442982,way,surface,MISSING,Surface tag is recommended to assess accessibility
1281442983,way,surface,MISSING,Surface tag is recommended to assess accessibility
1281442984,way,surface,MISSING,Surface tag is recommended to assess accessibility
1284193957,way,surface,MISSING,Surface tag is recommended to assess accessibility
1284364555,way,surface,MISSING,Surface tag is recommended to assess accessibility
1284364556,way,surface,MISSING,Surface tag is recommended to assess accessibility
1284364557,way,surface,MISSING,Surface tag is recommended to assess accessibility
1284372291,way,surface,MISSING,Surface tag is recommended to assess accessibility
1284372292,way,surface,MISSING,Surface tag is recommended to assess accessibility
1284372295,way,surface,MISSING,Surface tag is recommended to assess accessibility
1285326166,way,surface,MISSING,Surface tag is recommended to assess accessibility
1285326167,way,surface,MISSING,Surface tag is recommended to assess accessibility
1285326168,way,surface,MISSING,Surface tag is recommended to assess accessibility
1285326169,way,surface,MISSING,Surface tag is recommended to assess accessibility
1285326170,way,surface,MISSING,Surface tag is recommended to assess accessibility
1285326171,way,surface,MISSING,Surface tag is recommended to assess accessibility
1285326172,way,surface,MISSING,Surface tag is recommended to assess accessibility
1285326173,way,surface,MISSING,Surface tag is recommended to assess accessibility
1285326174,way,surface,MISSING,Surface tag is recommended to assess accessibility
1285326175,way,surface,MISSING,Surface tag is recommended to assess accessibility
1285326176,way,surface,MISSING,Surface tag is recommended to assess accessibility
1285326177,way,surface,MISSING,Surface tag is recommended to assess accessibility
1285326178,way,surface,MISSING,Surface tag is recommended to assess accessibility
1285326179,way,surface,MISSING,Surface tag is recommended to assess accessibility
1285326180,way,surface,MISSING,Surface tag is recommended to assess accessibility
1285973017,way,surface,MISSING,Surface tag is recommended to assess accessibility
1285989238,way,surface,MISSING,Surface tag is recommended to assess accessibility
1287006183,way,surface,MISSING,Surface tag is recommended to assess accessibility
1287006184,way,surface,MISSING,Surface tag is recommended to assess accessibility
1287006185,way,surface,MISSING,Surface tag is recommended to assess accessibility
1288768507,way,surface,MISSING,Surface tag is recommended to assess accessibility
1288768508,way,surface,MISSING,Surface tag is recommended to assess accessibility
1288769951,way,surface,MISSING,Surface tag is recommended to assess accessibility
1289326872,way,surface,MISSING,Surface tag is recommended to assess accessibility
1289996704,way,surface,MISSING,Surface tag is recommended to assess accessibility
1289996705,way,surface,MISSING,Surface tag is recommended to assess accessibility
1290101488,way,surface,MISSING,Surface tag is recommended to assess accessibility
1290101489,way,surface,MISSING,Surface tag is recommended to assess accessibility
1290853396,way,surface,MISSING,Surface tag is recommended to assess accessibility
1290853397,way,surface,MISSING,Surface tag is recommended to assess accessibility
1290889576,way,surface,MISSING,Surface tag is recommended to assess accessibility
1292634853,way,surface,MISSING,Surface tag is recommended to assess accessibility
1294757119,way,surface,MISSING,Surface tag is recommended to assess accessibility
1295814061,way,surface,MISSING,Surface tag is recommended to assess accessibility
1296670648,way,surface,MISSING,Surface tag is recommended to assess accessibility
1298737498,way,surface,MISSING,Surface tag is recommended to assess accessibility
1298737499,way,surface,MISSING,Surface tag is recommended to assess accessibility
1298737500,way,surface,MISSING,Surface tag is recommended to assess accessibility
1298737501,way,surface,MISSING,Surface tag is recommended to assess accessibility
1299235614,way,surface,MISSING,Surface tag is recommended to assess accessibility
1299503093,way,surface,MISSING,Surface tag is recommended to assess accessibility
1299503094,way,surface,MISSING,Surface tag is recommended to assess accessibility
1301576447,way,surface,MISSING,Surface tag is recommended to assess accessibility
1301586844,way,surface,MISSING,Surface tag is recommended to assess accessibility
1301586846,way,surface,MISSING,Surface tag is recommended to assess accessibility
1301586847,way,surface,MISSING,Surface tag is recommended to assess accessibility
1301840009,way,surface,MISSING,Surface tag is recommended to assess accessibility
1302096445,way,surface,MISSING,Surface tag is recommended to assess accessibility
1302951073,way,surface,MISSING,Surface tag is recommended to assess accessibility
1303551055,way,surface,MISSING,Surface tag is recommended to assess accessibility
1304465592,way,surface,MISSING,Surface tag is recommended to assess accessibility
1304465593,way,surface,MISSING,Surface tag is recommended to assess accessibility
1305200655,way,surface,MISSING,Surface tag is recommended to assess accessibility
1306124376,way,surface,MISSING,Surface tag is recommended to assess accessibility
1308027245,way,surface,MISSING,Surface tag is recommended to assess accessibility
1308027246,way,surface,MISSING,Surface tag is recommended to assess accessibility
1308027255,way,surface,MISSING,Surface tag is recommended to assess accessibility
1308027259,way,surface,MISSING,Surface tag is recommended to assess accessibility
1308402615,way,surface,MISSING,Surface tag is recommended to assess accessibility
1308773300,way,surface,MISSING,Surface tag is recommended to assess accessibility
1308788470,way,surface,MISSING,Surface tag is recommended to assess accessibility
1308788471,way,surface,MISSING,Surface tag is recommended to assess accessibility
1308788472,way,surface,MISSING,Surface tag is recommended to assess accessibility
1309471019,way,surface,MISSING,Surface tag is recommended to assess accessibility
1311270596,way,surface,MISSING,Surface tag is recommended to assess accessibility
1311326799,way,surface,MISSING,Surface tag is recommended to assess accessibility
1311673888,way,surface,MISSING,Surface tag is recommended to assess accessibility
1312242035,way,surface,MISSING,Surface tag is recommended to assess accessibility
1312266155,way,surface,MISSING,Surface tag is recommended to assess accessibility
1312430673,way,surface,MISSING,Surface tag is recommended to assess accessibility
1312430674,way,surface,MISSING,Surface tag is recommended to assess accessibility
1312430675,way,surface,MISSING,Surface tag is recommended to assess accessibility
1312430676,way,surface,MISSING,Surface tag is recommended to assess accessibility
1312430677,way,surface,MISSING,Surface tag is recommended to assess accessibility
1312430678,way,surface,MISSING,Surface tag is recommended to assess accessibility
1312431734,way,surface,MISSING,Surface tag is recommended to assess accessibility
1312431735,way,surface,MISSING,Surface tag is recommended to assess accessibility
1312431736,way,surface,MISSING,Surface tag is recommended to assess accessibility
1312431739,way,surface,MISSING,Surface tag is recommended to assess accessibility
1312615024,way,surface,MISSING,Surface tag is recommended to assess accessibility
1312615025,way,surface,MISSING,Surface tag is recommended to assess accessibility
1312621034,way,surface,MISSING,Surface tag is recommended to assess accessibility
1312637823,way,surface,MISSING,Surface tag is recommended to assess accessibility
1313932734,way,surface,MISSING,Surface tag is recommended to assess accessibility
1314046531,way,surface,MISSING,Surface tag is recommended to assess accessibility
1314050734,way,surface,MISSING,Surface tag is recommended to assess accessibility
1314050735,way,surface,MISSING,Surface tag is recommended to assess accessibility
1314134774,way,surface,MISSING,Surface tag is recommended to assess accessibility
1314134775,way,surface,MISSING,Surface tag is recommended to assess accessibility
1314632125,way,surface,MISSING,Surface tag is recommended to assess accessibility
1314632132,way,surface,MISSING,Surface tag is recommended to assess accessibility
1315026306,way,surface,MISSING,Surface tag is recommended to assess accessibility
1315095145,way,surface,MISSING,Surface tag is recommended to assess accessibility
1315095146,way,surface,MISSING,Surface tag is recommended to assess accessibility
1315097220,way,surface,MISSING,Surface tag is recommended to assess accessibility
1315555958,way,surface,MISSING,Surface tag is recommended to assess accessibility
1315555971,way,surface,MISSING,Surface tag is recommended to assess accessibility
1315555972,way,surface,MISSING,Surface tag is recommended to assess accessibility
1315555973,way,surface,MISSING,Surface tag is recommended to assess accessibility
1315555974,way,surface,MISSING,Surface tag is recommended to assess accessibility
1315700160,way,surface,MISSING,Surface tag is recommended to assess accessibility
1316680563,way,surface,MISSING,Surface tag is recommended to assess accessibility
1316681260,way,surface,MISSING,Surface tag is recommended to assess accessibility
1316899898,way,surface,MISSING,Surface tag is recommended to assess accessibility
1316902334,way,surface,MISSING,Surface tag is recommended to assess accessibility
1316908534,way,surface,MISSING,Surface tag is recommended to assess accessibility
1316908536,way,surface,MISSING,Surface tag is recommended to assess accessibility
1317124497,way,surface,MISSING,Surface tag is recommended to assess accessibility
1317124498,way,surface,MISSING,Surface tag is recommended to assess accessibility
1317124499,way,surface,MISSING,Surface tag is recommended to assess accessibility
1317124500,way,surface,MISSING,Surface tag is recommended to assess accessibility
1317124501,way,surface,MISSING,Surface tag is recommended to assess accessibility
1317124502,way,surface,MISSING,Surface tag is recommended to assess accessibility
1317124506,way,surface,MISSING,Surface tag is recommended to assess accessibility
1317124507,way,surface,MISSING,Surface tag is recommended to assess accessibility
1317124508,way,surface,MISSING,Surface tag is recommended to assess accessibility
1317124510,way,surface,MISSING,Surface tag is recommended to assess accessibility
1317124511,way,surface,MISSING,Surface tag is recommended to assess accessibility
1317124512,way,surface,MISSING,Surface tag is recommended to assess accessibility
1317124515,way,surface,MISSING,Surface tag is recommended to assess accessibility
1317124516,way,surface,MISSING,Surface tag is recommended to assess accessibility
1317124517,way,surface,MISSING,Surface tag is recommended to assess accessibility
1317124518,way,surface,MISSING,Surface tag is recommended to assess accessibility
1317124519,way,surface,MISSING,Surface tag is recommended to assess accessibility
1317124520,way,surface,MISSING,Surface tag is recommended to assess accessibility
1317124522,way,surface,MISSING,Surface tag is recommended to assess accessibility
1317124523,way,surface,MISSING,Surface tag is recommended to assess accessibility
1317124524,way,surface,MISSING,Surface tag is recommended to assess accessibility
1317124526,way,surface,MISSING,Surface tag is recommended to assess accessibility
1317124527,way,surface,MISSING,Surface tag is recommended to assess accessibility
1317124528,way,surface,MISSING,Surface tag is recommended to assess accessibility
1317124530,way,surface,MISSING,Surface tag is recommended to assess accessibility
1317124531,way,surface,MISSING,Surface tag is recommended to assess accessibility
1317124533,way,surface,MISSING,Surface tag is recommended to assess accessibility
1317124534,way,surface,MISSING,Surface tag is recommended to assess accessibility
1317124539,way,surface,MISSING,Surface tag is recommended to assess accessibility
1317124540,way,surface,MISSING,Surface tag is recommended to assess accessibility
1317124541,way,surface,MISSING,Surface tag is recommended to assess accessibility
1317124543,way,surface,MISSING,Surface tag is recommended to assess accessibility
1317124544,way,surface,MISSING,Surface tag is recommended to assess accessibility
1317124545,way,surface,MISSING,Surface tag is recommended to assess accessibility
1317124546,way,surface,MISSING,Surface tag is recommended to assess accessibility
1317124547,way,surface,MISSING,Surface tag is recommended to assess accessibility
1317124548,way,surface,MISSING,Surface tag is recommended to assess accessibility
1317124549,way,surface,MISSING,Surface tag is recommended to assess accessibility
1317124550,way,surface,MISSING,Surface tag is recommended to assess accessibility
1317124552,way,surface,MISSING,Surface tag is recommended to assess accessibility
1317124553,way,surface,MISSING,Surface tag is recommended to assess accessibility
1317129742,way,surface,MISSING,Surface tag is recommended to assess accessibility
1317129744,way,surface,MISSING,Surface tag is recommended to assess accessibility
1317129745,way,surface,MISSING,Surface tag is recommended to assess accessibility
1317129748,way,surface,MISSING,Surface tag is recommended to assess accessibility
1317129749,way,surface,MISSING,Surface tag is recommended to assess accessibility
1317129750,way,surface,MISSING,Surface tag is recommended to assess accessibility
1317129751,way,surface,MISSING,Surface tag is recommended to assess accessibility
1317129752,way,surface,MISSING,Surface tag is recommended to assess accessibility
1317129753,way,surface,MISSING,Surface tag is recommended to assess accessibility
1317129754,way,surface,MISSING,Surface tag is recommended to assess accessibility
1317129755,way,surface,MISSING,Surface tag is recommended to assess accessibility
1317129756,way,surface,MISSING,Surface tag is recommended to assess accessibility
1317129757,way,surface,MISSING,Surface tag is recommended to assess accessibility
1317129758,way,surface,MISSING,Surface tag is recommended to assess accessibility
1317129759,way,surface,MISSING,Surface tag is recommended to assess accessibility
1317129761,way,surface,MISSING,Surface tag is recommended to assess accessibility
1317129762,way,surface,MISSING,Surface tag is recommended to assess accessibility
1317129763,way,surface,MISSING,Surface tag is recommended to assess accessibility
1317129764,way,surface,MISSING,Surface tag is recommended to assess accessibility
1317129765,way,surface,MISSING,Surface tag is recommended to assess accessibility
1317129766,way,surface,MISSING,Surface tag is recommended to assess accessibility
1317129767,way,surface,MISSING,Surface tag is recommended to assess accessibility
1317129768,way,surface,MISSING,Surface tag is recommended to assess accessibility
1317129771,way,surface,MISSING,Surface tag is recommended to assess accessibility
1317152984,way,surface,MISSING,Surface tag is recommended to assess accessibility
1317152985,way,surface,MISSING,Surface tag is recommended to assess accessibility
1317153988,way,surface,MISSING,Surface tag is recommended to assess accessibility
1317153989,way,surface,MISSING,Surface tag is recommended to assess accessibility
1317155622,way,surface,MISSING,Surface tag is recommended to assess accessibility
1317155623,way,surface,MISSING,Surface tag is recommended to assess accessibility
1317352198,way,surface,MISSING,Surface tag is recommended to assess accessibility
1317352201,way,surface,MISSING,Surface tag is recommended to assess accessibility
1317352210,way,surface,MISSING,Surface tag is recommended to assess accessibility
1317632966,way,surface,MISSING,Surface tag is recommended to assess accessibility
1317632971,way,surface,MISSING,Surface tag is recommended to assess accessibility
1317632978,way,surface,MISSING,Surface tag is recommended to assess accessibility
1317632980,way,surface,MISSING,Surface tag is recommended to assess accessibility
1317637160,way,surface,MISSING,Surface tag is recommended to assess accessibility
1317637161,way,surface,MISSING,Surface tag is recommended to assess accessibility
1317637162,way,surface,MISSING,Surface tag is recommended to assess accessibility
1317637163,way,surface,MISSING,Surface tag is recommended to assess accessibility
1317637164,way,surface,MISSING,Surface tag is recommended to assess accessibility
1317651275,way,surface,MISSING,Surface tag is recommended to assess accessibility
1317651276,way,surface,MISSING,Surface tag is recommended to assess accessibility
1317651278,way,surface,MISSING,Surface tag is recommended to assess accessibility
1318325916,way,surface,MISSING,Surface tag is recommended to assess accessibility
1318380967,way,surface,MISSING,Surface tag is recommended to assess accessibility
1318380968,way,surface,MISSING,Surface tag is recommended to assess accessibility
1318380970,way,surface,MISSING,Surface tag is recommended to assess accessibility
1318380971,way,surface,MISSING,Surface tag is recommended to assess accessibility
1318380972,way,surface,MISSING,Surface tag is recommended to assess accessibility
1318380973,way,surface,MISSING,Surface tag is recommended to assess accessibility
1318501345,way,surface,MISSING,Surface tag is recommended to assess accessibility
1318824983,way,surface,MISSING,Surface tag is recommended to assess accessibility
1320803801,way,surface,MISSING,Surface tag is recommended to assess accessibility
1320805532,way,surface,MISSING,Surface tag is recommended to assess accessibility
1320805539,way,surface,MISSING,Surface tag is recommended to assess accessibility
1320805542,way,surface,MISSING,Surface tag is recommended to assess accessibility
1320809282,way,surface,MISSING,Surface tag is recommended to assess accessibility
1323148482,way,surface,MISSING,Surface tag is recommended to assess accessibility
1323148483,way,surface,MISSING,Surface tag is recommended to assess accessibility
1323414326,way,surface,MISSING,Surface tag is recommended to assess accessibility
1323414329,way,surface,MISSING,Surface tag is recommended to assess accessibility
1323414331,way,surface,MISSING,Surface tag is recommended to assess accessibility
1323414333,way,surface,MISSING,Surface tag is recommended to assess accessibility
1323414335,way,surface,MISSING,Surface tag is recommended to assess accessibility
1323414336,way,surface,MISSING,Surface tag is recommended to assess accessibility
1323414339,way,surface,MISSING,Surface tag is recommended to assess accessibility
1323414342,way,surface,MISSING,Surface tag is recommended to assess accessibility
1323414343,way,surface,MISSING,Surface tag is recommended to assess accessibility
1323568569,way,surface,MISSING,Surface tag is recommended to assess accessibility
1323568570,way,surface,MISSING,Surface tag is recommended to assess accessibility
1323568571,way,surface,MISSING,Surface tag is recommended to assess accessibility
1323568572,way,surface,MISSING,Surface tag is recommended to assess accessibility
1323569445,way,surface,MISSING,Surface tag is recommended to assess accessibility
1323569446,way,surface,MISSING,Surface tag is recommended to assess accessibility
1323569447,way,surface,MISSING,Surface tag is recommended to assess accessibility
1323569448,way,surface,MISSING,Surface tag is recommended to assess accessibility
1323570977,way,surface,MISSING,Surface tag is recommended to assess accessibility
1323570978,way,surface,MISSING,Surface tag is recommended to assess accessibility
1323570979,way,surface,MISSING,Surface tag is recommended to assess accessibility
1323570980,way,surface,MISSING,Surface tag is recommended to assess accessibility
1323788880,way,surface,MISSING,Surface tag is recommended to assess accessibility
1323788886,way,surface,MISSING,Surface tag is recommended to assess accessibility
1323788887,way,surface,MISSING,Surface tag is recommended to assess accessibility
1323788888,way,surface,MISSING,Surface tag is recommended to assess accessibility
1323788889,way,surface,MISSING,Surface tag is recommended to assess accessibility
1323788891,way,surface,MISSING,Surface tag is recommended to assess accessibility
1323789360,way,surface,MISSING,Surface tag is recommended to assess accessibility
1323789361,way,surface,MISSING,Surface tag is recommended to assess accessibility
1323789362,way,surface,MISSING,Surface tag is recommended to assess accessibility
1323789363,way,surface,MISSING,Surface tag is recommended to assess accessibility
1323789364,way,surface,MISSING,Surface tag is recommended to assess accessibility
1324830220,way,surface,MISSING,Surface tag is recommended to assess accessibility
1324855230,way,surface,MISSING,Surface tag is recommended to assess accessibility
1324855237,way,surface,MISSING,Surface tag is recommended to assess accessibility
1324855238,way,surface,MISSING,Surface tag is recommended to assess accessibility
1324855239,way,surface,MISSING,Surface tag is recommended to assess accessibility
1324855240,way,surface,MISSING,Surface tag is recommended to assess accessibility
1324855241,way,surface,MISSING,Surface tag is recommended to assess accessibility
1324855242,way,surface,MISSING,Surface tag is recommended to assess accessibility
1324855243,way,surface,MISSING,Surface tag is recommended to assess accessibility
1324855244,way,surface,MISSING,Surface tag is recommended to assess accessibility
1324855245,way,surface,MISSING,Surface tag is recommended to assess accessibility
1324855246,way,surface,MISSING,Surface tag is recommended to assess accessibility
1324855247,way,surface,MISSING,Surface tag is recommended to assess accessibility
1324855248,way,surface,MISSING,Surface tag is recommended to assess accessibility
1324855264,way,surface,MISSING,Surface tag is recommended to assess accessibility
1324855265,way,surface,MISSING,Surface tag is recommended to assess accessibility
1324991937,way,surface,MISSING,Surface tag is recommended to assess accessibility
1324996986,way,surface,MISSING,Surface tag is recommended to assess accessibility
1324996987,way,surface,MISSING,Surface tag is recommended to assess accessibility
1325611235,way,surface,MISSING,Surface tag is recommended to assess accessibility
1325611236,way,surface,MISSING,Surface tag is recommended to assess accessibility
1325611237,way,surface,MISSING,Surface tag is recommended to assess accessibility
1326091915,way,surface,MISSING,Surface tag is recommended to assess accessibility
1326091916,way,surface,MISSING,Surface tag is recommended to assess accessibility
1326343837,way,surface,MISSING,Surface tag is recommended to assess accessibility
1326343838,way,surface,MISSING,Surface tag is recommended to assess accessibility
1327625429,way,surface,MISSING,Surface tag is recommended to assess accessibility
1327625430,way,surface,MISSING,Surface tag is recommended to assess accessibility
1327858087,way,surface,MISSING,Surface tag is recommended to assess accessibility
1327858088,way,surface,MISSING,Surface tag is recommended to assess accessibility
1327858089,way,surface,MISSING,Surface tag is recommended to assess accessibility
1327858090,way,surface,MISSING,Surface tag is recommended to assess accessibility
1327858091,way,surface,MISSING,Surface tag is recommended to assess accessibility
1327858092,way,surface,MISSING,Surface tag is recommended to assess accessibility
1327858093,way,surface,MISSING,Surface tag is recommended to assess accessibility
1327858094,way,surface,MISSING,Surface tag is recommended to assess accessibility
1327858099,way,surface,MISSING,Surface tag is recommended to assess accessibility
1327858100,way,surface,MISSING,Surface tag is recommended to assess accessibility
1327858101,way,surface,MISSING,Surface tag is recommended to assess accessibility
1327858137,way,surface,MISSING,Surface tag is recommended to assess accessibility
1327858170,way,surface,MISSING,Surface tag is recommended to assess accessibility
1327858177,way,surface,MISSING,Surface tag is recommended to assess accessibility
1327858183,way,surface,MISSING,Surface tag is recommended to assess accessibility
1327872839,way,surface,MISSING,Surface tag is recommended to assess accessibility
1327884919,way,surface,MISSING,Surface tag is recommended to assess accessibility
1327884923,way,surface,MISSING,Surface tag is recommended to assess accessibility
1327884931,way,surface,MISSING,Surface tag is recommended to assess accessibility
1327884932,way,surface,MISSING,Surface tag is recommended to assess accessibility
1327884933,way,surface,MISSING,Surface tag is recommended to assess accessibility
1327884934,way,surface,MISSING,Surface tag is recommended to assess accessibility
1327884936,way,surface,MISSING,Surface tag is recommended to assess accessibility
1327884937,way,surface,MISSING,Surface tag is recommended to assess accessibility
1327884938,way,surface,MISSING,Surface tag is recommended to assess accessibility
1327884939,way,surface,MISSING,Surface tag is recommended to assess accessibility
1327884940,way,surface,MISSING,Surface tag is recommended to assess accessibility
1327884941,way,surface,MISSING,Surface tag is recommended to assess accessibility
1327884942,way,surface,MISSING,Surface tag is recommended to assess accessibility
1327884943,way,surface,MISSING,Surface tag is recommended to assess accessibility
1327884945,way,surface,MISSING,Surface tag is recommended to assess accessibility
1327884946,way,surface,MISSING,Surface tag is recommended to assess accessibility
1327884950,way,surface,MISSING,Surface tag is recommended to assess accessibility
1327884953,way,surface,MISSING,Surface tag is recommended to assess accessibility
1327884954,way,surface,MISSING,Surface tag is recommended to assess accessibility
1327884955,way,surface,MISSING,Surface tag is recommended to assess accessibility
1327884956,way,surface,MISSING,Surface tag is recommended to assess accessibility
1327884957,way,surface,MISSING,Surface tag is recommended to assess accessibility
1327884958,way,surface,MISSING,Surface tag is recommended to assess accessibility
1327884959,way,surface,MISSING,Surface tag is recommended to assess accessibility
1327884961,way,surface,MISSING,Surface tag is recommended to assess accessibility
1327884962,way,surface,MISSING,Surface tag is recommended to assess accessibility
1327884963,way,surface,MISSING,Surface tag is recommended to assess accessibility
1327884964,way,surface,MISSING,Surface tag is recommended to assess accessibility
1327884965,way,surface,MISSING,Surface tag is recommended to assess accessibility
1327893485,way,surface,MISSING,Surface tag is recommended to assess accessibility
1327893506,way,surface,MISSING,Surface tag is recommended to assess accessibility
1327893507,way,surface,MISSING,Surface tag is recommended to assess accessibility
1327893509,way,surface,MISSING,Surface tag is recommended to assess accessibility
1327893510,way,surface,MISSING,Surface tag is recommended to assess accessibility
1327893511,way,surface,MISSING,Surface tag is recommended to assess accessibility
1327893512,way,surface,MISSING,Surface tag is recommended to assess accessibility
1327893513,way,surface,MISSING,Surface tag is recommended to assess accessibility
1327893514,way,surface,MISSING,Surface tag is recommended to assess accessibility
1327893515,way,surface,MISSING,Surface tag is recommended to assess accessibility
1327893516,way,surface,MISSING,Surface tag is recommended to assess accessibility
1327893517,way,surface,MISSING,Surface tag is recommended to assess accessibility
1327893518,way,surface,MISSING,Surface tag is recommended to assess accessibility
1327893519,way,surface,MISSING,Surface tag is recommended to assess accessibility
1327893520,way,surface,MISSING,Surface tag is recommended to assess accessibility
1327893521,way,surface,MISSING,Surface tag is recommended to assess accessibility
1327893522,way,surface,MISSING,Surface tag is recommended to assess accessibility
1327893523,way,surface,MISSING,Surface tag is recommended to assess accessibility
1327893524,way,surface,MISSING,Surface tag is recommended to assess accessibility
1327893525,way,surface,MISSING,Surface tag is recommended to assess accessibility
1327893526,way,surface,MISSING,Surface tag is recommended to assess accessibility
1327893527,way,surface,MISSING,Surface tag is recommended to assess accessibility
1327893540,way,surface,MISSING,Surface tag is recommended to assess accessibility
1327893541,way,surface,MISSING,Surface tag is recommended to assess accessibility
1327893542,way,surface,MISSING,Surface tag is recommended to assess accessibility
1327893543,way,surface,MISSING,Surface tag is recommended to assess accessibility
1327893544,way,surface,MISSING,Surface tag is recommended to assess accessibility
1327893545,way,surface,MISSING,Surface tag is recommended to assess accessibility
1327893546,way,surface,MISSING,Surface tag is recommended to assess accessibility
1327893547,way,surface,MISSING,Surface tag is recommended to assess accessibility
1327893548,way,surface,MISSING,Surface tag is recommended to assess accessibility
1327893550,way,surface,MISSING,Surface tag is recommended to assess accessibility
1327893551,way,surface,MISSING,Surface tag is recommended to assess accessibility
1327893552,way,surface,MISSING,Surface tag is recommended to assess accessibility
1327893553,way,surface,MISSING,Surface tag is recommended to assess accessibility
1327893554,way,surface,MISSING,Surface tag is recommended to assess accessibility
1327893555,way,surface,MISSING,Surface tag is recommended to assess accessibility
1327893556,way,surface,MISSING,Surface tag is recommended to assess accessibility
1327893557,way,surface,MISSING,Surface tag is recommended to assess accessibility
1327893569,way,surface,MISSING,Surface tag is recommended to assess accessibility
1327893571,way,surface,MISSING,Surface tag is recommended to assess accessibility
1327893572,way,surface,MISSING,Surface tag is recommended to assess accessibility
1327893573,way,surface,MISSING,Surface tag is recommended to assess accessibility
1327893579,way,surface,MISSING,Surface tag is recommended to assess accessibility
1327893580,way,surface,MISSING,Surface tag is recommended to assess accessibility
1327893588,way,surface,MISSING,Surface tag is recommended to assess accessibility
1327893600,way,surface,MISSING,Surface tag is recommended to assess accessibility
1327893601,way,surface,MISSING,Surface tag is recommended to assess accessibility
1327893602,way,surface,MISSING,Surface tag is recommended to assess accessibility
1327893606,way,surface,MISSING,Surface tag is recommended to assess accessibility
1327893607,way,surface,MISSING,Surface tag is recommended to assess accessibility
1327893608,way,surface,MISSING,Surface tag is recommended to assess accessibility
1327900813,way,surface,MISSING,Surface tag is recommended to assess accessibility
1327900814,way,surface,MISSING,Surface tag is recommended to assess accessibility
1327900818,way,surface,MISSING,Surface tag is recommended to assess accessibility
1327900819,way,surface,MISSING,Surface tag is recommended to assess accessibility
1327900820,way,surface,MISSING,Surface tag is recommended to assess accessibility
1327900821,way,surface,MISSING,Surface tag is recommended to assess accessibility
1327900822,way,surface,MISSING,Surface tag is recommended to assess accessibility
1327900823,way,surface,MISSING,Surface tag is recommended to assess accessibility
1327900824,way,surface,MISSING,Surface tag is recommended to assess accessibility
1327900825,way,surface,MISSING,Surface tag is recommended to assess accessibility
1327900830,way,surface,MISSING,Surface tag is recommended to assess accessibility
1327900832,way,surface,MISSING,Surface tag is recommended to assess accessibility
1327900833,way,surface,MISSING,Surface tag is recommended to assess accessibility
1327900834,way,surface,MISSING,Surface tag is recommended to assess accessibility
1327900835,way,surface,MISSING,Surface tag is recommended to assess accessibility
1327900836,way,surface,MISSING,Surface tag is recommended to assess accessibility
1327900839,way,surface,MISSING,Surface tag is recommended to assess accessibility
1327900840,way,surface,MISSING,Surface tag is recommended to assess accessibility
1327904038,way,surface,MISSING,Surface tag is recommended to assess accessibility
1327904044,way,surface,MISSING,Surface tag is recommended to assess accessibility
1327904045,way,surface,MISSING,Surface tag is recommended to assess accessibility
1327904047,way,surface,MISSING,Surface tag is recommended to assess accessibility
1327904048,way,surface,MISSING,Surface tag is recommended to assess accessibility
1327904050,way,surface,MISSING,Surface tag is recommended to assess accessibility
1327904051,way,surface,MISSING,Surface tag is recommended to assess accessibility
1327904052,way,surface,MISSING,Surface tag is recommended to assess accessibility
1327904053,way,surface,MISSING,Surface tag is recommended to assess accessibility
1327904058,way,surface,MISSING,Surface tag is recommended to assess accessibility
1327904059,way,surface,MISSING,Surface tag is recommended to assess accessibility
1327906790,way,surface,MISSING,Surface tag is recommended to assess accessibility
1327906791,way,surface,MISSING,Surface tag is recommended to assess accessibility
1327906792,way,surface,MISSING,Surface tag is recommended to assess accessibility
1327911268,way,surface,MISSING,Surface tag is recommended to assess accessibility
1327911269,way,surface,MISSING,Surface tag is recommended to assess accessibility
1327911270,way,surface,MISSING,Surface tag is recommended to assess accessibility
1327911271,way,surface,MISSING,Surface tag is recommended to assess accessibility
1327911272,way,surface,MISSING,Surface tag is recommended to assess accessibility
1327911273,way,surface,MISSING,Surface tag is recommended to assess accessibility
1327911274,way,surface,MISSING,Surface tag is recommended to assess accessibility
1327911275,way,surface,MISSING,Surface tag is recommended to assess accessibility
1327911295,way,surface,MISSING,Surface tag is recommended to assess accessibility
1327911299,way,surface,MISSING,Surface tag is recommended to assess accessibility
1327911300,way,surface,MISSING,Surface tag is recommended to assess accessibility
1327911316,way,surface,MISSING,Surface tag is recommended to assess accessibility
1327911317,way,surface,MISSING,Surface tag is recommended to assess accessibility
1328659397,way,surface,MISSING,Surface tag is recommended to assess accessibility
1328659398,way,surface,MISSING,Surface tag is recommended to assess accessibility
1328659399,way,surface,MISSING,Surface tag is recommended to assess accessibility
1328659400,way,surface,MISSING,Surface tag is recommended to assess accessibility
1328659409,way,surface,MISSING,Surface tag is recommended to assess accessibility
1328659410,way,surface,MISSING,Surface tag is recommended to assess accessibility
1328659430,way,surface,MISSING,Surface tag is recommended to assess accessibility
1328659431,way,surface,MISSING,Surface tag is recommended to assess accessibility
1328659450,way,surface,MISSING,Surface tag is recommended to assess accessibility
1328659451,way,surface,MISSING,Surface tag is recommended to assess accessibility
1328659452,way,surface,MISSING,Surface tag is recommended to assess accessibility
1328659453,way,surface,MISSING,Surface tag is recommended to assess accessibility
1328659454,way,surface,MISSING,Surface tag is recommended to assess accessibility
1328659455,way,surface,MISSING,Surface tag is recommended to assess accessibility
1328659456,way,surface,MISSING,Surface tag is recommended to assess accessibility
1328659457,way,surface,MISSING,Surface tag is recommended to assess accessibility
1328659460,way,surface,MISSING,Surface tag is recommended to assess accessibility
1328659462,way,surface,MISSING,Surface tag is recommended to assess accessibility
1328768978,way,surface,MISSING,Surface tag is recommended to assess accessibility
1331573958,way,surface,MISSING,Surface tag is recommended to assess accessibility
1331573959,way,surface,MISSING,Surface tag is recommended to assess accessibility
1331573960,way,surface,MISSING,Surface tag is recommended to assess accessibility
1331573969,way,surface,MISSING,Surface tag is recommended to assess accessibility
1331573970,way,surface,MISSING,Surface tag is recommended to assess accessibility
1331573971,way,surface,MISSING,Surface tag is recommended to assess accessibility
1331573972,way,surface,MISSING,Surface tag is recommended to assess accessibility
1331573973,way,surface,MISSING,Surface tag is recommended to assess accessibility
1331573989,way,surface,MISSING,Surface tag is recommended to assess accessibility
1331574004,way,surface,MISSING,Surface tag is recommended to assess accessibility
1331580421,way,surface,MISSING,Surface tag is recommended to assess accessibility
1331580422,way,surface,MISSING,Surface tag is recommended to assess accessibility
1331580423,way,surface,MISSING,Surface tag is recommended to assess accessibility
1331580424,way,surface,MISSING,Surface tag is recommended to assess accessibility
1331580433,way,surface,MISSING,Surface tag is recommended to assess accessibility
1331580434,way,surface,MISSING,Surface tag is recommended to assess accessibility
1331580435,way,surface,MISSING,Surface tag is recommended to assess accessibility
1331580438,way,surface,MISSING,Surface tag is recommended to assess accessibility
1331580440,way,surface,MISSING,Surface tag is recommended to assess accessibility
1331580442,way,surface,MISSING,Surface tag is recommended to assess accessibility
1331580443,way,surface,MISSING,Surface tag is recommended to assess accessibility
1331580444,way,surface,MISSING,Surface tag is recommended to assess accessibility
1331580447,way,surface,MISSING,Surface tag is recommended to assess accessibility
1331580448,way,surface,MISSING,Surface tag is recommended to assess accessibility
1331580454,way,surface,MISSING,Surface tag is recommended to assess accessibility
1331580455,way,surface,MISSING,Surface tag is recommended to assess accessibility
1331580456,way,surface,MISSING,Surface tag is recommended to assess accessibility
1331580457,way,surface,MISSING,Surface tag is recommended to assess accessibility
1331580459,way,surface,MISSING,Surface tag is recommended to assess accessibility
1331580466,way,surface,MISSING,Surface tag is recommended to assess accessibility
1331580467,way,surface,MISSING,Surface tag is recommended to assess accessibility
1331581365,way,surface,MISSING,Surface tag is recommended to assess accessibility
1331581366,way,surface,MISSING,Surface tag is recommended to assess accessibility
1331581367,way,surface,MISSING,Surface tag is recommended to assess accessibility
1331581368,way,surface,MISSING,Surface tag is recommended to assess accessibility
1331581369,way,surface,MISSING,Surface tag is recommended to assess accessibility
1331581370,way,surface,MISSING,Surface tag is recommended to assess accessibility
1331581371,way,surface,MISSING,Surface tag is recommended to assess accessibility
1331581372,way,surface,MISSING,Surface tag is recommended to assess accessibility
1331581373,way,surface,MISSING,Surface tag is recommended to assess accessibility
1331581374,way,surface,MISSING,Surface tag is recommended to assess accessibility
1331581375,way,surface,MISSING,Surface tag is recommended to assess accessibility
1331590443,way,surface,MISSING,Surface tag is recommended to assess accessibility
1331590445,way,surface,MISSING,Surface tag is recommended to assess accessibility
1331590450,way,surface,MISSING,Surface tag is recommended to assess accessibility
1331590451,way,surface,MISSING,Surface tag is recommended to assess accessibility
1331590452,way,surface,MISSING,Surface tag is recommended to assess accessibility
1331590453,way,surface,MISSING,Surface tag is recommended to assess accessibility
1331590463,way,surface,MISSING,Surface tag is recommended to assess accessibility
1331590464,way,surface,MISSING,Surface tag is recommended to assess accessibility
1331590465,way,surface,MISSING,Surface tag is recommended to assess accessibility
1331590466,way,surface,MISSING,Surface tag is recommended to assess accessibility
1331590470,way,surface,MISSING,Surface tag is recommended to assess accessibility
1331590471,way,surface,MISSING,Surface tag is recommended to assess accessibility
1331590480,way,surface,MISSING,Surface tag is recommended to assess accessibility
1331590481,way,surface,MISSING,Surface tag is recommended to assess accessibility
1331590482,way,surface,MISSING,Surface tag is recommended to assess accessibility
1331593051,way,surface,MISSING,Surface tag is recommended to assess accessibility
1331593052,way,surface,MISSING,Surface tag is recommended to assess accessibility
1331593060,way,surface,MISSING,Surface tag is recommended to assess accessibility
1331593061,way,surface,MISSING,Surface tag is recommended to assess accessibility
1331593062,way,surface,MISSING,Surface tag is recommended to assess accessibility
1331593063,way,surface,MISSING,Surface tag is recommended to assess accessibility
1331593064,way,surface,MISSING,Surface tag is recommended to assess accessibility
1331593065,way,surface,MISSING,Surface tag is recommended to assess accessibility
1331593066,way,surface,MISSING,Surface tag is recommended to assess accessibility
1331593072,way,surface,MISSING,Surface tag is recommended to assess accessibility
1331681719,way,surface,MISSING,Surface tag is recommended to assess accessibility
1331681720,way,surface,MISSING,Surface tag is recommended to assess accessibility
1331681725,way,surface,MISSING,Surface tag is recommended to assess accessibility
1331681735,way,surface,MISSING,Surface tag is recommended to assess accessibility
1331681736,way,surface,MISSING,Surface tag is recommended to assess accessibility
1332866675,way,surface,MISSING,Surface tag is recommended to assess accessibility
1332923149,way,surface,MISSING,Surface tag is recommended to assess accessibility
1332923150,way,surface,MISSING,Surface tag is recommended to assess accessibility
1332923203,way,surface,MISSING,Surface tag is recommended to assess accessibility
1332923204,way,surface,MISSING,Surface tag is recommended to assess accessibility
1332923205,way,surface,MISSING,Surface tag is recommended to assess accessibility
1332926187,way,surface,MISSING,Surface tag is recommended to assess accessibility
1333304479,way,surface,MISSING,Surface tag is recommended to assess accessibility
1333304480,way,surface,MISSING,Surface tag is recommended to assess accessibility
1333304491,way,surface,MISSING,Surface tag is recommended to assess accessibility
1333304492,way,surface,MISSING,Surface tag is recommended to assess accessibility
1333332109,way,surface,MISSING,Surface tag is recommended to assess accessibility
1333332110,way,surface,MISSING,Surface tag is recommended to assess accessibility
1333332111,way,surface,MISSING,Surface tag is recommended to assess accessibility
1333433957,way,surface,MISSING,Surface tag is recommended to assess accessibility
1333449102,way,surface,MISSING,Surface tag is recommended to assess accessibility
1333449109,way,surface,MISSING,Surface tag is recommended to assess accessibility
1333449110,way,surface,MISSING,Surface tag is recommended to assess accessibility
1333449111,way,surface,MISSING,Surface tag is recommended to assess accessibility
1334339325,way,surface,MISSING,Surface tag is recommended to assess accessibility
1334339326,way,surface,MISSING,Surface tag is recommended to assess accessibility
1334339327,way,surface,MISSING,Surface tag is recommended to assess accessibility
1334339328,way,surface,MISSING,Surface tag is recommended to assess accessibility
1334339330,way,surface,MISSING,Surface tag is recommended to assess accessibility
1334339331,way,surface,MISSING,Surface tag is recommended to assess accessibility
1334339332,way,surface,MISSING,Surface tag is recommended to assess accessibility
1334339333,way,surface,MISSING,Surface tag is recommended to assess accessibility
1334339334,way,surface,MISSING,Surface tag is recommended to assess accessibility
1334339335,way,surface,MISSING,Surface tag is recommended to assess accessibility
1334339338,way,surface,MISSING,Surface tag is recommended to assess accessibility
1334339339,way,surface,MISSING,Surface tag is recommended to assess accessibility
1334339340,way,surface,MISSING,Surface tag is recommended to assess accessibility
1334339353,way,surface,MISSING,Surface tag is recommended to assess accessibility
1334339354,way,surface,MISSING,Surface tag is recommended to assess accessibility
1334339355,way,surface,MISSING,Surface tag is recommended to assess accessibility
1334339356,way,surface,MISSING,Surface tag is recommended to assess accessibility
1334339357,way,surface,MISSING,Surface tag is recommended to assess accessibility
1334339358,way,surface,MISSING,Surface tag is recommended to assess accessibility
1334339359,way,surface,MISSING,Surface tag is recommended to assess accessibility
1334339361,way,surface,MISSING,Surface tag is recommended to assess accessibility
1334339362,way,surface,MISSING,Surface tag is recommended to assess accessibility
1334339363,way,surface,MISSING,Surface tag is recommended to assess accessibility
1334339364,way,surface,MISSING,Surface tag is recommended to assess accessibility
1334339365,way,surface,MISSING,Surface tag is recommended to assess accessibility
1334339366,way,surface,MISSING,Surface tag is recommended to assess accessibility
1334339367,way,surface,MISSING,Surface tag is recommended to assess accessibility
1334339368,way,surface,MISSING,Surface tag is recommended to assess accessibility
1334339372,way,surface,MISSING,Surface tag is recommended to assess accessibility
1334339373,way,surface,MISSING,Surface tag is recommended to assess accessibility
1334339378,way,surface,MISSING,Surface tag is recommended to assess accessibility
1334339381,way,surface,MISSING,Surface tag is recommended to assess accessibility
1334353303,way,surface,MISSING,Surface tag is recommended to assess accessibility
1334353304,way,surface,MISSING,Surface tag is recommended to assess accessibility
1334353306,way,surface,MISSING,Surface tag is recommended to assess accessibility
1334353315,way,surface,MISSING,Surface tag is recommended to assess accessibility
1334353317,way,surface,MISSING,Surface tag is recommended to assess accessibility
1334353318,way,surface,MISSING,Surface tag is recommended to assess accessibility
1334353319,way,surface,MISSING,Surface tag is recommended to assess accessibility
1334353320,way,surface,MISSING,Surface tag is recommended to assess accessibility
1334353321,way,surface,MISSING,Surface tag is recommended to assess accessibility
1334353322,way,surface,MISSING,Surface tag is recommended to assess accessibility
1334353325,way,surface,MISSING,Surface tag is recommended to assess accessibility
1334353328,way,surface,MISSING,Surface tag is recommended to assess accessibility
1334353343,way,surface,MISSING,Surface tag is recommended to assess accessibility
1334353346,way,surface,MISSING,Surface tag is recommended to assess accessibility
1334353351,way,surface,MISSING,Surface tag is recommended to assess accessibility
1334353362,way,surface,MISSING,Surface tag is recommended to assess accessibility
1334353363,way,surface,MISSING,Surface tag is recommended to assess accessibility
1334353367,way,surface,MISSING,Surface tag is recommended to assess accessibility
1334359755,way,surface,MISSING,Surface tag is recommended to assess accessibility
1334359758,way,surface,MISSING,Surface tag is recommended to assess accessibility
1334359759,way,surface,MISSING,Surface tag is recommended to assess accessibility
1334359766,way,surface,MISSING,Surface tag is recommended to assess accessibility
1334361343,way,surface,MISSING,Surface tag is recommended to assess accessibility
1335062650,way,surface,MISSING,Surface tag is recommended to assess accessibility
1335062665,way,surface,MISSING,Surface tag is recommended to assess accessibility
1335062669,way,surface,MISSING,Surface tag is recommended to assess accessibility
1335062670,way,surface,MISSING,Surface tag is recommended to assess accessibility
1335062672,way,surface,MISSING,Surface tag is recommended to assess accessibility
1335062673,way,surface,MISSING,Surface tag is recommended to assess accessibility
1335062674,way,surface,MISSING,Surface tag is recommended to assess accessibility
1335062675,way,surface,MISSING,Surface tag is recommended to assess accessibility
1335062678,way,surface,MISSING,Surface tag is recommended to assess accessibility
1335062679,way,surface,MISSING,Surface tag is recommended to assess accessibility
1335062680,way,surface,MISSING,Surface tag is recommended to assess accessibility
1335062682,way,surface,MISSING,Surface tag is recommended to assess accessibility
1336436297,way,surface,MISSING,Surface tag is recommended to assess accessibility
1336436482,way,surface,MISSING,Surface tag is recommended to assess accessibility
1336440582,way,surface,MISSING,Surface tag is recommended to assess accessibility
1336917511,way,surface,MISSING,Surface tag is recommended to assess accessibility
1337263927,way,surface,MISSING,Surface tag is recommended to assess accessibility
1337263929,way,surface,MISSING,Surface tag is recommended to assess accessibility
1337263933,way,surface,MISSING,Surface tag is recommended to assess accessibility
1337263934,way,surface,MISSING,Surface tag is recommended to assess accessibility
1337263935,way,surface,MISSING,Surface tag is recommended to assess accessibility
1337263938,way,surface,MISSING,Surface tag is recommended to assess accessibility
1337263952,way,surface,MISSING,Surface tag is recommended to assess accessibility
1338322710,way,surface,MISSING,Surface tag is recommended to assess accessibility
1338322712,way,surface,MISSING,Surface tag is recommended to assess accessibility
1338326669,way,surface,MISSING,Surface tag is recommended to assess accessibility
1339095814,way,surface,MISSING,Surface tag is recommended to assess accessibility
1339698595,way,surface,MISSING,Surface tag is recommended to assess accessibility
1340116199,way,surface,MISSING,Surface tag is recommended to assess accessibility
1340551008,way,surface,MISSING,Surface tag is recommended to assess accessibility
1340551009,way,surface,MISSING,Surface tag is recommended to assess accessibility
1340551012,way,surface,MISSING,Surface tag is recommended to assess accessibility
1340551019,way,surface,MISSING,Surface tag is recommended to assess accessibility
1340551026,way,surface,MISSING,Surface tag is recommended to assess accessibility
1341046110,way,surface,MISSING,Surface tag is recommended to assess accessibility
1343576461,way,surface,MISSING,Surface tag is recommended to assess accessibility
1343576462,way,surface,MISSING,Surface tag is recommended to assess accessibility
1343976772,way,surface,MISSING,Surface tag is recommended to assess accessibility
1343976773,way,surface,MISSING,Surface tag is recommended to assess accessibility
1343976774,way,surface,MISSING,Surface tag is recommended to assess accessibility
1343976777,way,surface,MISSING,Surface tag is recommended to assess accessibility
1344584852,way,surface,MISSING,Surface tag is recommended to assess accessibility
1344586021,way,surface,MISSING,Surface tag is recommended to assess accessibility
1344587996,way,surface,MISSING,Surface tag is recommended to assess accessibility
1344587997,way,surface,MISSING,Surface tag is recommended to assess accessibility
1344643523,way,surface,MISSING,Surface tag is recommended to assess accessibility
1344643528,way,surface,MISSING,Surface tag is recommended to assess accessibility
1344643529,way,surface,MISSING,Surface tag is recommended to assess accessibility
1344643530,way,surface,MISSING,Surface tag is recommended to assess accessibility
1344643531,way,surface,MISSING,Surface tag is recommended to assess accessibility
1344754815,way,surface,MISSING,Surface tag is recommended to assess accessibility
1345260303,way,surface,MISSING,Surface tag is recommended to assess accessibility
1345263757,way,surface,MISSING,Surface tag is recommended to assess accessibility
1346007096,way,surface,MISSING,Surface tag is recommended to assess accessibility
1346007098,way,surface,MISSING,Surface tag is recommended to assess accessibility
1346007100,way,surface,MISSING,Surface tag is recommended to assess accessibility
1346007101,way,surface,MISSING,Surface tag is recommended to assess accessibility
1346007109,way,surface,MISSING,Surface tag is recommended to assess accessibility
1346007110,way,surface,MISSING,Surface tag is recommended to assess accessibility
1346007111,way,surface,MISSING,Surface tag is recommended to assess accessibility
1346007116,way,surface,MISSING,Surface tag is recommended to assess accessibility
1346007117,way,surface,MISSING,Surface tag is recommended to assess accessibility
1346007118,way,surface,MISSING,Surface tag is recommended to assess accessibility
1346007122,way,surface,MISSING,Surface tag is recommended to assess accessibility
1346007123,way,surface,MISSING,Surface tag is recommended to assess accessibility
1346007124,way,surface,MISSING,Surface tag is recommended to assess accessibility
1346007125,way,surface,MISSING,Surface tag is recommended to assess accessibility
1346280889,way,surface,MISSING,Surface tag is recommended to assess accessibility
1346280916,way,surface,MISSING,Surface tag is recommended to assess accessibility
1346280917,way,surface,MISSING,Surface tag is recommended to assess accessibility
1346280936,way,surface,MISSING,Surface tag is recommended to assess accessibility
1346280937,way,surface,MISSING,Surface tag is recommended to assess accessibility
1346280938,way,surface,MISSING,Surface tag is recommended to assess accessibility
1346280960,way,surface,MISSING,Surface tag is recommended to assess accessibility
1346280963,way,surface,MISSING,Surface tag is recommended to assess accessibility
1346280964,way,surface,MISSING,Surface tag is recommended to assess accessibility
1346280969,way,surface,MISSING,Surface tag is recommended to assess accessibility
1346280970,way,surface,MISSING,Surface tag is recommended to assess accessibility
1346280972,way,surface,MISSING,Surface tag is recommended to assess accessibility
1346280998,way,surface,MISSING,Surface tag is recommended to assess accessibility
1348510495,way,surface,MISSING,Surface tag is recommended to assess accessibility
1353801219,way,surface,MISSING,Surface tag is recommended to assess accessibility
1353801220,way,surface,MISSING,Surface tag is recommended to assess accessibility
1354937103,way,surface,MISSING,Surface tag is recommended to assess accessibility
1354937104,way,surface,MISSING,Surface tag is recommended to assess accessibility
1354978567,way,surface,MISSING,Surface tag is recommended to assess accessibility
1354978592,way,surface,MISSING,Surface tag is recommended to assess accessibility
1354978593,way,surface,MISSING,Surface tag is recommended to assess accessibility
1354978594,way,surface,MISSING,Surface tag is recommended to assess accessibility
1354978597,way,surface,MISSING,Surface tag is recommended to assess accessibility
1354978601,way,surface,MISSING,Surface tag is recommended to assess accessibility
1354981808,way,surface,MISSING,Surface tag is recommended to assess accessibility
1354981809,way,surface,MISSING,Surface tag is recommended to assess accessibility
1354985942,way,surface,MISSING,Surface tag is recommended to assess accessibility
1354985943,way,surface,MISSING,Surface tag is recommended to assess accessibility
1354985944,way,surface,MISSING,Surface tag is recommended to assess accessibility
1354985945,way,surface,MISSING,Surface tag is recommended to assess accessibility
1354985948,way,surface,MISSING,Surface tag is recommended to assess accessibility
1354985950,way,surface,MISSING,Surface tag is recommended to assess accessibility
1354985984,way,surface,MISSING,Surface tag is recommended to assess accessibility
1354985999,way,surface,MISSING,Surface tag is recommended to assess accessibility
1354986000,way,surface,MISSING,Surface tag is recommended to assess accessibility
1354986020,way,surface,MISSING,Surface tag is recommended to assess accessibility
1354986033,way,surface,MISSING,Surface tag is recommended to assess accessibility
1354996023,way,surface,MISSING,Surface tag is recommended to assess accessibility
1354996028,way,surface,MISSING,Surface tag is recommended to assess accessibility
1354996065,way,surface,MISSING,Surface tag is recommended to assess accessibility
1354996066,way,surface,MISSING,Surface tag is recommended to assess accessibility
1354996067,way,surface,MISSING,Surface tag is recommended to assess accessibility
1354996092,way,surface,MISSING,Surface tag is recommended to assess accessibility
1354996096,way,surface,MISSING,Surface tag is recommended to assess accessibility
1354996097,way,surface,MISSING,Surface tag is recommended to assess accessibility
1355164190,way,surface,MISSING,Surface tag is recommended to assess accessibility
1355164197,way,surface,MISSING,Surface tag is recommended to assess accessibility
1355170869,way,surface,MISSING,Surface tag is recommended to assess accessibility
1355170870,way,surface,MISSING,Surface tag is recommended to assess accessibility
1355170875,way,surface,MISSING,Surface tag is recommended to assess accessibility
1355170883,way,surface,MISSING,Surface tag is recommended to assess accessibility
1355170911,way,surface,MISSING,Surface tag is recommended to assess accessibility
1355179983,way,surface,MISSING,Surface tag is recommended to assess accessibility
1355179984,way,surface,MISSING,Surface tag is recommended to assess accessibility
1355179985,way,surface,MISSING,Surface tag is recommended to assess accessibility
1355180039,way,surface,MISSING,Surface tag is recommended to assess accessibility
1355180044,way,surface,MISSING,Surface tag is recommended to assess accessibility
1355185074,way,surface,MISSING,Surface tag is recommended to assess accessibility
1355185075,way,surface,MISSING,Surface tag is recommended to assess accessibility
1355185076,way,surface,MISSING,Surface tag is recommended to assess accessibility
1355185077,way,surface,MISSING,Surface tag is recommended to assess accessibility
1355185078,way,surface,MISSING,Surface tag is recommended to assess accessibility
1355185082,way,surface,MISSING,Surface tag is recommended to assess accessibility
1355185083,way,surface,MISSING,Surface tag is recommended to assess accessibility
1355185084,way,surface,MISSING,Surface tag is recommended to assess accessibility
1355185087,way,surface,MISSING,Surface tag is recommended to assess accessibility
1355185088,way,surface,MISSING,Surface tag is recommended to assess accessibility
1355185089,way,surface,MISSING,Surface tag is recommended to assess accessibility
1355185090,way,surface,MISSING,Surface tag is recommended to assess accessibility
1355185091,way,surface,MISSING,Surface tag is recommended to assess accessibility
1355185092,way,surface,MISSING,Surface tag is recommended to assess accessibility
1355185093,way,surface,MISSING,Surface tag is recommended to assess accessibility
1355185094,way,surface,MISSING,Surface tag is recommended to assess accessibility
1355185096,way,surface,MISSING,Surface tag is recommended to assess accessibility
1355185097,way,surface,MISSING,Surface tag is recommended to assess accessibility
1355185098,way,surface,MISSING,Surface tag is recommended to assess accessibility
1355185099,way,surface,MISSING,Surface tag is recommended to assess accessibility
1355185100,way,surface,MISSING,Surface tag is recommended to assess accessibility
1355185102,way,surface,MISSING,Surface tag is recommended to assess accessibility
1355185103,way,surface,MISSING,Surface tag is recommended to assess accessibility
1355185104,way,surface,MISSING,Surface tag is recommended to assess accessibility
1355185107,way,surface,MISSING,Surface tag is recommended to assess accessibility
1355185108,way,surface,MISSING,Surface tag is recommended to assess accessibility
1355185109,way,surface,MISSING,Surface tag is recommended to assess accessibility
1355185110,way,surface,MISSING,Surface tag is recommended to assess accessibility
1355185111,way,surface,MISSING,Surface tag is recommended to assess accessibility
1355185112,way,surface,MISSING,Surface tag is recommended to assess accessibility
1355185113,way,surface,MISSING,Surface tag is recommended to assess accessibility
1355185114,way,surface,MISSING,Surface tag is recommended to assess accessibility
1355185115,way,surface,MISSING,Surface tag is recommended to assess accessibility
1355185116,way,surface,MISSING,Surface tag is recommended to assess accessibility
1355185118,way,surface,MISSING,Surface tag is recommended to assess accessibility
1355185119,way,surface,MISSING,Surface tag is recommended to assess accessibility
1355185120,way,surface,MISSING,Surface tag is recommended to assess accessibility
1355185121,way,surface,MISSING,Surface tag is recommended to assess accessibility
1355185125,way,surface,MISSING,Surface tag is recommended to assess accessibility
1355185126,way,surface,MISSING,Surface tag is recommended to assess accessibility
1355189459,way,surface,MISSING,Surface tag is recommended to assess accessibility
1355189460,way,surface,MISSING,Surface tag is recommended to assess accessibility
1355189461,way,surface,MISSING,Surface tag is recommended to assess accessibility
1355189462,way,surface,MISSING,Surface tag is recommended to assess accessibility
1355189463,way,surface,MISSING,Surface tag is recommended to assess accessibility
1355189464,way,surface,MISSING,Surface tag is recommended to assess accessibility
1355189465,way,surface,MISSING,Surface tag is recommended to assess accessibility
1355189466,way,surface,MISSING,Surface tag is recommended to assess accessibility
1355189471,way,surface,MISSING,Surface tag is recommended to assess accessibility
1355189472,way,surface,MISSING,Surface tag is recommended to assess accessibility
1355189473,way,surface,MISSING,Surface tag is recommended to assess accessibility
1355189474,way,surface,MISSING,Surface tag is recommended to assess accessibility
1355189476,way,surface,MISSING,Surface tag is recommended to assess accessibility
1355189477,way,surface,MISSING,Surface tag is recommended to assess accessibility
1355189478,way,surface,MISSING,Surface tag is recommended to assess accessibility
1355189479,way,surface,MISSING,Surface tag is recommended to assess accessibility
1355189480,way,surface,MISSING,Surface tag is recommended to assess accessibility
1355189481,way,surface,MISSING,Surface tag is recommended to assess accessibility
1355189482,way,surface,MISSING,Surface tag is recommended to assess accessibility
1355189483,way,surface,MISSING,Surface tag is recommended to assess accessibility
1355189484,way,surface,MISSING,Surface tag is recommended to assess accessibility
1355189485,way,surface,MISSING,Surface tag is recommended to assess accessibility
1355189486,way,surface,MISSING,Surface tag is recommended to assess accessibility
1355189487,way,surface,MISSING,Surface tag is recommended to assess accessibility
1355189488,way,surface,MISSING,Surface tag is recommended to assess accessibility
1355189489,way,surface,MISSING,Surface tag is recommended to assess accessibility
1355189490,way,surface,MISSING,Surface tag is recommended to assess accessibility
1355189491,way,surface,MISSING,Surface tag is recommended to assess accessibility
1355189492,way,surface,MISSING,Surface tag is recommended to assess accessibility
1355189514,way,surface,MISSING,Surface tag is recommended to assess accessibility
1355189539,way,surface,MISSING,Surface tag is recommended to assess accessibility
1355189540,way,surface,MISSING,Surface tag is recommended to assess accessibility
1355189541,way,surface,MISSING,Surface tag is recommended to assess accessibility
1355189542,way,surface,MISSING,Surface tag is recommended to assess accessibility
1355189544,way,surface,MISSING,Surface tag is recommended to assess accessibility
1355189545,way,surface,MISSING,Surface tag is recommended to assess accessibility
1355189547,way,surface,MISSING,Surface tag is recommended to assess accessibility
1355189548,way,surface,MISSING,Surface tag is recommended to assess accessibility
1355189549,way,surface,MISSING,Surface tag is recommended to assess accessibility
1355189550,way,surface,MISSING,Surface tag is recommended to assess accessibility
1355189551,way,surface,MISSING,Surface tag is recommended to assess accessibility
1355189552,way,surface,MISSING,Surface tag is recommended to assess accessibility
1355189553,way,surface,MISSING,Surface tag is recommended to assess accessibility
1355189554,way,surface,MISSING,Surface tag is recommended to assess accessibility
1355189556,way,surface,MISSING,Surface tag is recommended to assess accessibility
1355189557,way,surface,MISSING,Surface tag is recommended to assess accessibility
1355189558,way,surface,MISSING,Surface tag is recommended to assess accessibility
1355189559,way,surface,MISSING,Surface tag is recommended to assess accessibility
1355189560,way,surface,MISSING,Surface tag is recommended to assess accessibility
1355189561,way,surface,MISSING,Surface tag is recommended to assess accessibility
1355189562,way,surface,MISSING,Surface tag is recommended to assess accessibility
1355189563,way,surface,MISSING,Surface tag is recommended to assess accessibility
1355189568,way,surface,MISSING,Surface tag is recommended to assess accessibility
1355189569,way,surface,MISSING,Surface tag is recommended to assess accessibility
1355189570,way,surface,MISSING,Surface tag is recommended to assess accessibility
1355189571,way,surface,MISSING,Surface tag is recommended to assess accessibility
1355189572,way,surface,MISSING,Surface tag is recommended to assess accessibility
1355189573,way,surface,MISSING,Surface tag is recommended to assess accessibility
1355189574,way,surface,MISSING,Surface tag is recommended to assess accessibility
1355189575,way,surface,MISSING,Surface tag is recommended to assess accessibility
1355189576,way,surface,MISSING,Surface tag is recommended to assess accessibility
1355189577,way,surface,MISSING,Surface tag is recommended to assess accessibility
1355189578,way,surface,MISSING,Surface tag is recommended to assess accessibility
1355189579,way,surface,MISSING,Surface tag is recommended to assess accessibility
1355189580,way,surface,MISSING,Surface tag is recommended to assess accessibility
1355189581,way,surface,MISSING,Surface tag is recommended to assess accessibility
1355189582,way,surface,MISSING,Surface tag is recommended to assess accessibility
1355189583,way,surface,MISSING,Surface tag is recommended to assess accessibility
1355189584,way,surface,MISSING,Surface tag is recommended to assess accessibility
1355189585,way,surface,MISSING,Surface tag is recommended to assess accessibility
1355189586,way,surface,MISSING,Surface tag is recommended to assess accessibility
1355189587,way,surface,MISSING,Surface tag is recommended to assess accessibility
1355189588,way,surface,MISSING,Surface tag is recommended to assess accessibility
1355189589,way,surface,MISSING,Surface tag is recommended to assess accessibility
1355189590,way,surface,MISSING,Surface tag is recommended to assess accessibility
1355189591,way,surface,MISSING,Surface tag is recommended to assess accessibility
1355189592,way,surface,MISSING,Surface tag is recommended to assess accessibility
1355189593,way,surface,MISSING,Surface tag is recommended to assess accessibility
1355189594,way,surface,MISSING,Surface tag is recommended to assess accessibility
1355189595,way,surface,MISSING,Surface tag is recommended to assess accessibility
1355189596,way,surface,MISSING,Surface tag is recommended to assess accessibility
1355189599,way,surface,MISSING,Surface tag is recommended to assess accessibility
1355189600,way,surface,MISSING,Surface tag is recommended to assess accessibility
1355189601,way,surface,MISSING,Surface tag is recommended to assess accessibility
1355189602,way,surface,MISSING,Surface tag is recommended to assess accessibility
1355189603,way,surface,MISSING,Surface tag is recommended to assess accessibility
1355189604,way,surface,MISSING,Surface tag is recommended to assess accessibility
1355189605,way,surface,MISSING,Surface tag is recommended to assess accessibility
1355189606,way,surface,MISSING,Surface tag is recommended to assess accessibility
1355192377,way,surface,MISSING,Surface tag is recommended to assess accessibility
1355192378,way,surface,MISSING,Surface tag is recommended to assess accessibility
1355192379,way,surface,MISSING,Surface tag is recommended to assess accessibility
1355192380,way,surface,MISSING,Surface tag is recommended to assess accessibility
1355192381,way,surface,MISSING,Surface tag is recommended to assess accessibility
1355192382,way,surface,MISSING,Surface tag is recommended to assess accessibility
1355192383,way,surface,MISSING,Surface tag is recommended to assess accessibility
1355192384,way,surface,MISSING,Surface tag is recommended to assess accessibility
1355193377,way,surface,MISSING,Surface tag is recommended to assess accessibility
1355193378,way,surface,MISSING,Surface tag is recommended to assess accessibility
1355829403,way,surface,MISSING,Surface tag is recommended to assess accessibility
1356383300,way,surface,MISSING,Surface tag is recommended to assess accessibility
1356383301,way,surface,MISSING,Surface tag is recommended to assess accessibility
1356383308,way,surface,MISSING,Surface tag is recommended to assess accessibility
1356383344,way,surface,MISSING,Surface tag is recommended to assess accessibility
1356383345,way,surface,MISSING,Surface tag is recommended to assess accessibility
1356383351,way,surface,MISSING,Surface tag is recommended to assess accessibility
1356383367,way,surface,MISSING,Surface tag is recommended to assess accessibility
1356383368,way,surface,MISSING,Surface tag is recommended to assess accessibility
1356383369,way,surface,MISSING,Surface tag is recommended to assess accessibility
1356383371,way,surface,MISSING,Surface tag is recommended to assess accessibility
1356383385,way,surface,MISSING,Surface tag is recommended to assess accessibility
1356383386,way,surface,MISSING,Surface tag is recommended to assess accessibility
1356383392,way,surface,MISSING,Surface tag is recommended to assess accessibility
1356383398,way,surface,MISSING,Surface tag is recommended to assess accessibility
1356383407,way,surface,MISSING,Surface tag is recommended to assess accessibility
1356383408,way,surface,MISSING,Surface tag is recommended to assess accessibility
1356383409,way,surface,MISSING,Surface tag is recommended to assess accessibility
1358557342,way,surface,MISSING,Surface tag is recommended to assess accessibility
1358557343,way,surface,MISSING,Surface tag is recommended to assess accessibility
1358557344,way,surface,MISSING,Surface tag is recommended to assess accessibility
1358629526,way,surface,MISSING,Surface tag is recommended to assess accessibility
1359142092,way,surface,MISSING,Surface tag is recommended to assess accessibility
1359142093,way,surface,MISSING,Surface tag is recommended to assess accessibility
1360064974,way,surface,MISSING,Surface tag is recommended to assess accessibility
1360645791,way,surface,MISSING,Surface tag is recommended to assess accessibility
1360645792,way,surface,MISSING,Surface tag is recommended to assess accessibility
1360645798,way,surface,MISSING,Surface tag is recommended to assess accessibility
1360645799,way,surface,MISSING,Surface tag is recommended to assess accessibility
1360645801,way,surface,MISSING,Surface tag is recommended to assess accessibility
1360645802,way,surface,MISSING,Surface tag is recommended to assess accessibility
1360645804,way,surface,MISSING,Surface tag is recommended to assess accessibility
1360645815,way,surface,MISSING,Surface tag is recommended to assess accessibility
1360645816,way,surface,MISSING,Surface tag is recommended to assess accessibility
1360645819,way,surface,MISSING,Surface tag is recommended to assess accessibility
1360645821,way,surface,MISSING,Surface tag is recommended to assess accessibility
1360645822,way,surface,MISSING,Surface tag is recommended to assess accessibility
1360645823,way,surface,MISSING,Surface tag is recommended to assess accessibility
1360645840,way,surface,MISSING,Surface tag is recommended to assess accessibility
1360645841,way,surface,MISSING,Surface tag is recommended to assess accessibility
1360645842,way,surface,MISSING,Surface tag is recommended to assess accessibility
1361197774,way,surface,MISSING,Surface tag is recommended to assess accessibility
1361732709,way,surface,MISSING,Surface tag is recommended to assess accessibility
1361740898,way,surface,MISSING,Surface tag is recommended to assess accessibility
1361740899,way,surface,MISSING,Surface tag is recommended to assess accessibility
1361752753,way,surface,MISSING,Surface tag is recommended to assess accessibility
1361752756,way,surface,MISSING,Surface tag is recommended to assess accessibility
1362277967,way,surface,MISSING,Surface tag is recommended to assess accessibility
1362277968,way,surface,MISSING,Surface tag is recommended to assess accessibility
1362277969,way,surface,MISSING,Surface tag is recommended to assess accessibility
1362277971,way,surface,MISSING,Surface tag is recommended to assess accessibility
1362277972,way,surface,MISSING,Surface tag is recommended to assess accessibility
1362277977,way,surface,MISSING,Surface tag is recommended to assess accessibility
1362277978,way,surface,MISSING,Surface tag is recommended to assess accessibility
1362277979,way,surface,MISSING,Surface tag is recommended to assess accessibility
1362277980,way,surface,MISSING,Surface tag is recommended to assess accessibility
1362277982,way,surface,MISSING,Surface tag is recommended to assess accessibility
1363049145,way,surface,MISSING,Surface tag is recommended to assess accessibility
1364637669,way,surface,MISSING,Surface tag is recommended to assess accessibility
1364637670,way,surface,MISSING,Surface tag is recommended to assess accessibility
1364637671,way,surface,MISSING,Surface tag is recommended to assess accessibility
1365068567,way,surface,MISSING,Surface tag is recommended to assess accessibility
1365076552,way,surface,MISSING,Surface tag is recommended to assess accessibility
1365084157,way,surface,MISSING,Surface tag is recommended to assess accessibility
1365327896,way,surface,MISSING,Surface tag is recommended to assess accessibility
1365390795,way,surface,MISSING,Surface tag is recommended to assess accessibility
1365390797,way,surface,MISSING,Surface tag is recommended to assess accessibility
1365395902,way,surface,MISSING,Surface tag is recommended to assess accessibility
1365395903,way,surface,MISSING,Surface tag is recommended to assess accessibility
1365395904,way,surface,MISSING,Surface tag is recommended to assess accessibility
1365395905,way,surface,MISSING,Surface tag is recommended to assess accessibility
1365395906,way,surface,MISSING,Surface tag is recommended to assess accessibility
1365395907,way,surface,MISSING,Surface tag is recommended to assess accessibility
1365399853,way,surface,MISSING,Surface tag is recommended to assess accessibility
1365399854,way,surface,MISSING,Surface tag is recommended to assess accessibility
1365399855,way,surface,MISSING,Surface tag is recommended to assess accessibility
1365399856,way,surface,MISSING,Surface tag is recommended to assess accessibility
1365399857,way,surface,MISSING,Surface tag is recommended to assess accessibility
1365399859,way,surface,MISSING,Surface tag is recommended to assess accessibility
1365399860,way,surface,MISSING,Surface tag is recommended to assess accessibility
1365399861,way,surface,MISSING,Surface tag is recommended to assess accessibility
1366053284,way,surface,MISSING,Surface tag is recommended to assess accessibility
1366593385,way,surface,MISSING,Surface tag is recommended to assess accessibility
1366593386,way,surface,MISSING,Surface tag is recommended to assess accessibility
1366593387,way,surface,MISSING,Surface tag is recommended to assess accessibility
1366593388,way,surface,MISSING,Surface tag is recommended to assess accessibility
1366593389,way,surface,MISSING,Surface tag is recommended to assess accessibility
1367347241,way,surface,MISSING,Surface tag is recommended to assess accessibility
1367347242,way,surface,MISSING,Surface tag is recommended to assess accessibility
1367347243,way,surface,MISSING,Surface tag is recommended to assess accessibility
1373313862,way,surface,MISSING,Surface tag is recommended to assess accessibility
1373690494,way,surface,MISSING,Surface tag is recommended to assess accessibility
1373690498,way,surface,MISSING,Surface tag is recommended to assess accessibility
1373690499,way,surface,MISSING,Surface tag is recommended to assess accessibility
1374090663,way,surface,MISSING,Surface tag is recommended to assess accessibility
1374090664,way,surface,MISSING,Surface tag is recommended to assess accessibility
1374090667,way,surface,MISSING,Surface tag is recommended to assess accessibility
1374090670,way,surface,MISSING,Surface tag is recommended to assess accessibility
1374090695,way,surface,MISSING,Surface tag is recommended to assess accessibility
1374090713,way,surface,MISSING,Surface tag is recommended to assess accessibility
1374090714,way,surface,MISSING,Surface tag is recommended to assess accessibility
1374090715,way,surface,MISSING,Surface tag is recommended to assess accessibility
1374090716,way,surface,MISSING,Surface tag is recommended to assess accessibility
1374090717,way,surface,MISSING,Surface tag is recommended to assess accessibility
1374090718,way,surface,MISSING,Surface tag is recommended to assess accessibility
1374090719,way,surface,MISSING,Surface tag is recommended to assess accessibility
1376749787,way,surface,MISSING,Surface tag is recommended to assess accessibility
1376749790,way,surface,MISSING,Surface tag is recommended to assess accessibility
1378377766,way,surface,MISSING,Surface tag is recommended to assess accessibility
1378377767,way,surface,MISSING,Surface tag is recommended to assess accessibility
1378377768,way,surface,MISSING,Surface tag is recommended to assess accessibility
1378377769,way,surface,MISSING,Surface tag is recommended to assess accessibility
1378377770,way,surface,MISSING,Surface tag is recommended to assess accessibility
1378581048,way,surface,MISSING,Surface tag is recommended to assess accessibility
1378581049,way,surface,MISSING,Surface tag is recommended to assess accessibility
1378642612,way,surface,MISSING,Surface tag is recommended to assess accessibility
1378642613,way,surface,MISSING,Surface tag is recommended to assess accessibility
1378642614,way,surface,MISSING,Surface tag is recommended to assess accessibility
1378642615,way,surface,MISSING,Surface tag is recommended to assess accessibility
1378642616,way,surface,MISSING,Surface tag is recommended to assess accessibility
1378642617,way,surface,MISSING,Surface tag is recommended to assess accessibility
1378642618,way,surface,MISSING,Surface tag is recommended to assess accessibility
1378645707,way,surface,MISSING,Surface tag is recommended to assess accessibility
1378663140,way,surface,MISSING,Surface tag is recommended to assess accessibility
1378663141,way,surface,MISSING,Surface tag is recommended to assess accessibility
1378688783,way,surface,MISSING,Surface tag is recommended to assess accessibility
1378689430,way,surface,MISSING,Surface tag is recommended to assess accessibility
1378689431,way,surface,MISSING,Surface tag is recommended to assess accessibility
1378689432,way,surface,MISSING,Surface tag is recommended to assess accessibility
1381718490,way,surface,MISSING,Surface tag is recommended to assess accessibility
1381718491,way,surface,MISSING,Surface tag is recommended to assess accessibility
1381718492,way,surface,MISSING,Surface tag is recommended to assess accessibility
1382103926,way,surface,MISSING,Surface tag is recommended to assess accessibility
1382824036,way,surface,MISSING,Surface tag is recommended to assess accessibility
1383817317,way,surface,MISSING,Surface tag is recommended to assess accessibility
1383824378,way,surface,MISSING,Surface tag is recommended to assess accessibility
1385459064,way,surface,MISSING,Surface tag is recommended to assess accessibility
1387618645,way,surface,MISSING,Surface tag is recommended to assess accessibility
1387849472,way,surface,MISSING,Surface tag is recommended to assess accessibility
1388224580,way,surface,MISSING,Surface tag is recommended to assess accessibility
1388228360,way,surface,MISSING,Surface tag is recommended to assess accessibility
1388228361,way,surface,MISSING,Surface tag is recommended to assess accessibility
1388228362,way,surface,MISSING,Surface tag is recommended to assess accessibility
1388228363,way,surface,MISSING,Surface tag is recommended to assess accessibility
1388228364,way,surface,MISSING,Surface tag is recommended to assess accessibility
1388228365,way,surface,MISSING,Surface tag is recommended to assess accessibility
1388228367,way,surface,MISSING,Surface tag is recommended to assess accessibility
1388228369,way,surface,MISSING,Surface tag is recommended to assess accessibility
1388228370,way,surface,MISSING,Surface tag is recommended to assess accessibility
1388605842,way,surface,MISSING,Surface tag is recommended to assess accessibility
1388605851,way,surface,MISSING,Surface tag is recommended to assess accessibility
1391368588,way,surface,MISSING,Surface tag is recommended to assess accessibility
1392282896,way,surface,MISSING,Surface tag is recommended to assess accessibility
1393900861,way,surface,MISSING,Surface tag is recommended to assess accessibility
1393900862,way,surface,MISSING,Surface tag is recommended to assess accessibility
1393900863,way,surface,MISSING,Surface tag is recommended to assess accessibility
1393900864,way,surface,MISSING,Surface tag is recommended to assess accessibility
1393900866,way,surface,MISSING,Surface tag is recommended to assess accessibility
1393900867,way,surface,MISSING,Surface tag is recommended to assess accessibility
1394819454,way,surface,MISSING,Surface tag is recommended to assess accessibility
1394819455,way,surface,MISSING,Surface tag is recommended to assess accessibility
1395556381,way,surface,MISSING,Surface tag is recommended to assess accessibility
1396564328,way,surface,MISSING,Surface tag is recommended to assess accessibility
1396564329,way,surface,MISSING,Surface tag is recommended to assess accessibility
1409684371,way,surface,MISSING,Surface tag is recommended to assess accessibility
1409684372,way,surface,MISSING,Surface tag is recommended to assess accessibility
1409684373,way,surface,MISSING,Surface tag is recommended to assess accessibility
1409684374,way,surface,MISSING,Surface tag is recommended to assess accessibility
1409684376,way,surface,MISSING,Surface tag is recommended to assess accessibility
1409684377,way,surface,MISSING,Surface tag is recommended to assess accessibility
1409848330,way,surface,MISSING,Surface tag is recommended to assess accessibility
1410368664,way,surface,MISSING,Surface tag is recommended to assess accessibility
1410580158,way,surface,MISSING,Surface tag is recommended to assess accessibility
1411506478,way,surface,MISSING,Surface tag is recommended to assess accessibility
1411506479,way,surface,MISSING,Surface tag is recommended to assess accessibility
1412263069,way,surface,MISSING,Surface tag is recommended to assess accessibility
1412993117,way,surface,MISSING,Surface tag is recommended to assess accessibility
1413861878,way,surface,MISSING,Surface tag is recommended to assess accessibility
1414428355,way,surface,MISSING,Surface tag is recommended to assess accessibility
1414587501,way,surface,MISSING,Surface tag is recommended to assess accessibility
1415463874,way,surface,MISSING,Surface tag is recommended to assess accessibility
1415463875,way,surface,MISSING,Surface tag is recommended to assess accessibility
1415463876,way,surface,MISSING,Surface tag is recommended to assess accessibility
1415734120,way,surface,MISSING,Surface tag is recommended to assess accessibility
1415734121,way,surface,MISSING,Surface tag is recommended to assess accessibility
1415943580,way,surface,MISSING,Surface tag is recommended to assess accessibility
1415943581,way,surface,MISSING,Surface tag is recommended to assess accessibility
1415943582,way,surface,MISSING,Surface tag is recommended to assess accessibility
1416184681,way,surface,MISSING,Surface tag is recommended to assess accessibility
1416184683,way,surface,MISSING,Surface tag is recommended to assess accessibility
1416186519,way,surface,MISSING,Surface tag is recommended to assess accessibility
1416186524,way,surface,MISSING,Surface tag is recommended to assess accessibility
1416186525,way,surface,MISSING,Surface tag is recommended to assess accessibility
1416186526,way,surface,MISSING,Surface tag is recommended to assess accessibility
1416186527,way,surface,MISSING,Surface tag is recommended to assess accessibility
1416362699,way,surface,MISSING,Surface tag is recommended to assess accessibility
1416835197,way,surface,MISSING,Surface tag is recommended to assess accessibility
1416835203,way,surface,MISSING,Surface tag is recommended to assess accessibility
1417743763,way,surface,MISSING,Surface tag is recommended to assess accessibility
1417743772,way,surface,MISSING,Surface tag is recommended to assess accessibility
1418076741,way,surface,MISSING,Surface tag is recommended to assess accessibility
1418076742,way,surface,MISSING,Surface tag is recommended to assess accessibility
1418159412,way,surface,MISSING,Surface tag is recommended to assess accessibility
1418162614,way,surface,MISSING,Surface tag is recommended to assess accessibility
1418162625,way,surface,MISSING,Surface tag is recommended to assess accessibility
1418162626,way,surface,MISSING,Surface tag is recommended to assess accessibility
1418162627,way,surface,MISSING,Surface tag is recommended to assess accessibility
1418165454,way,surface,MISSING,Surface tag is recommended to assess accessibility
1418165459,way,surface,MISSING,Surface tag is recommended to assess accessibility
1418165467,way,surface,MISSING,Surface tag is recommended to assess accessibility
1418171659,way,surface,MISSING,Surface tag is recommended to assess accessibility
1418171661,way,surface,MISSING,Surface tag is recommended to assess accessibility
1418499024,way,surface,MISSING,Surface tag is recommended to assess accessibility
1418971015,way,surface,MISSING,Surface tag is recommended to assess accessibility
1418971016,way,surface,MISSING,Surface tag is recommended to assess accessibility
1418971017,way,surface,MISSING,Surface tag is recommended to assess accessibility
1418971018,way,surface,MISSING,Surface tag is recommended to assess accessibility
1418971019,way,surface,MISSING,Surface tag is recommended to assess accessibility
1419082955,way,surface,MISSING,Surface tag is recommended to assess accessibility
1420615369,way,surface,MISSING,Surface tag is recommended to assess accessibility
1420615370,way,surface,MISSING,Surface tag is recommended to assess accessibility
1420669224,way,surface,MISSING,Surface tag is recommended to assess accessibility
1420727093,way,surface,MISSING,Surface tag is recommended to assess accessibility
1421059282,way,surface,MISSING,Surface tag is recommended to assess accessibility
1421059283,way,surface,MISSING,Surface tag is recommended to assess accessibility
1421059284,way,surface,MISSING,Surface tag is recommended to assess accessibility
1421217328,way,surface,MISSING,Surface tag is recommended to assess accessibility
1422641615,way,surface,MISSING,Surface tag is recommended to assess accessibility
1423079057,way,surface,MISSING,Surface tag is recommended to assess accessibility
1424156314,way,surface,MISSING,Surface tag is recommended to assess accessibility
1424156315,way,surface,MISSING,Surface tag is recommended to assess accessibility
1424156316,way,surface,MISSING,Surface tag is recommended to assess accessibility
1424156317,way,surface,MISSING,Surface tag is recommended to assess accessibility
1424156318,way,surface,MISSING,Surface tag is recommended to assess accessibility
1424156319,way,surface,MISSING,Surface tag is recommended to assess accessibility
1424654074,way,surface,MISSING,Surface tag is recommended to assess accessibility
1424654504,way,surface,MISSING,Surface tag is recommended to assess accessibility
1424654505,way,surface,MISSING,Surface tag is recommended to assess accessibility
1425743313,way,surface,MISSING,Surface tag is recommended to assess accessibility
1425743314,way,surface,MISSING,Surface tag is recommended to assess accessibility
1426562374,way,surface,MISSING,Surface tag is recommended to assess accessibility
1426736495,way,surface,MISSING,Surface tag is recommended to assess accessibility
1426868947,way,surface,MISSING,Surface tag is recommended to assess accessibility
1427681552,way,surface,MISSING,Surface tag is recommended to assess accessibility
1429687430,way,surface,MISSING,Surface tag is recommended to assess accessibility
1429687431,way,surface,MISSING,Surface tag is recommended to assess accessibility
1429687432,way,surface,MISSING,Surface tag is recommended to assess accessibility
1430823820,way,surface,MISSING,Surface tag is recommended to assess accessibility
1431074887,way,surface,MISSING,Surface tag is recommended to assess accessibility
1431075815,way,surface,MISSING,Surface tag is recommended to assess accessibility
1431075819,way,surface,MISSING,Surface tag is recommended to assess accessibility
1431075821,way,surface,MISSING,Surface tag is recommended to assess accessibility
1431075823,way,surface,MISSING,Surface tag is recommended to assess accessibility
1431075825,way,surface,MISSING,Surface tag is recommended to assess accessibility
1431075827,way,surface,MISSING,Surface tag is recommended to assess accessibility
1431077565,way,surface,MISSING,Surface tag is recommended to assess accessibility
1431078933,way,surface,MISSING,Surface tag is recommended to assess accessibility
1431080047,way,surface,MISSING,Surface tag is recommended to assess accessibility
1431081070,way,surface,MISSING,Surface tag is recommended to assess accessibility
1431081071,way,surface,MISSING,Surface tag is recommended to assess accessibility
1431084166,way,surface,MISSING,Surface tag is recommended to assess accessibility
1431084168,way,surface,MISSING,Surface tag is recommended to assess accessibility
1431084170,way,surface,MISSING,Surface tag is recommended to assess accessibility
1431084171,way,surface,MISSING,Surface tag is recommended to assess accessibility
1431085272,way,surface,MISSING,Surface tag is recommended to assess accessibility
1431085273,way,surface,MISSING,Surface tag is recommended to assess accessibility
1431085274,way,surface,MISSING,Surface tag is recommended to assess accessibility
1431085277,way,surface,MISSING,Surface tag is recommended to assess accessibility
1431086861,way,surface,MISSING,Surface tag is recommended to assess accessibility
1431089033,way,surface,MISSING,Surface tag is recommended to assess accessibility
1431089037,way,surface,MISSING,Surface tag is recommended to assess accessibility
1431089038,way,surface,MISSING,Surface tag is recommended to assess accessibility
1431089040,way,surface,MISSING,Surface tag is recommended to assess accessibility
1431089041,way,surface,MISSING,Surface tag is recommended to assess accessibility
1431089042,way,surface,MISSING,Surface tag is recommended to assess accessibility
1431089043,way,surface,MISSING,Surface tag is recommended to assess accessibility
1431089044,way,surface,MISSING,Surface tag is recommended to assess accessibility
1431089045,way,surface,MISSING,Surface tag is recommended to assess accessibility
1431091009,way,surface,MISSING,Surface tag is recommended to assess accessibility
1431091010,way,surface,MISSING,Surface tag is recommended to assess accessibility
1431091011,way,surface,MISSING,Surface tag is recommended to assess accessibility
1431091012,way,surface,MISSING,Surface tag is recommended to assess accessibility
1431091014,way,surface,MISSING,Surface tag is recommended to assess accessibility
1431091016,way,surface,MISSING,Surface tag is recommended to assess accessibility
1431091020,way,surface,MISSING,Surface tag is recommended to assess accessibility
1431091477,way,surface,MISSING,Surface tag is recommended to assess accessibility
1431091478,way,surface,MISSING,Surface tag is recommended to assess accessibility
1431091479,way,surface,MISSING,Surface tag is recommended to assess accessibility
1431091480,way,surface,MISSING,Surface tag is recommended to assess accessibility
1431091481,way,surface,MISSING,Surface tag is recommended to assess accessibility
1431091482,way,surface,MISSING,Surface tag is recommended to assess accessibility
1431091483,way,surface,MISSING,Surface tag is recommended to assess accessibility
1431091484,way,surface,MISSING,Surface tag is recommended to assess accessibility
1431091485,way,surface,MISSING,Surface tag is recommended to assess accessibility
1431091486,way,surface,MISSING,Surface tag is recommended to assess accessibility
1431091487,way,surface,MISSING,Surface tag is recommended to assess accessibility
1431091488,way,surface,MISSING,Surface tag is recommended to assess accessibility
1431091489,way,surface,MISSING,Surface tag is recommended to assess accessibility
1431091490,way,surface,MISSING,Surface tag is recommended to assess accessibility
1431092144,way,surface,MISSING,Surface tag is recommended to assess accessibility
1431092147,way,surface,MISSING,Surface tag is recommended to assess accessibility
1431092259,way,surface,MISSING,Surface tag is recommended to assess accessibility
1431093278,way,surface,MISSING,Surface tag is recommended to assess accessibility
1431093279,way,surface,MISSING,Surface tag is recommended to assess accessibility
1431096900,way,surface,MISSING,Surface tag is recommended to assess accessibility
1431098307,way,surface,MISSING,Surface tag is recommended to assess accessibility
1431098309,way,surface,MISSING,Surface tag is recommended to assess accessibility
1431098466,way,surface,MISSING,Surface tag is recommended to assess accessibility
1431098513,way,surface,MISSING,Surface tag is recommended to assess accessibility
1431098514,way,surface,MISSING,Surface tag is recommended to assess accessibility
1431098515,way,surface,MISSING,Surface tag is recommended to assess accessibility
1431098518,way,surface,MISSING,Surface tag is recommended to assess accessibility
1431098519,way,surface,MISSING,Surface tag is recommended to assess accessibility
1431098520,way,surface,MISSING,Surface tag is recommended to assess accessibility
1431109781,way,surface,MISSING,Surface tag is recommended to assess accessibility
1431109809,way,surface,MISSING,Surface tag is recommended to assess accessibility
1431109811,way,surface,MISSING,Surface tag is recommended to assess accessibility
1431109878,way,surface,MISSING,Surface tag is recommended to assess accessibility
1431109881,way,surface,MISSING,Surface tag is recommended to assess accessibility
1431109883,way,surface,MISSING,Surface tag is recommended to assess accessibility
1431109885,way,surface,MISSING,Surface tag is recommended to assess accessibility
1431111158,way,surface,MISSING,Surface tag is recommended to assess accessibility
1431111159,way,surface,MISSING,Surface tag is recommended to assess accessibility
1431111160,way,surface,MISSING,Surface tag is recommended to assess accessibility
1431111162,way,surface,MISSING,Surface tag is recommended to assess accessibility
1431111163,way,surface,MISSING,Surface tag is recommended to assess accessibility
1431111164,way,surface,MISSING,Surface tag is recommended to assess accessibility
1431111165,way,surface,MISSING,Surface tag is recommended to assess accessibility
1431111166,way,surface,MISSING,Surface tag is recommended to assess accessibility
1431111167,way,surface,MISSING,Surface tag is recommended to assess accessibility
1431111729,way,surface,MISSING,Surface tag is recommended to assess accessibility
1431111830,way,surface,MISSING,Surface tag is recommended to assess accessibility
1431113076,way,surface,MISSING,Surface tag is recommended to assess accessibility
1431113077,way,surface,MISSING,Surface tag is recommended to assess accessibility
1431113585,way,surface,MISSING,Surface tag is recommended to assess accessibility
1431114853,way,surface,MISSING,Surface tag is recommended to assess accessibility
1431114855,way,surface,MISSING,Surface tag is recommended to assess accessibility
1431114973,way,surface,MISSING,Surface tag is recommended to assess accessibility
1431115286,way,surface,MISSING,Surface tag is recommended to assess accessibility
1431115775,way,surface,MISSING,Surface tag is recommended to assess accessibility
1431115783,way,surface,MISSING,Surface tag is recommended to assess accessibility
1431116879,way,surface,MISSING,Surface tag is recommended to assess accessibility
1431116881,way,surface,MISSING,Surface tag is recommended to assess accessibility
1431116886,way,surface,MISSING,Surface tag is recommended to assess accessibility
1431116888,way,surface,MISSING,Surface tag is recommended to assess accessibility
1431116889,way,surface,MISSING,Surface tag is recommended to assess accessibility
1431120979,way,surface,MISSING,Surface tag is recommended to assess accessibility
1431120981,way,surface,MISSING,Surface tag is recommended to assess accessibility
1431120983,way,surface,MISSING,Surface tag is recommended to assess accessibility
1431123050,way,surface,MISSING,Surface tag is recommended to assess accessibility
1431123051,way,surface,MISSING,Surface tag is recommended to assess accessibility
1431123052,way,surface,MISSING,Surface tag is recommended to assess accessibility
1431123054,way,surface,MISSING,Surface tag is recommended to assess accessibility
1431123055,way,surface,MISSING,Surface tag is recommended to assess accessibility
1431123099,way,surface,MISSING,Surface tag is recommended to assess accessibility
1431123880,way,surface,MISSING,Surface tag is recommended to assess accessibility
1431123882,way,surface,MISSING,Surface tag is recommended to assess accessibility
1431123884,way,surface,MISSING,Surface tag is recommended to assess accessibility
1431124285,way,surface,MISSING,Surface tag is recommended to assess accessibility
1431127682,way,surface,MISSING,Surface tag is recommended to assess accessibility
1431130965,way,surface,MISSING,Surface tag is recommended to assess accessibility
1431130966,way,surface,MISSING,Surface tag is recommended to assess accessibility
1431130968,way,surface,MISSING,Surface tag is recommended to assess accessibility
1431132196,way,surface,MISSING,Surface tag is recommended to assess accessibility
1431132198,way,surface,MISSING,Surface tag is recommended to assess accessibility
1431132200,way,surface,MISSING,Surface tag is recommended to assess accessibility
1431132202,way,surface,MISSING,Surface tag is recommended to assess accessibility
1431132203,way,surface,MISSING,Surface tag is recommended to assess accessibility
1431132204,way,surface,MISSING,Surface tag is recommended to assess accessibility
1431132205,way,surface,MISSING,Surface tag is recommended to assess accessibility
1431135512,way,surface,MISSING,Surface tag is recommended to assess accessibility
1431135514,way,surface,MISSING,Surface tag is recommended to assess accessibility
1431135515,way,surface,MISSING,Surface tag is recommended to assess accessibility
1431135621,way,surface,MISSING,Surface tag is recommended to assess accessibility
1431135623,way,surface,MISSING,Surface tag is recommended to assess accessibility
1431136788,way,surface,MISSING,Surface tag is recommended to assess accessibility
1431137716,way,surface,MISSING,Surface tag is recommended to assess accessibility
1431137719,way,surface,MISSING,Surface tag is recommended to assess accessibility
1431137724,way,surface,MISSING,Surface tag is recommended to assess accessibility
1431137725,way,surface,MISSING,Surface tag is recommended to assess accessibility
1431137730,way,surface,MISSING,Surface tag is recommended to assess accessibility
1431137732,way,surface,MISSING,Surface tag is recommended to assess accessibility
1431137734,way,surface,MISSING,Surface tag is recommended to assess accessibility
1431137736,way,surface,MISSING,Surface tag is recommended to assess accessibility
1431145815,way,surface,MISSING,Surface tag is recommended to assess accessibility
1431145817,way,surface,MISSING,Surface tag is recommended to assess accessibility
1431145819,way,surface,MISSING,Surface tag is recommended to assess accessibility
1431148120,way,surface,MISSING,Surface tag is recommended to assess accessibility
1431148122,way,surface,MISSING,Surface tag is recommended to assess accessibility
1431150952,way,surface,MISSING,Surface tag is recommended to assess accessibility
1431150953,way,surface,MISSING,Surface tag is recommended to assess accessibility
1431150954,way,surface,MISSING,Surface tag is recommended to assess accessibility
1431151271,way,surface,MISSING,Surface tag is recommended to assess accessibility
1431151273,way,surface,MISSING,Surface tag is recommended to assess accessibility
1431152971,way,surface,MISSING,Surface tag is recommended to assess accessibility
1431156913,way,surface,MISSING,Surface tag is recommended to assess accessibility
1431156919,way,surface,MISSING,Surface tag is recommended to assess accessibility
1431232711,way,surface,MISSING,Surface tag is recommended to assess accessibility
1431232712,way,surface,MISSING,Surface tag is recommended to assess accessibility
1431232713,way,surface,MISSING,Surface tag is recommended to assess accessibility
1431232714,way,surface,MISSING,Surface tag is recommended to assess accessibility
1431232715,way,surface,MISSING,Surface tag is recommended to assess accessibility
1431232716,way,surface,MISSING,Surface tag is recommended to assess accessibility
1431232717,way,surface,MISSING,Surface tag is recommended to assess accessibility
1431232718,way,surface,MISSING,Surface tag is recommended to assess accessibility
1431232719,way,surface,MISSING,Surface tag is recommended to assess accessibility
1431232720,way,surface,MISSING,Surface tag is recommended to assess accessibility
1431232721,way,surface,MISSING,Surface tag is recommended to assess accessibility
1431232722,way,surface,MISSING,Surface tag is recommended to assess accessibility
1431232723,way,surface,MISSING,Surface tag is recommended to assess accessibility
1431232724,way,surface,MISSING,Surface tag is recommended to assess accessibility
1431232725,way,surface,MISSING,Surface tag is recommended to assess accessibility
1431232726,way,surface,MISSING,Surface tag is recommended to assess accessibility
1431232727,way,surface,MISSING,Surface tag is recommended to assess accessibility
1431232728,way,surface,MISSING,Surface tag is recommended to assess accessibility
1431232729,way,surface,MISSING,Surface tag is recommended to assess accessibility
1431232730,way,surface,MISSING,Surface tag is recommended to assess accessibility
1431232731,way,surface,MISSING,Surface tag is recommended to assess accessibility
1431232732,way,surface,MISSING,Surface tag is recommended to assess accessibility
1431232733,way,surface,MISSING,Surface tag is recommended to assess accessibility
1431232734,way,surface,MISSING,Surface tag is recommended to assess accessibility
1431232735,way,surface,MISSING,Surface tag is recommended to assess accessibility
1431488561,way,surface,MISSING,Surface tag is recommended to assess accessibility
1431488562,way,surface,MISSING,Surface tag is recommended to assess accessibility
1431488563,way,surface,MISSING,Surface tag is recommended to assess accessibility
1431488564,way,surface,MISSING,Surface tag is recommended to assess accessibility
1431488565,way,surface,MISSING,Surface tag is recommended to assess accessibility
1431488566,way,surface,MISSING,Surface tag is recommended to assess accessibility
1431488567,way,surface,MISSING,Surface tag is recommended to assess accessibility
1431488568,way,surface,MISSING,Surface tag is recommended to assess accessibility
1431505000,way,surface,MISSING,Surface tag is recommended to assess accessibility
1431505007,way,surface,MISSING,Surface tag is recommended to assess accessibility
1431505008,way,surface,MISSING,Surface tag is recommended to assess accessibility
1431505009,way,surface,MISSING,Surface tag is recommended to assess accessibility
1431505010,way,surface,MISSING,Surface tag is recommended to assess accessibility
1431529943,way,surface,MISSING,Surface tag is recommended to assess accessibility
1431529944,way,surface,MISSING,Surface tag is recommended to assess accessibility
1431529945,way,surface,MISSING,Surface tag is recommended to assess accessibility
1431529946,way,surface,MISSING,Surface tag is recommended to assess accessibility
1431529947,way,surface,MISSING,Surface tag is recommended to assess accessibility
1431529948,way,surface,MISSING,Surface tag is recommended to assess accessibility
1431529949,way,surface,MISSING,Surface tag is recommended to assess accessibility
1431529950,way,surface,MISSING,Surface tag is recommended to assess accessibility
1431582229,way,surface,MISSING,Surface tag is recommended to assess accessibility
1431582230,way,surface,MISSING,Surface tag is recommended to assess accessibility
1431582231,way,surface,MISSING,Surface tag is recommended to assess accessibility
1431582232,way,surface,MISSING,Surface tag is recommended to assess accessibility
1431582233,way,surface,MISSING,Surface tag is recommended to assess accessibility
1431582234,way,surface,MISSING,Surface tag is recommended to assess accessibility
1431582236,way,surface,MISSING,Surface tag is recommended to assess accessibility
1431582245,way,surface,MISSING,Surface tag is recommended to assess accessibility
1431582246,way,surface,MISSING,Surface tag is recommended to assess accessibility
1431587323,way,surface,MISSING,Surface tag is recommended to assess accessibility
1431587324,way,surface,MISSING,Surface tag is recommended to assess accessibility
1432014582,way,surface,MISSING,Surface tag is recommended to assess accessibility
1432240749,way,surface,MISSING,Surface tag is recommended to assess accessibility
1432240750,way,surface,MISSING,Surface tag is recommended to assess accessibility
1432338856,way,surface,MISSING,Surface tag is recommended to assess accessibility
1432377807,way,surface,MISSING,Surface tag is recommended to assess accessibility
1432377808,way,surface,MISSING,Surface tag is recommended to assess accessibility
1432377809,way,surface,MISSING,Surface tag is recommended to assess accessibility
1432571880,way,surface,MISSING,Surface tag is recommended to assess accessibility
1433150558,way,surface,MISSING,Surface tag is recommended to assess accessibility
1433178269,way,surface,MISSING,Surface tag is recommended to assess accessibility
1433252231,way,surface,MISSING,Surface tag is recommended to assess accessibility
1433252232,way,surface,MISSING,Surface tag is recommended to assess accessibility
1433306740,way,surface,MISSING,Surface tag is recommended to assess accessibility
1433306741,way,surface,MISSING,Surface tag is recommended to assess accessibility
1433355235,way,surface,MISSING,Surface tag is recommended to assess accessibility
1433355237,way,surface,MISSING,Surface tag is recommended to assess accessibility
1433355238,way,surface,MISSING,Surface tag is recommended to assess accessibility
1433381081,way,surface,MISSING,Surface tag is recommended to assess accessibility
1433531613,way,surface,MISSING,Surface tag is recommended to assess accessibility
1435188282,way,surface,MISSING,Surface tag is recommended to assess accessibility
1435188283,way,surface,MISSING,Surface tag is recommended to assess accessibility
1435189630,way,surface,MISSING,Surface tag is recommended to assess accessibility
1435189631,way,surface,MISSING,Surface tag is recommended to assess accessibility
1435189633,way,surface,MISSING,Surface tag is recommended to assess accessibility
1435281685,way,surface,MISSING,Surface tag is recommended to assess accessibility
1435281686,way,surface,MISSING,Surface tag is recommended to assess accessibility
1435281687,way,surface,MISSING,Surface tag is recommended to assess accessibility
1435281690,way,surface,MISSING,Surface tag is recommended to assess accessibility
1435281691,way,surface,MISSING,Surface tag is recommended to assess accessibility
1436472385,way,surface,MISSING,Surface tag is recommended to assess accessibility
1436779521,way,surface,MISSING,Surface tag is recommended to assess accessibility
1441513823,way,surface,MISSING,Surface tag is recommended to assess accessibility
1441513824,way,surface,MISSING,Surface tag is recommended to assess accessibility
1441631263,way,surface,MISSING,Surface tag is recommended to assess accessibility
1442604760,way,surface,MISSING,Surface tag is recommended to assess accessibility
1442604761,way,surface,MISSING,Surface tag is recommended to assess accessibility
1442604762,way,surface,MISSING,Surface tag is recommended to assess accessibility
1442779175,way,surface,MISSING,Surface tag is recommended to assess accessibility
1442996285,way,surface,MISSING,Surface tag is recommended to assess accessibility
1442996286,way,surface,MISSING,Surface tag is recommended to assess accessibility
1442996287,way,surface,MISSING,Surface tag is recommended to assess accessibility
1443545482,way,surface,MISSING,Surface tag is recommended to assess accessibility
1443890006,way,surface,MISSING,Surface tag is recommended to assess accessibility
1443890007,way,surface,MISSING,Surface tag is recommended to assess accessibility
1443890008,way,surface,MISSING,Surface tag is recommended to assess accessibility
1443890009,way,surface,MISSING,Surface tag is recommended to assess accessibility
1443890010,way,surface,MISSING,Surface tag is recommended to assess accessibility
1443890011,way,surface,MISSING,Surface tag is recommended to assess accessibility
1444160098,way,surface,MISSING,Surface tag is recommended to assess accessibility
1444325002,way,surface,MISSING,Surface tag is recommended to assess accessibility
1444325004,way,surface,MISSING,Surface tag is recommended to assess accessibility
1444325005,way,surface,MISSING,Surface tag is recommended to assess accessibility
1445922852,way,surface,MISSING,Surface tag is recommended to assess accessibility
1445922853,way,surface,MISSING,Surface tag is recommended to assess accessibility
1445955795,way,surface,MISSING,Surface tag is recommended to assess accessibility
1445960556,way,surface,MISSING,Surface tag is recommended to assess accessibility
1445960557,way,surface,MISSING,Surface tag is recommended to assess accessibility
1445960558,way,surface,MISSING,Surface tag is recommended to assess accessibility
1445960560,way,surface,MISSING,Surface tag is recommended to assess accessibility
1445960561,way,surface,MISSING,Surface tag is recommended to assess accessibility
1445960564,way,surface,MISSING,Surface tag is recommended to assess accessibility
1445960565,way,surface,MISSING,Surface tag is recommended to assess accessibility
1445960568,way,surface,MISSING,Surface tag is recommended to assess accessibility
1445960569,way,surface,MISSING,Surface tag is recommended to assess accessibility
1445960572,way,surface,MISSING,Surface tag is recommended to assess accessibility
1445960573,way,surface,MISSING,Surface tag is recommended to assess accessibility
1445960574,way,surface,MISSING,Surface tag is recommended to assess accessibility
1445963586,way,surface,MISSING,Surface tag is recommended to assess accessibility
1445963587,way,surface,MISSING,Surface tag is recommended to assess accessibility
1445963588,way,surface,MISSING,Surface tag is recommended to assess accessibility
1445963589,way,surface,MISSING,Surface tag is recommended to assess accessibility
1445969587,way,surface,MISSING,Surface tag is recommended to assess accessibility
1445969588,way,surface,MISSING,Surface tag is recommended to assess accessibility
1445969589,way,surface,MISSING,Surface tag is recommended to assess accessibility
1445969590,way,surface,MISSING,Surface tag is recommended to assess accessibility
1446074176,way,surface,MISSING,Surface tag is recommended to assess accessibility
1446074179,way,surface,MISSING,Surface tag is recommended to assess accessibility
1446074182,way,surface,MISSING,Surface tag is recommended to assess accessibility
1446074185,way,surface,MISSING,Surface tag is recommended to assess accessibility
1446074192,way,surface,MISSING,Surface tag is recommended to assess accessibility
1446074195,way,surface,MISSING,Surface tag is recommended to assess accessibility
1446630347,way,surface,MISSING,Surface tag is recommended to assess accessibility
1446630348,way,surface,MISSING,Surface tag is recommended to assess accessibility
1446630349,way,surface,MISSING,Surface tag is recommended to assess accessibility
1446630353,way,surface,MISSING,Surface tag is recommended to assess accessibility
1446685603,way,surface,MISSING,Surface tag is recommended to assess accessibility
1446685604,way,surface,MISSING,Surface tag is recommended to assess accessibility
1446685616,way,surface,MISSING,Surface tag is recommended to assess accessibility
1446685618,way,surface,MISSING,Surface tag is recommended to assess accessibility
1446685621,way,surface,MISSING,Surface tag is recommended to assess accessibility
1446774674,way,surface,MISSING,Surface tag is recommended to assess accessibility
1446868437,way,surface,MISSING,Surface tag is recommended to assess accessibility
1446868439,way,surface,MISSING,Surface tag is recommended to assess accessibility
1446868440,way,surface,MISSING,Surface tag is recommended to assess accessibility
1446868441,way,surface,MISSING,Surface tag is recommended to assess accessibility
1446873064,way,surface,MISSING,Surface tag is recommended to assess accessibility
1446927137,way,surface,MISSING,Surface tag is recommended to assess accessibility
1446927138,way,surface,MISSING,Surface tag is recommended to assess accessibility
1446927141,way,surface,MISSING,Surface tag is recommended to assess accessibility
1446927142,way,surface,MISSING,Surface tag is recommended to assess accessibility
1446927143,way,surface,MISSING,Surface tag is recommended to assess accessibility
1446927144,way,surface,MISSING,Surface tag is recommended to assess accessibility
1446927145,way,surface,MISSING,Surface tag is recommended to assess accessibility
1446927146,way,surface,MISSING,Surface tag is recommended to assess accessibility
1446927147,way,surface,MISSING,Surface tag is recommended to assess accessibility
1446927148,way,surface,MISSING,Surface tag is recommended to assess accessibility
1446927149,way,surface,MISSING,Surface tag is recommended to assess accessibility
1446927150,way,surface,MISSING,Surface tag is recommended to assess accessibility
1446927151,way,surface,MISSING,Surface tag is recommended to assess accessibility
1446927152,way,surface,MISSING,Surface tag is recommended to assess accessibility
1446927153,way,surface,MISSING,Surface tag is recommended to assess accessibility
1446927154,way,surface,MISSING,Surface tag is recommended to assess accessibility
1446927155,way,surface,MISSING,Surface tag is recommended to assess accessibility
1446927156,way,surface,MISSING,Surface tag is recommended to assess accessibility
1446927157,way,surface,MISSING,Surface tag is recommended to assess accessibility
1446950438,way,surface,MISSING,Surface tag is recommended to assess accessibility
1446950646,way,surface,MISSING,Surface tag is recommended to assess accessibility
1446950647,way,surface,MISSING,Surface tag is recommended to assess accessibility
1447074238,way,surface,MISSING,Surface tag is recommended to assess accessibility
1447074239,way,surface,MISSING,Surface tag is recommended to assess accessibility
1447162201,way,surface,MISSING,Surface tag is recommended to assess accessibility
1447249571,way,surface,MISSING,Surface tag is recommended to assess accessibility
1447249573,way,surface,MISSING,Surface tag is recommended to assess accessibility
1447249575,way,surface,MISSING,Surface tag is recommended to assess accessibility
1447254940,way,surface,MISSING,Surface tag is recommended to assess accessibility
1447260983,way,surface,MISSING,Surface tag is recommended to assess accessibility
1447260987,way,surface,MISSING,Surface tag is recommended to assess accessibility
1447543809,way,surface,MISSING,Surface tag is recommended to assess accessibility
1447813146,way,surface,MISSING,Surface tag is recommended to assess accessibility
1447813148,way,surface,MISSING,Surface tag is recommended to assess accessibility
1447813155,way,surface,MISSING,Surface tag is recommended to assess accessibility
1447813157,way,surface,MISSING,Surface tag is recommended to assess accessibility
1447884930,way,surface,MISSING,Surface tag is recommended to assess accessibility
1447884931,way,surface,MISSING,Surface tag is recommended to assess accessibility
1447884932,way,surface,MISSING,Surface tag is recommended to assess accessibility
1447884933,way,surface,MISSING,Surface tag is recommended to assess accessibility
1447884934,way,surface,MISSING,Surface tag is recommended to assess accessibility
1447884935,way,surface,MISSING,Surface tag is recommended to assess accessibility
1447884936,way,surface,MISSING,Surface tag is recommended to assess accessibility
1447884938,way,surface,MISSING,Surface tag is recommended to assess accessibility
1447884939,way,surface,MISSING,Surface tag is recommended to assess accessibility
1447884946,way,surface,MISSING,Surface tag is recommended to assess accessibility
1448029580,way,surface,MISSING,Surface tag is recommended to assess accessibility
1448036211,way,surface,MISSING,Surface tag is recommended to assess accessibility
1448055059,way,surface,MISSING,Surface tag is recommended to assess accessibility
1448055063,way,surface,MISSING,Surface tag is recommended to assess accessibility
1448059739,way,surface,MISSING,Surface tag is recommended to assess accessibility
1448060985,way,surface,MISSING,Surface tag is recommended to assess accessibility
1448060987,way,surface,MISSING,Surface tag is recommended to assess accessibility
1448060988,way,surface,MISSING,Surface tag is recommended to assess accessibility
1448065471,way,surface,MISSING,Surface tag is recommended to assess accessibility
1448067463,way,surface,MISSING,Surface tag is recommended to assess accessibility
1448081280,way,surface,MISSING,Surface tag is recommended to assess accessibility
1448081282,way,surface,MISSING,Surface tag is recommended to assess accessibility
1448244624,way,surface,MISSING,Surface tag is recommended to assess accessibility
1448261138,way,surface,MISSING,Surface tag is recommended to assess accessibility
1448261144,way,surface,MISSING,Surface tag is recommended to assess accessibility
1448266109,way,surface,MISSING,Surface tag is recommended to assess accessibility
1448266110,way,surface,MISSING,Surface tag is recommended to assess accessibility
1448266858,way,surface,MISSING,Surface tag is recommended to assess accessibility
1448282422,way,surface,MISSING,Surface tag is recommended to assess accessibility
1448282424,way,surface,MISSING,Surface tag is recommended to assess accessibility
1448306442,way,surface,MISSING,Surface tag is recommended to assess accessibility
1448306443,way,surface,MISSING,Surface tag is recommended to assess accessibility
1448417699,way,surface,MISSING,Surface tag is recommended to assess accessibility
1448464194,way,surface,MISSING,Surface tag is recommended to assess accessibility
1448464195,way,surface,MISSING,Surface tag is recommended to assess accessibility
1448467191,way,surface,MISSING,Surface tag is recommended to assess accessibility
1448467193,way,surface,MISSING,Surface tag is recommended to assess accessibility
1448467194,way,surface,MISSING,Surface tag is recommended to assess accessibility
1448499672,way,surface,MISSING,Surface tag is recommended to assess accessibility
1448502148,way,surface,MISSING,Surface tag is recommended to assess accessibility
1448502149,way,surface,MISSING,Surface tag is recommended to assess accessibility
1448502150,way,surface,MISSING,Surface tag is recommended to assess accessibility
1449504300,way,surface,MISSING,Surface tag is recommended to assess accessibility
1449504302,way,surface,MISSING,Surface tag is recommended to assess accessibility
1449504308,way,surface,MISSING,Surface tag is recommended to assess accessibility
1449504310,way,surface,MISSING,Surface tag is recommended to assess accessibility
1449715946,way,surface,MISSING,Surface tag is recommended to assess accessibility
1449731974,way,surface,MISSING,Surface tag is recommended to assess accessibility
1449853124,way,surface,MISSING,Surface tag is recommended to assess accessibility
1449853125,way,surface,MISSING,Surface tag is recommended to assess accessibility
1449853126,way,surface,MISSING,Surface tag is recommended to assess accessibility
1449854361,way,surface,MISSING,Surface tag is recommended to assess accessibility
1449863007,way,surface,MISSING,Surface tag is recommended to assess accessibility
1449863008,way,surface,MISSING,Surface tag is recommended to assess accessibility
1449863012,way,surface,MISSING,Surface tag is recommended to assess accessibility
1449892775,way,surface,MISSING,Surface tag is recommended to assess accessibility
1449893527,way,surface,MISSING,Surface tag is recommended to assess accessibility
1449899486,way,surface,MISSING,Surface tag is recommended to assess accessibility
1449901177,way,surface,MISSING,Surface tag is recommended to assess accessibility
1449901178,way,surface,MISSING,Surface tag is recommended to assess accessibility
1449901182,way,surface,MISSING,Surface tag is recommended to assess accessibility
1449904514,way,surface,MISSING,Surface tag is recommended to assess accessibility
1449904516,way,surface,MISSING,Surface tag is recommended to assess accessibility
1449906413,way,surface,MISSING,Surface tag is recommended to assess accessibility
1449906417,way,surface,MISSING,Surface tag is recommended to assess accessibility
1449906419,way,surface,MISSING,Surface tag is recommended to assess accessibility
1449906421,way,surface,MISSING,Surface tag is recommended to assess accessibility
1450093286,way,surface,MISSING,Surface tag is recommended to assess accessibility
1450335043,way,surface,MISSING,Surface tag is recommended to assess accessibility
1450335044,way,surface,MISSING,Surface tag is recommended to assess accessibility
1450460231,way,surface,MISSING,Surface tag is recommended to assess accessibility
1450777635,way,surface,MISSING,Surface tag is recommended to assess accessibility
1450777636,way,surface,MISSING,Surface tag is recommended to assess accessibility
1450978196,way,surface,MISSING,Surface tag is recommended to assess accessibility
1450978197,way,surface,MISSING,Surface tag is recommended to assess accessibility
1451091331,way,surface,MISSING,Surface tag is recommended to assess accessibility
1451091332,way,surface,MISSING,Surface tag is recommended to assess accessibility
1451309982,way,surface,MISSING,Surface tag is recommended to assess accessibility
1452150667,way,surface,MISSING,Surface tag is recommended to assess accessibility
1452150668,way,surface,MISSING,Surface tag is recommended to assess accessibility
1452382368,way,surface,MISSING,Surface tag is recommended to assess accessibility
1452382369,way,surface,MISSING,Surface tag is recommended to assess accessibility
1453047426,way,surface,MISSING,Surface tag is recommended to assess accessibility
1453437159,way,surface,MISSING,Surface tag is recommended to assess accessibility
1453438450,way,surface,MISSING,Surface tag is recommended to assess accessibility
1453438451,way,surface,MISSING,Surface tag is recommended to assess accessibility
1453438452,way,surface,MISSING,Surface tag is recommended to assess accessibility
1453438453,way,surface,MISSING,Surface tag is recommended to assess accessibility
1453438454,way,surface,MISSING,Surface tag is recommended to assess accessibility
1454227530,way,surface,MISSING,Surface tag is recommended to assess accessibility
1454227531,way,surface,MISSING,Surface tag is recommended to assess accessibility
1454227532,way,surface,MISSING,Surface tag is recommended to assess accessibility
1454263421,way,surface,MISSING,Surface tag is recommended to assess accessibility
1454263422,way,surface,MISSING,Surface tag is recommended to assess accessibility
1454913143,way,surface,MISSING,Surface tag is recommended to assess accessibility
1455508089,way,surface,MISSING,Surface tag is recommended to assess accessibility
1455508090,way,surface,MISSING,Surface tag is recommended to assess accessibility
1455508091,way,surface,MISSING,Surface tag is recommended to assess accessibility
1455508092,way,surface,MISSING,Surface tag is recommended to assess accessibility
1455508093,way,surface,MISSING,Surface tag is recommended to assess accessibility
1455508094,way,surface,MISSING,Surface tag is recommended to assess accessibility
1455584675,way,surface,MISSING,Surface tag is recommended to assess accessibility
1455584676,way,surface,MISSING,Surface tag is recommended to assess accessibility
1455584677,way,surface,MISSING,Surface tag is recommended to assess accessibility
1455812455,way,surface,MISSING,Surface tag is recommended to assess accessibility
1456041368,way,surface,MISSING,Surface tag is recommended to assess accessibility
1456128510,way,surface,MISSING,Surface tag is recommended to assess accessibility
1456128512,way,surface,MISSING,Surface tag is recommended to assess accessibility
1456128513,way,surface,MISSING,Surface tag is recommended to assess accessibility
1456228500,way,surface,MISSING,Surface tag is recommended to assess accessibility
1456228502,way,surface,MISSING,Surface tag is recommended to assess accessibility
1456483036,way,surface,MISSING,Surface tag is recommended to assess accessibility
1456646201,way,surface,MISSING,Surface tag is recommended to assess accessibility
1456703345,way,surface,MISSING,Surface tag is recommended to assess accessibility
1456703347,way,surface,MISSING,Surface tag is recommended to assess accessibility
1457147379,way,surface,MISSING,Surface tag is recommended to assess accessibility
1457446499,way,surface,MISSING,Surface tag is recommended to assess accessibility
1457631365,way,surface,MISSING,Surface tag is recommended to assess accessibility
1457631366,way,surface,MISSING,Surface tag is recommended to assess accessibility
1457631370,way,surface,MISSING,Surface tag is recommended to assess accessibility
1457631371,way,surface,MISSING,Surface tag is recommended to assess accessibility
1457631373,way,surface,MISSING,Surface tag is recommended to assess accessibility
1457631375,way,surface,MISSING,Surface tag is recommended to assess accessibility
1457631377,way,surface,MISSING,Surface tag is recommended to assess accessibility
1458090314,way,surface,MISSING,Surface tag is recommended to assess accessibility
1458090315,way,surface,MISSING,Surface tag is recommended to assess accessibility
1458090318,way,surface,MISSING,Surface tag is recommended to assess accessibility
1458095649,way,surface,MISSING,Surface tag is recommended to assess accessibility
1458095650,way,surface,MISSING,Surface tag is recommended to assess accessibility
1458095651,way,surface,MISSING,Surface tag is recommended to assess accessibility
1458095652,way,surface,MISSING,Surface tag is recommended to assess accessibility
1458178049,way,surface,MISSING,Surface tag is recommended to assess accessibility
1458178050,way,surface,MISSING,Surface tag is recommended to assess accessibility
1458178052,way,surface,MISSING,Surface tag is recommended to assess accessibility
1458178053,way,surface,MISSING,Surface tag is recommended to assess accessibility
1458178054,way,surface,MISSING,Surface tag is recommended to assess accessibility
1458178055,way,surface,MISSING,Surface tag is recommended to assess accessibility
1458178056,way,surface,MISSING,Surface tag is recommended to assess accessibility
1458178057,way,surface,MISSING,Surface tag is recommended to assess accessibility
1458178058,way,surface,MISSING,Surface tag is recommended to assess accessibility
1458178059,way,surface,MISSING,Surface tag is recommended to assess accessibility
1458178060,way,surface,MISSING,Surface tag is recommended to assess accessibility
1458179303,way,surface,MISSING,Surface tag is recommended to assess accessibility
1458179310,way,surface,MISSING,Surface tag is recommended to assess accessibility
1458269824,way,surface,MISSING,Surface tag is recommended to assess accessibility
1458269825,way,surface,MISSING,Surface tag is recommended to assess accessibility
1458269826,way,surface,MISSING,Surface tag is recommended to assess accessibility
1458269828,way,surface,MISSING,Surface tag is recommended to assess accessibility
1458289662,way,surface,MISSING,Surface tag is recommended to assess accessibility
1458289663,way,surface,MISSING,Surface tag is recommended to assess accessibility
1458289664,way,surface,MISSING,Surface tag is recommended to assess accessibility
1458289665,way,surface,MISSING,Surface tag is recommended to assess accessibility
1458289680,way,surface,MISSING,Surface tag is recommended to assess accessibility
1458289681,way,surface,MISSING,Surface tag is recommended to assess accessibility
1458289686,way,surface,MISSING,Surface tag is recommended to assess accessibility
1458289687,way,surface,MISSING,Surface tag is recommended to assess accessibility
1458289695,way,surface,MISSING,Surface tag is recommended to assess accessibility
1458289696,way,surface,MISSING,Surface tag is recommended to assess accessibility
1458289697,way,surface,MISSING,Surface tag is recommended to assess accessibility
1458289698,way,surface,MISSING,Surface tag is recommended to assess accessibility
1458289699,way,surface,MISSING,Surface tag is recommended to assess accessibility
1458289704,way,surface,MISSING,Surface tag is recommended to assess accessibility
1458351808,way,surface,MISSING,Surface tag is recommended to assess accessibility
1458386076,way,surface,MISSING,Surface tag is recommended to assess accessibility
1458386077,way,surface,MISSING,Surface tag is recommended to assess accessibility
1458386078,way,surface,MISSING,Surface tag is recommended to assess accessibility
1458386079,way,surface,MISSING,Surface tag is recommended to assess accessibility
1458386080,way,surface,MISSING,Surface tag is recommended to assess accessibility
1458386082,way,surface,MISSING,Surface tag is recommended to assess accessibility
1458386083,way,surface,MISSING,Surface tag is recommended to assess accessibility
1458386087,way,surface,MISSING,Surface tag is recommended to assess accessibility
1458386089,way,surface,MISSING,Surface tag is recommended to assess accessibility
1458386091,way,surface,MISSING,Surface tag is recommended to assess accessibility
1458386095,way,surface,MISSING,Surface tag is recommended to assess accessibility
1458386096,way,surface,MISSING,Surface tag is recommended to assess accessibility
1458386097,way,surface,MISSING,Surface tag is recommended to assess accessibility
1458386106,way,surface,MISSING,Surface tag is recommended to assess accessibility
1458386107,way,surface,MISSING,Surface tag is recommended to assess accessibility
1458387093,way,surface,MISSING,Surface tag is recommended to assess accessibility
1458742423,way,surface,MISSING,Surface tag is recommended to assess accessibility
1458749751,way,surface,MISSING,Surface tag is recommended to assess accessibility
1458756163,way,surface,MISSING,Surface tag is recommended to assess accessibility
1458774457,way,surface,MISSING,Surface tag is recommended to assess accessibility
1458774458,way,surface,MISSING,Surface tag is recommended to assess accessibility
1458774459,way,surface,MISSING,Surface tag is recommended to assess accessibility
1458774461,way,surface,MISSING,Surface tag is recommended to assess accessibility
1458774462,way,surface,MISSING,Surface tag is recommended to assess accessibility
1458774463,way,surface,MISSING,Surface tag is recommended to assess accessibility
1458774464,way,surface,MISSING,Surface tag is recommended to assess accessibility
1458774465,way,surface,MISSING,Surface tag is recommended to assess accessibility
1458774466,way,surface,MISSING,Surface tag is recommended to assess accessibility
1458774467,way,surface,MISSING,Surface tag is recommended to assess accessibility
1458774468,way,surface,MISSING,Surface tag is recommended to assess accessibility
1458774469,way,surface,MISSING,Surface tag is recommended to assess accessibility
1458774470,way,surface,MISSING,Surface tag is recommended to assess accessibility
1458774471,way,surface,MISSING,Surface tag is recommended to assess accessibility
1458774472,way,surface,MISSING,Surface tag is recommended to assess accessibility
1458774473,way,surface,MISSING,Surface tag is recommended to assess accessibility
1458774474,way,surface,MISSING,Surface tag is recommended to assess accessibility
1458774475,way,surface,MISSING,Surface tag is recommended to assess accessibility
1458774476,way,surface,MISSING,Surface tag is recommended to assess accessibility
1458774477,way,surface,MISSING,Surface tag is recommended to assess accessibility
1458774478,way,surface,MISSING,Surface tag is recommended to assess accessibility
1458774479,way,surface,MISSING,Surface tag is recommended to assess accessibility
1458774480,way,surface,MISSING,Surface tag is recommended to assess accessibility
1458774482,way,surface,MISSING,Surface tag is recommended to assess accessibility
1458774483,way,surface,MISSING,Surface tag is recommended to assess accessibility
1458774484,way,surface,MISSING,Surface tag is recommended to assess accessibility
1458774485,way,surface,MISSING,Surface tag is recommended to assess accessibility
1458774486,way,surface,MISSING,Surface tag is recommended to assess accessibility
1458774487,way,surface,MISSING,Surface tag is recommended to assess accessibility
1458774489,way,surface,MISSING,Surface tag is recommended to assess accessibility
1458774490,way,surface,MISSING,Surface tag is recommended to assess accessibility
1458774491,way,surface,MISSING,Surface tag is recommended to assess accessibility
1458793281,way,surface,MISSING,Surface tag is recommended to assess accessibility
1458793282,way,surface,MISSING,Surface tag is recommended to assess accessibility
1459121129,way,surface,MISSING,Surface tag is recommended to assess accessibility
1459127496,way,surface,MISSING,Surface tag is recommended to assess accessibility
1459133349,way,surface,MISSING,Surface tag is recommended to assess accessibility
1459134601,way,surface,MISSING,Surface tag is recommended to assess accessibility
1459134602,way,surface,MISSING,Surface tag is recommended to assess accessibility
1459134603,way,surface,MISSING,Surface tag is recommended to assess accessibility
1459134604,way,surface,MISSING,Surface tag is recommended to assess accessibility
1459134605,way,surface,MISSING,Surface tag is recommended to assess accessibility
1459134606,way,surface,MISSING,Surface tag is recommended to assess accessibility
1459373038,way,surface,MISSING,Surface tag is recommended to assess accessibility
1459373041,way,surface,MISSING,Surface tag is recommended to assess accessibility
1459373042,way,surface,MISSING,Surface tag is recommended to assess accessibility
1459385602,way,surface,MISSING,Surface tag is recommended to assess accessibility
1459385610,way,surface,MISSING,Surface tag is recommended to assess accessibility
1459385611,way,surface,MISSING,Surface tag is recommended to assess accessibility
1459385615,way,surface,MISSING,Surface tag is recommended to assess accessibility
1459385619,way,surface,MISSING,Surface tag is recommended to assess accessibility
1459532323,way,surface,MISSING,Surface tag is recommended to assess accessibility
1459532489,way,surface,MISSING,Surface tag is recommended to assess accessibility
1459574310,way,surface,MISSING,Surface tag is recommended to assess accessibility
1459574311,way,surface,MISSING,Surface tag is recommended to assess accessibility
1459574312,way,surface,MISSING,Surface tag is recommended to assess accessibility
1459574316,way,surface,MISSING,Surface tag is recommended to assess accessibility
1459574318,way,surface,MISSING,Surface tag is recommended to assess accessibility
1459574319,way,surface,MISSING,Surface tag is recommended to assess accessibility
1459574320,way,surface,MISSING,Surface tag is recommended to assess accessibility
1459825423,way,surface,MISSING,Surface tag is recommended to assess accessibility
1459825424,way,surface,MISSING,Surface tag is recommended to assess accessibility
1459868799,way,surface,MISSING,Surface tag is recommended to assess accessibility
1459868800,way,surface,MISSING,Surface tag is recommended to assess accessibility
1459868801,way,surface,MISSING,Surface tag is recommended to assess accessibility
1459911499,way,surface,MISSING,Surface tag is recommended to assess accessibility
1460026505,way,surface,MISSING,Surface tag is recommended to assess accessibility
1460026506,way,surface,MISSING,Surface tag is recommended to assess accessibility
1460158800,way,surface,MISSING,Surface tag is recommended to assess accessibility
1460158801,way,surface,MISSING,Surface tag is recommended to assess accessibility
1460397079,way,surface,MISSING,Surface tag is recommended to assess accessibility
1460397082,way,surface,MISSING,Surface tag is recommended to assess accessibility
1460397084,way,surface,MISSING,Surface tag is recommended to assess accessibility
1460398785,way,surface,MISSING,Surface tag is recommended to assess accessibility
1460403974,way,surface,MISSING,Surface tag is recommended to assess accessibility
1460433909,way,surface,MISSING,Surface tag is recommended to assess accessibility
1460433910,way,surface,MISSING,Surface tag is recommended to assess accessibility
1460433911,way,surface,MISSING,Surface tag is recommended to assess accessibility
1460433912,way,surface,MISSING,Surface tag is recommended to assess accessibility
1460433913,way,surface,MISSING,Surface tag is recommended to assess accessibility
1460433914,way,surface,MISSING,Surface tag is recommended to assess accessibility
1460433915,way,surface,MISSING,Surface tag is recommended to assess accessibility
1460462481,way,surface,MISSING,Surface tag is recommended to assess accessibility
1460462483,way,surface,MISSING,Surface tag is recommended to assess accessibility
1460652468,way,surface,MISSING,Surface tag is recommended to assess accessibility
1460657453,way,surface,MISSING,Surface tag is recommended to assess accessibility
1460657454,way,surface,MISSING,Surface tag is recommended to assess accessibility
1460961990,way,surface,MISSING,Surface tag is recommended to assess accessibility
1460961992,way,surface,MISSING,Surface tag is recommended to assess accessibility
1460961994,way,surface,MISSING,Surface tag is recommended to assess accessibility
1460961996,way,surface,MISSING,Surface tag is recommended to assess accessibility
1460961998,way,surface,MISSING,Surface tag is recommended to assess accessibility
1460962000,way,surface,MISSING,Surface tag is recommended to assess accessibility
1460962002,way,surface,MISSING,Surface tag is recommended to assess accessibility
1460962003,way,surface,MISSING,Surface tag is recommended to assess accessibility
1460962005,way,surface,MISSING,Surface tag is recommended to assess accessibility
1460962006,way,surface,MISSING,Surface tag is recommended to assess accessibility
1460962008,way,surface,MISSING,Surface tag is recommended to assess accessibility
1460966819,way,surface,MISSING,Surface tag is recommended to assess accessibility
1462083652,way,surface,MISSING,Surface tag is recommended to assess accessibility
1462083653,way,surface,MISSING,Surface tag is recommended to assess accessibility
1462083654,way,surface,MISSING,Surface tag is recommended to assess accessibility
1462083659,way,surface,MISSING,Surface tag is recommended to assess accessibility
1462083660,way,surface,MISSING,Surface tag is recommended to assess accessibility
1462083661,way,surface,MISSING,Surface tag is recommended to assess accessibility
1462083664,way,surface,MISSING,Surface tag is recommended to assess accessibility
1462083665,way,surface,MISSING,Surface tag is recommended to assess accessibility
1463214698,way,surface,MISSING,Surface tag is recommended to assess accessibility
1463214699,way,surface,MISSING,Surface tag is recommended to assess accessibility
1463214702,way,surface,MISSING,Surface tag is recommended to assess accessibility
1463214703,way,surface,MISSING,Surface tag is recommended to assess accessibility
1463429490,way,surface,MISSING,Surface tag is recommended to assess accessibility
1463770906,way,surface,MISSING,Surface tag is recommended to assess accessibility
1463770909,way,surface,MISSING,Surface tag is recommended to assess accessibility
1463770910,way,surface,MISSING,Surface tag is recommended to assess accessibility
1463965572,way,surface,MISSING,Surface tag is recommended to assess accessibility
1464144601,way,surface,MISSING,Surface tag is recommended to assess accessibility
1464144602,way,surface,MISSING,Surface tag is recommended to assess accessibility
1464370989,way,surface,MISSING,Surface tag is recommended to assess accessibility
1464370990,way,surface,MISSING,Surface tag is recommended to assess accessibility
1464370991,way,surface,MISSING,Surface tag is recommended to assess accessibility
1464370993,way,surface,MISSING,Surface tag is recommended to assess accessibility
1464376790,way,surface,MISSING,Surface tag is recommended to assess accessibility
1464376791,way,surface,MISSING,Surface tag is recommended to assess accessibility
1464376792,way,surface,MISSING,Surface tag is recommended to assess accessibility
1464379198,way,surface,MISSING,Surface tag is recommended to assess accessibility
1465359667,way,surface,MISSING,Surface tag is recommended to assess accessibility
1465359690,way,surface,MISSING,Surface tag is recommended to assess accessibility
1465359691,way,surface,MISSING,Surface tag is recommended to assess accessibility
1466126377,way,surface,MISSING,Surface tag is recommended to assess accessibility
1466126378,way,surface,MISSING,Surface tag is recommended to assess accessibility
1466215610,way,surface,MISSING,Surface tag is recommended to assess accessibility
1466215611,way,surface,MISSING,Surface tag is recommended to assess accessibility
1466215612,way,surface,MISSING,Surface tag is recommended to assess accessibility
1466222825,way,surface,MISSING,Surface tag is recommended to assess accessibility
1466241590,way,surface,MISSING,Surface tag is recommended to assess accessibility
1466241591,way,surface,MISSING,Surface tag is recommended to assess accessibility
1466241592,way,surface,MISSING,Surface tag is recommended to assess accessibility
1466241595,way,surface,MISSING,Surface tag is recommended to assess accessibility
1466241596,way,surface,MISSING,Surface tag is recommended to assess accessibility
1466241597,way,surface,MISSING,Surface tag is recommended to assess accessibility
1466241598,way,surface,MISSING,Surface tag is recommended to assess accessibility
1466241599,way,surface,MISSING,Surface tag is recommended to assess accessibility
1466244499,way,surface,MISSING,Surface tag is recommended to assess accessibility
1466244500,way,surface,MISSING,Surface tag is recommended to assess accessibility
1466244501,way,surface,MISSING,Surface tag is recommended to assess accessibility
1466291606,way,surface,MISSING,Surface tag is recommended to assess accessibility
1466291608,way,surface,MISSING,Surface tag is recommended to assess accessibility
1466291613,way,surface,MISSING,Surface tag is recommended to assess accessibility
1466291614,way,surface,MISSING,Surface tag is recommended to assess accessibility
1466291615,way,surface,MISSING,Surface tag is recommended to assess accessibility
1466291616,way,surface,MISSING,Surface tag is recommended to assess accessibility
1466291617,way,surface,MISSING,Surface tag is recommended to assess accessibility
1466523965,way,surface,MISSING,Surface tag is recommended to assess accessibility
1466557669,way,surface,MISSING,Surface tag is recommended to assess accessibility
1466610491,way,surface,MISSING,Surface tag is recommended to assess accessibility
1466610492,way,surface,MISSING,Surface tag is recommended to assess accessibility
1466610493,way,surface,MISSING,Surface tag is recommended to assess accessibility
1466610494,way,surface,MISSING,Surface tag is recommended to assess accessibility
1466610495,way,surface,MISSING,Surface tag is recommended to assess accessibility
1466610497,way,surface,MISSING,Surface tag is recommended to assess accessibility
1466610504,way,surface,MISSING,Surface tag is recommended to assess accessibility
1466611990,way,surface,MISSING,Surface tag is recommended to assess accessibility
1466994468,way,surface,MISSING,Surface tag is recommended to assess accessibility
1467763354,way,surface,MISSING,Surface tag is recommended to assess accessibility
1467839139,way,surface,MISSING,Surface tag is recommended to assess accessibility
1467963494,way,surface,MISSING,Surface tag is recommended to assess accessibility
1468020277,way,surface,MISSING,Surface tag is recommended to assess accessibility
1468027181,way,surface,MISSING,Surface tag is recommended to assess accessibility
1468027182,way,surface,MISSING,Surface tag is recommended to assess accessibility
1468027183,way,surface,MISSING,Surface tag is recommended to assess accessibility
1468027184,way,surface,MISSING,Surface tag is recommended to assess accessibility
1468027185,way,surface,MISSING,Surface tag is recommended to assess accessibility
1468027186,way,surface,MISSING,Surface tag is recommended to assess accessibility
1468425645,way,surface,MISSING,Surface tag is recommended to assess accessibility
1468425646,way,surface,MISSING,Surface tag is recommended to assess accessibility
1470220840,way,surface,MISSING,Surface tag is recommended to assess accessibility
1471337965,way,surface,MISSING,Surface tag is recommended to assess accessibility
1471337967,way,surface,MISSING,Surface tag is recommended to assess accessibility
1471648680,way,surface,MISSING,Surface tag is recommended to assess accessibility
1471648681,way,surface,MISSING,Surface tag is recommended to assess accessibility
1471648682,way,surface,MISSING,Surface tag is recommended to assess accessibility
1471739978,way,surface,MISSING,Surface tag is recommended to assess accessibility
1471750736,way,surface,MISSING,Surface tag is recommended to assess accessibility
1471750737,way,surface,MISSING,Surface tag is recommended to assess accessibility
1471982143,way,surface,MISSING,Surface tag is recommended to assess accessibility
1471982144,way,surface,MISSING,Surface tag is recommended to assess accessibility
1472060435,way,surface,MISSING,Surface tag is recommended to assess accessibility
1472061733,way,surface,MISSING,Surface tag is recommended to assess accessibility
1472061737,way,surface,MISSING,Surface tag is recommended to assess accessibility
1472061738,way,surface,MISSING,Surface tag is recommended to assess accessibility
1472066282,way,surface,MISSING,Surface tag is recommended to assess accessibility
1472066285,way,surface,MISSING,Surface tag is recommended to assess accessibility
1472115475,way,surface,MISSING,Surface tag is recommended to assess accessibility
1472115476,way,surface,MISSING,Surface tag is recommended to assess accessibility
1472650768,way,surface,MISSING,Surface tag is recommended to assess accessibility
1473407742,way,surface,MISSING,Surface tag is recommended to assess accessibility
1473407743,way,surface,MISSING,Surface tag is recommended to assess accessibility
1473407744,way,surface,MISSING,Surface tag is recommended to assess accessibility
1473407745,way,surface,MISSING,Surface tag is recommended to assess accessibility
1473593758,way,surface,MISSING,Surface tag is recommended to assess accessibility
1473593759,way,surface,MISSING,Surface tag is recommended to assess accessibility
1473593760,way,surface,MISSING,Surface tag is recommended to assess accessibility
1473593761,way,surface,MISSING,Surface tag is recommended to assess accessibility
1473626572,way,surface,MISSING,Surface tag is recommended to assess accessibility
1473626574,way,surface,MISSING,Surface tag is recommended to assess accessibility
1473626575,way,surface,MISSING,Surface tag is recommended to assess accessibility
1473626576,way,surface,MISSING,Surface tag is recommended to assess accessibility
1473626577,way,surface,MISSING,Surface tag is recommended to assess accessibility
1473715351,way,surface,MISSING,Surface tag is recommended to assess accessibility
1473715352,way,surface,MISSING,Surface tag is recommended to assess accessibility
1473715353,way,surface,MISSING,Surface tag is recommended to assess accessibility
1473715354,way,surface,MISSING,Surface tag is recommended to assess accessibility
1473715355,way,surface,MISSING,Surface tag is recommended to assess accessibility
1473715356,way,surface,MISSING,Surface tag is recommended to assess accessibility
1473715357,way,surface,MISSING,Surface tag is recommended to assess accessibility
1473715358,way,surface,MISSING,Surface tag is recommended to assess accessibility
1473715359,way,surface,MISSING,Surface tag is recommended to assess accessibility
1473715360,way,surface,MISSING,Surface tag is recommended to assess accessibility
1473715361,way,surface,MISSING,Surface tag is recommended to assess accessibility
1473715362,way,surface,MISSING,Surface tag is recommended to assess accessibility
1473715363,way,surface,MISSING,Surface tag is recommended to assess accessibility
1473715364,way,surface,MISSING,Surface tag is recommended to assess accessibility
1473715365,way,surface,MISSING,Surface tag is recommended to assess accessibility
1473715366,way,surface,MISSING,Surface tag is recommended to assess accessibility
1473715367,way,surface,MISSING,Surface tag is recommended to assess accessibility
1473715368,way,surface,MISSING,Surface tag is recommended to assess accessibility
1473715369,way,surface,MISSING,Surface tag is recommended to assess accessibility
1473715370,way,surface,MISSING,Surface tag is recommended to assess accessibility
1473715371,way,surface,MISSING,Surface tag is recommended to assess accessibility
1473715372,way,surface,MISSING,Surface tag is recommended to assess accessibility
1473715373,way,surface,MISSING,Surface tag is recommended to assess accessibility
1473715374,way,surface,MISSING,Surface tag is recommended to assess accessibility
1473715375,way,surface,MISSING,Surface tag is recommended to assess accessibility
1473715388,way,surface,MISSING,Surface tag is recommended to assess accessibility
1473715389,way,surface,MISSING,Surface tag is recommended to assess accessibility
1473715390,way,surface,MISSING,Surface tag is recommended to assess accessibility
1473923316,way,surface,MISSING,Surface tag is recommended to assess accessibility
1473930181,way,surface,MISSING,Surface tag is recommended to assess accessibility
1474789865,way,surface,MISSING,Surface tag is recommended to assess accessibility
1474789866,way,surface,MISSING,Surface tag is recommended to assess accessibility
1474789867,way,surface,MISSING,Surface tag is recommended to assess accessibility
1474791468,way,surface,MISSING,Surface tag is recommended to assess accessibility
1474791469,way,surface,MISSING,Surface tag is recommended to assess accessibility
1475077310,way,surface,MISSING,Surface tag is recommended to assess accessibility
1475487552,way,surface,MISSING,Surface tag is recommended to assess accessibility
1475526002,way,surface,MISSING,Surface tag is recommended to assess accessibility
1475526003,way,surface,MISSING,Surface tag is recommended to assess accessibility
1475526004,way,surface,MISSING,Surface tag is recommended to assess accessibility
1475526005,way,surface,MISSING,Surface tag is recommended to assess accessibility
1475526006,way,surface,MISSING,Surface tag is recommended to assess accessibility
1475526007,way,surface,MISSING,Surface tag is recommended to assess accessibility
1475995556,way,surface,MISSING,Surface tag is recommended to assess accessibility
1475995557,way,surface,MISSING,Surface tag is recommended to assess accessibility
1475995558,way,surface,MISSING,Surface tag is recommended to assess accessibility
1475995559,way,surface,MISSING,Surface tag is recommended to assess accessibility
1475995560,way,surface,MISSING,Surface tag is recommended to assess accessibility
1475995565,way,surface,MISSING,Surface tag is recommended to assess accessibility
1475995571,way,surface,MISSING,Surface tag is recommended to assess accessibility
1475995572,way,surface,MISSING,Surface tag is recommended to assess accessibility
1475995573,way,surface,MISSING,Surface tag is recommended to assess accessibility
1475995574,way,surface,MISSING,Surface tag is recommended to assess accessibility
1475995575,way,surface,MISSING,Surface tag is recommended to assess accessibility
1475995576,way,surface,MISSING,Surface tag is recommended to assess accessibility
1475995577,way,surface,MISSING,Surface tag is recommended to assess accessibility
1475995578,way,surface,MISSING,Surface tag is recommended to assess accessibility
1475996100,way,surface,MISSING,Surface tag is recommended to assess accessibility
1475996101,way,surface,MISSING,Surface tag is recommended to assess accessibility
1475996102,way,surface,MISSING,Surface tag is recommended to assess accessibility
1476528055,way,surface,MISSING,Surface tag is recommended to assess accessibility
1476962437,way,surface,MISSING,Surface tag is recommended to assess accessibility
1476962438,way,surface,MISSING,Surface tag is recommended to assess accessibility
1476962443,way,surface,MISSING,Surface tag is recommended to assess accessibility
1477383479,way,surface,MISSING,Surface tag is recommended to assess accessibility
1478756228,way,surface,MISSING,Surface tag is recommended to assess accessibility
1478777968,way,surface,MISSING,Surface tag is recommended to assess accessibility
1481621148,way,surface,MISSING,Surface tag is recommended to assess accessibility
1481621149,way,surface,MISSING,Surface tag is recommended to assess accessibility
1481722004,way,surface,MISSING,Surface tag is recommended to assess accessibility
1481722005,way,surface,MISSING,Surface tag is recommended to assess accessibility
1481722006,way,surface,MISSING,Surface tag is recommended to assess accessibility
1481722008,way,surface,MISSING,Surface tag is recommended to assess accessibility
1482246759,way,surface,MISSING,Surface tag is recommended to assess accessibility
1482246762,way,surface,MISSING,Surface tag is recommended to assess accessibility
1482474258,way,surface,MISSING,Surface tag is recommended to assess accessibility
1482518233,way,surface,MISSING,Surface tag is recommended to assess accessibility
1482581444,way,surface,MISSING,Surface tag is recommended to assess accessibility
1482853917,way,surface,MISSING,Surface tag is recommended to assess accessibility
1482914755,way,surface,MISSING,Surface tag is recommended to assess accessibility
1482932333,way,surface,MISSING,Surface tag is recommended to assess accessibility
1482932334,way,surface,MISSING,Surface tag is recommended to assess accessibility
1482932335,way,surface,MISSING,Surface tag is recommended to assess accessibility
1482932336,way,surface,MISSING,Surface tag is recommended to assess accessibility
1483335342,way,surface,MISSING,Surface tag is recommended to assess accessibility
1483335344,way,surface,MISSING,Surface tag is recommended to assess accessibility
1483335345,way,surface,MISSING,Surface tag is recommended to assess accessibility
1483335346,way,surface,MISSING,Surface tag is recommended to assess accessibility
1483805431,way,surface,MISSING,Surface tag is recommended to assess accessibility
1483805432,way,surface,MISSING,Surface tag is recommended to assess accessibility
1483805433,way,surface,MISSING,Surface tag is recommended to assess accessibility
1483805434,way,surface,MISSING,Surface tag is recommended to assess accessibility
1483844992,way,surface,MISSING,Surface tag is recommended to assess accessibility
1484601447,way,surface,MISSING,Surface tag is recommended to assess accessibility
1484601448,way,surface,MISSING,Surface tag is recommended to assess accessibility
1484601449,way,surface,MISSING,Surface tag is recommended to assess accessibility
1484601450,way,surface,MISSING,Surface tag is recommended to assess accessibility
1484601451,way,surface,MISSING,Surface tag is recommended to assess accessibility
1484601452,way,surface,MISSING,Surface tag is recommended to assess accessibility
1484601453,way,surface,MISSING,Surface tag is recommended to assess accessibility
1484601454,way,surface,MISSING,Surface tag is recommended to assess accessibility
1484601455,way,surface,MISSING,Surface tag is recommended to assess accessibility
1484601456,way,surface,MISSING,Surface tag is recommended to assess accessibility
1484601457,way,surface,MISSING,Surface tag is recommended to assess accessibility
1484601458,way,surface,MISSING,Surface tag is recommended to assess accessibility
1484601459,way,surface,MISSING,Surface tag is recommended to assess accessibility
1484601460,way,surface,MISSING,Surface tag is recommended to assess accessibility
1484601461,way,surface,MISSING,Surface tag is recommended to assess accessibility
1484601462,way,surface,MISSING,Surface tag is recommended to assess accessibility
1484601463,way,surface,MISSING,Surface tag is recommended to assess accessibility
1484601464,way,surface,MISSING,Surface tag is recommended to assess accessibility
1484601465,way,surface,MISSING,Surface tag is recommended to assess accessibility
1484601466,way,surface,MISSING,Surface tag is recommended to assess accessibility
1484601467,way,surface,MISSING,Surface tag is recommended to assess accessibility
1484601469,way,surface,MISSING,Surface tag is recommended to assess accessibility
1484601470,way,surface,MISSING,Surface tag is recommended to assess accessibility
1484601471,way,surface,MISSING,Surface tag is recommended to assess accessibility
1484601472,way,surface,MISSING,Surface tag is recommended to assess accessibility
1484601473,way,surface,MISSING,Surface tag is recommended to assess accessibility
1484601474,way,surface,MISSING,Surface tag is recommended to assess accessibility
1484601475,way,surface,MISSING,Surface tag is recommended to assess accessibility
1484601476,way,surface,MISSING,Surface tag is recommended to assess accessibility
1484601477,way,surface,MISSING,Surface tag is recommended to assess accessibility
1485135161,way,surface,MISSING,Surface tag is recommended to assess accessibility
1485135162,way,surface,MISSING,Surface tag is recommended to assess accessibility
1485857924,way,surface,MISSING,Surface tag is recommended to assess accessibility
1485857926,way,surface,MISSING,Surface tag is recommended to assess accessibility
1485857927,way,surface,MISSING,Surface tag is recommended to assess accessibility
1485857928,way,surface,MISSING,Surface tag is recommended to assess accessibility
1485861704,way,surface,MISSING,Surface tag is recommended to assess accessibility
1485861705,way,surface,MISSING,Surface tag is recommended to assess accessibility
1485861706,way,surface,MISSING,Surface tag is recommended to assess accessibility
1485861707,way,surface,MISSING,Surface tag is recommended to assess accessibility
1485861708,way,surface,MISSING,Surface tag is recommended to assess accessibility
1487938057,way,surface,MISSING,Surface tag is recommended to assess accessibility
1487938058,way,surface,MISSING,Surface tag is recommended to assess accessibility
1488649257,way,surface,MISSING,Surface tag is recommended to assess accessibility
1488674689,way,surface,MISSING,Surface tag is recommended to assess accessibility
1488674690,way,surface,MISSING,Surface tag is recommended to assess accessibility
1488674691,way,surface,MISSING,Surface tag is recommended to assess accessibility
1488947186,way,surface,MISSING,Surface tag is recommended to assess accessibility
1488947187,way,surface,MISSING,Surface tag is recommended to assess accessibility
1488947188,way,surface,MISSING,Surface tag is recommended to assess accessibility
1488947189,way,surface,MISSING,Surface tag is recommended to assess accessibility
1488947191,way,surface,MISSING,Surface tag is recommended to assess accessibility
1488947192,way,surface,MISSING,Surface tag is recommended to assess accessibility
1488947193,way,surface,MISSING,Surface tag is recommended to assess accessibility
1488947194,way,surface,MISSING,Surface tag is recommended to assess accessibility
1488947196,way,surface,MISSING,Surface tag is recommended to assess accessibility
1489515069,way,surface,MISSING,Surface tag is recommended to assess accessibility
1489515070,way,surface,MISSING,Surface tag is recommended to assess accessibility
1489725111,way,surface,MISSING,Surface tag is recommended to assess accessibility
1489725112,way,surface,MISSING,Surface tag is recommended to assess accessibility
1489725113,way,surface,MISSING,Surface tag is recommended to assess accessibility
1489725114,way,surface,MISSING,Surface tag is recommended to assess accessibility
1491107197,way,surface,MISSING,Surface tag is recommended to assess accessibility
1491107202,way,surface,MISSING,Surface tag is recommended to assess accessibility
1491107205,way,surface,MISSING,Surface tag is recommended to assess accessibility
1491107206,way,surface,MISSING,Surface tag is recommended to assess accessibility
1491107207,way,surface,MISSING,Surface tag is recommended to assess accessibility
1491626979,way,surface,MISSING,Surface tag is recommended to assess accessibility
1492216060,way,surface,MISSING,Surface tag is recommended to assess accessibility
1494656571,way,surface,MISSING,Surface tag is recommended to assess accessibility
1496103808,way,surface,MISSING,Surface tag is recommended to assess accessibility
1497956305,way,surface,MISSING,Surface tag is recommended to assess accessibility
1498408264,way,surface,MISSING,Surface tag is recommended to assess accessibility
1498408267,way,surface,MISSING,Surface tag is recommended to assess accessibility
1498694685,way,surface,MISSING,Surface tag is recommended to assess accessibility
1498728723,way,surface,MISSING,Surface tag is recommended to assess accessibility
1498728725,way,surface,MISSING,Surface tag is recommended to assess accessibility
1498728726,way,surface,MISSING,Surface tag is recommended to assess accessibility
1498800018,way,surface,MISSING,Surface tag is recommended to assess accessibility
1498844626,way,surface,MISSING,Surface tag is recommended to assess accessibility
1498952827,way,surface,MISSING,Surface tag is recommended to assess accessibility
1499690269,way,surface,MISSING,Surface tag is recommended to assess accessibility
1499690271,way,surface,MISSING,Surface tag is recommended to assess accessibility
1500336384,way,surface,MISSING,Surface tag is recommended to assess accessibility
1501127657,way,surface,MISSING,Surface tag is recommended to assess accessibility
1501127658,way,surface,MISSING,Surface tag is recommended to assess accessibility
1501127659,way,surface,MISSING,Surface tag is recommended to assess accessibility
1501127660,way,surface,MISSING,Surface tag is recommended to assess accessibility
1501127661,way,surface,MISSING,Surface tag is recommended to assess accessibility
1501127662,way,surface,MISSING,Surface tag is recommended to assess accessibility
1501127663,way,surface,MISSING,Surface tag is recommended to assess accessibility
1501127665,way,surface,MISSING,Surface tag is recommended to assess accessibility
1501197002,way,surface,MISSING,Surface tag is recommended to assess accessibility
1502746712,way,surface,MISSING,Surface tag is recommended to assess accessibility
1502746713,way,surface,MISSING,Surface tag is recommended to assess accessibility
1502746717,way,surface,MISSING,Surface tag is recommended to assess accessibility
1502746718,way,surface,MISSING,Surface tag is recommended to assess accessibility
1503405388,way,surface,MISSING,Surface tag is recommended to assess accessibility
1503405389,way,surface,MISSING,Surface tag is recommended to assess accessibility
1503837291,way,surface,MISSING,Surface tag is recommended to assess accessibility
1503837292,way,surface,MISSING,Surface tag is recommended to assess accessibility
1503837293,way,surface,MISSING,Surface tag is recommended to assess accessibility
1503837295,way,surface,MISSING,Surface tag is recommended to assess accessibility
1503837296,way,surface,MISSING,Surface tag is recommended to assess accessibility
1503837297,way,surface,MISSING,Surface tag is recommended to assess accessibility
1503837298,way,surface,MISSING,Surface tag is recommended to assess accessibility
1503837299,way,surface,MISSING,Surface tag is recommended to assess accessibility
1503837300,way,surface,MISSING,Surface tag is recommended to assess accessibility
1504136638,way,surface,MISSING,Surface tag is recommended to assess accessibility
1504201438,way,surface,MISSING,Surface tag is recommended to assess accessibility
1504201441,way,surface,MISSING,Surface tag is recommended to assess accessibility
1504408383,way,surface,MISSING,Surface tag is recommended to assess accessibility
1506592507,way,surface,MISSING,Surface tag is recommended to assess accessibility
1507622074,way,surface,MISSING,Surface tag is recommended to assess accessibility
1507622078,way,surface,MISSING,Surface tag is recommended to assess accessibility
1507751685,way,surface,MISSING,Surface tag is recommended to assess accessibility
1507871474,way,surface,MISSING,Surface tag is recommended to assess accessibility
1507871475,way,surface,MISSING,Surface tag is recommended to assess accessibility
1507871476,way,surface,MISSING,Surface tag is recommended to assess accessibility
1507933663,way,surface,MISSING,Surface tag is recommended to assess accessibility
1508136461,way,surface,MISSING,Surface tag is recommended to assess accessibility
1508524346,way,surface,MISSING,Surface tag is recommended to assess accessibility
1508524347,way,surface,MISSING,Surface tag is recommended to assess accessibility
1508524348,way,surface,MISSING,Surface tag is recommended to assess accessibility
1508524349,way,surface,MISSING,Surface tag is recommended to assess accessibility
1508524350,way,surface,MISSING,Surface tag is recommended to assess accessibility
1508524353,way,surface,MISSING,Surface tag is recommended to assess accessibility
1508524355,way,surface,MISSING,Surface tag is recommended to assess accessibility
1508748069,way,surface,MISSING,Surface tag is recommended to assess accessibility
1508748070,way,surface,MISSING,Surface tag is recommended to assess accessibility
1508748071,way,surface,MISSING,Surface tag is recommended to assess accessibility
1508845227,way,surface,MISSING,Surface tag is recommended to assess accessibility
1510738841,way,surface,MISSING,Surface tag is recommended to assess accessibility
1510741496,way,surface,MISSING,Surface tag is recommended to assess accessibility
1510741497,way,surface,MISSING,Surface tag is recommended to assess accessibility
1510936506,way,surface,MISSING,Surface tag is recommended to assess accessibility
1510936507,way,surface,MISSING,Surface tag is recommended to assess accessibility
1510936508,way,surface,MISSING,Surface tag is recommended to assess accessibility
1510936510,way,surface,MISSING,Surface tag is recommended to assess accessibility
1510936522,way,surface,MISSING,Surface tag is recommended to assess accessibility
1511067219,way,surface,MISSING,Surface tag is recommended to assess accessibility
1511067222,way,surface,MISSING,Surface tag is recommended to assess accessibility
1511067256,way,surface,MISSING,Surface tag is recommended to assess accessibility
1511122448,way,surface,MISSING,Surface tag is recommended to assess accessibility
1511122451,way,surface,MISSING,Surface tag is recommended to assess accessibility
1511122454,way,surface,MISSING,Surface tag is recommended to assess accessibility
1511122455,way,surface,MISSING,Surface tag is recommended to assess accessibility
1511122456,way,surface,MISSING,Surface tag is recommended to assess accessibility
1511122457,way,surface,MISSING,Surface tag is recommended to assess accessibility
1511122458,way,surface,MISSING,Surface tag is recommended to assess accessibility
1511122459,way,surface,MISSING,Surface tag is recommended to assess accessibility
1511122462,way,surface,MISSING,Surface tag is recommended to assess accessibility
1511198045,way,surface,MISSING,Surface tag is recommended to assess accessibility
1511198046,way,surface,MISSING,Surface tag is recommended to assess accessibility
1511198048,way,surface,MISSING,Surface tag is recommended to assess accessibility
1511198049,way,surface,MISSING,Surface tag is recommended to assess accessibility
1511198050,way,surface,MISSING,Surface tag is recommended to assess accessibility
1511198051,way,surface,MISSING,Surface tag is recommended to assess accessibility
1511198052,way,surface,MISSING,Surface tag is recommended to assess accessibility
1511198053,way,surface,MISSING,Surface tag is recommended to assess accessibility
1511198056,way,surface,MISSING,Surface tag is recommended to assess accessibility
1511198057,way,surface,MISSING,Surface tag is recommended to assess accessibility
1511254900,way,surface,MISSING,Surface tag is recommended to assess accessibility
1511254902,way,surface,MISSING,Surface tag is recommended to assess accessibility
1511254908,way,surface,MISSING,Surface tag is recommended to assess accessibility
1511254909,way,surface,MISSING,Surface tag is recommended to assess accessibility
1511254918,way,surface,MISSING,Surface tag is recommended to assess accessibility
1511862306,way,surface,MISSING,Surface tag is recommended to assess accessibility
1512458013,way,surface,MISSING,Surface tag is recommended to assess accessibility
1512632334,way,surface,MISSING,Surface tag is recommended to assess accessibility
1512632335,way,surface,MISSING,Surface tag is recommended to assess accessibility
1512936743,way,surface,MISSING,Surface tag is recommended to assess accessibility
1512938427,way,surface,MISSING,Surface tag is recommended to assess accessibility
1512938428,way,surface,MISSING,Surface tag is recommended to assess accessibility
1513973099,way,surface,MISSING,Surface tag is recommended to assess accessibility
1513973100,way,surface,MISSING,Surface tag is recommended to assess accessibility
1513973101,way,surface,MISSING,Surface tag is recommended to assess accessibility
1515198894,way,surface,MISSING,Surface tag is recommended to assess accessibility
1515686103,way,surface,MISSING,Surface tag is recommended to assess accessibility
1515686104,way,surface,MISSING,Surface tag is recommended to assess accessibility
1515686105,way,surface,MISSING,Surface tag is recommended to assess accessibility
1515686106,way,surface,MISSING,Surface tag is recommended to assess accessibility
1515686107,way,surface,MISSING,Surface tag is recommended to assess accessibility
1515686108,way,surface,MISSING,Surface tag is recommended to assess accessibility
1515686109,way,surface,MISSING,Surface tag is recommended to assess accessibility
1515686110,way,surface,MISSING,Surface tag is recommended to assess accessibility
1515686111,way,surface,MISSING,Surface tag is recommended to assess accessibility
1515686112,way,surface,MISSING,Surface tag is recommended to assess accessibility
1515686113,way,surface,MISSING,Surface tag is recommended to assess accessibility
1515686114,way,surface,MISSING,Surface tag is recommended to assess accessibility
1515686115,way,surface,MISSING,Surface tag is recommended to assess accessibility
1515686116,way,surface,MISSING,Surface tag is recommended to assess accessibility
1515686117,way,surface,MISSING,Surface tag is recommended to assess accessibility
1515686118,way,surface,MISSING,Surface tag is recommended to assess accessibility
1515686119,way,surface,MISSING,Surface tag is recommended to assess accessibility
1515686120,way,surface,MISSING,Surface tag is recommended to assess accessibility
1515686121,way,surface,MISSING,Surface tag is recommended to assess accessibility
1515686122,way,surface,MISSING,Surface tag is recommended to assess accessibility
1515686123,way,surface,MISSING,Surface tag is recommended to assess accessibility
1515686124,way,surface,MISSING,Surface tag is recommended to assess accessibility
1515686125,way,surface,MISSING,Surface tag is recommended to assess accessibility
1515686126,way,surface,MISSING,Surface tag is recommended to assess accessibility
1517230185,way,surface,MISSING,Surface tag is recommended to assess accessibility
1517378694,way,surface,MISSING,Surface tag is recommended to assess accessibility
1517378695,way,surface,MISSING,Surface tag is recommended to assess accessibility
1517378696,way,surface,MISSING,Surface tag is recommended to assess accessibility
1517378697,way,surface,MISSING,Surface tag is recommended to assess accessibility
1517378700,way,surface,MISSING,Surface tag is recommended to assess accessibility
1517378701,way,surface,MISSING,Surface tag is recommended to assess accessibility
1517378702,way,surface,MISSING,Surface tag is recommended to assess accessibility
1517378703,way,surface,MISSING,Surface tag is recommended to assess accessibility
1517378704,way,surface,MISSING,Surface tag is recommended to assess accessibility
1517378705,way,surface,MISSING,Surface tag is recommended to assess accessibility
1517378706,way,surface,MISSING,Surface tag is recommended to assess accessibility
1517378711,way,surface,MISSING,Surface tag is recommended to assess accessibility
1517378713,way,surface,MISSING,Surface tag is recommended to assess accessibility
1517378714,way,surface,MISSING,Surface tag is recommended to assess accessibility
1517378715,way,surface,MISSING,Surface tag is recommended to assess accessibility
1517378716,way,surface,MISSING,Surface tag is recommended to assess accessibility
1517378735,way,surface,MISSING,Surface tag is recommended to assess accessibility
1517378736,way,surface,MISSING,Surface tag is recommended to assess accessibility
1517504264,way,surface,MISSING,Surface tag is recommended to assess accessibility
1517504277,way,surface,MISSING,Surface tag is recommended to assess accessibility
1518039781,way,surface,MISSING,Surface tag is recommended to assess accessibility
1518039782,way,surface,MISSING,Surface tag is recommended to assess accessibility
1518039783,way,surface,MISSING,Surface tag is recommended to assess accessibility
1518039784,way,surface,MISSING,Surface tag is recommended to assess accessibility
1518377801,way,surface,MISSING,Surface tag is recommended to assess accessibility
1518377802,way,surface,MISSING,Surface tag is recommended to assess accessibility
1520558841,way,surface,MISSING,Surface tag is recommended to assess accessibility
1522547042,way,surface,MISSING,Surface tag is recommended to assess accessibility
1523080981,way,surface,MISSING,Surface tag is recommended to assess accessibility
1525275833,way,surface,MISSING,Surface tag is recommended to assess accessibility
1525275834,way,surface,MISSING,Surface tag is recommended to assess accessibility
1525275842,way,surface,MISSING,Surface tag is recommended to assess accessibility
1525560029,way,surface,MISSING,Surface tag is recommended to assess accessibility
1525597164,way,surface,MISSING,Surface tag is recommended to assess accessibility
1525597165,way,surface,MISSING,Surface tag is recommended to assess accessibility
1526197385,way,surface,MISSING,Surface tag is recommended to assess accessibility
1526503958,way,surface,MISSING,Surface tag is recommended to assess accessibility
1526503961,way,surface,MISSING,Surface tag is recommended to assess accessibility
1526545190,way,surface,MISSING,Surface tag is recommended to assess accessibility
1526545192,way,surface,MISSING,Surface tag is recommended to assess accessibility
1526545217,way,surface,MISSING,Surface tag is recommended to assess accessibility
1526545218,way,surface,MISSING,Surface tag is recommended to assess accessibility
1526545219,way,surface,MISSING,Surface tag is recommended to assess accessibility
1526677946,way,surface,MISSING,Surface tag is recommended to assess accessibility
1526677948,way,surface,MISSING,Surface tag is recommended to assess accessibility
1526677949,way,surface,MISSING,Surface tag is recommended to assess accessibility
1526677950,way,surface,MISSING,Surface tag is recommended to assess accessibility
1526677951,way,surface,MISSING,Surface tag is recommended to assess accessibility
1526677952,way,surface,MISSING,Surface tag is recommended to assess accessibility
1526677953,way,surface,MISSING,Surface tag is recommended to assess accessibility
1526698841,way,surface,MISSING,Surface tag is recommended to assess accessibility
1526698842,way,surface,MISSING,Surface tag is recommended to assess accessibility
1526698843,way,surface,MISSING,Surface tag is recommended to assess accessibility
1526698844,way,surface,MISSING,Surface tag is recommended to assess accessibility
1526698845,way,surface,MISSING,Surface tag is recommended to assess accessibility
1526698855,way,surface,MISSING,Surface tag is recommended to assess accessibility
1526698856,way,surface,MISSING,Surface tag is recommended to assess accessibility
1526763298,way,surface,MISSING,Surface tag is recommended to assess accessibility
1526805487,way,surface,MISSING,Surface tag is recommended to assess accessibility
1526805488,way,surface,MISSING,Surface tag is recommended to assess accessibility
1527115243,way,surface,MISSING,Surface tag is recommended to assess accessibility
1527115244,way,surface,MISSING,Surface tag is recommended to assess accessibility
1527115245,way,surface,MISSING,Surface tag is recommended to assess accessibility
1527115247,way,surface,MISSING,Surface tag is recommended to assess accessibility
1527115248,way,surface,MISSING,Surface tag is recommended to assess accessibility
1527115254,way,surface,MISSING,Surface tag is recommended to assess accessibility
1527161665,way,surface,MISSING,Surface tag is recommended to assess accessibility
1527161666,way,surface,MISSING,Surface tag is recommended to assess accessibility
1527224170,way,surface,MISSING,Surface tag is recommended to assess accessibility
1527224171,way,surface,MISSING,Surface tag is recommended to assess accessibility
1527224181,way,surface,MISSING,Surface tag is recommended to assess accessibility
1527224182,way,surface,MISSING,Surface tag is recommended to assess accessibility
1527224188,way,surface,MISSING,Surface tag is recommended to assess accessibility
1527278373,way,surface,MISSING,Surface tag is recommended to assess accessibility
1527278376,way,surface,MISSING,Surface tag is recommended to assess accessibility
1527278379,way,surface,MISSING,Surface tag is recommended to assess accessibility
1527286415,way,surface,MISSING,Surface tag is recommended to assess accessibility
1527327548,way,surface,MISSING,Surface tag is recommended to assess accessibility
1527327549,way,surface,MISSING,Surface tag is recommended to assess accessibility
1527327552,way,surface,MISSING,Surface tag is recommended to assess accessibility
1527327553,way,surface,MISSING,Surface tag is recommended to assess accessibility
1527418064,way,surface,MISSING,Surface tag is recommended to assess accessibility
1527418065,way,surface,MISSING,Surface tag is recommended to assess accessibility
1527418066,way,surface,MISSING,Surface tag is recommended to assess accessibility
1527418067,way,surface,MISSING,Surface tag is recommended to assess accessibility
1527418068,way,surface,MISSING,Surface tag is recommended to assess accessibility
1527631604,way,surface,MISSING,Surface tag is recommended to assess accessibility
1527631607,way,surface,MISSING,Surface tag is recommended to assess accessibility
1527631609,way,surface,MISSING,Surface tag is recommended to assess accessibility
1527631617,way,surface,MISSING,Surface tag is recommended to assess accessibility
1527657469,way,surface,MISSING,Surface tag is recommended to assess accessibility
1527657470,way,surface,MISSING,Surface tag is recommended to assess accessibility
1527657471,way,surface,MISSING,Surface tag is recommended to assess accessibility
1527657472,way,surface,MISSING,Surface tag is recommended to assess accessibility
1527657473,way,surface,MISSING,Surface tag is recommended to assess accessibility
1527657474,way,surface,MISSING,Surface tag is recommended to assess accessibility
1527657477,way,surface,MISSING,Surface tag is recommended to assess accessibility
1527657478,way,surface,MISSING,Surface tag is recommended to assess accessibility
1527657479,way,surface,MISSING,Surface tag is recommended to assess accessibility
1527657480,way,surface,MISSING,Surface tag is recommended to assess accessibility
1527657482,way,surface,MISSING,Surface tag is recommended to assess accessibility
1527657489,way,surface,MISSING,Surface tag is recommended to assess accessibility
1527657490,way,surface,MISSING,Surface tag is recommended to assess accessibility
1527657491,way,surface,MISSING,Surface tag is recommended to assess accessibility
1527657492,way,surface,MISSING,Surface tag is recommended to assess accessibility
1527657494,way,surface,MISSING,Surface tag is recommended to assess accessibility
1527657495,way,surface,MISSING,Surface tag is recommended to assess accessibility
1527657496,way,surface,MISSING,Surface tag is recommended to assess accessibility
1527657497,way,surface,MISSING,Surface tag is recommended to assess accessibility
1527978357,way,surface,MISSING,Surface tag is recommended to assess accessibility
1528098903,way,surface,MISSING,Surface tag is recommended to assess accessibility
1528098904,way,surface,MISSING,Surface tag is recommended to assess accessibility
1528227528,way,surface,MISSING,Surface tag is recommended to assess accessibility
1528373930,way,surface,MISSING,Surface tag is recommended to assess accessibility
1528373931,way,surface,MISSING,Surface tag is recommended to assess accessibility
1528373934,way,surface,MISSING,Surface tag is recommended to assess accessibility
1528373935,way,surface,MISSING,Surface tag is recommended to assess accessibility
1528373936,way,surface,MISSING,Surface tag is recommended to assess accessibility
1528956671,way,surface,MISSING,Surface tag is recommended to assess accessibility
1528956673,way,surface,MISSING,Surface tag is recommended to assess accessibility
1528956674,way,surface,MISSING,Surface tag is recommended to assess accessibility
1528994785,way,surface,MISSING,Surface tag is recommended to assess accessibility
1528994792,way,surface,MISSING,Surface tag is recommended to assess accessibility
1528994793,way,surface,MISSING,Surface tag is recommended to assess accessibility
1528994796,way,surface,MISSING,Surface tag is recommended to assess accessibility
1528994797,way,surface,MISSING,Surface tag is recommended to assess accessibility
1529682194,way,surface,MISSING,Surface tag is recommended to assess accessibility
1530410288,way,surface,MISSING,Surface tag is recommended to assess accessibility
1530440702,way,surface,MISSING,Surface tag is recommended to assess accessibility
1530440703,way,surface,MISSING,Surface tag is recommended to assess accessibility
1530683123,way,surface,MISSING,Surface tag is recommended to assess accessibility
1530683124,way,surface,MISSING,Surface tag is recommended to assess accessibility
1530890363,way,surface,MISSING,Surface tag is recommended to assess accessibility
1530890364,way,surface,MISSING,Surface tag is recommended to assess accessibility
1530890365,way,surface,MISSING,Surface tag is recommended to assess accessibility
1530890366,way,surface,MISSING,Surface tag is recommended to assess accessibility
1530900536,way,surface,MISSING,Surface tag is recommended to assess accessibility
1530900537,way,surface,MISSING,Surface tag is recommended to assess accessibility
1531247308,way,surface,MISSING,Surface tag is recommended to assess accessibility
1531428215,way,surface,MISSING,Surface tag is recommended to assess accessibility
1531428216,way,surface,MISSING,Surface tag is recommended to assess accessibility
1531428217,way,surface,MISSING,Surface tag is recommended to assess accessibility
1532383743,way,surface,MISSING,Surface tag is recommended to assess accessibility
1532383750,way,surface,MISSING,Surface tag is recommended to assess accessibility
1532383751,way,surface,MISSING,Surface tag is recommended to assess accessibility
1532383752,way,surface,MISSING,Surface tag is recommended to assess accessibility
1532383753,way,surface,MISSING,Surface tag is recommended to assess accessibility
1532383754,way,surface,MISSING,Surface tag is recommended to assess accessibility
1532383755,way,surface,MISSING,Surface tag is recommended to assess accessibility
1532383756,way,surface,MISSING,Surface tag is recommended to assess accessibility
1532383757,way,surface,MISSING,Surface tag is recommended to assess accessibility
1532383758,way,surface,MISSING,Surface tag is recommended to assess accessibility
1532383759,way,surface,MISSING,Surface tag is recommended to assess accessibility
1532383760,way,surface,MISSING,Surface tag is recommended to assess accessibility
1532585309,way,surface,MISSING,Surface tag is recommended to assess accessibility
1532585322,way,surface,MISSING,Surface tag is recommended to assess accessibility
1532585324,way,surface,MISSING,Surface tag is recommended to assess accessibility
1532774674,way,surface,MISSING,Surface tag is recommended to assess accessibility
1532774675,way,surface,MISSING,Surface tag is recommended to assess accessibility
1532774676,way,surface,MISSING,Surface tag is recommended to assess accessibility
1532774677,way,surface,MISSING,Surface tag is recommended to assess accessibility
1532774678,way,surface,MISSING,Surface tag is recommended to assess accessibility
1532774679,way,surface,MISSING,Surface tag is recommended to assess accessibility
1532774680,way,surface,MISSING,Surface tag is recommended to assess accessibility
1532774681,way,surface,MISSING,Surface tag is recommended to assess accessibility
1532946266,way,surface,MISSING,Surface tag is recommended to assess accessibility
1532946269,way,surface,MISSING,Surface tag is recommended to assess accessibility
1532946270,way,surface,MISSING,Surface tag is recommended to assess accessibility
1533016357,way,surface,MISSING,Surface tag is recommended to assess accessibility
1533016358,way,surface,MISSING,Surface tag is recommended to assess accessibility
1533016362,way,surface,MISSING,Surface tag is recommended to assess accessibility
1533016363,way,surface,MISSING,Surface tag is recommended to assess accessibility
1533016364,way,surface,MISSING,Surface tag is recommended to assess accessibility
1533016365,way,surface,MISSING,Surface tag is recommended to assess accessibility
1533016366,way,surface,MISSING,Surface tag is recommended to assess accessibility
1533042470,way,surface,MISSING,Surface tag is recommended to assess accessibility
1533042471,way,surface,MISSING,Surface tag is recommended to assess accessibility
1533201423,way,surface,MISSING,Surface tag is recommended to assess accessibility
1533201424,way,surface,MISSING,Surface tag is recommended to assess accessibility
1533265907,way,surface,MISSING,Surface tag is recommended to assess accessibility
1533435205,way,surface,MISSING,Surface tag is recommended to assess accessibility
1534658954,way,surface,MISSING,Surface tag is recommended to assess accessibility
1534658955,way,surface,MISSING,Surface tag is recommended to assess accessibility
1534703760,way,surface,MISSING,Surface tag is recommended to assess accessibility
1534703761,way,surface,MISSING,Surface tag is recommended to assess accessibility
1534703762,way,surface,MISSING,Surface tag is recommended to assess accessibility
1534708150,way,surface,MISSING,Surface tag is recommended to assess accessibility
1535022199,way,surface,MISSING,Surface tag is recommended to assess accessibility
1535022213,way,surface,MISSING,Surface tag is recommended to assess accessibility
1535022217,way,surface,MISSING,Surface tag is recommended to assess accessibility
1535022218,way,surface,MISSING,Surface tag is recommended to assess accessibility
1535022219,way,surface,MISSING,Surface tag is recommended to assess accessibility
1535022220,way,surface,MISSING,Surface tag is recommended to assess accessibility
1535022227,way,surface,MISSING,Surface tag is recommended to assess accessibility
1535022228,way,surface,MISSING,Surface tag is recommended to assess accessibility
1535022229,way,surface,MISSING,Surface tag is recommended to assess accessibility
1535022230,way,surface,MISSING,Surface tag is recommended to assess accessibility
1535022231,way,surface,MISSING,Surface tag is recommended to assess accessibility
1535022232,way,surface,MISSING,Surface tag is recommended to assess accessibility
1535022233,way,surface,MISSING,Surface tag is recommended to assess accessibility
1535022234,way,surface,MISSING,Surface tag is recommended to assess accessibility
1535022235,way,surface,MISSING,Surface tag is recommended to assess accessibility
1535060390,way,surface,MISSING,Surface tag is recommended to assess accessibility
1535077171,way,surface,MISSING,Surface tag is recommended to assess accessibility
1535642538,way,surface,MISSING,Surface tag is recommended to assess accessibility
1535642540,way,surface,MISSING,Surface tag is recommended to assess accessibility
1535669913,way,surface,MISSING,Surface tag is recommended to assess accessibility
1535669914,way,surface,MISSING,Surface tag is recommended to assess accessibility
1535669932,way,surface,MISSING,Surface tag is recommended to assess accessibility
1535669933,way,surface,MISSING,Surface tag is recommended to assess accessibility
1535669934,way,surface,MISSING,Surface tag is recommended to assess accessibility
1535669936,way,surface,MISSING,Surface tag is recommended to assess accessibility
1537152476,way,surface,MISSING,Surface tag is recommended to assess accessibility
1537724273,way,surface,MISSING,Surface tag is recommended to assess accessibility
1540259813,way,surface,MISSING,Surface tag is recommended to assess accessibility
1540259814,way,surface,MISSING,Surface tag is recommended to assess accessibility
1540260754,way,surface,MISSING,Surface tag is recommended to assess accessibility
1540261363,way,surface,MISSING,Surface tag is recommended to assess accessibility
1541430422,way,surface,MISSING,Surface tag is recommended to assess accessibility
1541430426,way,surface,MISSING,Surface tag is recommended to assess accessibility
1541430430,way,surface,MISSING,Surface tag is recommended to assess accessibility
1543171977,way,surface,MISSING,Surface tag is recommended to assess accessibility
1543285059,way,surface,MISSING,Surface tag is recommended to assess accessibility
1543285060,way,surface,MISSING,Surface tag is recommended to assess accessibility
1543970930,way,surface,MISSING,Surface tag is recommended to assess accessibility
1544540295,way,surface,MISSING,Surface tag is recommended to assess accessibility
1544540296,way,surface,MISSING,Surface tag is recommended to assess accessibility
1544560072,way,surface,MISSING,Surface tag is recommended to assess accessibility
1544560073,way,surface,MISSING,Surface tag is recommended to assess accessibility
1544560090,way,surface,MISSING,Surface tag is recommended to assess accessibility
1544560091,way,surface,MISSING,Surface tag is recommended to assess accessibility
1544560092,way,surface,MISSING,Surface tag is recommended to assess accessibility
1544560093,way,surface,MISSING,Surface tag is recommended to assess accessibility
1544560094,way,surface,MISSING,Surface tag is recommended to assess accessibility
1544768841,way,surface,MISSING,Surface tag is recommended to assess accessibility
1544768842,way,surface,MISSING,Surface tag is recommended to assess accessibility
1545374302,way,surface,MISSING,Surface tag is recommended to assess accessibility
1545374303,way,surface,MISSING,Surface tag is recommended to assess accessibility
1545374304,way,surface,MISSING,Surface tag is recommended to assess accessibility
1545374305,way,surface,MISSING,Surface tag is recommended to assess accessibility
1545374306,way,surface,MISSING,Surface tag is recommended to assess accessibility
1545374307,way,surface,MISSING,Surface tag is recommended to assess accessibility
1545374308,way,surface,MISSING,Surface tag is recommended to assess accessibility
1545374310,way,surface,MISSING,Surface tag is recommended to assess accessibility
1545428525,way,surface,MISSING,Surface tag is recommended to assess accessibility
1545428526,way,surface,MISSING,Surface tag is recommended to assess accessibility
1545428528,way,surface,MISSING,Surface tag is recommended to assess accessibility
1545428529,way,surface,MISSING,Surface tag is recommended to assess accessibility
1545428530,way,surface,MISSING,Surface tag is recommended to assess accessibility
1545428531,way,surface,MISSING,Surface tag is recommended to assess accessibility
1545428532,way,surface,MISSING,Surface tag is recommended to assess accessibility
1545428533,way,surface,MISSING,Surface tag is recommended to assess accessibility
1545428534,way,surface,MISSING,Surface tag is recommended to assess accessibility
1545428535,way,surface,MISSING,Surface tag is recommended to assess accessibility
1545428536,way,surface,MISSING,Surface tag is recommended to assess accessibility
1545428537,way,surface,MISSING,Surface tag is recommended to assess accessibility
1545677960,way,surface,MISSING,Surface tag is recommended to assess accessibility
1545677961,way,surface,MISSING,Surface tag is recommended to assess accessibility
1546691307,way,surface,MISSING,Surface tag is recommended to assess accessibility
1546710744,way,surface,MISSING,Surface tag is recommended to assess accessibility
1546710745,way,surface,MISSING,Surface tag is recommended to assess accessibility
1546808989,way,surface,MISSING,Surface tag is recommended to assess accessibility
1546808991,way,surface,MISSING,Surface tag is recommended to assess accessibility
