osm_id,feat_type,key,value,commentary
5308815,relation,last_update,25-2-2014,Feature has not been updated in 5 years or more
14750142,relation,last_update,26-8-2017,Feature has not been updated in 5 years or more
15097192,relation,last_update,17-6-2010,Feature has not been updated in 5 years or more
16177013,relation,last_update,30-3-2020,Feature has not been updated in 5 years or more
16338803,relation,last_update,16-9-2020,Feature has not been updated in 5 years or more
16356615,relation,last_update,14-12-2007,Feature has not been updated in 5 years or more
17461247,relation,last_update,2-1-2013,Feature has not been updated in 5 years or more
18788303,relation,last_update,17-2-2016,Feature has not been updated in 5 years or more
24603582,way,last_update,7-2-2018,Feature has not been updated in 5 years or more
24603583,way,last_update,11-12-2013,Feature has not been updated in 5 years or more
24603584,way,last_update,11-12-2013,Feature has not been updated in 5 years or more
24603589,way,last_update,11-2-2014,Feature has not been updated in 5 years or more
24603591,way,last_update,11-12-2013,Feature has not been updated in 5 years or more
24603597,way,last_update,13-2-2015,Feature has not been updated in 5 years or more
24603630,way,last_update,11-12-2013,Feature has not been updated in 5 years or more
24791905,way,last_update,26-6-2015,Feature has not been updated in 5 years or more
30049726,way,last_update,3-6-2016,Feature has not been updated in 5 years or more
30049727,way,last_update,3-6-2016,Feature has not been updated in 5 years or more
30049728,way,last_update,3-6-2016,Feature has not been updated in 5 years or more
30050374,way,last_update,19-7-2016,Feature has not been updated in 5 years or more
32944276,way,last_update,3-6-2016,Feature has not been updated in 5 years or more
37184488,way,last_update,8-8-2017,Feature has not been updated in 5 years or more
45190182,way,last_update,11-12-2013,Feature has not been updated in 5 years or more
48310679,way,last_update,25-4-2021,Feature has not been updated in 5 years or more
48988568,way,last_update,22-2-2021,Feature has not been updated in 5 years or more
48988772,way,last_update,23-9-2019,Feature has not been updated in 5 years or more
55063753,way,last_update,11-4-2010,Feature has not been updated in 5 years or more
55063755,way,last_update,22-2-2021,Feature has not been updated in 5 years or more
55063767,way,last_update,15-12-2018,Feature has not been updated in 5 years or more
70003512,way,last_update,26-6-2015,Feature has not been updated in 5 years or more
76115696,way,last_update,2-7-2019,Feature has not been updated in 5 years or more
87601117,way,last_update,25-4-2021,Feature has not been updated in 5 years or more
91868262,way,last_update,23-7-2011,Feature has not been updated in 5 years or more
93125237,way,last_update,19-8-2017,Feature has not been updated in 5 years or more
106805366,way,last_update,4-5-2012,Feature has not been updated in 5 years or more
106810257,way,last_update,1-4-2011,Feature has not been updated in 5 years or more
106810408,way,last_update,30-9-2019,Feature has not been updated in 5 years or more
106916867,way,last_update,9-3-2021,Feature has not been updated in 5 years or more
106924941,way,last_update,8-7-2018,Feature has not been updated in 5 years or more
106928425,way,last_update,17-10-2019,Feature has not been updated in 5 years or more
106934489,way,last_update,11-5-2012,Feature has not been updated in 5 years or more
106934492,way,last_update,14-1-2019,Feature has not been updated in 5 years or more
106939226,way,last_update,12-1-2019,Feature has not been updated in 5 years or more
106940302,way,last_update,12-1-2019,Feature has not been updated in 5 years or more
106946697,way,last_update,11-11-2018,Feature has not been updated in 5 years or more
122741618,way,last_update,23-7-2011,Feature has not been updated in 5 years or more
122741619,way,last_update,23-7-2011,Feature has not been updated in 5 years or more
124108707,way,last_update,1-8-2011,Feature has not been updated in 5 years or more
124648004,way,last_update,16-6-2015,Feature has not been updated in 5 years or more
128988901,way,last_update,8-4-2021,Feature has not been updated in 5 years or more
129015198,way,last_update,18-5-2021,Feature has not been updated in 5 years or more
129142035,way,last_update,22-3-2021,Feature has not been updated in 5 years or more
132418402,way,last_update,13-1-2019,Feature has not been updated in 5 years or more
137416763,way,last_update,17-5-2021,Feature has not been updated in 5 years or more
137417563,way,last_update,13-3-2016,Feature has not been updated in 5 years or more
137417564,way,last_update,13-3-2016,Feature has not been updated in 5 years or more
137417567,way,last_update,13-3-2016,Feature has not been updated in 5 years or more
137422213,way,last_update,13-3-2016,Feature has not been updated in 5 years or more
137422223,way,last_update,7-4-2016,Feature has not been updated in 5 years or more
137425519,way,last_update,19-8-2017,Feature has not been updated in 5 years or more
137425521,way,last_update,19-8-2017,Feature has not been updated in 5 years or more
137425526,way,last_update,19-8-2017,Feature has not been updated in 5 years or more
137425528,way,last_update,8-7-2019,Feature has not been updated in 5 years or more
137426751,way,last_update,7-4-2016,Feature has not been updated in 5 years or more
137426753,way,last_update,26-5-2021,Feature has not been updated in 5 years or more
137426754,way,last_update,13-3-2016,Feature has not been updated in 5 years or more
137427351,way,last_update,27-4-2016,Feature has not been updated in 5 years or more
137428360,way,last_update,25-6-2016,Feature has not been updated in 5 years or more
137443029,way,last_update,21-10-2018,Feature has not been updated in 5 years or more
137443199,way,last_update,27-4-2018,Feature has not been updated in 5 years or more
137976592,way,last_update,12-5-2021,Feature has not been updated in 5 years or more
137979251,way,last_update,18-5-2021,Feature has not been updated in 5 years or more
137979255,way,last_update,30-3-2016,Feature has not been updated in 5 years or more
137979260,way,last_update,30-3-2016,Feature has not been updated in 5 years or more
137979261,way,last_update,7-4-2016,Feature has not been updated in 5 years or more
137979273,way,last_update,18-3-2016,Feature has not been updated in 5 years or more
137979278,way,last_update,8-5-2021,Feature has not been updated in 5 years or more
137979282,way,last_update,8-5-2021,Feature has not been updated in 5 years or more
137979794,way,last_update,24-5-2021,Feature has not been updated in 5 years or more
137979795,way,last_update,26-4-2016,Feature has not been updated in 5 years or more
137979803,way,last_update,26-4-2016,Feature has not been updated in 5 years or more
137984244,way,last_update,5-5-2021,Feature has not been updated in 5 years or more
137984247,way,last_update,5-5-2021,Feature has not been updated in 5 years or more
137984808,way,last_update,13-3-2016,Feature has not been updated in 5 years or more
137984809,way,last_update,13-3-2016,Feature has not been updated in 5 years or more
137984810,way,last_update,13-3-2016,Feature has not been updated in 5 years or more
137990060,way,last_update,10-5-2012,Feature has not been updated in 5 years or more
137990061,way,last_update,14-3-2016,Feature has not been updated in 5 years or more
137990069,way,last_update,22-11-2011,Feature has not been updated in 5 years or more
137990072,way,last_update,15-3-2014,Feature has not been updated in 5 years or more
137990076,way,last_update,14-3-2016,Feature has not been updated in 5 years or more
137990077,way,last_update,22-11-2011,Feature has not been updated in 5 years or more
137990099,way,last_update,14-3-2016,Feature has not been updated in 5 years or more
137990115,way,last_update,14-3-2016,Feature has not been updated in 5 years or more
137991600,way,last_update,19-8-2017,Feature has not been updated in 5 years or more
137991602,way,last_update,19-8-2017,Feature has not been updated in 5 years or more
138000711,way,last_update,13-3-2016,Feature has not been updated in 5 years or more
138000714,way,last_update,26-4-2016,Feature has not been updated in 5 years or more
138000715,way,last_update,27-4-2016,Feature has not been updated in 5 years or more
138001807,way,last_update,27-4-2016,Feature has not been updated in 5 years or more
138001808,way,last_update,27-4-2016,Feature has not been updated in 5 years or more
138001809,way,last_update,27-4-2016,Feature has not been updated in 5 years or more
138003115,way,last_update,14-12-2018,Feature has not been updated in 5 years or more
138003116,way,last_update,14-12-2018,Feature has not been updated in 5 years or more
138003120,way,last_update,14-12-2018,Feature has not been updated in 5 years or more
138004950,way,last_update,17-5-2021,Feature has not been updated in 5 years or more
138004980,way,last_update,27-4-2016,Feature has not been updated in 5 years or more
138137676,way,last_update,27-4-2016,Feature has not been updated in 5 years or more
138138604,way,last_update,26-4-2021,Feature has not been updated in 5 years or more
138141798,way,last_update,13-3-2016,Feature has not been updated in 5 years or more
138705751,way,last_update,6-6-2016,Feature has not been updated in 5 years or more
139932897,way,last_update,22-2-2021,Feature has not been updated in 5 years or more
139932903,way,last_update,6-5-2020,Feature has not been updated in 5 years or more
150296378,way,last_update,3-7-2019,Feature has not been updated in 5 years or more
150296380,way,last_update,14-3-2016,Feature has not been updated in 5 years or more
150296382,way,last_update,14-3-2016,Feature has not been updated in 5 years or more
150296485,way,last_update,8-5-2021,Feature has not been updated in 5 years or more
150298899,way,last_update,15-4-2021,Feature has not been updated in 5 years or more
150298906,way,last_update,14-4-2012,Feature has not been updated in 5 years or more
150298909,way,last_update,3-7-2019,Feature has not been updated in 5 years or more
150298923,way,last_update,3-7-2019,Feature has not been updated in 5 years or more
150298926,way,last_update,20-7-2016,Feature has not been updated in 5 years or more
150298928,way,last_update,5-7-2019,Feature has not been updated in 5 years or more
150298935,way,last_update,3-7-2019,Feature has not been updated in 5 years or more
150298957,way,last_update,3-7-2019,Feature has not been updated in 5 years or more
150298977,way,last_update,3-7-2019,Feature has not been updated in 5 years or more
150298994,way,last_update,3-7-2019,Feature has not been updated in 5 years or more
150348339,way,last_update,3-7-2019,Feature has not been updated in 5 years or more
150348346,way,last_update,3-7-2019,Feature has not been updated in 5 years or more
150348604,way,last_update,3-7-2019,Feature has not been updated in 5 years or more
158064895,way,last_update,13-3-2016,Feature has not been updated in 5 years or more
158066370,way,last_update,3-7-2019,Feature has not been updated in 5 years or more
158228479,way,last_update,14-3-2016,Feature has not been updated in 5 years or more
158228481,way,last_update,14-3-2016,Feature has not been updated in 5 years or more
158623399,way,last_update,4-4-2016,Feature has not been updated in 5 years or more
158623400,way,last_update,24-4-2021,Feature has not been updated in 5 years or more
158623484,way,last_update,17-5-2021,Feature has not been updated in 5 years or more
158623497,way,last_update,26-4-2016,Feature has not been updated in 5 years or more
158626294,way,last_update,24-5-2021,Feature has not been updated in 5 years or more
160094815,way,last_update,27-4-2019,Feature has not been updated in 5 years or more
160681473,way,last_update,8-4-2019,Feature has not been updated in 5 years or more
161339914,way,last_update,1-4-2016,Feature has not been updated in 5 years or more
161339934,way,last_update,27-6-2019,Feature has not been updated in 5 years or more
161339942,way,last_update,27-6-2019,Feature has not been updated in 5 years or more
161359429,way,last_update,3-7-2019,Feature has not been updated in 5 years or more
161880730,way,last_update,8-3-2021,Feature has not been updated in 5 years or more
162028617,way,last_update,19-4-2021,Feature has not been updated in 5 years or more
162028621,way,last_update,20-4-2021,Feature has not been updated in 5 years or more
162028629,way,last_update,13-9-2017,Feature has not been updated in 5 years or more
162042920,way,last_update,8-5-2021,Feature has not been updated in 5 years or more
162787280,way,last_update,9-8-2013,Feature has not been updated in 5 years or more
162999252,way,last_update,19-8-2017,Feature has not been updated in 5 years or more
163034665,way,last_update,11-5-2012,Feature has not been updated in 5 years or more
163036902,way,last_update,15-3-2014,Feature has not been updated in 5 years or more
163036907,way,last_update,26-1-2014,Feature has not been updated in 5 years or more
163664242,way,last_update,24-4-2018,Feature has not been updated in 5 years or more
163664258,way,last_update,13-3-2016,Feature has not been updated in 5 years or more
163664275,way,last_update,23-9-2019,Feature has not been updated in 5 years or more
163664277,way,last_update,13-3-2016,Feature has not been updated in 5 years or more
163664921,way,last_update,3-6-2016,Feature has not been updated in 5 years or more
164247170,way,last_update,3-7-2019,Feature has not been updated in 5 years or more
164414205,way,last_update,24-5-2012,Feature has not been updated in 5 years or more
164414208,way,last_update,7-8-2020,Feature has not been updated in 5 years or more
164414211,way,last_update,22-5-2021,Feature has not been updated in 5 years or more
164414215,way,last_update,7-8-2020,Feature has not been updated in 5 years or more
164414218,way,last_update,7-8-2020,Feature has not been updated in 5 years or more
164414219,way,last_update,20-5-2012,Feature has not been updated in 5 years or more
164414222,way,last_update,7-8-2020,Feature has not been updated in 5 years or more
164414223,way,last_update,7-8-2020,Feature has not been updated in 5 years or more
164414227,way,last_update,7-8-2020,Feature has not been updated in 5 years or more
164416404,way,last_update,23-3-2021,Feature has not been updated in 5 years or more
164416409,way,last_update,23-3-2021,Feature has not been updated in 5 years or more
164417904,way,last_update,13-3-2016,Feature has not been updated in 5 years or more
164417906,way,last_update,27-6-2019,Feature has not been updated in 5 years or more
164417914,way,last_update,18-5-2016,Feature has not been updated in 5 years or more
164417917,way,last_update,13-3-2016,Feature has not been updated in 5 years or more
164550458,way,last_update,13-3-2016,Feature has not been updated in 5 years or more
164550459,way,last_update,6-5-2021,Feature has not been updated in 5 years or more
164550467,way,last_update,13-3-2016,Feature has not been updated in 5 years or more
164550470,way,last_update,6-5-2021,Feature has not been updated in 5 years or more
164769214,way,last_update,15-4-2021,Feature has not been updated in 5 years or more
164835189,way,last_update,17-5-2021,Feature has not been updated in 5 years or more
165260486,way,last_update,4-5-2021,Feature has not been updated in 5 years or more
165316659,way,last_update,25-4-2016,Feature has not been updated in 5 years or more
165353741,way,last_update,15-4-2016,Feature has not been updated in 5 years or more
165353742,way,last_update,19-8-2017,Feature has not been updated in 5 years or more
165353770,way,last_update,19-8-2017,Feature has not been updated in 5 years or more
165353774,way,last_update,8-7-2019,Feature has not been updated in 5 years or more
165585966,way,last_update,9-5-2015,Feature has not been updated in 5 years or more
165623197,way,last_update,29-4-2021,Feature has not been updated in 5 years or more
166479466,way,last_update,31-3-2016,Feature has not been updated in 5 years or more
166479519,way,last_update,31-3-2016,Feature has not been updated in 5 years or more
167371942,way,last_update,8-8-2017,Feature has not been updated in 5 years or more
169295534,way,last_update,27-9-2015,Feature has not been updated in 5 years or more
169295538,way,last_update,27-9-2015,Feature has not been updated in 5 years or more
169295552,way,last_update,1-12-2017,Feature has not been updated in 5 years or more
169295554,way,last_update,15-12-2018,Feature has not been updated in 5 years or more
169295560,way,last_update,30-9-2015,Feature has not been updated in 5 years or more
169460803,way,last_update,29-6-2012,Feature has not been updated in 5 years or more
170291099,way,last_update,7-7-2021,Feature has not been updated in 5 years or more
172090936,way,last_update,23-3-2021,Feature has not been updated in 5 years or more
173592271,way,last_update,30-7-2012,Feature has not been updated in 5 years or more
173592273,way,last_update,30-7-2012,Feature has not been updated in 5 years or more
175092557,way,last_update,19-5-2021,Feature has not been updated in 5 years or more
178318535,way,last_update,13-3-2016,Feature has not been updated in 5 years or more
185018546,way,last_update,26-6-2019,Feature has not been updated in 5 years or more
186822373,way,last_update,20-10-2012,Feature has not been updated in 5 years or more
186822377,way,last_update,20-10-2012,Feature has not been updated in 5 years or more
186822380,way,last_update,20-10-2012,Feature has not been updated in 5 years or more
186822381,way,last_update,20-10-2012,Feature has not been updated in 5 years or more
188507719,way,last_update,26-6-2019,Feature has not been updated in 5 years or more
195555803,way,last_update,31-8-2019,Feature has not been updated in 5 years or more
195718601,way,last_update,11-12-2012,Feature has not been updated in 5 years or more
229262692,way,last_update,26-6-2019,Feature has not been updated in 5 years or more
229262693,way,last_update,26-6-2019,Feature has not been updated in 5 years or more
229262694,way,last_update,30-7-2019,Feature has not been updated in 5 years or more
229375201,way,last_update,13-4-2019,Feature has not been updated in 5 years or more
229500821,way,last_update,4-10-2019,Feature has not been updated in 5 years or more
229526685,way,last_update,3-3-2021,Feature has not been updated in 5 years or more
229529011,way,last_update,4-10-2019,Feature has not been updated in 5 years or more
229531216,way,last_update,17-6-2015,Feature has not been updated in 5 years or more
229531217,way,last_update,17-6-2015,Feature has not been updated in 5 years or more
229539059,way,last_update,16-10-2015,Feature has not been updated in 5 years or more
229540793,way,last_update,16-10-2015,Feature has not been updated in 5 years or more
229959272,way,last_update,11-6-2019,Feature has not been updated in 5 years or more
229959379,way,last_update,11-6-2019,Feature has not been updated in 5 years or more
229959803,way,last_update,11-6-2019,Feature has not been updated in 5 years or more
229960496,way,last_update,11-6-2019,Feature has not been updated in 5 years or more
229960498,way,last_update,11-6-2019,Feature has not been updated in 5 years or more
229961451,way,last_update,15-7-2013,Feature has not been updated in 5 years or more
229961568,way,last_update,15-7-2013,Feature has not been updated in 5 years or more
229961570,way,last_update,15-7-2013,Feature has not been updated in 5 years or more
229961571,way,last_update,15-7-2013,Feature has not been updated in 5 years or more
229961803,way,last_update,15-7-2013,Feature has not been updated in 5 years or more
229961805,way,last_update,15-7-2013,Feature has not been updated in 5 years or more
229962323,way,last_update,15-7-2013,Feature has not been updated in 5 years or more
229962325,way,last_update,15-7-2013,Feature has not been updated in 5 years or more
229968070,way,last_update,24-7-2013,Feature has not been updated in 5 years or more
229968099,way,last_update,15-7-2013,Feature has not been updated in 5 years or more
229968101,way,last_update,15-7-2013,Feature has not been updated in 5 years or more
229968681,way,last_update,24-7-2013,Feature has not been updated in 5 years or more
229970292,way,last_update,8-7-2018,Feature has not been updated in 5 years or more
229972977,way,last_update,15-7-2013,Feature has not been updated in 5 years or more
229972978,way,last_update,15-7-2013,Feature has not been updated in 5 years or more
229972979,way,last_update,15-7-2013,Feature has not been updated in 5 years or more
229973310,way,last_update,18-5-2021,Feature has not been updated in 5 years or more
229973311,way,last_update,18-5-2021,Feature has not been updated in 5 years or more
229973550,way,last_update,15-7-2013,Feature has not been updated in 5 years or more
229973579,way,last_update,15-7-2013,Feature has not been updated in 5 years or more
229973716,way,last_update,15-7-2013,Feature has not been updated in 5 years or more
229974528,way,last_update,15-7-2013,Feature has not been updated in 5 years or more
229974529,way,last_update,15-7-2013,Feature has not been updated in 5 years or more
229974530,way,last_update,15-7-2013,Feature has not been updated in 5 years or more
229974531,way,last_update,15-7-2013,Feature has not been updated in 5 years or more
229975213,way,last_update,15-7-2013,Feature has not been updated in 5 years or more
229975215,way,last_update,15-7-2013,Feature has not been updated in 5 years or more
229975363,way,last_update,15-7-2013,Feature has not been updated in 5 years or more
229975386,way,last_update,24-7-2013,Feature has not been updated in 5 years or more
229986913,way,last_update,26-5-2019,Feature has not been updated in 5 years or more
229989601,way,last_update,15-7-2013,Feature has not been updated in 5 years or more
229989790,way,last_update,15-7-2013,Feature has not been updated in 5 years or more
229990601,way,last_update,15-7-2013,Feature has not been updated in 5 years or more
229990667,way,last_update,20-8-2017,Feature has not been updated in 5 years or more
229996301,way,last_update,17-6-2019,Feature has not been updated in 5 years or more
229996302,way,last_update,26-6-2019,Feature has not been updated in 5 years or more
229996303,way,last_update,17-6-2019,Feature has not been updated in 5 years or more
229997384,way,last_update,17-6-2019,Feature has not been updated in 5 years or more
229997388,way,last_update,17-6-2019,Feature has not been updated in 5 years or more
230003159,way,last_update,17-7-2019,Feature has not been updated in 5 years or more
230004611,way,last_update,15-5-2016,Feature has not been updated in 5 years or more
230005165,way,last_update,15-7-2013,Feature has not been updated in 5 years or more
230005926,way,last_update,15-7-2013,Feature has not been updated in 5 years or more
231102090,way,last_update,4-10-2019,Feature has not been updated in 5 years or more
232886911,way,last_update,26-6-2019,Feature has not been updated in 5 years or more
232888336,way,last_update,9-8-2013,Feature has not been updated in 5 years or more
232888353,way,last_update,9-8-2013,Feature has not been updated in 5 years or more
232888360,way,last_update,9-8-2013,Feature has not been updated in 5 years or more
232890442,way,last_update,6-6-2016,Feature has not been updated in 5 years or more
232890447,way,last_update,6-6-2016,Feature has not been updated in 5 years or more
232890449,way,last_update,12-4-2021,Feature has not been updated in 5 years or more
232898658,way,last_update,9-8-2013,Feature has not been updated in 5 years or more
232898661,way,last_update,9-8-2013,Feature has not been updated in 5 years or more
237848854,way,last_update,16-12-2013,Feature has not been updated in 5 years or more
237848855,way,last_update,18-3-2021,Feature has not been updated in 5 years or more
237848856,way,last_update,13-9-2013,Feature has not been updated in 5 years or more
237848857,way,last_update,15-3-2014,Feature has not been updated in 5 years or more
237848875,way,last_update,23-3-2021,Feature has not been updated in 5 years or more
237848876,way,last_update,23-3-2021,Feature has not been updated in 5 years or more
237848877,way,last_update,23-3-2021,Feature has not been updated in 5 years or more
237848879,way,last_update,17-3-2021,Feature has not been updated in 5 years or more
237851379,way,last_update,18-3-2021,Feature has not been updated in 5 years or more
237851380,way,last_update,18-3-2021,Feature has not been updated in 5 years or more
237851381,way,last_update,18-3-2021,Feature has not been updated in 5 years or more
237851382,way,last_update,18-3-2021,Feature has not been updated in 5 years or more
237851391,way,last_update,28-12-2013,Feature has not been updated in 5 years or more
237851392,way,last_update,13-9-2013,Feature has not been updated in 5 years or more
237851393,way,last_update,17-3-2021,Feature has not been updated in 5 years or more
237851394,way,last_update,13-9-2013,Feature has not been updated in 5 years or more
237851397,way,last_update,13-9-2013,Feature has not been updated in 5 years or more
237851398,way,last_update,13-9-2013,Feature has not been updated in 5 years or more
237851399,way,last_update,13-9-2013,Feature has not been updated in 5 years or more
237851400,way,last_update,17-3-2021,Feature has not been updated in 5 years or more
237851401,way,last_update,17-3-2021,Feature has not been updated in 5 years or more
237851402,way,last_update,13-9-2013,Feature has not been updated in 5 years or more
237851403,way,last_update,18-3-2021,Feature has not been updated in 5 years or more
237851404,way,last_update,18-3-2021,Feature has not been updated in 5 years or more
237851405,way,last_update,18-3-2021,Feature has not been updated in 5 years or more
248261739,way,last_update,7-7-2021,Feature has not been updated in 5 years or more
249552527,way,last_update,2-12-2013,Feature has not been updated in 5 years or more
252080613,way,last_update,15-3-2014,Feature has not been updated in 5 years or more
252080628,way,last_update,15-3-2014,Feature has not been updated in 5 years or more
252570417,way,last_update,4-2-2016,Feature has not been updated in 5 years or more
252578613,way,last_update,4-2-2016,Feature has not been updated in 5 years or more
252997172,way,last_update,22-12-2013,Feature has not been updated in 5 years or more
252997173,way,last_update,22-12-2013,Feature has not been updated in 5 years or more
253125150,way,last_update,23-12-2013,Feature has not been updated in 5 years or more
253125152,way,last_update,23-9-2019,Feature has not been updated in 5 years or more
253125153,way,last_update,6-3-2018,Feature has not been updated in 5 years or more
253125155,way,last_update,23-3-2020,Feature has not been updated in 5 years or more
253125156,way,last_update,23-3-2020,Feature has not been updated in 5 years or more
253278653,way,last_update,24-12-2013,Feature has not been updated in 5 years or more
253278654,way,last_update,24-12-2013,Feature has not been updated in 5 years or more
253278655,way,last_update,3-1-2017,Feature has not been updated in 5 years or more
253278656,way,last_update,3-1-2017,Feature has not been updated in 5 years or more
253278657,way,last_update,24-12-2013,Feature has not been updated in 5 years or more
253278658,way,last_update,3-1-2017,Feature has not been updated in 5 years or more
253359377,way,last_update,26-1-2019,Feature has not been updated in 5 years or more
253495526,way,last_update,12-9-2017,Feature has not been updated in 5 years or more
253555971,way,last_update,15-3-2014,Feature has not been updated in 5 years or more
253914407,way,last_update,28-12-2013,Feature has not been updated in 5 years or more
253914408,way,last_update,28-12-2013,Feature has not been updated in 5 years or more
253914409,way,last_update,18-3-2021,Feature has not been updated in 5 years or more
254583407,way,last_update,8-2-2018,Feature has not been updated in 5 years or more
254583408,way,last_update,31-12-2013,Feature has not been updated in 5 years or more
254583409,way,last_update,31-12-2013,Feature has not been updated in 5 years or more
254583410,way,last_update,8-2-2018,Feature has not been updated in 5 years or more
257790407,way,last_update,15-10-2018,Feature has not been updated in 5 years or more
259465387,way,last_update,2-2-2014,Feature has not been updated in 5 years or more
260939494,way,last_update,21-2-2014,Feature has not been updated in 5 years or more
260939859,way,last_update,2-6-2014,Feature has not been updated in 5 years or more
260940116,way,last_update,10-2-2014,Feature has not been updated in 5 years or more
260940156,way,last_update,15-3-2014,Feature has not been updated in 5 years or more
260941709,way,last_update,10-2-2014,Feature has not been updated in 5 years or more
260942296,way,last_update,31-3-2020,Feature has not been updated in 5 years or more
260944771,way,last_update,2-5-2014,Feature has not been updated in 5 years or more
262667907,way,last_update,22-5-2021,Feature has not been updated in 5 years or more
275250109,way,last_update,2-7-2019,Feature has not been updated in 5 years or more
282410677,way,last_update,2-7-2019,Feature has not been updated in 5 years or more
285869814,way,last_update,2-6-2014,Feature has not been updated in 5 years or more
285870969,way,last_update,2-7-2019,Feature has not been updated in 5 years or more
286816182,way,last_update,10-6-2014,Feature has not been updated in 5 years or more
286816184,way,last_update,11-6-2019,Feature has not been updated in 5 years or more
286816186,way,last_update,27-10-2014,Feature has not been updated in 5 years or more
296346321,way,last_update,26-6-2019,Feature has not been updated in 5 years or more
297401892,way,last_update,4-5-2021,Feature has not been updated in 5 years or more
301583309,way,last_update,26-6-2019,Feature has not been updated in 5 years or more
305323729,way,last_update,27-9-2014,Feature has not been updated in 5 years or more
305323799,way,last_update,27-9-2014,Feature has not been updated in 5 years or more
308794720,way,last_update,8-8-2017,Feature has not been updated in 5 years or more
309918416,way,last_update,28-6-2019,Feature has not been updated in 5 years or more
309918417,way,last_update,26-6-2019,Feature has not been updated in 5 years or more
309921060,way,last_update,1-12-2017,Feature has not been updated in 5 years or more
309921389,way,last_update,31-1-2018,Feature has not been updated in 5 years or more
312059072,way,last_update,6-11-2018,Feature has not been updated in 5 years or more
312263507,way,last_update,2-10-2019,Feature has not been updated in 5 years or more
312263508,way,last_update,20-2-2019,Feature has not been updated in 5 years or more
312263510,way,last_update,9-9-2020,Feature has not been updated in 5 years or more
319534231,way,last_update,13-3-2016,Feature has not been updated in 5 years or more
319534232,way,last_update,13-3-2016,Feature has not been updated in 5 years or more
327680979,way,last_update,17-10-2015,Feature has not been updated in 5 years or more
328038347,way,last_update,13-2-2015,Feature has not been updated in 5 years or more
334302431,way,last_update,6-5-2021,Feature has not been updated in 5 years or more
334302432,way,last_update,6-5-2021,Feature has not been updated in 5 years or more
334302433,way,last_update,19-8-2017,Feature has not been updated in 5 years or more
334302434,way,last_update,19-8-2017,Feature has not been updated in 5 years or more
335744726,way,last_update,5-5-2021,Feature has not been updated in 5 years or more
335744727,way,last_update,1-4-2016,Feature has not been updated in 5 years or more
335936303,way,last_update,3-7-2019,Feature has not been updated in 5 years or more
336063860,way,last_update,2-4-2015,Feature has not been updated in 5 years or more
336063861,way,last_update,2-4-2015,Feature has not been updated in 5 years or more
336095457,way,last_update,25-5-2021,Feature has not been updated in 5 years or more
336096234,way,last_update,24-5-2021,Feature has not been updated in 5 years or more
336096235,way,last_update,13-3-2016,Feature has not been updated in 5 years or more
336096236,way,last_update,13-3-2016,Feature has not been updated in 5 years or more
336097741,way,last_update,25-5-2021,Feature has not been updated in 5 years or more
337166305,way,last_update,14-3-2016,Feature has not been updated in 5 years or more
337168176,way,last_update,14-3-2016,Feature has not been updated in 5 years or more
337170259,way,last_update,13-3-2016,Feature has not been updated in 5 years or more
337369817,way,last_update,26-9-2016,Feature has not been updated in 5 years or more
337371627,way,last_update,14-3-2016,Feature has not been updated in 5 years or more
337371628,way,last_update,14-3-2016,Feature has not been updated in 5 years or more
337371629,way,last_update,14-3-2016,Feature has not been updated in 5 years or more
337393960,way,last_update,14-3-2016,Feature has not been updated in 5 years or more
337393961,way,last_update,14-3-2016,Feature has not been updated in 5 years or more
337393962,way,last_update,14-3-2016,Feature has not been updated in 5 years or more
337643045,way,last_update,18-5-2021,Feature has not been updated in 5 years or more
337643047,way,last_update,19-8-2017,Feature has not been updated in 5 years or more
337810828,way,last_update,10-4-2015,Feature has not been updated in 5 years or more
337812700,way,last_update,19-8-2017,Feature has not been updated in 5 years or more
338312614,way,last_update,13-5-2021,Feature has not been updated in 5 years or more
338312887,way,last_update,8-5-2021,Feature has not been updated in 5 years or more
338312888,way,last_update,18-3-2016,Feature has not been updated in 5 years or more
338312889,way,last_update,18-3-2016,Feature has not been updated in 5 years or more
338312890,way,last_update,18-3-2016,Feature has not been updated in 5 years or more
338492515,way,last_update,14-3-2016,Feature has not been updated in 5 years or more
338492516,way,last_update,14-3-2016,Feature has not been updated in 5 years or more
338637634,way,last_update,19-8-2017,Feature has not been updated in 5 years or more
338637636,way,last_update,19-8-2017,Feature has not been updated in 5 years or more
338637637,way,last_update,24-5-2021,Feature has not been updated in 5 years or more
338637639,way,last_update,25-5-2021,Feature has not been updated in 5 years or more
340941546,way,last_update,27-4-2015,Feature has not been updated in 5 years or more
344074743,way,last_update,10-5-2015,Feature has not been updated in 5 years or more
344144129,way,last_update,18-2-2019,Feature has not been updated in 5 years or more
344144137,way,last_update,4-10-2019,Feature has not been updated in 5 years or more
344144141,way,last_update,4-10-2019,Feature has not been updated in 5 years or more
350632834,way,last_update,13-3-2016,Feature has not been updated in 5 years or more
350632835,way,last_update,13-3-2016,Feature has not been updated in 5 years or more
353029906,way,last_update,10-3-2021,Feature has not been updated in 5 years or more
353816445,way,last_update,16-6-2019,Feature has not been updated in 5 years or more
353966868,way,last_update,21-10-2018,Feature has not been updated in 5 years or more
354067840,way,last_update,20-2-2018,Feature has not been updated in 5 years or more
354210436,way,last_update,17-6-2015,Feature has not been updated in 5 years or more
354210705,way,last_update,17-6-2015,Feature has not been updated in 5 years or more
354298706,way,last_update,17-6-2015,Feature has not been updated in 5 years or more
354332610,way,last_update,17-6-2015,Feature has not been updated in 5 years or more
354332611,way,last_update,17-6-2015,Feature has not been updated in 5 years or more
354332612,way,last_update,17-6-2015,Feature has not been updated in 5 years or more
354332613,way,last_update,17-6-2015,Feature has not been updated in 5 years or more
354337154,way,last_update,17-6-2015,Feature has not been updated in 5 years or more
354351938,way,last_update,7-4-2016,Feature has not been updated in 5 years or more
354356307,way,last_update,14-3-2016,Feature has not been updated in 5 years or more
354844313,way,last_update,13-3-2016,Feature has not been updated in 5 years or more
355143491,way,last_update,2-11-2019,Feature has not been updated in 5 years or more
355538783,way,last_update,27-4-2018,Feature has not been updated in 5 years or more
355538784,way,last_update,2-5-2018,Feature has not been updated in 5 years or more
355539320,way,last_update,25-8-2018,Feature has not been updated in 5 years or more
356091507,way,last_update,24-6-2015,Feature has not been updated in 5 years or more
356388279,way,last_update,26-6-2015,Feature has not been updated in 5 years or more
356388342,way,last_update,27-6-2019,Feature has not been updated in 5 years or more
356388343,way,last_update,10-4-2019,Feature has not been updated in 5 years or more
356390381,way,last_update,29-11-2018,Feature has not been updated in 5 years or more
356392700,way,last_update,26-6-2015,Feature has not been updated in 5 years or more
356961121,way,last_update,26-4-2016,Feature has not been updated in 5 years or more
357012723,way,last_update,24-5-2021,Feature has not been updated in 5 years or more
357013343,way,last_update,27-4-2016,Feature has not been updated in 5 years or more
357165480,way,last_update,29-6-2015,Feature has not been updated in 5 years or more
357251503,way,last_update,29-6-2015,Feature has not been updated in 5 years or more
357478220,way,last_update,30-6-2015,Feature has not been updated in 5 years or more
357755716,way,last_update,14-3-2016,Feature has not been updated in 5 years or more
357755717,way,last_update,24-5-2021,Feature has not been updated in 5 years or more
357755719,way,last_update,14-3-2016,Feature has not been updated in 5 years or more
357824086,way,last_update,1-7-2015,Feature has not been updated in 5 years or more
358385627,way,last_update,6-5-2019,Feature has not been updated in 5 years or more
358385629,way,last_update,6-5-2019,Feature has not been updated in 5 years or more
358385910,way,last_update,30-1-2018,Feature has not been updated in 5 years or more
358390394,way,last_update,30-12-2019,Feature has not been updated in 5 years or more
358399372,way,last_update,26-6-2019,Feature has not been updated in 5 years or more
359568363,way,last_update,9-7-2015,Feature has not been updated in 5 years or more
359569873,way,last_update,26-6-2019,Feature has not been updated in 5 years or more
359607186,way,last_update,4-10-2019,Feature has not been updated in 5 years or more
359607660,way,last_update,9-7-2015,Feature has not been updated in 5 years or more
359641751,way,last_update,9-7-2015,Feature has not been updated in 5 years or more
360749988,way,last_update,1-11-2019,Feature has not been updated in 5 years or more
361638780,way,last_update,24-5-2021,Feature has not been updated in 5 years or more
361638781,way,last_update,24-5-2021,Feature has not been updated in 5 years or more
361638782,way,last_update,25-5-2021,Feature has not been updated in 5 years or more
371046155,way,last_update,30-7-2019,Feature has not been updated in 5 years or more
373592975,way,last_update,22-3-2021,Feature has not been updated in 5 years or more
373592977,way,last_update,22-3-2021,Feature has not been updated in 5 years or more
373592978,way,last_update,24-3-2021,Feature has not been updated in 5 years or more
373592979,way,last_update,24-3-2021,Feature has not been updated in 5 years or more
373592980,way,last_update,22-3-2021,Feature has not been updated in 5 years or more
373592981,way,last_update,24-8-2017,Feature has not been updated in 5 years or more
373592982,way,last_update,24-8-2017,Feature has not been updated in 5 years or more
373592983,way,last_update,24-8-2017,Feature has not been updated in 5 years or more
373592985,way,last_update,23-3-2021,Feature has not been updated in 5 years or more
373592986,way,last_update,23-3-2021,Feature has not been updated in 5 years or more
373592987,way,last_update,24-8-2017,Feature has not been updated in 5 years or more
373592988,way,last_update,24-8-2017,Feature has not been updated in 5 years or more
373839717,way,last_update,8-5-2021,Feature has not been updated in 5 years or more
375708767,way,last_update,17-10-2015,Feature has not been updated in 5 years or more
375708769,way,last_update,20-12-2017,Feature has not been updated in 5 years or more
377365639,way,last_update,18-5-2021,Feature has not been updated in 5 years or more
377444597,way,last_update,29-10-2015,Feature has not been updated in 5 years or more
377444598,way,last_update,29-10-2015,Feature has not been updated in 5 years or more
377444599,way,last_update,29-10-2015,Feature has not been updated in 5 years or more
377869395,way,last_update,8-4-2021,Feature has not been updated in 5 years or more
387497941,way,last_update,3-7-2019,Feature has not been updated in 5 years or more
390169254,way,last_update,14-4-2021,Feature has not been updated in 5 years or more
390169282,way,last_update,24-8-2016,Feature has not been updated in 5 years or more
390169283,way,last_update,24-8-2016,Feature has not been updated in 5 years or more
390169284,way,last_update,24-8-2016,Feature has not been updated in 5 years or more
390169285,way,last_update,5-4-2021,Feature has not been updated in 5 years or more
390169286,way,last_update,18-8-2017,Feature has not been updated in 5 years or more
390169287,way,last_update,18-8-2017,Feature has not been updated in 5 years or more
390169307,way,last_update,8-1-2016,Feature has not been updated in 5 years or more
390169308,way,last_update,1-3-2016,Feature has not been updated in 5 years or more
390174028,way,last_update,8-4-2021,Feature has not been updated in 5 years or more
390175071,way,last_update,15-4-2021,Feature has not been updated in 5 years or more
390175095,way,last_update,18-3-2021,Feature has not been updated in 5 years or more
390175099,way,last_update,22-8-2016,Feature has not been updated in 5 years or more
390175214,way,last_update,31-3-2021,Feature has not been updated in 5 years or more
390217129,way,last_update,17-3-2021,Feature has not been updated in 5 years or more
390217157,way,last_update,22-8-2016,Feature has not been updated in 5 years or more
390222015,way,last_update,24-8-2017,Feature has not been updated in 5 years or more
390222016,way,last_update,1-4-2021,Feature has not been updated in 5 years or more
390222017,way,last_update,1-4-2021,Feature has not been updated in 5 years or more
390222018,way,last_update,1-4-2021,Feature has not been updated in 5 years or more
390222019,way,last_update,1-4-2021,Feature has not been updated in 5 years or more
390222021,way,last_update,24-8-2017,Feature has not been updated in 5 years or more
390222022,way,last_update,24-8-2017,Feature has not been updated in 5 years or more
390222023,way,last_update,24-8-2017,Feature has not been updated in 5 years or more
390222024,way,last_update,24-8-2017,Feature has not been updated in 5 years or more
390222027,way,last_update,24-8-2017,Feature has not been updated in 5 years or more
390222028,way,last_update,24-8-2017,Feature has not been updated in 5 years or more
390222029,way,last_update,24-8-2017,Feature has not been updated in 5 years or more
390222030,way,last_update,24-8-2017,Feature has not been updated in 5 years or more
390222031,way,last_update,24-8-2017,Feature has not been updated in 5 years or more
390222038,way,last_update,21-4-2021,Feature has not been updated in 5 years or more
390222039,way,last_update,21-4-2021,Feature has not been updated in 5 years or more
390222040,way,last_update,21-4-2021,Feature has not been updated in 5 years or more
390222041,way,last_update,21-4-2021,Feature has not been updated in 5 years or more
390226766,way,last_update,25-8-2016,Feature has not been updated in 5 years or more
390226767,way,last_update,31-3-2021,Feature has not been updated in 5 years or more
390226768,way,last_update,30-3-2021,Feature has not been updated in 5 years or more
390226784,way,last_update,4-3-2021,Feature has not been updated in 5 years or more
390226785,way,last_update,4-3-2021,Feature has not been updated in 5 years or more
390226786,way,last_update,4-3-2021,Feature has not been updated in 5 years or more
390226787,way,last_update,3-3-2021,Feature has not been updated in 5 years or more
390226789,way,last_update,4-3-2021,Feature has not been updated in 5 years or more
390226790,way,last_update,4-3-2021,Feature has not been updated in 5 years or more
390237209,way,last_update,16-3-2021,Feature has not been updated in 5 years or more
390278175,way,last_update,3-3-2021,Feature has not been updated in 5 years or more
390282188,way,last_update,2-4-2021,Feature has not been updated in 5 years or more
390286329,way,last_update,15-4-2021,Feature has not been updated in 5 years or more
390286335,way,last_update,13-9-2017,Feature has not been updated in 5 years or more
390286336,way,last_update,13-9-2017,Feature has not been updated in 5 years or more
390286337,way,last_update,13-9-2017,Feature has not been updated in 5 years or more
390289253,way,last_update,3-3-2021,Feature has not been updated in 5 years or more
390289258,way,last_update,8-1-2016,Feature has not been updated in 5 years or more
390309919,way,last_update,3-3-2021,Feature has not been updated in 5 years or more
390309920,way,last_update,15-6-2016,Feature has not been updated in 5 years or more
390309922,way,last_update,15-6-2016,Feature has not been updated in 5 years or more
390309923,way,last_update,3-3-2021,Feature has not been updated in 5 years or more
390309924,way,last_update,3-3-2021,Feature has not been updated in 5 years or more
390309926,way,last_update,3-3-2021,Feature has not been updated in 5 years or more
390309927,way,last_update,15-3-2021,Feature has not been updated in 5 years or more
390309952,way,last_update,3-3-2021,Feature has not been updated in 5 years or more
390309954,way,last_update,4-3-2021,Feature has not been updated in 5 years or more
390309955,way,last_update,4-3-2021,Feature has not been updated in 5 years or more
390309961,way,last_update,15-3-2021,Feature has not been updated in 5 years or more
390309962,way,last_update,14-6-2016,Feature has not been updated in 5 years or more
390309964,way,last_update,14-6-2016,Feature has not been updated in 5 years or more
390309965,way,last_update,14-6-2016,Feature has not been updated in 5 years or more
390318563,way,last_update,17-3-2021,Feature has not been updated in 5 years or more
390318564,way,last_update,11-2-2017,Feature has not been updated in 5 years or more
390318565,way,last_update,17-3-2021,Feature has not been updated in 5 years or more
390318569,way,last_update,3-3-2021,Feature has not been updated in 5 years or more
390318580,way,last_update,18-3-2021,Feature has not been updated in 5 years or more
390318598,way,last_update,4-7-2016,Feature has not been updated in 5 years or more
390318599,way,last_update,4-7-2016,Feature has not been updated in 5 years or more
390324231,way,last_update,29-4-2021,Feature has not been updated in 5 years or more
390324232,way,last_update,16-5-2016,Feature has not been updated in 5 years or more
390609139,way,last_update,8-5-2021,Feature has not been updated in 5 years or more
390609140,way,last_update,5-5-2021,Feature has not been updated in 5 years or more
390609149,way,last_update,7-4-2016,Feature has not been updated in 5 years or more
390609156,way,last_update,8-4-2016,Feature has not been updated in 5 years or more
390612489,way,last_update,30-3-2016,Feature has not been updated in 5 years or more
390612490,way,last_update,30-3-2016,Feature has not been updated in 5 years or more
390612491,way,last_update,30-3-2016,Feature has not been updated in 5 years or more
390612493,way,last_update,19-8-2017,Feature has not been updated in 5 years or more
390612494,way,last_update,19-8-2017,Feature has not been updated in 5 years or more
390612502,way,last_update,17-5-2021,Feature has not been updated in 5 years or more
390612504,way,last_update,19-8-2017,Feature has not been updated in 5 years or more
390612505,way,last_update,19-8-2017,Feature has not been updated in 5 years or more
390612506,way,last_update,19-8-2017,Feature has not been updated in 5 years or more
390612515,way,last_update,27-4-2016,Feature has not been updated in 5 years or more
390612516,way,last_update,27-4-2016,Feature has not been updated in 5 years or more
390612517,way,last_update,27-4-2016,Feature has not been updated in 5 years or more
390612518,way,last_update,27-4-2016,Feature has not been updated in 5 years or more
390612521,way,last_update,7-4-2016,Feature has not been updated in 5 years or more
390612523,way,last_update,26-4-2016,Feature has not been updated in 5 years or more
390612524,way,last_update,26-4-2016,Feature has not been updated in 5 years or more
390615904,way,last_update,27-4-2016,Feature has not been updated in 5 years or more
390615905,way,last_update,27-4-2016,Feature has not been updated in 5 years or more
390615906,way,last_update,21-9-2016,Feature has not been updated in 5 years or more
390615921,way,last_update,26-4-2016,Feature has not been updated in 5 years or more
390615922,way,last_update,24-5-2021,Feature has not been updated in 5 years or more
390615923,way,last_update,14-3-2016,Feature has not been updated in 5 years or more
390615924,way,last_update,14-3-2016,Feature has not been updated in 5 years or more
390650129,way,last_update,26-4-2016,Feature has not been updated in 5 years or more
390650130,way,last_update,5-5-2021,Feature has not been updated in 5 years or more
390650131,way,last_update,5-5-2021,Feature has not been updated in 5 years or more
390650139,way,last_update,3-6-2016,Feature has not been updated in 5 years or more
390650140,way,last_update,3-6-2016,Feature has not been updated in 5 years or more
390650142,way,last_update,3-6-2016,Feature has not been updated in 5 years or more
390653020,way,last_update,5-5-2021,Feature has not been updated in 5 years or more
390653056,way,last_update,15-4-2016,Feature has not been updated in 5 years or more
390657790,way,last_update,19-8-2017,Feature has not been updated in 5 years or more
390657837,way,last_update,19-8-2017,Feature has not been updated in 5 years or more
390657838,way,last_update,15-4-2016,Feature has not been updated in 5 years or more
390661079,way,last_update,8-4-2021,Feature has not been updated in 5 years or more
390661081,way,last_update,8-4-2021,Feature has not been updated in 5 years or more
390661082,way,last_update,8-4-2021,Feature has not been updated in 5 years or more
390661083,way,last_update,8-4-2021,Feature has not been updated in 5 years or more
390661084,way,last_update,8-4-2021,Feature has not been updated in 5 years or more
390661086,way,last_update,28-6-2019,Feature has not been updated in 5 years or more
390661087,way,last_update,28-6-2019,Feature has not been updated in 5 years or more
390661104,way,last_update,8-4-2021,Feature has not been updated in 5 years or more
390666367,way,last_update,24-4-2021,Feature has not been updated in 5 years or more
390666402,way,last_update,24-4-2021,Feature has not been updated in 5 years or more
390666403,way,last_update,24-4-2021,Feature has not been updated in 5 years or more
390666405,way,last_update,4-4-2016,Feature has not been updated in 5 years or more
390666415,way,last_update,13-5-2021,Feature has not been updated in 5 years or more
390689014,way,last_update,8-4-2021,Feature has not been updated in 5 years or more
390689016,way,last_update,8-4-2021,Feature has not been updated in 5 years or more
392701732,way,last_update,22-1-2016,Feature has not been updated in 5 years or more
392701735,way,last_update,22-1-2016,Feature has not been updated in 5 years or more
392701736,way,last_update,22-1-2016,Feature has not been updated in 5 years or more
392701738,way,last_update,22-1-2016,Feature has not been updated in 5 years or more
392701739,way,last_update,22-1-2016,Feature has not been updated in 5 years or more
392701740,way,last_update,22-1-2016,Feature has not been updated in 5 years or more
397493081,way,last_update,20-5-2021,Feature has not been updated in 5 years or more
397494180,way,last_update,24-9-2017,Feature has not been updated in 5 years or more
397494182,way,last_update,24-9-2017,Feature has not been updated in 5 years or more
397494183,way,last_update,24-9-2017,Feature has not been updated in 5 years or more
397494185,way,last_update,24-9-2017,Feature has not been updated in 5 years or more
397494190,way,last_update,24-9-2017,Feature has not been updated in 5 years or more
397494193,way,last_update,24-9-2017,Feature has not been updated in 5 years or more
397494194,way,last_update,24-9-2017,Feature has not been updated in 5 years or more
397494196,way,last_update,24-9-2017,Feature has not been updated in 5 years or more
397496779,way,last_update,24-9-2017,Feature has not been updated in 5 years or more
397496781,way,last_update,24-9-2017,Feature has not been updated in 5 years or more
397496782,way,last_update,24-9-2017,Feature has not been updated in 5 years or more
397497005,way,last_update,20-5-2021,Feature has not been updated in 5 years or more
397497006,way,last_update,24-9-2017,Feature has not been updated in 5 years or more
397497007,way,last_update,24-9-2017,Feature has not been updated in 5 years or more
397497008,way,last_update,24-9-2017,Feature has not been updated in 5 years or more
397497009,way,last_update,24-9-2017,Feature has not been updated in 5 years or more
397497010,way,last_update,20-5-2021,Feature has not been updated in 5 years or more
397497244,way,last_update,14-11-2018,Feature has not been updated in 5 years or more
397497245,way,last_update,20-5-2021,Feature has not been updated in 5 years or more
397497246,way,last_update,14-11-2018,Feature has not been updated in 5 years or more
397497247,way,last_update,14-11-2018,Feature has not been updated in 5 years or more
397497248,way,last_update,14-11-2018,Feature has not been updated in 5 years or more
397497249,way,last_update,14-11-2018,Feature has not been updated in 5 years or more
397497250,way,last_update,14-11-2018,Feature has not been updated in 5 years or more
397958941,way,last_update,31-3-2016,Feature has not been updated in 5 years or more
397958942,way,last_update,31-3-2016,Feature has not been updated in 5 years or more
397958943,way,last_update,24-4-2021,Feature has not been updated in 5 years or more
397958944,way,last_update,31-3-2016,Feature has not been updated in 5 years or more
397993806,way,last_update,20-5-2021,Feature has not been updated in 5 years or more
397993807,way,last_update,20-5-2021,Feature has not been updated in 5 years or more
398015015,way,last_update,11-3-2021,Feature has not been updated in 5 years or more
399432497,way,last_update,30-10-2016,Feature has not been updated in 5 years or more
405298375,way,last_update,19-3-2021,Feature has not been updated in 5 years or more
405458697,way,last_update,22-5-2021,Feature has not been updated in 5 years or more
406462569,way,last_update,24-8-2017,Feature has not been updated in 5 years or more
406462570,way,last_update,27-4-2021,Feature has not been updated in 5 years or more
406462571,way,last_update,24-8-2017,Feature has not been updated in 5 years or more
406463811,way,last_update,29-4-2021,Feature has not been updated in 5 years or more
406463812,way,last_update,29-4-2021,Feature has not been updated in 5 years or more
406463815,way,last_update,29-4-2021,Feature has not been updated in 5 years or more
406463817,way,last_update,8-9-2016,Feature has not been updated in 5 years or more
406463818,way,last_update,8-9-2016,Feature has not been updated in 5 years or more
406463819,way,last_update,8-9-2016,Feature has not been updated in 5 years or more
406463820,way,last_update,29-4-2021,Feature has not been updated in 5 years or more
406463821,way,last_update,8-9-2016,Feature has not been updated in 5 years or more
406463823,way,last_update,29-4-2021,Feature has not been updated in 5 years or more
406463825,way,last_update,29-4-2021,Feature has not been updated in 5 years or more
406463827,way,last_update,29-4-2021,Feature has not been updated in 5 years or more
406463828,way,last_update,29-4-2021,Feature has not been updated in 5 years or more
407738925,way,last_update,18-5-2021,Feature has not been updated in 5 years or more
409772578,way,last_update,6-5-2021,Feature has not been updated in 5 years or more
410547898,way,last_update,15-4-2016,Feature has not been updated in 5 years or more
410554187,way,last_update,26-4-2016,Feature has not been updated in 5 years or more
413381801,way,last_update,5-5-2021,Feature has not been updated in 5 years or more
413615302,way,last_update,26-4-2016,Feature has not been updated in 5 years or more
413615303,way,last_update,26-4-2016,Feature has not been updated in 5 years or more
413615304,way,last_update,1-7-2019,Feature has not been updated in 5 years or more
413685421,way,last_update,19-8-2017,Feature has not been updated in 5 years or more
413887239,way,last_update,14-12-2018,Feature has not been updated in 5 years or more
414016056,way,last_update,27-4-2016,Feature has not been updated in 5 years or more
415042765,way,last_update,22-7-2020,Feature has not been updated in 5 years or more
415042769,way,last_update,22-7-2020,Feature has not been updated in 5 years or more
416126382,way,last_update,19-8-2017,Feature has not been updated in 5 years or more
416126383,way,last_update,19-8-2017,Feature has not been updated in 5 years or more
416438478,way,last_update,7-5-2016,Feature has not been updated in 5 years or more
416438479,way,last_update,7-5-2016,Feature has not been updated in 5 years or more
416438480,way,last_update,7-5-2016,Feature has not been updated in 5 years or more
416438481,way,last_update,7-5-2016,Feature has not been updated in 5 years or more
416438482,way,last_update,7-5-2016,Feature has not been updated in 5 years or more
416438483,way,last_update,7-5-2016,Feature has not been updated in 5 years or more
416438484,way,last_update,7-5-2016,Feature has not been updated in 5 years or more
416438485,way,last_update,7-5-2016,Feature has not been updated in 5 years or more
416438486,way,last_update,7-5-2016,Feature has not been updated in 5 years or more
421831220,way,last_update,12-11-2019,Feature has not been updated in 5 years or more
422195576,way,last_update,1-6-2016,Feature has not been updated in 5 years or more
422475918,way,last_update,29-4-2021,Feature has not been updated in 5 years or more
422475919,way,last_update,29-4-2021,Feature has not been updated in 5 years or more
422628527,way,last_update,7-4-2021,Feature has not been updated in 5 years or more
422662693,way,last_update,3-6-2016,Feature has not been updated in 5 years or more
422985495,way,last_update,5-6-2016,Feature has not been updated in 5 years or more
424734586,way,last_update,13-6-2016,Feature has not been updated in 5 years or more
424919314,way,last_update,2-7-2019,Feature has not been updated in 5 years or more
428668660,way,last_update,19-8-2017,Feature has not been updated in 5 years or more
430748768,way,last_update,18-5-2021,Feature has not been updated in 5 years or more
431698730,way,last_update,18-7-2016,Feature has not been updated in 5 years or more
435293290,way,last_update,24-9-2017,Feature has not been updated in 5 years or more
438396668,way,last_update,18-3-2021,Feature has not been updated in 5 years or more
438396669,way,last_update,22-8-2016,Feature has not been updated in 5 years or more
438396670,way,last_update,22-8-2016,Feature has not been updated in 5 years or more
438396671,way,last_update,22-8-2016,Feature has not been updated in 5 years or more
438396672,way,last_update,22-8-2016,Feature has not been updated in 5 years or more
438396673,way,last_update,18-3-2021,Feature has not been updated in 5 years or more
438396674,way,last_update,30-3-2021,Feature has not been updated in 5 years or more
438396676,way,last_update,30-3-2021,Feature has not been updated in 5 years or more
438396678,way,last_update,22-8-2016,Feature has not been updated in 5 years or more
438396680,way,last_update,30-3-2021,Feature has not been updated in 5 years or more
438399322,way,last_update,31-3-2021,Feature has not been updated in 5 years or more
438399323,way,last_update,31-3-2021,Feature has not been updated in 5 years or more
438399325,way,last_update,31-3-2021,Feature has not been updated in 5 years or more
438399327,way,last_update,31-3-2021,Feature has not been updated in 5 years or more
438399328,way,last_update,1-7-2019,Feature has not been updated in 5 years or more
438399731,way,last_update,22-8-2016,Feature has not been updated in 5 years or more
439143603,way,last_update,26-8-2016,Feature has not been updated in 5 years or more
441357204,way,last_update,22-5-2021,Feature has not been updated in 5 years or more
441357205,way,last_update,30-7-2020,Feature has not been updated in 5 years or more
441623487,way,last_update,14-4-2020,Feature has not been updated in 5 years or more
441623491,way,last_update,9-9-2016,Feature has not been updated in 5 years or more
441623492,way,last_update,5-7-2019,Feature has not been updated in 5 years or more
441623493,way,last_update,5-7-2019,Feature has not been updated in 5 years or more
444409859,way,last_update,6-5-2020,Feature has not been updated in 5 years or more
444409860,way,last_update,6-5-2020,Feature has not been updated in 5 years or more
446333506,way,last_update,7-10-2016,Feature has not been updated in 5 years or more
450230055,way,last_update,18-8-2017,Feature has not been updated in 5 years or more
450230056,way,last_update,18-8-2017,Feature has not been updated in 5 years or more
450230057,way,last_update,18-8-2017,Feature has not been updated in 5 years or more
450230058,way,last_update,30-10-2016,Feature has not been updated in 5 years or more
452857103,way,last_update,12-11-2016,Feature has not been updated in 5 years or more
461679060,way,last_update,25-12-2016,Feature has not been updated in 5 years or more
461679061,way,last_update,25-12-2016,Feature has not been updated in 5 years or more
461679062,way,last_update,28-2-2021,Feature has not been updated in 5 years or more
461679063,way,last_update,25-12-2016,Feature has not been updated in 5 years or more
461679065,way,last_update,25-12-2016,Feature has not been updated in 5 years or more
461679067,way,last_update,25-12-2016,Feature has not been updated in 5 years or more
463424032,way,last_update,8-1-2017,Feature has not been updated in 5 years or more
463433152,way,last_update,3-1-2017,Feature has not been updated in 5 years or more
463433156,way,last_update,3-1-2017,Feature has not been updated in 5 years or more
463433157,way,last_update,3-1-2017,Feature has not been updated in 5 years or more
463433162,way,last_update,7-1-2017,Feature has not been updated in 5 years or more
463433163,way,last_update,22-7-2020,Feature has not been updated in 5 years or more
464278725,way,last_update,7-1-2017,Feature has not been updated in 5 years or more
464278731,way,last_update,7-1-2017,Feature has not been updated in 5 years or more
464278732,way,last_update,2-4-2018,Feature has not been updated in 5 years or more
464278733,way,last_update,6-4-2020,Feature has not been updated in 5 years or more
464278736,way,last_update,22-7-2020,Feature has not been updated in 5 years or more
464278739,way,last_update,22-7-2020,Feature has not been updated in 5 years or more
464443757,way,last_update,7-1-2017,Feature has not been updated in 5 years or more
464443758,way,last_update,7-1-2017,Feature has not been updated in 5 years or more
464443760,way,last_update,7-1-2017,Feature has not been updated in 5 years or more
464443761,way,last_update,7-1-2017,Feature has not been updated in 5 years or more
464443762,way,last_update,3-7-2019,Feature has not been updated in 5 years or more
464443764,way,last_update,2-8-2017,Feature has not been updated in 5 years or more
464443765,way,last_update,7-1-2017,Feature has not been updated in 5 years or more
464443766,way,last_update,31-8-2017,Feature has not been updated in 5 years or more
465641728,way,last_update,13-1-2017,Feature has not been updated in 5 years or more
465643313,way,last_update,13-1-2017,Feature has not been updated in 5 years or more
465648643,way,last_update,13-1-2017,Feature has not been updated in 5 years or more
465648644,way,last_update,13-1-2017,Feature has not been updated in 5 years or more
465648645,way,last_update,13-1-2017,Feature has not been updated in 5 years or more
465648646,way,last_update,13-1-2017,Feature has not been updated in 5 years or more
468339259,way,last_update,24-1-2017,Feature has not been updated in 5 years or more
468339260,way,last_update,24-1-2017,Feature has not been updated in 5 years or more
468339261,way,last_update,24-1-2017,Feature has not been updated in 5 years or more
468339262,way,last_update,24-1-2017,Feature has not been updated in 5 years or more
468339263,way,last_update,24-1-2017,Feature has not been updated in 5 years or more
468339264,way,last_update,24-1-2017,Feature has not been updated in 5 years or more
468339265,way,last_update,24-1-2017,Feature has not been updated in 5 years or more
468339266,way,last_update,24-1-2017,Feature has not been updated in 5 years or more
468339267,way,last_update,24-1-2017,Feature has not been updated in 5 years or more
468339269,way,last_update,24-1-2017,Feature has not been updated in 5 years or more
468339270,way,last_update,24-1-2017,Feature has not been updated in 5 years or more
468339271,way,last_update,24-1-2017,Feature has not been updated in 5 years or more
468433187,way,last_update,2-3-2021,Feature has not been updated in 5 years or more
468604986,way,last_update,20-7-2019,Feature has not been updated in 5 years or more
468604988,way,last_update,1-6-2020,Feature has not been updated in 5 years or more
468604990,way,last_update,28-4-2018,Feature has not been updated in 5 years or more
469232454,way,last_update,26-1-2017,Feature has not been updated in 5 years or more
469468761,way,last_update,23-4-2017,Feature has not been updated in 5 years or more
469522712,way,last_update,12-11-2019,Feature has not been updated in 5 years or more
473465274,way,last_update,23-3-2020,Feature has not been updated in 5 years or more
473465277,way,last_update,23-3-2020,Feature has not been updated in 5 years or more
473465278,way,last_update,23-3-2020,Feature has not been updated in 5 years or more
473465279,way,last_update,23-3-2020,Feature has not been updated in 5 years or more
473856868,way,last_update,22-7-2020,Feature has not been updated in 5 years or more
474492885,way,last_update,12-4-2017,Feature has not been updated in 5 years or more
474843167,way,last_update,16-10-2019,Feature has not been updated in 5 years or more
474843169,way,last_update,8-10-2020,Feature has not been updated in 5 years or more
474843173,way,last_update,16-2-2017,Feature has not been updated in 5 years or more
474843175,way,last_update,16-10-2019,Feature has not been updated in 5 years or more
474843176,way,last_update,25-8-2018,Feature has not been updated in 5 years or more
474843178,way,last_update,25-8-2018,Feature has not been updated in 5 years or more
474843179,way,last_update,25-8-2018,Feature has not been updated in 5 years or more
474843181,way,last_update,25-8-2018,Feature has not been updated in 5 years or more
475087811,way,last_update,5-7-2019,Feature has not been updated in 5 years or more
478256015,way,last_update,14-12-2018,Feature has not been updated in 5 years or more
478256024,way,last_update,14-12-2018,Feature has not been updated in 5 years or more
478256034,way,last_update,14-12-2018,Feature has not been updated in 5 years or more
478343079,way,last_update,3-3-2017,Feature has not been updated in 5 years or more
478345368,way,last_update,3-3-2017,Feature has not been updated in 5 years or more
478345369,way,last_update,3-3-2017,Feature has not been updated in 5 years or more
478345374,way,last_update,3-3-2017,Feature has not been updated in 5 years or more
478345375,way,last_update,31-3-2021,Feature has not been updated in 5 years or more
478345377,way,last_update,3-3-2017,Feature has not been updated in 5 years or more
478345378,way,last_update,3-3-2017,Feature has not been updated in 5 years or more
478345763,way,last_update,31-3-2021,Feature has not been updated in 5 years or more
478526631,way,last_update,5-3-2017,Feature has not been updated in 5 years or more
478689714,way,last_update,5-3-2017,Feature has not been updated in 5 years or more
479303486,way,last_update,8-3-2017,Feature has not been updated in 5 years or more
479400983,way,last_update,9-3-2017,Feature has not been updated in 5 years or more
480091503,way,last_update,9-1-2019,Feature has not been updated in 5 years or more
480091504,way,last_update,9-1-2019,Feature has not been updated in 5 years or more
480167993,way,last_update,23-3-2021,Feature has not been updated in 5 years or more
480168001,way,last_update,23-3-2021,Feature has not been updated in 5 years or more
480168008,way,last_update,13-3-2017,Feature has not been updated in 5 years or more
480168017,way,last_update,23-3-2021,Feature has not been updated in 5 years or more
480168019,way,last_update,23-3-2021,Feature has not been updated in 5 years or more
480168021,way,last_update,13-3-2017,Feature has not been updated in 5 years or more
480168023,way,last_update,13-3-2017,Feature has not been updated in 5 years or more
481811990,way,last_update,21-3-2017,Feature has not been updated in 5 years or more
482053848,way,last_update,22-3-2017,Feature has not been updated in 5 years or more
482053849,way,last_update,22-3-2017,Feature has not been updated in 5 years or more
482053850,way,last_update,8-7-2019,Feature has not been updated in 5 years or more
485381854,way,last_update,16-10-2019,Feature has not been updated in 5 years or more
485381857,way,last_update,16-10-2019,Feature has not been updated in 5 years or more
485381860,way,last_update,25-8-2018,Feature has not been updated in 5 years or more
485381871,way,last_update,8-10-2020,Feature has not been updated in 5 years or more
485381874,way,last_update,7-4-2017,Feature has not been updated in 5 years or more
485381877,way,last_update,7-4-2017,Feature has not been updated in 5 years or more
485381888,way,last_update,7-4-2017,Feature has not been updated in 5 years or more
485381900,way,last_update,25-8-2018,Feature has not been updated in 5 years or more
485381904,way,last_update,25-8-2018,Feature has not been updated in 5 years or more
485861514,way,last_update,24-7-2019,Feature has not been updated in 5 years or more
485861519,way,last_update,10-4-2017,Feature has not been updated in 5 years or more
485861521,way,last_update,10-4-2017,Feature has not been updated in 5 years or more
486155042,way,last_update,11-4-2017,Feature has not been updated in 5 years or more
486155045,way,last_update,8-3-2020,Feature has not been updated in 5 years or more
486395323,way,last_update,12-4-2017,Feature has not been updated in 5 years or more
487432465,way,last_update,17-4-2017,Feature has not been updated in 5 years or more
487432466,way,last_update,12-12-2018,Feature has not been updated in 5 years or more
488049236,way,last_update,19-4-2017,Feature has not been updated in 5 years or more
488049237,way,last_update,19-4-2017,Feature has not been updated in 5 years or more
488049238,way,last_update,19-4-2017,Feature has not been updated in 5 years or more
488049239,way,last_update,19-4-2017,Feature has not been updated in 5 years or more
488049240,way,last_update,19-4-2017,Feature has not been updated in 5 years or more
488220286,way,last_update,30-4-2021,Feature has not been updated in 5 years or more
488220287,way,last_update,9-3-2021,Feature has not been updated in 5 years or more
488220288,way,last_update,1-7-2019,Feature has not been updated in 5 years or more
488581396,way,last_update,22-4-2017,Feature has not been updated in 5 years or more
488581397,way,last_update,16-4-2021,Feature has not been updated in 5 years or more
488581401,way,last_update,16-4-2021,Feature has not been updated in 5 years or more
488581402,way,last_update,16-4-2021,Feature has not been updated in 5 years or more
488581403,way,last_update,16-4-2021,Feature has not been updated in 5 years or more
488581404,way,last_update,22-4-2017,Feature has not been updated in 5 years or more
488894414,way,last_update,6-5-2019,Feature has not been updated in 5 years or more
488894423,way,last_update,14-4-2020,Feature has not been updated in 5 years or more
488894428,way,last_update,12-4-2021,Feature has not been updated in 5 years or more
489027049,way,last_update,24-4-2017,Feature has not been updated in 5 years or more
489027050,way,last_update,24-4-2017,Feature has not been updated in 5 years or more
489027051,way,last_update,24-4-2017,Feature has not been updated in 5 years or more
489027052,way,last_update,24-4-2017,Feature has not been updated in 5 years or more
489027053,way,last_update,24-4-2017,Feature has not been updated in 5 years or more
489027055,way,last_update,2-7-2019,Feature has not been updated in 5 years or more
489027057,way,last_update,24-4-2017,Feature has not been updated in 5 years or more
489029282,way,last_update,24-4-2017,Feature has not been updated in 5 years or more
489029284,way,last_update,24-4-2017,Feature has not been updated in 5 years or more
489030469,way,last_update,24-4-2017,Feature has not been updated in 5 years or more
489159042,way,last_update,24-9-2017,Feature has not been updated in 5 years or more
489159044,way,last_update,23-8-2017,Feature has not been updated in 5 years or more
510324357,way,last_update,26-7-2017,Feature has not been updated in 5 years or more
510324358,way,last_update,26-7-2017,Feature has not been updated in 5 years or more
510324359,way,last_update,26-7-2017,Feature has not been updated in 5 years or more
510324360,way,last_update,26-7-2017,Feature has not been updated in 5 years or more
510324361,way,last_update,26-7-2017,Feature has not been updated in 5 years or more
513937876,way,last_update,8-8-2017,Feature has not been updated in 5 years or more
513937877,way,last_update,8-8-2017,Feature has not been updated in 5 years or more
513937878,way,last_update,8-8-2017,Feature has not been updated in 5 years or more
514859653,way,last_update,11-8-2017,Feature has not been updated in 5 years or more
514861799,way,last_update,11-8-2017,Feature has not been updated in 5 years or more
514862597,way,last_update,11-8-2017,Feature has not been updated in 5 years or more
514862599,way,last_update,11-8-2017,Feature has not been updated in 5 years or more
514862614,way,last_update,11-8-2017,Feature has not been updated in 5 years or more
514862615,way,last_update,11-8-2017,Feature has not been updated in 5 years or more
516517766,way,last_update,18-8-2017,Feature has not been updated in 5 years or more
516517767,way,last_update,20-5-2021,Feature has not been updated in 5 years or more
516517768,way,last_update,18-8-2017,Feature has not been updated in 5 years or more
516517770,way,last_update,18-8-2017,Feature has not been updated in 5 years or more
516517771,way,last_update,18-8-2017,Feature has not been updated in 5 years or more
516517772,way,last_update,18-8-2017,Feature has not been updated in 5 years or more
517108421,way,last_update,26-6-2019,Feature has not been updated in 5 years or more
517108438,way,last_update,13-9-2019,Feature has not been updated in 5 years or more
519776655,way,last_update,17-7-2019,Feature has not been updated in 5 years or more
524285793,way,last_update,13-1-2019,Feature has not been updated in 5 years or more
527191906,way,last_update,20-5-2021,Feature has not been updated in 5 years or more
532063963,way,last_update,20-3-2018,Feature has not been updated in 5 years or more
543881320,way,last_update,1-12-2017,Feature has not been updated in 5 years or more
543884542,way,last_update,2-6-2019,Feature has not been updated in 5 years or more
543896699,way,last_update,1-4-2020,Feature has not been updated in 5 years or more
543896703,way,last_update,15-12-2018,Feature has not been updated in 5 years or more
543903991,way,last_update,12-5-2021,Feature has not been updated in 5 years or more
544136943,way,last_update,12-6-2019,Feature has not been updated in 5 years or more
544190030,way,last_update,12-6-2018,Feature has not been updated in 5 years or more
544190031,way,last_update,12-6-2018,Feature has not been updated in 5 years or more
546617236,way,last_update,3-6-2019,Feature has not been updated in 5 years or more
546617237,way,last_update,13-12-2017,Feature has not been updated in 5 years or more
546617238,way,last_update,13-12-2017,Feature has not been updated in 5 years or more
546617239,way,last_update,30-5-2018,Feature has not been updated in 5 years or more
546617240,way,last_update,30-5-2018,Feature has not been updated in 5 years or more
546617241,way,last_update,30-5-2018,Feature has not been updated in 5 years or more
546617242,way,last_update,30-5-2018,Feature has not been updated in 5 years or more
546617243,way,last_update,30-5-2018,Feature has not been updated in 5 years or more
546617244,way,last_update,13-12-2017,Feature has not been updated in 5 years or more
546617246,way,last_update,30-5-2018,Feature has not been updated in 5 years or more
546617247,way,last_update,30-5-2018,Feature has not been updated in 5 years or more
546617248,way,last_update,13-12-2017,Feature has not been updated in 5 years or more
546617249,way,last_update,30-5-2018,Feature has not been updated in 5 years or more
546617250,way,last_update,15-3-2019,Feature has not been updated in 5 years or more
546617251,way,last_update,13-12-2017,Feature has not been updated in 5 years or more
546617252,way,last_update,13-12-2017,Feature has not been updated in 5 years or more
546617253,way,last_update,13-12-2017,Feature has not been updated in 5 years or more
546617254,way,last_update,13-12-2017,Feature has not been updated in 5 years or more
546617255,way,last_update,13-12-2017,Feature has not been updated in 5 years or more
546617256,way,last_update,13-12-2017,Feature has not been updated in 5 years or more
546617260,way,last_update,13-12-2017,Feature has not been updated in 5 years or more
546622112,way,last_update,13-12-2017,Feature has not been updated in 5 years or more
546622113,way,last_update,13-12-2017,Feature has not been updated in 5 years or more
546622114,way,last_update,13-12-2017,Feature has not been updated in 5 years or more
548177383,way,last_update,7-6-2019,Feature has not been updated in 5 years or more
548621421,way,last_update,22-12-2017,Feature has not been updated in 5 years or more
550398716,way,last_update,22-7-2020,Feature has not been updated in 5 years or more
550398717,way,last_update,22-7-2020,Feature has not been updated in 5 years or more
550398722,way,last_update,6-11-2018,Feature has not been updated in 5 years or more
550398723,way,last_update,2-1-2018,Feature has not been updated in 5 years or more
550641820,way,last_update,3-1-2018,Feature has not been updated in 5 years or more
553482046,way,last_update,18-5-2021,Feature has not been updated in 5 years or more
553482047,way,last_update,18-5-2021,Feature has not been updated in 5 years or more
553482048,way,last_update,16-1-2018,Feature has not been updated in 5 years or more
553482049,way,last_update,16-1-2018,Feature has not been updated in 5 years or more
553482050,way,last_update,16-1-2018,Feature has not been updated in 5 years or more
553482051,way,last_update,16-1-2018,Feature has not been updated in 5 years or more
556757559,way,last_update,19-11-2018,Feature has not been updated in 5 years or more
556757563,way,last_update,2-7-2019,Feature has not been updated in 5 years or more
556757564,way,last_update,2-7-2019,Feature has not been updated in 5 years or more
556757565,way,last_update,2-7-2019,Feature has not been updated in 5 years or more
556757566,way,last_update,19-11-2018,Feature has not been updated in 5 years or more
557786546,way,last_update,1-2-2018,Feature has not been updated in 5 years or more
559069558,way,last_update,6-2-2018,Feature has not been updated in 5 years or more
559455246,way,last_update,7-2-2018,Feature has not been updated in 5 years or more
559721059,way,last_update,8-2-2018,Feature has not been updated in 5 years or more
559722078,way,last_update,8-2-2018,Feature has not been updated in 5 years or more
560061072,way,last_update,9-2-2018,Feature has not been updated in 5 years or more
560061085,way,last_update,30-12-2019,Feature has not been updated in 5 years or more
560065283,way,last_update,9-2-2018,Feature has not been updated in 5 years or more
560769201,way,last_update,12-2-2018,Feature has not been updated in 5 years or more
560769203,way,last_update,12-2-2018,Feature has not been updated in 5 years or more
560773481,way,last_update,12-2-2018,Feature has not been updated in 5 years or more
568045308,way,last_update,29-4-2021,Feature has not been updated in 5 years or more
568045309,way,last_update,9-3-2018,Feature has not been updated in 5 years or more
568300097,way,last_update,19-5-2021,Feature has not been updated in 5 years or more
568300103,way,last_update,9-3-2018,Feature has not been updated in 5 years or more
568300104,way,last_update,26-4-2021,Feature has not been updated in 5 years or more
568312570,way,last_update,9-3-2018,Feature has not been updated in 5 years or more
568312571,way,last_update,9-3-2018,Feature has not been updated in 5 years or more
568312572,way,last_update,21-4-2021,Feature has not been updated in 5 years or more
568312573,way,last_update,21-4-2021,Feature has not been updated in 5 years or more
568312574,way,last_update,9-3-2018,Feature has not been updated in 5 years or more
568312575,way,last_update,8-3-2021,Feature has not been updated in 5 years or more
568397913,way,last_update,19-8-2021,Feature has not been updated in 5 years or more
568397914,way,last_update,19-8-2021,Feature has not been updated in 5 years or more
568773992,way,last_update,2-3-2021,Feature has not been updated in 5 years or more
568774010,way,last_update,23-3-2021,Feature has not been updated in 5 years or more
568788546,way,last_update,1-3-2021,Feature has not been updated in 5 years or more
568788572,way,last_update,19-3-2021,Feature has not been updated in 5 years or more
568788587,way,last_update,11-3-2018,Feature has not been updated in 5 years or more
568788588,way,last_update,12-12-2018,Feature has not been updated in 5 years or more
568788593,way,last_update,22-3-2021,Feature has not been updated in 5 years or more
568788597,way,last_update,11-3-2018,Feature has not been updated in 5 years or more
568800767,way,last_update,31-3-2021,Feature has not been updated in 5 years or more
568800768,way,last_update,17-3-2021,Feature has not been updated in 5 years or more
568800769,way,last_update,11-3-2018,Feature has not been updated in 5 years or more
568800770,way,last_update,22-3-2021,Feature has not been updated in 5 years or more
568800771,way,last_update,17-3-2021,Feature has not been updated in 5 years or more
568800805,way,last_update,18-5-2021,Feature has not been updated in 5 years or more
568800810,way,last_update,12-4-2021,Feature has not been updated in 5 years or more
568800811,way,last_update,14-4-2021,Feature has not been updated in 5 years or more
568800820,way,last_update,7-5-2021,Feature has not been updated in 5 years or more
568800821,way,last_update,14-4-2021,Feature has not been updated in 5 years or more
568800822,way,last_update,7-5-2021,Feature has not been updated in 5 years or more
568800823,way,last_update,14-4-2021,Feature has not been updated in 5 years or more
568800824,way,last_update,14-4-2021,Feature has not been updated in 5 years or more
568800825,way,last_update,16-4-2021,Feature has not been updated in 5 years or more
568800826,way,last_update,16-4-2021,Feature has not been updated in 5 years or more
568800839,way,last_update,16-4-2021,Feature has not been updated in 5 years or more
568800840,way,last_update,16-4-2021,Feature has not been updated in 5 years or more
568800841,way,last_update,26-9-2019,Feature has not been updated in 5 years or more
568800843,way,last_update,11-3-2018,Feature has not been updated in 5 years or more
568800844,way,last_update,11-3-2018,Feature has not been updated in 5 years or more
568800845,way,last_update,22-4-2021,Feature has not been updated in 5 years or more
568800846,way,last_update,22-4-2021,Feature has not been updated in 5 years or more
568800847,way,last_update,22-4-2021,Feature has not been updated in 5 years or more
568800872,way,last_update,1-7-2019,Feature has not been updated in 5 years or more
568800873,way,last_update,28-4-2021,Feature has not been updated in 5 years or more
568800874,way,last_update,26-4-2021,Feature has not been updated in 5 years or more
568800875,way,last_update,19-5-2021,Feature has not been updated in 5 years or more
568800877,way,last_update,19-5-2021,Feature has not been updated in 5 years or more
568800878,way,last_update,19-5-2021,Feature has not been updated in 5 years or more
570135014,way,last_update,16-3-2018,Feature has not been updated in 5 years or more
570135015,way,last_update,16-3-2018,Feature has not been updated in 5 years or more
570135016,way,last_update,16-3-2018,Feature has not been updated in 5 years or more
570135017,way,last_update,16-3-2018,Feature has not been updated in 5 years or more
570135053,way,last_update,4-5-2021,Feature has not been updated in 5 years or more
570308836,way,last_update,23-3-2021,Feature has not been updated in 5 years or more
570523808,way,last_update,17-5-2021,Feature has not been updated in 5 years or more
570523810,way,last_update,17-3-2018,Feature has not been updated in 5 years or more
570523811,way,last_update,17-3-2018,Feature has not been updated in 5 years or more
570771225,way,last_update,8-5-2021,Feature has not been updated in 5 years or more
570771227,way,last_update,8-4-2021,Feature has not been updated in 5 years or more
570771229,way,last_update,18-3-2018,Feature has not been updated in 5 years or more
573720806,way,last_update,24-4-2021,Feature has not been updated in 5 years or more
573720807,way,last_update,24-4-2021,Feature has not been updated in 5 years or more
573720808,way,last_update,30-12-2018,Feature has not been updated in 5 years or more
573720809,way,last_update,23-4-2021,Feature has not been updated in 5 years or more
573720810,way,last_update,23-4-2021,Feature has not been updated in 5 years or more
573720811,way,last_update,30-12-2018,Feature has not been updated in 5 years or more
573720812,way,last_update,30-12-2018,Feature has not been updated in 5 years or more
573720813,way,last_update,30-12-2018,Feature has not been updated in 5 years or more
573720815,way,last_update,30-12-2018,Feature has not been updated in 5 years or more
573720816,way,last_update,30-12-2018,Feature has not been updated in 5 years or more
573720817,way,last_update,30-12-2018,Feature has not been updated in 5 years or more
573720818,way,last_update,30-12-2018,Feature has not been updated in 5 years or more
573720819,way,last_update,27-3-2018,Feature has not been updated in 5 years or more
573724435,way,last_update,19-3-2021,Feature has not been updated in 5 years or more
573727856,way,last_update,27-3-2018,Feature has not been updated in 5 years or more
574050106,way,last_update,17-3-2021,Feature has not been updated in 5 years or more
574150330,way,last_update,8-3-2021,Feature has not been updated in 5 years or more
576072288,way,last_update,3-4-2018,Feature has not been updated in 5 years or more
580509791,way,last_update,27-10-2019,Feature has not been updated in 5 years or more
583058774,way,last_update,24-4-2018,Feature has not been updated in 5 years or more
583824558,way,last_update,19-10-2018,Feature has not been updated in 5 years or more
583827599,way,last_update,27-4-2018,Feature has not been updated in 5 years or more
584199908,way,last_update,2-7-2019,Feature has not been updated in 5 years or more
588845953,way,last_update,28-7-2021,Feature has not been updated in 5 years or more
591386179,way,last_update,27-5-2018,Feature has not been updated in 5 years or more
591940049,way,last_update,30-5-2018,Feature has not been updated in 5 years or more
594582760,way,last_update,6-6-2018,Feature has not been updated in 5 years or more
597092334,way,last_update,12-6-2018,Feature has not been updated in 5 years or more
597092335,way,last_update,12-6-2018,Feature has not been updated in 5 years or more
619882674,way,last_update,25-8-2018,Feature has not been updated in 5 years or more
622145152,way,last_update,2-9-2018,Feature has not been updated in 5 years or more
630090977,way,last_update,23-2-2019,Feature has not been updated in 5 years or more
630090979,way,last_update,23-2-2019,Feature has not been updated in 5 years or more
630090981,way,last_update,3-10-2018,Feature has not been updated in 5 years or more
634026482,way,last_update,14-11-2018,Feature has not been updated in 5 years or more
634026483,way,last_update,27-1-2019,Feature has not been updated in 5 years or more
634026484,way,last_update,27-1-2019,Feature has not been updated in 5 years or more
634395667,way,last_update,21-10-2018,Feature has not been updated in 5 years or more
636467813,way,last_update,21-10-2018,Feature has not been updated in 5 years or more
636467814,way,last_update,21-10-2018,Feature has not been updated in 5 years or more
636467815,way,last_update,21-10-2018,Feature has not been updated in 5 years or more
638334522,way,last_update,26-10-2018,Feature has not been updated in 5 years or more
638334523,way,last_update,26-10-2018,Feature has not been updated in 5 years or more
638334525,way,last_update,26-10-2018,Feature has not been updated in 5 years or more
638334526,way,last_update,26-10-2018,Feature has not been updated in 5 years or more
638334527,way,last_update,26-10-2018,Feature has not been updated in 5 years or more
638334528,way,last_update,26-10-2018,Feature has not been updated in 5 years or more
638334529,way,last_update,26-10-2018,Feature has not been updated in 5 years or more
638334537,way,last_update,26-10-2018,Feature has not been updated in 5 years or more
638334538,way,last_update,26-10-2018,Feature has not been updated in 5 years or more
638334544,way,last_update,26-10-2018,Feature has not been updated in 5 years or more
638334545,way,last_update,26-10-2018,Feature has not been updated in 5 years or more
638334547,way,last_update,26-10-2018,Feature has not been updated in 5 years or more
638334548,way,last_update,26-10-2018,Feature has not been updated in 5 years or more
638334549,way,last_update,26-10-2018,Feature has not been updated in 5 years or more
638334550,way,last_update,26-10-2018,Feature has not been updated in 5 years or more
638334553,way,last_update,26-10-2018,Feature has not been updated in 5 years or more
638334555,way,last_update,26-10-2018,Feature has not been updated in 5 years or more
641570080,way,last_update,6-11-2018,Feature has not been updated in 5 years or more
641570083,way,last_update,6-11-2018,Feature has not been updated in 5 years or more
641570085,way,last_update,6-11-2018,Feature has not been updated in 5 years or more
643076426,way,last_update,11-11-2018,Feature has not been updated in 5 years or more
643076427,way,last_update,24-2-2019,Feature has not been updated in 5 years or more
643076428,way,last_update,27-1-2019,Feature has not been updated in 5 years or more
643078134,way,last_update,11-11-2018,Feature has not been updated in 5 years or more
643078135,way,last_update,11-11-2018,Feature has not been updated in 5 years or more
643078138,way,last_update,11-11-2018,Feature has not been updated in 5 years or more
643078139,way,last_update,11-11-2018,Feature has not been updated in 5 years or more
643078140,way,last_update,11-11-2018,Feature has not been updated in 5 years or more
643078141,way,last_update,16-3-2021,Feature has not been updated in 5 years or more
643078143,way,last_update,11-11-2018,Feature has not been updated in 5 years or more
643078144,way,last_update,11-11-2018,Feature has not been updated in 5 years or more
643078147,way,last_update,11-11-2018,Feature has not been updated in 5 years or more
643078148,way,last_update,11-11-2018,Feature has not been updated in 5 years or more
644457803,way,last_update,14-11-2018,Feature has not been updated in 5 years or more
644457804,way,last_update,14-11-2018,Feature has not been updated in 5 years or more
644457805,way,last_update,14-11-2018,Feature has not been updated in 5 years or more
644457806,way,last_update,14-11-2018,Feature has not been updated in 5 years or more
644457807,way,last_update,14-11-2018,Feature has not been updated in 5 years or more
644457808,way,last_update,14-11-2018,Feature has not been updated in 5 years or more
644457815,way,last_update,14-11-2018,Feature has not been updated in 5 years or more
644457816,way,last_update,14-11-2018,Feature has not been updated in 5 years or more
644457818,way,last_update,24-2-2019,Feature has not been updated in 5 years or more
644457819,way,last_update,14-11-2018,Feature has not been updated in 5 years or more
644457820,way,last_update,14-11-2018,Feature has not been updated in 5 years or more
644463201,way,last_update,14-12-2018,Feature has not been updated in 5 years or more
644463202,way,last_update,14-11-2018,Feature has not been updated in 5 years or more
644463204,way,last_update,14-11-2018,Feature has not been updated in 5 years or more
644463205,way,last_update,14-11-2018,Feature has not been updated in 5 years or more
644463206,way,last_update,16-11-2018,Feature has not been updated in 5 years or more
644463207,way,last_update,14-11-2018,Feature has not been updated in 5 years or more
644889597,way,last_update,11-6-2019,Feature has not been updated in 5 years or more
644889598,way,last_update,11-6-2019,Feature has not been updated in 5 years or more
644889599,way,last_update,11-6-2019,Feature has not been updated in 5 years or more
644889600,way,last_update,11-6-2019,Feature has not been updated in 5 years or more
644889601,way,last_update,11-6-2019,Feature has not been updated in 5 years or more
644889602,way,last_update,11-6-2019,Feature has not been updated in 5 years or more
644889603,way,last_update,11-6-2019,Feature has not been updated in 5 years or more
644889604,way,last_update,11-6-2019,Feature has not been updated in 5 years or more
644889605,way,last_update,11-6-2019,Feature has not been updated in 5 years or more
644889606,way,last_update,11-6-2019,Feature has not been updated in 5 years or more
644889608,way,last_update,11-6-2019,Feature has not been updated in 5 years or more
644889609,way,last_update,11-6-2019,Feature has not been updated in 5 years or more
644889610,way,last_update,11-6-2019,Feature has not been updated in 5 years or more
645049213,way,last_update,10-6-2019,Feature has not been updated in 5 years or more
645789431,way,last_update,18-11-2018,Feature has not been updated in 5 years or more
645789438,way,last_update,31-12-2018,Feature has not been updated in 5 years or more
645789439,way,last_update,18-11-2018,Feature has not been updated in 5 years or more
645789440,way,last_update,18-11-2018,Feature has not been updated in 5 years or more
645789444,way,last_update,18-11-2018,Feature has not been updated in 5 years or more
645789446,way,last_update,24-2-2019,Feature has not been updated in 5 years or more
645789448,way,last_update,18-11-2018,Feature has not been updated in 5 years or more
645789450,way,last_update,18-11-2018,Feature has not been updated in 5 years or more
645789451,way,last_update,18-11-2018,Feature has not been updated in 5 years or more
645789452,way,last_update,17-6-2019,Feature has not been updated in 5 years or more
645789454,way,last_update,17-6-2019,Feature has not been updated in 5 years or more
645789458,way,last_update,17-6-2019,Feature has not been updated in 5 years or more
645789459,way,last_update,17-6-2019,Feature has not been updated in 5 years or more
645789460,way,last_update,17-6-2019,Feature has not been updated in 5 years or more
645789462,way,last_update,26-10-2019,Feature has not been updated in 5 years or more
645789463,way,last_update,18-11-2018,Feature has not been updated in 5 years or more
645789465,way,last_update,26-10-2019,Feature has not been updated in 5 years or more
645789466,way,last_update,18-11-2018,Feature has not been updated in 5 years or more
646016149,way,last_update,18-11-2018,Feature has not been updated in 5 years or more
646016153,way,last_update,18-11-2018,Feature has not been updated in 5 years or more
646016155,way,last_update,18-11-2018,Feature has not been updated in 5 years or more
647551419,way,last_update,22-11-2018,Feature has not been updated in 5 years or more
647551420,way,last_update,22-11-2018,Feature has not been updated in 5 years or more
647551421,way,last_update,22-11-2018,Feature has not been updated in 5 years or more
647551422,way,last_update,22-11-2018,Feature has not been updated in 5 years or more
647551423,way,last_update,22-11-2018,Feature has not been updated in 5 years or more
647551424,way,last_update,22-11-2018,Feature has not been updated in 5 years or more
647551425,way,last_update,16-12-2020,Feature has not been updated in 5 years or more
647551426,way,last_update,23-4-2021,Feature has not been updated in 5 years or more
647551427,way,last_update,22-11-2018,Feature has not been updated in 5 years or more
647551428,way,last_update,22-11-2018,Feature has not been updated in 5 years or more
647551429,way,last_update,22-11-2018,Feature has not been updated in 5 years or more
647551430,way,last_update,22-11-2018,Feature has not been updated in 5 years or more
647551431,way,last_update,22-11-2018,Feature has not been updated in 5 years or more
647551432,way,last_update,22-11-2018,Feature has not been updated in 5 years or more
648228413,way,last_update,13-3-2019,Feature has not been updated in 5 years or more
648260313,way,last_update,23-11-2018,Feature has not been updated in 5 years or more
648260327,way,last_update,23-11-2018,Feature has not been updated in 5 years or more
648260330,way,last_update,23-11-2018,Feature has not been updated in 5 years or more
648260332,way,last_update,23-11-2018,Feature has not been updated in 5 years or more
648260334,way,last_update,23-11-2018,Feature has not been updated in 5 years or more
648260335,way,last_update,23-11-2018,Feature has not been updated in 5 years or more
648260338,way,last_update,23-11-2018,Feature has not been updated in 5 years or more
650093213,way,last_update,26-1-2020,Feature has not been updated in 5 years or more
650093219,way,last_update,28-11-2018,Feature has not been updated in 5 years or more
650093221,way,last_update,28-11-2018,Feature has not been updated in 5 years or more
650093222,way,last_update,28-11-2018,Feature has not been updated in 5 years or more
650093224,way,last_update,13-5-2019,Feature has not been updated in 5 years or more
650093231,way,last_update,28-11-2018,Feature has not been updated in 5 years or more
650395627,way,last_update,29-11-2018,Feature has not been updated in 5 years or more
650395628,way,last_update,29-11-2018,Feature has not been updated in 5 years or more
650395629,way,last_update,29-11-2018,Feature has not been updated in 5 years or more
650395630,way,last_update,29-11-2018,Feature has not been updated in 5 years or more
654382235,way,last_update,28-6-2019,Feature has not been updated in 5 years or more
655783767,way,last_update,18-12-2018,Feature has not been updated in 5 years or more
655783768,way,last_update,18-12-2018,Feature has not been updated in 5 years or more
655784397,way,last_update,18-12-2018,Feature has not been updated in 5 years or more
655800964,way,last_update,18-12-2018,Feature has not been updated in 5 years or more
655800965,way,last_update,18-12-2018,Feature has not been updated in 5 years or more
655800966,way,last_update,18-12-2018,Feature has not been updated in 5 years or more
655800967,way,last_update,18-12-2018,Feature has not been updated in 5 years or more
655943784,way,last_update,23-3-2021,Feature has not been updated in 5 years or more
657750856,way,last_update,11-6-2019,Feature has not been updated in 5 years or more
657750857,way,last_update,11-6-2019,Feature has not been updated in 5 years or more
657750858,way,last_update,11-6-2019,Feature has not been updated in 5 years or more
657750859,way,last_update,11-6-2019,Feature has not been updated in 5 years or more
657750861,way,last_update,11-6-2019,Feature has not been updated in 5 years or more
657750862,way,last_update,11-6-2019,Feature has not been updated in 5 years or more
657750863,way,last_update,11-6-2019,Feature has not been updated in 5 years or more
657750866,way,last_update,11-6-2019,Feature has not been updated in 5 years or more
657750867,way,last_update,11-6-2019,Feature has not been updated in 5 years or more
657750868,way,last_update,11-6-2019,Feature has not been updated in 5 years or more
658519386,way,last_update,27-12-2018,Feature has not been updated in 5 years or more
658519387,way,last_update,27-12-2018,Feature has not been updated in 5 years or more
659237693,way,last_update,8-4-2019,Feature has not been updated in 5 years or more
659237694,way,last_update,31-12-2018,Feature has not been updated in 5 years or more
659241082,way,last_update,30-12-2018,Feature has not been updated in 5 years or more
659241083,way,last_update,30-12-2018,Feature has not been updated in 5 years or more
659241094,way,last_update,19-6-2019,Feature has not been updated in 5 years or more
659306150,way,last_update,30-12-2018,Feature has not been updated in 5 years or more
659306157,way,last_update,23-4-2021,Feature has not been updated in 5 years or more
659435711,way,last_update,21-4-2019,Feature has not been updated in 5 years or more
659435717,way,last_update,21-4-2019,Feature has not been updated in 5 years or more
659596362,way,last_update,4-3-2021,Feature has not been updated in 5 years or more
659596363,way,last_update,31-12-2018,Feature has not been updated in 5 years or more
659596365,way,last_update,31-12-2018,Feature has not been updated in 5 years or more
659596366,way,last_update,31-12-2018,Feature has not been updated in 5 years or more
659599254,way,last_update,31-12-2018,Feature has not been updated in 5 years or more
659599269,way,last_update,11-6-2019,Feature has not been updated in 5 years or more
659599271,way,last_update,11-6-2019,Feature has not been updated in 5 years or more
659599272,way,last_update,11-6-2019,Feature has not been updated in 5 years or more
659599275,way,last_update,11-6-2019,Feature has not been updated in 5 years or more
659608756,way,last_update,31-12-2018,Feature has not been updated in 5 years or more
659608757,way,last_update,22-7-2019,Feature has not been updated in 5 years or more
659608758,way,last_update,22-7-2019,Feature has not been updated in 5 years or more
659608759,way,last_update,31-12-2018,Feature has not been updated in 5 years or more
659608760,way,last_update,24-12-2019,Feature has not been updated in 5 years or more
659608763,way,last_update,27-4-2019,Feature has not been updated in 5 years or more
659608772,way,last_update,27-4-2019,Feature has not been updated in 5 years or more
659615948,way,last_update,25-8-2019,Feature has not been updated in 5 years or more
659615952,way,last_update,25-8-2019,Feature has not been updated in 5 years or more
659697730,way,last_update,1-1-2019,Feature has not been updated in 5 years or more
659697731,way,last_update,1-1-2019,Feature has not been updated in 5 years or more
662538161,way,last_update,12-1-2019,Feature has not been updated in 5 years or more
662541519,way,last_update,12-1-2019,Feature has not been updated in 5 years or more
662812914,way,last_update,13-1-2019,Feature has not been updated in 5 years or more
662812941,way,last_update,13-1-2019,Feature has not been updated in 5 years or more
662812953,way,last_update,13-1-2019,Feature has not been updated in 5 years or more
663066048,way,last_update,14-1-2019,Feature has not been updated in 5 years or more
663066049,way,last_update,16-2-2019,Feature has not been updated in 5 years or more
663339772,way,last_update,14-1-2019,Feature has not been updated in 5 years or more
663339785,way,last_update,14-1-2019,Feature has not been updated in 5 years or more
663377926,way,last_update,12-11-2019,Feature has not been updated in 5 years or more
664311262,way,last_update,13-6-2019,Feature has not been updated in 5 years or more
664311301,way,last_update,18-1-2019,Feature has not been updated in 5 years or more
666482775,way,last_update,27-1-2019,Feature has not been updated in 5 years or more
666482776,way,last_update,27-1-2019,Feature has not been updated in 5 years or more
666482777,way,last_update,27-1-2019,Feature has not been updated in 5 years or more
666482778,way,last_update,27-1-2019,Feature has not been updated in 5 years or more
666482779,way,last_update,27-1-2019,Feature has not been updated in 5 years or more
666482780,way,last_update,27-1-2019,Feature has not been updated in 5 years or more
666482782,way,last_update,27-1-2019,Feature has not been updated in 5 years or more
666482783,way,last_update,27-1-2019,Feature has not been updated in 5 years or more
666482786,way,last_update,27-1-2019,Feature has not been updated in 5 years or more
666482787,way,last_update,27-1-2019,Feature has not been updated in 5 years or more
666482788,way,last_update,27-1-2019,Feature has not been updated in 5 years or more
666482799,way,last_update,27-1-2019,Feature has not been updated in 5 years or more
667548730,way,last_update,24-4-2021,Feature has not been updated in 5 years or more
668170480,way,last_update,4-2-2019,Feature has not been updated in 5 years or more
668170481,way,last_update,4-2-2019,Feature has not been updated in 5 years or more
671002339,way,last_update,11-6-2019,Feature has not been updated in 5 years or more
671002341,way,last_update,17-2-2019,Feature has not been updated in 5 years or more
671002342,way,last_update,17-2-2019,Feature has not been updated in 5 years or more
671124848,way,last_update,17-2-2019,Feature has not been updated in 5 years or more
671124850,way,last_update,17-2-2019,Feature has not been updated in 5 years or more
671384015,way,last_update,18-2-2019,Feature has not been updated in 5 years or more
671384016,way,last_update,23-3-2021,Feature has not been updated in 5 years or more
671384017,way,last_update,23-3-2021,Feature has not been updated in 5 years or more
671384018,way,last_update,18-2-2019,Feature has not been updated in 5 years or more
671734694,way,last_update,20-2-2019,Feature has not been updated in 5 years or more
671903492,way,last_update,20-2-2019,Feature has not been updated in 5 years or more
672544238,way,last_update,7-6-2021,Feature has not been updated in 5 years or more
672577322,way,last_update,11-3-2019,Feature has not been updated in 5 years or more
672577324,way,last_update,24-2-2019,Feature has not been updated in 5 years or more
672577326,way,last_update,24-2-2019,Feature has not been updated in 5 years or more
673865343,way,last_update,1-3-2019,Feature has not been updated in 5 years or more
677141212,way,last_update,15-3-2019,Feature has not been updated in 5 years or more
681361556,way,last_update,3-4-2019,Feature has not been updated in 5 years or more
681364077,way,last_update,3-4-2019,Feature has not been updated in 5 years or more
681395215,way,last_update,3-4-2019,Feature has not been updated in 5 years or more
681395216,way,last_update,3-4-2019,Feature has not been updated in 5 years or more
681395217,way,last_update,3-4-2019,Feature has not been updated in 5 years or more
681395218,way,last_update,3-4-2019,Feature has not been updated in 5 years or more
681395219,way,last_update,3-4-2019,Feature has not been updated in 5 years or more
681395220,way,last_update,3-4-2019,Feature has not been updated in 5 years or more
681518904,way,last_update,4-4-2019,Feature has not been updated in 5 years or more
683112005,way,last_update,4-3-2021,Feature has not been updated in 5 years or more
683463191,way,last_update,13-4-2019,Feature has not been updated in 5 years or more
685150629,way,last_update,22-4-2019,Feature has not been updated in 5 years or more
685150665,way,last_update,22-4-2019,Feature has not been updated in 5 years or more
686155472,way,last_update,26-4-2019,Feature has not been updated in 5 years or more
686240801,way,last_update,2-7-2019,Feature has not been updated in 5 years or more
686240802,way,last_update,27-4-2019,Feature has not been updated in 5 years or more
686240803,way,last_update,27-4-2019,Feature has not been updated in 5 years or more
686240804,way,last_update,27-4-2019,Feature has not been updated in 5 years or more
686240805,way,last_update,27-4-2019,Feature has not been updated in 5 years or more
686242696,way,last_update,24-12-2019,Feature has not been updated in 5 years or more
686242698,way,last_update,8-7-2019,Feature has not been updated in 5 years or more
686242699,way,last_update,27-4-2019,Feature has not been updated in 5 years or more
692641637,way,last_update,26-5-2019,Feature has not been updated in 5 years or more
693804754,way,last_update,3-6-2019,Feature has not been updated in 5 years or more
693809366,way,last_update,21-11-2019,Feature has not been updated in 5 years or more
693823638,way,last_update,31-5-2019,Feature has not been updated in 5 years or more
693842230,way,last_update,3-8-2020,Feature has not been updated in 5 years or more
693842231,way,last_update,1-6-2019,Feature has not been updated in 5 years or more
693842232,way,last_update,3-8-2020,Feature has not been updated in 5 years or more
693842233,way,last_update,3-8-2020,Feature has not been updated in 5 years or more
693843031,way,last_update,3-8-2020,Feature has not been updated in 5 years or more
694282692,way,last_update,3-6-2019,Feature has not been updated in 5 years or more
694289352,way,last_update,3-6-2019,Feature has not been updated in 5 years or more
695745947,way,last_update,7-6-2019,Feature has not been updated in 5 years or more
696205533,way,last_update,10-6-2019,Feature has not been updated in 5 years or more
696205534,way,last_update,10-6-2019,Feature has not been updated in 5 years or more
696205535,way,last_update,10-6-2019,Feature has not been updated in 5 years or more
696205538,way,last_update,10-6-2019,Feature has not been updated in 5 years or more
696233900,way,last_update,10-6-2019,Feature has not been updated in 5 years or more
696276416,way,last_update,11-6-2019,Feature has not been updated in 5 years or more
696278731,way,last_update,11-6-2019,Feature has not been updated in 5 years or more
696378566,way,last_update,11-6-2019,Feature has not been updated in 5 years or more
696378568,way,last_update,11-6-2019,Feature has not been updated in 5 years or more
696378569,way,last_update,11-6-2019,Feature has not been updated in 5 years or more
697610024,way,last_update,6-4-2020,Feature has not been updated in 5 years or more
697619815,way,last_update,16-6-2019,Feature has not been updated in 5 years or more
697659783,way,last_update,17-6-2019,Feature has not been updated in 5 years or more
698269616,way,last_update,4-10-2019,Feature has not been updated in 5 years or more
698949710,way,last_update,21-6-2019,Feature has not been updated in 5 years or more
699688019,way,last_update,25-6-2019,Feature has not been updated in 5 years or more
699940583,way,last_update,26-6-2019,Feature has not been updated in 5 years or more
699940587,way,last_update,5-4-2021,Feature has not been updated in 5 years or more
699988633,way,last_update,26-6-2019,Feature has not been updated in 5 years or more
699988635,way,last_update,26-6-2019,Feature has not been updated in 5 years or more
700014888,way,last_update,27-6-2019,Feature has not been updated in 5 years or more
700028161,way,last_update,4-10-2019,Feature has not been updated in 5 years or more
700028163,way,last_update,4-10-2019,Feature has not been updated in 5 years or more
700028165,way,last_update,4-10-2019,Feature has not been updated in 5 years or more
700028166,way,last_update,4-10-2019,Feature has not been updated in 5 years or more
700028168,way,last_update,4-10-2019,Feature has not been updated in 5 years or more
700028174,way,last_update,4-10-2019,Feature has not been updated in 5 years or more
700028201,way,last_update,4-10-2019,Feature has not been updated in 5 years or more
700944000,way,last_update,23-4-2021,Feature has not been updated in 5 years or more
701107034,way,last_update,8-3-2020,Feature has not been updated in 5 years or more
702543218,way,last_update,8-7-2019,Feature has not been updated in 5 years or more
702543219,way,last_update,8-7-2019,Feature has not been updated in 5 years or more
703421667,way,last_update,11-7-2019,Feature has not been updated in 5 years or more
704718620,way,last_update,1-6-2020,Feature has not been updated in 5 years or more
705792996,way,last_update,4-3-2021,Feature has not been updated in 5 years or more
705884013,way,last_update,1-6-2020,Feature has not been updated in 5 years or more
705884015,way,last_update,20-7-2019,Feature has not been updated in 5 years or more
706289699,way,last_update,6-4-2021,Feature has not been updated in 5 years or more
708948718,way,last_update,30-7-2019,Feature has not been updated in 5 years or more
708948719,way,last_update,4-3-2021,Feature has not been updated in 5 years or more
710345968,way,last_update,2-8-2019,Feature has not been updated in 5 years or more
710345969,way,last_update,2-8-2019,Feature has not been updated in 5 years or more
714219875,way,last_update,18-8-2019,Feature has not been updated in 5 years or more
717332348,way,last_update,22-8-2019,Feature has not been updated in 5 years or more
717332349,way,last_update,22-8-2019,Feature has not been updated in 5 years or more
717332350,way,last_update,22-8-2019,Feature has not been updated in 5 years or more
724198083,way,last_update,13-9-2019,Feature has not been updated in 5 years or more
724431704,way,last_update,3-7-2021,Feature has not been updated in 5 years or more
727131202,way,last_update,1-3-2021,Feature has not been updated in 5 years or more
727174497,way,last_update,21-9-2019,Feature has not been updated in 5 years or more
727174498,way,last_update,12-11-2019,Feature has not been updated in 5 years or more
727174505,way,last_update,21-9-2019,Feature has not been updated in 5 years or more
728843684,way,last_update,26-9-2019,Feature has not been updated in 5 years or more
729185550,way,last_update,27-9-2019,Feature has not been updated in 5 years or more
729185551,way,last_update,27-9-2019,Feature has not been updated in 5 years or more
730040476,way,last_update,30-9-2019,Feature has not been updated in 5 years or more
731558555,way,last_update,4-10-2019,Feature has not been updated in 5 years or more
731579560,way,last_update,4-10-2019,Feature has not been updated in 5 years or more
731598119,way,last_update,4-10-2019,Feature has not been updated in 5 years or more
732129464,way,last_update,4-3-2021,Feature has not been updated in 5 years or more
732129466,way,last_update,6-10-2019,Feature has not been updated in 5 years or more
732129467,way,last_update,6-10-2019,Feature has not been updated in 5 years or more
736237865,way,last_update,28-10-2019,Feature has not been updated in 5 years or more
738387133,way,last_update,25-10-2019,Feature has not been updated in 5 years or more
738387142,way,last_update,25-10-2019,Feature has not been updated in 5 years or more
738592633,way,last_update,25-10-2019,Feature has not been updated in 5 years or more
738592637,way,last_update,25-10-2019,Feature has not been updated in 5 years or more
739568126,way,last_update,23-8-2021,Feature has not been updated in 5 years or more
739621148,way,last_update,28-10-2019,Feature has not been updated in 5 years or more
739621149,way,last_update,28-10-2019,Feature has not been updated in 5 years or more
739621150,way,last_update,28-10-2019,Feature has not been updated in 5 years or more
739621151,way,last_update,28-10-2019,Feature has not been updated in 5 years or more
739621152,way,last_update,28-10-2019,Feature has not been updated in 5 years or more
745450744,way,last_update,14-11-2019,Feature has not been updated in 5 years or more
745450745,way,last_update,14-11-2019,Feature has not been updated in 5 years or more
745450746,way,last_update,14-11-2019,Feature has not been updated in 5 years or more
753762564,way,last_update,8-12-2019,Feature has not been updated in 5 years or more
753762565,way,last_update,8-12-2019,Feature has not been updated in 5 years or more
758279350,way,last_update,24-12-2019,Feature has not been updated in 5 years or more
758442520,way,last_update,24-12-2019,Feature has not been updated in 5 years or more
758442521,way,last_update,24-12-2019,Feature has not been updated in 5 years or more
758447279,way,last_update,24-12-2019,Feature has not been updated in 5 years or more
758447281,way,last_update,24-12-2019,Feature has not been updated in 5 years or more
758447282,way,last_update,24-12-2019,Feature has not been updated in 5 years or more
759287713,way,last_update,17-6-2021,Feature has not been updated in 5 years or more
759593316,way,last_update,30-12-2019,Feature has not been updated in 5 years or more
759595258,way,last_update,30-12-2019,Feature has not been updated in 5 years or more
761607149,way,last_update,8-1-2020,Feature has not been updated in 5 years or more
761607153,way,last_update,6-4-2020,Feature has not been updated in 5 years or more
762132537,way,last_update,10-1-2020,Feature has not been updated in 5 years or more
762892996,way,last_update,2-4-2021,Feature has not been updated in 5 years or more
763034210,way,last_update,14-1-2020,Feature has not been updated in 5 years or more
763034211,way,last_update,14-1-2020,Feature has not been updated in 5 years or more
763034212,way,last_update,14-1-2020,Feature has not been updated in 5 years or more
763034942,way,last_update,14-1-2020,Feature has not been updated in 5 years or more
764610461,way,last_update,19-1-2020,Feature has not been updated in 5 years or more
766522213,way,last_update,25-1-2020,Feature has not been updated in 5 years or more
766522214,way,last_update,21-5-2021,Feature has not been updated in 5 years or more
766522217,way,last_update,21-5-2021,Feature has not been updated in 5 years or more
766522218,way,last_update,25-1-2020,Feature has not been updated in 5 years or more
766522219,way,last_update,25-1-2020,Feature has not been updated in 5 years or more
766522220,way,last_update,25-1-2020,Feature has not been updated in 5 years or more
766664972,way,last_update,26-1-2020,Feature has not been updated in 5 years or more
775400870,way,last_update,21-2-2020,Feature has not been updated in 5 years or more
775437820,way,last_update,22-2-2020,Feature has not been updated in 5 years or more
775437821,way,last_update,22-2-2020,Feature has not been updated in 5 years or more
777444997,way,last_update,1-3-2020,Feature has not been updated in 5 years or more
779291805,way,last_update,8-3-2020,Feature has not been updated in 5 years or more
783893244,way,last_update,23-3-2020,Feature has not been updated in 5 years or more
784955360,way,last_update,27-3-2020,Feature has not been updated in 5 years or more
785474301,way,last_update,29-3-2020,Feature has not been updated in 5 years or more
785474303,way,last_update,29-3-2020,Feature has not been updated in 5 years or more
786201808,way,last_update,31-3-2020,Feature has not been updated in 5 years or more
786201809,way,last_update,31-3-2020,Feature has not been updated in 5 years or more
786532291,way,last_update,21-4-2020,Feature has not been updated in 5 years or more
791809110,way,last_update,14-4-2020,Feature has not been updated in 5 years or more
795085315,way,last_update,23-4-2020,Feature has not been updated in 5 years or more
800156226,way,last_update,1-6-2020,Feature has not been updated in 5 years or more
806049263,way,last_update,1-8-2020,Feature has not been updated in 5 years or more
807380619,way,last_update,16-3-2021,Feature has not been updated in 5 years or more
807385721,way,last_update,22-5-2020,Feature has not been updated in 5 years or more
807385722,way,last_update,1-6-2020,Feature has not been updated in 5 years or more
807385724,way,last_update,1-6-2020,Feature has not been updated in 5 years or more
808971551,way,last_update,28-5-2020,Feature has not been updated in 5 years or more
808971552,way,last_update,28-5-2020,Feature has not been updated in 5 years or more
810370861,way,last_update,1-6-2020,Feature has not been updated in 5 years or more
810370862,way,last_update,1-6-2020,Feature has not been updated in 5 years or more
813953171,way,last_update,8-6-2020,Feature has not been updated in 5 years or more
818140482,way,last_update,21-6-2020,Feature has not been updated in 5 years or more
818140483,way,last_update,21-6-2020,Feature has not been updated in 5 years or more
818140484,way,last_update,21-6-2020,Feature has not been updated in 5 years or more
818140485,way,last_update,21-6-2020,Feature has not been updated in 5 years or more
818140488,way,last_update,21-6-2020,Feature has not been updated in 5 years or more
818140490,way,last_update,21-6-2020,Feature has not been updated in 5 years or more
818140501,way,last_update,21-6-2020,Feature has not been updated in 5 years or more
818140503,way,last_update,21-6-2020,Feature has not been updated in 5 years or more
818140504,way,last_update,21-6-2020,Feature has not been updated in 5 years or more
818140505,way,last_update,21-6-2020,Feature has not been updated in 5 years or more
818140506,way,last_update,21-6-2020,Feature has not been updated in 5 years or more
818140507,way,last_update,21-6-2020,Feature has not been updated in 5 years or more
827357001,way,last_update,20-5-2021,Feature has not been updated in 5 years or more
828831335,way,last_update,22-7-2020,Feature has not been updated in 5 years or more
829023719,way,last_update,20-5-2021,Feature has not been updated in 5 years or more
829023720,way,last_update,20-5-2021,Feature has not been updated in 5 years or more
829024124,way,last_update,23-7-2020,Feature has not been updated in 5 years or more
832356127,way,last_update,30-7-2020,Feature has not been updated in 5 years or more
832926831,way,last_update,1-8-2020,Feature has not been updated in 5 years or more
833362351,way,last_update,3-3-2021,Feature has not been updated in 5 years or more
833362352,way,last_update,2-8-2020,Feature has not been updated in 5 years or more
833362353,way,last_update,2-8-2020,Feature has not been updated in 5 years or more
833362354,way,last_update,2-8-2020,Feature has not been updated in 5 years or more
833362355,way,last_update,3-3-2021,Feature has not been updated in 5 years or more
833362356,way,last_update,2-8-2020,Feature has not been updated in 5 years or more
833362357,way,last_update,2-8-2020,Feature has not been updated in 5 years or more
833685300,way,last_update,3-8-2020,Feature has not been updated in 5 years or more
833685301,way,last_update,3-8-2020,Feature has not been updated in 5 years or more
833897457,way,last_update,4-8-2020,Feature has not been updated in 5 years or more
833897474,way,last_update,4-8-2020,Feature has not been updated in 5 years or more
833897476,way,last_update,4-8-2020,Feature has not been updated in 5 years or more
835018736,way,last_update,7-8-2020,Feature has not been updated in 5 years or more
835018739,way,last_update,7-8-2020,Feature has not been updated in 5 years or more
835018740,way,last_update,7-8-2020,Feature has not been updated in 5 years or more
835018741,way,last_update,7-8-2020,Feature has not been updated in 5 years or more
835018742,way,last_update,7-8-2020,Feature has not been updated in 5 years or more
835018744,way,last_update,7-8-2020,Feature has not been updated in 5 years or more
835018745,way,last_update,7-8-2020,Feature has not been updated in 5 years or more
835018746,way,last_update,7-8-2020,Feature has not been updated in 5 years or more
835018747,way,last_update,7-8-2020,Feature has not been updated in 5 years or more
835018748,way,last_update,7-8-2020,Feature has not been updated in 5 years or more
835018750,way,last_update,7-8-2020,Feature has not been updated in 5 years or more
835018751,way,last_update,7-8-2020,Feature has not been updated in 5 years or more
838857568,way,last_update,20-8-2020,Feature has not been updated in 5 years or more
838857569,way,last_update,20-8-2020,Feature has not been updated in 5 years or more
838857574,way,last_update,20-8-2020,Feature has not been updated in 5 years or more
838857575,way,last_update,20-8-2020,Feature has not been updated in 5 years or more
838857578,way,last_update,20-8-2020,Feature has not been updated in 5 years or more
885324594,way,last_update,16-12-2020,Feature has not been updated in 5 years or more
886184894,way,last_update,18-12-2020,Feature has not been updated in 5 years or more
886184896,way,last_update,18-12-2020,Feature has not been updated in 5 years or more
886184897,way,last_update,18-12-2020,Feature has not been updated in 5 years or more
886184898,way,last_update,18-12-2020,Feature has not been updated in 5 years or more
886184899,way,last_update,18-12-2020,Feature has not been updated in 5 years or more
886184900,way,last_update,18-12-2020,Feature has not been updated in 5 years or more
886184901,way,last_update,18-12-2020,Feature has not been updated in 5 years or more
886184902,way,last_update,18-12-2020,Feature has not been updated in 5 years or more
906540630,way,last_update,12-2-2021,Feature has not been updated in 5 years or more
912617866,way,last_update,2-3-2021,Feature has not been updated in 5 years or more
912617867,way,last_update,2-3-2021,Feature has not been updated in 5 years or more
913039217,way,last_update,3-3-2021,Feature has not been updated in 5 years or more
913052179,way,last_update,3-3-2021,Feature has not been updated in 5 years or more
914203591,way,last_update,6-3-2021,Feature has not been updated in 5 years or more
914514193,way,last_update,8-3-2021,Feature has not been updated in 5 years or more
914659111,way,last_update,8-3-2021,Feature has not been updated in 5 years or more
914659112,way,last_update,8-3-2021,Feature has not been updated in 5 years or more
914910100,way,last_update,9-3-2021,Feature has not been updated in 5 years or more
914913132,way,last_update,9-3-2021,Feature has not been updated in 5 years or more
914913133,way,last_update,9-3-2021,Feature has not been updated in 5 years or more
914926859,way,last_update,9-3-2021,Feature has not been updated in 5 years or more
915452012,way,last_update,10-3-2021,Feature has not been updated in 5 years or more
915453899,way,last_update,10-3-2021,Feature has not been updated in 5 years or more
917244502,way,last_update,15-3-2021,Feature has not been updated in 5 years or more
917244503,way,last_update,15-3-2021,Feature has not been updated in 5 years or more
917244504,way,last_update,15-3-2021,Feature has not been updated in 5 years or more
917244505,way,last_update,15-3-2021,Feature has not been updated in 5 years or more
917401722,way,last_update,15-3-2021,Feature has not been updated in 5 years or more
918113322,way,last_update,17-3-2021,Feature has not been updated in 5 years or more
918113323,way,last_update,17-3-2021,Feature has not been updated in 5 years or more
918119219,way,last_update,17-3-2021,Feature has not been updated in 5 years or more
918136040,way,last_update,17-3-2021,Feature has not been updated in 5 years or more
918530552,way,last_update,5-4-2021,Feature has not been updated in 5 years or more
918690759,way,last_update,18-3-2021,Feature has not been updated in 5 years or more
919066453,way,last_update,19-3-2021,Feature has not been updated in 5 years or more
919113681,way,last_update,19-3-2021,Feature has not been updated in 5 years or more
919113685,way,last_update,19-3-2021,Feature has not been updated in 5 years or more
920737169,way,last_update,23-3-2021,Feature has not been updated in 5 years or more
920737170,way,last_update,23-3-2021,Feature has not been updated in 5 years or more
920860777,way,last_update,24-3-2021,Feature has not been updated in 5 years or more
920860778,way,last_update,24-3-2021,Feature has not been updated in 5 years or more
920860779,way,last_update,22-3-2021,Feature has not been updated in 5 years or more
920860780,way,last_update,22-3-2021,Feature has not been updated in 5 years or more
921148220,way,last_update,23-4-2021,Feature has not been updated in 5 years or more
921190621,way,last_update,24-3-2021,Feature has not been updated in 5 years or more
921190622,way,last_update,24-3-2021,Feature has not been updated in 5 years or more
921256547,way,last_update,23-3-2021,Feature has not been updated in 5 years or more
921300152,way,last_update,23-3-2021,Feature has not been updated in 5 years or more
921562188,way,last_update,24-3-2021,Feature has not been updated in 5 years or more
921562189,way,last_update,24-3-2021,Feature has not been updated in 5 years or more
921628574,way,last_update,25-3-2021,Feature has not been updated in 5 years or more
921641110,way,last_update,24-3-2021,Feature has not been updated in 5 years or more
921998228,way,last_update,25-3-2021,Feature has not been updated in 5 years or more
922397277,way,last_update,2-4-2021,Feature has not been updated in 5 years or more
923609746,way,last_update,5-4-2021,Feature has not been updated in 5 years or more
923609747,way,last_update,5-4-2021,Feature has not been updated in 5 years or more
923784642,way,last_update,30-3-2021,Feature has not been updated in 5 years or more
923784643,way,last_update,30-3-2021,Feature has not been updated in 5 years or more
924064215,way,last_update,31-3-2021,Feature has not been updated in 5 years or more
924064216,way,last_update,31-3-2021,Feature has not been updated in 5 years or more
924797614,way,last_update,1-4-2021,Feature has not been updated in 5 years or more
924797615,way,last_update,1-4-2021,Feature has not been updated in 5 years or more
924797616,way,last_update,1-4-2021,Feature has not been updated in 5 years or more
924797617,way,last_update,1-4-2021,Feature has not been updated in 5 years or more
926152966,way,last_update,5-4-2021,Feature has not been updated in 5 years or more
926568195,way,last_update,6-4-2021,Feature has not been updated in 5 years or more
927451225,way,last_update,8-4-2021,Feature has not been updated in 5 years or more
927637704,way,last_update,8-4-2021,Feature has not been updated in 5 years or more
927665948,way,last_update,8-4-2021,Feature has not been updated in 5 years or more
929685090,way,last_update,12-4-2021,Feature has not been updated in 5 years or more
930866546,way,last_update,28-7-2021,Feature has not been updated in 5 years or more
930866547,way,last_update,28-7-2021,Feature has not been updated in 5 years or more
931255206,way,last_update,16-4-2021,Feature has not been updated in 5 years or more
931255207,way,last_update,16-4-2021,Feature has not been updated in 5 years or more
931284425,way,last_update,16-4-2021,Feature has not been updated in 5 years or more
931284426,way,last_update,16-4-2021,Feature has not been updated in 5 years or more
932312932,way,last_update,19-4-2021,Feature has not been updated in 5 years or more
932312933,way,last_update,19-4-2021,Feature has not been updated in 5 years or more
932312934,way,last_update,19-4-2021,Feature has not been updated in 5 years or more
932312935,way,last_update,19-4-2021,Feature has not been updated in 5 years or more
932752448,way,last_update,28-7-2021,Feature has not been updated in 5 years or more
932752449,way,last_update,28-7-2021,Feature has not been updated in 5 years or more
932752450,way,last_update,28-7-2021,Feature has not been updated in 5 years or more
932752451,way,last_update,28-7-2021,Feature has not been updated in 5 years or more
932752452,way,last_update,28-7-2021,Feature has not been updated in 5 years or more
932752453,way,last_update,28-7-2021,Feature has not been updated in 5 years or more
932873265,way,last_update,20-4-2021,Feature has not been updated in 5 years or more
932873266,way,last_update,20-4-2021,Feature has not been updated in 5 years or more
933117447,way,last_update,21-4-2021,Feature has not been updated in 5 years or more
933117448,way,last_update,21-4-2021,Feature has not been updated in 5 years or more
933727761,way,last_update,2-8-2021,Feature has not been updated in 5 years or more
933727762,way,last_update,28-7-2021,Feature has not been updated in 5 years or more
933810575,way,last_update,19-5-2021,Feature has not been updated in 5 years or more
933813933,way,last_update,28-7-2021,Feature has not been updated in 5 years or more
934512300,way,last_update,24-4-2021,Feature has not been updated in 5 years or more
934512301,way,last_update,24-4-2021,Feature has not been updated in 5 years or more
934536813,way,last_update,24-4-2021,Feature has not been updated in 5 years or more
935653661,way,last_update,29-4-2021,Feature has not been updated in 5 years or more
935653662,way,last_update,27-4-2021,Feature has not been updated in 5 years or more
936615946,way,last_update,29-4-2021,Feature has not been updated in 5 years or more
936615947,way,last_update,29-4-2021,Feature has not been updated in 5 years or more
936712927,way,last_update,29-4-2021,Feature has not been updated in 5 years or more
936712928,way,last_update,29-4-2021,Feature has not been updated in 5 years or more
936712930,way,last_update,29-4-2021,Feature has not been updated in 5 years or more
936991844,way,last_update,30-4-2021,Feature has not been updated in 5 years or more
936991845,way,last_update,30-4-2021,Feature has not been updated in 5 years or more
938749048,way,last_update,4-5-2021,Feature has not been updated in 5 years or more
938749049,way,last_update,6-5-2021,Feature has not been updated in 5 years or more
938769761,way,last_update,11-5-2021,Feature has not been updated in 5 years or more
938782708,way,last_update,4-5-2021,Feature has not been updated in 5 years or more
939180138,way,last_update,5-5-2021,Feature has not been updated in 5 years or more
939187492,way,last_update,5-5-2021,Feature has not been updated in 5 years or more
939187493,way,last_update,5-5-2021,Feature has not been updated in 5 years or more
939187494,way,last_update,5-5-2021,Feature has not been updated in 5 years or more
939187495,way,last_update,5-5-2021,Feature has not been updated in 5 years or more
939187496,way,last_update,5-5-2021,Feature has not been updated in 5 years or more
939187497,way,last_update,5-5-2021,Feature has not been updated in 5 years or more
939458682,way,last_update,5-5-2021,Feature has not been updated in 5 years or more
939763410,way,last_update,6-5-2021,Feature has not been updated in 5 years or more
939763411,way,last_update,6-5-2021,Feature has not been updated in 5 years or more
939763412,way,last_update,6-5-2021,Feature has not been updated in 5 years or more
939804355,way,last_update,10-5-2021,Feature has not been updated in 5 years or more
939804356,way,last_update,10-5-2021,Feature has not been updated in 5 years or more
940697603,way,last_update,8-5-2021,Feature has not been updated in 5 years or more
940697604,way,last_update,8-5-2021,Feature has not been updated in 5 years or more
940702861,way,last_update,8-5-2021,Feature has not been updated in 5 years or more
940880228,way,last_update,9-5-2021,Feature has not been updated in 5 years or more
940880229,way,last_update,9-5-2021,Feature has not been updated in 5 years or more
941693489,way,last_update,11-5-2021,Feature has not been updated in 5 years or more
941705101,way,last_update,11-5-2021,Feature has not been updated in 5 years or more
941705102,way,last_update,11-5-2021,Feature has not been updated in 5 years or more
941705103,way,last_update,11-5-2021,Feature has not been updated in 5 years or more
942452513,way,last_update,13-5-2021,Feature has not been updated in 5 years or more
943789125,way,last_update,17-5-2021,Feature has not been updated in 5 years or more
943789126,way,last_update,17-5-2021,Feature has not been updated in 5 years or more
943789129,way,last_update,17-5-2021,Feature has not been updated in 5 years or more
943789131,way,last_update,21-5-2021,Feature has not been updated in 5 years or more
943880739,way,last_update,17-5-2021,Feature has not been updated in 5 years or more
943880740,way,last_update,17-5-2021,Feature has not been updated in 5 years or more
943880741,way,last_update,17-5-2021,Feature has not been updated in 5 years or more
944163361,way,last_update,20-5-2021,Feature has not been updated in 5 years or more
944592246,way,last_update,19-5-2021,Feature has not been updated in 5 years or more
944592247,way,last_update,19-5-2021,Feature has not been updated in 5 years or more
944592248,way,last_update,19-5-2021,Feature has not been updated in 5 years or more
944592250,way,last_update,19-5-2021,Feature has not been updated in 5 years or more
944987890,way,last_update,20-5-2021,Feature has not been updated in 5 years or more
944987892,way,last_update,20-5-2021,Feature has not been updated in 5 years or more
944987893,way,last_update,20-5-2021,Feature has not been updated in 5 years or more
944987894,way,last_update,20-5-2021,Feature has not been updated in 5 years or more
944987895,way,last_update,20-5-2021,Feature has not been updated in 5 years or more
944987896,way,last_update,20-5-2021,Feature has not been updated in 5 years or more
944987897,way,last_update,20-5-2021,Feature has not been updated in 5 years or more
944987898,way,last_update,20-5-2021,Feature has not been updated in 5 years or more
944987899,way,last_update,20-5-2021,Feature has not been updated in 5 years or more
945052052,way,last_update,20-5-2021,Feature has not been updated in 5 years or more
945669082,way,last_update,28-7-2021,Feature has not been updated in 5 years or more
945669087,way,last_update,28-7-2021,Feature has not been updated in 5 years or more
945669088,way,last_update,28-7-2021,Feature has not been updated in 5 years or more
946240766,way,last_update,24-5-2021,Feature has not been updated in 5 years or more
946240767,way,last_update,24-5-2021,Feature has not been updated in 5 years or more
946240768,way,last_update,24-5-2021,Feature has not been updated in 5 years or more
946388687,way,last_update,24-5-2021,Feature has not been updated in 5 years or more
946449703,way,last_update,25-5-2021,Feature has not been updated in 5 years or more
946778904,way,last_update,25-5-2021,Feature has not been updated in 5 years or more
946778905,way,last_update,25-5-2021,Feature has not been updated in 5 years or more
946925765,way,last_update,7-6-2021,Feature has not been updated in 5 years or more
946925766,way,last_update,7-6-2021,Feature has not been updated in 5 years or more
946925767,way,last_update,25-5-2021,Feature has not been updated in 5 years or more
946925768,way,last_update,25-5-2021,Feature has not been updated in 5 years or more
951842822,way,last_update,7-6-2021,Feature has not been updated in 5 years or more
951842823,way,last_update,7-6-2021,Feature has not been updated in 5 years or more
951842824,way,last_update,7-6-2021,Feature has not been updated in 5 years or more
951842825,way,last_update,7-6-2021,Feature has not been updated in 5 years or more
951842826,way,last_update,7-6-2021,Feature has not been updated in 5 years or more
951842827,way,last_update,7-6-2021,Feature has not been updated in 5 years or more
951842828,way,last_update,7-6-2021,Feature has not been updated in 5 years or more
951842829,way,last_update,7-6-2021,Feature has not been updated in 5 years or more
951842830,way,last_update,7-6-2021,Feature has not been updated in 5 years or more
951842831,way,last_update,7-6-2021,Feature has not been updated in 5 years or more
951842832,way,last_update,7-6-2021,Feature has not been updated in 5 years or more
951842833,way,last_update,7-6-2021,Feature has not been updated in 5 years or more
951842834,way,last_update,7-6-2021,Feature has not been updated in 5 years or more
951842835,way,last_update,7-6-2021,Feature has not been updated in 5 years or more
951842836,way,last_update,7-6-2021,Feature has not been updated in 5 years or more
951842837,way,last_update,7-6-2021,Feature has not been updated in 5 years or more
951842851,way,last_update,7-6-2021,Feature has not been updated in 5 years or more
953199309,way,last_update,10-6-2021,Feature has not been updated in 5 years or more
953199311,way,last_update,10-6-2021,Feature has not been updated in 5 years or more
953199315,way,last_update,10-6-2021,Feature has not been updated in 5 years or more
953199316,way,last_update,17-6-2021,Feature has not been updated in 5 years or more
953199317,way,last_update,10-6-2021,Feature has not been updated in 5 years or more
953199319,way,last_update,17-6-2021,Feature has not been updated in 5 years or more
953199321,way,last_update,10-6-2021,Feature has not been updated in 5 years or more
953199638,way,last_update,10-6-2021,Feature has not been updated in 5 years or more
953199918,way,last_update,10-6-2021,Feature has not been updated in 5 years or more
953200481,way,last_update,17-6-2021,Feature has not been updated in 5 years or more
953200482,way,last_update,10-6-2021,Feature has not been updated in 5 years or more
953200483,way,last_update,10-6-2021,Feature has not been updated in 5 years or more
953201042,way,last_update,11-6-2021,Feature has not been updated in 5 years or more
953201043,way,last_update,11-6-2021,Feature has not been updated in 5 years or more
953201044,way,last_update,11-6-2021,Feature has not been updated in 5 years or more
953201045,way,last_update,11-6-2021,Feature has not been updated in 5 years or more
955490093,way,last_update,17-6-2021,Feature has not been updated in 5 years or more
955490101,way,last_update,17-6-2021,Feature has not been updated in 5 years or more
955490102,way,last_update,17-6-2021,Feature has not been updated in 5 years or more
955490103,way,last_update,17-6-2021,Feature has not been updated in 5 years or more
955490105,way,last_update,17-6-2021,Feature has not been updated in 5 years or more
955490106,way,last_update,17-6-2021,Feature has not been updated in 5 years or more
957929761,way,last_update,24-6-2021,Feature has not been updated in 5 years or more
960085479,way,last_update,5-7-2021,Feature has not been updated in 5 years or more
960085480,way,last_update,5-7-2021,Feature has not been updated in 5 years or more
960085481,way,last_update,5-7-2021,Feature has not been updated in 5 years or more
960085482,way,last_update,5-7-2021,Feature has not been updated in 5 years or more
960085483,way,last_update,1-7-2021,Feature has not been updated in 5 years or more
960085484,way,last_update,1-7-2021,Feature has not been updated in 5 years or more
960085486,way,last_update,1-7-2021,Feature has not been updated in 5 years or more
960085487,way,last_update,1-7-2021,Feature has not been updated in 5 years or more
960085488,way,last_update,1-7-2021,Feature has not been updated in 5 years or more
960085489,way,last_update,1-7-2021,Feature has not been updated in 5 years or more
960085490,way,last_update,4-7-2021,Feature has not been updated in 5 years or more
960085495,way,last_update,4-7-2021,Feature has not been updated in 5 years or more
960085498,way,last_update,2-7-2021,Feature has not been updated in 5 years or more
960085499,way,last_update,2-7-2021,Feature has not been updated in 5 years or more
960085501,way,last_update,1-7-2021,Feature has not been updated in 5 years or more
960085502,way,last_update,1-7-2021,Feature has not been updated in 5 years or more
960086105,way,last_update,5-7-2021,Feature has not been updated in 5 years or more
961378786,way,last_update,4-7-2021,Feature has not been updated in 5 years or more
961607830,way,last_update,5-7-2021,Feature has not been updated in 5 years or more
961607833,way,last_update,5-7-2021,Feature has not been updated in 5 years or more
968293040,way,last_update,28-7-2021,Feature has not been updated in 5 years or more
969835998,way,last_update,2-8-2021,Feature has not been updated in 5 years or more
969836000,way,last_update,2-8-2021,Feature has not been updated in 5 years or more
974810156,way,last_update,19-8-2021,Feature has not been updated in 5 years or more
974810157,way,last_update,19-8-2021,Feature has not been updated in 5 years or more
974810158,way,last_update,19-8-2021,Feature has not been updated in 5 years or more
974810160,way,last_update,19-8-2021,Feature has not been updated in 5 years or more
974810161,way,last_update,19-8-2021,Feature has not been updated in 5 years or more
974810162,way,last_update,19-8-2021,Feature has not been updated in 5 years or more
974810163,way,last_update,19-8-2021,Feature has not been updated in 5 years or more
975789665,way,last_update,23-8-2021,Feature has not been updated in 5 years or more
