{"type": "FeatureCollection", "features": [{"type": "Feature", "geometry": {"type": "Point", "coordinates": [9.1842539, 45.48391]}, "properties": {"id": 235474423, "feat_type": "way", "quality_categories": "crossings_lacking_kerbs, missing_tags", "issue_ids": "[0, 1]", "osm_url": "https://www.openstreetmap.org/way/235474423", "josm_url": "http://127.0.0.1:8111/load_object?new_layer=false&objects=w235474423", "id_url": "https://www.openstreetmap.org/edit?editor=id&way=235474423#map=20/45.48391/9.1842539"}}, {"type": "Feature", "geometry": {"type": "Point", "coordinates": [9.1972873, 45.4785294]}, "properties": {"id": 254836391, "feat_type": "way", "quality_categories": "crossings_lacking_kerbs, missing_tags", "issue_ids": "[0, 1]", "osm_url": "https://www.openstreetmap.org/way/254836391", "josm_url": "http://127.0.0.1:8111/load_object?new_layer=false&objects=w254836391", "id_url": "https://www.openstreetmap.org/edit?editor=id&way=254836391#map=20/45.4785294/9.1972873"}}, {"type": "Feature", "geometry": {"type": "Point", "coordinates": [9.1958651, 45.5221722]}, "properties": {"id": 268959035, "feat_type": "way", "quality_categories": "crossings_lacking_kerbs, missing_tags, replaceable_values", "issue_ids": "[2, 0, 1]", "osm_url": "https://www.openstreetmap.org/way/268959035", "josm_url": "http://127.0.0.1:8111/load_object?new_layer=false&objects=w268959035", "id_url": "https://www.openstreetmap.org/edit?editor=id&way=268959035#map=20/45.5221722/9.1958651"}}, {"type": "Feature", "geometry": {"type": "Point", "coordinates": [9.1869795, 45.4835434]}, "properties": {"id": 291332333, "feat_type": "way", "quality_categories": "crossings_lacking_kerbs, missing_tags", "issue_ids": "[0, 1]", "osm_url": "https://www.openstreetmap.org/way/291332333", "josm_url": "http://127.0.0.1:8111/load_object?new_layer=false&objects=w291332333", "id_url": "https://www.openstreetmap.org/edit?editor=id&way=291332333#map=20/45.4835434/9.1869795"}}, {"type": "Feature", "geometry": {"type": "Point", "coordinates": [9.1280435, 45.5115936]}, "properties": {"id": 295232379, "feat_type": "way", "quality_categories": "crossings_lacking_kerbs, missing_tags", "issue_ids": "[0, 1]", "osm_url": "https://www.openstreetmap.org/way/295232379", "josm_url": "http://127.0.0.1:8111/load_object?new_layer=false&objects=w295232379", "id_url": "https://www.openstreetmap.org/edit?editor=id&way=295232379#map=20/45.5115936/9.1280435"}}, {"type": "Feature", "geometry": {"type": "Point", "coordinates": [9.1929246, 45.4808925]}, "properties": {"id": 303525178, "feat_type": "way", "quality_categories": "crossings_lacking_kerbs, missing_tags", "issue_ids": "[0, 1]", "osm_url": "https://www.openstreetmap.org/way/303525178", "josm_url": "http://127.0.0.1:8111/load_object?new_layer=false&objects=w303525178", "id_url": "https://www.openstreetmap.org/edit?editor=id&way=303525178#map=20/45.4808925/9.1929246"}}, {"type": "Feature", "geometry": {"type": "Point", "coordinates": [9.0941836, 45.5053564]}, "properties": {"id": 304559646, "feat_type": "way", "quality_categories": "crossings_lacking_kerbs, improper_keys", "issue_ids": "[3, 1]", "osm_url": "https://www.openstreetmap.org/way/304559646", "josm_url": "http://127.0.0.1:8111/load_object?new_layer=false&objects=w304559646", "id_url": "https://www.openstreetmap.org/edit?editor=id&way=304559646#map=20/45.5053564/9.0941836"}}, {"type": "Feature", "geometry": {"type": "Point", "coordinates": [9.1872444, 45.4856546]}, "properties": {"id": 307442148, "feat_type": "way", "quality_categories": "crossings_lacking_kerbs, missing_tags, replaceable_values", "issue_ids": "[2, 0, 1]", "osm_url": "https://www.openstreetmap.org/way/307442148", "josm_url": "http://127.0.0.1:8111/load_object?new_layer=false&objects=w307442148", "id_url": "https://www.openstreetmap.org/edit?editor=id&way=307442148#map=20/45.4856546/9.1872444"}}, {"type": "Feature", "geometry": {"type": "Point", "coordinates": [9.2162021, 45.445466]}, "properties": {"id": 333835639, "feat_type": "way", "quality_categories": "crossings_lacking_kerbs, missing_tags", "issue_ids": "[0, 1]", "osm_url": "https://www.openstreetmap.org/way/333835639", "josm_url": "http://127.0.0.1:8111/load_object?new_layer=false&objects=w333835639", "id_url": "https://www.openstreetmap.org/edit?editor=id&way=333835639#map=20/45.445466/9.2162021"}}, {"type": "Feature", "geometry": {"type": "Point", "coordinates": [9.1341173, 45.4938294]}, "properties": {"id": 351522276, "feat_type": "way", "quality_categories": "crossings_lacking_kerbs, missing_tags", "issue_ids": "[0, 1]", "osm_url": "https://www.openstreetmap.org/way/351522276", "josm_url": "http://127.0.0.1:8111/load_object?new_layer=false&objects=w351522276", "id_url": "https://www.openstreetmap.org/edit?editor=id&way=351522276#map=20/45.4938294/9.1341173"}}, {"type": "Feature", "geometry": {"type": "Point", "coordinates": [9.2103794, 45.5097613]}, "properties": {"id": 412912909, "feat_type": "way", "quality_categories": "crossings_lacking_kerbs, replaceable_values", "issue_ids": "[2, 1]", "osm_url": "https://www.openstreetmap.org/way/412912909", "josm_url": "http://127.0.0.1:8111/load_object?new_layer=false&objects=w412912909", "id_url": "https://www.openstreetmap.org/edit?editor=id&way=412912909#map=20/45.5097613/9.2103794"}}, {"type": "Feature", "geometry": {"type": "Point", "coordinates": [9.1715224, 45.4751272]}, "properties": {"id": 423891749, "feat_type": "way", "quality_categories": "crossings_lacking_kerbs, missing_tags", "issue_ids": "[0, 1]", "osm_url": "https://www.openstreetmap.org/way/423891749", "josm_url": "http://127.0.0.1:8111/load_object?new_layer=false&objects=w423891749", "id_url": "https://www.openstreetmap.org/edit?editor=id&way=423891749#map=20/45.4751272/9.1715224"}}, {"type": "Feature", "geometry": {"type": "Point", "coordinates": [9.1999616, 45.4609326]}, "properties": {"id": 670480323, "feat_type": "way", "quality_categories": "crossings_lacking_kerbs, missing_tags", "issue_ids": "[0, 1]", "osm_url": "https://www.openstreetmap.org/way/670480323", "josm_url": "http://127.0.0.1:8111/load_object?new_layer=false&objects=w670480323", "id_url": "https://www.openstreetmap.org/edit?editor=id&way=670480323#map=20/45.4609326/9.1999616"}}, {"type": "Feature", "geometry": {"type": "Point", "coordinates": [9.196587, 45.4617996]}, "properties": {"id": 672047637, "feat_type": "way", "quality_categories": "crossings_lacking_kerbs, missing_tags", "issue_ids": "[0, 1]", "osm_url": "https://www.openstreetmap.org/way/672047637", "josm_url": "http://127.0.0.1:8111/load_object?new_layer=false&objects=w672047637", "id_url": "https://www.openstreetmap.org/edit?editor=id&way=672047637#map=20/45.4617996/9.196587"}}, {"type": "Feature", "geometry": {"type": "Point", "coordinates": [9.1964, 45.4783904]}, "properties": {"id": 688341820, "feat_type": "way", "quality_categories": "crossings_lacking_kerbs, missing_tags", "issue_ids": "[0, 1]", "osm_url": "https://www.openstreetmap.org/way/688341820", "josm_url": "http://127.0.0.1:8111/load_object?new_layer=false&objects=w688341820", "id_url": "https://www.openstreetmap.org/edit?editor=id&way=688341820#map=20/45.4783904/9.1964"}}, {"type": "Feature", "geometry": {"type": "Point", "coordinates": [9.1965828, 45.4785662]}, "properties": {"id": 688344793, "feat_type": "way", "quality_categories": "crossings_lacking_kerbs, missing_tags", "issue_ids": "[0, 1]", "osm_url": "https://www.openstreetmap.org/way/688344793", "josm_url": "http://127.0.0.1:8111/load_object?new_layer=false&objects=w688344793", "id_url": "https://www.openstreetmap.org/edit?editor=id&way=688344793#map=20/45.4785662/9.1965828"}}, {"type": "Feature", "geometry": {"type": "Point", "coordinates": [9.199274, 45.4689251]}, "properties": {"id": 688592753, "feat_type": "way", "quality_categories": "crossings_lacking_kerbs, missing_tags", "issue_ids": "[0, 1]", "osm_url": "https://www.openstreetmap.org/way/688592753", "josm_url": "http://127.0.0.1:8111/load_object?new_layer=false&objects=w688592753", "id_url": "https://www.openstreetmap.org/edit?editor=id&way=688592753#map=20/45.4689251/9.199274"}}, {"type": "Feature", "geometry": {"type": "Point", "coordinates": [9.1820008, 45.4783741]}, "properties": {"id": 691920526, "feat_type": "way", "quality_categories": "crossings_lacking_kerbs, missing_tags", "issue_ids": "[0, 1]", "osm_url": "https://www.openstreetmap.org/way/691920526", "josm_url": "http://127.0.0.1:8111/load_object?new_layer=false&objects=w691920526", "id_url": "https://www.openstreetmap.org/edit?editor=id&way=691920526#map=20/45.4783741/9.1820008"}}, {"type": "Feature", "geometry": {"type": "Point", "coordinates": [9.1978613, 45.4669271]}, "properties": {"id": 692954258, "feat_type": "way", "quality_categories": "crossings_lacking_kerbs, missing_tags", "issue_ids": "[0, 1]", "osm_url": "https://www.openstreetmap.org/way/692954258", "josm_url": "http://127.0.0.1:8111/load_object?new_layer=false&objects=w692954258", "id_url": "https://www.openstreetmap.org/edit?editor=id&way=692954258#map=20/45.4669271/9.1978613"}}, {"type": "Feature", "geometry": {"type": "Point", "coordinates": [9.1657196, 45.4594519]}, "properties": {"id": 693492097, "feat_type": "way", "quality_categories": "crossings_lacking_kerbs, missing_tags", "issue_ids": "[0, 1]", "osm_url": "https://www.openstreetmap.org/way/693492097", "josm_url": "http://127.0.0.1:8111/load_object?new_layer=false&objects=w693492097", "id_url": "https://www.openstreetmap.org/edit?editor=id&way=693492097#map=20/45.4594519/9.1657196"}}, {"type": "Feature", "geometry": {"type": "Point", "coordinates": [9.1815989, 45.473714]}, "properties": {"id": 697981148, "feat_type": "way", "quality_categories": "crossings_lacking_kerbs, missing_tags", "issue_ids": "[0, 1]", "osm_url": "https://www.openstreetmap.org/way/697981148", "josm_url": "http://127.0.0.1:8111/load_object?new_layer=false&objects=w697981148", "id_url": "https://www.openstreetmap.org/edit?editor=id&way=697981148#map=20/45.473714/9.1815989"}}, {"type": "Feature", "geometry": {"type": "Point", "coordinates": [9.1845928, 45.4588035]}, "properties": {"id": 751896750, "feat_type": "way", "quality_categories": "crossings_lacking_kerbs, missing_tags", "issue_ids": "[0, 1]", "osm_url": "https://www.openstreetmap.org/way/751896750", "josm_url": "http://127.0.0.1:8111/load_object?new_layer=false&objects=w751896750", "id_url": "https://www.openstreetmap.org/edit?editor=id&way=751896750#map=20/45.4588035/9.1845928"}}, {"type": "Feature", "geometry": {"type": "Point", "coordinates": [9.1943267, 45.4528175]}, "properties": {"id": 752309430, "feat_type": "way", "quality_categories": "crossings_lacking_kerbs, missing_tags", "issue_ids": "[0, 1]", "osm_url": "https://www.openstreetmap.org/way/752309430", "josm_url": "http://127.0.0.1:8111/load_object?new_layer=false&objects=w752309430", "id_url": "https://www.openstreetmap.org/edit?editor=id&way=752309430#map=20/45.4528175/9.1943267"}}, {"type": "Feature", "geometry": {"type": "Point", "coordinates": [9.1786822, 45.4550146]}, "properties": {"id": 752656491, "feat_type": "way", "quality_categories": "crossings_lacking_kerbs, missing_tags", "issue_ids": "[0, 1]", "osm_url": "https://www.openstreetmap.org/way/752656491", "josm_url": "http://127.0.0.1:8111/load_object?new_layer=false&objects=w752656491", "id_url": "https://www.openstreetmap.org/edit?editor=id&way=752656491#map=20/45.4550146/9.1786822"}}, {"type": "Feature", "geometry": {"type": "Point", "coordinates": [9.1735725, 45.4764449]}, "properties": {"id": 764675709, "feat_type": "way", "quality_categories": "crossings_lacking_kerbs, missing_tags", "issue_ids": "[0, 1]", "osm_url": "https://www.openstreetmap.org/way/764675709", "josm_url": "http://127.0.0.1:8111/load_object?new_layer=false&objects=w764675709", "id_url": "https://www.openstreetmap.org/edit?editor=id&way=764675709#map=20/45.4764449/9.1735725"}}, {"type": "Feature", "geometry": {"type": "Point", "coordinates": [9.1921038, 45.5020699]}, "properties": {"id": 894965641, "feat_type": "way", "quality_categories": "crossings_lacking_kerbs, missing_tags", "issue_ids": "[0, 1]", "osm_url": "https://www.openstreetmap.org/way/894965641", "josm_url": "http://127.0.0.1:8111/load_object?new_layer=false&objects=w894965641", "id_url": "https://www.openstreetmap.org/edit?editor=id&way=894965641#map=20/45.5020699/9.1921038"}}, {"type": "Feature", "geometry": {"type": "Point", "coordinates": [9.1910966, 45.5017476]}, "properties": {"id": 895174754, "feat_type": "way", "quality_categories": "crossings_lacking_kerbs, missing_tags", "issue_ids": "[0, 1]", "osm_url": "https://www.openstreetmap.org/way/895174754", "josm_url": "http://127.0.0.1:8111/load_object?new_layer=false&objects=w895174754", "id_url": "https://www.openstreetmap.org/edit?editor=id&way=895174754#map=20/45.5017476/9.1910966"}}, {"type": "Feature", "geometry": {"type": "Point", "coordinates": [9.1341931, 45.4939146]}, "properties": {"id": 926766967, "feat_type": "way", "quality_categories": "crossings_lacking_kerbs, missing_tags", "issue_ids": "[0, 1]", "osm_url": "https://www.openstreetmap.org/way/926766967", "josm_url": "http://127.0.0.1:8111/load_object?new_layer=false&objects=w926766967", "id_url": "https://www.openstreetmap.org/edit?editor=id&way=926766967#map=20/45.4939146/9.1341931"}}, {"type": "Feature", "geometry": {"type": "Point", "coordinates": [9.1765455, 45.5013333]}, "properties": {"id": 943830325, "feat_type": "way", "quality_categories": "crossings_lacking_kerbs, missing_tags", "issue_ids": "[0, 1]", "osm_url": "https://www.openstreetmap.org/way/943830325", "josm_url": "http://127.0.0.1:8111/load_object?new_layer=false&objects=w943830325", "id_url": "https://www.openstreetmap.org/edit?editor=id&way=943830325#map=20/45.5013333/9.1765455"}}, {"type": "Feature", "geometry": {"type": "Point", "coordinates": [9.2392001, 45.4353301]}, "properties": {"id": 956156793, "feat_type": "way", "quality_categories": "crossings_lacking_kerbs, missing_tags", "issue_ids": "[0, 1]", "osm_url": "https://www.openstreetmap.org/way/956156793", "josm_url": "http://127.0.0.1:8111/load_object?new_layer=false&objects=w956156793", "id_url": "https://www.openstreetmap.org/edit?editor=id&way=956156793#map=20/45.4353301/9.2392001"}}, {"type": "Feature", "geometry": {"type": "Point", "coordinates": [9.1651356, 45.4886258]}, "properties": {"id": 979568765, "feat_type": "way", "quality_categories": "crossings_lacking_kerbs, missing_tags", "issue_ids": "[0, 1]", "osm_url": "https://www.openstreetmap.org/way/979568765", "josm_url": "http://127.0.0.1:8111/load_object?new_layer=false&objects=w979568765", "id_url": "https://www.openstreetmap.org/edit?editor=id&way=979568765#map=20/45.4886258/9.1651356"}}, {"type": "Feature", "geometry": {"type": "Point", "coordinates": [9.202385, 45.4825969]}, "properties": {"id": 989334659, "feat_type": "way", "quality_categories": "crossings_lacking_kerbs, missing_tags", "issue_ids": "[0, 1]", "osm_url": "https://www.openstreetmap.org/way/989334659", "josm_url": "http://127.0.0.1:8111/load_object?new_layer=false&objects=w989334659", "id_url": "https://www.openstreetmap.org/edit?editor=id&way=989334659#map=20/45.4825969/9.202385"}}, {"type": "Feature", "geometry": {"type": "Point", "coordinates": [9.1517719, 45.4779404]}, "properties": {"id": 1012142196, "feat_type": "way", "quality_categories": "crossings_lacking_kerbs, missing_tags", "issue_ids": "[0, 1]", "osm_url": "https://www.openstreetmap.org/way/1012142196", "josm_url": "http://127.0.0.1:8111/load_object?new_layer=false&objects=w1012142196", "id_url": "https://www.openstreetmap.org/edit?editor=id&way=1012142196#map=20/45.4779404/9.1517719"}}, {"type": "Feature", "geometry": {"type": "Point", "coordinates": [9.173356, 45.423005]}, "properties": {"id": 1014363976, "feat_type": "way", "quality_categories": "crossings_lacking_kerbs, replaceable_values", "issue_ids": "[2, 1]", "osm_url": "https://www.openstreetmap.org/way/1014363976", "josm_url": "http://127.0.0.1:8111/load_object?new_layer=false&objects=w1014363976", "id_url": "https://www.openstreetmap.org/edit?editor=id&way=1014363976#map=20/45.423005/9.173356"}}, {"type": "Feature", "geometry": {"type": "Point", "coordinates": [9.2295088, 45.4498948]}, "properties": {"id": 1028417037, "feat_type": "way", "quality_categories": "crossings_lacking_kerbs, missing_tags", "issue_ids": "[0, 1]", "osm_url": "https://www.openstreetmap.org/way/1028417037", "josm_url": "http://127.0.0.1:8111/load_object?new_layer=false&objects=w1028417037", "id_url": "https://www.openstreetmap.org/edit?editor=id&way=1028417037#map=20/45.4498948/9.2295088"}}, {"type": "Feature", "geometry": {"type": "Point", "coordinates": [9.217374, 45.483373]}, "properties": {"id": 1041142258, "feat_type": "way", "quality_categories": "crossings_lacking_kerbs, missing_tags", "issue_ids": "[0, 1]", "osm_url": "https://www.openstreetmap.org/way/1041142258", "josm_url": "http://127.0.0.1:8111/load_object?new_layer=false&objects=w1041142258", "id_url": "https://www.openstreetmap.org/edit?editor=id&way=1041142258#map=20/45.483373/9.217374"}}, {"type": "Feature", "geometry": {"type": "Point", "coordinates": [9.1955462, 45.4847049]}, "properties": {"id": 1043685885, "feat_type": "way", "quality_categories": "crossings_lacking_kerbs, missing_tags", "issue_ids": "[0, 1]", "osm_url": "https://www.openstreetmap.org/way/1043685885", "josm_url": "http://127.0.0.1:8111/load_object?new_layer=false&objects=w1043685885", "id_url": "https://www.openstreetmap.org/edit?editor=id&way=1043685885#map=20/45.4847049/9.1955462"}}, {"type": "Feature", "geometry": {"type": "Point", "coordinates": [9.1912819, 45.5140036]}, "properties": {"id": 1069890965, "feat_type": "way", "quality_categories": "crossings_lacking_kerbs, missing_tags", "issue_ids": "[0, 1]", "osm_url": "https://www.openstreetmap.org/way/1069890965", "josm_url": "http://127.0.0.1:8111/load_object?new_layer=false&objects=w1069890965", "id_url": "https://www.openstreetmap.org/edit?editor=id&way=1069890965#map=20/45.5140036/9.1912819"}}, {"type": "Feature", "geometry": {"type": "Point", "coordinates": [9.1629147, 45.4409474]}, "properties": {"id": 1071630935, "feat_type": "way", "quality_categories": "crossings_lacking_kerbs, missing_tags", "issue_ids": "[0, 1]", "osm_url": "https://www.openstreetmap.org/way/1071630935", "josm_url": "http://127.0.0.1:8111/load_object?new_layer=false&objects=w1071630935", "id_url": "https://www.openstreetmap.org/edit?editor=id&way=1071630935#map=20/45.4409474/9.1629147"}}, {"type": "Feature", "geometry": {"type": "Point", "coordinates": [9.2102955, 45.4684445]}, "properties": {"id": 1076296975, "feat_type": "way", "quality_categories": "crossings_lacking_kerbs, missing_tags", "issue_ids": "[0, 1]", "osm_url": "https://www.openstreetmap.org/way/1076296975", "josm_url": "http://127.0.0.1:8111/load_object?new_layer=false&objects=w1076296975", "id_url": "https://www.openstreetmap.org/edit?editor=id&way=1076296975#map=20/45.4684445/9.2102955"}}, {"type": "Feature", "geometry": {"type": "Point", "coordinates": [9.1716597, 45.4750286]}, "properties": {"id": 1089109235, "feat_type": "way", "quality_categories": "crossings_lacking_kerbs, missing_tags", "issue_ids": "[0, 1]", "osm_url": "https://www.openstreetmap.org/way/1089109235", "josm_url": "http://127.0.0.1:8111/load_object?new_layer=false&objects=w1089109235", "id_url": "https://www.openstreetmap.org/edit?editor=id&way=1089109235#map=20/45.4750286/9.1716597"}}, {"type": "Feature", "geometry": {"type": "Point", "coordinates": [9.1112797, 45.4962168]}, "properties": {"id": 1098839648, "feat_type": "way", "quality_categories": "crossings_lacking_kerbs, missing_tags", "issue_ids": "[0, 1]", "osm_url": "https://www.openstreetmap.org/way/1098839648", "josm_url": "http://127.0.0.1:8111/load_object?new_layer=false&objects=w1098839648", "id_url": "https://www.openstreetmap.org/edit?editor=id&way=1098839648#map=20/45.4962168/9.1112797"}}, {"type": "Feature", "geometry": {"type": "Point", "coordinates": [9.136904, 45.5128838]}, "properties": {"id": 1102862564, "feat_type": "way", "quality_categories": "crossings_lacking_kerbs, replaceable_values", "issue_ids": "[2, 1]", "osm_url": "https://www.openstreetmap.org/way/1102862564", "josm_url": "http://127.0.0.1:8111/load_object?new_layer=false&objects=w1102862564", "id_url": "https://www.openstreetmap.org/edit?editor=id&way=1102862564#map=20/45.5128838/9.136904"}}, {"type": "Feature", "geometry": {"type": "Point", "coordinates": [9.1401244, 45.5129052]}, "properties": {"id": 1102862589, "feat_type": "way", "quality_categories": "crossings_lacking_kerbs, replaceable_values", "issue_ids": "[2, 1]", "osm_url": "https://www.openstreetmap.org/way/1102862589", "josm_url": "http://127.0.0.1:8111/load_object?new_layer=false&objects=w1102862589", "id_url": "https://www.openstreetmap.org/edit?editor=id&way=1102862589#map=20/45.5129052/9.1401244"}}, {"type": "Feature", "geometry": {"type": "Point", "coordinates": [9.2364764, 45.4648493]}, "properties": {"id": 1122584853, "feat_type": "way", "quality_categories": "crossings_lacking_kerbs, missing_tags", "issue_ids": "[0, 1]", "osm_url": "https://www.openstreetmap.org/way/1122584853", "josm_url": "http://127.0.0.1:8111/load_object?new_layer=false&objects=w1122584853", "id_url": "https://www.openstreetmap.org/edit?editor=id&way=1122584853#map=20/45.4648493/9.2364764"}}, {"type": "Feature", "geometry": {"type": "Point", "coordinates": [9.247721, 45.4768181]}, "properties": {"id": 1138288409, "feat_type": "way", "quality_categories": "crossings_lacking_kerbs, missing_tags", "issue_ids": "[0, 1]", "osm_url": "https://www.openstreetmap.org/way/1138288409", "josm_url": "http://127.0.0.1:8111/load_object?new_layer=false&objects=w1138288409", "id_url": "https://www.openstreetmap.org/edit?editor=id&way=1138288409#map=20/45.4768181/9.247721"}}, {"type": "Feature", "geometry": {"type": "Point", "coordinates": [9.1489532, 45.462738]}, "properties": {"id": 1147660102, "feat_type": "way", "quality_categories": "crossings_lacking_kerbs, missing_tags", "issue_ids": "[0, 1]", "osm_url": "https://www.openstreetmap.org/way/1147660102", "josm_url": "http://127.0.0.1:8111/load_object?new_layer=false&objects=w1147660102", "id_url": "https://www.openstreetmap.org/edit?editor=id&way=1147660102#map=20/45.462738/9.1489532"}}, {"type": "Feature", "geometry": {"type": "Point", "coordinates": [9.1495004, 45.4628675]}, "properties": {"id": 1147660104, "feat_type": "way", "quality_categories": "crossings_lacking_kerbs, missing_tags", "issue_ids": "[0, 1]", "osm_url": "https://www.openstreetmap.org/way/1147660104", "josm_url": "http://127.0.0.1:8111/load_object?new_layer=false&objects=w1147660104", "id_url": "https://www.openstreetmap.org/edit?editor=id&way=1147660104#map=20/45.4628675/9.1495004"}}, {"type": "Feature", "geometry": {"type": "Point", "coordinates": [9.1496719, 45.4627784]}, "properties": {"id": 1147660105, "feat_type": "way", "quality_categories": "crossings_lacking_kerbs, missing_tags", "issue_ids": "[0, 1]", "osm_url": "https://www.openstreetmap.org/way/1147660105", "josm_url": "http://127.0.0.1:8111/load_object?new_layer=false&objects=w1147660105", "id_url": "https://www.openstreetmap.org/edit?editor=id&way=1147660105#map=20/45.4627784/9.1496719"}}, {"type": "Feature", "geometry": {"type": "Point", "coordinates": [9.1492941, 45.4627347]}, "properties": {"id": 1147660106, "feat_type": "way", "quality_categories": "crossings_lacking_kerbs, missing_tags", "issue_ids": "[0, 1]", "osm_url": "https://www.openstreetmap.org/way/1147660106", "josm_url": "http://127.0.0.1:8111/load_object?new_layer=false&objects=w1147660106", "id_url": "https://www.openstreetmap.org/edit?editor=id&way=1147660106#map=20/45.4627347/9.1492941"}}, {"type": "Feature", "geometry": {"type": "Point", "coordinates": [9.0940613, 45.5055027]}, "properties": {"id": 1152893851, "feat_type": "way", "quality_categories": "crossings_lacking_kerbs, improper_keys", "issue_ids": "[3, 1]", "osm_url": "https://www.openstreetmap.org/way/1152893851", "josm_url": "http://127.0.0.1:8111/load_object?new_layer=false&objects=w1152893851", "id_url": "https://www.openstreetmap.org/edit?editor=id&way=1152893851#map=20/45.5055027/9.0940613"}}, {"type": "Feature", "geometry": {"type": "Point", "coordinates": [9.1592318, 45.5021058]}, "properties": {"id": 1159672172, "feat_type": "way", "quality_categories": "crossings_lacking_kerbs, uncanny_keys", "issue_ids": "[4, 1]", "osm_url": "https://www.openstreetmap.org/way/1159672172", "josm_url": "http://127.0.0.1:8111/load_object?new_layer=false&objects=w1159672172", "id_url": "https://www.openstreetmap.org/edit?editor=id&way=1159672172#map=20/45.5021058/9.1592318"}}, {"type": "Feature", "geometry": {"type": "Point", "coordinates": [9.1975772, 45.4864117]}, "properties": {"id": 1167384470, "feat_type": "way", "quality_categories": "crossings_lacking_kerbs, missing_tags", "issue_ids": "[0, 1]", "osm_url": "https://www.openstreetmap.org/way/1167384470", "josm_url": "http://127.0.0.1:8111/load_object?new_layer=false&objects=w1167384470", "id_url": "https://www.openstreetmap.org/edit?editor=id&way=1167384470#map=20/45.4864117/9.1975772"}}, {"type": "Feature", "geometry": {"type": "Point", "coordinates": [9.1907418, 45.4440485]}, "properties": {"id": 1179637155, "feat_type": "way", "quality_categories": "crossings_lacking_kerbs, missing_tags", "issue_ids": "[0, 1]", "osm_url": "https://www.openstreetmap.org/way/1179637155", "josm_url": "http://127.0.0.1:8111/load_object?new_layer=false&objects=w1179637155", "id_url": "https://www.openstreetmap.org/edit?editor=id&way=1179637155#map=20/45.4440485/9.1907418"}}, {"type": "Feature", "geometry": {"type": "Point", "coordinates": [9.1735392, 45.4623865]}, "properties": {"id": 1181301444, "feat_type": "way", "quality_categories": "crossings_lacking_kerbs, missing_tags", "issue_ids": "[0, 1]", "osm_url": "https://www.openstreetmap.org/way/1181301444", "josm_url": "http://127.0.0.1:8111/load_object?new_layer=false&objects=w1181301444", "id_url": "https://www.openstreetmap.org/edit?editor=id&way=1181301444#map=20/45.4623865/9.1735392"}}, {"type": "Feature", "geometry": {"type": "Point", "coordinates": [9.2256789, 45.4973884]}, "properties": {"id": 1185355559, "feat_type": "way", "quality_categories": "crossings_lacking_kerbs, missing_tags", "issue_ids": "[0, 1]", "osm_url": "https://www.openstreetmap.org/way/1185355559", "josm_url": "http://127.0.0.1:8111/load_object?new_layer=false&objects=w1185355559", "id_url": "https://www.openstreetmap.org/edit?editor=id&way=1185355559#map=20/45.4973884/9.2256789"}}, {"type": "Feature", "geometry": {"type": "Point", "coordinates": [9.1381563, 45.4852526]}, "properties": {"id": 1185729186, "feat_type": "way", "quality_categories": "crossings_lacking_kerbs, missing_tags", "issue_ids": "[0, 1]", "osm_url": "https://www.openstreetmap.org/way/1185729186", "josm_url": "http://127.0.0.1:8111/load_object?new_layer=false&objects=w1185729186", "id_url": "https://www.openstreetmap.org/edit?editor=id&way=1185729186#map=20/45.4852526/9.1381563"}}, {"type": "Feature", "geometry": {"type": "Point", "coordinates": [9.138064, 45.4852609]}, "properties": {"id": 1185729187, "feat_type": "way", "quality_categories": "crossings_lacking_kerbs, missing_tags", "issue_ids": "[0, 1]", "osm_url": "https://www.openstreetmap.org/way/1185729187", "josm_url": "http://127.0.0.1:8111/load_object?new_layer=false&objects=w1185729187", "id_url": "https://www.openstreetmap.org/edit?editor=id&way=1185729187#map=20/45.4852609/9.138064"}}, {"type": "Feature", "geometry": {"type": "Point", "coordinates": [9.2177262, 45.4357847]}, "properties": {"id": 1186963475, "feat_type": "way", "quality_categories": "crossings_lacking_kerbs, missing_tags", "issue_ids": "[0, 1]", "osm_url": "https://www.openstreetmap.org/way/1186963475", "josm_url": "http://127.0.0.1:8111/load_object?new_layer=false&objects=w1186963475", "id_url": "https://www.openstreetmap.org/edit?editor=id&way=1186963475#map=20/45.4357847/9.2177262"}}, {"type": "Feature", "geometry": {"type": "Point", "coordinates": [9.1162657, 45.4458407]}, "properties": {"id": 1188916674, "feat_type": "way", "quality_categories": "crossings_lacking_kerbs, missing_tags", "issue_ids": "[0, 1]", "osm_url": "https://www.openstreetmap.org/way/1188916674", "josm_url": "http://127.0.0.1:8111/load_object?new_layer=false&objects=w1188916674", "id_url": "https://www.openstreetmap.org/edit?editor=id&way=1188916674#map=20/45.4458407/9.1162657"}}, {"type": "Feature", "geometry": {"type": "Point", "coordinates": [9.1359974, 45.4497128]}, "properties": {"id": 1190125861, "feat_type": "way", "quality_categories": "crossings_lacking_kerbs, missing_tags", "issue_ids": "[0, 1]", "osm_url": "https://www.openstreetmap.org/way/1190125861", "josm_url": "http://127.0.0.1:8111/load_object?new_layer=false&objects=w1190125861", "id_url": "https://www.openstreetmap.org/edit?editor=id&way=1190125861#map=20/45.4497128/9.1359974"}}, {"type": "Feature", "geometry": {"type": "Point", "coordinates": [9.1358864, 45.4495435]}, "properties": {"id": 1190125862, "feat_type": "way", "quality_categories": "crossings_lacking_kerbs, missing_tags", "issue_ids": "[0, 1]", "osm_url": "https://www.openstreetmap.org/way/1190125862", "josm_url": "http://127.0.0.1:8111/load_object?new_layer=false&objects=w1190125862", "id_url": "https://www.openstreetmap.org/edit?editor=id&way=1190125862#map=20/45.4495435/9.1358864"}}, {"type": "Feature", "geometry": {"type": "Point", "coordinates": [9.199368, 45.4558682]}, "properties": {"id": 1190182265, "feat_type": "way", "quality_categories": "crossings_lacking_kerbs, missing_tags", "issue_ids": "[0, 1]", "osm_url": "https://www.openstreetmap.org/way/1190182265", "josm_url": "http://127.0.0.1:8111/load_object?new_layer=false&objects=w1190182265", "id_url": "https://www.openstreetmap.org/edit?editor=id&way=1190182265#map=20/45.4558682/9.199368"}}, {"type": "Feature", "geometry": {"type": "Point", "coordinates": [9.2239936, 45.472156]}, "properties": {"id": 1192328937, "feat_type": "way", "quality_categories": "crossings_lacking_kerbs, missing_tags", "issue_ids": "[0, 1]", "osm_url": "https://www.openstreetmap.org/way/1192328937", "josm_url": "http://127.0.0.1:8111/load_object?new_layer=false&objects=w1192328937", "id_url": "https://www.openstreetmap.org/edit?editor=id&way=1192328937#map=20/45.472156/9.2239936"}}, {"type": "Feature", "geometry": {"type": "Point", "coordinates": [9.2240383, 45.469584]}, "properties": {"id": 1192328938, "feat_type": "way", "quality_categories": "crossings_lacking_kerbs, missing_tags", "issue_ids": "[0, 1]", "osm_url": "https://www.openstreetmap.org/way/1192328938", "josm_url": "http://127.0.0.1:8111/load_object?new_layer=false&objects=w1192328938", "id_url": "https://www.openstreetmap.org/edit?editor=id&way=1192328938#map=20/45.469584/9.2240383"}}, {"type": "Feature", "geometry": {"type": "Point", "coordinates": [9.1989902, 45.5085999]}, "properties": {"id": 1192587286, "feat_type": "way", "quality_categories": "crossings_lacking_kerbs, missing_tags", "issue_ids": "[0, 1]", "osm_url": "https://www.openstreetmap.org/way/1192587286", "josm_url": "http://127.0.0.1:8111/load_object?new_layer=false&objects=w1192587286", "id_url": "https://www.openstreetmap.org/edit?editor=id&way=1192587286#map=20/45.5085999/9.1989902"}}, {"type": "Feature", "geometry": {"type": "Point", "coordinates": [9.1834044, 45.4611214]}, "properties": {"id": 1194531954, "feat_type": "way", "quality_categories": "crossings_lacking_kerbs, missing_tags", "issue_ids": "[0, 1]", "osm_url": "https://www.openstreetmap.org/way/1194531954", "josm_url": "http://127.0.0.1:8111/load_object?new_layer=false&objects=w1194531954", "id_url": "https://www.openstreetmap.org/edit?editor=id&way=1194531954#map=20/45.4611214/9.1834044"}}, {"type": "Feature", "geometry": {"type": "Point", "coordinates": [9.1167871, 45.4478317]}, "properties": {"id": 1203533485, "feat_type": "way", "quality_categories": "crossings_lacking_kerbs, missing_tags", "issue_ids": "[0, 1]", "osm_url": "https://www.openstreetmap.org/way/1203533485", "josm_url": "http://127.0.0.1:8111/load_object?new_layer=false&objects=w1203533485", "id_url": "https://www.openstreetmap.org/edit?editor=id&way=1203533485#map=20/45.4478317/9.1167871"}}, {"type": "Feature", "geometry": {"type": "Point", "coordinates": [9.2443619, 45.5166392]}, "properties": {"id": 1206127473, "feat_type": "way", "quality_categories": "crossings_lacking_kerbs, missing_tags", "issue_ids": "[0, 1]", "osm_url": "https://www.openstreetmap.org/way/1206127473", "josm_url": "http://127.0.0.1:8111/load_object?new_layer=false&objects=w1206127473", "id_url": "https://www.openstreetmap.org/edit?editor=id&way=1206127473#map=20/45.5166392/9.2443619"}}, {"type": "Feature", "geometry": {"type": "Point", "coordinates": [9.1946781, 45.4621362]}, "properties": {"id": 1208060591, "feat_type": "way", "quality_categories": "crossings_lacking_kerbs, missing_tags", "issue_ids": "[0, 1]", "osm_url": "https://www.openstreetmap.org/way/1208060591", "josm_url": "http://127.0.0.1:8111/load_object?new_layer=false&objects=w1208060591", "id_url": "https://www.openstreetmap.org/edit?editor=id&way=1208060591#map=20/45.4621362/9.1946781"}}, {"type": "Feature", "geometry": {"type": "Point", "coordinates": [9.1839089, 45.460312]}, "properties": {"id": 1209790736, "feat_type": "way", "quality_categories": "crossings_lacking_kerbs, missing_tags", "issue_ids": "[0, 1]", "osm_url": "https://www.openstreetmap.org/way/1209790736", "josm_url": "http://127.0.0.1:8111/load_object?new_layer=false&objects=w1209790736", "id_url": "https://www.openstreetmap.org/edit?editor=id&way=1209790736#map=20/45.460312/9.1839089"}}, {"type": "Feature", "geometry": {"type": "Point", "coordinates": [9.0812545, 45.4510787]}, "properties": {"id": 1210728405, "feat_type": "way", "quality_categories": "crossings_lacking_kerbs, missing_tags", "issue_ids": "[0, 1]", "osm_url": "https://www.openstreetmap.org/way/1210728405", "josm_url": "http://127.0.0.1:8111/load_object?new_layer=false&objects=w1210728405", "id_url": "https://www.openstreetmap.org/edit?editor=id&way=1210728405#map=20/45.4510787/9.0812545"}}, {"type": "Feature", "geometry": {"type": "Point", "coordinates": [9.0810658, 45.4511645]}, "properties": {"id": 1210728406, "feat_type": "way", "quality_categories": "crossings_lacking_kerbs, missing_tags", "issue_ids": "[0, 1]", "osm_url": "https://www.openstreetmap.org/way/1210728406", "josm_url": "http://127.0.0.1:8111/load_object?new_layer=false&objects=w1210728406", "id_url": "https://www.openstreetmap.org/edit?editor=id&way=1210728406#map=20/45.4511645/9.0810658"}}, {"type": "Feature", "geometry": {"type": "Point", "coordinates": [9.2659756, 45.4443815]}, "properties": {"id": 1211586148, "feat_type": "way", "quality_categories": "crossings_lacking_kerbs, missing_tags", "issue_ids": "[0, 1]", "osm_url": "https://www.openstreetmap.org/way/1211586148", "josm_url": "http://127.0.0.1:8111/load_object?new_layer=false&objects=w1211586148", "id_url": "https://www.openstreetmap.org/edit?editor=id&way=1211586148#map=20/45.4443815/9.2659756"}}, {"type": "Feature", "geometry": {"type": "Point", "coordinates": [9.105043, 45.5096128]}, "properties": {"id": 1212486103, "feat_type": "way", "quality_categories": "crossings_lacking_kerbs, missing_tags", "issue_ids": "[0, 1]", "osm_url": "https://www.openstreetmap.org/way/1212486103", "josm_url": "http://127.0.0.1:8111/load_object?new_layer=false&objects=w1212486103", "id_url": "https://www.openstreetmap.org/edit?editor=id&way=1212486103#map=20/45.5096128/9.105043"}}, {"type": "Feature", "geometry": {"type": "Point", "coordinates": [9.1951659, 45.4860985]}, "properties": {"id": 1214317056, "feat_type": "way", "quality_categories": "crossings_lacking_kerbs, missing_tags", "issue_ids": "[0, 1]", "osm_url": "https://www.openstreetmap.org/way/1214317056", "josm_url": "http://127.0.0.1:8111/load_object?new_layer=false&objects=w1214317056", "id_url": "https://www.openstreetmap.org/edit?editor=id&way=1214317056#map=20/45.4860985/9.1951659"}}, {"type": "Feature", "geometry": {"type": "Point", "coordinates": [9.0877218, 45.4765452]}, "properties": {"id": 1217985391, "feat_type": "way", "quality_categories": "crossings_lacking_kerbs, missing_tags", "issue_ids": "[0, 1]", "osm_url": "https://www.openstreetmap.org/way/1217985391", "josm_url": "http://127.0.0.1:8111/load_object?new_layer=false&objects=w1217985391", "id_url": "https://www.openstreetmap.org/edit?editor=id&way=1217985391#map=20/45.4765452/9.0877218"}}, {"type": "Feature", "geometry": {"type": "Point", "coordinates": [9.1329444, 45.4523294]}, "properties": {"id": 1219275778, "feat_type": "way", "quality_categories": "crossings_lacking_kerbs, missing_tags", "issue_ids": "[0, 1]", "osm_url": "https://www.openstreetmap.org/way/1219275778", "josm_url": "http://127.0.0.1:8111/load_object?new_layer=false&objects=w1219275778", "id_url": "https://www.openstreetmap.org/edit?editor=id&way=1219275778#map=20/45.4523294/9.1329444"}}, {"type": "Feature", "geometry": {"type": "Point", "coordinates": [9.1330919, 45.4520777]}, "properties": {"id": 1219275779, "feat_type": "way", "quality_categories": "crossings_lacking_kerbs, missing_tags", "issue_ids": "[0, 1]", "osm_url": "https://www.openstreetmap.org/way/1219275779", "josm_url": "http://127.0.0.1:8111/load_object?new_layer=false&objects=w1219275779", "id_url": "https://www.openstreetmap.org/edit?editor=id&way=1219275779#map=20/45.4520777/9.1330919"}}, {"type": "Feature", "geometry": {"type": "Point", "coordinates": [9.2099155, 45.4946537]}, "properties": {"id": 1219325024, "feat_type": "way", "quality_categories": "crossings_lacking_kerbs, replaceable_values", "issue_ids": "[2, 1]", "osm_url": "https://www.openstreetmap.org/way/1219325024", "josm_url": "http://127.0.0.1:8111/load_object?new_layer=false&objects=w1219325024", "id_url": "https://www.openstreetmap.org/edit?editor=id&way=1219325024#map=20/45.4946537/9.2099155"}}, {"type": "Feature", "geometry": {"type": "Point", "coordinates": [9.1785736, 45.5118481]}, "properties": {"id": 1219333099, "feat_type": "way", "quality_categories": "crossings_lacking_kerbs, missing_tags", "issue_ids": "[0, 1]", "osm_url": "https://www.openstreetmap.org/way/1219333099", "josm_url": "http://127.0.0.1:8111/load_object?new_layer=false&objects=w1219333099", "id_url": "https://www.openstreetmap.org/edit?editor=id&way=1219333099#map=20/45.5118481/9.1785736"}}, {"type": "Feature", "geometry": {"type": "Point", "coordinates": [9.1158965, 45.4457262]}, "properties": {"id": 1219744767, "feat_type": "way", "quality_categories": "crossings_lacking_kerbs, missing_tags", "issue_ids": "[0, 1]", "osm_url": "https://www.openstreetmap.org/way/1219744767", "josm_url": "http://127.0.0.1:8111/load_object?new_layer=false&objects=w1219744767", "id_url": "https://www.openstreetmap.org/edit?editor=id&way=1219744767#map=20/45.4457262/9.1158965"}}, {"type": "Feature", "geometry": {"type": "Point", "coordinates": [9.2218695, 45.4550124]}, "properties": {"id": 1219772291, "feat_type": "way", "quality_categories": "crossings_lacking_kerbs, missing_tags, replaceable_values", "issue_ids": "[2, 0, 1]", "osm_url": "https://www.openstreetmap.org/way/1219772291", "josm_url": "http://127.0.0.1:8111/load_object?new_layer=false&objects=w1219772291", "id_url": "https://www.openstreetmap.org/edit?editor=id&way=1219772291#map=20/45.4550124/9.2218695"}}, {"type": "Feature", "geometry": {"type": "Point", "coordinates": [9.1943263, 45.5162876]}, "properties": {"id": 1220068406, "feat_type": "way", "quality_categories": "crossings_lacking_kerbs, missing_tags, replaceable_values", "issue_ids": "[2, 0, 1]", "osm_url": "https://www.openstreetmap.org/way/1220068406", "josm_url": "http://127.0.0.1:8111/load_object?new_layer=false&objects=w1220068406", "id_url": "https://www.openstreetmap.org/edit?editor=id&way=1220068406#map=20/45.5162876/9.1943263"}}, {"type": "Feature", "geometry": {"type": "Point", "coordinates": [9.1958693, 45.4828587]}, "properties": {"id": 1220121966, "feat_type": "way", "quality_categories": "crossings_lacking_kerbs, missing_tags", "issue_ids": "[0, 1]", "osm_url": "https://www.openstreetmap.org/way/1220121966", "josm_url": "http://127.0.0.1:8111/load_object?new_layer=false&objects=w1220121966", "id_url": "https://www.openstreetmap.org/edit?editor=id&way=1220121966#map=20/45.4828587/9.1958693"}}, {"type": "Feature", "geometry": {"type": "Point", "coordinates": [9.1958064, 45.4827378]}, "properties": {"id": 1220121967, "feat_type": "way", "quality_categories": "crossings_lacking_kerbs, missing_tags", "issue_ids": "[0, 1]", "osm_url": "https://www.openstreetmap.org/way/1220121967", "josm_url": "http://127.0.0.1:8111/load_object?new_layer=false&objects=w1220121967", "id_url": "https://www.openstreetmap.org/edit?editor=id&way=1220121967#map=20/45.4827378/9.1958064"}}, {"type": "Feature", "geometry": {"type": "Point", "coordinates": [9.1973969, 45.4784806]}, "properties": {"id": 1220121975, "feat_type": "way", "quality_categories": "crossings_lacking_kerbs, missing_tags", "issue_ids": "[0, 1]", "osm_url": "https://www.openstreetmap.org/way/1220121975", "josm_url": "http://127.0.0.1:8111/load_object?new_layer=false&objects=w1220121975", "id_url": "https://www.openstreetmap.org/edit?editor=id&way=1220121975#map=20/45.4784806/9.1973969"}}, {"type": "Feature", "geometry": {"type": "Point", "coordinates": [9.1975145, 45.4784525]}, "properties": {"id": 1220121977, "feat_type": "way", "quality_categories": "crossings_lacking_kerbs, missing_tags", "issue_ids": "[0, 1]", "osm_url": "https://www.openstreetmap.org/way/1220121977", "josm_url": "http://127.0.0.1:8111/load_object?new_layer=false&objects=w1220121977", "id_url": "https://www.openstreetmap.org/edit?editor=id&way=1220121977#map=20/45.4784525/9.1975145"}}, {"type": "Feature", "geometry": {"type": "Point", "coordinates": [9.1299167, 45.5140847]}, "properties": {"id": 1220342558, "feat_type": "way", "quality_categories": "crossings_lacking_kerbs, missing_tags, replaceable_values", "issue_ids": "[2, 0, 1]", "osm_url": "https://www.openstreetmap.org/way/1220342558", "josm_url": "http://127.0.0.1:8111/load_object?new_layer=false&objects=w1220342558", "id_url": "https://www.openstreetmap.org/edit?editor=id&way=1220342558#map=20/45.5140847/9.1299167"}}, {"type": "Feature", "geometry": {"type": "Point", "coordinates": [9.1233946, 45.5151883]}, "properties": {"id": 1220529862, "feat_type": "way", "quality_categories": "crossings_lacking_kerbs, missing_tags", "issue_ids": "[0, 1]", "osm_url": "https://www.openstreetmap.org/way/1220529862", "josm_url": "http://127.0.0.1:8111/load_object?new_layer=false&objects=w1220529862", "id_url": "https://www.openstreetmap.org/edit?editor=id&way=1220529862#map=20/45.5151883/9.1233946"}}, {"type": "Feature", "geometry": {"type": "Point", "coordinates": [9.1855117, 45.4479243]}, "properties": {"id": 1220550472, "feat_type": "way", "quality_categories": "crossings_lacking_kerbs, missing_tags", "issue_ids": "[0, 1]", "osm_url": "https://www.openstreetmap.org/way/1220550472", "josm_url": "http://127.0.0.1:8111/load_object?new_layer=false&objects=w1220550472", "id_url": "https://www.openstreetmap.org/edit?editor=id&way=1220550472#map=20/45.4479243/9.1855117"}}, {"type": "Feature", "geometry": {"type": "Point", "coordinates": [9.1962378, 45.5220406]}, "properties": {"id": 1220570732, "feat_type": "way", "quality_categories": "crossings_lacking_kerbs, missing_tags, replaceable_values", "issue_ids": "[2, 0, 1]", "osm_url": "https://www.openstreetmap.org/way/1220570732", "josm_url": "http://127.0.0.1:8111/load_object?new_layer=false&objects=w1220570732", "id_url": "https://www.openstreetmap.org/edit?editor=id&way=1220570732#map=20/45.5220406/9.1962378"}}, {"type": "Feature", "geometry": {"type": "Point", "coordinates": [9.1960216, 45.5223836]}, "properties": {"id": 1220570734, "feat_type": "way", "quality_categories": "crossings_lacking_kerbs, missing_tags, replaceable_values", "issue_ids": "[2, 0, 1]", "osm_url": "https://www.openstreetmap.org/way/1220570734", "josm_url": "http://127.0.0.1:8111/load_object?new_layer=false&objects=w1220570734", "id_url": "https://www.openstreetmap.org/edit?editor=id&way=1220570734#map=20/45.5223836/9.1960216"}}, {"type": "Feature", "geometry": {"type": "Point", "coordinates": [9.1957715, 45.5228461]}, "properties": {"id": 1220570735, "feat_type": "way", "quality_categories": "crossings_lacking_kerbs, missing_tags, replaceable_values", "issue_ids": "[2, 0, 1]", "osm_url": "https://www.openstreetmap.org/way/1220570735", "josm_url": "http://127.0.0.1:8111/load_object?new_layer=false&objects=w1220570735", "id_url": "https://www.openstreetmap.org/edit?editor=id&way=1220570735#map=20/45.5228461/9.1957715"}}, {"type": "Feature", "geometry": {"type": "Point", "coordinates": [9.1954222, 45.5232457]}, "properties": {"id": 1220570736, "feat_type": "way", "quality_categories": "crossings_lacking_kerbs, missing_tags, replaceable_values", "issue_ids": "[2, 0, 1]", "osm_url": "https://www.openstreetmap.org/way/1220570736", "josm_url": "http://127.0.0.1:8111/load_object?new_layer=false&objects=w1220570736", "id_url": "https://www.openstreetmap.org/edit?editor=id&way=1220570736#map=20/45.5232457/9.1954222"}}, {"type": "Feature", "geometry": {"type": "Point", "coordinates": [9.1955951, 45.5231709]}, "properties": {"id": 1220570737, "feat_type": "way", "quality_categories": "crossings_lacking_kerbs, missing_tags, replaceable_values", "issue_ids": "[2, 0, 1]", "osm_url": "https://www.openstreetmap.org/way/1220570737", "josm_url": "http://127.0.0.1:8111/load_object?new_layer=false&objects=w1220570737", "id_url": "https://www.openstreetmap.org/edit?editor=id&way=1220570737#map=20/45.5231709/9.1955951"}}, {"type": "Feature", "geometry": {"type": "Point", "coordinates": [9.1952647, 45.5237737]}, "properties": {"id": 1220570738, "feat_type": "way", "quality_categories": "crossings_lacking_kerbs, missing_tags, replaceable_values", "issue_ids": "[2, 0, 1]", "osm_url": "https://www.openstreetmap.org/way/1220570738", "josm_url": "http://127.0.0.1:8111/load_object?new_layer=false&objects=w1220570738", "id_url": "https://www.openstreetmap.org/edit?editor=id&way=1220570738#map=20/45.5237737/9.1952647"}}, {"type": "Feature", "geometry": {"type": "Point", "coordinates": [9.1950506, 45.5238343]}, "properties": {"id": 1220570739, "feat_type": "way", "quality_categories": "crossings_lacking_kerbs, missing_tags, replaceable_values", "issue_ids": "[2, 0, 1]", "osm_url": "https://www.openstreetmap.org/way/1220570739", "josm_url": "http://127.0.0.1:8111/load_object?new_layer=false&objects=w1220570739", "id_url": "https://www.openstreetmap.org/edit?editor=id&way=1220570739#map=20/45.5238343/9.1950506"}}, {"type": "Feature", "geometry": {"type": "Point", "coordinates": [9.1611313, 45.4577893]}, "properties": {"id": 1220575378, "feat_type": "way", "quality_categories": "crossings_lacking_kerbs, missing_tags", "issue_ids": "[0, 1]", "osm_url": "https://www.openstreetmap.org/way/1220575378", "josm_url": "http://127.0.0.1:8111/load_object?new_layer=false&objects=w1220575378", "id_url": "https://www.openstreetmap.org/edit?editor=id&way=1220575378#map=20/45.4577893/9.1611313"}}, {"type": "Feature", "geometry": {"type": "Point", "coordinates": [9.2110833, 45.5254511]}, "properties": {"id": 1220575887, "feat_type": "way", "quality_categories": "crossings_lacking_kerbs, missing_tags, replaceable_values", "issue_ids": "[2, 0, 1]", "osm_url": "https://www.openstreetmap.org/way/1220575887", "josm_url": "http://127.0.0.1:8111/load_object?new_layer=false&objects=w1220575887", "id_url": "https://www.openstreetmap.org/edit?editor=id&way=1220575887#map=20/45.5254511/9.2110833"}}, {"type": "Feature", "geometry": {"type": "Point", "coordinates": [9.1903883, 45.482937]}, "properties": {"id": 1220992189, "feat_type": "way", "quality_categories": "crossings_lacking_kerbs, missing_tags", "issue_ids": "[0, 1]", "osm_url": "https://www.openstreetmap.org/way/1220992189", "josm_url": "http://127.0.0.1:8111/load_object?new_layer=false&objects=w1220992189", "id_url": "https://www.openstreetmap.org/edit?editor=id&way=1220992189#map=20/45.482937/9.1903883"}}, {"type": "Feature", "geometry": {"type": "Point", "coordinates": [9.1879242, 45.4490129]}, "properties": {"id": 1220994429, "feat_type": "way", "quality_categories": "crossings_lacking_kerbs, missing_tags", "issue_ids": "[0, 1]", "osm_url": "https://www.openstreetmap.org/way/1220994429", "josm_url": "http://127.0.0.1:8111/load_object?new_layer=false&objects=w1220994429", "id_url": "https://www.openstreetmap.org/edit?editor=id&way=1220994429#map=20/45.4490129/9.1879242"}}, {"type": "Feature", "geometry": {"type": "Point", "coordinates": [9.1870328, 45.4492988]}, "properties": {"id": 1220994433, "feat_type": "way", "quality_categories": "crossings_lacking_kerbs, missing_tags", "issue_ids": "[0, 1]", "osm_url": "https://www.openstreetmap.org/way/1220994433", "josm_url": "http://127.0.0.1:8111/load_object?new_layer=false&objects=w1220994433", "id_url": "https://www.openstreetmap.org/edit?editor=id&way=1220994433#map=20/45.4492988/9.1870328"}}, {"type": "Feature", "geometry": {"type": "Point", "coordinates": [9.1869286, 45.4493821]}, "properties": {"id": 1220994435, "feat_type": "way", "quality_categories": "crossings_lacking_kerbs, missing_tags", "issue_ids": "[0, 1]", "osm_url": "https://www.openstreetmap.org/way/1220994435", "josm_url": "http://127.0.0.1:8111/load_object?new_layer=false&objects=w1220994435", "id_url": "https://www.openstreetmap.org/edit?editor=id&way=1220994435#map=20/45.4493821/9.1869286"}}, {"type": "Feature", "geometry": {"type": "Point", "coordinates": [9.165335, 45.5198142]}, "properties": {"id": 1221010928, "feat_type": "way", "quality_categories": "crossings_lacking_kerbs, missing_tags", "issue_ids": "[0, 1]", "osm_url": "https://www.openstreetmap.org/way/1221010928", "josm_url": "http://127.0.0.1:8111/load_object?new_layer=false&objects=w1221010928", "id_url": "https://www.openstreetmap.org/edit?editor=id&way=1221010928#map=20/45.5198142/9.165335"}}, {"type": "Feature", "geometry": {"type": "Point", "coordinates": [9.2517871, 45.5171132]}, "properties": {"id": 1221015006, "feat_type": "way", "quality_categories": "crossings_lacking_kerbs, missing_tags, replaceable_values", "issue_ids": "[2, 0, 1]", "osm_url": "https://www.openstreetmap.org/way/1221015006", "josm_url": "http://127.0.0.1:8111/load_object?new_layer=false&objects=w1221015006", "id_url": "https://www.openstreetmap.org/edit?editor=id&way=1221015006#map=20/45.5171132/9.2517871"}}, {"type": "Feature", "geometry": {"type": "Point", "coordinates": [9.1993786, 45.4688531]}, "properties": {"id": 1221082220, "feat_type": "way", "quality_categories": "crossings_lacking_kerbs, missing_tags", "issue_ids": "[0, 1]", "osm_url": "https://www.openstreetmap.org/way/1221082220", "josm_url": "http://127.0.0.1:8111/load_object?new_layer=false&objects=w1221082220", "id_url": "https://www.openstreetmap.org/edit?editor=id&way=1221082220#map=20/45.4688531/9.1993786"}}, {"type": "Feature", "geometry": {"type": "Point", "coordinates": [9.197717, 45.466956]}, "properties": {"id": 1221082227, "feat_type": "way", "quality_categories": "crossings_lacking_kerbs, missing_tags", "issue_ids": "[0, 1]", "osm_url": "https://www.openstreetmap.org/way/1221082227", "josm_url": "http://127.0.0.1:8111/load_object?new_layer=false&objects=w1221082227", "id_url": "https://www.openstreetmap.org/edit?editor=id&way=1221082227#map=20/45.466956/9.197717"}}, {"type": "Feature", "geometry": {"type": "Point", "coordinates": [9.1933177, 45.4941734]}, "properties": {"id": 1221246187, "feat_type": "way", "quality_categories": "crossings_lacking_kerbs, missing_tags, replaceable_values", "issue_ids": "[5, 0, 1]", "osm_url": "https://www.openstreetmap.org/way/1221246187", "josm_url": "http://127.0.0.1:8111/load_object?new_layer=false&objects=w1221246187", "id_url": "https://www.openstreetmap.org/edit?editor=id&way=1221246187#map=20/45.4941734/9.1933177"}}, {"type": "Feature", "geometry": {"type": "Point", "coordinates": [9.1931276, 45.4809695]}, "properties": {"id": 1221251647, "feat_type": "way", "quality_categories": "crossings_lacking_kerbs, missing_tags", "issue_ids": "[0, 1]", "osm_url": "https://www.openstreetmap.org/way/1221251647", "josm_url": "http://127.0.0.1:8111/load_object?new_layer=false&objects=w1221251647", "id_url": "https://www.openstreetmap.org/edit?editor=id&way=1221251647#map=20/45.4809695/9.1931276"}}, {"type": "Feature", "geometry": {"type": "Point", "coordinates": [9.1379873, 45.4886724]}, "properties": {"id": 1221292609, "feat_type": "way", "quality_categories": "crossings_lacking_kerbs, replaceable_values", "issue_ids": "[2, 1]", "osm_url": "https://www.openstreetmap.org/way/1221292609", "josm_url": "http://127.0.0.1:8111/load_object?new_layer=false&objects=w1221292609", "id_url": "https://www.openstreetmap.org/edit?editor=id&way=1221292609#map=20/45.4886724/9.1379873"}}, {"type": "Feature", "geometry": {"type": "Point", "coordinates": [9.183292, 45.439192]}, "properties": {"id": 1221350381, "feat_type": "way", "quality_categories": "crossings_lacking_kerbs, missing_tags", "issue_ids": "[0, 1]", "osm_url": "https://www.openstreetmap.org/way/1221350381", "josm_url": "http://127.0.0.1:8111/load_object?new_layer=false&objects=w1221350381", "id_url": "https://www.openstreetmap.org/edit?editor=id&way=1221350381#map=20/45.439192/9.183292"}}, {"type": "Feature", "geometry": {"type": "Point", "coordinates": [9.2559572, 45.4497271]}, "properties": {"id": 1221355100, "feat_type": "way", "quality_categories": "crossings_lacking_kerbs, missing_tags", "issue_ids": "[0, 1]", "osm_url": "https://www.openstreetmap.org/way/1221355100", "josm_url": "http://127.0.0.1:8111/load_object?new_layer=false&objects=w1221355100", "id_url": "https://www.openstreetmap.org/edit?editor=id&way=1221355100#map=20/45.4497271/9.2559572"}}, {"type": "Feature", "geometry": {"type": "Point", "coordinates": [9.2557591, 45.4495076]}, "properties": {"id": 1221355101, "feat_type": "way", "quality_categories": "crossings_lacking_kerbs, missing_tags", "issue_ids": "[0, 1]", "osm_url": "https://www.openstreetmap.org/way/1221355101", "josm_url": "http://127.0.0.1:8111/load_object?new_layer=false&objects=w1221355101", "id_url": "https://www.openstreetmap.org/edit?editor=id&way=1221355101#map=20/45.4495076/9.2557591"}}, {"type": "Feature", "geometry": {"type": "Point", "coordinates": [9.2552356, 45.4492851]}, "properties": {"id": 1221355102, "feat_type": "way", "quality_categories": "crossings_lacking_kerbs, missing_tags", "issue_ids": "[0, 1]", "osm_url": "https://www.openstreetmap.org/way/1221355102", "josm_url": "http://127.0.0.1:8111/load_object?new_layer=false&objects=w1221355102", "id_url": "https://www.openstreetmap.org/edit?editor=id&way=1221355102#map=20/45.4492851/9.2552356"}}, {"type": "Feature", "geometry": {"type": "Point", "coordinates": [9.2555438, 45.4493435]}, "properties": {"id": 1221355103, "feat_type": "way", "quality_categories": "crossings_lacking_kerbs, missing_tags", "issue_ids": "[0, 1]", "osm_url": "https://www.openstreetmap.org/way/1221355103", "josm_url": "http://127.0.0.1:8111/load_object?new_layer=false&objects=w1221355103", "id_url": "https://www.openstreetmap.org/edit?editor=id&way=1221355103#map=20/45.4493435/9.2555438"}}, {"type": "Feature", "geometry": {"type": "Point", "coordinates": [9.130661, 45.5154923]}, "properties": {"id": 1221372082, "feat_type": "way", "quality_categories": "crossings_lacking_kerbs, missing_tags, replaceable_values", "issue_ids": "[2, 0, 1]", "osm_url": "https://www.openstreetmap.org/way/1221372082", "josm_url": "http://127.0.0.1:8111/load_object?new_layer=false&objects=w1221372082", "id_url": "https://www.openstreetmap.org/edit?editor=id&way=1221372082#map=20/45.5154923/9.130661"}}, {"type": "Feature", "geometry": {"type": "Point", "coordinates": [9.1307223, 45.515616]}, "properties": {"id": 1221372083, "feat_type": "way", "quality_categories": "crossings_lacking_kerbs, missing_tags, replaceable_values", "issue_ids": "[2, 0, 1]", "osm_url": "https://www.openstreetmap.org/way/1221372083", "josm_url": "http://127.0.0.1:8111/load_object?new_layer=false&objects=w1221372083", "id_url": "https://www.openstreetmap.org/edit?editor=id&way=1221372083#map=20/45.515616/9.1307223"}}, {"type": "Feature", "geometry": {"type": "Point", "coordinates": [9.1307912, 45.5154543]}, "properties": {"id": 1221372084, "feat_type": "way", "quality_categories": "crossings_lacking_kerbs, missing_tags, replaceable_values", "issue_ids": "[2, 0, 1]", "osm_url": "https://www.openstreetmap.org/way/1221372084", "josm_url": "http://127.0.0.1:8111/load_object?new_layer=false&objects=w1221372084", "id_url": "https://www.openstreetmap.org/edit?editor=id&way=1221372084#map=20/45.5154543/9.1307912"}}, {"type": "Feature", "geometry": {"type": "Point", "coordinates": [9.2092794, 45.4495765]}, "properties": {"id": 1221383166, "feat_type": "way", "quality_categories": "crossings_lacking_kerbs, missing_tags", "issue_ids": "[0, 1]", "osm_url": "https://www.openstreetmap.org/way/1221383166", "josm_url": "http://127.0.0.1:8111/load_object?new_layer=false&objects=w1221383166", "id_url": "https://www.openstreetmap.org/edit?editor=id&way=1221383166#map=20/45.4495765/9.2092794"}}, {"type": "Feature", "geometry": {"type": "Point", "coordinates": [9.213206, 45.4915563]}, "properties": {"id": 1221814660, "feat_type": "way", "quality_categories": "crossings_lacking_kerbs, replaceable_values", "issue_ids": "[2, 1]", "osm_url": "https://www.openstreetmap.org/way/1221814660", "josm_url": "http://127.0.0.1:8111/load_object?new_layer=false&objects=w1221814660", "id_url": "https://www.openstreetmap.org/edit?editor=id&way=1221814660#map=20/45.4915563/9.213206"}}, {"type": "Feature", "geometry": {"type": "Point", "coordinates": [9.2670874, 45.5099779]}, "properties": {"id": 1221973486, "feat_type": "way", "quality_categories": "crossings_lacking_kerbs, missing_tags, replaceable_values", "issue_ids": "[2, 0, 1]", "osm_url": "https://www.openstreetmap.org/way/1221973486", "josm_url": "http://127.0.0.1:8111/load_object?new_layer=false&objects=w1221973486", "id_url": "https://www.openstreetmap.org/edit?editor=id&way=1221973486#map=20/45.5099779/9.2670874"}}, {"type": "Feature", "geometry": {"type": "Point", "coordinates": [9.2181622, 45.5029347]}, "properties": {"id": 1222037532, "feat_type": "way", "quality_categories": "crossings_lacking_kerbs, replaceable_values", "issue_ids": "[2, 1]", "osm_url": "https://www.openstreetmap.org/way/1222037532", "josm_url": "http://127.0.0.1:8111/load_object?new_layer=false&objects=w1222037532", "id_url": "https://www.openstreetmap.org/edit?editor=id&way=1222037532#map=20/45.5029347/9.2181622"}}, {"type": "Feature", "geometry": {"type": "Point", "coordinates": [9.2474389, 45.5171673]}, "properties": {"id": 1222040339, "feat_type": "way", "quality_categories": "crossings_lacking_kerbs, missing_tags, replaceable_values", "issue_ids": "[2, 0, 1]", "osm_url": "https://www.openstreetmap.org/way/1222040339", "josm_url": "http://127.0.0.1:8111/load_object?new_layer=false&objects=w1222040339", "id_url": "https://www.openstreetmap.org/edit?editor=id&way=1222040339#map=20/45.5171673/9.2474389"}}, {"type": "Feature", "geometry": {"type": "Point", "coordinates": [9.1460399, 45.4733529]}, "properties": {"id": 1222040685, "feat_type": "way", "quality_categories": "crossings_lacking_kerbs, missing_tags", "issue_ids": "[0, 1]", "osm_url": "https://www.openstreetmap.org/way/1222040685", "josm_url": "http://127.0.0.1:8111/load_object?new_layer=false&objects=w1222040685", "id_url": "https://www.openstreetmap.org/edit?editor=id&way=1222040685#map=20/45.4733529/9.1460399"}}, {"type": "Feature", "geometry": {"type": "Point", "coordinates": [9.1171265, 45.4462196]}, "properties": {"id": 1222041104, "feat_type": "way", "quality_categories": "crossings_lacking_kerbs, missing_tags", "issue_ids": "[0, 1]", "osm_url": "https://www.openstreetmap.org/way/1222041104", "josm_url": "http://127.0.0.1:8111/load_object?new_layer=false&objects=w1222041104", "id_url": "https://www.openstreetmap.org/edit?editor=id&way=1222041104#map=20/45.4462196/9.1171265"}}, {"type": "Feature", "geometry": {"type": "Point", "coordinates": [9.1095557, 45.4596133]}, "properties": {"id": 1222057718, "feat_type": "way", "quality_categories": "crossings_lacking_kerbs, missing_tags", "issue_ids": "[0, 1]", "osm_url": "https://www.openstreetmap.org/way/1222057718", "josm_url": "http://127.0.0.1:8111/load_object?new_layer=false&objects=w1222057718", "id_url": "https://www.openstreetmap.org/edit?editor=id&way=1222057718#map=20/45.4596133/9.1095557"}}, {"type": "Feature", "geometry": {"type": "Point", "coordinates": [9.2053875, 45.4960705]}, "properties": {"id": 1222206369, "feat_type": "way", "quality_categories": "crossings_lacking_kerbs, missing_tags", "issue_ids": "[0, 1]", "osm_url": "https://www.openstreetmap.org/way/1222206369", "josm_url": "http://127.0.0.1:8111/load_object?new_layer=false&objects=w1222206369", "id_url": "https://www.openstreetmap.org/edit?editor=id&way=1222206369#map=20/45.4960705/9.2053875"}}, {"type": "Feature", "geometry": {"type": "Point", "coordinates": [9.2052884, 45.4960477]}, "properties": {"id": 1222206370, "feat_type": "way", "quality_categories": "crossings_lacking_kerbs, missing_tags", "issue_ids": "[0, 1]", "osm_url": "https://www.openstreetmap.org/way/1222206370", "josm_url": "http://127.0.0.1:8111/load_object?new_layer=false&objects=w1222206370", "id_url": "https://www.openstreetmap.org/edit?editor=id&way=1222206370#map=20/45.4960477/9.2052884"}}, {"type": "Feature", "geometry": {"type": "Point", "coordinates": [9.181509, 45.4791952]}, "properties": {"id": 1222283877, "feat_type": "way", "quality_categories": "crossings_lacking_kerbs, missing_tags", "issue_ids": "[0, 1]", "osm_url": "https://www.openstreetmap.org/way/1222283877", "josm_url": "http://127.0.0.1:8111/load_object?new_layer=false&objects=w1222283877", "id_url": "https://www.openstreetmap.org/edit?editor=id&way=1222283877#map=20/45.4791952/9.181509"}}, {"type": "Feature", "geometry": {"type": "Point", "coordinates": [9.1518969, 45.5148323]}, "properties": {"id": 1222286440, "feat_type": "way", "quality_categories": "crossings_lacking_kerbs, replaceable_values", "issue_ids": "[2, 1]", "osm_url": "https://www.openstreetmap.org/way/1222286440", "josm_url": "http://127.0.0.1:8111/load_object?new_layer=false&objects=w1222286440", "id_url": "https://www.openstreetmap.org/edit?editor=id&way=1222286440#map=20/45.5148323/9.1518969"}}, {"type": "Feature", "geometry": {"type": "Point", "coordinates": [9.1632217, 45.5286191]}, "properties": {"id": 1222569531, "feat_type": "way", "quality_categories": "crossings_lacking_kerbs, missing_tags", "issue_ids": "[0, 1]", "osm_url": "https://www.openstreetmap.org/way/1222569531", "josm_url": "http://127.0.0.1:8111/load_object?new_layer=false&objects=w1222569531", "id_url": "https://www.openstreetmap.org/edit?editor=id&way=1222569531#map=20/45.5286191/9.1632217"}}, {"type": "Feature", "geometry": {"type": "Point", "coordinates": [9.1301257, 45.4508855]}, "properties": {"id": 1222572733, "feat_type": "way", "quality_categories": "crossings_lacking_kerbs, missing_tags, replaceable_values", "issue_ids": "[2, 0, 1]", "osm_url": "https://www.openstreetmap.org/way/1222572733", "josm_url": "http://127.0.0.1:8111/load_object?new_layer=false&objects=w1222572733", "id_url": "https://www.openstreetmap.org/edit?editor=id&way=1222572733#map=20/45.4508855/9.1301257"}}, {"type": "Feature", "geometry": {"type": "Point", "coordinates": [9.1617791, 45.4422463]}, "properties": {"id": 1222769969, "feat_type": "way", "quality_categories": "crossings_lacking_kerbs, missing_tags, replaceable_values", "issue_ids": "[2, 0, 1]", "osm_url": "https://www.openstreetmap.org/way/1222769969", "josm_url": "http://127.0.0.1:8111/load_object?new_layer=false&objects=w1222769969", "id_url": "https://www.openstreetmap.org/edit?editor=id&way=1222769969#map=20/45.4422463/9.1617791"}}, {"type": "Feature", "geometry": {"type": "Point", "coordinates": [9.1629668, 45.4429967]}, "properties": {"id": 1222769970, "feat_type": "way", "quality_categories": "crossings_lacking_kerbs, missing_tags, replaceable_values", "issue_ids": "[2, 0, 1]", "osm_url": "https://www.openstreetmap.org/way/1222769970", "josm_url": "http://127.0.0.1:8111/load_object?new_layer=false&objects=w1222769970", "id_url": "https://www.openstreetmap.org/edit?editor=id&way=1222769970#map=20/45.4429967/9.1629668"}}, {"type": "Feature", "geometry": {"type": "Point", "coordinates": [9.1634459, 45.4432973]}, "properties": {"id": 1222769972, "feat_type": "way", "quality_categories": "crossings_lacking_kerbs, missing_tags", "issue_ids": "[0, 1]", "osm_url": "https://www.openstreetmap.org/way/1222769972", "josm_url": "http://127.0.0.1:8111/load_object?new_layer=false&objects=w1222769972", "id_url": "https://www.openstreetmap.org/edit?editor=id&way=1222769972#map=20/45.4432973/9.1634459"}}, {"type": "Feature", "geometry": {"type": "Point", "coordinates": [9.1715644, 45.5219475]}, "properties": {"id": 1222772880, "feat_type": "way", "quality_categories": "crossings_lacking_kerbs, missing_tags, replaceable_values", "issue_ids": "[2, 0, 1]", "osm_url": "https://www.openstreetmap.org/way/1222772880", "josm_url": "http://127.0.0.1:8111/load_object?new_layer=false&objects=w1222772880", "id_url": "https://www.openstreetmap.org/edit?editor=id&way=1222772880#map=20/45.5219475/9.1715644"}}, {"type": "Feature", "geometry": {"type": "Point", "coordinates": [9.1969284, 45.4873873]}, "properties": {"id": 1222776946, "feat_type": "way", "quality_categories": "crossings_lacking_kerbs, missing_tags", "issue_ids": "[0, 1]", "osm_url": "https://www.openstreetmap.org/way/1222776946", "josm_url": "http://127.0.0.1:8111/load_object?new_layer=false&objects=w1222776946", "id_url": "https://www.openstreetmap.org/edit?editor=id&way=1222776946#map=20/45.4873873/9.1969284"}}, {"type": "Feature", "geometry": {"type": "Point", "coordinates": [9.1698679, 45.5162055]}, "properties": {"id": 1222780273, "feat_type": "way", "quality_categories": "crossings_lacking_kerbs, missing_tags, replaceable_values", "issue_ids": "[2, 0, 1]", "osm_url": "https://www.openstreetmap.org/way/1222780273", "josm_url": "http://127.0.0.1:8111/load_object?new_layer=false&objects=w1222780273", "id_url": "https://www.openstreetmap.org/edit?editor=id&way=1222780273#map=20/45.5162055/9.1698679"}}, {"type": "Feature", "geometry": {"type": "Point", "coordinates": [9.2024087, 45.4982578]}, "properties": {"id": 1222782368, "feat_type": "way", "quality_categories": "crossings_lacking_kerbs, missing_tags, replaceable_values", "issue_ids": "[2, 0, 1]", "osm_url": "https://www.openstreetmap.org/way/1222782368", "josm_url": "http://127.0.0.1:8111/load_object?new_layer=false&objects=w1222782368", "id_url": "https://www.openstreetmap.org/edit?editor=id&way=1222782368#map=20/45.4982578/9.2024087"}}, {"type": "Feature", "geometry": {"type": "Point", "coordinates": [9.1667388, 45.4489773]}, "properties": {"id": 1222786611, "feat_type": "way", "quality_categories": "crossings_lacking_kerbs, missing_tags, replaceable_values", "issue_ids": "[2, 0, 1]", "osm_url": "https://www.openstreetmap.org/way/1222786611", "josm_url": "http://127.0.0.1:8111/load_object?new_layer=false&objects=w1222786611", "id_url": "https://www.openstreetmap.org/edit?editor=id&way=1222786611#map=20/45.4489773/9.1667388"}}, {"type": "Feature", "geometry": {"type": "Point", "coordinates": [9.166472, 45.448662]}, "properties": {"id": 1222786613, "feat_type": "way", "quality_categories": "crossings_lacking_kerbs, missing_tags, replaceable_values", "issue_ids": "[2, 0, 1]", "osm_url": "https://www.openstreetmap.org/way/1222786613", "josm_url": "http://127.0.0.1:8111/load_object?new_layer=false&objects=w1222786613", "id_url": "https://www.openstreetmap.org/edit?editor=id&way=1222786613#map=20/45.448662/9.166472"}}, {"type": "Feature", "geometry": {"type": "Point", "coordinates": [9.1650147, 45.4481501]}, "properties": {"id": 1222786616, "feat_type": "way", "quality_categories": "crossings_lacking_kerbs, replaceable_values", "issue_ids": "[2, 1]", "osm_url": "https://www.openstreetmap.org/way/1222786616", "josm_url": "http://127.0.0.1:8111/load_object?new_layer=false&objects=w1222786616", "id_url": "https://www.openstreetmap.org/edit?editor=id&way=1222786616#map=20/45.4481501/9.1650147"}}, {"type": "Feature", "geometry": {"type": "Point", "coordinates": [9.1979788, 45.5022302]}, "properties": {"id": 1222787166, "feat_type": "way", "quality_categories": "crossings_lacking_kerbs, missing_tags", "issue_ids": "[0, 1]", "osm_url": "https://www.openstreetmap.org/way/1222787166", "josm_url": "http://127.0.0.1:8111/load_object?new_layer=false&objects=w1222787166", "id_url": "https://www.openstreetmap.org/edit?editor=id&way=1222787166#map=20/45.5022302/9.1979788"}}, {"type": "Feature", "geometry": {"type": "Point", "coordinates": [9.1928211, 45.4725463]}, "properties": {"id": 1222788837, "feat_type": "way", "quality_categories": "crossings_lacking_kerbs, missing_tags", "issue_ids": "[0, 1]", "osm_url": "https://www.openstreetmap.org/way/1222788837", "josm_url": "http://127.0.0.1:8111/load_object?new_layer=false&objects=w1222788837", "id_url": "https://www.openstreetmap.org/edit?editor=id&way=1222788837#map=20/45.4725463/9.1928211"}}, {"type": "Feature", "geometry": {"type": "Point", "coordinates": [9.1925537, 45.4725926]}, "properties": {"id": 1222788838, "feat_type": "way", "quality_categories": "crossings_lacking_kerbs, missing_tags", "issue_ids": "[0, 1]", "osm_url": "https://www.openstreetmap.org/way/1222788838", "josm_url": "http://127.0.0.1:8111/load_object?new_layer=false&objects=w1222788838", "id_url": "https://www.openstreetmap.org/edit?editor=id&way=1222788838#map=20/45.4725926/9.1925537"}}, {"type": "Feature", "geometry": {"type": "Point", "coordinates": [9.1663341, 45.4563765]}, "properties": {"id": 1222920633, "feat_type": "way", "quality_categories": "crossings_lacking_kerbs, missing_tags", "issue_ids": "[0, 1]", "osm_url": "https://www.openstreetmap.org/way/1222920633", "josm_url": "http://127.0.0.1:8111/load_object?new_layer=false&objects=w1222920633", "id_url": "https://www.openstreetmap.org/edit?editor=id&way=1222920633#map=20/45.4563765/9.1663341"}}, {"type": "Feature", "geometry": {"type": "Point", "coordinates": [9.1987604, 45.5003608]}, "properties": {"id": 1222937592, "feat_type": "way", "quality_categories": "crossings_lacking_kerbs, missing_tags", "issue_ids": "[0, 1]", "osm_url": "https://www.openstreetmap.org/way/1222937592", "josm_url": "http://127.0.0.1:8111/load_object?new_layer=false&objects=w1222937592", "id_url": "https://www.openstreetmap.org/edit?editor=id&way=1222937592#map=20/45.5003608/9.1987604"}}, {"type": "Feature", "geometry": {"type": "Point", "coordinates": [9.2440385, 45.4698877]}, "properties": {"id": 1222938529, "feat_type": "way", "quality_categories": "crossings_lacking_kerbs, missing_tags", "issue_ids": "[0, 1]", "osm_url": "https://www.openstreetmap.org/way/1222938529", "josm_url": "http://127.0.0.1:8111/load_object?new_layer=false&objects=w1222938529", "id_url": "https://www.openstreetmap.org/edit?editor=id&way=1222938529#map=20/45.4698877/9.2440385"}}, {"type": "Feature", "geometry": {"type": "Point", "coordinates": [9.2084856, 45.4541536]}, "properties": {"id": 1222938919, "feat_type": "way", "quality_categories": "crossings_lacking_kerbs, missing_tags, replaceable_values", "issue_ids": "[2, 0, 1]", "osm_url": "https://www.openstreetmap.org/way/1222938919", "josm_url": "http://127.0.0.1:8111/load_object?new_layer=false&objects=w1222938919", "id_url": "https://www.openstreetmap.org/edit?editor=id&way=1222938919#map=20/45.4541536/9.2084856"}}, {"type": "Feature", "geometry": {"type": "Point", "coordinates": [9.1731851, 45.4229659]}, "properties": {"id": 1222943600, "feat_type": "way", "quality_categories": "crossings_lacking_kerbs, missing_tags, replaceable_values", "issue_ids": "[2, 0, 1]", "osm_url": "https://www.openstreetmap.org/way/1222943600", "josm_url": "http://127.0.0.1:8111/load_object?new_layer=false&objects=w1222943600", "id_url": "https://www.openstreetmap.org/edit?editor=id&way=1222943600#map=20/45.4229659/9.1731851"}}, {"type": "Feature", "geometry": {"type": "Point", "coordinates": [9.1114125, 45.4961759]}, "properties": {"id": 1222959278, "feat_type": "way", "quality_categories": "crossings_lacking_kerbs, missing_tags", "issue_ids": "[0, 1]", "osm_url": "https://www.openstreetmap.org/way/1222959278", "josm_url": "http://127.0.0.1:8111/load_object?new_layer=false&objects=w1222959278", "id_url": "https://www.openstreetmap.org/edit?editor=id&way=1222959278#map=20/45.4961759/9.1114125"}}, {"type": "Feature", "geometry": {"type": "Point", "coordinates": [9.1618702, 45.4417165]}, "properties": {"id": 1222961737, "feat_type": "way", "quality_categories": "crossings_lacking_kerbs, missing_tags", "issue_ids": "[0, 1]", "osm_url": "https://www.openstreetmap.org/way/1222961737", "josm_url": "http://127.0.0.1:8111/load_object?new_layer=false&objects=w1222961737", "id_url": "https://www.openstreetmap.org/edit?editor=id&way=1222961737#map=20/45.4417165/9.1618702"}}, {"type": "Feature", "geometry": {"type": "Point", "coordinates": [9.1615183, 45.4420823]}, "properties": {"id": 1222961741, "feat_type": "way", "quality_categories": "crossings_lacking_kerbs, missing_tags", "issue_ids": "[0, 1]", "osm_url": "https://www.openstreetmap.org/way/1222961741", "josm_url": "http://127.0.0.1:8111/load_object?new_layer=false&objects=w1222961741", "id_url": "https://www.openstreetmap.org/edit?editor=id&way=1222961741#map=20/45.4420823/9.1615183"}}, {"type": "Feature", "geometry": {"type": "Point", "coordinates": [9.2671192, 45.510019]}, "properties": {"id": 1222980677, "feat_type": "way", "quality_categories": "crossings_lacking_kerbs, missing_tags, replaceable_values", "issue_ids": "[2, 0, 1]", "osm_url": "https://www.openstreetmap.org/way/1222980677", "josm_url": "http://127.0.0.1:8111/load_object?new_layer=false&objects=w1222980677", "id_url": "https://www.openstreetmap.org/edit?editor=id&way=1222980677#map=20/45.510019/9.2671192"}}, {"type": "Feature", "geometry": {"type": "Point", "coordinates": [9.2530538, 45.5167754]}, "properties": {"id": 1222982859, "feat_type": "way", "quality_categories": "crossings_lacking_kerbs, missing_tags", "issue_ids": "[0, 1]", "osm_url": "https://www.openstreetmap.org/way/1222982859", "josm_url": "http://127.0.0.1:8111/load_object?new_layer=false&objects=w1222982859", "id_url": "https://www.openstreetmap.org/edit?editor=id&way=1222982859#map=20/45.5167754/9.2530538"}}, {"type": "Feature", "geometry": {"type": "Point", "coordinates": [9.1921538, 45.5019668]}, "properties": {"id": 1222984020, "feat_type": "way", "quality_categories": "crossings_lacking_kerbs, missing_tags", "issue_ids": "[0, 1]", "osm_url": "https://www.openstreetmap.org/way/1222984020", "josm_url": "http://127.0.0.1:8111/load_object?new_layer=false&objects=w1222984020", "id_url": "https://www.openstreetmap.org/edit?editor=id&way=1222984020#map=20/45.5019668/9.1921538"}}, {"type": "Feature", "geometry": {"type": "Point", "coordinates": [9.2069886, 45.5106664]}, "properties": {"id": 1222984557, "feat_type": "way", "quality_categories": "crossings_lacking_kerbs, replaceable_values", "issue_ids": "[2, 1]", "osm_url": "https://www.openstreetmap.org/way/1222984557", "josm_url": "http://127.0.0.1:8111/load_object?new_layer=false&objects=w1222984557", "id_url": "https://www.openstreetmap.org/edit?editor=id&way=1222984557#map=20/45.5106664/9.2069886"}}, {"type": "Feature", "geometry": {"type": "Point", "coordinates": [9.2092027, 45.5087633]}, "properties": {"id": 1222985115, "feat_type": "way", "quality_categories": "crossings_lacking_kerbs, replaceable_values", "issue_ids": "[2, 1]", "osm_url": "https://www.openstreetmap.org/way/1222985115", "josm_url": "http://127.0.0.1:8111/load_object?new_layer=false&objects=w1222985115", "id_url": "https://www.openstreetmap.org/edit?editor=id&way=1222985115#map=20/45.5087633/9.2092027"}}, {"type": "Feature", "geometry": {"type": "Point", "coordinates": [9.209945, 45.5094914]}, "properties": {"id": 1222985116, "feat_type": "way", "quality_categories": "crossings_lacking_kerbs, replaceable_values", "issue_ids": "[2, 1]", "osm_url": "https://www.openstreetmap.org/way/1222985116", "josm_url": "http://127.0.0.1:8111/load_object?new_layer=false&objects=w1222985116", "id_url": "https://www.openstreetmap.org/edit?editor=id&way=1222985116#map=20/45.5094914/9.209945"}}, {"type": "Feature", "geometry": {"type": "Point", "coordinates": [9.2105341, 45.5100357]}, "properties": {"id": 1222985362, "feat_type": "way", "quality_categories": "crossings_lacking_kerbs, replaceable_values", "issue_ids": "[2, 1]", "osm_url": "https://www.openstreetmap.org/way/1222985362", "josm_url": "http://127.0.0.1:8111/load_object?new_layer=false&objects=w1222985362", "id_url": "https://www.openstreetmap.org/edit?editor=id&way=1222985362#map=20/45.5100357/9.2105341"}}, {"type": "Feature", "geometry": {"type": "Point", "coordinates": [9.2101983, 45.5094719]}, "properties": {"id": 1222985365, "feat_type": "way", "quality_categories": "crossings_lacking_kerbs, replaceable_values", "issue_ids": "[2, 1]", "osm_url": "https://www.openstreetmap.org/way/1222985365", "josm_url": "http://127.0.0.1:8111/load_object?new_layer=false&objects=w1222985365", "id_url": "https://www.openstreetmap.org/edit?editor=id&way=1222985365#map=20/45.5094719/9.2101983"}}, {"type": "Feature", "geometry": {"type": "Point", "coordinates": [9.1509853, 45.5103385]}, "properties": {"id": 1222987248, "feat_type": "way", "quality_categories": "crossings_lacking_kerbs, replaceable_values", "issue_ids": "[2, 1]", "osm_url": "https://www.openstreetmap.org/way/1222987248", "josm_url": "http://127.0.0.1:8111/load_object?new_layer=false&objects=w1222987248", "id_url": "https://www.openstreetmap.org/edit?editor=id&way=1222987248#map=20/45.5103385/9.1509853"}}, {"type": "Feature", "geometry": {"type": "Point", "coordinates": [9.1511103, 45.5102178]}, "properties": {"id": 1222987249, "feat_type": "way", "quality_categories": "crossings_lacking_kerbs, replaceable_values", "issue_ids": "[2, 1]", "osm_url": "https://www.openstreetmap.org/way/1222987249", "josm_url": "http://127.0.0.1:8111/load_object?new_layer=false&objects=w1222987249", "id_url": "https://www.openstreetmap.org/edit?editor=id&way=1222987249#map=20/45.5102178/9.1511103"}}, {"type": "Feature", "geometry": {"type": "Point", "coordinates": [9.1638029, 45.491968]}, "properties": {"id": 1222987472, "feat_type": "way", "quality_categories": "crossings_lacking_kerbs, replaceable_values", "issue_ids": "[2, 1]", "osm_url": "https://www.openstreetmap.org/way/1222987472", "josm_url": "http://127.0.0.1:8111/load_object?new_layer=false&objects=w1222987472", "id_url": "https://www.openstreetmap.org/edit?editor=id&way=1222987472#map=20/45.491968/9.1638029"}}, {"type": "Feature", "geometry": {"type": "Point", "coordinates": [9.1525482, 45.5213333]}, "properties": {"id": 1222987864, "feat_type": "way", "quality_categories": "crossings_lacking_kerbs, missing_tags", "issue_ids": "[0, 1]", "osm_url": "https://www.openstreetmap.org/way/1222987864", "josm_url": "http://127.0.0.1:8111/load_object?new_layer=false&objects=w1222987864", "id_url": "https://www.openstreetmap.org/edit?editor=id&way=1222987864#map=20/45.5213333/9.1525482"}}, {"type": "Feature", "geometry": {"type": "Point", "coordinates": [9.1880974, 45.5089898]}, "properties": {"id": 1222988500, "feat_type": "way", "quality_categories": "crossings_lacking_kerbs, replaceable_values", "issue_ids": "[2, 1]", "osm_url": "https://www.openstreetmap.org/way/1222988500", "josm_url": "http://127.0.0.1:8111/load_object?new_layer=false&objects=w1222988500", "id_url": "https://www.openstreetmap.org/edit?editor=id&way=1222988500#map=20/45.5089898/9.1880974"}}, {"type": "Feature", "geometry": {"type": "Point", "coordinates": [9.1356614, 45.5175216]}, "properties": {"id": 1222988678, "feat_type": "way", "quality_categories": "crossings_lacking_kerbs, replaceable_values", "issue_ids": "[2, 1]", "osm_url": "https://www.openstreetmap.org/way/1222988678", "josm_url": "http://127.0.0.1:8111/load_object?new_layer=false&objects=w1222988678", "id_url": "https://www.openstreetmap.org/edit?editor=id&way=1222988678#map=20/45.5175216/9.1356614"}}, {"type": "Feature", "geometry": {"type": "Point", "coordinates": [9.1951922, 45.523928]}, "properties": {"id": 1222988989, "feat_type": "way", "quality_categories": "crossings_lacking_kerbs, replaceable_values", "issue_ids": "[2, 1]", "osm_url": "https://www.openstreetmap.org/way/1222988989", "josm_url": "http://127.0.0.1:8111/load_object?new_layer=false&objects=w1222988989", "id_url": "https://www.openstreetmap.org/edit?editor=id&way=1222988989#map=20/45.523928/9.1951922"}}, {"type": "Feature", "geometry": {"type": "Point", "coordinates": [9.1958934, 45.5221324]}, "properties": {"id": 1222989736, "feat_type": "way", "quality_categories": "crossings_lacking_kerbs, replaceable_values", "issue_ids": "[2, 1]", "osm_url": "https://www.openstreetmap.org/way/1222989736", "josm_url": "http://127.0.0.1:8111/load_object?new_layer=false&objects=w1222989736", "id_url": "https://www.openstreetmap.org/edit?editor=id&way=1222989736#map=20/45.5221324/9.1958934"}}, {"type": "Feature", "geometry": {"type": "Point", "coordinates": [9.1958681, 45.522224]}, "properties": {"id": 1222989737, "feat_type": "way", "quality_categories": "crossings_lacking_kerbs, replaceable_values", "issue_ids": "[2, 1]", "osm_url": "https://www.openstreetmap.org/way/1222989737", "josm_url": "http://127.0.0.1:8111/load_object?new_layer=false&objects=w1222989737", "id_url": "https://www.openstreetmap.org/edit?editor=id&way=1222989737#map=20/45.522224/9.1958681"}}, {"type": "Feature", "geometry": {"type": "Point", "coordinates": [9.1369647, 45.5129488]}, "properties": {"id": 1222990116, "feat_type": "way", "quality_categories": "crossings_lacking_kerbs, missing_tags, replaceable_values", "issue_ids": "[2, 0, 1]", "osm_url": "https://www.openstreetmap.org/way/1222990116", "josm_url": "http://127.0.0.1:8111/load_object?new_layer=false&objects=w1222990116", "id_url": "https://www.openstreetmap.org/edit?editor=id&way=1222990116#map=20/45.5129488/9.1369647"}}, {"type": "Feature", "geometry": {"type": "Point", "coordinates": [9.1401346, 45.5112429]}, "properties": {"id": 1222990203, "feat_type": "way", "quality_categories": "crossings_lacking_kerbs, replaceable_values", "issue_ids": "[2, 1]", "osm_url": "https://www.openstreetmap.org/way/1222990203", "josm_url": "http://127.0.0.1:8111/load_object?new_layer=false&objects=w1222990203", "id_url": "https://www.openstreetmap.org/edit?editor=id&way=1222990203#map=20/45.5112429/9.1401346"}}, {"type": "Feature", "geometry": {"type": "Point", "coordinates": [9.1402579, 45.5114032]}, "properties": {"id": 1222990205, "feat_type": "way", "quality_categories": "crossings_lacking_kerbs, replaceable_values", "issue_ids": "[2, 1]", "osm_url": "https://www.openstreetmap.org/way/1222990205", "josm_url": "http://127.0.0.1:8111/load_object?new_layer=false&objects=w1222990205", "id_url": "https://www.openstreetmap.org/edit?editor=id&way=1222990205#map=20/45.5114032/9.1402579"}}, {"type": "Feature", "geometry": {"type": "Point", "coordinates": [9.140116, 45.5129041]}, "properties": {"id": 1222990693, "feat_type": "way", "quality_categories": "crossings_lacking_kerbs, replaceable_values", "issue_ids": "[2, 1]", "osm_url": "https://www.openstreetmap.org/way/1222990693", "josm_url": "http://127.0.0.1:8111/load_object?new_layer=false&objects=w1222990693", "id_url": "https://www.openstreetmap.org/edit?editor=id&way=1222990693#map=20/45.5129041/9.140116"}}, {"type": "Feature", "geometry": {"type": "Point", "coordinates": [9.1709836, 45.5216363]}, "properties": {"id": 1223265488, "feat_type": "way", "quality_categories": "crossings_lacking_kerbs, replaceable_values", "issue_ids": "[2, 1]", "osm_url": "https://www.openstreetmap.org/way/1223265488", "josm_url": "http://127.0.0.1:8111/load_object?new_layer=false&objects=w1223265488", "id_url": "https://www.openstreetmap.org/edit?editor=id&way=1223265488#map=20/45.5216363/9.1709836"}}, {"type": "Feature", "geometry": {"type": "Point", "coordinates": [9.1408725, 45.4976272]}, "properties": {"id": 1223266029, "feat_type": "way", "quality_categories": "crossings_lacking_kerbs, replaceable_values", "issue_ids": "[2, 1]", "osm_url": "https://www.openstreetmap.org/way/1223266029", "josm_url": "http://127.0.0.1:8111/load_object?new_layer=false&objects=w1223266029", "id_url": "https://www.openstreetmap.org/edit?editor=id&way=1223266029#map=20/45.4976272/9.1408725"}}, {"type": "Feature", "geometry": {"type": "Point", "coordinates": [9.2110795, 45.5065064]}, "properties": {"id": 1223267373, "feat_type": "way", "quality_categories": "crossings_lacking_kerbs, replaceable_values", "issue_ids": "[2, 1]", "osm_url": "https://www.openstreetmap.org/way/1223267373", "josm_url": "http://127.0.0.1:8111/load_object?new_layer=false&objects=w1223267373", "id_url": "https://www.openstreetmap.org/edit?editor=id&way=1223267373#map=20/45.5065064/9.2110795"}}, {"type": "Feature", "geometry": {"type": "Point", "coordinates": [9.1360066, 45.5162278]}, "properties": {"id": 1223501489, "feat_type": "way", "quality_categories": "crossings_lacking_kerbs, missing_tags, replaceable_values", "issue_ids": "[2, 0, 1]", "osm_url": "https://www.openstreetmap.org/way/1223501489", "josm_url": "http://127.0.0.1:8111/load_object?new_layer=false&objects=w1223501489", "id_url": "https://www.openstreetmap.org/edit?editor=id&way=1223501489#map=20/45.5162278/9.1360066"}}, {"type": "Feature", "geometry": {"type": "Point", "coordinates": [9.2370525, 45.44999]}, "properties": {"id": 1226230642, "feat_type": "way", "quality_categories": "crossings_lacking_kerbs, missing_tags", "issue_ids": "[0, 1]", "osm_url": "https://www.openstreetmap.org/way/1226230642", "josm_url": "http://127.0.0.1:8111/load_object?new_layer=false&objects=w1226230642", "id_url": "https://www.openstreetmap.org/edit?editor=id&way=1226230642#map=20/45.44999/9.2370525"}}, {"type": "Feature", "geometry": {"type": "Point", "coordinates": [9.1969853, 45.4858272]}, "properties": {"id": 1226230881, "feat_type": "way", "quality_categories": "crossings_lacking_kerbs, missing_tags", "issue_ids": "[0, 1]", "osm_url": "https://www.openstreetmap.org/way/1226230881", "josm_url": "http://127.0.0.1:8111/load_object?new_layer=false&objects=w1226230881", "id_url": "https://www.openstreetmap.org/edit?editor=id&way=1226230881#map=20/45.4858272/9.1969853"}}, {"type": "Feature", "geometry": {"type": "Point", "coordinates": [9.2290479, 45.4506484]}, "properties": {"id": 1226230900, "feat_type": "way", "quality_categories": "crossings_lacking_kerbs, missing_tags", "issue_ids": "[0, 1]", "osm_url": "https://www.openstreetmap.org/way/1226230900", "josm_url": "http://127.0.0.1:8111/load_object?new_layer=false&objects=w1226230900", "id_url": "https://www.openstreetmap.org/edit?editor=id&way=1226230900#map=20/45.4506484/9.2290479"}}, {"type": "Feature", "geometry": {"type": "Point", "coordinates": [9.1768763, 45.4361727]}, "properties": {"id": 1226231201, "feat_type": "way", "quality_categories": "crossings_lacking_kerbs, missing_tags, replaceable_values", "issue_ids": "[2, 0, 1]", "osm_url": "https://www.openstreetmap.org/way/1226231201", "josm_url": "http://127.0.0.1:8111/load_object?new_layer=false&objects=w1226231201", "id_url": "https://www.openstreetmap.org/edit?editor=id&way=1226231201#map=20/45.4361727/9.1768763"}}, {"type": "Feature", "geometry": {"type": "Point", "coordinates": [9.1634841, 45.4589949]}, "properties": {"id": 1226232501, "feat_type": "way", "quality_categories": "crossings_lacking_kerbs, missing_tags", "issue_ids": "[0, 1]", "osm_url": "https://www.openstreetmap.org/way/1226232501", "josm_url": "http://127.0.0.1:8111/load_object?new_layer=false&objects=w1226232501", "id_url": "https://www.openstreetmap.org/edit?editor=id&way=1226232501#map=20/45.4589949/9.1634841"}}, {"type": "Feature", "geometry": {"type": "Point", "coordinates": [9.1635557, 45.4591071]}, "properties": {"id": 1226232502, "feat_type": "way", "quality_categories": "crossings_lacking_kerbs, missing_tags", "issue_ids": "[0, 1]", "osm_url": "https://www.openstreetmap.org/way/1226232502", "josm_url": "http://127.0.0.1:8111/load_object?new_layer=false&objects=w1226232502", "id_url": "https://www.openstreetmap.org/edit?editor=id&way=1226232502#map=20/45.4591071/9.1635557"}}, {"type": "Feature", "geometry": {"type": "Point", "coordinates": [9.2161641, 45.4458632]}, "properties": {"id": 1226237894, "feat_type": "way", "quality_categories": "crossings_lacking_kerbs, missing_tags", "issue_ids": "[0, 1]", "osm_url": "https://www.openstreetmap.org/way/1226237894", "josm_url": "http://127.0.0.1:8111/load_object?new_layer=false&objects=w1226237894", "id_url": "https://www.openstreetmap.org/edit?editor=id&way=1226237894#map=20/45.4458632/9.2161641"}}, {"type": "Feature", "geometry": {"type": "Point", "coordinates": [9.197907, 45.4871137]}, "properties": {"id": 1226244099, "feat_type": "way", "quality_categories": "crossings_lacking_kerbs, missing_tags", "issue_ids": "[0, 1]", "osm_url": "https://www.openstreetmap.org/way/1226244099", "josm_url": "http://127.0.0.1:8111/load_object?new_layer=false&objects=w1226244099", "id_url": "https://www.openstreetmap.org/edit?editor=id&way=1226244099#map=20/45.4871137/9.197907"}}, {"type": "Feature", "geometry": {"type": "Point", "coordinates": [9.1590899, 45.4190054]}, "properties": {"id": 1258711570, "feat_type": "way", "quality_categories": "crossings_lacking_kerbs, missing_tags", "issue_ids": "[0, 1]", "osm_url": "https://www.openstreetmap.org/way/1258711570", "josm_url": "http://127.0.0.1:8111/load_object?new_layer=false&objects=w1258711570", "id_url": "https://www.openstreetmap.org/edit?editor=id&way=1258711570#map=20/45.4190054/9.1590899"}}, {"type": "Feature", "geometry": {"type": "Point", "coordinates": [9.1263931, 45.4369303]}, "properties": {"id": 1259473917, "feat_type": "way", "quality_categories": "crossings_lacking_kerbs, missing_tags", "issue_ids": "[0, 1]", "osm_url": "https://www.openstreetmap.org/way/1259473917", "josm_url": "http://127.0.0.1:8111/load_object?new_layer=false&objects=w1259473917", "id_url": "https://www.openstreetmap.org/edit?editor=id&way=1259473917#map=20/45.4369303/9.1263931"}}, {"type": "Feature", "geometry": {"type": "Point", "coordinates": [9.1585101, 45.4579526]}, "properties": {"id": 1263926977, "feat_type": "way", "quality_categories": "crossings_lacking_kerbs, missing_tags", "issue_ids": "[0, 1]", "osm_url": "https://www.openstreetmap.org/way/1263926977", "josm_url": "http://127.0.0.1:8111/load_object?new_layer=false&objects=w1263926977", "id_url": "https://www.openstreetmap.org/edit?editor=id&way=1263926977#map=20/45.4579526/9.1585101"}}, {"type": "Feature", "geometry": {"type": "Point", "coordinates": [9.1790766, 45.45232]}, "properties": {"id": 1290178567, "feat_type": "way", "quality_categories": "crossings_lacking_kerbs, missing_tags", "issue_ids": "[0, 1]", "osm_url": "https://www.openstreetmap.org/way/1290178567", "josm_url": "http://127.0.0.1:8111/load_object?new_layer=false&objects=w1290178567", "id_url": "https://www.openstreetmap.org/edit?editor=id&way=1290178567#map=20/45.45232/9.1790766"}}, {"type": "Feature", "geometry": {"type": "Point", "coordinates": [9.2528263, 45.4272153]}, "properties": {"id": 1295679757, "feat_type": "way", "quality_categories": "crossings_lacking_kerbs, missing_tags", "issue_ids": "[0, 1]", "osm_url": "https://www.openstreetmap.org/way/1295679757", "josm_url": "http://127.0.0.1:8111/load_object?new_layer=false&objects=w1295679757", "id_url": "https://www.openstreetmap.org/edit?editor=id&way=1295679757#map=20/45.4272153/9.2528263"}}, {"type": "Feature", "geometry": {"type": "Point", "coordinates": [9.2582236, 45.4301886]}, "properties": {"id": 1297354944, "feat_type": "way", "quality_categories": "crossings_lacking_kerbs, missing_tags", "issue_ids": "[0, 1]", "osm_url": "https://www.openstreetmap.org/way/1297354944", "josm_url": "http://127.0.0.1:8111/load_object?new_layer=false&objects=w1297354944", "id_url": "https://www.openstreetmap.org/edit?editor=id&way=1297354944#map=20/45.4301886/9.2582236"}}, {"type": "Feature", "geometry": {"type": "Point", "coordinates": [9.1690894, 45.5168827]}, "properties": {"id": 1302043669, "feat_type": "way", "quality_categories": "crossings_lacking_kerbs, replaceable_values", "issue_ids": "[2, 1]", "osm_url": "https://www.openstreetmap.org/way/1302043669", "josm_url": "http://127.0.0.1:8111/load_object?new_layer=false&objects=w1302043669", "id_url": "https://www.openstreetmap.org/edit?editor=id&way=1302043669#map=20/45.5168827/9.1690894"}}, {"type": "Feature", "geometry": {"type": "Point", "coordinates": [9.2252227, 45.4682279]}, "properties": {"id": 1317632979, "feat_type": "way", "quality_categories": "crossings_lacking_kerbs, missing_tags", "issue_ids": "[0, 1]", "osm_url": "https://www.openstreetmap.org/way/1317632979", "josm_url": "http://127.0.0.1:8111/load_object?new_layer=false&objects=w1317632979", "id_url": "https://www.openstreetmap.org/edit?editor=id&way=1317632979#map=20/45.4682279/9.2252227"}}, {"type": "Feature", "geometry": {"type": "Point", "coordinates": [9.183256, 45.5111796]}, "properties": {"id": 1318074868, "feat_type": "way", "quality_categories": "crossings_lacking_kerbs, replaceable_values", "issue_ids": "[2, 1]", "osm_url": "https://www.openstreetmap.org/way/1318074868", "josm_url": "http://127.0.0.1:8111/load_object?new_layer=false&objects=w1318074868", "id_url": "https://www.openstreetmap.org/edit?editor=id&way=1318074868#map=20/45.5111796/9.183256"}}, {"type": "Feature", "geometry": {"type": "Point", "coordinates": [9.183926, 45.5109914]}, "properties": {"id": 1318074869, "feat_type": "way", "quality_categories": "crossings_lacking_kerbs, replaceable_values", "issue_ids": "[2, 1]", "osm_url": "https://www.openstreetmap.org/way/1318074869", "josm_url": "http://127.0.0.1:8111/load_object?new_layer=false&objects=w1318074869", "id_url": "https://www.openstreetmap.org/edit?editor=id&way=1318074869#map=20/45.5109914/9.183926"}}, {"type": "Feature", "geometry": {"type": "Point", "coordinates": [9.1876306, 45.5081255]}, "properties": {"id": 1318154389, "feat_type": "way", "quality_categories": "crossings_lacking_kerbs, replaceable_values", "issue_ids": "[2, 1]", "osm_url": "https://www.openstreetmap.org/way/1318154389", "josm_url": "http://127.0.0.1:8111/load_object?new_layer=false&objects=w1318154389", "id_url": "https://www.openstreetmap.org/edit?editor=id&way=1318154389#map=20/45.5081255/9.1876306"}}, {"type": "Feature", "geometry": {"type": "Point", "coordinates": [9.1877377, 45.508355]}, "properties": {"id": 1318154395, "feat_type": "way", "quality_categories": "crossings_lacking_kerbs, replaceable_values", "issue_ids": "[2, 1]", "osm_url": "https://www.openstreetmap.org/way/1318154395", "josm_url": "http://127.0.0.1:8111/load_object?new_layer=false&objects=w1318154395", "id_url": "https://www.openstreetmap.org/edit?editor=id&way=1318154395#map=20/45.508355/9.1877377"}}, {"type": "Feature", "geometry": {"type": "Point", "coordinates": [9.1875877, 45.5078649]}, "properties": {"id": 1318154462, "feat_type": "way", "quality_categories": "crossings_lacking_kerbs, replaceable_values", "issue_ids": "[2, 1]", "osm_url": "https://www.openstreetmap.org/way/1318154462", "josm_url": "http://127.0.0.1:8111/load_object?new_layer=false&objects=w1318154462", "id_url": "https://www.openstreetmap.org/edit?editor=id&way=1318154462#map=20/45.5078649/9.1875877"}}, {"type": "Feature", "geometry": {"type": "Point", "coordinates": [9.1637865, 45.4824847]}, "properties": {"id": 1320805530, "feat_type": "way", "quality_categories": "crossings_lacking_kerbs, missing_tags", "issue_ids": "[0, 1]", "osm_url": "https://www.openstreetmap.org/way/1320805530", "josm_url": "http://127.0.0.1:8111/load_object?new_layer=false&objects=w1320805530", "id_url": "https://www.openstreetmap.org/edit?editor=id&way=1320805530#map=20/45.4824847/9.1637865"}}, {"type": "Feature", "geometry": {"type": "Point", "coordinates": [9.163588, 45.4826324]}, "properties": {"id": 1320805531, "feat_type": "way", "quality_categories": "crossings_lacking_kerbs, missing_tags", "issue_ids": "[0, 1]", "osm_url": "https://www.openstreetmap.org/way/1320805531", "josm_url": "http://127.0.0.1:8111/load_object?new_layer=false&objects=w1320805531", "id_url": "https://www.openstreetmap.org/edit?editor=id&way=1320805531#map=20/45.4826324/9.163588"}}, {"type": "Feature", "geometry": {"type": "Point", "coordinates": [9.1155558, 45.4516685]}, "properties": {"id": 1327893497, "feat_type": "way", "quality_categories": "crossings_lacking_kerbs, missing_tags", "issue_ids": "[0, 1]", "osm_url": "https://www.openstreetmap.org/way/1327893497", "josm_url": "http://127.0.0.1:8111/load_object?new_layer=false&objects=w1327893497", "id_url": "https://www.openstreetmap.org/edit?editor=id&way=1327893497#map=20/45.4516685/9.1155558"}}, {"type": "Feature", "geometry": {"type": "Point", "coordinates": [9.1709057, 45.458943]}, "properties": {"id": 1331106368, "feat_type": "way", "quality_categories": "crossings_lacking_kerbs, missing_tags, replaceable_values", "issue_ids": "[5, 0, 1]", "osm_url": "https://www.openstreetmap.org/way/1331106368", "josm_url": "http://127.0.0.1:8111/load_object?new_layer=false&objects=w1331106368", "id_url": "https://www.openstreetmap.org/edit?editor=id&way=1331106368#map=20/45.458943/9.1709057"}}, {"type": "Feature", "geometry": {"type": "Point", "coordinates": [9.1414338, 45.4416798]}, "properties": {"id": 1331107596, "feat_type": "way", "quality_categories": "crossings_lacking_kerbs, replaceable_values", "issue_ids": "[2, 1]", "osm_url": "https://www.openstreetmap.org/way/1331107596", "josm_url": "http://127.0.0.1:8111/load_object?new_layer=false&objects=w1331107596", "id_url": "https://www.openstreetmap.org/edit?editor=id&way=1331107596#map=20/45.4416798/9.1414338"}}, {"type": "Feature", "geometry": {"type": "Point", "coordinates": [9.2389464, 45.4595882]}, "properties": {"id": 1331126238, "feat_type": "way", "quality_categories": "crossings_lacking_kerbs, replaceable_values", "issue_ids": "[2, 1]", "osm_url": "https://www.openstreetmap.org/way/1331126238", "josm_url": "http://127.0.0.1:8111/load_object?new_layer=false&objects=w1331126238", "id_url": "https://www.openstreetmap.org/edit?editor=id&way=1331126238#map=20/45.4595882/9.2389464"}}, {"type": "Feature", "geometry": {"type": "Point", "coordinates": [9.2132406, 45.4681225]}, "properties": {"id": 1338322711, "feat_type": "way", "quality_categories": "crossings_lacking_kerbs, missing_tags, replaceable_values", "issue_ids": "[2, 0, 1]", "osm_url": "https://www.openstreetmap.org/way/1338322711", "josm_url": "http://127.0.0.1:8111/load_object?new_layer=false&objects=w1338322711", "id_url": "https://www.openstreetmap.org/edit?editor=id&way=1338322711#map=20/45.4681225/9.2132406"}}, {"type": "Feature", "geometry": {"type": "Point", "coordinates": [9.2134555, 45.4681247]}, "properties": {"id": 1338322713, "feat_type": "way", "quality_categories": "crossings_lacking_kerbs, missing_tags, replaceable_values", "issue_ids": "[2, 0, 1]", "osm_url": "https://www.openstreetmap.org/way/1338322713", "josm_url": "http://127.0.0.1:8111/load_object?new_layer=false&objects=w1338322713", "id_url": "https://www.openstreetmap.org/edit?editor=id&way=1338322713#map=20/45.4681247/9.2134555"}}, {"type": "Feature", "geometry": {"type": "Point", "coordinates": [9.211382, 45.467731]}, "properties": {"id": 1338326668, "feat_type": "way", "quality_categories": "crossings_lacking_kerbs, missing_tags, replaceable_values", "issue_ids": "[2, 0, 1]", "osm_url": "https://www.openstreetmap.org/way/1338326668", "josm_url": "http://127.0.0.1:8111/load_object?new_layer=false&objects=w1338326668", "id_url": "https://www.openstreetmap.org/edit?editor=id&way=1338326668#map=20/45.467731/9.211382"}}, {"type": "Feature", "geometry": {"type": "Point", "coordinates": [9.2132476, 45.4677516]}, "properties": {"id": 1338326670, "feat_type": "way", "quality_categories": "crossings_lacking_kerbs, missing_tags, replaceable_values", "issue_ids": "[2, 0, 1]", "osm_url": "https://www.openstreetmap.org/way/1338326670", "josm_url": "http://127.0.0.1:8111/load_object?new_layer=false&objects=w1338326670", "id_url": "https://www.openstreetmap.org/edit?editor=id&way=1338326670#map=20/45.4677516/9.2132476"}}, {"type": "Feature", "geometry": {"type": "Point", "coordinates": [9.2134624, 45.4677539]}, "properties": {"id": 1338326672, "feat_type": "way", "quality_categories": "crossings_lacking_kerbs, missing_tags, replaceable_values", "issue_ids": "[2, 0, 1]", "osm_url": "https://www.openstreetmap.org/way/1338326672", "josm_url": "http://127.0.0.1:8111/load_object?new_layer=false&objects=w1338326672", "id_url": "https://www.openstreetmap.org/edit?editor=id&way=1338326672#map=20/45.4677539/9.2134624"}}, {"type": "Feature", "geometry": {"type": "Point", "coordinates": [9.2111487, 45.4677124]}, "properties": {"id": 1338333964, "feat_type": "way", "quality_categories": "crossings_lacking_kerbs, missing_tags, replaceable_values", "issue_ids": "[2, 0, 1]", "osm_url": "https://www.openstreetmap.org/way/1338333964", "josm_url": "http://127.0.0.1:8111/load_object?new_layer=false&objects=w1338333964", "id_url": "https://www.openstreetmap.org/edit?editor=id&way=1338333964#map=20/45.4677124/9.2111487"}}, {"type": "Feature", "geometry": {"type": "Point", "coordinates": [9.2111393, 45.4681207]}, "properties": {"id": 1338333970, "feat_type": "way", "quality_categories": "crossings_lacking_kerbs, missing_tags", "issue_ids": "[0, 1]", "osm_url": "https://www.openstreetmap.org/way/1338333970", "josm_url": "http://127.0.0.1:8111/load_object?new_layer=false&objects=w1338333970", "id_url": "https://www.openstreetmap.org/edit?editor=id&way=1338333970#map=20/45.4681207/9.2111393"}}, {"type": "Feature", "geometry": {"type": "Point", "coordinates": [9.16851, 45.4785154]}, "properties": {"id": 1338357358, "feat_type": "way", "quality_categories": "crossings_lacking_kerbs, missing_tags", "issue_ids": "[0, 1]", "osm_url": "https://www.openstreetmap.org/way/1338357358", "josm_url": "http://127.0.0.1:8111/load_object?new_layer=false&objects=w1338357358", "id_url": "https://www.openstreetmap.org/edit?editor=id&way=1338357358#map=20/45.4785154/9.16851"}}, {"type": "Feature", "geometry": {"type": "Point", "coordinates": [9.1905723, 45.480918]}, "properties": {"id": 1338385967, "feat_type": "way", "quality_categories": "crossings_lacking_kerbs, missing_tags", "issue_ids": "[0, 1]", "osm_url": "https://www.openstreetmap.org/way/1338385967", "josm_url": "http://127.0.0.1:8111/load_object?new_layer=false&objects=w1338385967", "id_url": "https://www.openstreetmap.org/edit?editor=id&way=1338385967#map=20/45.480918/9.1905723"}}, {"type": "Feature", "geometry": {"type": "Point", "coordinates": [9.1606532, 45.4608305]}, "properties": {"id": 1338448730, "feat_type": "way", "quality_categories": "crossings_lacking_kerbs, replaceable_values", "issue_ids": "[2, 1]", "osm_url": "https://www.openstreetmap.org/way/1338448730", "josm_url": "http://127.0.0.1:8111/load_object?new_layer=false&objects=w1338448730", "id_url": "https://www.openstreetmap.org/edit?editor=id&way=1338448730#map=20/45.4608305/9.1606532"}}, {"type": "Feature", "geometry": {"type": "Point", "coordinates": [9.2056158, 45.4678922]}, "properties": {"id": 1339698598, "feat_type": "way", "quality_categories": "crossings_lacking_kerbs, missing_tags", "issue_ids": "[0, 1]", "osm_url": "https://www.openstreetmap.org/way/1339698598", "josm_url": "http://127.0.0.1:8111/load_object?new_layer=false&objects=w1339698598", "id_url": "https://www.openstreetmap.org/edit?editor=id&way=1339698598#map=20/45.4678922/9.2056158"}}, {"type": "Feature", "geometry": {"type": "Point", "coordinates": [9.2241212, 45.4971262]}, "properties": {"id": 1340889426, "feat_type": "way", "quality_categories": "crossings_lacking_kerbs, missing_tags", "issue_ids": "[0, 1]", "osm_url": "https://www.openstreetmap.org/way/1340889426", "josm_url": "http://127.0.0.1:8111/load_object?new_layer=false&objects=w1340889426", "id_url": "https://www.openstreetmap.org/edit?editor=id&way=1340889426#map=20/45.4971262/9.2241212"}}, {"type": "Feature", "geometry": {"type": "Point", "coordinates": [9.1652155, 45.5024851]}, "properties": {"id": 1344585819, "feat_type": "way", "quality_categories": "crossings_lacking_kerbs, missing_tags", "issue_ids": "[0, 1]", "osm_url": "https://www.openstreetmap.org/way/1344585819", "josm_url": "http://127.0.0.1:8111/load_object?new_layer=false&objects=w1344585819", "id_url": "https://www.openstreetmap.org/edit?editor=id&way=1344585819#map=20/45.5024851/9.1652155"}}, {"type": "Feature", "geometry": {"type": "Point", "coordinates": [9.2154336, 45.5209842]}, "properties": {"id": 1346903248, "feat_type": "way", "quality_categories": "crossings_lacking_kerbs, missing_tags", "issue_ids": "[0, 1]", "osm_url": "https://www.openstreetmap.org/way/1346903248", "josm_url": "http://127.0.0.1:8111/load_object?new_layer=false&objects=w1346903248", "id_url": "https://www.openstreetmap.org/edit?editor=id&way=1346903248#map=20/45.5209842/9.2154336"}}, {"type": "Feature", "geometry": {"type": "Point", "coordinates": [9.2148945, 45.5209612]}, "properties": {"id": 1346903250, "feat_type": "way", "quality_categories": "crossings_lacking_kerbs, missing_tags", "issue_ids": "[0, 1]", "osm_url": "https://www.openstreetmap.org/way/1346903250", "josm_url": "http://127.0.0.1:8111/load_object?new_layer=false&objects=w1346903250", "id_url": "https://www.openstreetmap.org/edit?editor=id&way=1346903250#map=20/45.5209612/9.2148945"}}, {"type": "Feature", "geometry": {"type": "Point", "coordinates": [9.2162207, 45.5206671]}, "properties": {"id": 1346903257, "feat_type": "way", "quality_categories": "crossings_lacking_kerbs, missing_tags", "issue_ids": "[0, 1]", "osm_url": "https://www.openstreetmap.org/way/1346903257", "josm_url": "http://127.0.0.1:8111/load_object?new_layer=false&objects=w1346903257", "id_url": "https://www.openstreetmap.org/edit?editor=id&way=1346903257#map=20/45.5206671/9.2162207"}}, {"type": "Feature", "geometry": {"type": "Point", "coordinates": [9.2175888, 45.5202141]}, "properties": {"id": 1346903259, "feat_type": "way", "quality_categories": "crossings_lacking_kerbs, missing_tags", "issue_ids": "[0, 1]", "osm_url": "https://www.openstreetmap.org/way/1346903259", "josm_url": "http://127.0.0.1:8111/load_object?new_layer=false&objects=w1346903259", "id_url": "https://www.openstreetmap.org/edit?editor=id&way=1346903259#map=20/45.5202141/9.2175888"}}, {"type": "Feature", "geometry": {"type": "Point", "coordinates": [9.2171618, 45.5204044]}, "properties": {"id": 1346903262, "feat_type": "way", "quality_categories": "crossings_lacking_kerbs, missing_tags", "issue_ids": "[0, 1]", "osm_url": "https://www.openstreetmap.org/way/1346903262", "josm_url": "http://127.0.0.1:8111/load_object?new_layer=false&objects=w1346903262", "id_url": "https://www.openstreetmap.org/edit?editor=id&way=1346903262#map=20/45.5204044/9.2171618"}}, {"type": "Feature", "geometry": {"type": "Point", "coordinates": [9.2173789, 45.5203435]}, "properties": {"id": 1346903263, "feat_type": "way", "quality_categories": "crossings_lacking_kerbs, missing_tags", "issue_ids": "[0, 1]", "osm_url": "https://www.openstreetmap.org/way/1346903263", "josm_url": "http://127.0.0.1:8111/load_object?new_layer=false&objects=w1346903263", "id_url": "https://www.openstreetmap.org/edit?editor=id&way=1346903263#map=20/45.5203435/9.2173789"}}, {"type": "Feature", "geometry": {"type": "Point", "coordinates": [9.2182186, 45.5202128]}, "properties": {"id": 1346903265, "feat_type": "way", "quality_categories": "crossings_lacking_kerbs, missing_tags", "issue_ids": "[0, 1]", "osm_url": "https://www.openstreetmap.org/way/1346903265", "josm_url": "http://127.0.0.1:8111/load_object?new_layer=false&objects=w1346903265", "id_url": "https://www.openstreetmap.org/edit?editor=id&way=1346903265#map=20/45.5202128/9.2182186"}}, {"type": "Feature", "geometry": {"type": "Point", "coordinates": [9.214585, 45.5211112]}, "properties": {"id": 1346903266, "feat_type": "way", "quality_categories": "crossings_lacking_kerbs, missing_tags", "issue_ids": "[0, 1]", "osm_url": "https://www.openstreetmap.org/way/1346903266", "josm_url": "http://127.0.0.1:8111/load_object?new_layer=false&objects=w1346903266", "id_url": "https://www.openstreetmap.org/edit?editor=id&way=1346903266#map=20/45.5211112/9.214585"}}, {"type": "Feature", "geometry": {"type": "Point", "coordinates": [9.2256168, 45.4641583]}, "properties": {"id": 1348475724, "feat_type": "way", "quality_categories": "crossings_lacking_kerbs, missing_tags, replaceable_values", "issue_ids": "[2, 0, 1]", "osm_url": "https://www.openstreetmap.org/way/1348475724", "josm_url": "http://127.0.0.1:8111/load_object?new_layer=false&objects=w1348475724", "id_url": "https://www.openstreetmap.org/edit?editor=id&way=1348475724#map=20/45.4641583/9.2256168"}}, {"type": "Feature", "geometry": {"type": "Point", "coordinates": [9.1492799, 45.4329699]}, "properties": {"id": 1350135331, "feat_type": "way", "quality_categories": "crossings_lacking_kerbs, missing_tags, replaceable_values", "issue_ids": "[2, 0, 1]", "osm_url": "https://www.openstreetmap.org/way/1350135331", "josm_url": "http://127.0.0.1:8111/load_object?new_layer=false&objects=w1350135331", "id_url": "https://www.openstreetmap.org/edit?editor=id&way=1350135331#map=20/45.4329699/9.1492799"}}, {"type": "Feature", "geometry": {"type": "Point", "coordinates": [9.1851472, 45.5126586]}, "properties": {"id": 1353509585, "feat_type": "way", "quality_categories": "crossings_lacking_kerbs, replaceable_values", "issue_ids": "[2, 1]", "osm_url": "https://www.openstreetmap.org/way/1353509585", "josm_url": "http://127.0.0.1:8111/load_object?new_layer=false&objects=w1353509585", "id_url": "https://www.openstreetmap.org/edit?editor=id&way=1353509585#map=20/45.5126586/9.1851472"}}, {"type": "Feature", "geometry": {"type": "Point", "coordinates": [9.1854641, 45.5126501]}, "properties": {"id": 1353509590, "feat_type": "way", "quality_categories": "crossings_lacking_kerbs, replaceable_values", "issue_ids": "[2, 1]", "osm_url": "https://www.openstreetmap.org/way/1353509590", "josm_url": "http://127.0.0.1:8111/load_object?new_layer=false&objects=w1353509590", "id_url": "https://www.openstreetmap.org/edit?editor=id&way=1353509590#map=20/45.5126501/9.1854641"}}, {"type": "Feature", "geometry": {"type": "Point", "coordinates": [9.1707085, 45.4593567]}, "properties": {"id": 1355005053, "feat_type": "way", "quality_categories": "crossings_lacking_kerbs, missing_tags", "issue_ids": "[0, 1]", "osm_url": "https://www.openstreetmap.org/way/1355005053", "josm_url": "http://127.0.0.1:8111/load_object?new_layer=false&objects=w1355005053", "id_url": "https://www.openstreetmap.org/edit?editor=id&way=1355005053#map=20/45.4593567/9.1707085"}}, {"type": "Feature", "geometry": {"type": "Point", "coordinates": [9.1710135, 45.4594806]}, "properties": {"id": 1355005054, "feat_type": "way", "quality_categories": "crossings_lacking_kerbs, missing_tags", "issue_ids": "[0, 1]", "osm_url": "https://www.openstreetmap.org/way/1355005054", "josm_url": "http://127.0.0.1:8111/load_object?new_layer=false&objects=w1355005054", "id_url": "https://www.openstreetmap.org/edit?editor=id&way=1355005054#map=20/45.4594806/9.1710135"}}, {"type": "Feature", "geometry": {"type": "Point", "coordinates": [9.1625178, 45.4584749]}, "properties": {"id": 1355022448, "feat_type": "way", "quality_categories": "crossings_lacking_kerbs, missing_tags", "issue_ids": "[0, 1]", "osm_url": "https://www.openstreetmap.org/way/1355022448", "josm_url": "http://127.0.0.1:8111/load_object?new_layer=false&objects=w1355022448", "id_url": "https://www.openstreetmap.org/edit?editor=id&way=1355022448#map=20/45.4584749/9.1625178"}}, {"type": "Feature", "geometry": {"type": "Point", "coordinates": [9.1626688, 45.4584191]}, "properties": {"id": 1355022449, "feat_type": "way", "quality_categories": "crossings_lacking_kerbs, missing_tags", "issue_ids": "[0, 1]", "osm_url": "https://www.openstreetmap.org/way/1355022449", "josm_url": "http://127.0.0.1:8111/load_object?new_layer=false&objects=w1355022449", "id_url": "https://www.openstreetmap.org/edit?editor=id&way=1355022449#map=20/45.4584191/9.1626688"}}, {"type": "Feature", "geometry": {"type": "Point", "coordinates": [9.1065326, 45.5084404]}, "properties": {"id": 1360153138, "feat_type": "way", "quality_categories": "crossings_lacking_kerbs, missing_tags", "issue_ids": "[0, 1]", "osm_url": "https://www.openstreetmap.org/way/1360153138", "josm_url": "http://127.0.0.1:8111/load_object?new_layer=false&objects=w1360153138", "id_url": "https://www.openstreetmap.org/edit?editor=id&way=1360153138#map=20/45.5084404/9.1065326"}}, {"type": "Feature", "geometry": {"type": "Point", "coordinates": [9.1851748, 45.4841328]}, "properties": {"id": 1364637676, "feat_type": "way", "quality_categories": "crossings_lacking_kerbs, missing_tags, replaceable_values", "issue_ids": "[2, 0, 1]", "osm_url": "https://www.openstreetmap.org/way/1364637676", "josm_url": "http://127.0.0.1:8111/load_object?new_layer=false&objects=w1364637676", "id_url": "https://www.openstreetmap.org/edit?editor=id&way=1364637676#map=20/45.4841328/9.1851748"}}, {"type": "Feature", "geometry": {"type": "Point", "coordinates": [9.1729232, 45.5219224]}, "properties": {"id": 1364645449, "feat_type": "way", "quality_categories": "crossings_lacking_kerbs, replaceable_values", "issue_ids": "[2, 1]", "osm_url": "https://www.openstreetmap.org/way/1364645449", "josm_url": "http://127.0.0.1:8111/load_object?new_layer=false&objects=w1364645449", "id_url": "https://www.openstreetmap.org/edit?editor=id&way=1364645449#map=20/45.5219224/9.1729232"}}, {"type": "Feature", "geometry": {"type": "Point", "coordinates": [9.173224, 45.5217185]}, "properties": {"id": 1364645450, "feat_type": "way", "quality_categories": "crossings_lacking_kerbs, missing_tags, replaceable_values", "issue_ids": "[2, 0, 1]", "osm_url": "https://www.openstreetmap.org/way/1364645450", "josm_url": "http://127.0.0.1:8111/load_object?new_layer=false&objects=w1364645450", "id_url": "https://www.openstreetmap.org/edit?editor=id&way=1364645450#map=20/45.5217185/9.173224"}}, {"type": "Feature", "geometry": {"type": "Point", "coordinates": [9.1726421, 45.5214279]}, "properties": {"id": 1364645451, "feat_type": "way", "quality_categories": "crossings_lacking_kerbs, replaceable_values", "issue_ids": "[2, 1]", "osm_url": "https://www.openstreetmap.org/way/1364645451", "josm_url": "http://127.0.0.1:8111/load_object?new_layer=false&objects=w1364645451", "id_url": "https://www.openstreetmap.org/edit?editor=id&way=1364645451#map=20/45.5214279/9.1726421"}}, {"type": "Feature", "geometry": {"type": "Point", "coordinates": [9.1721229, 45.5214036]}, "properties": {"id": 1364645457, "feat_type": "way", "quality_categories": "crossings_lacking_kerbs, replaceable_values", "issue_ids": "[2, 1]", "osm_url": "https://www.openstreetmap.org/way/1364645457", "josm_url": "http://127.0.0.1:8111/load_object?new_layer=false&objects=w1364645457", "id_url": "https://www.openstreetmap.org/edit?editor=id&way=1364645457#map=20/45.5214036/9.1721229"}}, {"type": "Feature", "geometry": {"type": "Point", "coordinates": [9.1445712, 45.4894678]}, "properties": {"id": 1364886868, "feat_type": "way", "quality_categories": "crossings_lacking_kerbs, missing_tags, replaceable_values", "issue_ids": "[2, 0, 1]", "osm_url": "https://www.openstreetmap.org/way/1364886868", "josm_url": "http://127.0.0.1:8111/load_object?new_layer=false&objects=w1364886868", "id_url": "https://www.openstreetmap.org/edit?editor=id&way=1364886868#map=20/45.4894678/9.1445712"}}, {"type": "Feature", "geometry": {"type": "Point", "coordinates": [9.1893017, 45.478577]}, "properties": {"id": 1364895909, "feat_type": "way", "quality_categories": "crossings_lacking_kerbs, missing_tags", "issue_ids": "[0, 1]", "osm_url": "https://www.openstreetmap.org/way/1364895909", "josm_url": "http://127.0.0.1:8111/load_object?new_layer=false&objects=w1364895909", "id_url": "https://www.openstreetmap.org/edit?editor=id&way=1364895909#map=20/45.478577/9.1893017"}}, {"type": "Feature", "geometry": {"type": "Point", "coordinates": [9.0962575, 45.5042786]}, "properties": {"id": 1365076553, "feat_type": "way", "quality_categories": "crossings_lacking_kerbs, missing_tags, replaceable_values", "issue_ids": "[2, 0, 1]", "osm_url": "https://www.openstreetmap.org/way/1365076553", "josm_url": "http://127.0.0.1:8111/load_object?new_layer=false&objects=w1365076553", "id_url": "https://www.openstreetmap.org/edit?editor=id&way=1365076553#map=20/45.5042786/9.0962575"}}, {"type": "Feature", "geometry": {"type": "Point", "coordinates": [9.0976624, 45.5040763]}, "properties": {"id": 1365084158, "feat_type": "way", "quality_categories": "crossings_lacking_kerbs, missing_tags, replaceable_values", "issue_ids": "[2, 0, 1]", "osm_url": "https://www.openstreetmap.org/way/1365084158", "josm_url": "http://127.0.0.1:8111/load_object?new_layer=false&objects=w1365084158", "id_url": "https://www.openstreetmap.org/edit?editor=id&way=1365084158#map=20/45.5040763/9.0976624"}}, {"type": "Feature", "geometry": {"type": "Point", "coordinates": [9.099521, 45.502766]}, "properties": {"id": 1365327897, "feat_type": "way", "quality_categories": "crossings_lacking_kerbs, missing_tags, replaceable_values", "issue_ids": "[2, 0, 1]", "osm_url": "https://www.openstreetmap.org/way/1365327897", "josm_url": "http://127.0.0.1:8111/load_object?new_layer=false&objects=w1365327897", "id_url": "https://www.openstreetmap.org/edit?editor=id&way=1365327897#map=20/45.502766/9.099521"}}, {"type": "Feature", "geometry": {"type": "Point", "coordinates": [9.121884, 45.4906611]}, "properties": {"id": 1365337538, "feat_type": "way", "quality_categories": "crossings_lacking_kerbs, missing_tags, replaceable_values", "issue_ids": "[2, 0, 1]", "osm_url": "https://www.openstreetmap.org/way/1365337538", "josm_url": "http://127.0.0.1:8111/load_object?new_layer=false&objects=w1365337538", "id_url": "https://www.openstreetmap.org/edit?editor=id&way=1365337538#map=20/45.4906611/9.121884"}}, {"type": "Feature", "geometry": {"type": "Point", "coordinates": [9.1965396, 45.5211038]}, "properties": {"id": 1365387447, "feat_type": "way", "quality_categories": "crossings_lacking_kerbs, replaceable_values, wrong_mispelled_or_unlisted_values", "issue_ids": "[2, 6, 1]", "osm_url": "https://www.openstreetmap.org/way/1365387447", "josm_url": "http://127.0.0.1:8111/load_object?new_layer=false&objects=w1365387447", "id_url": "https://www.openstreetmap.org/edit?editor=id&way=1365387447#map=20/45.5211038/9.1965396"}}, {"type": "Feature", "geometry": {"type": "Point", "coordinates": [9.1964816, 45.5210917]}, "properties": {"id": 1365387448, "feat_type": "way", "quality_categories": "crossings_lacking_kerbs, replaceable_values", "issue_ids": "[2, 1]", "osm_url": "https://www.openstreetmap.org/way/1365387448", "josm_url": "http://127.0.0.1:8111/load_object?new_layer=false&objects=w1365387448", "id_url": "https://www.openstreetmap.org/edit?editor=id&way=1365387448#map=20/45.5210917/9.1964816"}}, {"type": "Feature", "geometry": {"type": "Point", "coordinates": [9.1984972, 45.4805955]}, "properties": {"id": 1365390796, "feat_type": "way", "quality_categories": "crossings_lacking_kerbs, missing_tags", "issue_ids": "[0, 1]", "osm_url": "https://www.openstreetmap.org/way/1365390796", "josm_url": "http://127.0.0.1:8111/load_object?new_layer=false&objects=w1365390796", "id_url": "https://www.openstreetmap.org/edit?editor=id&way=1365390796#map=20/45.4805955/9.1984972"}}, {"type": "Feature", "geometry": {"type": "Point", "coordinates": [9.2147376, 45.4679584]}, "properties": {"id": 1365399862, "feat_type": "way", "quality_categories": "crossings_lacking_kerbs, missing_tags", "issue_ids": "[0, 1]", "osm_url": "https://www.openstreetmap.org/way/1365399862", "josm_url": "http://127.0.0.1:8111/load_object?new_layer=false&objects=w1365399862", "id_url": "https://www.openstreetmap.org/edit?editor=id&way=1365399862#map=20/45.4679584/9.2147376"}}, {"type": "Feature", "geometry": {"type": "Point", "coordinates": [9.0801859, 45.4729391]}, "properties": {"id": 1368802706, "feat_type": "way", "quality_categories": "crossings_lacking_kerbs, missing_tags", "issue_ids": "[0, 1]", "osm_url": "https://www.openstreetmap.org/way/1368802706", "josm_url": "http://127.0.0.1:8111/load_object?new_layer=false&objects=w1368802706", "id_url": "https://www.openstreetmap.org/edit?editor=id&way=1368802706#map=20/45.4729391/9.0801859"}}, {"type": "Feature", "geometry": {"type": "Point", "coordinates": [9.1638591, 45.4588111]}, "properties": {"id": 1373768828, "feat_type": "way", "quality_categories": "crossings_lacking_kerbs, missing_tags", "issue_ids": "[0, 1]", "osm_url": "https://www.openstreetmap.org/way/1373768828", "josm_url": "http://127.0.0.1:8111/load_object?new_layer=false&objects=w1373768828", "id_url": "https://www.openstreetmap.org/edit?editor=id&way=1373768828#map=20/45.4588111/9.1638591"}}, {"type": "Feature", "geometry": {"type": "Point", "coordinates": [9.2400021, 45.5165213]}, "properties": {"id": 1382826242, "feat_type": "way", "quality_categories": "crossings_lacking_kerbs, missing_tags", "issue_ids": "[0, 1]", "osm_url": "https://www.openstreetmap.org/way/1382826242", "josm_url": "http://127.0.0.1:8111/load_object?new_layer=false&objects=w1382826242", "id_url": "https://www.openstreetmap.org/edit?editor=id&way=1382826242#map=20/45.5165213/9.2400021"}}, {"type": "Feature", "geometry": {"type": "Point", "coordinates": [9.2179524, 45.5016962]}, "properties": {"id": 1385348853, "feat_type": "way", "quality_categories": "crossings_lacking_kerbs, missing_tags, replaceable_values", "issue_ids": "[2, 0, 1]", "osm_url": "https://www.openstreetmap.org/way/1385348853", "josm_url": "http://127.0.0.1:8111/load_object?new_layer=false&objects=w1385348853", "id_url": "https://www.openstreetmap.org/edit?editor=id&way=1385348853#map=20/45.5016962/9.2179524"}}, {"type": "Feature", "geometry": {"type": "Point", "coordinates": [9.1417149, 45.4516321]}, "properties": {"id": 1388224582, "feat_type": "way", "quality_categories": "crossings_lacking_kerbs, missing_tags", "issue_ids": "[0, 1]", "osm_url": "https://www.openstreetmap.org/way/1388224582", "josm_url": "http://127.0.0.1:8111/load_object?new_layer=false&objects=w1388224582", "id_url": "https://www.openstreetmap.org/edit?editor=id&way=1388224582#map=20/45.4516321/9.1417149"}}, {"type": "Feature", "geometry": {"type": "Point", "coordinates": [9.2364718, 45.51582]}, "properties": {"id": 1389327712, "feat_type": "way", "quality_categories": "crossings_lacking_kerbs, missing_tags", "issue_ids": "[0, 1]", "osm_url": "https://www.openstreetmap.org/way/1389327712", "josm_url": "http://127.0.0.1:8111/load_object?new_layer=false&objects=w1389327712", "id_url": "https://www.openstreetmap.org/edit?editor=id&way=1389327712#map=20/45.51582/9.2364718"}}, {"type": "Feature", "geometry": {"type": "Point", "coordinates": [9.2335269, 45.5148927]}, "properties": {"id": 1389327715, "feat_type": "way", "quality_categories": "crossings_lacking_kerbs, missing_tags", "issue_ids": "[0, 1]", "osm_url": "https://www.openstreetmap.org/way/1389327715", "josm_url": "http://127.0.0.1:8111/load_object?new_layer=false&objects=w1389327715", "id_url": "https://www.openstreetmap.org/edit?editor=id&way=1389327715#map=20/45.5148927/9.2335269"}}, {"type": "Feature", "geometry": {"type": "Point", "coordinates": [9.1953644, 45.4852264]}, "properties": {"id": 1395564154, "feat_type": "way", "quality_categories": "crossings_lacking_kerbs, missing_tags", "issue_ids": "[0, 1]", "osm_url": "https://www.openstreetmap.org/way/1395564154", "josm_url": "http://127.0.0.1:8111/load_object?new_layer=false&objects=w1395564154", "id_url": "https://www.openstreetmap.org/edit?editor=id&way=1395564154#map=20/45.4852264/9.1953644"}}, {"type": "Feature", "geometry": {"type": "Point", "coordinates": [9.2045019, 45.4749408]}, "properties": {"id": 1408430580, "feat_type": "way", "quality_categories": "crossings_lacking_kerbs, missing_tags", "issue_ids": "[0, 1]", "osm_url": "https://www.openstreetmap.org/way/1408430580", "josm_url": "http://127.0.0.1:8111/load_object?new_layer=false&objects=w1408430580", "id_url": "https://www.openstreetmap.org/edit?editor=id&way=1408430580#map=20/45.4749408/9.2045019"}}, {"type": "Feature", "geometry": {"type": "Point", "coordinates": [9.2121134, 45.4777111]}, "properties": {"id": 1409581267, "feat_type": "way", "quality_categories": "crossings_lacking_kerbs, missing_tags, replaceable_values", "issue_ids": "[2, 0, 1]", "osm_url": "https://www.openstreetmap.org/way/1409581267", "josm_url": "http://127.0.0.1:8111/load_object?new_layer=false&objects=w1409581267", "id_url": "https://www.openstreetmap.org/edit?editor=id&way=1409581267#map=20/45.4777111/9.2121134"}}, {"type": "Feature", "geometry": {"type": "Point", "coordinates": [9.2134179, 45.4888265]}, "properties": {"id": 1409589098, "feat_type": "way", "quality_categories": "crossings_lacking_kerbs, missing_tags", "issue_ids": "[0, 1]", "osm_url": "https://www.openstreetmap.org/way/1409589098", "josm_url": "http://127.0.0.1:8111/load_object?new_layer=false&objects=w1409589098", "id_url": "https://www.openstreetmap.org/edit?editor=id&way=1409589098#map=20/45.4888265/9.2134179"}}, {"type": "Feature", "geometry": {"type": "Point", "coordinates": [9.2157303, 45.4911633]}, "properties": {"id": 1409590666, "feat_type": "way", "quality_categories": "crossings_lacking_kerbs, missing_tags", "issue_ids": "[0, 1]", "osm_url": "https://www.openstreetmap.org/way/1409590666", "josm_url": "http://127.0.0.1:8111/load_object?new_layer=false&objects=w1409590666", "id_url": "https://www.openstreetmap.org/edit?editor=id&way=1409590666#map=20/45.4911633/9.2157303"}}, {"type": "Feature", "geometry": {"type": "Point", "coordinates": [9.1862973, 45.4490938]}, "properties": {"id": 1413843235, "feat_type": "way", "quality_categories": "crossings_lacking_kerbs, missing_tags", "issue_ids": "[0, 1]", "osm_url": "https://www.openstreetmap.org/way/1413843235", "josm_url": "http://127.0.0.1:8111/load_object?new_layer=false&objects=w1413843235", "id_url": "https://www.openstreetmap.org/edit?editor=id&way=1413843235#map=20/45.4490938/9.1862973"}}, {"type": "Feature", "geometry": {"type": "Point", "coordinates": [9.2641725, 45.433267]}, "properties": {"id": 1414087281, "feat_type": "way", "quality_categories": "crossings_lacking_kerbs, missing_tags", "issue_ids": "[0, 1]", "osm_url": "https://www.openstreetmap.org/way/1414087281", "josm_url": "http://127.0.0.1:8111/load_object?new_layer=false&objects=w1414087281", "id_url": "https://www.openstreetmap.org/edit?editor=id&way=1414087281#map=20/45.433267/9.2641725"}}, {"type": "Feature", "geometry": {"type": "Point", "coordinates": [9.1197987, 45.4471158]}, "properties": {"id": 1416074084, "feat_type": "way", "quality_categories": "crossings_lacking_kerbs, missing_tags", "issue_ids": "[0, 1]", "osm_url": "https://www.openstreetmap.org/way/1416074084", "josm_url": "http://127.0.0.1:8111/load_object?new_layer=false&objects=w1416074084", "id_url": "https://www.openstreetmap.org/edit?editor=id&way=1416074084#map=20/45.4471158/9.1197987"}}, {"type": "Feature", "geometry": {"type": "Point", "coordinates": [9.1199374, 45.4474503]}, "properties": {"id": 1416074085, "feat_type": "way", "quality_categories": "crossings_lacking_kerbs, missing_tags", "issue_ids": "[0, 1]", "osm_url": "https://www.openstreetmap.org/way/1416074085", "josm_url": "http://127.0.0.1:8111/load_object?new_layer=false&objects=w1416074085", "id_url": "https://www.openstreetmap.org/edit?editor=id&way=1416074085#map=20/45.4474503/9.1199374"}}, {"type": "Feature", "geometry": {"type": "Point", "coordinates": [9.1151734, 45.469523]}, "properties": {"id": 1416184674, "feat_type": "way", "quality_categories": "crossings_lacking_kerbs, missing_tags", "issue_ids": "[0, 1]", "osm_url": "https://www.openstreetmap.org/way/1416184674", "josm_url": "http://127.0.0.1:8111/load_object?new_layer=false&objects=w1416184674", "id_url": "https://www.openstreetmap.org/edit?editor=id&way=1416184674#map=20/45.469523/9.1151734"}}, {"type": "Feature", "geometry": {"type": "Point", "coordinates": [9.1150901, 45.469318]}, "properties": {"id": 1416184675, "feat_type": "way", "quality_categories": "crossings_lacking_kerbs, missing_tags", "issue_ids": "[0, 1]", "osm_url": "https://www.openstreetmap.org/way/1416184675", "josm_url": "http://127.0.0.1:8111/load_object?new_layer=false&objects=w1416184675", "id_url": "https://www.openstreetmap.org/edit?editor=id&way=1416184675#map=20/45.469318/9.1150901"}}, {"type": "Feature", "geometry": {"type": "Point", "coordinates": [9.1780584, 45.4149804]}, "properties": {"id": 1416269552, "feat_type": "way", "quality_categories": "crossings_lacking_kerbs, replaceable_values", "issue_ids": "[2, 1]", "osm_url": "https://www.openstreetmap.org/way/1416269552", "josm_url": "http://127.0.0.1:8111/load_object?new_layer=false&objects=w1416269552", "id_url": "https://www.openstreetmap.org/edit?editor=id&way=1416269552#map=20/45.4149804/9.1780584"}}, {"type": "Feature", "geometry": {"type": "Point", "coordinates": [9.2420591, 45.516847]}, "properties": {"id": 1418002166, "feat_type": "way", "quality_categories": "crossings_lacking_kerbs, missing_tags", "issue_ids": "[0, 1]", "osm_url": "https://www.openstreetmap.org/way/1418002166", "josm_url": "http://127.0.0.1:8111/load_object?new_layer=false&objects=w1418002166", "id_url": "https://www.openstreetmap.org/edit?editor=id&way=1418002166#map=20/45.516847/9.2420591"}}, {"type": "Feature", "geometry": {"type": "Point", "coordinates": [9.09567, 45.450925]}, "properties": {"id": 1418499023, "feat_type": "way", "quality_categories": "crossings_lacking_kerbs, missing_tags", "issue_ids": "[0, 1]", "osm_url": "https://www.openstreetmap.org/way/1418499023", "josm_url": "http://127.0.0.1:8111/load_object?new_layer=false&objects=w1418499023", "id_url": "https://www.openstreetmap.org/edit?editor=id&way=1418499023#map=20/45.450925/9.09567"}}, {"type": "Feature", "geometry": {"type": "Point", "coordinates": [9.218062, 45.5115025]}, "properties": {"id": 1418744537, "feat_type": "way", "quality_categories": "crossings_lacking_kerbs, missing_tags", "issue_ids": "[0, 1]", "osm_url": "https://www.openstreetmap.org/way/1418744537", "josm_url": "http://127.0.0.1:8111/load_object?new_layer=false&objects=w1418744537", "id_url": "https://www.openstreetmap.org/edit?editor=id&way=1418744537#map=20/45.5115025/9.218062"}}, {"type": "Feature", "geometry": {"type": "Point", "coordinates": [9.1048698, 45.514068]}, "properties": {"id": 1419009533, "feat_type": "way", "quality_categories": "crossings_lacking_kerbs, missing_tags", "issue_ids": "[0, 1]", "osm_url": "https://www.openstreetmap.org/way/1419009533", "josm_url": "http://127.0.0.1:8111/load_object?new_layer=false&objects=w1419009533", "id_url": "https://www.openstreetmap.org/edit?editor=id&way=1419009533#map=20/45.514068/9.1048698"}}, {"type": "Feature", "geometry": {"type": "Point", "coordinates": [9.1328523, 45.461649]}, "properties": {"id": 1419082958, "feat_type": "way", "quality_categories": "crossings_lacking_kerbs, wrong_mispelled_or_unlisted_values", "issue_ids": "[7, 1]", "osm_url": "https://www.openstreetmap.org/way/1419082958", "josm_url": "http://127.0.0.1:8111/load_object?new_layer=false&objects=w1419082958", "id_url": "https://www.openstreetmap.org/edit?editor=id&way=1419082958#map=20/45.461649/9.1328523"}}, {"type": "Feature", "geometry": {"type": "Point", "coordinates": [9.1329311, 45.4615991]}, "properties": {"id": 1419082959, "feat_type": "way", "quality_categories": "crossings_lacking_kerbs, wrong_mispelled_or_unlisted_values", "issue_ids": "[7, 1]", "osm_url": "https://www.openstreetmap.org/way/1419082959", "josm_url": "http://127.0.0.1:8111/load_object?new_layer=false&objects=w1419082959", "id_url": "https://www.openstreetmap.org/edit?editor=id&way=1419082959#map=20/45.4615991/9.1329311"}}, {"type": "Feature", "geometry": {"type": "Point", "coordinates": [9.1336938, 45.461869]}, "properties": {"id": 1419082960, "feat_type": "way", "quality_categories": "crossings_lacking_kerbs, wrong_mispelled_or_unlisted_values", "issue_ids": "[7, 1]", "osm_url": "https://www.openstreetmap.org/way/1419082960", "josm_url": "http://127.0.0.1:8111/load_object?new_layer=false&objects=w1419082960", "id_url": "https://www.openstreetmap.org/edit?editor=id&way=1419082960#map=20/45.461869/9.1336938"}}, {"type": "Feature", "geometry": {"type": "Point", "coordinates": [9.1337538, 45.4619309]}, "properties": {"id": 1419082961, "feat_type": "way", "quality_categories": "crossings_lacking_kerbs, wrong_mispelled_or_unlisted_values", "issue_ids": "[7, 1]", "osm_url": "https://www.openstreetmap.org/way/1419082961", "josm_url": "http://127.0.0.1:8111/load_object?new_layer=false&objects=w1419082961", "id_url": "https://www.openstreetmap.org/edit?editor=id&way=1419082961#map=20/45.4619309/9.1337538"}}, {"type": "Feature", "geometry": {"type": "Point", "coordinates": [9.2569456, 45.5127415]}, "properties": {"id": 1420727090, "feat_type": "way", "quality_categories": "crossings_lacking_kerbs, missing_tags, replaceable_values", "issue_ids": "[2, 0, 1]", "osm_url": "https://www.openstreetmap.org/way/1420727090", "josm_url": "http://127.0.0.1:8111/load_object?new_layer=false&objects=w1420727090", "id_url": "https://www.openstreetmap.org/edit?editor=id&way=1420727090#map=20/45.5127415/9.2569456"}}, {"type": "Feature", "geometry": {"type": "Point", "coordinates": [9.2568533, 45.5128107]}, "properties": {"id": 1420727092, "feat_type": "way", "quality_categories": "crossings_lacking_kerbs, missing_tags, replaceable_values", "issue_ids": "[2, 0, 1]", "osm_url": "https://www.openstreetmap.org/way/1420727092", "josm_url": "http://127.0.0.1:8111/load_object?new_layer=false&objects=w1420727092", "id_url": "https://www.openstreetmap.org/edit?editor=id&way=1420727092#map=20/45.5128107/9.2568533"}}, {"type": "Feature", "geometry": {"type": "Point", "coordinates": [9.1642443, 45.4589337]}, "properties": {"id": 1421043591, "feat_type": "way", "quality_categories": "crossings_lacking_kerbs, missing_tags", "issue_ids": "[0, 1]", "osm_url": "https://www.openstreetmap.org/way/1421043591", "josm_url": "http://127.0.0.1:8111/load_object?new_layer=false&objects=w1421043591", "id_url": "https://www.openstreetmap.org/edit?editor=id&way=1421043591#map=20/45.4589337/9.1642443"}}, {"type": "Feature", "geometry": {"type": "Point", "coordinates": [9.1645281, 45.459024]}, "properties": {"id": 1421043592, "feat_type": "way", "quality_categories": "crossings_lacking_kerbs, missing_tags", "issue_ids": "[0, 1]", "osm_url": "https://www.openstreetmap.org/way/1421043592", "josm_url": "http://127.0.0.1:8111/load_object?new_layer=false&objects=w1421043592", "id_url": "https://www.openstreetmap.org/edit?editor=id&way=1421043592#map=20/45.459024/9.1645281"}}, {"type": "Feature", "geometry": {"type": "Point", "coordinates": [9.1645098, 45.4591028]}, "properties": {"id": 1421043593, "feat_type": "way", "quality_categories": "crossings_lacking_kerbs, missing_tags", "issue_ids": "[0, 1]", "osm_url": "https://www.openstreetmap.org/way/1421043593", "josm_url": "http://127.0.0.1:8111/load_object?new_layer=false&objects=w1421043593", "id_url": "https://www.openstreetmap.org/edit?editor=id&way=1421043593#map=20/45.4591028/9.1645098"}}, {"type": "Feature", "geometry": {"type": "Point", "coordinates": [9.1639772, 45.4588936]}, "properties": {"id": 1421043595, "feat_type": "way", "quality_categories": "crossings_lacking_kerbs, missing_tags", "issue_ids": "[0, 1]", "osm_url": "https://www.openstreetmap.org/way/1421043595", "josm_url": "http://127.0.0.1:8111/load_object?new_layer=false&objects=w1421043595", "id_url": "https://www.openstreetmap.org/edit?editor=id&way=1421043595#map=20/45.4588936/9.1639772"}}, {"type": "Feature", "geometry": {"type": "Point", "coordinates": [9.1644024, 45.458775]}, "properties": {"id": 1421043605, "feat_type": "way", "quality_categories": "crossings_lacking_kerbs, missing_tags", "issue_ids": "[0, 1]", "osm_url": "https://www.openstreetmap.org/way/1421043605", "josm_url": "http://127.0.0.1:8111/load_object?new_layer=false&objects=w1421043605", "id_url": "https://www.openstreetmap.org/edit?editor=id&way=1421043605#map=20/45.458775/9.1644024"}}, {"type": "Feature", "geometry": {"type": "Point", "coordinates": [9.1326869, 45.4513783]}, "properties": {"id": 1421046694, "feat_type": "way", "quality_categories": "crossings_lacking_kerbs, missing_tags, wrong_mispelled_or_unlisted_values", "issue_ids": "[7, 0, 1]", "osm_url": "https://www.openstreetmap.org/way/1421046694", "josm_url": "http://127.0.0.1:8111/load_object?new_layer=false&objects=w1421046694", "id_url": "https://www.openstreetmap.org/edit?editor=id&way=1421046694#map=20/45.4513783/9.1326869"}}, {"type": "Feature", "geometry": {"type": "Point", "coordinates": [9.1318764, 45.4514373]}, "properties": {"id": 1421046695, "feat_type": "way", "quality_categories": "crossings_lacking_kerbs, missing_tags, wrong_mispelled_or_unlisted_values", "issue_ids": "[7, 0, 1]", "osm_url": "https://www.openstreetmap.org/way/1421046695", "josm_url": "http://127.0.0.1:8111/load_object?new_layer=false&objects=w1421046695", "id_url": "https://www.openstreetmap.org/edit?editor=id&way=1421046695#map=20/45.4514373/9.1318764"}}, {"type": "Feature", "geometry": {"type": "Point", "coordinates": [9.1317329, 45.4516873]}, "properties": {"id": 1421046696, "feat_type": "way", "quality_categories": "crossings_lacking_kerbs, missing_tags, wrong_mispelled_or_unlisted_values", "issue_ids": "[7, 0, 1]", "osm_url": "https://www.openstreetmap.org/way/1421046696", "josm_url": "http://127.0.0.1:8111/load_object?new_layer=false&objects=w1421046696", "id_url": "https://www.openstreetmap.org/edit?editor=id&way=1421046696#map=20/45.4516873/9.1317329"}}, {"type": "Feature", "geometry": {"type": "Point", "coordinates": [9.1320533, 45.4512444]}, "properties": {"id": 1421046697, "feat_type": "way", "quality_categories": "crossings_lacking_kerbs, missing_tags", "issue_ids": "[0, 1]", "osm_url": "https://www.openstreetmap.org/way/1421046697", "josm_url": "http://127.0.0.1:8111/load_object?new_layer=false&objects=w1421046697", "id_url": "https://www.openstreetmap.org/edit?editor=id&way=1421046697#map=20/45.4512444/9.1320533"}}, {"type": "Feature", "geometry": {"type": "Point", "coordinates": [9.1319107, 45.4514802]}, "properties": {"id": 1421046698, "feat_type": "way", "quality_categories": "crossings_lacking_kerbs, missing_tags, wrong_mispelled_or_unlisted_values", "issue_ids": "[7, 0, 1]", "osm_url": "https://www.openstreetmap.org/way/1421046698", "josm_url": "http://127.0.0.1:8111/load_object?new_layer=false&objects=w1421046698", "id_url": "https://www.openstreetmap.org/edit?editor=id&way=1421046698#map=20/45.4514802/9.1319107"}}, {"type": "Feature", "geometry": {"type": "Point", "coordinates": [9.1319509, 45.4514131]}, "properties": {"id": 1421046699, "feat_type": "way", "quality_categories": "crossings_lacking_kerbs, missing_tags, wrong_mispelled_or_unlisted_values", "issue_ids": "[7, 0, 1]", "osm_url": "https://www.openstreetmap.org/way/1421046699", "josm_url": "http://127.0.0.1:8111/load_object?new_layer=false&objects=w1421046699", "id_url": "https://www.openstreetmap.org/edit?editor=id&way=1421046699#map=20/45.4514131/9.1319509"}}, {"type": "Feature", "geometry": {"type": "Point", "coordinates": [9.1317654, 45.451728]}, "properties": {"id": 1421046700, "feat_type": "way", "quality_categories": "crossings_lacking_kerbs, missing_tags, wrong_mispelled_or_unlisted_values", "issue_ids": "[7, 0, 1]", "osm_url": "https://www.openstreetmap.org/way/1421046700", "josm_url": "http://127.0.0.1:8111/load_object?new_layer=false&objects=w1421046700", "id_url": "https://www.openstreetmap.org/edit?editor=id&way=1421046700#map=20/45.451728/9.1317654"}}, {"type": "Feature", "geometry": {"type": "Point", "coordinates": [9.1318017, 45.4516655]}, "properties": {"id": 1421046701, "feat_type": "way", "quality_categories": "crossings_lacking_kerbs, missing_tags, wrong_mispelled_or_unlisted_values", "issue_ids": "[7, 0, 1]", "osm_url": "https://www.openstreetmap.org/way/1421046701", "josm_url": "http://127.0.0.1:8111/load_object?new_layer=false&objects=w1421046701", "id_url": "https://www.openstreetmap.org/edit?editor=id&way=1421046701#map=20/45.4516655/9.1318017"}}, {"type": "Feature", "geometry": {"type": "Point", "coordinates": [9.1317666, 45.4518409]}, "properties": {"id": 1421046703, "feat_type": "way", "quality_categories": "crossings_lacking_kerbs, missing_tags, wrong_mispelled_or_unlisted_values", "issue_ids": "[7, 0, 1]", "osm_url": "https://www.openstreetmap.org/way/1421046703", "josm_url": "http://127.0.0.1:8111/load_object?new_layer=false&objects=w1421046703", "id_url": "https://www.openstreetmap.org/edit?editor=id&way=1421046703#map=20/45.4518409/9.1317666"}}, {"type": "Feature", "geometry": {"type": "Point", "coordinates": [9.1323094, 45.4520015]}, "properties": {"id": 1421046705, "feat_type": "way", "quality_categories": "crossings_lacking_kerbs, missing_tags, wrong_mispelled_or_unlisted_values", "issue_ids": "[7, 0, 1]", "osm_url": "https://www.openstreetmap.org/way/1421046705", "josm_url": "http://127.0.0.1:8111/load_object?new_layer=false&objects=w1421046705", "id_url": "https://www.openstreetmap.org/edit?editor=id&way=1421046705#map=20/45.4520015/9.1323094"}}, {"type": "Feature", "geometry": {"type": "Point", "coordinates": [9.1324959, 45.4519052]}, "properties": {"id": 1421046706, "feat_type": "way", "quality_categories": "crossings_lacking_kerbs, missing_tags, wrong_mispelled_or_unlisted_values", "issue_ids": "[7, 0, 1]", "osm_url": "https://www.openstreetmap.org/way/1421046706", "josm_url": "http://127.0.0.1:8111/load_object?new_layer=false&objects=w1421046706", "id_url": "https://www.openstreetmap.org/edit?editor=id&way=1421046706#map=20/45.4519052/9.1324959"}}, {"type": "Feature", "geometry": {"type": "Point", "coordinates": [9.1327616, 45.4513587]}, "properties": {"id": 1421046707, "feat_type": "way", "quality_categories": "crossings_lacking_kerbs, missing_tags, wrong_mispelled_or_unlisted_values", "issue_ids": "[7, 0, 1]", "osm_url": "https://www.openstreetmap.org/way/1421046707", "josm_url": "http://127.0.0.1:8111/load_object?new_layer=false&objects=w1421046707", "id_url": "https://www.openstreetmap.org/edit?editor=id&way=1421046707#map=20/45.4513587/9.1327616"}}, {"type": "Feature", "geometry": {"type": "Point", "coordinates": [9.1514071, 45.4736789]}, "properties": {"id": 1421046821, "feat_type": "way", "quality_categories": "crossings_lacking_kerbs, missing_tags, replaceable_values", "issue_ids": "[2, 0, 1]", "osm_url": "https://www.openstreetmap.org/way/1421046821", "josm_url": "http://127.0.0.1:8111/load_object?new_layer=false&objects=w1421046821", "id_url": "https://www.openstreetmap.org/edit?editor=id&way=1421046821#map=20/45.4736789/9.1514071"}}, {"type": "Feature", "geometry": {"type": "Point", "coordinates": [9.1102835, 45.4967237]}, "properties": {"id": 1421059278, "feat_type": "way", "quality_categories": "crossings_lacking_kerbs, replaceable_values", "issue_ids": "[2, 1]", "osm_url": "https://www.openstreetmap.org/way/1421059278", "josm_url": "http://127.0.0.1:8111/load_object?new_layer=false&objects=w1421059278", "id_url": "https://www.openstreetmap.org/edit?editor=id&way=1421059278#map=20/45.4967237/9.1102835"}}, {"type": "Feature", "geometry": {"type": "Point", "coordinates": [9.1105043, 45.4966947]}, "properties": {"id": 1421059280, "feat_type": "way", "quality_categories": "crossings_lacking_kerbs, replaceable_values", "issue_ids": "[2, 1]", "osm_url": "https://www.openstreetmap.org/way/1421059280", "josm_url": "http://127.0.0.1:8111/load_object?new_layer=false&objects=w1421059280", "id_url": "https://www.openstreetmap.org/edit?editor=id&way=1421059280#map=20/45.4966947/9.1105043"}}, {"type": "Feature", "geometry": {"type": "Point", "coordinates": [9.1105788, 45.4966832]}, "properties": {"id": 1421059281, "feat_type": "way", "quality_categories": "crossings_lacking_kerbs, missing_tags, replaceable_values", "issue_ids": "[2, 0, 1]", "osm_url": "https://www.openstreetmap.org/way/1421059281", "josm_url": "http://127.0.0.1:8111/load_object?new_layer=false&objects=w1421059281", "id_url": "https://www.openstreetmap.org/edit?editor=id&way=1421059281#map=20/45.4966832/9.1105788"}}, {"type": "Feature", "geometry": {"type": "Point", "coordinates": [9.115168, 45.4525728]}, "properties": {"id": 1421217322, "feat_type": "way", "quality_categories": "crossings_lacking_kerbs, missing_tags", "issue_ids": "[0, 1]", "osm_url": "https://www.openstreetmap.org/way/1421217322", "josm_url": "http://127.0.0.1:8111/load_object?new_layer=false&objects=w1421217322", "id_url": "https://www.openstreetmap.org/edit?editor=id&way=1421217322#map=20/45.4525728/9.115168"}}, {"type": "Feature", "geometry": {"type": "Point", "coordinates": [9.1162455, 45.4500585]}, "properties": {"id": 1421217323, "feat_type": "way", "quality_categories": "crossings_lacking_kerbs, missing_tags", "issue_ids": "[0, 1]", "osm_url": "https://www.openstreetmap.org/way/1421217323", "josm_url": "http://127.0.0.1:8111/load_object?new_layer=false&objects=w1421217323", "id_url": "https://www.openstreetmap.org/edit?editor=id&way=1421217323#map=20/45.4500585/9.1162455"}}, {"type": "Feature", "geometry": {"type": "Point", "coordinates": [9.1164401, 45.4499635]}, "properties": {"id": 1421217324, "feat_type": "way", "quality_categories": "crossings_lacking_kerbs, missing_tags", "issue_ids": "[0, 1]", "osm_url": "https://www.openstreetmap.org/way/1421217324", "josm_url": "http://127.0.0.1:8111/load_object?new_layer=false&objects=w1421217324", "id_url": "https://www.openstreetmap.org/edit?editor=id&way=1421217324#map=20/45.4499635/9.1164401"}}, {"type": "Feature", "geometry": {"type": "Point", "coordinates": [9.1167372, 45.4490385]}, "properties": {"id": 1421217325, "feat_type": "way", "quality_categories": "crossings_lacking_kerbs, missing_tags", "issue_ids": "[0, 1]", "osm_url": "https://www.openstreetmap.org/way/1421217325", "josm_url": "http://127.0.0.1:8111/load_object?new_layer=false&objects=w1421217325", "id_url": "https://www.openstreetmap.org/edit?editor=id&way=1421217325#map=20/45.4490385/9.1167372"}}, {"type": "Feature", "geometry": {"type": "Point", "coordinates": [9.116672, 45.4505773]}, "properties": {"id": 1421217326, "feat_type": "way", "quality_categories": "crossings_lacking_kerbs, missing_tags", "issue_ids": "[0, 1]", "osm_url": "https://www.openstreetmap.org/way/1421217326", "josm_url": "http://127.0.0.1:8111/load_object?new_layer=false&objects=w1421217326", "id_url": "https://www.openstreetmap.org/edit?editor=id&way=1421217326#map=20/45.4505773/9.116672"}}, {"type": "Feature", "geometry": {"type": "Point", "coordinates": [9.1036434, 45.4553983]}, "properties": {"id": 1421217327, "feat_type": "way", "quality_categories": "crossings_lacking_kerbs, missing_tags", "issue_ids": "[0, 1]", "osm_url": "https://www.openstreetmap.org/way/1421217327", "josm_url": "http://127.0.0.1:8111/load_object?new_layer=false&objects=w1421217327", "id_url": "https://www.openstreetmap.org/edit?editor=id&way=1421217327#map=20/45.4553983/9.1036434"}}, {"type": "Feature", "geometry": {"type": "Point", "coordinates": [9.0971139, 45.450564]}, "properties": {"id": 1421333608, "feat_type": "way", "quality_categories": "crossings_lacking_kerbs, missing_tags", "issue_ids": "[0, 1]", "osm_url": "https://www.openstreetmap.org/way/1421333608", "josm_url": "http://127.0.0.1:8111/load_object?new_layer=false&objects=w1421333608", "id_url": "https://www.openstreetmap.org/edit?editor=id&way=1421333608#map=20/45.450564/9.0971139"}}, {"type": "Feature", "geometry": {"type": "Point", "coordinates": [9.096623, 45.4505097]}, "properties": {"id": 1421333609, "feat_type": "way", "quality_categories": "crossings_lacking_kerbs, missing_tags", "issue_ids": "[0, 1]", "osm_url": "https://www.openstreetmap.org/way/1421333609", "josm_url": "http://127.0.0.1:8111/load_object?new_layer=false&objects=w1421333609", "id_url": "https://www.openstreetmap.org/edit?editor=id&way=1421333609#map=20/45.4505097/9.096623"}}, {"type": "Feature", "geometry": {"type": "Point", "coordinates": [9.2230316, 45.4283951]}, "properties": {"id": 1421344094, "feat_type": "way", "quality_categories": "crossings_lacking_kerbs, missing_tags", "issue_ids": "[0, 1]", "osm_url": "https://www.openstreetmap.org/way/1421344094", "josm_url": "http://127.0.0.1:8111/load_object?new_layer=false&objects=w1421344094", "id_url": "https://www.openstreetmap.org/edit?editor=id&way=1421344094#map=20/45.4283951/9.2230316"}}, {"type": "Feature", "geometry": {"type": "Point", "coordinates": [9.1474192, 45.4536174]}, "properties": {"id": 1421406469, "feat_type": "way", "quality_categories": "crossings_lacking_kerbs, missing_tags", "issue_ids": "[0, 1]", "osm_url": "https://www.openstreetmap.org/way/1421406469", "josm_url": "http://127.0.0.1:8111/load_object?new_layer=false&objects=w1421406469", "id_url": "https://www.openstreetmap.org/edit?editor=id&way=1421406469#map=20/45.4536174/9.1474192"}}, {"type": "Feature", "geometry": {"type": "Point", "coordinates": [9.1814785, 45.4710893]}, "properties": {"id": 1421568878, "feat_type": "way", "quality_categories": "crossings_lacking_kerbs, missing_tags", "issue_ids": "[0, 1]", "osm_url": "https://www.openstreetmap.org/way/1421568878", "josm_url": "http://127.0.0.1:8111/load_object?new_layer=false&objects=w1421568878", "id_url": "https://www.openstreetmap.org/edit?editor=id&way=1421568878#map=20/45.4710893/9.1814785"}}, {"type": "Feature", "geometry": {"type": "Point", "coordinates": [9.1323589, 45.4493735]}, "properties": {"id": 1424244877, "feat_type": "way", "quality_categories": "crossings_lacking_kerbs, missing_tags", "issue_ids": "[0, 1]", "osm_url": "https://www.openstreetmap.org/way/1424244877", "josm_url": "http://127.0.0.1:8111/load_object?new_layer=false&objects=w1424244877", "id_url": "https://www.openstreetmap.org/edit?editor=id&way=1424244877#map=20/45.4493735/9.1323589"}}, {"type": "Feature", "geometry": {"type": "Point", "coordinates": [9.1319498, 45.4489367]}, "properties": {"id": 1424244878, "feat_type": "way", "quality_categories": "crossings_lacking_kerbs, missing_tags", "issue_ids": "[0, 1]", "osm_url": "https://www.openstreetmap.org/way/1424244878", "josm_url": "http://127.0.0.1:8111/load_object?new_layer=false&objects=w1424244878", "id_url": "https://www.openstreetmap.org/edit?editor=id&way=1424244878#map=20/45.4489367/9.1319498"}}, {"type": "Feature", "geometry": {"type": "Point", "coordinates": [9.1314406, 45.4498985]}, "properties": {"id": 1424244879, "feat_type": "way", "quality_categories": "crossings_lacking_kerbs, missing_tags", "issue_ids": "[0, 1]", "osm_url": "https://www.openstreetmap.org/way/1424244879", "josm_url": "http://127.0.0.1:8111/load_object?new_layer=false&objects=w1424244879", "id_url": "https://www.openstreetmap.org/edit?editor=id&way=1424244879#map=20/45.4498985/9.1314406"}}, {"type": "Feature", "geometry": {"type": "Point", "coordinates": [9.1320852, 45.449858]}, "properties": {"id": 1424244880, "feat_type": "way", "quality_categories": "crossings_lacking_kerbs, missing_tags", "issue_ids": "[0, 1]", "osm_url": "https://www.openstreetmap.org/way/1424244880", "josm_url": "http://127.0.0.1:8111/load_object?new_layer=false&objects=w1424244880", "id_url": "https://www.openstreetmap.org/edit?editor=id&way=1424244880#map=20/45.449858/9.1320852"}}, {"type": "Feature", "geometry": {"type": "Point", "coordinates": [9.1318098, 45.4561161]}, "properties": {"id": 1424416344, "feat_type": "way", "quality_categories": "crossings_lacking_kerbs, missing_tags", "issue_ids": "[0, 1]", "osm_url": "https://www.openstreetmap.org/way/1424416344", "josm_url": "http://127.0.0.1:8111/load_object?new_layer=false&objects=w1424416344", "id_url": "https://www.openstreetmap.org/edit?editor=id&way=1424416344#map=20/45.4561161/9.1318098"}}, {"type": "Feature", "geometry": {"type": "Point", "coordinates": [9.2043592, 45.4962811]}, "properties": {"id": 1428346256, "feat_type": "way", "quality_categories": "crossings_lacking_kerbs, missing_tags", "issue_ids": "[0, 1]", "osm_url": "https://www.openstreetmap.org/way/1428346256", "josm_url": "http://127.0.0.1:8111/load_object?new_layer=false&objects=w1428346256", "id_url": "https://www.openstreetmap.org/edit?editor=id&way=1428346256#map=20/45.4962811/9.2043592"}}, {"type": "Feature", "geometry": {"type": "Point", "coordinates": [9.204329, 45.4963826]}, "properties": {"id": 1428346257, "feat_type": "way", "quality_categories": "crossings_lacking_kerbs, missing_tags, replaceable_values", "issue_ids": "[2, 0, 1]", "osm_url": "https://www.openstreetmap.org/way/1428346257", "josm_url": "http://127.0.0.1:8111/load_object?new_layer=false&objects=w1428346257", "id_url": "https://www.openstreetmap.org/edit?editor=id&way=1428346257#map=20/45.4963826/9.204329"}}, {"type": "Feature", "geometry": {"type": "Point", "coordinates": [9.2028108, 45.497044]}, "properties": {"id": 1428346258, "feat_type": "way", "quality_categories": "crossings_lacking_kerbs, missing_tags", "issue_ids": "[0, 1]", "osm_url": "https://www.openstreetmap.org/way/1428346258", "josm_url": "http://127.0.0.1:8111/load_object?new_layer=false&objects=w1428346258", "id_url": "https://www.openstreetmap.org/edit?editor=id&way=1428346258#map=20/45.497044/9.2028108"}}, {"type": "Feature", "geometry": {"type": "Point", "coordinates": [9.1299223, 45.4526693]}, "properties": {"id": 1429540302, "feat_type": "way", "quality_categories": "crossings_lacking_kerbs, missing_tags, wrong_mispelled_or_unlisted_values", "issue_ids": "[7, 0, 1]", "osm_url": "https://www.openstreetmap.org/way/1429540302", "josm_url": "http://127.0.0.1:8111/load_object?new_layer=false&objects=w1429540302", "id_url": "https://www.openstreetmap.org/edit?editor=id&way=1429540302#map=20/45.4526693/9.1299223"}}, {"type": "Feature", "geometry": {"type": "Point", "coordinates": [9.1013135, 45.5106592]}, "properties": {"id": 1430656159, "feat_type": "way", "quality_categories": "crossings_lacking_kerbs, missing_tags", "issue_ids": "[0, 1]", "osm_url": "https://www.openstreetmap.org/way/1430656159", "josm_url": "http://127.0.0.1:8111/load_object?new_layer=false&objects=w1430656159", "id_url": "https://www.openstreetmap.org/edit?editor=id&way=1430656159#map=20/45.5106592/9.1013135"}}, {"type": "Feature", "geometry": {"type": "Point", "coordinates": [9.0994229, 45.5102663]}, "properties": {"id": 1430656160, "feat_type": "way", "quality_categories": "crossings_lacking_kerbs, missing_tags", "issue_ids": "[0, 1]", "osm_url": "https://www.openstreetmap.org/way/1430656160", "josm_url": "http://127.0.0.1:8111/load_object?new_layer=false&objects=w1430656160", "id_url": "https://www.openstreetmap.org/edit?editor=id&way=1430656160#map=20/45.5102663/9.0994229"}}, {"type": "Feature", "geometry": {"type": "Point", "coordinates": [9.1004295, 45.5080938]}, "properties": {"id": 1430656163, "feat_type": "way", "quality_categories": "crossings_lacking_kerbs, missing_tags", "issue_ids": "[0, 1]", "osm_url": "https://www.openstreetmap.org/way/1430656163", "josm_url": "http://127.0.0.1:8111/load_object?new_layer=false&objects=w1430656163", "id_url": "https://www.openstreetmap.org/edit?editor=id&way=1430656163#map=20/45.5080938/9.1004295"}}, {"type": "Feature", "geometry": {"type": "Point", "coordinates": [9.1760777, 45.5239189]}, "properties": {"id": 1431073523, "feat_type": "way", "quality_categories": "crossings_lacking_kerbs, missing_tags", "issue_ids": "[0, 1]", "osm_url": "https://www.openstreetmap.org/way/1431073523", "josm_url": "http://127.0.0.1:8111/load_object?new_layer=false&objects=w1431073523", "id_url": "https://www.openstreetmap.org/edit?editor=id&way=1431073523#map=20/45.5239189/9.1760777"}}, {"type": "Feature", "geometry": {"type": "Point", "coordinates": [9.1761833, 45.523835]}, "properties": {"id": 1431073524, "feat_type": "way", "quality_categories": "crossings_lacking_kerbs, missing_tags", "issue_ids": "[0, 1]", "osm_url": "https://www.openstreetmap.org/way/1431073524", "josm_url": "http://127.0.0.1:8111/load_object?new_layer=false&objects=w1431073524", "id_url": "https://www.openstreetmap.org/edit?editor=id&way=1431073524#map=20/45.523835/9.1761833"}}, {"type": "Feature", "geometry": {"type": "Point", "coordinates": [9.1937706, 45.5153951]}, "properties": {"id": 1431087378, "feat_type": "way", "quality_categories": "crossings_lacking_kerbs, missing_tags", "issue_ids": "[0, 1]", "osm_url": "https://www.openstreetmap.org/way/1431087378", "josm_url": "http://127.0.0.1:8111/load_object?new_layer=false&objects=w1431087378", "id_url": "https://www.openstreetmap.org/edit?editor=id&way=1431087378#map=20/45.5153951/9.1937706"}}, {"type": "Feature", "geometry": {"type": "Point", "coordinates": [9.2244694, 45.4511668]}, "properties": {"id": 1431089285, "feat_type": "way", "quality_categories": "crossings_lacking_kerbs, missing_tags", "issue_ids": "[0, 1]", "osm_url": "https://www.openstreetmap.org/way/1431089285", "josm_url": "http://127.0.0.1:8111/load_object?new_layer=false&objects=w1431089285", "id_url": "https://www.openstreetmap.org/edit?editor=id&way=1431089285#map=20/45.4511668/9.2244694"}}, {"type": "Feature", "geometry": {"type": "Point", "coordinates": [9.2242996, 45.4549169]}, "properties": {"id": 1431110943, "feat_type": "way", "quality_categories": "crossings_lacking_kerbs, missing_tags", "issue_ids": "[0, 1]", "osm_url": "https://www.openstreetmap.org/way/1431110943", "josm_url": "http://127.0.0.1:8111/load_object?new_layer=false&objects=w1431110943", "id_url": "https://www.openstreetmap.org/edit?editor=id&way=1431110943#map=20/45.4549169/9.2242996"}}, {"type": "Feature", "geometry": {"type": "Point", "coordinates": [9.1743082, 45.4365542]}, "properties": {"id": 1431111730, "feat_type": "way", "quality_categories": "crossings_lacking_kerbs, missing_tags", "issue_ids": "[0, 1]", "osm_url": "https://www.openstreetmap.org/way/1431111730", "josm_url": "http://127.0.0.1:8111/load_object?new_layer=false&objects=w1431111730", "id_url": "https://www.openstreetmap.org/edit?editor=id&way=1431111730#map=20/45.4365542/9.1743082"}}, {"type": "Feature", "geometry": {"type": "Point", "coordinates": [9.1742409, 45.436562]}, "properties": {"id": 1431111732, "feat_type": "way", "quality_categories": "crossings_lacking_kerbs, missing_tags", "issue_ids": "[0, 1]", "osm_url": "https://www.openstreetmap.org/way/1431111732", "josm_url": "http://127.0.0.1:8111/load_object?new_layer=false&objects=w1431111732", "id_url": "https://www.openstreetmap.org/edit?editor=id&way=1431111732#map=20/45.436562/9.1742409"}}, {"type": "Feature", "geometry": {"type": "Point", "coordinates": [9.1818178, 45.4844102]}, "properties": {"id": 1431120941, "feat_type": "way", "quality_categories": "crossings_lacking_kerbs, missing_tags", "issue_ids": "[0, 1]", "osm_url": "https://www.openstreetmap.org/way/1431120941", "josm_url": "http://127.0.0.1:8111/load_object?new_layer=false&objects=w1431120941", "id_url": "https://www.openstreetmap.org/edit?editor=id&way=1431120941#map=20/45.4844102/9.1818178"}}, {"type": "Feature", "geometry": {"type": "Point", "coordinates": [9.2056259, 45.4677889]}, "properties": {"id": 1431127681, "feat_type": "way", "quality_categories": "crossings_lacking_kerbs, missing_tags", "issue_ids": "[0, 1]", "osm_url": "https://www.openstreetmap.org/way/1431127681", "josm_url": "http://127.0.0.1:8111/load_object?new_layer=false&objects=w1431127681", "id_url": "https://www.openstreetmap.org/edit?editor=id&way=1431127681#map=20/45.4677889/9.2056259"}}, {"type": "Feature", "geometry": {"type": "Point", "coordinates": [9.1735844, 45.4557421]}, "properties": {"id": 1431127959, "feat_type": "way", "quality_categories": "crossings_lacking_kerbs, missing_tags", "issue_ids": "[0, 1]", "osm_url": "https://www.openstreetmap.org/way/1431127959", "josm_url": "http://127.0.0.1:8111/load_object?new_layer=false&objects=w1431127959", "id_url": "https://www.openstreetmap.org/edit?editor=id&way=1431127959#map=20/45.4557421/9.1735844"}}, {"type": "Feature", "geometry": {"type": "Point", "coordinates": [9.192449, 45.4803093]}, "properties": {"id": 1431145818, "feat_type": "way", "quality_categories": "crossings_lacking_kerbs, missing_tags", "issue_ids": "[0, 1]", "osm_url": "https://www.openstreetmap.org/way/1431145818", "josm_url": "http://127.0.0.1:8111/load_object?new_layer=false&objects=w1431145818", "id_url": "https://www.openstreetmap.org/edit?editor=id&way=1431145818#map=20/45.4803093/9.192449"}}, {"type": "Feature", "geometry": {"type": "Point", "coordinates": [9.1722573, 45.4439591]}, "properties": {"id": 1431151272, "feat_type": "way", "quality_categories": "crossings_lacking_kerbs, missing_tags", "issue_ids": "[0, 1]", "osm_url": "https://www.openstreetmap.org/way/1431151272", "josm_url": "http://127.0.0.1:8111/load_object?new_layer=false&objects=w1431151272", "id_url": "https://www.openstreetmap.org/edit?editor=id&way=1431151272#map=20/45.4439591/9.1722573"}}, {"type": "Feature", "geometry": {"type": "Point", "coordinates": [9.2146217, 45.4728871]}, "properties": {"id": 1431152975, "feat_type": "way", "quality_categories": "crossings_lacking_kerbs, missing_tags", "issue_ids": "[0, 1]", "osm_url": "https://www.openstreetmap.org/way/1431152975", "josm_url": "http://127.0.0.1:8111/load_object?new_layer=false&objects=w1431152975", "id_url": "https://www.openstreetmap.org/edit?editor=id&way=1431152975#map=20/45.4728871/9.2146217"}}, {"type": "Feature", "geometry": {"type": "Point", "coordinates": [9.2134194, 45.4915486]}, "properties": {"id": 1433140619, "feat_type": "way", "quality_categories": "crossings_lacking_kerbs, replaceable_values", "issue_ids": "[2, 1]", "osm_url": "https://www.openstreetmap.org/way/1433140619", "josm_url": "http://127.0.0.1:8111/load_object?new_layer=false&objects=w1433140619", "id_url": "https://www.openstreetmap.org/edit?editor=id&way=1433140619#map=20/45.4915486/9.2134194"}}, {"type": "Feature", "geometry": {"type": "Point", "coordinates": [9.2418596, 45.4725774]}, "properties": {"id": 1433163701, "feat_type": "way", "quality_categories": "crossings_lacking_kerbs, missing_tags", "issue_ids": "[0, 1]", "osm_url": "https://www.openstreetmap.org/way/1433163701", "josm_url": "http://127.0.0.1:8111/load_object?new_layer=false&objects=w1433163701", "id_url": "https://www.openstreetmap.org/edit?editor=id&way=1433163701#map=20/45.4725774/9.2418596"}}, {"type": "Feature", "geometry": {"type": "Point", "coordinates": [9.2417779, 45.4725908]}, "properties": {"id": 1433163702, "feat_type": "way", "quality_categories": "crossings_lacking_kerbs, missing_tags", "issue_ids": "[0, 1]", "osm_url": "https://www.openstreetmap.org/way/1433163702", "josm_url": "http://127.0.0.1:8111/load_object?new_layer=false&objects=w1433163702", "id_url": "https://www.openstreetmap.org/edit?editor=id&way=1433163702#map=20/45.4725908/9.2417779"}}, {"type": "Feature", "geometry": {"type": "Point", "coordinates": [9.1706203, 45.4594]}, "properties": {"id": 1433178268, "feat_type": "way", "quality_categories": "crossings_lacking_kerbs, missing_tags", "issue_ids": "[0, 1]", "osm_url": "https://www.openstreetmap.org/way/1433178268", "josm_url": "http://127.0.0.1:8111/load_object?new_layer=false&objects=w1433178268", "id_url": "https://www.openstreetmap.org/edit?editor=id&way=1433178268#map=20/45.4594/9.1706203"}}, {"type": "Feature", "geometry": {"type": "Point", "coordinates": [9.2456478, 45.5137066]}, "properties": {"id": 1433355236, "feat_type": "way", "quality_categories": "crossings_lacking_kerbs, missing_tags", "issue_ids": "[0, 1]", "osm_url": "https://www.openstreetmap.org/way/1433355236", "josm_url": "http://127.0.0.1:8111/load_object?new_layer=false&objects=w1433355236", "id_url": "https://www.openstreetmap.org/edit?editor=id&way=1433355236#map=20/45.5137066/9.2456478"}}, {"type": "Feature", "geometry": {"type": "Point", "coordinates": [9.1854625, 45.5125771]}, "properties": {"id": 1433356764, "feat_type": "way", "quality_categories": "crossings_lacking_kerbs, replaceable_values", "issue_ids": "[2, 1]", "osm_url": "https://www.openstreetmap.org/way/1433356764", "josm_url": "http://127.0.0.1:8111/load_object?new_layer=false&objects=w1433356764", "id_url": "https://www.openstreetmap.org/edit?editor=id&way=1433356764#map=20/45.5125771/9.1854625"}}, {"type": "Feature", "geometry": {"type": "Point", "coordinates": [9.1300275, 45.4510618]}, "properties": {"id": 1433366298, "feat_type": "way", "quality_categories": "crossings_lacking_kerbs, missing_tags, replaceable_values", "issue_ids": "[2, 0, 1]", "osm_url": "https://www.openstreetmap.org/way/1433366298", "josm_url": "http://127.0.0.1:8111/load_object?new_layer=false&objects=w1433366298", "id_url": "https://www.openstreetmap.org/edit?editor=id&way=1433366298#map=20/45.4510618/9.1300275"}}, {"type": "Feature", "geometry": {"type": "Point", "coordinates": [9.2107348, 45.5069074]}, "properties": {"id": 1433373060, "feat_type": "way", "quality_categories": "crossings_lacking_kerbs, replaceable_values", "issue_ids": "[2, 1]", "osm_url": "https://www.openstreetmap.org/way/1433373060", "josm_url": "http://127.0.0.1:8111/load_object?new_layer=false&objects=w1433373060", "id_url": "https://www.openstreetmap.org/edit?editor=id&way=1433373060#map=20/45.5069074/9.2107348"}}, {"type": "Feature", "geometry": {"type": "Point", "coordinates": [9.1733521, 45.4229604]}, "properties": {"id": 1433376887, "feat_type": "way", "quality_categories": "crossings_lacking_kerbs, replaceable_values", "issue_ids": "[2, 1]", "osm_url": "https://www.openstreetmap.org/way/1433376887", "josm_url": "http://127.0.0.1:8111/load_object?new_layer=false&objects=w1433376887", "id_url": "https://www.openstreetmap.org/edit?editor=id&way=1433376887#map=20/45.4229604/9.1733521"}}, {"type": "Feature", "geometry": {"type": "Point", "coordinates": [9.1733605, 45.4230621]}, "properties": {"id": 1433376889, "feat_type": "way", "quality_categories": "crossings_lacking_kerbs, replaceable_values", "issue_ids": "[2, 1]", "osm_url": "https://www.openstreetmap.org/way/1433376889", "josm_url": "http://127.0.0.1:8111/load_object?new_layer=false&objects=w1433376889", "id_url": "https://www.openstreetmap.org/edit?editor=id&way=1433376889#map=20/45.4230621/9.1733605"}}, {"type": "Feature", "geometry": {"type": "Point", "coordinates": [9.218062, 45.5115025]}, "properties": {"id": 1433379473, "feat_type": "way", "quality_categories": "crossings_lacking_kerbs, missing_tags", "issue_ids": "[0, 1]", "osm_url": "https://www.openstreetmap.org/way/1433379473", "josm_url": "http://127.0.0.1:8111/load_object?new_layer=false&objects=w1433379473", "id_url": "https://www.openstreetmap.org/edit?editor=id&way=1433379473#map=20/45.5115025/9.218062"}}, {"type": "Feature", "geometry": {"type": "Point", "coordinates": [9.1301357, 45.4427893]}, "properties": {"id": 1433383889, "feat_type": "way", "quality_categories": "crossings_lacking_kerbs, missing_tags", "issue_ids": "[0, 1]", "osm_url": "https://www.openstreetmap.org/way/1433383889", "josm_url": "http://127.0.0.1:8111/load_object?new_layer=false&objects=w1433383889", "id_url": "https://www.openstreetmap.org/edit?editor=id&way=1433383889#map=20/45.4427893/9.1301357"}}, {"type": "Feature", "geometry": {"type": "Point", "coordinates": [9.1160127, 45.4456512]}, "properties": {"id": 1433385258, "feat_type": "way", "quality_categories": "crossings_lacking_kerbs, missing_tags", "issue_ids": "[0, 1]", "osm_url": "https://www.openstreetmap.org/way/1433385258", "josm_url": "http://127.0.0.1:8111/load_object?new_layer=false&objects=w1433385258", "id_url": "https://www.openstreetmap.org/edit?editor=id&way=1433385258#map=20/45.4456512/9.1160127"}}, {"type": "Feature", "geometry": {"type": "Point", "coordinates": [9.1162567, 45.4457278]}, "properties": {"id": 1433385259, "feat_type": "way", "quality_categories": "crossings_lacking_kerbs, missing_tags", "issue_ids": "[0, 1]", "osm_url": "https://www.openstreetmap.org/way/1433385259", "josm_url": "http://127.0.0.1:8111/load_object?new_layer=false&objects=w1433385259", "id_url": "https://www.openstreetmap.org/edit?editor=id&way=1433385259#map=20/45.4457278/9.1162567"}}, {"type": "Feature", "geometry": {"type": "Point", "coordinates": [9.1819552, 45.4783565]}, "properties": {"id": 1435083913, "feat_type": "way", "quality_categories": "crossings_lacking_kerbs, missing_tags", "issue_ids": "[0, 1]", "osm_url": "https://www.openstreetmap.org/way/1435083913", "josm_url": "http://127.0.0.1:8111/load_object?new_layer=false&objects=w1435083913", "id_url": "https://www.openstreetmap.org/edit?editor=id&way=1435083913#map=20/45.4783565/9.1819552"}}, {"type": "Feature", "geometry": {"type": "Point", "coordinates": [9.2456312, 45.5137015]}, "properties": {"id": 1442837140, "feat_type": "way", "quality_categories": "crossings_lacking_kerbs, missing_tags", "issue_ids": "[0, 1]", "osm_url": "https://www.openstreetmap.org/way/1442837140", "josm_url": "http://127.0.0.1:8111/load_object?new_layer=false&objects=w1442837140", "id_url": "https://www.openstreetmap.org/edit?editor=id&way=1442837140#map=20/45.5137015/9.2456312"}}, {"type": "Feature", "geometry": {"type": "Point", "coordinates": [9.2456891, 45.5137209]}, "properties": {"id": 1442837142, "feat_type": "way", "quality_categories": "crossings_lacking_kerbs, missing_tags", "issue_ids": "[0, 1]", "osm_url": "https://www.openstreetmap.org/way/1442837142", "josm_url": "http://127.0.0.1:8111/load_object?new_layer=false&objects=w1442837142", "id_url": "https://www.openstreetmap.org/edit?editor=id&way=1442837142#map=20/45.5137209/9.2456891"}}, {"type": "Feature", "geometry": {"type": "Point", "coordinates": [9.0928093, 45.4778644]}, "properties": {"id": 1442966104, "feat_type": "way", "quality_categories": "crossings_lacking_kerbs, missing_tags", "issue_ids": "[0, 1]", "osm_url": "https://www.openstreetmap.org/way/1442966104", "josm_url": "http://127.0.0.1:8111/load_object?new_layer=false&objects=w1442966104", "id_url": "https://www.openstreetmap.org/edit?editor=id&way=1442966104#map=20/45.4778644/9.0928093"}}, {"type": "Feature", "geometry": {"type": "Point", "coordinates": [9.0899488, 45.4645347]}, "properties": {"id": 1443274351, "feat_type": "way", "quality_categories": "crossings_lacking_kerbs, missing_tags", "issue_ids": "[0, 1]", "osm_url": "https://www.openstreetmap.org/way/1443274351", "josm_url": "http://127.0.0.1:8111/load_object?new_layer=false&objects=w1443274351", "id_url": "https://www.openstreetmap.org/edit?editor=id&way=1443274351#map=20/45.4645347/9.0899488"}}, {"type": "Feature", "geometry": {"type": "Point", "coordinates": [9.1828966, 45.4476687]}, "properties": {"id": 1445236396, "feat_type": "way", "quality_categories": "crossings_lacking_kerbs, missing_tags", "issue_ids": "[0, 1]", "osm_url": "https://www.openstreetmap.org/way/1445236396", "josm_url": "http://127.0.0.1:8111/load_object?new_layer=false&objects=w1445236396", "id_url": "https://www.openstreetmap.org/edit?editor=id&way=1445236396#map=20/45.4476687/9.1828966"}}, {"type": "Feature", "geometry": {"type": "Point", "coordinates": [9.1398702, 45.5138276]}, "properties": {"id": 1446128154, "feat_type": "way", "quality_categories": "crossings_lacking_kerbs, improper_keys", "issue_ids": "[8, 1]", "osm_url": "https://www.openstreetmap.org/way/1446128154", "josm_url": "http://127.0.0.1:8111/load_object?new_layer=false&objects=w1446128154", "id_url": "https://www.openstreetmap.org/edit?editor=id&way=1446128154#map=20/45.5138276/9.1398702"}}, {"type": "Feature", "geometry": {"type": "Point", "coordinates": [9.1395257, 45.5080715]}, "properties": {"id": 1446547096, "feat_type": "way", "quality_categories": "crossings_lacking_kerbs, missing_tags", "issue_ids": "[0, 1]", "osm_url": "https://www.openstreetmap.org/way/1446547096", "josm_url": "http://127.0.0.1:8111/load_object?new_layer=false&objects=w1446547096", "id_url": "https://www.openstreetmap.org/edit?editor=id&way=1446547096#map=20/45.5080715/9.1395257"}}, {"type": "Feature", "geometry": {"type": "Point", "coordinates": [9.1537266, 45.5215738]}, "properties": {"id": 1447511114, "feat_type": "way", "quality_categories": "crossings_lacking_kerbs, missing_tags", "issue_ids": "[0, 1]", "osm_url": "https://www.openstreetmap.org/way/1447511114", "josm_url": "http://127.0.0.1:8111/load_object?new_layer=false&objects=w1447511114", "id_url": "https://www.openstreetmap.org/edit?editor=id&way=1447511114#map=20/45.5215738/9.1537266"}}, {"type": "Feature", "geometry": {"type": "Point", "coordinates": [9.1735521, 45.5203551]}, "properties": {"id": 1447515783, "feat_type": "way", "quality_categories": "crossings_lacking_kerbs, missing_tags", "issue_ids": "[0, 1]", "osm_url": "https://www.openstreetmap.org/way/1447515783", "josm_url": "http://127.0.0.1:8111/load_object?new_layer=false&objects=w1447515783", "id_url": "https://www.openstreetmap.org/edit?editor=id&way=1447515783#map=20/45.5203551/9.1735521"}}, {"type": "Feature", "geometry": {"type": "Point", "coordinates": [9.1029531, 45.4602501]}, "properties": {"id": 1447556667, "feat_type": "way", "quality_categories": "crossings_lacking_kerbs, replaceable_values", "issue_ids": "[2, 1]", "osm_url": "https://www.openstreetmap.org/way/1447556667", "josm_url": "http://127.0.0.1:8111/load_object?new_layer=false&objects=w1447556667", "id_url": "https://www.openstreetmap.org/edit?editor=id&way=1447556667#map=20/45.4602501/9.1029531"}}, {"type": "Feature", "geometry": {"type": "Point", "coordinates": [9.1810941, 45.4663653]}, "properties": {"id": 1447799312, "feat_type": "way", "quality_categories": "crossings_lacking_kerbs, missing_tags", "issue_ids": "[0, 1]", "osm_url": "https://www.openstreetmap.org/way/1447799312", "josm_url": "http://127.0.0.1:8111/load_object?new_layer=false&objects=w1447799312", "id_url": "https://www.openstreetmap.org/edit?editor=id&way=1447799312#map=20/45.4663653/9.1810941"}}, {"type": "Feature", "geometry": {"type": "Point", "coordinates": [9.2523342, 45.4249002]}, "properties": {"id": 1448041571, "feat_type": "way", "quality_categories": "crossings_lacking_kerbs, missing_tags", "issue_ids": "[0, 1]", "osm_url": "https://www.openstreetmap.org/way/1448041571", "josm_url": "http://127.0.0.1:8111/load_object?new_layer=false&objects=w1448041571", "id_url": "https://www.openstreetmap.org/edit?editor=id&way=1448041571#map=20/45.4249002/9.2523342"}}, {"type": "Feature", "geometry": {"type": "Point", "coordinates": [9.2561378, 45.4292457]}, "properties": {"id": 1448071787, "feat_type": "way", "quality_categories": "crossings_lacking_kerbs, missing_tags", "issue_ids": "[0, 1]", "osm_url": "https://www.openstreetmap.org/way/1448071787", "josm_url": "http://127.0.0.1:8111/load_object?new_layer=false&objects=w1448071787", "id_url": "https://www.openstreetmap.org/edit?editor=id&way=1448071787#map=20/45.4292457/9.2561378"}}, {"type": "Feature", "geometry": {"type": "Point", "coordinates": [9.2559747, 45.4293905]}, "properties": {"id": 1448071790, "feat_type": "way", "quality_categories": "crossings_lacking_kerbs, missing_tags", "issue_ids": "[0, 1]", "osm_url": "https://www.openstreetmap.org/way/1448071790", "josm_url": "http://127.0.0.1:8111/load_object?new_layer=false&objects=w1448071790", "id_url": "https://www.openstreetmap.org/edit?editor=id&way=1448071790#map=20/45.4293905/9.2559747"}}, {"type": "Feature", "geometry": {"type": "Point", "coordinates": [9.1022358, 45.4918419]}, "properties": {"id": 1448295376, "feat_type": "way", "quality_categories": "crossings_lacking_kerbs, missing_tags", "issue_ids": "[0, 1]", "osm_url": "https://www.openstreetmap.org/way/1448295376", "josm_url": "http://127.0.0.1:8111/load_object?new_layer=false&objects=w1448295376", "id_url": "https://www.openstreetmap.org/edit?editor=id&way=1448295376#map=20/45.4918419/9.1022358"}}, {"type": "Feature", "geometry": {"type": "Point", "coordinates": [9.1999837, 45.4921644]}, "properties": {"id": 1448439100, "feat_type": "way", "quality_categories": "crossings_lacking_kerbs, missing_tags", "issue_ids": "[0, 1]", "osm_url": "https://www.openstreetmap.org/way/1448439100", "josm_url": "http://127.0.0.1:8111/load_object?new_layer=false&objects=w1448439100", "id_url": "https://www.openstreetmap.org/edit?editor=id&way=1448439100#map=20/45.4921644/9.1999837"}}, {"type": "Feature", "geometry": {"type": "Point", "coordinates": [9.1997644, 45.4922586]}, "properties": {"id": 1448439101, "feat_type": "way", "quality_categories": "crossings_lacking_kerbs, missing_tags", "issue_ids": "[0, 1]", "osm_url": "https://www.openstreetmap.org/way/1448439101", "josm_url": "http://127.0.0.1:8111/load_object?new_layer=false&objects=w1448439101", "id_url": "https://www.openstreetmap.org/edit?editor=id&way=1448439101#map=20/45.4922586/9.1997644"}}, {"type": "Feature", "geometry": {"type": "Point", "coordinates": [9.1431304, 45.4520956]}, "properties": {"id": 1449504301, "feat_type": "way", "quality_categories": "crossings_lacking_kerbs, missing_tags", "issue_ids": "[0, 1]", "osm_url": "https://www.openstreetmap.org/way/1449504301", "josm_url": "http://127.0.0.1:8111/load_object?new_layer=false&objects=w1449504301", "id_url": "https://www.openstreetmap.org/edit?editor=id&way=1449504301#map=20/45.4520956/9.1431304"}}, {"type": "Feature", "geometry": {"type": "Point", "coordinates": [9.1431779, 45.4521132]}, "properties": {"id": 1449504303, "feat_type": "way", "quality_categories": "crossings_lacking_kerbs, missing_tags", "issue_ids": "[0, 1]", "osm_url": "https://www.openstreetmap.org/way/1449504303", "josm_url": "http://127.0.0.1:8111/load_object?new_layer=false&objects=w1449504303", "id_url": "https://www.openstreetmap.org/edit?editor=id&way=1449504303#map=20/45.4521132/9.1431779"}}, {"type": "Feature", "geometry": {"type": "Point", "coordinates": [9.1416706, 45.4516174]}, "properties": {"id": 1449504309, "feat_type": "way", "quality_categories": "crossings_lacking_kerbs, missing_tags", "issue_ids": "[0, 1]", "osm_url": "https://www.openstreetmap.org/way/1449504309", "josm_url": "http://127.0.0.1:8111/load_object?new_layer=false&objects=w1449504309", "id_url": "https://www.openstreetmap.org/edit?editor=id&way=1449504309#map=20/45.4516174/9.1416706"}}, {"type": "Feature", "geometry": {"type": "Point", "coordinates": [9.2336125, 45.4860518]}, "properties": {"id": 1449630087, "feat_type": "way", "quality_categories": "crossings_lacking_kerbs, missing_tags", "issue_ids": "[0, 1]", "osm_url": "https://www.openstreetmap.org/way/1449630087", "josm_url": "http://127.0.0.1:8111/load_object?new_layer=false&objects=w1449630087", "id_url": "https://www.openstreetmap.org/edit?editor=id&way=1449630087#map=20/45.4860518/9.2336125"}}, {"type": "Feature", "geometry": {"type": "Point", "coordinates": [9.1823001, 45.4663804]}, "properties": {"id": 1449714669, "feat_type": "way", "quality_categories": "crossings_lacking_kerbs, replaceable_values", "issue_ids": "[2, 1]", "osm_url": "https://www.openstreetmap.org/way/1449714669", "josm_url": "http://127.0.0.1:8111/load_object?new_layer=false&objects=w1449714669", "id_url": "https://www.openstreetmap.org/edit?editor=id&way=1449714669#map=20/45.4663804/9.1823001"}}, {"type": "Feature", "geometry": {"type": "Point", "coordinates": [9.2049532, 45.4980909]}, "properties": {"id": 1449732612, "feat_type": "way", "quality_categories": "crossings_lacking_kerbs, missing_tags", "issue_ids": "[0, 1]", "osm_url": "https://www.openstreetmap.org/way/1449732612", "josm_url": "http://127.0.0.1:8111/load_object?new_layer=false&objects=w1449732612", "id_url": "https://www.openstreetmap.org/edit?editor=id&way=1449732612#map=20/45.4980909/9.2049532"}}, {"type": "Feature", "geometry": {"type": "Point", "coordinates": [9.2155821, 45.4957624]}, "properties": {"id": 1449864332, "feat_type": "way", "quality_categories": "crossings_lacking_kerbs, missing_tags", "issue_ids": "[0, 1]", "osm_url": "https://www.openstreetmap.org/way/1449864332", "josm_url": "http://127.0.0.1:8111/load_object?new_layer=false&objects=w1449864332", "id_url": "https://www.openstreetmap.org/edit?editor=id&way=1449864332#map=20/45.4957624/9.2155821"}}, {"type": "Feature", "geometry": {"type": "Point", "coordinates": [9.1790696, 45.4523453]}, "properties": {"id": 1449868190, "feat_type": "way", "quality_categories": "crossings_lacking_kerbs, missing_tags", "issue_ids": "[0, 1]", "osm_url": "https://www.openstreetmap.org/way/1449868190", "josm_url": "http://127.0.0.1:8111/load_object?new_layer=false&objects=w1449868190", "id_url": "https://www.openstreetmap.org/edit?editor=id&way=1449868190#map=20/45.4523453/9.1790696"}}, {"type": "Feature", "geometry": {"type": "Point", "coordinates": [9.1872079, 45.482425]}, "properties": {"id": 1449888794, "feat_type": "way", "quality_categories": "crossings_lacking_kerbs, missing_tags", "issue_ids": "[0, 1]", "osm_url": "https://www.openstreetmap.org/way/1449888794", "josm_url": "http://127.0.0.1:8111/load_object?new_layer=false&objects=w1449888794", "id_url": "https://www.openstreetmap.org/edit?editor=id&way=1449888794#map=20/45.482425/9.1872079"}}, {"type": "Feature", "geometry": {"type": "Point", "coordinates": [9.1702213, 45.4597228]}, "properties": {"id": 1449892796, "feat_type": "way", "quality_categories": "crossings_lacking_kerbs, missing_tags", "issue_ids": "[0, 1]", "osm_url": "https://www.openstreetmap.org/way/1449892796", "josm_url": "http://127.0.0.1:8111/load_object?new_layer=false&objects=w1449892796", "id_url": "https://www.openstreetmap.org/edit?editor=id&way=1449892796#map=20/45.4597228/9.1702213"}}, {"type": "Feature", "geometry": {"type": "Point", "coordinates": [9.2615624, 45.471173]}, "properties": {"id": 1450460230, "feat_type": "way", "quality_categories": "crossings_lacking_kerbs, missing_tags", "issue_ids": "[0, 1]", "osm_url": "https://www.openstreetmap.org/way/1450460230", "josm_url": "http://127.0.0.1:8111/load_object?new_layer=false&objects=w1450460230", "id_url": "https://www.openstreetmap.org/edit?editor=id&way=1450460230#map=20/45.471173/9.2615624"}}, {"type": "Feature", "geometry": {"type": "Point", "coordinates": [9.1866703, 45.4753476]}, "properties": {"id": 1451101885, "feat_type": "way", "quality_categories": "crossings_lacking_kerbs, missing_tags", "issue_ids": "[0, 1]", "osm_url": "https://www.openstreetmap.org/way/1451101885", "josm_url": "http://127.0.0.1:8111/load_object?new_layer=false&objects=w1451101885", "id_url": "https://www.openstreetmap.org/edit?editor=id&way=1451101885#map=20/45.4753476/9.1866703"}}, {"type": "Feature", "geometry": {"type": "Point", "coordinates": [9.1870933, 45.4753075]}, "properties": {"id": 1451101886, "feat_type": "way", "quality_categories": "crossings_lacking_kerbs, missing_tags", "issue_ids": "[0, 1]", "osm_url": "https://www.openstreetmap.org/way/1451101886", "josm_url": "http://127.0.0.1:8111/load_object?new_layer=false&objects=w1451101886", "id_url": "https://www.openstreetmap.org/edit?editor=id&way=1451101886#map=20/45.4753075/9.1870933"}}, {"type": "Feature", "geometry": {"type": "Point", "coordinates": [9.1735605, 45.4336821]}, "properties": {"id": 1452931021, "feat_type": "way", "quality_categories": "crossings_lacking_kerbs, missing_tags, replaceable_values", "issue_ids": "[2, 0, 1]", "osm_url": "https://www.openstreetmap.org/way/1452931021", "josm_url": "http://127.0.0.1:8111/load_object?new_layer=false&objects=w1452931021", "id_url": "https://www.openstreetmap.org/edit?editor=id&way=1452931021#map=20/45.4336821/9.1735605"}}, {"type": "Feature", "geometry": {"type": "Point", "coordinates": [9.1738333, 45.4348484]}, "properties": {"id": 1452931022, "feat_type": "way", "quality_categories": "crossings_lacking_kerbs, missing_tags, replaceable_values", "issue_ids": "[2, 0, 1]", "osm_url": "https://www.openstreetmap.org/way/1452931022", "josm_url": "http://127.0.0.1:8111/load_object?new_layer=false&objects=w1452931022", "id_url": "https://www.openstreetmap.org/edit?editor=id&way=1452931022#map=20/45.4348484/9.1738333"}}, {"type": "Feature", "geometry": {"type": "Point", "coordinates": [9.2044736, 45.4216496]}, "properties": {"id": 1454227529, "feat_type": "way", "quality_categories": "crossings_lacking_kerbs, missing_tags", "issue_ids": "[0, 1]", "osm_url": "https://www.openstreetmap.org/way/1454227529", "josm_url": "http://127.0.0.1:8111/load_object?new_layer=false&objects=w1454227529", "id_url": "https://www.openstreetmap.org/edit?editor=id&way=1454227529#map=20/45.4216496/9.2044736"}}, {"type": "Feature", "geometry": {"type": "Point", "coordinates": [9.1718888, 45.4172385]}, "properties": {"id": 1458386085, "feat_type": "way", "quality_categories": "crossings_lacking_kerbs, missing_tags", "issue_ids": "[0, 1]", "osm_url": "https://www.openstreetmap.org/way/1458386085", "josm_url": "http://127.0.0.1:8111/load_object?new_layer=false&objects=w1458386085", "id_url": "https://www.openstreetmap.org/edit?editor=id&way=1458386085#map=20/45.4172385/9.1718888"}}, {"type": "Feature", "geometry": {"type": "Point", "coordinates": [9.1955857, 45.4556619]}, "properties": {"id": 1458452352, "feat_type": "way", "quality_categories": "crossings_lacking_kerbs, missing_tags", "issue_ids": "[0, 1]", "osm_url": "https://www.openstreetmap.org/way/1458452352", "josm_url": "http://127.0.0.1:8111/load_object?new_layer=false&objects=w1458452352", "id_url": "https://www.openstreetmap.org/edit?editor=id&way=1458452352#map=20/45.4556619/9.1955857"}}, {"type": "Feature", "geometry": {"type": "Point", "coordinates": [9.1730111, 45.4830509]}, "properties": {"id": 1458505251, "feat_type": "way", "quality_categories": "crossings_lacking_kerbs, missing_tags", "issue_ids": "[0, 1]", "osm_url": "https://www.openstreetmap.org/way/1458505251", "josm_url": "http://127.0.0.1:8111/load_object?new_layer=false&objects=w1458505251", "id_url": "https://www.openstreetmap.org/edit?editor=id&way=1458505251#map=20/45.4830509/9.1730111"}}, {"type": "Feature", "geometry": {"type": "Point", "coordinates": [9.173025, 45.4831353]}, "properties": {"id": 1458505252, "feat_type": "way", "quality_categories": "crossings_lacking_kerbs, missing_tags", "issue_ids": "[0, 1]", "osm_url": "https://www.openstreetmap.org/way/1458505252", "josm_url": "http://127.0.0.1:8111/load_object?new_layer=false&objects=w1458505252", "id_url": "https://www.openstreetmap.org/edit?editor=id&way=1458505252#map=20/45.4831353/9.173025"}}, {"type": "Feature", "geometry": {"type": "Point", "coordinates": [9.1679786, 45.4169071]}, "properties": {"id": 1459127509, "feat_type": "way", "quality_categories": "crossings_lacking_kerbs, missing_tags", "issue_ids": "[0, 1]", "osm_url": "https://www.openstreetmap.org/way/1459127509", "josm_url": "http://127.0.0.1:8111/load_object?new_layer=false&objects=w1459127509", "id_url": "https://www.openstreetmap.org/edit?editor=id&way=1459127509#map=20/45.4169071/9.1679786"}}, {"type": "Feature", "geometry": {"type": "Point", "coordinates": [9.2361496, 45.5142063]}, "properties": {"id": 1460398786, "feat_type": "way", "quality_categories": "crossings_lacking_kerbs, missing_tags", "issue_ids": "[0, 1]", "osm_url": "https://www.openstreetmap.org/way/1460398786", "josm_url": "http://127.0.0.1:8111/load_object?new_layer=false&objects=w1460398786", "id_url": "https://www.openstreetmap.org/edit?editor=id&way=1460398786#map=20/45.5142063/9.2361496"}}, {"type": "Feature", "geometry": {"type": "Point", "coordinates": [9.1471931, 45.4367749]}, "properties": {"id": 1460403979, "feat_type": "way", "quality_categories": "crossings_lacking_kerbs, missing_tags", "issue_ids": "[0, 1]", "osm_url": "https://www.openstreetmap.org/way/1460403979", "josm_url": "http://127.0.0.1:8111/load_object?new_layer=false&objects=w1460403979", "id_url": "https://www.openstreetmap.org/edit?editor=id&way=1460403979#map=20/45.4367749/9.1471931"}}, {"type": "Feature", "geometry": {"type": "Point", "coordinates": [9.1463683, 45.4367879]}, "properties": {"id": 1460403980, "feat_type": "way", "quality_categories": "crossings_lacking_kerbs, missing_tags", "issue_ids": "[0, 1]", "osm_url": "https://www.openstreetmap.org/way/1460403980", "josm_url": "http://127.0.0.1:8111/load_object?new_layer=false&objects=w1460403980", "id_url": "https://www.openstreetmap.org/edit?editor=id&way=1460403980#map=20/45.4367879/9.1463683"}}, {"type": "Feature", "geometry": {"type": "Point", "coordinates": [9.1461488, 45.4365483]}, "properties": {"id": 1460403989, "feat_type": "way", "quality_categories": "crossings_lacking_kerbs, missing_tags", "issue_ids": "[0, 1]", "osm_url": "https://www.openstreetmap.org/way/1460403989", "josm_url": "http://127.0.0.1:8111/load_object?new_layer=false&objects=w1460403989", "id_url": "https://www.openstreetmap.org/edit?editor=id&way=1460403989#map=20/45.4365483/9.1461488"}}, {"type": "Feature", "geometry": {"type": "Point", "coordinates": [9.1152677, 45.4767351]}, "properties": {"id": 1460459148, "feat_type": "way", "quality_categories": "crossings_lacking_kerbs, missing_tags", "issue_ids": "[0, 1]", "osm_url": "https://www.openstreetmap.org/way/1460459148", "josm_url": "http://127.0.0.1:8111/load_object?new_layer=false&objects=w1460459148", "id_url": "https://www.openstreetmap.org/edit?editor=id&way=1460459148#map=20/45.4767351/9.1152677"}}, {"type": "Feature", "geometry": {"type": "Point", "coordinates": [9.2667935, 45.5087819]}, "properties": {"id": 1460466736, "feat_type": "way", "quality_categories": "crossings_lacking_kerbs, missing_tags", "issue_ids": "[0, 1]", "osm_url": "https://www.openstreetmap.org/way/1460466736", "josm_url": "http://127.0.0.1:8111/load_object?new_layer=false&objects=w1460466736", "id_url": "https://www.openstreetmap.org/edit?editor=id&way=1460466736#map=20/45.5087819/9.2667935"}}, {"type": "Feature", "geometry": {"type": "Point", "coordinates": [9.1783457, 45.454947]}, "properties": {"id": 1460650655, "feat_type": "way", "quality_categories": "crossings_lacking_kerbs, missing_tags", "issue_ids": "[0, 1]", "osm_url": "https://www.openstreetmap.org/way/1460650655", "josm_url": "http://127.0.0.1:8111/load_object?new_layer=false&objects=w1460650655", "id_url": "https://www.openstreetmap.org/edit?editor=id&way=1460650655#map=20/45.454947/9.1783457"}}, {"type": "Feature", "geometry": {"type": "Point", "coordinates": [9.114256, 45.5163934]}, "properties": {"id": 1460652465, "feat_type": "way", "quality_categories": "crossings_lacking_kerbs, missing_tags", "issue_ids": "[0, 1]", "osm_url": "https://www.openstreetmap.org/way/1460652465", "josm_url": "http://127.0.0.1:8111/load_object?new_layer=false&objects=w1460652465", "id_url": "https://www.openstreetmap.org/edit?editor=id&way=1460652465#map=20/45.5163934/9.114256"}}, {"type": "Feature", "geometry": {"type": "Point", "coordinates": [9.1153898, 45.5163244]}, "properties": {"id": 1460652467, "feat_type": "way", "quality_categories": "crossings_lacking_kerbs, missing_tags", "issue_ids": "[0, 1]", "osm_url": "https://www.openstreetmap.org/way/1460652467", "josm_url": "http://127.0.0.1:8111/load_object?new_layer=false&objects=w1460652467", "id_url": "https://www.openstreetmap.org/edit?editor=id&way=1460652467#map=20/45.5163244/9.1153898"}}, {"type": "Feature", "geometry": {"type": "Point", "coordinates": [9.115444, 45.5164084]}, "properties": {"id": 1460652469, "feat_type": "way", "quality_categories": "crossings_lacking_kerbs, missing_tags", "issue_ids": "[0, 1]", "osm_url": "https://www.openstreetmap.org/way/1460652469", "josm_url": "http://127.0.0.1:8111/load_object?new_layer=false&objects=w1460652469", "id_url": "https://www.openstreetmap.org/edit?editor=id&way=1460652469#map=20/45.5164084/9.115444"}}, {"type": "Feature", "geometry": {"type": "Point", "coordinates": [9.2228725, 45.4320261]}, "properties": {"id": 1460657452, "feat_type": "way", "quality_categories": "crossings_lacking_kerbs, missing_tags", "issue_ids": "[0, 1]", "osm_url": "https://www.openstreetmap.org/way/1460657452", "josm_url": "http://127.0.0.1:8111/load_object?new_layer=false&objects=w1460657452", "id_url": "https://www.openstreetmap.org/edit?editor=id&way=1460657452#map=20/45.4320261/9.2228725"}}, {"type": "Feature", "geometry": {"type": "Point", "coordinates": [9.2045302, 45.5230277]}, "properties": {"id": 1461423005, "feat_type": "way", "quality_categories": "crossings_lacking_kerbs, replaceable_values", "issue_ids": "[2, 1]", "osm_url": "https://www.openstreetmap.org/way/1461423005", "josm_url": "http://127.0.0.1:8111/load_object?new_layer=false&objects=w1461423005", "id_url": "https://www.openstreetmap.org/edit?editor=id&way=1461423005#map=20/45.5230277/9.2045302"}}, {"type": "Feature", "geometry": {"type": "Point", "coordinates": [9.1098314, 45.4688831]}, "properties": {"id": 1463766604, "feat_type": "way", "quality_categories": "crossings_lacking_kerbs, missing_tags", "issue_ids": "[0, 1]", "osm_url": "https://www.openstreetmap.org/way/1463766604", "josm_url": "http://127.0.0.1:8111/load_object?new_layer=false&objects=w1463766604", "id_url": "https://www.openstreetmap.org/edit?editor=id&way=1463766604#map=20/45.4688831/9.1098314"}}, {"type": "Feature", "geometry": {"type": "Point", "coordinates": [9.0898036, 45.4624661]}, "properties": {"id": 1463965570, "feat_type": "way", "quality_categories": "crossings_lacking_kerbs, missing_tags", "issue_ids": "[0, 1]", "osm_url": "https://www.openstreetmap.org/way/1463965570", "josm_url": "http://127.0.0.1:8111/load_object?new_layer=false&objects=w1463965570", "id_url": "https://www.openstreetmap.org/edit?editor=id&way=1463965570#map=20/45.4624661/9.0898036"}}, {"type": "Feature", "geometry": {"type": "Point", "coordinates": [9.0912764, 45.463207]}, "properties": {"id": 1463965573, "feat_type": "way", "quality_categories": "crossings_lacking_kerbs, missing_tags", "issue_ids": "[0, 1]", "osm_url": "https://www.openstreetmap.org/way/1463965573", "josm_url": "http://127.0.0.1:8111/load_object?new_layer=false&objects=w1463965573", "id_url": "https://www.openstreetmap.org/edit?editor=id&way=1463965573#map=20/45.463207/9.0912764"}}, {"type": "Feature", "geometry": {"type": "Point", "coordinates": [9.0916468, 45.4633821]}, "properties": {"id": 1463965574, "feat_type": "way", "quality_categories": "crossings_lacking_kerbs, missing_tags", "issue_ids": "[0, 1]", "osm_url": "https://www.openstreetmap.org/way/1463965574", "josm_url": "http://127.0.0.1:8111/load_object?new_layer=false&objects=w1463965574", "id_url": "https://www.openstreetmap.org/edit?editor=id&way=1463965574#map=20/45.4633821/9.0916468"}}, {"type": "Feature", "geometry": {"type": "Point", "coordinates": [9.0874152, 45.4607806]}, "properties": {"id": 1463965585, "feat_type": "way", "quality_categories": "crossings_lacking_kerbs, missing_tags", "issue_ids": "[0, 1]", "osm_url": "https://www.openstreetmap.org/way/1463965585", "josm_url": "http://127.0.0.1:8111/load_object?new_layer=false&objects=w1463965585", "id_url": "https://www.openstreetmap.org/edit?editor=id&way=1463965585#map=20/45.4607806/9.0874152"}}, {"type": "Feature", "geometry": {"type": "Point", "coordinates": [9.114414, 45.4829122]}, "properties": {"id": 1465727000, "feat_type": "way", "quality_categories": "crossings_lacking_kerbs, missing_tags", "issue_ids": "[0, 1]", "osm_url": "https://www.openstreetmap.org/way/1465727000", "josm_url": "http://127.0.0.1:8111/load_object?new_layer=false&objects=w1465727000", "id_url": "https://www.openstreetmap.org/edit?editor=id&way=1465727000#map=20/45.4829122/9.114414"}}, {"type": "Feature", "geometry": {"type": "Point", "coordinates": [9.2177676, 45.4960264]}, "properties": {"id": 1466190175, "feat_type": "way", "quality_categories": "crossings_lacking_kerbs, missing_tags, wrong_mispelled_or_unlisted_values", "issue_ids": "[7, 0, 1]", "osm_url": "https://www.openstreetmap.org/way/1466190175", "josm_url": "http://127.0.0.1:8111/load_object?new_layer=false&objects=w1466190175", "id_url": "https://www.openstreetmap.org/edit?editor=id&way=1466190175#map=20/45.4960264/9.2177676"}}, {"type": "Feature", "geometry": {"type": "Point", "coordinates": [9.2606077, 45.4448121]}, "properties": {"id": 1467617063, "feat_type": "way", "quality_categories": "crossings_lacking_kerbs, missing_tags", "issue_ids": "[0, 1]", "osm_url": "https://www.openstreetmap.org/way/1467617063", "josm_url": "http://127.0.0.1:8111/load_object?new_layer=false&objects=w1467617063", "id_url": "https://www.openstreetmap.org/edit?editor=id&way=1467617063#map=20/45.4448121/9.2606077"}}, {"type": "Feature", "geometry": {"type": "Point", "coordinates": [9.167645, 45.4609749]}, "properties": {"id": 1467627563, "feat_type": "way", "quality_categories": "crossings_lacking_kerbs, missing_tags", "issue_ids": "[0, 1]", "osm_url": "https://www.openstreetmap.org/way/1467627563", "josm_url": "http://127.0.0.1:8111/load_object?new_layer=false&objects=w1467627563", "id_url": "https://www.openstreetmap.org/edit?editor=id&way=1467627563#map=20/45.4609749/9.167645"}}, {"type": "Feature", "geometry": {"type": "Point", "coordinates": [9.1192696, 45.4568111]}, "properties": {"id": 1467693918, "feat_type": "way", "quality_categories": "crossings_lacking_kerbs, missing_tags", "issue_ids": "[0, 1]", "osm_url": "https://www.openstreetmap.org/way/1467693918", "josm_url": "http://127.0.0.1:8111/load_object?new_layer=false&objects=w1467693918", "id_url": "https://www.openstreetmap.org/edit?editor=id&way=1467693918#map=20/45.4568111/9.1192696"}}, {"type": "Feature", "geometry": {"type": "Point", "coordinates": [9.2573723, 45.4579018]}, "properties": {"id": 1467901304, "feat_type": "way", "quality_categories": "crossings_lacking_kerbs, missing_tags", "issue_ids": "[0, 1]", "osm_url": "https://www.openstreetmap.org/way/1467901304", "josm_url": "http://127.0.0.1:8111/load_object?new_layer=false&objects=w1467901304", "id_url": "https://www.openstreetmap.org/edit?editor=id&way=1467901304#map=20/45.4579018/9.2573723"}}, {"type": "Feature", "geometry": {"type": "Point", "coordinates": [9.2575188, 45.4578981]}, "properties": {"id": 1467901306, "feat_type": "way", "quality_categories": "crossings_lacking_kerbs, missing_tags", "issue_ids": "[0, 1]", "osm_url": "https://www.openstreetmap.org/way/1467901306", "josm_url": "http://127.0.0.1:8111/load_object?new_layer=false&objects=w1467901306", "id_url": "https://www.openstreetmap.org/edit?editor=id&way=1467901306#map=20/45.4578981/9.2575188"}}, {"type": "Feature", "geometry": {"type": "Point", "coordinates": [9.176736, 45.4150681]}, "properties": {"id": 1471759182, "feat_type": "way", "quality_categories": "crossings_lacking_kerbs, replaceable_values", "issue_ids": "[2, 1]", "osm_url": "https://www.openstreetmap.org/way/1471759182", "josm_url": "http://127.0.0.1:8111/load_object?new_layer=false&objects=w1471759182", "id_url": "https://www.openstreetmap.org/edit?editor=id&way=1471759182#map=20/45.4150681/9.176736"}}, {"type": "Feature", "geometry": {"type": "Point", "coordinates": [9.1623159, 45.4583006]}, "properties": {"id": 1472060434, "feat_type": "way", "quality_categories": "crossings_lacking_kerbs, missing_tags", "issue_ids": "[0, 1]", "osm_url": "https://www.openstreetmap.org/way/1472060434", "josm_url": "http://127.0.0.1:8111/load_object?new_layer=false&objects=w1472060434", "id_url": "https://www.openstreetmap.org/edit?editor=id&way=1472060434#map=20/45.4583006/9.1623159"}}, {"type": "Feature", "geometry": {"type": "Point", "coordinates": [9.1608786, 45.4579575]}, "properties": {"id": 1472061734, "feat_type": "way", "quality_categories": "crossings_lacking_kerbs, missing_tags", "issue_ids": "[0, 1]", "osm_url": "https://www.openstreetmap.org/way/1472061734", "josm_url": "http://127.0.0.1:8111/load_object?new_layer=false&objects=w1472061734", "id_url": "https://www.openstreetmap.org/edit?editor=id&way=1472061734#map=20/45.4579575/9.1608786"}}, {"type": "Feature", "geometry": {"type": "Point", "coordinates": [9.1608758, 45.4578388]}, "properties": {"id": 1472061735, "feat_type": "way", "quality_categories": "crossings_lacking_kerbs, missing_tags", "issue_ids": "[0, 1]", "osm_url": "https://www.openstreetmap.org/way/1472061735", "josm_url": "http://127.0.0.1:8111/load_object?new_layer=false&objects=w1472061735", "id_url": "https://www.openstreetmap.org/edit?editor=id&way=1472061735#map=20/45.4578388/9.1608758"}}, {"type": "Feature", "geometry": {"type": "Point", "coordinates": [9.1600193, 45.4575602]}, "properties": {"id": 1472061736, "feat_type": "way", "quality_categories": "crossings_lacking_kerbs, missing_tags", "issue_ids": "[0, 1]", "osm_url": "https://www.openstreetmap.org/way/1472061736", "josm_url": "http://127.0.0.1:8111/load_object?new_layer=false&objects=w1472061736", "id_url": "https://www.openstreetmap.org/edit?editor=id&way=1472061736#map=20/45.4575602/9.1600193"}}, {"type": "Feature", "geometry": {"type": "Point", "coordinates": [9.1230576, 45.4438706]}, "properties": {"id": 1472981126, "feat_type": "way", "quality_categories": "crossings_lacking_kerbs, missing_tags", "issue_ids": "[0, 1]", "osm_url": "https://www.openstreetmap.org/way/1472981126", "josm_url": "http://127.0.0.1:8111/load_object?new_layer=false&objects=w1472981126", "id_url": "https://www.openstreetmap.org/edit?editor=id&way=1472981126#map=20/45.4438706/9.1230576"}}, {"type": "Feature", "geometry": {"type": "Point", "coordinates": [9.125513, 45.4510086]}, "properties": {"id": 1481722007, "feat_type": "way", "quality_categories": "crossings_lacking_kerbs, missing_tags", "issue_ids": "[0, 1]", "osm_url": "https://www.openstreetmap.org/way/1481722007", "josm_url": "http://127.0.0.1:8111/load_object?new_layer=false&objects=w1481722007", "id_url": "https://www.openstreetmap.org/edit?editor=id&way=1481722007#map=20/45.4510086/9.125513"}}, {"type": "Feature", "geometry": {"type": "Point", "coordinates": [9.1938777, 45.458173]}, "properties": {"id": 1482504819, "feat_type": "way", "quality_categories": "crossings_lacking_kerbs, missing_tags", "issue_ids": "[0, 1]", "osm_url": "https://www.openstreetmap.org/way/1482504819", "josm_url": "http://127.0.0.1:8111/load_object?new_layer=false&objects=w1482504819", "id_url": "https://www.openstreetmap.org/edit?editor=id&way=1482504819#map=20/45.458173/9.1938777"}}, {"type": "Feature", "geometry": {"type": "Point", "coordinates": [9.1889306, 45.456494]}, "properties": {"id": 1482510191, "feat_type": "way", "quality_categories": "crossings_lacking_kerbs, missing_tags", "issue_ids": "[0, 1]", "osm_url": "https://www.openstreetmap.org/way/1482510191", "josm_url": "http://127.0.0.1:8111/load_object?new_layer=false&objects=w1482510191", "id_url": "https://www.openstreetmap.org/edit?editor=id&way=1482510191#map=20/45.456494/9.1889306"}}, {"type": "Feature", "geometry": {"type": "Point", "coordinates": [9.1747005, 45.4382267]}, "properties": {"id": 1486884351, "feat_type": "way", "quality_categories": "crossings_lacking_kerbs, missing_tags, replaceable_values", "issue_ids": "[2, 0, 1]", "osm_url": "https://www.openstreetmap.org/way/1486884351", "josm_url": "http://127.0.0.1:8111/load_object?new_layer=false&objects=w1486884351", "id_url": "https://www.openstreetmap.org/edit?editor=id&way=1486884351#map=20/45.4382267/9.1747005"}}, {"type": "Feature", "geometry": {"type": "Point", "coordinates": [9.1741716, 45.4362774]}, "properties": {"id": 1486884353, "feat_type": "way", "quality_categories": "crossings_lacking_kerbs, missing_tags, replaceable_values", "issue_ids": "[2, 0, 1]", "osm_url": "https://www.openstreetmap.org/way/1486884353", "josm_url": "http://127.0.0.1:8111/load_object?new_layer=false&objects=w1486884353", "id_url": "https://www.openstreetmap.org/edit?editor=id&way=1486884353#map=20/45.4362774/9.1741716"}}, {"type": "Feature", "geometry": {"type": "Point", "coordinates": [9.17387, 45.4350106]}, "properties": {"id": 1486884355, "feat_type": "way", "quality_categories": "crossings_lacking_kerbs, missing_tags, replaceable_values", "issue_ids": "[2, 0, 1]", "osm_url": "https://www.openstreetmap.org/way/1486884355", "josm_url": "http://127.0.0.1:8111/load_object?new_layer=false&objects=w1486884355", "id_url": "https://www.openstreetmap.org/edit?editor=id&way=1486884355#map=20/45.4350106/9.17387"}}, {"type": "Feature", "geometry": {"type": "Point", "coordinates": [9.1095801, 45.4517837]}, "properties": {"id": 1491171668, "feat_type": "way", "quality_categories": "crossings_lacking_kerbs, missing_tags", "issue_ids": "[0, 1]", "osm_url": "https://www.openstreetmap.org/way/1491171668", "josm_url": "http://127.0.0.1:8111/load_object?new_layer=false&objects=w1491171668", "id_url": "https://www.openstreetmap.org/edit?editor=id&way=1491171668#map=20/45.4517837/9.1095801"}}, {"type": "Feature", "geometry": {"type": "Point", "coordinates": [9.1938827, 45.4726341]}, "properties": {"id": 1491626977, "feat_type": "way", "quality_categories": "crossings_lacking_kerbs, missing_tags", "issue_ids": "[0, 1]", "osm_url": "https://www.openstreetmap.org/way/1491626977", "josm_url": "http://127.0.0.1:8111/load_object?new_layer=false&objects=w1491626977", "id_url": "https://www.openstreetmap.org/edit?editor=id&way=1491626977#map=20/45.4726341/9.1938827"}}, {"type": "Feature", "geometry": {"type": "Point", "coordinates": [9.1975845, 45.4477359]}, "properties": {"id": 1491626980, "feat_type": "way", "quality_categories": "crossings_lacking_kerbs, missing_tags", "issue_ids": "[0, 1]", "osm_url": "https://www.openstreetmap.org/way/1491626980", "josm_url": "http://127.0.0.1:8111/load_object?new_layer=false&objects=w1491626980", "id_url": "https://www.openstreetmap.org/edit?editor=id&way=1491626980#map=20/45.4477359/9.1975845"}}, {"type": "Feature", "geometry": {"type": "Point", "coordinates": [9.1208495, 45.4551999]}, "properties": {"id": 1491750433, "feat_type": "way", "quality_categories": "crossings_lacking_kerbs, missing_tags", "issue_ids": "[0, 1]", "osm_url": "https://www.openstreetmap.org/way/1491750433", "josm_url": "http://127.0.0.1:8111/load_object?new_layer=false&objects=w1491750433", "id_url": "https://www.openstreetmap.org/edit?editor=id&way=1491750433#map=20/45.4551999/9.1208495"}}, {"type": "Feature", "geometry": {"type": "Point", "coordinates": [9.2391079, 45.435282]}, "properties": {"id": 1495462753, "feat_type": "way", "quality_categories": "crossings_lacking_kerbs, missing_tags", "issue_ids": "[0, 1]", "osm_url": "https://www.openstreetmap.org/way/1495462753", "josm_url": "http://127.0.0.1:8111/load_object?new_layer=false&objects=w1495462753", "id_url": "https://www.openstreetmap.org/edit?editor=id&way=1495462753#map=20/45.435282/9.2391079"}}, {"type": "Feature", "geometry": {"type": "Point", "coordinates": [9.146157, 45.4459078]}, "properties": {"id": 1501009898, "feat_type": "way", "quality_categories": "crossings_lacking_kerbs, missing_tags", "issue_ids": "[0, 1]", "osm_url": "https://www.openstreetmap.org/way/1501009898", "josm_url": "http://127.0.0.1:8111/load_object?new_layer=false&objects=w1501009898", "id_url": "https://www.openstreetmap.org/edit?editor=id&way=1501009898#map=20/45.4459078/9.146157"}}, {"type": "Feature", "geometry": {"type": "Point", "coordinates": [9.1535014, 45.4473775]}, "properties": {"id": 1501009899, "feat_type": "way", "quality_categories": "crossings_lacking_kerbs, missing_tags", "issue_ids": "[0, 1]", "osm_url": "https://www.openstreetmap.org/way/1501009899", "josm_url": "http://127.0.0.1:8111/load_object?new_layer=false&objects=w1501009899", "id_url": "https://www.openstreetmap.org/edit?editor=id&way=1501009899#map=20/45.4473775/9.1535014"}}, {"type": "Feature", "geometry": {"type": "Point", "coordinates": [9.1025689, 45.5074332]}, "properties": {"id": 1501197003, "feat_type": "way", "quality_categories": "crossings_lacking_kerbs, missing_tags", "issue_ids": "[0, 1]", "osm_url": "https://www.openstreetmap.org/way/1501197003", "josm_url": "http://127.0.0.1:8111/load_object?new_layer=false&objects=w1501197003", "id_url": "https://www.openstreetmap.org/edit?editor=id&way=1501197003#map=20/45.5074332/9.1025689"}}, {"type": "Feature", "geometry": {"type": "Point", "coordinates": [9.1312857, 45.4462891]}, "properties": {"id": 1501513430, "feat_type": "way", "quality_categories": "crossings_lacking_kerbs, missing_tags", "issue_ids": "[0, 1]", "osm_url": "https://www.openstreetmap.org/way/1501513430", "josm_url": "http://127.0.0.1:8111/load_object?new_layer=false&objects=w1501513430", "id_url": "https://www.openstreetmap.org/edit?editor=id&way=1501513430#map=20/45.4462891/9.1312857"}}, {"type": "Feature", "geometry": {"type": "Point", "coordinates": [9.1314076, 45.4461635]}, "properties": {"id": 1501513431, "feat_type": "way", "quality_categories": "crossings_lacking_kerbs, missing_tags", "issue_ids": "[0, 1]", "osm_url": "https://www.openstreetmap.org/way/1501513431", "josm_url": "http://127.0.0.1:8111/load_object?new_layer=false&objects=w1501513431", "id_url": "https://www.openstreetmap.org/edit?editor=id&way=1501513431#map=20/45.4461635/9.1314076"}}, {"type": "Feature", "geometry": {"type": "Point", "coordinates": [9.1416398, 45.460772]}, "properties": {"id": 1502746714, "feat_type": "way", "quality_categories": "crossings_lacking_kerbs, missing_tags", "issue_ids": "[0, 1]", "osm_url": "https://www.openstreetmap.org/way/1502746714", "josm_url": "http://127.0.0.1:8111/load_object?new_layer=false&objects=w1502746714", "id_url": "https://www.openstreetmap.org/edit?editor=id&way=1502746714#map=20/45.460772/9.1416398"}}, {"type": "Feature", "geometry": {"type": "Point", "coordinates": [9.1313926, 45.4481566]}, "properties": {"id": 1503837287, "feat_type": "way", "quality_categories": "crossings_lacking_kerbs, missing_tags", "issue_ids": "[0, 1]", "osm_url": "https://www.openstreetmap.org/way/1503837287", "josm_url": "http://127.0.0.1:8111/load_object?new_layer=false&objects=w1503837287", "id_url": "https://www.openstreetmap.org/edit?editor=id&way=1503837287#map=20/45.4481566/9.1313926"}}, {"type": "Feature", "geometry": {"type": "Point", "coordinates": [9.1061402, 45.494355]}, "properties": {"id": 1503887740, "feat_type": "way", "quality_categories": "crossings_lacking_kerbs, missing_tags", "issue_ids": "[0, 1]", "osm_url": "https://www.openstreetmap.org/way/1503887740", "josm_url": "http://127.0.0.1:8111/load_object?new_layer=false&objects=w1503887740", "id_url": "https://www.openstreetmap.org/edit?editor=id&way=1503887740#map=20/45.494355/9.1061402"}}, {"type": "Feature", "geometry": {"type": "Point", "coordinates": [9.1452732, 45.4717558]}, "properties": {"id": 1504201437, "feat_type": "way", "quality_categories": "crossings_lacking_kerbs, missing_tags", "issue_ids": "[0, 1]", "osm_url": "https://www.openstreetmap.org/way/1504201437", "josm_url": "http://127.0.0.1:8111/load_object?new_layer=false&objects=w1504201437", "id_url": "https://www.openstreetmap.org/edit?editor=id&way=1504201437#map=20/45.4717558/9.1452732"}}, {"type": "Feature", "geometry": {"type": "Point", "coordinates": [9.2058605, 45.5077852]}, "properties": {"id": 1505514991, "feat_type": "way", "quality_categories": "crossings_lacking_kerbs, missing_tags", "issue_ids": "[0, 1]", "osm_url": "https://www.openstreetmap.org/way/1505514991", "josm_url": "http://127.0.0.1:8111/load_object?new_layer=false&objects=w1505514991", "id_url": "https://www.openstreetmap.org/edit?editor=id&way=1505514991#map=20/45.5077852/9.2058605"}}, {"type": "Feature", "geometry": {"type": "Point", "coordinates": [9.2063418, 45.5085218]}, "properties": {"id": 1505514992, "feat_type": "way", "quality_categories": "crossings_lacking_kerbs, missing_tags", "issue_ids": "[0, 1]", "osm_url": "https://www.openstreetmap.org/way/1505514992", "josm_url": "http://127.0.0.1:8111/load_object?new_layer=false&objects=w1505514992", "id_url": "https://www.openstreetmap.org/edit?editor=id&way=1505514992#map=20/45.5085218/9.2063418"}}, {"type": "Feature", "geometry": {"type": "Point", "coordinates": [9.2075046, 45.5076465]}, "properties": {"id": 1505514993, "feat_type": "way", "quality_categories": "crossings_lacking_kerbs, missing_tags", "issue_ids": "[0, 1]", "osm_url": "https://www.openstreetmap.org/way/1505514993", "josm_url": "http://127.0.0.1:8111/load_object?new_layer=false&objects=w1505514993", "id_url": "https://www.openstreetmap.org/edit?editor=id&way=1505514993#map=20/45.5076465/9.2075046"}}, {"type": "Feature", "geometry": {"type": "Point", "coordinates": [9.2085144, 45.5082153]}, "properties": {"id": 1505514994, "feat_type": "way", "quality_categories": "crossings_lacking_kerbs, missing_tags", "issue_ids": "[0, 1]", "osm_url": "https://www.openstreetmap.org/way/1505514994", "josm_url": "http://127.0.0.1:8111/load_object?new_layer=false&objects=w1505514994", "id_url": "https://www.openstreetmap.org/edit?editor=id&way=1505514994#map=20/45.5082153/9.2085144"}}, {"type": "Feature", "geometry": {"type": "Point", "coordinates": [9.1955788, 45.4613913]}, "properties": {"id": 1509504737, "feat_type": "way", "quality_categories": "crossings_lacking_kerbs, missing_tags", "issue_ids": "[0, 1]", "osm_url": "https://www.openstreetmap.org/way/1509504737", "josm_url": "http://127.0.0.1:8111/load_object?new_layer=false&objects=w1509504737", "id_url": "https://www.openstreetmap.org/edit?editor=id&way=1509504737#map=20/45.4613913/9.1955788"}}, {"type": "Feature", "geometry": {"type": "Point", "coordinates": [9.1146909, 45.4557995]}, "properties": {"id": 1511067220, "feat_type": "way", "quality_categories": "crossings_lacking_kerbs, missing_tags", "issue_ids": "[0, 1]", "osm_url": "https://www.openstreetmap.org/way/1511067220", "josm_url": "http://127.0.0.1:8111/load_object?new_layer=false&objects=w1511067220", "id_url": "https://www.openstreetmap.org/edit?editor=id&way=1511067220#map=20/45.4557995/9.1146909"}}, {"type": "Feature", "geometry": {"type": "Point", "coordinates": [9.1150486, 45.4558964]}, "properties": {"id": 1511067223, "feat_type": "way", "quality_categories": "crossings_lacking_kerbs, missing_tags", "issue_ids": "[0, 1]", "osm_url": "https://www.openstreetmap.org/way/1511067223", "josm_url": "http://127.0.0.1:8111/load_object?new_layer=false&objects=w1511067223", "id_url": "https://www.openstreetmap.org/edit?editor=id&way=1511067223#map=20/45.4558964/9.1150486"}}, {"type": "Feature", "geometry": {"type": "Point", "coordinates": [9.115198, 45.4554923]}, "properties": {"id": 1511067248, "feat_type": "way", "quality_categories": "crossings_lacking_kerbs, missing_tags", "issue_ids": "[0, 1]", "osm_url": "https://www.openstreetmap.org/way/1511067248", "josm_url": "http://127.0.0.1:8111/load_object?new_layer=false&objects=w1511067248", "id_url": "https://www.openstreetmap.org/edit?editor=id&way=1511067248#map=20/45.4554923/9.115198"}}, {"type": "Feature", "geometry": {"type": "Point", "coordinates": [9.1145147, 45.4550389]}, "properties": {"id": 1511067254, "feat_type": "way", "quality_categories": "crossings_lacking_kerbs, missing_tags", "issue_ids": "[0, 1]", "osm_url": "https://www.openstreetmap.org/way/1511067254", "josm_url": "http://127.0.0.1:8111/load_object?new_layer=false&objects=w1511067254", "id_url": "https://www.openstreetmap.org/edit?editor=id&way=1511067254#map=20/45.4550389/9.1145147"}}, {"type": "Feature", "geometry": {"type": "Point", "coordinates": [9.1144089, 45.4549321]}, "properties": {"id": 1511067255, "feat_type": "way", "quality_categories": "crossings_lacking_kerbs, missing_tags", "issue_ids": "[0, 1]", "osm_url": "https://www.openstreetmap.org/way/1511067255", "josm_url": "http://127.0.0.1:8111/load_object?new_layer=false&objects=w1511067255", "id_url": "https://www.openstreetmap.org/edit?editor=id&way=1511067255#map=20/45.4549321/9.1144089"}}, {"type": "Feature", "geometry": {"type": "Point", "coordinates": [9.1133157, 45.4548504]}, "properties": {"id": 1511067257, "feat_type": "way", "quality_categories": "crossings_lacking_kerbs, missing_tags", "issue_ids": "[0, 1]", "osm_url": "https://www.openstreetmap.org/way/1511067257", "josm_url": "http://127.0.0.1:8111/load_object?new_layer=false&objects=w1511067257", "id_url": "https://www.openstreetmap.org/edit?editor=id&way=1511067257#map=20/45.4548504/9.1133157"}}, {"type": "Feature", "geometry": {"type": "Point", "coordinates": [9.1132586, 45.4550022]}, "properties": {"id": 1511067258, "feat_type": "way", "quality_categories": "crossings_lacking_kerbs, missing_tags", "issue_ids": "[0, 1]", "osm_url": "https://www.openstreetmap.org/way/1511067258", "josm_url": "http://127.0.0.1:8111/load_object?new_layer=false&objects=w1511067258", "id_url": "https://www.openstreetmap.org/edit?editor=id&way=1511067258#map=20/45.4550022/9.1132586"}}, {"type": "Feature", "geometry": {"type": "Point", "coordinates": [9.1131379, 45.4529504]}, "properties": {"id": 1511067263, "feat_type": "way", "quality_categories": "crossings_lacking_kerbs, missing_tags", "issue_ids": "[0, 1]", "osm_url": "https://www.openstreetmap.org/way/1511067263", "josm_url": "http://127.0.0.1:8111/load_object?new_layer=false&objects=w1511067263", "id_url": "https://www.openstreetmap.org/edit?editor=id&way=1511067263#map=20/45.4529504/9.1131379"}}, {"type": "Feature", "geometry": {"type": "Point", "coordinates": [9.1154146, 45.4539022]}, "properties": {"id": 1511122440, "feat_type": "way", "quality_categories": "crossings_lacking_kerbs, missing_tags", "issue_ids": "[0, 1]", "osm_url": "https://www.openstreetmap.org/way/1511122440", "josm_url": "http://127.0.0.1:8111/load_object?new_layer=false&objects=w1511122440", "id_url": "https://www.openstreetmap.org/edit?editor=id&way=1511122440#map=20/45.4539022/9.1154146"}}, {"type": "Feature", "geometry": {"type": "Point", "coordinates": [9.1119791, 45.4547948]}, "properties": {"id": 1511122449, "feat_type": "way", "quality_categories": "crossings_lacking_kerbs, missing_tags", "issue_ids": "[0, 1]", "osm_url": "https://www.openstreetmap.org/way/1511122449", "josm_url": "http://127.0.0.1:8111/load_object?new_layer=false&objects=w1511122449", "id_url": "https://www.openstreetmap.org/edit?editor=id&way=1511122449#map=20/45.4547948/9.1119791"}}, {"type": "Feature", "geometry": {"type": "Point", "coordinates": [9.1120459, 45.4547239]}, "properties": {"id": 1511122450, "feat_type": "way", "quality_categories": "crossings_lacking_kerbs, missing_tags", "issue_ids": "[0, 1]", "osm_url": "https://www.openstreetmap.org/way/1511122450", "josm_url": "http://127.0.0.1:8111/load_object?new_layer=false&objects=w1511122450", "id_url": "https://www.openstreetmap.org/edit?editor=id&way=1511122450#map=20/45.4547239/9.1120459"}}, {"type": "Feature", "geometry": {"type": "Point", "coordinates": [9.1123744, 45.4529634]}, "properties": {"id": 1511122460, "feat_type": "way", "quality_categories": "crossings_lacking_kerbs, missing_tags", "issue_ids": "[0, 1]", "osm_url": "https://www.openstreetmap.org/way/1511122460", "josm_url": "http://127.0.0.1:8111/load_object?new_layer=false&objects=w1511122460", "id_url": "https://www.openstreetmap.org/edit?editor=id&way=1511122460#map=20/45.4529634/9.1123744"}}, {"type": "Feature", "geometry": {"type": "Point", "coordinates": [9.1122934, 45.4528687]}, "properties": {"id": 1511122463, "feat_type": "way", "quality_categories": "crossings_lacking_kerbs, missing_tags", "issue_ids": "[0, 1]", "osm_url": "https://www.openstreetmap.org/way/1511122463", "josm_url": "http://127.0.0.1:8111/load_object?new_layer=false&objects=w1511122463", "id_url": "https://www.openstreetmap.org/edit?editor=id&way=1511122463#map=20/45.4528687/9.1122934"}}, {"type": "Feature", "geometry": {"type": "Point", "coordinates": [9.1416649, 45.4520209]}, "properties": {"id": 1511198044, "feat_type": "way", "quality_categories": "crossings_lacking_kerbs, missing_tags", "issue_ids": "[0, 1]", "osm_url": "https://www.openstreetmap.org/way/1511198044", "josm_url": "http://127.0.0.1:8111/load_object?new_layer=false&objects=w1511198044", "id_url": "https://www.openstreetmap.org/edit?editor=id&way=1511198044#map=20/45.4520209/9.1416649"}}, {"type": "Feature", "geometry": {"type": "Point", "coordinates": [9.142723, 45.4513678]}, "properties": {"id": 1511198047, "feat_type": "way", "quality_categories": "crossings_lacking_kerbs, missing_tags", "issue_ids": "[0, 1]", "osm_url": "https://www.openstreetmap.org/way/1511198047", "josm_url": "http://127.0.0.1:8111/load_object?new_layer=false&objects=w1511198047", "id_url": "https://www.openstreetmap.org/edit?editor=id&way=1511198047#map=20/45.4513678/9.142723"}}, {"type": "Feature", "geometry": {"type": "Point", "coordinates": [9.14267, 45.4512734]}, "properties": {"id": 1511198054, "feat_type": "way", "quality_categories": "crossings_lacking_kerbs, missing_tags", "issue_ids": "[0, 1]", "osm_url": "https://www.openstreetmap.org/way/1511198054", "josm_url": "http://127.0.0.1:8111/load_object?new_layer=false&objects=w1511198054", "id_url": "https://www.openstreetmap.org/edit?editor=id&way=1511198054#map=20/45.4512734/9.14267"}}, {"type": "Feature", "geometry": {"type": "Point", "coordinates": [9.1428679, 45.4513271]}, "properties": {"id": 1511198055, "feat_type": "way", "quality_categories": "crossings_lacking_kerbs, missing_tags", "issue_ids": "[0, 1]", "osm_url": "https://www.openstreetmap.org/way/1511198055", "josm_url": "http://127.0.0.1:8111/load_object?new_layer=false&objects=w1511198055", "id_url": "https://www.openstreetmap.org/edit?editor=id&way=1511198055#map=20/45.4513271/9.1428679"}}, {"type": "Feature", "geometry": {"type": "Point", "coordinates": [9.2069913, 45.4151242]}, "properties": {"id": 1511254901, "feat_type": "way", "quality_categories": "crossings_lacking_kerbs, missing_tags", "issue_ids": "[0, 1]", "osm_url": "https://www.openstreetmap.org/way/1511254901", "josm_url": "http://127.0.0.1:8111/load_object?new_layer=false&objects=w1511254901", "id_url": "https://www.openstreetmap.org/edit?editor=id&way=1511254901#map=20/45.4151242/9.2069913"}}, {"type": "Feature", "geometry": {"type": "Point", "coordinates": [9.2073523, 45.4151535]}, "properties": {"id": 1511254903, "feat_type": "way", "quality_categories": "crossings_lacking_kerbs, missing_tags", "issue_ids": "[0, 1]", "osm_url": "https://www.openstreetmap.org/way/1511254903", "josm_url": "http://127.0.0.1:8111/load_object?new_layer=false&objects=w1511254903", "id_url": "https://www.openstreetmap.org/edit?editor=id&way=1511254903#map=20/45.4151535/9.2073523"}}, {"type": "Feature", "geometry": {"type": "Point", "coordinates": [9.2075857, 45.414996]}, "properties": {"id": 1511254904, "feat_type": "way", "quality_categories": "crossings_lacking_kerbs, missing_tags", "issue_ids": "[0, 1]", "osm_url": "https://www.openstreetmap.org/way/1511254904", "josm_url": "http://127.0.0.1:8111/load_object?new_layer=false&objects=w1511254904", "id_url": "https://www.openstreetmap.org/edit?editor=id&way=1511254904#map=20/45.414996/9.2075857"}}, {"type": "Feature", "geometry": {"type": "Point", "coordinates": [9.2076371, 45.4147783]}, "properties": {"id": 1511254905, "feat_type": "way", "quality_categories": "crossings_lacking_kerbs, missing_tags", "issue_ids": "[0, 1]", "osm_url": "https://www.openstreetmap.org/way/1511254905", "josm_url": "http://127.0.0.1:8111/load_object?new_layer=false&objects=w1511254905", "id_url": "https://www.openstreetmap.org/edit?editor=id&way=1511254905#map=20/45.4147783/9.2076371"}}, {"type": "Feature", "geometry": {"type": "Point", "coordinates": [9.2068315, 45.4145823]}, "properties": {"id": 1511254906, "feat_type": "way", "quality_categories": "crossings_lacking_kerbs, missing_tags", "issue_ids": "[0, 1]", "osm_url": "https://www.openstreetmap.org/way/1511254906", "josm_url": "http://127.0.0.1:8111/load_object?new_layer=false&objects=w1511254906", "id_url": "https://www.openstreetmap.org/edit?editor=id&way=1511254906#map=20/45.4145823/9.2068315"}}, {"type": "Feature", "geometry": {"type": "Point", "coordinates": [9.2069838, 45.4146011]}, "properties": {"id": 1511254907, "feat_type": "way", "quality_categories": "crossings_lacking_kerbs, missing_tags", "issue_ids": "[0, 1]", "osm_url": "https://www.openstreetmap.org/way/1511254907", "josm_url": "http://127.0.0.1:8111/load_object?new_layer=false&objects=w1511254907", "id_url": "https://www.openstreetmap.org/edit?editor=id&way=1511254907#map=20/45.4146011/9.2069838"}}, {"type": "Feature", "geometry": {"type": "Point", "coordinates": [9.2079022, 45.4145955]}, "properties": {"id": 1511254910, "feat_type": "way", "quality_categories": "crossings_lacking_kerbs, missing_tags", "issue_ids": "[0, 1]", "osm_url": "https://www.openstreetmap.org/way/1511254910", "josm_url": "http://127.0.0.1:8111/load_object?new_layer=false&objects=w1511254910", "id_url": "https://www.openstreetmap.org/edit?editor=id&way=1511254910#map=20/45.4145955/9.2079022"}}, {"type": "Feature", "geometry": {"type": "Point", "coordinates": [9.2065883, 45.4144154]}, "properties": {"id": 1511254912, "feat_type": "way", "quality_categories": "crossings_lacking_kerbs, missing_tags", "issue_ids": "[0, 1]", "osm_url": "https://www.openstreetmap.org/way/1511254912", "josm_url": "http://127.0.0.1:8111/load_object?new_layer=false&objects=w1511254912", "id_url": "https://www.openstreetmap.org/edit?editor=id&way=1511254912#map=20/45.4144154/9.2065883"}}, {"type": "Feature", "geometry": {"type": "Point", "coordinates": [9.2068616, 45.4144162]}, "properties": {"id": 1511254915, "feat_type": "way", "quality_categories": "crossings_lacking_kerbs, missing_tags", "issue_ids": "[0, 1]", "osm_url": "https://www.openstreetmap.org/way/1511254915", "josm_url": "http://127.0.0.1:8111/load_object?new_layer=false&objects=w1511254915", "id_url": "https://www.openstreetmap.org/edit?editor=id&way=1511254915#map=20/45.4144162/9.2068616"}}, {"type": "Feature", "geometry": {"type": "Point", "coordinates": [9.1245135, 45.4484129]}, "properties": {"id": 1511634505, "feat_type": "way", "quality_categories": "crossings_lacking_kerbs, missing_tags", "issue_ids": "[0, 1]", "osm_url": "https://www.openstreetmap.org/way/1511634505", "josm_url": "http://127.0.0.1:8111/load_object?new_layer=false&objects=w1511634505", "id_url": "https://www.openstreetmap.org/edit?editor=id&way=1511634505#map=20/45.4484129/9.1245135"}}, {"type": "Feature", "geometry": {"type": "Point", "coordinates": [9.173651, 45.4763849]}, "properties": {"id": 1511862309, "feat_type": "way", "quality_categories": "crossings_lacking_kerbs, missing_tags", "issue_ids": "[0, 1]", "osm_url": "https://www.openstreetmap.org/way/1511862309", "josm_url": "http://127.0.0.1:8111/load_object?new_layer=false&objects=w1511862309", "id_url": "https://www.openstreetmap.org/edit?editor=id&way=1511862309#map=20/45.4763849/9.173651"}}, {"type": "Feature", "geometry": {"type": "Point", "coordinates": [9.2607724, 45.5066637]}, "properties": {"id": 1513674123, "feat_type": "way", "quality_categories": "crossings_lacking_kerbs, missing_tags", "issue_ids": "[0, 1]", "osm_url": "https://www.openstreetmap.org/way/1513674123", "josm_url": "http://127.0.0.1:8111/load_object?new_layer=false&objects=w1513674123", "id_url": "https://www.openstreetmap.org/edit?editor=id&way=1513674123#map=20/45.5066637/9.2607724"}}, {"type": "Feature", "geometry": {"type": "Point", "coordinates": [9.1775134, 45.421078]}, "properties": {"id": 1517504274, "feat_type": "way", "quality_categories": "crossings_lacking_kerbs, missing_tags", "issue_ids": "[0, 1]", "osm_url": "https://www.openstreetmap.org/way/1517504274", "josm_url": "http://127.0.0.1:8111/load_object?new_layer=false&objects=w1517504274", "id_url": "https://www.openstreetmap.org/edit?editor=id&way=1517504274#map=20/45.421078/9.1775134"}}, {"type": "Feature", "geometry": {"type": "Point", "coordinates": [9.1545532, 45.4559173]}, "properties": {"id": 1525318213, "feat_type": "way", "quality_categories": "crossings_lacking_kerbs, missing_tags", "issue_ids": "[0, 1]", "osm_url": "https://www.openstreetmap.org/way/1525318213", "josm_url": "http://127.0.0.1:8111/load_object?new_layer=false&objects=w1525318213", "id_url": "https://www.openstreetmap.org/edit?editor=id&way=1525318213#map=20/45.4559173/9.1545532"}}, {"type": "Feature", "geometry": {"type": "Point", "coordinates": [9.1548083, 45.4558861]}, "properties": {"id": 1525318214, "feat_type": "way", "quality_categories": "crossings_lacking_kerbs, missing_tags", "issue_ids": "[0, 1]", "osm_url": "https://www.openstreetmap.org/way/1525318214", "josm_url": "http://127.0.0.1:8111/load_object?new_layer=false&objects=w1525318214", "id_url": "https://www.openstreetmap.org/edit?editor=id&way=1525318214#map=20/45.4558861/9.1548083"}}, {"type": "Feature", "geometry": {"type": "Point", "coordinates": [9.1555564, 45.4562351]}, "properties": {"id": 1525318217, "feat_type": "way", "quality_categories": "crossings_lacking_kerbs, missing_tags", "issue_ids": "[0, 1]", "osm_url": "https://www.openstreetmap.org/way/1525318217", "josm_url": "http://127.0.0.1:8111/load_object?new_layer=false&objects=w1525318217", "id_url": "https://www.openstreetmap.org/edit?editor=id&way=1525318217#map=20/45.4562351/9.1555564"}}, {"type": "Feature", "geometry": {"type": "Point", "coordinates": [9.1554127, 45.4560723]}, "properties": {"id": 1525318219, "feat_type": "way", "quality_categories": "crossings_lacking_kerbs, missing_tags", "issue_ids": "[0, 1]", "osm_url": "https://www.openstreetmap.org/way/1525318219", "josm_url": "http://127.0.0.1:8111/load_object?new_layer=false&objects=w1525318219", "id_url": "https://www.openstreetmap.org/edit?editor=id&way=1525318219#map=20/45.4560723/9.1554127"}}, {"type": "Feature", "geometry": {"type": "Point", "coordinates": [9.1912261, 45.5113985]}, "properties": {"id": 1525594891, "feat_type": "way", "quality_categories": "crossings_lacking_kerbs, missing_tags", "issue_ids": "[0, 1]", "osm_url": "https://www.openstreetmap.org/way/1525594891", "josm_url": "http://127.0.0.1:8111/load_object?new_layer=false&objects=w1525594891", "id_url": "https://www.openstreetmap.org/edit?editor=id&way=1525594891#map=20/45.5113985/9.1912261"}}, {"type": "Feature", "geometry": {"type": "Point", "coordinates": [9.1949651, 45.463059]}, "properties": {"id": 1525597162, "feat_type": "way", "quality_categories": "crossings_lacking_kerbs, missing_tags", "issue_ids": "[0, 1]", "osm_url": "https://www.openstreetmap.org/way/1525597162", "josm_url": "http://127.0.0.1:8111/load_object?new_layer=false&objects=w1525597162", "id_url": "https://www.openstreetmap.org/edit?editor=id&way=1525597162#map=20/45.463059/9.1949651"}}, {"type": "Feature", "geometry": {"type": "Point", "coordinates": [9.1950128, 45.4629171]}, "properties": {"id": 1525597163, "feat_type": "way", "quality_categories": "crossings_lacking_kerbs, missing_tags", "issue_ids": "[0, 1]", "osm_url": "https://www.openstreetmap.org/way/1525597163", "josm_url": "http://127.0.0.1:8111/load_object?new_layer=false&objects=w1525597163", "id_url": "https://www.openstreetmap.org/edit?editor=id&way=1525597163#map=20/45.4629171/9.1950128"}}, {"type": "Feature", "geometry": {"type": "Point", "coordinates": [9.1951253, 45.4630158]}, "properties": {"id": 1525597166, "feat_type": "way", "quality_categories": "crossings_lacking_kerbs, missing_tags", "issue_ids": "[0, 1]", "osm_url": "https://www.openstreetmap.org/way/1525597166", "josm_url": "http://127.0.0.1:8111/load_object?new_layer=false&objects=w1525597166", "id_url": "https://www.openstreetmap.org/edit?editor=id&way=1525597166#map=20/45.4630158/9.1951253"}}, {"type": "Feature", "geometry": {"type": "Point", "coordinates": [9.1474945, 45.4762045]}, "properties": {"id": 1525987431, "feat_type": "way", "quality_categories": "crossings_lacking_kerbs, missing_tags", "issue_ids": "[0, 1]", "osm_url": "https://www.openstreetmap.org/way/1525987431", "josm_url": "http://127.0.0.1:8111/load_object?new_layer=false&objects=w1525987431", "id_url": "https://www.openstreetmap.org/edit?editor=id&way=1525987431#map=20/45.4762045/9.1474945"}}, {"type": "Feature", "geometry": {"type": "Point", "coordinates": [9.1853568, 45.44962]}, "properties": {"id": 1526677942, "feat_type": "way", "quality_categories": "crossings_lacking_kerbs, missing_tags", "issue_ids": "[0, 1]", "osm_url": "https://www.openstreetmap.org/way/1526677942", "josm_url": "http://127.0.0.1:8111/load_object?new_layer=false&objects=w1526677942", "id_url": "https://www.openstreetmap.org/edit?editor=id&way=1526677942#map=20/45.44962/9.1853568"}}, {"type": "Feature", "geometry": {"type": "Point", "coordinates": [9.1878735, 45.4492849]}, "properties": {"id": 1526677945, "feat_type": "way", "quality_categories": "crossings_lacking_kerbs, missing_tags", "issue_ids": "[0, 1]", "osm_url": "https://www.openstreetmap.org/way/1526677945", "josm_url": "http://127.0.0.1:8111/load_object?new_layer=false&objects=w1526677945", "id_url": "https://www.openstreetmap.org/edit?editor=id&way=1526677945#map=20/45.4492849/9.1878735"}}, {"type": "Feature", "geometry": {"type": "Point", "coordinates": [9.1877456, 45.4490425]}, "properties": {"id": 1526677947, "feat_type": "way", "quality_categories": "crossings_lacking_kerbs, missing_tags", "issue_ids": "[0, 1]", "osm_url": "https://www.openstreetmap.org/way/1526677947", "josm_url": "http://127.0.0.1:8111/load_object?new_layer=false&objects=w1526677947", "id_url": "https://www.openstreetmap.org/edit?editor=id&way=1526677947#map=20/45.4490425/9.1877456"}}, {"type": "Feature", "geometry": {"type": "Point", "coordinates": [9.1530436, 45.4554498]}, "properties": {"id": 1527115258, "feat_type": "way", "quality_categories": "crossings_lacking_kerbs, missing_tags", "issue_ids": "[0, 1]", "osm_url": "https://www.openstreetmap.org/way/1527115258", "josm_url": "http://127.0.0.1:8111/load_object?new_layer=false&objects=w1527115258", "id_url": "https://www.openstreetmap.org/edit?editor=id&way=1527115258#map=20/45.4554498/9.1530436"}}, {"type": "Feature", "geometry": {"type": "Point", "coordinates": [9.127628, 45.4893343]}, "properties": {"id": 1527224186, "feat_type": "way", "quality_categories": "crossings_lacking_kerbs, missing_tags", "issue_ids": "[0, 1]", "osm_url": "https://www.openstreetmap.org/way/1527224186", "josm_url": "http://127.0.0.1:8111/load_object?new_layer=false&objects=w1527224186", "id_url": "https://www.openstreetmap.org/edit?editor=id&way=1527224186#map=20/45.4893343/9.127628"}}, {"type": "Feature", "geometry": {"type": "Point", "coordinates": [9.1353088, 45.4499319]}, "properties": {"id": 1527657483, "feat_type": "way", "quality_categories": "crossings_lacking_kerbs, missing_tags", "issue_ids": "[0, 1]", "osm_url": "https://www.openstreetmap.org/way/1527657483", "josm_url": "http://127.0.0.1:8111/load_object?new_layer=false&objects=w1527657483", "id_url": "https://www.openstreetmap.org/edit?editor=id&way=1527657483#map=20/45.4499319/9.1353088"}}, {"type": "Feature", "geometry": {"type": "Point", "coordinates": [9.1356939, 45.4498603]}, "properties": {"id": 1527657484, "feat_type": "way", "quality_categories": "crossings_lacking_kerbs, missing_tags", "issue_ids": "[0, 1]", "osm_url": "https://www.openstreetmap.org/way/1527657484", "josm_url": "http://127.0.0.1:8111/load_object?new_layer=false&objects=w1527657484", "id_url": "https://www.openstreetmap.org/edit?editor=id&way=1527657484#map=20/45.4498603/9.1356939"}}, {"type": "Feature", "geometry": {"type": "Point", "coordinates": [9.1355468, 45.4495641]}, "properties": {"id": 1527657486, "feat_type": "way", "quality_categories": "crossings_lacking_kerbs, missing_tags", "issue_ids": "[0, 1]", "osm_url": "https://www.openstreetmap.org/way/1527657486", "josm_url": "http://127.0.0.1:8111/load_object?new_layer=false&objects=w1527657486", "id_url": "https://www.openstreetmap.org/edit?editor=id&way=1527657486#map=20/45.4495641/9.1355468"}}, {"type": "Feature", "geometry": {"type": "Point", "coordinates": [9.13533, 45.4493918]}, "properties": {"id": 1527657487, "feat_type": "way", "quality_categories": "crossings_lacking_kerbs, missing_tags", "issue_ids": "[0, 1]", "osm_url": "https://www.openstreetmap.org/way/1527657487", "josm_url": "http://127.0.0.1:8111/load_object?new_layer=false&objects=w1527657487", "id_url": "https://www.openstreetmap.org/edit?editor=id&way=1527657487#map=20/45.4493918/9.13533"}}, {"type": "Feature", "geometry": {"type": "Point", "coordinates": [9.1175409, 45.4506869]}, "properties": {"id": 1528994783, "feat_type": "way", "quality_categories": "crossings_lacking_kerbs, missing_tags", "issue_ids": "[0, 1]", "osm_url": "https://www.openstreetmap.org/way/1528994783", "josm_url": "http://127.0.0.1:8111/load_object?new_layer=false&objects=w1528994783", "id_url": "https://www.openstreetmap.org/edit?editor=id&way=1528994783#map=20/45.4506869/9.1175409"}}, {"type": "Feature", "geometry": {"type": "Point", "coordinates": [9.1311818, 45.4473067]}, "properties": {"id": 1528994791, "feat_type": "way", "quality_categories": "crossings_lacking_kerbs, missing_tags", "issue_ids": "[0, 1]", "osm_url": "https://www.openstreetmap.org/way/1528994791", "josm_url": "http://127.0.0.1:8111/load_object?new_layer=false&objects=w1528994791", "id_url": "https://www.openstreetmap.org/edit?editor=id&way=1528994791#map=20/45.4473067/9.1311818"}}, {"type": "Feature", "geometry": {"type": "Point", "coordinates": [9.1315671, 45.4478489]}, "properties": {"id": 1528994795, "feat_type": "way", "quality_categories": "crossings_lacking_kerbs, missing_tags", "issue_ids": "[0, 1]", "osm_url": "https://www.openstreetmap.org/way/1528994795", "josm_url": "http://127.0.0.1:8111/load_object?new_layer=false&objects=w1528994795", "id_url": "https://www.openstreetmap.org/edit?editor=id&way=1528994795#map=20/45.4478489/9.1315671"}}, {"type": "Feature", "geometry": {"type": "Point", "coordinates": [9.1314339, 45.4482314]}, "properties": {"id": 1528994799, "feat_type": "way", "quality_categories": "crossings_lacking_kerbs, missing_tags", "issue_ids": "[0, 1]", "osm_url": "https://www.openstreetmap.org/way/1528994799", "josm_url": "http://127.0.0.1:8111/load_object?new_layer=false&objects=w1528994799", "id_url": "https://www.openstreetmap.org/edit?editor=id&way=1528994799#map=20/45.4482314/9.1314339"}}, {"type": "Feature", "geometry": {"type": "Point", "coordinates": [9.1307008, 45.4465569]}, "properties": {"id": 1528994802, "feat_type": "way", "quality_categories": "crossings_lacking_kerbs, missing_tags", "issue_ids": "[0, 1]", "osm_url": "https://www.openstreetmap.org/way/1528994802", "josm_url": "http://127.0.0.1:8111/load_object?new_layer=false&objects=w1528994802", "id_url": "https://www.openstreetmap.org/edit?editor=id&way=1528994802#map=20/45.4465569/9.1307008"}}, {"type": "Feature", "geometry": {"type": "Point", "coordinates": [9.2499835, 45.4618542]}, "properties": {"id": 1529640393, "feat_type": "way", "quality_categories": "crossings_lacking_kerbs, missing_tags", "issue_ids": "[0, 1]", "osm_url": "https://www.openstreetmap.org/way/1529640393", "josm_url": "http://127.0.0.1:8111/load_object?new_layer=false&objects=w1529640393", "id_url": "https://www.openstreetmap.org/edit?editor=id&way=1529640393#map=20/45.4618542/9.2499835"}}, {"type": "Feature", "geometry": {"type": "Point", "coordinates": [9.2580262, 45.4572898]}, "properties": {"id": 1531841346, "feat_type": "way", "quality_categories": "crossings_lacking_kerbs, missing_tags", "issue_ids": "[0, 1]", "osm_url": "https://www.openstreetmap.org/way/1531841346", "josm_url": "http://127.0.0.1:8111/load_object?new_layer=false&objects=w1531841346", "id_url": "https://www.openstreetmap.org/edit?editor=id&way=1531841346#map=20/45.4572898/9.2580262"}}, {"type": "Feature", "geometry": {"type": "Point", "coordinates": [9.1726632, 45.4560276]}, "properties": {"id": 1532027939, "feat_type": "way", "quality_categories": "crossings_lacking_kerbs, missing_tags, wrong_mispelled_or_unlisted_values", "issue_ids": "[7, 0, 1]", "osm_url": "https://www.openstreetmap.org/way/1532027939", "josm_url": "http://127.0.0.1:8111/load_object?new_layer=false&objects=w1532027939", "id_url": "https://www.openstreetmap.org/edit?editor=id&way=1532027939#map=20/45.4560276/9.1726632"}}, {"type": "Feature", "geometry": {"type": "Point", "coordinates": [9.1731319, 45.4565226]}, "properties": {"id": 1532027940, "feat_type": "way", "quality_categories": "crossings_lacking_kerbs, missing_tags", "issue_ids": "[0, 1]", "osm_url": "https://www.openstreetmap.org/way/1532027940", "josm_url": "http://127.0.0.1:8111/load_object?new_layer=false&objects=w1532027940", "id_url": "https://www.openstreetmap.org/edit?editor=id&way=1532027940#map=20/45.4565226/9.1731319"}}, {"type": "Feature", "geometry": {"type": "Point", "coordinates": [9.1332377, 45.4518292]}, "properties": {"id": 1532585310, "feat_type": "way", "quality_categories": "crossings_lacking_kerbs, missing_tags", "issue_ids": "[0, 1]", "osm_url": "https://www.openstreetmap.org/way/1532585310", "josm_url": "http://127.0.0.1:8111/load_object?new_layer=false&objects=w1532585310", "id_url": "https://www.openstreetmap.org/edit?editor=id&way=1532585310#map=20/45.4518292/9.1332377"}}, {"type": "Feature", "geometry": {"type": "Point", "coordinates": [9.1333867, 45.4515816]}, "properties": {"id": 1532585312, "feat_type": "way", "quality_categories": "crossings_lacking_kerbs, missing_tags", "issue_ids": "[0, 1]", "osm_url": "https://www.openstreetmap.org/way/1532585312", "josm_url": "http://127.0.0.1:8111/load_object?new_layer=false&objects=w1532585312", "id_url": "https://www.openstreetmap.org/edit?editor=id&way=1532585312#map=20/45.4515816/9.1333867"}}, {"type": "Feature", "geometry": {"type": "Point", "coordinates": [9.1326508, 45.4516591]}, "properties": {"id": 1532585314, "feat_type": "way", "quality_categories": "crossings_lacking_kerbs, missing_tags, wrong_mispelled_or_unlisted_values", "issue_ids": "[7, 0, 1]", "osm_url": "https://www.openstreetmap.org/way/1532585314", "josm_url": "http://127.0.0.1:8111/load_object?new_layer=false&objects=w1532585314", "id_url": "https://www.openstreetmap.org/edit?editor=id&way=1532585314#map=20/45.4516591/9.1326508"}}, {"type": "Feature", "geometry": {"type": "Point", "coordinates": [9.1328044, 45.4514123]}, "properties": {"id": 1532585315, "feat_type": "way", "quality_categories": "crossings_lacking_kerbs, missing_tags, wrong_mispelled_or_unlisted_values", "issue_ids": "[7, 0, 1]", "osm_url": "https://www.openstreetmap.org/way/1532585315", "josm_url": "http://127.0.0.1:8111/load_object?new_layer=false&objects=w1532585315", "id_url": "https://www.openstreetmap.org/edit?editor=id&way=1532585315#map=20/45.4514123/9.1328044"}}, {"type": "Feature", "geometry": {"type": "Point", "coordinates": [9.1316266, 45.4520789]}, "properties": {"id": 1532585317, "feat_type": "way", "quality_categories": "crossings_lacking_kerbs, missing_tags, wrong_mispelled_or_unlisted_values", "issue_ids": "[7, 0, 1]", "osm_url": "https://www.openstreetmap.org/way/1532585317", "josm_url": "http://127.0.0.1:8111/load_object?new_layer=false&objects=w1532585317", "id_url": "https://www.openstreetmap.org/edit?editor=id&way=1532585317#map=20/45.4520789/9.1316266"}}, {"type": "Feature", "geometry": {"type": "Point", "coordinates": [9.1321706, 45.4522373]}, "properties": {"id": 1532585319, "feat_type": "way", "quality_categories": "crossings_lacking_kerbs, missing_tags, wrong_mispelled_or_unlisted_values", "issue_ids": "[7, 0, 1]", "osm_url": "https://www.openstreetmap.org/way/1532585319", "josm_url": "http://127.0.0.1:8111/load_object?new_layer=false&objects=w1532585319", "id_url": "https://www.openstreetmap.org/edit?editor=id&way=1532585319#map=20/45.4522373/9.1321706"}}, {"type": "Feature", "geometry": {"type": "Point", "coordinates": [9.1300747, 45.4524093]}, "properties": {"id": 1532585320, "feat_type": "way", "quality_categories": "crossings_lacking_kerbs, missing_tags, wrong_mispelled_or_unlisted_values", "issue_ids": "[7, 0, 1]", "osm_url": "https://www.openstreetmap.org/way/1532585320", "josm_url": "http://127.0.0.1:8111/load_object?new_layer=false&objects=w1532585320", "id_url": "https://www.openstreetmap.org/edit?editor=id&way=1532585320#map=20/45.4524093/9.1300747"}}, {"type": "Feature", "geometry": {"type": "Point", "coordinates": [9.1345681, 45.4556271]}, "properties": {"id": 1532585323, "feat_type": "way", "quality_categories": "crossings_lacking_kerbs, missing_tags", "issue_ids": "[0, 1]", "osm_url": "https://www.openstreetmap.org/way/1532585323", "josm_url": "http://127.0.0.1:8111/load_object?new_layer=false&objects=w1532585323", "id_url": "https://www.openstreetmap.org/edit?editor=id&way=1532585323#map=20/45.4556271/9.1345681"}}, {"type": "Feature", "geometry": {"type": "Point", "coordinates": [9.0927126, 45.460816]}, "properties": {"id": 1535022202, "feat_type": "way", "quality_categories": "crossings_lacking_kerbs, missing_tags", "issue_ids": "[0, 1]", "osm_url": "https://www.openstreetmap.org/way/1535022202", "josm_url": "http://127.0.0.1:8111/load_object?new_layer=false&objects=w1535022202", "id_url": "https://www.openstreetmap.org/edit?editor=id&way=1535022202#map=20/45.460816/9.0927126"}}, {"type": "Feature", "geometry": {"type": "Point", "coordinates": [9.0914209, 45.4588339]}, "properties": {"id": 1535022203, "feat_type": "way", "quality_categories": "crossings_lacking_kerbs, missing_tags", "issue_ids": "[0, 1]", "osm_url": "https://www.openstreetmap.org/way/1535022203", "josm_url": "http://127.0.0.1:8111/load_object?new_layer=false&objects=w1535022203", "id_url": "https://www.openstreetmap.org/edit?editor=id&way=1535022203#map=20/45.4588339/9.0914209"}}, {"type": "Feature", "geometry": {"type": "Point", "coordinates": [9.0906632, 45.4785176]}, "properties": {"id": 1535022239, "feat_type": "way", "quality_categories": "crossings_lacking_kerbs, missing_tags", "issue_ids": "[0, 1]", "osm_url": "https://www.openstreetmap.org/way/1535022239", "josm_url": "http://127.0.0.1:8111/load_object?new_layer=false&objects=w1535022239", "id_url": "https://www.openstreetmap.org/edit?editor=id&way=1535022239#map=20/45.4785176/9.0906632"}}, {"type": "Feature", "geometry": {"type": "Point", "coordinates": [9.1199162, 45.4702133]}, "properties": {"id": 1535077183, "feat_type": "way", "quality_categories": "crossings_lacking_kerbs, missing_tags", "issue_ids": "[0, 1]", "osm_url": "https://www.openstreetmap.org/way/1535077183", "josm_url": "http://127.0.0.1:8111/load_object?new_layer=false&objects=w1535077183", "id_url": "https://www.openstreetmap.org/edit?editor=id&way=1535077183#map=20/45.4702133/9.1199162"}}, {"type": "Feature", "geometry": {"type": "Point", "coordinates": [9.1560081, 45.4722496]}, "properties": {"id": 1535669935, "feat_type": "way", "quality_categories": "crossings_lacking_kerbs, missing_tags", "issue_ids": "[0, 1]", "osm_url": "https://www.openstreetmap.org/way/1535669935", "josm_url": "http://127.0.0.1:8111/load_object?new_layer=false&objects=w1535669935", "id_url": "https://www.openstreetmap.org/edit?editor=id&way=1535669935#map=20/45.4722496/9.1560081"}}, {"type": "Feature", "geometry": {"type": "Point", "coordinates": [9.1562262, 45.4722295]}, "properties": {"id": 1535669937, "feat_type": "way", "quality_categories": "crossings_lacking_kerbs, missing_tags", "issue_ids": "[0, 1]", "osm_url": "https://www.openstreetmap.org/way/1535669937", "josm_url": "http://127.0.0.1:8111/load_object?new_layer=false&objects=w1535669937", "id_url": "https://www.openstreetmap.org/edit?editor=id&way=1535669937#map=20/45.4722295/9.1562262"}}, {"type": "Feature", "geometry": {"type": "Point", "coordinates": [9.1706934, 45.470846]}, "properties": {"id": 1537785678, "feat_type": "way", "quality_categories": "crossings_lacking_kerbs, wrong_mispelled_or_unlisted_values", "issue_ids": "[7, 1]", "osm_url": "https://www.openstreetmap.org/way/1537785678", "josm_url": "http://127.0.0.1:8111/load_object?new_layer=false&objects=w1537785678", "id_url": "https://www.openstreetmap.org/edit?editor=id&way=1537785678#map=20/45.470846/9.1706934"}}, {"type": "Feature", "geometry": {"type": "Point", "coordinates": [9.1710254, 45.4709305]}, "properties": {"id": 1537785679, "feat_type": "way", "quality_categories": "crossings_lacking_kerbs, wrong_mispelled_or_unlisted_values", "issue_ids": "[7, 1]", "osm_url": "https://www.openstreetmap.org/way/1537785679", "josm_url": "http://127.0.0.1:8111/load_object?new_layer=false&objects=w1537785679", "id_url": "https://www.openstreetmap.org/edit?editor=id&way=1537785679#map=20/45.4709305/9.1710254"}}, {"type": "Feature", "geometry": {"type": "Point", "coordinates": [9.1713857, 45.470324]}, "properties": {"id": 1537785680, "feat_type": "way", "quality_categories": "crossings_lacking_kerbs, wrong_mispelled_or_unlisted_values", "issue_ids": "[7, 1]", "osm_url": "https://www.openstreetmap.org/way/1537785680", "josm_url": "http://127.0.0.1:8111/load_object?new_layer=false&objects=w1537785680", "id_url": "https://www.openstreetmap.org/edit?editor=id&way=1537785680#map=20/45.470324/9.1713857"}}, {"type": "Feature", "geometry": {"type": "Point", "coordinates": [9.1716075, 45.4705171]}, "properties": {"id": 1537785681, "feat_type": "way", "quality_categories": "crossings_lacking_kerbs, wrong_mispelled_or_unlisted_values", "issue_ids": "[7, 1]", "osm_url": "https://www.openstreetmap.org/way/1537785681", "josm_url": "http://127.0.0.1:8111/load_object?new_layer=false&objects=w1537785681", "id_url": "https://www.openstreetmap.org/edit?editor=id&way=1537785681#map=20/45.4705171/9.1716075"}}, {"type": "Feature", "geometry": {"type": "Point", "coordinates": [9.1710121, 45.4704226]}, "properties": {"id": 1537785682, "feat_type": "way", "quality_categories": "crossings_lacking_kerbs, wrong_mispelled_or_unlisted_values", "issue_ids": "[7, 1]", "osm_url": "https://www.openstreetmap.org/way/1537785682", "josm_url": "http://127.0.0.1:8111/load_object?new_layer=false&objects=w1537785682", "id_url": "https://www.openstreetmap.org/edit?editor=id&way=1537785682#map=20/45.4704226/9.1710121"}}, {"type": "Feature", "geometry": {"type": "Point", "coordinates": [9.1713165, 45.4706881]}, "properties": {"id": 1537785683, "feat_type": "way", "quality_categories": "crossings_lacking_kerbs, wrong_mispelled_or_unlisted_values", "issue_ids": "[7, 1]", "osm_url": "https://www.openstreetmap.org/way/1537785683", "josm_url": "http://127.0.0.1:8111/load_object?new_layer=false&objects=w1537785683", "id_url": "https://www.openstreetmap.org/edit?editor=id&way=1537785683#map=20/45.4706881/9.1713165"}}, {"type": "Feature", "geometry": {"type": "Point", "coordinates": [9.1256339, 45.4551317]}, "properties": {"id": 1541430418, "feat_type": "way", "quality_categories": "crossings_lacking_kerbs, missing_tags", "issue_ids": "[0, 1]", "osm_url": "https://www.openstreetmap.org/way/1541430418", "josm_url": "http://127.0.0.1:8111/load_object?new_layer=false&objects=w1541430418", "id_url": "https://www.openstreetmap.org/edit?editor=id&way=1541430418#map=20/45.4551317/9.1256339"}}, {"type": "Feature", "geometry": {"type": "Point", "coordinates": [9.1258052, 45.4551824]}, "properties": {"id": 1541430419, "feat_type": "way", "quality_categories": "crossings_lacking_kerbs, missing_tags", "issue_ids": "[0, 1]", "osm_url": "https://www.openstreetmap.org/way/1541430419", "josm_url": "http://127.0.0.1:8111/load_object?new_layer=false&objects=w1541430419", "id_url": "https://www.openstreetmap.org/edit?editor=id&way=1541430419#map=20/45.4551824/9.1258052"}}, {"type": "Feature", "geometry": {"type": "Point", "coordinates": [9.1241534, 45.4553448]}, "properties": {"id": 1541430420, "feat_type": "way", "quality_categories": "crossings_lacking_kerbs, missing_tags", "issue_ids": "[0, 1]", "osm_url": "https://www.openstreetmap.org/way/1541430420", "josm_url": "http://127.0.0.1:8111/load_object?new_layer=false&objects=w1541430420", "id_url": "https://www.openstreetmap.org/edit?editor=id&way=1541430420#map=20/45.4553448/9.1241534"}}, {"type": "Feature", "geometry": {"type": "Point", "coordinates": [9.1250145, 45.4524252]}, "properties": {"id": 1541430427, "feat_type": "way", "quality_categories": "crossings_lacking_kerbs, missing_tags", "issue_ids": "[0, 1]", "osm_url": "https://www.openstreetmap.org/way/1541430427", "josm_url": "http://127.0.0.1:8111/load_object?new_layer=false&objects=w1541430427", "id_url": "https://www.openstreetmap.org/edit?editor=id&way=1541430427#map=20/45.4524252/9.1250145"}}, {"type": "Feature", "geometry": {"type": "Point", "coordinates": [9.1249368, 45.4524045]}, "properties": {"id": 1541430428, "feat_type": "way", "quality_categories": "crossings_lacking_kerbs, missing_tags", "issue_ids": "[0, 1]", "osm_url": "https://www.openstreetmap.org/way/1541430428", "josm_url": "http://127.0.0.1:8111/load_object?new_layer=false&objects=w1541430428", "id_url": "https://www.openstreetmap.org/edit?editor=id&way=1541430428#map=20/45.4524045/9.1249368"}}, {"type": "Feature", "geometry": {"type": "Point", "coordinates": [9.1322466, 45.4404766]}, "properties": {"id": 1544630989, "feat_type": "way", "quality_categories": "crossings_lacking_kerbs, missing_tags", "issue_ids": "[0, 1]", "osm_url": "https://www.openstreetmap.org/way/1544630989", "josm_url": "http://127.0.0.1:8111/load_object?new_layer=false&objects=w1544630989", "id_url": "https://www.openstreetmap.org/edit?editor=id&way=1544630989#map=20/45.4404766/9.1322466"}}, {"type": "Feature", "geometry": {"type": "Point", "coordinates": [9.1604654, 45.4776526]}, "properties": {"id": 1546615401, "feat_type": "way", "quality_categories": "crossings_lacking_kerbs, missing_tags", "issue_ids": "[0, 1]", "osm_url": "https://www.openstreetmap.org/way/1546615401", "josm_url": "http://127.0.0.1:8111/load_object?new_layer=false&objects=w1546615401", "id_url": "https://www.openstreetmap.org/edit?editor=id&way=1546615401#map=20/45.4776526/9.1604654"}}, {"type": "Feature", "geometry": {"type": "Point", "coordinates": [9.1871436, 45.4645807]}, "properties": {"id": 57744804, "feat_type": "way", "quality_categories": "crossings_lacking_kerbs", "issue_ids": "[1]", "osm_url": "https://www.openstreetmap.org/way/57744804", "josm_url": "http://127.0.0.1:8111/load_object?new_layer=false&objects=w57744804", "id_url": "https://www.openstreetmap.org/edit?editor=id&way=57744804#map=20/45.4645807/9.1871436"}}, {"type": "Feature", "geometry": {"type": "Point", "coordinates": [9.1782594, 45.476927]}, "properties": {"id": 164111035, "feat_type": "way", "quality_categories": "crossings_lacking_kerbs", "issue_ids": "[1]", "osm_url": "https://www.openstreetmap.org/way/164111035", "josm_url": "http://127.0.0.1:8111/load_object?new_layer=false&objects=w164111035", "id_url": "https://www.openstreetmap.org/edit?editor=id&way=164111035#map=20/45.476927/9.1782594"}}, {"type": "Feature", "geometry": {"type": "Point", "coordinates": [9.1511655, 45.5211162]}, "properties": {"id": 169463203, "feat_type": "way", "quality_categories": "crossings_lacking_kerbs", "issue_ids": "[1]", "osm_url": "https://www.openstreetmap.org/way/169463203", "josm_url": "http://127.0.0.1:8111/load_object?new_layer=false&objects=w169463203", "id_url": "https://www.openstreetmap.org/edit?editor=id&way=169463203#map=20/45.5211162/9.1511655"}}, {"type": "Feature", "geometry": {"type": "Point", "coordinates": [9.1511318, 45.5209249]}, "properties": {"id": 169463212, "feat_type": "way", "quality_categories": "crossings_lacking_kerbs", "issue_ids": "[1]", "osm_url": "https://www.openstreetmap.org/way/169463212", "josm_url": "http://127.0.0.1:8111/load_object?new_layer=false&objects=w169463212", "id_url": "https://www.openstreetmap.org/edit?editor=id&way=169463212#map=20/45.5209249/9.1511318"}}, {"type": "Feature", "geometry": {"type": "Point", "coordinates": [9.2395893, 45.4696739]}, "properties": {"id": 171463482, "feat_type": "way", "quality_categories": "crossings_lacking_kerbs", "issue_ids": "[1]", "osm_url": "https://www.openstreetmap.org/way/171463482", "josm_url": "http://127.0.0.1:8111/load_object?new_layer=false&objects=w171463482", "id_url": "https://www.openstreetmap.org/edit?editor=id&way=171463482#map=20/45.4696739/9.2395893"}}, {"type": "Feature", "geometry": {"type": "Point", "coordinates": [9.2354689, 45.5154691]}, "properties": {"id": 173065857, "feat_type": "way", "quality_categories": "crossings_lacking_kerbs", "issue_ids": "[1]", "osm_url": "https://www.openstreetmap.org/way/173065857", "josm_url": "http://127.0.0.1:8111/load_object?new_layer=false&objects=w173065857", "id_url": "https://www.openstreetmap.org/edit?editor=id&way=173065857#map=20/45.5154691/9.2354689"}}, {"type": "Feature", "geometry": {"type": "Point", "coordinates": [9.1656512, 45.5020167]}, "properties": {"id": 187629155, "feat_type": "way", "quality_categories": "crossings_lacking_kerbs", "issue_ids": "[1]", "osm_url": "https://www.openstreetmap.org/way/187629155", "josm_url": "http://127.0.0.1:8111/load_object?new_layer=false&objects=w187629155", "id_url": "https://www.openstreetmap.org/edit?editor=id&way=187629155#map=20/45.5020167/9.1656512"}}, {"type": "Feature", "geometry": {"type": "Point", "coordinates": [9.1861114, 45.4982335]}, "properties": {"id": 189085469, "feat_type": "way", "quality_categories": "crossings_lacking_kerbs", "issue_ids": "[1]", "osm_url": "https://www.openstreetmap.org/way/189085469", "josm_url": "http://127.0.0.1:8111/load_object?new_layer=false&objects=w189085469", "id_url": "https://www.openstreetmap.org/edit?editor=id&way=189085469#map=20/45.4982335/9.1861114"}}, {"type": "Feature", "geometry": {"type": "Point", "coordinates": [9.1898891, 45.4799824]}, "properties": {"id": 212393410, "feat_type": "way", "quality_categories": "crossings_lacking_kerbs", "issue_ids": "[1]", "osm_url": "https://www.openstreetmap.org/way/212393410", "josm_url": "http://127.0.0.1:8111/load_object?new_layer=false&objects=w212393410", "id_url": "https://www.openstreetmap.org/edit?editor=id&way=212393410#map=20/45.4799824/9.1898891"}}, {"type": "Feature", "geometry": {"type": "Point", "coordinates": [9.2193364, 45.4827807]}, "properties": {"id": 246293700, "feat_type": "way", "quality_categories": "crossings_lacking_kerbs", "issue_ids": "[1]", "osm_url": "https://www.openstreetmap.org/way/246293700", "josm_url": "http://127.0.0.1:8111/load_object?new_layer=false&objects=w246293700", "id_url": "https://www.openstreetmap.org/edit?editor=id&way=246293700#map=20/45.4827807/9.2193364"}}, {"type": "Feature", "geometry": {"type": "Point", "coordinates": [9.2050153, 45.4745768]}, "properties": {"id": 255045560, "feat_type": "way", "quality_categories": "crossings_lacking_kerbs", "issue_ids": "[1]", "osm_url": "https://www.openstreetmap.org/way/255045560", "josm_url": "http://127.0.0.1:8111/load_object?new_layer=false&objects=w255045560", "id_url": "https://www.openstreetmap.org/edit?editor=id&way=255045560#map=20/45.4745768/9.2050153"}}, {"type": "Feature", "geometry": {"type": "Point", "coordinates": [9.2078749, 45.4861936]}, "properties": {"id": 373572462, "feat_type": "way", "quality_categories": "crossings_lacking_kerbs", "issue_ids": "[1]", "osm_url": "https://www.openstreetmap.org/way/373572462", "josm_url": "http://127.0.0.1:8111/load_object?new_layer=false&objects=w373572462", "id_url": "https://www.openstreetmap.org/edit?editor=id&way=373572462#map=20/45.4861936/9.2078749"}}, {"type": "Feature", "geometry": {"type": "Point", "coordinates": [9.2041004, 45.4837707]}, "properties": {"id": 381698860, "feat_type": "way", "quality_categories": "crossings_lacking_kerbs", "issue_ids": "[1]", "osm_url": "https://www.openstreetmap.org/way/381698860", "josm_url": "http://127.0.0.1:8111/load_object?new_layer=false&objects=w381698860", "id_url": "https://www.openstreetmap.org/edit?editor=id&way=381698860#map=20/45.4837707/9.2041004"}}, {"type": "Feature", "geometry": {"type": "Point", "coordinates": [9.2192335, 45.4828451]}, "properties": {"id": 405355368, "feat_type": "way", "quality_categories": "crossings_lacking_kerbs", "issue_ids": "[1]", "osm_url": "https://www.openstreetmap.org/way/405355368", "josm_url": "http://127.0.0.1:8111/load_object?new_layer=false&objects=w405355368", "id_url": "https://www.openstreetmap.org/edit?editor=id&way=405355368#map=20/45.4828451/9.2192335"}}, {"type": "Feature", "geometry": {"type": "Point", "coordinates": [9.1302715, 45.4874626]}, "properties": {"id": 408669813, "feat_type": "way", "quality_categories": "crossings_lacking_kerbs", "issue_ids": "[1]", "osm_url": "https://www.openstreetmap.org/way/408669813", "josm_url": "http://127.0.0.1:8111/load_object?new_layer=false&objects=w408669813", "id_url": "https://www.openstreetmap.org/edit?editor=id&way=408669813#map=20/45.4874626/9.1302715"}}, {"type": "Feature", "geometry": {"type": "Point", "coordinates": [9.1821045, 45.4731631]}, "properties": {"id": 448777649, "feat_type": "way", "quality_categories": "crossings_lacking_kerbs", "issue_ids": "[1]", "osm_url": "https://www.openstreetmap.org/way/448777649", "josm_url": "http://127.0.0.1:8111/load_object?new_layer=false&objects=w448777649", "id_url": "https://www.openstreetmap.org/edit?editor=id&way=448777649#map=20/45.4731631/9.1821045"}}, {"type": "Feature", "geometry": {"type": "Point", "coordinates": [9.1590286, 45.4619821]}, "properties": {"id": 464515294, "feat_type": "way", "quality_categories": "crossings_lacking_kerbs", "issue_ids": "[1]", "osm_url": "https://www.openstreetmap.org/way/464515294", "josm_url": "http://127.0.0.1:8111/load_object?new_layer=false&objects=w464515294", "id_url": "https://www.openstreetmap.org/edit?editor=id&way=464515294#map=20/45.4619821/9.1590286"}}, {"type": "Feature", "geometry": {"type": "Point", "coordinates": [9.2041376, 45.4800805]}, "properties": {"id": 497420818, "feat_type": "way", "quality_categories": "crossings_lacking_kerbs", "issue_ids": "[1]", "osm_url": "https://www.openstreetmap.org/way/497420818", "josm_url": "http://127.0.0.1:8111/load_object?new_layer=false&objects=w497420818", "id_url": "https://www.openstreetmap.org/edit?editor=id&way=497420818#map=20/45.4800805/9.2041376"}}, {"type": "Feature", "geometry": {"type": "Point", "coordinates": [9.2041819, 45.4923157]}, "properties": {"id": 548823889, "feat_type": "way", "quality_categories": "crossings_lacking_kerbs", "issue_ids": "[1]", "osm_url": "https://www.openstreetmap.org/way/548823889", "josm_url": "http://127.0.0.1:8111/load_object?new_layer=false&objects=w548823889", "id_url": "https://www.openstreetmap.org/edit?editor=id&way=548823889#map=20/45.4923157/9.2041819"}}, {"type": "Feature", "geometry": {"type": "Point", "coordinates": [9.1557652, 45.4514558]}, "properties": {"id": 578438932, "feat_type": "way", "quality_categories": "crossings_lacking_kerbs", "issue_ids": "[1]", "osm_url": "https://www.openstreetmap.org/way/578438932", "josm_url": "http://127.0.0.1:8111/load_object?new_layer=false&objects=w578438932", "id_url": "https://www.openstreetmap.org/edit?editor=id&way=578438932#map=20/45.4514558/9.1557652"}}, {"type": "Feature", "geometry": {"type": "Point", "coordinates": [9.1816651, 45.4737308]}, "properties": {"id": 586583628, "feat_type": "way", "quality_categories": "crossings_lacking_kerbs", "issue_ids": "[1]", "osm_url": "https://www.openstreetmap.org/way/586583628", "josm_url": "http://127.0.0.1:8111/load_object?new_layer=false&objects=w586583628", "id_url": "https://www.openstreetmap.org/edit?editor=id&way=586583628#map=20/45.4737308/9.1816651"}}, {"type": "Feature", "geometry": {"type": "Point", "coordinates": [9.1751269, 45.477319]}, "properties": {"id": 628959609, "feat_type": "way", "quality_categories": "crossings_lacking_kerbs", "issue_ids": "[1]", "osm_url": "https://www.openstreetmap.org/way/628959609", "josm_url": "http://127.0.0.1:8111/load_object?new_layer=false&objects=w628959609", "id_url": "https://www.openstreetmap.org/edit?editor=id&way=628959609#map=20/45.477319/9.1751269"}}, {"type": "Feature", "geometry": {"type": "Point", "coordinates": [9.1456468, 45.5009778]}, "properties": {"id": 629116477, "feat_type": "way", "quality_categories": "crossings_lacking_kerbs", "issue_ids": "[1]", "osm_url": "https://www.openstreetmap.org/way/629116477", "josm_url": "http://127.0.0.1:8111/load_object?new_layer=false&objects=w629116477", "id_url": "https://www.openstreetmap.org/edit?editor=id&way=629116477#map=20/45.5009778/9.1456468"}}, {"type": "Feature", "geometry": {"type": "Point", "coordinates": [9.210691, 45.4802615]}, "properties": {"id": 636217038, "feat_type": "way", "quality_categories": "crossings_lacking_kerbs", "issue_ids": "[1]", "osm_url": "https://www.openstreetmap.org/way/636217038", "josm_url": "http://127.0.0.1:8111/load_object?new_layer=false&objects=w636217038", "id_url": "https://www.openstreetmap.org/edit?editor=id&way=636217038#map=20/45.4802615/9.210691"}}, {"type": "Feature", "geometry": {"type": "Point", "coordinates": [9.2396205, 45.4697939]}, "properties": {"id": 639503909, "feat_type": "way", "quality_categories": "crossings_lacking_kerbs", "issue_ids": "[1]", "osm_url": "https://www.openstreetmap.org/way/639503909", "josm_url": "http://127.0.0.1:8111/load_object?new_layer=false&objects=w639503909", "id_url": "https://www.openstreetmap.org/edit?editor=id&way=639503909#map=20/45.4697939/9.2396205"}}, {"type": "Feature", "geometry": {"type": "Point", "coordinates": [9.1696331, 45.4778301]}, "properties": {"id": 685231814, "feat_type": "way", "quality_categories": "crossings_lacking_kerbs", "issue_ids": "[1]", "osm_url": "https://www.openstreetmap.org/way/685231814", "josm_url": "http://127.0.0.1:8111/load_object?new_layer=false&objects=w685231814", "id_url": "https://www.openstreetmap.org/edit?editor=id&way=685231814#map=20/45.4778301/9.1696331"}}, {"type": "Feature", "geometry": {"type": "Point", "coordinates": [9.1680921, 45.4688581]}, "properties": {"id": 685609131, "feat_type": "way", "quality_categories": "crossings_lacking_kerbs", "issue_ids": "[1]", "osm_url": "https://www.openstreetmap.org/way/685609131", "josm_url": "http://127.0.0.1:8111/load_object?new_layer=false&objects=w685609131", "id_url": "https://www.openstreetmap.org/edit?editor=id&way=685609131#map=20/45.4688581/9.1680921"}}, {"type": "Feature", "geometry": {"type": "Point", "coordinates": [9.1708717, 45.4702656]}, "properties": {"id": 685618685, "feat_type": "way", "quality_categories": "crossings_lacking_kerbs", "issue_ids": "[1]", "osm_url": "https://www.openstreetmap.org/way/685618685", "josm_url": "http://127.0.0.1:8111/load_object?new_layer=false&objects=w685618685", "id_url": "https://www.openstreetmap.org/edit?editor=id&way=685618685#map=20/45.4702656/9.1708717"}}, {"type": "Feature", "geometry": {"type": "Point", "coordinates": [9.1840787, 45.4850343]}, "properties": {"id": 686649934, "feat_type": "way", "quality_categories": "crossings_lacking_kerbs", "issue_ids": "[1]", "osm_url": "https://www.openstreetmap.org/way/686649934", "josm_url": "http://127.0.0.1:8111/load_object?new_layer=false&objects=w686649934", "id_url": "https://www.openstreetmap.org/edit?editor=id&way=686649934#map=20/45.4850343/9.1840787"}}, {"type": "Feature", "geometry": {"type": "Point", "coordinates": [9.1734764, 45.4556709]}, "properties": {"id": 686831308, "feat_type": "way", "quality_categories": "crossings_lacking_kerbs", "issue_ids": "[1]", "osm_url": "https://www.openstreetmap.org/way/686831308", "josm_url": "http://127.0.0.1:8111/load_object?new_layer=false&objects=w686831308", "id_url": "https://www.openstreetmap.org/edit?editor=id&way=686831308#map=20/45.4556709/9.1734764"}}, {"type": "Feature", "geometry": {"type": "Point", "coordinates": [9.182431, 45.4716471]}, "properties": {"id": 687531125, "feat_type": "way", "quality_categories": "crossings_lacking_kerbs", "issue_ids": "[1]", "osm_url": "https://www.openstreetmap.org/way/687531125", "josm_url": "http://127.0.0.1:8111/load_object?new_layer=false&objects=w687531125", "id_url": "https://www.openstreetmap.org/edit?editor=id&way=687531125#map=20/45.4716471/9.182431"}}, {"type": "Feature", "geometry": {"type": "Point", "coordinates": [9.1802673, 45.4731743]}, "properties": {"id": 687533944, "feat_type": "way", "quality_categories": "crossings_lacking_kerbs", "issue_ids": "[1]", "osm_url": "https://www.openstreetmap.org/way/687533944", "josm_url": "http://127.0.0.1:8111/load_object?new_layer=false&objects=w687533944", "id_url": "https://www.openstreetmap.org/edit?editor=id&way=687533944#map=20/45.4731743/9.1802673"}}, {"type": "Feature", "geometry": {"type": "Point", "coordinates": [9.1689717, 45.4733008]}, "properties": {"id": 687544150, "feat_type": "way", "quality_categories": "crossings_lacking_kerbs", "issue_ids": "[1]", "osm_url": "https://www.openstreetmap.org/way/687544150", "josm_url": "http://127.0.0.1:8111/load_object?new_layer=false&objects=w687544150", "id_url": "https://www.openstreetmap.org/edit?editor=id&way=687544150#map=20/45.4733008/9.1689717"}}, {"type": "Feature", "geometry": {"type": "Point", "coordinates": [9.1808401, 45.4773633]}, "properties": {"id": 687545940, "feat_type": "way", "quality_categories": "crossings_lacking_kerbs", "issue_ids": "[1]", "osm_url": "https://www.openstreetmap.org/way/687545940", "josm_url": "http://127.0.0.1:8111/load_object?new_layer=false&objects=w687545940", "id_url": "https://www.openstreetmap.org/edit?editor=id&way=687545940#map=20/45.4773633/9.1808401"}}, {"type": "Feature", "geometry": {"type": "Point", "coordinates": [9.1808281, 45.4773434]}, "properties": {"id": 687545941, "feat_type": "way", "quality_categories": "crossings_lacking_kerbs", "issue_ids": "[1]", "osm_url": "https://www.openstreetmap.org/way/687545941", "josm_url": "http://127.0.0.1:8111/load_object?new_layer=false&objects=w687545941", "id_url": "https://www.openstreetmap.org/edit?editor=id&way=687545941#map=20/45.4773434/9.1808281"}}, {"type": "Feature", "geometry": {"type": "Point", "coordinates": [9.1891261, 45.4786473]}, "properties": {"id": 691185583, "feat_type": "way", "quality_categories": "crossings_lacking_kerbs", "issue_ids": "[1]", "osm_url": "https://www.openstreetmap.org/way/691185583", "josm_url": "http://127.0.0.1:8111/load_object?new_layer=false&objects=w691185583", "id_url": "https://www.openstreetmap.org/edit?editor=id&way=691185583#map=20/45.4786473/9.1891261"}}, {"type": "Feature", "geometry": {"type": "Point", "coordinates": [9.20687, 45.4707996]}, "properties": {"id": 691625333, "feat_type": "way", "quality_categories": "crossings_lacking_kerbs", "issue_ids": "[1]", "osm_url": "https://www.openstreetmap.org/way/691625333", "josm_url": "http://127.0.0.1:8111/load_object?new_layer=false&objects=w691625333", "id_url": "https://www.openstreetmap.org/edit?editor=id&way=691625333#map=20/45.4707996/9.20687"}}, {"type": "Feature", "geometry": {"type": "Point", "coordinates": [9.1930506, 45.4665254]}, "properties": {"id": 692968550, "feat_type": "way", "quality_categories": "crossings_lacking_kerbs", "issue_ids": "[1]", "osm_url": "https://www.openstreetmap.org/way/692968550", "josm_url": "http://127.0.0.1:8111/load_object?new_layer=false&objects=w692968550", "id_url": "https://www.openstreetmap.org/edit?editor=id&way=692968550#map=20/45.4665254/9.1930506"}}, {"type": "Feature", "geometry": {"type": "Point", "coordinates": [9.1817082, 45.4737407]}, "properties": {"id": 697981149, "feat_type": "way", "quality_categories": "crossings_lacking_kerbs", "issue_ids": "[1]", "osm_url": "https://www.openstreetmap.org/way/697981149", "josm_url": "http://127.0.0.1:8111/load_object?new_layer=false&objects=w697981149", "id_url": "https://www.openstreetmap.org/edit?editor=id&way=697981149#map=20/45.4737407/9.1817082"}}, {"type": "Feature", "geometry": {"type": "Point", "coordinates": [9.1817082, 45.4737407]}, "properties": {"id": 697981153, "feat_type": "way", "quality_categories": "crossings_lacking_kerbs", "issue_ids": "[1]", "osm_url": "https://www.openstreetmap.org/way/697981153", "josm_url": "http://127.0.0.1:8111/load_object?new_layer=false&objects=w697981153", "id_url": "https://www.openstreetmap.org/edit?editor=id&way=697981153#map=20/45.4737407/9.1817082"}}, {"type": "Feature", "geometry": {"type": "Point", "coordinates": [9.1761778, 45.4541548]}, "properties": {"id": 700058338, "feat_type": "way", "quality_categories": "crossings_lacking_kerbs", "issue_ids": "[1]", "osm_url": "https://www.openstreetmap.org/way/700058338", "josm_url": "http://127.0.0.1:8111/load_object?new_layer=false&objects=w700058338", "id_url": "https://www.openstreetmap.org/edit?editor=id&way=700058338#map=20/45.4541548/9.1761778"}}, {"type": "Feature", "geometry": {"type": "Point", "coordinates": [9.1977846, 45.4477774]}, "properties": {"id": 734802320, "feat_type": "way", "quality_categories": "crossings_lacking_kerbs", "issue_ids": "[1]", "osm_url": "https://www.openstreetmap.org/way/734802320", "josm_url": "http://127.0.0.1:8111/load_object?new_layer=false&objects=w734802320", "id_url": "https://www.openstreetmap.org/edit?editor=id&way=734802320#map=20/45.4477774/9.1977846"}}, {"type": "Feature", "geometry": {"type": "Point", "coordinates": [9.2342893, 45.4825858]}, "properties": {"id": 736649242, "feat_type": "way", "quality_categories": "crossings_lacking_kerbs", "issue_ids": "[1]", "osm_url": "https://www.openstreetmap.org/way/736649242", "josm_url": "http://127.0.0.1:8111/load_object?new_layer=false&objects=w736649242", "id_url": "https://www.openstreetmap.org/edit?editor=id&way=736649242#map=20/45.4825858/9.2342893"}}, {"type": "Feature", "geometry": {"type": "Point", "coordinates": [9.0979585, 45.5068375]}, "properties": {"id": 750370142, "feat_type": "way", "quality_categories": "crossings_lacking_kerbs", "issue_ids": "[1]", "osm_url": "https://www.openstreetmap.org/way/750370142", "josm_url": "http://127.0.0.1:8111/load_object?new_layer=false&objects=w750370142", "id_url": "https://www.openstreetmap.org/edit?editor=id&way=750370142#map=20/45.5068375/9.0979585"}}, {"type": "Feature", "geometry": {"type": "Point", "coordinates": [9.1842269, 45.4620647]}, "properties": {"id": 751328685, "feat_type": "way", "quality_categories": "crossings_lacking_kerbs", "issue_ids": "[1]", "osm_url": "https://www.openstreetmap.org/way/751328685", "josm_url": "http://127.0.0.1:8111/load_object?new_layer=false&objects=w751328685", "id_url": "https://www.openstreetmap.org/edit?editor=id&way=751328685#map=20/45.4620647/9.1842269"}}, {"type": "Feature", "geometry": {"type": "Point", "coordinates": [9.1917437, 45.458603]}, "properties": {"id": 751814818, "feat_type": "way", "quality_categories": "crossings_lacking_kerbs", "issue_ids": "[1]", "osm_url": "https://www.openstreetmap.org/way/751814818", "josm_url": "http://127.0.0.1:8111/load_object?new_layer=false&objects=w751814818", "id_url": "https://www.openstreetmap.org/edit?editor=id&way=751814818#map=20/45.458603/9.1917437"}}, {"type": "Feature", "geometry": {"type": "Point", "coordinates": [9.1910623, 45.4521648]}, "properties": {"id": 752305555, "feat_type": "way", "quality_categories": "crossings_lacking_kerbs", "issue_ids": "[1]", "osm_url": "https://www.openstreetmap.org/way/752305555", "josm_url": "http://127.0.0.1:8111/load_object?new_layer=false&objects=w752305555", "id_url": "https://www.openstreetmap.org/edit?editor=id&way=752305555#map=20/45.4521648/9.1910623"}}, {"type": "Feature", "geometry": {"type": "Point", "coordinates": [9.1511826, 45.4861859]}, "properties": {"id": 761099098, "feat_type": "way", "quality_categories": "crossings_lacking_kerbs", "issue_ids": "[1]", "osm_url": "https://www.openstreetmap.org/way/761099098", "josm_url": "http://127.0.0.1:8111/load_object?new_layer=false&objects=w761099098", "id_url": "https://www.openstreetmap.org/edit?editor=id&way=761099098#map=20/45.4861859/9.1511826"}}, {"type": "Feature", "geometry": {"type": "Point", "coordinates": [9.1502644, 45.4990411]}, "properties": {"id": 778294194, "feat_type": "way", "quality_categories": "crossings_lacking_kerbs", "issue_ids": "[1]", "osm_url": "https://www.openstreetmap.org/way/778294194", "josm_url": "http://127.0.0.1:8111/load_object?new_layer=false&objects=w778294194", "id_url": "https://www.openstreetmap.org/edit?editor=id&way=778294194#map=20/45.4990411/9.1502644"}}, {"type": "Feature", "geometry": {"type": "Point", "coordinates": [9.1493104, 45.4993691]}, "properties": {"id": 778309621, "feat_type": "way", "quality_categories": "crossings_lacking_kerbs", "issue_ids": "[1]", "osm_url": "https://www.openstreetmap.org/way/778309621", "josm_url": "http://127.0.0.1:8111/load_object?new_layer=false&objects=w778309621", "id_url": "https://www.openstreetmap.org/edit?editor=id&way=778309621#map=20/45.4993691/9.1493104"}}, {"type": "Feature", "geometry": {"type": "Point", "coordinates": [9.1431429, 45.4693113]}, "properties": {"id": 824739015, "feat_type": "way", "quality_categories": "crossings_lacking_kerbs", "issue_ids": "[1]", "osm_url": "https://www.openstreetmap.org/way/824739015", "josm_url": "http://127.0.0.1:8111/load_object?new_layer=false&objects=w824739015", "id_url": "https://www.openstreetmap.org/edit?editor=id&way=824739015#map=20/45.4693113/9.1431429"}}, {"type": "Feature", "geometry": {"type": "Point", "coordinates": [9.1510685, 45.4810848]}, "properties": {"id": 834940122, "feat_type": "way", "quality_categories": "crossings_lacking_kerbs", "issue_ids": "[1]", "osm_url": "https://www.openstreetmap.org/way/834940122", "josm_url": "http://127.0.0.1:8111/load_object?new_layer=false&objects=w834940122", "id_url": "https://www.openstreetmap.org/edit?editor=id&way=834940122#map=20/45.4810848/9.1510685"}}, {"type": "Feature", "geometry": {"type": "Point", "coordinates": [9.1360109, 45.5210589]}, "properties": {"id": 837556739, "feat_type": "way", "quality_categories": "crossings_lacking_kerbs", "issue_ids": "[1]", "osm_url": "https://www.openstreetmap.org/way/837556739", "josm_url": "http://127.0.0.1:8111/load_object?new_layer=false&objects=w837556739", "id_url": "https://www.openstreetmap.org/edit?editor=id&way=837556739#map=20/45.5210589/9.1360109"}}, {"type": "Feature", "geometry": {"type": "Point", "coordinates": [9.1520719, 45.4816444]}, "properties": {"id": 838569713, "feat_type": "way", "quality_categories": "crossings_lacking_kerbs", "issue_ids": "[1]", "osm_url": "https://www.openstreetmap.org/way/838569713", "josm_url": "http://127.0.0.1:8111/load_object?new_layer=false&objects=w838569713", "id_url": "https://www.openstreetmap.org/edit?editor=id&way=838569713#map=20/45.4816444/9.1520719"}}, {"type": "Feature", "geometry": {"type": "Point", "coordinates": [9.1619023, 45.4830903]}, "properties": {"id": 840219011, "feat_type": "way", "quality_categories": "crossings_lacking_kerbs", "issue_ids": "[1]", "osm_url": "https://www.openstreetmap.org/way/840219011", "josm_url": "http://127.0.0.1:8111/load_object?new_layer=false&objects=w840219011", "id_url": "https://www.openstreetmap.org/edit?editor=id&way=840219011#map=20/45.4830903/9.1619023"}}, {"type": "Feature", "geometry": {"type": "Point", "coordinates": [9.1508327, 45.4738204]}, "properties": {"id": 843943075, "feat_type": "way", "quality_categories": "crossings_lacking_kerbs", "issue_ids": "[1]", "osm_url": "https://www.openstreetmap.org/way/843943075", "josm_url": "http://127.0.0.1:8111/load_object?new_layer=false&objects=w843943075", "id_url": "https://www.openstreetmap.org/edit?editor=id&way=843943075#map=20/45.4738204/9.1508327"}}, {"type": "Feature", "geometry": {"type": "Point", "coordinates": [9.1504031, 45.4741315]}, "properties": {"id": 843943078, "feat_type": "way", "quality_categories": "crossings_lacking_kerbs", "issue_ids": "[1]", "osm_url": "https://www.openstreetmap.org/way/843943078", "josm_url": "http://127.0.0.1:8111/load_object?new_layer=false&objects=w843943078", "id_url": "https://www.openstreetmap.org/edit?editor=id&way=843943078#map=20/45.4741315/9.1504031"}}, {"type": "Feature", "geometry": {"type": "Point", "coordinates": [9.1696004, 45.4778104]}, "properties": {"id": 857775770, "feat_type": "way", "quality_categories": "crossings_lacking_kerbs", "issue_ids": "[1]", "osm_url": "https://www.openstreetmap.org/way/857775770", "josm_url": "http://127.0.0.1:8111/load_object?new_layer=false&objects=w857775770", "id_url": "https://www.openstreetmap.org/edit?editor=id&way=857775770#map=20/45.4778104/9.1696004"}}, {"type": "Feature", "geometry": {"type": "Point", "coordinates": [9.1502113, 45.4805988]}, "properties": {"id": 866263957, "feat_type": "way", "quality_categories": "crossings_lacking_kerbs", "issue_ids": "[1]", "osm_url": "https://www.openstreetmap.org/way/866263957", "josm_url": "http://127.0.0.1:8111/load_object?new_layer=false&objects=w866263957", "id_url": "https://www.openstreetmap.org/edit?editor=id&way=866263957#map=20/45.4805988/9.1502113"}}, {"type": "Feature", "geometry": {"type": "Point", "coordinates": [9.1560489, 45.4748384]}, "properties": {"id": 867880836, "feat_type": "way", "quality_categories": "crossings_lacking_kerbs", "issue_ids": "[1]", "osm_url": "https://www.openstreetmap.org/way/867880836", "josm_url": "http://127.0.0.1:8111/load_object?new_layer=false&objects=w867880836", "id_url": "https://www.openstreetmap.org/edit?editor=id&way=867880836#map=20/45.4748384/9.1560489"}}, {"type": "Feature", "geometry": {"type": "Point", "coordinates": [9.186262, 45.4983168]}, "properties": {"id": 871910875, "feat_type": "way", "quality_categories": "crossings_lacking_kerbs", "issue_ids": "[1]", "osm_url": "https://www.openstreetmap.org/way/871910875", "josm_url": "http://127.0.0.1:8111/load_object?new_layer=false&objects=w871910875", "id_url": "https://www.openstreetmap.org/edit?editor=id&way=871910875#map=20/45.4983168/9.186262"}}, {"type": "Feature", "geometry": {"type": "Point", "coordinates": [9.1851974, 45.4976108]}, "properties": {"id": 875885211, "feat_type": "way", "quality_categories": "crossings_lacking_kerbs", "issue_ids": "[1]", "osm_url": "https://www.openstreetmap.org/way/875885211", "josm_url": "http://127.0.0.1:8111/load_object?new_layer=false&objects=w875885211", "id_url": "https://www.openstreetmap.org/edit?editor=id&way=875885211#map=20/45.4976108/9.1851974"}}, {"type": "Feature", "geometry": {"type": "Point", "coordinates": [9.2128231, 45.5140675]}, "properties": {"id": 898049644, "feat_type": "way", "quality_categories": "crossings_lacking_kerbs", "issue_ids": "[1]", "osm_url": "https://www.openstreetmap.org/way/898049644", "josm_url": "http://127.0.0.1:8111/load_object?new_layer=false&objects=w898049644", "id_url": "https://www.openstreetmap.org/edit?editor=id&way=898049644#map=20/45.5140675/9.2128231"}}, {"type": "Feature", "geometry": {"type": "Point", "coordinates": [9.1926241, 45.4958889]}, "properties": {"id": 900803743, "feat_type": "way", "quality_categories": "crossings_lacking_kerbs", "issue_ids": "[1]", "osm_url": "https://www.openstreetmap.org/way/900803743", "josm_url": "http://127.0.0.1:8111/load_object?new_layer=false&objects=w900803743", "id_url": "https://www.openstreetmap.org/edit?editor=id&way=900803743#map=20/45.4958889/9.1926241"}}, {"type": "Feature", "geometry": {"type": "Point", "coordinates": [9.2457335, 45.4802301]}, "properties": {"id": 908378252, "feat_type": "way", "quality_categories": "crossings_lacking_kerbs", "issue_ids": "[1]", "osm_url": "https://www.openstreetmap.org/way/908378252", "josm_url": "http://127.0.0.1:8111/load_object?new_layer=false&objects=w908378252", "id_url": "https://www.openstreetmap.org/edit?editor=id&way=908378252#map=20/45.4802301/9.2457335"}}, {"type": "Feature", "geometry": {"type": "Point", "coordinates": [9.2435209, 45.4767098]}, "properties": {"id": 909694617, "feat_type": "way", "quality_categories": "crossings_lacking_kerbs", "issue_ids": "[1]", "osm_url": "https://www.openstreetmap.org/way/909694617", "josm_url": "http://127.0.0.1:8111/load_object?new_layer=false&objects=w909694617", "id_url": "https://www.openstreetmap.org/edit?editor=id&way=909694617#map=20/45.4767098/9.2435209"}}, {"type": "Feature", "geometry": {"type": "Point", "coordinates": [9.1903981, 45.4888602]}, "properties": {"id": 922015179, "feat_type": "way", "quality_categories": "crossings_lacking_kerbs", "issue_ids": "[1]", "osm_url": "https://www.openstreetmap.org/way/922015179", "josm_url": "http://127.0.0.1:8111/load_object?new_layer=false&objects=w922015179", "id_url": "https://www.openstreetmap.org/edit?editor=id&way=922015179#map=20/45.4888602/9.1903981"}}, {"type": "Feature", "geometry": {"type": "Point", "coordinates": [9.2191437, 45.4343647]}, "properties": {"id": 924392773, "feat_type": "way", "quality_categories": "crossings_lacking_kerbs", "issue_ids": "[1]", "osm_url": "https://www.openstreetmap.org/way/924392773", "josm_url": "http://127.0.0.1:8111/load_object?new_layer=false&objects=w924392773", "id_url": "https://www.openstreetmap.org/edit?editor=id&way=924392773#map=20/45.4343647/9.2191437"}}, {"type": "Feature", "geometry": {"type": "Point", "coordinates": [9.1784249, 45.5164866]}, "properties": {"id": 926161057, "feat_type": "way", "quality_categories": "crossings_lacking_kerbs", "issue_ids": "[1]", "osm_url": "https://www.openstreetmap.org/way/926161057", "josm_url": "http://127.0.0.1:8111/load_object?new_layer=false&objects=w926161057", "id_url": "https://www.openstreetmap.org/edit?editor=id&way=926161057#map=20/45.5164866/9.1784249"}}, {"type": "Feature", "geometry": {"type": "Point", "coordinates": [9.2399668, 45.4698592]}, "properties": {"id": 926309970, "feat_type": "way", "quality_categories": "crossings_lacking_kerbs", "issue_ids": "[1]", "osm_url": "https://www.openstreetmap.org/way/926309970", "josm_url": "http://127.0.0.1:8111/load_object?new_layer=false&objects=w926309970", "id_url": "https://www.openstreetmap.org/edit?editor=id&way=926309970#map=20/45.4698592/9.2399668"}}, {"type": "Feature", "geometry": {"type": "Point", "coordinates": [9.2397929, 45.4698436]}, "properties": {"id": 926766944, "feat_type": "way", "quality_categories": "crossings_lacking_kerbs", "issue_ids": "[1]", "osm_url": "https://www.openstreetmap.org/way/926766944", "josm_url": "http://127.0.0.1:8111/load_object?new_layer=false&objects=w926766944", "id_url": "https://www.openstreetmap.org/edit?editor=id&way=926766944#map=20/45.4698436/9.2397929"}}, {"type": "Feature", "geometry": {"type": "Point", "coordinates": [9.1950354, 45.4848081]}, "properties": {"id": 929572790, "feat_type": "way", "quality_categories": "crossings_lacking_kerbs", "issue_ids": "[1]", "osm_url": "https://www.openstreetmap.org/way/929572790", "josm_url": "http://127.0.0.1:8111/load_object?new_layer=false&objects=w929572790", "id_url": "https://www.openstreetmap.org/edit?editor=id&way=929572790#map=20/45.4848081/9.1950354"}}, {"type": "Feature", "geometry": {"type": "Point", "coordinates": [9.1953132, 45.4844939]}, "properties": {"id": 929572801, "feat_type": "way", "quality_categories": "crossings_lacking_kerbs", "issue_ids": "[1]", "osm_url": "https://www.openstreetmap.org/way/929572801", "josm_url": "http://127.0.0.1:8111/load_object?new_layer=false&objects=w929572801", "id_url": "https://www.openstreetmap.org/edit?editor=id&way=929572801#map=20/45.4844939/9.1953132"}}, {"type": "Feature", "geometry": {"type": "Point", "coordinates": [9.195292, 45.4847842]}, "properties": {"id": 929572808, "feat_type": "way", "quality_categories": "crossings_lacking_kerbs", "issue_ids": "[1]", "osm_url": "https://www.openstreetmap.org/way/929572808", "josm_url": "http://127.0.0.1:8111/load_object?new_layer=false&objects=w929572808", "id_url": "https://www.openstreetmap.org/edit?editor=id&way=929572808#map=20/45.4847842/9.195292"}}, {"type": "Feature", "geometry": {"type": "Point", "coordinates": [9.2028888, 45.4862393]}, "properties": {"id": 936647003, "feat_type": "way", "quality_categories": "crossings_lacking_kerbs", "issue_ids": "[1]", "osm_url": "https://www.openstreetmap.org/way/936647003", "josm_url": "http://127.0.0.1:8111/load_object?new_layer=false&objects=w936647003", "id_url": "https://www.openstreetmap.org/edit?editor=id&way=936647003#map=20/45.4862393/9.2028888"}}, {"type": "Feature", "geometry": {"type": "Point", "coordinates": [9.1916811, 45.4856893]}, "properties": {"id": 942592822, "feat_type": "way", "quality_categories": "crossings_lacking_kerbs", "issue_ids": "[1]", "osm_url": "https://www.openstreetmap.org/way/942592822", "josm_url": "http://127.0.0.1:8111/load_object?new_layer=false&objects=w942592822", "id_url": "https://www.openstreetmap.org/edit?editor=id&way=942592822#map=20/45.4856893/9.1916811"}}, {"type": "Feature", "geometry": {"type": "Point", "coordinates": [9.1376893, 45.5077427]}, "properties": {"id": 945055646, "feat_type": "way", "quality_categories": "crossings_lacking_kerbs", "issue_ids": "[1]", "osm_url": "https://www.openstreetmap.org/way/945055646", "josm_url": "http://127.0.0.1:8111/load_object?new_layer=false&objects=w945055646", "id_url": "https://www.openstreetmap.org/edit?editor=id&way=945055646#map=20/45.5077427/9.1376893"}}, {"type": "Feature", "geometry": {"type": "Point", "coordinates": [9.1379083, 45.5087433]}, "properties": {"id": 945055667, "feat_type": "way", "quality_categories": "crossings_lacking_kerbs", "issue_ids": "[1]", "osm_url": "https://www.openstreetmap.org/way/945055667", "josm_url": "http://127.0.0.1:8111/load_object?new_layer=false&objects=w945055667", "id_url": "https://www.openstreetmap.org/edit?editor=id&way=945055667#map=20/45.5087433/9.1379083"}}, {"type": "Feature", "geometry": {"type": "Point", "coordinates": [9.2380619, 45.4819198]}, "properties": {"id": 949020279, "feat_type": "way", "quality_categories": "crossings_lacking_kerbs", "issue_ids": "[1]", "osm_url": "https://www.openstreetmap.org/way/949020279", "josm_url": "http://127.0.0.1:8111/load_object?new_layer=false&objects=w949020279", "id_url": "https://www.openstreetmap.org/edit?editor=id&way=949020279#map=20/45.4819198/9.2380619"}}, {"type": "Feature", "geometry": {"type": "Point", "coordinates": [9.1592445, 45.5020576]}, "properties": {"id": 951200540, "feat_type": "way", "quality_categories": "crossings_lacking_kerbs", "issue_ids": "[1]", "osm_url": "https://www.openstreetmap.org/way/951200540", "josm_url": "http://127.0.0.1:8111/load_object?new_layer=false&objects=w951200540", "id_url": "https://www.openstreetmap.org/edit?editor=id&way=951200540#map=20/45.5020576/9.1592445"}}, {"type": "Feature", "geometry": {"type": "Point", "coordinates": [9.1733108, 45.3982356]}, "properties": {"id": 970614328, "feat_type": "way", "quality_categories": "crossings_lacking_kerbs", "issue_ids": "[1]", "osm_url": "https://www.openstreetmap.org/way/970614328", "josm_url": "http://127.0.0.1:8111/load_object?new_layer=false&objects=w970614328", "id_url": "https://www.openstreetmap.org/edit?editor=id&way=970614328#map=20/45.3982356/9.1733108"}}, {"type": "Feature", "geometry": {"type": "Point", "coordinates": [9.1153944, 45.4763619]}, "properties": {"id": 971922239, "feat_type": "way", "quality_categories": "crossings_lacking_kerbs", "issue_ids": "[1]", "osm_url": "https://www.openstreetmap.org/way/971922239", "josm_url": "http://127.0.0.1:8111/load_object?new_layer=false&objects=w971922239", "id_url": "https://www.openstreetmap.org/edit?editor=id&way=971922239#map=20/45.4763619/9.1153944"}}, {"type": "Feature", "geometry": {"type": "Point", "coordinates": [9.1639301, 45.4875689]}, "properties": {"id": 979568755, "feat_type": "way", "quality_categories": "crossings_lacking_kerbs", "issue_ids": "[1]", "osm_url": "https://www.openstreetmap.org/way/979568755", "josm_url": "http://127.0.0.1:8111/load_object?new_layer=false&objects=w979568755", "id_url": "https://www.openstreetmap.org/edit?editor=id&way=979568755#map=20/45.4875689/9.1639301"}}, {"type": "Feature", "geometry": {"type": "Point", "coordinates": [9.1639499, 45.4878242]}, "properties": {"id": 979568756, "feat_type": "way", "quality_categories": "crossings_lacking_kerbs", "issue_ids": "[1]", "osm_url": "https://www.openstreetmap.org/way/979568756", "josm_url": "http://127.0.0.1:8111/load_object?new_layer=false&objects=w979568756", "id_url": "https://www.openstreetmap.org/edit?editor=id&way=979568756#map=20/45.4878242/9.1639499"}}, {"type": "Feature", "geometry": {"type": "Point", "coordinates": [9.1650066, 45.488391]}, "properties": {"id": 979568763, "feat_type": "way", "quality_categories": "crossings_lacking_kerbs", "issue_ids": "[1]", "osm_url": "https://www.openstreetmap.org/way/979568763", "josm_url": "http://127.0.0.1:8111/load_object?new_layer=false&objects=w979568763", "id_url": "https://www.openstreetmap.org/edit?editor=id&way=979568763#map=20/45.488391/9.1650066"}}, {"type": "Feature", "geometry": {"type": "Point", "coordinates": [9.1415511, 45.4801524]}, "properties": {"id": 983168257, "feat_type": "way", "quality_categories": "crossings_lacking_kerbs", "issue_ids": "[1]", "osm_url": "https://www.openstreetmap.org/way/983168257", "josm_url": "http://127.0.0.1:8111/load_object?new_layer=false&objects=w983168257", "id_url": "https://www.openstreetmap.org/edit?editor=id&way=983168257#map=20/45.4801524/9.1415511"}}, {"type": "Feature", "geometry": {"type": "Point", "coordinates": [9.1288005, 45.5026569]}, "properties": {"id": 985096082, "feat_type": "way", "quality_categories": "crossings_lacking_kerbs", "issue_ids": "[1]", "osm_url": "https://www.openstreetmap.org/way/985096082", "josm_url": "http://127.0.0.1:8111/load_object?new_layer=false&objects=w985096082", "id_url": "https://www.openstreetmap.org/edit?editor=id&way=985096082#map=20/45.5026569/9.1288005"}}, {"type": "Feature", "geometry": {"type": "Point", "coordinates": [9.1287371, 45.5022229]}, "properties": {"id": 985108982, "feat_type": "way", "quality_categories": "crossings_lacking_kerbs", "issue_ids": "[1]", "osm_url": "https://www.openstreetmap.org/way/985108982", "josm_url": "http://127.0.0.1:8111/load_object?new_layer=false&objects=w985108982", "id_url": "https://www.openstreetmap.org/edit?editor=id&way=985108982#map=20/45.5022229/9.1287371"}}, {"type": "Feature", "geometry": {"type": "Point", "coordinates": [9.1482116, 45.5191427]}, "properties": {"id": 988327999, "feat_type": "way", "quality_categories": "crossings_lacking_kerbs", "issue_ids": "[1]", "osm_url": "https://www.openstreetmap.org/way/988327999", "josm_url": "http://127.0.0.1:8111/load_object?new_layer=false&objects=w988327999", "id_url": "https://www.openstreetmap.org/edit?editor=id&way=988327999#map=20/45.5191427/9.1482116"}}, {"type": "Feature", "geometry": {"type": "Point", "coordinates": [9.1712901, 45.4963826]}, "properties": {"id": 993395359, "feat_type": "way", "quality_categories": "crossings_lacking_kerbs", "issue_ids": "[1]", "osm_url": "https://www.openstreetmap.org/way/993395359", "josm_url": "http://127.0.0.1:8111/load_object?new_layer=false&objects=w993395359", "id_url": "https://www.openstreetmap.org/edit?editor=id&way=993395359#map=20/45.4963826/9.1712901"}}, {"type": "Feature", "geometry": {"type": "Point", "coordinates": [9.1782734, 45.4689188]}, "properties": {"id": 997950395, "feat_type": "way", "quality_categories": "crossings_lacking_kerbs", "issue_ids": "[1]", "osm_url": "https://www.openstreetmap.org/way/997950395", "josm_url": "http://127.0.0.1:8111/load_object?new_layer=false&objects=w997950395", "id_url": "https://www.openstreetmap.org/edit?editor=id&way=997950395#map=20/45.4689188/9.1782734"}}, {"type": "Feature", "geometry": {"type": "Point", "coordinates": [9.1867408, 45.5110613]}, "properties": {"id": 998446102, "feat_type": "way", "quality_categories": "crossings_lacking_kerbs", "issue_ids": "[1]", "osm_url": "https://www.openstreetmap.org/way/998446102", "josm_url": "http://127.0.0.1:8111/load_object?new_layer=false&objects=w998446102", "id_url": "https://www.openstreetmap.org/edit?editor=id&way=998446102#map=20/45.5110613/9.1867408"}}, {"type": "Feature", "geometry": {"type": "Point", "coordinates": [9.1385927, 45.4760942]}, "properties": {"id": 1010982392, "feat_type": "way", "quality_categories": "crossings_lacking_kerbs", "issue_ids": "[1]", "osm_url": "https://www.openstreetmap.org/way/1010982392", "josm_url": "http://127.0.0.1:8111/load_object?new_layer=false&objects=w1010982392", "id_url": "https://www.openstreetmap.org/edit?editor=id&way=1010982392#map=20/45.4760942/9.1385927"}}, {"type": "Feature", "geometry": {"type": "Point", "coordinates": [9.1482377, 45.4757905]}, "properties": {"id": 1011687435, "feat_type": "way", "quality_categories": "crossings_lacking_kerbs", "issue_ids": "[1]", "osm_url": "https://www.openstreetmap.org/way/1011687435", "josm_url": "http://127.0.0.1:8111/load_object?new_layer=false&objects=w1011687435", "id_url": "https://www.openstreetmap.org/edit?editor=id&way=1011687435#map=20/45.4757905/9.1482377"}}, {"type": "Feature", "geometry": {"type": "Point", "coordinates": [9.1480597, 45.4759244]}, "properties": {"id": 1011687436, "feat_type": "way", "quality_categories": "crossings_lacking_kerbs", "issue_ids": "[1]", "osm_url": "https://www.openstreetmap.org/way/1011687436", "josm_url": "http://127.0.0.1:8111/load_object?new_layer=false&objects=w1011687436", "id_url": "https://www.openstreetmap.org/edit?editor=id&way=1011687436#map=20/45.4759244/9.1480597"}}, {"type": "Feature", "geometry": {"type": "Point", "coordinates": [9.1598194, 45.4798562]}, "properties": {"id": 1012114466, "feat_type": "way", "quality_categories": "crossings_lacking_kerbs", "issue_ids": "[1]", "osm_url": "https://www.openstreetmap.org/way/1012114466", "josm_url": "http://127.0.0.1:8111/load_object?new_layer=false&objects=w1012114466", "id_url": "https://www.openstreetmap.org/edit?editor=id&way=1012114466#map=20/45.4798562/9.1598194"}}, {"type": "Feature", "geometry": {"type": "Point", "coordinates": [9.1559884, 45.4748399]}, "properties": {"id": 1012134008, "feat_type": "way", "quality_categories": "crossings_lacking_kerbs", "issue_ids": "[1]", "osm_url": "https://www.openstreetmap.org/way/1012134008", "josm_url": "http://127.0.0.1:8111/load_object?new_layer=false&objects=w1012134008", "id_url": "https://www.openstreetmap.org/edit?editor=id&way=1012134008#map=20/45.4748399/9.1559884"}}, {"type": "Feature", "geometry": {"type": "Point", "coordinates": [9.1300085, 45.4875169]}, "properties": {"id": 1012732612, "feat_type": "way", "quality_categories": "crossings_lacking_kerbs", "issue_ids": "[1]", "osm_url": "https://www.openstreetmap.org/way/1012732612", "josm_url": "http://127.0.0.1:8111/load_object?new_layer=false&objects=w1012732612", "id_url": "https://www.openstreetmap.org/edit?editor=id&way=1012732612#map=20/45.4875169/9.1300085"}}, {"type": "Feature", "geometry": {"type": "Point", "coordinates": [9.1305081, 45.4788457]}, "properties": {"id": 1012790566, "feat_type": "way", "quality_categories": "crossings_lacking_kerbs", "issue_ids": "[1]", "osm_url": "https://www.openstreetmap.org/way/1012790566", "josm_url": "http://127.0.0.1:8111/load_object?new_layer=false&objects=w1012790566", "id_url": "https://www.openstreetmap.org/edit?editor=id&way=1012790566#map=20/45.4788457/9.1305081"}}, {"type": "Feature", "geometry": {"type": "Point", "coordinates": [9.1923347, 45.4627723]}, "properties": {"id": 1013694638, "feat_type": "way", "quality_categories": "crossings_lacking_kerbs", "issue_ids": "[1]", "osm_url": "https://www.openstreetmap.org/way/1013694638", "josm_url": "http://127.0.0.1:8111/load_object?new_layer=false&objects=w1013694638", "id_url": "https://www.openstreetmap.org/edit?editor=id&way=1013694638#map=20/45.4627723/9.1923347"}}, {"type": "Feature", "geometry": {"type": "Point", "coordinates": [9.1913743, 45.4599809]}, "properties": {"id": 1013696570, "feat_type": "way", "quality_categories": "crossings_lacking_kerbs", "issue_ids": "[1]", "osm_url": "https://www.openstreetmap.org/way/1013696570", "josm_url": "http://127.0.0.1:8111/load_object?new_layer=false&objects=w1013696570", "id_url": "https://www.openstreetmap.org/edit?editor=id&way=1013696570#map=20/45.4599809/9.1913743"}}, {"type": "Feature", "geometry": {"type": "Point", "coordinates": [9.2335542, 45.514654]}, "properties": {"id": 1016871192, "feat_type": "way", "quality_categories": "crossings_lacking_kerbs", "issue_ids": "[1]", "osm_url": "https://www.openstreetmap.org/way/1016871192", "josm_url": "http://127.0.0.1:8111/load_object?new_layer=false&objects=w1016871192", "id_url": "https://www.openstreetmap.org/edit?editor=id&way=1016871192#map=20/45.514654/9.2335542"}}, {"type": "Feature", "geometry": {"type": "Point", "coordinates": [9.2236516, 45.451314]}, "properties": {"id": 1017104798, "feat_type": "way", "quality_categories": "crossings_lacking_kerbs", "issue_ids": "[1]", "osm_url": "https://www.openstreetmap.org/way/1017104798", "josm_url": "http://127.0.0.1:8111/load_object?new_layer=false&objects=w1017104798", "id_url": "https://www.openstreetmap.org/edit?editor=id&way=1017104798#map=20/45.451314/9.2236516"}}, {"type": "Feature", "geometry": {"type": "Point", "coordinates": [9.2235183, 45.451432]}, "properties": {"id": 1017104799, "feat_type": "way", "quality_categories": "crossings_lacking_kerbs", "issue_ids": "[1]", "osm_url": "https://www.openstreetmap.org/way/1017104799", "josm_url": "http://127.0.0.1:8111/load_object?new_layer=false&objects=w1017104799", "id_url": "https://www.openstreetmap.org/edit?editor=id&way=1017104799#map=20/45.451432/9.2235183"}}, {"type": "Feature", "geometry": {"type": "Point", "coordinates": [9.1813286, 45.4818353]}, "properties": {"id": 1017142786, "feat_type": "way", "quality_categories": "crossings_lacking_kerbs", "issue_ids": "[1]", "osm_url": "https://www.openstreetmap.org/way/1017142786", "josm_url": "http://127.0.0.1:8111/load_object?new_layer=false&objects=w1017142786", "id_url": "https://www.openstreetmap.org/edit?editor=id&way=1017142786#map=20/45.4818353/9.1813286"}}, {"type": "Feature", "geometry": {"type": "Point", "coordinates": [9.1813375, 45.4818781]}, "properties": {"id": 1017142787, "feat_type": "way", "quality_categories": "crossings_lacking_kerbs", "issue_ids": "[1]", "osm_url": "https://www.openstreetmap.org/way/1017142787", "josm_url": "http://127.0.0.1:8111/load_object?new_layer=false&objects=w1017142787", "id_url": "https://www.openstreetmap.org/edit?editor=id&way=1017142787#map=20/45.4818781/9.1813375"}}, {"type": "Feature", "geometry": {"type": "Point", "coordinates": [9.1950837, 45.4669294]}, "properties": {"id": 1027353430, "feat_type": "way", "quality_categories": "crossings_lacking_kerbs", "issue_ids": "[1]", "osm_url": "https://www.openstreetmap.org/way/1027353430", "josm_url": "http://127.0.0.1:8111/load_object?new_layer=false&objects=w1027353430", "id_url": "https://www.openstreetmap.org/edit?editor=id&way=1027353430#map=20/45.4669294/9.1950837"}}, {"type": "Feature", "geometry": {"type": "Point", "coordinates": [9.1377351, 45.4785502]}, "properties": {"id": 1027446197, "feat_type": "way", "quality_categories": "crossings_lacking_kerbs", "issue_ids": "[1]", "osm_url": "https://www.openstreetmap.org/way/1027446197", "josm_url": "http://127.0.0.1:8111/load_object?new_layer=false&objects=w1027446197", "id_url": "https://www.openstreetmap.org/edit?editor=id&way=1027446197#map=20/45.4785502/9.1377351"}}, {"type": "Feature", "geometry": {"type": "Point", "coordinates": [9.1379984, 45.4785397]}, "properties": {"id": 1027446198, "feat_type": "way", "quality_categories": "crossings_lacking_kerbs", "issue_ids": "[1]", "osm_url": "https://www.openstreetmap.org/way/1027446198", "josm_url": "http://127.0.0.1:8111/load_object?new_layer=false&objects=w1027446198", "id_url": "https://www.openstreetmap.org/edit?editor=id&way=1027446198#map=20/45.4785397/9.1379984"}}, {"type": "Feature", "geometry": {"type": "Point", "coordinates": [9.1560108, 45.4882415]}, "properties": {"id": 1027713303, "feat_type": "way", "quality_categories": "crossings_lacking_kerbs", "issue_ids": "[1]", "osm_url": "https://www.openstreetmap.org/way/1027713303", "josm_url": "http://127.0.0.1:8111/load_object?new_layer=false&objects=w1027713303", "id_url": "https://www.openstreetmap.org/edit?editor=id&way=1027713303#map=20/45.4882415/9.1560108"}}, {"type": "Feature", "geometry": {"type": "Point", "coordinates": [9.1602806, 45.4768178]}, "properties": {"id": 1029875792, "feat_type": "way", "quality_categories": "crossings_lacking_kerbs", "issue_ids": "[1]", "osm_url": "https://www.openstreetmap.org/way/1029875792", "josm_url": "http://127.0.0.1:8111/load_object?new_layer=false&objects=w1029875792", "id_url": "https://www.openstreetmap.org/edit?editor=id&way=1029875792#map=20/45.4768178/9.1602806"}}, {"type": "Feature", "geometry": {"type": "Point", "coordinates": [9.1431205, 45.4688532]}, "properties": {"id": 1031140571, "feat_type": "way", "quality_categories": "crossings_lacking_kerbs", "issue_ids": "[1]", "osm_url": "https://www.openstreetmap.org/way/1031140571", "josm_url": "http://127.0.0.1:8111/load_object?new_layer=false&objects=w1031140571", "id_url": "https://www.openstreetmap.org/edit?editor=id&way=1031140571#map=20/45.4688532/9.1431205"}}, {"type": "Feature", "geometry": {"type": "Point", "coordinates": [9.1429463, 45.4692443]}, "properties": {"id": 1031140572, "feat_type": "way", "quality_categories": "crossings_lacking_kerbs", "issue_ids": "[1]", "osm_url": "https://www.openstreetmap.org/way/1031140572", "josm_url": "http://127.0.0.1:8111/load_object?new_layer=false&objects=w1031140572", "id_url": "https://www.openstreetmap.org/edit?editor=id&way=1031140572#map=20/45.4692443/9.1429463"}}, {"type": "Feature", "geometry": {"type": "Point", "coordinates": [9.1431926, 45.4689393]}, "properties": {"id": 1031140576, "feat_type": "way", "quality_categories": "crossings_lacking_kerbs", "issue_ids": "[1]", "osm_url": "https://www.openstreetmap.org/way/1031140576", "josm_url": "http://127.0.0.1:8111/load_object?new_layer=false&objects=w1031140576", "id_url": "https://www.openstreetmap.org/edit?editor=id&way=1031140576#map=20/45.4689393/9.1431926"}}, {"type": "Feature", "geometry": {"type": "Point", "coordinates": [9.1369165, 45.4691774]}, "properties": {"id": 1031298730, "feat_type": "way", "quality_categories": "crossings_lacking_kerbs", "issue_ids": "[1]", "osm_url": "https://www.openstreetmap.org/way/1031298730", "josm_url": "http://127.0.0.1:8111/load_object?new_layer=false&objects=w1031298730", "id_url": "https://www.openstreetmap.org/edit?editor=id&way=1031298730#map=20/45.4691774/9.1369165"}}, {"type": "Feature", "geometry": {"type": "Point", "coordinates": [9.1369179, 45.4692261]}, "properties": {"id": 1031298731, "feat_type": "way", "quality_categories": "crossings_lacking_kerbs", "issue_ids": "[1]", "osm_url": "https://www.openstreetmap.org/way/1031298731", "josm_url": "http://127.0.0.1:8111/load_object?new_layer=false&objects=w1031298731", "id_url": "https://www.openstreetmap.org/edit?editor=id&way=1031298731#map=20/45.4692261/9.1369179"}}, {"type": "Feature", "geometry": {"type": "Point", "coordinates": [9.1406741, 45.4672865]}, "properties": {"id": 1031298789, "feat_type": "way", "quality_categories": "crossings_lacking_kerbs", "issue_ids": "[1]", "osm_url": "https://www.openstreetmap.org/way/1031298789", "josm_url": "http://127.0.0.1:8111/load_object?new_layer=false&objects=w1031298789", "id_url": "https://www.openstreetmap.org/edit?editor=id&way=1031298789#map=20/45.4672865/9.1406741"}}, {"type": "Feature", "geometry": {"type": "Point", "coordinates": [9.131348, 45.4679796]}, "properties": {"id": 1031318112, "feat_type": "way", "quality_categories": "crossings_lacking_kerbs", "issue_ids": "[1]", "osm_url": "https://www.openstreetmap.org/way/1031318112", "josm_url": "http://127.0.0.1:8111/load_object?new_layer=false&objects=w1031318112", "id_url": "https://www.openstreetmap.org/edit?editor=id&way=1031318112#map=20/45.4679796/9.131348"}}, {"type": "Feature", "geometry": {"type": "Point", "coordinates": [9.1509389, 45.4661581]}, "properties": {"id": 1031693361, "feat_type": "way", "quality_categories": "crossings_lacking_kerbs", "issue_ids": "[1]", "osm_url": "https://www.openstreetmap.org/way/1031693361", "josm_url": "http://127.0.0.1:8111/load_object?new_layer=false&objects=w1031693361", "id_url": "https://www.openstreetmap.org/edit?editor=id&way=1031693361#map=20/45.4661581/9.1509389"}}, {"type": "Feature", "geometry": {"type": "Point", "coordinates": [9.2668967, 45.5122897]}, "properties": {"id": 1032053779, "feat_type": "way", "quality_categories": "crossings_lacking_kerbs", "issue_ids": "[1]", "osm_url": "https://www.openstreetmap.org/way/1032053779", "josm_url": "http://127.0.0.1:8111/load_object?new_layer=false&objects=w1032053779", "id_url": "https://www.openstreetmap.org/edit?editor=id&way=1032053779#map=20/45.5122897/9.2668967"}}, {"type": "Feature", "geometry": {"type": "Point", "coordinates": [9.2304045, 45.4624456]}, "properties": {"id": 1032127111, "feat_type": "way", "quality_categories": "crossings_lacking_kerbs", "issue_ids": "[1]", "osm_url": "https://www.openstreetmap.org/way/1032127111", "josm_url": "http://127.0.0.1:8111/load_object?new_layer=false&objects=w1032127111", "id_url": "https://www.openstreetmap.org/edit?editor=id&way=1032127111#map=20/45.4624456/9.2304045"}}, {"type": "Feature", "geometry": {"type": "Point", "coordinates": [9.1270845, 45.4660546]}, "properties": {"id": 1032545613, "feat_type": "way", "quality_categories": "crossings_lacking_kerbs", "issue_ids": "[1]", "osm_url": "https://www.openstreetmap.org/way/1032545613", "josm_url": "http://127.0.0.1:8111/load_object?new_layer=false&objects=w1032545613", "id_url": "https://www.openstreetmap.org/edit?editor=id&way=1032545613#map=20/45.4660546/9.1270845"}}, {"type": "Feature", "geometry": {"type": "Point", "coordinates": [9.1331306, 45.4652321]}, "properties": {"id": 1032545633, "feat_type": "way", "quality_categories": "crossings_lacking_kerbs", "issue_ids": "[1]", "osm_url": "https://www.openstreetmap.org/way/1032545633", "josm_url": "http://127.0.0.1:8111/load_object?new_layer=false&objects=w1032545633", "id_url": "https://www.openstreetmap.org/edit?editor=id&way=1032545633#map=20/45.4652321/9.1331306"}}, {"type": "Feature", "geometry": {"type": "Point", "coordinates": [9.1311682, 45.4667316]}, "properties": {"id": 1032565694, "feat_type": "way", "quality_categories": "crossings_lacking_kerbs", "issue_ids": "[1]", "osm_url": "https://www.openstreetmap.org/way/1032565694", "josm_url": "http://127.0.0.1:8111/load_object?new_layer=false&objects=w1032565694", "id_url": "https://www.openstreetmap.org/edit?editor=id&way=1032565694#map=20/45.4667316/9.1311682"}}, {"type": "Feature", "geometry": {"type": "Point", "coordinates": [9.1447821, 45.4620561]}, "properties": {"id": 1032935490, "feat_type": "way", "quality_categories": "crossings_lacking_kerbs", "issue_ids": "[1]", "osm_url": "https://www.openstreetmap.org/way/1032935490", "josm_url": "http://127.0.0.1:8111/load_object?new_layer=false&objects=w1032935490", "id_url": "https://www.openstreetmap.org/edit?editor=id&way=1032935490#map=20/45.4620561/9.1447821"}}, {"type": "Feature", "geometry": {"type": "Point", "coordinates": [9.148102, 45.4583972]}, "properties": {"id": 1033776982, "feat_type": "way", "quality_categories": "crossings_lacking_kerbs", "issue_ids": "[1]", "osm_url": "https://www.openstreetmap.org/way/1033776982", "josm_url": "http://127.0.0.1:8111/load_object?new_layer=false&objects=w1033776982", "id_url": "https://www.openstreetmap.org/edit?editor=id&way=1033776982#map=20/45.4583972/9.148102"}}, {"type": "Feature", "geometry": {"type": "Point", "coordinates": [9.1606179, 45.4594728]}, "properties": {"id": 1033863028, "feat_type": "way", "quality_categories": "crossings_lacking_kerbs", "issue_ids": "[1]", "osm_url": "https://www.openstreetmap.org/way/1033863028", "josm_url": "http://127.0.0.1:8111/load_object?new_layer=false&objects=w1033863028", "id_url": "https://www.openstreetmap.org/edit?editor=id&way=1033863028#map=20/45.4594728/9.1606179"}}, {"type": "Feature", "geometry": {"type": "Point", "coordinates": [9.1545906, 45.4545247]}, "properties": {"id": 1033898405, "feat_type": "way", "quality_categories": "crossings_lacking_kerbs", "issue_ids": "[1]", "osm_url": "https://www.openstreetmap.org/way/1033898405", "josm_url": "http://127.0.0.1:8111/load_object?new_layer=false&objects=w1033898405", "id_url": "https://www.openstreetmap.org/edit?editor=id&way=1033898405#map=20/45.4545247/9.1545906"}}, {"type": "Feature", "geometry": {"type": "Point", "coordinates": [9.1485658, 45.4626308]}, "properties": {"id": 1034120832, "feat_type": "way", "quality_categories": "crossings_lacking_kerbs", "issue_ids": "[1]", "osm_url": "https://www.openstreetmap.org/way/1034120832", "josm_url": "http://127.0.0.1:8111/load_object?new_layer=false&objects=w1034120832", "id_url": "https://www.openstreetmap.org/edit?editor=id&way=1034120832#map=20/45.4626308/9.1485658"}}, {"type": "Feature", "geometry": {"type": "Point", "coordinates": [9.1566537, 45.4597969]}, "properties": {"id": 1034130189, "feat_type": "way", "quality_categories": "crossings_lacking_kerbs", "issue_ids": "[1]", "osm_url": "https://www.openstreetmap.org/way/1034130189", "josm_url": "http://127.0.0.1:8111/load_object?new_layer=false&objects=w1034130189", "id_url": "https://www.openstreetmap.org/edit?editor=id&way=1034130189#map=20/45.4597969/9.1566537"}}, {"type": "Feature", "geometry": {"type": "Point", "coordinates": [9.156714, 45.4621915]}, "properties": {"id": 1034161457, "feat_type": "way", "quality_categories": "crossings_lacking_kerbs", "issue_ids": "[1]", "osm_url": "https://www.openstreetmap.org/way/1034161457", "josm_url": "http://127.0.0.1:8111/load_object?new_layer=false&objects=w1034161457", "id_url": "https://www.openstreetmap.org/edit?editor=id&way=1034161457#map=20/45.4621915/9.156714"}}, {"type": "Feature", "geometry": {"type": "Point", "coordinates": [9.1461882, 45.453067]}, "properties": {"id": 1034171661, "feat_type": "way", "quality_categories": "crossings_lacking_kerbs", "issue_ids": "[1]", "osm_url": "https://www.openstreetmap.org/way/1034171661", "josm_url": "http://127.0.0.1:8111/load_object?new_layer=false&objects=w1034171661", "id_url": "https://www.openstreetmap.org/edit?editor=id&way=1034171661#map=20/45.453067/9.1461882"}}, {"type": "Feature", "geometry": {"type": "Point", "coordinates": [9.1297856, 45.4596193]}, "properties": {"id": 1034442328, "feat_type": "way", "quality_categories": "crossings_lacking_kerbs", "issue_ids": "[1]", "osm_url": "https://www.openstreetmap.org/way/1034442328", "josm_url": "http://127.0.0.1:8111/load_object?new_layer=false&objects=w1034442328", "id_url": "https://www.openstreetmap.org/edit?editor=id&way=1034442328#map=20/45.4596193/9.1297856"}}, {"type": "Feature", "geometry": {"type": "Point", "coordinates": [9.1297801, 45.4594256]}, "properties": {"id": 1034442330, "feat_type": "way", "quality_categories": "crossings_lacking_kerbs", "issue_ids": "[1]", "osm_url": "https://www.openstreetmap.org/way/1034442330", "josm_url": "http://127.0.0.1:8111/load_object?new_layer=false&objects=w1034442330", "id_url": "https://www.openstreetmap.org/edit?editor=id&way=1034442330#map=20/45.4594256/9.1297801"}}, {"type": "Feature", "geometry": {"type": "Point", "coordinates": [9.1294737, 45.4594266]}, "properties": {"id": 1034442331, "feat_type": "way", "quality_categories": "crossings_lacking_kerbs", "issue_ids": "[1]", "osm_url": "https://www.openstreetmap.org/way/1034442331", "josm_url": "http://127.0.0.1:8111/load_object?new_layer=false&objects=w1034442331", "id_url": "https://www.openstreetmap.org/edit?editor=id&way=1034442331#map=20/45.4594266/9.1294737"}}, {"type": "Feature", "geometry": {"type": "Point", "coordinates": [9.1294893, 45.4596229]}, "properties": {"id": 1034442332, "feat_type": "way", "quality_categories": "crossings_lacking_kerbs", "issue_ids": "[1]", "osm_url": "https://www.openstreetmap.org/way/1034442332", "josm_url": "http://127.0.0.1:8111/load_object?new_layer=false&objects=w1034442332", "id_url": "https://www.openstreetmap.org/edit?editor=id&way=1034442332#map=20/45.4596229/9.1294893"}}, {"type": "Feature", "geometry": {"type": "Point", "coordinates": [9.132851, 45.4603626]}, "properties": {"id": 1034456240, "feat_type": "way", "quality_categories": "crossings_lacking_kerbs", "issue_ids": "[1]", "osm_url": "https://www.openstreetmap.org/way/1034456240", "josm_url": "http://127.0.0.1:8111/load_object?new_layer=false&objects=w1034456240", "id_url": "https://www.openstreetmap.org/edit?editor=id&way=1034456240#map=20/45.4603626/9.132851"}}, {"type": "Feature", "geometry": {"type": "Point", "coordinates": [9.1315553, 45.460024]}, "properties": {"id": 1034456243, "feat_type": "way", "quality_categories": "crossings_lacking_kerbs", "issue_ids": "[1]", "osm_url": "https://www.openstreetmap.org/way/1034456243", "josm_url": "http://127.0.0.1:8111/load_object?new_layer=false&objects=w1034456243", "id_url": "https://www.openstreetmap.org/edit?editor=id&way=1034456243#map=20/45.460024/9.1315553"}}, {"type": "Feature", "geometry": {"type": "Point", "coordinates": [9.1516212, 45.4902681]}, "properties": {"id": 1034518430, "feat_type": "way", "quality_categories": "crossings_lacking_kerbs", "issue_ids": "[1]", "osm_url": "https://www.openstreetmap.org/way/1034518430", "josm_url": "http://127.0.0.1:8111/load_object?new_layer=false&objects=w1034518430", "id_url": "https://www.openstreetmap.org/edit?editor=id&way=1034518430#map=20/45.4902681/9.1516212"}}, {"type": "Feature", "geometry": {"type": "Point", "coordinates": [9.1511913, 45.4900066]}, "properties": {"id": 1034518433, "feat_type": "way", "quality_categories": "crossings_lacking_kerbs", "issue_ids": "[1]", "osm_url": "https://www.openstreetmap.org/way/1034518433", "josm_url": "http://127.0.0.1:8111/load_object?new_layer=false&objects=w1034518433", "id_url": "https://www.openstreetmap.org/edit?editor=id&way=1034518433#map=20/45.4900066/9.1511913"}}, {"type": "Feature", "geometry": {"type": "Point", "coordinates": [9.1494228, 45.4912249]}, "properties": {"id": 1034520108, "feat_type": "way", "quality_categories": "crossings_lacking_kerbs", "issue_ids": "[1]", "osm_url": "https://www.openstreetmap.org/way/1034520108", "josm_url": "http://127.0.0.1:8111/load_object?new_layer=false&objects=w1034520108", "id_url": "https://www.openstreetmap.org/edit?editor=id&way=1034520108#map=20/45.4912249/9.1494228"}}, {"type": "Feature", "geometry": {"type": "Point", "coordinates": [9.1534895, 45.4911021]}, "properties": {"id": 1034542653, "feat_type": "way", "quality_categories": "crossings_lacking_kerbs", "issue_ids": "[1]", "osm_url": "https://www.openstreetmap.org/way/1034542653", "josm_url": "http://127.0.0.1:8111/load_object?new_layer=false&objects=w1034542653", "id_url": "https://www.openstreetmap.org/edit?editor=id&way=1034542653#map=20/45.4911021/9.1534895"}}, {"type": "Feature", "geometry": {"type": "Point", "coordinates": [9.156472, 45.4869452]}, "properties": {"id": 1034790087, "feat_type": "way", "quality_categories": "crossings_lacking_kerbs", "issue_ids": "[1]", "osm_url": "https://www.openstreetmap.org/way/1034790087", "josm_url": "http://127.0.0.1:8111/load_object?new_layer=false&objects=w1034790087", "id_url": "https://www.openstreetmap.org/edit?editor=id&way=1034790087#map=20/45.4869452/9.156472"}}, {"type": "Feature", "geometry": {"type": "Point", "coordinates": [9.1653986, 45.4806268]}, "properties": {"id": 1034820652, "feat_type": "way", "quality_categories": "crossings_lacking_kerbs", "issue_ids": "[1]", "osm_url": "https://www.openstreetmap.org/way/1034820652", "josm_url": "http://127.0.0.1:8111/load_object?new_layer=false&objects=w1034820652", "id_url": "https://www.openstreetmap.org/edit?editor=id&way=1034820652#map=20/45.4806268/9.1653986"}}, {"type": "Feature", "geometry": {"type": "Point", "coordinates": [9.1715171, 45.4757955]}, "properties": {"id": 1035993011, "feat_type": "way", "quality_categories": "crossings_lacking_kerbs", "issue_ids": "[1]", "osm_url": "https://www.openstreetmap.org/way/1035993011", "josm_url": "http://127.0.0.1:8111/load_object?new_layer=false&objects=w1035993011", "id_url": "https://www.openstreetmap.org/edit?editor=id&way=1035993011#map=20/45.4757955/9.1715171"}}, {"type": "Feature", "geometry": {"type": "Point", "coordinates": [9.1133464, 45.4698173]}, "properties": {"id": 1036500647, "feat_type": "way", "quality_categories": "crossings_lacking_kerbs", "issue_ids": "[1]", "osm_url": "https://www.openstreetmap.org/way/1036500647", "josm_url": "http://127.0.0.1:8111/load_object?new_layer=false&objects=w1036500647", "id_url": "https://www.openstreetmap.org/edit?editor=id&way=1036500647#map=20/45.4698173/9.1133464"}}, {"type": "Feature", "geometry": {"type": "Point", "coordinates": [9.1049711, 45.475986]}, "properties": {"id": 1036586034, "feat_type": "way", "quality_categories": "crossings_lacking_kerbs", "issue_ids": "[1]", "osm_url": "https://www.openstreetmap.org/way/1036586034", "josm_url": "http://127.0.0.1:8111/load_object?new_layer=false&objects=w1036586034", "id_url": "https://www.openstreetmap.org/edit?editor=id&way=1036586034#map=20/45.475986/9.1049711"}}, {"type": "Feature", "geometry": {"type": "Point", "coordinates": [9.2333677, 45.4855628]}, "properties": {"id": 1036607013, "feat_type": "way", "quality_categories": "crossings_lacking_kerbs", "issue_ids": "[1]", "osm_url": "https://www.openstreetmap.org/way/1036607013", "josm_url": "http://127.0.0.1:8111/load_object?new_layer=false&objects=w1036607013", "id_url": "https://www.openstreetmap.org/edit?editor=id&way=1036607013#map=20/45.4855628/9.2333677"}}, {"type": "Feature", "geometry": {"type": "Point", "coordinates": [9.14221, 45.483266]}, "properties": {"id": 1036805214, "feat_type": "way", "quality_categories": "crossings_lacking_kerbs", "issue_ids": "[1]", "osm_url": "https://www.openstreetmap.org/way/1036805214", "josm_url": "http://127.0.0.1:8111/load_object?new_layer=false&objects=w1036805214", "id_url": "https://www.openstreetmap.org/edit?editor=id&way=1036805214#map=20/45.483266/9.14221"}}, {"type": "Feature", "geometry": {"type": "Point", "coordinates": [9.1373727, 45.487282]}, "properties": {"id": 1036845821, "feat_type": "way", "quality_categories": "crossings_lacking_kerbs", "issue_ids": "[1]", "osm_url": "https://www.openstreetmap.org/way/1036845821", "josm_url": "http://127.0.0.1:8111/load_object?new_layer=false&objects=w1036845821", "id_url": "https://www.openstreetmap.org/edit?editor=id&way=1036845821#map=20/45.487282/9.1373727"}}, {"type": "Feature", "geometry": {"type": "Point", "coordinates": [9.2243931, 45.4888698]}, "properties": {"id": 1036977292, "feat_type": "way", "quality_categories": "crossings_lacking_kerbs", "issue_ids": "[1]", "osm_url": "https://www.openstreetmap.org/way/1036977292", "josm_url": "http://127.0.0.1:8111/load_object?new_layer=false&objects=w1036977292", "id_url": "https://www.openstreetmap.org/edit?editor=id&way=1036977292#map=20/45.4888698/9.2243931"}}, {"type": "Feature", "geometry": {"type": "Point", "coordinates": [9.2025105, 45.4488523]}, "properties": {"id": 1037986045, "feat_type": "way", "quality_categories": "crossings_lacking_kerbs", "issue_ids": "[1]", "osm_url": "https://www.openstreetmap.org/way/1037986045", "josm_url": "http://127.0.0.1:8111/load_object?new_layer=false&objects=w1037986045", "id_url": "https://www.openstreetmap.org/edit?editor=id&way=1037986045#map=20/45.4488523/9.2025105"}}, {"type": "Feature", "geometry": {"type": "Point", "coordinates": [9.2023439, 45.4519675]}, "properties": {"id": 1037991049, "feat_type": "way", "quality_categories": "crossings_lacking_kerbs", "issue_ids": "[1]", "osm_url": "https://www.openstreetmap.org/way/1037991049", "josm_url": "http://127.0.0.1:8111/load_object?new_layer=false&objects=w1037991049", "id_url": "https://www.openstreetmap.org/edit?editor=id&way=1037991049#map=20/45.4519675/9.2023439"}}, {"type": "Feature", "geometry": {"type": "Point", "coordinates": [9.2148501, 45.4502775]}, "properties": {"id": 1038010813, "feat_type": "way", "quality_categories": "crossings_lacking_kerbs", "issue_ids": "[1]", "osm_url": "https://www.openstreetmap.org/way/1038010813", "josm_url": "http://127.0.0.1:8111/load_object?new_layer=false&objects=w1038010813", "id_url": "https://www.openstreetmap.org/edit?editor=id&way=1038010813#map=20/45.4502775/9.2148501"}}, {"type": "Feature", "geometry": {"type": "Point", "coordinates": [9.2179378, 45.4491835]}, "properties": {"id": 1038012357, "feat_type": "way", "quality_categories": "crossings_lacking_kerbs", "issue_ids": "[1]", "osm_url": "https://www.openstreetmap.org/way/1038012357", "josm_url": "http://127.0.0.1:8111/load_object?new_layer=false&objects=w1038012357", "id_url": "https://www.openstreetmap.org/edit?editor=id&way=1038012357#map=20/45.4491835/9.2179378"}}, {"type": "Feature", "geometry": {"type": "Point", "coordinates": [9.2175225, 45.4494277]}, "properties": {"id": 1038012358, "feat_type": "way", "quality_categories": "crossings_lacking_kerbs", "issue_ids": "[1]", "osm_url": "https://www.openstreetmap.org/way/1038012358", "josm_url": "http://127.0.0.1:8111/load_object?new_layer=false&objects=w1038012358", "id_url": "https://www.openstreetmap.org/edit?editor=id&way=1038012358#map=20/45.4494277/9.2175225"}}, {"type": "Feature", "geometry": {"type": "Point", "coordinates": [9.1986392, 45.4434468]}, "properties": {"id": 1038203672, "feat_type": "way", "quality_categories": "crossings_lacking_kerbs", "issue_ids": "[1]", "osm_url": "https://www.openstreetmap.org/way/1038203672", "josm_url": "http://127.0.0.1:8111/load_object?new_layer=false&objects=w1038203672", "id_url": "https://www.openstreetmap.org/edit?editor=id&way=1038203672#map=20/45.4434468/9.1986392"}}, {"type": "Feature", "geometry": {"type": "Point", "coordinates": [9.2000632, 45.4389716]}, "properties": {"id": 1038209432, "feat_type": "way", "quality_categories": "crossings_lacking_kerbs", "issue_ids": "[1]", "osm_url": "https://www.openstreetmap.org/way/1038209432", "josm_url": "http://127.0.0.1:8111/load_object?new_layer=false&objects=w1038209432", "id_url": "https://www.openstreetmap.org/edit?editor=id&way=1038209432#map=20/45.4389716/9.2000632"}}, {"type": "Feature", "geometry": {"type": "Point", "coordinates": [9.20019, 45.4389117]}, "properties": {"id": 1038209433, "feat_type": "way", "quality_categories": "crossings_lacking_kerbs", "issue_ids": "[1]", "osm_url": "https://www.openstreetmap.org/way/1038209433", "josm_url": "http://127.0.0.1:8111/load_object?new_layer=false&objects=w1038209433", "id_url": "https://www.openstreetmap.org/edit?editor=id&way=1038209433#map=20/45.4389117/9.20019"}}, {"type": "Feature", "geometry": {"type": "Point", "coordinates": [9.2021922, 45.4370396]}, "properties": {"id": 1038215210, "feat_type": "way", "quality_categories": "crossings_lacking_kerbs", "issue_ids": "[1]", "osm_url": "https://www.openstreetmap.org/way/1038215210", "josm_url": "http://127.0.0.1:8111/load_object?new_layer=false&objects=w1038215210", "id_url": "https://www.openstreetmap.org/edit?editor=id&way=1038215210#map=20/45.4370396/9.2021922"}}, {"type": "Feature", "geometry": {"type": "Point", "coordinates": [9.2031042, 45.437193]}, "properties": {"id": 1038215212, "feat_type": "way", "quality_categories": "crossings_lacking_kerbs", "issue_ids": "[1]", "osm_url": "https://www.openstreetmap.org/way/1038215212", "josm_url": "http://127.0.0.1:8111/load_object?new_layer=false&objects=w1038215212", "id_url": "https://www.openstreetmap.org/edit?editor=id&way=1038215212#map=20/45.437193/9.2031042"}}, {"type": "Feature", "geometry": {"type": "Point", "coordinates": [9.2265885, 45.4655211]}, "properties": {"id": 1038289868, "feat_type": "way", "quality_categories": "crossings_lacking_kerbs", "issue_ids": "[1]", "osm_url": "https://www.openstreetmap.org/way/1038289868", "josm_url": "http://127.0.0.1:8111/load_object?new_layer=false&objects=w1038289868", "id_url": "https://www.openstreetmap.org/edit?editor=id&way=1038289868#map=20/45.4655211/9.2265885"}}, {"type": "Feature", "geometry": {"type": "Point", "coordinates": [9.1287316, 45.4760482]}, "properties": {"id": 1038731075, "feat_type": "way", "quality_categories": "crossings_lacking_kerbs", "issue_ids": "[1]", "osm_url": "https://www.openstreetmap.org/way/1038731075", "josm_url": "http://127.0.0.1:8111/load_object?new_layer=false&objects=w1038731075", "id_url": "https://www.openstreetmap.org/edit?editor=id&way=1038731075#map=20/45.4760482/9.1287316"}}, {"type": "Feature", "geometry": {"type": "Point", "coordinates": [9.1287945, 45.4761203]}, "properties": {"id": 1038731076, "feat_type": "way", "quality_categories": "crossings_lacking_kerbs", "issue_ids": "[1]", "osm_url": "https://www.openstreetmap.org/way/1038731076", "josm_url": "http://127.0.0.1:8111/load_object?new_layer=false&objects=w1038731076", "id_url": "https://www.openstreetmap.org/edit?editor=id&way=1038731076#map=20/45.4761203/9.1287945"}}, {"type": "Feature", "geometry": {"type": "Point", "coordinates": [9.1293872, 45.4760436]}, "properties": {"id": 1038731166, "feat_type": "way", "quality_categories": "crossings_lacking_kerbs", "issue_ids": "[1]", "osm_url": "https://www.openstreetmap.org/way/1038731166", "josm_url": "http://127.0.0.1:8111/load_object?new_layer=false&objects=w1038731166", "id_url": "https://www.openstreetmap.org/edit?editor=id&way=1038731166#map=20/45.4760436/9.1293872"}}, {"type": "Feature", "geometry": {"type": "Point", "coordinates": [9.1294553, 45.4761151]}, "properties": {"id": 1038732353, "feat_type": "way", "quality_categories": "crossings_lacking_kerbs", "issue_ids": "[1]", "osm_url": "https://www.openstreetmap.org/way/1038732353", "josm_url": "http://127.0.0.1:8111/load_object?new_layer=false&objects=w1038732353", "id_url": "https://www.openstreetmap.org/edit?editor=id&way=1038732353#map=20/45.4761151/9.1294553"}}, {"type": "Feature", "geometry": {"type": "Point", "coordinates": [9.1343703, 45.4938489]}, "properties": {"id": 1038762631, "feat_type": "way", "quality_categories": "crossings_lacking_kerbs", "issue_ids": "[1]", "osm_url": "https://www.openstreetmap.org/way/1038762631", "josm_url": "http://127.0.0.1:8111/load_object?new_layer=false&objects=w1038762631", "id_url": "https://www.openstreetmap.org/edit?editor=id&way=1038762631#map=20/45.4938489/9.1343703"}}, {"type": "Feature", "geometry": {"type": "Point", "coordinates": [9.141489, 45.4800399]}, "properties": {"id": 1039045669, "feat_type": "way", "quality_categories": "crossings_lacking_kerbs", "issue_ids": "[1]", "osm_url": "https://www.openstreetmap.org/way/1039045669", "josm_url": "http://127.0.0.1:8111/load_object?new_layer=false&objects=w1039045669", "id_url": "https://www.openstreetmap.org/edit?editor=id&way=1039045669#map=20/45.4800399/9.141489"}}, {"type": "Feature", "geometry": {"type": "Point", "coordinates": [9.14619, 45.4603042]}, "properties": {"id": 1040234315, "feat_type": "way", "quality_categories": "crossings_lacking_kerbs", "issue_ids": "[1]", "osm_url": "https://www.openstreetmap.org/way/1040234315", "josm_url": "http://127.0.0.1:8111/load_object?new_layer=false&objects=w1040234315", "id_url": "https://www.openstreetmap.org/edit?editor=id&way=1040234315#map=20/45.4603042/9.14619"}}, {"type": "Feature", "geometry": {"type": "Point", "coordinates": [9.2198569, 45.4678831]}, "properties": {"id": 1041164545, "feat_type": "way", "quality_categories": "crossings_lacking_kerbs", "issue_ids": "[1]", "osm_url": "https://www.openstreetmap.org/way/1041164545", "josm_url": "http://127.0.0.1:8111/load_object?new_layer=false&objects=w1041164545", "id_url": "https://www.openstreetmap.org/edit?editor=id&way=1041164545#map=20/45.4678831/9.2198569"}}, {"type": "Feature", "geometry": {"type": "Point", "coordinates": [9.2239473, 45.4757536]}, "properties": {"id": 1041171188, "feat_type": "way", "quality_categories": "crossings_lacking_kerbs", "issue_ids": "[1]", "osm_url": "https://www.openstreetmap.org/way/1041171188", "josm_url": "http://127.0.0.1:8111/load_object?new_layer=false&objects=w1041171188", "id_url": "https://www.openstreetmap.org/edit?editor=id&way=1041171188#map=20/45.4757536/9.2239473"}}, {"type": "Feature", "geometry": {"type": "Point", "coordinates": [9.2344406, 45.4803641]}, "properties": {"id": 1041397042, "feat_type": "way", "quality_categories": "crossings_lacking_kerbs", "issue_ids": "[1]", "osm_url": "https://www.openstreetmap.org/way/1041397042", "josm_url": "http://127.0.0.1:8111/load_object?new_layer=false&objects=w1041397042", "id_url": "https://www.openstreetmap.org/edit?editor=id&way=1041397042#map=20/45.4803641/9.2344406"}}, {"type": "Feature", "geometry": {"type": "Point", "coordinates": [9.18281, 45.4442762]}, "properties": {"id": 1041461755, "feat_type": "way", "quality_categories": "crossings_lacking_kerbs", "issue_ids": "[1]", "osm_url": "https://www.openstreetmap.org/way/1041461755", "josm_url": "http://127.0.0.1:8111/load_object?new_layer=false&objects=w1041461755", "id_url": "https://www.openstreetmap.org/edit?editor=id&way=1041461755#map=20/45.4442762/9.18281"}}, {"type": "Feature", "geometry": {"type": "Point", "coordinates": [9.1217132, 45.4454978]}, "properties": {"id": 1042226530, "feat_type": "way", "quality_categories": "crossings_lacking_kerbs", "issue_ids": "[1]", "osm_url": "https://www.openstreetmap.org/way/1042226530", "josm_url": "http://127.0.0.1:8111/load_object?new_layer=false&objects=w1042226530", "id_url": "https://www.openstreetmap.org/edit?editor=id&way=1042226530#map=20/45.4454978/9.1217132"}}, {"type": "Feature", "geometry": {"type": "Point", "coordinates": [9.1175064, 45.4521759]}, "properties": {"id": 1042251853, "feat_type": "way", "quality_categories": "crossings_lacking_kerbs", "issue_ids": "[1]", "osm_url": "https://www.openstreetmap.org/way/1042251853", "josm_url": "http://127.0.0.1:8111/load_object?new_layer=false&objects=w1042251853", "id_url": "https://www.openstreetmap.org/edit?editor=id&way=1042251853#map=20/45.4521759/9.1175064"}}, {"type": "Feature", "geometry": {"type": "Point", "coordinates": [9.1168319, 45.4408967]}, "properties": {"id": 1042343499, "feat_type": "way", "quality_categories": "crossings_lacking_kerbs", "issue_ids": "[1]", "osm_url": "https://www.openstreetmap.org/way/1042343499", "josm_url": "http://127.0.0.1:8111/load_object?new_layer=false&objects=w1042343499", "id_url": "https://www.openstreetmap.org/edit?editor=id&way=1042343499#map=20/45.4408967/9.1168319"}}, {"type": "Feature", "geometry": {"type": "Point", "coordinates": [9.1160135, 45.442311]}, "properties": {"id": 1042349264, "feat_type": "way", "quality_categories": "crossings_lacking_kerbs", "issue_ids": "[1]", "osm_url": "https://www.openstreetmap.org/way/1042349264", "josm_url": "http://127.0.0.1:8111/load_object?new_layer=false&objects=w1042349264", "id_url": "https://www.openstreetmap.org/edit?editor=id&way=1042349264#map=20/45.442311/9.1160135"}}, {"type": "Feature", "geometry": {"type": "Point", "coordinates": [9.1162608, 45.4418658]}, "properties": {"id": 1042349272, "feat_type": "way", "quality_categories": "crossings_lacking_kerbs", "issue_ids": "[1]", "osm_url": "https://www.openstreetmap.org/way/1042349272", "josm_url": "http://127.0.0.1:8111/load_object?new_layer=false&objects=w1042349272", "id_url": "https://www.openstreetmap.org/edit?editor=id&way=1042349272#map=20/45.4418658/9.1162608"}}, {"type": "Feature", "geometry": {"type": "Point", "coordinates": [9.1180879, 45.4398366]}, "properties": {"id": 1042350435, "feat_type": "way", "quality_categories": "crossings_lacking_kerbs", "issue_ids": "[1]", "osm_url": "https://www.openstreetmap.org/way/1042350435", "josm_url": "http://127.0.0.1:8111/load_object?new_layer=false&objects=w1042350435", "id_url": "https://www.openstreetmap.org/edit?editor=id&way=1042350435#map=20/45.4398366/9.1180879"}}, {"type": "Feature", "geometry": {"type": "Point", "coordinates": [9.1195077, 45.4384994]}, "properties": {"id": 1042353067, "feat_type": "way", "quality_categories": "crossings_lacking_kerbs", "issue_ids": "[1]", "osm_url": "https://www.openstreetmap.org/way/1042353067", "josm_url": "http://127.0.0.1:8111/load_object?new_layer=false&objects=w1042353067", "id_url": "https://www.openstreetmap.org/edit?editor=id&way=1042353067#map=20/45.4384994/9.1195077"}}, {"type": "Feature", "geometry": {"type": "Point", "coordinates": [9.2211607, 45.4788893]}, "properties": {"id": 1043392021, "feat_type": "way", "quality_categories": "crossings_lacking_kerbs", "issue_ids": "[1]", "osm_url": "https://www.openstreetmap.org/way/1043392021", "josm_url": "http://127.0.0.1:8111/load_object?new_layer=false&objects=w1043392021", "id_url": "https://www.openstreetmap.org/edit?editor=id&way=1043392021#map=20/45.4788893/9.2211607"}}, {"type": "Feature", "geometry": {"type": "Point", "coordinates": [9.220597, 45.4785562]}, "properties": {"id": 1043392024, "feat_type": "way", "quality_categories": "crossings_lacking_kerbs", "issue_ids": "[1]", "osm_url": "https://www.openstreetmap.org/way/1043392024", "josm_url": "http://127.0.0.1:8111/load_object?new_layer=false&objects=w1043392024", "id_url": "https://www.openstreetmap.org/edit?editor=id&way=1043392024#map=20/45.4785562/9.220597"}}, {"type": "Feature", "geometry": {"type": "Point", "coordinates": [9.1857179, 45.449784]}, "properties": {"id": 1043408642, "feat_type": "way", "quality_categories": "crossings_lacking_kerbs", "issue_ids": "[1]", "osm_url": "https://www.openstreetmap.org/way/1043408642", "josm_url": "http://127.0.0.1:8111/load_object?new_layer=false&objects=w1043408642", "id_url": "https://www.openstreetmap.org/edit?editor=id&way=1043408642#map=20/45.449784/9.1857179"}}, {"type": "Feature", "geometry": {"type": "Point", "coordinates": [9.1762658, 45.4453683]}, "properties": {"id": 1043446889, "feat_type": "way", "quality_categories": "crossings_lacking_kerbs", "issue_ids": "[1]", "osm_url": "https://www.openstreetmap.org/way/1043446889", "josm_url": "http://127.0.0.1:8111/load_object?new_layer=false&objects=w1043446889", "id_url": "https://www.openstreetmap.org/edit?editor=id&way=1043446889#map=20/45.4453683/9.1762658"}}, {"type": "Feature", "geometry": {"type": "Point", "coordinates": [9.1772195, 45.4267615]}, "properties": {"id": 1043472068, "feat_type": "way", "quality_categories": "crossings_lacking_kerbs", "issue_ids": "[1]", "osm_url": "https://www.openstreetmap.org/way/1043472068", "josm_url": "http://127.0.0.1:8111/load_object?new_layer=false&objects=w1043472068", "id_url": "https://www.openstreetmap.org/edit?editor=id&way=1043472068#map=20/45.4267615/9.1772195"}}, {"type": "Feature", "geometry": {"type": "Point", "coordinates": [9.2209789, 45.4499727]}, "properties": {"id": 1044780163, "feat_type": "way", "quality_categories": "crossings_lacking_kerbs", "issue_ids": "[1]", "osm_url": "https://www.openstreetmap.org/way/1044780163", "josm_url": "http://127.0.0.1:8111/load_object?new_layer=false&objects=w1044780163", "id_url": "https://www.openstreetmap.org/edit?editor=id&way=1044780163#map=20/45.4499727/9.2209789"}}, {"type": "Feature", "geometry": {"type": "Point", "coordinates": [9.206887, 45.4868072]}, "properties": {"id": 1046512309, "feat_type": "way", "quality_categories": "crossings_lacking_kerbs", "issue_ids": "[1]", "osm_url": "https://www.openstreetmap.org/way/1046512309", "josm_url": "http://127.0.0.1:8111/load_object?new_layer=false&objects=w1046512309", "id_url": "https://www.openstreetmap.org/edit?editor=id&way=1046512309#map=20/45.4868072/9.206887"}}, {"type": "Feature", "geometry": {"type": "Point", "coordinates": [9.1681726, 45.4860474]}, "properties": {"id": 1046785931, "feat_type": "way", "quality_categories": "crossings_lacking_kerbs", "issue_ids": "[1]", "osm_url": "https://www.openstreetmap.org/way/1046785931", "josm_url": "http://127.0.0.1:8111/load_object?new_layer=false&objects=w1046785931", "id_url": "https://www.openstreetmap.org/edit?editor=id&way=1046785931#map=20/45.4860474/9.1681726"}}, {"type": "Feature", "geometry": {"type": "Point", "coordinates": [9.1855337, 45.4499306]}, "properties": {"id": 1046803990, "feat_type": "way", "quality_categories": "crossings_lacking_kerbs", "issue_ids": "[1]", "osm_url": "https://www.openstreetmap.org/way/1046803990", "josm_url": "http://127.0.0.1:8111/load_object?new_layer=false&objects=w1046803990", "id_url": "https://www.openstreetmap.org/edit?editor=id&way=1046803990#map=20/45.4499306/9.1855337"}}, {"type": "Feature", "geometry": {"type": "Point", "coordinates": [9.164529, 45.4457172]}, "properties": {"id": 1046854792, "feat_type": "way", "quality_categories": "crossings_lacking_kerbs", "issue_ids": "[1]", "osm_url": "https://www.openstreetmap.org/way/1046854792", "josm_url": "http://127.0.0.1:8111/load_object?new_layer=false&objects=w1046854792", "id_url": "https://www.openstreetmap.org/edit?editor=id&way=1046854792#map=20/45.4457172/9.164529"}}, {"type": "Feature", "geometry": {"type": "Point", "coordinates": [9.1645345, 45.4459482]}, "properties": {"id": 1046854794, "feat_type": "way", "quality_categories": "crossings_lacking_kerbs", "issue_ids": "[1]", "osm_url": "https://www.openstreetmap.org/way/1046854794", "josm_url": "http://127.0.0.1:8111/load_object?new_layer=false&objects=w1046854794", "id_url": "https://www.openstreetmap.org/edit?editor=id&way=1046854794#map=20/45.4459482/9.1645345"}}, {"type": "Feature", "geometry": {"type": "Point", "coordinates": [9.2009219, 45.4864364]}, "properties": {"id": 1047093471, "feat_type": "way", "quality_categories": "crossings_lacking_kerbs", "issue_ids": "[1]", "osm_url": "https://www.openstreetmap.org/way/1047093471", "josm_url": "http://127.0.0.1:8111/load_object?new_layer=false&objects=w1047093471", "id_url": "https://www.openstreetmap.org/edit?editor=id&way=1047093471#map=20/45.4864364/9.2009219"}}, {"type": "Feature", "geometry": {"type": "Point", "coordinates": [9.2001376, 45.4909819]}, "properties": {"id": 1047108462, "feat_type": "way", "quality_categories": "crossings_lacking_kerbs", "issue_ids": "[1]", "osm_url": "https://www.openstreetmap.org/way/1047108462", "josm_url": "http://127.0.0.1:8111/load_object?new_layer=false&objects=w1047108462", "id_url": "https://www.openstreetmap.org/edit?editor=id&way=1047108462#map=20/45.4909819/9.2001376"}}, {"type": "Feature", "geometry": {"type": "Point", "coordinates": [9.2528996, 45.4271952]}, "properties": {"id": 1055307140, "feat_type": "way", "quality_categories": "crossings_lacking_kerbs", "issue_ids": "[1]", "osm_url": "https://www.openstreetmap.org/way/1055307140", "josm_url": "http://127.0.0.1:8111/load_object?new_layer=false&objects=w1055307140", "id_url": "https://www.openstreetmap.org/edit?editor=id&way=1055307140#map=20/45.4271952/9.2528996"}}, {"type": "Feature", "geometry": {"type": "Point", "coordinates": [9.1870709, 45.4645329]}, "properties": {"id": 1059579921, "feat_type": "way", "quality_categories": "crossings_lacking_kerbs", "issue_ids": "[1]", "osm_url": "https://www.openstreetmap.org/way/1059579921", "josm_url": "http://127.0.0.1:8111/load_object?new_layer=false&objects=w1059579921", "id_url": "https://www.openstreetmap.org/edit?editor=id&way=1059579921#map=20/45.4645329/9.1870709"}}, {"type": "Feature", "geometry": {"type": "Point", "coordinates": [9.1627768, 45.414016]}, "properties": {"id": 1061071731, "feat_type": "way", "quality_categories": "crossings_lacking_kerbs", "issue_ids": "[1]", "osm_url": "https://www.openstreetmap.org/way/1061071731", "josm_url": "http://127.0.0.1:8111/load_object?new_layer=false&objects=w1061071731", "id_url": "https://www.openstreetmap.org/edit?editor=id&way=1061071731#map=20/45.414016/9.1627768"}}, {"type": "Feature", "geometry": {"type": "Point", "coordinates": [9.2266491, 45.4642327]}, "properties": {"id": 1062009611, "feat_type": "way", "quality_categories": "crossings_lacking_kerbs", "issue_ids": "[1]", "osm_url": "https://www.openstreetmap.org/way/1062009611", "josm_url": "http://127.0.0.1:8111/load_object?new_layer=false&objects=w1062009611", "id_url": "https://www.openstreetmap.org/edit?editor=id&way=1062009611#map=20/45.4642327/9.2266491"}}, {"type": "Feature", "geometry": {"type": "Point", "coordinates": [9.1904266, 45.4855278]}, "properties": {"id": 1063992284, "feat_type": "way", "quality_categories": "crossings_lacking_kerbs", "issue_ids": "[1]", "osm_url": "https://www.openstreetmap.org/way/1063992284", "josm_url": "http://127.0.0.1:8111/load_object?new_layer=false&objects=w1063992284", "id_url": "https://www.openstreetmap.org/edit?editor=id&way=1063992284#map=20/45.4855278/9.1904266"}}, {"type": "Feature", "geometry": {"type": "Point", "coordinates": [9.2289768, 45.4821076]}, "properties": {"id": 1065677514, "feat_type": "way", "quality_categories": "crossings_lacking_kerbs", "issue_ids": "[1]", "osm_url": "https://www.openstreetmap.org/way/1065677514", "josm_url": "http://127.0.0.1:8111/load_object?new_layer=false&objects=w1065677514", "id_url": "https://www.openstreetmap.org/edit?editor=id&way=1065677514#map=20/45.4821076/9.2289768"}}, {"type": "Feature", "geometry": {"type": "Point", "coordinates": [9.228859, 45.4822007]}, "properties": {"id": 1065677515, "feat_type": "way", "quality_categories": "crossings_lacking_kerbs", "issue_ids": "[1]", "osm_url": "https://www.openstreetmap.org/way/1065677515", "josm_url": "http://127.0.0.1:8111/load_object?new_layer=false&objects=w1065677515", "id_url": "https://www.openstreetmap.org/edit?editor=id&way=1065677515#map=20/45.4822007/9.228859"}}, {"type": "Feature", "geometry": {"type": "Point", "coordinates": [9.1759288, 45.4438498]}, "properties": {"id": 1065949262, "feat_type": "way", "quality_categories": "crossings_lacking_kerbs", "issue_ids": "[1]", "osm_url": "https://www.openstreetmap.org/way/1065949262", "josm_url": "http://127.0.0.1:8111/load_object?new_layer=false&objects=w1065949262", "id_url": "https://www.openstreetmap.org/edit?editor=id&way=1065949262#map=20/45.4438498/9.1759288"}}, {"type": "Feature", "geometry": {"type": "Point", "coordinates": [9.2136766, 45.4872198]}, "properties": {"id": 1070550956, "feat_type": "way", "quality_categories": "crossings_lacking_kerbs", "issue_ids": "[1]", "osm_url": "https://www.openstreetmap.org/way/1070550956", "josm_url": "http://127.0.0.1:8111/load_object?new_layer=false&objects=w1070550956", "id_url": "https://www.openstreetmap.org/edit?editor=id&way=1070550956#map=20/45.4872198/9.2136766"}}, {"type": "Feature", "geometry": {"type": "Point", "coordinates": [9.2173082, 45.4959353]}, "properties": {"id": 1070629529, "feat_type": "way", "quality_categories": "crossings_lacking_kerbs", "issue_ids": "[1]", "osm_url": "https://www.openstreetmap.org/way/1070629529", "josm_url": "http://127.0.0.1:8111/load_object?new_layer=false&objects=w1070629529", "id_url": "https://www.openstreetmap.org/edit?editor=id&way=1070629529#map=20/45.4959353/9.2173082"}}, {"type": "Feature", "geometry": {"type": "Point", "coordinates": [9.2065754, 45.4927477]}, "properties": {"id": 1071517010, "feat_type": "way", "quality_categories": "crossings_lacking_kerbs", "issue_ids": "[1]", "osm_url": "https://www.openstreetmap.org/way/1071517010", "josm_url": "http://127.0.0.1:8111/load_object?new_layer=false&objects=w1071517010", "id_url": "https://www.openstreetmap.org/edit?editor=id&way=1071517010#map=20/45.4927477/9.2065754"}}, {"type": "Feature", "geometry": {"type": "Point", "coordinates": [9.1975333, 45.4952816]}, "properties": {"id": 1071541085, "feat_type": "way", "quality_categories": "crossings_lacking_kerbs", "issue_ids": "[1]", "osm_url": "https://www.openstreetmap.org/way/1071541085", "josm_url": "http://127.0.0.1:8111/load_object?new_layer=false&objects=w1071541085", "id_url": "https://www.openstreetmap.org/edit?editor=id&way=1071541085#map=20/45.4952816/9.1975333"}}, {"type": "Feature", "geometry": {"type": "Point", "coordinates": [9.1608913, 45.464109]}, "properties": {"id": 1071647760, "feat_type": "way", "quality_categories": "crossings_lacking_kerbs", "issue_ids": "[1]", "osm_url": "https://www.openstreetmap.org/way/1071647760", "josm_url": "http://127.0.0.1:8111/load_object?new_layer=false&objects=w1071647760", "id_url": "https://www.openstreetmap.org/edit?editor=id&way=1071647760#map=20/45.464109/9.1608913"}}, {"type": "Feature", "geometry": {"type": "Point", "coordinates": [9.195363, 45.4669213]}, "properties": {"id": 1071962550, "feat_type": "way", "quality_categories": "crossings_lacking_kerbs", "issue_ids": "[1]", "osm_url": "https://www.openstreetmap.org/way/1071962550", "josm_url": "http://127.0.0.1:8111/load_object?new_layer=false&objects=w1071962550", "id_url": "https://www.openstreetmap.org/edit?editor=id&way=1071962550#map=20/45.4669213/9.195363"}}, {"type": "Feature", "geometry": {"type": "Point", "coordinates": [9.1872426, 45.4590229]}, "properties": {"id": 1073901115, "feat_type": "way", "quality_categories": "crossings_lacking_kerbs", "issue_ids": "[1]", "osm_url": "https://www.openstreetmap.org/way/1073901115", "josm_url": "http://127.0.0.1:8111/load_object?new_layer=false&objects=w1073901115", "id_url": "https://www.openstreetmap.org/edit?editor=id&way=1073901115#map=20/45.4590229/9.1872426"}}, {"type": "Feature", "geometry": {"type": "Point", "coordinates": [9.1674249, 45.4606731]}, "properties": {"id": 1074802940, "feat_type": "way", "quality_categories": "crossings_lacking_kerbs", "issue_ids": "[1]", "osm_url": "https://www.openstreetmap.org/way/1074802940", "josm_url": "http://127.0.0.1:8111/load_object?new_layer=false&objects=w1074802940", "id_url": "https://www.openstreetmap.org/edit?editor=id&way=1074802940#map=20/45.4606731/9.1674249"}}, {"type": "Feature", "geometry": {"type": "Point", "coordinates": [9.1680109, 45.4611589]}, "properties": {"id": 1075032561, "feat_type": "way", "quality_categories": "crossings_lacking_kerbs", "issue_ids": "[1]", "osm_url": "https://www.openstreetmap.org/way/1075032561", "josm_url": "http://127.0.0.1:8111/load_object?new_layer=false&objects=w1075032561", "id_url": "https://www.openstreetmap.org/edit?editor=id&way=1075032561#map=20/45.4611589/9.1680109"}}, {"type": "Feature", "geometry": {"type": "Point", "coordinates": [9.1860563, 45.489249]}, "properties": {"id": 1075800337, "feat_type": "way", "quality_categories": "crossings_lacking_kerbs", "issue_ids": "[1]", "osm_url": "https://www.openstreetmap.org/way/1075800337", "josm_url": "http://127.0.0.1:8111/load_object?new_layer=false&objects=w1075800337", "id_url": "https://www.openstreetmap.org/edit?editor=id&way=1075800337#map=20/45.489249/9.1860563"}}, {"type": "Feature", "geometry": {"type": "Point", "coordinates": [9.1513623, 45.4861587]}, "properties": {"id": 1076074168, "feat_type": "way", "quality_categories": "crossings_lacking_kerbs", "issue_ids": "[1]", "osm_url": "https://www.openstreetmap.org/way/1076074168", "josm_url": "http://127.0.0.1:8111/load_object?new_layer=false&objects=w1076074168", "id_url": "https://www.openstreetmap.org/edit?editor=id&way=1076074168#map=20/45.4861587/9.1513623"}}, {"type": "Feature", "geometry": {"type": "Point", "coordinates": [9.1557708, 45.4700844]}, "properties": {"id": 1076807602, "feat_type": "way", "quality_categories": "crossings_lacking_kerbs", "issue_ids": "[1]", "osm_url": "https://www.openstreetmap.org/way/1076807602", "josm_url": "http://127.0.0.1:8111/load_object?new_layer=false&objects=w1076807602", "id_url": "https://www.openstreetmap.org/edit?editor=id&way=1076807602#map=20/45.4700844/9.1557708"}}, {"type": "Feature", "geometry": {"type": "Point", "coordinates": [9.1936314, 45.4829582]}, "properties": {"id": 1077645667, "feat_type": "way", "quality_categories": "crossings_lacking_kerbs", "issue_ids": "[1]", "osm_url": "https://www.openstreetmap.org/way/1077645667", "josm_url": "http://127.0.0.1:8111/load_object?new_layer=false&objects=w1077645667", "id_url": "https://www.openstreetmap.org/edit?editor=id&way=1077645667#map=20/45.4829582/9.1936314"}}, {"type": "Feature", "geometry": {"type": "Point", "coordinates": [9.2396575, 45.469866]}, "properties": {"id": 1080455946, "feat_type": "way", "quality_categories": "crossings_lacking_kerbs", "issue_ids": "[1]", "osm_url": "https://www.openstreetmap.org/way/1080455946", "josm_url": "http://127.0.0.1:8111/load_object?new_layer=false&objects=w1080455946", "id_url": "https://www.openstreetmap.org/edit?editor=id&way=1080455946#map=20/45.469866/9.2396575"}}, {"type": "Feature", "geometry": {"type": "Point", "coordinates": [9.2398812, 45.4698293]}, "properties": {"id": 1080455948, "feat_type": "way", "quality_categories": "crossings_lacking_kerbs", "issue_ids": "[1]", "osm_url": "https://www.openstreetmap.org/way/1080455948", "josm_url": "http://127.0.0.1:8111/load_object?new_layer=false&objects=w1080455948", "id_url": "https://www.openstreetmap.org/edit?editor=id&way=1080455948#map=20/45.4698293/9.2398812"}}, {"type": "Feature", "geometry": {"type": "Point", "coordinates": [9.2339142, 45.4855214]}, "properties": {"id": 1083742644, "feat_type": "way", "quality_categories": "crossings_lacking_kerbs", "issue_ids": "[1]", "osm_url": "https://www.openstreetmap.org/way/1083742644", "josm_url": "http://127.0.0.1:8111/load_object?new_layer=false&objects=w1083742644", "id_url": "https://www.openstreetmap.org/edit?editor=id&way=1083742644#map=20/45.4855214/9.2339142"}}, {"type": "Feature", "geometry": {"type": "Point", "coordinates": [9.1473194, 45.4368181]}, "properties": {"id": 1086842215, "feat_type": "way", "quality_categories": "crossings_lacking_kerbs", "issue_ids": "[1]", "osm_url": "https://www.openstreetmap.org/way/1086842215", "josm_url": "http://127.0.0.1:8111/load_object?new_layer=false&objects=w1086842215", "id_url": "https://www.openstreetmap.org/edit?editor=id&way=1086842215#map=20/45.4368181/9.1473194"}}, {"type": "Feature", "geometry": {"type": "Point", "coordinates": [9.1891795, 45.4786348]}, "properties": {"id": 1087323747, "feat_type": "way", "quality_categories": "crossings_lacking_kerbs", "issue_ids": "[1]", "osm_url": "https://www.openstreetmap.org/way/1087323747", "josm_url": "http://127.0.0.1:8111/load_object?new_layer=false&objects=w1087323747", "id_url": "https://www.openstreetmap.org/edit?editor=id&way=1087323747#map=20/45.4786348/9.1891795"}}, {"type": "Feature", "geometry": {"type": "Point", "coordinates": [9.1641665, 45.4348582]}, "properties": {"id": 1087367230, "feat_type": "way", "quality_categories": "crossings_lacking_kerbs", "issue_ids": "[1]", "osm_url": "https://www.openstreetmap.org/way/1087367230", "josm_url": "http://127.0.0.1:8111/load_object?new_layer=false&objects=w1087367230", "id_url": "https://www.openstreetmap.org/edit?editor=id&way=1087367230#map=20/45.4348582/9.1641665"}}, {"type": "Feature", "geometry": {"type": "Point", "coordinates": [9.1608001, 45.4324539]}, "properties": {"id": 1087368226, "feat_type": "way", "quality_categories": "crossings_lacking_kerbs", "issue_ids": "[1]", "osm_url": "https://www.openstreetmap.org/way/1087368226", "josm_url": "http://127.0.0.1:8111/load_object?new_layer=false&objects=w1087368226", "id_url": "https://www.openstreetmap.org/edit?editor=id&way=1087368226#map=20/45.4324539/9.1608001"}}, {"type": "Feature", "geometry": {"type": "Point", "coordinates": [9.1287136, 45.4395631]}, "properties": {"id": 1087391236, "feat_type": "way", "quality_categories": "crossings_lacking_kerbs", "issue_ids": "[1]", "osm_url": "https://www.openstreetmap.org/way/1087391236", "josm_url": "http://127.0.0.1:8111/load_object?new_layer=false&objects=w1087391236", "id_url": "https://www.openstreetmap.org/edit?editor=id&way=1087391236#map=20/45.4395631/9.1287136"}}, {"type": "Feature", "geometry": {"type": "Point", "coordinates": [9.1714758, 45.4509648]}, "properties": {"id": 1087551465, "feat_type": "way", "quality_categories": "crossings_lacking_kerbs", "issue_ids": "[1]", "osm_url": "https://www.openstreetmap.org/way/1087551465", "josm_url": "http://127.0.0.1:8111/load_object?new_layer=false&objects=w1087551465", "id_url": "https://www.openstreetmap.org/edit?editor=id&way=1087551465#map=20/45.4509648/9.1714758"}}, {"type": "Feature", "geometry": {"type": "Point", "coordinates": [9.1712746, 45.450922]}, "properties": {"id": 1087551467, "feat_type": "way", "quality_categories": "crossings_lacking_kerbs", "issue_ids": "[1]", "osm_url": "https://www.openstreetmap.org/way/1087551467", "josm_url": "http://127.0.0.1:8111/load_object?new_layer=false&objects=w1087551467", "id_url": "https://www.openstreetmap.org/edit?editor=id&way=1087551467#map=20/45.450922/9.1712746"}}, {"type": "Feature", "geometry": {"type": "Point", "coordinates": [9.1832091, 45.4421042]}, "properties": {"id": 1087697936, "feat_type": "way", "quality_categories": "crossings_lacking_kerbs", "issue_ids": "[1]", "osm_url": "https://www.openstreetmap.org/way/1087697936", "josm_url": "http://127.0.0.1:8111/load_object?new_layer=false&objects=w1087697936", "id_url": "https://www.openstreetmap.org/edit?editor=id&way=1087697936#map=20/45.4421042/9.1832091"}}, {"type": "Feature", "geometry": {"type": "Point", "coordinates": [9.1790468, 45.4524244]}, "properties": {"id": 1088388528, "feat_type": "way", "quality_categories": "crossings_lacking_kerbs", "issue_ids": "[1]", "osm_url": "https://www.openstreetmap.org/way/1088388528", "josm_url": "http://127.0.0.1:8111/load_object?new_layer=false&objects=w1088388528", "id_url": "https://www.openstreetmap.org/edit?editor=id&way=1088388528#map=20/45.4524244/9.1790468"}}, {"type": "Feature", "geometry": {"type": "Point", "coordinates": [9.1496942, 45.4587674]}, "properties": {"id": 1092031671, "feat_type": "way", "quality_categories": "crossings_lacking_kerbs", "issue_ids": "[1]", "osm_url": "https://www.openstreetmap.org/way/1092031671", "josm_url": "http://127.0.0.1:8111/load_object?new_layer=false&objects=w1092031671", "id_url": "https://www.openstreetmap.org/edit?editor=id&way=1092031671#map=20/45.4587674/9.1496942"}}, {"type": "Feature", "geometry": {"type": "Point", "coordinates": [9.2005204, 45.5015196]}, "properties": {"id": 1097988868, "feat_type": "way", "quality_categories": "crossings_lacking_kerbs", "issue_ids": "[1]", "osm_url": "https://www.openstreetmap.org/way/1097988868", "josm_url": "http://127.0.0.1:8111/load_object?new_layer=false&objects=w1097988868", "id_url": "https://www.openstreetmap.org/edit?editor=id&way=1097988868#map=20/45.5015196/9.2005204"}}, {"type": "Feature", "geometry": {"type": "Point", "coordinates": [9.1758549, 45.4435181]}, "properties": {"id": 1098221120, "feat_type": "way", "quality_categories": "crossings_lacking_kerbs", "issue_ids": "[1]", "osm_url": "https://www.openstreetmap.org/way/1098221120", "josm_url": "http://127.0.0.1:8111/load_object?new_layer=false&objects=w1098221120", "id_url": "https://www.openstreetmap.org/edit?editor=id&way=1098221120#map=20/45.4435181/9.1758549"}}, {"type": "Feature", "geometry": {"type": "Point", "coordinates": [9.1517892, 45.4283658]}, "properties": {"id": 1098571301, "feat_type": "way", "quality_categories": "crossings_lacking_kerbs", "issue_ids": "[1]", "osm_url": "https://www.openstreetmap.org/way/1098571301", "josm_url": "http://127.0.0.1:8111/load_object?new_layer=false&objects=w1098571301", "id_url": "https://www.openstreetmap.org/edit?editor=id&way=1098571301#map=20/45.4283658/9.1517892"}}, {"type": "Feature", "geometry": {"type": "Point", "coordinates": [9.1459181, 45.5011092]}, "properties": {"id": 1099788732, "feat_type": "way", "quality_categories": "crossings_lacking_kerbs", "issue_ids": "[1]", "osm_url": "https://www.openstreetmap.org/way/1099788732", "josm_url": "http://127.0.0.1:8111/load_object?new_layer=false&objects=w1099788732", "id_url": "https://www.openstreetmap.org/edit?editor=id&way=1099788732#map=20/45.5011092/9.1459181"}}, {"type": "Feature", "geometry": {"type": "Point", "coordinates": [9.2066518, 45.5164283]}, "properties": {"id": 1101053926, "feat_type": "way", "quality_categories": "crossings_lacking_kerbs", "issue_ids": "[1]", "osm_url": "https://www.openstreetmap.org/way/1101053926", "josm_url": "http://127.0.0.1:8111/load_object?new_layer=false&objects=w1101053926", "id_url": "https://www.openstreetmap.org/edit?editor=id&way=1101053926#map=20/45.5164283/9.2066518"}}, {"type": "Feature", "geometry": {"type": "Point", "coordinates": [9.146232, 45.4602325]}, "properties": {"id": 1102024549, "feat_type": "way", "quality_categories": "crossings_lacking_kerbs", "issue_ids": "[1]", "osm_url": "https://www.openstreetmap.org/way/1102024549", "josm_url": "http://127.0.0.1:8111/load_object?new_layer=false&objects=w1102024549", "id_url": "https://www.openstreetmap.org/edit?editor=id&way=1102024549#map=20/45.4602325/9.146232"}}, {"type": "Feature", "geometry": {"type": "Point", "coordinates": [9.1461611, 45.4603545]}, "properties": {"id": 1102024550, "feat_type": "way", "quality_categories": "crossings_lacking_kerbs", "issue_ids": "[1]", "osm_url": "https://www.openstreetmap.org/way/1102024550", "josm_url": "http://127.0.0.1:8111/load_object?new_layer=false&objects=w1102024550", "id_url": "https://www.openstreetmap.org/edit?editor=id&way=1102024550#map=20/45.4603545/9.1461611"}}, {"type": "Feature", "geometry": {"type": "Point", "coordinates": [9.1657164, 45.5020541]}, "properties": {"id": 1102073192, "feat_type": "way", "quality_categories": "crossings_lacking_kerbs", "issue_ids": "[1]", "osm_url": "https://www.openstreetmap.org/way/1102073192", "josm_url": "http://127.0.0.1:8111/load_object?new_layer=false&objects=w1102073192", "id_url": "https://www.openstreetmap.org/edit?editor=id&way=1102073192#map=20/45.5020541/9.1657164"}}, {"type": "Feature", "geometry": {"type": "Point", "coordinates": [9.1561403, 45.516596]}, "properties": {"id": 1102617168, "feat_type": "way", "quality_categories": "crossings_lacking_kerbs", "issue_ids": "[1]", "osm_url": "https://www.openstreetmap.org/way/1102617168", "josm_url": "http://127.0.0.1:8111/load_object?new_layer=false&objects=w1102617168", "id_url": "https://www.openstreetmap.org/edit?editor=id&way=1102617168#map=20/45.516596/9.1561403"}}, {"type": "Feature", "geometry": {"type": "Point", "coordinates": [9.1369061, 45.5129883]}, "properties": {"id": 1102862570, "feat_type": "way", "quality_categories": "crossings_lacking_kerbs", "issue_ids": "[1]", "osm_url": "https://www.openstreetmap.org/way/1102862570", "josm_url": "http://127.0.0.1:8111/load_object?new_layer=false&objects=w1102862570", "id_url": "https://www.openstreetmap.org/edit?editor=id&way=1102862570#map=20/45.5129883/9.1369061"}}, {"type": "Feature", "geometry": {"type": "Point", "coordinates": [9.2248877, 45.5074974]}, "properties": {"id": 1103855236, "feat_type": "way", "quality_categories": "crossings_lacking_kerbs", "issue_ids": "[1]", "osm_url": "https://www.openstreetmap.org/way/1103855236", "josm_url": "http://127.0.0.1:8111/load_object?new_layer=false&objects=w1103855236", "id_url": "https://www.openstreetmap.org/edit?editor=id&way=1103855236#map=20/45.5074974/9.2248877"}}, {"type": "Feature", "geometry": {"type": "Point", "coordinates": [9.2333184, 45.4854619]}, "properties": {"id": 1104891096, "feat_type": "way", "quality_categories": "crossings_lacking_kerbs", "issue_ids": "[1]", "osm_url": "https://www.openstreetmap.org/way/1104891096", "josm_url": "http://127.0.0.1:8111/load_object?new_layer=false&objects=w1104891096", "id_url": "https://www.openstreetmap.org/edit?editor=id&way=1104891096#map=20/45.4854619/9.2333184"}}, {"type": "Feature", "geometry": {"type": "Point", "coordinates": [9.2332503, 45.4855732]}, "properties": {"id": 1104891097, "feat_type": "way", "quality_categories": "crossings_lacking_kerbs", "issue_ids": "[1]", "osm_url": "https://www.openstreetmap.org/way/1104891097", "josm_url": "http://127.0.0.1:8111/load_object?new_layer=false&objects=w1104891097", "id_url": "https://www.openstreetmap.org/edit?editor=id&way=1104891097#map=20/45.4855732/9.2332503"}}, {"type": "Feature", "geometry": {"type": "Point", "coordinates": [9.2400842, 45.4324111]}, "properties": {"id": 1106590382, "feat_type": "way", "quality_categories": "crossings_lacking_kerbs", "issue_ids": "[1]", "osm_url": "https://www.openstreetmap.org/way/1106590382", "josm_url": "http://127.0.0.1:8111/load_object?new_layer=false&objects=w1106590382", "id_url": "https://www.openstreetmap.org/edit?editor=id&way=1106590382#map=20/45.4324111/9.2400842"}}, {"type": "Feature", "geometry": {"type": "Point", "coordinates": [9.246515, 45.4541113]}, "properties": {"id": 1107348139, "feat_type": "way", "quality_categories": "crossings_lacking_kerbs", "issue_ids": "[1]", "osm_url": "https://www.openstreetmap.org/way/1107348139", "josm_url": "http://127.0.0.1:8111/load_object?new_layer=false&objects=w1107348139", "id_url": "https://www.openstreetmap.org/edit?editor=id&way=1107348139#map=20/45.4541113/9.246515"}}, {"type": "Feature", "geometry": {"type": "Point", "coordinates": [9.1530369, 45.4615839]}, "properties": {"id": 1109065861, "feat_type": "way", "quality_categories": "crossings_lacking_kerbs", "issue_ids": "[1]", "osm_url": "https://www.openstreetmap.org/way/1109065861", "josm_url": "http://127.0.0.1:8111/load_object?new_layer=false&objects=w1109065861", "id_url": "https://www.openstreetmap.org/edit?editor=id&way=1109065861#map=20/45.4615839/9.1530369"}}, {"type": "Feature", "geometry": {"type": "Point", "coordinates": [9.1749702, 45.4067316]}, "properties": {"id": 1111051416, "feat_type": "way", "quality_categories": "crossings_lacking_kerbs", "issue_ids": "[1]", "osm_url": "https://www.openstreetmap.org/way/1111051416", "josm_url": "http://127.0.0.1:8111/load_object?new_layer=false&objects=w1111051416", "id_url": "https://www.openstreetmap.org/edit?editor=id&way=1111051416#map=20/45.4067316/9.1749702"}}, {"type": "Feature", "geometry": {"type": "Point", "coordinates": [9.1748054, 45.4067102]}, "properties": {"id": 1111051417, "feat_type": "way", "quality_categories": "crossings_lacking_kerbs", "issue_ids": "[1]", "osm_url": "https://www.openstreetmap.org/way/1111051417", "josm_url": "http://127.0.0.1:8111/load_object?new_layer=false&objects=w1111051417", "id_url": "https://www.openstreetmap.org/edit?editor=id&way=1111051417#map=20/45.4067102/9.1748054"}}, {"type": "Feature", "geometry": {"type": "Point", "coordinates": [9.1745992, 45.4065667]}, "properties": {"id": 1111051419, "feat_type": "way", "quality_categories": "crossings_lacking_kerbs", "issue_ids": "[1]", "osm_url": "https://www.openstreetmap.org/way/1111051419", "josm_url": "http://127.0.0.1:8111/load_object?new_layer=false&objects=w1111051419", "id_url": "https://www.openstreetmap.org/edit?editor=id&way=1111051419#map=20/45.4065667/9.1745992"}}, {"type": "Feature", "geometry": {"type": "Point", "coordinates": [9.2455944, 45.4348845]}, "properties": {"id": 1111585585, "feat_type": "way", "quality_categories": "crossings_lacking_kerbs", "issue_ids": "[1]", "osm_url": "https://www.openstreetmap.org/way/1111585585", "josm_url": "http://127.0.0.1:8111/load_object?new_layer=false&objects=w1111585585", "id_url": "https://www.openstreetmap.org/edit?editor=id&way=1111585585#map=20/45.4348845/9.2455944"}}, {"type": "Feature", "geometry": {"type": "Point", "coordinates": [9.1369959, 45.4468148]}, "properties": {"id": 1111740869, "feat_type": "way", "quality_categories": "crossings_lacking_kerbs", "issue_ids": "[1]", "osm_url": "https://www.openstreetmap.org/way/1111740869", "josm_url": "http://127.0.0.1:8111/load_object?new_layer=false&objects=w1111740869", "id_url": "https://www.openstreetmap.org/edit?editor=id&way=1111740869#map=20/45.4468148/9.1369959"}}, {"type": "Feature", "geometry": {"type": "Point", "coordinates": [9.1816608, 45.4321126]}, "properties": {"id": 1111803776, "feat_type": "way", "quality_categories": "crossings_lacking_kerbs", "issue_ids": "[1]", "osm_url": "https://www.openstreetmap.org/way/1111803776", "josm_url": "http://127.0.0.1:8111/load_object?new_layer=false&objects=w1111803776", "id_url": "https://www.openstreetmap.org/edit?editor=id&way=1111803776#map=20/45.4321126/9.1816608"}}, {"type": "Feature", "geometry": {"type": "Point", "coordinates": [9.11429, 45.4553127]}, "properties": {"id": 1113004344, "feat_type": "way", "quality_categories": "crossings_lacking_kerbs", "issue_ids": "[1]", "osm_url": "https://www.openstreetmap.org/way/1113004344", "josm_url": "http://127.0.0.1:8111/load_object?new_layer=false&objects=w1113004344", "id_url": "https://www.openstreetmap.org/edit?editor=id&way=1113004344#map=20/45.4553127/9.11429"}}, {"type": "Feature", "geometry": {"type": "Point", "coordinates": [9.0850898, 45.4771688]}, "properties": {"id": 1113374855, "feat_type": "way", "quality_categories": "crossings_lacking_kerbs", "issue_ids": "[1]", "osm_url": "https://www.openstreetmap.org/way/1113374855", "josm_url": "http://127.0.0.1:8111/load_object?new_layer=false&objects=w1113374855", "id_url": "https://www.openstreetmap.org/edit?editor=id&way=1113374855#map=20/45.4771688/9.0850898"}}, {"type": "Feature", "geometry": {"type": "Point", "coordinates": [9.1148601, 45.4928954]}, "properties": {"id": 1118090646, "feat_type": "way", "quality_categories": "crossings_lacking_kerbs", "issue_ids": "[1]", "osm_url": "https://www.openstreetmap.org/way/1118090646", "josm_url": "http://127.0.0.1:8111/load_object?new_layer=false&objects=w1118090646", "id_url": "https://www.openstreetmap.org/edit?editor=id&way=1118090646#map=20/45.4928954/9.1148601"}}, {"type": "Feature", "geometry": {"type": "Point", "coordinates": [9.1135751, 45.4917416]}, "properties": {"id": 1118097524, "feat_type": "way", "quality_categories": "crossings_lacking_kerbs", "issue_ids": "[1]", "osm_url": "https://www.openstreetmap.org/way/1118097524", "josm_url": "http://127.0.0.1:8111/load_object?new_layer=false&objects=w1118097524", "id_url": "https://www.openstreetmap.org/edit?editor=id&way=1118097524#map=20/45.4917416/9.1135751"}}, {"type": "Feature", "geometry": {"type": "Point", "coordinates": [9.1941663, 45.5163351]}, "properties": {"id": 1119873843, "feat_type": "way", "quality_categories": "crossings_lacking_kerbs", "issue_ids": "[1]", "osm_url": "https://www.openstreetmap.org/way/1119873843", "josm_url": "http://127.0.0.1:8111/load_object?new_layer=false&objects=w1119873843", "id_url": "https://www.openstreetmap.org/edit?editor=id&way=1119873843#map=20/45.5163351/9.1941663"}}, {"type": "Feature", "geometry": {"type": "Point", "coordinates": [9.2061015, 45.5106955]}, "properties": {"id": 1121245103, "feat_type": "way", "quality_categories": "crossings_lacking_kerbs", "issue_ids": "[1]", "osm_url": "https://www.openstreetmap.org/way/1121245103", "josm_url": "http://127.0.0.1:8111/load_object?new_layer=false&objects=w1121245103", "id_url": "https://www.openstreetmap.org/edit?editor=id&way=1121245103#map=20/45.5106955/9.2061015"}}, {"type": "Feature", "geometry": {"type": "Point", "coordinates": [9.2089678, 45.5086142]}, "properties": {"id": 1121250906, "feat_type": "way", "quality_categories": "crossings_lacking_kerbs", "issue_ids": "[1]", "osm_url": "https://www.openstreetmap.org/way/1121250906", "josm_url": "http://127.0.0.1:8111/load_object?new_layer=false&objects=w1121250906", "id_url": "https://www.openstreetmap.org/edit?editor=id&way=1121250906#map=20/45.5086142/9.2089678"}}, {"type": "Feature", "geometry": {"type": "Point", "coordinates": [9.2208966, 45.5139774]}, "properties": {"id": 1121713931, "feat_type": "way", "quality_categories": "crossings_lacking_kerbs", "issue_ids": "[1]", "osm_url": "https://www.openstreetmap.org/way/1121713931", "josm_url": "http://127.0.0.1:8111/load_object?new_layer=false&objects=w1121713931", "id_url": "https://www.openstreetmap.org/edit?editor=id&way=1121713931#map=20/45.5139774/9.2208966"}}, {"type": "Feature", "geometry": {"type": "Point", "coordinates": [9.2247711, 45.5181766]}, "properties": {"id": 1122014404, "feat_type": "way", "quality_categories": "crossings_lacking_kerbs", "issue_ids": "[1]", "osm_url": "https://www.openstreetmap.org/way/1122014404", "josm_url": "http://127.0.0.1:8111/load_object?new_layer=false&objects=w1122014404", "id_url": "https://www.openstreetmap.org/edit?editor=id&way=1122014404#map=20/45.5181766/9.2247711"}}, {"type": "Feature", "geometry": {"type": "Point", "coordinates": [9.2353132, 45.5109529]}, "properties": {"id": 1122049041, "feat_type": "way", "quality_categories": "crossings_lacking_kerbs", "issue_ids": "[1]", "osm_url": "https://www.openstreetmap.org/way/1122049041", "josm_url": "http://127.0.0.1:8111/load_object?new_layer=false&objects=w1122049041", "id_url": "https://www.openstreetmap.org/edit?editor=id&way=1122049041#map=20/45.5109529/9.2353132"}}, {"type": "Feature", "geometry": {"type": "Point", "coordinates": [9.2351654, 45.5108735]}, "properties": {"id": 1122049042, "feat_type": "way", "quality_categories": "crossings_lacking_kerbs", "issue_ids": "[1]", "osm_url": "https://www.openstreetmap.org/way/1122049042", "josm_url": "http://127.0.0.1:8111/load_object?new_layer=false&objects=w1122049042", "id_url": "https://www.openstreetmap.org/edit?editor=id&way=1122049042#map=20/45.5108735/9.2351654"}}, {"type": "Feature", "geometry": {"type": "Point", "coordinates": [9.231195, 45.5226484]}, "properties": {"id": 1122069633, "feat_type": "way", "quality_categories": "crossings_lacking_kerbs", "issue_ids": "[1]", "osm_url": "https://www.openstreetmap.org/way/1122069633", "josm_url": "http://127.0.0.1:8111/load_object?new_layer=false&objects=w1122069633", "id_url": "https://www.openstreetmap.org/edit?editor=id&way=1122069633#map=20/45.5226484/9.231195"}}, {"type": "Feature", "geometry": {"type": "Point", "coordinates": [9.2365869, 45.4643826]}, "properties": {"id": 1122584856, "feat_type": "way", "quality_categories": "crossings_lacking_kerbs", "issue_ids": "[1]", "osm_url": "https://www.openstreetmap.org/way/1122584856", "josm_url": "http://127.0.0.1:8111/load_object?new_layer=false&objects=w1122584856", "id_url": "https://www.openstreetmap.org/edit?editor=id&way=1122584856#map=20/45.4643826/9.2365869"}}, {"type": "Feature", "geometry": {"type": "Point", "coordinates": [9.1696452, 45.4342843]}, "properties": {"id": 1122680364, "feat_type": "way", "quality_categories": "crossings_lacking_kerbs", "issue_ids": "[1]", "osm_url": "https://www.openstreetmap.org/way/1122680364", "josm_url": "http://127.0.0.1:8111/load_object?new_layer=false&objects=w1122680364", "id_url": "https://www.openstreetmap.org/edit?editor=id&way=1122680364#map=20/45.4342843/9.1696452"}}, {"type": "Feature", "geometry": {"type": "Point", "coordinates": [9.2438332, 45.5171071]}, "properties": {"id": 1124953430, "feat_type": "way", "quality_categories": "crossings_lacking_kerbs", "issue_ids": "[1]", "osm_url": "https://www.openstreetmap.org/way/1124953430", "josm_url": "http://127.0.0.1:8111/load_object?new_layer=false&objects=w1124953430", "id_url": "https://www.openstreetmap.org/edit?editor=id&way=1124953430#map=20/45.5171071/9.2438332"}}, {"type": "Feature", "geometry": {"type": "Point", "coordinates": [9.2474644, 45.5095798]}, "properties": {"id": 1124958722, "feat_type": "way", "quality_categories": "crossings_lacking_kerbs", "issue_ids": "[1]", "osm_url": "https://www.openstreetmap.org/way/1124958722", "josm_url": "http://127.0.0.1:8111/load_object?new_layer=false&objects=w1124958722", "id_url": "https://www.openstreetmap.org/edit?editor=id&way=1124958722#map=20/45.5095798/9.2474644"}}, {"type": "Feature", "geometry": {"type": "Point", "coordinates": [9.2409056, 45.5167097]}, "properties": {"id": 1125031471, "feat_type": "way", "quality_categories": "crossings_lacking_kerbs", "issue_ids": "[1]", "osm_url": "https://www.openstreetmap.org/way/1125031471", "josm_url": "http://127.0.0.1:8111/load_object?new_layer=false&objects=w1125031471", "id_url": "https://www.openstreetmap.org/edit?editor=id&way=1125031471#map=20/45.5167097/9.2409056"}}, {"type": "Feature", "geometry": {"type": "Point", "coordinates": [9.1535526, 45.4911462]}, "properties": {"id": 1125591704, "feat_type": "way", "quality_categories": "crossings_lacking_kerbs", "issue_ids": "[1]", "osm_url": "https://www.openstreetmap.org/way/1125591704", "josm_url": "http://127.0.0.1:8111/load_object?new_layer=false&objects=w1125591704", "id_url": "https://www.openstreetmap.org/edit?editor=id&way=1125591704#map=20/45.4911462/9.1535526"}}, {"type": "Feature", "geometry": {"type": "Point", "coordinates": [9.1535328, 45.4911323]}, "properties": {"id": 1125591705, "feat_type": "way", "quality_categories": "crossings_lacking_kerbs", "issue_ids": "[1]", "osm_url": "https://www.openstreetmap.org/way/1125591705", "josm_url": "http://127.0.0.1:8111/load_object?new_layer=false&objects=w1125591705", "id_url": "https://www.openstreetmap.org/edit?editor=id&way=1125591705#map=20/45.4911323/9.1535328"}}, {"type": "Feature", "geometry": {"type": "Point", "coordinates": [9.2334285, 45.489738]}, "properties": {"id": 1125838805, "feat_type": "way", "quality_categories": "crossings_lacking_kerbs", "issue_ids": "[1]", "osm_url": "https://www.openstreetmap.org/way/1125838805", "josm_url": "http://127.0.0.1:8111/load_object?new_layer=false&objects=w1125838805", "id_url": "https://www.openstreetmap.org/edit?editor=id&way=1125838805#map=20/45.489738/9.2334285"}}, {"type": "Feature", "geometry": {"type": "Point", "coordinates": [9.1506888, 45.4600455]}, "properties": {"id": 1126566533, "feat_type": "way", "quality_categories": "crossings_lacking_kerbs", "issue_ids": "[1]", "osm_url": "https://www.openstreetmap.org/way/1126566533", "josm_url": "http://127.0.0.1:8111/load_object?new_layer=false&objects=w1126566533", "id_url": "https://www.openstreetmap.org/edit?editor=id&way=1126566533#map=20/45.4600455/9.1506888"}}, {"type": "Feature", "geometry": {"type": "Point", "coordinates": [9.1508102, 45.4599768]}, "properties": {"id": 1126566535, "feat_type": "way", "quality_categories": "crossings_lacking_kerbs", "issue_ids": "[1]", "osm_url": "https://www.openstreetmap.org/way/1126566535", "josm_url": "http://127.0.0.1:8111/load_object?new_layer=false&objects=w1126566535", "id_url": "https://www.openstreetmap.org/edit?editor=id&way=1126566535#map=20/45.4599768/9.1508102"}}, {"type": "Feature", "geometry": {"type": "Point", "coordinates": [9.1509185, 45.4598755]}, "properties": {"id": 1126566536, "feat_type": "way", "quality_categories": "crossings_lacking_kerbs", "issue_ids": "[1]", "osm_url": "https://www.openstreetmap.org/way/1126566536", "josm_url": "http://127.0.0.1:8111/load_object?new_layer=false&objects=w1126566536", "id_url": "https://www.openstreetmap.org/edit?editor=id&way=1126566536#map=20/45.4598755/9.1509185"}}, {"type": "Feature", "geometry": {"type": "Point", "coordinates": [9.213127, 45.4411856]}, "properties": {"id": 1130593243, "feat_type": "way", "quality_categories": "crossings_lacking_kerbs", "issue_ids": "[1]", "osm_url": "https://www.openstreetmap.org/way/1130593243", "josm_url": "http://127.0.0.1:8111/load_object?new_layer=false&objects=w1130593243", "id_url": "https://www.openstreetmap.org/edit?editor=id&way=1130593243#map=20/45.4411856/9.213127"}}, {"type": "Feature", "geometry": {"type": "Point", "coordinates": [9.0677653, 45.4504604]}, "properties": {"id": 1130872292, "feat_type": "way", "quality_categories": "crossings_lacking_kerbs", "issue_ids": "[1]", "osm_url": "https://www.openstreetmap.org/way/1130872292", "josm_url": "http://127.0.0.1:8111/load_object?new_layer=false&objects=w1130872292", "id_url": "https://www.openstreetmap.org/edit?editor=id&way=1130872292#map=20/45.4504604/9.0677653"}}, {"type": "Feature", "geometry": {"type": "Point", "coordinates": [9.1093521, 45.5039224]}, "properties": {"id": 1131538188, "feat_type": "way", "quality_categories": "crossings_lacking_kerbs", "issue_ids": "[1]", "osm_url": "https://www.openstreetmap.org/way/1131538188", "josm_url": "http://127.0.0.1:8111/load_object?new_layer=false&objects=w1131538188", "id_url": "https://www.openstreetmap.org/edit?editor=id&way=1131538188#map=20/45.5039224/9.1093521"}}, {"type": "Feature", "geometry": {"type": "Point", "coordinates": [9.2278618, 45.4817223]}, "properties": {"id": 1131759080, "feat_type": "way", "quality_categories": "crossings_lacking_kerbs", "issue_ids": "[1]", "osm_url": "https://www.openstreetmap.org/way/1131759080", "josm_url": "http://127.0.0.1:8111/load_object?new_layer=false&objects=w1131759080", "id_url": "https://www.openstreetmap.org/edit?editor=id&way=1131759080#map=20/45.4817223/9.2278618"}}, {"type": "Feature", "geometry": {"type": "Point", "coordinates": [9.0976549, 45.50682]}, "properties": {"id": 1132702606, "feat_type": "way", "quality_categories": "crossings_lacking_kerbs", "issue_ids": "[1]", "osm_url": "https://www.openstreetmap.org/way/1132702606", "josm_url": "http://127.0.0.1:8111/load_object?new_layer=false&objects=w1132702606", "id_url": "https://www.openstreetmap.org/edit?editor=id&way=1132702606#map=20/45.50682/9.0976549"}}, {"type": "Feature", "geometry": {"type": "Point", "coordinates": [9.0989614, 45.5066154]}, "properties": {"id": 1132769191, "feat_type": "way", "quality_categories": "crossings_lacking_kerbs", "issue_ids": "[1]", "osm_url": "https://www.openstreetmap.org/way/1132769191", "josm_url": "http://127.0.0.1:8111/load_object?new_layer=false&objects=w1132769191", "id_url": "https://www.openstreetmap.org/edit?editor=id&way=1132769191#map=20/45.5066154/9.0989614"}}, {"type": "Feature", "geometry": {"type": "Point", "coordinates": [9.2236973, 45.4675271]}, "properties": {"id": 1133155081, "feat_type": "way", "quality_categories": "crossings_lacking_kerbs", "issue_ids": "[1]", "osm_url": "https://www.openstreetmap.org/way/1133155081", "josm_url": "http://127.0.0.1:8111/load_object?new_layer=false&objects=w1133155081", "id_url": "https://www.openstreetmap.org/edit?editor=id&way=1133155081#map=20/45.4675271/9.2236973"}}, {"type": "Feature", "geometry": {"type": "Point", "coordinates": [9.2239531, 45.4675125]}, "properties": {"id": 1133155082, "feat_type": "way", "quality_categories": "crossings_lacking_kerbs", "issue_ids": "[1]", "osm_url": "https://www.openstreetmap.org/way/1133155082", "josm_url": "http://127.0.0.1:8111/load_object?new_layer=false&objects=w1133155082", "id_url": "https://www.openstreetmap.org/edit?editor=id&way=1133155082#map=20/45.4675125/9.2239531"}}, {"type": "Feature", "geometry": {"type": "Point", "coordinates": [9.228009, 45.5140718]}, "properties": {"id": 1134811060, "feat_type": "way", "quality_categories": "crossings_lacking_kerbs", "issue_ids": "[1]", "osm_url": "https://www.openstreetmap.org/way/1134811060", "josm_url": "http://127.0.0.1:8111/load_object?new_layer=false&objects=w1134811060", "id_url": "https://www.openstreetmap.org/edit?editor=id&way=1134811060#map=20/45.5140718/9.228009"}}, {"type": "Feature", "geometry": {"type": "Point", "coordinates": [9.1916854, 45.4856679]}, "properties": {"id": 1135188936, "feat_type": "way", "quality_categories": "crossings_lacking_kerbs", "issue_ids": "[1]", "osm_url": "https://www.openstreetmap.org/way/1135188936", "josm_url": "http://127.0.0.1:8111/load_object?new_layer=false&objects=w1135188936", "id_url": "https://www.openstreetmap.org/edit?editor=id&way=1135188936#map=20/45.4856679/9.1916854"}}, {"type": "Feature", "geometry": {"type": "Point", "coordinates": [9.1511072, 45.486061]}, "properties": {"id": 1135412604, "feat_type": "way", "quality_categories": "crossings_lacking_kerbs", "issue_ids": "[1]", "osm_url": "https://www.openstreetmap.org/way/1135412604", "josm_url": "http://127.0.0.1:8111/load_object?new_layer=false&objects=w1135412604", "id_url": "https://www.openstreetmap.org/edit?editor=id&way=1135412604#map=20/45.486061/9.1511072"}}, {"type": "Feature", "geometry": {"type": "Point", "coordinates": [9.1216175, 45.5033698]}, "properties": {"id": 1135710039, "feat_type": "way", "quality_categories": "crossings_lacking_kerbs", "issue_ids": "[1]", "osm_url": "https://www.openstreetmap.org/way/1135710039", "josm_url": "http://127.0.0.1:8111/load_object?new_layer=false&objects=w1135710039", "id_url": "https://www.openstreetmap.org/edit?editor=id&way=1135710039#map=20/45.5033698/9.1216175"}}, {"type": "Feature", "geometry": {"type": "Point", "coordinates": [9.1010415, 45.5063347]}, "properties": {"id": 1135718327, "feat_type": "way", "quality_categories": "crossings_lacking_kerbs", "issue_ids": "[1]", "osm_url": "https://www.openstreetmap.org/way/1135718327", "josm_url": "http://127.0.0.1:8111/load_object?new_layer=false&objects=w1135718327", "id_url": "https://www.openstreetmap.org/edit?editor=id&way=1135718327#map=20/45.5063347/9.1010415"}}, {"type": "Feature", "geometry": {"type": "Point", "coordinates": [9.1921105, 45.5082024]}, "properties": {"id": 1136464886, "feat_type": "way", "quality_categories": "crossings_lacking_kerbs", "issue_ids": "[1]", "osm_url": "https://www.openstreetmap.org/way/1136464886", "josm_url": "http://127.0.0.1:8111/load_object?new_layer=false&objects=w1136464886", "id_url": "https://www.openstreetmap.org/edit?editor=id&way=1136464886#map=20/45.5082024/9.1921105"}}, {"type": "Feature", "geometry": {"type": "Point", "coordinates": [9.2096157, 45.5024674]}, "properties": {"id": 1136474158, "feat_type": "way", "quality_categories": "crossings_lacking_kerbs", "issue_ids": "[1]", "osm_url": "https://www.openstreetmap.org/way/1136474158", "josm_url": "http://127.0.0.1:8111/load_object?new_layer=false&objects=w1136474158", "id_url": "https://www.openstreetmap.org/edit?editor=id&way=1136474158#map=20/45.5024674/9.2096157"}}, {"type": "Feature", "geometry": {"type": "Point", "coordinates": [9.180662, 45.47761]}, "properties": {"id": 1136720604, "feat_type": "way", "quality_categories": "crossings_lacking_kerbs", "issue_ids": "[1]", "osm_url": "https://www.openstreetmap.org/way/1136720604", "josm_url": "http://127.0.0.1:8111/load_object?new_layer=false&objects=w1136720604", "id_url": "https://www.openstreetmap.org/edit?editor=id&way=1136720604#map=20/45.47761/9.180662"}}, {"type": "Feature", "geometry": {"type": "Point", "coordinates": [9.2245105, 45.5059436]}, "properties": {"id": 1144799419, "feat_type": "way", "quality_categories": "crossings_lacking_kerbs", "issue_ids": "[1]", "osm_url": "https://www.openstreetmap.org/way/1144799419", "josm_url": "http://127.0.0.1:8111/load_object?new_layer=false&objects=w1144799419", "id_url": "https://www.openstreetmap.org/edit?editor=id&way=1144799419#map=20/45.5059436/9.2245105"}}, {"type": "Feature", "geometry": {"type": "Point", "coordinates": [9.1773859, 45.456069]}, "properties": {"id": 1144836003, "feat_type": "way", "quality_categories": "crossings_lacking_kerbs", "issue_ids": "[1]", "osm_url": "https://www.openstreetmap.org/way/1144836003", "josm_url": "http://127.0.0.1:8111/load_object?new_layer=false&objects=w1144836003", "id_url": "https://www.openstreetmap.org/edit?editor=id&way=1144836003#map=20/45.456069/9.1773859"}}, {"type": "Feature", "geometry": {"type": "Point", "coordinates": [9.0855924, 45.4774107]}, "properties": {"id": 1148157664, "feat_type": "way", "quality_categories": "crossings_lacking_kerbs", "issue_ids": "[1]", "osm_url": "https://www.openstreetmap.org/way/1148157664", "josm_url": "http://127.0.0.1:8111/load_object?new_layer=false&objects=w1148157664", "id_url": "https://www.openstreetmap.org/edit?editor=id&way=1148157664#map=20/45.4774107/9.0855924"}}, {"type": "Feature", "geometry": {"type": "Point", "coordinates": [9.0855346, 45.4770934]}, "properties": {"id": 1148157665, "feat_type": "way", "quality_categories": "crossings_lacking_kerbs", "issue_ids": "[1]", "osm_url": "https://www.openstreetmap.org/way/1148157665", "josm_url": "http://127.0.0.1:8111/load_object?new_layer=false&objects=w1148157665", "id_url": "https://www.openstreetmap.org/edit?editor=id&way=1148157665#map=20/45.4770934/9.0855346"}}, {"type": "Feature", "geometry": {"type": "Point", "coordinates": [9.0850517, 45.4772292]}, "properties": {"id": 1148157666, "feat_type": "way", "quality_categories": "crossings_lacking_kerbs", "issue_ids": "[1]", "osm_url": "https://www.openstreetmap.org/way/1148157666", "josm_url": "http://127.0.0.1:8111/load_object?new_layer=false&objects=w1148157666", "id_url": "https://www.openstreetmap.org/edit?editor=id&way=1148157666#map=20/45.4772292/9.0850517"}}, {"type": "Feature", "geometry": {"type": "Point", "coordinates": [9.085186, 45.4774523]}, "properties": {"id": 1148157670, "feat_type": "way", "quality_categories": "crossings_lacking_kerbs", "issue_ids": "[1]", "osm_url": "https://www.openstreetmap.org/way/1148157670", "josm_url": "http://127.0.0.1:8111/load_object?new_layer=false&objects=w1148157670", "id_url": "https://www.openstreetmap.org/edit?editor=id&way=1148157670#map=20/45.4774523/9.085186"}}, {"type": "Feature", "geometry": {"type": "Point", "coordinates": [9.1931571, 45.4501628]}, "properties": {"id": 1148440731, "feat_type": "way", "quality_categories": "crossings_lacking_kerbs", "issue_ids": "[1]", "osm_url": "https://www.openstreetmap.org/way/1148440731", "josm_url": "http://127.0.0.1:8111/load_object?new_layer=false&objects=w1148440731", "id_url": "https://www.openstreetmap.org/edit?editor=id&way=1148440731#map=20/45.4501628/9.1931571"}}, {"type": "Feature", "geometry": {"type": "Point", "coordinates": [9.1639504, 45.4573038]}, "properties": {"id": 1148451063, "feat_type": "way", "quality_categories": "crossings_lacking_kerbs", "issue_ids": "[1]", "osm_url": "https://www.openstreetmap.org/way/1148451063", "josm_url": "http://127.0.0.1:8111/load_object?new_layer=false&objects=w1148451063", "id_url": "https://www.openstreetmap.org/edit?editor=id&way=1148451063#map=20/45.4573038/9.1639504"}}, {"type": "Feature", "geometry": {"type": "Point", "coordinates": [9.1618312, 45.4831471]}, "properties": {"id": 1152893850, "feat_type": "way", "quality_categories": "crossings_lacking_kerbs", "issue_ids": "[1]", "osm_url": "https://www.openstreetmap.org/way/1152893850", "josm_url": "http://127.0.0.1:8111/load_object?new_layer=false&objects=w1152893850", "id_url": "https://www.openstreetmap.org/edit?editor=id&way=1152893850#map=20/45.4831471/9.1618312"}}, {"type": "Feature", "geometry": {"type": "Point", "coordinates": [9.1150803, 45.4437431]}, "properties": {"id": 1154268210, "feat_type": "way", "quality_categories": "crossings_lacking_kerbs", "issue_ids": "[1]", "osm_url": "https://www.openstreetmap.org/way/1154268210", "josm_url": "http://127.0.0.1:8111/load_object?new_layer=false&objects=w1154268210", "id_url": "https://www.openstreetmap.org/edit?editor=id&way=1154268210#map=20/45.4437431/9.1150803"}}, {"type": "Feature", "geometry": {"type": "Point", "coordinates": [9.095308, 45.5073903]}, "properties": {"id": 1159674661, "feat_type": "way", "quality_categories": "crossings_lacking_kerbs", "issue_ids": "[1]", "osm_url": "https://www.openstreetmap.org/way/1159674661", "josm_url": "http://127.0.0.1:8111/load_object?new_layer=false&objects=w1159674661", "id_url": "https://www.openstreetmap.org/edit?editor=id&way=1159674661#map=20/45.5073903/9.095308"}}, {"type": "Feature", "geometry": {"type": "Point", "coordinates": [9.100973, 45.506327]}, "properties": {"id": 1159674670, "feat_type": "way", "quality_categories": "crossings_lacking_kerbs", "issue_ids": "[1]", "osm_url": "https://www.openstreetmap.org/way/1159674670", "josm_url": "http://127.0.0.1:8111/load_object?new_layer=false&objects=w1159674670", "id_url": "https://www.openstreetmap.org/edit?editor=id&way=1159674670#map=20/45.506327/9.100973"}}, {"type": "Feature", "geometry": {"type": "Point", "coordinates": [9.1975145, 45.4784525]}, "properties": {"id": 1166152637, "feat_type": "way", "quality_categories": "crossings_lacking_kerbs", "issue_ids": "[1]", "osm_url": "https://www.openstreetmap.org/way/1166152637", "josm_url": "http://127.0.0.1:8111/load_object?new_layer=false&objects=w1166152637", "id_url": "https://www.openstreetmap.org/edit?editor=id&way=1166152637#map=20/45.4784525/9.1975145"}}, {"type": "Feature", "geometry": {"type": "Point", "coordinates": [9.1895365, 45.462714]}, "properties": {"id": 1179698482, "feat_type": "way", "quality_categories": "crossings_lacking_kerbs", "issue_ids": "[1]", "osm_url": "https://www.openstreetmap.org/way/1179698482", "josm_url": "http://127.0.0.1:8111/load_object?new_layer=false&objects=w1179698482", "id_url": "https://www.openstreetmap.org/edit?editor=id&way=1179698482#map=20/45.462714/9.1895365"}}, {"type": "Feature", "geometry": {"type": "Point", "coordinates": [9.1933085, 45.4610932]}, "properties": {"id": 1179756233, "feat_type": "way", "quality_categories": "crossings_lacking_kerbs", "issue_ids": "[1]", "osm_url": "https://www.openstreetmap.org/way/1179756233", "josm_url": "http://127.0.0.1:8111/load_object?new_layer=false&objects=w1179756233", "id_url": "https://www.openstreetmap.org/edit?editor=id&way=1179756233#map=20/45.4610932/9.1933085"}}, {"type": "Feature", "geometry": {"type": "Point", "coordinates": [9.2395669, 45.4696222]}, "properties": {"id": 1182024264, "feat_type": "way", "quality_categories": "crossings_lacking_kerbs", "issue_ids": "[1]", "osm_url": "https://www.openstreetmap.org/way/1182024264", "josm_url": "http://127.0.0.1:8111/load_object?new_layer=false&objects=w1182024264", "id_url": "https://www.openstreetmap.org/edit?editor=id&way=1182024264#map=20/45.4696222/9.2395669"}}, {"type": "Feature", "geometry": {"type": "Point", "coordinates": [9.1772583, 45.4267596]}, "properties": {"id": 1182367055, "feat_type": "way", "quality_categories": "crossings_lacking_kerbs", "issue_ids": "[1]", "osm_url": "https://www.openstreetmap.org/way/1182367055", "josm_url": "http://127.0.0.1:8111/load_object?new_layer=false&objects=w1182367055", "id_url": "https://www.openstreetmap.org/edit?editor=id&way=1182367055#map=20/45.4267596/9.1772583"}}, {"type": "Feature", "geometry": {"type": "Point", "coordinates": [9.1924129, 45.4589904]}, "properties": {"id": 1182484672, "feat_type": "way", "quality_categories": "crossings_lacking_kerbs", "issue_ids": "[1]", "osm_url": "https://www.openstreetmap.org/way/1182484672", "josm_url": "http://127.0.0.1:8111/load_object?new_layer=false&objects=w1182484672", "id_url": "https://www.openstreetmap.org/edit?editor=id&way=1182484672#map=20/45.4589904/9.1924129"}}, {"type": "Feature", "geometry": {"type": "Point", "coordinates": [9.2682426, 45.5055447]}, "properties": {"id": 1183426769, "feat_type": "way", "quality_categories": "crossings_lacking_kerbs", "issue_ids": "[1]", "osm_url": "https://www.openstreetmap.org/way/1183426769", "josm_url": "http://127.0.0.1:8111/load_object?new_layer=false&objects=w1183426769", "id_url": "https://www.openstreetmap.org/edit?editor=id&way=1183426769#map=20/45.5055447/9.2682426"}}, {"type": "Feature", "geometry": {"type": "Point", "coordinates": [9.1776393, 45.457706]}, "properties": {"id": 1183480018, "feat_type": "way", "quality_categories": "crossings_lacking_kerbs", "issue_ids": "[1]", "osm_url": "https://www.openstreetmap.org/way/1183480018", "josm_url": "http://127.0.0.1:8111/load_object?new_layer=false&objects=w1183480018", "id_url": "https://www.openstreetmap.org/edit?editor=id&way=1183480018#map=20/45.457706/9.1776393"}}, {"type": "Feature", "geometry": {"type": "Point", "coordinates": [9.1587736, 45.5274288]}, "properties": {"id": 1184409761, "feat_type": "way", "quality_categories": "crossings_lacking_kerbs", "issue_ids": "[1]", "osm_url": "https://www.openstreetmap.org/way/1184409761", "josm_url": "http://127.0.0.1:8111/load_object?new_layer=false&objects=w1184409761", "id_url": "https://www.openstreetmap.org/edit?editor=id&way=1184409761#map=20/45.5274288/9.1587736"}}, {"type": "Feature", "geometry": {"type": "Point", "coordinates": [9.1903727, 45.4850882]}, "properties": {"id": 1184947788, "feat_type": "way", "quality_categories": "crossings_lacking_kerbs", "issue_ids": "[1]", "osm_url": "https://www.openstreetmap.org/way/1184947788", "josm_url": "http://127.0.0.1:8111/load_object?new_layer=false&objects=w1184947788", "id_url": "https://www.openstreetmap.org/edit?editor=id&way=1184947788#map=20/45.4850882/9.1903727"}}, {"type": "Feature", "geometry": {"type": "Point", "coordinates": [9.1904618, 45.4843056]}, "properties": {"id": 1184947794, "feat_type": "way", "quality_categories": "crossings_lacking_kerbs", "issue_ids": "[1]", "osm_url": "https://www.openstreetmap.org/way/1184947794", "josm_url": "http://127.0.0.1:8111/load_object?new_layer=false&objects=w1184947794", "id_url": "https://www.openstreetmap.org/edit?editor=id&way=1184947794#map=20/45.4843056/9.1904618"}}, {"type": "Feature", "geometry": {"type": "Point", "coordinates": [9.2242239, 45.4971588]}, "properties": {"id": 1185355560, "feat_type": "way", "quality_categories": "crossings_lacking_kerbs", "issue_ids": "[1]", "osm_url": "https://www.openstreetmap.org/way/1185355560", "josm_url": "http://127.0.0.1:8111/load_object?new_layer=false&objects=w1185355560", "id_url": "https://www.openstreetmap.org/edit?editor=id&way=1185355560#map=20/45.4971588/9.2242239"}}, {"type": "Feature", "geometry": {"type": "Point", "coordinates": [9.1644545, 45.4984213]}, "properties": {"id": 1186882777, "feat_type": "way", "quality_categories": "crossings_lacking_kerbs", "issue_ids": "[1]", "osm_url": "https://www.openstreetmap.org/way/1186882777", "josm_url": "http://127.0.0.1:8111/load_object?new_layer=false&objects=w1186882777", "id_url": "https://www.openstreetmap.org/edit?editor=id&way=1186882777#map=20/45.4984213/9.1644545"}}, {"type": "Feature", "geometry": {"type": "Point", "coordinates": [9.1599969, 45.5128582]}, "properties": {"id": 1186882801, "feat_type": "way", "quality_categories": "crossings_lacking_kerbs", "issue_ids": "[1]", "osm_url": "https://www.openstreetmap.org/way/1186882801", "josm_url": "http://127.0.0.1:8111/load_object?new_layer=false&objects=w1186882801", "id_url": "https://www.openstreetmap.org/edit?editor=id&way=1186882801#map=20/45.5128582/9.1599969"}}, {"type": "Feature", "geometry": {"type": "Point", "coordinates": [9.1680245, 45.4419533]}, "properties": {"id": 1187420042, "feat_type": "way", "quality_categories": "crossings_lacking_kerbs", "issue_ids": "[1]", "osm_url": "https://www.openstreetmap.org/way/1187420042", "josm_url": "http://127.0.0.1:8111/load_object?new_layer=false&objects=w1187420042", "id_url": "https://www.openstreetmap.org/edit?editor=id&way=1187420042#map=20/45.4419533/9.1680245"}}, {"type": "Feature", "geometry": {"type": "Point", "coordinates": [9.1183473, 45.5190064]}, "properties": {"id": 1188610094, "feat_type": "way", "quality_categories": "crossings_lacking_kerbs", "issue_ids": "[1]", "osm_url": "https://www.openstreetmap.org/way/1188610094", "josm_url": "http://127.0.0.1:8111/load_object?new_layer=false&objects=w1188610094", "id_url": "https://www.openstreetmap.org/edit?editor=id&way=1188610094#map=20/45.5190064/9.1183473"}}, {"type": "Feature", "geometry": {"type": "Point", "coordinates": [9.1083405, 45.5095729]}, "properties": {"id": 1188611784, "feat_type": "way", "quality_categories": "crossings_lacking_kerbs", "issue_ids": "[1]", "osm_url": "https://www.openstreetmap.org/way/1188611784", "josm_url": "http://127.0.0.1:8111/load_object?new_layer=false&objects=w1188611784", "id_url": "https://www.openstreetmap.org/edit?editor=id&way=1188611784#map=20/45.5095729/9.1083405"}}, {"type": "Feature", "geometry": {"type": "Point", "coordinates": [9.114495, 45.445172]}, "properties": {"id": 1188916672, "feat_type": "way", "quality_categories": "crossings_lacking_kerbs", "issue_ids": "[1]", "osm_url": "https://www.openstreetmap.org/way/1188916672", "josm_url": "http://127.0.0.1:8111/load_object?new_layer=false&objects=w1188916672", "id_url": "https://www.openstreetmap.org/edit?editor=id&way=1188916672#map=20/45.445172/9.114495"}}, {"type": "Feature", "geometry": {"type": "Point", "coordinates": [9.1158619, 45.445832]}, "properties": {"id": 1188916673, "feat_type": "way", "quality_categories": "crossings_lacking_kerbs", "issue_ids": "[1]", "osm_url": "https://www.openstreetmap.org/way/1188916673", "josm_url": "http://127.0.0.1:8111/load_object?new_layer=false&objects=w1188916673", "id_url": "https://www.openstreetmap.org/edit?editor=id&way=1188916673#map=20/45.445832/9.1158619"}}, {"type": "Feature", "geometry": {"type": "Point", "coordinates": [9.1677543, 45.4604598]}, "properties": {"id": 1189333953, "feat_type": "way", "quality_categories": "crossings_lacking_kerbs", "issue_ids": "[1]", "osm_url": "https://www.openstreetmap.org/way/1189333953", "josm_url": "http://127.0.0.1:8111/load_object?new_layer=false&objects=w1189333953", "id_url": "https://www.openstreetmap.org/edit?editor=id&way=1189333953#map=20/45.4604598/9.1677543"}}, {"type": "Feature", "geometry": {"type": "Point", "coordinates": [9.2279936, 45.4816857]}, "properties": {"id": 1190129062, "feat_type": "way", "quality_categories": "crossings_lacking_kerbs", "issue_ids": "[1]", "osm_url": "https://www.openstreetmap.org/way/1190129062", "josm_url": "http://127.0.0.1:8111/load_object?new_layer=false&objects=w1190129062", "id_url": "https://www.openstreetmap.org/edit?editor=id&way=1190129062#map=20/45.4816857/9.2279936"}}, {"type": "Feature", "geometry": {"type": "Point", "coordinates": [9.2064086, 45.4824783]}, "properties": {"id": 1192096245, "feat_type": "way", "quality_categories": "crossings_lacking_kerbs", "issue_ids": "[1]", "osm_url": "https://www.openstreetmap.org/way/1192096245", "josm_url": "http://127.0.0.1:8111/load_object?new_layer=false&objects=w1192096245", "id_url": "https://www.openstreetmap.org/edit?editor=id&way=1192096245#map=20/45.4824783/9.2064086"}}, {"type": "Feature", "geometry": {"type": "Point", "coordinates": [9.2661133, 45.4369806]}, "properties": {"id": 1192332093, "feat_type": "way", "quality_categories": "crossings_lacking_kerbs", "issue_ids": "[1]", "osm_url": "https://www.openstreetmap.org/way/1192332093", "josm_url": "http://127.0.0.1:8111/load_object?new_layer=false&objects=w1192332093", "id_url": "https://www.openstreetmap.org/edit?editor=id&way=1192332093#map=20/45.4369806/9.2661133"}}, {"type": "Feature", "geometry": {"type": "Point", "coordinates": [9.2605272, 45.4441734]}, "properties": {"id": 1192386879, "feat_type": "way", "quality_categories": "crossings_lacking_kerbs", "issue_ids": "[1]", "osm_url": "https://www.openstreetmap.org/way/1192386879", "josm_url": "http://127.0.0.1:8111/load_object?new_layer=false&objects=w1192386879", "id_url": "https://www.openstreetmap.org/edit?editor=id&way=1192386879#map=20/45.4441734/9.2605272"}}, {"type": "Feature", "geometry": {"type": "Point", "coordinates": [9.238632, 45.5117132]}, "properties": {"id": 1192658770, "feat_type": "way", "quality_categories": "crossings_lacking_kerbs", "issue_ids": "[1]", "osm_url": "https://www.openstreetmap.org/way/1192658770", "josm_url": "http://127.0.0.1:8111/load_object?new_layer=false&objects=w1192658770", "id_url": "https://www.openstreetmap.org/edit?editor=id&way=1192658770#map=20/45.5117132/9.238632"}}, {"type": "Feature", "geometry": {"type": "Point", "coordinates": [9.1768716, 45.4838889]}, "properties": {"id": 1192857134, "feat_type": "way", "quality_categories": "crossings_lacking_kerbs", "issue_ids": "[1]", "osm_url": "https://www.openstreetmap.org/way/1192857134", "josm_url": "http://127.0.0.1:8111/load_object?new_layer=false&objects=w1192857134", "id_url": "https://www.openstreetmap.org/edit?editor=id&way=1192857134#map=20/45.4838889/9.1768716"}}, {"type": "Feature", "geometry": {"type": "Point", "coordinates": [9.2678359, 45.5068831]}, "properties": {"id": 1193816599, "feat_type": "way", "quality_categories": "crossings_lacking_kerbs", "issue_ids": "[1]", "osm_url": "https://www.openstreetmap.org/way/1193816599", "josm_url": "http://127.0.0.1:8111/load_object?new_layer=false&objects=w1193816599", "id_url": "https://www.openstreetmap.org/edit?editor=id&way=1193816599#map=20/45.5068831/9.2678359"}}, {"type": "Feature", "geometry": {"type": "Point", "coordinates": [9.1812879, 45.4668166]}, "properties": {"id": 1194823198, "feat_type": "way", "quality_categories": "crossings_lacking_kerbs", "issue_ids": "[1]", "osm_url": "https://www.openstreetmap.org/way/1194823198", "josm_url": "http://127.0.0.1:8111/load_object?new_layer=false&objects=w1194823198", "id_url": "https://www.openstreetmap.org/edit?editor=id&way=1194823198#map=20/45.4668166/9.1812879"}}, {"type": "Feature", "geometry": {"type": "Point", "coordinates": [9.2138409, 45.5093705]}, "properties": {"id": 1204917106, "feat_type": "way", "quality_categories": "crossings_lacking_kerbs", "issue_ids": "[1]", "osm_url": "https://www.openstreetmap.org/way/1204917106", "josm_url": "http://127.0.0.1:8111/load_object?new_layer=false&objects=w1204917106", "id_url": "https://www.openstreetmap.org/edit?editor=id&way=1204917106#map=20/45.5093705/9.2138409"}}, {"type": "Feature", "geometry": {"type": "Point", "coordinates": [9.2551851, 45.5111098]}, "properties": {"id": 1205733073, "feat_type": "way", "quality_categories": "crossings_lacking_kerbs", "issue_ids": "[1]", "osm_url": "https://www.openstreetmap.org/way/1205733073", "josm_url": "http://127.0.0.1:8111/load_object?new_layer=false&objects=w1205733073", "id_url": "https://www.openstreetmap.org/edit?editor=id&way=1205733073#map=20/45.5111098/9.2551851"}}, {"type": "Feature", "geometry": {"type": "Point", "coordinates": [9.2549954, 45.5113675]}, "properties": {"id": 1205733074, "feat_type": "way", "quality_categories": "crossings_lacking_kerbs", "issue_ids": "[1]", "osm_url": "https://www.openstreetmap.org/way/1205733074", "josm_url": "http://127.0.0.1:8111/load_object?new_layer=false&objects=w1205733074", "id_url": "https://www.openstreetmap.org/edit?editor=id&way=1205733074#map=20/45.5113675/9.2549954"}}, {"type": "Feature", "geometry": {"type": "Point", "coordinates": [9.253563, 45.5072332]}, "properties": {"id": 1206901186, "feat_type": "way", "quality_categories": "crossings_lacking_kerbs", "issue_ids": "[1]", "osm_url": "https://www.openstreetmap.org/way/1206901186", "josm_url": "http://127.0.0.1:8111/load_object?new_layer=false&objects=w1206901186", "id_url": "https://www.openstreetmap.org/edit?editor=id&way=1206901186#map=20/45.5072332/9.253563"}}, {"type": "Feature", "geometry": {"type": "Point", "coordinates": [9.2358403, 45.5156312]}, "properties": {"id": 1207561450, "feat_type": "way", "quality_categories": "crossings_lacking_kerbs", "issue_ids": "[1]", "osm_url": "https://www.openstreetmap.org/way/1207561450", "josm_url": "http://127.0.0.1:8111/load_object?new_layer=false&objects=w1207561450", "id_url": "https://www.openstreetmap.org/edit?editor=id&way=1207561450#map=20/45.5156312/9.2358403"}}, {"type": "Feature", "geometry": {"type": "Point", "coordinates": [9.2028275, 45.5097581]}, "properties": {"id": 1208088603, "feat_type": "way", "quality_categories": "crossings_lacking_kerbs", "issue_ids": "[1]", "osm_url": "https://www.openstreetmap.org/way/1208088603", "josm_url": "http://127.0.0.1:8111/load_object?new_layer=false&objects=w1208088603", "id_url": "https://www.openstreetmap.org/edit?editor=id&way=1208088603#map=20/45.5097581/9.2028275"}}, {"type": "Feature", "geometry": {"type": "Point", "coordinates": [9.2028631, 45.5097478]}, "properties": {"id": 1208088604, "feat_type": "way", "quality_categories": "crossings_lacking_kerbs", "issue_ids": "[1]", "osm_url": "https://www.openstreetmap.org/way/1208088604", "josm_url": "http://127.0.0.1:8111/load_object?new_layer=false&objects=w1208088604", "id_url": "https://www.openstreetmap.org/edit?editor=id&way=1208088604#map=20/45.5097478/9.2028631"}}, {"type": "Feature", "geometry": {"type": "Point", "coordinates": [9.1734131, 45.433507]}, "properties": {"id": 1209005948, "feat_type": "way", "quality_categories": "crossings_lacking_kerbs", "issue_ids": "[1]", "osm_url": "https://www.openstreetmap.org/way/1209005948", "josm_url": "http://127.0.0.1:8111/load_object?new_layer=false&objects=w1209005948", "id_url": "https://www.openstreetmap.org/edit?editor=id&way=1209005948#map=20/45.433507/9.1734131"}}, {"type": "Feature", "geometry": {"type": "Point", "coordinates": [9.2543675, 45.4910967]}, "properties": {"id": 1209782734, "feat_type": "way", "quality_categories": "crossings_lacking_kerbs", "issue_ids": "[1]", "osm_url": "https://www.openstreetmap.org/way/1209782734", "josm_url": "http://127.0.0.1:8111/load_object?new_layer=false&objects=w1209782734", "id_url": "https://www.openstreetmap.org/edit?editor=id&way=1209782734#map=20/45.4910967/9.2543675"}}, {"type": "Feature", "geometry": {"type": "Point", "coordinates": [9.2523061, 45.4919077]}, "properties": {"id": 1210118146, "feat_type": "way", "quality_categories": "crossings_lacking_kerbs", "issue_ids": "[1]", "osm_url": "https://www.openstreetmap.org/way/1210118146", "josm_url": "http://127.0.0.1:8111/load_object?new_layer=false&objects=w1210118146", "id_url": "https://www.openstreetmap.org/edit?editor=id&way=1210118146#map=20/45.4919077/9.2523061"}}, {"type": "Feature", "geometry": {"type": "Point", "coordinates": [9.2309184, 45.4924134]}, "properties": {"id": 1211069135, "feat_type": "way", "quality_categories": "crossings_lacking_kerbs", "issue_ids": "[1]", "osm_url": "https://www.openstreetmap.org/way/1211069135", "josm_url": "http://127.0.0.1:8111/load_object?new_layer=false&objects=w1211069135", "id_url": "https://www.openstreetmap.org/edit?editor=id&way=1211069135#map=20/45.4924134/9.2309184"}}, {"type": "Feature", "geometry": {"type": "Point", "coordinates": [9.254446, 45.4467243]}, "properties": {"id": 1211268181, "feat_type": "way", "quality_categories": "crossings_lacking_kerbs", "issue_ids": "[1]", "osm_url": "https://www.openstreetmap.org/way/1211268181", "josm_url": "http://127.0.0.1:8111/load_object?new_layer=false&objects=w1211268181", "id_url": "https://www.openstreetmap.org/edit?editor=id&way=1211268181#map=20/45.4467243/9.254446"}}, {"type": "Feature", "geometry": {"type": "Point", "coordinates": [9.2663119, 45.4353095]}, "properties": {"id": 1211542996, "feat_type": "way", "quality_categories": "crossings_lacking_kerbs", "issue_ids": "[1]", "osm_url": "https://www.openstreetmap.org/way/1211542996", "josm_url": "http://127.0.0.1:8111/load_object?new_layer=false&objects=w1211542996", "id_url": "https://www.openstreetmap.org/edit?editor=id&way=1211542996#map=20/45.4353095/9.2663119"}}, {"type": "Feature", "geometry": {"type": "Point", "coordinates": [9.1288624, 45.5026519]}, "properties": {"id": 1215078552, "feat_type": "way", "quality_categories": "crossings_lacking_kerbs", "issue_ids": "[1]", "osm_url": "https://www.openstreetmap.org/way/1215078552", "josm_url": "http://127.0.0.1:8111/load_object?new_layer=false&objects=w1215078552", "id_url": "https://www.openstreetmap.org/edit?editor=id&way=1215078552#map=20/45.5026519/9.1288624"}}, {"type": "Feature", "geometry": {"type": "Point", "coordinates": [9.1287941, 45.5022249]}, "properties": {"id": 1215078554, "feat_type": "way", "quality_categories": "crossings_lacking_kerbs", "issue_ids": "[1]", "osm_url": "https://www.openstreetmap.org/way/1215078554", "josm_url": "http://127.0.0.1:8111/load_object?new_layer=false&objects=w1215078554", "id_url": "https://www.openstreetmap.org/edit?editor=id&way=1215078554#map=20/45.5022249/9.1287941"}}, {"type": "Feature", "geometry": {"type": "Point", "coordinates": [9.1929849, 45.466508]}, "properties": {"id": 1215122138, "feat_type": "way", "quality_categories": "crossings_lacking_kerbs", "issue_ids": "[1]", "osm_url": "https://www.openstreetmap.org/way/1215122138", "josm_url": "http://127.0.0.1:8111/load_object?new_layer=false&objects=w1215122138", "id_url": "https://www.openstreetmap.org/edit?editor=id&way=1215122138#map=20/45.466508/9.1929849"}}, {"type": "Feature", "geometry": {"type": "Point", "coordinates": [9.2198764, 45.4679331]}, "properties": {"id": 1215792868, "feat_type": "way", "quality_categories": "crossings_lacking_kerbs", "issue_ids": "[1]", "osm_url": "https://www.openstreetmap.org/way/1215792868", "josm_url": "http://127.0.0.1:8111/load_object?new_layer=false&objects=w1215792868", "id_url": "https://www.openstreetmap.org/edit?editor=id&way=1215792868#map=20/45.4679331/9.2198764"}}, {"type": "Feature", "geometry": {"type": "Point", "coordinates": [9.2235672, 45.4656358]}, "properties": {"id": 1215796974, "feat_type": "way", "quality_categories": "crossings_lacking_kerbs", "issue_ids": "[1]", "osm_url": "https://www.openstreetmap.org/way/1215796974", "josm_url": "http://127.0.0.1:8111/load_object?new_layer=false&objects=w1215796974", "id_url": "https://www.openstreetmap.org/edit?editor=id&way=1215796974#map=20/45.4656358/9.2235672"}}, {"type": "Feature", "geometry": {"type": "Point", "coordinates": [9.1187502, 45.5080868]}, "properties": {"id": 1217498969, "feat_type": "way", "quality_categories": "crossings_lacking_kerbs", "issue_ids": "[1]", "osm_url": "https://www.openstreetmap.org/way/1217498969", "josm_url": "http://127.0.0.1:8111/load_object?new_layer=false&objects=w1217498969", "id_url": "https://www.openstreetmap.org/edit?editor=id&way=1217498969#map=20/45.5080868/9.1187502"}}, {"type": "Feature", "geometry": {"type": "Point", "coordinates": [9.1497414, 45.4892022]}, "properties": {"id": 1218308972, "feat_type": "way", "quality_categories": "crossings_lacking_kerbs", "issue_ids": "[1]", "osm_url": "https://www.openstreetmap.org/way/1218308972", "josm_url": "http://127.0.0.1:8111/load_object?new_layer=false&objects=w1218308972", "id_url": "https://www.openstreetmap.org/edit?editor=id&way=1218308972#map=20/45.4892022/9.1497414"}}, {"type": "Feature", "geometry": {"type": "Point", "coordinates": [9.1629898, 45.4596365]}, "properties": {"id": 1219278123, "feat_type": "way", "quality_categories": "crossings_lacking_kerbs", "issue_ids": "[1]", "osm_url": "https://www.openstreetmap.org/way/1219278123", "josm_url": "http://127.0.0.1:8111/load_object?new_layer=false&objects=w1219278123", "id_url": "https://www.openstreetmap.org/edit?editor=id&way=1219278123#map=20/45.4596365/9.1629898"}}, {"type": "Feature", "geometry": {"type": "Point", "coordinates": [9.1348532, 45.4581438]}, "properties": {"id": 1219322049, "feat_type": "way", "quality_categories": "crossings_lacking_kerbs", "issue_ids": "[1]", "osm_url": "https://www.openstreetmap.org/way/1219322049", "josm_url": "http://127.0.0.1:8111/load_object?new_layer=false&objects=w1219322049", "id_url": "https://www.openstreetmap.org/edit?editor=id&way=1219322049#map=20/45.4581438/9.1348532"}}, {"type": "Feature", "geometry": {"type": "Point", "coordinates": [9.1699001, 45.4537826]}, "properties": {"id": 1219331931, "feat_type": "way", "quality_categories": "crossings_lacking_kerbs", "issue_ids": "[1]", "osm_url": "https://www.openstreetmap.org/way/1219331931", "josm_url": "http://127.0.0.1:8111/load_object?new_layer=false&objects=w1219331931", "id_url": "https://www.openstreetmap.org/edit?editor=id&way=1219331931#map=20/45.4537826/9.1699001"}}, {"type": "Feature", "geometry": {"type": "Point", "coordinates": [9.1753877, 45.5161855]}, "properties": {"id": 1219584847, "feat_type": "way", "quality_categories": "crossings_lacking_kerbs", "issue_ids": "[1]", "osm_url": "https://www.openstreetmap.org/way/1219584847", "josm_url": "http://127.0.0.1:8111/load_object?new_layer=false&objects=w1219584847", "id_url": "https://www.openstreetmap.org/edit?editor=id&way=1219584847#map=20/45.5161855/9.1753877"}}, {"type": "Feature", "geometry": {"type": "Point", "coordinates": [9.1563631, 45.460464]}, "properties": {"id": 1220341337, "feat_type": "way", "quality_categories": "crossings_lacking_kerbs", "issue_ids": "[1]", "osm_url": "https://www.openstreetmap.org/way/1220341337", "josm_url": "http://127.0.0.1:8111/load_object?new_layer=false&objects=w1220341337", "id_url": "https://www.openstreetmap.org/edit?editor=id&way=1220341337#map=20/45.460464/9.1563631"}}, {"type": "Feature", "geometry": {"type": "Point", "coordinates": [9.1416414, 45.4730686]}, "properties": {"id": 1220549302, "feat_type": "way", "quality_categories": "crossings_lacking_kerbs", "issue_ids": "[1]", "osm_url": "https://www.openstreetmap.org/way/1220549302", "josm_url": "http://127.0.0.1:8111/load_object?new_layer=false&objects=w1220549302", "id_url": "https://www.openstreetmap.org/edit?editor=id&way=1220549302#map=20/45.4730686/9.1416414"}}, {"type": "Feature", "geometry": {"type": "Point", "coordinates": [9.1303323, 45.467369]}, "properties": {"id": 1220552054, "feat_type": "way", "quality_categories": "crossings_lacking_kerbs", "issue_ids": "[1]", "osm_url": "https://www.openstreetmap.org/way/1220552054", "josm_url": "http://127.0.0.1:8111/load_object?new_layer=false&objects=w1220552054", "id_url": "https://www.openstreetmap.org/edit?editor=id&way=1220552054#map=20/45.467369/9.1303323"}}, {"type": "Feature", "geometry": {"type": "Point", "coordinates": [9.2136856, 45.5088776]}, "properties": {"id": 1220560193, "feat_type": "way", "quality_categories": "crossings_lacking_kerbs", "issue_ids": "[1]", "osm_url": "https://www.openstreetmap.org/way/1220560193", "josm_url": "http://127.0.0.1:8111/load_object?new_layer=false&objects=w1220560193", "id_url": "https://www.openstreetmap.org/edit?editor=id&way=1220560193#map=20/45.5088776/9.2136856"}}, {"type": "Feature", "geometry": {"type": "Point", "coordinates": [9.2012756, 45.4781465]}, "properties": {"id": 1220635750, "feat_type": "way", "quality_categories": "crossings_lacking_kerbs", "issue_ids": "[1]", "osm_url": "https://www.openstreetmap.org/way/1220635750", "josm_url": "http://127.0.0.1:8111/load_object?new_layer=false&objects=w1220635750", "id_url": "https://www.openstreetmap.org/edit?editor=id&way=1220635750#map=20/45.4781465/9.2012756"}}, {"type": "Feature", "geometry": {"type": "Point", "coordinates": [9.1384907, 45.5078996]}, "properties": {"id": 1221007941, "feat_type": "way", "quality_categories": "crossings_lacking_kerbs", "issue_ids": "[1]", "osm_url": "https://www.openstreetmap.org/way/1221007941", "josm_url": "http://127.0.0.1:8111/load_object?new_layer=false&objects=w1221007941", "id_url": "https://www.openstreetmap.org/edit?editor=id&way=1221007941#map=20/45.5078996/9.1384907"}}, {"type": "Feature", "geometry": {"type": "Point", "coordinates": [9.1591668, 45.461906]}, "properties": {"id": 1221011409, "feat_type": "way", "quality_categories": "crossings_lacking_kerbs", "issue_ids": "[1]", "osm_url": "https://www.openstreetmap.org/way/1221011409", "josm_url": "http://127.0.0.1:8111/load_object?new_layer=false&objects=w1221011409", "id_url": "https://www.openstreetmap.org/edit?editor=id&way=1221011409#map=20/45.461906/9.1591668"}}, {"type": "Feature", "geometry": {"type": "Point", "coordinates": [9.1344344, 45.4938189]}, "properties": {"id": 1221253628, "feat_type": "way", "quality_categories": "crossings_lacking_kerbs", "issue_ids": "[1]", "osm_url": "https://www.openstreetmap.org/way/1221253628", "josm_url": "http://127.0.0.1:8111/load_object?new_layer=false&objects=w1221253628", "id_url": "https://www.openstreetmap.org/edit?editor=id&way=1221253628#map=20/45.4938189/9.1344344"}}, {"type": "Feature", "geometry": {"type": "Point", "coordinates": [9.1374554, 45.458639]}, "properties": {"id": 1221330578, "feat_type": "way", "quality_categories": "crossings_lacking_kerbs", "issue_ids": "[1]", "osm_url": "https://www.openstreetmap.org/way/1221330578", "josm_url": "http://127.0.0.1:8111/load_object?new_layer=false&objects=w1221330578", "id_url": "https://www.openstreetmap.org/edit?editor=id&way=1221330578#map=20/45.458639/9.1374554"}}, {"type": "Feature", "geometry": {"type": "Point", "coordinates": [9.1746865, 45.4229168]}, "properties": {"id": 1221352061, "feat_type": "way", "quality_categories": "crossings_lacking_kerbs", "issue_ids": "[1]", "osm_url": "https://www.openstreetmap.org/way/1221352061", "josm_url": "http://127.0.0.1:8111/load_object?new_layer=false&objects=w1221352061", "id_url": "https://www.openstreetmap.org/edit?editor=id&way=1221352061#map=20/45.4229168/9.1746865"}}, {"type": "Feature", "geometry": {"type": "Point", "coordinates": [9.1734668, 45.4229474]}, "properties": {"id": 1221352062, "feat_type": "way", "quality_categories": "crossings_lacking_kerbs", "issue_ids": "[1]", "osm_url": "https://www.openstreetmap.org/way/1221352062", "josm_url": "http://127.0.0.1:8111/load_object?new_layer=false&objects=w1221352062", "id_url": "https://www.openstreetmap.org/edit?editor=id&way=1221352062#map=20/45.4229474/9.1734668"}}, {"type": "Feature", "geometry": {"type": "Point", "coordinates": [9.1858315, 45.4863703]}, "properties": {"id": 1221492083, "feat_type": "way", "quality_categories": "crossings_lacking_kerbs", "issue_ids": "[1]", "osm_url": "https://www.openstreetmap.org/way/1221492083", "josm_url": "http://127.0.0.1:8111/load_object?new_layer=false&objects=w1221492083", "id_url": "https://www.openstreetmap.org/edit?editor=id&way=1221492083#map=20/45.4863703/9.1858315"}}, {"type": "Feature", "geometry": {"type": "Point", "coordinates": [9.1597082, 45.4675548]}, "properties": {"id": 1222036144, "feat_type": "way", "quality_categories": "crossings_lacking_kerbs", "issue_ids": "[1]", "osm_url": "https://www.openstreetmap.org/way/1222036144", "josm_url": "http://127.0.0.1:8111/load_object?new_layer=false&objects=w1222036144", "id_url": "https://www.openstreetmap.org/edit?editor=id&way=1222036144#map=20/45.4675548/9.1597082"}}, {"type": "Feature", "geometry": {"type": "Point", "coordinates": [9.1600767, 45.467797]}, "properties": {"id": 1222036145, "feat_type": "way", "quality_categories": "crossings_lacking_kerbs", "issue_ids": "[1]", "osm_url": "https://www.openstreetmap.org/way/1222036145", "josm_url": "http://127.0.0.1:8111/load_object?new_layer=false&objects=w1222036145", "id_url": "https://www.openstreetmap.org/edit?editor=id&way=1222036145#map=20/45.467797/9.1600767"}}, {"type": "Feature", "geometry": {"type": "Point", "coordinates": [9.1367184, 45.4586269]}, "properties": {"id": 1222056665, "feat_type": "way", "quality_categories": "crossings_lacking_kerbs", "issue_ids": "[1]", "osm_url": "https://www.openstreetmap.org/way/1222056665", "josm_url": "http://127.0.0.1:8111/load_object?new_layer=false&objects=w1222056665", "id_url": "https://www.openstreetmap.org/edit?editor=id&way=1222056665#map=20/45.4586269/9.1367184"}}, {"type": "Feature", "geometry": {"type": "Point", "coordinates": [9.1362599, 45.4586524]}, "properties": {"id": 1222056667, "feat_type": "way", "quality_categories": "crossings_lacking_kerbs", "issue_ids": "[1]", "osm_url": "https://www.openstreetmap.org/way/1222056667", "josm_url": "http://127.0.0.1:8111/load_object?new_layer=false&objects=w1222056667", "id_url": "https://www.openstreetmap.org/edit?editor=id&way=1222056667#map=20/45.4586524/9.1362599"}}, {"type": "Feature", "geometry": {"type": "Point", "coordinates": [9.1366218, 45.4585271]}, "properties": {"id": 1222056669, "feat_type": "way", "quality_categories": "crossings_lacking_kerbs", "issue_ids": "[1]", "osm_url": "https://www.openstreetmap.org/way/1222056669", "josm_url": "http://127.0.0.1:8111/load_object?new_layer=false&objects=w1222056669", "id_url": "https://www.openstreetmap.org/edit?editor=id&way=1222056669#map=20/45.4585271/9.1366218"}}, {"type": "Feature", "geometry": {"type": "Point", "coordinates": [9.1366296, 45.4586891]}, "properties": {"id": 1222056670, "feat_type": "way", "quality_categories": "crossings_lacking_kerbs", "issue_ids": "[1]", "osm_url": "https://www.openstreetmap.org/way/1222056670", "josm_url": "http://127.0.0.1:8111/load_object?new_layer=false&objects=w1222056670", "id_url": "https://www.openstreetmap.org/edit?editor=id&way=1222056670#map=20/45.4586891/9.1366296"}}, {"type": "Feature", "geometry": {"type": "Point", "coordinates": [9.1367184, 45.4587665]}, "properties": {"id": 1222056671, "feat_type": "way", "quality_categories": "crossings_lacking_kerbs", "issue_ids": "[1]", "osm_url": "https://www.openstreetmap.org/way/1222056671", "josm_url": "http://127.0.0.1:8111/load_object?new_layer=false&objects=w1222056671", "id_url": "https://www.openstreetmap.org/edit?editor=id&way=1222056671#map=20/45.4587665/9.1367184"}}, {"type": "Feature", "geometry": {"type": "Point", "coordinates": [9.1362537, 45.4584638]}, "properties": {"id": 1222056672, "feat_type": "way", "quality_categories": "crossings_lacking_kerbs", "issue_ids": "[1]", "osm_url": "https://www.openstreetmap.org/way/1222056672", "josm_url": "http://127.0.0.1:8111/load_object?new_layer=false&objects=w1222056672", "id_url": "https://www.openstreetmap.org/edit?editor=id&way=1222056672#map=20/45.4584638/9.1362537"}}, {"type": "Feature", "geometry": {"type": "Point", "coordinates": [9.136097, 45.4585474]}, "properties": {"id": 1222056673, "feat_type": "way", "quality_categories": "crossings_lacking_kerbs", "issue_ids": "[1]", "osm_url": "https://www.openstreetmap.org/way/1222056673", "josm_url": "http://127.0.0.1:8111/load_object?new_layer=false&objects=w1222056673", "id_url": "https://www.openstreetmap.org/edit?editor=id&way=1222056673#map=20/45.4585474/9.136097"}}, {"type": "Feature", "geometry": {"type": "Point", "coordinates": [9.1774296, 45.4801679]}, "properties": {"id": 1222057975, "feat_type": "way", "quality_categories": "crossings_lacking_kerbs", "issue_ids": "[1]", "osm_url": "https://www.openstreetmap.org/way/1222057975", "josm_url": "http://127.0.0.1:8111/load_object?new_layer=false&objects=w1222057975", "id_url": "https://www.openstreetmap.org/edit?editor=id&way=1222057975#map=20/45.4801679/9.1774296"}}, {"type": "Feature", "geometry": {"type": "Point", "coordinates": [9.179047, 45.5002058]}, "properties": {"id": 1222058157, "feat_type": "way", "quality_categories": "crossings_lacking_kerbs", "issue_ids": "[1]", "osm_url": "https://www.openstreetmap.org/way/1222058157", "josm_url": "http://127.0.0.1:8111/load_object?new_layer=false&objects=w1222058157", "id_url": "https://www.openstreetmap.org/edit?editor=id&way=1222058157#map=20/45.5002058/9.179047"}}, {"type": "Feature", "geometry": {"type": "Point", "coordinates": [9.1769667, 45.4828185]}, "properties": {"id": 1222212295, "feat_type": "way", "quality_categories": "crossings_lacking_kerbs", "issue_ids": "[1]", "osm_url": "https://www.openstreetmap.org/way/1222212295", "josm_url": "http://127.0.0.1:8111/load_object?new_layer=false&objects=w1222212295", "id_url": "https://www.openstreetmap.org/edit?editor=id&way=1222212295#map=20/45.4828185/9.1769667"}}, {"type": "Feature", "geometry": {"type": "Point", "coordinates": [9.2002104, 45.4802459]}, "properties": {"id": 1222217399, "feat_type": "way", "quality_categories": "crossings_lacking_kerbs", "issue_ids": "[1]", "osm_url": "https://www.openstreetmap.org/way/1222217399", "josm_url": "http://127.0.0.1:8111/load_object?new_layer=false&objects=w1222217399", "id_url": "https://www.openstreetmap.org/edit?editor=id&way=1222217399#map=20/45.4802459/9.2002104"}}, {"type": "Feature", "geometry": {"type": "Point", "coordinates": [9.2003242, 45.4802548]}, "properties": {"id": 1222217400, "feat_type": "way", "quality_categories": "crossings_lacking_kerbs", "issue_ids": "[1]", "osm_url": "https://www.openstreetmap.org/way/1222217400", "josm_url": "http://127.0.0.1:8111/load_object?new_layer=false&objects=w1222217400", "id_url": "https://www.openstreetmap.org/edit?editor=id&way=1222217400#map=20/45.4802548/9.2003242"}}, {"type": "Feature", "geometry": {"type": "Point", "coordinates": [9.2208703, 45.4536694]}, "properties": {"id": 1222289592, "feat_type": "way", "quality_categories": "crossings_lacking_kerbs", "issue_ids": "[1]", "osm_url": "https://www.openstreetmap.org/way/1222289592", "josm_url": "http://127.0.0.1:8111/load_object?new_layer=false&objects=w1222289592", "id_url": "https://www.openstreetmap.org/edit?editor=id&way=1222289592#map=20/45.4536694/9.2208703"}}, {"type": "Feature", "geometry": {"type": "Point", "coordinates": [9.2209159, 45.4536701]}, "properties": {"id": 1222289593, "feat_type": "way", "quality_categories": "crossings_lacking_kerbs", "issue_ids": "[1]", "osm_url": "https://www.openstreetmap.org/way/1222289593", "josm_url": "http://127.0.0.1:8111/load_object?new_layer=false&objects=w1222289593", "id_url": "https://www.openstreetmap.org/edit?editor=id&way=1222289593#map=20/45.4536701/9.2209159"}}, {"type": "Feature", "geometry": {"type": "Point", "coordinates": [9.1362063, 45.4598623]}, "properties": {"id": 1222289761, "feat_type": "way", "quality_categories": "crossings_lacking_kerbs", "issue_ids": "[1]", "osm_url": "https://www.openstreetmap.org/way/1222289761", "josm_url": "http://127.0.0.1:8111/load_object?new_layer=false&objects=w1222289761", "id_url": "https://www.openstreetmap.org/edit?editor=id&way=1222289761#map=20/45.4598623/9.1362063"}}, {"type": "Feature", "geometry": {"type": "Point", "coordinates": [9.1796386, 45.4524359]}, "properties": {"id": 1222571156, "feat_type": "way", "quality_categories": "crossings_lacking_kerbs", "issue_ids": "[1]", "osm_url": "https://www.openstreetmap.org/way/1222571156", "josm_url": "http://127.0.0.1:8111/load_object?new_layer=false&objects=w1222571156", "id_url": "https://www.openstreetmap.org/edit?editor=id&way=1222571156#map=20/45.4524359/9.1796386"}}, {"type": "Feature", "geometry": {"type": "Point", "coordinates": [9.1950796, 45.4621788]}, "properties": {"id": 1222755569, "feat_type": "way", "quality_categories": "crossings_lacking_kerbs", "issue_ids": "[1]", "osm_url": "https://www.openstreetmap.org/way/1222755569", "josm_url": "http://127.0.0.1:8111/load_object?new_layer=false&objects=w1222755569", "id_url": "https://www.openstreetmap.org/edit?editor=id&way=1222755569#map=20/45.4621788/9.1950796"}}, {"type": "Feature", "geometry": {"type": "Point", "coordinates": [9.1517998, 45.4591138]}, "properties": {"id": 1222772686, "feat_type": "way", "quality_categories": "crossings_lacking_kerbs", "issue_ids": "[1]", "osm_url": "https://www.openstreetmap.org/way/1222772686", "josm_url": "http://127.0.0.1:8111/load_object?new_layer=false&objects=w1222772686", "id_url": "https://www.openstreetmap.org/edit?editor=id&way=1222772686#map=20/45.4591138/9.1517998"}}, {"type": "Feature", "geometry": {"type": "Point", "coordinates": [9.1639035, 45.4635727]}, "properties": {"id": 1222777175, "feat_type": "way", "quality_categories": "crossings_lacking_kerbs", "issue_ids": "[1]", "osm_url": "https://www.openstreetmap.org/way/1222777175", "josm_url": "http://127.0.0.1:8111/load_object?new_layer=false&objects=w1222777175", "id_url": "https://www.openstreetmap.org/edit?editor=id&way=1222777175#map=20/45.4635727/9.1639035"}}, {"type": "Feature", "geometry": {"type": "Point", "coordinates": [9.1270496, 45.4574767]}, "properties": {"id": 1222777763, "feat_type": "way", "quality_categories": "crossings_lacking_kerbs", "issue_ids": "[1]", "osm_url": "https://www.openstreetmap.org/way/1222777763", "josm_url": "http://127.0.0.1:8111/load_object?new_layer=false&objects=w1222777763", "id_url": "https://www.openstreetmap.org/edit?editor=id&way=1222777763#map=20/45.4574767/9.1270496"}}, {"type": "Feature", "geometry": {"type": "Point", "coordinates": [9.1269985, 45.4573855]}, "properties": {"id": 1222777764, "feat_type": "way", "quality_categories": "crossings_lacking_kerbs", "issue_ids": "[1]", "osm_url": "https://www.openstreetmap.org/way/1222777764", "josm_url": "http://127.0.0.1:8111/load_object?new_layer=false&objects=w1222777764", "id_url": "https://www.openstreetmap.org/edit?editor=id&way=1222777764#map=20/45.4573855/9.1269985"}}, {"type": "Feature", "geometry": {"type": "Point", "coordinates": [9.2036189, 45.5068022]}, "properties": {"id": 1222787713, "feat_type": "way", "quality_categories": "crossings_lacking_kerbs", "issue_ids": "[1]", "osm_url": "https://www.openstreetmap.org/way/1222787713", "josm_url": "http://127.0.0.1:8111/load_object?new_layer=false&objects=w1222787713", "id_url": "https://www.openstreetmap.org/edit?editor=id&way=1222787713#map=20/45.5068022/9.2036189"}}, {"type": "Feature", "geometry": {"type": "Point", "coordinates": [9.2098206, 45.5279856]}, "properties": {"id": 1222789319, "feat_type": "way", "quality_categories": "crossings_lacking_kerbs", "issue_ids": "[1]", "osm_url": "https://www.openstreetmap.org/way/1222789319", "josm_url": "http://127.0.0.1:8111/load_object?new_layer=false&objects=w1222789319", "id_url": "https://www.openstreetmap.org/edit?editor=id&way=1222789319#map=20/45.5279856/9.2098206"}}, {"type": "Feature", "geometry": {"type": "Point", "coordinates": [9.1295466, 45.4641005]}, "properties": {"id": 1222937885, "feat_type": "way", "quality_categories": "crossings_lacking_kerbs", "issue_ids": "[1]", "osm_url": "https://www.openstreetmap.org/way/1222937885", "josm_url": "http://127.0.0.1:8111/load_object?new_layer=false&objects=w1222937885", "id_url": "https://www.openstreetmap.org/edit?editor=id&way=1222937885#map=20/45.4641005/9.1295466"}}, {"type": "Feature", "geometry": {"type": "Point", "coordinates": [9.190611, 45.4441923]}, "properties": {"id": 1222941262, "feat_type": "way", "quality_categories": "crossings_lacking_kerbs", "issue_ids": "[1]", "osm_url": "https://www.openstreetmap.org/way/1222941262", "josm_url": "http://127.0.0.1:8111/load_object?new_layer=false&objects=w1222941262", "id_url": "https://www.openstreetmap.org/edit?editor=id&way=1222941262#map=20/45.4441923/9.190611"}}, {"type": "Feature", "geometry": {"type": "Point", "coordinates": [9.1018719, 45.4780473]}, "properties": {"id": 1222957188, "feat_type": "way", "quality_categories": "crossings_lacking_kerbs", "issue_ids": "[1]", "osm_url": "https://www.openstreetmap.org/way/1222957188", "josm_url": "http://127.0.0.1:8111/load_object?new_layer=false&objects=w1222957188", "id_url": "https://www.openstreetmap.org/edit?editor=id&way=1222957188#map=20/45.4780473/9.1018719"}}, {"type": "Feature", "geometry": {"type": "Point", "coordinates": [9.1020306, 45.4781188]}, "properties": {"id": 1222957190, "feat_type": "way", "quality_categories": "crossings_lacking_kerbs", "issue_ids": "[1]", "osm_url": "https://www.openstreetmap.org/way/1222957190", "josm_url": "http://127.0.0.1:8111/load_object?new_layer=false&objects=w1222957190", "id_url": "https://www.openstreetmap.org/edit?editor=id&way=1222957190#map=20/45.4781188/9.1020306"}}, {"type": "Feature", "geometry": {"type": "Point", "coordinates": [9.1161071, 45.4459143]}, "properties": {"id": 1222960275, "feat_type": "way", "quality_categories": "crossings_lacking_kerbs", "issue_ids": "[1]", "osm_url": "https://www.openstreetmap.org/way/1222960275", "josm_url": "http://127.0.0.1:8111/load_object?new_layer=false&objects=w1222960275", "id_url": "https://www.openstreetmap.org/edit?editor=id&way=1222960275#map=20/45.4459143/9.1161071"}}, {"type": "Feature", "geometry": {"type": "Point", "coordinates": [9.2202783, 45.4535405]}, "properties": {"id": 1222962799, "feat_type": "way", "quality_categories": "crossings_lacking_kerbs", "issue_ids": "[1]", "osm_url": "https://www.openstreetmap.org/way/1222962799", "josm_url": "http://127.0.0.1:8111/load_object?new_layer=false&objects=w1222962799", "id_url": "https://www.openstreetmap.org/edit?editor=id&way=1222962799#map=20/45.4535405/9.2202783"}}, {"type": "Feature", "geometry": {"type": "Point", "coordinates": [9.2501388, 45.5167325]}, "properties": {"id": 1222982857, "feat_type": "way", "quality_categories": "crossings_lacking_kerbs", "issue_ids": "[1]", "osm_url": "https://www.openstreetmap.org/way/1222982857", "josm_url": "http://127.0.0.1:8111/load_object?new_layer=false&objects=w1222982857", "id_url": "https://www.openstreetmap.org/edit?editor=id&way=1222982857#map=20/45.5167325/9.2501388"}}, {"type": "Feature", "geometry": {"type": "Point", "coordinates": [9.2530019, 45.5164405]}, "properties": {"id": 1222982862, "feat_type": "way", "quality_categories": "crossings_lacking_kerbs", "issue_ids": "[1]", "osm_url": "https://www.openstreetmap.org/way/1222982862", "josm_url": "http://127.0.0.1:8111/load_object?new_layer=false&objects=w1222982862", "id_url": "https://www.openstreetmap.org/edit?editor=id&way=1222982862#map=20/45.5164405/9.2530019"}}, {"type": "Feature", "geometry": {"type": "Point", "coordinates": [9.2528191, 45.5169066]}, "properties": {"id": 1222982864, "feat_type": "way", "quality_categories": "crossings_lacking_kerbs", "issue_ids": "[1]", "osm_url": "https://www.openstreetmap.org/way/1222982864", "josm_url": "http://127.0.0.1:8111/load_object?new_layer=false&objects=w1222982864", "id_url": "https://www.openstreetmap.org/edit?editor=id&way=1222982864#map=20/45.5169066/9.2528191"}}, {"type": "Feature", "geometry": {"type": "Point", "coordinates": [9.2064564, 45.5107584]}, "properties": {"id": 1222984560, "feat_type": "way", "quality_categories": "crossings_lacking_kerbs", "issue_ids": "[1]", "osm_url": "https://www.openstreetmap.org/way/1222984560", "josm_url": "http://127.0.0.1:8111/load_object?new_layer=false&objects=w1222984560", "id_url": "https://www.openstreetmap.org/edit?editor=id&way=1222984560#map=20/45.5107584/9.2064564"}}, {"type": "Feature", "geometry": {"type": "Point", "coordinates": [9.2427094, 45.4806905]}, "properties": {"id": 1222985499, "feat_type": "way", "quality_categories": "crossings_lacking_kerbs", "issue_ids": "[1]", "osm_url": "https://www.openstreetmap.org/way/1222985499", "josm_url": "http://127.0.0.1:8111/load_object?new_layer=false&objects=w1222985499", "id_url": "https://www.openstreetmap.org/edit?editor=id&way=1222985499#map=20/45.4806905/9.2427094"}}, {"type": "Feature", "geometry": {"type": "Point", "coordinates": [9.1938956, 45.493592]}, "properties": {"id": 1222986034, "feat_type": "way", "quality_categories": "crossings_lacking_kerbs", "issue_ids": "[1]", "osm_url": "https://www.openstreetmap.org/way/1222986034", "josm_url": "http://127.0.0.1:8111/load_object?new_layer=false&objects=w1222986034", "id_url": "https://www.openstreetmap.org/edit?editor=id&way=1222986034#map=20/45.493592/9.1938956"}}, {"type": "Feature", "geometry": {"type": "Point", "coordinates": [9.1948422, 45.5248917]}, "properties": {"id": 1222988990, "feat_type": "way", "quality_categories": "crossings_lacking_kerbs", "issue_ids": "[1]", "osm_url": "https://www.openstreetmap.org/way/1222988990", "josm_url": "http://127.0.0.1:8111/load_object?new_layer=false&objects=w1222988990", "id_url": "https://www.openstreetmap.org/edit?editor=id&way=1222988990#map=20/45.5248917/9.1948422"}}, {"type": "Feature", "geometry": {"type": "Point", "coordinates": [9.2006973, 45.4890849]}, "properties": {"id": 1223266504, "feat_type": "way", "quality_categories": "crossings_lacking_kerbs", "issue_ids": "[1]", "osm_url": "https://www.openstreetmap.org/way/1223266504", "josm_url": "http://127.0.0.1:8111/load_object?new_layer=false&objects=w1223266504", "id_url": "https://www.openstreetmap.org/edit?editor=id&way=1223266504#map=20/45.4890849/9.2006973"}}, {"type": "Feature", "geometry": {"type": "Point", "coordinates": [9.17694, 45.4832392]}, "properties": {"id": 1223266760, "feat_type": "way", "quality_categories": "crossings_lacking_kerbs", "issue_ids": "[1]", "osm_url": "https://www.openstreetmap.org/way/1223266760", "josm_url": "http://127.0.0.1:8111/load_object?new_layer=false&objects=w1223266760", "id_url": "https://www.openstreetmap.org/edit?editor=id&way=1223266760#map=20/45.4832392/9.17694"}}, {"type": "Feature", "geometry": {"type": "Point", "coordinates": [9.2107038, 45.506948]}, "properties": {"id": 1223267369, "feat_type": "way", "quality_categories": "crossings_lacking_kerbs", "issue_ids": "[1]", "osm_url": "https://www.openstreetmap.org/way/1223267369", "josm_url": "http://127.0.0.1:8111/load_object?new_layer=false&objects=w1223267369", "id_url": "https://www.openstreetmap.org/edit?editor=id&way=1223267369#map=20/45.506948/9.2107038"}}, {"type": "Feature", "geometry": {"type": "Point", "coordinates": [9.2107386, 45.5066385]}, "properties": {"id": 1223267370, "feat_type": "way", "quality_categories": "crossings_lacking_kerbs", "issue_ids": "[1]", "osm_url": "https://www.openstreetmap.org/way/1223267370", "josm_url": "http://127.0.0.1:8111/load_object?new_layer=false&objects=w1223267370", "id_url": "https://www.openstreetmap.org/edit?editor=id&way=1223267370#map=20/45.5066385/9.2107386"}}, {"type": "Feature", "geometry": {"type": "Point", "coordinates": [9.1911706, 45.5139007]}, "properties": {"id": 1226226613, "feat_type": "way", "quality_categories": "crossings_lacking_kerbs", "issue_ids": "[1]", "osm_url": "https://www.openstreetmap.org/way/1226226613", "josm_url": "http://127.0.0.1:8111/load_object?new_layer=false&objects=w1226226613", "id_url": "https://www.openstreetmap.org/edit?editor=id&way=1226226613#map=20/45.5139007/9.1911706"}}, {"type": "Feature", "geometry": {"type": "Point", "coordinates": [9.1726824, 45.4417651]}, "properties": {"id": 1226229737, "feat_type": "way", "quality_categories": "crossings_lacking_kerbs", "issue_ids": "[1]", "osm_url": "https://www.openstreetmap.org/way/1226229737", "josm_url": "http://127.0.0.1:8111/load_object?new_layer=false&objects=w1226229737", "id_url": "https://www.openstreetmap.org/edit?editor=id&way=1226229737#map=20/45.4417651/9.1726824"}}, {"type": "Feature", "geometry": {"type": "Point", "coordinates": [9.1513444, 45.4590007]}, "properties": {"id": 1226231218, "feat_type": "way", "quality_categories": "crossings_lacking_kerbs", "issue_ids": "[1]", "osm_url": "https://www.openstreetmap.org/way/1226231218", "josm_url": "http://127.0.0.1:8111/load_object?new_layer=false&objects=w1226231218", "id_url": "https://www.openstreetmap.org/edit?editor=id&way=1226231218#map=20/45.4590007/9.1513444"}}, {"type": "Feature", "geometry": {"type": "Point", "coordinates": [9.1937991, 45.4935784]}, "properties": {"id": 1226234007, "feat_type": "way", "quality_categories": "crossings_lacking_kerbs", "issue_ids": "[1]", "osm_url": "https://www.openstreetmap.org/way/1226234007", "josm_url": "http://127.0.0.1:8111/load_object?new_layer=false&objects=w1226234007", "id_url": "https://www.openstreetmap.org/edit?editor=id&way=1226234007#map=20/45.4935784/9.1937991"}}, {"type": "Feature", "geometry": {"type": "Point", "coordinates": [9.1971432, 45.4875191]}, "properties": {"id": 1226244279, "feat_type": "way", "quality_categories": "crossings_lacking_kerbs", "issue_ids": "[1]", "osm_url": "https://www.openstreetmap.org/way/1226244279", "josm_url": "http://127.0.0.1:8111/load_object?new_layer=false&objects=w1226244279", "id_url": "https://www.openstreetmap.org/edit?editor=id&way=1226244279#map=20/45.4875191/9.1971432"}}, {"type": "Feature", "geometry": {"type": "Point", "coordinates": [9.1524028, 45.4749765]}, "properties": {"id": 1226244939, "feat_type": "way", "quality_categories": "crossings_lacking_kerbs", "issue_ids": "[1]", "osm_url": "https://www.openstreetmap.org/way/1226244939", "josm_url": "http://127.0.0.1:8111/load_object?new_layer=false&objects=w1226244939", "id_url": "https://www.openstreetmap.org/edit?editor=id&way=1226244939#map=20/45.4749765/9.1524028"}}, {"type": "Feature", "geometry": {"type": "Point", "coordinates": [9.201894, 45.4788245]}, "properties": {"id": 1227433462, "feat_type": "way", "quality_categories": "crossings_lacking_kerbs", "issue_ids": "[1]", "osm_url": "https://www.openstreetmap.org/way/1227433462", "josm_url": "http://127.0.0.1:8111/load_object?new_layer=false&objects=w1227433462", "id_url": "https://www.openstreetmap.org/edit?editor=id&way=1227433462#map=20/45.4788245/9.201894"}}, {"type": "Feature", "geometry": {"type": "Point", "coordinates": [9.1711339, 45.456763]}, "properties": {"id": 1233294082, "feat_type": "way", "quality_categories": "crossings_lacking_kerbs", "issue_ids": "[1]", "osm_url": "https://www.openstreetmap.org/way/1233294082", "josm_url": "http://127.0.0.1:8111/load_object?new_layer=false&objects=w1233294082", "id_url": "https://www.openstreetmap.org/edit?editor=id&way=1233294082#map=20/45.456763/9.1711339"}}, {"type": "Feature", "geometry": {"type": "Point", "coordinates": [9.1760014, 45.4438451]}, "properties": {"id": 1262240254, "feat_type": "way", "quality_categories": "crossings_lacking_kerbs", "issue_ids": "[1]", "osm_url": "https://www.openstreetmap.org/way/1262240254", "josm_url": "http://127.0.0.1:8111/load_object?new_layer=false&objects=w1262240254", "id_url": "https://www.openstreetmap.org/edit?editor=id&way=1262240254#map=20/45.4438451/9.1760014"}}, {"type": "Feature", "geometry": {"type": "Point", "coordinates": [9.1758987, 45.4435162]}, "properties": {"id": 1262240257, "feat_type": "way", "quality_categories": "crossings_lacking_kerbs", "issue_ids": "[1]", "osm_url": "https://www.openstreetmap.org/way/1262240257", "josm_url": "http://127.0.0.1:8111/load_object?new_layer=false&objects=w1262240257", "id_url": "https://www.openstreetmap.org/edit?editor=id&way=1262240257#map=20/45.4435162/9.1758987"}}, {"type": "Feature", "geometry": {"type": "Point", "coordinates": [9.2152445, 45.5231083]}, "properties": {"id": 1270175005, "feat_type": "way", "quality_categories": "crossings_lacking_kerbs", "issue_ids": "[1]", "osm_url": "https://www.openstreetmap.org/way/1270175005", "josm_url": "http://127.0.0.1:8111/load_object?new_layer=false&objects=w1270175005", "id_url": "https://www.openstreetmap.org/edit?editor=id&way=1270175005#map=20/45.5231083/9.2152445"}}, {"type": "Feature", "geometry": {"type": "Point", "coordinates": [9.2176377, 45.5225357]}, "properties": {"id": 1270175006, "feat_type": "way", "quality_categories": "crossings_lacking_kerbs", "issue_ids": "[1]", "osm_url": "https://www.openstreetmap.org/way/1270175006", "josm_url": "http://127.0.0.1:8111/load_object?new_layer=false&objects=w1270175006", "id_url": "https://www.openstreetmap.org/edit?editor=id&way=1270175006#map=20/45.5225357/9.2176377"}}, {"type": "Feature", "geometry": {"type": "Point", "coordinates": [9.1733359, 45.4493377]}, "properties": {"id": 1284811177, "feat_type": "way", "quality_categories": "crossings_lacking_kerbs", "issue_ids": "[1]", "osm_url": "https://www.openstreetmap.org/way/1284811177", "josm_url": "http://127.0.0.1:8111/load_object?new_layer=false&objects=w1284811177", "id_url": "https://www.openstreetmap.org/edit?editor=id&way=1284811177#map=20/45.4493377/9.1733359"}}, {"type": "Feature", "geometry": {"type": "Point", "coordinates": [9.1756852, 45.4822617]}, "properties": {"id": 1287004991, "feat_type": "way", "quality_categories": "crossings_lacking_kerbs", "issue_ids": "[1]", "osm_url": "https://www.openstreetmap.org/way/1287004991", "josm_url": "http://127.0.0.1:8111/load_object?new_layer=false&objects=w1287004991", "id_url": "https://www.openstreetmap.org/edit?editor=id&way=1287004991#map=20/45.4822617/9.1756852"}}, {"type": "Feature", "geometry": {"type": "Point", "coordinates": [9.175866, 45.4814396]}, "properties": {"id": 1287004992, "feat_type": "way", "quality_categories": "crossings_lacking_kerbs", "issue_ids": "[1]", "osm_url": "https://www.openstreetmap.org/way/1287004992", "josm_url": "http://127.0.0.1:8111/load_object?new_layer=false&objects=w1287004992", "id_url": "https://www.openstreetmap.org/edit?editor=id&way=1287004992#map=20/45.4814396/9.175866"}}, {"type": "Feature", "geometry": {"type": "Point", "coordinates": [9.0954592, 45.504551]}, "properties": {"id": 1290097194, "feat_type": "way", "quality_categories": "crossings_lacking_kerbs", "issue_ids": "[1]", "osm_url": "https://www.openstreetmap.org/way/1290097194", "josm_url": "http://127.0.0.1:8111/load_object?new_layer=false&objects=w1290097194", "id_url": "https://www.openstreetmap.org/edit?editor=id&way=1290097194#map=20/45.504551/9.0954592"}}, {"type": "Feature", "geometry": {"type": "Point", "coordinates": [9.1654943, 45.4806482]}, "properties": {"id": 1290178577, "feat_type": "way", "quality_categories": "crossings_lacking_kerbs", "issue_ids": "[1]", "osm_url": "https://www.openstreetmap.org/way/1290178577", "josm_url": "http://127.0.0.1:8111/load_object?new_layer=false&objects=w1290178577", "id_url": "https://www.openstreetmap.org/edit?editor=id&way=1290178577#map=20/45.4806482/9.1654943"}}, {"type": "Feature", "geometry": {"type": "Point", "coordinates": [9.2171701, 45.4655789]}, "properties": {"id": 1295220986, "feat_type": "way", "quality_categories": "crossings_lacking_kerbs", "issue_ids": "[1]", "osm_url": "https://www.openstreetmap.org/way/1295220986", "josm_url": "http://127.0.0.1:8111/load_object?new_layer=false&objects=w1295220986", "id_url": "https://www.openstreetmap.org/edit?editor=id&way=1295220986#map=20/45.4655789/9.2171701"}}, {"type": "Feature", "geometry": {"type": "Point", "coordinates": [9.2171182, 45.4655786]}, "properties": {"id": 1295220987, "feat_type": "way", "quality_categories": "crossings_lacking_kerbs", "issue_ids": "[1]", "osm_url": "https://www.openstreetmap.org/way/1295220987", "josm_url": "http://127.0.0.1:8111/load_object?new_layer=false&objects=w1295220987", "id_url": "https://www.openstreetmap.org/edit?editor=id&way=1295220987#map=20/45.4655786/9.2171182"}}, {"type": "Feature", "geometry": {"type": "Point", "coordinates": [9.1609651, 45.4641585]}, "properties": {"id": 1298795464, "feat_type": "way", "quality_categories": "crossings_lacking_kerbs", "issue_ids": "[1]", "osm_url": "https://www.openstreetmap.org/way/1298795464", "josm_url": "http://127.0.0.1:8111/load_object?new_layer=false&objects=w1298795464", "id_url": "https://www.openstreetmap.org/edit?editor=id&way=1298795464#map=20/45.4641585/9.1609651"}}, {"type": "Feature", "geometry": {"type": "Point", "coordinates": [9.2065464, 45.4493675]}, "properties": {"id": 1302030078, "feat_type": "way", "quality_categories": "crossings_lacking_kerbs", "issue_ids": "[1]", "osm_url": "https://www.openstreetmap.org/way/1302030078", "josm_url": "http://127.0.0.1:8111/load_object?new_layer=false&objects=w1302030078", "id_url": "https://www.openstreetmap.org/edit?editor=id&way=1302030078#map=20/45.4493675/9.2065464"}}, {"type": "Feature", "geometry": {"type": "Point", "coordinates": [9.2436008, 45.4767261]}, "properties": {"id": 1302104994, "feat_type": "way", "quality_categories": "crossings_lacking_kerbs", "issue_ids": "[1]", "osm_url": "https://www.openstreetmap.org/way/1302104994", "josm_url": "http://127.0.0.1:8111/load_object?new_layer=false&objects=w1302104994", "id_url": "https://www.openstreetmap.org/edit?editor=id&way=1302104994#map=20/45.4767261/9.2436008"}}, {"type": "Feature", "geometry": {"type": "Point", "coordinates": [9.189064, 45.4482632]}, "properties": {"id": 1312284792, "feat_type": "way", "quality_categories": "crossings_lacking_kerbs", "issue_ids": "[1]", "osm_url": "https://www.openstreetmap.org/way/1312284792", "josm_url": "http://127.0.0.1:8111/load_object?new_layer=false&objects=w1312284792", "id_url": "https://www.openstreetmap.org/edit?editor=id&way=1312284792#map=20/45.4482632/9.189064"}}, {"type": "Feature", "geometry": {"type": "Point", "coordinates": [9.1859469, 45.5088363]}, "properties": {"id": 1318067138, "feat_type": "way", "quality_categories": "crossings_lacking_kerbs", "issue_ids": "[1]", "osm_url": "https://www.openstreetmap.org/way/1318067138", "josm_url": "http://127.0.0.1:8111/load_object?new_layer=false&objects=w1318067138", "id_url": "https://www.openstreetmap.org/edit?editor=id&way=1318067138#map=20/45.5088363/9.1859469"}}, {"type": "Feature", "geometry": {"type": "Point", "coordinates": [9.2589891, 45.5068469]}, "properties": {"id": 1319896683, "feat_type": "way", "quality_categories": "crossings_lacking_kerbs", "issue_ids": "[1]", "osm_url": "https://www.openstreetmap.org/way/1319896683", "josm_url": "http://127.0.0.1:8111/load_object?new_layer=false&objects=w1319896683", "id_url": "https://www.openstreetmap.org/edit?editor=id&way=1319896683#map=20/45.5068469/9.2589891"}}, {"type": "Feature", "geometry": {"type": "Point", "coordinates": [9.1578541, 45.4615034]}, "properties": {"id": 1330910275, "feat_type": "way", "quality_categories": "crossings_lacking_kerbs", "issue_ids": "[1]", "osm_url": "https://www.openstreetmap.org/way/1330910275", "josm_url": "http://127.0.0.1:8111/load_object?new_layer=false&objects=w1330910275", "id_url": "https://www.openstreetmap.org/edit?editor=id&way=1330910275#map=20/45.4615034/9.1578541"}}, {"type": "Feature", "geometry": {"type": "Point", "coordinates": [9.0949648, 45.5070534]}, "properties": {"id": 1334988748, "feat_type": "way", "quality_categories": "crossings_lacking_kerbs", "issue_ids": "[1]", "osm_url": "https://www.openstreetmap.org/way/1334988748", "josm_url": "http://127.0.0.1:8111/load_object?new_layer=false&objects=w1334988748", "id_url": "https://www.openstreetmap.org/edit?editor=id&way=1334988748#map=20/45.5070534/9.0949648"}}, {"type": "Feature", "geometry": {"type": "Point", "coordinates": [9.2118536, 45.5163128]}, "properties": {"id": 1338448016, "feat_type": "way", "quality_categories": "crossings_lacking_kerbs", "issue_ids": "[1]", "osm_url": "https://www.openstreetmap.org/way/1338448016", "josm_url": "http://127.0.0.1:8111/load_object?new_layer=false&objects=w1338448016", "id_url": "https://www.openstreetmap.org/edit?editor=id&way=1338448016#map=20/45.5163128/9.2118536"}}, {"type": "Feature", "geometry": {"type": "Point", "coordinates": [9.2091719, 45.5084467]}, "properties": {"id": 1339483331, "feat_type": "way", "quality_categories": "crossings_lacking_kerbs", "issue_ids": "[1]", "osm_url": "https://www.openstreetmap.org/way/1339483331", "josm_url": "http://127.0.0.1:8111/load_object?new_layer=false&objects=w1339483331", "id_url": "https://www.openstreetmap.org/edit?editor=id&way=1339483331#map=20/45.5084467/9.2091719"}}, {"type": "Feature", "geometry": {"type": "Point", "coordinates": [9.1771354, 45.4270444]}, "properties": {"id": 1340103742, "feat_type": "way", "quality_categories": "crossings_lacking_kerbs", "issue_ids": "[1]", "osm_url": "https://www.openstreetmap.org/way/1340103742", "josm_url": "http://127.0.0.1:8111/load_object?new_layer=false&objects=w1340103742", "id_url": "https://www.openstreetmap.org/edit?editor=id&way=1340103742#map=20/45.4270444/9.1771354"}}, {"type": "Feature", "geometry": {"type": "Point", "coordinates": [9.1713807, 45.5243523]}, "properties": {"id": 1343572061, "feat_type": "way", "quality_categories": "crossings_lacking_kerbs", "issue_ids": "[1]", "osm_url": "https://www.openstreetmap.org/way/1343572061", "josm_url": "http://127.0.0.1:8111/load_object?new_layer=false&objects=w1343572061", "id_url": "https://www.openstreetmap.org/edit?editor=id&way=1343572061#map=20/45.5243523/9.1713807"}}, {"type": "Feature", "geometry": {"type": "Point", "coordinates": [9.2196236, 45.4678799]}, "properties": {"id": 1348474871, "feat_type": "way", "quality_categories": "crossings_lacking_kerbs", "issue_ids": "[1]", "osm_url": "https://www.openstreetmap.org/way/1348474871", "josm_url": "http://127.0.0.1:8111/load_object?new_layer=false&objects=w1348474871", "id_url": "https://www.openstreetmap.org/edit?editor=id&way=1348474871#map=20/45.4678799/9.2196236"}}, {"type": "Feature", "geometry": {"type": "Point", "coordinates": [9.2576322, 45.4304226]}, "properties": {"id": 1349029310, "feat_type": "way", "quality_categories": "crossings_lacking_kerbs", "issue_ids": "[1]", "osm_url": "https://www.openstreetmap.org/way/1349029310", "josm_url": "http://127.0.0.1:8111/load_object?new_layer=false&objects=w1349029310", "id_url": "https://www.openstreetmap.org/edit?editor=id&way=1349029310#map=20/45.4304226/9.2576322"}}, {"type": "Feature", "geometry": {"type": "Point", "coordinates": [9.2637692, 45.433297]}, "properties": {"id": 1349328119, "feat_type": "way", "quality_categories": "crossings_lacking_kerbs", "issue_ids": "[1]", "osm_url": "https://www.openstreetmap.org/way/1349328119", "josm_url": "http://127.0.0.1:8111/load_object?new_layer=false&objects=w1349328119", "id_url": "https://www.openstreetmap.org/edit?editor=id&way=1349328119#map=20/45.433297/9.2637692"}}, {"type": "Feature", "geometry": {"type": "Point", "coordinates": [9.2643576, 45.4395803]}, "properties": {"id": 1349625430, "feat_type": "way", "quality_categories": "crossings_lacking_kerbs", "issue_ids": "[1]", "osm_url": "https://www.openstreetmap.org/way/1349625430", "josm_url": "http://127.0.0.1:8111/load_object?new_layer=false&objects=w1349625430", "id_url": "https://www.openstreetmap.org/edit?editor=id&way=1349625430#map=20/45.4395803/9.2643576"}}, {"type": "Feature", "geometry": {"type": "Point", "coordinates": [9.2640675, 45.4406414]}, "properties": {"id": 1349625449, "feat_type": "way", "quality_categories": "crossings_lacking_kerbs", "issue_ids": "[1]", "osm_url": "https://www.openstreetmap.org/way/1349625449", "josm_url": "http://127.0.0.1:8111/load_object?new_layer=false&objects=w1349625449", "id_url": "https://www.openstreetmap.org/edit?editor=id&way=1349625449#map=20/45.4406414/9.2640675"}}, {"type": "Feature", "geometry": {"type": "Point", "coordinates": [9.2621533, 45.4445623]}, "properties": {"id": 1350024952, "feat_type": "way", "quality_categories": "crossings_lacking_kerbs", "issue_ids": "[1]", "osm_url": "https://www.openstreetmap.org/way/1350024952", "josm_url": "http://127.0.0.1:8111/load_object?new_layer=false&objects=w1350024952", "id_url": "https://www.openstreetmap.org/edit?editor=id&way=1350024952#map=20/45.4445623/9.2621533"}}, {"type": "Feature", "geometry": {"type": "Point", "coordinates": [9.2616048, 45.4444641]}, "properties": {"id": 1350024954, "feat_type": "way", "quality_categories": "crossings_lacking_kerbs", "issue_ids": "[1]", "osm_url": "https://www.openstreetmap.org/way/1350024954", "josm_url": "http://127.0.0.1:8111/load_object?new_layer=false&objects=w1350024954", "id_url": "https://www.openstreetmap.org/edit?editor=id&way=1350024954#map=20/45.4444641/9.2616048"}}, {"type": "Feature", "geometry": {"type": "Point", "coordinates": [9.2621926, 45.4444857]}, "properties": {"id": 1350024956, "feat_type": "way", "quality_categories": "crossings_lacking_kerbs", "issue_ids": "[1]", "osm_url": "https://www.openstreetmap.org/way/1350024956", "josm_url": "http://127.0.0.1:8111/load_object?new_layer=false&objects=w1350024956", "id_url": "https://www.openstreetmap.org/edit?editor=id&way=1350024956#map=20/45.4444857/9.2621926"}}, {"type": "Feature", "geometry": {"type": "Point", "coordinates": [9.262231, 45.4444161]}, "properties": {"id": 1350024957, "feat_type": "way", "quality_categories": "crossings_lacking_kerbs", "issue_ids": "[1]", "osm_url": "https://www.openstreetmap.org/way/1350024957", "josm_url": "http://127.0.0.1:8111/load_object?new_layer=false&objects=w1350024957", "id_url": "https://www.openstreetmap.org/edit?editor=id&way=1350024957#map=20/45.4444161/9.262231"}}, {"type": "Feature", "geometry": {"type": "Point", "coordinates": [9.1344611, 45.4835852]}, "properties": {"id": 1359112817, "feat_type": "way", "quality_categories": "crossings_lacking_kerbs", "issue_ids": "[1]", "osm_url": "https://www.openstreetmap.org/way/1359112817", "josm_url": "http://127.0.0.1:8111/load_object?new_layer=false&objects=w1359112817", "id_url": "https://www.openstreetmap.org/edit?editor=id&way=1359112817#map=20/45.4835852/9.1344611"}}, {"type": "Feature", "geometry": {"type": "Point", "coordinates": [9.1842501, 45.4839626]}, "properties": {"id": 1364637668, "feat_type": "way", "quality_categories": "crossings_lacking_kerbs", "issue_ids": "[1]", "osm_url": "https://www.openstreetmap.org/way/1364637668", "josm_url": "http://127.0.0.1:8111/load_object?new_layer=false&objects=w1364637668", "id_url": "https://www.openstreetmap.org/edit?editor=id&way=1364637668#map=20/45.4839626/9.1842501"}}, {"type": "Feature", "geometry": {"type": "Point", "coordinates": [9.2041537, 45.483823]}, "properties": {"id": 1365107843, "feat_type": "way", "quality_categories": "crossings_lacking_kerbs", "issue_ids": "[1]", "osm_url": "https://www.openstreetmap.org/way/1365107843", "josm_url": "http://127.0.0.1:8111/load_object?new_layer=false&objects=w1365107843", "id_url": "https://www.openstreetmap.org/edit?editor=id&way=1365107843#map=20/45.483823/9.2041537"}}, {"type": "Feature", "geometry": {"type": "Point", "coordinates": [9.2029639, 45.4854788]}, "properties": {"id": 1365107853, "feat_type": "way", "quality_categories": "crossings_lacking_kerbs", "issue_ids": "[1]", "osm_url": "https://www.openstreetmap.org/way/1365107853", "josm_url": "http://127.0.0.1:8111/load_object?new_layer=false&objects=w1365107853", "id_url": "https://www.openstreetmap.org/edit?editor=id&way=1365107853#map=20/45.4854788/9.2029639"}}, {"type": "Feature", "geometry": {"type": "Point", "coordinates": [9.2030733, 45.4855913]}, "properties": {"id": 1365107855, "feat_type": "way", "quality_categories": "crossings_lacking_kerbs", "issue_ids": "[1]", "osm_url": "https://www.openstreetmap.org/way/1365107855", "josm_url": "http://127.0.0.1:8111/load_object?new_layer=false&objects=w1365107855", "id_url": "https://www.openstreetmap.org/edit?editor=id&way=1365107855#map=20/45.4855913/9.2030733"}}, {"type": "Feature", "geometry": {"type": "Point", "coordinates": [9.202482, 45.483788]}, "properties": {"id": 1365107866, "feat_type": "way", "quality_categories": "crossings_lacking_kerbs", "issue_ids": "[1]", "osm_url": "https://www.openstreetmap.org/way/1365107866", "josm_url": "http://127.0.0.1:8111/load_object?new_layer=false&objects=w1365107866", "id_url": "https://www.openstreetmap.org/edit?editor=id&way=1365107866#map=20/45.483788/9.202482"}}, {"type": "Feature", "geometry": {"type": "Point", "coordinates": [9.2235601, 45.4777978]}, "properties": {"id": 1365364270, "feat_type": "way", "quality_categories": "crossings_lacking_kerbs", "issue_ids": "[1]", "osm_url": "https://www.openstreetmap.org/way/1365364270", "josm_url": "http://127.0.0.1:8111/load_object?new_layer=false&objects=w1365364270", "id_url": "https://www.openstreetmap.org/edit?editor=id&way=1365364270#map=20/45.4777978/9.2235601"}}, {"type": "Feature", "geometry": {"type": "Point", "coordinates": [9.1999907, 45.4818169]}, "properties": {"id": 1365376661, "feat_type": "way", "quality_categories": "crossings_lacking_kerbs", "issue_ids": "[1]", "osm_url": "https://www.openstreetmap.org/way/1365376661", "josm_url": "http://127.0.0.1:8111/load_object?new_layer=false&objects=w1365376661", "id_url": "https://www.openstreetmap.org/edit?editor=id&way=1365376661#map=20/45.4818169/9.1999907"}}, {"type": "Feature", "geometry": {"type": "Point", "coordinates": [9.1452299, 45.4889304]}, "properties": {"id": 1368492590, "feat_type": "way", "quality_categories": "crossings_lacking_kerbs", "issue_ids": "[1]", "osm_url": "https://www.openstreetmap.org/way/1368492590", "josm_url": "http://127.0.0.1:8111/load_object?new_layer=false&objects=w1368492590", "id_url": "https://www.openstreetmap.org/edit?editor=id&way=1368492590#map=20/45.4889304/9.1452299"}}, {"type": "Feature", "geometry": {"type": "Point", "coordinates": [9.1515809, 45.4734477]}, "properties": {"id": 1370958442, "feat_type": "way", "quality_categories": "crossings_lacking_kerbs", "issue_ids": "[1]", "osm_url": "https://www.openstreetmap.org/way/1370958442", "josm_url": "http://127.0.0.1:8111/load_object?new_layer=false&objects=w1370958442", "id_url": "https://www.openstreetmap.org/edit?editor=id&way=1370958442#map=20/45.4734477/9.1515809"}}, {"type": "Feature", "geometry": {"type": "Point", "coordinates": [9.1516549, 45.473495]}, "properties": {"id": 1370958445, "feat_type": "way", "quality_categories": "crossings_lacking_kerbs", "issue_ids": "[1]", "osm_url": "https://www.openstreetmap.org/way/1370958445", "josm_url": "http://127.0.0.1:8111/load_object?new_layer=false&objects=w1370958445", "id_url": "https://www.openstreetmap.org/edit?editor=id&way=1370958445#map=20/45.473495/9.1516549"}}, {"type": "Feature", "geometry": {"type": "Point", "coordinates": [9.1693238, 45.4656742]}, "properties": {"id": 1373771105, "feat_type": "way", "quality_categories": "crossings_lacking_kerbs", "issue_ids": "[1]", "osm_url": "https://www.openstreetmap.org/way/1373771105", "josm_url": "http://127.0.0.1:8111/load_object?new_layer=false&objects=w1373771105", "id_url": "https://www.openstreetmap.org/edit?editor=id&way=1373771105#map=20/45.4656742/9.1693238"}}, {"type": "Feature", "geometry": {"type": "Point", "coordinates": [9.1211709, 45.4598348]}, "properties": {"id": 1373820088, "feat_type": "way", "quality_categories": "crossings_lacking_kerbs", "issue_ids": "[1]", "osm_url": "https://www.openstreetmap.org/way/1373820088", "josm_url": "http://127.0.0.1:8111/load_object?new_layer=false&objects=w1373820088", "id_url": "https://www.openstreetmap.org/edit?editor=id&way=1373820088#map=20/45.4598348/9.1211709"}}, {"type": "Feature", "geometry": {"type": "Point", "coordinates": [9.2099974, 45.5224673]}, "properties": {"id": 1378609078, "feat_type": "way", "quality_categories": "crossings_lacking_kerbs", "issue_ids": "[1]", "osm_url": "https://www.openstreetmap.org/way/1378609078", "josm_url": "http://127.0.0.1:8111/load_object?new_layer=false&objects=w1378609078", "id_url": "https://www.openstreetmap.org/edit?editor=id&way=1378609078#map=20/45.5224673/9.2099974"}}, {"type": "Feature", "geometry": {"type": "Point", "coordinates": [9.2100968, 45.5224386]}, "properties": {"id": 1378609079, "feat_type": "way", "quality_categories": "crossings_lacking_kerbs", "issue_ids": "[1]", "osm_url": "https://www.openstreetmap.org/way/1378609079", "josm_url": "http://127.0.0.1:8111/load_object?new_layer=false&objects=w1378609079", "id_url": "https://www.openstreetmap.org/edit?editor=id&way=1378609079#map=20/45.5224386/9.2100968"}}, {"type": "Feature", "geometry": {"type": "Point", "coordinates": [9.2405523, 45.5166704]}, "properties": {"id": 1389636727, "feat_type": "way", "quality_categories": "crossings_lacking_kerbs", "issue_ids": "[1]", "osm_url": "https://www.openstreetmap.org/way/1389636727", "josm_url": "http://127.0.0.1:8111/load_object?new_layer=false&objects=w1389636727", "id_url": "https://www.openstreetmap.org/edit?editor=id&way=1389636727#map=20/45.5166704/9.2405523"}}, {"type": "Feature", "geometry": {"type": "Point", "coordinates": [9.2435046, 45.5172875]}, "properties": {"id": 1389636736, "feat_type": "way", "quality_categories": "crossings_lacking_kerbs", "issue_ids": "[1]", "osm_url": "https://www.openstreetmap.org/way/1389636736", "josm_url": "http://127.0.0.1:8111/load_object?new_layer=false&objects=w1389636736", "id_url": "https://www.openstreetmap.org/edit?editor=id&way=1389636736#map=20/45.5172875/9.2435046"}}, {"type": "Feature", "geometry": {"type": "Point", "coordinates": [9.2449697, 45.5154592]}, "properties": {"id": 1389636742, "feat_type": "way", "quality_categories": "crossings_lacking_kerbs", "issue_ids": "[1]", "osm_url": "https://www.openstreetmap.org/way/1389636742", "josm_url": "http://127.0.0.1:8111/load_object?new_layer=false&objects=w1389636742", "id_url": "https://www.openstreetmap.org/edit?editor=id&way=1389636742#map=20/45.5154592/9.2449697"}}, {"type": "Feature", "geometry": {"type": "Point", "coordinates": [9.1730249, 45.4489721]}, "properties": {"id": 1389744550, "feat_type": "way", "quality_categories": "crossings_lacking_kerbs", "issue_ids": "[1]", "osm_url": "https://www.openstreetmap.org/way/1389744550", "josm_url": "http://127.0.0.1:8111/load_object?new_layer=false&objects=w1389744550", "id_url": "https://www.openstreetmap.org/edit?editor=id&way=1389744550#map=20/45.4489721/9.1730249"}}, {"type": "Feature", "geometry": {"type": "Point", "coordinates": [9.0988368, 45.5066425]}, "properties": {"id": 1390368145, "feat_type": "way", "quality_categories": "crossings_lacking_kerbs", "issue_ids": "[1]", "osm_url": "https://www.openstreetmap.org/way/1390368145", "josm_url": "http://127.0.0.1:8111/load_object?new_layer=false&objects=w1390368145", "id_url": "https://www.openstreetmap.org/edit?editor=id&way=1390368145#map=20/45.5066425/9.0988368"}}, {"type": "Feature", "geometry": {"type": "Point", "coordinates": [9.1746239, 45.5123269]}, "properties": {"id": 1391238234, "feat_type": "way", "quality_categories": "crossings_lacking_kerbs", "issue_ids": "[1]", "osm_url": "https://www.openstreetmap.org/way/1391238234", "josm_url": "http://127.0.0.1:8111/load_object?new_layer=false&objects=w1391238234", "id_url": "https://www.openstreetmap.org/edit?editor=id&way=1391238234#map=20/45.5123269/9.1746239"}}, {"type": "Feature", "geometry": {"type": "Point", "coordinates": [9.2440835, 45.5171703]}, "properties": {"id": 1392672902, "feat_type": "way", "quality_categories": "crossings_lacking_kerbs", "issue_ids": "[1]", "osm_url": "https://www.openstreetmap.org/way/1392672902", "josm_url": "http://127.0.0.1:8111/load_object?new_layer=false&objects=w1392672902", "id_url": "https://www.openstreetmap.org/edit?editor=id&way=1392672902#map=20/45.5171703/9.2440835"}}, {"type": "Feature", "geometry": {"type": "Point", "coordinates": [9.194975, 45.5124582]}, "properties": {"id": 1393265405, "feat_type": "way", "quality_categories": "crossings_lacking_kerbs", "issue_ids": "[1]", "osm_url": "https://www.openstreetmap.org/way/1393265405", "josm_url": "http://127.0.0.1:8111/load_object?new_layer=false&objects=w1393265405", "id_url": "https://www.openstreetmap.org/edit?editor=id&way=1393265405#map=20/45.5124582/9.194975"}}, {"type": "Feature", "geometry": {"type": "Point", "coordinates": [9.2597888, 45.5116518]}, "properties": {"id": 1393394085, "feat_type": "way", "quality_categories": "crossings_lacking_kerbs", "issue_ids": "[1]", "osm_url": "https://www.openstreetmap.org/way/1393394085", "josm_url": "http://127.0.0.1:8111/load_object?new_layer=false&objects=w1393394085", "id_url": "https://www.openstreetmap.org/edit?editor=id&way=1393394085#map=20/45.5116518/9.2597888"}}, {"type": "Feature", "geometry": {"type": "Point", "coordinates": [9.2598624, 45.5120741]}, "properties": {"id": 1393394086, "feat_type": "way", "quality_categories": "crossings_lacking_kerbs", "issue_ids": "[1]", "osm_url": "https://www.openstreetmap.org/way/1393394086", "josm_url": "http://127.0.0.1:8111/load_object?new_layer=false&objects=w1393394086", "id_url": "https://www.openstreetmap.org/edit?editor=id&way=1393394086#map=20/45.5120741/9.2598624"}}, {"type": "Feature", "geometry": {"type": "Point", "coordinates": [9.1949697, 45.4845262]}, "properties": {"id": 1395564157, "feat_type": "way", "quality_categories": "crossings_lacking_kerbs", "issue_ids": "[1]", "osm_url": "https://www.openstreetmap.org/way/1395564157", "josm_url": "http://127.0.0.1:8111/load_object?new_layer=false&objects=w1395564157", "id_url": "https://www.openstreetmap.org/edit?editor=id&way=1395564157#map=20/45.4845262/9.1949697"}}, {"type": "Feature", "geometry": {"type": "Point", "coordinates": [9.1641801, 45.5279138]}, "properties": {"id": 1396702225, "feat_type": "way", "quality_categories": "crossings_lacking_kerbs", "issue_ids": "[1]", "osm_url": "https://www.openstreetmap.org/way/1396702225", "josm_url": "http://127.0.0.1:8111/load_object?new_layer=false&objects=w1396702225", "id_url": "https://www.openstreetmap.org/edit?editor=id&way=1396702225#map=20/45.5279138/9.1641801"}}, {"type": "Feature", "geometry": {"type": "Point", "coordinates": [9.1157662, 45.4429043]}, "properties": {"id": 1410368665, "feat_type": "way", "quality_categories": "crossings_lacking_kerbs", "issue_ids": "[1]", "osm_url": "https://www.openstreetmap.org/way/1410368665", "josm_url": "http://127.0.0.1:8111/load_object?new_layer=false&objects=w1410368665", "id_url": "https://www.openstreetmap.org/edit?editor=id&way=1410368665#map=20/45.4429043/9.1157662"}}, {"type": "Feature", "geometry": {"type": "Point", "coordinates": [9.2406035, 45.4705266]}, "properties": {"id": 1412263071, "feat_type": "way", "quality_categories": "crossings_lacking_kerbs", "issue_ids": "[1]", "osm_url": "https://www.openstreetmap.org/way/1412263071", "josm_url": "http://127.0.0.1:8111/load_object?new_layer=false&objects=w1412263071", "id_url": "https://www.openstreetmap.org/edit?editor=id&way=1412263071#map=20/45.4705266/9.2406035"}}, {"type": "Feature", "geometry": {"type": "Point", "coordinates": [9.1558947, 45.4881605]}, "properties": {"id": 1414059528, "feat_type": "way", "quality_categories": "crossings_lacking_kerbs", "issue_ids": "[1]", "osm_url": "https://www.openstreetmap.org/way/1414059528", "josm_url": "http://127.0.0.1:8111/load_object?new_layer=false&objects=w1414059528", "id_url": "https://www.openstreetmap.org/edit?editor=id&way=1414059528#map=20/45.4881605/9.1558947"}}, {"type": "Feature", "geometry": {"type": "Point", "coordinates": [9.1559844, 45.4882089]}, "properties": {"id": 1414059529, "feat_type": "way", "quality_categories": "crossings_lacking_kerbs", "issue_ids": "[1]", "osm_url": "https://www.openstreetmap.org/way/1414059529", "josm_url": "http://127.0.0.1:8111/load_object?new_layer=false&objects=w1414059529", "id_url": "https://www.openstreetmap.org/edit?editor=id&way=1414059529#map=20/45.4882089/9.1559844"}}, {"type": "Feature", "geometry": {"type": "Point", "coordinates": [9.1416575, 45.4535283]}, "properties": {"id": 1415938323, "feat_type": "way", "quality_categories": "crossings_lacking_kerbs", "issue_ids": "[1]", "osm_url": "https://www.openstreetmap.org/way/1415938323", "josm_url": "http://127.0.0.1:8111/load_object?new_layer=false&objects=w1415938323", "id_url": "https://www.openstreetmap.org/edit?editor=id&way=1415938323#map=20/45.4535283/9.1416575"}}, {"type": "Feature", "geometry": {"type": "Point", "coordinates": [9.1132637, 45.4697951]}, "properties": {"id": 1416186522, "feat_type": "way", "quality_categories": "crossings_lacking_kerbs", "issue_ids": "[1]", "osm_url": "https://www.openstreetmap.org/way/1416186522", "josm_url": "http://127.0.0.1:8111/load_object?new_layer=false&objects=w1416186522", "id_url": "https://www.openstreetmap.org/edit?editor=id&way=1416186522#map=20/45.4697951/9.1132637"}}, {"type": "Feature", "geometry": {"type": "Point", "coordinates": [9.1810344, 45.452043]}, "properties": {"id": 1416835190, "feat_type": "way", "quality_categories": "crossings_lacking_kerbs", "issue_ids": "[1]", "osm_url": "https://www.openstreetmap.org/way/1416835190", "josm_url": "http://127.0.0.1:8111/load_object?new_layer=false&objects=w1416835190", "id_url": "https://www.openstreetmap.org/edit?editor=id&way=1416835190#map=20/45.452043/9.1810344"}}, {"type": "Feature", "geometry": {"type": "Point", "coordinates": [9.1139794, 45.470662]}, "properties": {"id": 1417472161, "feat_type": "way", "quality_categories": "crossings_lacking_kerbs", "issue_ids": "[1]", "osm_url": "https://www.openstreetmap.org/way/1417472161", "josm_url": "http://127.0.0.1:8111/load_object?new_layer=false&objects=w1417472161", "id_url": "https://www.openstreetmap.org/edit?editor=id&way=1417472161#map=20/45.470662/9.1139794"}}, {"type": "Feature", "geometry": {"type": "Point", "coordinates": [9.1726489, 45.5089774]}, "properties": {"id": 1418076738, "feat_type": "way", "quality_categories": "crossings_lacking_kerbs", "issue_ids": "[1]", "osm_url": "https://www.openstreetmap.org/way/1418076738", "josm_url": "http://127.0.0.1:8111/load_object?new_layer=false&objects=w1418076738", "id_url": "https://www.openstreetmap.org/edit?editor=id&way=1418076738#map=20/45.5089774/9.1726489"}}, {"type": "Feature", "geometry": {"type": "Point", "coordinates": [9.1390459, 45.4536251]}, "properties": {"id": 1418176095, "feat_type": "way", "quality_categories": "crossings_lacking_kerbs", "issue_ids": "[1]", "osm_url": "https://www.openstreetmap.org/way/1418176095", "josm_url": "http://127.0.0.1:8111/load_object?new_layer=false&objects=w1418176095", "id_url": "https://www.openstreetmap.org/edit?editor=id&way=1418176095#map=20/45.4536251/9.1390459"}}, {"type": "Feature", "geometry": {"type": "Point", "coordinates": [9.1390333, 45.4534606]}, "properties": {"id": 1418176096, "feat_type": "way", "quality_categories": "crossings_lacking_kerbs", "issue_ids": "[1]", "osm_url": "https://www.openstreetmap.org/way/1418176096", "josm_url": "http://127.0.0.1:8111/load_object?new_layer=false&objects=w1418176096", "id_url": "https://www.openstreetmap.org/edit?editor=id&way=1418176096#map=20/45.4534606/9.1390333"}}, {"type": "Feature", "geometry": {"type": "Point", "coordinates": [9.1398317, 45.4538512]}, "properties": {"id": 1418176097, "feat_type": "way", "quality_categories": "crossings_lacking_kerbs", "issue_ids": "[1]", "osm_url": "https://www.openstreetmap.org/way/1418176097", "josm_url": "http://127.0.0.1:8111/load_object?new_layer=false&objects=w1418176097", "id_url": "https://www.openstreetmap.org/edit?editor=id&way=1418176097#map=20/45.4538512/9.1398317"}}, {"type": "Feature", "geometry": {"type": "Point", "coordinates": [9.2314188, 45.514536]}, "properties": {"id": 1418747062, "feat_type": "way", "quality_categories": "crossings_lacking_kerbs", "issue_ids": "[1]", "osm_url": "https://www.openstreetmap.org/way/1418747062", "josm_url": "http://127.0.0.1:8111/load_object?new_layer=false&objects=w1418747062", "id_url": "https://www.openstreetmap.org/edit?editor=id&way=1418747062#map=20/45.514536/9.2314188"}}, {"type": "Feature", "geometry": {"type": "Point", "coordinates": [9.150926, 45.4739402]}, "properties": {"id": 1421046823, "feat_type": "way", "quality_categories": "crossings_lacking_kerbs", "issue_ids": "[1]", "osm_url": "https://www.openstreetmap.org/way/1421046823", "josm_url": "http://127.0.0.1:8111/load_object?new_layer=false&objects=w1421046823", "id_url": "https://www.openstreetmap.org/edit?editor=id&way=1421046823#map=20/45.4739402/9.150926"}}, {"type": "Feature", "geometry": {"type": "Point", "coordinates": [9.1516173, 45.4730777]}, "properties": {"id": 1421048689, "feat_type": "way", "quality_categories": "crossings_lacking_kerbs", "issue_ids": "[1]", "osm_url": "https://www.openstreetmap.org/way/1421048689", "josm_url": "http://127.0.0.1:8111/load_object?new_layer=false&objects=w1421048689", "id_url": "https://www.openstreetmap.org/edit?editor=id&way=1421048689#map=20/45.4730777/9.1516173"}}, {"type": "Feature", "geometry": {"type": "Point", "coordinates": [9.1517541, 45.4731619]}, "properties": {"id": 1421048692, "feat_type": "way", "quality_categories": "crossings_lacking_kerbs", "issue_ids": "[1]", "osm_url": "https://www.openstreetmap.org/way/1421048692", "josm_url": "http://127.0.0.1:8111/load_object?new_layer=false&objects=w1421048692", "id_url": "https://www.openstreetmap.org/edit?editor=id&way=1421048692#map=20/45.4731619/9.1517541"}}, {"type": "Feature", "geometry": {"type": "Point", "coordinates": [9.1516915, 45.473123]}, "properties": {"id": 1421048694, "feat_type": "way", "quality_categories": "crossings_lacking_kerbs", "issue_ids": "[1]", "osm_url": "https://www.openstreetmap.org/way/1421048694", "josm_url": "http://127.0.0.1:8111/load_object?new_layer=false&objects=w1421048694", "id_url": "https://www.openstreetmap.org/edit?editor=id&way=1421048694#map=20/45.473123/9.1516915"}}, {"type": "Feature", "geometry": {"type": "Point", "coordinates": [9.1518003, 45.4731917]}, "properties": {"id": 1421048695, "feat_type": "way", "quality_categories": "crossings_lacking_kerbs", "issue_ids": "[1]", "osm_url": "https://www.openstreetmap.org/way/1421048695", "josm_url": "http://127.0.0.1:8111/load_object?new_layer=false&objects=w1421048695", "id_url": "https://www.openstreetmap.org/edit?editor=id&way=1421048695#map=20/45.4731917/9.1518003"}}, {"type": "Feature", "geometry": {"type": "Point", "coordinates": [9.1764015, 45.445465]}, "properties": {"id": 1421050182, "feat_type": "way", "quality_categories": "crossings_lacking_kerbs", "issue_ids": "[1]", "osm_url": "https://www.openstreetmap.org/way/1421050182", "josm_url": "http://127.0.0.1:8111/load_object?new_layer=false&objects=w1421050182", "id_url": "https://www.openstreetmap.org/edit?editor=id&way=1421050182#map=20/45.445465/9.1764015"}}, {"type": "Feature", "geometry": {"type": "Point", "coordinates": [9.1763722, 45.4455254]}, "properties": {"id": 1421050183, "feat_type": "way", "quality_categories": "crossings_lacking_kerbs", "issue_ids": "[1]", "osm_url": "https://www.openstreetmap.org/way/1421050183", "josm_url": "http://127.0.0.1:8111/load_object?new_layer=false&objects=w1421050183", "id_url": "https://www.openstreetmap.org/edit?editor=id&way=1421050183#map=20/45.4455254/9.1763722"}}, {"type": "Feature", "geometry": {"type": "Point", "coordinates": [9.1531007, 45.4577536]}, "properties": {"id": 1421333614, "feat_type": "way", "quality_categories": "crossings_lacking_kerbs", "issue_ids": "[1]", "osm_url": "https://www.openstreetmap.org/way/1421333614", "josm_url": "http://127.0.0.1:8111/load_object?new_layer=false&objects=w1421333614", "id_url": "https://www.openstreetmap.org/edit?editor=id&way=1421333614#map=20/45.4577536/9.1531007"}}, {"type": "Feature", "geometry": {"type": "Point", "coordinates": [9.1438869, 45.4590129]}, "properties": {"id": 1424244876, "feat_type": "way", "quality_categories": "crossings_lacking_kerbs", "issue_ids": "[1]", "osm_url": "https://www.openstreetmap.org/way/1424244876", "josm_url": "http://127.0.0.1:8111/load_object?new_layer=false&objects=w1424244876", "id_url": "https://www.openstreetmap.org/edit?editor=id&way=1424244876#map=20/45.4590129/9.1438869"}}, {"type": "Feature", "geometry": {"type": "Point", "coordinates": [9.1820894, 45.4732425]}, "properties": {"id": 1424548997, "feat_type": "way", "quality_categories": "crossings_lacking_kerbs", "issue_ids": "[1]", "osm_url": "https://www.openstreetmap.org/way/1424548997", "josm_url": "http://127.0.0.1:8111/load_object?new_layer=false&objects=w1424548997", "id_url": "https://www.openstreetmap.org/edit?editor=id&way=1424548997#map=20/45.4732425/9.1820894"}}, {"type": "Feature", "geometry": {"type": "Point", "coordinates": [9.1818742, 45.4737775]}, "properties": {"id": 1424548998, "feat_type": "way", "quality_categories": "crossings_lacking_kerbs", "issue_ids": "[1]", "osm_url": "https://www.openstreetmap.org/way/1424548998", "josm_url": "http://127.0.0.1:8111/load_object?new_layer=false&objects=w1424548998", "id_url": "https://www.openstreetmap.org/edit?editor=id&way=1424548998#map=20/45.4737775/9.1818742"}}, {"type": "Feature", "geometry": {"type": "Point", "coordinates": [9.181462, 45.4740969]}, "properties": {"id": 1424548999, "feat_type": "way", "quality_categories": "crossings_lacking_kerbs", "issue_ids": "[1]", "osm_url": "https://www.openstreetmap.org/way/1424548999", "josm_url": "http://127.0.0.1:8111/load_object?new_layer=false&objects=w1424548999", "id_url": "https://www.openstreetmap.org/edit?editor=id&way=1424548999#map=20/45.4740969/9.181462"}}, {"type": "Feature", "geometry": {"type": "Point", "coordinates": [9.1816503, 45.4740692]}, "properties": {"id": 1424549000, "feat_type": "way", "quality_categories": "crossings_lacking_kerbs", "issue_ids": "[1]", "osm_url": "https://www.openstreetmap.org/way/1424549000", "josm_url": "http://127.0.0.1:8111/load_object?new_layer=false&objects=w1424549000", "id_url": "https://www.openstreetmap.org/edit?editor=id&way=1424549000#map=20/45.4740692/9.1816503"}}, {"type": "Feature", "geometry": {"type": "Point", "coordinates": [9.1290191, 45.4605708]}, "properties": {"id": 1424655418, "feat_type": "way", "quality_categories": "crossings_lacking_kerbs", "issue_ids": "[1]", "osm_url": "https://www.openstreetmap.org/way/1424655418", "josm_url": "http://127.0.0.1:8111/load_object?new_layer=false&objects=w1424655418", "id_url": "https://www.openstreetmap.org/edit?editor=id&way=1424655418#map=20/45.4605708/9.1290191"}}, {"type": "Feature", "geometry": {"type": "Point", "coordinates": [9.1298466, 45.4595201]}, "properties": {"id": 1426939459, "feat_type": "way", "quality_categories": "crossings_lacking_kerbs", "issue_ids": "[1]", "osm_url": "https://www.openstreetmap.org/way/1426939459", "josm_url": "http://127.0.0.1:8111/load_object?new_layer=false&objects=w1426939459", "id_url": "https://www.openstreetmap.org/edit?editor=id&way=1426939459#map=20/45.4595201/9.1298466"}}, {"type": "Feature", "geometry": {"type": "Point", "coordinates": [9.1266725, 45.4605724]}, "properties": {"id": 1427577642, "feat_type": "way", "quality_categories": "crossings_lacking_kerbs", "issue_ids": "[1]", "osm_url": "https://www.openstreetmap.org/way/1427577642", "josm_url": "http://127.0.0.1:8111/load_object?new_layer=false&objects=w1427577642", "id_url": "https://www.openstreetmap.org/edit?editor=id&way=1427577642#map=20/45.4605724/9.1266725"}}, {"type": "Feature", "geometry": {"type": "Point", "coordinates": [9.0996181, 45.5099212]}, "properties": {"id": 1430656162, "feat_type": "way", "quality_categories": "crossings_lacking_kerbs", "issue_ids": "[1]", "osm_url": "https://www.openstreetmap.org/way/1430656162", "josm_url": "http://127.0.0.1:8111/load_object?new_layer=false&objects=w1430656162", "id_url": "https://www.openstreetmap.org/edit?editor=id&way=1430656162#map=20/45.5099212/9.0996181"}}, {"type": "Feature", "geometry": {"type": "Point", "coordinates": [9.1841918, 45.4910136]}, "properties": {"id": 1430900872, "feat_type": "way", "quality_categories": "crossings_lacking_kerbs", "issue_ids": "[1]", "osm_url": "https://www.openstreetmap.org/way/1430900872", "josm_url": "http://127.0.0.1:8111/load_object?new_layer=false&objects=w1430900872", "id_url": "https://www.openstreetmap.org/edit?editor=id&way=1430900872#map=20/45.4910136/9.1841918"}}, {"type": "Feature", "geometry": {"type": "Point", "coordinates": [9.2425586, 45.43164]}, "properties": {"id": 1431072333, "feat_type": "way", "quality_categories": "crossings_lacking_kerbs", "issue_ids": "[1]", "osm_url": "https://www.openstreetmap.org/way/1431072333", "josm_url": "http://127.0.0.1:8111/load_object?new_layer=false&objects=w1431072333", "id_url": "https://www.openstreetmap.org/edit?editor=id&way=1431072333#map=20/45.43164/9.2425586"}}, {"type": "Feature", "geometry": {"type": "Point", "coordinates": [9.2425012, 45.4315824]}, "properties": {"id": 1431072334, "feat_type": "way", "quality_categories": "crossings_lacking_kerbs", "issue_ids": "[1]", "osm_url": "https://www.openstreetmap.org/way/1431072334", "josm_url": "http://127.0.0.1:8111/load_object?new_layer=false&objects=w1431072334", "id_url": "https://www.openstreetmap.org/edit?editor=id&way=1431072334#map=20/45.4315824/9.2425012"}}, {"type": "Feature", "geometry": {"type": "Point", "coordinates": [9.1501186, 45.4989358]}, "properties": {"id": 1431073865, "feat_type": "way", "quality_categories": "crossings_lacking_kerbs", "issue_ids": "[1]", "osm_url": "https://www.openstreetmap.org/way/1431073865", "josm_url": "http://127.0.0.1:8111/load_object?new_layer=false&objects=w1431073865", "id_url": "https://www.openstreetmap.org/edit?editor=id&way=1431073865#map=20/45.4989358/9.1501186"}}, {"type": "Feature", "geometry": {"type": "Point", "coordinates": [9.1763913, 45.5238674]}, "properties": {"id": 1431074384, "feat_type": "way", "quality_categories": "crossings_lacking_kerbs", "issue_ids": "[1]", "osm_url": "https://www.openstreetmap.org/way/1431074384", "josm_url": "http://127.0.0.1:8111/load_object?new_layer=false&objects=w1431074384", "id_url": "https://www.openstreetmap.org/edit?editor=id&way=1431074384#map=20/45.5238674/9.1763913"}}, {"type": "Feature", "geometry": {"type": "Point", "coordinates": [9.1447333, 45.4930794]}, "properties": {"id": 1431076127, "feat_type": "way", "quality_categories": "crossings_lacking_kerbs", "issue_ids": "[1]", "osm_url": "https://www.openstreetmap.org/way/1431076127", "josm_url": "http://127.0.0.1:8111/load_object?new_layer=false&objects=w1431076127", "id_url": "https://www.openstreetmap.org/edit?editor=id&way=1431076127#map=20/45.4930794/9.1447333"}}, {"type": "Feature", "geometry": {"type": "Point", "coordinates": [9.1448623, 45.4932459]}, "properties": {"id": 1431076130, "feat_type": "way", "quality_categories": "crossings_lacking_kerbs", "issue_ids": "[1]", "osm_url": "https://www.openstreetmap.org/way/1431076130", "josm_url": "http://127.0.0.1:8111/load_object?new_layer=false&objects=w1431076130", "id_url": "https://www.openstreetmap.org/edit?editor=id&way=1431076130#map=20/45.4932459/9.1448623"}}, {"type": "Feature", "geometry": {"type": "Point", "coordinates": [9.1296158, 45.4593813]}, "properties": {"id": 1431077429, "feat_type": "way", "quality_categories": "crossings_lacking_kerbs", "issue_ids": "[1]", "osm_url": "https://www.openstreetmap.org/way/1431077429", "josm_url": "http://127.0.0.1:8111/load_object?new_layer=false&objects=w1431077429", "id_url": "https://www.openstreetmap.org/edit?editor=id&way=1431077429#map=20/45.4593813/9.1296158"}}, {"type": "Feature", "geometry": {"type": "Point", "coordinates": [9.1294207, 45.4595203]}, "properties": {"id": 1431077431, "feat_type": "way", "quality_categories": "crossings_lacking_kerbs", "issue_ids": "[1]", "osm_url": "https://www.openstreetmap.org/way/1431077431", "josm_url": "http://127.0.0.1:8111/load_object?new_layer=false&objects=w1431077431", "id_url": "https://www.openstreetmap.org/edit?editor=id&way=1431077431#map=20/45.4595203/9.1294207"}}, {"type": "Feature", "geometry": {"type": "Point", "coordinates": [9.1296394, 45.4596581]}, "properties": {"id": 1431077433, "feat_type": "way", "quality_categories": "crossings_lacking_kerbs", "issue_ids": "[1]", "osm_url": "https://www.openstreetmap.org/way/1431077433", "josm_url": "http://127.0.0.1:8111/load_object?new_layer=false&objects=w1431077433", "id_url": "https://www.openstreetmap.org/edit?editor=id&way=1431077433#map=20/45.4596581/9.1296394"}}, {"type": "Feature", "geometry": {"type": "Point", "coordinates": [9.1750172, 45.4774676]}, "properties": {"id": 1431077562, "feat_type": "way", "quality_categories": "crossings_lacking_kerbs", "issue_ids": "[1]", "osm_url": "https://www.openstreetmap.org/way/1431077562", "josm_url": "http://127.0.0.1:8111/load_object?new_layer=false&objects=w1431077562", "id_url": "https://www.openstreetmap.org/edit?editor=id&way=1431077562#map=20/45.4774676/9.1750172"}}, {"type": "Feature", "geometry": {"type": "Point", "coordinates": [9.1493704, 45.488521]}, "properties": {"id": 1431077788, "feat_type": "way", "quality_categories": "crossings_lacking_kerbs", "issue_ids": "[1]", "osm_url": "https://www.openstreetmap.org/way/1431077788", "josm_url": "http://127.0.0.1:8111/load_object?new_layer=false&objects=w1431077788", "id_url": "https://www.openstreetmap.org/edit?editor=id&way=1431077788#map=20/45.488521/9.1493704"}}, {"type": "Feature", "geometry": {"type": "Point", "coordinates": [9.1491778, 45.4887467]}, "properties": {"id": 1431077789, "feat_type": "way", "quality_categories": "crossings_lacking_kerbs", "issue_ids": "[1]", "osm_url": "https://www.openstreetmap.org/way/1431077789", "josm_url": "http://127.0.0.1:8111/load_object?new_layer=false&objects=w1431077789", "id_url": "https://www.openstreetmap.org/edit?editor=id&way=1431077789#map=20/45.4887467/9.1491778"}}, {"type": "Feature", "geometry": {"type": "Point", "coordinates": [9.1489884, 45.488618]}, "properties": {"id": 1431077790, "feat_type": "way", "quality_categories": "crossings_lacking_kerbs", "issue_ids": "[1]", "osm_url": "https://www.openstreetmap.org/way/1431077790", "josm_url": "http://127.0.0.1:8111/load_object?new_layer=false&objects=w1431077790", "id_url": "https://www.openstreetmap.org/edit?editor=id&way=1431077790#map=20/45.488618/9.1489884"}}, {"type": "Feature", "geometry": {"type": "Point", "coordinates": [9.1491925, 45.4883981]}, "properties": {"id": 1431077791, "feat_type": "way", "quality_categories": "crossings_lacking_kerbs", "issue_ids": "[1]", "osm_url": "https://www.openstreetmap.org/way/1431077791", "josm_url": "http://127.0.0.1:8111/load_object?new_layer=false&objects=w1431077791", "id_url": "https://www.openstreetmap.org/edit?editor=id&way=1431077791#map=20/45.4883981/9.1491925"}}, {"type": "Feature", "geometry": {"type": "Point", "coordinates": [9.1407812, 45.46737]}, "properties": {"id": 1431080264, "feat_type": "way", "quality_categories": "crossings_lacking_kerbs", "issue_ids": "[1]", "osm_url": "https://www.openstreetmap.org/way/1431080264", "josm_url": "http://127.0.0.1:8111/load_object?new_layer=false&objects=w1431080264", "id_url": "https://www.openstreetmap.org/edit?editor=id&way=1431080264#map=20/45.46737/9.1407812"}}, {"type": "Feature", "geometry": {"type": "Point", "coordinates": [9.1215869, 45.4454592]}, "properties": {"id": 1431081343, "feat_type": "way", "quality_categories": "crossings_lacking_kerbs", "issue_ids": "[1]", "osm_url": "https://www.openstreetmap.org/way/1431081343", "josm_url": "http://127.0.0.1:8111/load_object?new_layer=false&objects=w1431081343", "id_url": "https://www.openstreetmap.org/edit?editor=id&way=1431081343#map=20/45.4454592/9.1215869"}}, {"type": "Feature", "geometry": {"type": "Point", "coordinates": [9.1657278, 45.4735508]}, "properties": {"id": 1431085687, "feat_type": "way", "quality_categories": "crossings_lacking_kerbs", "issue_ids": "[1]", "osm_url": "https://www.openstreetmap.org/way/1431085687", "josm_url": "http://127.0.0.1:8111/load_object?new_layer=false&objects=w1431085687", "id_url": "https://www.openstreetmap.org/edit?editor=id&way=1431085687#map=20/45.4735508/9.1657278"}}, {"type": "Feature", "geometry": {"type": "Point", "coordinates": [9.1658401, 45.4735907]}, "properties": {"id": 1431085691, "feat_type": "way", "quality_categories": "crossings_lacking_kerbs", "issue_ids": "[1]", "osm_url": "https://www.openstreetmap.org/way/1431085691", "josm_url": "http://127.0.0.1:8111/load_object?new_layer=false&objects=w1431085691", "id_url": "https://www.openstreetmap.org/edit?editor=id&way=1431085691#map=20/45.4735907/9.1658401"}}, {"type": "Feature", "geometry": {"type": "Point", "coordinates": [9.1579815, 45.4941299]}, "properties": {"id": 1431087029, "feat_type": "way", "quality_categories": "crossings_lacking_kerbs", "issue_ids": "[1]", "osm_url": "https://www.openstreetmap.org/way/1431087029", "josm_url": "http://127.0.0.1:8111/load_object?new_layer=false&objects=w1431087029", "id_url": "https://www.openstreetmap.org/edit?editor=id&way=1431087029#map=20/45.4941299/9.1579815"}}, {"type": "Feature", "geometry": {"type": "Point", "coordinates": [9.1577749, 45.4942861]}, "properties": {"id": 1431087030, "feat_type": "way", "quality_categories": "crossings_lacking_kerbs", "issue_ids": "[1]", "osm_url": "https://www.openstreetmap.org/way/1431087030", "josm_url": "http://127.0.0.1:8111/load_object?new_layer=false&objects=w1431087030", "id_url": "https://www.openstreetmap.org/edit?editor=id&way=1431087030#map=20/45.4942861/9.1577749"}}, {"type": "Feature", "geometry": {"type": "Point", "coordinates": [9.1899077, 45.480047]}, "properties": {"id": 1431087675, "feat_type": "way", "quality_categories": "crossings_lacking_kerbs", "issue_ids": "[1]", "osm_url": "https://www.openstreetmap.org/way/1431087675", "josm_url": "http://127.0.0.1:8111/load_object?new_layer=false&objects=w1431087675", "id_url": "https://www.openstreetmap.org/edit?editor=id&way=1431087675#map=20/45.480047/9.1899077"}}, {"type": "Feature", "geometry": {"type": "Point", "coordinates": [9.1706501, 45.4704326]}, "properties": {"id": 1431090457, "feat_type": "way", "quality_categories": "crossings_lacking_kerbs", "issue_ids": "[1]", "osm_url": "https://www.openstreetmap.org/way/1431090457", "josm_url": "http://127.0.0.1:8111/load_object?new_layer=false&objects=w1431090457", "id_url": "https://www.openstreetmap.org/edit?editor=id&way=1431090457#map=20/45.4704326/9.1706501"}}, {"type": "Feature", "geometry": {"type": "Point", "coordinates": [9.2174897, 45.4493378]}, "properties": {"id": 1431091282, "feat_type": "way", "quality_categories": "crossings_lacking_kerbs", "issue_ids": "[1]", "osm_url": "https://www.openstreetmap.org/way/1431091282", "josm_url": "http://127.0.0.1:8111/load_object?new_layer=false&objects=w1431091282", "id_url": "https://www.openstreetmap.org/edit?editor=id&way=1431091282#map=20/45.4493378/9.2174897"}}, {"type": "Feature", "geometry": {"type": "Point", "coordinates": [9.2180325, 45.4492492]}, "properties": {"id": 1431091284, "feat_type": "way", "quality_categories": "crossings_lacking_kerbs", "issue_ids": "[1]", "osm_url": "https://www.openstreetmap.org/way/1431091284", "josm_url": "http://127.0.0.1:8111/load_object?new_layer=false&objects=w1431091284", "id_url": "https://www.openstreetmap.org/edit?editor=id&way=1431091284#map=20/45.4492492/9.2180325"}}, {"type": "Feature", "geometry": {"type": "Point", "coordinates": [9.1369046, 45.446966]}, "properties": {"id": 1431091359, "feat_type": "way", "quality_categories": "crossings_lacking_kerbs", "issue_ids": "[1]", "osm_url": "https://www.openstreetmap.org/way/1431091359", "josm_url": "http://127.0.0.1:8111/load_object?new_layer=false&objects=w1431091359", "id_url": "https://www.openstreetmap.org/edit?editor=id&way=1431091359#map=20/45.446966/9.1369046"}}, {"type": "Feature", "geometry": {"type": "Point", "coordinates": [9.1369629, 45.4468694]}, "properties": {"id": 1431091365, "feat_type": "way", "quality_categories": "crossings_lacking_kerbs", "issue_ids": "[1]", "osm_url": "https://www.openstreetmap.org/way/1431091365", "josm_url": "http://127.0.0.1:8111/load_object?new_layer=false&objects=w1431091365", "id_url": "https://www.openstreetmap.org/edit?editor=id&way=1431091365#map=20/45.4468694/9.1369629"}}, {"type": "Feature", "geometry": {"type": "Point", "coordinates": [9.1773213, 45.4267567]}, "properties": {"id": 1431092855, "feat_type": "way", "quality_categories": "crossings_lacking_kerbs", "issue_ids": "[1]", "osm_url": "https://www.openstreetmap.org/way/1431092855", "josm_url": "http://127.0.0.1:8111/load_object?new_layer=false&objects=w1431092855", "id_url": "https://www.openstreetmap.org/edit?editor=id&way=1431092855#map=20/45.4267567/9.1773213"}}, {"type": "Feature", "geometry": {"type": "Point", "coordinates": [9.2349878, 45.4690057]}, "properties": {"id": 1431092975, "feat_type": "way", "quality_categories": "crossings_lacking_kerbs", "issue_ids": "[1]", "osm_url": "https://www.openstreetmap.org/way/1431092975", "josm_url": "http://127.0.0.1:8111/load_object?new_layer=false&objects=w1431092975", "id_url": "https://www.openstreetmap.org/edit?editor=id&way=1431092975#map=20/45.4690057/9.2349878"}}, {"type": "Feature", "geometry": {"type": "Point", "coordinates": [9.1644223, 45.4460149]}, "properties": {"id": 1431095053, "feat_type": "way", "quality_categories": "crossings_lacking_kerbs", "issue_ids": "[1]", "osm_url": "https://www.openstreetmap.org/way/1431095053", "josm_url": "http://127.0.0.1:8111/load_object?new_layer=false&objects=w1431095053", "id_url": "https://www.openstreetmap.org/edit?editor=id&way=1431095053#map=20/45.4460149/9.1644223"}}, {"type": "Feature", "geometry": {"type": "Point", "coordinates": [9.164571, 45.4457789]}, "properties": {"id": 1431095055, "feat_type": "way", "quality_categories": "crossings_lacking_kerbs", "issue_ids": "[1]", "osm_url": "https://www.openstreetmap.org/way/1431095055", "josm_url": "http://127.0.0.1:8111/load_object?new_layer=false&objects=w1431095055", "id_url": "https://www.openstreetmap.org/edit?editor=id&way=1431095055#map=20/45.4457789/9.164571"}}, {"type": "Feature", "geometry": {"type": "Point", "coordinates": [9.1770729, 45.4270458]}, "properties": {"id": 1431095340, "feat_type": "way", "quality_categories": "crossings_lacking_kerbs", "issue_ids": "[1]", "osm_url": "https://www.openstreetmap.org/way/1431095340", "josm_url": "http://127.0.0.1:8111/load_object?new_layer=false&objects=w1431095340", "id_url": "https://www.openstreetmap.org/edit?editor=id&way=1431095340#map=20/45.4270458/9.1770729"}}, {"type": "Feature", "geometry": {"type": "Point", "coordinates": [9.2350013, 45.4667979]}, "properties": {"id": 1431096838, "feat_type": "way", "quality_categories": "crossings_lacking_kerbs", "issue_ids": "[1]", "osm_url": "https://www.openstreetmap.org/way/1431096838", "josm_url": "http://127.0.0.1:8111/load_object?new_layer=false&objects=w1431096838", "id_url": "https://www.openstreetmap.org/edit?editor=id&way=1431096838#map=20/45.4667979/9.2350013"}}, {"type": "Feature", "geometry": {"type": "Point", "coordinates": [9.2241385, 45.4620494]}, "properties": {"id": 1431096882, "feat_type": "way", "quality_categories": "crossings_lacking_kerbs", "issue_ids": "[1]", "osm_url": "https://www.openstreetmap.org/way/1431096882", "josm_url": "http://127.0.0.1:8111/load_object?new_layer=false&objects=w1431096882", "id_url": "https://www.openstreetmap.org/edit?editor=id&way=1431096882#map=20/45.4620494/9.2241385"}}, {"type": "Feature", "geometry": {"type": "Point", "coordinates": [9.1451526, 45.4857665]}, "properties": {"id": 1431108468, "feat_type": "way", "quality_categories": "crossings_lacking_kerbs", "issue_ids": "[1]", "osm_url": "https://www.openstreetmap.org/way/1431108468", "josm_url": "http://127.0.0.1:8111/load_object?new_layer=false&objects=w1431108468", "id_url": "https://www.openstreetmap.org/edit?editor=id&way=1431108468#map=20/45.4857665/9.1451526"}}, {"type": "Feature", "geometry": {"type": "Point", "coordinates": [9.1449543, 45.4859238]}, "properties": {"id": 1431108469, "feat_type": "way", "quality_categories": "crossings_lacking_kerbs", "issue_ids": "[1]", "osm_url": "https://www.openstreetmap.org/way/1431108469", "josm_url": "http://127.0.0.1:8111/load_object?new_layer=false&objects=w1431108469", "id_url": "https://www.openstreetmap.org/edit?editor=id&way=1431108469#map=20/45.4859238/9.1449543"}}, {"type": "Feature", "geometry": {"type": "Point", "coordinates": [9.2053844, 45.4748216]}, "properties": {"id": 1431113586, "feat_type": "way", "quality_categories": "crossings_lacking_kerbs", "issue_ids": "[1]", "osm_url": "https://www.openstreetmap.org/way/1431113586", "josm_url": "http://127.0.0.1:8111/load_object?new_layer=false&objects=w1431113586", "id_url": "https://www.openstreetmap.org/edit?editor=id&way=1431113586#map=20/45.4748216/9.2053844"}}, {"type": "Feature", "geometry": {"type": "Point", "coordinates": [9.2051725, 45.4747723]}, "properties": {"id": 1431113588, "feat_type": "way", "quality_categories": "crossings_lacking_kerbs", "issue_ids": "[1]", "osm_url": "https://www.openstreetmap.org/way/1431113588", "josm_url": "http://127.0.0.1:8111/load_object?new_layer=false&objects=w1431113588", "id_url": "https://www.openstreetmap.org/edit?editor=id&way=1431113588#map=20/45.4747723/9.2051725"}}, {"type": "Feature", "geometry": {"type": "Point", "coordinates": [9.2171701, 45.4834555]}, "properties": {"id": 1431115773, "feat_type": "way", "quality_categories": "crossings_lacking_kerbs", "issue_ids": "[1]", "osm_url": "https://www.openstreetmap.org/way/1431115773", "josm_url": "http://127.0.0.1:8111/load_object?new_layer=false&objects=w1431115773", "id_url": "https://www.openstreetmap.org/edit?editor=id&way=1431115773#map=20/45.4834555/9.2171701"}}, {"type": "Feature", "geometry": {"type": "Point", "coordinates": [9.2172564, 45.483509]}, "properties": {"id": 1431115778, "feat_type": "way", "quality_categories": "crossings_lacking_kerbs", "issue_ids": "[1]", "osm_url": "https://www.openstreetmap.org/way/1431115778", "josm_url": "http://127.0.0.1:8111/load_object?new_layer=false&objects=w1431115778", "id_url": "https://www.openstreetmap.org/edit?editor=id&way=1431115778#map=20/45.483509/9.2172564"}}, {"type": "Feature", "geometry": {"type": "Point", "coordinates": [9.2352747, 45.4620295]}, "properties": {"id": 1431117929, "feat_type": "way", "quality_categories": "crossings_lacking_kerbs", "issue_ids": "[1]", "osm_url": "https://www.openstreetmap.org/way/1431117929", "josm_url": "http://127.0.0.1:8111/load_object?new_layer=false&objects=w1431117929", "id_url": "https://www.openstreetmap.org/edit?editor=id&way=1431117929#map=20/45.4620295/9.2352747"}}, {"type": "Feature", "geometry": {"type": "Point", "coordinates": [9.2352756, 45.4620563]}, "properties": {"id": 1431117931, "feat_type": "way", "quality_categories": "crossings_lacking_kerbs", "issue_ids": "[1]", "osm_url": "https://www.openstreetmap.org/way/1431117931", "josm_url": "http://127.0.0.1:8111/load_object?new_layer=false&objects=w1431117931", "id_url": "https://www.openstreetmap.org/edit?editor=id&way=1431117931#map=20/45.4620563/9.2352756"}}, {"type": "Feature", "geometry": {"type": "Point", "coordinates": [9.1850396, 45.4973579]}, "properties": {"id": 1431121027, "feat_type": "way", "quality_categories": "crossings_lacking_kerbs", "issue_ids": "[1]", "osm_url": "https://www.openstreetmap.org/way/1431121027", "josm_url": "http://127.0.0.1:8111/load_object?new_layer=false&objects=w1431121027", "id_url": "https://www.openstreetmap.org/edit?editor=id&way=1431121027#map=20/45.4973579/9.1850396"}}, {"type": "Feature", "geometry": {"type": "Point", "coordinates": [9.1853567, 45.4973932]}, "properties": {"id": 1431121028, "feat_type": "way", "quality_categories": "crossings_lacking_kerbs", "issue_ids": "[1]", "osm_url": "https://www.openstreetmap.org/way/1431121028", "josm_url": "http://127.0.0.1:8111/load_object?new_layer=false&objects=w1431121028", "id_url": "https://www.openstreetmap.org/edit?editor=id&way=1431121028#map=20/45.4973932/9.1853567"}}, {"type": "Feature", "geometry": {"type": "Point", "coordinates": [9.1865887, 45.4977427]}, "properties": {"id": 1431123100, "feat_type": "way", "quality_categories": "crossings_lacking_kerbs", "issue_ids": "[1]", "osm_url": "https://www.openstreetmap.org/way/1431123100", "josm_url": "http://127.0.0.1:8111/load_object?new_layer=false&objects=w1431123100", "id_url": "https://www.openstreetmap.org/edit?editor=id&way=1431123100#map=20/45.4977427/9.1865887"}}, {"type": "Feature", "geometry": {"type": "Point", "coordinates": [9.1909818, 45.4521659]}, "properties": {"id": 1431124282, "feat_type": "way", "quality_categories": "crossings_lacking_kerbs", "issue_ids": "[1]", "osm_url": "https://www.openstreetmap.org/way/1431124282", "josm_url": "http://127.0.0.1:8111/load_object?new_layer=false&objects=w1431124282", "id_url": "https://www.openstreetmap.org/edit?editor=id&way=1431124282#map=20/45.4521659/9.1909818"}}, {"type": "Feature", "geometry": {"type": "Point", "coordinates": [9.1497775, 45.460576]}, "properties": {"id": 1431124767, "feat_type": "way", "quality_categories": "crossings_lacking_kerbs", "issue_ids": "[1]", "osm_url": "https://www.openstreetmap.org/way/1431124767", "josm_url": "http://127.0.0.1:8111/load_object?new_layer=false&objects=w1431124767", "id_url": "https://www.openstreetmap.org/edit?editor=id&way=1431124767#map=20/45.460576/9.1497775"}}, {"type": "Feature", "geometry": {"type": "Point", "coordinates": [9.2009312, 45.4896922]}, "properties": {"id": 1431125237, "feat_type": "way", "quality_categories": "crossings_lacking_kerbs", "issue_ids": "[1]", "osm_url": "https://www.openstreetmap.org/way/1431125237", "josm_url": "http://127.0.0.1:8111/load_object?new_layer=false&objects=w1431125237", "id_url": "https://www.openstreetmap.org/edit?editor=id&way=1431125237#map=20/45.4896922/9.2009312"}}, {"type": "Feature", "geometry": {"type": "Point", "coordinates": [9.1769506, 45.4838828]}, "properties": {"id": 1431127696, "feat_type": "way", "quality_categories": "crossings_lacking_kerbs", "issue_ids": "[1]", "osm_url": "https://www.openstreetmap.org/way/1431127696", "josm_url": "http://127.0.0.1:8111/load_object?new_layer=false&objects=w1431127696", "id_url": "https://www.openstreetmap.org/edit?editor=id&way=1431127696#map=20/45.4838828/9.1769506"}}, {"type": "Feature", "geometry": {"type": "Point", "coordinates": [9.190247, 45.489011]}, "properties": {"id": 1431128981, "feat_type": "way", "quality_categories": "crossings_lacking_kerbs", "issue_ids": "[1]", "osm_url": "https://www.openstreetmap.org/way/1431128981", "josm_url": "http://127.0.0.1:8111/load_object?new_layer=false&objects=w1431128981", "id_url": "https://www.openstreetmap.org/edit?editor=id&way=1431128981#map=20/45.489011/9.190247"}}, {"type": "Feature", "geometry": {"type": "Point", "coordinates": [9.19016, 45.4889179]}, "properties": {"id": 1431128982, "feat_type": "way", "quality_categories": "crossings_lacking_kerbs", "issue_ids": "[1]", "osm_url": "https://www.openstreetmap.org/way/1431128982", "josm_url": "http://127.0.0.1:8111/load_object?new_layer=false&objects=w1431128982", "id_url": "https://www.openstreetmap.org/edit?editor=id&way=1431128982#map=20/45.4889179/9.19016"}}, {"type": "Feature", "geometry": {"type": "Point", "coordinates": [9.1901826, 45.4888722]}, "properties": {"id": 1431128984, "feat_type": "way", "quality_categories": "crossings_lacking_kerbs", "issue_ids": "[1]", "osm_url": "https://www.openstreetmap.org/way/1431128984", "josm_url": "http://127.0.0.1:8111/load_object?new_layer=false&objects=w1431128984", "id_url": "https://www.openstreetmap.org/edit?editor=id&way=1431128984#map=20/45.4888722/9.1901826"}}, {"type": "Feature", "geometry": {"type": "Point", "coordinates": [9.1597613, 45.4798712]}, "properties": {"id": 1431129307, "feat_type": "way", "quality_categories": "crossings_lacking_kerbs", "issue_ids": "[1]", "osm_url": "https://www.openstreetmap.org/way/1431129307", "josm_url": "http://127.0.0.1:8111/load_object?new_layer=false&objects=w1431129307", "id_url": "https://www.openstreetmap.org/edit?editor=id&way=1431129307#map=20/45.4798712/9.1597613"}}, {"type": "Feature", "geometry": {"type": "Point", "coordinates": [9.1514741, 45.4898865]}, "properties": {"id": 1431129822, "feat_type": "way", "quality_categories": "crossings_lacking_kerbs", "issue_ids": "[1]", "osm_url": "https://www.openstreetmap.org/way/1431129822", "josm_url": "http://127.0.0.1:8111/load_object?new_layer=false&objects=w1431129822", "id_url": "https://www.openstreetmap.org/edit?editor=id&way=1431129822#map=20/45.4898865/9.1514741"}}, {"type": "Feature", "geometry": {"type": "Point", "coordinates": [9.1518821, 45.4901484]}, "properties": {"id": 1431129824, "feat_type": "way", "quality_categories": "crossings_lacking_kerbs", "issue_ids": "[1]", "osm_url": "https://www.openstreetmap.org/way/1431129824", "josm_url": "http://127.0.0.1:8111/load_object?new_layer=false&objects=w1431129824", "id_url": "https://www.openstreetmap.org/edit?editor=id&way=1431129824#map=20/45.4901484/9.1518821"}}, {"type": "Feature", "geometry": {"type": "Point", "coordinates": [9.2215698, 45.4752563]}, "properties": {"id": 1431137013, "feat_type": "way", "quality_categories": "crossings_lacking_kerbs", "issue_ids": "[1]", "osm_url": "https://www.openstreetmap.org/way/1431137013", "josm_url": "http://127.0.0.1:8111/load_object?new_layer=false&objects=w1431137013", "id_url": "https://www.openstreetmap.org/edit?editor=id&way=1431137013#map=20/45.4752563/9.2215698"}}, {"type": "Feature", "geometry": {"type": "Point", "coordinates": [9.2209094, 45.474958]}, "properties": {"id": 1431137017, "feat_type": "way", "quality_categories": "crossings_lacking_kerbs", "issue_ids": "[1]", "osm_url": "https://www.openstreetmap.org/way/1431137017", "josm_url": "http://127.0.0.1:8111/load_object?new_layer=false&objects=w1431137017", "id_url": "https://www.openstreetmap.org/edit?editor=id&way=1431137017#map=20/45.474958/9.2209094"}}, {"type": "Feature", "geometry": {"type": "Point", "coordinates": [9.2080117, 45.4863239]}, "properties": {"id": 1431137782, "feat_type": "way", "quality_categories": "crossings_lacking_kerbs", "issue_ids": "[1]", "osm_url": "https://www.openstreetmap.org/way/1431137782", "josm_url": "http://127.0.0.1:8111/load_object?new_layer=false&objects=w1431137782", "id_url": "https://www.openstreetmap.org/edit?editor=id&way=1431137782#map=20/45.4863239/9.2080117"}}, {"type": "Feature", "geometry": {"type": "Point", "coordinates": [9.1877156, 45.4939745]}, "properties": {"id": 1431141129, "feat_type": "way", "quality_categories": "crossings_lacking_kerbs", "issue_ids": "[1]", "osm_url": "https://www.openstreetmap.org/way/1431141129", "josm_url": "http://127.0.0.1:8111/load_object?new_layer=false&objects=w1431141129", "id_url": "https://www.openstreetmap.org/edit?editor=id&way=1431141129#map=20/45.4939745/9.1877156"}}, {"type": "Feature", "geometry": {"type": "Point", "coordinates": [9.1943066, 45.4958009]}, "properties": {"id": 1431142269, "feat_type": "way", "quality_categories": "crossings_lacking_kerbs", "issue_ids": "[1]", "osm_url": "https://www.openstreetmap.org/way/1431142269", "josm_url": "http://127.0.0.1:8111/load_object?new_layer=false&objects=w1431142269", "id_url": "https://www.openstreetmap.org/edit?editor=id&way=1431142269#map=20/45.4958009/9.1943066"}}, {"type": "Feature", "geometry": {"type": "Point", "coordinates": [9.1944076, 45.4957759]}, "properties": {"id": 1431142271, "feat_type": "way", "quality_categories": "crossings_lacking_kerbs", "issue_ids": "[1]", "osm_url": "https://www.openstreetmap.org/way/1431142271", "josm_url": "http://127.0.0.1:8111/load_object?new_layer=false&objects=w1431142271", "id_url": "https://www.openstreetmap.org/edit?editor=id&way=1431142271#map=20/45.4957759/9.1944076"}}, {"type": "Feature", "geometry": {"type": "Point", "coordinates": [9.1929656, 45.4794951]}, "properties": {"id": 1431143563, "feat_type": "way", "quality_categories": "crossings_lacking_kerbs", "issue_ids": "[1]", "osm_url": "https://www.openstreetmap.org/way/1431143563", "josm_url": "http://127.0.0.1:8111/load_object?new_layer=false&objects=w1431143563", "id_url": "https://www.openstreetmap.org/edit?editor=id&way=1431143563#map=20/45.4794951/9.1929656"}}, {"type": "Feature", "geometry": {"type": "Point", "coordinates": [9.1503256, 45.4740875]}, "properties": {"id": 1431145698, "feat_type": "way", "quality_categories": "crossings_lacking_kerbs", "issue_ids": "[1]", "osm_url": "https://www.openstreetmap.org/way/1431145698", "josm_url": "http://127.0.0.1:8111/load_object?new_layer=false&objects=w1431145698", "id_url": "https://www.openstreetmap.org/edit?editor=id&way=1431145698#map=20/45.4740875/9.1503256"}}, {"type": "Feature", "geometry": {"type": "Point", "coordinates": [9.1505123, 45.4741935]}, "properties": {"id": 1431145699, "feat_type": "way", "quality_categories": "crossings_lacking_kerbs", "issue_ids": "[1]", "osm_url": "https://www.openstreetmap.org/way/1431145699", "josm_url": "http://127.0.0.1:8111/load_object?new_layer=false&objects=w1431145699", "id_url": "https://www.openstreetmap.org/edit?editor=id&way=1431145699#map=20/45.4741935/9.1505123"}}, {"type": "Feature", "geometry": {"type": "Point", "coordinates": [9.1507503, 45.473767]}, "properties": {"id": 1431145702, "feat_type": "way", "quality_categories": "crossings_lacking_kerbs", "issue_ids": "[1]", "osm_url": "https://www.openstreetmap.org/way/1431145702", "josm_url": "http://127.0.0.1:8111/load_object?new_layer=false&objects=w1431145702", "id_url": "https://www.openstreetmap.org/edit?editor=id&way=1431145702#map=20/45.473767/9.1507503"}}, {"type": "Feature", "geometry": {"type": "Point", "coordinates": [9.1505801, 45.4741868]}, "properties": {"id": 1431145704, "feat_type": "way", "quality_categories": "crossings_lacking_kerbs", "issue_ids": "[1]", "osm_url": "https://www.openstreetmap.org/way/1431145704", "josm_url": "http://127.0.0.1:8111/load_object?new_layer=false&objects=w1431145704", "id_url": "https://www.openstreetmap.org/edit?editor=id&way=1431145704#map=20/45.4741868/9.1505801"}}, {"type": "Feature", "geometry": {"type": "Point", "coordinates": [9.2229372, 45.4807802]}, "properties": {"id": 1431147582, "feat_type": "way", "quality_categories": "crossings_lacking_kerbs", "issue_ids": "[1]", "osm_url": "https://www.openstreetmap.org/way/1431147582", "josm_url": "http://127.0.0.1:8111/load_object?new_layer=false&objects=w1431147582", "id_url": "https://www.openstreetmap.org/edit?editor=id&way=1431147582#map=20/45.4807802/9.2229372"}}, {"type": "Feature", "geometry": {"type": "Point", "coordinates": [9.1666988, 45.4678337]}, "properties": {"id": 1431147611, "feat_type": "way", "quality_categories": "crossings_lacking_kerbs", "issue_ids": "[1]", "osm_url": "https://www.openstreetmap.org/way/1431147611", "josm_url": "http://127.0.0.1:8111/load_object?new_layer=false&objects=w1431147611", "id_url": "https://www.openstreetmap.org/edit?editor=id&way=1431147611#map=20/45.4678337/9.1666988"}}, {"type": "Feature", "geometry": {"type": "Point", "coordinates": [9.1541607, 45.4543394]}, "properties": {"id": 1431147975, "feat_type": "way", "quality_categories": "crossings_lacking_kerbs", "issue_ids": "[1]", "osm_url": "https://www.openstreetmap.org/way/1431147975", "josm_url": "http://127.0.0.1:8111/load_object?new_layer=false&objects=w1431147975", "id_url": "https://www.openstreetmap.org/edit?editor=id&way=1431147975#map=20/45.4543394/9.1541607"}}, {"type": "Feature", "geometry": {"type": "Point", "coordinates": [9.1543411, 45.4545069]}, "properties": {"id": 1431147979, "feat_type": "way", "quality_categories": "crossings_lacking_kerbs", "issue_ids": "[1]", "osm_url": "https://www.openstreetmap.org/way/1431147979", "josm_url": "http://127.0.0.1:8111/load_object?new_layer=false&objects=w1431147979", "id_url": "https://www.openstreetmap.org/edit?editor=id&way=1431147979#map=20/45.4545069/9.1543411"}}, {"type": "Feature", "geometry": {"type": "Point", "coordinates": [9.1589079, 45.463136]}, "properties": {"id": 1431150592, "feat_type": "way", "quality_categories": "crossings_lacking_kerbs", "issue_ids": "[1]", "osm_url": "https://www.openstreetmap.org/way/1431150592", "josm_url": "http://127.0.0.1:8111/load_object?new_layer=false&objects=w1431150592", "id_url": "https://www.openstreetmap.org/edit?editor=id&way=1431150592#map=20/45.463136/9.1589079"}}, {"type": "Feature", "geometry": {"type": "Point", "coordinates": [9.1558011, 45.4880932]}, "properties": {"id": 1431150712, "feat_type": "way", "quality_categories": "crossings_lacking_kerbs", "issue_ids": "[1]", "osm_url": "https://www.openstreetmap.org/way/1431150712", "josm_url": "http://127.0.0.1:8111/load_object?new_layer=false&objects=w1431150712", "id_url": "https://www.openstreetmap.org/edit?editor=id&way=1431150712#map=20/45.4880932/9.1558011"}}, {"type": "Feature", "geometry": {"type": "Point", "coordinates": [9.1732319, 45.4437113]}, "properties": {"id": 1431151274, "feat_type": "way", "quality_categories": "crossings_lacking_kerbs", "issue_ids": "[1]", "osm_url": "https://www.openstreetmap.org/way/1431151274", "josm_url": "http://127.0.0.1:8111/load_object?new_layer=false&objects=w1431151274", "id_url": "https://www.openstreetmap.org/edit?editor=id&way=1431151274#map=20/45.4437113/9.1732319"}}, {"type": "Feature", "geometry": {"type": "Point", "coordinates": [9.2174304, 45.4735509]}, "properties": {"id": 1431152996, "feat_type": "way", "quality_categories": "crossings_lacking_kerbs", "issue_ids": "[1]", "osm_url": "https://www.openstreetmap.org/way/1431152996", "josm_url": "http://127.0.0.1:8111/load_object?new_layer=false&objects=w1431152996", "id_url": "https://www.openstreetmap.org/edit?editor=id&way=1431152996#map=20/45.4735509/9.2174304"}}, {"type": "Feature", "geometry": {"type": "Point", "coordinates": [9.2077121, 45.4626521]}, "properties": {"id": 1431154214, "feat_type": "way", "quality_categories": "crossings_lacking_kerbs", "issue_ids": "[1]", "osm_url": "https://www.openstreetmap.org/way/1431154214", "josm_url": "http://127.0.0.1:8111/load_object?new_layer=false&objects=w1431154214", "id_url": "https://www.openstreetmap.org/edit?editor=id&way=1431154214#map=20/45.4626521/9.2077121"}}, {"type": "Feature", "geometry": {"type": "Point", "coordinates": [9.2304024, 45.4620998]}, "properties": {"id": 1431156434, "feat_type": "way", "quality_categories": "crossings_lacking_kerbs", "issue_ids": "[1]", "osm_url": "https://www.openstreetmap.org/way/1431156434", "josm_url": "http://127.0.0.1:8111/load_object?new_layer=false&objects=w1431156434", "id_url": "https://www.openstreetmap.org/edit?editor=id&way=1431156434#map=20/45.4620998/9.2304024"}}, {"type": "Feature", "geometry": {"type": "Point", "coordinates": [9.230078, 45.4621021]}, "properties": {"id": 1431156438, "feat_type": "way", "quality_categories": "crossings_lacking_kerbs", "issue_ids": "[1]", "osm_url": "https://www.openstreetmap.org/way/1431156438", "josm_url": "http://127.0.0.1:8111/load_object?new_layer=false&objects=w1431156438", "id_url": "https://www.openstreetmap.org/edit?editor=id&way=1431156438#map=20/45.4621021/9.230078"}}, {"type": "Feature", "geometry": {"type": "Point", "coordinates": [9.1965282, 45.4780249]}, "properties": {"id": 1431156920, "feat_type": "way", "quality_categories": "crossings_lacking_kerbs", "issue_ids": "[1]", "osm_url": "https://www.openstreetmap.org/way/1431156920", "josm_url": "http://127.0.0.1:8111/load_object?new_layer=false&objects=w1431156920", "id_url": "https://www.openstreetmap.org/edit?editor=id&way=1431156920#map=20/45.4780249/9.1965282"}}, {"type": "Feature", "geometry": {"type": "Point", "coordinates": [9.1962388, 45.4782122]}, "properties": {"id": 1431156923, "feat_type": "way", "quality_categories": "crossings_lacking_kerbs", "issue_ids": "[1]", "osm_url": "https://www.openstreetmap.org/way/1431156923", "josm_url": "http://127.0.0.1:8111/load_object?new_layer=false&objects=w1431156923", "id_url": "https://www.openstreetmap.org/edit?editor=id&way=1431156923#map=20/45.4782122/9.1962388"}}, {"type": "Feature", "geometry": {"type": "Point", "coordinates": [9.1775887, 45.4167134]}, "properties": {"id": 1431469281, "feat_type": "way", "quality_categories": "crossings_lacking_kerbs", "issue_ids": "[1]", "osm_url": "https://www.openstreetmap.org/way/1431469281", "josm_url": "http://127.0.0.1:8111/load_object?new_layer=false&objects=w1431469281", "id_url": "https://www.openstreetmap.org/edit?editor=id&way=1431469281#map=20/45.4167134/9.1775887"}}, {"type": "Feature", "geometry": {"type": "Point", "coordinates": [9.1786943, 45.4192007]}, "properties": {"id": 1431473984, "feat_type": "way", "quality_categories": "crossings_lacking_kerbs", "issue_ids": "[1]", "osm_url": "https://www.openstreetmap.org/way/1431473984", "josm_url": "http://127.0.0.1:8111/load_object?new_layer=false&objects=w1431473984", "id_url": "https://www.openstreetmap.org/edit?editor=id&way=1431473984#map=20/45.4192007/9.1786943"}}, {"type": "Feature", "geometry": {"type": "Point", "coordinates": [9.1789521, 45.4191836]}, "properties": {"id": 1431473985, "feat_type": "way", "quality_categories": "crossings_lacking_kerbs", "issue_ids": "[1]", "osm_url": "https://www.openstreetmap.org/way/1431473985", "josm_url": "http://127.0.0.1:8111/load_object?new_layer=false&objects=w1431473985", "id_url": "https://www.openstreetmap.org/edit?editor=id&way=1431473985#map=20/45.4191836/9.1789521"}}, {"type": "Feature", "geometry": {"type": "Point", "coordinates": [9.1786191, 45.4194155]}, "properties": {"id": 1431473986, "feat_type": "way", "quality_categories": "crossings_lacking_kerbs", "issue_ids": "[1]", "osm_url": "https://www.openstreetmap.org/way/1431473986", "josm_url": "http://127.0.0.1:8111/load_object?new_layer=false&objects=w1431473986", "id_url": "https://www.openstreetmap.org/edit?editor=id&way=1431473986#map=20/45.4194155/9.1786191"}}, {"type": "Feature", "geometry": {"type": "Point", "coordinates": [9.2310902, 45.5231444]}, "properties": {"id": 1431805026, "feat_type": "way", "quality_categories": "crossings_lacking_kerbs", "issue_ids": "[1]", "osm_url": "https://www.openstreetmap.org/way/1431805026", "josm_url": "http://127.0.0.1:8111/load_object?new_layer=false&objects=w1431805026", "id_url": "https://www.openstreetmap.org/edit?editor=id&way=1431805026#map=20/45.5231444/9.2310902"}}, {"type": "Feature", "geometry": {"type": "Point", "coordinates": [9.2475786, 45.5096422]}, "properties": {"id": 1432388793, "feat_type": "way", "quality_categories": "crossings_lacking_kerbs", "issue_ids": "[1]", "osm_url": "https://www.openstreetmap.org/way/1432388793", "josm_url": "http://127.0.0.1:8111/load_object?new_layer=false&objects=w1432388793", "id_url": "https://www.openstreetmap.org/edit?editor=id&way=1432388793#map=20/45.5096422/9.2475786"}}, {"type": "Feature", "geometry": {"type": "Point", "coordinates": [9.1361361, 45.4584624]}, "properties": {"id": 1433174925, "feat_type": "way", "quality_categories": "crossings_lacking_kerbs", "issue_ids": "[1]", "osm_url": "https://www.openstreetmap.org/way/1433174925", "josm_url": "http://127.0.0.1:8111/load_object?new_layer=false&objects=w1433174925", "id_url": "https://www.openstreetmap.org/edit?editor=id&way=1433174925#map=20/45.4584624/9.1361361"}}, {"type": "Feature", "geometry": {"type": "Point", "coordinates": [9.1368905, 45.5130421]}, "properties": {"id": 1433175939, "feat_type": "way", "quality_categories": "crossings_lacking_kerbs", "issue_ids": "[1]", "osm_url": "https://www.openstreetmap.org/way/1433175939", "josm_url": "http://127.0.0.1:8111/load_object?new_layer=false&objects=w1433175939", "id_url": "https://www.openstreetmap.org/edit?editor=id&way=1433175939#map=20/45.5130421/9.1368905"}}, {"type": "Feature", "geometry": {"type": "Point", "coordinates": [9.173328, 45.4229389]}, "properties": {"id": 1433376885, "feat_type": "way", "quality_categories": "crossings_lacking_kerbs", "issue_ids": "[1]", "osm_url": "https://www.openstreetmap.org/way/1433376885", "josm_url": "http://127.0.0.1:8111/load_object?new_layer=false&objects=w1433376885", "id_url": "https://www.openstreetmap.org/edit?editor=id&way=1433376885#map=20/45.4229389/9.173328"}}, {"type": "Feature", "geometry": {"type": "Point", "coordinates": [9.1209878, 45.4597897]}, "properties": {"id": 1433382797, "feat_type": "way", "quality_categories": "crossings_lacking_kerbs", "issue_ids": "[1]", "osm_url": "https://www.openstreetmap.org/way/1433382797", "josm_url": "http://127.0.0.1:8111/load_object?new_layer=false&objects=w1433382797", "id_url": "https://www.openstreetmap.org/edit?editor=id&way=1433382797#map=20/45.4597897/9.1209878"}}, {"type": "Feature", "geometry": {"type": "Point", "coordinates": [9.1301932, 45.467489]}, "properties": {"id": 1433384360, "feat_type": "way", "quality_categories": "crossings_lacking_kerbs", "issue_ids": "[1]", "osm_url": "https://www.openstreetmap.org/way/1433384360", "josm_url": "http://127.0.0.1:8111/load_object?new_layer=false&objects=w1433384360", "id_url": "https://www.openstreetmap.org/edit?editor=id&way=1433384360#map=20/45.467489/9.1301932"}}, {"type": "Feature", "geometry": {"type": "Point", "coordinates": [9.130265, 45.4674256]}, "properties": {"id": 1433384362, "feat_type": "way", "quality_categories": "crossings_lacking_kerbs", "issue_ids": "[1]", "osm_url": "https://www.openstreetmap.org/way/1433384362", "josm_url": "http://127.0.0.1:8111/load_object?new_layer=false&objects=w1433384362", "id_url": "https://www.openstreetmap.org/edit?editor=id&way=1433384362#map=20/45.4674256/9.130265"}}, {"type": "Feature", "geometry": {"type": "Point", "coordinates": [9.2244357, 45.522959]}, "properties": {"id": 1434812465, "feat_type": "way", "quality_categories": "crossings_lacking_kerbs", "issue_ids": "[1]", "osm_url": "https://www.openstreetmap.org/way/1434812465", "josm_url": "http://127.0.0.1:8111/load_object?new_layer=false&objects=w1434812465", "id_url": "https://www.openstreetmap.org/edit?editor=id&way=1434812465#map=20/45.522959/9.2244357"}}, {"type": "Feature", "geometry": {"type": "Point", "coordinates": [9.1388757, 45.5061817]}, "properties": {"id": 1434820721, "feat_type": "way", "quality_categories": "crossings_lacking_kerbs", "issue_ids": "[1]", "osm_url": "https://www.openstreetmap.org/way/1434820721", "josm_url": "http://127.0.0.1:8111/load_object?new_layer=false&objects=w1434820721", "id_url": "https://www.openstreetmap.org/edit?editor=id&way=1434820721#map=20/45.5061817/9.1388757"}}, {"type": "Feature", "geometry": {"type": "Point", "coordinates": [9.1745054, 45.4497676]}, "properties": {"id": 1435189632, "feat_type": "way", "quality_categories": "crossings_lacking_kerbs", "issue_ids": "[1]", "osm_url": "https://www.openstreetmap.org/way/1435189632", "josm_url": "http://127.0.0.1:8111/load_object?new_layer=false&objects=w1435189632", "id_url": "https://www.openstreetmap.org/edit?editor=id&way=1435189632#map=20/45.4497676/9.1745054"}}, {"type": "Feature", "geometry": {"type": "Point", "coordinates": [9.1302912, 45.4640229]}, "properties": {"id": 1437010526, "feat_type": "way", "quality_categories": "crossings_lacking_kerbs", "issue_ids": "[1]", "osm_url": "https://www.openstreetmap.org/way/1437010526", "josm_url": "http://127.0.0.1:8111/load_object?new_layer=false&objects=w1437010526", "id_url": "https://www.openstreetmap.org/edit?editor=id&way=1437010526#map=20/45.4640229/9.1302912"}}, {"type": "Feature", "geometry": {"type": "Point", "coordinates": [9.2196211, 45.4746088]}, "properties": {"id": 1441830405, "feat_type": "way", "quality_categories": "crossings_lacking_kerbs", "issue_ids": "[1]", "osm_url": "https://www.openstreetmap.org/way/1441830405", "josm_url": "http://127.0.0.1:8111/load_object?new_layer=false&objects=w1441830405", "id_url": "https://www.openstreetmap.org/edit?editor=id&way=1441830405#map=20/45.4746088/9.2196211"}}, {"type": "Feature", "geometry": {"type": "Point", "coordinates": [9.1025439, 45.4711168]}, "properties": {"id": 1442966103, "feat_type": "way", "quality_categories": "crossings_lacking_kerbs", "issue_ids": "[1]", "osm_url": "https://www.openstreetmap.org/way/1442966103", "josm_url": "http://127.0.0.1:8111/load_object?new_layer=false&objects=w1442966103", "id_url": "https://www.openstreetmap.org/edit?editor=id&way=1442966103#map=20/45.4711168/9.1025439"}}, {"type": "Feature", "geometry": {"type": "Point", "coordinates": [9.1285337, 45.4618127]}, "properties": {"id": 1443545481, "feat_type": "way", "quality_categories": "crossings_lacking_kerbs", "issue_ids": "[1]", "osm_url": "https://www.openstreetmap.org/way/1443545481", "josm_url": "http://127.0.0.1:8111/load_object?new_layer=false&objects=w1443545481", "id_url": "https://www.openstreetmap.org/edit?editor=id&way=1443545481#map=20/45.4618127/9.1285337"}}, {"type": "Feature", "geometry": {"type": "Point", "coordinates": [9.1404306, 45.5073082]}, "properties": {"id": 1444355814, "feat_type": "way", "quality_categories": "crossings_lacking_kerbs", "issue_ids": "[1]", "osm_url": "https://www.openstreetmap.org/way/1444355814", "josm_url": "http://127.0.0.1:8111/load_object?new_layer=false&objects=w1444355814", "id_url": "https://www.openstreetmap.org/edit?editor=id&way=1444355814#map=20/45.5073082/9.1404306"}}, {"type": "Feature", "geometry": {"type": "Point", "coordinates": [9.1052802, 45.4995991]}, "properties": {"id": 1446552868, "feat_type": "way", "quality_categories": "crossings_lacking_kerbs", "issue_ids": "[1]", "osm_url": "https://www.openstreetmap.org/way/1446552868", "josm_url": "http://127.0.0.1:8111/load_object?new_layer=false&objects=w1446552868", "id_url": "https://www.openstreetmap.org/edit?editor=id&way=1446552868#map=20/45.4995991/9.1052802"}}, {"type": "Feature", "geometry": {"type": "Point", "coordinates": [9.1444359, 45.4985359]}, "properties": {"id": 1446584478, "feat_type": "way", "quality_categories": "crossings_lacking_kerbs", "issue_ids": "[1]", "osm_url": "https://www.openstreetmap.org/way/1446584478", "josm_url": "http://127.0.0.1:8111/load_object?new_layer=false&objects=w1446584478", "id_url": "https://www.openstreetmap.org/edit?editor=id&way=1446584478#map=20/45.4985359/9.1444359"}}, {"type": "Feature", "geometry": {"type": "Point", "coordinates": [9.1435077, 45.4979165]}, "properties": {"id": 1446584480, "feat_type": "way", "quality_categories": "crossings_lacking_kerbs", "issue_ids": "[1]", "osm_url": "https://www.openstreetmap.org/way/1446584480", "josm_url": "http://127.0.0.1:8111/load_object?new_layer=false&objects=w1446584480", "id_url": "https://www.openstreetmap.org/edit?editor=id&way=1446584480#map=20/45.4979165/9.1435077"}}, {"type": "Feature", "geometry": {"type": "Point", "coordinates": [9.1492219, 45.5010812]}, "properties": {"id": 1446593807, "feat_type": "way", "quality_categories": "crossings_lacking_kerbs", "issue_ids": "[1]", "osm_url": "https://www.openstreetmap.org/way/1446593807", "josm_url": "http://127.0.0.1:8111/load_object?new_layer=false&objects=w1446593807", "id_url": "https://www.openstreetmap.org/edit?editor=id&way=1446593807#map=20/45.5010812/9.1492219"}}, {"type": "Feature", "geometry": {"type": "Point", "coordinates": [9.1619375, 45.476552]}, "properties": {"id": 1446710862, "feat_type": "way", "quality_categories": "crossings_lacking_kerbs", "issue_ids": "[1]", "osm_url": "https://www.openstreetmap.org/way/1446710862", "josm_url": "http://127.0.0.1:8111/load_object?new_layer=false&objects=w1446710862", "id_url": "https://www.openstreetmap.org/edit?editor=id&way=1446710862#map=20/45.476552/9.1619375"}}, {"type": "Feature", "geometry": {"type": "Point", "coordinates": [9.1269712, 45.4613207]}, "properties": {"id": 1446774676, "feat_type": "way", "quality_categories": "crossings_lacking_kerbs", "issue_ids": "[1]", "osm_url": "https://www.openstreetmap.org/way/1446774676", "josm_url": "http://127.0.0.1:8111/load_object?new_layer=false&objects=w1446774676", "id_url": "https://www.openstreetmap.org/edit?editor=id&way=1446774676#map=20/45.4613207/9.1269712"}}, {"type": "Feature", "geometry": {"type": "Point", "coordinates": [9.1336381, 45.4628041]}, "properties": {"id": 1447226854, "feat_type": "way", "quality_categories": "crossings_lacking_kerbs", "issue_ids": "[1]", "osm_url": "https://www.openstreetmap.org/way/1447226854", "josm_url": "http://127.0.0.1:8111/load_object?new_layer=false&objects=w1447226854", "id_url": "https://www.openstreetmap.org/edit?editor=id&way=1447226854#map=20/45.4628041/9.1336381"}}, {"type": "Feature", "geometry": {"type": "Point", "coordinates": [9.1678924, 45.5071434]}, "properties": {"id": 1447495186, "feat_type": "way", "quality_categories": "crossings_lacking_kerbs", "issue_ids": "[1]", "osm_url": "https://www.openstreetmap.org/way/1447495186", "josm_url": "http://127.0.0.1:8111/load_object?new_layer=false&objects=w1447495186", "id_url": "https://www.openstreetmap.org/edit?editor=id&way=1447495186#map=20/45.5071434/9.1678924"}}, {"type": "Feature", "geometry": {"type": "Point", "coordinates": [9.1736651, 45.5204287]}, "properties": {"id": 1447515787, "feat_type": "way", "quality_categories": "crossings_lacking_kerbs", "issue_ids": "[1]", "osm_url": "https://www.openstreetmap.org/way/1447515787", "josm_url": "http://127.0.0.1:8111/load_object?new_layer=false&objects=w1447515787", "id_url": "https://www.openstreetmap.org/edit?editor=id&way=1447515787#map=20/45.5204287/9.1736651"}}, {"type": "Feature", "geometry": {"type": "Point", "coordinates": [9.1735569, 45.520436]}, "properties": {"id": 1447515788, "feat_type": "way", "quality_categories": "crossings_lacking_kerbs", "issue_ids": "[1]", "osm_url": "https://www.openstreetmap.org/way/1447515788", "josm_url": "http://127.0.0.1:8111/load_object?new_layer=false&objects=w1447515788", "id_url": "https://www.openstreetmap.org/edit?editor=id&way=1447515788#map=20/45.520436/9.1735569"}}, {"type": "Feature", "geometry": {"type": "Point", "coordinates": [9.1856617, 45.4497668]}, "properties": {"id": 1447532905, "feat_type": "way", "quality_categories": "crossings_lacking_kerbs", "issue_ids": "[1]", "osm_url": "https://www.openstreetmap.org/way/1447532905", "josm_url": "http://127.0.0.1:8111/load_object?new_layer=false&objects=w1447532905", "id_url": "https://www.openstreetmap.org/edit?editor=id&way=1447532905#map=20/45.4497668/9.1856617"}}, {"type": "Feature", "geometry": {"type": "Point", "coordinates": [9.1743948, 45.4372281]}, "properties": {"id": 1447548457, "feat_type": "way", "quality_categories": "crossings_lacking_kerbs", "issue_ids": "[1]", "osm_url": "https://www.openstreetmap.org/way/1447548457", "josm_url": "http://127.0.0.1:8111/load_object?new_layer=false&objects=w1447548457", "id_url": "https://www.openstreetmap.org/edit?editor=id&way=1447548457#map=20/45.4372281/9.1743948"}}, {"type": "Feature", "geometry": {"type": "Point", "coordinates": [9.1744626, 45.4372207]}, "properties": {"id": 1447548458, "feat_type": "way", "quality_categories": "crossings_lacking_kerbs", "issue_ids": "[1]", "osm_url": "https://www.openstreetmap.org/way/1447548458", "josm_url": "http://127.0.0.1:8111/load_object?new_layer=false&objects=w1447548458", "id_url": "https://www.openstreetmap.org/edit?editor=id&way=1447548458#map=20/45.4372207/9.1744626"}}, {"type": "Feature", "geometry": {"type": "Point", "coordinates": [9.1135666, 45.4433512]}, "properties": {"id": 1447775191, "feat_type": "way", "quality_categories": "crossings_lacking_kerbs", "issue_ids": "[1]", "osm_url": "https://www.openstreetmap.org/way/1447775191", "josm_url": "http://127.0.0.1:8111/load_object?new_layer=false&objects=w1447775191", "id_url": "https://www.openstreetmap.org/edit?editor=id&way=1447775191#map=20/45.4433512/9.1135666"}}, {"type": "Feature", "geometry": {"type": "Point", "coordinates": [9.1870613, 45.5069179]}, "properties": {"id": 1447792743, "feat_type": "way", "quality_categories": "crossings_lacking_kerbs", "issue_ids": "[1]", "osm_url": "https://www.openstreetmap.org/way/1447792743", "josm_url": "http://127.0.0.1:8111/load_object?new_layer=false&objects=w1447792743", "id_url": "https://www.openstreetmap.org/edit?editor=id&way=1447792743#map=20/45.5069179/9.1870613"}}, {"type": "Feature", "geometry": {"type": "Point", "coordinates": [9.1764084, 45.5141115]}, "properties": {"id": 1447807401, "feat_type": "way", "quality_categories": "crossings_lacking_kerbs", "issue_ids": "[1]", "osm_url": "https://www.openstreetmap.org/way/1447807401", "josm_url": "http://127.0.0.1:8111/load_object?new_layer=false&objects=w1447807401", "id_url": "https://www.openstreetmap.org/edit?editor=id&way=1447807401#map=20/45.5141115/9.1764084"}}, {"type": "Feature", "geometry": {"type": "Point", "coordinates": [9.1752095, 45.5153621]}, "properties": {"id": 1447807411, "feat_type": "way", "quality_categories": "crossings_lacking_kerbs", "issue_ids": "[1]", "osm_url": "https://www.openstreetmap.org/way/1447807411", "josm_url": "http://127.0.0.1:8111/load_object?new_layer=false&objects=w1447807411", "id_url": "https://www.openstreetmap.org/edit?editor=id&way=1447807411#map=20/45.5153621/9.1752095"}}, {"type": "Feature", "geometry": {"type": "Point", "coordinates": [9.1465115, 45.4862044]}, "properties": {"id": 1448012174, "feat_type": "way", "quality_categories": "crossings_lacking_kerbs", "issue_ids": "[1]", "osm_url": "https://www.openstreetmap.org/way/1448012174", "josm_url": "http://127.0.0.1:8111/load_object?new_layer=false&objects=w1448012174", "id_url": "https://www.openstreetmap.org/edit?editor=id&way=1448012174#map=20/45.4862044/9.1465115"}}, {"type": "Feature", "geometry": {"type": "Point", "coordinates": [9.255258, 45.5110879]}, "properties": {"id": 1448036498, "feat_type": "way", "quality_categories": "crossings_lacking_kerbs", "issue_ids": "[1]", "osm_url": "https://www.openstreetmap.org/way/1448036498", "josm_url": "http://127.0.0.1:8111/load_object?new_layer=false&objects=w1448036498", "id_url": "https://www.openstreetmap.org/edit?editor=id&way=1448036498#map=20/45.5110879/9.255258"}}, {"type": "Feature", "geometry": {"type": "Point", "coordinates": [9.2550096, 45.5113109]}, "properties": {"id": 1448036502, "feat_type": "way", "quality_categories": "crossings_lacking_kerbs", "issue_ids": "[1]", "osm_url": "https://www.openstreetmap.org/way/1448036502", "josm_url": "http://127.0.0.1:8111/load_object?new_layer=false&objects=w1448036502", "id_url": "https://www.openstreetmap.org/edit?editor=id&way=1448036502#map=20/45.5113109/9.2550096"}}, {"type": "Feature", "geometry": {"type": "Point", "coordinates": [9.2532592, 45.5120695]}, "properties": {"id": 1448039790, "feat_type": "way", "quality_categories": "crossings_lacking_kerbs", "issue_ids": "[1]", "osm_url": "https://www.openstreetmap.org/way/1448039790", "josm_url": "http://127.0.0.1:8111/load_object?new_layer=false&objects=w1448039790", "id_url": "https://www.openstreetmap.org/edit?editor=id&way=1448039790#map=20/45.5120695/9.2532592"}}, {"type": "Feature", "geometry": {"type": "Point", "coordinates": [9.1458229, 45.4852032]}, "properties": {"id": 1448040761, "feat_type": "way", "quality_categories": "crossings_lacking_kerbs", "issue_ids": "[1]", "osm_url": "https://www.openstreetmap.org/way/1448040761", "josm_url": "http://127.0.0.1:8111/load_object?new_layer=false&objects=w1448040761", "id_url": "https://www.openstreetmap.org/edit?editor=id&way=1448040761#map=20/45.4852032/9.1458229"}}, {"type": "Feature", "geometry": {"type": "Point", "coordinates": [9.1306531, 45.498512]}, "properties": {"id": 1448051773, "feat_type": "way", "quality_categories": "crossings_lacking_kerbs", "issue_ids": "[1]", "osm_url": "https://www.openstreetmap.org/way/1448051773", "josm_url": "http://127.0.0.1:8111/load_object?new_layer=false&objects=w1448051773", "id_url": "https://www.openstreetmap.org/edit?editor=id&way=1448051773#map=20/45.498512/9.1306531"}}, {"type": "Feature", "geometry": {"type": "Point", "coordinates": [9.2234974, 45.4761767]}, "properties": {"id": 1448059749, "feat_type": "way", "quality_categories": "crossings_lacking_kerbs", "issue_ids": "[1]", "osm_url": "https://www.openstreetmap.org/way/1448059749", "josm_url": "http://127.0.0.1:8111/load_object?new_layer=false&objects=w1448059749", "id_url": "https://www.openstreetmap.org/edit?editor=id&way=1448059749#map=20/45.4761767/9.2234974"}}, {"type": "Feature", "geometry": {"type": "Point", "coordinates": [9.2240249, 45.4751279]}, "properties": {"id": 1448065051, "feat_type": "way", "quality_categories": "crossings_lacking_kerbs", "issue_ids": "[1]", "osm_url": "https://www.openstreetmap.org/way/1448065051", "josm_url": "http://127.0.0.1:8111/load_object?new_layer=false&objects=w1448065051", "id_url": "https://www.openstreetmap.org/edit?editor=id&way=1448065051#map=20/45.4751279/9.2240249"}}, {"type": "Feature", "geometry": {"type": "Point", "coordinates": [9.1426637, 45.4485956]}, "properties": {"id": 1449493328, "feat_type": "way", "quality_categories": "crossings_lacking_kerbs", "issue_ids": "[1]", "osm_url": "https://www.openstreetmap.org/way/1449493328", "josm_url": "http://127.0.0.1:8111/load_object?new_layer=false&objects=w1449493328", "id_url": "https://www.openstreetmap.org/edit?editor=id&way=1449493328#map=20/45.4485956/9.1426637"}}, {"type": "Feature", "geometry": {"type": "Point", "coordinates": [9.2318604, 45.4934367]}, "properties": {"id": 1449495914, "feat_type": "way", "quality_categories": "crossings_lacking_kerbs", "issue_ids": "[1]", "osm_url": "https://www.openstreetmap.org/way/1449495914", "josm_url": "http://127.0.0.1:8111/load_object?new_layer=false&objects=w1449495914", "id_url": "https://www.openstreetmap.org/edit?editor=id&way=1449495914#map=20/45.4934367/9.2318604"}}, {"type": "Feature", "geometry": {"type": "Point", "coordinates": [9.232, 45.4935316]}, "properties": {"id": 1449495916, "feat_type": "way", "quality_categories": "crossings_lacking_kerbs", "issue_ids": "[1]", "osm_url": "https://www.openstreetmap.org/way/1449495916", "josm_url": "http://127.0.0.1:8111/load_object?new_layer=false&objects=w1449495916", "id_url": "https://www.openstreetmap.org/edit?editor=id&way=1449495916#map=20/45.4935316/9.232"}}, {"type": "Feature", "geometry": {"type": "Point", "coordinates": [9.1793017, 45.4675396]}, "properties": {"id": 1449719683, "feat_type": "way", "quality_categories": "crossings_lacking_kerbs", "issue_ids": "[1]", "osm_url": "https://www.openstreetmap.org/way/1449719683", "josm_url": "http://127.0.0.1:8111/load_object?new_layer=false&objects=w1449719683", "id_url": "https://www.openstreetmap.org/edit?editor=id&way=1449719683#map=20/45.4675396/9.1793017"}}, {"type": "Feature", "geometry": {"type": "Point", "coordinates": [9.1506527, 45.4599361]}, "properties": {"id": 1449816883, "feat_type": "way", "quality_categories": "crossings_lacking_kerbs", "issue_ids": "[1]", "osm_url": "https://www.openstreetmap.org/way/1449816883", "josm_url": "http://127.0.0.1:8111/load_object?new_layer=false&objects=w1449816883", "id_url": "https://www.openstreetmap.org/edit?editor=id&way=1449816883#map=20/45.4599361/9.1506527"}}, {"type": "Feature", "geometry": {"type": "Point", "coordinates": [9.1507673, 45.4598841]}, "properties": {"id": 1449816885, "feat_type": "way", "quality_categories": "crossings_lacking_kerbs", "issue_ids": "[1]", "osm_url": "https://www.openstreetmap.org/way/1449816885", "josm_url": "http://127.0.0.1:8111/load_object?new_layer=false&objects=w1449816885", "id_url": "https://www.openstreetmap.org/edit?editor=id&way=1449816885#map=20/45.4598841/9.1507673"}}, {"type": "Feature", "geometry": {"type": "Point", "coordinates": [9.1580115, 45.4628607]}, "properties": {"id": 1449871219, "feat_type": "way", "quality_categories": "crossings_lacking_kerbs", "issue_ids": "[1]", "osm_url": "https://www.openstreetmap.org/way/1449871219", "josm_url": "http://127.0.0.1:8111/load_object?new_layer=false&objects=w1449871219", "id_url": "https://www.openstreetmap.org/edit?editor=id&way=1449871219#map=20/45.4628607/9.1580115"}}, {"type": "Feature", "geometry": {"type": "Point", "coordinates": [9.2106244, 45.4802015]}, "properties": {"id": 1449885489, "feat_type": "way", "quality_categories": "crossings_lacking_kerbs", "issue_ids": "[1]", "osm_url": "https://www.openstreetmap.org/way/1449885489", "josm_url": "http://127.0.0.1:8111/load_object?new_layer=false&objects=w1449885489", "id_url": "https://www.openstreetmap.org/edit?editor=id&way=1449885489#map=20/45.4802015/9.2106244"}}, {"type": "Feature", "geometry": {"type": "Point", "coordinates": [9.1812335, 45.4829407]}, "properties": {"id": 1449886586, "feat_type": "way", "quality_categories": "crossings_lacking_kerbs", "issue_ids": "[1]", "osm_url": "https://www.openstreetmap.org/way/1449886586", "josm_url": "http://127.0.0.1:8111/load_object?new_layer=false&objects=w1449886586", "id_url": "https://www.openstreetmap.org/edit?editor=id&way=1449886586#map=20/45.4829407/9.1812335"}}, {"type": "Feature", "geometry": {"type": "Point", "coordinates": [9.1812909, 45.4829635]}, "properties": {"id": 1449886589, "feat_type": "way", "quality_categories": "crossings_lacking_kerbs", "issue_ids": "[1]", "osm_url": "https://www.openstreetmap.org/way/1449886589", "josm_url": "http://127.0.0.1:8111/load_object?new_layer=false&objects=w1449886589", "id_url": "https://www.openstreetmap.org/edit?editor=id&way=1449886589#map=20/45.4829635/9.1812909"}}, {"type": "Feature", "geometry": {"type": "Point", "coordinates": [9.1696409, 45.4585085]}, "properties": {"id": 1449886915, "feat_type": "way", "quality_categories": "crossings_lacking_kerbs", "issue_ids": "[1]", "osm_url": "https://www.openstreetmap.org/way/1449886915", "josm_url": "http://127.0.0.1:8111/load_object?new_layer=false&objects=w1449886915", "id_url": "https://www.openstreetmap.org/edit?editor=id&way=1449886915#map=20/45.4585085/9.1696409"}}, {"type": "Feature", "geometry": {"type": "Point", "coordinates": [9.1704751, 45.4571491]}, "properties": {"id": 1449886921, "feat_type": "way", "quality_categories": "crossings_lacking_kerbs", "issue_ids": "[1]", "osm_url": "https://www.openstreetmap.org/way/1449886921", "josm_url": "http://127.0.0.1:8111/load_object?new_layer=false&objects=w1449886921", "id_url": "https://www.openstreetmap.org/edit?editor=id&way=1449886921#map=20/45.4571491/9.1704751"}}, {"type": "Feature", "geometry": {"type": "Point", "coordinates": [9.1509787, 45.4810289]}, "properties": {"id": 1450746779, "feat_type": "way", "quality_categories": "crossings_lacking_kerbs", "issue_ids": "[1]", "osm_url": "https://www.openstreetmap.org/way/1450746779", "josm_url": "http://127.0.0.1:8111/load_object?new_layer=false&objects=w1450746779", "id_url": "https://www.openstreetmap.org/edit?editor=id&way=1450746779#map=20/45.4810289/9.1509787"}}, {"type": "Feature", "geometry": {"type": "Point", "coordinates": [9.1950476, 45.4434698]}, "properties": {"id": 1451066016, "feat_type": "way", "quality_categories": "crossings_lacking_kerbs", "issue_ids": "[1]", "osm_url": "https://www.openstreetmap.org/way/1451066016", "josm_url": "http://127.0.0.1:8111/load_object?new_layer=false&objects=w1451066016", "id_url": "https://www.openstreetmap.org/edit?editor=id&way=1451066016#map=20/45.4434698/9.1950476"}}, {"type": "Feature", "geometry": {"type": "Point", "coordinates": [9.1312154, 45.4666936]}, "properties": {"id": 1453215302, "feat_type": "way", "quality_categories": "crossings_lacking_kerbs", "issue_ids": "[1]", "osm_url": "https://www.openstreetmap.org/way/1453215302", "josm_url": "http://127.0.0.1:8111/load_object?new_layer=false&objects=w1453215302", "id_url": "https://www.openstreetmap.org/edit?editor=id&way=1453215302#map=20/45.4666936/9.1312154"}}, {"type": "Feature", "geometry": {"type": "Point", "coordinates": [9.1801025, 45.4166564]}, "properties": {"id": 1453528394, "feat_type": "way", "quality_categories": "crossings_lacking_kerbs", "issue_ids": "[1]", "osm_url": "https://www.openstreetmap.org/way/1453528394", "josm_url": "http://127.0.0.1:8111/load_object?new_layer=false&objects=w1453528394", "id_url": "https://www.openstreetmap.org/edit?editor=id&way=1453528394#map=20/45.4166564/9.1801025"}}, {"type": "Feature", "geometry": {"type": "Point", "coordinates": [9.1243709, 45.5210199]}, "properties": {"id": 1454405194, "feat_type": "way", "quality_categories": "crossings_lacking_kerbs", "issue_ids": "[1]", "osm_url": "https://www.openstreetmap.org/way/1454405194", "josm_url": "http://127.0.0.1:8111/load_object?new_layer=false&objects=w1454405194", "id_url": "https://www.openstreetmap.org/edit?editor=id&way=1454405194#map=20/45.5210199/9.1243709"}}, {"type": "Feature", "geometry": {"type": "Point", "coordinates": [9.1227903, 45.5204745]}, "properties": {"id": 1454405195, "feat_type": "way", "quality_categories": "crossings_lacking_kerbs", "issue_ids": "[1]", "osm_url": "https://www.openstreetmap.org/way/1454405195", "josm_url": "http://127.0.0.1:8111/load_object?new_layer=false&objects=w1454405195", "id_url": "https://www.openstreetmap.org/edit?editor=id&way=1454405195#map=20/45.5204745/9.1227903"}}, {"type": "Feature", "geometry": {"type": "Point", "coordinates": [9.101093, 45.505944]}, "properties": {"id": 1455927730, "feat_type": "way", "quality_categories": "crossings_lacking_kerbs", "issue_ids": "[1]", "osm_url": "https://www.openstreetmap.org/way/1455927730", "josm_url": "http://127.0.0.1:8111/load_object?new_layer=false&objects=w1455927730", "id_url": "https://www.openstreetmap.org/edit?editor=id&way=1455927730#map=20/45.505944/9.101093"}}, {"type": "Feature", "geometry": {"type": "Point", "coordinates": [9.1010664, 45.5059237]}, "properties": {"id": 1455927731, "feat_type": "way", "quality_categories": "crossings_lacking_kerbs", "issue_ids": "[1]", "osm_url": "https://www.openstreetmap.org/way/1455927731", "josm_url": "http://127.0.0.1:8111/load_object?new_layer=false&objects=w1455927731", "id_url": "https://www.openstreetmap.org/edit?editor=id&way=1455927731#map=20/45.5059237/9.1010664"}}, {"type": "Feature", "geometry": {"type": "Point", "coordinates": [9.1367015, 45.4662337]}, "properties": {"id": 1455933978, "feat_type": "way", "quality_categories": "crossings_lacking_kerbs", "issue_ids": "[1]", "osm_url": "https://www.openstreetmap.org/way/1455933978", "josm_url": "http://127.0.0.1:8111/load_object?new_layer=false&objects=w1455933978", "id_url": "https://www.openstreetmap.org/edit?editor=id&way=1455933978#map=20/45.4662337/9.1367015"}}, {"type": "Feature", "geometry": {"type": "Point", "coordinates": [9.1130276, 45.4602481]}, "properties": {"id": 1455933979, "feat_type": "way", "quality_categories": "crossings_lacking_kerbs", "issue_ids": "[1]", "osm_url": "https://www.openstreetmap.org/way/1455933979", "josm_url": "http://127.0.0.1:8111/load_object?new_layer=false&objects=w1455933979", "id_url": "https://www.openstreetmap.org/edit?editor=id&way=1455933979#map=20/45.4602481/9.1130276"}}, {"type": "Feature", "geometry": {"type": "Point", "coordinates": [9.2137406, 45.4572032]}, "properties": {"id": 1456128509, "feat_type": "way", "quality_categories": "crossings_lacking_kerbs", "issue_ids": "[1]", "osm_url": "https://www.openstreetmap.org/way/1456128509", "josm_url": "http://127.0.0.1:8111/load_object?new_layer=false&objects=w1456128509", "id_url": "https://www.openstreetmap.org/edit?editor=id&way=1456128509#map=20/45.4572032/9.2137406"}}, {"type": "Feature", "geometry": {"type": "Point", "coordinates": [9.1440424, 45.4536019]}, "properties": {"id": 1459121489, "feat_type": "way", "quality_categories": "crossings_lacking_kerbs", "issue_ids": "[1]", "osm_url": "https://www.openstreetmap.org/way/1459121489", "josm_url": "http://127.0.0.1:8111/load_object?new_layer=false&objects=w1459121489", "id_url": "https://www.openstreetmap.org/edit?editor=id&way=1459121489#map=20/45.4536019/9.1440424"}}, {"type": "Feature", "geometry": {"type": "Point", "coordinates": [9.2057472, 45.4444462]}, "properties": {"id": 1460396610, "feat_type": "way", "quality_categories": "crossings_lacking_kerbs", "issue_ids": "[1]", "osm_url": "https://www.openstreetmap.org/way/1460396610", "josm_url": "http://127.0.0.1:8111/load_object?new_layer=false&objects=w1460396610", "id_url": "https://www.openstreetmap.org/edit?editor=id&way=1460396610#map=20/45.4444462/9.2057472"}}, {"type": "Feature", "geometry": {"type": "Point", "coordinates": [9.2054755, 45.4444299]}, "properties": {"id": 1460396611, "feat_type": "way", "quality_categories": "crossings_lacking_kerbs", "issue_ids": "[1]", "osm_url": "https://www.openstreetmap.org/way/1460396611", "josm_url": "http://127.0.0.1:8111/load_object?new_layer=false&objects=w1460396611", "id_url": "https://www.openstreetmap.org/edit?editor=id&way=1460396611#map=20/45.4444299/9.2054755"}}, {"type": "Feature", "geometry": {"type": "Point", "coordinates": [9.1769039, 45.4229258]}, "properties": {"id": 1460398775, "feat_type": "way", "quality_categories": "crossings_lacking_kerbs", "issue_ids": "[1]", "osm_url": "https://www.openstreetmap.org/way/1460398775", "josm_url": "http://127.0.0.1:8111/load_object?new_layer=false&objects=w1460398775", "id_url": "https://www.openstreetmap.org/edit?editor=id&way=1460398775#map=20/45.4229258/9.1769039"}}, {"type": "Feature", "geometry": {"type": "Point", "coordinates": [9.1608377, 45.4325353]}, "properties": {"id": 1460401377, "feat_type": "way", "quality_categories": "crossings_lacking_kerbs", "issue_ids": "[1]", "osm_url": "https://www.openstreetmap.org/way/1460401377", "josm_url": "http://127.0.0.1:8111/load_object?new_layer=false&objects=w1460401377", "id_url": "https://www.openstreetmap.org/edit?editor=id&way=1460401377#map=20/45.4325353/9.1608377"}}, {"type": "Feature", "geometry": {"type": "Point", "coordinates": [9.1641184, 45.4349098]}, "properties": {"id": 1460401750, "feat_type": "way", "quality_categories": "crossings_lacking_kerbs", "issue_ids": "[1]", "osm_url": "https://www.openstreetmap.org/way/1460401750", "josm_url": "http://127.0.0.1:8111/load_object?new_layer=false&objects=w1460401750", "id_url": "https://www.openstreetmap.org/edit?editor=id&way=1460401750#map=20/45.4349098/9.1641184"}}, {"type": "Feature", "geometry": {"type": "Point", "coordinates": [9.147316, 45.4368923]}, "properties": {"id": 1460403984, "feat_type": "way", "quality_categories": "crossings_lacking_kerbs", "issue_ids": "[1]", "osm_url": "https://www.openstreetmap.org/way/1460403984", "josm_url": "http://127.0.0.1:8111/load_object?new_layer=false&objects=w1460403984", "id_url": "https://www.openstreetmap.org/edit?editor=id&way=1460403984#map=20/45.4368923/9.147316"}}, {"type": "Feature", "geometry": {"type": "Point", "coordinates": [9.0971295, 45.5061531]}, "properties": {"id": 1460413125, "feat_type": "way", "quality_categories": "crossings_lacking_kerbs", "issue_ids": "[1]", "osm_url": "https://www.openstreetmap.org/way/1460413125", "josm_url": "http://127.0.0.1:8111/load_object?new_layer=false&objects=w1460413125", "id_url": "https://www.openstreetmap.org/edit?editor=id&way=1460413125#map=20/45.5061531/9.0971295"}}, {"type": "Feature", "geometry": {"type": "Point", "coordinates": [9.1153943, 45.476328]}, "properties": {"id": 1460459146, "feat_type": "way", "quality_categories": "crossings_lacking_kerbs", "issue_ids": "[1]", "osm_url": "https://www.openstreetmap.org/way/1460459146", "josm_url": "http://127.0.0.1:8111/load_object?new_layer=false&objects=w1460459146", "id_url": "https://www.openstreetmap.org/edit?editor=id&way=1460459146#map=20/45.476328/9.1153943"}}, {"type": "Feature", "geometry": {"type": "Point", "coordinates": [9.1784332, 45.516454]}, "properties": {"id": 1460462492, "feat_type": "way", "quality_categories": "crossings_lacking_kerbs", "issue_ids": "[1]", "osm_url": "https://www.openstreetmap.org/way/1460462492", "josm_url": "http://127.0.0.1:8111/load_object?new_layer=false&objects=w1460462492", "id_url": "https://www.openstreetmap.org/edit?editor=id&way=1460462492#map=20/45.516454/9.1784332"}}, {"type": "Feature", "geometry": {"type": "Point", "coordinates": [9.1770589, 45.5157896]}, "properties": {"id": 1460462498, "feat_type": "way", "quality_categories": "crossings_lacking_kerbs", "issue_ids": "[1]", "osm_url": "https://www.openstreetmap.org/way/1460462498", "josm_url": "http://127.0.0.1:8111/load_object?new_layer=false&objects=w1460462498", "id_url": "https://www.openstreetmap.org/edit?editor=id&way=1460462498#map=20/45.5157896/9.1770589"}}, {"type": "Feature", "geometry": {"type": "Point", "coordinates": [9.2670151, 45.5123257]}, "properties": {"id": 1460468230, "feat_type": "way", "quality_categories": "crossings_lacking_kerbs", "issue_ids": "[1]", "osm_url": "https://www.openstreetmap.org/way/1460468230", "josm_url": "http://127.0.0.1:8111/load_object?new_layer=false&objects=w1460468230", "id_url": "https://www.openstreetmap.org/edit?editor=id&way=1460468230#map=20/45.5123257/9.2670151"}}, {"type": "Feature", "geometry": {"type": "Point", "coordinates": [9.0953848, 45.5045758]}, "properties": {"id": 1460477654, "feat_type": "way", "quality_categories": "crossings_lacking_kerbs", "issue_ids": "[1]", "osm_url": "https://www.openstreetmap.org/way/1460477654", "josm_url": "http://127.0.0.1:8111/load_object?new_layer=false&objects=w1460477654", "id_url": "https://www.openstreetmap.org/edit?editor=id&way=1460477654#map=20/45.5045758/9.0953848"}}, {"type": "Feature", "geometry": {"type": "Point", "coordinates": [9.1630789, 45.5066803]}, "properties": {"id": 1460651444, "feat_type": "way", "quality_categories": "crossings_lacking_kerbs", "issue_ids": "[1]", "osm_url": "https://www.openstreetmap.org/way/1460651444", "josm_url": "http://127.0.0.1:8111/load_object?new_layer=false&objects=w1460651444", "id_url": "https://www.openstreetmap.org/edit?editor=id&way=1460651444#map=20/45.5066803/9.1630789"}}, {"type": "Feature", "geometry": {"type": "Point", "coordinates": [9.2640921, 45.5153179]}, "properties": {"id": 1460652186, "feat_type": "way", "quality_categories": "crossings_lacking_kerbs", "issue_ids": "[1]", "osm_url": "https://www.openstreetmap.org/way/1460652186", "josm_url": "http://127.0.0.1:8111/load_object?new_layer=false&objects=w1460652186", "id_url": "https://www.openstreetmap.org/edit?editor=id&way=1460652186#map=20/45.5153179/9.2640921"}}, {"type": "Feature", "geometry": {"type": "Point", "coordinates": [9.1675013, 45.4821381]}, "properties": {"id": 1460652818, "feat_type": "way", "quality_categories": "crossings_lacking_kerbs", "issue_ids": "[1]", "osm_url": "https://www.openstreetmap.org/way/1460652818", "josm_url": "http://127.0.0.1:8111/load_object?new_layer=false&objects=w1460652818", "id_url": "https://www.openstreetmap.org/edit?editor=id&way=1460652818#map=20/45.4821381/9.1675013"}}, {"type": "Feature", "geometry": {"type": "Point", "coordinates": [9.1300067, 45.4874286]}, "properties": {"id": 1460655999, "feat_type": "way", "quality_categories": "crossings_lacking_kerbs", "issue_ids": "[1]", "osm_url": "https://www.openstreetmap.org/way/1460655999", "josm_url": "http://127.0.0.1:8111/load_object?new_layer=false&objects=w1460655999", "id_url": "https://www.openstreetmap.org/edit?editor=id&way=1460655999#map=20/45.4874286/9.1300067"}}, {"type": "Feature", "geometry": {"type": "Point", "coordinates": [9.1302736, 45.4873676]}, "properties": {"id": 1460656003, "feat_type": "way", "quality_categories": "crossings_lacking_kerbs", "issue_ids": "[1]", "osm_url": "https://www.openstreetmap.org/way/1460656003", "josm_url": "http://127.0.0.1:8111/load_object?new_layer=false&objects=w1460656003", "id_url": "https://www.openstreetmap.org/edit?editor=id&way=1460656003#map=20/45.4873676/9.1302736"}}, {"type": "Feature", "geometry": {"type": "Point", "coordinates": [9.1535894, 45.5166521]}, "properties": {"id": 1460663246, "feat_type": "way", "quality_categories": "crossings_lacking_kerbs", "issue_ids": "[1]", "osm_url": "https://www.openstreetmap.org/way/1460663246", "josm_url": "http://127.0.0.1:8111/load_object?new_layer=false&objects=w1460663246", "id_url": "https://www.openstreetmap.org/edit?editor=id&way=1460663246#map=20/45.5166521/9.1535894"}}, {"type": "Feature", "geometry": {"type": "Point", "coordinates": [9.1540012, 45.5161827]}, "properties": {"id": 1460663248, "feat_type": "way", "quality_categories": "crossings_lacking_kerbs", "issue_ids": "[1]", "osm_url": "https://www.openstreetmap.org/way/1460663248", "josm_url": "http://127.0.0.1:8111/load_object?new_layer=false&objects=w1460663248", "id_url": "https://www.openstreetmap.org/edit?editor=id&way=1460663248#map=20/45.5161827/9.1540012"}}, {"type": "Feature", "geometry": {"type": "Point", "coordinates": [9.15984, 45.4751476]}, "properties": {"id": 1460664554, "feat_type": "way", "quality_categories": "crossings_lacking_kerbs", "issue_ids": "[1]", "osm_url": "https://www.openstreetmap.org/way/1460664554", "josm_url": "http://127.0.0.1:8111/load_object?new_layer=false&objects=w1460664554", "id_url": "https://www.openstreetmap.org/edit?editor=id&way=1460664554#map=20/45.4751476/9.15984"}}, {"type": "Feature", "geometry": {"type": "Point", "coordinates": [9.1955019, 45.4881341]}, "properties": {"id": 1460991742, "feat_type": "way", "quality_categories": "crossings_lacking_kerbs", "issue_ids": "[1]", "osm_url": "https://www.openstreetmap.org/way/1460991742", "josm_url": "http://127.0.0.1:8111/load_object?new_layer=false&objects=w1460991742", "id_url": "https://www.openstreetmap.org/edit?editor=id&way=1460991742#map=20/45.4881341/9.1955019"}}, {"type": "Feature", "geometry": {"type": "Point", "coordinates": [9.1957242, 45.488047]}, "properties": {"id": 1460991743, "feat_type": "way", "quality_categories": "crossings_lacking_kerbs", "issue_ids": "[1]", "osm_url": "https://www.openstreetmap.org/way/1460991743", "josm_url": "http://127.0.0.1:8111/load_object?new_layer=false&objects=w1460991743", "id_url": "https://www.openstreetmap.org/edit?editor=id&way=1460991743#map=20/45.488047/9.1957242"}}, {"type": "Feature", "geometry": {"type": "Point", "coordinates": [9.1190675, 45.4727787]}, "properties": {"id": 1463252087, "feat_type": "way", "quality_categories": "crossings_lacking_kerbs", "issue_ids": "[1]", "osm_url": "https://www.openstreetmap.org/way/1463252087", "josm_url": "http://127.0.0.1:8111/load_object?new_layer=false&objects=w1463252087", "id_url": "https://www.openstreetmap.org/edit?editor=id&way=1463252087#map=20/45.4727787/9.1190675"}}, {"type": "Feature", "geometry": {"type": "Point", "coordinates": [9.1742287, 45.4029855]}, "properties": {"id": 1463994977, "feat_type": "way", "quality_categories": "crossings_lacking_kerbs", "issue_ids": "[1]", "osm_url": "https://www.openstreetmap.org/way/1463994977", "josm_url": "http://127.0.0.1:8111/load_object?new_layer=false&objects=w1463994977", "id_url": "https://www.openstreetmap.org/edit?editor=id&way=1463994977#map=20/45.4029855/9.1742287"}}, {"type": "Feature", "geometry": {"type": "Point", "coordinates": [9.1773454, 45.4160051]}, "properties": {"id": 1464146057, "feat_type": "way", "quality_categories": "crossings_lacking_kerbs", "issue_ids": "[1]", "osm_url": "https://www.openstreetmap.org/way/1464146057", "josm_url": "http://127.0.0.1:8111/load_object?new_layer=false&objects=w1464146057", "id_url": "https://www.openstreetmap.org/edit?editor=id&way=1464146057#map=20/45.4160051/9.1773454"}}, {"type": "Feature", "geometry": {"type": "Point", "coordinates": [9.1022914, 45.4551638]}, "properties": {"id": 1465607079, "feat_type": "way", "quality_categories": "crossings_lacking_kerbs", "issue_ids": "[1]", "osm_url": "https://www.openstreetmap.org/way/1465607079", "josm_url": "http://127.0.0.1:8111/load_object?new_layer=false&objects=w1465607079", "id_url": "https://www.openstreetmap.org/edit?editor=id&way=1465607079#map=20/45.4551638/9.1022914"}}, {"type": "Feature", "geometry": {"type": "Point", "coordinates": [9.1627228, 45.4139196]}, "properties": {"id": 1465656442, "feat_type": "way", "quality_categories": "crossings_lacking_kerbs", "issue_ids": "[1]", "osm_url": "https://www.openstreetmap.org/way/1465656442", "josm_url": "http://127.0.0.1:8111/load_object?new_layer=false&objects=w1465656442", "id_url": "https://www.openstreetmap.org/edit?editor=id&way=1465656442#map=20/45.4139196/9.1627228"}}, {"type": "Feature", "geometry": {"type": "Point", "coordinates": [9.1807714, 45.4028689]}, "properties": {"id": 1466523963, "feat_type": "way", "quality_categories": "crossings_lacking_kerbs", "issue_ids": "[1]", "osm_url": "https://www.openstreetmap.org/way/1466523963", "josm_url": "http://127.0.0.1:8111/load_object?new_layer=false&objects=w1466523963", "id_url": "https://www.openstreetmap.org/edit?editor=id&way=1466523963#map=20/45.4028689/9.1807714"}}, {"type": "Feature", "geometry": {"type": "Point", "coordinates": [9.1152522, 45.4539169]}, "properties": {"id": 1467096953, "feat_type": "way", "quality_categories": "crossings_lacking_kerbs", "issue_ids": "[1]", "osm_url": "https://www.openstreetmap.org/way/1467096953", "josm_url": "http://127.0.0.1:8111/load_object?new_layer=false&objects=w1467096953", "id_url": "https://www.openstreetmap.org/edit?editor=id&way=1467096953#map=20/45.4539169/9.1152522"}}, {"type": "Feature", "geometry": {"type": "Point", "coordinates": [9.1647506, 45.4520856]}, "properties": {"id": 1467106077, "feat_type": "way", "quality_categories": "crossings_lacking_kerbs", "issue_ids": "[1]", "osm_url": "https://www.openstreetmap.org/way/1467106077", "josm_url": "http://127.0.0.1:8111/load_object?new_layer=false&objects=w1467106077", "id_url": "https://www.openstreetmap.org/edit?editor=id&way=1467106077#map=20/45.4520856/9.1647506"}}, {"type": "Feature", "geometry": {"type": "Point", "coordinates": [9.2610095, 45.4443713]}, "properties": {"id": 1467617062, "feat_type": "way", "quality_categories": "crossings_lacking_kerbs", "issue_ids": "[1]", "osm_url": "https://www.openstreetmap.org/way/1467617062", "josm_url": "http://127.0.0.1:8111/load_object?new_layer=false&objects=w1467617062", "id_url": "https://www.openstreetmap.org/edit?editor=id&way=1467617062#map=20/45.4443713/9.2610095"}}, {"type": "Feature", "geometry": {"type": "Point", "coordinates": [9.2711347, 45.461986]}, "properties": {"id": 1467901296, "feat_type": "way", "quality_categories": "crossings_lacking_kerbs", "issue_ids": "[1]", "osm_url": "https://www.openstreetmap.org/way/1467901296", "josm_url": "http://127.0.0.1:8111/load_object?new_layer=false&objects=w1467901296", "id_url": "https://www.openstreetmap.org/edit?editor=id&way=1467901296#map=20/45.461986/9.2711347"}}, {"type": "Feature", "geometry": {"type": "Point", "coordinates": [9.2689925, 45.4620102]}, "properties": {"id": 1467901297, "feat_type": "way", "quality_categories": "crossings_lacking_kerbs", "issue_ids": "[1]", "osm_url": "https://www.openstreetmap.org/way/1467901297", "josm_url": "http://127.0.0.1:8111/load_object?new_layer=false&objects=w1467901297", "id_url": "https://www.openstreetmap.org/edit?editor=id&way=1467901297#map=20/45.4620102/9.2689925"}}, {"type": "Feature", "geometry": {"type": "Point", "coordinates": [9.2024327, 45.4487478]}, "properties": {"id": 1474129390, "feat_type": "way", "quality_categories": "crossings_lacking_kerbs", "issue_ids": "[1]", "osm_url": "https://www.openstreetmap.org/way/1474129390", "josm_url": "http://127.0.0.1:8111/load_object?new_layer=false&objects=w1474129390", "id_url": "https://www.openstreetmap.org/edit?editor=id&way=1474129390#map=20/45.4487478/9.2024327"}}, {"type": "Feature", "geometry": {"type": "Point", "coordinates": [9.1715612, 45.4757895]}, "properties": {"id": 1474194427, "feat_type": "way", "quality_categories": "crossings_lacking_kerbs", "issue_ids": "[1]", "osm_url": "https://www.openstreetmap.org/way/1474194427", "josm_url": "http://127.0.0.1:8111/load_object?new_layer=false&objects=w1474194427", "id_url": "https://www.openstreetmap.org/edit?editor=id&way=1474194427#map=20/45.4757895/9.1715612"}}, {"type": "Feature", "geometry": {"type": "Point", "coordinates": [9.1667554, 45.467788]}, "properties": {"id": 1474196005, "feat_type": "way", "quality_categories": "crossings_lacking_kerbs", "issue_ids": "[1]", "osm_url": "https://www.openstreetmap.org/way/1474196005", "josm_url": "http://127.0.0.1:8111/load_object?new_layer=false&objects=w1474196005", "id_url": "https://www.openstreetmap.org/edit?editor=id&way=1474196005#map=20/45.467788/9.1667554"}}, {"type": "Feature", "geometry": {"type": "Point", "coordinates": [9.1796324, 45.4524113]}, "properties": {"id": 1474196660, "feat_type": "way", "quality_categories": "crossings_lacking_kerbs", "issue_ids": "[1]", "osm_url": "https://www.openstreetmap.org/way/1474196660", "josm_url": "http://127.0.0.1:8111/load_object?new_layer=false&objects=w1474196660", "id_url": "https://www.openstreetmap.org/edit?editor=id&way=1474196660#map=20/45.4524113/9.1796324"}}, {"type": "Feature", "geometry": {"type": "Point", "coordinates": [9.1291885, 45.4606073]}, "properties": {"id": 1476556781, "feat_type": "way", "quality_categories": "crossings_lacking_kerbs", "issue_ids": "[1]", "osm_url": "https://www.openstreetmap.org/way/1476556781", "josm_url": "http://127.0.0.1:8111/load_object?new_layer=false&objects=w1476556781", "id_url": "https://www.openstreetmap.org/edit?editor=id&way=1476556781#map=20/45.4606073/9.1291885"}}, {"type": "Feature", "geometry": {"type": "Point", "coordinates": [9.132906, 45.4602617]}, "properties": {"id": 1478741989, "feat_type": "way", "quality_categories": "crossings_lacking_kerbs", "issue_ids": "[1]", "osm_url": "https://www.openstreetmap.org/way/1478741989", "josm_url": "http://127.0.0.1:8111/load_object?new_layer=false&objects=w1478741989", "id_url": "https://www.openstreetmap.org/edit?editor=id&way=1478741989#map=20/45.4602617/9.132906"}}, {"type": "Feature", "geometry": {"type": "Point", "coordinates": [9.1316002, 45.4599372]}, "properties": {"id": 1478741991, "feat_type": "way", "quality_categories": "crossings_lacking_kerbs", "issue_ids": "[1]", "osm_url": "https://www.openstreetmap.org/way/1478741991", "josm_url": "http://127.0.0.1:8111/load_object?new_layer=false&objects=w1478741991", "id_url": "https://www.openstreetmap.org/edit?editor=id&way=1478741991#map=20/45.4599372/9.1316002"}}, {"type": "Feature", "geometry": {"type": "Point", "coordinates": [9.171111, 45.4102124]}, "properties": {"id": 1479901906, "feat_type": "way", "quality_categories": "crossings_lacking_kerbs", "issue_ids": "[1]", "osm_url": "https://www.openstreetmap.org/way/1479901906", "josm_url": "http://127.0.0.1:8111/load_object?new_layer=false&objects=w1479901906", "id_url": "https://www.openstreetmap.org/edit?editor=id&way=1479901906#map=20/45.4102124/9.171111"}}, {"type": "Feature", "geometry": {"type": "Point", "coordinates": [9.1710023, 45.4092952]}, "properties": {"id": 1479901907, "feat_type": "way", "quality_categories": "crossings_lacking_kerbs", "issue_ids": "[1]", "osm_url": "https://www.openstreetmap.org/way/1479901907", "josm_url": "http://127.0.0.1:8111/load_object?new_layer=false&objects=w1479901907", "id_url": "https://www.openstreetmap.org/edit?editor=id&way=1479901907#map=20/45.4092952/9.1710023"}}, {"type": "Feature", "geometry": {"type": "Point", "coordinates": [9.2245524, 45.4888679]}, "properties": {"id": 1480442327, "feat_type": "way", "quality_categories": "crossings_lacking_kerbs", "issue_ids": "[1]", "osm_url": "https://www.openstreetmap.org/way/1480442327", "josm_url": "http://127.0.0.1:8111/load_object?new_layer=false&objects=w1480442327", "id_url": "https://www.openstreetmap.org/edit?editor=id&way=1480442327#map=20/45.4888679/9.2245524"}}, {"type": "Feature", "geometry": {"type": "Point", "coordinates": [9.224621, 45.4888671]}, "properties": {"id": 1480442328, "feat_type": "way", "quality_categories": "crossings_lacking_kerbs", "issue_ids": "[1]", "osm_url": "https://www.openstreetmap.org/way/1480442328", "josm_url": "http://127.0.0.1:8111/load_object?new_layer=false&objects=w1480442328", "id_url": "https://www.openstreetmap.org/edit?editor=id&way=1480442328#map=20/45.4888671/9.224621"}}, {"type": "Feature", "geometry": {"type": "Point", "coordinates": [9.1093458, 45.503905]}, "properties": {"id": 1482181613, "feat_type": "way", "quality_categories": "crossings_lacking_kerbs", "issue_ids": "[1]", "osm_url": "https://www.openstreetmap.org/way/1482181613", "josm_url": "http://127.0.0.1:8111/load_object?new_layer=false&objects=w1482181613", "id_url": "https://www.openstreetmap.org/edit?editor=id&way=1482181613#map=20/45.503905/9.1093458"}}, {"type": "Feature", "geometry": {"type": "Point", "coordinates": [9.1751933, 45.4406551]}, "properties": {"id": 1486884350, "feat_type": "way", "quality_categories": "crossings_lacking_kerbs", "issue_ids": "[1]", "osm_url": "https://www.openstreetmap.org/way/1486884350", "josm_url": "http://127.0.0.1:8111/load_object?new_layer=false&objects=w1486884350", "id_url": "https://www.openstreetmap.org/edit?editor=id&way=1486884350#map=20/45.4406551/9.1751933"}}, {"type": "Feature", "geometry": {"type": "Point", "coordinates": [9.1685898, 45.4249254]}, "properties": {"id": 1486884356, "feat_type": "way", "quality_categories": "crossings_lacking_kerbs", "issue_ids": "[1]", "osm_url": "https://www.openstreetmap.org/way/1486884356", "josm_url": "http://127.0.0.1:8111/load_object?new_layer=false&objects=w1486884356", "id_url": "https://www.openstreetmap.org/edit?editor=id&way=1486884356#map=20/45.4249254/9.1685898"}}, {"type": "Feature", "geometry": {"type": "Point", "coordinates": [9.1686003, 45.4249446]}, "properties": {"id": 1486884358, "feat_type": "way", "quality_categories": "crossings_lacking_kerbs", "issue_ids": "[1]", "osm_url": "https://www.openstreetmap.org/way/1486884358", "josm_url": "http://127.0.0.1:8111/load_object?new_layer=false&objects=w1486884358", "id_url": "https://www.openstreetmap.org/edit?editor=id&way=1486884358#map=20/45.4249446/9.1686003"}}, {"type": "Feature", "geometry": {"type": "Point", "coordinates": [9.1285678, 45.4630924]}, "properties": {"id": 1491247413, "feat_type": "way", "quality_categories": "crossings_lacking_kerbs", "issue_ids": "[1]", "osm_url": "https://www.openstreetmap.org/way/1491247413", "josm_url": "http://127.0.0.1:8111/load_object?new_layer=false&objects=w1491247413", "id_url": "https://www.openstreetmap.org/edit?editor=id&way=1491247413#map=20/45.4630924/9.1285678"}}, {"type": "Feature", "geometry": {"type": "Point", "coordinates": [9.1153546, 45.4538872]}, "properties": {"id": 1491398823, "feat_type": "way", "quality_categories": "crossings_lacking_kerbs", "issue_ids": "[1]", "osm_url": "https://www.openstreetmap.org/way/1491398823", "josm_url": "http://127.0.0.1:8111/load_object?new_layer=false&objects=w1491398823", "id_url": "https://www.openstreetmap.org/edit?editor=id&way=1491398823#map=20/45.4538872/9.1153546"}}, {"type": "Feature", "geometry": {"type": "Point", "coordinates": [9.1718886, 45.4881142]}, "properties": {"id": 1491626974, "feat_type": "way", "quality_categories": "crossings_lacking_kerbs", "issue_ids": "[1]", "osm_url": "https://www.openstreetmap.org/way/1491626974", "josm_url": "http://127.0.0.1:8111/load_object?new_layer=false&objects=w1491626974", "id_url": "https://www.openstreetmap.org/edit?editor=id&way=1491626974#map=20/45.4881142/9.1718886"}}, {"type": "Feature", "geometry": {"type": "Point", "coordinates": [9.1842274, 45.4620928]}, "properties": {"id": 1491927225, "feat_type": "way", "quality_categories": "crossings_lacking_kerbs", "issue_ids": "[1]", "osm_url": "https://www.openstreetmap.org/way/1491927225", "josm_url": "http://127.0.0.1:8111/load_object?new_layer=false&objects=w1491927225", "id_url": "https://www.openstreetmap.org/edit?editor=id&way=1491927225#map=20/45.4620928/9.1842274"}}, {"type": "Feature", "geometry": {"type": "Point", "coordinates": [9.2127969, 45.5140182]}, "properties": {"id": 1493395931, "feat_type": "way", "quality_categories": "crossings_lacking_kerbs", "issue_ids": "[1]", "osm_url": "https://www.openstreetmap.org/way/1493395931", "josm_url": "http://127.0.0.1:8111/load_object?new_layer=false&objects=w1493395931", "id_url": "https://www.openstreetmap.org/edit?editor=id&way=1493395931#map=20/45.5140182/9.2127969"}}, {"type": "Feature", "geometry": {"type": "Point", "coordinates": [9.2352787, 45.5110174]}, "properties": {"id": 1498067381, "feat_type": "way", "quality_categories": "crossings_lacking_kerbs", "issue_ids": "[1]", "osm_url": "https://www.openstreetmap.org/way/1498067381", "josm_url": "http://127.0.0.1:8111/load_object?new_layer=false&objects=w1498067381", "id_url": "https://www.openstreetmap.org/edit?editor=id&way=1498067381#map=20/45.5110174/9.2352787"}}, {"type": "Feature", "geometry": {"type": "Point", "coordinates": [9.2352697, 45.5108942]}, "properties": {"id": 1498067382, "feat_type": "way", "quality_categories": "crossings_lacking_kerbs", "issue_ids": "[1]", "osm_url": "https://www.openstreetmap.org/way/1498067382", "josm_url": "http://127.0.0.1:8111/load_object?new_layer=false&objects=w1498067382", "id_url": "https://www.openstreetmap.org/edit?editor=id&way=1498067382#map=20/45.5108942/9.2352697"}}, {"type": "Feature", "geometry": {"type": "Point", "coordinates": [9.237576, 45.4882389]}, "properties": {"id": 1498902644, "feat_type": "way", "quality_categories": "crossings_lacking_kerbs", "issue_ids": "[1]", "osm_url": "https://www.openstreetmap.org/way/1498902644", "josm_url": "http://127.0.0.1:8111/load_object?new_layer=false&objects=w1498902644", "id_url": "https://www.openstreetmap.org/edit?editor=id&way=1498902644#map=20/45.4882389/9.237576"}}, {"type": "Feature", "geometry": {"type": "Point", "coordinates": [9.1756274, 45.4776593]}, "properties": {"id": 1500650848, "feat_type": "way", "quality_categories": "crossings_lacking_kerbs", "issue_ids": "[1]", "osm_url": "https://www.openstreetmap.org/way/1500650848", "josm_url": "http://127.0.0.1:8111/load_object?new_layer=false&objects=w1500650848", "id_url": "https://www.openstreetmap.org/edit?editor=id&way=1500650848#map=20/45.4776593/9.1756274"}}, {"type": "Feature", "geometry": {"type": "Point", "coordinates": [9.100896, 45.4933226]}, "properties": {"id": 1503887739, "feat_type": "way", "quality_categories": "crossings_lacking_kerbs", "issue_ids": "[1]", "osm_url": "https://www.openstreetmap.org/way/1503887739", "josm_url": "http://127.0.0.1:8111/load_object?new_layer=false&objects=w1503887739", "id_url": "https://www.openstreetmap.org/edit?editor=id&way=1503887739#map=20/45.4933226/9.100896"}}, {"type": "Feature", "geometry": {"type": "Point", "coordinates": [9.166287, 45.4496876]}, "properties": {"id": 1507553844, "feat_type": "way", "quality_categories": "crossings_lacking_kerbs", "issue_ids": "[1]", "osm_url": "https://www.openstreetmap.org/way/1507553844", "josm_url": "http://127.0.0.1:8111/load_object?new_layer=false&objects=w1507553844", "id_url": "https://www.openstreetmap.org/edit?editor=id&way=1507553844#map=20/45.4496876/9.166287"}}, {"type": "Feature", "geometry": {"type": "Point", "coordinates": [9.1213679, 45.511959]}, "properties": {"id": 1507752739, "feat_type": "way", "quality_categories": "crossings_lacking_kerbs", "issue_ids": "[1]", "osm_url": "https://www.openstreetmap.org/way/1507752739", "josm_url": "http://127.0.0.1:8111/load_object?new_layer=false&objects=w1507752739", "id_url": "https://www.openstreetmap.org/edit?editor=id&way=1507752739#map=20/45.511959/9.1213679"}}, {"type": "Feature", "geometry": {"type": "Point", "coordinates": [9.2012762, 45.4437515]}, "properties": {"id": 1507821173, "feat_type": "way", "quality_categories": "crossings_lacking_kerbs", "issue_ids": "[1]", "osm_url": "https://www.openstreetmap.org/way/1507821173", "josm_url": "http://127.0.0.1:8111/load_object?new_layer=false&objects=w1507821173", "id_url": "https://www.openstreetmap.org/edit?editor=id&way=1507821173#map=20/45.4437515/9.2012762"}}, {"type": "Feature", "geometry": {"type": "Point", "coordinates": [9.182742, 45.4569375]}, "properties": {"id": 1507933665, "feat_type": "way", "quality_categories": "crossings_lacking_kerbs", "issue_ids": "[1]", "osm_url": "https://www.openstreetmap.org/way/1507933665", "josm_url": "http://127.0.0.1:8111/load_object?new_layer=false&objects=w1507933665", "id_url": "https://www.openstreetmap.org/edit?editor=id&way=1507933665#map=20/45.4569375/9.182742"}}, {"type": "Feature", "geometry": {"type": "Point", "coordinates": [9.1132156, 45.4529032]}, "properties": {"id": 1510936500, "feat_type": "way", "quality_categories": "crossings_lacking_kerbs", "issue_ids": "[1]", "osm_url": "https://www.openstreetmap.org/way/1510936500", "josm_url": "http://127.0.0.1:8111/load_object?new_layer=false&objects=w1510936500", "id_url": "https://www.openstreetmap.org/edit?editor=id&way=1510936500#map=20/45.4529032/9.1132156"}}, {"type": "Feature", "geometry": {"type": "Point", "coordinates": [9.1147745, 45.4553936]}, "properties": {"id": 1511067218, "feat_type": "way", "quality_categories": "crossings_lacking_kerbs", "issue_ids": "[1]", "osm_url": "https://www.openstreetmap.org/way/1511067218", "josm_url": "http://127.0.0.1:8111/load_object?new_layer=false&objects=w1511067218", "id_url": "https://www.openstreetmap.org/edit?editor=id&way=1511067218#map=20/45.4553936/9.1147745"}}, {"type": "Feature", "geometry": {"type": "Point", "coordinates": [9.115198, 45.4554923]}, "properties": {"id": 1511067249, "feat_type": "way", "quality_categories": "crossings_lacking_kerbs", "issue_ids": "[1]", "osm_url": "https://www.openstreetmap.org/way/1511067249", "josm_url": "http://127.0.0.1:8111/load_object?new_layer=false&objects=w1511067249", "id_url": "https://www.openstreetmap.org/edit?editor=id&way=1511067249#map=20/45.4554923/9.115198"}}, {"type": "Feature", "geometry": {"type": "Point", "coordinates": [9.1317748, 45.4602079]}, "properties": {"id": 1511634494, "feat_type": "way", "quality_categories": "crossings_lacking_kerbs", "issue_ids": "[1]", "osm_url": "https://www.openstreetmap.org/way/1511634494", "josm_url": "http://127.0.0.1:8111/load_object?new_layer=false&objects=w1511634494", "id_url": "https://www.openstreetmap.org/edit?editor=id&way=1511634494#map=20/45.4602079/9.1317748"}}, {"type": "Feature", "geometry": {"type": "Point", "coordinates": [9.2316717, 45.5148415]}, "properties": {"id": 1512725768, "feat_type": "way", "quality_categories": "crossings_lacking_kerbs", "issue_ids": "[1]", "osm_url": "https://www.openstreetmap.org/way/1512725768", "josm_url": "http://127.0.0.1:8111/load_object?new_layer=false&objects=w1512725768", "id_url": "https://www.openstreetmap.org/edit?editor=id&way=1512725768#map=20/45.5148415/9.2316717"}}, {"type": "Feature", "geometry": {"type": "Point", "coordinates": [9.0979056, 45.5067051]}, "properties": {"id": 1514375342, "feat_type": "way", "quality_categories": "crossings_lacking_kerbs", "issue_ids": "[1]", "osm_url": "https://www.openstreetmap.org/way/1514375342", "josm_url": "http://127.0.0.1:8111/load_object?new_layer=false&objects=w1514375342", "id_url": "https://www.openstreetmap.org/edit?editor=id&way=1514375342#map=20/45.5067051/9.0979056"}}, {"type": "Feature", "geometry": {"type": "Point", "coordinates": [9.1543825, 45.4557136]}, "properties": {"id": 1525318211, "feat_type": "way", "quality_categories": "crossings_lacking_kerbs", "issue_ids": "[1]", "osm_url": "https://www.openstreetmap.org/way/1525318211", "josm_url": "http://127.0.0.1:8111/load_object?new_layer=false&objects=w1525318211", "id_url": "https://www.openstreetmap.org/edit?editor=id&way=1525318211#map=20/45.4557136/9.1543825"}}, {"type": "Feature", "geometry": {"type": "Point", "coordinates": [9.2043454, 45.4492478]}, "properties": {"id": 1525591294, "feat_type": "way", "quality_categories": "crossings_lacking_kerbs", "issue_ids": "[1]", "osm_url": "https://www.openstreetmap.org/way/1525591294", "josm_url": "http://127.0.0.1:8111/load_object?new_layer=false&objects=w1525591294", "id_url": "https://www.openstreetmap.org/edit?editor=id&way=1525591294#map=20/45.4492478/9.2043454"}}, {"type": "Feature", "geometry": {"type": "Point", "coordinates": [9.1483404, 45.4758531]}, "properties": {"id": 1525987437, "feat_type": "way", "quality_categories": "crossings_lacking_kerbs", "issue_ids": "[1]", "osm_url": "https://www.openstreetmap.org/way/1525987437", "josm_url": "http://127.0.0.1:8111/load_object?new_layer=false&objects=w1525987437", "id_url": "https://www.openstreetmap.org/edit?editor=id&way=1525987437#map=20/45.4758531/9.1483404"}}, {"type": "Feature", "geometry": {"type": "Point", "coordinates": [9.1481283, 45.4757238]}, "properties": {"id": 1525987439, "feat_type": "way", "quality_categories": "crossings_lacking_kerbs", "issue_ids": "[1]", "osm_url": "https://www.openstreetmap.org/way/1525987439", "josm_url": "http://127.0.0.1:8111/load_object?new_layer=false&objects=w1525987439", "id_url": "https://www.openstreetmap.org/edit?editor=id&way=1525987439#map=20/45.4757238/9.1481283"}}, {"type": "Feature", "geometry": {"type": "Point", "coordinates": [9.14816, 45.4759839]}, "properties": {"id": 1525987444, "feat_type": "way", "quality_categories": "crossings_lacking_kerbs", "issue_ids": "[1]", "osm_url": "https://www.openstreetmap.org/way/1525987444", "josm_url": "http://127.0.0.1:8111/load_object?new_layer=false&objects=w1525987444", "id_url": "https://www.openstreetmap.org/edit?editor=id&way=1525987444#map=20/45.4759839/9.14816"}}, {"type": "Feature", "geometry": {"type": "Point", "coordinates": [9.1479588, 45.4758623]}, "properties": {"id": 1525987446, "feat_type": "way", "quality_categories": "crossings_lacking_kerbs", "issue_ids": "[1]", "osm_url": "https://www.openstreetmap.org/way/1525987446", "josm_url": "http://127.0.0.1:8111/load_object?new_layer=false&objects=w1525987446", "id_url": "https://www.openstreetmap.org/edit?editor=id&way=1525987446#map=20/45.4758623/9.1479588"}}, {"type": "Feature", "geometry": {"type": "Point", "coordinates": [9.1530309, 45.455333]}, "properties": {"id": 1527115253, "feat_type": "way", "quality_categories": "crossings_lacking_kerbs", "issue_ids": "[1]", "osm_url": "https://www.openstreetmap.org/way/1527115253", "josm_url": "http://127.0.0.1:8111/load_object?new_layer=false&objects=w1527115253", "id_url": "https://www.openstreetmap.org/edit?editor=id&way=1527115253#map=20/45.455333/9.1530309"}}, {"type": "Feature", "geometry": {"type": "Point", "coordinates": [9.1578567, 45.455385]}, "properties": {"id": 1527118841, "feat_type": "way", "quality_categories": "crossings_lacking_kerbs", "issue_ids": "[1]", "osm_url": "https://www.openstreetmap.org/way/1527118841", "josm_url": "http://127.0.0.1:8111/load_object?new_layer=false&objects=w1527118841", "id_url": "https://www.openstreetmap.org/edit?editor=id&way=1527118841#map=20/45.455385/9.1578567"}}, {"type": "Feature", "geometry": {"type": "Point", "coordinates": [9.1579476, 45.4553708]}, "properties": {"id": 1527118843, "feat_type": "way", "quality_categories": "crossings_lacking_kerbs", "issue_ids": "[1]", "osm_url": "https://www.openstreetmap.org/way/1527118843", "josm_url": "http://127.0.0.1:8111/load_object?new_layer=false&objects=w1527118843", "id_url": "https://www.openstreetmap.org/edit?editor=id&way=1527118843#map=20/45.4553708/9.1579476"}}, {"type": "Feature", "geometry": {"type": "Point", "coordinates": [9.1273131, 45.4891607]}, "properties": {"id": 1527224185, "feat_type": "way", "quality_categories": "crossings_lacking_kerbs", "issue_ids": "[1]", "osm_url": "https://www.openstreetmap.org/way/1527224185", "josm_url": "http://127.0.0.1:8111/load_object?new_layer=false&objects=w1527224185", "id_url": "https://www.openstreetmap.org/edit?editor=id&way=1527224185#map=20/45.4891607/9.1273131"}}, {"type": "Feature", "geometry": {"type": "Point", "coordinates": [9.16613, 45.4807625]}, "properties": {"id": 1528373932, "feat_type": "way", "quality_categories": "crossings_lacking_kerbs", "issue_ids": "[1]", "osm_url": "https://www.openstreetmap.org/way/1528373932", "josm_url": "http://127.0.0.1:8111/load_object?new_layer=false&objects=w1528373932", "id_url": "https://www.openstreetmap.org/edit?editor=id&way=1528373932#map=20/45.4807625/9.16613"}}, {"type": "Feature", "geometry": {"type": "Point", "coordinates": [9.1917657, 45.4586224]}, "properties": {"id": 1529990279, "feat_type": "way", "quality_categories": "crossings_lacking_kerbs", "issue_ids": "[1]", "osm_url": "https://www.openstreetmap.org/way/1529990279", "josm_url": "http://127.0.0.1:8111/load_object?new_layer=false&objects=w1529990279", "id_url": "https://www.openstreetmap.org/edit?editor=id&way=1529990279#map=20/45.4586224/9.1917657"}}, {"type": "Feature", "geometry": {"type": "Point", "coordinates": [9.1507422, 45.4618477]}, "properties": {"id": 1530410287, "feat_type": "way", "quality_categories": "crossings_lacking_kerbs", "issue_ids": "[1]", "osm_url": "https://www.openstreetmap.org/way/1530410287", "josm_url": "http://127.0.0.1:8111/load_object?new_layer=false&objects=w1530410287", "id_url": "https://www.openstreetmap.org/edit?editor=id&way=1530410287#map=20/45.4618477/9.1507422"}}, {"type": "Feature", "geometry": {"type": "Point", "coordinates": [9.1265705, 45.4588208]}, "properties": {"id": 1530926525, "feat_type": "way", "quality_categories": "crossings_lacking_kerbs", "issue_ids": "[1]", "osm_url": "https://www.openstreetmap.org/way/1530926525", "josm_url": "http://127.0.0.1:8111/load_object?new_layer=false&objects=w1530926525", "id_url": "https://www.openstreetmap.org/edit?editor=id&way=1530926525#map=20/45.4588208/9.1265705"}}, {"type": "Feature", "geometry": {"type": "Point", "coordinates": [9.1258975, 45.4584488]}, "properties": {"id": 1530926526, "feat_type": "way", "quality_categories": "crossings_lacking_kerbs", "issue_ids": "[1]", "osm_url": "https://www.openstreetmap.org/way/1530926526", "josm_url": "http://127.0.0.1:8111/load_object?new_layer=false&objects=w1530926526", "id_url": "https://www.openstreetmap.org/edit?editor=id&way=1530926526#map=20/45.4584488/9.1258975"}}, {"type": "Feature", "geometry": {"type": "Point", "coordinates": [9.15384, 45.4654792]}, "properties": {"id": 1530926541, "feat_type": "way", "quality_categories": "crossings_lacking_kerbs", "issue_ids": "[1]", "osm_url": "https://www.openstreetmap.org/way/1530926541", "josm_url": "http://127.0.0.1:8111/load_object?new_layer=false&objects=w1530926541", "id_url": "https://www.openstreetmap.org/edit?editor=id&way=1530926541#map=20/45.4654792/9.15384"}}, {"type": "Feature", "geometry": {"type": "Point", "coordinates": [9.1562691, 45.4807521]}, "properties": {"id": 1530975507, "feat_type": "way", "quality_categories": "crossings_lacking_kerbs", "issue_ids": "[1]", "osm_url": "https://www.openstreetmap.org/way/1530975507", "josm_url": "http://127.0.0.1:8111/load_object?new_layer=false&objects=w1530975507", "id_url": "https://www.openstreetmap.org/edit?editor=id&way=1530975507#map=20/45.4807521/9.1562691"}}, {"type": "Feature", "geometry": {"type": "Point", "coordinates": [9.272308, 45.4619472]}, "properties": {"id": 1531007574, "feat_type": "way", "quality_categories": "crossings_lacking_kerbs", "issue_ids": "[1]", "osm_url": "https://www.openstreetmap.org/way/1531007574", "josm_url": "http://127.0.0.1:8111/load_object?new_layer=false&objects=w1531007574", "id_url": "https://www.openstreetmap.org/edit?editor=id&way=1531007574#map=20/45.4619472/9.272308"}}, {"type": "Feature", "geometry": {"type": "Point", "coordinates": [9.2633744, 45.4620115]}, "properties": {"id": 1531007578, "feat_type": "way", "quality_categories": "crossings_lacking_kerbs", "issue_ids": "[1]", "osm_url": "https://www.openstreetmap.org/way/1531007578", "josm_url": "http://127.0.0.1:8111/load_object?new_layer=false&objects=w1531007578", "id_url": "https://www.openstreetmap.org/edit?editor=id&way=1531007578#map=20/45.4620115/9.2633744"}}, {"type": "Feature", "geometry": {"type": "Point", "coordinates": [9.258447, 45.4620466]}, "properties": {"id": 1531007581, "feat_type": "way", "quality_categories": "crossings_lacking_kerbs", "issue_ids": "[1]", "osm_url": "https://www.openstreetmap.org/way/1531007581", "josm_url": "http://127.0.0.1:8111/load_object?new_layer=false&objects=w1531007581", "id_url": "https://www.openstreetmap.org/edit?editor=id&way=1531007581#map=20/45.4620466/9.258447"}}, {"type": "Feature", "geometry": {"type": "Point", "coordinates": [9.1677477, 45.5083926]}, "properties": {"id": 1531939687, "feat_type": "way", "quality_categories": "crossings_lacking_kerbs", "issue_ids": "[1]", "osm_url": "https://www.openstreetmap.org/way/1531939687", "josm_url": "http://127.0.0.1:8111/load_object?new_layer=false&objects=w1531939687", "id_url": "https://www.openstreetmap.org/edit?editor=id&way=1531939687#map=20/45.5083926/9.1677477"}}, {"type": "Feature", "geometry": {"type": "Point", "coordinates": [9.1952248, 45.442384]}, "properties": {"id": 1532383741, "feat_type": "way", "quality_categories": "crossings_lacking_kerbs", "issue_ids": "[1]", "osm_url": "https://www.openstreetmap.org/way/1532383741", "josm_url": "http://127.0.0.1:8111/load_object?new_layer=false&objects=w1532383741", "id_url": "https://www.openstreetmap.org/edit?editor=id&way=1532383741#map=20/45.442384/9.1952248"}}, {"type": "Feature", "geometry": {"type": "Point", "coordinates": [9.1272259, 45.465075]}, "properties": {"id": 1535022189, "feat_type": "way", "quality_categories": "crossings_lacking_kerbs", "issue_ids": "[1]", "osm_url": "https://www.openstreetmap.org/way/1535022189", "josm_url": "http://127.0.0.1:8111/load_object?new_layer=false&objects=w1535022189", "id_url": "https://www.openstreetmap.org/edit?editor=id&way=1535022189#map=20/45.465075/9.1272259"}}, {"type": "Feature", "geometry": {"type": "Point", "coordinates": [9.1266156, 45.4649862]}, "properties": {"id": 1535022195, "feat_type": "way", "quality_categories": "crossings_lacking_kerbs", "issue_ids": "[1]", "osm_url": "https://www.openstreetmap.org/way/1535022195", "josm_url": "http://127.0.0.1:8111/load_object?new_layer=false&objects=w1535022195", "id_url": "https://www.openstreetmap.org/edit?editor=id&way=1535022195#map=20/45.4649862/9.1266156"}}, {"type": "Feature", "geometry": {"type": "Point", "coordinates": [9.0923093, 45.4608545]}, "properties": {"id": 1535022201, "feat_type": "way", "quality_categories": "crossings_lacking_kerbs", "issue_ids": "[1]", "osm_url": "https://www.openstreetmap.org/way/1535022201", "josm_url": "http://127.0.0.1:8111/load_object?new_layer=false&objects=w1535022201", "id_url": "https://www.openstreetmap.org/edit?editor=id&way=1535022201#map=20/45.4608545/9.0923093"}}, {"type": "Feature", "geometry": {"type": "Point", "coordinates": [9.0918565, 45.4588375]}, "properties": {"id": 1535022206, "feat_type": "way", "quality_categories": "crossings_lacking_kerbs", "issue_ids": "[1]", "osm_url": "https://www.openstreetmap.org/way/1535022206", "josm_url": "http://127.0.0.1:8111/load_object?new_layer=false&objects=w1535022206", "id_url": "https://www.openstreetmap.org/edit?editor=id&way=1535022206#map=20/45.4588375/9.0918565"}}, {"type": "Feature", "geometry": {"type": "Point", "coordinates": [9.0912636, 45.4586647]}, "properties": {"id": 1535022209, "feat_type": "way", "quality_categories": "crossings_lacking_kerbs", "issue_ids": "[1]", "osm_url": "https://www.openstreetmap.org/way/1535022209", "josm_url": "http://127.0.0.1:8111/load_object?new_layer=false&objects=w1535022209", "id_url": "https://www.openstreetmap.org/edit?editor=id&way=1535022209#map=20/45.4586647/9.0912636"}}, {"type": "Feature", "geometry": {"type": "Point", "coordinates": [9.089952, 45.460923]}, "properties": {"id": 1535022210, "feat_type": "way", "quality_categories": "crossings_lacking_kerbs", "issue_ids": "[1]", "osm_url": "https://www.openstreetmap.org/way/1535022210", "josm_url": "http://127.0.0.1:8111/load_object?new_layer=false&objects=w1535022210", "id_url": "https://www.openstreetmap.org/edit?editor=id&way=1535022210#map=20/45.460923/9.089952"}}, {"type": "Feature", "geometry": {"type": "Point", "coordinates": [9.0885763, 45.4610033]}, "properties": {"id": 1535022212, "feat_type": "way", "quality_categories": "crossings_lacking_kerbs", "issue_ids": "[1]", "osm_url": "https://www.openstreetmap.org/way/1535022212", "josm_url": "http://127.0.0.1:8111/load_object?new_layer=false&objects=w1535022212", "id_url": "https://www.openstreetmap.org/edit?editor=id&way=1535022212#map=20/45.4610033/9.0885763"}}, {"type": "Feature", "geometry": {"type": "Point", "coordinates": [9.1209436, 45.4716086]}, "properties": {"id": 1535077180, "feat_type": "way", "quality_categories": "crossings_lacking_kerbs", "issue_ids": "[1]", "osm_url": "https://www.openstreetmap.org/way/1535077180", "josm_url": "http://127.0.0.1:8111/load_object?new_layer=false&objects=w1535077180", "id_url": "https://www.openstreetmap.org/edit?editor=id&way=1535077180#map=20/45.4716086/9.1209436"}}, {"type": "Feature", "geometry": {"type": "Point", "coordinates": [9.1212788, 45.4709705]}, "properties": {"id": 1535077182, "feat_type": "way", "quality_categories": "crossings_lacking_kerbs", "issue_ids": "[1]", "osm_url": "https://www.openstreetmap.org/way/1535077182", "josm_url": "http://127.0.0.1:8111/load_object?new_layer=false&objects=w1535077182", "id_url": "https://www.openstreetmap.org/edit?editor=id&way=1535077182#map=20/45.4709705/9.1212788"}}, {"type": "Feature", "geometry": {"type": "Point", "coordinates": [9.135557, 45.4631398]}, "properties": {"id": 1535642519, "feat_type": "way", "quality_categories": "crossings_lacking_kerbs", "issue_ids": "[1]", "osm_url": "https://www.openstreetmap.org/way/1535642519", "josm_url": "http://127.0.0.1:8111/load_object?new_layer=false&objects=w1535642519", "id_url": "https://www.openstreetmap.org/edit?editor=id&way=1535642519#map=20/45.4631398/9.135557"}}, {"type": "Feature", "geometry": {"type": "Point", "coordinates": [9.1350608, 45.463095]}, "properties": {"id": 1535642521, "feat_type": "way", "quality_categories": "crossings_lacking_kerbs", "issue_ids": "[1]", "osm_url": "https://www.openstreetmap.org/way/1535642521", "josm_url": "http://127.0.0.1:8111/load_object?new_layer=false&objects=w1535642521", "id_url": "https://www.openstreetmap.org/edit?editor=id&way=1535642521#map=20/45.463095/9.1350608"}}, {"type": "Feature", "geometry": {"type": "Point", "coordinates": [9.1272223, 45.4612043]}, "properties": {"id": 1535642523, "feat_type": "way", "quality_categories": "crossings_lacking_kerbs", "issue_ids": "[1]", "osm_url": "https://www.openstreetmap.org/way/1535642523", "josm_url": "http://127.0.0.1:8111/load_object?new_layer=false&objects=w1535642523", "id_url": "https://www.openstreetmap.org/edit?editor=id&way=1535642523#map=20/45.4612043/9.1272223"}}, {"type": "Feature", "geometry": {"type": "Point", "coordinates": [9.132259, 45.4631359]}, "properties": {"id": 1535642527, "feat_type": "way", "quality_categories": "crossings_lacking_kerbs", "issue_ids": "[1]", "osm_url": "https://www.openstreetmap.org/way/1535642527", "josm_url": "http://127.0.0.1:8111/load_object?new_layer=false&objects=w1535642527", "id_url": "https://www.openstreetmap.org/edit?editor=id&way=1535642527#map=20/45.4631359/9.132259"}}, {"type": "Feature", "geometry": {"type": "Point", "coordinates": [9.1324195, 45.4631379]}, "properties": {"id": 1535642529, "feat_type": "way", "quality_categories": "crossings_lacking_kerbs", "issue_ids": "[1]", "osm_url": "https://www.openstreetmap.org/way/1535642529", "josm_url": "http://127.0.0.1:8111/load_object?new_layer=false&objects=w1535642529", "id_url": "https://www.openstreetmap.org/edit?editor=id&way=1535642529#map=20/45.4631379/9.1324195"}}, {"type": "Feature", "geometry": {"type": "Point", "coordinates": [9.1542462, 45.4665507]}, "properties": {"id": 1535669930, "feat_type": "way", "quality_categories": "crossings_lacking_kerbs", "issue_ids": "[1]", "osm_url": "https://www.openstreetmap.org/way/1535669930", "josm_url": "http://127.0.0.1:8111/load_object?new_layer=false&objects=w1535669930", "id_url": "https://www.openstreetmap.org/edit?editor=id&way=1535669930#map=20/45.4665507/9.1542462"}}, {"type": "Feature", "geometry": {"type": "Point", "coordinates": [9.1490656, 45.4609242]}, "properties": {"id": 1537724269, "feat_type": "way", "quality_categories": "crossings_lacking_kerbs", "issue_ids": "[1]", "osm_url": "https://www.openstreetmap.org/way/1537724269", "josm_url": "http://127.0.0.1:8111/load_object?new_layer=false&objects=w1537724269", "id_url": "https://www.openstreetmap.org/edit?editor=id&way=1537724269#map=20/45.4609242/9.1490656"}}, {"type": "Feature", "geometry": {"type": "Point", "coordinates": [9.149252, 45.4606114]}, "properties": {"id": 1537724271, "feat_type": "way", "quality_categories": "crossings_lacking_kerbs", "issue_ids": "[1]", "osm_url": "https://www.openstreetmap.org/way/1537724271", "josm_url": "http://127.0.0.1:8111/load_object?new_layer=false&objects=w1537724271", "id_url": "https://www.openstreetmap.org/edit?editor=id&way=1537724271#map=20/45.4606114/9.149252"}}, {"type": "Feature", "geometry": {"type": "Point", "coordinates": [9.0678019, 45.450477]}, "properties": {"id": 1540943176, "feat_type": "way", "quality_categories": "crossings_lacking_kerbs", "issue_ids": "[1]", "osm_url": "https://www.openstreetmap.org/way/1540943176", "josm_url": "http://127.0.0.1:8111/load_object?new_layer=false&objects=w1540943176", "id_url": "https://www.openstreetmap.org/edit?editor=id&way=1540943176#map=20/45.450477/9.0678019"}}, {"type": "Feature", "geometry": {"type": "Point", "coordinates": [9.0678818, 45.4505132]}, "properties": {"id": 1540943177, "feat_type": "way", "quality_categories": "crossings_lacking_kerbs", "issue_ids": "[1]", "osm_url": "https://www.openstreetmap.org/way/1540943177", "josm_url": "http://127.0.0.1:8111/load_object?new_layer=false&objects=w1540943177", "id_url": "https://www.openstreetmap.org/edit?editor=id&way=1540943177#map=20/45.4505132/9.0678818"}}]}