{"type": "FeatureCollection", "features": [{"type": "Feature", "geometry": {"type": "Point", "coordinates": [-49.2710371, -25.4279262]}, "properties": {"id": 24775977, "feat_type": "way", "quality_categories": "disjointed_geometries, improper_keys, missing_tags, replaceable_values", "issue_ids": "[0, 1, 2, 3]", "osm_url": "https://www.openstreetmap.org/way/24775977", "josm_url": "http://127.0.0.1:8111/load_object?new_layer=false&objects=w24775977", "id_url": "https://www.openstreetmap.org/edit?editor=id&way=24775977#map=20/-25.4279262/-49.2710371"}}, {"type": "Feature", "geometry": {"type": "Point", "coordinates": [-49.3221394, -25.4910364]}, "properties": {"id": 82637218, "feat_type": "way", "quality_categories": "disjointed_geometries, missing_tags, replaceable_values", "issue_ids": "[4, 2, 3]", "osm_url": "https://www.openstreetmap.org/way/82637218", "josm_url": "http://127.0.0.1:8111/load_object?new_layer=false&objects=w82637218", "id_url": "https://www.openstreetmap.org/edit?editor=id&way=82637218#map=20/-25.4910364/-49.3221394"}}, {"type": "Feature", "geometry": {"type": "Point", "coordinates": [-49.2645999, -25.4194695]}, "properties": {"id": 106646956, "feat_type": "way", "quality_categories": "crossings_lacking_kerbs, missing_tags", "issue_ids": "[2, 5]", "osm_url": "https://www.openstreetmap.org/way/106646956", "josm_url": "http://127.0.0.1:8111/load_object?new_layer=false&objects=w106646956", "id_url": "https://www.openstreetmap.org/edit?editor=id&way=106646956#map=20/-25.4194695/-49.2645999"}}, {"type": "Feature", "geometry": {"type": "Point", "coordinates": [-49.2349215, -25.5068427]}, "properties": {"id": 106805350, "feat_type": "way", "quality_categories": "disjointed_geometries, missing_tags, replaceable_values", "issue_ids": "[4, 2, 3]", "osm_url": "https://www.openstreetmap.org/way/106805350", "josm_url": "http://127.0.0.1:8111/load_object?new_layer=false&objects=w106805350", "id_url": "https://www.openstreetmap.org/edit?editor=id&way=106805350#map=20/-25.5068427/-49.2349215"}}, {"type": "Feature", "geometry": {"type": "Point", "coordinates": [-49.2370897, -25.5023959]}, "properties": {"id": 106914280, "feat_type": "way", "quality_categories": "disjointed_geometries, missing_tags, replaceable_values", "issue_ids": "[4, 2, 3]", "osm_url": "https://www.openstreetmap.org/way/106914280", "josm_url": "http://127.0.0.1:8111/load_object?new_layer=false&objects=w106914280", "id_url": "https://www.openstreetmap.org/edit?editor=id&way=106914280#map=20/-25.5023959/-49.2370897"}}, {"type": "Feature", "geometry": {"type": "Point", "coordinates": [-49.2638585, -25.4186776]}, "properties": {"id": 106928168, "feat_type": "way", "quality_categories": "disjointed_geometries, improper_keys, missing_tags, replaceable_values", "issue_ids": "[6, 4, 2, 3]", "osm_url": "https://www.openstreetmap.org/way/106928168", "josm_url": "http://127.0.0.1:8111/load_object?new_layer=false&objects=w106928168", "id_url": "https://www.openstreetmap.org/edit?editor=id&way=106928168#map=20/-25.4186776/-49.2638585"}}, {"type": "Feature", "geometry": {"type": "Point", "coordinates": [-49.2298714, -25.4717842]}, "properties": {"id": 121846072, "feat_type": "way", "quality_categories": "crossings_lacking_kerbs, improper_keys, missing_tags", "issue_ids": "[7, 2, 5]", "osm_url": "https://www.openstreetmap.org/way/121846072", "josm_url": "http://127.0.0.1:8111/load_object?new_layer=false&objects=w121846072", "id_url": "https://www.openstreetmap.org/edit?editor=id&way=121846072#map=20/-25.4717842/-49.2298714"}}, {"type": "Feature", "geometry": {"type": "Point", "coordinates": [-49.23757, -25.4718715]}, "properties": {"id": 194267133, "feat_type": "way", "quality_categories": "disjointed_geometries, missing_tags", "issue_ids": "[2, 3]", "osm_url": "https://www.openstreetmap.org/way/194267133", "josm_url": "http://127.0.0.1:8111/load_object?new_layer=false&objects=w194267133", "id_url": "https://www.openstreetmap.org/edit?editor=id&way=194267133#map=20/-25.4718715/-49.23757"}}, {"type": "Feature", "geometry": {"type": "Point", "coordinates": [-49.3500129, -25.4840667]}, "properties": {"id": 198124890, "feat_type": "way", "quality_categories": "crossings_lacking_kerbs, missing_tags", "issue_ids": "[2, 5]", "osm_url": "https://www.openstreetmap.org/way/198124890", "josm_url": "http://127.0.0.1:8111/load_object?new_layer=false&objects=w198124890", "id_url": "https://www.openstreetmap.org/edit?editor=id&way=198124890#map=20/-25.4840667/-49.3500129"}}, {"type": "Feature", "geometry": {"type": "Point", "coordinates": [-49.2405964, -25.495025]}, "properties": {"id": 229498760, "feat_type": "way", "quality_categories": "disjointed_geometries, missing_tags", "issue_ids": "[2, 3]", "osm_url": "https://www.openstreetmap.org/way/229498760", "josm_url": "http://127.0.0.1:8111/load_object?new_layer=false&objects=w229498760", "id_url": "https://www.openstreetmap.org/edit?editor=id&way=229498760#map=20/-25.495025/-49.2405964"}}, {"type": "Feature", "geometry": {"type": "Point", "coordinates": [-49.2566347, -25.4623686]}, "properties": {"id": 229502085, "feat_type": "way", "quality_categories": "disjointed_geometries, missing_tags, replaceable_values", "issue_ids": "[4, 2, 3]", "osm_url": "https://www.openstreetmap.org/way/229502085", "josm_url": "http://127.0.0.1:8111/load_object?new_layer=false&objects=w229502085", "id_url": "https://www.openstreetmap.org/edit?editor=id&way=229502085#map=20/-25.4623686/-49.2566347"}}, {"type": "Feature", "geometry": {"type": "Point", "coordinates": [-49.2584729, -25.4585883]}, "properties": {"id": 229503448, "feat_type": "way", "quality_categories": "disjointed_geometries, missing_tags", "issue_ids": "[2, 3]", "osm_url": "https://www.openstreetmap.org/way/229503448", "josm_url": "http://127.0.0.1:8111/load_object?new_layer=false&objects=w229503448", "id_url": "https://www.openstreetmap.org/edit?editor=id&way=229503448#map=20/-25.4585883/-49.2584729"}}, {"type": "Feature", "geometry": {"type": "Point", "coordinates": [-49.2743202, -25.4615234]}, "properties": {"id": 229529808, "feat_type": "way", "quality_categories": "crossings_lacking_kerbs, missing_tags", "issue_ids": "[2, 5]", "osm_url": "https://www.openstreetmap.org/way/229529808", "josm_url": "http://127.0.0.1:8111/load_object?new_layer=false&objects=w229529808", "id_url": "https://www.openstreetmap.org/edit?editor=id&way=229529808#map=20/-25.4615234/-49.2743202"}}, {"type": "Feature", "geometry": {"type": "Point", "coordinates": [-49.2751416, -25.4622635]}, "properties": {"id": 229529868, "feat_type": "way", "quality_categories": "crossings_lacking_kerbs, missing_tags", "issue_ids": "[2, 5]", "osm_url": "https://www.openstreetmap.org/way/229529868", "josm_url": "http://127.0.0.1:8111/load_object?new_layer=false&objects=w229529868", "id_url": "https://www.openstreetmap.org/edit?editor=id&way=229529868#map=20/-25.4622635/-49.2751416"}}, {"type": "Feature", "geometry": {"type": "Point", "coordinates": [-49.2857047, -25.4717972]}, "properties": {"id": 229531795, "feat_type": "way", "quality_categories": "crossings_lacking_kerbs, missing_tags", "issue_ids": "[2, 5]", "osm_url": "https://www.openstreetmap.org/way/229531795", "josm_url": "http://127.0.0.1:8111/load_object?new_layer=false&objects=w229531795", "id_url": "https://www.openstreetmap.org/edit?editor=id&way=229531795#map=20/-25.4717972/-49.2857047"}}, {"type": "Feature", "geometry": {"type": "Point", "coordinates": [-49.2891623, -25.4750753]}, "properties": {"id": 229533303, "feat_type": "way", "quality_categories": "crossings_lacking_kerbs, missing_tags", "issue_ids": "[2, 5]", "osm_url": "https://www.openstreetmap.org/way/229533303", "josm_url": "http://127.0.0.1:8111/load_object?new_layer=false&objects=w229533303", "id_url": "https://www.openstreetmap.org/edit?editor=id&way=229533303#map=20/-25.4750753/-49.2891623"}}, {"type": "Feature", "geometry": {"type": "Point", "coordinates": [-49.3169538, -25.4835484]}, "properties": {"id": 229540794, "feat_type": "way", "quality_categories": "disjointed_geometries, missing_tags", "issue_ids": "[2, 3]", "osm_url": "https://www.openstreetmap.org/way/229540794", "josm_url": "http://127.0.0.1:8111/load_object?new_layer=false&objects=w229540794", "id_url": "https://www.openstreetmap.org/edit?editor=id&way=229540794#map=20/-25.4835484/-49.3169538"}}, {"type": "Feature", "geometry": {"type": "Point", "coordinates": [-49.3271067, -25.5006105]}, "properties": {"id": 229542842, "feat_type": "way", "quality_categories": "disjointed_geometries, missing_tags", "issue_ids": "[2, 3]", "osm_url": "https://www.openstreetmap.org/way/229542842", "josm_url": "http://127.0.0.1:8111/load_object?new_layer=false&objects=w229542842", "id_url": "https://www.openstreetmap.org/edit?editor=id&way=229542842#map=20/-25.5006105/-49.3271067"}}, {"type": "Feature", "geometry": {"type": "Point", "coordinates": [-49.3306773, -25.5094747]}, "properties": {"id": 229542974, "feat_type": "way", "quality_categories": "disjointed_geometries, missing_tags", "issue_ids": "[2, 3]", "osm_url": "https://www.openstreetmap.org/way/229542974", "josm_url": "http://127.0.0.1:8111/load_object?new_layer=false&objects=w229542974", "id_url": "https://www.openstreetmap.org/edit?editor=id&way=229542974#map=20/-25.5094747/-49.3306773"}}, {"type": "Feature", "geometry": {"type": "Point", "coordinates": [-49.2690433, -25.4421678]}, "properties": {"id": 229849975, "feat_type": "way", "quality_categories": "disjointed_geometries, missing_tags", "issue_ids": "[2, 3]", "osm_url": "https://www.openstreetmap.org/way/229849975", "josm_url": "http://127.0.0.1:8111/load_object?new_layer=false&objects=w229849975", "id_url": "https://www.openstreetmap.org/edit?editor=id&way=229849975#map=20/-25.4421678/-49.2690433"}}, {"type": "Feature", "geometry": {"type": "Point", "coordinates": [-49.26697, -25.4396156]}, "properties": {"id": 229850995, "feat_type": "way", "quality_categories": "disjointed_geometries, missing_tags", "issue_ids": "[2, 3]", "osm_url": "https://www.openstreetmap.org/way/229850995", "josm_url": "http://127.0.0.1:8111/load_object?new_layer=false&objects=w229850995", "id_url": "https://www.openstreetmap.org/edit?editor=id&way=229850995#map=20/-25.4396156/-49.26697"}}, {"type": "Feature", "geometry": {"type": "Point", "coordinates": [-49.2937342, -25.4183338]}, "properties": {"id": 229863260, "feat_type": "way", "quality_categories": "disjointed_geometries, missing_tags", "issue_ids": "[2, 3]", "osm_url": "https://www.openstreetmap.org/way/229863260", "josm_url": "http://127.0.0.1:8111/load_object?new_layer=false&objects=w229863260", "id_url": "https://www.openstreetmap.org/edit?editor=id&way=229863260#map=20/-25.4183338/-49.2937342"}}, {"type": "Feature", "geometry": {"type": "Point", "coordinates": [-49.2965198, -25.4160027]}, "properties": {"id": 229864850, "feat_type": "way", "quality_categories": "disjointed_geometries, missing_tags", "issue_ids": "[2, 3]", "osm_url": "https://www.openstreetmap.org/way/229864850", "josm_url": "http://127.0.0.1:8111/load_object?new_layer=false&objects=w229864850", "id_url": "https://www.openstreetmap.org/edit?editor=id&way=229864850#map=20/-25.4160027/-49.2965198"}}, {"type": "Feature", "geometry": {"type": "Point", "coordinates": [-49.275498, -25.4374746]}, "properties": {"id": 229872764, "feat_type": "way", "quality_categories": "disjointed_geometries, missing_tags", "issue_ids": "[2, 3]", "osm_url": "https://www.openstreetmap.org/way/229872764", "josm_url": "http://127.0.0.1:8111/load_object?new_layer=false&objects=w229872764", "id_url": "https://www.openstreetmap.org/edit?editor=id&way=229872764#map=20/-25.4374746/-49.275498"}}, {"type": "Feature", "geometry": {"type": "Point", "coordinates": [-49.2267026, -25.4287256]}, "properties": {"id": 229977685, "feat_type": "way", "quality_categories": "disjointed_geometries, missing_tags", "issue_ids": "[2, 3]", "osm_url": "https://www.openstreetmap.org/way/229977685", "josm_url": "http://127.0.0.1:8111/load_object?new_layer=false&objects=w229977685", "id_url": "https://www.openstreetmap.org/edit?editor=id&way=229977685#map=20/-25.4287256/-49.2267026"}}, {"type": "Feature", "geometry": {"type": "Point", "coordinates": [-49.2240266, -25.42891]}, "properties": {"id": 229978246, "feat_type": "way", "quality_categories": "disjointed_geometries, missing_tags", "issue_ids": "[2, 3]", "osm_url": "https://www.openstreetmap.org/way/229978246", "josm_url": "http://127.0.0.1:8111/load_object?new_layer=false&objects=w229978246", "id_url": "https://www.openstreetmap.org/edit?editor=id&way=229978246#map=20/-25.42891/-49.2240266"}}, {"type": "Feature", "geometry": {"type": "Point", "coordinates": [-49.2192593, -25.3807034]}, "properties": {"id": 229989867, "feat_type": "way", "quality_categories": "disjointed_geometries, missing_tags", "issue_ids": "[2, 3]", "osm_url": "https://www.openstreetmap.org/way/229989867", "josm_url": "http://127.0.0.1:8111/load_object?new_layer=false&objects=w229989867", "id_url": "https://www.openstreetmap.org/edit?editor=id&way=229989867#map=20/-25.3807034/-49.2192593"}}, {"type": "Feature", "geometry": {"type": "Point", "coordinates": [-49.2116952, -25.3865345]}, "properties": {"id": 229990975, "feat_type": "way", "quality_categories": "disjointed_geometries, missing_tags", "issue_ids": "[2, 3]", "osm_url": "https://www.openstreetmap.org/way/229990975", "josm_url": "http://127.0.0.1:8111/load_object?new_layer=false&objects=w229990975", "id_url": "https://www.openstreetmap.org/edit?editor=id&way=229990975#map=20/-25.3865345/-49.2116952"}}, {"type": "Feature", "geometry": {"type": "Point", "coordinates": [-49.3178215, -25.439353]}, "properties": {"id": 230003157, "feat_type": "way", "quality_categories": "disjointed_geometries, missing_tags, replaceable_values", "issue_ids": "[4, 2, 3]", "osm_url": "https://www.openstreetmap.org/way/230003157", "josm_url": "http://127.0.0.1:8111/load_object?new_layer=false&objects=w230003157", "id_url": "https://www.openstreetmap.org/edit?editor=id&way=230003157#map=20/-25.439353/-49.3178215"}}, {"type": "Feature", "geometry": {"type": "Point", "coordinates": [-49.2306862, -25.4547644]}, "properties": {"id": 262609534, "feat_type": "way", "quality_categories": "missing_tags", "issue_ids": "[2]", "osm_url": "https://www.openstreetmap.org/way/262609534", "josm_url": "http://127.0.0.1:8111/load_object?new_layer=false&objects=w262609534", "id_url": "https://www.openstreetmap.org/edit?editor=id&way=262609534#map=20/-25.4547644/-49.2306862"}}, {"type": "Feature", "geometry": {"type": "Point", "coordinates": [-49.2940445, -25.5210701]}, "properties": {"id": 285871277, "feat_type": "way", "quality_categories": "crossings_lacking_kerbs, missing_tags", "issue_ids": "[2, 5]", "osm_url": "https://www.openstreetmap.org/way/285871277", "josm_url": "http://127.0.0.1:8111/load_object?new_layer=false&objects=w285871277", "id_url": "https://www.openstreetmap.org/edit?editor=id&way=285871277#map=20/-25.5210701/-49.2940445"}}, {"type": "Feature", "geometry": {"type": "Point", "coordinates": [-49.2955939, -25.4700711]}, "properties": {"id": 344756273, "feat_type": "way", "quality_categories": "disjointed_geometries, missing_tags", "issue_ids": "[2, 3]", "osm_url": "https://www.openstreetmap.org/way/344756273", "josm_url": "http://127.0.0.1:8111/load_object?new_layer=false&objects=w344756273", "id_url": "https://www.openstreetmap.org/edit?editor=id&way=344756273#map=20/-25.4700711/-49.2955939"}}, {"type": "Feature", "geometry": {"type": "Point", "coordinates": [-49.2361804, -25.4625025]}, "properties": {"id": 473324195, "feat_type": "way", "quality_categories": "disjointed_geometries, missing_tags", "issue_ids": "[2, 3]", "osm_url": "https://www.openstreetmap.org/way/473324195", "josm_url": "http://127.0.0.1:8111/load_object?new_layer=false&objects=w473324195", "id_url": "https://www.openstreetmap.org/edit?editor=id&way=473324195#map=20/-25.4625025/-49.2361804"}}, {"type": "Feature", "geometry": {"type": "Point", "coordinates": [-49.2924901, -25.4765856]}, "properties": {"id": 490865261, "feat_type": "way", "quality_categories": "crossings_lacking_kerbs, missing_tags, replaceable_values", "issue_ids": "[1, 2, 5]", "osm_url": "https://www.openstreetmap.org/way/490865261", "josm_url": "http://127.0.0.1:8111/load_object?new_layer=false&objects=w490865261", "id_url": "https://www.openstreetmap.org/edit?editor=id&way=490865261#map=20/-25.4765856/-49.2924901"}}, {"type": "Feature", "geometry": {"type": "Point", "coordinates": [-49.2927987, -25.4759852]}, "properties": {"id": 490865263, "feat_type": "way", "quality_categories": "crossings_lacking_kerbs, missing_tags, replaceable_values", "issue_ids": "[1, 2, 5]", "osm_url": "https://www.openstreetmap.org/way/490865263", "josm_url": "http://127.0.0.1:8111/load_object?new_layer=false&objects=w490865263", "id_url": "https://www.openstreetmap.org/edit?editor=id&way=490865263#map=20/-25.4759852/-49.2927987"}}, {"type": "Feature", "geometry": {"type": "Point", "coordinates": [-49.2924028, -25.4762366]}, "properties": {"id": 490865267, "feat_type": "way", "quality_categories": "crossings_lacking_kerbs, missing_tags, replaceable_values", "issue_ids": "[1, 2, 5]", "osm_url": "https://www.openstreetmap.org/way/490865267", "josm_url": "http://127.0.0.1:8111/load_object?new_layer=false&objects=w490865267", "id_url": "https://www.openstreetmap.org/edit?editor=id&way=490865267#map=20/-25.4762366/-49.2924028"}}, {"type": "Feature", "geometry": {"type": "Point", "coordinates": [-49.3572318, -25.4499841]}, "properties": {"id": 514861797, "feat_type": "way", "quality_categories": "disjointed_geometries, missing_tags, replaceable_values", "issue_ids": "[1, 2, 3]", "osm_url": "https://www.openstreetmap.org/way/514861797", "josm_url": "http://127.0.0.1:8111/load_object?new_layer=false&objects=w514861797", "id_url": "https://www.openstreetmap.org/edit?editor=id&way=514861797#map=20/-25.4499841/-49.3572318"}}, {"type": "Feature", "geometry": {"type": "Point", "coordinates": [-49.1970737, -25.3785019]}, "properties": {"id": 517108556, "feat_type": "way", "quality_categories": "disjointed_geometries, missing_tags", "issue_ids": "[2, 3]", "osm_url": "https://www.openstreetmap.org/way/517108556", "josm_url": "http://127.0.0.1:8111/load_object?new_layer=false&objects=w517108556", "id_url": "https://www.openstreetmap.org/edit?editor=id&way=517108556#map=20/-25.3785019/-49.1970737"}}, {"type": "Feature", "geometry": {"type": "Point", "coordinates": [-49.1993452, -25.3811323]}, "properties": {"id": 517108557, "feat_type": "way", "quality_categories": "disjointed_geometries, missing_tags", "issue_ids": "[2, 3]", "osm_url": "https://www.openstreetmap.org/way/517108557", "josm_url": "http://127.0.0.1:8111/load_object?new_layer=false&objects=w517108557", "id_url": "https://www.openstreetmap.org/edit?editor=id&way=517108557#map=20/-25.3811323/-49.1993452"}}, {"type": "Feature", "geometry": {"type": "Point", "coordinates": [-49.2003059, -25.3823974]}, "properties": {"id": 517108558, "feat_type": "way", "quality_categories": "disjointed_geometries, missing_tags", "issue_ids": "[2, 3]", "osm_url": "https://www.openstreetmap.org/way/517108558", "josm_url": "http://127.0.0.1:8111/load_object?new_layer=false&objects=w517108558", "id_url": "https://www.openstreetmap.org/edit?editor=id&way=517108558#map=20/-25.3823974/-49.2003059"}}, {"type": "Feature", "geometry": {"type": "Point", "coordinates": [-49.2635853, -25.5331927]}, "properties": {"id": 524285791, "feat_type": "way", "quality_categories": "disjointed_geometries, missing_tags, replaceable_values", "issue_ids": "[1, 2, 3]", "osm_url": "https://www.openstreetmap.org/way/524285791", "josm_url": "http://127.0.0.1:8111/load_object?new_layer=false&objects=w524285791", "id_url": "https://www.openstreetmap.org/edit?editor=id&way=524285791#map=20/-25.5331927/-49.2635853"}}, {"type": "Feature", "geometry": {"type": "Point", "coordinates": [-49.2252851, -25.477766]}, "properties": {"id": 524285880, "feat_type": "way", "quality_categories": "disjointed_geometries, missing_tags", "issue_ids": "[2, 3]", "osm_url": "https://www.openstreetmap.org/way/524285880", "josm_url": "http://127.0.0.1:8111/load_object?new_layer=false&objects=w524285880", "id_url": "https://www.openstreetmap.org/edit?editor=id&way=524285880#map=20/-25.477766/-49.2252851"}}, {"type": "Feature", "geometry": {"type": "Point", "coordinates": [-49.2816414, -25.4769297]}, "properties": {"id": 618035749, "feat_type": "way", "quality_categories": "disjointed_geometries, missing_tags, replaceable_values", "issue_ids": "[1, 2, 3]", "osm_url": "https://www.openstreetmap.org/way/618035749", "josm_url": "http://127.0.0.1:8111/load_object?new_layer=false&objects=w618035749", "id_url": "https://www.openstreetmap.org/edit?editor=id&way=618035749#map=20/-25.4769297/-49.2816414"}}, {"type": "Feature", "geometry": {"type": "Point", "coordinates": [-49.2477926, -25.4110575]}, "properties": {"id": 629324551, "feat_type": "way", "quality_categories": "disjointed_geometries, missing_tags, replaceable_values", "issue_ids": "[1, 2, 3]", "osm_url": "https://www.openstreetmap.org/way/629324551", "josm_url": "http://127.0.0.1:8111/load_object?new_layer=false&objects=w629324551", "id_url": "https://www.openstreetmap.org/edit?editor=id&way=629324551#map=20/-25.4110575/-49.2477926"}}, {"type": "Feature", "geometry": {"type": "Point", "coordinates": [-49.2481706, -25.446101]}, "properties": {"id": 637337403, "feat_type": "way", "quality_categories": "crossings_lacking_kerbs, missing_tags", "issue_ids": "[2, 5]", "osm_url": "https://www.openstreetmap.org/way/637337403", "josm_url": "http://127.0.0.1:8111/load_object?new_layer=false&objects=w637337403", "id_url": "https://www.openstreetmap.org/edit?editor=id&way=637337403#map=20/-25.446101/-49.2481706"}}, {"type": "Feature", "geometry": {"type": "Point", "coordinates": [-49.2455443, -25.449942]}, "properties": {"id": 640338070, "feat_type": "way", "quality_categories": "crossings_lacking_kerbs, missing_tags", "issue_ids": "[2, 5]", "osm_url": "https://www.openstreetmap.org/way/640338070", "josm_url": "http://127.0.0.1:8111/load_object?new_layer=false&objects=w640338070", "id_url": "https://www.openstreetmap.org/edit?editor=id&way=640338070#map=20/-25.449942/-49.2455443"}}, {"type": "Feature", "geometry": {"type": "Point", "coordinates": [-49.2427256, -25.4530394]}, "properties": {"id": 640338073, "feat_type": "way", "quality_categories": "crossings_lacking_kerbs, missing_tags", "issue_ids": "[2, 5]", "osm_url": "https://www.openstreetmap.org/way/640338073", "josm_url": "http://127.0.0.1:8111/load_object?new_layer=false&objects=w640338073", "id_url": "https://www.openstreetmap.org/edit?editor=id&way=640338073#map=20/-25.4530394/-49.2427256"}}, {"type": "Feature", "geometry": {"type": "Point", "coordinates": [-49.2056111, -25.5052818]}, "properties": {"id": 641558577, "feat_type": "way", "quality_categories": "disjointed_geometries, missing_tags, replaceable_values", "issue_ids": "[1, 2, 3]", "osm_url": "https://www.openstreetmap.org/way/641558577", "josm_url": "http://127.0.0.1:8111/load_object?new_layer=false&objects=w641558577", "id_url": "https://www.openstreetmap.org/edit?editor=id&way=641558577#map=20/-25.5052818/-49.2056111"}}, {"type": "Feature", "geometry": {"type": "Point", "coordinates": [-49.2939687, -25.5150162]}, "properties": {"id": 644457817, "feat_type": "way", "quality_categories": "disjointed_geometries, missing_tags, replaceable_values", "issue_ids": "[4, 2, 3]", "osm_url": "https://www.openstreetmap.org/way/644457817", "josm_url": "http://127.0.0.1:8111/load_object?new_layer=false&objects=w644457817", "id_url": "https://www.openstreetmap.org/edit?editor=id&way=644457817#map=20/-25.5150162/-49.2939687"}}, {"type": "Feature", "geometry": {"type": "Point", "coordinates": [-49.2954859, -25.5135505]}, "properties": {"id": 645789432, "feat_type": "way", "quality_categories": "disjointed_geometries, missing_tags, replaceable_values", "issue_ids": "[4, 2, 3]", "osm_url": "https://www.openstreetmap.org/way/645789432", "josm_url": "http://127.0.0.1:8111/load_object?new_layer=false&objects=w645789432", "id_url": "https://www.openstreetmap.org/edit?editor=id&way=645789432#map=20/-25.5135505/-49.2954859"}}, {"type": "Feature", "geometry": {"type": "Point", "coordinates": [-49.2954859, -25.5135505]}, "properties": {"id": 645789433, "feat_type": "way", "quality_categories": "disjointed_geometries, missing_tags, replaceable_values", "issue_ids": "[1, 2, 3]", "osm_url": "https://www.openstreetmap.org/way/645789433", "josm_url": "http://127.0.0.1:8111/load_object?new_layer=false&objects=w645789433", "id_url": "https://www.openstreetmap.org/edit?editor=id&way=645789433#map=20/-25.5135505/-49.2954859"}}, {"type": "Feature", "geometry": {"type": "Point", "coordinates": [-49.2946818, -25.5136912]}, "properties": {"id": 645789435, "feat_type": "way", "quality_categories": "disjointed_geometries, missing_tags, replaceable_values", "issue_ids": "[1, 2, 3]", "osm_url": "https://www.openstreetmap.org/way/645789435", "josm_url": "http://127.0.0.1:8111/load_object?new_layer=false&objects=w645789435", "id_url": "https://www.openstreetmap.org/edit?editor=id&way=645789435#map=20/-25.5136912/-49.2946818"}}, {"type": "Feature", "geometry": {"type": "Point", "coordinates": [-49.2946835, -25.5136209]}, "properties": {"id": 645789436, "feat_type": "way", "quality_categories": "disjointed_geometries, missing_tags, replaceable_values", "issue_ids": "[1, 2, 3]", "osm_url": "https://www.openstreetmap.org/way/645789436", "josm_url": "http://127.0.0.1:8111/load_object?new_layer=false&objects=w645789436", "id_url": "https://www.openstreetmap.org/edit?editor=id&way=645789436#map=20/-25.5136209/-49.2946835"}}, {"type": "Feature", "geometry": {"type": "Point", "coordinates": [-49.2946861, -25.5135133]}, "properties": {"id": 645789437, "feat_type": "way", "quality_categories": "disjointed_geometries, missing_tags, replaceable_values", "issue_ids": "[1, 2, 3]", "osm_url": "https://www.openstreetmap.org/way/645789437", "josm_url": "http://127.0.0.1:8111/load_object?new_layer=false&objects=w645789437", "id_url": "https://www.openstreetmap.org/edit?editor=id&way=645789437#map=20/-25.5135133/-49.2946861"}}, {"type": "Feature", "geometry": {"type": "Point", "coordinates": [-49.2946315, -25.5133698]}, "properties": {"id": 645789441, "feat_type": "way", "quality_categories": "disjointed_geometries, missing_tags, replaceable_values", "issue_ids": "[1, 2, 3]", "osm_url": "https://www.openstreetmap.org/way/645789441", "josm_url": "http://127.0.0.1:8111/load_object?new_layer=false&objects=w645789441", "id_url": "https://www.openstreetmap.org/edit?editor=id&way=645789441#map=20/-25.5133698/-49.2946315"}}, {"type": "Feature", "geometry": {"type": "Point", "coordinates": [-49.2955651, -25.5118791]}, "properties": {"id": 645789442, "feat_type": "way", "quality_categories": "disjointed_geometries, missing_tags, replaceable_values", "issue_ids": "[1, 2, 3]", "osm_url": "https://www.openstreetmap.org/way/645789442", "josm_url": "http://127.0.0.1:8111/load_object?new_layer=false&objects=w645789442", "id_url": "https://www.openstreetmap.org/edit?editor=id&way=645789442#map=20/-25.5118791/-49.2955651"}}, {"type": "Feature", "geometry": {"type": "Point", "coordinates": [-49.2944096, -25.5118672]}, "properties": {"id": 645789443, "feat_type": "way", "quality_categories": "disjointed_geometries, missing_tags, replaceable_values", "issue_ids": "[1, 2, 3]", "osm_url": "https://www.openstreetmap.org/way/645789443", "josm_url": "http://127.0.0.1:8111/load_object?new_layer=false&objects=w645789443", "id_url": "https://www.openstreetmap.org/edit?editor=id&way=645789443#map=20/-25.5118672/-49.2944096"}}, {"type": "Feature", "geometry": {"type": "Point", "coordinates": [-49.2947203, -25.5118734]}, "properties": {"id": 645789445, "feat_type": "way", "quality_categories": "disjointed_geometries, missing_tags, replaceable_values", "issue_ids": "[1, 2, 3]", "osm_url": "https://www.openstreetmap.org/way/645789445", "josm_url": "http://127.0.0.1:8111/load_object?new_layer=false&objects=w645789445", "id_url": "https://www.openstreetmap.org/edit?editor=id&way=645789445#map=20/-25.5118734/-49.2947203"}}, {"type": "Feature", "geometry": {"type": "Point", "coordinates": [-49.2949657, -25.5118784]}, "properties": {"id": 645789447, "feat_type": "way", "quality_categories": "disjointed_geometries, missing_tags, replaceable_values", "issue_ids": "[1, 2, 3]", "osm_url": "https://www.openstreetmap.org/way/645789447", "josm_url": "http://127.0.0.1:8111/load_object?new_layer=false&objects=w645789447", "id_url": "https://www.openstreetmap.org/edit?editor=id&way=645789447#map=20/-25.5118784/-49.2949657"}}, {"type": "Feature", "geometry": {"type": "Point", "coordinates": [-49.2952363, -25.5118838]}, "properties": {"id": 645789449, "feat_type": "way", "quality_categories": "disjointed_geometries, missing_tags, replaceable_values", "issue_ids": "[1, 2, 3]", "osm_url": "https://www.openstreetmap.org/way/645789449", "josm_url": "http://127.0.0.1:8111/load_object?new_layer=false&objects=w645789449", "id_url": "https://www.openstreetmap.org/edit?editor=id&way=645789449#map=20/-25.5118838/-49.2952363"}}, {"type": "Feature", "geometry": {"type": "Point", "coordinates": [-49.2951937, -25.5134066]}, "properties": {"id": 645789453, "feat_type": "way", "quality_categories": "disjointed_geometries, missing_tags, replaceable_values", "issue_ids": "[1, 2, 3]", "osm_url": "https://www.openstreetmap.org/way/645789453", "josm_url": "http://127.0.0.1:8111/load_object?new_layer=false&objects=w645789453", "id_url": "https://www.openstreetmap.org/edit?editor=id&way=645789453#map=20/-25.5134066/-49.2951937"}}, {"type": "Feature", "geometry": {"type": "Point", "coordinates": [-49.2947313, -25.5133973]}, "properties": {"id": 645789455, "feat_type": "way", "quality_categories": "disjointed_geometries, missing_tags, replaceable_values", "issue_ids": "[1, 2, 3]", "osm_url": "https://www.openstreetmap.org/way/645789455", "josm_url": "http://127.0.0.1:8111/load_object?new_layer=false&objects=w645789455", "id_url": "https://www.openstreetmap.org/edit?editor=id&way=645789455#map=20/-25.5133973/-49.2947313"}}, {"type": "Feature", "geometry": {"type": "Point", "coordinates": [-49.2949299, -25.5134013]}, "properties": {"id": 645789456, "feat_type": "way", "quality_categories": "disjointed_geometries, missing_tags, replaceable_values", "issue_ids": "[1, 2, 3]", "osm_url": "https://www.openstreetmap.org/way/645789456", "josm_url": "http://127.0.0.1:8111/load_object?new_layer=false&objects=w645789456", "id_url": "https://www.openstreetmap.org/edit?editor=id&way=645789456#map=20/-25.5134013/-49.2949299"}}, {"type": "Feature", "geometry": {"type": "Point", "coordinates": [-49.2947313, -25.5133973]}, "properties": {"id": 645789457, "feat_type": "way", "quality_categories": "disjointed_geometries, missing_tags, replaceable_values", "issue_ids": "[1, 2, 3]", "osm_url": "https://www.openstreetmap.org/way/645789457", "josm_url": "http://127.0.0.1:8111/load_object?new_layer=false&objects=w645789457", "id_url": "https://www.openstreetmap.org/edit?editor=id&way=645789457#map=20/-25.5133973/-49.2947313"}}, {"type": "Feature", "geometry": {"type": "Point", "coordinates": [-49.2955882, -25.5134146]}, "properties": {"id": 645789461, "feat_type": "way", "quality_categories": "disjointed_geometries, missing_tags, replaceable_values", "issue_ids": "[1, 2, 3]", "osm_url": "https://www.openstreetmap.org/way/645789461", "josm_url": "http://127.0.0.1:8111/load_object?new_layer=false&objects=w645789461", "id_url": "https://www.openstreetmap.org/edit?editor=id&way=645789461#map=20/-25.5134146/-49.2955882"}}, {"type": "Feature", "geometry": {"type": "Point", "coordinates": [-49.2956248, -25.5118916]}, "properties": {"id": 645789464, "feat_type": "way", "quality_categories": "disjointed_geometries, missing_tags, replaceable_values", "issue_ids": "[1, 2, 3]", "osm_url": "https://www.openstreetmap.org/way/645789464", "josm_url": "http://127.0.0.1:8111/load_object?new_layer=false&objects=w645789464", "id_url": "https://www.openstreetmap.org/edit?editor=id&way=645789464#map=20/-25.5118916/-49.2956248"}}, {"type": "Feature", "geometry": {"type": "Point", "coordinates": [-49.2757155, -25.4959717]}, "properties": {"id": 646016141, "feat_type": "way", "quality_categories": "crossings_lacking_kerbs, missing_tags, replaceable_values", "issue_ids": "[1, 2, 5]", "osm_url": "https://www.openstreetmap.org/way/646016141", "josm_url": "http://127.0.0.1:8111/load_object?new_layer=false&objects=w646016141", "id_url": "https://www.openstreetmap.org/edit?editor=id&way=646016141#map=20/-25.4959717/-49.2757155"}}, {"type": "Feature", "geometry": {"type": "Point", "coordinates": [-49.2759583, -25.4959199]}, "properties": {"id": 646016142, "feat_type": "way", "quality_categories": "disjointed_geometries, missing_tags, replaceable_values", "issue_ids": "[1, 2, 3]", "osm_url": "https://www.openstreetmap.org/way/646016142", "josm_url": "http://127.0.0.1:8111/load_object?new_layer=false&objects=w646016142", "id_url": "https://www.openstreetmap.org/edit?editor=id&way=646016142#map=20/-25.4959199/-49.2759583"}}, {"type": "Feature", "geometry": {"type": "Point", "coordinates": [-49.2755472, -25.4960154]}, "properties": {"id": 646016144, "feat_type": "way", "quality_categories": "crossings_lacking_kerbs, missing_tags, replaceable_values", "issue_ids": "[1, 2, 5]", "osm_url": "https://www.openstreetmap.org/way/646016144", "josm_url": "http://127.0.0.1:8111/load_object?new_layer=false&objects=w646016144", "id_url": "https://www.openstreetmap.org/edit?editor=id&way=646016144#map=20/-25.4960154/-49.2755472"}}, {"type": "Feature", "geometry": {"type": "Point", "coordinates": [-49.2755109, -25.4960618]}, "properties": {"id": 646016146, "feat_type": "way", "quality_categories": "crossings_lacking_kerbs, missing_tags, replaceable_values", "issue_ids": "[1, 2, 5]", "osm_url": "https://www.openstreetmap.org/way/646016146", "josm_url": "http://127.0.0.1:8111/load_object?new_layer=false&objects=w646016146", "id_url": "https://www.openstreetmap.org/edit?editor=id&way=646016146#map=20/-25.4960618/-49.2755109"}}, {"type": "Feature", "geometry": {"type": "Point", "coordinates": [-49.2754446, -25.4962197]}, "properties": {"id": 646016148, "feat_type": "way", "quality_categories": "crossings_lacking_kerbs, missing_tags, replaceable_values", "issue_ids": "[1, 2, 5]", "osm_url": "https://www.openstreetmap.org/way/646016148", "josm_url": "http://127.0.0.1:8111/load_object?new_layer=false&objects=w646016148", "id_url": "https://www.openstreetmap.org/edit?editor=id&way=646016148#map=20/-25.4962197/-49.2754446"}}, {"type": "Feature", "geometry": {"type": "Point", "coordinates": [-49.2766994, -25.4967186]}, "properties": {"id": 646016150, "feat_type": "way", "quality_categories": "disjointed_geometries, missing_tags, replaceable_values", "issue_ids": "[1, 2, 3]", "osm_url": "https://www.openstreetmap.org/way/646016150", "josm_url": "http://127.0.0.1:8111/load_object?new_layer=false&objects=w646016150", "id_url": "https://www.openstreetmap.org/edit?editor=id&way=646016150#map=20/-25.4967186/-49.2766994"}}, {"type": "Feature", "geometry": {"type": "Point", "coordinates": [-49.276257, -25.4969384]}, "properties": {"id": 646016151, "feat_type": "way", "quality_categories": "crossings_lacking_kerbs, missing_tags, older_than_five_years, replaceable_values", "issue_ids": "[1, 8, 2, 5]", "osm_url": "https://www.openstreetmap.org/way/646016151", "josm_url": "http://127.0.0.1:8111/load_object?new_layer=false&objects=w646016151", "id_url": "https://www.openstreetmap.org/edit?editor=id&way=646016151#map=20/-25.4969384/-49.276257"}}, {"type": "Feature", "geometry": {"type": "Point", "coordinates": [-49.2762896, -25.4969165]}, "properties": {"id": 646016152, "feat_type": "way", "quality_categories": "crossings_lacking_kerbs, missing_tags, older_than_five_years, replaceable_values", "issue_ids": "[1, 8, 2, 5]", "osm_url": "https://www.openstreetmap.org/way/646016152", "josm_url": "http://127.0.0.1:8111/load_object?new_layer=false&objects=w646016152", "id_url": "https://www.openstreetmap.org/edit?editor=id&way=646016152#map=20/-25.4969165/-49.2762896"}}, {"type": "Feature", "geometry": {"type": "Point", "coordinates": [-49.2767189, -25.4975139]}, "properties": {"id": 646016154, "feat_type": "way", "quality_categories": "crossings_lacking_kerbs, missing_tags, older_than_five_years, replaceable_values", "issue_ids": "[1, 9, 2, 5]", "osm_url": "https://www.openstreetmap.org/way/646016154", "josm_url": "http://127.0.0.1:8111/load_object?new_layer=false&objects=w646016154", "id_url": "https://www.openstreetmap.org/edit?editor=id&way=646016154#map=20/-25.4975139/-49.2767189"}}, {"type": "Feature", "geometry": {"type": "Point", "coordinates": [-49.2766926, -25.4976405]}, "properties": {"id": 646016156, "feat_type": "way", "quality_categories": "crossings_lacking_kerbs, missing_tags, older_than_five_years, replaceable_values", "issue_ids": "[1, 9, 2, 5]", "osm_url": "https://www.openstreetmap.org/way/646016156", "josm_url": "http://127.0.0.1:8111/load_object?new_layer=false&objects=w646016156", "id_url": "https://www.openstreetmap.org/edit?editor=id&way=646016156#map=20/-25.4976405/-49.2766926"}}, {"type": "Feature", "geometry": {"type": "Point", "coordinates": [-49.284024, -25.568345]}, "properties": {"id": 650093220, "feat_type": "way", "quality_categories": "disjointed_geometries, missing_tags, replaceable_values", "issue_ids": "[1, 2, 3]", "osm_url": "https://www.openstreetmap.org/way/650093220", "josm_url": "http://127.0.0.1:8111/load_object?new_layer=false&objects=w650093220", "id_url": "https://www.openstreetmap.org/edit?editor=id&way=650093220#map=20/-25.568345/-49.284024"}}, {"type": "Feature", "geometry": {"type": "Point", "coordinates": [-49.2149076, -25.491941]}, "properties": {"id": 654379421, "feat_type": "way", "quality_categories": "crossings_lacking_kerbs, missing_tags", "issue_ids": "[2, 5]", "osm_url": "https://www.openstreetmap.org/way/654379421", "josm_url": "http://127.0.0.1:8111/load_object?new_layer=false&objects=w654379421", "id_url": "https://www.openstreetmap.org/edit?editor=id&way=654379421#map=20/-25.491941/-49.2149076"}}, {"type": "Feature", "geometry": {"type": "Point", "coordinates": [-49.2199081, -25.4847744]}, "properties": {"id": 654379422, "feat_type": "way", "quality_categories": "crossings_lacking_kerbs, missing_tags", "issue_ids": "[2, 5]", "osm_url": "https://www.openstreetmap.org/way/654379422", "josm_url": "http://127.0.0.1:8111/load_object?new_layer=false&objects=w654379422", "id_url": "https://www.openstreetmap.org/edit?editor=id&way=654379422#map=20/-25.4847744/-49.2199081"}}, {"type": "Feature", "geometry": {"type": "Point", "coordinates": [-49.2202292, -25.4846776]}, "properties": {"id": 654379423, "feat_type": "way", "quality_categories": "crossings_lacking_kerbs, missing_tags", "issue_ids": "[2, 5]", "osm_url": "https://www.openstreetmap.org/way/654379423", "josm_url": "http://127.0.0.1:8111/load_object?new_layer=false&objects=w654379423", "id_url": "https://www.openstreetmap.org/edit?editor=id&way=654379423#map=20/-25.4846776/-49.2202292"}}, {"type": "Feature", "geometry": {"type": "Point", "coordinates": [-49.220044, -25.4847692]}, "properties": {"id": 654379424, "feat_type": "way", "quality_categories": "crossings_lacking_kerbs, missing_tags", "issue_ids": "[2, 5]", "osm_url": "https://www.openstreetmap.org/way/654379424", "josm_url": "http://127.0.0.1:8111/load_object?new_layer=false&objects=w654379424", "id_url": "https://www.openstreetmap.org/edit?editor=id&way=654379424#map=20/-25.4847692/-49.220044"}}, {"type": "Feature", "geometry": {"type": "Point", "coordinates": [-49.2211064, -25.4831417]}, "properties": {"id": 654379427, "feat_type": "way", "quality_categories": "disjointed_geometries, missing_tags", "issue_ids": "[2, 3]", "osm_url": "https://www.openstreetmap.org/way/654379427", "josm_url": "http://127.0.0.1:8111/load_object?new_layer=false&objects=w654379427", "id_url": "https://www.openstreetmap.org/edit?editor=id&way=654379427#map=20/-25.4831417/-49.2211064"}}, {"type": "Feature", "geometry": {"type": "Point", "coordinates": [-49.220949, -25.4833565]}, "properties": {"id": 654379428, "feat_type": "way", "quality_categories": "disjointed_geometries, missing_tags", "issue_ids": "[2, 3]", "osm_url": "https://www.openstreetmap.org/way/654379428", "josm_url": "http://127.0.0.1:8111/load_object?new_layer=false&objects=w654379428", "id_url": "https://www.openstreetmap.org/edit?editor=id&way=654379428#map=20/-25.4833565/-49.220949"}}, {"type": "Feature", "geometry": {"type": "Point", "coordinates": [-49.2671509, -25.4168709]}, "properties": {"id": 657092705, "feat_type": "way", "quality_categories": "disjointed_geometries, missing_tags, replaceable_values", "issue_ids": "[4, 2, 3]", "osm_url": "https://www.openstreetmap.org/way/657092705", "josm_url": "http://127.0.0.1:8111/load_object?new_layer=false&objects=w657092705", "id_url": "https://www.openstreetmap.org/edit?editor=id&way=657092705#map=20/-25.4168709/-49.2671509"}}, {"type": "Feature", "geometry": {"type": "Point", "coordinates": [-49.250535, -25.4430877]}, "properties": {"id": 657095950, "feat_type": "way", "quality_categories": "disjointed_geometries, missing_tags", "issue_ids": "[2, 3]", "osm_url": "https://www.openstreetmap.org/way/657095950", "josm_url": "http://127.0.0.1:8111/load_object?new_layer=false&objects=w657095950", "id_url": "https://www.openstreetmap.org/edit?editor=id&way=657095950#map=20/-25.4430877/-49.250535"}}, {"type": "Feature", "geometry": {"type": "Point", "coordinates": [-49.3250666, -25.5117449]}, "properties": {"id": 657750851, "feat_type": "way", "quality_categories": "crossings_lacking_kerbs, missing_tags, replaceable_values", "issue_ids": "[4, 2, 5]", "osm_url": "https://www.openstreetmap.org/way/657750851", "josm_url": "http://127.0.0.1:8111/load_object?new_layer=false&objects=w657750851", "id_url": "https://www.openstreetmap.org/edit?editor=id&way=657750851#map=20/-25.5117449/-49.3250666"}}, {"type": "Feature", "geometry": {"type": "Point", "coordinates": [-49.3254945, -25.5118117]}, "properties": {"id": 657750853, "feat_type": "way", "quality_categories": "crossings_lacking_kerbs, missing_tags, older_than_five_years, replaceable_values", "issue_ids": "[4, 10, 2, 5]", "osm_url": "https://www.openstreetmap.org/way/657750853", "josm_url": "http://127.0.0.1:8111/load_object?new_layer=false&objects=w657750853", "id_url": "https://www.openstreetmap.org/edit?editor=id&way=657750853#map=20/-25.5118117/-49.3254945"}}, {"type": "Feature", "geometry": {"type": "Point", "coordinates": [-49.3235123, -25.5116636]}, "properties": {"id": 657750854, "feat_type": "way", "quality_categories": "disjointed_geometries, missing_tags, replaceable_values", "issue_ids": "[4, 2, 3]", "osm_url": "https://www.openstreetmap.org/way/657750854", "josm_url": "http://127.0.0.1:8111/load_object?new_layer=false&objects=w657750854", "id_url": "https://www.openstreetmap.org/edit?editor=id&way=657750854#map=20/-25.5116636/-49.3235123"}}, {"type": "Feature", "geometry": {"type": "Point", "coordinates": [-49.3237236, -25.5118121]}, "properties": {"id": 657750855, "feat_type": "way", "quality_categories": "crossings_lacking_kerbs, missing_tags, older_than_five_years, replaceable_values", "issue_ids": "[4, 10, 2, 5]", "osm_url": "https://www.openstreetmap.org/way/657750855", "josm_url": "http://127.0.0.1:8111/load_object?new_layer=false&objects=w657750855", "id_url": "https://www.openstreetmap.org/edit?editor=id&way=657750855#map=20/-25.5118121/-49.3237236"}}, {"type": "Feature", "geometry": {"type": "Point", "coordinates": [-49.2931326, -25.4922318]}, "properties": {"id": 657750864, "feat_type": "way", "quality_categories": "disjointed_geometries, missing_tags, replaceable_values", "issue_ids": "[4, 2, 3]", "osm_url": "https://www.openstreetmap.org/way/657750864", "josm_url": "http://127.0.0.1:8111/load_object?new_layer=false&objects=w657750864", "id_url": "https://www.openstreetmap.org/edit?editor=id&way=657750864#map=20/-25.4922318/-49.2931326"}}, {"type": "Feature", "geometry": {"type": "Point", "coordinates": [-49.2933036, -25.49225]}, "properties": {"id": 657750865, "feat_type": "way", "quality_categories": "disjointed_geometries, missing_tags, replaceable_values", "issue_ids": "[4, 2, 3]", "osm_url": "https://www.openstreetmap.org/way/657750865", "josm_url": "http://127.0.0.1:8111/load_object?new_layer=false&objects=w657750865", "id_url": "https://www.openstreetmap.org/edit?editor=id&way=657750865#map=20/-25.49225/-49.2933036"}}, {"type": "Feature", "geometry": {"type": "Point", "coordinates": [-49.2282498, -25.5207918]}, "properties": {"id": 659237661, "feat_type": "way", "quality_categories": "disjointed_geometries, missing_tags, replaceable_values", "issue_ids": "[4, 2, 3]", "osm_url": "https://www.openstreetmap.org/way/659237661", "josm_url": "http://127.0.0.1:8111/load_object?new_layer=false&objects=w659237661", "id_url": "https://www.openstreetmap.org/edit?editor=id&way=659237661#map=20/-25.5207918/-49.2282498"}}, {"type": "Feature", "geometry": {"type": "Point", "coordinates": [-49.2282499, -25.5203372]}, "properties": {"id": 659237663, "feat_type": "way", "quality_categories": "disjointed_geometries, missing_tags, replaceable_values", "issue_ids": "[4, 2, 3]", "osm_url": "https://www.openstreetmap.org/way/659237663", "josm_url": "http://127.0.0.1:8111/load_object?new_layer=false&objects=w659237663", "id_url": "https://www.openstreetmap.org/edit?editor=id&way=659237663#map=20/-25.5203372/-49.2282499"}}, {"type": "Feature", "geometry": {"type": "Point", "coordinates": [-49.2322393, -25.5125143]}, "properties": {"id": 659237665, "feat_type": "way", "quality_categories": "disjointed_geometries, missing_tags, replaceable_values", "issue_ids": "[4, 2, 3]", "osm_url": "https://www.openstreetmap.org/way/659237665", "josm_url": "http://127.0.0.1:8111/load_object?new_layer=false&objects=w659237665", "id_url": "https://www.openstreetmap.org/edit?editor=id&way=659237665#map=20/-25.5125143/-49.2322393"}}, {"type": "Feature", "geometry": {"type": "Point", "coordinates": [-49.2348627, -25.5071801]}, "properties": {"id": 659237669, "feat_type": "way", "quality_categories": "disjointed_geometries, missing_tags, replaceable_values", "issue_ids": "[4, 2, 3]", "osm_url": "https://www.openstreetmap.org/way/659237669", "josm_url": "http://127.0.0.1:8111/load_object?new_layer=false&objects=w659237669", "id_url": "https://www.openstreetmap.org/edit?editor=id&way=659237669#map=20/-25.5071801/-49.2348627"}}, {"type": "Feature", "geometry": {"type": "Point", "coordinates": [-49.2350314, -25.5063872]}, "properties": {"id": 659237670, "feat_type": "way", "quality_categories": "disjointed_geometries, missing_tags, replaceable_values", "issue_ids": "[4, 2, 3]", "osm_url": "https://www.openstreetmap.org/way/659237670", "josm_url": "http://127.0.0.1:8111/load_object?new_layer=false&objects=w659237670", "id_url": "https://www.openstreetmap.org/edit?editor=id&way=659237670#map=20/-25.5063872/-49.2350314"}}, {"type": "Feature", "geometry": {"type": "Point", "coordinates": [-49.243302, -25.4894897]}, "properties": {"id": 659237676, "feat_type": "way", "quality_categories": "disjointed_geometries, missing_tags", "issue_ids": "[2, 3]", "osm_url": "https://www.openstreetmap.org/way/659237676", "josm_url": "http://127.0.0.1:8111/load_object?new_layer=false&objects=w659237676", "id_url": "https://www.openstreetmap.org/edit?editor=id&way=659237676#map=20/-25.4894897/-49.243302"}}, {"type": "Feature", "geometry": {"type": "Point", "coordinates": [-49.2428209, -25.4908498]}, "properties": {"id": 659237677, "feat_type": "way", "quality_categories": "disjointed_geometries, missing_tags", "issue_ids": "[2, 3]", "osm_url": "https://www.openstreetmap.org/way/659237677", "josm_url": "http://127.0.0.1:8111/load_object?new_layer=false&objects=w659237677", "id_url": "https://www.openstreetmap.org/edit?editor=id&way=659237677#map=20/-25.4908498/-49.2428209"}}, {"type": "Feature", "geometry": {"type": "Point", "coordinates": [-49.2446367, -25.4871393]}, "properties": {"id": 659237678, "feat_type": "way", "quality_categories": "disjointed_geometries, missing_tags", "issue_ids": "[2, 3]", "osm_url": "https://www.openstreetmap.org/way/659237678", "josm_url": "http://127.0.0.1:8111/load_object?new_layer=false&objects=w659237678", "id_url": "https://www.openstreetmap.org/edit?editor=id&way=659237678#map=20/-25.4871393/-49.2446367"}}, {"type": "Feature", "geometry": {"type": "Point", "coordinates": [-49.2450073, -25.4859856]}, "properties": {"id": 659237679, "feat_type": "way", "quality_categories": "disjointed_geometries, missing_tags", "issue_ids": "[2, 3]", "osm_url": "https://www.openstreetmap.org/way/659237679", "josm_url": "http://127.0.0.1:8111/load_object?new_layer=false&objects=w659237679", "id_url": "https://www.openstreetmap.org/edit?editor=id&way=659237679#map=20/-25.4859856/-49.2450073"}}, {"type": "Feature", "geometry": {"type": "Point", "coordinates": [-49.2474119, -25.48114]}, "properties": {"id": 659237691, "feat_type": "way", "quality_categories": "crossings_lacking_kerbs, missing_tags, replaceable_values", "issue_ids": "[4, 2, 5]", "osm_url": "https://www.openstreetmap.org/way/659237691", "josm_url": "http://127.0.0.1:8111/load_object?new_layer=false&objects=w659237691", "id_url": "https://www.openstreetmap.org/edit?editor=id&way=659237691#map=20/-25.48114/-49.2474119"}}, {"type": "Feature", "geometry": {"type": "Point", "coordinates": [-49.2495665, -25.4770547]}, "properties": {"id": 659237700, "feat_type": "way", "quality_categories": "disjointed_geometries, missing_tags", "issue_ids": "[2, 3]", "osm_url": "https://www.openstreetmap.org/way/659237700", "josm_url": "http://127.0.0.1:8111/load_object?new_layer=false&objects=w659237700", "id_url": "https://www.openstreetmap.org/edit?editor=id&way=659237700#map=20/-25.4770547/-49.2495665"}}, {"type": "Feature", "geometry": {"type": "Point", "coordinates": [-49.2500165, -25.4757638]}, "properties": {"id": 659237701, "feat_type": "way", "quality_categories": "disjointed_geometries, missing_tags", "issue_ids": "[2, 3]", "osm_url": "https://www.openstreetmap.org/way/659237701", "josm_url": "http://127.0.0.1:8111/load_object?new_layer=false&objects=w659237701", "id_url": "https://www.openstreetmap.org/edit?editor=id&way=659237701#map=20/-25.4757638/-49.2500165"}}, {"type": "Feature", "geometry": {"type": "Point", "coordinates": [-49.2514582, -25.4729288]}, "properties": {"id": 659237705, "feat_type": "way", "quality_categories": "disjointed_geometries, missing_tags, replaceable_values", "issue_ids": "[4, 2, 3]", "osm_url": "https://www.openstreetmap.org/way/659237705", "josm_url": "http://127.0.0.1:8111/load_object?new_layer=false&objects=w659237705", "id_url": "https://www.openstreetmap.org/edit?editor=id&way=659237705#map=20/-25.4729288/-49.2514582"}}, {"type": "Feature", "geometry": {"type": "Point", "coordinates": [-49.2557073, -25.4642844]}, "properties": {"id": 659237706, "feat_type": "way", "quality_categories": "disjointed_geometries, missing_tags, replaceable_values", "issue_ids": "[4, 2, 3]", "osm_url": "https://www.openstreetmap.org/way/659237706", "josm_url": "http://127.0.0.1:8111/load_object?new_layer=false&objects=w659237706", "id_url": "https://www.openstreetmap.org/edit?editor=id&way=659237706#map=20/-25.4642844/-49.2557073"}}, {"type": "Feature", "geometry": {"type": "Point", "coordinates": [-49.2558014, -25.4640898]}, "properties": {"id": 659237707, "feat_type": "way", "quality_categories": "disjointed_geometries, missing_tags, replaceable_values", "issue_ids": "[4, 2, 3]", "osm_url": "https://www.openstreetmap.org/way/659237707", "josm_url": "http://127.0.0.1:8111/load_object?new_layer=false&objects=w659237707", "id_url": "https://www.openstreetmap.org/edit?editor=id&way=659237707#map=20/-25.4640898/-49.2558014"}}, {"type": "Feature", "geometry": {"type": "Point", "coordinates": [-49.2561583, -25.4633457]}, "properties": {"id": 659237708, "feat_type": "way", "quality_categories": "disjointed_geometries, missing_tags, replaceable_values", "issue_ids": "[4, 2, 3]", "osm_url": "https://www.openstreetmap.org/way/659237708", "josm_url": "http://127.0.0.1:8111/load_object?new_layer=false&objects=w659237708", "id_url": "https://www.openstreetmap.org/edit?editor=id&way=659237708#map=20/-25.4633457/-49.2561583"}}, {"type": "Feature", "geometry": {"type": "Point", "coordinates": [-49.2566082, -25.4627183]}, "properties": {"id": 659237709, "feat_type": "way", "quality_categories": "disjointed_geometries, missing_tags, replaceable_values", "issue_ids": "[4, 2, 3]", "osm_url": "https://www.openstreetmap.org/way/659237709", "josm_url": "http://127.0.0.1:8111/load_object?new_layer=false&objects=w659237709", "id_url": "https://www.openstreetmap.org/edit?editor=id&way=659237709#map=20/-25.4627183/-49.2566082"}}, {"type": "Feature", "geometry": {"type": "Point", "coordinates": [-49.2524829, -25.4536463]}, "properties": {"id": 659237714, "feat_type": "way", "quality_categories": "disjointed_geometries, missing_tags, replaceable_values", "issue_ids": "[4, 2, 3]", "osm_url": "https://www.openstreetmap.org/way/659237714", "josm_url": "http://127.0.0.1:8111/load_object?new_layer=false&objects=w659237714", "id_url": "https://www.openstreetmap.org/edit?editor=id&way=659237714#map=20/-25.4536463/-49.2524829"}}, {"type": "Feature", "geometry": {"type": "Point", "coordinates": [-49.2856919, -25.4449051]}, "properties": {"id": 659241079, "feat_type": "way", "quality_categories": "crossings_lacking_kerbs, missing_tags", "issue_ids": "[2, 5]", "osm_url": "https://www.openstreetmap.org/way/659241079", "josm_url": "http://127.0.0.1:8111/load_object?new_layer=false&objects=w659241079", "id_url": "https://www.openstreetmap.org/edit?editor=id&way=659241079#map=20/-25.4449051/-49.2856919"}}, {"type": "Feature", "geometry": {"type": "Point", "coordinates": [-49.2649456, -25.436977]}, "properties": {"id": 659241090, "feat_type": "way", "quality_categories": "disjointed_geometries, missing_tags", "issue_ids": "[2, 3]", "osm_url": "https://www.openstreetmap.org/way/659241090", "josm_url": "http://127.0.0.1:8111/load_object?new_layer=false&objects=w659241090", "id_url": "https://www.openstreetmap.org/edit?editor=id&way=659241090#map=20/-25.436977/-49.2649456"}}, {"type": "Feature", "geometry": {"type": "Point", "coordinates": [-49.2651051, -25.4372173]}, "properties": {"id": 659241092, "feat_type": "way", "quality_categories": "disjointed_geometries, missing_tags", "issue_ids": "[2, 3]", "osm_url": "https://www.openstreetmap.org/way/659241092", "josm_url": "http://127.0.0.1:8111/load_object?new_layer=false&objects=w659241092", "id_url": "https://www.openstreetmap.org/edit?editor=id&way=659241092#map=20/-25.4372173/-49.2651051"}}, {"type": "Feature", "geometry": {"type": "Point", "coordinates": [-49.2305314, -25.5162468]}, "properties": {"id": 659435710, "feat_type": "way", "quality_categories": "disjointed_geometries, missing_tags", "issue_ids": "[2, 3]", "osm_url": "https://www.openstreetmap.org/way/659435710", "josm_url": "http://127.0.0.1:8111/load_object?new_layer=false&objects=w659435710", "id_url": "https://www.openstreetmap.org/edit?editor=id&way=659435710#map=20/-25.5162468/-49.2305314"}}, {"type": "Feature", "geometry": {"type": "Point", "coordinates": [-49.229817, -25.517689]}, "properties": {"id": 659435720, "feat_type": "way", "quality_categories": "disjointed_geometries, missing_tags, replaceable_values", "issue_ids": "[4, 2, 3]", "osm_url": "https://www.openstreetmap.org/way/659435720", "josm_url": "http://127.0.0.1:8111/load_object?new_layer=false&objects=w659435720", "id_url": "https://www.openstreetmap.org/edit?editor=id&way=659435720#map=20/-25.517689/-49.229817"}}, {"type": "Feature", "geometry": {"type": "Point", "coordinates": [-49.230303, -25.5178188]}, "properties": {"id": 659435724, "feat_type": "way", "quality_categories": "crossings_lacking_kerbs, missing_tags, older_than_five_years, replaceable_values", "issue_ids": "[4, 11, 2, 5]", "osm_url": "https://www.openstreetmap.org/way/659435724", "josm_url": "http://127.0.0.1:8111/load_object?new_layer=false&objects=w659435724", "id_url": "https://www.openstreetmap.org/edit?editor=id&way=659435724#map=20/-25.5178188/-49.230303"}}, {"type": "Feature", "geometry": {"type": "Point", "coordinates": [-49.2501049, -25.4501725]}, "properties": {"id": 659596361, "feat_type": "way", "quality_categories": "disjointed_geometries, missing_tags, replaceable_values", "issue_ids": "[4, 2, 3]", "osm_url": "https://www.openstreetmap.org/way/659596361", "josm_url": "http://127.0.0.1:8111/load_object?new_layer=false&objects=w659596361", "id_url": "https://www.openstreetmap.org/edit?editor=id&way=659596361#map=20/-25.4501725/-49.2501049"}}, {"type": "Feature", "geometry": {"type": "Point", "coordinates": [-49.2524795, -25.4534548]}, "properties": {"id": 659596367, "feat_type": "way", "quality_categories": "disjointed_geometries, missing_tags, replaceable_values", "issue_ids": "[4, 2, 3]", "osm_url": "https://www.openstreetmap.org/way/659596367", "josm_url": "http://127.0.0.1:8111/load_object?new_layer=false&objects=w659596367", "id_url": "https://www.openstreetmap.org/edit?editor=id&way=659596367#map=20/-25.4534548/-49.2524795"}}, {"type": "Feature", "geometry": {"type": "Point", "coordinates": [-49.2683794, -25.5345243]}, "properties": {"id": 659599244, "feat_type": "way", "quality_categories": "disjointed_geometries, missing_tags, replaceable_values", "issue_ids": "[4, 2, 3]", "osm_url": "https://www.openstreetmap.org/way/659599244", "josm_url": "http://127.0.0.1:8111/load_object?new_layer=false&objects=w659599244", "id_url": "https://www.openstreetmap.org/edit?editor=id&way=659599244#map=20/-25.5345243/-49.2683794"}}, {"type": "Feature", "geometry": {"type": "Point", "coordinates": [-49.2150011, -25.4517455]}, "properties": {"id": 659608764, "feat_type": "way", "quality_categories": "disjointed_geometries, missing_tags, replaceable_values", "issue_ids": "[4, 2, 3]", "osm_url": "https://www.openstreetmap.org/way/659608764", "josm_url": "http://127.0.0.1:8111/load_object?new_layer=false&objects=w659608764", "id_url": "https://www.openstreetmap.org/edit?editor=id&way=659608764#map=20/-25.4517455/-49.2150011"}}, {"type": "Feature", "geometry": {"type": "Point", "coordinates": [-49.2388354, -25.4590632]}, "properties": {"id": 660018984, "feat_type": "way", "quality_categories": "crossings_lacking_kerbs, missing_tags", "issue_ids": "[2, 5]", "osm_url": "https://www.openstreetmap.org/way/660018984", "josm_url": "http://127.0.0.1:8111/load_object?new_layer=false&objects=w660018984", "id_url": "https://www.openstreetmap.org/edit?editor=id&way=660018984#map=20/-25.4590632/-49.2388354"}}, {"type": "Feature", "geometry": {"type": "Point", "coordinates": [-49.2452705, -25.4500526]}, "properties": {"id": 660018991, "feat_type": "way", "quality_categories": "crossings_lacking_kerbs, missing_tags", "issue_ids": "[2, 5]", "osm_url": "https://www.openstreetmap.org/way/660018991", "josm_url": "http://127.0.0.1:8111/load_object?new_layer=false&objects=w660018991", "id_url": "https://www.openstreetmap.org/edit?editor=id&way=660018991#map=20/-25.4500526/-49.2452705"}}, {"type": "Feature", "geometry": {"type": "Point", "coordinates": [-49.2450417, -25.4501277]}, "properties": {"id": 660018993, "feat_type": "way", "quality_categories": "crossings_lacking_kerbs, missing_tags", "issue_ids": "[2, 5]", "osm_url": "https://www.openstreetmap.org/way/660018993", "josm_url": "http://127.0.0.1:8111/load_object?new_layer=false&objects=w660018993", "id_url": "https://www.openstreetmap.org/edit?editor=id&way=660018993#map=20/-25.4501277/-49.2450417"}}, {"type": "Feature", "geometry": {"type": "Point", "coordinates": [-49.2528, -25.438385]}, "properties": {"id": 660019010, "feat_type": "way", "quality_categories": "disjointed_geometries, missing_tags", "issue_ids": "[2, 3]", "osm_url": "https://www.openstreetmap.org/way/660019010", "josm_url": "http://127.0.0.1:8111/load_object?new_layer=false&objects=w660019010", "id_url": "https://www.openstreetmap.org/edit?editor=id&way=660019010#map=20/-25.438385/-49.2528"}}, {"type": "Feature", "geometry": {"type": "Point", "coordinates": [-49.2275964, -25.4397651]}, "properties": {"id": 662538163, "feat_type": "way", "quality_categories": "crossings_lacking_kerbs, missing_tags, replaceable_values", "issue_ids": "[4, 2, 5]", "osm_url": "https://www.openstreetmap.org/way/662538163", "josm_url": "http://127.0.0.1:8111/load_object?new_layer=false&objects=w662538163", "id_url": "https://www.openstreetmap.org/edit?editor=id&way=662538163#map=20/-25.4397651/-49.2275964"}}, {"type": "Feature", "geometry": {"type": "Point", "coordinates": [-49.2482651, -25.4355839]}, "properties": {"id": 662538174, "feat_type": "way", "quality_categories": "disjointed_geometries, missing_tags, replaceable_values", "issue_ids": "[4, 2, 3]", "osm_url": "https://www.openstreetmap.org/way/662538174", "josm_url": "http://127.0.0.1:8111/load_object?new_layer=false&objects=w662538174", "id_url": "https://www.openstreetmap.org/edit?editor=id&way=662538174#map=20/-25.4355839/-49.2482651"}}, {"type": "Feature", "geometry": {"type": "Point", "coordinates": [-49.229696, -25.5178977]}, "properties": {"id": 663339774, "feat_type": "way", "quality_categories": "disjointed_geometries, missing_tags", "issue_ids": "[2, 3]", "osm_url": "https://www.openstreetmap.org/way/663339774", "josm_url": "http://127.0.0.1:8111/load_object?new_layer=false&objects=w663339774", "id_url": "https://www.openstreetmap.org/edit?editor=id&way=663339774#map=20/-25.5178977/-49.229696"}}, {"type": "Feature", "geometry": {"type": "Point", "coordinates": [-49.211357, -25.5025701]}, "properties": {"id": 663339786, "feat_type": "way", "quality_categories": "disjointed_geometries, missing_tags, replaceable_values", "issue_ids": "[4, 2, 3]", "osm_url": "https://www.openstreetmap.org/way/663339786", "josm_url": "http://127.0.0.1:8111/load_object?new_layer=false&objects=w663339786", "id_url": "https://www.openstreetmap.org/edit?editor=id&way=663339786#map=20/-25.5025701/-49.211357"}}, {"type": "Feature", "geometry": {"type": "Point", "coordinates": [-49.2114893, -25.5007111]}, "properties": {"id": 663339787, "feat_type": "way", "quality_categories": "disjointed_geometries, missing_tags, replaceable_values", "issue_ids": "[4, 2, 3]", "osm_url": "https://www.openstreetmap.org/way/663339787", "josm_url": "http://127.0.0.1:8111/load_object?new_layer=false&objects=w663339787", "id_url": "https://www.openstreetmap.org/edit?editor=id&way=663339787#map=20/-25.5007111/-49.2114893"}}, {"type": "Feature", "geometry": {"type": "Point", "coordinates": [-49.2105263, -25.5024532]}, "properties": {"id": 663339788, "feat_type": "way", "quality_categories": "crossings_lacking_kerbs, missing_tags, older_than_five_years, replaceable_values", "issue_ids": "[4, 12, 2, 5]", "osm_url": "https://www.openstreetmap.org/way/663339788", "josm_url": "http://127.0.0.1:8111/load_object?new_layer=false&objects=w663339788", "id_url": "https://www.openstreetmap.org/edit?editor=id&way=663339788#map=20/-25.5024532/-49.2105263"}}, {"type": "Feature", "geometry": {"type": "Point", "coordinates": [-49.2107794, -25.501253]}, "properties": {"id": 663339792, "feat_type": "way", "quality_categories": "crossings_lacking_kerbs, missing_tags, older_than_five_years, replaceable_values", "issue_ids": "[4, 12, 2, 5]", "osm_url": "https://www.openstreetmap.org/way/663339792", "josm_url": "http://127.0.0.1:8111/load_object?new_layer=false&objects=w663339792", "id_url": "https://www.openstreetmap.org/edit?editor=id&way=663339792#map=20/-25.501253/-49.2107794"}}, {"type": "Feature", "geometry": {"type": "Point", "coordinates": [-49.2584233, -25.3904416]}, "properties": {"id": 663373645, "feat_type": "way", "quality_categories": "disjointed_geometries, missing_tags", "issue_ids": "[2, 3]", "osm_url": "https://www.openstreetmap.org/way/663373645", "josm_url": "http://127.0.0.1:8111/load_object?new_layer=false&objects=w663373645", "id_url": "https://www.openstreetmap.org/edit?editor=id&way=663373645#map=20/-25.3904416/-49.2584233"}}, {"type": "Feature", "geometry": {"type": "Point", "coordinates": [-49.2691565, -25.4202222]}, "properties": {"id": 663377929, "feat_type": "way", "quality_categories": "disjointed_geometries, missing_tags, replaceable_values", "issue_ids": "[4, 2, 3]", "osm_url": "https://www.openstreetmap.org/way/663377929", "josm_url": "http://127.0.0.1:8111/load_object?new_layer=false&objects=w663377929", "id_url": "https://www.openstreetmap.org/edit?editor=id&way=663377929#map=20/-25.4202222/-49.2691565"}}, {"type": "Feature", "geometry": {"type": "Point", "coordinates": [-49.2613178, -25.4159491]}, "properties": {"id": 663647805, "feat_type": "way", "quality_categories": "disjointed_geometries, missing_tags, replaceable_values", "issue_ids": "[4, 2, 3]", "osm_url": "https://www.openstreetmap.org/way/663647805", "josm_url": "http://127.0.0.1:8111/load_object?new_layer=false&objects=w663647805", "id_url": "https://www.openstreetmap.org/edit?editor=id&way=663647805#map=20/-25.4159491/-49.2613178"}}, {"type": "Feature", "geometry": {"type": "Point", "coordinates": [-49.2602185, -25.4147623]}, "properties": {"id": 663647806, "feat_type": "way", "quality_categories": "disjointed_geometries, missing_tags, replaceable_values", "issue_ids": "[4, 2, 3]", "osm_url": "https://www.openstreetmap.org/way/663647806", "josm_url": "http://127.0.0.1:8111/load_object?new_layer=false&objects=w663647806", "id_url": "https://www.openstreetmap.org/edit?editor=id&way=663647806#map=20/-25.4147623/-49.2602185"}}, {"type": "Feature", "geometry": {"type": "Point", "coordinates": [-49.2599385, -25.414466]}, "properties": {"id": 663647807, "feat_type": "way", "quality_categories": "disjointed_geometries, missing_tags, replaceable_values", "issue_ids": "[4, 2, 3]", "osm_url": "https://www.openstreetmap.org/way/663647807", "josm_url": "http://127.0.0.1:8111/load_object?new_layer=false&objects=w663647807", "id_url": "https://www.openstreetmap.org/edit?editor=id&way=663647807#map=20/-25.414466/-49.2599385"}}, {"type": "Feature", "geometry": {"type": "Point", "coordinates": [-49.2533287, -25.4073163]}, "properties": {"id": 663647813, "feat_type": "way", "quality_categories": "disjointed_geometries, missing_tags, replaceable_values", "issue_ids": "[4, 2, 3]", "osm_url": "https://www.openstreetmap.org/way/663647813", "josm_url": "http://127.0.0.1:8111/load_object?new_layer=false&objects=w663647813", "id_url": "https://www.openstreetmap.org/edit?editor=id&way=663647813#map=20/-25.4073163/-49.2533287"}}, {"type": "Feature", "geometry": {"type": "Point", "coordinates": [-49.240133, -25.4963602]}, "properties": {"id": 664311283, "feat_type": "way", "quality_categories": "disjointed_geometries, missing_tags", "issue_ids": "[2, 3]", "osm_url": "https://www.openstreetmap.org/way/664311283", "josm_url": "http://127.0.0.1:8111/load_object?new_layer=false&objects=w664311283", "id_url": "https://www.openstreetmap.org/edit?editor=id&way=664311283#map=20/-25.4963602/-49.240133"}}, {"type": "Feature", "geometry": {"type": "Point", "coordinates": [-49.2513261, -25.4735172]}, "properties": {"id": 664311295, "feat_type": "way", "quality_categories": "disjointed_geometries, missing_tags", "issue_ids": "[2, 3]", "osm_url": "https://www.openstreetmap.org/way/664311295", "josm_url": "http://127.0.0.1:8111/load_object?new_layer=false&objects=w664311295", "id_url": "https://www.openstreetmap.org/edit?editor=id&way=664311295#map=20/-25.4735172/-49.2513261"}}, {"type": "Feature", "geometry": {"type": "Point", "coordinates": [-49.2516833, -25.4722118]}, "properties": {"id": 664311297, "feat_type": "way", "quality_categories": "disjointed_geometries, missing_tags", "issue_ids": "[2, 3]", "osm_url": "https://www.openstreetmap.org/way/664311297", "josm_url": "http://127.0.0.1:8111/load_object?new_layer=false&objects=w664311297", "id_url": "https://www.openstreetmap.org/edit?editor=id&way=664311297#map=20/-25.4722118/-49.2516833"}}, {"type": "Feature", "geometry": {"type": "Point", "coordinates": [-49.2560521, -25.4635628]}, "properties": {"id": 664311308, "feat_type": "way", "quality_categories": "disjointed_geometries, missing_tags, replaceable_values", "issue_ids": "[4, 2, 3]", "osm_url": "https://www.openstreetmap.org/way/664311308", "josm_url": "http://127.0.0.1:8111/load_object?new_layer=false&objects=w664311308", "id_url": "https://www.openstreetmap.org/edit?editor=id&way=664311308#map=20/-25.4635628/-49.2560521"}}, {"type": "Feature", "geometry": {"type": "Point", "coordinates": [-49.2581749, -25.4592011]}, "properties": {"id": 664311309, "feat_type": "way", "quality_categories": "disjointed_geometries, missing_tags", "issue_ids": "[2, 3]", "osm_url": "https://www.openstreetmap.org/way/664311309", "josm_url": "http://127.0.0.1:8111/load_object?new_layer=false&objects=w664311309", "id_url": "https://www.openstreetmap.org/edit?editor=id&way=664311309#map=20/-25.4592011/-49.2581749"}}, {"type": "Feature", "geometry": {"type": "Point", "coordinates": [-49.2586599, -25.4580052]}, "properties": {"id": 664311311, "feat_type": "way", "quality_categories": "disjointed_geometries, missing_tags", "issue_ids": "[2, 3]", "osm_url": "https://www.openstreetmap.org/way/664311311", "josm_url": "http://127.0.0.1:8111/load_object?new_layer=false&objects=w664311311", "id_url": "https://www.openstreetmap.org/edit?editor=id&way=664311311#map=20/-25.4580052/-49.2586599"}}, {"type": "Feature", "geometry": {"type": "Point", "coordinates": [-49.3175939, -25.4392757]}, "properties": {"id": 664575380, "feat_type": "way", "quality_categories": "disjointed_geometries, missing_tags, replaceable_values", "issue_ids": "[4, 2, 3]", "osm_url": "https://www.openstreetmap.org/way/664575380", "josm_url": "http://127.0.0.1:8111/load_object?new_layer=false&objects=w664575380", "id_url": "https://www.openstreetmap.org/edit?editor=id&way=664575380#map=20/-25.4392757/-49.3175939"}}, {"type": "Feature", "geometry": {"type": "Point", "coordinates": [-49.3242075, -25.4375091]}, "properties": {"id": 664575385, "feat_type": "way", "quality_categories": "disjointed_geometries, missing_tags, replaceable_values", "issue_ids": "[4, 2, 3]", "osm_url": "https://www.openstreetmap.org/way/664575385", "josm_url": "http://127.0.0.1:8111/load_object?new_layer=false&objects=w664575385", "id_url": "https://www.openstreetmap.org/edit?editor=id&way=664575385#map=20/-25.4375091/-49.3242075"}}, {"type": "Feature", "geometry": {"type": "Point", "coordinates": [-49.3245155, -25.4375507]}, "properties": {"id": 664575386, "feat_type": "way", "quality_categories": "disjointed_geometries, missing_tags, replaceable_values", "issue_ids": "[4, 2, 3]", "osm_url": "https://www.openstreetmap.org/way/664575386", "josm_url": "http://127.0.0.1:8111/load_object?new_layer=false&objects=w664575386", "id_url": "https://www.openstreetmap.org/edit?editor=id&way=664575386#map=20/-25.4375507/-49.3245155"}}, {"type": "Feature", "geometry": {"type": "Point", "coordinates": [-49.3330295, -25.4386282]}, "properties": {"id": 664575392, "feat_type": "way", "quality_categories": "disjointed_geometries, missing_tags, replaceable_values", "issue_ids": "[4, 2, 3]", "osm_url": "https://www.openstreetmap.org/way/664575392", "josm_url": "http://127.0.0.1:8111/load_object?new_layer=false&objects=w664575392", "id_url": "https://www.openstreetmap.org/edit?editor=id&way=664575392#map=20/-25.4386282/-49.3330295"}}, {"type": "Feature", "geometry": {"type": "Point", "coordinates": [-49.3332461, -25.4387089]}, "properties": {"id": 664575393, "feat_type": "way", "quality_categories": "disjointed_geometries, missing_tags, replaceable_values", "issue_ids": "[4, 2, 3]", "osm_url": "https://www.openstreetmap.org/way/664575393", "josm_url": "http://127.0.0.1:8111/load_object?new_layer=false&objects=w664575393", "id_url": "https://www.openstreetmap.org/edit?editor=id&way=664575393#map=20/-25.4387089/-49.3332461"}}, {"type": "Feature", "geometry": {"type": "Point", "coordinates": [-49.3369664, -25.4401585]}, "properties": {"id": 664575397, "feat_type": "way", "quality_categories": "disjointed_geometries, missing_tags, replaceable_values", "issue_ids": "[4, 2, 3]", "osm_url": "https://www.openstreetmap.org/way/664575397", "josm_url": "http://127.0.0.1:8111/load_object?new_layer=false&objects=w664575397", "id_url": "https://www.openstreetmap.org/edit?editor=id&way=664575397#map=20/-25.4401585/-49.3369664"}}, {"type": "Feature", "geometry": {"type": "Point", "coordinates": [-49.3367725, -25.4398957]}, "properties": {"id": 664575398, "feat_type": "way", "quality_categories": "disjointed_geometries, missing_tags, replaceable_values", "issue_ids": "[4, 2, 3]", "osm_url": "https://www.openstreetmap.org/way/664575398", "josm_url": "http://127.0.0.1:8111/load_object?new_layer=false&objects=w664575398", "id_url": "https://www.openstreetmap.org/edit?editor=id&way=664575398#map=20/-25.4398957/-49.3367725"}}, {"type": "Feature", "geometry": {"type": "Point", "coordinates": [-49.3426576, -25.4410535]}, "properties": {"id": 664575412, "feat_type": "way", "quality_categories": "disjointed_geometries, missing_tags, replaceable_values", "issue_ids": "[4, 2, 3]", "osm_url": "https://www.openstreetmap.org/way/664575412", "josm_url": "http://127.0.0.1:8111/load_object?new_layer=false&objects=w664575412", "id_url": "https://www.openstreetmap.org/edit?editor=id&way=664575412#map=20/-25.4410535/-49.3426576"}}, {"type": "Feature", "geometry": {"type": "Point", "coordinates": [-49.342334, -25.4410004]}, "properties": {"id": 664575413, "feat_type": "way", "quality_categories": "disjointed_geometries, missing_tags, replaceable_values", "issue_ids": "[4, 2, 3]", "osm_url": "https://www.openstreetmap.org/way/664575413", "josm_url": "http://127.0.0.1:8111/load_object?new_layer=false&objects=w664575413", "id_url": "https://www.openstreetmap.org/edit?editor=id&way=664575413#map=20/-25.4410004/-49.342334"}}, {"type": "Feature", "geometry": {"type": "Point", "coordinates": [-49.2929842, -25.4922106]}, "properties": {"id": 671002340, "feat_type": "way", "quality_categories": "disjointed_geometries, missing_tags, replaceable_values", "issue_ids": "[4, 2, 3]", "osm_url": "https://www.openstreetmap.org/way/671002340", "josm_url": "http://127.0.0.1:8111/load_object?new_layer=false&objects=w671002340", "id_url": "https://www.openstreetmap.org/edit?editor=id&way=671002340#map=20/-25.4922106/-49.2929842"}}, {"type": "Feature", "geometry": {"type": "Point", "coordinates": [-49.293651, -25.4924547]}, "properties": {"id": 671002343, "feat_type": "way", "quality_categories": "disjointed_geometries, missing_tags, replaceable_values", "issue_ids": "[4, 2, 3]", "osm_url": "https://www.openstreetmap.org/way/671002343", "josm_url": "http://127.0.0.1:8111/load_object?new_layer=false&objects=w671002343", "id_url": "https://www.openstreetmap.org/edit?editor=id&way=671002343#map=20/-25.4924547/-49.293651"}}, {"type": "Feature", "geometry": {"type": "Point", "coordinates": [-49.2540968, -25.4700335]}, "properties": {"id": 671124847, "feat_type": "way", "quality_categories": "disjointed_geometries, missing_tags, replaceable_values", "issue_ids": "[4, 2, 3]", "osm_url": "https://www.openstreetmap.org/way/671124847", "josm_url": "http://127.0.0.1:8111/load_object?new_layer=false&objects=w671124847", "id_url": "https://www.openstreetmap.org/edit?editor=id&way=671124847#map=20/-25.4700335/-49.2540968"}}, {"type": "Feature", "geometry": {"type": "Point", "coordinates": [-49.2418002, -25.4233884]}, "properties": {"id": 671127087, "feat_type": "way", "quality_categories": "disjointed_geometries, missing_tags, replaceable_values", "issue_ids": "[1, 2, 3]", "osm_url": "https://www.openstreetmap.org/way/671127087", "josm_url": "http://127.0.0.1:8111/load_object?new_layer=false&objects=w671127087", "id_url": "https://www.openstreetmap.org/edit?editor=id&way=671127087#map=20/-25.4233884/-49.2418002"}}, {"type": "Feature", "geometry": {"type": "Point", "coordinates": [-49.2359862, -25.462538]}, "properties": {"id": 672436957, "feat_type": "way", "quality_categories": "disjointed_geometries, missing_tags", "issue_ids": "[2, 3]", "osm_url": "https://www.openstreetmap.org/way/672436957", "josm_url": "http://127.0.0.1:8111/load_object?new_layer=false&objects=w672436957", "id_url": "https://www.openstreetmap.org/edit?editor=id&way=672436957#map=20/-25.462538/-49.2359862"}}, {"type": "Feature", "geometry": {"type": "Point", "coordinates": [-49.2939267, -25.5151673]}, "properties": {"id": 672577323, "feat_type": "way", "quality_categories": "disjointed_geometries, missing_tags, replaceable_values", "issue_ids": "[4, 2, 3]", "osm_url": "https://www.openstreetmap.org/way/672577323", "josm_url": "http://127.0.0.1:8111/load_object?new_layer=false&objects=w672577323", "id_url": "https://www.openstreetmap.org/edit?editor=id&way=672577323#map=20/-25.5151673/-49.2939267"}}, {"type": "Feature", "geometry": {"type": "Point", "coordinates": [-49.2954506, -25.5152239]}, "properties": {"id": 672577325, "feat_type": "way", "quality_categories": "disjointed_geometries, missing_tags, replaceable_values", "issue_ids": "[4, 2, 3]", "osm_url": "https://www.openstreetmap.org/way/672577325", "josm_url": "http://127.0.0.1:8111/load_object?new_layer=false&objects=w672577325", "id_url": "https://www.openstreetmap.org/edit?editor=id&way=672577325#map=20/-25.5152239/-49.2954506"}}, {"type": "Feature", "geometry": {"type": "Point", "coordinates": [-49.2956304, -25.5152231]}, "properties": {"id": 672577327, "feat_type": "way", "quality_categories": "disjointed_geometries, missing_tags, replaceable_values", "issue_ids": "[4, 2, 3]", "osm_url": "https://www.openstreetmap.org/way/672577327", "josm_url": "http://127.0.0.1:8111/load_object?new_layer=false&objects=w672577327", "id_url": "https://www.openstreetmap.org/edit?editor=id&way=672577327#map=20/-25.5152231/-49.2956304"}}, {"type": "Feature", "geometry": {"type": "Point", "coordinates": [-49.2955974, -25.5151651]}, "properties": {"id": 672577328, "feat_type": "way", "quality_categories": "disjointed_geometries, missing_tags, replaceable_values", "issue_ids": "[4, 2, 3]", "osm_url": "https://www.openstreetmap.org/way/672577328", "josm_url": "http://127.0.0.1:8111/load_object?new_layer=false&objects=w672577328", "id_url": "https://www.openstreetmap.org/edit?editor=id&way=672577328#map=20/-25.5151651/-49.2955974"}}, {"type": "Feature", "geometry": {"type": "Point", "coordinates": [-49.2955974, -25.5151651]}, "properties": {"id": 672577329, "feat_type": "way", "quality_categories": "disjointed_geometries, missing_tags, replaceable_values", "issue_ids": "[4, 2, 3]", "osm_url": "https://www.openstreetmap.org/way/672577329", "josm_url": "http://127.0.0.1:8111/load_object?new_layer=false&objects=w672577329", "id_url": "https://www.openstreetmap.org/edit?editor=id&way=672577329#map=20/-25.5151651/-49.2955974"}}, {"type": "Feature", "geometry": {"type": "Point", "coordinates": [-49.2338736, -25.461886]}, "properties": {"id": 676395036, "feat_type": "way", "quality_categories": "crossings_lacking_kerbs, missing_tags, older_than_five_years, replaceable_values", "issue_ids": "[4, 13, 2, 5]", "osm_url": "https://www.openstreetmap.org/way/676395036", "josm_url": "http://127.0.0.1:8111/load_object?new_layer=false&objects=w676395036", "id_url": "https://www.openstreetmap.org/edit?editor=id&way=676395036#map=20/-25.461886/-49.2338736"}}, {"type": "Feature", "geometry": {"type": "Point", "coordinates": [-49.2141382, -25.447324]}, "properties": {"id": 686240784, "feat_type": "way", "quality_categories": "disjointed_geometries, missing_tags", "issue_ids": "[2, 3]", "osm_url": "https://www.openstreetmap.org/way/686240784", "josm_url": "http://127.0.0.1:8111/load_object?new_layer=false&objects=w686240784", "id_url": "https://www.openstreetmap.org/edit?editor=id&way=686240784#map=20/-25.447324/-49.2141382"}}, {"type": "Feature", "geometry": {"type": "Point", "coordinates": [-49.2141382, -25.447324]}, "properties": {"id": 686240785, "feat_type": "way", "quality_categories": "disjointed_geometries, missing_tags", "issue_ids": "[2, 3]", "osm_url": "https://www.openstreetmap.org/way/686240785", "josm_url": "http://127.0.0.1:8111/load_object?new_layer=false&objects=w686240785", "id_url": "https://www.openstreetmap.org/edit?editor=id&way=686240785#map=20/-25.447324/-49.2141382"}}, {"type": "Feature", "geometry": {"type": "Point", "coordinates": [-49.2142363, -25.4473916]}, "properties": {"id": 686240786, "feat_type": "way", "quality_categories": "disjointed_geometries, missing_tags", "issue_ids": "[2, 3]", "osm_url": "https://www.openstreetmap.org/way/686240786", "josm_url": "http://127.0.0.1:8111/load_object?new_layer=false&objects=w686240786", "id_url": "https://www.openstreetmap.org/edit?editor=id&way=686240786#map=20/-25.4473916/-49.2142363"}}, {"type": "Feature", "geometry": {"type": "Point", "coordinates": [-49.2164279, -25.4481689]}, "properties": {"id": 686240798, "feat_type": "way", "quality_categories": "disjointed_geometries, missing_tags", "issue_ids": "[2, 3]", "osm_url": "https://www.openstreetmap.org/way/686240798", "josm_url": "http://127.0.0.1:8111/load_object?new_layer=false&objects=w686240798", "id_url": "https://www.openstreetmap.org/edit?editor=id&way=686240798#map=20/-25.4481689/-49.2164279"}}, {"type": "Feature", "geometry": {"type": "Point", "coordinates": [-49.2159014, -25.4443714]}, "properties": {"id": 686242705, "feat_type": "way", "quality_categories": "disjointed_geometries, missing_tags", "issue_ids": "[2, 3]", "osm_url": "https://www.openstreetmap.org/way/686242705", "josm_url": "http://127.0.0.1:8111/load_object?new_layer=false&objects=w686242705", "id_url": "https://www.openstreetmap.org/edit?editor=id&way=686242705#map=20/-25.4443714/-49.2159014"}}, {"type": "Feature", "geometry": {"type": "Point", "coordinates": [-49.2678286, -25.4217134]}, "properties": {"id": 686716711, "feat_type": "way", "quality_categories": "disjointed_geometries, missing_tags", "issue_ids": "[2, 3]", "osm_url": "https://www.openstreetmap.org/way/686716711", "josm_url": "http://127.0.0.1:8111/load_object?new_layer=false&objects=w686716711", "id_url": "https://www.openstreetmap.org/edit?editor=id&way=686716711#map=20/-25.4217134/-49.2678286"}}, {"type": "Feature", "geometry": {"type": "Point", "coordinates": [-49.2374559, -25.4716219]}, "properties": {"id": 688527587, "feat_type": "way", "quality_categories": "disjointed_geometries, missing_tags", "issue_ids": "[2, 3]", "osm_url": "https://www.openstreetmap.org/way/688527587", "josm_url": "http://127.0.0.1:8111/load_object?new_layer=false&objects=w688527587", "id_url": "https://www.openstreetmap.org/edit?editor=id&way=688527587#map=20/-25.4716219/-49.2374559"}}, {"type": "Feature", "geometry": {"type": "Point", "coordinates": [-49.2374559, -25.4716219]}, "properties": {"id": 688527588, "feat_type": "way", "quality_categories": "disjointed_geometries, missing_tags", "issue_ids": "[2, 3]", "osm_url": "https://www.openstreetmap.org/way/688527588", "josm_url": "http://127.0.0.1:8111/load_object?new_layer=false&objects=w688527588", "id_url": "https://www.openstreetmap.org/edit?editor=id&way=688527588#map=20/-25.4716219/-49.2374559"}}, {"type": "Feature", "geometry": {"type": "Point", "coordinates": [-49.23757, -25.4718715]}, "properties": {"id": 688527589, "feat_type": "way", "quality_categories": "disjointed_geometries, missing_tags", "issue_ids": "[2, 3]", "osm_url": "https://www.openstreetmap.org/way/688527589", "josm_url": "http://127.0.0.1:8111/load_object?new_layer=false&objects=w688527589", "id_url": "https://www.openstreetmap.org/edit?editor=id&way=688527589#map=20/-25.4718715/-49.23757"}}, {"type": "Feature", "geometry": {"type": "Point", "coordinates": [-49.2425767, -25.424581]}, "properties": {"id": 688532118, "feat_type": "way", "quality_categories": "disjointed_geometries, missing_tags, replaceable_values", "issue_ids": "[1, 2, 3]", "osm_url": "https://www.openstreetmap.org/way/688532118", "josm_url": "http://127.0.0.1:8111/load_object?new_layer=false&objects=w688532118", "id_url": "https://www.openstreetmap.org/edit?editor=id&way=688532118#map=20/-25.424581/-49.2425767"}}, {"type": "Feature", "geometry": {"type": "Point", "coordinates": [-49.2424574, -25.4249139]}, "properties": {"id": 688532119, "feat_type": "way", "quality_categories": "disjointed_geometries, missing_tags, replaceable_values", "issue_ids": "[1, 2, 3]", "osm_url": "https://www.openstreetmap.org/way/688532119", "josm_url": "http://127.0.0.1:8111/load_object?new_layer=false&objects=w688532119", "id_url": "https://www.openstreetmap.org/edit?editor=id&way=688532119#map=20/-25.4249139/-49.2424574"}}, {"type": "Feature", "geometry": {"type": "Point", "coordinates": [-49.22563, -25.3772978]}, "properties": {"id": 692641618, "feat_type": "way", "quality_categories": "disjointed_geometries, missing_tags, replaceable_values", "issue_ids": "[4, 2, 3]", "osm_url": "https://www.openstreetmap.org/way/692641618", "josm_url": "http://127.0.0.1:8111/load_object?new_layer=false&objects=w692641618", "id_url": "https://www.openstreetmap.org/edit?editor=id&way=692641618#map=20/-25.3772978/-49.22563"}}, {"type": "Feature", "geometry": {"type": "Point", "coordinates": [-49.2330525, -25.3854189]}, "properties": {"id": 692641636, "feat_type": "way", "quality_categories": "crossings_lacking_kerbs, missing_tags, older_than_five_years, replaceable_values", "issue_ids": "[1, 14, 2, 5]", "osm_url": "https://www.openstreetmap.org/way/692641636", "josm_url": "http://127.0.0.1:8111/load_object?new_layer=false&objects=w692641636", "id_url": "https://www.openstreetmap.org/edit?editor=id&way=692641636#map=20/-25.3854189/-49.2330525"}}, {"type": "Feature", "geometry": {"type": "Point", "coordinates": [-49.3524134, -25.449732]}, "properties": {"id": 694310121, "feat_type": "way", "quality_categories": "disjointed_geometries, missing_tags, replaceable_values", "issue_ids": "[4, 2, 3]", "osm_url": "https://www.openstreetmap.org/way/694310121", "josm_url": "http://127.0.0.1:8111/load_object?new_layer=false&objects=w694310121", "id_url": "https://www.openstreetmap.org/edit?editor=id&way=694310121#map=20/-25.449732/-49.3524134"}}, {"type": "Feature", "geometry": {"type": "Point", "coordinates": [-49.2490758, -25.4498911]}, "properties": {"id": 696205537, "feat_type": "way", "quality_categories": "disjointed_geometries, missing_tags, replaceable_values", "issue_ids": "[4, 2, 3]", "osm_url": "https://www.openstreetmap.org/way/696205537", "josm_url": "http://127.0.0.1:8111/load_object?new_layer=false&objects=w696205537", "id_url": "https://www.openstreetmap.org/edit?editor=id&way=696205537#map=20/-25.4498911/-49.2490758"}}, {"type": "Feature", "geometry": {"type": "Point", "coordinates": [-49.2465627, -25.5291259]}, "properties": {"id": 696233901, "feat_type": "way", "quality_categories": "disjointed_geometries, missing_tags", "issue_ids": "[2, 3]", "osm_url": "https://www.openstreetmap.org/way/696233901", "josm_url": "http://127.0.0.1:8111/load_object?new_layer=false&objects=w696233901", "id_url": "https://www.openstreetmap.org/edit?editor=id&way=696233901#map=20/-25.5291259/-49.2465627"}}, {"type": "Feature", "geometry": {"type": "Point", "coordinates": [-49.2383956, -25.5271779]}, "properties": {"id": 696233930, "feat_type": "way", "quality_categories": "crossings_lacking_kerbs, improper_keys, missing_tags", "issue_ids": "[15, 2, 5]", "osm_url": "https://www.openstreetmap.org/way/696233930", "josm_url": "http://127.0.0.1:8111/load_object?new_layer=false&objects=w696233930", "id_url": "https://www.openstreetmap.org/edit?editor=id&way=696233930#map=20/-25.5271779/-49.2383956"}}, {"type": "Feature", "geometry": {"type": "Point", "coordinates": [-49.2790342, -25.4165532]}, "properties": {"id": 697659785, "feat_type": "way", "quality_categories": "disjointed_geometries, missing_tags", "issue_ids": "[2, 3]", "osm_url": "https://www.openstreetmap.org/way/697659785", "josm_url": "http://127.0.0.1:8111/load_object?new_layer=false&objects=w697659785", "id_url": "https://www.openstreetmap.org/edit?editor=id&way=697659785#map=20/-25.4165532/-49.2790342"}}, {"type": "Feature", "geometry": {"type": "Point", "coordinates": [-49.2784108, -25.4166811]}, "properties": {"id": 697659786, "feat_type": "way", "quality_categories": "disjointed_geometries, missing_tags", "issue_ids": "[2, 3]", "osm_url": "https://www.openstreetmap.org/way/697659786", "josm_url": "http://127.0.0.1:8111/load_object?new_layer=false&objects=w697659786", "id_url": "https://www.openstreetmap.org/edit?editor=id&way=697659786#map=20/-25.4166811/-49.2784108"}}, {"type": "Feature", "geometry": {"type": "Point", "coordinates": [-49.2580855, -25.4366478]}, "properties": {"id": 698273408, "feat_type": "way", "quality_categories": "disjointed_geometries, missing_tags, replaceable_values", "issue_ids": "[4, 2, 3]", "osm_url": "https://www.openstreetmap.org/way/698273408", "josm_url": "http://127.0.0.1:8111/load_object?new_layer=false&objects=w698273408", "id_url": "https://www.openstreetmap.org/edit?editor=id&way=698273408#map=20/-25.4366478/-49.2580855"}}, {"type": "Feature", "geometry": {"type": "Point", "coordinates": [-49.2935072, -25.4745183]}, "properties": {"id": 698775688, "feat_type": "way", "quality_categories": "disjointed_geometries, missing_tags", "issue_ids": "[2, 3]", "osm_url": "https://www.openstreetmap.org/way/698775688", "josm_url": "http://127.0.0.1:8111/load_object?new_layer=false&objects=w698775688", "id_url": "https://www.openstreetmap.org/edit?editor=id&way=698775688#map=20/-25.4745183/-49.2935072"}}, {"type": "Feature", "geometry": {"type": "Point", "coordinates": [-49.2424146, -25.4428871]}, "properties": {"id": 700379727, "feat_type": "way", "quality_categories": "crossings_lacking_kerbs, missing_tags", "issue_ids": "[2, 5]", "osm_url": "https://www.openstreetmap.org/way/700379727", "josm_url": "http://127.0.0.1:8111/load_object?new_layer=false&objects=w700379727", "id_url": "https://www.openstreetmap.org/edit?editor=id&way=700379727#map=20/-25.4428871/-49.2424146"}}, {"type": "Feature", "geometry": {"type": "Point", "coordinates": [-49.2383884, -25.5020907]}, "properties": {"id": 709357770, "feat_type": "way", "quality_categories": "disjointed_geometries, missing_tags", "issue_ids": "[2, 3]", "osm_url": "https://www.openstreetmap.org/way/709357770", "josm_url": "http://127.0.0.1:8111/load_object?new_layer=false&objects=w709357770", "id_url": "https://www.openstreetmap.org/edit?editor=id&way=709357770#map=20/-25.5020907/-49.2383884"}}, {"type": "Feature", "geometry": {"type": "Point", "coordinates": [-49.2368682, -25.5001688]}, "properties": {"id": 709357771, "feat_type": "way", "quality_categories": "disjointed_geometries, missing_tags", "issue_ids": "[2, 3]", "osm_url": "https://www.openstreetmap.org/way/709357771", "josm_url": "http://127.0.0.1:8111/load_object?new_layer=false&objects=w709357771", "id_url": "https://www.openstreetmap.org/edit?editor=id&way=709357771#map=20/-25.5001688/-49.2368682"}}, {"type": "Feature", "geometry": {"type": "Point", "coordinates": [-49.2363887, -25.5011529]}, "properties": {"id": 709357773, "feat_type": "way", "quality_categories": "disjointed_geometries, missing_tags", "issue_ids": "[2, 3]", "osm_url": "https://www.openstreetmap.org/way/709357773", "josm_url": "http://127.0.0.1:8111/load_object?new_layer=false&objects=w709357773", "id_url": "https://www.openstreetmap.org/edit?editor=id&way=709357773#map=20/-25.5011529/-49.2363887"}}, {"type": "Feature", "geometry": {"type": "Point", "coordinates": [-49.2184123, -25.4329023]}, "properties": {"id": 715060923, "feat_type": "way", "quality_categories": "disjointed_geometries, improper_keys, missing_tags", "issue_ids": "[16, 2, 3]", "osm_url": "https://www.openstreetmap.org/way/715060923", "josm_url": "http://127.0.0.1:8111/load_object?new_layer=false&objects=w715060923", "id_url": "https://www.openstreetmap.org/edit?editor=id&way=715060923#map=20/-25.4329023/-49.2184123"}}, {"type": "Feature", "geometry": {"type": "Point", "coordinates": [-49.292011, -25.5173671]}, "properties": {"id": 724738046, "feat_type": "way", "quality_categories": "disjointed_geometries, missing_tags, replaceable_values", "issue_ids": "[4, 2, 3]", "osm_url": "https://www.openstreetmap.org/way/724738046", "josm_url": "http://127.0.0.1:8111/load_object?new_layer=false&objects=w724738046", "id_url": "https://www.openstreetmap.org/edit?editor=id&way=724738046#map=20/-25.5173671/-49.292011"}}, {"type": "Feature", "geometry": {"type": "Point", "coordinates": [-49.2972849, -25.5261195]}, "properties": {"id": 724738047, "feat_type": "way", "quality_categories": "disjointed_geometries, missing_tags, replaceable_values", "issue_ids": "[4, 2, 3]", "osm_url": "https://www.openstreetmap.org/way/724738047", "josm_url": "http://127.0.0.1:8111/load_object?new_layer=false&objects=w724738047", "id_url": "https://www.openstreetmap.org/edit?editor=id&way=724738047#map=20/-25.5261195/-49.2972849"}}, {"type": "Feature", "geometry": {"type": "Point", "coordinates": [-49.2898387, -25.4450868]}, "properties": {"id": 731579566, "feat_type": "way", "quality_categories": "disjointed_geometries, improper_keys, missing_tags", "issue_ids": "[17, 2, 3]", "osm_url": "https://www.openstreetmap.org/way/731579566", "josm_url": "http://127.0.0.1:8111/load_object?new_layer=false&objects=w731579566", "id_url": "https://www.openstreetmap.org/edit?editor=id&way=731579566#map=20/-25.4450868/-49.2898387"}}, {"type": "Feature", "geometry": {"type": "Point", "coordinates": [-49.2871733, -25.4440337]}, "properties": {"id": 731579567, "feat_type": "way", "quality_categories": "disjointed_geometries, improper_keys, missing_tags", "issue_ids": "[18, 2, 3]", "osm_url": "https://www.openstreetmap.org/way/731579567", "josm_url": "http://127.0.0.1:8111/load_object?new_layer=false&objects=w731579567", "id_url": "https://www.openstreetmap.org/edit?editor=id&way=731579567#map=20/-25.4440337/-49.2871733"}}, {"type": "Feature", "geometry": {"type": "Point", "coordinates": [-49.2860941, -25.4436074]}, "properties": {"id": 731579568, "feat_type": "way", "quality_categories": "disjointed_geometries, improper_keys, missing_tags", "issue_ids": "[19, 2, 3]", "osm_url": "https://www.openstreetmap.org/way/731579568", "josm_url": "http://127.0.0.1:8111/load_object?new_layer=false&objects=w731579568", "id_url": "https://www.openstreetmap.org/edit?editor=id&way=731579568#map=20/-25.4436074/-49.2860941"}}, {"type": "Feature", "geometry": {"type": "Point", "coordinates": [-49.2804466, -25.4413751]}, "properties": {"id": 731579569, "feat_type": "way", "quality_categories": "disjointed_geometries, improper_keys, missing_tags", "issue_ids": "[20, 2, 3]", "osm_url": "https://www.openstreetmap.org/way/731579569", "josm_url": "http://127.0.0.1:8111/load_object?new_layer=false&objects=w731579569", "id_url": "https://www.openstreetmap.org/edit?editor=id&way=731579569#map=20/-25.4413751/-49.2804466"}}, {"type": "Feature", "geometry": {"type": "Point", "coordinates": [-49.2794096, -25.4409664]}, "properties": {"id": 731579570, "feat_type": "way", "quality_categories": "disjointed_geometries, improper_keys, missing_tags", "issue_ids": "[21, 2, 3]", "osm_url": "https://www.openstreetmap.org/way/731579570", "josm_url": "http://127.0.0.1:8111/load_object?new_layer=false&objects=w731579570", "id_url": "https://www.openstreetmap.org/edit?editor=id&way=731579570#map=20/-25.4409664/-49.2794096"}}, {"type": "Feature", "geometry": {"type": "Point", "coordinates": [-49.2717196, -25.4379358]}, "properties": {"id": 731579571, "feat_type": "way", "quality_categories": "disjointed_geometries, missing_tags", "issue_ids": "[2, 3]", "osm_url": "https://www.openstreetmap.org/way/731579571", "josm_url": "http://127.0.0.1:8111/load_object?new_layer=false&objects=w731579571", "id_url": "https://www.openstreetmap.org/edit?editor=id&way=731579571#map=20/-25.4379358/-49.2717196"}}, {"type": "Feature", "geometry": {"type": "Point", "coordinates": [-49.26992, -25.4373623]}, "properties": {"id": 731579572, "feat_type": "way", "quality_categories": "disjointed_geometries, missing_tags", "issue_ids": "[2, 3]", "osm_url": "https://www.openstreetmap.org/way/731579572", "josm_url": "http://127.0.0.1:8111/load_object?new_layer=false&objects=w731579572", "id_url": "https://www.openstreetmap.org/edit?editor=id&way=731579572#map=20/-25.4373623/-49.26992"}}, {"type": "Feature", "geometry": {"type": "Point", "coordinates": [-49.2849405, -25.4446444]}, "properties": {"id": 738988647, "feat_type": "way", "quality_categories": "crossings_lacking_kerbs, missing_tags, older_than_five_years", "issue_ids": "[22, 2, 5]", "osm_url": "https://www.openstreetmap.org/way/738988647", "josm_url": "http://127.0.0.1:8111/load_object?new_layer=false&objects=w738988647", "id_url": "https://www.openstreetmap.org/edit?editor=id&way=738988647#map=20/-25.4446444/-49.2849405"}}, {"type": "Feature", "geometry": {"type": "Point", "coordinates": [-49.2924462, -25.4302358]}, "properties": {"id": 744726677, "feat_type": "way", "quality_categories": "disjointed_geometries, improper_keys, missing_tags", "issue_ids": "[23, 2, 3]", "osm_url": "https://www.openstreetmap.org/way/744726677", "josm_url": "http://127.0.0.1:8111/load_object?new_layer=false&objects=w744726677", "id_url": "https://www.openstreetmap.org/edit?editor=id&way=744726677#map=20/-25.4302358/-49.2924462"}}, {"type": "Feature", "geometry": {"type": "Point", "coordinates": [-49.2159036, -25.4240869]}, "properties": {"id": 758441648, "feat_type": "way", "quality_categories": "disjointed_geometries, missing_tags", "issue_ids": "[2, 3]", "osm_url": "https://www.openstreetmap.org/way/758441648", "josm_url": "http://127.0.0.1:8111/load_object?new_layer=false&objects=w758441648", "id_url": "https://www.openstreetmap.org/edit?editor=id&way=758441648#map=20/-25.4240869/-49.2159036"}}, {"type": "Feature", "geometry": {"type": "Point", "coordinates": [-49.2697601, -25.4574104]}, "properties": {"id": 759294592, "feat_type": "way", "quality_categories": "crossings_lacking_kerbs, improper_keys, missing_tags, older_than_five_years", "issue_ids": "[24, 25, 2, 5]", "osm_url": "https://www.openstreetmap.org/way/759294592", "josm_url": "http://127.0.0.1:8111/load_object?new_layer=false&objects=w759294592", "id_url": "https://www.openstreetmap.org/edit?editor=id&way=759294592#map=20/-25.4574104/-49.2697601"}}, {"type": "Feature", "geometry": {"type": "Point", "coordinates": [-49.2322995, -25.5122192]}, "properties": {"id": 763039967, "feat_type": "way", "quality_categories": "disjointed_geometries, improper_keys, missing_tags, replaceable_values", "issue_ids": "[26, 4, 2, 3]", "osm_url": "https://www.openstreetmap.org/way/763039967", "josm_url": "http://127.0.0.1:8111/load_object?new_layer=false&objects=w763039967", "id_url": "https://www.openstreetmap.org/edit?editor=id&way=763039967#map=20/-25.5122192/-49.2322995"}}, {"type": "Feature", "geometry": {"type": "Point", "coordinates": [-49.3380555, -25.4772692]}, "properties": {"id": 765540232, "feat_type": "way", "quality_categories": "disjointed_geometries, missing_tags", "issue_ids": "[2, 3]", "osm_url": "https://www.openstreetmap.org/way/765540232", "josm_url": "http://127.0.0.1:8111/load_object?new_layer=false&objects=w765540232", "id_url": "https://www.openstreetmap.org/edit?editor=id&way=765540232#map=20/-25.4772692/-49.3380555"}}, {"type": "Feature", "geometry": {"type": "Point", "coordinates": [-49.2423267, -25.4257082]}, "properties": {"id": 768800271, "feat_type": "way", "quality_categories": "disjointed_geometries, missing_tags", "issue_ids": "[2, 3]", "osm_url": "https://www.openstreetmap.org/way/768800271", "josm_url": "http://127.0.0.1:8111/load_object?new_layer=false&objects=w768800271", "id_url": "https://www.openstreetmap.org/edit?editor=id&way=768800271#map=20/-25.4257082/-49.2423267"}}, {"type": "Feature", "geometry": {"type": "Point", "coordinates": [-49.2507105, -25.4387496]}, "properties": {"id": 866477376, "feat_type": "way", "quality_categories": "disjointed_geometries, missing_tags", "issue_ids": "[2, 3]", "osm_url": "https://www.openstreetmap.org/way/866477376", "josm_url": "http://127.0.0.1:8111/load_object?new_layer=false&objects=w866477376", "id_url": "https://www.openstreetmap.org/edit?editor=id&way=866477376#map=20/-25.4387496/-49.2507105"}}, {"type": "Feature", "geometry": {"type": "Point", "coordinates": [-49.2497569, -25.4398282]}, "properties": {"id": 866477377, "feat_type": "way", "quality_categories": "disjointed_geometries, missing_tags", "issue_ids": "[2, 3]", "osm_url": "https://www.openstreetmap.org/way/866477377", "josm_url": "http://127.0.0.1:8111/load_object?new_layer=false&objects=w866477377", "id_url": "https://www.openstreetmap.org/edit?editor=id&way=866477377#map=20/-25.4398282/-49.2497569"}}, {"type": "Feature", "geometry": {"type": "Point", "coordinates": [-49.2498713, -25.4396734]}, "properties": {"id": 866477378, "feat_type": "way", "quality_categories": "disjointed_geometries, missing_tags", "issue_ids": "[2, 3]", "osm_url": "https://www.openstreetmap.org/way/866477378", "josm_url": "http://127.0.0.1:8111/load_object?new_layer=false&objects=w866477378", "id_url": "https://www.openstreetmap.org/edit?editor=id&way=866477378#map=20/-25.4396734/-49.2498713"}}, {"type": "Feature", "geometry": {"type": "Point", "coordinates": [-49.2507769, -25.4384731]}, "properties": {"id": 866477379, "feat_type": "way", "quality_categories": "disjointed_geometries, missing_tags", "issue_ids": "[2, 3]", "osm_url": "https://www.openstreetmap.org/way/866477379", "josm_url": "http://127.0.0.1:8111/load_object?new_layer=false&objects=w866477379", "id_url": "https://www.openstreetmap.org/edit?editor=id&way=866477379#map=20/-25.4384731/-49.2507769"}}, {"type": "Feature", "geometry": {"type": "Point", "coordinates": [-49.250938, -25.4356143]}, "properties": {"id": 866481566, "feat_type": "way", "quality_categories": "disjointed_geometries, missing_tags", "issue_ids": "[2, 3]", "osm_url": "https://www.openstreetmap.org/way/866481566", "josm_url": "http://127.0.0.1:8111/load_object?new_layer=false&objects=w866481566", "id_url": "https://www.openstreetmap.org/edit?editor=id&way=866481566#map=20/-25.4356143/-49.250938"}}, {"type": "Feature", "geometry": {"type": "Point", "coordinates": [-49.2511861, -25.435732]}, "properties": {"id": 866481567, "feat_type": "way", "quality_categories": "disjointed_geometries, missing_tags", "issue_ids": "[2, 3]", "osm_url": "https://www.openstreetmap.org/way/866481567", "josm_url": "http://127.0.0.1:8111/load_object?new_layer=false&objects=w866481567", "id_url": "https://www.openstreetmap.org/edit?editor=id&way=866481567#map=20/-25.435732/-49.2511861"}}, {"type": "Feature", "geometry": {"type": "Point", "coordinates": [-49.3172322, -25.4363714]}, "properties": {"id": 886184893, "feat_type": "way", "quality_categories": "disjointed_geometries, missing_tags, replaceable_values", "issue_ids": "[4, 2, 3]", "osm_url": "https://www.openstreetmap.org/way/886184893", "josm_url": "http://127.0.0.1:8111/load_object?new_layer=false&objects=w886184893", "id_url": "https://www.openstreetmap.org/edit?editor=id&way=886184893#map=20/-25.4363714/-49.3172322"}}, {"type": "Feature", "geometry": {"type": "Point", "coordinates": [-49.3163274, -25.4360034]}, "properties": {"id": 886184895, "feat_type": "way", "quality_categories": "disjointed_geometries, missing_tags", "issue_ids": "[2, 3]", "osm_url": "https://www.openstreetmap.org/way/886184895", "josm_url": "http://127.0.0.1:8111/load_object?new_layer=false&objects=w886184895", "id_url": "https://www.openstreetmap.org/edit?editor=id&way=886184895#map=20/-25.4360034/-49.3163274"}}, {"type": "Feature", "geometry": {"type": "Point", "coordinates": [-49.2734362, -25.5406689]}, "properties": {"id": 929694314, "feat_type": "way", "quality_categories": "disjointed_geometries, missing_tags", "issue_ids": "[2, 3]", "osm_url": "https://www.openstreetmap.org/way/929694314", "josm_url": "http://127.0.0.1:8111/load_object?new_layer=false&objects=w929694314", "id_url": "https://www.openstreetmap.org/edit?editor=id&way=929694314#map=20/-25.5406689/-49.2734362"}}, {"type": "Feature", "geometry": {"type": "Point", "coordinates": [-49.2296866, -25.4591709]}, "properties": {"id": 952164912, "feat_type": "way", "quality_categories": "missing_tags", "issue_ids": "[2]", "osm_url": "https://www.openstreetmap.org/way/952164912", "josm_url": "http://127.0.0.1:8111/load_object?new_layer=false&objects=w952164912", "id_url": "https://www.openstreetmap.org/edit?editor=id&way=952164912#map=20/-25.4591709/-49.2296866"}}, {"type": "Feature", "geometry": {"type": "Point", "coordinates": [-49.2295111, -25.4591158]}, "properties": {"id": 952164913, "feat_type": "way", "quality_categories": "crossings_lacking_kerbs, missing_tags", "issue_ids": "[2, 5]", "osm_url": "https://www.openstreetmap.org/way/952164913", "josm_url": "http://127.0.0.1:8111/load_object?new_layer=false&objects=w952164913", "id_url": "https://www.openstreetmap.org/edit?editor=id&way=952164913#map=20/-25.4591158/-49.2295111"}}, {"type": "Feature", "geometry": {"type": "Point", "coordinates": [-49.2294055, -25.4592827]}, "properties": {"id": 952164914, "feat_type": "way", "quality_categories": "crossings_lacking_kerbs, missing_tags", "issue_ids": "[2, 5]", "osm_url": "https://www.openstreetmap.org/way/952164914", "josm_url": "http://127.0.0.1:8111/load_object?new_layer=false&objects=w952164914", "id_url": "https://www.openstreetmap.org/edit?editor=id&way=952164914#map=20/-25.4592827/-49.2294055"}}, {"type": "Feature", "geometry": {"type": "Point", "coordinates": [-49.228807, -25.4595206]}, "properties": {"id": 952164915, "feat_type": "way", "quality_categories": "crossings_lacking_kerbs, missing_tags", "issue_ids": "[2, 5]", "osm_url": "https://www.openstreetmap.org/way/952164915", "josm_url": "http://127.0.0.1:8111/load_object?new_layer=false&objects=w952164915", "id_url": "https://www.openstreetmap.org/edit?editor=id&way=952164915#map=20/-25.4595206/-49.228807"}}, {"type": "Feature", "geometry": {"type": "Point", "coordinates": [-49.2292595, -25.458595]}, "properties": {"id": 952164916, "feat_type": "way", "quality_categories": "crossings_lacking_kerbs, missing_tags", "issue_ids": "[2, 5]", "osm_url": "https://www.openstreetmap.org/way/952164916", "josm_url": "http://127.0.0.1:8111/load_object?new_layer=false&objects=w952164916", "id_url": "https://www.openstreetmap.org/edit?editor=id&way=952164916#map=20/-25.458595/-49.2292595"}}, {"type": "Feature", "geometry": {"type": "Point", "coordinates": [-49.2295797, -25.4593717]}, "properties": {"id": 952164917, "feat_type": "way", "quality_categories": "missing_tags", "issue_ids": "[2]", "osm_url": "https://www.openstreetmap.org/way/952164917", "josm_url": "http://127.0.0.1:8111/load_object?new_layer=false&objects=w952164917", "id_url": "https://www.openstreetmap.org/edit?editor=id&way=952164917#map=20/-25.4593717/-49.2295797"}}, {"type": "Feature", "geometry": {"type": "Point", "coordinates": [-49.2300086, -25.460264]}, "properties": {"id": 952164918, "feat_type": "way", "quality_categories": "missing_tags", "issue_ids": "[2]", "osm_url": "https://www.openstreetmap.org/way/952164918", "josm_url": "http://127.0.0.1:8111/load_object?new_layer=false&objects=w952164918", "id_url": "https://www.openstreetmap.org/edit?editor=id&way=952164918#map=20/-25.460264/-49.2300086"}}, {"type": "Feature", "geometry": {"type": "Point", "coordinates": [-49.2277848, -25.460096]}, "properties": {"id": 952179489, "feat_type": "way", "quality_categories": "crossings_lacking_kerbs, missing_tags, older_than_five_years", "issue_ids": "[27, 2, 5]", "osm_url": "https://www.openstreetmap.org/way/952179489", "josm_url": "http://127.0.0.1:8111/load_object?new_layer=false&objects=w952179489", "id_url": "https://www.openstreetmap.org/edit?editor=id&way=952179489#map=20/-25.460096/-49.2277848"}}, {"type": "Feature", "geometry": {"type": "Point", "coordinates": [-49.2275815, -25.460008]}, "properties": {"id": 952179490, "feat_type": "way", "quality_categories": "crossings_lacking_kerbs, missing_tags", "issue_ids": "[2, 5]", "osm_url": "https://www.openstreetmap.org/way/952179490", "josm_url": "http://127.0.0.1:8111/load_object?new_layer=false&objects=w952179490", "id_url": "https://www.openstreetmap.org/edit?editor=id&way=952179490#map=20/-25.460008/-49.2275815"}}, {"type": "Feature", "geometry": {"type": "Point", "coordinates": [-49.2278626, -25.4598962]}, "properties": {"id": 952179492, "feat_type": "way", "quality_categories": "crossings_lacking_kerbs, missing_tags, older_than_five_years", "issue_ids": "[27, 2, 5]", "osm_url": "https://www.openstreetmap.org/way/952179492", "josm_url": "http://127.0.0.1:8111/load_object?new_layer=false&objects=w952179492", "id_url": "https://www.openstreetmap.org/edit?editor=id&way=952179492#map=20/-25.4598962/-49.2278626"}}, {"type": "Feature", "geometry": {"type": "Point", "coordinates": [-49.2276617, -25.4598425]}, "properties": {"id": 952179493, "feat_type": "way", "quality_categories": "crossings_lacking_kerbs, missing_tags, older_than_five_years", "issue_ids": "[27, 2, 5]", "osm_url": "https://www.openstreetmap.org/way/952179493", "josm_url": "http://127.0.0.1:8111/load_object?new_layer=false&objects=w952179493", "id_url": "https://www.openstreetmap.org/edit?editor=id&way=952179493#map=20/-25.4598425/-49.2276617"}}, {"type": "Feature", "geometry": {"type": "Point", "coordinates": [-49.2287092, -25.4597103]}, "properties": {"id": 952179494, "feat_type": "way", "quality_categories": "crossings_lacking_kerbs, missing_tags, older_than_five_years", "issue_ids": "[27, 2, 5]", "osm_url": "https://www.openstreetmap.org/way/952179494", "josm_url": "http://127.0.0.1:8111/load_object?new_layer=false&objects=w952179494", "id_url": "https://www.openstreetmap.org/edit?editor=id&way=952179494#map=20/-25.4597103/-49.2287092"}}, {"type": "Feature", "geometry": {"type": "Point", "coordinates": [-49.2290999, -25.4606464]}, "properties": {"id": 952179495, "feat_type": "way", "quality_categories": "crossings_lacking_kerbs, missing_tags", "issue_ids": "[2, 5]", "osm_url": "https://www.openstreetmap.org/way/952179495", "josm_url": "http://127.0.0.1:8111/load_object?new_layer=false&objects=w952179495", "id_url": "https://www.openstreetmap.org/edit?editor=id&way=952179495#map=20/-25.4606464/-49.2290999"}}, {"type": "Feature", "geometry": {"type": "Point", "coordinates": [-49.228519, -25.4596352]}, "properties": {"id": 952179496, "feat_type": "way", "quality_categories": "crossings_lacking_kerbs, missing_tags", "issue_ids": "[2, 5]", "osm_url": "https://www.openstreetmap.org/way/952179496", "josm_url": "http://127.0.0.1:8111/load_object?new_layer=false&objects=w952179496", "id_url": "https://www.openstreetmap.org/edit?editor=id&way=952179496#map=20/-25.4596352/-49.228519"}}, {"type": "Feature", "geometry": {"type": "Point", "coordinates": [-49.2285953, -25.459475]}, "properties": {"id": 952179497, "feat_type": "way", "quality_categories": "crossings_lacking_kerbs, missing_tags", "issue_ids": "[2, 5]", "osm_url": "https://www.openstreetmap.org/way/952179497", "josm_url": "http://127.0.0.1:8111/load_object?new_layer=false&objects=w952179497", "id_url": "https://www.openstreetmap.org/edit?editor=id&way=952179497#map=20/-25.459475/-49.2285953"}}, {"type": "Feature", "geometry": {"type": "Point", "coordinates": [-49.2282468, -25.4583647]}, "properties": {"id": 952179499, "feat_type": "way", "quality_categories": "crossings_lacking_kerbs, missing_tags", "issue_ids": "[2, 5]", "osm_url": "https://www.openstreetmap.org/way/952179499", "josm_url": "http://127.0.0.1:8111/load_object?new_layer=false&objects=w952179499", "id_url": "https://www.openstreetmap.org/edit?editor=id&way=952179499#map=20/-25.4583647/-49.2282468"}}, {"type": "Feature", "geometry": {"type": "Point", "coordinates": [-49.2280313, -25.4583038]}, "properties": {"id": 952179500, "feat_type": "way", "quality_categories": "missing_tags", "issue_ids": "[2]", "osm_url": "https://www.openstreetmap.org/way/952179500", "josm_url": "http://127.0.0.1:8111/load_object?new_layer=false&objects=w952179500", "id_url": "https://www.openstreetmap.org/edit?editor=id&way=952179500#map=20/-25.4583038/-49.2280313"}}, {"type": "Feature", "geometry": {"type": "Point", "coordinates": [-49.2270918, -25.4586697]}, "properties": {"id": 952179503, "feat_type": "way", "quality_categories": "crossings_lacking_kerbs, missing_tags", "issue_ids": "[2, 5]", "osm_url": "https://www.openstreetmap.org/way/952179503", "josm_url": "http://127.0.0.1:8111/load_object?new_layer=false&objects=w952179503", "id_url": "https://www.openstreetmap.org/edit?editor=id&way=952179503#map=20/-25.4586697/-49.2270918"}}, {"type": "Feature", "geometry": {"type": "Point", "coordinates": [-49.2270098, -25.45885]}, "properties": {"id": 952179504, "feat_type": "way", "quality_categories": "crossings_lacking_kerbs, missing_tags", "issue_ids": "[2, 5]", "osm_url": "https://www.openstreetmap.org/way/952179504", "josm_url": "http://127.0.0.1:8111/load_object?new_layer=false&objects=w952179504", "id_url": "https://www.openstreetmap.org/edit?editor=id&way=952179504#map=20/-25.45885/-49.2270098"}}, {"type": "Feature", "geometry": {"type": "Point", "coordinates": [-49.2272136, -25.4589205]}, "properties": {"id": 952179505, "feat_type": "way", "quality_categories": "crossings_lacking_kerbs, missing_tags", "issue_ids": "[2, 5]", "osm_url": "https://www.openstreetmap.org/way/952179505", "josm_url": "http://127.0.0.1:8111/load_object?new_layer=false&objects=w952179505", "id_url": "https://www.openstreetmap.org/edit?editor=id&way=952179505#map=20/-25.4589205/-49.2272136"}}, {"type": "Feature", "geometry": {"type": "Point", "coordinates": [-49.2273253, -25.4587262]}, "properties": {"id": 952179506, "feat_type": "way", "quality_categories": "crossings_lacking_kerbs, missing_tags", "issue_ids": "[2, 5]", "osm_url": "https://www.openstreetmap.org/way/952179506", "josm_url": "http://127.0.0.1:8111/load_object?new_layer=false&objects=w952179506", "id_url": "https://www.openstreetmap.org/edit?editor=id&way=952179506#map=20/-25.4587262/-49.2273253"}}, {"type": "Feature", "geometry": {"type": "Point", "coordinates": [-49.2293301, -25.4584327]}, "properties": {"id": 952179507, "feat_type": "way", "quality_categories": "crossings_lacking_kerbs, missing_tags, older_than_five_years", "issue_ids": "[27, 2, 5]", "osm_url": "https://www.openstreetmap.org/way/952179507", "josm_url": "http://127.0.0.1:8111/load_object?new_layer=false&objects=w952179507", "id_url": "https://www.openstreetmap.org/edit?editor=id&way=952179507#map=20/-25.4584327/-49.2293301"}}, {"type": "Feature", "geometry": {"type": "Point", "coordinates": [-49.2248448, -25.4560159]}, "properties": {"id": 953196069, "feat_type": "way", "quality_categories": "crossings_lacking_kerbs, missing_tags", "issue_ids": "[2, 5]", "osm_url": "https://www.openstreetmap.org/way/953196069", "josm_url": "http://127.0.0.1:8111/load_object?new_layer=false&objects=w953196069", "id_url": "https://www.openstreetmap.org/edit?editor=id&way=953196069#map=20/-25.4560159/-49.2248448"}}, {"type": "Feature", "geometry": {"type": "Point", "coordinates": [-49.2243636, -25.4572943]}, "properties": {"id": 953196070, "feat_type": "way", "quality_categories": "missing_tags", "issue_ids": "[2]", "osm_url": "https://www.openstreetmap.org/way/953196070", "josm_url": "http://127.0.0.1:8111/load_object?new_layer=false&objects=w953196070", "id_url": "https://www.openstreetmap.org/edit?editor=id&way=953196070#map=20/-25.4572943/-49.2243636"}}, {"type": "Feature", "geometry": {"type": "Point", "coordinates": [-49.2241581, -25.4573312]}, "properties": {"id": 953196073, "feat_type": "way", "quality_categories": "missing_tags", "issue_ids": "[2]", "osm_url": "https://www.openstreetmap.org/way/953196073", "josm_url": "http://127.0.0.1:8111/load_object?new_layer=false&objects=w953196073", "id_url": "https://www.openstreetmap.org/edit?editor=id&way=953196073#map=20/-25.4573312/-49.2241581"}}, {"type": "Feature", "geometry": {"type": "Point", "coordinates": [-49.2317517, -25.454276]}, "properties": {"id": 953197230, "feat_type": "way", "quality_categories": "crossings_lacking_kerbs, missing_tags, older_than_five_years, replaceable_values", "issue_ids": "[4, 28, 2, 5]", "osm_url": "https://www.openstreetmap.org/way/953197230", "josm_url": "http://127.0.0.1:8111/load_object?new_layer=false&objects=w953197230", "id_url": "https://www.openstreetmap.org/edit?editor=id&way=953197230#map=20/-25.454276/-49.2317517"}}, {"type": "Feature", "geometry": {"type": "Point", "coordinates": [-49.2316249, -25.4543237]}, "properties": {"id": 953197231, "feat_type": "way", "quality_categories": "crossings_lacking_kerbs, missing_tags, older_than_five_years, replaceable_values", "issue_ids": "[4, 28, 2, 5]", "osm_url": "https://www.openstreetmap.org/way/953197231", "josm_url": "http://127.0.0.1:8111/load_object?new_layer=false&objects=w953197231", "id_url": "https://www.openstreetmap.org/edit?editor=id&way=953197231#map=20/-25.4543237/-49.2316249"}}, {"type": "Feature", "geometry": {"type": "Point", "coordinates": [-49.2316638, -25.4542534]}, "properties": {"id": 953197232, "feat_type": "way", "quality_categories": "crossings_lacking_kerbs, missing_tags, replaceable_values", "issue_ids": "[4, 2, 5]", "osm_url": "https://www.openstreetmap.org/way/953197232", "josm_url": "http://127.0.0.1:8111/load_object?new_layer=false&objects=w953197232", "id_url": "https://www.openstreetmap.org/edit?editor=id&way=953197232#map=20/-25.4542534/-49.2316638"}}, {"type": "Feature", "geometry": {"type": "Point", "coordinates": [-49.2317084, -25.4543517]}, "properties": {"id": 953197233, "feat_type": "way", "quality_categories": "crossings_lacking_kerbs, missing_tags, replaceable_values", "issue_ids": "[4, 2, 5]", "osm_url": "https://www.openstreetmap.org/way/953197233", "josm_url": "http://127.0.0.1:8111/load_object?new_layer=false&objects=w953197233", "id_url": "https://www.openstreetmap.org/edit?editor=id&way=953197233#map=20/-25.4543517/-49.2317084"}}, {"type": "Feature", "geometry": {"type": "Point", "coordinates": [-49.2309195, -25.4545887]}, "properties": {"id": 953197234, "feat_type": "way", "quality_categories": "crossings_lacking_kerbs, missing_tags, replaceable_values", "issue_ids": "[4, 2, 5]", "osm_url": "https://www.openstreetmap.org/way/953197234", "josm_url": "http://127.0.0.1:8111/load_object?new_layer=false&objects=w953197234", "id_url": "https://www.openstreetmap.org/edit?editor=id&way=953197234#map=20/-25.4545887/-49.2309195"}}, {"type": "Feature", "geometry": {"type": "Point", "coordinates": [-49.2321719, -25.4553712]}, "properties": {"id": 953197235, "feat_type": "way", "quality_categories": "crossings_lacking_kerbs, missing_tags, older_than_five_years, replaceable_values", "issue_ids": "[4, 28, 2, 5]", "osm_url": "https://www.openstreetmap.org/way/953197235", "josm_url": "http://127.0.0.1:8111/load_object?new_layer=false&objects=w953197235", "id_url": "https://www.openstreetmap.org/edit?editor=id&way=953197235#map=20/-25.4553712/-49.2321719"}}, {"type": "Feature", "geometry": {"type": "Point", "coordinates": [-49.229772, -25.4550408]}, "properties": {"id": 953197240, "feat_type": "way", "quality_categories": "crossings_lacking_kerbs, missing_tags, replaceable_values", "issue_ids": "[4, 2, 5]", "osm_url": "https://www.openstreetmap.org/way/953197240", "josm_url": "http://127.0.0.1:8111/load_object?new_layer=false&objects=w953197240", "id_url": "https://www.openstreetmap.org/edit?editor=id&way=953197240#map=20/-25.4550408/-49.229772"}}, {"type": "Feature", "geometry": {"type": "Point", "coordinates": [-49.2356611, -25.4577123]}, "properties": {"id": 953197274, "feat_type": "way", "quality_categories": "crossings_lacking_kerbs, missing_tags, older_than_five_years", "issue_ids": "[28, 2, 5]", "osm_url": "https://www.openstreetmap.org/way/953197274", "josm_url": "http://127.0.0.1:8111/load_object?new_layer=false&objects=w953197274", "id_url": "https://www.openstreetmap.org/edit?editor=id&way=953197274#map=20/-25.4577123/-49.2356611"}}, {"type": "Feature", "geometry": {"type": "Point", "coordinates": [-49.2359479, -25.457281]}, "properties": {"id": 953197276, "feat_type": "way", "quality_categories": "crossings_lacking_kerbs, missing_tags, older_than_five_years", "issue_ids": "[28, 2, 5]", "osm_url": "https://www.openstreetmap.org/way/953197276", "josm_url": "http://127.0.0.1:8111/load_object?new_layer=false&objects=w953197276", "id_url": "https://www.openstreetmap.org/edit?editor=id&way=953197276#map=20/-25.457281/-49.2359479"}}, {"type": "Feature", "geometry": {"type": "Point", "coordinates": [-49.2354561, -25.4569661]}, "properties": {"id": 953197278, "feat_type": "way", "quality_categories": "crossings_lacking_kerbs, missing_tags, older_than_five_years", "issue_ids": "[28, 2, 5]", "osm_url": "https://www.openstreetmap.org/way/953197278", "josm_url": "http://127.0.0.1:8111/load_object?new_layer=false&objects=w953197278", "id_url": "https://www.openstreetmap.org/edit?editor=id&way=953197278#map=20/-25.4569661/-49.2354561"}}, {"type": "Feature", "geometry": {"type": "Point", "coordinates": [-49.2245115, -25.4588968]}, "properties": {"id": 953197348, "feat_type": "way", "quality_categories": "crossings_lacking_kerbs, missing_tags, replaceable_values", "issue_ids": "[4, 2, 5]", "osm_url": "https://www.openstreetmap.org/way/953197348", "josm_url": "http://127.0.0.1:8111/load_object?new_layer=false&objects=w953197348", "id_url": "https://www.openstreetmap.org/edit?editor=id&way=953197348#map=20/-25.4588968/-49.2245115"}}, {"type": "Feature", "geometry": {"type": "Point", "coordinates": [-49.2249997, -25.459008]}, "properties": {"id": 953197349, "feat_type": "way", "quality_categories": "crossings_lacking_kerbs, missing_tags, replaceable_values", "issue_ids": "[4, 2, 5]", "osm_url": "https://www.openstreetmap.org/way/953197349", "josm_url": "http://127.0.0.1:8111/load_object?new_layer=false&objects=w953197349", "id_url": "https://www.openstreetmap.org/edit?editor=id&way=953197349#map=20/-25.459008/-49.2249997"}}, {"type": "Feature", "geometry": {"type": "Point", "coordinates": [-49.2250608, -25.4591254]}, "properties": {"id": 953197350, "feat_type": "way", "quality_categories": "crossings_lacking_kerbs, missing_tags, replaceable_values", "issue_ids": "[4, 2, 5]", "osm_url": "https://www.openstreetmap.org/way/953197350", "josm_url": "http://127.0.0.1:8111/load_object?new_layer=false&objects=w953197350", "id_url": "https://www.openstreetmap.org/edit?editor=id&way=953197350#map=20/-25.4591254/-49.2250608"}}, {"type": "Feature", "geometry": {"type": "Point", "coordinates": [-49.2251861, -25.4590504]}, "properties": {"id": 953197351, "feat_type": "way", "quality_categories": "crossings_lacking_kerbs, missing_tags, replaceable_values", "issue_ids": "[4, 2, 5]", "osm_url": "https://www.openstreetmap.org/way/953197351", "josm_url": "http://127.0.0.1:8111/load_object?new_layer=false&objects=w953197351", "id_url": "https://www.openstreetmap.org/edit?editor=id&way=953197351#map=20/-25.4590504/-49.2251861"}}, {"type": "Feature", "geometry": {"type": "Point", "coordinates": [-49.2258234, -25.4591955]}, "properties": {"id": 953197352, "feat_type": "way", "quality_categories": "crossings_lacking_kerbs, missing_tags, replaceable_values", "issue_ids": "[4, 2, 5]", "osm_url": "https://www.openstreetmap.org/way/953197352", "josm_url": "http://127.0.0.1:8111/load_object?new_layer=false&objects=w953197352", "id_url": "https://www.openstreetmap.org/edit?editor=id&way=953197352#map=20/-25.4591955/-49.2258234"}}, {"type": "Feature", "geometry": {"type": "Point", "coordinates": [-49.2259873, -25.4590675]}, "properties": {"id": 953197353, "feat_type": "way", "quality_categories": "crossings_lacking_kerbs, missing_tags", "issue_ids": "[2, 5]", "osm_url": "https://www.openstreetmap.org/way/953197353", "josm_url": "http://127.0.0.1:8111/load_object?new_layer=false&objects=w953197353", "id_url": "https://www.openstreetmap.org/edit?editor=id&way=953197353#map=20/-25.4590675/-49.2259873"}}, {"type": "Feature", "geometry": {"type": "Point", "coordinates": [-49.2261786, -25.4591762]}, "properties": {"id": 953197354, "feat_type": "way", "quality_categories": "crossings_lacking_kerbs, missing_tags, replaceable_values", "issue_ids": "[4, 2, 5]", "osm_url": "https://www.openstreetmap.org/way/953197354", "josm_url": "http://127.0.0.1:8111/load_object?new_layer=false&objects=w953197354", "id_url": "https://www.openstreetmap.org/edit?editor=id&way=953197354#map=20/-25.4591762/-49.2261786"}}, {"type": "Feature", "geometry": {"type": "Point", "coordinates": [-49.2261098, -25.4593219]}, "properties": {"id": 953197355, "feat_type": "way", "quality_categories": "crossings_lacking_kerbs, missing_tags, replaceable_values", "issue_ids": "[4, 2, 5]", "osm_url": "https://www.openstreetmap.org/way/953197355", "josm_url": "http://127.0.0.1:8111/load_object?new_layer=false&objects=w953197355", "id_url": "https://www.openstreetmap.org/edit?editor=id&way=953197355#map=20/-25.4593219/-49.2261098"}}, {"type": "Feature", "geometry": {"type": "Point", "coordinates": [-49.2258884, -25.4593394]}, "properties": {"id": 953197356, "feat_type": "way", "quality_categories": "crossings_lacking_kerbs, missing_tags, replaceable_values", "issue_ids": "[4, 2, 5]", "osm_url": "https://www.openstreetmap.org/way/953197356", "josm_url": "http://127.0.0.1:8111/load_object?new_layer=false&objects=w953197356", "id_url": "https://www.openstreetmap.org/edit?editor=id&way=953197356#map=20/-25.4593394/-49.2258884"}}, {"type": "Feature", "geometry": {"type": "Point", "coordinates": [-49.2265694, -25.4602755]}, "properties": {"id": 953197357, "feat_type": "way", "quality_categories": "crossings_lacking_kerbs, missing_tags, older_than_five_years, replaceable_values", "issue_ids": "[4, 28, 2, 5]", "osm_url": "https://www.openstreetmap.org/way/953197357", "josm_url": "http://127.0.0.1:8111/load_object?new_layer=false&objects=w953197357", "id_url": "https://www.openstreetmap.org/edit?editor=id&way=953197357#map=20/-25.4602755/-49.2265694"}}, {"type": "Feature", "geometry": {"type": "Point", "coordinates": [-49.2267331, -25.4603453]}, "properties": {"id": 953197358, "feat_type": "way", "quality_categories": "crossings_lacking_kerbs, missing_tags, older_than_five_years, replaceable_values", "issue_ids": "[4, 28, 2, 5]", "osm_url": "https://www.openstreetmap.org/way/953197358", "josm_url": "http://127.0.0.1:8111/load_object?new_layer=false&objects=w953197358", "id_url": "https://www.openstreetmap.org/edit?editor=id&way=953197358#map=20/-25.4603453/-49.2267331"}}, {"type": "Feature", "geometry": {"type": "Point", "coordinates": [-49.2266692, -25.4604825]}, "properties": {"id": 953197359, "feat_type": "way", "quality_categories": "crossings_lacking_kerbs, missing_tags, replaceable_values", "issue_ids": "[4, 2, 5]", "osm_url": "https://www.openstreetmap.org/way/953197359", "josm_url": "http://127.0.0.1:8111/load_object?new_layer=false&objects=w953197359", "id_url": "https://www.openstreetmap.org/edit?editor=id&way=953197359#map=20/-25.4604825/-49.2266692"}}, {"type": "Feature", "geometry": {"type": "Point", "coordinates": [-49.2231533, -25.4627744]}, "properties": {"id": 953198582, "feat_type": "way", "quality_categories": "crossings_lacking_kerbs, missing_tags, replaceable_values", "issue_ids": "[4, 2, 5]", "osm_url": "https://www.openstreetmap.org/way/953198582", "josm_url": "http://127.0.0.1:8111/load_object?new_layer=false&objects=w953198582", "id_url": "https://www.openstreetmap.org/edit?editor=id&way=953198582#map=20/-25.4627744/-49.2231533"}}, {"type": "Feature", "geometry": {"type": "Point", "coordinates": [-49.222459, -25.4620215]}, "properties": {"id": 953198588, "feat_type": "way", "quality_categories": "missing_tags, replaceable_values", "issue_ids": "[4, 2]", "osm_url": "https://www.openstreetmap.org/way/953198588", "josm_url": "http://127.0.0.1:8111/load_object?new_layer=false&objects=w953198588", "id_url": "https://www.openstreetmap.org/edit?editor=id&way=953198588#map=20/-25.4620215/-49.222459"}}, {"type": "Feature", "geometry": {"type": "Point", "coordinates": [-49.2225911, -25.4620037]}, "properties": {"id": 953198589, "feat_type": "way", "quality_categories": "crossings_lacking_kerbs, missing_tags, replaceable_values", "issue_ids": "[4, 2, 5]", "osm_url": "https://www.openstreetmap.org/way/953198589", "josm_url": "http://127.0.0.1:8111/load_object?new_layer=false&objects=w953198589", "id_url": "https://www.openstreetmap.org/edit?editor=id&way=953198589#map=20/-25.4620037/-49.2225911"}}, {"type": "Feature", "geometry": {"type": "Point", "coordinates": [-49.2226529, -25.4620781]}, "properties": {"id": 953198590, "feat_type": "way", "quality_categories": "missing_tags, replaceable_values", "issue_ids": "[4, 2]", "osm_url": "https://www.openstreetmap.org/way/953198590", "josm_url": "http://127.0.0.1:8111/load_object?new_layer=false&objects=w953198590", "id_url": "https://www.openstreetmap.org/edit?editor=id&way=953198590#map=20/-25.4620781/-49.2226529"}}, {"type": "Feature", "geometry": {"type": "Point", "coordinates": [-49.2225375, -25.4621462]}, "properties": {"id": 953198591, "feat_type": "way", "quality_categories": "crossings_lacking_kerbs, missing_tags, replaceable_values", "issue_ids": "[4, 2, 5]", "osm_url": "https://www.openstreetmap.org/way/953198591", "josm_url": "http://127.0.0.1:8111/load_object?new_layer=false&objects=w953198591", "id_url": "https://www.openstreetmap.org/edit?editor=id&way=953198591#map=20/-25.4621462/-49.2225375"}}, {"type": "Feature", "geometry": {"type": "Point", "coordinates": [-49.2400765, -25.453237]}, "properties": {"id": 953198598, "feat_type": "way", "quality_categories": "crossings_lacking_kerbs, missing_tags", "issue_ids": "[2, 5]", "osm_url": "https://www.openstreetmap.org/way/953198598", "josm_url": "http://127.0.0.1:8111/load_object?new_layer=false&objects=w953198598", "id_url": "https://www.openstreetmap.org/edit?editor=id&way=953198598#map=20/-25.453237/-49.2400765"}}, {"type": "Feature", "geometry": {"type": "Point", "coordinates": [-49.2306217, -25.4614142]}, "properties": {"id": 953199153, "feat_type": "way", "quality_categories": "crossings_lacking_kerbs, missing_tags, older_than_five_years", "issue_ids": "[28, 2, 5]", "osm_url": "https://www.openstreetmap.org/way/953199153", "josm_url": "http://127.0.0.1:8111/load_object?new_layer=false&objects=w953199153", "id_url": "https://www.openstreetmap.org/edit?editor=id&way=953199153#map=20/-25.4614142/-49.2306217"}}, {"type": "Feature", "geometry": {"type": "Point", "coordinates": [-49.2299801, -25.4606452]}, "properties": {"id": 953199155, "feat_type": "way", "quality_categories": "crossings_lacking_kerbs, missing_tags, older_than_five_years", "issue_ids": "[28, 2, 5]", "osm_url": "https://www.openstreetmap.org/way/953199155", "josm_url": "http://127.0.0.1:8111/load_object?new_layer=false&objects=w953199155", "id_url": "https://www.openstreetmap.org/edit?editor=id&way=953199155#map=20/-25.4606452/-49.2299801"}}, {"type": "Feature", "geometry": {"type": "Point", "coordinates": [-49.2324885, -25.4656193]}, "properties": {"id": 953199307, "feat_type": "way", "quality_categories": "missing_tags", "issue_ids": "[2]", "osm_url": "https://www.openstreetmap.org/way/953199307", "josm_url": "http://127.0.0.1:8111/load_object?new_layer=false&objects=w953199307", "id_url": "https://www.openstreetmap.org/edit?editor=id&way=953199307#map=20/-25.4656193/-49.2324885"}}, {"type": "Feature", "geometry": {"type": "Point", "coordinates": [-49.232548, -25.4609137]}, "properties": {"id": 953199642, "feat_type": "way", "quality_categories": "crossings_lacking_kerbs, missing_tags, replaceable_values", "issue_ids": "[4, 2, 5]", "osm_url": "https://www.openstreetmap.org/way/953199642", "josm_url": "http://127.0.0.1:8111/load_object?new_layer=false&objects=w953199642", "id_url": "https://www.openstreetmap.org/edit?editor=id&way=953199642#map=20/-25.4609137/-49.232548"}}, {"type": "Feature", "geometry": {"type": "Point", "coordinates": [-49.2260589, -25.4652376]}, "properties": {"id": 953199746, "feat_type": "way", "quality_categories": "crossings_lacking_kerbs, missing_tags, older_than_five_years", "issue_ids": "[28, 2, 5]", "osm_url": "https://www.openstreetmap.org/way/953199746", "josm_url": "http://127.0.0.1:8111/load_object?new_layer=false&objects=w953199746", "id_url": "https://www.openstreetmap.org/edit?editor=id&way=953199746#map=20/-25.4652376/-49.2260589"}}, {"type": "Feature", "geometry": {"type": "Point", "coordinates": [-49.2252138, -25.4650384]}, "properties": {"id": 953199748, "feat_type": "way", "quality_categories": "crossings_lacking_kerbs, missing_tags, older_than_five_years", "issue_ids": "[28, 2, 5]", "osm_url": "https://www.openstreetmap.org/way/953199748", "josm_url": "http://127.0.0.1:8111/load_object?new_layer=false&objects=w953199748", "id_url": "https://www.openstreetmap.org/edit?editor=id&way=953199748#map=20/-25.4650384/-49.2252138"}}, {"type": "Feature", "geometry": {"type": "Point", "coordinates": [-49.225556, -25.4638083]}, "properties": {"id": 953199749, "feat_type": "way", "quality_categories": "crossings_lacking_kerbs, missing_tags", "issue_ids": "[2, 5]", "osm_url": "https://www.openstreetmap.org/way/953199749", "josm_url": "http://127.0.0.1:8111/load_object?new_layer=false&objects=w953199749", "id_url": "https://www.openstreetmap.org/edit?editor=id&way=953199749#map=20/-25.4638083/-49.225556"}}, {"type": "Feature", "geometry": {"type": "Point", "coordinates": [-49.2264476, -25.4638287]}, "properties": {"id": 953199756, "feat_type": "way", "quality_categories": "missing_tags, older_than_five_years", "issue_ids": "[28, 2]", "osm_url": "https://www.openstreetmap.org/way/953199756", "josm_url": "http://127.0.0.1:8111/load_object?new_layer=false&objects=w953199756", "id_url": "https://www.openstreetmap.org/edit?editor=id&way=953199756#map=20/-25.4638287/-49.2264476"}}, {"type": "Feature", "geometry": {"type": "Point", "coordinates": [-49.2265381, -25.4639747]}, "properties": {"id": 953199757, "feat_type": "way", "quality_categories": "missing_tags, older_than_five_years", "issue_ids": "[28, 2]", "osm_url": "https://www.openstreetmap.org/way/953199757", "josm_url": "http://127.0.0.1:8111/load_object?new_layer=false&objects=w953199757", "id_url": "https://www.openstreetmap.org/edit?editor=id&way=953199757#map=20/-25.4639747/-49.2265381"}}, {"type": "Feature", "geometry": {"type": "Point", "coordinates": [-49.2263357, -25.4639016]}, "properties": {"id": 953199758, "feat_type": "way", "quality_categories": "missing_tags, older_than_five_years", "issue_ids": "[28, 2]", "osm_url": "https://www.openstreetmap.org/way/953199758", "josm_url": "http://127.0.0.1:8111/load_object?new_layer=false&objects=w953199758", "id_url": "https://www.openstreetmap.org/edit?editor=id&way=953199758#map=20/-25.4639016/-49.2263357"}}, {"type": "Feature", "geometry": {"type": "Point", "coordinates": [-49.2256509, -25.4637386]}, "properties": {"id": 953199759, "feat_type": "way", "quality_categories": "missing_tags", "issue_ids": "[2]", "osm_url": "https://www.openstreetmap.org/way/953199759", "josm_url": "http://127.0.0.1:8111/load_object?new_layer=false&objects=w953199759", "id_url": "https://www.openstreetmap.org/edit?editor=id&way=953199759#map=20/-25.4637386/-49.2256509"}}, {"type": "Feature", "geometry": {"type": "Point", "coordinates": [-49.2255998, -25.4636509]}, "properties": {"id": 953199760, "feat_type": "way", "quality_categories": "crossings_lacking_kerbs, missing_tags", "issue_ids": "[2, 5]", "osm_url": "https://www.openstreetmap.org/way/953199760", "josm_url": "http://127.0.0.1:8111/load_object?new_layer=false&objects=w953199760", "id_url": "https://www.openstreetmap.org/edit?editor=id&way=953199760#map=20/-25.4636509/-49.2255998"}}, {"type": "Feature", "geometry": {"type": "Point", "coordinates": [-49.225695, -25.4633086]}, "properties": {"id": 953199761, "feat_type": "way", "quality_categories": "missing_tags", "issue_ids": "[2]", "osm_url": "https://www.openstreetmap.org/way/953199761", "josm_url": "http://127.0.0.1:8111/load_object?new_layer=false&objects=w953199761", "id_url": "https://www.openstreetmap.org/edit?editor=id&way=953199761#map=20/-25.4633086/-49.225695"}}, {"type": "Feature", "geometry": {"type": "Point", "coordinates": [-49.2265731, -25.4633756]}, "properties": {"id": 953199762, "feat_type": "way", "quality_categories": "missing_tags, older_than_five_years", "issue_ids": "[28, 2]", "osm_url": "https://www.openstreetmap.org/way/953199762", "josm_url": "http://127.0.0.1:8111/load_object?new_layer=false&objects=w953199762", "id_url": "https://www.openstreetmap.org/edit?editor=id&way=953199762#map=20/-25.4633756/-49.2265731"}}, {"type": "Feature", "geometry": {"type": "Point", "coordinates": [-49.2271909, -25.4641045]}, "properties": {"id": 953199763, "feat_type": "way", "quality_categories": "missing_tags", "issue_ids": "[2]", "osm_url": "https://www.openstreetmap.org/way/953199763", "josm_url": "http://127.0.0.1:8111/load_object?new_layer=false&objects=w953199763", "id_url": "https://www.openstreetmap.org/edit?editor=id&way=953199763#map=20/-25.4641045/-49.2271909"}}, {"type": "Feature", "geometry": {"type": "Point", "coordinates": [-49.2267708, -25.4654924]}, "properties": {"id": 953199764, "feat_type": "way", "quality_categories": "missing_tags, older_than_five_years", "issue_ids": "[28, 2]", "osm_url": "https://www.openstreetmap.org/way/953199764", "josm_url": "http://127.0.0.1:8111/load_object?new_layer=false&objects=w953199764", "id_url": "https://www.openstreetmap.org/edit?editor=id&way=953199764#map=20/-25.4654924/-49.2267708"}}, {"type": "Feature", "geometry": {"type": "Point", "coordinates": [-49.2253146, -25.465161]}, "properties": {"id": 953199765, "feat_type": "way", "quality_categories": "crossings_lacking_kerbs, missing_tags, older_than_five_years", "issue_ids": "[28, 2, 5]", "osm_url": "https://www.openstreetmap.org/way/953199765", "josm_url": "http://127.0.0.1:8111/load_object?new_layer=false&objects=w953199765", "id_url": "https://www.openstreetmap.org/edit?editor=id&way=953199765#map=20/-25.465161/-49.2253146"}}, {"type": "Feature", "geometry": {"type": "Point", "coordinates": [-49.225097, -25.4651115]}, "properties": {"id": 953199766, "feat_type": "way", "quality_categories": "crossings_lacking_kerbs, missing_tags, older_than_five_years", "issue_ids": "[28, 2, 5]", "osm_url": "https://www.openstreetmap.org/way/953199766", "josm_url": "http://127.0.0.1:8111/load_object?new_layer=false&objects=w953199766", "id_url": "https://www.openstreetmap.org/edit?editor=id&way=953199766#map=20/-25.4651115/-49.225097"}}, {"type": "Feature", "geometry": {"type": "Point", "coordinates": [-49.2251634, -25.4652196]}, "properties": {"id": 953199767, "feat_type": "way", "quality_categories": "crossings_lacking_kerbs, missing_tags, older_than_five_years", "issue_ids": "[28, 2, 5]", "osm_url": "https://www.openstreetmap.org/way/953199767", "josm_url": "http://127.0.0.1:8111/load_object?new_layer=false&objects=w953199767", "id_url": "https://www.openstreetmap.org/edit?editor=id&way=953199767#map=20/-25.4652196/-49.2251634"}}, {"type": "Feature", "geometry": {"type": "Point", "coordinates": [-49.2244446, -25.464963]}, "properties": {"id": 953199768, "feat_type": "way", "quality_categories": "crossings_lacking_kerbs, missing_tags", "issue_ids": "[2, 5]", "osm_url": "https://www.openstreetmap.org/way/953199768", "josm_url": "http://127.0.0.1:8111/load_object?new_layer=false&objects=w953199768", "id_url": "https://www.openstreetmap.org/edit?editor=id&way=953199768#map=20/-25.464963/-49.2244446"}}, {"type": "Feature", "geometry": {"type": "Point", "coordinates": [-49.2261703, -25.4653558]}, "properties": {"id": 953199770, "feat_type": "way", "quality_categories": "crossings_lacking_kerbs, missing_tags, older_than_five_years", "issue_ids": "[28, 2, 5]", "osm_url": "https://www.openstreetmap.org/way/953199770", "josm_url": "http://127.0.0.1:8111/load_object?new_layer=false&objects=w953199770", "id_url": "https://www.openstreetmap.org/edit?editor=id&way=953199770#map=20/-25.4653558/-49.2261703"}}, {"type": "Feature", "geometry": {"type": "Point", "coordinates": [-49.2259322, -25.4653016]}, "properties": {"id": 953199771, "feat_type": "way", "quality_categories": "crossings_lacking_kerbs, missing_tags, older_than_five_years", "issue_ids": "[28, 2, 5]", "osm_url": "https://www.openstreetmap.org/way/953199771", "josm_url": "http://127.0.0.1:8111/load_object?new_layer=false&objects=w953199771", "id_url": "https://www.openstreetmap.org/edit?editor=id&way=953199771#map=20/-25.4653016/-49.2259322"}}, {"type": "Feature", "geometry": {"type": "Point", "coordinates": [-49.2248479, -25.4631015]}, "properties": {"id": 953199772, "feat_type": "way", "quality_categories": "crossings_lacking_kerbs, missing_tags", "issue_ids": "[2, 5]", "osm_url": "https://www.openstreetmap.org/way/953199772", "josm_url": "http://127.0.0.1:8111/load_object?new_layer=false&objects=w953199772", "id_url": "https://www.openstreetmap.org/edit?editor=id&way=953199772#map=20/-25.4631015/-49.2248479"}}, {"type": "Feature", "geometry": {"type": "Point", "coordinates": [-49.2245523, -25.4637727]}, "properties": {"id": 953199773, "feat_type": "way", "quality_categories": "crossings_lacking_kerbs, missing_tags", "issue_ids": "[2, 5]", "osm_url": "https://www.openstreetmap.org/way/953199773", "josm_url": "http://127.0.0.1:8111/load_object?new_layer=false&objects=w953199773", "id_url": "https://www.openstreetmap.org/edit?editor=id&way=953199773#map=20/-25.4637727/-49.2245523"}}, {"type": "Feature", "geometry": {"type": "Point", "coordinates": [-49.2246798, -25.4637093]}, "properties": {"id": 953199774, "feat_type": "way", "quality_categories": "crossings_lacking_kerbs, missing_tags", "issue_ids": "[2, 5]", "osm_url": "https://www.openstreetmap.org/way/953199774", "josm_url": "http://127.0.0.1:8111/load_object?new_layer=false&objects=w953199774", "id_url": "https://www.openstreetmap.org/edit?editor=id&way=953199774#map=20/-25.4637093/-49.2246798"}}, {"type": "Feature", "geometry": {"type": "Point", "coordinates": [-49.2246284, -25.4638952]}, "properties": {"id": 953199775, "feat_type": "way", "quality_categories": "crossings_lacking_kerbs, missing_tags", "issue_ids": "[2, 5]", "osm_url": "https://www.openstreetmap.org/way/953199775", "josm_url": "http://127.0.0.1:8111/load_object?new_layer=false&objects=w953199775", "id_url": "https://www.openstreetmap.org/edit?editor=id&way=953199775#map=20/-25.4638952/-49.2246284"}}, {"type": "Feature", "geometry": {"type": "Point", "coordinates": [-49.2230782, -25.4634376]}, "properties": {"id": 953199776, "feat_type": "way", "quality_categories": "crossings_lacking_kerbs, missing_tags, older_than_five_years", "issue_ids": "[28, 2, 5]", "osm_url": "https://www.openstreetmap.org/way/953199776", "josm_url": "http://127.0.0.1:8111/load_object?new_layer=false&objects=w953199776", "id_url": "https://www.openstreetmap.org/edit?editor=id&way=953199776#map=20/-25.4634376/-49.2230782"}}, {"type": "Feature", "geometry": {"type": "Point", "coordinates": [-49.2244616, -25.4644983]}, "properties": {"id": 953199777, "feat_type": "way", "quality_categories": "crossings_lacking_kerbs, missing_tags, older_than_five_years", "issue_ids": "[28, 2, 5]", "osm_url": "https://www.openstreetmap.org/way/953199777", "josm_url": "http://127.0.0.1:8111/load_object?new_layer=false&objects=w953199777", "id_url": "https://www.openstreetmap.org/edit?editor=id&way=953199777#map=20/-25.4644983/-49.2244616"}}, {"type": "Feature", "geometry": {"type": "Point", "coordinates": [-49.2320843, -25.4622246]}, "properties": {"id": 953199913, "feat_type": "way", "quality_categories": "crossings_lacking_kerbs, missing_tags", "issue_ids": "[2, 5]", "osm_url": "https://www.openstreetmap.org/way/953199913", "josm_url": "http://127.0.0.1:8111/load_object?new_layer=false&objects=w953199913", "id_url": "https://www.openstreetmap.org/edit?editor=id&way=953199913#map=20/-25.4622246/-49.2320843"}}, {"type": "Feature", "geometry": {"type": "Point", "coordinates": [-49.2340757, -25.4700207]}, "properties": {"id": 953200034, "feat_type": "way", "quality_categories": "crossings_lacking_kerbs, missing_tags, older_than_five_years", "issue_ids": "[28, 2, 5]", "osm_url": "https://www.openstreetmap.org/way/953200034", "josm_url": "http://127.0.0.1:8111/load_object?new_layer=false&objects=w953200034", "id_url": "https://www.openstreetmap.org/edit?editor=id&way=953200034#map=20/-25.4700207/-49.2340757"}}, {"type": "Feature", "geometry": {"type": "Point", "coordinates": [-49.2333862, -25.4709574]}, "properties": {"id": 953200036, "feat_type": "way", "quality_categories": "crossings_lacking_kerbs, missing_tags, older_than_five_years", "issue_ids": "[28, 2, 5]", "osm_url": "https://www.openstreetmap.org/way/953200036", "josm_url": "http://127.0.0.1:8111/load_object?new_layer=false&objects=w953200036", "id_url": "https://www.openstreetmap.org/edit?editor=id&way=953200036#map=20/-25.4709574/-49.2333862"}}, {"type": "Feature", "geometry": {"type": "Point", "coordinates": [-49.2349263, -25.470455]}, "properties": {"id": 953200038, "feat_type": "way", "quality_categories": "crossings_lacking_kerbs, missing_tags, older_than_five_years", "issue_ids": "[28, 2, 5]", "osm_url": "https://www.openstreetmap.org/way/953200038", "josm_url": "http://127.0.0.1:8111/load_object?new_layer=false&objects=w953200038", "id_url": "https://www.openstreetmap.org/edit?editor=id&way=953200038#map=20/-25.470455/-49.2349263"}}, {"type": "Feature", "geometry": {"type": "Point", "coordinates": [-49.2341878, -25.4700124]}, "properties": {"id": 953200039, "feat_type": "way", "quality_categories": "crossings_lacking_kerbs, missing_tags, older_than_five_years", "issue_ids": "[28, 2, 5]", "osm_url": "https://www.openstreetmap.org/way/953200039", "josm_url": "http://127.0.0.1:8111/load_object?new_layer=false&objects=w953200039", "id_url": "https://www.openstreetmap.org/edit?editor=id&way=953200039#map=20/-25.4700124/-49.2341878"}}, {"type": "Feature", "geometry": {"type": "Point", "coordinates": [-49.2341499, -25.4699181]}, "properties": {"id": 953200041, "feat_type": "way", "quality_categories": "crossings_lacking_kerbs, missing_tags, older_than_five_years", "issue_ids": "[28, 2, 5]", "osm_url": "https://www.openstreetmap.org/way/953200041", "josm_url": "http://127.0.0.1:8111/load_object?new_layer=false&objects=w953200041", "id_url": "https://www.openstreetmap.org/edit?editor=id&way=953200041#map=20/-25.4699181/-49.2341499"}}, {"type": "Feature", "geometry": {"type": "Point", "coordinates": [-49.2348601, -25.4689263]}, "properties": {"id": 953200042, "feat_type": "way", "quality_categories": "crossings_lacking_kerbs, missing_tags, older_than_five_years", "issue_ids": "[28, 2, 5]", "osm_url": "https://www.openstreetmap.org/way/953200042", "josm_url": "http://127.0.0.1:8111/load_object?new_layer=false&objects=w953200042", "id_url": "https://www.openstreetmap.org/edit?editor=id&way=953200042#map=20/-25.4689263/-49.2348601"}}, {"type": "Feature", "geometry": {"type": "Point", "coordinates": [-49.2341304, -25.4683436]}, "properties": {"id": 953200044, "feat_type": "way", "quality_categories": "crossings_lacking_kerbs, missing_tags, older_than_five_years", "issue_ids": "[28, 2, 5]", "osm_url": "https://www.openstreetmap.org/way/953200044", "josm_url": "http://127.0.0.1:8111/load_object?new_layer=false&objects=w953200044", "id_url": "https://www.openstreetmap.org/edit?editor=id&way=953200044#map=20/-25.4683436/-49.2341304"}}, {"type": "Feature", "geometry": {"type": "Point", "coordinates": [-49.234849, -25.4687749]}, "properties": {"id": 953200045, "feat_type": "way", "quality_categories": "crossings_lacking_kerbs, missing_tags, older_than_five_years", "issue_ids": "[28, 2, 5]", "osm_url": "https://www.openstreetmap.org/way/953200045", "josm_url": "http://127.0.0.1:8111/load_object?new_layer=false&objects=w953200045", "id_url": "https://www.openstreetmap.org/edit?editor=id&way=953200045#map=20/-25.4687749/-49.234849"}}, {"type": "Feature", "geometry": {"type": "Point", "coordinates": [-49.2340604, -25.469936]}, "properties": {"id": 953200046, "feat_type": "way", "quality_categories": "crossings_lacking_kerbs, missing_tags, older_than_five_years", "issue_ids": "[28, 2, 5]", "osm_url": "https://www.openstreetmap.org/way/953200046", "josm_url": "http://127.0.0.1:8111/load_object?new_layer=false&objects=w953200046", "id_url": "https://www.openstreetmap.org/edit?editor=id&way=953200046#map=20/-25.469936/-49.2340604"}}, {"type": "Feature", "geometry": {"type": "Point", "coordinates": [-49.23327, -25.4694622]}, "properties": {"id": 953200047, "feat_type": "way", "quality_categories": "crossings_lacking_kerbs, missing_tags, older_than_five_years", "issue_ids": "[28, 2, 5]", "osm_url": "https://www.openstreetmap.org/way/953200047", "josm_url": "http://127.0.0.1:8111/load_object?new_layer=false&objects=w953200047", "id_url": "https://www.openstreetmap.org/edit?editor=id&way=953200047#map=20/-25.4694622/-49.23327"}}, {"type": "Feature", "geometry": {"type": "Point", "coordinates": [-49.2331552, -25.4693934]}, "properties": {"id": 953200050, "feat_type": "way", "quality_categories": "crossings_lacking_kerbs, missing_tags, older_than_five_years", "issue_ids": "[28, 2, 5]", "osm_url": "https://www.openstreetmap.org/way/953200050", "josm_url": "http://127.0.0.1:8111/load_object?new_layer=false&objects=w953200050", "id_url": "https://www.openstreetmap.org/edit?editor=id&way=953200050#map=20/-25.4693934/-49.2331552"}}, {"type": "Feature", "geometry": {"type": "Point", "coordinates": [-49.2332535, -25.46938]}, "properties": {"id": 953200051, "feat_type": "way", "quality_categories": "crossings_lacking_kerbs, missing_tags, older_than_five_years", "issue_ids": "[28, 2, 5]", "osm_url": "https://www.openstreetmap.org/way/953200051", "josm_url": "http://127.0.0.1:8111/load_object?new_layer=false&objects=w953200051", "id_url": "https://www.openstreetmap.org/edit?editor=id&way=953200051#map=20/-25.46938/-49.2332535"}}, {"type": "Feature", "geometry": {"type": "Point", "coordinates": [-49.2331615, -25.4694998]}, "properties": {"id": 953200052, "feat_type": "way", "quality_categories": "crossings_lacking_kerbs, missing_tags, older_than_five_years", "issue_ids": "[28, 2, 5]", "osm_url": "https://www.openstreetmap.org/way/953200052", "josm_url": "http://127.0.0.1:8111/load_object?new_layer=false&objects=w953200052", "id_url": "https://www.openstreetmap.org/edit?editor=id&way=953200052#map=20/-25.4694998/-49.2331615"}}, {"type": "Feature", "geometry": {"type": "Point", "coordinates": [-49.2341065, -25.468252]}, "properties": {"id": 953200055, "feat_type": "way", "quality_categories": "crossings_lacking_kerbs, missing_tags, older_than_five_years", "issue_ids": "[28, 2, 5]", "osm_url": "https://www.openstreetmap.org/way/953200055", "josm_url": "http://127.0.0.1:8111/load_object?new_layer=false&objects=w953200055", "id_url": "https://www.openstreetmap.org/edit?editor=id&way=953200055#map=20/-25.468252/-49.2341065"}}, {"type": "Feature", "geometry": {"type": "Point", "coordinates": [-49.2339986, -25.4682645]}, "properties": {"id": 953200056, "feat_type": "way", "quality_categories": "crossings_lacking_kerbs, missing_tags, older_than_five_years", "issue_ids": "[28, 2, 5]", "osm_url": "https://www.openstreetmap.org/way/953200056", "josm_url": "http://127.0.0.1:8111/load_object?new_layer=false&objects=w953200056", "id_url": "https://www.openstreetmap.org/edit?editor=id&way=953200056#map=20/-25.4682645/-49.2339986"}}, {"type": "Feature", "geometry": {"type": "Point", "coordinates": [-49.2340153, -25.4683772]}, "properties": {"id": 953200057, "feat_type": "way", "quality_categories": "crossings_lacking_kerbs, missing_tags, older_than_five_years", "issue_ids": "[28, 2, 5]", "osm_url": "https://www.openstreetmap.org/way/953200057", "josm_url": "http://127.0.0.1:8111/load_object?new_layer=false&objects=w953200057", "id_url": "https://www.openstreetmap.org/edit?editor=id&way=953200057#map=20/-25.4683772/-49.2340153"}}, {"type": "Feature", "geometry": {"type": "Point", "coordinates": [-49.2168062, -25.4673032]}, "properties": {"id": 953200176, "feat_type": "way", "quality_categories": "crossings_lacking_kerbs, missing_tags, replaceable_values", "issue_ids": "[4, 2, 5]", "osm_url": "https://www.openstreetmap.org/way/953200176", "josm_url": "http://127.0.0.1:8111/load_object?new_layer=false&objects=w953200176", "id_url": "https://www.openstreetmap.org/edit?editor=id&way=953200176#map=20/-25.4673032/-49.2168062"}}, {"type": "Feature", "geometry": {"type": "Point", "coordinates": [-49.2167397, -25.4672029]}, "properties": {"id": 953200177, "feat_type": "way", "quality_categories": "crossings_lacking_kerbs, missing_tags, replaceable_values", "issue_ids": "[4, 2, 5]", "osm_url": "https://www.openstreetmap.org/way/953200177", "josm_url": "http://127.0.0.1:8111/load_object?new_layer=false&objects=w953200177", "id_url": "https://www.openstreetmap.org/edit?editor=id&way=953200177#map=20/-25.4672029/-49.2167397"}}, {"type": "Feature", "geometry": {"type": "Point", "coordinates": [-49.2168787, -25.4671043]}, "properties": {"id": 953200178, "feat_type": "way", "quality_categories": "crossings_lacking_kerbs, missing_tags, replaceable_values", "issue_ids": "[4, 2, 5]", "osm_url": "https://www.openstreetmap.org/way/953200178", "josm_url": "http://127.0.0.1:8111/load_object?new_layer=false&objects=w953200178", "id_url": "https://www.openstreetmap.org/edit?editor=id&way=953200178#map=20/-25.4671043/-49.2168787"}}, {"type": "Feature", "geometry": {"type": "Point", "coordinates": [-49.2169683, -25.4672706]}, "properties": {"id": 953200179, "feat_type": "way", "quality_categories": "crossings_lacking_kerbs, missing_tags, replaceable_values", "issue_ids": "[4, 2, 5]", "osm_url": "https://www.openstreetmap.org/way/953200179", "josm_url": "http://127.0.0.1:8111/load_object?new_layer=false&objects=w953200179", "id_url": "https://www.openstreetmap.org/edit?editor=id&way=953200179#map=20/-25.4672706/-49.2169683"}}, {"type": "Feature", "geometry": {"type": "Point", "coordinates": [-49.2178734, -25.4675299]}, "properties": {"id": 953200180, "feat_type": "way", "quality_categories": "crossings_lacking_kerbs, missing_tags, replaceable_values", "issue_ids": "[4, 2, 5]", "osm_url": "https://www.openstreetmap.org/way/953200180", "josm_url": "http://127.0.0.1:8111/load_object?new_layer=false&objects=w953200180", "id_url": "https://www.openstreetmap.org/edit?editor=id&way=953200180#map=20/-25.4675299/-49.2178734"}}, {"type": "Feature", "geometry": {"type": "Point", "coordinates": [-49.2180214, -25.4674546]}, "properties": {"id": 953200181, "feat_type": "way", "quality_categories": "crossings_lacking_kerbs, missing_tags, replaceable_values", "issue_ids": "[4, 2, 5]", "osm_url": "https://www.openstreetmap.org/way/953200181", "josm_url": "http://127.0.0.1:8111/load_object?new_layer=false&objects=w953200181", "id_url": "https://www.openstreetmap.org/edit?editor=id&way=953200181#map=20/-25.4674546/-49.2180214"}}, {"type": "Feature", "geometry": {"type": "Point", "coordinates": [-49.218086, -25.467579]}, "properties": {"id": 953200182, "feat_type": "way", "quality_categories": "crossings_lacking_kerbs, missing_tags, replaceable_values", "issue_ids": "[4, 2, 5]", "osm_url": "https://www.openstreetmap.org/way/953200182", "josm_url": "http://127.0.0.1:8111/load_object?new_layer=false&objects=w953200182", "id_url": "https://www.openstreetmap.org/edit?editor=id&way=953200182#map=20/-25.467579/-49.218086"}}, {"type": "Feature", "geometry": {"type": "Point", "coordinates": [-49.2179464, -25.4676524]}, "properties": {"id": 953200183, "feat_type": "way", "quality_categories": "crossings_lacking_kerbs, missing_tags, replaceable_values", "issue_ids": "[4, 2, 5]", "osm_url": "https://www.openstreetmap.org/way/953200183", "josm_url": "http://127.0.0.1:8111/load_object?new_layer=false&objects=w953200183", "id_url": "https://www.openstreetmap.org/edit?editor=id&way=953200183#map=20/-25.4676524/-49.2179464"}}, {"type": "Feature", "geometry": {"type": "Point", "coordinates": [-49.2315572, -25.4651545]}, "properties": {"id": 953200480, "feat_type": "way", "quality_categories": "crossings_lacking_kerbs, missing_tags, older_than_five_years, replaceable_values", "issue_ids": "[4, 28, 2, 5]", "osm_url": "https://www.openstreetmap.org/way/953200480", "josm_url": "http://127.0.0.1:8111/load_object?new_layer=false&objects=w953200480", "id_url": "https://www.openstreetmap.org/edit?editor=id&way=953200480#map=20/-25.4651545/-49.2315572"}}, {"type": "Feature", "geometry": {"type": "Point", "coordinates": [-49.2402407, -25.4532293]}, "properties": {"id": 953200648, "feat_type": "way", "quality_categories": "crossings_lacking_kerbs, missing_tags", "issue_ids": "[2, 5]", "osm_url": "https://www.openstreetmap.org/way/953200648", "josm_url": "http://127.0.0.1:8111/load_object?new_layer=false&objects=w953200648", "id_url": "https://www.openstreetmap.org/edit?editor=id&way=953200648#map=20/-25.4532293/-49.2402407"}}, {"type": "Feature", "geometry": {"type": "Point", "coordinates": [-49.2407804, -25.4544301]}, "properties": {"id": 953200650, "feat_type": "way", "quality_categories": "crossings_lacking_kerbs, missing_tags", "issue_ids": "[2, 5]", "osm_url": "https://www.openstreetmap.org/way/953200650", "josm_url": "http://127.0.0.1:8111/load_object?new_layer=false&objects=w953200650", "id_url": "https://www.openstreetmap.org/edit?editor=id&way=953200650#map=20/-25.4544301/-49.2407804"}}, {"type": "Feature", "geometry": {"type": "Point", "coordinates": [-49.2402188, -25.4551863]}, "properties": {"id": 953200652, "feat_type": "way", "quality_categories": "crossings_lacking_kerbs, missing_tags", "issue_ids": "[2, 5]", "osm_url": "https://www.openstreetmap.org/way/953200652", "josm_url": "http://127.0.0.1:8111/load_object?new_layer=false&objects=w953200652", "id_url": "https://www.openstreetmap.org/edit?editor=id&way=953200652#map=20/-25.4551863/-49.2402188"}}, {"type": "Feature", "geometry": {"type": "Point", "coordinates": [-49.2392867, -25.4546232]}, "properties": {"id": 953200653, "feat_type": "way", "quality_categories": "crossings_lacking_kerbs, missing_tags", "issue_ids": "[2, 5]", "osm_url": "https://www.openstreetmap.org/way/953200653", "josm_url": "http://127.0.0.1:8111/load_object?new_layer=false&objects=w953200653", "id_url": "https://www.openstreetmap.org/edit?editor=id&way=953200653#map=20/-25.4546232/-49.2392867"}}, {"type": "Feature", "geometry": {"type": "Point", "coordinates": [-49.2397662, -25.4559082]}, "properties": {"id": 953200655, "feat_type": "way", "quality_categories": "crossings_lacking_kerbs, missing_tags", "issue_ids": "[2, 5]", "osm_url": "https://www.openstreetmap.org/way/953200655", "josm_url": "http://127.0.0.1:8111/load_object?new_layer=false&objects=w953200655", "id_url": "https://www.openstreetmap.org/edit?editor=id&way=953200655#map=20/-25.4559082/-49.2397662"}}, {"type": "Feature", "geometry": {"type": "Point", "coordinates": [-49.2398209, -25.4538486]}, "properties": {"id": 953200656, "feat_type": "way", "quality_categories": "crossings_lacking_kerbs, missing_tags", "issue_ids": "[2, 5]", "osm_url": "https://www.openstreetmap.org/way/953200656", "josm_url": "http://127.0.0.1:8111/load_object?new_layer=false&objects=w953200656", "id_url": "https://www.openstreetmap.org/edit?editor=id&way=953200656#map=20/-25.4538486/-49.2398209"}}, {"type": "Feature", "geometry": {"type": "Point", "coordinates": [-49.223009, -25.4578057]}, "properties": {"id": 953201493, "feat_type": "way", "quality_categories": "missing_tags", "issue_ids": "[2]", "osm_url": "https://www.openstreetmap.org/way/953201493", "josm_url": "http://127.0.0.1:8111/load_object?new_layer=false&objects=w953201493", "id_url": "https://www.openstreetmap.org/edit?editor=id&way=953201493#map=20/-25.4578057/-49.223009"}}, {"type": "Feature", "geometry": {"type": "Point", "coordinates": [-49.2238339, -25.4580765]}, "properties": {"id": 953201494, "feat_type": "way", "quality_categories": "missing_tags", "issue_ids": "[2]", "osm_url": "https://www.openstreetmap.org/way/953201494", "josm_url": "http://127.0.0.1:8111/load_object?new_layer=false&objects=w953201494", "id_url": "https://www.openstreetmap.org/edit?editor=id&way=953201494#map=20/-25.4580765/-49.2238339"}}, {"type": "Feature", "geometry": {"type": "Point", "coordinates": [-49.2225875, -25.4583988]}, "properties": {"id": 953201495, "feat_type": "way", "quality_categories": "missing_tags", "issue_ids": "[2]", "osm_url": "https://www.openstreetmap.org/way/953201495", "josm_url": "http://127.0.0.1:8111/load_object?new_layer=false&objects=w953201495", "id_url": "https://www.openstreetmap.org/edit?editor=id&way=953201495#map=20/-25.4583988/-49.2225875"}}, {"type": "Feature", "geometry": {"type": "Point", "coordinates": [-49.2228673, -25.4579127]}, "properties": {"id": 953201496, "feat_type": "way", "quality_categories": "missing_tags", "issue_ids": "[2]", "osm_url": "https://www.openstreetmap.org/way/953201496", "josm_url": "http://127.0.0.1:8111/load_object?new_layer=false&objects=w953201496", "id_url": "https://www.openstreetmap.org/edit?editor=id&way=953201496#map=20/-25.4579127/-49.2228673"}}, {"type": "Feature", "geometry": {"type": "Point", "coordinates": [-49.2229514, -25.4576902]}, "properties": {"id": 953201497, "feat_type": "way", "quality_categories": "missing_tags", "issue_ids": "[2]", "osm_url": "https://www.openstreetmap.org/way/953201497", "josm_url": "http://127.0.0.1:8111/load_object?new_layer=false&objects=w953201497", "id_url": "https://www.openstreetmap.org/edit?editor=id&way=953201497#map=20/-25.4576902/-49.2229514"}}, {"type": "Feature", "geometry": {"type": "Point", "coordinates": [-49.2219607, -25.4568673]}, "properties": {"id": 953201501, "feat_type": "way", "quality_categories": "crossings_lacking_kerbs, missing_tags", "issue_ids": "[2, 5]", "osm_url": "https://www.openstreetmap.org/way/953201501", "josm_url": "http://127.0.0.1:8111/load_object?new_layer=false&objects=w953201501", "id_url": "https://www.openstreetmap.org/edit?editor=id&way=953201501#map=20/-25.4568673/-49.2219607"}}, {"type": "Feature", "geometry": {"type": "Point", "coordinates": [-49.2221346, -25.4567555]}, "properties": {"id": 953201502, "feat_type": "way", "quality_categories": "missing_tags", "issue_ids": "[2]", "osm_url": "https://www.openstreetmap.org/way/953201502", "josm_url": "http://127.0.0.1:8111/load_object?new_layer=false&objects=w953201502", "id_url": "https://www.openstreetmap.org/edit?editor=id&way=953201502#map=20/-25.4567555/-49.2221346"}}, {"type": "Feature", "geometry": {"type": "Point", "coordinates": [-49.2225561, -25.4568864]}, "properties": {"id": 953201503, "feat_type": "way", "quality_categories": "missing_tags", "issue_ids": "[2]", "osm_url": "https://www.openstreetmap.org/way/953201503", "josm_url": "http://127.0.0.1:8111/load_object?new_layer=false&objects=w953201503", "id_url": "https://www.openstreetmap.org/edit?editor=id&way=953201503#map=20/-25.4568864/-49.2225561"}}, {"type": "Feature", "geometry": {"type": "Point", "coordinates": [-49.2225589, -25.4553266]}, "properties": {"id": 953201505, "feat_type": "way", "quality_categories": "missing_tags", "issue_ids": "[2]", "osm_url": "https://www.openstreetmap.org/way/953201505", "josm_url": "http://127.0.0.1:8111/load_object?new_layer=false&objects=w953201505", "id_url": "https://www.openstreetmap.org/edit?editor=id&way=953201505#map=20/-25.4553266/-49.2225589"}}, {"type": "Feature", "geometry": {"type": "Point", "coordinates": [-49.22207, -25.4565857]}, "properties": {"id": 953201506, "feat_type": "way", "quality_categories": "missing_tags", "issue_ids": "[2]", "osm_url": "https://www.openstreetmap.org/way/953201506", "josm_url": "http://127.0.0.1:8111/load_object?new_layer=false&objects=w953201506", "id_url": "https://www.openstreetmap.org/edit?editor=id&way=953201506#map=20/-25.4565857/-49.22207"}}, {"type": "Feature", "geometry": {"type": "Point", "coordinates": [-49.2214942, -25.4580686]}, "properties": {"id": 953201507, "feat_type": "way", "quality_categories": "missing_tags", "issue_ids": "[2]", "osm_url": "https://www.openstreetmap.org/way/953201507", "josm_url": "http://127.0.0.1:8111/load_object?new_layer=false&objects=w953201507", "id_url": "https://www.openstreetmap.org/edit?editor=id&way=953201507#map=20/-25.4580686/-49.2214942"}}, {"type": "Feature", "geometry": {"type": "Point", "coordinates": [-49.2218762, -25.4566752]}, "properties": {"id": 953201508, "feat_type": "way", "quality_categories": "missing_tags", "issue_ids": "[2]", "osm_url": "https://www.openstreetmap.org/way/953201508", "josm_url": "http://127.0.0.1:8111/load_object?new_layer=false&objects=w953201508", "id_url": "https://www.openstreetmap.org/edit?editor=id&way=953201508#map=20/-25.4566752/-49.2218762"}}, {"type": "Feature", "geometry": {"type": "Point", "coordinates": [-49.2210396, -25.4564153]}, "properties": {"id": 953201509, "feat_type": "way", "quality_categories": "missing_tags", "issue_ids": "[2]", "osm_url": "https://www.openstreetmap.org/way/953201509", "josm_url": "http://127.0.0.1:8111/load_object?new_layer=false&objects=w953201509", "id_url": "https://www.openstreetmap.org/edit?editor=id&way=953201509#map=20/-25.4564153/-49.2210396"}}, {"type": "Feature", "geometry": {"type": "Point", "coordinates": [-49.223798, -25.458797]}, "properties": {"id": 953201511, "feat_type": "way", "quality_categories": "missing_tags", "issue_ids": "[2]", "osm_url": "https://www.openstreetmap.org/way/953201511", "josm_url": "http://127.0.0.1:8111/load_object?new_layer=false&objects=w953201511", "id_url": "https://www.openstreetmap.org/edit?editor=id&way=953201511#map=20/-25.458797/-49.223798"}}, {"type": "Feature", "geometry": {"type": "Point", "coordinates": [-49.2242749, -25.45753]}, "properties": {"id": 953201512, "feat_type": "way", "quality_categories": "missing_tags", "issue_ids": "[2]", "osm_url": "https://www.openstreetmap.org/way/953201512", "josm_url": "http://127.0.0.1:8111/load_object?new_layer=false&objects=w953201512", "id_url": "https://www.openstreetmap.org/edit?editor=id&way=953201512#map=20/-25.45753/-49.2242749"}}, {"type": "Feature", "geometry": {"type": "Point", "coordinates": [-49.2244478, -25.457426]}, "properties": {"id": 953201513, "feat_type": "way", "quality_categories": "missing_tags", "issue_ids": "[2]", "osm_url": "https://www.openstreetmap.org/way/953201513", "josm_url": "http://127.0.0.1:8111/load_object?new_layer=false&objects=w953201513", "id_url": "https://www.openstreetmap.org/edit?editor=id&way=953201513#map=20/-25.457426/-49.2244478"}}, {"type": "Feature", "geometry": {"type": "Point", "coordinates": [-49.2282101, -25.469399]}, "properties": {"id": 953202346, "feat_type": "way", "quality_categories": "missing_tags", "issue_ids": "[2]", "osm_url": "https://www.openstreetmap.org/way/953202346", "josm_url": "http://127.0.0.1:8111/load_object?new_layer=false&objects=w953202346", "id_url": "https://www.openstreetmap.org/edit?editor=id&way=953202346#map=20/-25.469399/-49.2282101"}}, {"type": "Feature", "geometry": {"type": "Point", "coordinates": [-49.2282286, -25.4695165]}, "properties": {"id": 953202356, "feat_type": "way", "quality_categories": "missing_tags", "issue_ids": "[2]", "osm_url": "https://www.openstreetmap.org/way/953202356", "josm_url": "http://127.0.0.1:8111/load_object?new_layer=false&objects=w953202356", "id_url": "https://www.openstreetmap.org/edit?editor=id&way=953202356#map=20/-25.4695165/-49.2282286"}}, {"type": "Feature", "geometry": {"type": "Point", "coordinates": [-49.2289851, -25.4684775]}, "properties": {"id": 953202359, "feat_type": "way", "quality_categories": "crossings_lacking_kerbs, missing_tags, older_than_five_years", "issue_ids": "[29, 2, 5]", "osm_url": "https://www.openstreetmap.org/way/953202359", "josm_url": "http://127.0.0.1:8111/load_object?new_layer=false&objects=w953202359", "id_url": "https://www.openstreetmap.org/edit?editor=id&way=953202359#map=20/-25.4684775/-49.2289851"}}, {"type": "Feature", "geometry": {"type": "Point", "coordinates": [-49.2283163, -25.469396]}, "properties": {"id": 953202360, "feat_type": "way", "quality_categories": "missing_tags", "issue_ids": "[2]", "osm_url": "https://www.openstreetmap.org/way/953202360", "josm_url": "http://127.0.0.1:8111/load_object?new_layer=false&objects=w953202360", "id_url": "https://www.openstreetmap.org/edit?editor=id&way=953202360#map=20/-25.469396/-49.2283163"}}, {"type": "Feature", "geometry": {"type": "Point", "coordinates": [-49.2283548, -25.4694863]}, "properties": {"id": 953202361, "feat_type": "way", "quality_categories": "missing_tags", "issue_ids": "[2]", "osm_url": "https://www.openstreetmap.org/way/953202361", "josm_url": "http://127.0.0.1:8111/load_object?new_layer=false&objects=w953202361", "id_url": "https://www.openstreetmap.org/edit?editor=id&way=953202361#map=20/-25.4694863/-49.2283548"}}, {"type": "Feature", "geometry": {"type": "Point", "coordinates": [-49.2291945, -25.4699929]}, "properties": {"id": 953202363, "feat_type": "way", "quality_categories": "missing_tags, older_than_five_years", "issue_ids": "[29, 2]", "osm_url": "https://www.openstreetmap.org/way/953202363", "josm_url": "http://127.0.0.1:8111/load_object?new_layer=false&objects=w953202363", "id_url": "https://www.openstreetmap.org/edit?editor=id&way=953202363#map=20/-25.4699929/-49.2291945"}}, {"type": "Feature", "geometry": {"type": "Point", "coordinates": [-49.2289774, -25.4683746]}, "properties": {"id": 953202367, "feat_type": "way", "quality_categories": "crossings_lacking_kerbs, missing_tags", "issue_ids": "[2, 5]", "osm_url": "https://www.openstreetmap.org/way/953202367", "josm_url": "http://127.0.0.1:8111/load_object?new_layer=false&objects=w953202367", "id_url": "https://www.openstreetmap.org/edit?editor=id&way=953202367#map=20/-25.4683746/-49.2289774"}}, {"type": "Feature", "geometry": {"type": "Point", "coordinates": [-49.2291327, -25.4684678]}, "properties": {"id": 953202369, "feat_type": "way", "quality_categories": "crossings_lacking_kerbs, missing_tags", "issue_ids": "[2, 5]", "osm_url": "https://www.openstreetmap.org/way/953202369", "josm_url": "http://127.0.0.1:8111/load_object?new_layer=false&objects=w953202369", "id_url": "https://www.openstreetmap.org/edit?editor=id&way=953202369#map=20/-25.4684678/-49.2291327"}}, {"type": "Feature", "geometry": {"type": "Point", "coordinates": [-49.2290824, -25.468344]}, "properties": {"id": 953202370, "feat_type": "way", "quality_categories": "crossings_lacking_kerbs, missing_tags, older_than_five_years", "issue_ids": "[29, 2, 5]", "osm_url": "https://www.openstreetmap.org/way/953202370", "josm_url": "http://127.0.0.1:8111/load_object?new_layer=false&objects=w953202370", "id_url": "https://www.openstreetmap.org/edit?editor=id&way=953202370#map=20/-25.468344/-49.2290824"}}, {"type": "Feature", "geometry": {"type": "Point", "coordinates": [-49.2299033, -25.4689305]}, "properties": {"id": 953202371, "feat_type": "way", "quality_categories": "crossings_lacking_kerbs, missing_tags", "issue_ids": "[2, 5]", "osm_url": "https://www.openstreetmap.org/way/953202371", "josm_url": "http://127.0.0.1:8111/load_object?new_layer=false&objects=w953202371", "id_url": "https://www.openstreetmap.org/edit?editor=id&way=953202371#map=20/-25.4689305/-49.2299033"}}, {"type": "Feature", "geometry": {"type": "Point", "coordinates": [-49.2271904, -25.4686966]}, "properties": {"id": 953202372, "feat_type": "way", "quality_categories": "crossings_lacking_kerbs, missing_tags", "issue_ids": "[2, 5]", "osm_url": "https://www.openstreetmap.org/way/953202372", "josm_url": "http://127.0.0.1:8111/load_object?new_layer=false&objects=w953202372", "id_url": "https://www.openstreetmap.org/edit?editor=id&way=953202372#map=20/-25.4686966/-49.2271904"}}, {"type": "Feature", "geometry": {"type": "Point", "coordinates": [-49.229195, -25.4701445]}, "properties": {"id": 953202374, "feat_type": "way", "quality_categories": "missing_tags, older_than_five_years", "issue_ids": "[29, 2]", "osm_url": "https://www.openstreetmap.org/way/953202374", "josm_url": "http://127.0.0.1:8111/load_object?new_layer=false&objects=w953202374", "id_url": "https://www.openstreetmap.org/edit?editor=id&way=953202374#map=20/-25.4701445/-49.229195"}}, {"type": "Feature", "geometry": {"type": "Point", "coordinates": [-49.2293313, -25.4701107]}, "properties": {"id": 953202378, "feat_type": "way", "quality_categories": "missing_tags, older_than_five_years", "issue_ids": "[29, 2]", "osm_url": "https://www.openstreetmap.org/way/953202378", "josm_url": "http://127.0.0.1:8111/load_object?new_layer=false&objects=w953202378", "id_url": "https://www.openstreetmap.org/edit?editor=id&way=953202378#map=20/-25.4701107/-49.2293313"}}, {"type": "Feature", "geometry": {"type": "Point", "coordinates": [-49.2293145, -25.4699803]}, "properties": {"id": 953202379, "feat_type": "way", "quality_categories": "missing_tags, older_than_five_years", "issue_ids": "[29, 2]", "osm_url": "https://www.openstreetmap.org/way/953202379", "josm_url": "http://127.0.0.1:8111/load_object?new_layer=false&objects=w953202379", "id_url": "https://www.openstreetmap.org/edit?editor=id&way=953202379#map=20/-25.4699803/-49.2293145"}}, {"type": "Feature", "geometry": {"type": "Point", "coordinates": [-49.2307101, -25.468065]}, "properties": {"id": 953202380, "feat_type": "way", "quality_categories": "crossings_lacking_kerbs, missing_tags, older_than_five_years", "issue_ids": "[29, 2, 5]", "osm_url": "https://www.openstreetmap.org/way/953202380", "josm_url": "http://127.0.0.1:8111/load_object?new_layer=false&objects=w953202380", "id_url": "https://www.openstreetmap.org/edit?editor=id&way=953202380#map=20/-25.468065/-49.2307101"}}, {"type": "Feature", "geometry": {"type": "Point", "coordinates": [-49.2208759, -25.4631763]}, "properties": {"id": 954648478, "feat_type": "way", "quality_categories": "missing_tags", "issue_ids": "[2]", "osm_url": "https://www.openstreetmap.org/way/954648478", "josm_url": "http://127.0.0.1:8111/load_object?new_layer=false&objects=w954648478", "id_url": "https://www.openstreetmap.org/edit?editor=id&way=954648478#map=20/-25.4631763/-49.2208759"}}, {"type": "Feature", "geometry": {"type": "Point", "coordinates": [-49.2202154, -25.4632602]}, "properties": {"id": 954648479, "feat_type": "way", "quality_categories": "missing_tags", "issue_ids": "[2]", "osm_url": "https://www.openstreetmap.org/way/954648479", "josm_url": "http://127.0.0.1:8111/load_object?new_layer=false&objects=w954648479", "id_url": "https://www.openstreetmap.org/edit?editor=id&way=954648479#map=20/-25.4632602/-49.2202154"}}, {"type": "Feature", "geometry": {"type": "Point", "coordinates": [-49.2197041, -25.4645477]}, "properties": {"id": 954648480, "feat_type": "way", "quality_categories": "crossings_lacking_kerbs, missing_tags", "issue_ids": "[2, 5]", "osm_url": "https://www.openstreetmap.org/way/954648480", "josm_url": "http://127.0.0.1:8111/load_object?new_layer=false&objects=w954648480", "id_url": "https://www.openstreetmap.org/edit?editor=id&way=954648480#map=20/-25.4645477/-49.2197041"}}, {"type": "Feature", "geometry": {"type": "Point", "coordinates": [-49.2197708, -25.4646978]}, "properties": {"id": 954648481, "feat_type": "way", "quality_categories": "missing_tags", "issue_ids": "[2]", "osm_url": "https://www.openstreetmap.org/way/954648481", "josm_url": "http://127.0.0.1:8111/load_object?new_layer=false&objects=w954648481", "id_url": "https://www.openstreetmap.org/edit?editor=id&way=954648481#map=20/-25.4646978/-49.2197708"}}, {"type": "Feature", "geometry": {"type": "Point", "coordinates": [-49.2201162, -25.4648045]}, "properties": {"id": 954648482, "feat_type": "way", "quality_categories": "missing_tags", "issue_ids": "[2]", "osm_url": "https://www.openstreetmap.org/way/954648482", "josm_url": "http://127.0.0.1:8111/load_object?new_layer=false&objects=w954648482", "id_url": "https://www.openstreetmap.org/edit?editor=id&way=954648482#map=20/-25.4648045/-49.2201162"}}, {"type": "Feature", "geometry": {"type": "Point", "coordinates": [-49.2203106, -25.4646704]}, "properties": {"id": 954648483, "feat_type": "way", "quality_categories": "missing_tags", "issue_ids": "[2]", "osm_url": "https://www.openstreetmap.org/way/954648483", "josm_url": "http://127.0.0.1:8111/load_object?new_layer=false&objects=w954648483", "id_url": "https://www.openstreetmap.org/edit?editor=id&way=954648483#map=20/-25.4646704/-49.2203106"}}, {"type": "Feature", "geometry": {"type": "Point", "coordinates": [-49.2203878, -25.4648885]}, "properties": {"id": 954648484, "feat_type": "way", "quality_categories": "missing_tags", "issue_ids": "[2]", "osm_url": "https://www.openstreetmap.org/way/954648484", "josm_url": "http://127.0.0.1:8111/load_object?new_layer=false&objects=w954648484", "id_url": "https://www.openstreetmap.org/edit?editor=id&way=954648484#map=20/-25.4648885/-49.2203878"}}, {"type": "Feature", "geometry": {"type": "Point", "coordinates": [-49.2195789, -25.4646385]}, "properties": {"id": 954648485, "feat_type": "way", "quality_categories": "crossings_lacking_kerbs, missing_tags", "issue_ids": "[2, 5]", "osm_url": "https://www.openstreetmap.org/way/954648485", "josm_url": "http://127.0.0.1:8111/load_object?new_layer=false&objects=w954648485", "id_url": "https://www.openstreetmap.org/edit?editor=id&way=954648485#map=20/-25.4646385/-49.2195789"}}, {"type": "Feature", "geometry": {"type": "Point", "coordinates": [-49.2192313, -25.464531]}, "properties": {"id": 954648486, "feat_type": "way", "quality_categories": "crossings_lacking_kerbs, missing_tags", "issue_ids": "[2, 5]", "osm_url": "https://www.openstreetmap.org/way/954648486", "josm_url": "http://127.0.0.1:8111/load_object?new_layer=false&objects=w954648486", "id_url": "https://www.openstreetmap.org/edit?editor=id&way=954648486#map=20/-25.464531/-49.2192313"}}, {"type": "Feature", "geometry": {"type": "Point", "coordinates": [-49.2191951, -25.4643593]}, "properties": {"id": 954648487, "feat_type": "way", "quality_categories": "crossings_lacking_kerbs, missing_tags", "issue_ids": "[2, 5]", "osm_url": "https://www.openstreetmap.org/way/954648487", "josm_url": "http://127.0.0.1:8111/load_object?new_layer=false&objects=w954648487", "id_url": "https://www.openstreetmap.org/edit?editor=id&way=954648487#map=20/-25.4643593/-49.2191951"}}, {"type": "Feature", "geometry": {"type": "Point", "coordinates": [-49.2189818, -25.4644059]}, "properties": {"id": 954648488, "feat_type": "way", "quality_categories": "crossings_lacking_kerbs, missing_tags", "issue_ids": "[2, 5]", "osm_url": "https://www.openstreetmap.org/way/954648488", "josm_url": "http://127.0.0.1:8111/load_object?new_layer=false&objects=w954648488", "id_url": "https://www.openstreetmap.org/edit?editor=id&way=954648488#map=20/-25.4644059/-49.2189818"}}, {"type": "Feature", "geometry": {"type": "Point", "coordinates": [-49.2190205, -25.464614]}, "properties": {"id": 954648489, "feat_type": "way", "quality_categories": "crossings_lacking_kerbs, missing_tags", "issue_ids": "[2, 5]", "osm_url": "https://www.openstreetmap.org/way/954648489", "josm_url": "http://127.0.0.1:8111/load_object?new_layer=false&objects=w954648489", "id_url": "https://www.openstreetmap.org/edit?editor=id&way=954648489#map=20/-25.464614/-49.2190205"}}, {"type": "Feature", "geometry": {"type": "Point", "coordinates": [-49.2195913, -25.4631378]}, "properties": {"id": 954648490, "feat_type": "way", "quality_categories": "crossings_lacking_kerbs, missing_tags", "issue_ids": "[2, 5]", "osm_url": "https://www.openstreetmap.org/way/954648490", "josm_url": "http://127.0.0.1:8111/load_object?new_layer=false&objects=w954648490", "id_url": "https://www.openstreetmap.org/edit?editor=id&way=954648490#map=20/-25.4631378/-49.2195913"}}, {"type": "Feature", "geometry": {"type": "Point", "coordinates": [-49.2207819, -25.4634246]}, "properties": {"id": 954648491, "feat_type": "way", "quality_categories": "missing_tags", "issue_ids": "[2]", "osm_url": "https://www.openstreetmap.org/way/954648491", "josm_url": "http://127.0.0.1:8111/load_object?new_layer=false&objects=w954648491", "id_url": "https://www.openstreetmap.org/edit?editor=id&way=954648491#map=20/-25.4634246/-49.2207819"}}, {"type": "Feature", "geometry": {"type": "Point", "coordinates": [-49.2213315, -25.4635921]}, "properties": {"id": 954648492, "feat_type": "way", "quality_categories": "missing_tags", "issue_ids": "[2]", "osm_url": "https://www.openstreetmap.org/way/954648492", "josm_url": "http://127.0.0.1:8111/load_object?new_layer=false&objects=w954648492", "id_url": "https://www.openstreetmap.org/edit?editor=id&way=954648492#map=20/-25.4635921/-49.2213315"}}, {"type": "Feature", "geometry": {"type": "Point", "coordinates": [-49.2214605, -25.4634843]}, "properties": {"id": 954648493, "feat_type": "way", "quality_categories": "missing_tags", "issue_ids": "[2]", "osm_url": "https://www.openstreetmap.org/way/954648493", "josm_url": "http://127.0.0.1:8111/load_object?new_layer=false&objects=w954648493", "id_url": "https://www.openstreetmap.org/edit?editor=id&way=954648493#map=20/-25.4634843/-49.2214605"}}, {"type": "Feature", "geometry": {"type": "Point", "coordinates": [-49.22129, -25.4634319]}, "properties": {"id": 954648495, "feat_type": "way", "quality_categories": "missing_tags", "issue_ids": "[2]", "osm_url": "https://www.openstreetmap.org/way/954648495", "josm_url": "http://127.0.0.1:8111/load_object?new_layer=false&objects=w954648495", "id_url": "https://www.openstreetmap.org/edit?editor=id&way=954648495#map=20/-25.4634319/-49.22129"}}, {"type": "Feature", "geometry": {"type": "Point", "coordinates": [-49.2209199, -25.463318]}, "properties": {"id": 954648496, "feat_type": "way", "quality_categories": "missing_tags", "issue_ids": "[2]", "osm_url": "https://www.openstreetmap.org/way/954648496", "josm_url": "http://127.0.0.1:8111/load_object?new_layer=false&objects=w954648496", "id_url": "https://www.openstreetmap.org/edit?editor=id&way=954648496#map=20/-25.463318/-49.2209199"}}, {"type": "Feature", "geometry": {"type": "Point", "coordinates": [-49.2207179, -25.4632558]}, "properties": {"id": 954648497, "feat_type": "way", "quality_categories": "missing_tags", "issue_ids": "[2]", "osm_url": "https://www.openstreetmap.org/way/954648497", "josm_url": "http://127.0.0.1:8111/load_object?new_layer=false&objects=w954648497", "id_url": "https://www.openstreetmap.org/edit?editor=id&way=954648497#map=20/-25.4632558/-49.2207179"}}, {"type": "Feature", "geometry": {"type": "Point", "coordinates": [-49.2203605, -25.4631458]}, "properties": {"id": 954648498, "feat_type": "way", "quality_categories": "missing_tags", "issue_ids": "[2]", "osm_url": "https://www.openstreetmap.org/way/954648498", "josm_url": "http://127.0.0.1:8111/load_object?new_layer=false&objects=w954648498", "id_url": "https://www.openstreetmap.org/edit?editor=id&way=954648498#map=20/-25.4631458/-49.2203605"}}, {"type": "Feature", "geometry": {"type": "Point", "coordinates": [-49.220845, -25.4648991]}, "properties": {"id": 954648499, "feat_type": "way", "quality_categories": "missing_tags", "issue_ids": "[2]", "osm_url": "https://www.openstreetmap.org/way/954648499", "josm_url": "http://127.0.0.1:8111/load_object?new_layer=false&objects=w954648499", "id_url": "https://www.openstreetmap.org/edit?editor=id&way=954648499#map=20/-25.4648991/-49.220845"}}, {"type": "Feature", "geometry": {"type": "Point", "coordinates": [-49.2213379, -25.4653333]}, "properties": {"id": 954648501, "feat_type": "way", "quality_categories": "missing_tags", "issue_ids": "[2]", "osm_url": "https://www.openstreetmap.org/way/954648501", "josm_url": "http://127.0.0.1:8111/load_object?new_layer=false&objects=w954648501", "id_url": "https://www.openstreetmap.org/edit?editor=id&way=954648501#map=20/-25.4653333/-49.2213379"}}, {"type": "Feature", "geometry": {"type": "Point", "coordinates": [-49.2212298, -25.4651487]}, "properties": {"id": 954648502, "feat_type": "way", "quality_categories": "missing_tags", "issue_ids": "[2]", "osm_url": "https://www.openstreetmap.org/way/954648502", "josm_url": "http://127.0.0.1:8111/load_object?new_layer=false&objects=w954648502", "id_url": "https://www.openstreetmap.org/edit?editor=id&way=954648502#map=20/-25.4651487/-49.2212298"}}, {"type": "Feature", "geometry": {"type": "Point", "coordinates": [-49.2209028, -25.4650476]}, "properties": {"id": 954648503, "feat_type": "way", "quality_categories": "missing_tags", "issue_ids": "[2]", "osm_url": "https://www.openstreetmap.org/way/954648503", "josm_url": "http://127.0.0.1:8111/load_object?new_layer=false&objects=w954648503", "id_url": "https://www.openstreetmap.org/edit?editor=id&way=954648503#map=20/-25.4650476/-49.2209028"}}, {"type": "Feature", "geometry": {"type": "Point", "coordinates": [-49.2201973, -25.4649697]}, "properties": {"id": 954648505, "feat_type": "way", "quality_categories": "missing_tags", "issue_ids": "[2]", "osm_url": "https://www.openstreetmap.org/way/954648505", "josm_url": "http://127.0.0.1:8111/load_object?new_layer=false&objects=w954648505", "id_url": "https://www.openstreetmap.org/edit?editor=id&way=954648505#map=20/-25.4649697/-49.2201973"}}, {"type": "Feature", "geometry": {"type": "Point", "coordinates": [-49.2196504, -25.4647707]}, "properties": {"id": 954648506, "feat_type": "way", "quality_categories": "crossings_lacking_kerbs, missing_tags", "issue_ids": "[2, 5]", "osm_url": "https://www.openstreetmap.org/way/954648506", "josm_url": "http://127.0.0.1:8111/load_object?new_layer=false&objects=w954648506", "id_url": "https://www.openstreetmap.org/edit?editor=id&way=954648506#map=20/-25.4647707/-49.2196504"}}, {"type": "Feature", "geometry": {"type": "Point", "coordinates": [-49.2199944, -25.4655061]}, "properties": {"id": 954648507, "feat_type": "way", "quality_categories": "missing_tags", "issue_ids": "[2]", "osm_url": "https://www.openstreetmap.org/way/954648507", "josm_url": "http://127.0.0.1:8111/load_object?new_layer=false&objects=w954648507", "id_url": "https://www.openstreetmap.org/edit?editor=id&way=954648507#map=20/-25.4655061/-49.2199944"}}, {"type": "Feature", "geometry": {"type": "Point", "coordinates": [-49.2201827, -25.4630915]}, "properties": {"id": 954648508, "feat_type": "way", "quality_categories": "missing_tags", "issue_ids": "[2]", "osm_url": "https://www.openstreetmap.org/way/954648508", "josm_url": "http://127.0.0.1:8111/load_object?new_layer=false&objects=w954648508", "id_url": "https://www.openstreetmap.org/edit?editor=id&way=954648508#map=20/-25.4630915/-49.2201827"}}, {"type": "Feature", "geometry": {"type": "Point", "coordinates": [-49.2191881, -25.4662208]}, "properties": {"id": 954754633, "feat_type": "way", "quality_categories": "crossings_lacking_kerbs, missing_tags", "issue_ids": "[2, 5]", "osm_url": "https://www.openstreetmap.org/way/954754633", "josm_url": "http://127.0.0.1:8111/load_object?new_layer=false&objects=w954754633", "id_url": "https://www.openstreetmap.org/edit?editor=id&way=954754633#map=20/-25.4662208/-49.2191881"}}, {"type": "Feature", "geometry": {"type": "Point", "coordinates": [-49.2196322, -25.466467]}, "properties": {"id": 954754640, "feat_type": "way", "quality_categories": "missing_tags", "issue_ids": "[2]", "osm_url": "https://www.openstreetmap.org/way/954754640", "josm_url": "http://127.0.0.1:8111/load_object?new_layer=false&objects=w954754640", "id_url": "https://www.openstreetmap.org/edit?editor=id&way=954754640#map=20/-25.466467/-49.2196322"}}, {"type": "Feature", "geometry": {"type": "Point", "coordinates": [-49.2197078, -25.4662636]}, "properties": {"id": 954754645, "feat_type": "way", "quality_categories": "crossings_lacking_kerbs, missing_tags", "issue_ids": "[2, 5]", "osm_url": "https://www.openstreetmap.org/way/954754645", "josm_url": "http://127.0.0.1:8111/load_object?new_layer=false&objects=w954754645", "id_url": "https://www.openstreetmap.org/edit?editor=id&way=954754645#map=20/-25.4662636/-49.2197078"}}, {"type": "Feature", "geometry": {"type": "Point", "coordinates": [-49.2199173, -25.4657097]}, "properties": {"id": 954754657, "feat_type": "way", "quality_categories": "missing_tags", "issue_ids": "[2]", "osm_url": "https://www.openstreetmap.org/way/954754657", "josm_url": "http://127.0.0.1:8111/load_object?new_layer=false&objects=w954754657", "id_url": "https://www.openstreetmap.org/edit?editor=id&way=954754657#map=20/-25.4657097/-49.2199173"}}, {"type": "Feature", "geometry": {"type": "Point", "coordinates": [-49.2243774, -25.4680448]}, "properties": {"id": 955077698, "feat_type": "way", "quality_categories": "crossings_lacking_kerbs, missing_tags, older_than_five_years", "issue_ids": "[30, 2, 5]", "osm_url": "https://www.openstreetmap.org/way/955077698", "josm_url": "http://127.0.0.1:8111/load_object?new_layer=false&objects=w955077698", "id_url": "https://www.openstreetmap.org/edit?editor=id&way=955077698#map=20/-25.4680448/-49.2243774"}}, {"type": "Feature", "geometry": {"type": "Point", "coordinates": [-49.2266014, -25.4679048]}, "properties": {"id": 955077699, "feat_type": "way", "quality_categories": "crossings_lacking_kerbs, missing_tags", "issue_ids": "[2, 5]", "osm_url": "https://www.openstreetmap.org/way/955077699", "josm_url": "http://127.0.0.1:8111/load_object?new_layer=false&objects=w955077699", "id_url": "https://www.openstreetmap.org/edit?editor=id&way=955077699#map=20/-25.4679048/-49.2266014"}}, {"type": "Feature", "geometry": {"type": "Point", "coordinates": [-49.2264371, -25.4678867]}, "properties": {"id": 955077701, "feat_type": "way", "quality_categories": "crossings_lacking_kerbs, missing_tags, older_than_five_years", "issue_ids": "[30, 2, 5]", "osm_url": "https://www.openstreetmap.org/way/955077701", "josm_url": "http://127.0.0.1:8111/load_object?new_layer=false&objects=w955077701", "id_url": "https://www.openstreetmap.org/edit?editor=id&way=955077701#map=20/-25.4678867/-49.2264371"}}, {"type": "Feature", "geometry": {"type": "Point", "coordinates": [-49.2236169, -25.4678626]}, "properties": {"id": 955086493, "feat_type": "way", "quality_categories": "crossings_lacking_kerbs, missing_tags, older_than_five_years", "issue_ids": "[30, 2, 5]", "osm_url": "https://www.openstreetmap.org/way/955086493", "josm_url": "http://127.0.0.1:8111/load_object?new_layer=false&objects=w955086493", "id_url": "https://www.openstreetmap.org/edit?editor=id&way=955086493#map=20/-25.4678626/-49.2236169"}}, {"type": "Feature", "geometry": {"type": "Point", "coordinates": [-49.2235122, -25.4679308]}, "properties": {"id": 955086494, "feat_type": "way", "quality_categories": "crossings_lacking_kerbs, missing_tags, older_than_five_years", "issue_ids": "[30, 2, 5]", "osm_url": "https://www.openstreetmap.org/way/955086494", "josm_url": "http://127.0.0.1:8111/load_object?new_layer=false&objects=w955086494", "id_url": "https://www.openstreetmap.org/edit?editor=id&way=955086494#map=20/-25.4679308/-49.2235122"}}, {"type": "Feature", "geometry": {"type": "Point", "coordinates": [-49.2235555, -25.4677745]}, "properties": {"id": 955086495, "feat_type": "way", "quality_categories": "crossings_lacking_kerbs, missing_tags, older_than_five_years", "issue_ids": "[30, 2, 5]", "osm_url": "https://www.openstreetmap.org/way/955086495", "josm_url": "http://127.0.0.1:8111/load_object?new_layer=false&objects=w955086495", "id_url": "https://www.openstreetmap.org/edit?editor=id&way=955086495#map=20/-25.4677745/-49.2235555"}}, {"type": "Feature", "geometry": {"type": "Point", "coordinates": [-49.2239853, -25.4665025]}, "properties": {"id": 955086496, "feat_type": "way", "quality_categories": "missing_tags, older_than_five_years", "issue_ids": "[30, 2]", "osm_url": "https://www.openstreetmap.org/way/955086496", "josm_url": "http://127.0.0.1:8111/load_object?new_layer=false&objects=w955086496", "id_url": "https://www.openstreetmap.org/edit?editor=id&way=955086496#map=20/-25.4665025/-49.2239853"}}, {"type": "Feature", "geometry": {"type": "Point", "coordinates": [-49.2238842, -25.4665861]}, "properties": {"id": 955086497, "feat_type": "way", "quality_categories": "missing_tags, older_than_five_years", "issue_ids": "[31, 2]", "osm_url": "https://www.openstreetmap.org/way/955086497", "josm_url": "http://127.0.0.1:8111/load_object?new_layer=false&objects=w955086497", "id_url": "https://www.openstreetmap.org/edit?editor=id&way=955086497#map=20/-25.4665861/-49.2238842"}}, {"type": "Feature", "geometry": {"type": "Point", "coordinates": [-49.2239297, -25.4664215]}, "properties": {"id": 955086498, "feat_type": "way", "quality_categories": "missing_tags, older_than_five_years", "issue_ids": "[30, 2]", "osm_url": "https://www.openstreetmap.org/way/955086498", "josm_url": "http://127.0.0.1:8111/load_object?new_layer=false&objects=w955086498", "id_url": "https://www.openstreetmap.org/edit?editor=id&way=955086498#map=20/-25.4664215/-49.2239297"}}, {"type": "Feature", "geometry": {"type": "Point", "coordinates": [-49.2237923, -25.4664579]}, "properties": {"id": 955086499, "feat_type": "way", "quality_categories": "missing_tags, older_than_five_years", "issue_ids": "[30, 2]", "osm_url": "https://www.openstreetmap.org/way/955086499", "josm_url": "http://127.0.0.1:8111/load_object?new_layer=false&objects=w955086499", "id_url": "https://www.openstreetmap.org/edit?editor=id&way=955086499#map=20/-25.4664579/-49.2237923"}}, {"type": "Feature", "geometry": {"type": "Point", "coordinates": [-49.2231103, -25.4662424]}, "properties": {"id": 955086500, "feat_type": "way", "quality_categories": "crossings_lacking_kerbs, missing_tags", "issue_ids": "[2, 5]", "osm_url": "https://www.openstreetmap.org/way/955086500", "josm_url": "http://127.0.0.1:8111/load_object?new_layer=false&objects=w955086500", "id_url": "https://www.openstreetmap.org/edit?editor=id&way=955086500#map=20/-25.4662424/-49.2231103"}}, {"type": "Feature", "geometry": {"type": "Point", "coordinates": [-49.2231569, -25.466311]}, "properties": {"id": 955086501, "feat_type": "way", "quality_categories": "crossings_lacking_kerbs, missing_tags", "issue_ids": "[2, 5]", "osm_url": "https://www.openstreetmap.org/way/955086501", "josm_url": "http://127.0.0.1:8111/load_object?new_layer=false&objects=w955086501", "id_url": "https://www.openstreetmap.org/edit?editor=id&way=955086501#map=20/-25.466311/-49.2231569"}}, {"type": "Feature", "geometry": {"type": "Point", "coordinates": [-49.2230744, -25.4663757]}, "properties": {"id": 955086502, "feat_type": "way", "quality_categories": "crossings_lacking_kerbs, missing_tags", "issue_ids": "[2, 5]", "osm_url": "https://www.openstreetmap.org/way/955086502", "josm_url": "http://127.0.0.1:8111/load_object?new_layer=false&objects=w955086502", "id_url": "https://www.openstreetmap.org/edit?editor=id&way=955086502#map=20/-25.4663757/-49.2230744"}}, {"type": "Feature", "geometry": {"type": "Point", "coordinates": [-49.2230091, -25.4662768]}, "properties": {"id": 955086503, "feat_type": "way", "quality_categories": "crossings_lacking_kerbs, missing_tags", "issue_ids": "[2, 5]", "osm_url": "https://www.openstreetmap.org/way/955086503", "josm_url": "http://127.0.0.1:8111/load_object?new_layer=false&objects=w955086503", "id_url": "https://www.openstreetmap.org/edit?editor=id&way=955086503#map=20/-25.4662768/-49.2230091"}}, {"type": "Feature", "geometry": {"type": "Point", "coordinates": [-49.2276967, -25.4553607]}, "properties": {"id": 955378835, "feat_type": "way", "quality_categories": "crossings_lacking_kerbs, missing_tags", "issue_ids": "[2, 5]", "osm_url": "https://www.openstreetmap.org/way/955378835", "josm_url": "http://127.0.0.1:8111/load_object?new_layer=false&objects=w955378835", "id_url": "https://www.openstreetmap.org/edit?editor=id&way=955378835#map=20/-25.4553607/-49.2276967"}}, {"type": "Feature", "geometry": {"type": "Point", "coordinates": [-49.2274519, -25.4548542]}, "properties": {"id": 955378837, "feat_type": "way", "quality_categories": "crossings_lacking_kerbs, missing_tags", "issue_ids": "[2, 5]", "osm_url": "https://www.openstreetmap.org/way/955378837", "josm_url": "http://127.0.0.1:8111/load_object?new_layer=false&objects=w955378837", "id_url": "https://www.openstreetmap.org/edit?editor=id&way=955378837#map=20/-25.4548542/-49.2274519"}}, {"type": "Feature", "geometry": {"type": "Point", "coordinates": [-49.2273865, -25.453466]}, "properties": {"id": 955412303, "feat_type": "way", "quality_categories": "crossings_lacking_kerbs, missing_tags", "issue_ids": "[2, 5]", "osm_url": "https://www.openstreetmap.org/way/955412303", "josm_url": "http://127.0.0.1:8111/load_object?new_layer=false&objects=w955412303", "id_url": "https://www.openstreetmap.org/edit?editor=id&way=955412303#map=20/-25.453466/-49.2273865"}}, {"type": "Feature", "geometry": {"type": "Point", "coordinates": [-49.2287112, -25.4554629]}, "properties": {"id": 955412305, "feat_type": "way", "quality_categories": "crossings_lacking_kerbs, missing_tags", "issue_ids": "[2, 5]", "osm_url": "https://www.openstreetmap.org/way/955412305", "josm_url": "http://127.0.0.1:8111/load_object?new_layer=false&objects=w955412305", "id_url": "https://www.openstreetmap.org/edit?editor=id&way=955412305#map=20/-25.4554629/-49.2287112"}}, {"type": "Feature", "geometry": {"type": "Point", "coordinates": [-49.2291269, -25.460906]}, "properties": {"id": 955439533, "feat_type": "way", "quality_categories": "missing_tags", "issue_ids": "[2]", "osm_url": "https://www.openstreetmap.org/way/955439533", "josm_url": "http://127.0.0.1:8111/load_object?new_layer=false&objects=w955439533", "id_url": "https://www.openstreetmap.org/edit?editor=id&way=955439533#map=20/-25.460906/-49.2291269"}}, {"type": "Feature", "geometry": {"type": "Point", "coordinates": [-49.2289786, -25.4608162]}, "properties": {"id": 955439534, "feat_type": "way", "quality_categories": "crossings_lacking_kerbs, missing_tags", "issue_ids": "[2, 5]", "osm_url": "https://www.openstreetmap.org/way/955439534", "josm_url": "http://127.0.0.1:8111/load_object?new_layer=false&objects=w955439534", "id_url": "https://www.openstreetmap.org/edit?editor=id&way=955439534#map=20/-25.4608162/-49.2289786"}}, {"type": "Feature", "geometry": {"type": "Point", "coordinates": [-49.2283188, -25.4618521]}, "properties": {"id": 955439538, "feat_type": "way", "quality_categories": "crossings_lacking_kerbs, missing_tags", "issue_ids": "[2, 5]", "osm_url": "https://www.openstreetmap.org/way/955439538", "josm_url": "http://127.0.0.1:8111/load_object?new_layer=false&objects=w955439538", "id_url": "https://www.openstreetmap.org/edit?editor=id&way=955439538#map=20/-25.4618521/-49.2283188"}}, {"type": "Feature", "geometry": {"type": "Point", "coordinates": [-49.2340618, -25.4573262]}, "properties": {"id": 955446101, "feat_type": "way", "quality_categories": "crossings_lacking_kerbs, missing_tags", "issue_ids": "[2, 5]", "osm_url": "https://www.openstreetmap.org/way/955446101", "josm_url": "http://127.0.0.1:8111/load_object?new_layer=false&objects=w955446101", "id_url": "https://www.openstreetmap.org/edit?editor=id&way=955446101#map=20/-25.4573262/-49.2340618"}}, {"type": "Feature", "geometry": {"type": "Point", "coordinates": [-49.2339633, -25.4574888]}, "properties": {"id": 955446102, "feat_type": "way", "quality_categories": "crossings_lacking_kerbs, missing_tags", "issue_ids": "[2, 5]", "osm_url": "https://www.openstreetmap.org/way/955446102", "josm_url": "http://127.0.0.1:8111/load_object?new_layer=false&objects=w955446102", "id_url": "https://www.openstreetmap.org/edit?editor=id&way=955446102#map=20/-25.4574888/-49.2339633"}}, {"type": "Feature", "geometry": {"type": "Point", "coordinates": [-49.2333692, -25.4577191]}, "properties": {"id": 955446103, "feat_type": "way", "quality_categories": "crossings_lacking_kerbs, missing_tags", "issue_ids": "[2, 5]", "osm_url": "https://www.openstreetmap.org/way/955446103", "josm_url": "http://127.0.0.1:8111/load_object?new_layer=false&objects=w955446103", "id_url": "https://www.openstreetmap.org/edit?editor=id&way=955446103#map=20/-25.4577191/-49.2333692"}}, {"type": "Feature", "geometry": {"type": "Point", "coordinates": [-49.233194, -25.4576197]}, "properties": {"id": 955446104, "feat_type": "way", "quality_categories": "missing_tags", "issue_ids": "[2]", "osm_url": "https://www.openstreetmap.org/way/955446104", "josm_url": "http://127.0.0.1:8111/load_object?new_layer=false&objects=w955446104", "id_url": "https://www.openstreetmap.org/edit?editor=id&way=955446104#map=20/-25.4576197/-49.233194"}}, {"type": "Feature", "geometry": {"type": "Point", "coordinates": [-49.23278, -25.456709]}, "properties": {"id": 955446105, "feat_type": "way", "quality_categories": "crossings_lacking_kerbs, missing_tags", "issue_ids": "[2, 5]", "osm_url": "https://www.openstreetmap.org/way/955446105", "josm_url": "http://127.0.0.1:8111/load_object?new_layer=false&objects=w955446105", "id_url": "https://www.openstreetmap.org/edit?editor=id&way=955446105#map=20/-25.456709/-49.23278"}}, {"type": "Feature", "geometry": {"type": "Point", "coordinates": [-49.2328391, -25.4565343]}, "properties": {"id": 955446106, "feat_type": "way", "quality_categories": "crossings_lacking_kerbs, missing_tags", "issue_ids": "[2, 5]", "osm_url": "https://www.openstreetmap.org/way/955446106", "josm_url": "http://127.0.0.1:8111/load_object?new_layer=false&objects=w955446106", "id_url": "https://www.openstreetmap.org/edit?editor=id&way=955446106#map=20/-25.4565343/-49.2328391"}}, {"type": "Feature", "geometry": {"type": "Point", "coordinates": [-49.2334081, -25.4563199]}, "properties": {"id": 955446107, "feat_type": "way", "quality_categories": "crossings_lacking_kerbs, missing_tags", "issue_ids": "[2, 5]", "osm_url": "https://www.openstreetmap.org/way/955446107", "josm_url": "http://127.0.0.1:8111/load_object?new_layer=false&objects=w955446107", "id_url": "https://www.openstreetmap.org/edit?editor=id&way=955446107#map=20/-25.4563199/-49.2334081"}}, {"type": "Feature", "geometry": {"type": "Point", "coordinates": [-49.2336263, -25.4563665]}, "properties": {"id": 955446108, "feat_type": "way", "quality_categories": "crossings_lacking_kerbs, missing_tags", "issue_ids": "[2, 5]", "osm_url": "https://www.openstreetmap.org/way/955446108", "josm_url": "http://127.0.0.1:8111/load_object?new_layer=false&objects=w955446108", "id_url": "https://www.openstreetmap.org/edit?editor=id&way=955446108#map=20/-25.4563665/-49.2336263"}}, {"type": "Feature", "geometry": {"type": "Point", "coordinates": [-49.2345465, -25.4572474]}, "properties": {"id": 955446110, "feat_type": "way", "quality_categories": "crossings_lacking_kerbs, missing_tags", "issue_ids": "[2, 5]", "osm_url": "https://www.openstreetmap.org/way/955446110", "josm_url": "http://127.0.0.1:8111/load_object?new_layer=false&objects=w955446110", "id_url": "https://www.openstreetmap.org/edit?editor=id&way=955446110#map=20/-25.4572474/-49.2345465"}}, {"type": "Feature", "geometry": {"type": "Point", "coordinates": [-49.2344846, -25.4560516]}, "properties": {"id": 955446112, "feat_type": "way", "quality_categories": "crossings_lacking_kerbs, missing_tags", "issue_ids": "[2, 5]", "osm_url": "https://www.openstreetmap.org/way/955446112", "josm_url": "http://127.0.0.1:8111/load_object?new_layer=false&objects=w955446112", "id_url": "https://www.openstreetmap.org/edit?editor=id&way=955446112#map=20/-25.4560516/-49.2344846"}}, {"type": "Feature", "geometry": {"type": "Point", "coordinates": [-49.2342719, -25.4559944]}, "properties": {"id": 955446113, "feat_type": "way", "quality_categories": "crossings_lacking_kerbs, missing_tags, older_than_five_years", "issue_ids": "[32, 2, 5]", "osm_url": "https://www.openstreetmap.org/way/955446113", "josm_url": "http://127.0.0.1:8111/load_object?new_layer=false&objects=w955446113", "id_url": "https://www.openstreetmap.org/edit?editor=id&way=955446113#map=20/-25.4559944/-49.2342719"}}, {"type": "Feature", "geometry": {"type": "Point", "coordinates": [-49.2336797, -25.4562176]}, "properties": {"id": 955446114, "feat_type": "way", "quality_categories": "crossings_lacking_kerbs, missing_tags, older_than_five_years", "issue_ids": "[32, 2, 5]", "osm_url": "https://www.openstreetmap.org/way/955446114", "josm_url": "http://127.0.0.1:8111/load_object?new_layer=false&objects=w955446114", "id_url": "https://www.openstreetmap.org/edit?editor=id&way=955446114#map=20/-25.4562176/-49.2336797"}}, {"type": "Feature", "geometry": {"type": "Point", "coordinates": [-49.2343668, -25.4557956]}, "properties": {"id": 955446116, "feat_type": "way", "quality_categories": "crossings_lacking_kerbs, missing_tags", "issue_ids": "[2, 5]", "osm_url": "https://www.openstreetmap.org/way/955446116", "josm_url": "http://127.0.0.1:8111/load_object?new_layer=false&objects=w955446116", "id_url": "https://www.openstreetmap.org/edit?editor=id&way=955446116#map=20/-25.4557956/-49.2343668"}}, {"type": "Feature", "geometry": {"type": "Point", "coordinates": [-49.2335115, -25.4561136]}, "properties": {"id": 955446117, "feat_type": "way", "quality_categories": "crossings_lacking_kerbs, missing_tags", "issue_ids": "[2, 5]", "osm_url": "https://www.openstreetmap.org/way/955446117", "josm_url": "http://127.0.0.1:8111/load_object?new_layer=false&objects=w955446117", "id_url": "https://www.openstreetmap.org/edit?editor=id&way=955446117#map=20/-25.4561136/-49.2335115"}}, {"type": "Feature", "geometry": {"type": "Point", "coordinates": [-49.232672, -25.4564715]}, "properties": {"id": 955446119, "feat_type": "way", "quality_categories": "crossings_lacking_kerbs, missing_tags", "issue_ids": "[2, 5]", "osm_url": "https://www.openstreetmap.org/way/955446119", "josm_url": "http://127.0.0.1:8111/load_object?new_layer=false&objects=w955446119", "id_url": "https://www.openstreetmap.org/edit?editor=id&way=955446119#map=20/-25.4564715/-49.232672"}}, {"type": "Feature", "geometry": {"type": "Point", "coordinates": [-49.2266148, -25.4632242]}, "properties": {"id": 955847249, "feat_type": "way", "quality_categories": "missing_tags", "issue_ids": "[2]", "osm_url": "https://www.openstreetmap.org/way/955847249", "josm_url": "http://127.0.0.1:8111/load_object?new_layer=false&objects=w955847249", "id_url": "https://www.openstreetmap.org/edit?editor=id&way=955847249#map=20/-25.4632242/-49.2266148"}}, {"type": "Feature", "geometry": {"type": "Point", "coordinates": [-49.2266736, -25.4633185]}, "properties": {"id": 955847250, "feat_type": "way", "quality_categories": "missing_tags, older_than_five_years", "issue_ids": "[33, 2]", "osm_url": "https://www.openstreetmap.org/way/955847250", "josm_url": "http://127.0.0.1:8111/load_object?new_layer=false&objects=w955847250", "id_url": "https://www.openstreetmap.org/edit?editor=id&way=955847250#map=20/-25.4633185/-49.2266736"}}, {"type": "Feature", "geometry": {"type": "Point", "coordinates": [-49.2265367, -25.4632873]}, "properties": {"id": 955847251, "feat_type": "way", "quality_categories": "missing_tags, older_than_five_years", "issue_ids": "[33, 2]", "osm_url": "https://www.openstreetmap.org/way/955847251", "josm_url": "http://127.0.0.1:8111/load_object?new_layer=false&objects=w955847251", "id_url": "https://www.openstreetmap.org/edit?editor=id&way=955847251#map=20/-25.4632873/-49.2265367"}}, {"type": "Feature", "geometry": {"type": "Point", "coordinates": [-49.225622, -25.4632073]}, "properties": {"id": 955847252, "feat_type": "way", "quality_categories": "missing_tags", "issue_ids": "[2]", "osm_url": "https://www.openstreetmap.org/way/955847252", "josm_url": "http://127.0.0.1:8111/load_object?new_layer=false&objects=w955847252", "id_url": "https://www.openstreetmap.org/edit?editor=id&way=955847252#map=20/-25.4632073/-49.225622"}}, {"type": "Feature", "geometry": {"type": "Point", "coordinates": [-49.225775, -25.4630208]}, "properties": {"id": 955847253, "feat_type": "way", "quality_categories": "missing_tags", "issue_ids": "[2]", "osm_url": "https://www.openstreetmap.org/way/955847253", "josm_url": "http://127.0.0.1:8111/load_object?new_layer=false&objects=w955847253", "id_url": "https://www.openstreetmap.org/edit?editor=id&way=955847253#map=20/-25.4630208/-49.225775"}}, {"type": "Feature", "geometry": {"type": "Point", "coordinates": [-49.2258448, -25.463129]}, "properties": {"id": 955847254, "feat_type": "way", "quality_categories": "missing_tags", "issue_ids": "[2]", "osm_url": "https://www.openstreetmap.org/way/955847254", "josm_url": "http://127.0.0.1:8111/load_object?new_layer=false&objects=w955847254", "id_url": "https://www.openstreetmap.org/edit?editor=id&way=955847254#map=20/-25.463129/-49.2258448"}}, {"type": "Feature", "geometry": {"type": "Point", "coordinates": [-49.2249603, -25.463055]}, "properties": {"id": 955847255, "feat_type": "way", "quality_categories": "crossings_lacking_kerbs, missing_tags", "issue_ids": "[2, 5]", "osm_url": "https://www.openstreetmap.org/way/955847255", "josm_url": "http://127.0.0.1:8111/load_object?new_layer=false&objects=w955847255", "id_url": "https://www.openstreetmap.org/edit?editor=id&way=955847255#map=20/-25.463055/-49.2249603"}}, {"type": "Feature", "geometry": {"type": "Point", "coordinates": [-49.2274618, -25.4633936]}, "properties": {"id": 955847257, "feat_type": "way", "quality_categories": "missing_tags, older_than_five_years", "issue_ids": "[33, 2]", "osm_url": "https://www.openstreetmap.org/way/955847257", "josm_url": "http://127.0.0.1:8111/load_object?new_layer=false&objects=w955847257", "id_url": "https://www.openstreetmap.org/edit?editor=id&way=955847257#map=20/-25.4633936/-49.2274618"}}, {"type": "Feature", "geometry": {"type": "Point", "coordinates": [-49.2270623, -25.4616032]}, "properties": {"id": 955847258, "feat_type": "way", "quality_categories": "missing_tags, older_than_five_years", "issue_ids": "[33, 2]", "osm_url": "https://www.openstreetmap.org/way/955847258", "josm_url": "http://127.0.0.1:8111/load_object?new_layer=false&objects=w955847258", "id_url": "https://www.openstreetmap.org/edit?editor=id&way=955847258#map=20/-25.4616032/-49.2270623"}}, {"type": "Feature", "geometry": {"type": "Point", "coordinates": [-49.2279004, -25.4617731]}, "properties": {"id": 955847259, "feat_type": "way", "quality_categories": "crossings_lacking_kerbs, missing_tags", "issue_ids": "[2, 5]", "osm_url": "https://www.openstreetmap.org/way/955847259", "josm_url": "http://127.0.0.1:8111/load_object?new_layer=false&objects=w955847259", "id_url": "https://www.openstreetmap.org/edit?editor=id&way=955847259#map=20/-25.4617731/-49.2279004"}}, {"type": "Feature", "geometry": {"type": "Point", "coordinates": [-49.2240825, -25.4580412]}, "properties": {"id": 957379048, "feat_type": "way", "quality_categories": "missing_tags", "issue_ids": "[2]", "osm_url": "https://www.openstreetmap.org/way/957379048", "josm_url": "http://127.0.0.1:8111/load_object?new_layer=false&objects=w957379048", "id_url": "https://www.openstreetmap.org/edit?editor=id&way=957379048#map=20/-25.4580412/-49.2240825"}}, {"type": "Feature", "geometry": {"type": "Point", "coordinates": [-49.2240052, -25.4582465]}, "properties": {"id": 957379049, "feat_type": "way", "quality_categories": "missing_tags", "issue_ids": "[2]", "osm_url": "https://www.openstreetmap.org/way/957379049", "josm_url": "http://127.0.0.1:8111/load_object?new_layer=false&objects=w957379049", "id_url": "https://www.openstreetmap.org/edit?editor=id&way=957379049#map=20/-25.4582465/-49.2240052"}}, {"type": "Feature", "geometry": {"type": "Point", "coordinates": [-49.2258218, -25.4527932]}, "properties": {"id": 957702517, "feat_type": "way", "quality_categories": "crossings_lacking_kerbs, missing_tags, replaceable_values", "issue_ids": "[4, 2, 5]", "osm_url": "https://www.openstreetmap.org/way/957702517", "josm_url": "http://127.0.0.1:8111/load_object?new_layer=false&objects=w957702517", "id_url": "https://www.openstreetmap.org/edit?editor=id&way=957702517#map=20/-25.4527932/-49.2258218"}}, {"type": "Feature", "geometry": {"type": "Point", "coordinates": [-49.2258645, -25.4526912]}, "properties": {"id": 957702519, "feat_type": "way", "quality_categories": "crossings_lacking_kerbs, missing_tags, replaceable_values", "issue_ids": "[4, 2, 5]", "osm_url": "https://www.openstreetmap.org/way/957702519", "josm_url": "http://127.0.0.1:8111/load_object?new_layer=false&objects=w957702519", "id_url": "https://www.openstreetmap.org/edit?editor=id&way=957702519#map=20/-25.4526912/-49.2258645"}}, {"type": "Feature", "geometry": {"type": "Point", "coordinates": [-49.2250207, -25.4524767]}, "properties": {"id": 957702520, "feat_type": "way", "quality_categories": "crossings_lacking_kerbs, missing_tags", "issue_ids": "[2, 5]", "osm_url": "https://www.openstreetmap.org/way/957702520", "josm_url": "http://127.0.0.1:8111/load_object?new_layer=false&objects=w957702520", "id_url": "https://www.openstreetmap.org/edit?editor=id&way=957702520#map=20/-25.4524767/-49.2250207"}}, {"type": "Feature", "geometry": {"type": "Point", "coordinates": [-49.2257118, -25.4516983]}, "properties": {"id": 957702522, "feat_type": "way", "quality_categories": "crossings_lacking_kerbs, missing_tags", "issue_ids": "[2, 5]", "osm_url": "https://www.openstreetmap.org/way/957702522", "josm_url": "http://127.0.0.1:8111/load_object?new_layer=false&objects=w957702522", "id_url": "https://www.openstreetmap.org/edit?editor=id&way=957702522#map=20/-25.4516983/-49.2257118"}}, {"type": "Feature", "geometry": {"type": "Point", "coordinates": [-49.2262728, -25.4521129]}, "properties": {"id": 957702523, "feat_type": "way", "quality_categories": "disjointed_geometries, missing_tags", "issue_ids": "[2, 3]", "osm_url": "https://www.openstreetmap.org/way/957702523", "josm_url": "http://127.0.0.1:8111/load_object?new_layer=false&objects=w957702523", "id_url": "https://www.openstreetmap.org/edit?editor=id&way=957702523#map=20/-25.4521129/-49.2262728"}}, {"type": "Feature", "geometry": {"type": "Point", "coordinates": [-49.225549, -25.4517132]}, "properties": {"id": 957702525, "feat_type": "way", "quality_categories": "crossings_lacking_kerbs, missing_tags", "issue_ids": "[2, 5]", "osm_url": "https://www.openstreetmap.org/way/957702525", "josm_url": "http://127.0.0.1:8111/load_object?new_layer=false&objects=w957702525", "id_url": "https://www.openstreetmap.org/edit?editor=id&way=957702525#map=20/-25.4517132/-49.225549"}}, {"type": "Feature", "geometry": {"type": "Point", "coordinates": [-49.2249905, -25.4523372]}, "properties": {"id": 957702526, "feat_type": "way", "quality_categories": "crossings_lacking_kerbs, missing_tags", "issue_ids": "[2, 5]", "osm_url": "https://www.openstreetmap.org/way/957702526", "josm_url": "http://127.0.0.1:8111/load_object?new_layer=false&objects=w957702526", "id_url": "https://www.openstreetmap.org/edit?editor=id&way=957702526#map=20/-25.4523372/-49.2249905"}}, {"type": "Feature", "geometry": {"type": "Point", "coordinates": [-49.2256941, -25.4515511]}, "properties": {"id": 957702528, "feat_type": "way", "quality_categories": "crossings_lacking_kerbs, missing_tags", "issue_ids": "[2, 5]", "osm_url": "https://www.openstreetmap.org/way/957702528", "josm_url": "http://127.0.0.1:8111/load_object?new_layer=false&objects=w957702528", "id_url": "https://www.openstreetmap.org/edit?editor=id&way=957702528#map=20/-25.4515511/-49.2256941"}}, {"type": "Feature", "geometry": {"type": "Point", "coordinates": [-49.2255435, -25.4515678]}, "properties": {"id": 957702529, "feat_type": "way", "quality_categories": "crossings_lacking_kerbs, missing_tags", "issue_ids": "[2, 5]", "osm_url": "https://www.openstreetmap.org/way/957702529", "josm_url": "http://127.0.0.1:8111/load_object?new_layer=false&objects=w957702529", "id_url": "https://www.openstreetmap.org/edit?editor=id&way=957702529#map=20/-25.4515678/-49.2255435"}}, {"type": "Feature", "geometry": {"type": "Point", "coordinates": [-49.2247739, -25.450942]}, "properties": {"id": 957702530, "feat_type": "way", "quality_categories": "crossings_lacking_kerbs, missing_tags", "issue_ids": "[2, 5]", "osm_url": "https://www.openstreetmap.org/way/957702530", "josm_url": "http://127.0.0.1:8111/load_object?new_layer=false&objects=w957702530", "id_url": "https://www.openstreetmap.org/edit?editor=id&way=957702530#map=20/-25.450942/-49.2247739"}}, {"type": "Feature", "geometry": {"type": "Point", "coordinates": [-49.2264053, -25.4507564]}, "properties": {"id": 957702531, "feat_type": "way", "quality_categories": "crossings_lacking_kerbs, missing_tags", "issue_ids": "[2, 5]", "osm_url": "https://www.openstreetmap.org/way/957702531", "josm_url": "http://127.0.0.1:8111/load_object?new_layer=false&objects=w957702531", "id_url": "https://www.openstreetmap.org/edit?editor=id&way=957702531#map=20/-25.4507564/-49.2264053"}}, {"type": "Feature", "geometry": {"type": "Point", "coordinates": [-49.2246511, -25.4509151]}, "properties": {"id": 957702533, "feat_type": "way", "quality_categories": "crossings_lacking_kerbs, missing_tags", "issue_ids": "[2, 5]", "osm_url": "https://www.openstreetmap.org/way/957702533", "josm_url": "http://127.0.0.1:8111/load_object?new_layer=false&objects=w957702533", "id_url": "https://www.openstreetmap.org/edit?editor=id&way=957702533#map=20/-25.4509151/-49.2246511"}}, {"type": "Feature", "geometry": {"type": "Point", "coordinates": [-49.2248147, -25.4524131]}, "properties": {"id": 957702537, "feat_type": "way", "quality_categories": "crossings_lacking_kerbs, missing_tags", "issue_ids": "[2, 5]", "osm_url": "https://www.openstreetmap.org/way/957702537", "josm_url": "http://127.0.0.1:8111/load_object?new_layer=false&objects=w957702537", "id_url": "https://www.openstreetmap.org/edit?editor=id&way=957702537#map=20/-25.4524131/-49.2248147"}}, {"type": "Feature", "geometry": {"type": "Point", "coordinates": [-49.2248618, -25.4525363]}, "properties": {"id": 957702538, "feat_type": "way", "quality_categories": "crossings_lacking_kerbs, missing_tags", "issue_ids": "[2, 5]", "osm_url": "https://www.openstreetmap.org/way/957702538", "josm_url": "http://127.0.0.1:8111/load_object?new_layer=false&objects=w957702538", "id_url": "https://www.openstreetmap.org/edit?editor=id&way=957702538#map=20/-25.4525363/-49.2248618"}}, {"type": "Feature", "geometry": {"type": "Point", "coordinates": [-49.2247847, -25.4530095]}, "properties": {"id": 957702539, "feat_type": "way", "quality_categories": "crossings_lacking_kerbs, missing_tags", "issue_ids": "[2, 5]", "osm_url": "https://www.openstreetmap.org/way/957702539", "josm_url": "http://127.0.0.1:8111/load_object?new_layer=false&objects=w957702539", "id_url": "https://www.openstreetmap.org/edit?editor=id&way=957702539#map=20/-25.4530095/-49.2247847"}}, {"type": "Feature", "geometry": {"type": "Point", "coordinates": [-49.2265459, -25.4507813]}, "properties": {"id": 957702540, "feat_type": "way", "quality_categories": "crossings_lacking_kerbs, missing_tags", "issue_ids": "[2, 5]", "osm_url": "https://www.openstreetmap.org/way/957702540", "josm_url": "http://127.0.0.1:8111/load_object?new_layer=false&objects=w957702540", "id_url": "https://www.openstreetmap.org/edit?editor=id&way=957702540#map=20/-25.4507813/-49.2265459"}}, {"type": "Feature", "geometry": {"type": "Point", "coordinates": [-49.231873, -25.459517]}, "properties": {"id": 957990287, "feat_type": "way", "quality_categories": "crossings_lacking_kerbs, missing_tags", "issue_ids": "[2, 5]", "osm_url": "https://www.openstreetmap.org/way/957990287", "josm_url": "http://127.0.0.1:8111/load_object?new_layer=false&objects=w957990287", "id_url": "https://www.openstreetmap.org/edit?editor=id&way=957990287#map=20/-25.459517/-49.231873"}}, {"type": "Feature", "geometry": {"type": "Point", "coordinates": [-49.2316979, -25.4591548]}, "properties": {"id": 957990288, "feat_type": "way", "quality_categories": "crossings_lacking_kerbs, missing_tags", "issue_ids": "[2, 5]", "osm_url": "https://www.openstreetmap.org/way/957990288", "josm_url": "http://127.0.0.1:8111/load_object?new_layer=false&objects=w957990288", "id_url": "https://www.openstreetmap.org/edit?editor=id&way=957990288#map=20/-25.4591548/-49.2316979"}}, {"type": "Feature", "geometry": {"type": "Point", "coordinates": [-49.23161, -25.4589729]}, "properties": {"id": 957990289, "feat_type": "way", "quality_categories": "crossings_lacking_kerbs, missing_tags", "issue_ids": "[2, 5]", "osm_url": "https://www.openstreetmap.org/way/957990289", "josm_url": "http://127.0.0.1:8111/load_object?new_layer=false&objects=w957990289", "id_url": "https://www.openstreetmap.org/edit?editor=id&way=957990289#map=20/-25.4589729/-49.23161"}}, {"type": "Feature", "geometry": {"type": "Point", "coordinates": [-49.231449, -25.4586397]}, "properties": {"id": 957990290, "feat_type": "way", "quality_categories": "crossings_lacking_kerbs, missing_tags", "issue_ids": "[2, 5]", "osm_url": "https://www.openstreetmap.org/way/957990290", "josm_url": "http://127.0.0.1:8111/load_object?new_layer=false&objects=w957990290", "id_url": "https://www.openstreetmap.org/edit?editor=id&way=957990290#map=20/-25.4586397/-49.231449"}}, {"type": "Feature", "geometry": {"type": "Point", "coordinates": [-49.2305928, -25.4588106]}, "properties": {"id": 957990292, "feat_type": "way", "quality_categories": "crossings_lacking_kerbs, missing_tags", "issue_ids": "[2, 5]", "osm_url": "https://www.openstreetmap.org/way/957990292", "josm_url": "http://127.0.0.1:8111/load_object?new_layer=false&objects=w957990292", "id_url": "https://www.openstreetmap.org/edit?editor=id&way=957990292#map=20/-25.4588106/-49.2305928"}}, {"type": "Feature", "geometry": {"type": "Point", "coordinates": [-49.2305254, -25.4589938]}, "properties": {"id": 957990293, "feat_type": "way", "quality_categories": "missing_tags", "issue_ids": "[2]", "osm_url": "https://www.openstreetmap.org/way/957990293", "josm_url": "http://127.0.0.1:8111/load_object?new_layer=false&objects=w957990293", "id_url": "https://www.openstreetmap.org/edit?editor=id&way=957990293#map=20/-25.4589938/-49.2305254"}}, {"type": "Feature", "geometry": {"type": "Point", "coordinates": [-49.2309644, -25.4599034]}, "properties": {"id": 957990294, "feat_type": "way", "quality_categories": "missing_tags", "issue_ids": "[2]", "osm_url": "https://www.openstreetmap.org/way/957990294", "josm_url": "http://127.0.0.1:8111/load_object?new_layer=false&objects=w957990294", "id_url": "https://www.openstreetmap.org/edit?editor=id&way=957990294#map=20/-25.4599034/-49.2309644"}}, {"type": "Feature", "geometry": {"type": "Point", "coordinates": [-49.2311321, -25.459969]}, "properties": {"id": 957990295, "feat_type": "way", "quality_categories": "crossings_lacking_kerbs, missing_tags", "issue_ids": "[2, 5]", "osm_url": "https://www.openstreetmap.org/way/957990295", "josm_url": "http://127.0.0.1:8111/load_object?new_layer=false&objects=w957990295", "id_url": "https://www.openstreetmap.org/edit?editor=id&way=957990295#map=20/-25.459969/-49.2311321"}}, {"type": "Feature", "geometry": {"type": "Point", "coordinates": [-49.2317833, -25.4597128]}, "properties": {"id": 957990296, "feat_type": "way", "quality_categories": "crossings_lacking_kerbs, missing_tags, older_than_five_years", "issue_ids": "[34, 2, 5]", "osm_url": "https://www.openstreetmap.org/way/957990296", "josm_url": "http://127.0.0.1:8111/load_object?new_layer=false&objects=w957990296", "id_url": "https://www.openstreetmap.org/edit?editor=id&way=957990296#map=20/-25.4597128/-49.2317833"}}, {"type": "Feature", "geometry": {"type": "Point", "coordinates": [-49.2317417, -25.459031]}, "properties": {"id": 957990299, "feat_type": "way", "quality_categories": "crossings_lacking_kerbs, missing_tags", "issue_ids": "[2, 5]", "osm_url": "https://www.openstreetmap.org/way/957990299", "josm_url": "http://127.0.0.1:8111/load_object?new_layer=false&objects=w957990299", "id_url": "https://www.openstreetmap.org/edit?editor=id&way=957990299#map=20/-25.459031/-49.2317417"}}, {"type": "Feature", "geometry": {"type": "Point", "coordinates": [-49.2320436, -25.4596104]}, "properties": {"id": 957990305, "feat_type": "way", "quality_categories": "crossings_lacking_kerbs, missing_tags, older_than_five_years", "issue_ids": "[34, 2, 5]", "osm_url": "https://www.openstreetmap.org/way/957990305", "josm_url": "http://127.0.0.1:8111/load_object?new_layer=false&objects=w957990305", "id_url": "https://www.openstreetmap.org/edit?editor=id&way=957990305#map=20/-25.4596104/-49.2320436"}}, {"type": "Feature", "geometry": {"type": "Point", "coordinates": [-49.2331669, -25.4605617]}, "properties": {"id": 957990308, "feat_type": "way", "quality_categories": "crossings_lacking_kerbs, missing_tags", "issue_ids": "[2, 5]", "osm_url": "https://www.openstreetmap.org/way/957990308", "josm_url": "http://127.0.0.1:8111/load_object?new_layer=false&objects=w957990308", "id_url": "https://www.openstreetmap.org/edit?editor=id&way=957990308#map=20/-25.4605617/-49.2331669"}}, {"type": "Feature", "geometry": {"type": "Point", "coordinates": [-49.2324612, -25.460734]}, "properties": {"id": 957990310, "feat_type": "way", "quality_categories": "crossings_lacking_kerbs, missing_tags", "issue_ids": "[2, 5]", "osm_url": "https://www.openstreetmap.org/way/957990310", "josm_url": "http://127.0.0.1:8111/load_object?new_layer=false&objects=w957990310", "id_url": "https://www.openstreetmap.org/edit?editor=id&way=957990310#map=20/-25.460734/-49.2324612"}}, {"type": "Feature", "geometry": {"type": "Point", "coordinates": [-49.2319907, -25.4597607]}, "properties": {"id": 957990312, "feat_type": "way", "quality_categories": "crossings_lacking_kerbs, missing_tags", "issue_ids": "[2, 5]", "osm_url": "https://www.openstreetmap.org/way/957990312", "josm_url": "http://127.0.0.1:8111/load_object?new_layer=false&objects=w957990312", "id_url": "https://www.openstreetmap.org/edit?editor=id&way=957990312#map=20/-25.4597607/-49.2319907"}}, {"type": "Feature", "geometry": {"type": "Point", "coordinates": [-49.231145, -25.4600153]}, "properties": {"id": 957990316, "feat_type": "way", "quality_categories": "crossings_lacking_kerbs, missing_tags", "issue_ids": "[2, 5]", "osm_url": "https://www.openstreetmap.org/way/957990316", "josm_url": "http://127.0.0.1:8111/load_object?new_layer=false&objects=w957990316", "id_url": "https://www.openstreetmap.org/edit?editor=id&way=957990316#map=20/-25.4600153/-49.231145"}}, {"type": "Feature", "geometry": {"type": "Point", "coordinates": [-49.2310808, -25.460145]}, "properties": {"id": 957990317, "feat_type": "way", "quality_categories": "crossings_lacking_kerbs, missing_tags, older_than_five_years", "issue_ids": "[34, 2, 5]", "osm_url": "https://www.openstreetmap.org/way/957990317", "josm_url": "http://127.0.0.1:8111/load_object?new_layer=false&objects=w957990317", "id_url": "https://www.openstreetmap.org/edit?editor=id&way=957990317#map=20/-25.460145/-49.2310808"}}, {"type": "Feature", "geometry": {"type": "Point", "coordinates": [-49.2302762, -25.4603525]}, "properties": {"id": 957990319, "feat_type": "way", "quality_categories": "missing_tags", "issue_ids": "[2]", "osm_url": "https://www.openstreetmap.org/way/957990319", "josm_url": "http://127.0.0.1:8111/load_object?new_layer=false&objects=w957990319", "id_url": "https://www.openstreetmap.org/edit?editor=id&way=957990319#map=20/-25.4603525/-49.2302762"}}, {"type": "Feature", "geometry": {"type": "Point", "coordinates": [-49.2301346, -25.4605223]}, "properties": {"id": 957990320, "feat_type": "way", "quality_categories": "crossings_lacking_kerbs, missing_tags", "issue_ids": "[2, 5]", "osm_url": "https://www.openstreetmap.org/way/957990320", "josm_url": "http://127.0.0.1:8111/load_object?new_layer=false&objects=w957990320", "id_url": "https://www.openstreetmap.org/edit?editor=id&way=957990320#map=20/-25.4605223/-49.2301346"}}, {"type": "Feature", "geometry": {"type": "Point", "coordinates": [-49.2298436, -25.4604759]}, "properties": {"id": 957990321, "feat_type": "way", "quality_categories": "crossings_lacking_kerbs, missing_tags, older_than_five_years", "issue_ids": "[34, 2, 5]", "osm_url": "https://www.openstreetmap.org/way/957990321", "josm_url": "http://127.0.0.1:8111/load_object?new_layer=false&objects=w957990321", "id_url": "https://www.openstreetmap.org/edit?editor=id&way=957990321#map=20/-25.4604759/-49.2298436"}}, {"type": "Feature", "geometry": {"type": "Point", "coordinates": [-49.233122, -25.4578147]}, "properties": {"id": 957994254, "feat_type": "way", "quality_categories": "crossings_lacking_kerbs, missing_tags", "issue_ids": "[2, 5]", "osm_url": "https://www.openstreetmap.org/way/957994254", "josm_url": "http://127.0.0.1:8111/load_object?new_layer=false&objects=w957994254", "id_url": "https://www.openstreetmap.org/edit?editor=id&way=957994254#map=20/-25.4578147/-49.233122"}}, {"type": "Feature", "geometry": {"type": "Point", "coordinates": [-49.2335609, -25.4584269]}, "properties": {"id": 957994257, "feat_type": "way", "quality_categories": "crossings_lacking_kerbs, missing_tags", "issue_ids": "[2, 5]", "osm_url": "https://www.openstreetmap.org/way/957994257", "josm_url": "http://127.0.0.1:8111/load_object?new_layer=false&objects=w957994257", "id_url": "https://www.openstreetmap.org/edit?editor=id&way=957994257#map=20/-25.4584269/-49.2335609"}}, {"type": "Feature", "geometry": {"type": "Point", "coordinates": [-49.2335455, -25.4586311]}, "properties": {"id": 957994258, "feat_type": "way", "quality_categories": "crossings_lacking_kerbs, missing_tags", "issue_ids": "[2, 5]", "osm_url": "https://www.openstreetmap.org/way/957994258", "josm_url": "http://127.0.0.1:8111/load_object?new_layer=false&objects=w957994258", "id_url": "https://www.openstreetmap.org/edit?editor=id&way=957994258#map=20/-25.4586311/-49.2335455"}}, {"type": "Feature", "geometry": {"type": "Point", "coordinates": [-49.2301539, -25.4705717]}, "properties": {"id": 958015405, "feat_type": "way", "quality_categories": "missing_tags, older_than_five_years", "issue_ids": "[34, 2]", "osm_url": "https://www.openstreetmap.org/way/958015405", "josm_url": "http://127.0.0.1:8111/load_object?new_layer=false&objects=w958015405", "id_url": "https://www.openstreetmap.org/edit?editor=id&way=958015405#map=20/-25.4705717/-49.2301539"}}, {"type": "Feature", "geometry": {"type": "Point", "coordinates": [-49.226798, -25.4734377]}, "properties": {"id": 958624053, "feat_type": "way", "quality_categories": "missing_tags, older_than_five_years", "issue_ids": "[35, 2]", "osm_url": "https://www.openstreetmap.org/way/958624053", "josm_url": "http://127.0.0.1:8111/load_object?new_layer=false&objects=w958624053", "id_url": "https://www.openstreetmap.org/edit?editor=id&way=958624053#map=20/-25.4734377/-49.226798"}}, {"type": "Feature", "geometry": {"type": "Point", "coordinates": [-49.2272174, -25.4615294]}, "properties": {"id": 959863304, "feat_type": "way", "quality_categories": "crossings_lacking_kerbs, missing_tags", "issue_ids": "[2, 5]", "osm_url": "https://www.openstreetmap.org/way/959863304", "josm_url": "http://127.0.0.1:8111/load_object?new_layer=false&objects=w959863304", "id_url": "https://www.openstreetmap.org/edit?editor=id&way=959863304#map=20/-25.4615294/-49.2272174"}}, {"type": "Feature", "geometry": {"type": "Point", "coordinates": [-49.226745, -25.4713289]}, "properties": {"id": 960107181, "feat_type": "way", "quality_categories": "crossings_lacking_kerbs, missing_tags", "issue_ids": "[2, 5]", "osm_url": "https://www.openstreetmap.org/way/960107181", "josm_url": "http://127.0.0.1:8111/load_object?new_layer=false&objects=w960107181", "id_url": "https://www.openstreetmap.org/edit?editor=id&way=960107181#map=20/-25.4713289/-49.226745"}}, {"type": "Feature", "geometry": {"type": "Point", "coordinates": [-49.22681, -25.4715171]}, "properties": {"id": 960107182, "feat_type": "way", "quality_categories": "crossings_lacking_kerbs, missing_tags, older_than_five_years", "issue_ids": "[36, 2, 5]", "osm_url": "https://www.openstreetmap.org/way/960107182", "josm_url": "http://127.0.0.1:8111/load_object?new_layer=false&objects=w960107182", "id_url": "https://www.openstreetmap.org/edit?editor=id&way=960107182#map=20/-25.4715171/-49.22681"}}, {"type": "Feature", "geometry": {"type": "Point", "coordinates": [-49.2265809, -25.4735025]}, "properties": {"id": 960107185, "feat_type": "way", "quality_categories": "missing_tags, older_than_five_years", "issue_ids": "[37, 2]", "osm_url": "https://www.openstreetmap.org/way/960107185", "josm_url": "http://127.0.0.1:8111/load_object?new_layer=false&objects=w960107185", "id_url": "https://www.openstreetmap.org/edit?editor=id&way=960107185#map=20/-25.4735025/-49.2265809"}}, {"type": "Feature", "geometry": {"type": "Point", "coordinates": [-49.2266837, -25.4735993]}, "properties": {"id": 960107187, "feat_type": "way", "quality_categories": "crossings_lacking_kerbs, missing_tags, older_than_five_years", "issue_ids": "[36, 2, 5]", "osm_url": "https://www.openstreetmap.org/way/960107187", "josm_url": "http://127.0.0.1:8111/load_object?new_layer=false&objects=w960107187", "id_url": "https://www.openstreetmap.org/edit?editor=id&way=960107187#map=20/-25.4735993/-49.2266837"}}, {"type": "Feature", "geometry": {"type": "Point", "coordinates": [-49.2268689, -25.4735525]}, "properties": {"id": 960107188, "feat_type": "way", "quality_categories": "missing_tags, older_than_five_years", "issue_ids": "[37, 2]", "osm_url": "https://www.openstreetmap.org/way/960107188", "josm_url": "http://127.0.0.1:8111/load_object?new_layer=false&objects=w960107188", "id_url": "https://www.openstreetmap.org/edit?editor=id&way=960107188#map=20/-25.4735525/-49.2268689"}}, {"type": "Feature", "geometry": {"type": "Point", "coordinates": [-49.2256498, -25.4706674]}, "properties": {"id": 960107190, "feat_type": "way", "quality_categories": "crossings_lacking_kerbs, missing_tags, older_than_five_years", "issue_ids": "[36, 2, 5]", "osm_url": "https://www.openstreetmap.org/way/960107190", "josm_url": "http://127.0.0.1:8111/load_object?new_layer=false&objects=w960107190", "id_url": "https://www.openstreetmap.org/edit?editor=id&way=960107190#map=20/-25.4706674/-49.2256498"}}, {"type": "Feature", "geometry": {"type": "Point", "coordinates": [-49.2255056, -25.4706761]}, "properties": {"id": 960107191, "feat_type": "way", "quality_categories": "crossings_lacking_kerbs, missing_tags, older_than_five_years", "issue_ids": "[36, 2, 5]", "osm_url": "https://www.openstreetmap.org/way/960107191", "josm_url": "http://127.0.0.1:8111/load_object?new_layer=false&objects=w960107191", "id_url": "https://www.openstreetmap.org/edit?editor=id&way=960107191#map=20/-25.4706761/-49.2255056"}}, {"type": "Feature", "geometry": {"type": "Point", "coordinates": [-49.2305549, -25.466326]}, "properties": {"id": 960112722, "feat_type": "way", "quality_categories": "crossings_lacking_kerbs, missing_tags, older_than_five_years", "issue_ids": "[36, 2, 5]", "osm_url": "https://www.openstreetmap.org/way/960112722", "josm_url": "http://127.0.0.1:8111/load_object?new_layer=false&objects=w960112722", "id_url": "https://www.openstreetmap.org/edit?editor=id&way=960112722#map=20/-25.466326/-49.2305549"}}, {"type": "Feature", "geometry": {"type": "Point", "coordinates": [-49.2305348, -25.4661855]}, "properties": {"id": 960112723, "feat_type": "way", "quality_categories": "crossings_lacking_kerbs, missing_tags, older_than_five_years", "issue_ids": "[36, 2, 5]", "osm_url": "https://www.openstreetmap.org/way/960112723", "josm_url": "http://127.0.0.1:8111/load_object?new_layer=false&objects=w960112723", "id_url": "https://www.openstreetmap.org/edit?editor=id&way=960112723#map=20/-25.4661855/-49.2305348"}}, {"type": "Feature", "geometry": {"type": "Point", "coordinates": [-49.2306744, -25.4661576]}, "properties": {"id": 960112724, "feat_type": "way", "quality_categories": "crossings_lacking_kerbs, missing_tags, older_than_five_years", "issue_ids": "[36, 2, 5]", "osm_url": "https://www.openstreetmap.org/way/960112724", "josm_url": "http://127.0.0.1:8111/load_object?new_layer=false&objects=w960112724", "id_url": "https://www.openstreetmap.org/edit?editor=id&way=960112724#map=20/-25.4661576/-49.2306744"}}, {"type": "Feature", "geometry": {"type": "Point", "coordinates": [-49.2307254, -25.4662998]}, "properties": {"id": 960112725, "feat_type": "way", "quality_categories": "crossings_lacking_kerbs, missing_tags, older_than_five_years", "issue_ids": "[36, 2, 5]", "osm_url": "https://www.openstreetmap.org/way/960112725", "josm_url": "http://127.0.0.1:8111/load_object?new_layer=false&objects=w960112725", "id_url": "https://www.openstreetmap.org/edit?editor=id&way=960112725#map=20/-25.4662998/-49.2307254"}}, {"type": "Feature", "geometry": {"type": "Point", "coordinates": [-49.2315063, -25.4667686]}, "properties": {"id": 960112726, "feat_type": "way", "quality_categories": "crossings_lacking_kerbs, missing_tags, older_than_five_years", "issue_ids": "[36, 2, 5]", "osm_url": "https://www.openstreetmap.org/way/960112726", "josm_url": "http://127.0.0.1:8111/load_object?new_layer=false&objects=w960112726", "id_url": "https://www.openstreetmap.org/edit?editor=id&way=960112726#map=20/-25.4667686/-49.2315063"}}, {"type": "Feature", "geometry": {"type": "Point", "coordinates": [-49.2316726, -25.4667404]}, "properties": {"id": 960112727, "feat_type": "way", "quality_categories": "crossings_lacking_kerbs, missing_tags, older_than_five_years", "issue_ids": "[36, 2, 5]", "osm_url": "https://www.openstreetmap.org/way/960112727", "josm_url": "http://127.0.0.1:8111/load_object?new_layer=false&objects=w960112727", "id_url": "https://www.openstreetmap.org/edit?editor=id&way=960112727#map=20/-25.4667404/-49.2316726"}}, {"type": "Feature", "geometry": {"type": "Point", "coordinates": [-49.2308554, -25.4680151]}, "properties": {"id": 960112729, "feat_type": "way", "quality_categories": "crossings_lacking_kerbs, missing_tags, older_than_five_years", "issue_ids": "[36, 2, 5]", "osm_url": "https://www.openstreetmap.org/way/960112729", "josm_url": "http://127.0.0.1:8111/load_object?new_layer=false&objects=w960112729", "id_url": "https://www.openstreetmap.org/edit?editor=id&way=960112729#map=20/-25.4680151/-49.2308554"}}, {"type": "Feature", "geometry": {"type": "Point", "coordinates": [-49.2316715, -25.4668677]}, "properties": {"id": 960112731, "feat_type": "way", "quality_categories": "crossings_lacking_kerbs, missing_tags, older_than_five_years", "issue_ids": "[36, 2, 5]", "osm_url": "https://www.openstreetmap.org/way/960112731", "josm_url": "http://127.0.0.1:8111/load_object?new_layer=false&objects=w960112731", "id_url": "https://www.openstreetmap.org/edit?editor=id&way=960112731#map=20/-25.4668677/-49.2316715"}}, {"type": "Feature", "geometry": {"type": "Point", "coordinates": [-49.231547, -25.466913]}, "properties": {"id": 960112732, "feat_type": "way", "quality_categories": "crossings_lacking_kerbs, missing_tags, older_than_five_years", "issue_ids": "[36, 2, 5]", "osm_url": "https://www.openstreetmap.org/way/960112732", "josm_url": "http://127.0.0.1:8111/load_object?new_layer=false&objects=w960112732", "id_url": "https://www.openstreetmap.org/edit?editor=id&way=960112732#map=20/-25.466913/-49.231547"}}, {"type": "Feature", "geometry": {"type": "Point", "coordinates": [-49.2325259, -25.4657382]}, "properties": {"id": 960112733, "feat_type": "way", "quality_categories": "crossings_lacking_kerbs, missing_tags, older_than_five_years", "issue_ids": "[36, 2, 5]", "osm_url": "https://www.openstreetmap.org/way/960112733", "josm_url": "http://127.0.0.1:8111/load_object?new_layer=false&objects=w960112733", "id_url": "https://www.openstreetmap.org/edit?editor=id&way=960112733#map=20/-25.4657382/-49.2325259"}}, {"type": "Feature", "geometry": {"type": "Point", "coordinates": [-49.2323729, -25.4657781]}, "properties": {"id": 960112734, "feat_type": "way", "quality_categories": "crossings_lacking_kerbs, missing_tags, older_than_five_years", "issue_ids": "[36, 2, 5]", "osm_url": "https://www.openstreetmap.org/way/960112734", "josm_url": "http://127.0.0.1:8111/load_object?new_layer=false&objects=w960112734", "id_url": "https://www.openstreetmap.org/edit?editor=id&way=960112734#map=20/-25.4657781/-49.2323729"}}, {"type": "Feature", "geometry": {"type": "Point", "coordinates": [-49.228293, -25.4615891]}, "properties": {"id": 960901471, "feat_type": "way", "quality_categories": "crossings_lacking_kerbs, missing_tags, older_than_five_years", "issue_ids": "[37, 2, 5]", "osm_url": "https://www.openstreetmap.org/way/960901471", "josm_url": "http://127.0.0.1:8111/load_object?new_layer=false&objects=w960901471", "id_url": "https://www.openstreetmap.org/edit?editor=id&way=960901471#map=20/-25.4615891/-49.228293"}}, {"type": "Feature", "geometry": {"type": "Point", "coordinates": [-49.2238485, -25.4589428]}, "properties": {"id": 960925957, "feat_type": "way", "quality_categories": "crossings_lacking_kerbs, missing_tags", "issue_ids": "[2, 5]", "osm_url": "https://www.openstreetmap.org/way/960925957", "josm_url": "http://127.0.0.1:8111/load_object?new_layer=false&objects=w960925957", "id_url": "https://www.openstreetmap.org/edit?editor=id&way=960925957#map=20/-25.4589428/-49.2238485"}}, {"type": "Feature", "geometry": {"type": "Point", "coordinates": [-49.2241301, -25.4590329]}, "properties": {"id": 960925958, "feat_type": "way", "quality_categories": "crossings_lacking_kerbs, missing_tags", "issue_ids": "[2, 5]", "osm_url": "https://www.openstreetmap.org/way/960925958", "josm_url": "http://127.0.0.1:8111/load_object?new_layer=false&objects=w960925958", "id_url": "https://www.openstreetmap.org/edit?editor=id&way=960925958#map=20/-25.4590329/-49.2241301"}}, {"type": "Feature", "geometry": {"type": "Point", "coordinates": [-49.2235629, -25.4588515]}, "properties": {"id": 960925959, "feat_type": "way", "quality_categories": "crossings_lacking_kerbs, missing_tags", "issue_ids": "[2, 5]", "osm_url": "https://www.openstreetmap.org/way/960925959", "josm_url": "http://127.0.0.1:8111/load_object?new_layer=false&objects=w960925959", "id_url": "https://www.openstreetmap.org/edit?editor=id&way=960925959#map=20/-25.4588515/-49.2235629"}}, {"type": "Feature", "geometry": {"type": "Point", "coordinates": [-49.2236946, -25.4590718]}, "properties": {"id": 960925960, "feat_type": "way", "quality_categories": "crossings_lacking_kerbs, missing_tags", "issue_ids": "[2, 5]", "osm_url": "https://www.openstreetmap.org/way/960925960", "josm_url": "http://127.0.0.1:8111/load_object?new_layer=false&objects=w960925960", "id_url": "https://www.openstreetmap.org/edit?editor=id&way=960925960#map=20/-25.4590718/-49.2236946"}}, {"type": "Feature", "geometry": {"type": "Point", "coordinates": [-49.2232169, -25.4603411]}, "properties": {"id": 960925961, "feat_type": "way", "quality_categories": "crossings_lacking_kerbs, missing_tags", "issue_ids": "[2, 5]", "osm_url": "https://www.openstreetmap.org/way/960925961", "josm_url": "http://127.0.0.1:8111/load_object?new_layer=false&objects=w960925961", "id_url": "https://www.openstreetmap.org/edit?editor=id&way=960925961#map=20/-25.4603411/-49.2232169"}}, {"type": "Feature", "geometry": {"type": "Point", "coordinates": [-49.2229343, -25.4604582]}, "properties": {"id": 960925962, "feat_type": "way", "quality_categories": "crossings_lacking_kerbs, missing_tags", "issue_ids": "[2, 5]", "osm_url": "https://www.openstreetmap.org/way/960925962", "josm_url": "http://127.0.0.1:8111/load_object?new_layer=false&objects=w960925962", "id_url": "https://www.openstreetmap.org/edit?editor=id&way=960925962#map=20/-25.4604582/-49.2229343"}}, {"type": "Feature", "geometry": {"type": "Point", "coordinates": [-49.2230984, -25.4588545]}, "properties": {"id": 960925964, "feat_type": "way", "quality_categories": "crossings_lacking_kerbs, missing_tags", "issue_ids": "[2, 5]", "osm_url": "https://www.openstreetmap.org/way/960925964", "josm_url": "http://127.0.0.1:8111/load_object?new_layer=false&objects=w960925964", "id_url": "https://www.openstreetmap.org/edit?editor=id&way=960925964#map=20/-25.4588545/-49.2230984"}}, {"type": "Feature", "geometry": {"type": "Point", "coordinates": [-49.2225968, -25.4601895]}, "properties": {"id": 960925965, "feat_type": "way", "quality_categories": "missing_tags", "issue_ids": "[2]", "osm_url": "https://www.openstreetmap.org/way/960925965", "josm_url": "http://127.0.0.1:8111/load_object?new_layer=false&objects=w960925965", "id_url": "https://www.openstreetmap.org/edit?editor=id&way=960925965#map=20/-25.4601895/-49.2225968"}}, {"type": "Feature", "geometry": {"type": "Point", "coordinates": [-49.2224293, -25.4603048]}, "properties": {"id": 960925966, "feat_type": "way", "quality_categories": "missing_tags", "issue_ids": "[2]", "osm_url": "https://www.openstreetmap.org/way/960925966", "josm_url": "http://127.0.0.1:8111/load_object?new_layer=false&objects=w960925966", "id_url": "https://www.openstreetmap.org/edit?editor=id&way=960925966#map=20/-25.4603048/-49.2224293"}}, {"type": "Feature", "geometry": {"type": "Point", "coordinates": [-49.2221602, -25.4602127]}, "properties": {"id": 960925967, "feat_type": "way", "quality_categories": "missing_tags", "issue_ids": "[2]", "osm_url": "https://www.openstreetmap.org/way/960925967", "josm_url": "http://127.0.0.1:8111/load_object?new_layer=false&objects=w960925967", "id_url": "https://www.openstreetmap.org/edit?editor=id&way=960925967#map=20/-25.4602127/-49.2221602"}}, {"type": "Feature", "geometry": {"type": "Point", "coordinates": [-49.2225772, -25.4586795]}, "properties": {"id": 960925969, "feat_type": "way", "quality_categories": "missing_tags", "issue_ids": "[2]", "osm_url": "https://www.openstreetmap.org/way/960925969", "josm_url": "http://127.0.0.1:8111/load_object?new_layer=false&objects=w960925969", "id_url": "https://www.openstreetmap.org/edit?editor=id&way=960925969#map=20/-25.4586795/-49.2225772"}}, {"type": "Feature", "geometry": {"type": "Point", "coordinates": [-49.2227353, -25.4585869]}, "properties": {"id": 960925970, "feat_type": "way", "quality_categories": "crossings_lacking_kerbs, missing_tags", "issue_ids": "[2, 5]", "osm_url": "https://www.openstreetmap.org/way/960925970", "josm_url": "http://127.0.0.1:8111/load_object?new_layer=false&objects=w960925970", "id_url": "https://www.openstreetmap.org/edit?editor=id&way=960925970#map=20/-25.4585869/-49.2227353"}}, {"type": "Feature", "geometry": {"type": "Point", "coordinates": [-49.2224484, -25.4584952]}, "properties": {"id": 960925971, "feat_type": "way", "quality_categories": "crossings_lacking_kerbs, missing_tags", "issue_ids": "[2, 5]", "osm_url": "https://www.openstreetmap.org/way/960925971", "josm_url": "http://127.0.0.1:8111/load_object?new_layer=false&objects=w960925971", "id_url": "https://www.openstreetmap.org/edit?editor=id&way=960925971#map=20/-25.4584952/-49.2224484"}}, {"type": "Feature", "geometry": {"type": "Point", "coordinates": [-49.2233004, -25.4587676]}, "properties": {"id": 960925972, "feat_type": "way", "quality_categories": "crossings_lacking_kerbs, missing_tags", "issue_ids": "[2, 5]", "osm_url": "https://www.openstreetmap.org/way/960925972", "josm_url": "http://127.0.0.1:8111/load_object?new_layer=false&objects=w960925972", "id_url": "https://www.openstreetmap.org/edit?editor=id&way=960925972#map=20/-25.4587676/-49.2233004"}}, {"type": "Feature", "geometry": {"type": "Point", "coordinates": [-49.22306, -25.4586907]}, "properties": {"id": 960925973, "feat_type": "way", "quality_categories": "crossings_lacking_kerbs, missing_tags", "issue_ids": "[2, 5]", "osm_url": "https://www.openstreetmap.org/way/960925973", "josm_url": "http://127.0.0.1:8111/load_object?new_layer=false&objects=w960925973", "id_url": "https://www.openstreetmap.org/edit?editor=id&way=960925973#map=20/-25.4586907/-49.22306"}}, {"type": "Feature", "geometry": {"type": "Point", "coordinates": [-49.2241617, -25.4592133]}, "properties": {"id": 960925974, "feat_type": "way", "quality_categories": "crossings_lacking_kerbs, missing_tags", "issue_ids": "[2, 5]", "osm_url": "https://www.openstreetmap.org/way/960925974", "josm_url": "http://127.0.0.1:8111/load_object?new_layer=false&objects=w960925974", "id_url": "https://www.openstreetmap.org/edit?editor=id&way=960925974#map=20/-25.4592133/-49.2241617"}}, {"type": "Feature", "geometry": {"type": "Point", "coordinates": [-49.2232926, -25.4605614]}, "properties": {"id": 960925976, "feat_type": "way", "quality_categories": "crossings_lacking_kerbs, missing_tags", "issue_ids": "[2, 5]", "osm_url": "https://www.openstreetmap.org/way/960925976", "josm_url": "http://127.0.0.1:8111/load_object?new_layer=false&objects=w960925976", "id_url": "https://www.openstreetmap.org/edit?editor=id&way=960925976#map=20/-25.4605614/-49.2232926"}}, {"type": "Feature", "geometry": {"type": "Point", "coordinates": [-49.2235521, -25.4606556]}, "properties": {"id": 960925977, "feat_type": "way", "quality_categories": "crossings_lacking_kerbs, missing_tags", "issue_ids": "[2, 5]", "osm_url": "https://www.openstreetmap.org/way/960925977", "josm_url": "http://127.0.0.1:8111/load_object?new_layer=false&objects=w960925977", "id_url": "https://www.openstreetmap.org/edit?editor=id&way=960925977#map=20/-25.4606556/-49.2235521"}}, {"type": "Feature", "geometry": {"type": "Point", "coordinates": [-49.2218543, -25.4600645]}, "properties": {"id": 960925979, "feat_type": "way", "quality_categories": "missing_tags", "issue_ids": "[2]", "osm_url": "https://www.openstreetmap.org/way/960925979", "josm_url": "http://127.0.0.1:8111/load_object?new_layer=false&objects=w960925979", "id_url": "https://www.openstreetmap.org/edit?editor=id&way=960925979#map=20/-25.4600645/-49.2218543"}}, {"type": "Feature", "geometry": {"type": "Point", "coordinates": [-49.2214016, -25.4599653]}, "properties": {"id": 960925980, "feat_type": "way", "quality_categories": "crossings_lacking_kerbs, missing_tags", "issue_ids": "[2, 5]", "osm_url": "https://www.openstreetmap.org/way/960925980", "josm_url": "http://127.0.0.1:8111/load_object?new_layer=false&objects=w960925980", "id_url": "https://www.openstreetmap.org/edit?editor=id&way=960925980#map=20/-25.4599653/-49.2214016"}}, {"type": "Feature", "geometry": {"type": "Point", "coordinates": [-49.2214535, -25.4616494]}, "properties": {"id": 960925981, "feat_type": "way", "quality_categories": "crossings_lacking_kerbs, missing_tags", "issue_ids": "[2, 5]", "osm_url": "https://www.openstreetmap.org/way/960925981", "josm_url": "http://127.0.0.1:8111/load_object?new_layer=false&objects=w960925981", "id_url": "https://www.openstreetmap.org/edit?editor=id&way=960925981#map=20/-25.4616494/-49.2214535"}}, {"type": "Feature", "geometry": {"type": "Point", "coordinates": [-49.2212062, -25.4617174]}, "properties": {"id": 960925982, "feat_type": "way", "quality_categories": "missing_tags", "issue_ids": "[2]", "osm_url": "https://www.openstreetmap.org/way/960925982", "josm_url": "http://127.0.0.1:8111/load_object?new_layer=false&objects=w960925982", "id_url": "https://www.openstreetmap.org/edit?editor=id&way=960925982#map=20/-25.4617174/-49.2212062"}}, {"type": "Feature", "geometry": {"type": "Point", "coordinates": [-49.2204438, -25.4614922]}, "properties": {"id": 960925983, "feat_type": "way", "quality_categories": "missing_tags", "issue_ids": "[2]", "osm_url": "https://www.openstreetmap.org/way/960925983", "josm_url": "http://127.0.0.1:8111/load_object?new_layer=false&objects=w960925983", "id_url": "https://www.openstreetmap.org/edit?editor=id&way=960925983#map=20/-25.4614922/-49.2204438"}}, {"type": "Feature", "geometry": {"type": "Point", "coordinates": [-49.2219753, -25.4602704]}, "properties": {"id": 960925984, "feat_type": "way", "quality_categories": "missing_tags", "issue_ids": "[2]", "osm_url": "https://www.openstreetmap.org/way/960925984", "josm_url": "http://127.0.0.1:8111/load_object?new_layer=false&objects=w960925984", "id_url": "https://www.openstreetmap.org/edit?editor=id&way=960925984#map=20/-25.4602704/-49.2219753"}}, {"type": "Feature", "geometry": {"type": "Point", "coordinates": [-49.2229857, -25.4607139]}, "properties": {"id": 960925985, "feat_type": "way", "quality_categories": "crossings_lacking_kerbs, missing_tags", "issue_ids": "[2, 5]", "osm_url": "https://www.openstreetmap.org/way/960925985", "josm_url": "http://127.0.0.1:8111/load_object?new_layer=false&objects=w960925985", "id_url": "https://www.openstreetmap.org/edit?editor=id&way=960925985#map=20/-25.4607139/-49.2229857"}}, {"type": "Feature", "geometry": {"type": "Point", "coordinates": [-49.2238788, -25.4607764]}, "properties": {"id": 960925986, "feat_type": "way", "quality_categories": "crossings_lacking_kerbs, missing_tags", "issue_ids": "[2, 5]", "osm_url": "https://www.openstreetmap.org/way/960925986", "josm_url": "http://127.0.0.1:8111/load_object?new_layer=false&objects=w960925986", "id_url": "https://www.openstreetmap.org/edit?editor=id&way=960925986#map=20/-25.4607764/-49.2238788"}}, {"type": "Feature", "geometry": {"type": "Point", "coordinates": [-49.2350481, -25.4587748]}, "properties": {"id": 961034061, "feat_type": "way", "quality_categories": "crossings_lacking_kerbs, missing_tags, older_than_five_years", "issue_ids": "[37, 2, 5]", "osm_url": "https://www.openstreetmap.org/way/961034061", "josm_url": "http://127.0.0.1:8111/load_object?new_layer=false&objects=w961034061", "id_url": "https://www.openstreetmap.org/edit?editor=id&way=961034061#map=20/-25.4587748/-49.2350481"}}, {"type": "Feature", "geometry": {"type": "Point", "coordinates": [-49.2351248, -25.4592675]}, "properties": {"id": 961034063, "feat_type": "way", "quality_categories": "crossings_lacking_kerbs, missing_tags", "issue_ids": "[2, 5]", "osm_url": "https://www.openstreetmap.org/way/961034063", "josm_url": "http://127.0.0.1:8111/load_object?new_layer=false&objects=w961034063", "id_url": "https://www.openstreetmap.org/edit?editor=id&way=961034063#map=20/-25.4592675/-49.2351248"}}, {"type": "Feature", "geometry": {"type": "Point", "coordinates": [-49.2348911, -25.4590049]}, "properties": {"id": 961034065, "feat_type": "way", "quality_categories": "crossings_lacking_kerbs, missing_tags", "issue_ids": "[2, 5]", "osm_url": "https://www.openstreetmap.org/way/961034065", "josm_url": "http://127.0.0.1:8111/load_object?new_layer=false&objects=w961034065", "id_url": "https://www.openstreetmap.org/edit?editor=id&way=961034065#map=20/-25.4590049/-49.2348911"}}, {"type": "Feature", "geometry": {"type": "Point", "coordinates": [-49.233698, -25.4584202]}, "properties": {"id": 961034067, "feat_type": "way", "quality_categories": "crossings_lacking_kerbs, missing_tags", "issue_ids": "[2, 5]", "osm_url": "https://www.openstreetmap.org/way/961034067", "josm_url": "http://127.0.0.1:8111/load_object?new_layer=false&objects=w961034067", "id_url": "https://www.openstreetmap.org/edit?editor=id&way=961034067#map=20/-25.4584202/-49.233698"}}, {"type": "Feature", "geometry": {"type": "Point", "coordinates": [-49.2277369, -25.4738962]}, "properties": {"id": 961138319, "feat_type": "way", "quality_categories": "missing_tags, older_than_five_years", "issue_ids": "[37, 2]", "osm_url": "https://www.openstreetmap.org/way/961138319", "josm_url": "http://127.0.0.1:8111/load_object?new_layer=false&objects=w961138319", "id_url": "https://www.openstreetmap.org/edit?editor=id&way=961138319#map=20/-25.4738962/-49.2277369"}}, {"type": "Feature", "geometry": {"type": "Point", "coordinates": [-49.2256579, -25.4730467]}, "properties": {"id": 961140587, "feat_type": "way", "quality_categories": "missing_tags, older_than_five_years", "issue_ids": "[37, 2]", "osm_url": "https://www.openstreetmap.org/way/961140587", "josm_url": "http://127.0.0.1:8111/load_object?new_layer=false&objects=w961140587", "id_url": "https://www.openstreetmap.org/edit?editor=id&way=961140587#map=20/-25.4730467/-49.2256579"}}, {"type": "Feature", "geometry": {"type": "Point", "coordinates": [-49.2273768, -25.4634004]}, "properties": {"id": 961607829, "feat_type": "way", "quality_categories": "crossings_lacking_kerbs, missing_tags, older_than_five_years", "issue_ids": "[38, 2, 5]", "osm_url": "https://www.openstreetmap.org/way/961607829", "josm_url": "http://127.0.0.1:8111/load_object?new_layer=false&objects=w961607829", "id_url": "https://www.openstreetmap.org/edit?editor=id&way=961607829#map=20/-25.4634004/-49.2273768"}}, {"type": "Feature", "geometry": {"type": "Point", "coordinates": [-49.2353683, -25.4644623]}, "properties": {"id": 961712911, "feat_type": "way", "quality_categories": "crossings_lacking_kerbs, missing_tags", "issue_ids": "[2, 5]", "osm_url": "https://www.openstreetmap.org/way/961712911", "josm_url": "http://127.0.0.1:8111/load_object?new_layer=false&objects=w961712911", "id_url": "https://www.openstreetmap.org/edit?editor=id&way=961712911#map=20/-25.4644623/-49.2353683"}}, {"type": "Feature", "geometry": {"type": "Point", "coordinates": [-49.2362385, -25.4650009]}, "properties": {"id": 961712912, "feat_type": "way", "quality_categories": "crossings_lacking_kerbs, missing_tags", "issue_ids": "[2, 5]", "osm_url": "https://www.openstreetmap.org/way/961712912", "josm_url": "http://127.0.0.1:8111/load_object?new_layer=false&objects=w961712912", "id_url": "https://www.openstreetmap.org/edit?editor=id&way=961712912#map=20/-25.4650009/-49.2362385"}}, {"type": "Feature", "geometry": {"type": "Point", "coordinates": [-49.2363066, -25.4651868]}, "properties": {"id": 961712913, "feat_type": "way", "quality_categories": "crossings_lacking_kerbs, missing_tags, older_than_five_years", "issue_ids": "[38, 2, 5]", "osm_url": "https://www.openstreetmap.org/way/961712913", "josm_url": "http://127.0.0.1:8111/load_object?new_layer=false&objects=w961712913", "id_url": "https://www.openstreetmap.org/edit?editor=id&way=961712913#map=20/-25.4651868/-49.2363066"}}, {"type": "Feature", "geometry": {"type": "Point", "coordinates": [-49.2361507, -25.465398]}, "properties": {"id": 961712914, "feat_type": "way", "quality_categories": "crossings_lacking_kerbs, missing_tags, older_than_five_years", "issue_ids": "[38, 2, 5]", "osm_url": "https://www.openstreetmap.org/way/961712914", "josm_url": "http://127.0.0.1:8111/load_object?new_layer=false&objects=w961712914", "id_url": "https://www.openstreetmap.org/edit?editor=id&way=961712914#map=20/-25.465398/-49.2361507"}}, {"type": "Feature", "geometry": {"type": "Point", "coordinates": [-49.2359707, -25.4654452]}, "properties": {"id": 961712915, "feat_type": "way", "quality_categories": "crossings_lacking_kerbs, missing_tags", "issue_ids": "[2, 5]", "osm_url": "https://www.openstreetmap.org/way/961712915", "josm_url": "http://127.0.0.1:8111/load_object?new_layer=false&objects=w961712915", "id_url": "https://www.openstreetmap.org/edit?editor=id&way=961712915#map=20/-25.4654452/-49.2359707"}}, {"type": "Feature", "geometry": {"type": "Point", "coordinates": [-49.2350852, -25.4649358]}, "properties": {"id": 961712916, "feat_type": "way", "quality_categories": "crossings_lacking_kerbs, missing_tags, older_than_five_years", "issue_ids": "[38, 2, 5]", "osm_url": "https://www.openstreetmap.org/way/961712916", "josm_url": "http://127.0.0.1:8111/load_object?new_layer=false&objects=w961712916", "id_url": "https://www.openstreetmap.org/edit?editor=id&way=961712916#map=20/-25.4649358/-49.2350852"}}, {"type": "Feature", "geometry": {"type": "Point", "coordinates": [-49.2362135, -25.465596]}, "properties": {"id": 961712918, "feat_type": "way", "quality_categories": "crossings_lacking_kerbs, missing_tags", "issue_ids": "[2, 5]", "osm_url": "https://www.openstreetmap.org/way/961712918", "josm_url": "http://127.0.0.1:8111/load_object?new_layer=false&objects=w961712918", "id_url": "https://www.openstreetmap.org/edit?editor=id&way=961712918#map=20/-25.465596/-49.2362135"}}, {"type": "Feature", "geometry": {"type": "Point", "coordinates": [-49.2374147, -25.4663398]}, "properties": {"id": 961712919, "feat_type": "way", "quality_categories": "crossings_lacking_kerbs, missing_tags, older_than_five_years", "issue_ids": "[38, 2, 5]", "osm_url": "https://www.openstreetmap.org/way/961712919", "josm_url": "http://127.0.0.1:8111/load_object?new_layer=false&objects=w961712919", "id_url": "https://www.openstreetmap.org/edit?editor=id&way=961712919#map=20/-25.4663398/-49.2374147"}}, {"type": "Feature", "geometry": {"type": "Point", "coordinates": [-49.2376156, -25.4663142]}, "properties": {"id": 961712920, "feat_type": "way", "quality_categories": "crossings_lacking_kerbs, missing_tags", "issue_ids": "[2, 5]", "osm_url": "https://www.openstreetmap.org/way/961712920", "josm_url": "http://127.0.0.1:8111/load_object?new_layer=false&objects=w961712920", "id_url": "https://www.openstreetmap.org/edit?editor=id&way=961712920#map=20/-25.4663142/-49.2376156"}}, {"type": "Feature", "geometry": {"type": "Point", "coordinates": [-49.2377775, -25.4660981]}, "properties": {"id": 961712921, "feat_type": "way", "quality_categories": "crossings_lacking_kerbs, missing_tags", "issue_ids": "[2, 5]", "osm_url": "https://www.openstreetmap.org/way/961712921", "josm_url": "http://127.0.0.1:8111/load_object?new_layer=false&objects=w961712921", "id_url": "https://www.openstreetmap.org/edit?editor=id&way=961712921#map=20/-25.4660981/-49.2377775"}}, {"type": "Feature", "geometry": {"type": "Point", "coordinates": [-49.2377512, -25.4659372]}, "properties": {"id": 961712922, "feat_type": "way", "quality_categories": "crossings_lacking_kerbs, missing_tags", "issue_ids": "[2, 5]", "osm_url": "https://www.openstreetmap.org/way/961712922", "josm_url": "http://127.0.0.1:8111/load_object?new_layer=false&objects=w961712922", "id_url": "https://www.openstreetmap.org/edit?editor=id&way=961712922#map=20/-25.4659372/-49.2377512"}}, {"type": "Feature", "geometry": {"type": "Point", "coordinates": [-49.2365084, -25.465168]}, "properties": {"id": 961712923, "feat_type": "way", "quality_categories": "crossings_lacking_kerbs, missing_tags", "issue_ids": "[2, 5]", "osm_url": "https://www.openstreetmap.org/way/961712923", "josm_url": "http://127.0.0.1:8111/load_object?new_layer=false&objects=w961712923", "id_url": "https://www.openstreetmap.org/edit?editor=id&way=961712923#map=20/-25.465168/-49.2365084"}}, {"type": "Feature", "geometry": {"type": "Point", "coordinates": [-49.2364162, -25.4650383]}, "properties": {"id": 961712925, "feat_type": "way", "quality_categories": "crossings_lacking_kerbs, missing_tags", "issue_ids": "[2, 5]", "osm_url": "https://www.openstreetmap.org/way/961712925", "josm_url": "http://127.0.0.1:8111/load_object?new_layer=false&objects=w961712925", "id_url": "https://www.openstreetmap.org/edit?editor=id&way=961712925#map=20/-25.4650383/-49.2364162"}}, {"type": "Feature", "geometry": {"type": "Point", "coordinates": [-49.2366131, -25.4647716]}, "properties": {"id": 961712926, "feat_type": "way", "quality_categories": "crossings_lacking_kerbs, missing_tags", "issue_ids": "[2, 5]", "osm_url": "https://www.openstreetmap.org/way/961712926", "josm_url": "http://127.0.0.1:8111/load_object?new_layer=false&objects=w961712926", "id_url": "https://www.openstreetmap.org/edit?editor=id&way=961712926#map=20/-25.4647716/-49.2366131"}}, {"type": "Feature", "geometry": {"type": "Point", "coordinates": [-49.2367816, -25.464792]}, "properties": {"id": 961712927, "feat_type": "way", "quality_categories": "crossings_lacking_kerbs, missing_tags", "issue_ids": "[2, 5]", "osm_url": "https://www.openstreetmap.org/way/961712927", "josm_url": "http://127.0.0.1:8111/load_object?new_layer=false&objects=w961712927", "id_url": "https://www.openstreetmap.org/edit?editor=id&way=961712927#map=20/-25.464792/-49.2367816"}}, {"type": "Feature", "geometry": {"type": "Point", "coordinates": [-49.2380953, -25.4656739]}, "properties": {"id": 961712928, "feat_type": "way", "quality_categories": "crossings_lacking_kerbs, missing_tags", "issue_ids": "[2, 5]", "osm_url": "https://www.openstreetmap.org/way/961712928", "josm_url": "http://127.0.0.1:8111/load_object?new_layer=false&objects=w961712928", "id_url": "https://www.openstreetmap.org/edit?editor=id&way=961712928#map=20/-25.4656739/-49.2380953"}}, {"type": "Feature", "geometry": {"type": "Point", "coordinates": [-49.2379037, -25.4659296]}, "properties": {"id": 961712929, "feat_type": "way", "quality_categories": "crossings_lacking_kerbs, missing_tags", "issue_ids": "[2, 5]", "osm_url": "https://www.openstreetmap.org/way/961712929", "josm_url": "http://127.0.0.1:8111/load_object?new_layer=false&objects=w961712929", "id_url": "https://www.openstreetmap.org/edit?editor=id&way=961712929#map=20/-25.4659296/-49.2379037"}}, {"type": "Feature", "geometry": {"type": "Point", "coordinates": [-49.2187911, -25.4591412]}, "properties": {"id": 961718727, "feat_type": "way", "quality_categories": "crossings_lacking_kerbs, missing_tags", "issue_ids": "[2, 5]", "osm_url": "https://www.openstreetmap.org/way/961718727", "josm_url": "http://127.0.0.1:8111/load_object?new_layer=false&objects=w961718727", "id_url": "https://www.openstreetmap.org/edit?editor=id&way=961718727#map=20/-25.4591412/-49.2187911"}}, {"type": "Feature", "geometry": {"type": "Point", "coordinates": [-49.2196089, -25.4593916]}, "properties": {"id": 961718728, "feat_type": "way", "quality_categories": "crossings_lacking_kerbs, missing_tags", "issue_ids": "[2, 5]", "osm_url": "https://www.openstreetmap.org/way/961718728", "josm_url": "http://127.0.0.1:8111/load_object?new_layer=false&objects=w961718728", "id_url": "https://www.openstreetmap.org/edit?editor=id&way=961718728#map=20/-25.4593916/-49.2196089"}}, {"type": "Feature", "geometry": {"type": "Point", "coordinates": [-49.2197015, -25.459561]}, "properties": {"id": 961718729, "feat_type": "way", "quality_categories": "crossings_lacking_kerbs, missing_tags", "issue_ids": "[2, 5]", "osm_url": "https://www.openstreetmap.org/way/961718729", "josm_url": "http://127.0.0.1:8111/load_object?new_layer=false&objects=w961718729", "id_url": "https://www.openstreetmap.org/edit?editor=id&way=961718729#map=20/-25.459561/-49.2197015"}}, {"type": "Feature", "geometry": {"type": "Point", "coordinates": [-49.219488, -25.460124]}, "properties": {"id": 961718730, "feat_type": "way", "quality_categories": "crossings_lacking_kerbs, missing_tags", "issue_ids": "[2, 5]", "osm_url": "https://www.openstreetmap.org/way/961718730", "josm_url": "http://127.0.0.1:8111/load_object?new_layer=false&objects=w961718730", "id_url": "https://www.openstreetmap.org/edit?editor=id&way=961718730#map=20/-25.460124/-49.219488"}}, {"type": "Feature", "geometry": {"type": "Point", "coordinates": [-49.2193209, -25.4601991]}, "properties": {"id": 961718731, "feat_type": "way", "quality_categories": "crossings_lacking_kerbs, missing_tags", "issue_ids": "[2, 5]", "osm_url": "https://www.openstreetmap.org/way/961718731", "josm_url": "http://127.0.0.1:8111/load_object?new_layer=false&objects=w961718731", "id_url": "https://www.openstreetmap.org/edit?editor=id&way=961718731#map=20/-25.4601991/-49.2193209"}}, {"type": "Feature", "geometry": {"type": "Point", "coordinates": [-49.2185725, -25.4592411]}, "properties": {"id": 961718732, "feat_type": "way", "quality_categories": "crossings_lacking_kerbs, missing_tags", "issue_ids": "[2, 5]", "osm_url": "https://www.openstreetmap.org/way/961718732", "josm_url": "http://127.0.0.1:8111/load_object?new_layer=false&objects=w961718732", "id_url": "https://www.openstreetmap.org/edit?editor=id&way=961718732#map=20/-25.4592411/-49.2185725"}}, {"type": "Feature", "geometry": {"type": "Point", "coordinates": [-49.218501, -25.4599516]}, "properties": {"id": 961718733, "feat_type": "way", "quality_categories": "crossings_lacking_kerbs, missing_tags", "issue_ids": "[2, 5]", "osm_url": "https://www.openstreetmap.org/way/961718733", "josm_url": "http://127.0.0.1:8111/load_object?new_layer=false&objects=w961718733", "id_url": "https://www.openstreetmap.org/edit?editor=id&way=961718733#map=20/-25.4599516/-49.218501"}}, {"type": "Feature", "geometry": {"type": "Point", "coordinates": [-49.220208, -25.4578522]}, "properties": {"id": 961718735, "feat_type": "way", "quality_categories": "crossings_lacking_kerbs, missing_tags", "issue_ids": "[2, 5]", "osm_url": "https://www.openstreetmap.org/way/961718735", "josm_url": "http://127.0.0.1:8111/load_object?new_layer=false&objects=w961718735", "id_url": "https://www.openstreetmap.org/edit?editor=id&way=961718735#map=20/-25.4578522/-49.220208"}}, {"type": "Feature", "geometry": {"type": "Point", "coordinates": [-49.2194333, -25.4576113]}, "properties": {"id": 961718736, "feat_type": "way", "quality_categories": "crossings_lacking_kerbs, missing_tags", "issue_ids": "[2, 5]", "osm_url": "https://www.openstreetmap.org/way/961718736", "josm_url": "http://127.0.0.1:8111/load_object?new_layer=false&objects=w961718736", "id_url": "https://www.openstreetmap.org/edit?editor=id&way=961718736#map=20/-25.4576113/-49.2194333"}}, {"type": "Feature", "geometry": {"type": "Point", "coordinates": [-49.2191753, -25.4576519]}, "properties": {"id": 961718737, "feat_type": "way", "quality_categories": "crossings_lacking_kerbs, missing_tags", "issue_ids": "[2, 5]", "osm_url": "https://www.openstreetmap.org/way/961718737", "josm_url": "http://127.0.0.1:8111/load_object?new_layer=false&objects=w961718737", "id_url": "https://www.openstreetmap.org/edit?editor=id&way=961718737#map=20/-25.4576519/-49.2191753"}}, {"type": "Feature", "geometry": {"type": "Point", "coordinates": [-49.2187073, -25.4588858]}, "properties": {"id": 961718738, "feat_type": "way", "quality_categories": "crossings_lacking_kerbs, missing_tags", "issue_ids": "[2, 5]", "osm_url": "https://www.openstreetmap.org/way/961718738", "josm_url": "http://127.0.0.1:8111/load_object?new_layer=false&objects=w961718738", "id_url": "https://www.openstreetmap.org/edit?editor=id&way=961718738#map=20/-25.4588858/-49.2187073"}}, {"type": "Feature", "geometry": {"type": "Point", "coordinates": [-49.2202481, -25.4581195]}, "properties": {"id": 961718739, "feat_type": "way", "quality_categories": "crossings_lacking_kerbs, missing_tags", "issue_ids": "[2, 5]", "osm_url": "https://www.openstreetmap.org/way/961718739", "josm_url": "http://127.0.0.1:8111/load_object?new_layer=false&objects=w961718739", "id_url": "https://www.openstreetmap.org/edit?editor=id&way=961718739#map=20/-25.4581195/-49.2202481"}}, {"type": "Feature", "geometry": {"type": "Point", "coordinates": [-49.2190522, -25.4574927]}, "properties": {"id": 961718741, "feat_type": "way", "quality_categories": "crossings_lacking_kerbs, missing_tags", "issue_ids": "[2, 5]", "osm_url": "https://www.openstreetmap.org/way/961718741", "josm_url": "http://127.0.0.1:8111/load_object?new_layer=false&objects=w961718741", "id_url": "https://www.openstreetmap.org/edit?editor=id&way=961718741#map=20/-25.4574927/-49.2190522"}}, {"type": "Feature", "geometry": {"type": "Point", "coordinates": [-49.2187371, -25.4573948]}, "properties": {"id": 961718742, "feat_type": "way", "quality_categories": "crossings_lacking_kerbs, missing_tags", "issue_ids": "[2, 5]", "osm_url": "https://www.openstreetmap.org/way/961718742", "josm_url": "http://127.0.0.1:8111/load_object?new_layer=false&objects=w961718742", "id_url": "https://www.openstreetmap.org/edit?editor=id&way=961718742#map=20/-25.4573948/-49.2187371"}}, {"type": "Feature", "geometry": {"type": "Point", "coordinates": [-49.2181349, -25.4587524]}, "properties": {"id": 961718744, "feat_type": "way", "quality_categories": "crossings_lacking_kerbs, missing_tags", "issue_ids": "[2, 5]", "osm_url": "https://www.openstreetmap.org/way/961718744", "josm_url": "http://127.0.0.1:8111/load_object?new_layer=false&objects=w961718744", "id_url": "https://www.openstreetmap.org/edit?editor=id&way=961718744#map=20/-25.4587524/-49.2181349"}}, {"type": "Feature", "geometry": {"type": "Point", "coordinates": [-49.2181505, -25.458875]}, "properties": {"id": 961718745, "feat_type": "way", "quality_categories": "crossings_lacking_kerbs, missing_tags", "issue_ids": "[2, 5]", "osm_url": "https://www.openstreetmap.org/way/961718745", "josm_url": "http://127.0.0.1:8111/load_object?new_layer=false&objects=w961718745", "id_url": "https://www.openstreetmap.org/edit?editor=id&way=961718745#map=20/-25.458875/-49.2181505"}}, {"type": "Feature", "geometry": {"type": "Point", "coordinates": [-49.2185011, -25.4590524]}, "properties": {"id": 961718746, "feat_type": "way", "quality_categories": "crossings_lacking_kerbs, missing_tags", "issue_ids": "[2, 5]", "osm_url": "https://www.openstreetmap.org/way/961718746", "josm_url": "http://127.0.0.1:8111/load_object?new_layer=false&objects=w961718746", "id_url": "https://www.openstreetmap.org/edit?editor=id&way=961718746#map=20/-25.4590524/-49.2185011"}}, {"type": "Feature", "geometry": {"type": "Point", "coordinates": [-49.2392953, -25.4640019]}, "properties": {"id": 961721013, "feat_type": "way", "quality_categories": "crossings_lacking_kerbs, missing_tags", "issue_ids": "[2, 5]", "osm_url": "https://www.openstreetmap.org/way/961721013", "josm_url": "http://127.0.0.1:8111/load_object?new_layer=false&objects=w961721013", "id_url": "https://www.openstreetmap.org/edit?editor=id&way=961721013#map=20/-25.4640019/-49.2392953"}}, {"type": "Feature", "geometry": {"type": "Point", "coordinates": [-49.2411109, -25.4651121]}, "properties": {"id": 961721014, "feat_type": "way", "quality_categories": "crossings_lacking_kerbs, missing_tags", "issue_ids": "[2, 5]", "osm_url": "https://www.openstreetmap.org/way/961721014", "josm_url": "http://127.0.0.1:8111/load_object?new_layer=false&objects=w961721014", "id_url": "https://www.openstreetmap.org/edit?editor=id&way=961721014#map=20/-25.4651121/-49.2411109"}}, {"type": "Feature", "geometry": {"type": "Point", "coordinates": [-49.2411833, -25.4653187]}, "properties": {"id": 961721015, "feat_type": "way", "quality_categories": "crossings_lacking_kerbs, missing_tags, older_than_five_years", "issue_ids": "[38, 2, 5]", "osm_url": "https://www.openstreetmap.org/way/961721015", "josm_url": "http://127.0.0.1:8111/load_object?new_layer=false&objects=w961721015", "id_url": "https://www.openstreetmap.org/edit?editor=id&way=961721015#map=20/-25.4653187/-49.2411833"}}, {"type": "Feature", "geometry": {"type": "Point", "coordinates": [-49.2391379, -25.4641145]}, "properties": {"id": 961721016, "feat_type": "way", "quality_categories": "crossings_lacking_kerbs, missing_tags", "issue_ids": "[2, 5]", "osm_url": "https://www.openstreetmap.org/way/961721016", "josm_url": "http://127.0.0.1:8111/load_object?new_layer=false&objects=w961721016", "id_url": "https://www.openstreetmap.org/edit?editor=id&way=961721016#map=20/-25.4641145/-49.2391379"}}, {"type": "Feature", "geometry": {"type": "Point", "coordinates": [-49.2390097, -25.4644106]}, "properties": {"id": 961721017, "feat_type": "way", "quality_categories": "crossings_lacking_kerbs, missing_tags, older_than_five_years", "issue_ids": "[38, 2, 5]", "osm_url": "https://www.openstreetmap.org/way/961721017", "josm_url": "http://127.0.0.1:8111/load_object?new_layer=false&objects=w961721017", "id_url": "https://www.openstreetmap.org/edit?editor=id&way=961721017#map=20/-25.4644106/-49.2390097"}}, {"type": "Feature", "geometry": {"type": "Point", "coordinates": [-49.2389784, -25.4643249]}, "properties": {"id": 961721018, "feat_type": "way", "quality_categories": "crossings_lacking_kerbs, missing_tags", "issue_ids": "[2, 5]", "osm_url": "https://www.openstreetmap.org/way/961721018", "josm_url": "http://127.0.0.1:8111/load_object?new_layer=false&objects=w961721018", "id_url": "https://www.openstreetmap.org/edit?editor=id&way=961721018#map=20/-25.4643249/-49.2389784"}}, {"type": "Feature", "geometry": {"type": "Point", "coordinates": [-49.2393038, -25.4645923]}, "properties": {"id": 961721019, "feat_type": "way", "quality_categories": "crossings_lacking_kerbs, missing_tags, older_than_five_years", "issue_ids": "[38, 2, 5]", "osm_url": "https://www.openstreetmap.org/way/961721019", "josm_url": "http://127.0.0.1:8111/load_object?new_layer=false&objects=w961721019", "id_url": "https://www.openstreetmap.org/edit?editor=id&way=961721019#map=20/-25.4645923/-49.2393038"}}, {"type": "Feature", "geometry": {"type": "Point", "coordinates": [-49.239445, -25.4646796]}, "properties": {"id": 961721020, "feat_type": "way", "quality_categories": "crossings_lacking_kerbs, missing_tags, older_than_five_years", "issue_ids": "[38, 2, 5]", "osm_url": "https://www.openstreetmap.org/way/961721020", "josm_url": "http://127.0.0.1:8111/load_object?new_layer=false&objects=w961721020", "id_url": "https://www.openstreetmap.org/edit?editor=id&way=961721020#map=20/-25.4646796/-49.239445"}}, {"type": "Feature", "geometry": {"type": "Point", "coordinates": [-49.2397392, -25.4648614]}, "properties": {"id": 961721021, "feat_type": "way", "quality_categories": "crossings_lacking_kerbs, missing_tags, older_than_five_years", "issue_ids": "[38, 2, 5]", "osm_url": "https://www.openstreetmap.org/way/961721021", "josm_url": "http://127.0.0.1:8111/load_object?new_layer=false&objects=w961721021", "id_url": "https://www.openstreetmap.org/edit?editor=id&way=961721021#map=20/-25.4648614/-49.2397392"}}, {"type": "Feature", "geometry": {"type": "Point", "coordinates": [-49.2398787, -25.4649476]}, "properties": {"id": 961721022, "feat_type": "way", "quality_categories": "crossings_lacking_kerbs, missing_tags, older_than_five_years", "issue_ids": "[38, 2, 5]", "osm_url": "https://www.openstreetmap.org/way/961721022", "josm_url": "http://127.0.0.1:8111/load_object?new_layer=false&objects=w961721022", "id_url": "https://www.openstreetmap.org/edit?editor=id&way=961721022#map=20/-25.4649476/-49.2398787"}}, {"type": "Feature", "geometry": {"type": "Point", "coordinates": [-49.2401745, -25.4651304]}, "properties": {"id": 961721023, "feat_type": "way", "quality_categories": "crossings_lacking_kerbs, missing_tags, older_than_five_years", "issue_ids": "[38, 2, 5]", "osm_url": "https://www.openstreetmap.org/way/961721023", "josm_url": "http://127.0.0.1:8111/load_object?new_layer=false&objects=w961721023", "id_url": "https://www.openstreetmap.org/edit?editor=id&way=961721023#map=20/-25.4651304/-49.2401745"}}, {"type": "Feature", "geometry": {"type": "Point", "coordinates": [-49.2244169, -25.4646599]}, "properties": {"id": 981390729, "feat_type": "way", "quality_categories": "crossings_lacking_kerbs, missing_tags", "issue_ids": "[2, 5]", "osm_url": "https://www.openstreetmap.org/way/981390729", "josm_url": "http://127.0.0.1:8111/load_object?new_layer=false&objects=w981390729", "id_url": "https://www.openstreetmap.org/edit?editor=id&way=981390729#map=20/-25.4646599/-49.2244169"}}, {"type": "Feature", "geometry": {"type": "Point", "coordinates": [-49.2243021, -25.4645268]}, "properties": {"id": 981390730, "feat_type": "way", "quality_categories": "crossings_lacking_kerbs, missing_tags", "issue_ids": "[2, 5]", "osm_url": "https://www.openstreetmap.org/way/981390730", "josm_url": "http://127.0.0.1:8111/load_object?new_layer=false&objects=w981390730", "id_url": "https://www.openstreetmap.org/edit?editor=id&way=981390730#map=20/-25.4645268/-49.2243021"}}, {"type": "Feature", "geometry": {"type": "Point", "coordinates": [-49.2236975, -25.4643972]}, "properties": {"id": 981391094, "feat_type": "way", "quality_categories": "crossings_lacking_kerbs, missing_tags", "issue_ids": "[2, 5]", "osm_url": "https://www.openstreetmap.org/way/981391094", "josm_url": "http://127.0.0.1:8111/load_object?new_layer=false&objects=w981391094", "id_url": "https://www.openstreetmap.org/edit?editor=id&way=981391094#map=20/-25.4643972/-49.2236975"}}, {"type": "Feature", "geometry": {"type": "Point", "coordinates": [-49.223495, -25.4643537]}, "properties": {"id": 981391096, "feat_type": "way", "quality_categories": "crossings_lacking_kerbs, missing_tags", "issue_ids": "[2, 5]", "osm_url": "https://www.openstreetmap.org/way/981391096", "josm_url": "http://127.0.0.1:8111/load_object?new_layer=false&objects=w981391096", "id_url": "https://www.openstreetmap.org/edit?editor=id&way=981391096#map=20/-25.4643537/-49.223495"}}, {"type": "Feature", "geometry": {"type": "Point", "coordinates": [-49.2229253, -25.4642315]}, "properties": {"id": 981391097, "feat_type": "way", "quality_categories": "crossings_lacking_kerbs, missing_tags", "issue_ids": "[2, 5]", "osm_url": "https://www.openstreetmap.org/way/981391097", "josm_url": "http://127.0.0.1:8111/load_object?new_layer=false&objects=w981391097", "id_url": "https://www.openstreetmap.org/edit?editor=id&way=981391097#map=20/-25.4642315/-49.2229253"}}, {"type": "Feature", "geometry": {"type": "Point", "coordinates": [-49.2650594, -25.3492181]}, "properties": {"id": 1001598242, "feat_type": "way", "quality_categories": "crossings_lacking_kerbs, missing_tags, replaceable_values", "issue_ids": "[4, 2, 5]", "osm_url": "https://www.openstreetmap.org/way/1001598242", "josm_url": "http://127.0.0.1:8111/load_object?new_layer=false&objects=w1001598242", "id_url": "https://www.openstreetmap.org/edit?editor=id&way=1001598242#map=20/-25.3492181/-49.2650594"}}, {"type": "Feature", "geometry": {"type": "Point", "coordinates": [-49.2929997, -25.4674372]}, "properties": {"id": 1020755063, "feat_type": "way", "quality_categories": "disjointed_geometries, missing_tags, replaceable_values", "issue_ids": "[4, 2, 3]", "osm_url": "https://www.openstreetmap.org/way/1020755063", "josm_url": "http://127.0.0.1:8111/load_object?new_layer=false&objects=w1020755063", "id_url": "https://www.openstreetmap.org/edit?editor=id&way=1020755063#map=20/-25.4674372/-49.2929997"}}, {"type": "Feature", "geometry": {"type": "Point", "coordinates": [-49.2958626, -25.5080244]}, "properties": {"id": 1025376342, "feat_type": "way", "quality_categories": "disjointed_geometries, missing_tags", "issue_ids": "[2, 3]", "osm_url": "https://www.openstreetmap.org/way/1025376342", "josm_url": "http://127.0.0.1:8111/load_object?new_layer=false&objects=w1025376342", "id_url": "https://www.openstreetmap.org/edit?editor=id&way=1025376342#map=20/-25.5080244/-49.2958626"}}, {"type": "Feature", "geometry": {"type": "Point", "coordinates": [-49.2957675, -25.5117043]}, "properties": {"id": 1025376347, "feat_type": "way", "quality_categories": "disjointed_geometries, missing_tags", "issue_ids": "[2, 3]", "osm_url": "https://www.openstreetmap.org/way/1025376347", "josm_url": "http://127.0.0.1:8111/load_object?new_layer=false&objects=w1025376347", "id_url": "https://www.openstreetmap.org/edit?editor=id&way=1025376347#map=20/-25.5117043/-49.2957675"}}, {"type": "Feature", "geometry": {"type": "Point", "coordinates": [-49.2414603, -25.4647516]}, "properties": {"id": 1042389451, "feat_type": "way", "quality_categories": "missing_tags", "issue_ids": "[2]", "osm_url": "https://www.openstreetmap.org/way/1042389451", "josm_url": "http://127.0.0.1:8111/load_object?new_layer=false&objects=w1042389451", "id_url": "https://www.openstreetmap.org/edit?editor=id&way=1042389451#map=20/-25.4647516/-49.2414603"}}, {"type": "Feature", "geometry": {"type": "Point", "coordinates": [-49.2395499, -25.4635718]}, "properties": {"id": 1042389452, "feat_type": "way", "quality_categories": "crossings_lacking_kerbs, missing_tags", "issue_ids": "[2, 5]", "osm_url": "https://www.openstreetmap.org/way/1042389452", "josm_url": "http://127.0.0.1:8111/load_object?new_layer=false&objects=w1042389452", "id_url": "https://www.openstreetmap.org/edit?editor=id&way=1042389452#map=20/-25.4635718/-49.2395499"}}, {"type": "Feature", "geometry": {"type": "Point", "coordinates": [-49.2540675, -25.4169751]}, "properties": {"id": 1042441187, "feat_type": "way", "quality_categories": "crossings_lacking_kerbs, missing_tags, replaceable_values", "issue_ids": "[4, 2, 5]", "osm_url": "https://www.openstreetmap.org/way/1042441187", "josm_url": "http://127.0.0.1:8111/load_object?new_layer=false&objects=w1042441187", "id_url": "https://www.openstreetmap.org/edit?editor=id&way=1042441187#map=20/-25.4169751/-49.2540675"}}, {"type": "Feature", "geometry": {"type": "Point", "coordinates": [-49.2539727, -25.4170007]}, "properties": {"id": 1042441188, "feat_type": "way", "quality_categories": "crossings_lacking_kerbs, missing_tags, replaceable_values", "issue_ids": "[4, 2, 5]", "osm_url": "https://www.openstreetmap.org/way/1042441188", "josm_url": "http://127.0.0.1:8111/load_object?new_layer=false&objects=w1042441188", "id_url": "https://www.openstreetmap.org/edit?editor=id&way=1042441188#map=20/-25.4170007/-49.2539727"}}, {"type": "Feature", "geometry": {"type": "Point", "coordinates": [-49.2351606, -25.4462674]}, "properties": {"id": 1042657752, "feat_type": "way", "quality_categories": "crossings_lacking_kerbs, missing_tags, replaceable_values", "issue_ids": "[4, 2, 5]", "osm_url": "https://www.openstreetmap.org/way/1042657752", "josm_url": "http://127.0.0.1:8111/load_object?new_layer=false&objects=w1042657752", "id_url": "https://www.openstreetmap.org/edit?editor=id&way=1042657752#map=20/-25.4462674/-49.2351606"}}, {"type": "Feature", "geometry": {"type": "Point", "coordinates": [-49.2349951, -25.4457844]}, "properties": {"id": 1042657755, "feat_type": "way", "quality_categories": "crossings_lacking_kerbs, missing_tags, replaceable_values", "issue_ids": "[4, 2, 5]", "osm_url": "https://www.openstreetmap.org/way/1042657755", "josm_url": "http://127.0.0.1:8111/load_object?new_layer=false&objects=w1042657755", "id_url": "https://www.openstreetmap.org/edit?editor=id&way=1042657755#map=20/-25.4457844/-49.2349951"}}, {"type": "Feature", "geometry": {"type": "Point", "coordinates": [-49.2438778, -25.4469258]}, "properties": {"id": 1042667165, "feat_type": "way", "quality_categories": "crossings_lacking_kerbs, missing_tags, replaceable_values", "issue_ids": "[4, 2, 5]", "osm_url": "https://www.openstreetmap.org/way/1042667165", "josm_url": "http://127.0.0.1:8111/load_object?new_layer=false&objects=w1042667165", "id_url": "https://www.openstreetmap.org/edit?editor=id&way=1042667165#map=20/-25.4469258/-49.2438778"}}, {"type": "Feature", "geometry": {"type": "Point", "coordinates": [-49.2441738, -25.4471867]}, "properties": {"id": 1042667167, "feat_type": "way", "quality_categories": "crossings_lacking_kerbs, missing_tags, replaceable_values", "issue_ids": "[4, 2, 5]", "osm_url": "https://www.openstreetmap.org/way/1042667167", "josm_url": "http://127.0.0.1:8111/load_object?new_layer=false&objects=w1042667167", "id_url": "https://www.openstreetmap.org/edit?editor=id&way=1042667167#map=20/-25.4471867/-49.2441738"}}, {"type": "Feature", "geometry": {"type": "Point", "coordinates": [-49.2454221, -25.4484597]}, "properties": {"id": 1042667168, "feat_type": "way", "quality_categories": "crossings_lacking_kerbs, missing_tags", "issue_ids": "[2, 5]", "osm_url": "https://www.openstreetmap.org/way/1042667168", "josm_url": "http://127.0.0.1:8111/load_object?new_layer=false&objects=w1042667168", "id_url": "https://www.openstreetmap.org/edit?editor=id&way=1042667168#map=20/-25.4484597/-49.2454221"}}, {"type": "Feature", "geometry": {"type": "Point", "coordinates": [-49.2421763, -25.4457273]}, "properties": {"id": 1042667172, "feat_type": "way", "quality_categories": "crossings_lacking_kerbs, missing_tags, replaceable_values", "issue_ids": "[4, 2, 5]", "osm_url": "https://www.openstreetmap.org/way/1042667172", "josm_url": "http://127.0.0.1:8111/load_object?new_layer=false&objects=w1042667172", "id_url": "https://www.openstreetmap.org/edit?editor=id&way=1042667172#map=20/-25.4457273/-49.2421763"}}, {"type": "Feature", "geometry": {"type": "Point", "coordinates": [-49.2295528, -25.4500646]}, "properties": {"id": 1042698047, "feat_type": "way", "quality_categories": "crossings_lacking_kerbs, missing_tags", "issue_ids": "[2, 5]", "osm_url": "https://www.openstreetmap.org/way/1042698047", "josm_url": "http://127.0.0.1:8111/load_object?new_layer=false&objects=w1042698047", "id_url": "https://www.openstreetmap.org/edit?editor=id&way=1042698047#map=20/-25.4500646/-49.2295528"}}, {"type": "Feature", "geometry": {"type": "Point", "coordinates": [-49.2576373, -25.4363994]}, "properties": {"id": 1047723997, "feat_type": "way", "quality_categories": "disjointed_geometries, missing_tags, replaceable_values", "issue_ids": "[4, 2, 3]", "osm_url": "https://www.openstreetmap.org/way/1047723997", "josm_url": "http://127.0.0.1:8111/load_object?new_layer=false&objects=w1047723997", "id_url": "https://www.openstreetmap.org/edit?editor=id&way=1047723997#map=20/-25.4363994/-49.2576373"}}, {"type": "Feature", "geometry": {"type": "Point", "coordinates": [-49.2792205, -25.4441152]}, "properties": {"id": 1049505888, "feat_type": "way", "quality_categories": "crossings_lacking_kerbs, improper_keys, missing_tags", "issue_ids": "[20, 2, 5]", "osm_url": "https://www.openstreetmap.org/way/1049505888", "josm_url": "http://127.0.0.1:8111/load_object?new_layer=false&objects=w1049505888", "id_url": "https://www.openstreetmap.org/edit?editor=id&way=1049505888#map=20/-25.4441152/-49.2792205"}}, {"type": "Feature", "geometry": {"type": "Point", "coordinates": [-49.2450372, -25.4460155]}, "properties": {"id": 1049788955, "feat_type": "way", "quality_categories": "crossings_lacking_kerbs, missing_tags, replaceable_values", "issue_ids": "[4, 2, 5]", "osm_url": "https://www.openstreetmap.org/way/1049788955", "josm_url": "http://127.0.0.1:8111/load_object?new_layer=false&objects=w1049788955", "id_url": "https://www.openstreetmap.org/edit?editor=id&way=1049788955#map=20/-25.4460155/-49.2450372"}}, {"type": "Feature", "geometry": {"type": "Point", "coordinates": [-49.2447085, -25.4460945]}, "properties": {"id": 1049788956, "feat_type": "way", "quality_categories": "crossings_lacking_kerbs, missing_tags, replaceable_values", "issue_ids": "[4, 2, 5]", "osm_url": "https://www.openstreetmap.org/way/1049788956", "josm_url": "http://127.0.0.1:8111/load_object?new_layer=false&objects=w1049788956", "id_url": "https://www.openstreetmap.org/edit?editor=id&way=1049788956#map=20/-25.4460945/-49.2447085"}}, {"type": "Feature", "geometry": {"type": "Point", "coordinates": [-49.2441997, -25.4470531]}, "properties": {"id": 1049788957, "feat_type": "way", "quality_categories": "crossings_lacking_kerbs, missing_tags, replaceable_values", "issue_ids": "[4, 2, 5]", "osm_url": "https://www.openstreetmap.org/way/1049788957", "josm_url": "http://127.0.0.1:8111/load_object?new_layer=false&objects=w1049788957", "id_url": "https://www.openstreetmap.org/edit?editor=id&way=1049788957#map=20/-25.4470531/-49.2441997"}}, {"type": "Feature", "geometry": {"type": "Point", "coordinates": [-49.2445724, -25.4469599]}, "properties": {"id": 1049788959, "feat_type": "way", "quality_categories": "crossings_lacking_kerbs, missing_tags, replaceable_values", "issue_ids": "[4, 2, 5]", "osm_url": "https://www.openstreetmap.org/way/1049788959", "josm_url": "http://127.0.0.1:8111/load_object?new_layer=false&objects=w1049788959", "id_url": "https://www.openstreetmap.org/edit?editor=id&way=1049788959#map=20/-25.4469599/-49.2445724"}}, {"type": "Feature", "geometry": {"type": "Point", "coordinates": [-49.2444455, -25.4461631]}, "properties": {"id": 1049788961, "feat_type": "way", "quality_categories": "crossings_lacking_kerbs, missing_tags, replaceable_values", "issue_ids": "[4, 2, 5]", "osm_url": "https://www.openstreetmap.org/way/1049788961", "josm_url": "http://127.0.0.1:8111/load_object?new_layer=false&objects=w1049788961", "id_url": "https://www.openstreetmap.org/edit?editor=id&way=1049788961#map=20/-25.4461631/-49.2444455"}}, {"type": "Feature", "geometry": {"type": "Point", "coordinates": [-49.3387847, -25.3991699]}, "properties": {"id": 1050447236, "feat_type": "way", "quality_categories": "disjointed_geometries, missing_tags", "issue_ids": "[2, 3]", "osm_url": "https://www.openstreetmap.org/way/1050447236", "josm_url": "http://127.0.0.1:8111/load_object?new_layer=false&objects=w1050447236", "id_url": "https://www.openstreetmap.org/edit?editor=id&way=1050447236#map=20/-25.3991699/-49.3387847"}}, {"type": "Feature", "geometry": {"type": "Point", "coordinates": [-49.3367393, -25.3998748]}, "properties": {"id": 1050447237, "feat_type": "way", "quality_categories": "disjointed_geometries, missing_tags", "issue_ids": "[2, 3]", "osm_url": "https://www.openstreetmap.org/way/1050447237", "josm_url": "http://127.0.0.1:8111/load_object?new_layer=false&objects=w1050447237", "id_url": "https://www.openstreetmap.org/edit?editor=id&way=1050447237#map=20/-25.3998748/-49.3367393"}}, {"type": "Feature", "geometry": {"type": "Point", "coordinates": [-49.3380191, -25.3994249]}, "properties": {"id": 1050447239, "feat_type": "way", "quality_categories": "disjointed_geometries, missing_tags", "issue_ids": "[2, 3]", "osm_url": "https://www.openstreetmap.org/way/1050447239", "josm_url": "http://127.0.0.1:8111/load_object?new_layer=false&objects=w1050447239", "id_url": "https://www.openstreetmap.org/edit?editor=id&way=1050447239#map=20/-25.3994249/-49.3380191"}}, {"type": "Feature", "geometry": {"type": "Point", "coordinates": [-49.2226269, -25.4708652]}, "properties": {"id": 1062998650, "feat_type": "way", "quality_categories": "missing_tags", "issue_ids": "[2]", "osm_url": "https://www.openstreetmap.org/way/1062998650", "josm_url": "http://127.0.0.1:8111/load_object?new_layer=false&objects=w1062998650", "id_url": "https://www.openstreetmap.org/edit?editor=id&way=1062998650#map=20/-25.4708652/-49.2226269"}}, {"type": "Feature", "geometry": {"type": "Point", "coordinates": [-49.2230617, -25.47111]}, "properties": {"id": 1062998651, "feat_type": "way", "quality_categories": "missing_tags", "issue_ids": "[2]", "osm_url": "https://www.openstreetmap.org/way/1062998651", "josm_url": "http://127.0.0.1:8111/load_object?new_layer=false&objects=w1062998651", "id_url": "https://www.openstreetmap.org/edit?editor=id&way=1062998651#map=20/-25.47111/-49.2230617"}}, {"type": "Feature", "geometry": {"type": "Point", "coordinates": [-49.222443, -25.4709071]}, "properties": {"id": 1062998652, "feat_type": "way", "quality_categories": "missing_tags", "issue_ids": "[2]", "osm_url": "https://www.openstreetmap.org/way/1062998652", "josm_url": "http://127.0.0.1:8111/load_object?new_layer=false&objects=w1062998652", "id_url": "https://www.openstreetmap.org/edit?editor=id&way=1062998652#map=20/-25.4709071/-49.222443"}}, {"type": "Feature", "geometry": {"type": "Point", "coordinates": [-49.2232229, -25.4710721]}, "properties": {"id": 1062998653, "feat_type": "way", "quality_categories": "missing_tags", "issue_ids": "[2]", "osm_url": "https://www.openstreetmap.org/way/1062998653", "josm_url": "http://127.0.0.1:8111/load_object?new_layer=false&objects=w1062998653", "id_url": "https://www.openstreetmap.org/edit?editor=id&way=1062998653#map=20/-25.4710721/-49.2232229"}}, {"type": "Feature", "geometry": {"type": "Point", "coordinates": [-49.2247552, -25.470288]}, "properties": {"id": 1062998654, "feat_type": "way", "quality_categories": "missing_tags", "issue_ids": "[2]", "osm_url": "https://www.openstreetmap.org/way/1062998654", "josm_url": "http://127.0.0.1:8111/load_object?new_layer=false&objects=w1062998654", "id_url": "https://www.openstreetmap.org/edit?editor=id&way=1062998654#map=20/-25.470288/-49.2247552"}}, {"type": "Feature", "geometry": {"type": "Point", "coordinates": [-49.2219709, -25.4715312]}, "properties": {"id": 1062998655, "feat_type": "way", "quality_categories": "missing_tags", "issue_ids": "[2]", "osm_url": "https://www.openstreetmap.org/way/1062998655", "josm_url": "http://127.0.0.1:8111/load_object?new_layer=false&objects=w1062998655", "id_url": "https://www.openstreetmap.org/edit?editor=id&way=1062998655#map=20/-25.4715312/-49.2219709"}}, {"type": "Feature", "geometry": {"type": "Point", "coordinates": [-49.2353315, -25.4667454]}, "properties": {"id": 1063393871, "feat_type": "way", "quality_categories": "missing_tags", "issue_ids": "[2]", "osm_url": "https://www.openstreetmap.org/way/1063393871", "josm_url": "http://127.0.0.1:8111/load_object?new_layer=false&objects=w1063393871", "id_url": "https://www.openstreetmap.org/edit?editor=id&way=1063393871#map=20/-25.4667454/-49.2353315"}}, {"type": "Feature", "geometry": {"type": "Point", "coordinates": [-49.2357819, -25.467021]}, "properties": {"id": 1063393872, "feat_type": "way", "quality_categories": "missing_tags", "issue_ids": "[2]", "osm_url": "https://www.openstreetmap.org/way/1063393872", "josm_url": "http://127.0.0.1:8111/load_object?new_layer=false&objects=w1063393872", "id_url": "https://www.openstreetmap.org/edit?editor=id&way=1063393872#map=20/-25.467021/-49.2357819"}}, {"type": "Feature", "geometry": {"type": "Point", "coordinates": [-49.2237318, -25.4539618]}, "properties": {"id": 1064632511, "feat_type": "way", "quality_categories": "missing_tags", "issue_ids": "[2]", "osm_url": "https://www.openstreetmap.org/way/1064632511", "josm_url": "http://127.0.0.1:8111/load_object?new_layer=false&objects=w1064632511", "id_url": "https://www.openstreetmap.org/edit?editor=id&way=1064632511#map=20/-25.4539618/-49.2237318"}}, {"type": "Feature", "geometry": {"type": "Point", "coordinates": [-49.2232559, -25.4552141]}, "properties": {"id": 1064632512, "feat_type": "way", "quality_categories": "missing_tags", "issue_ids": "[2]", "osm_url": "https://www.openstreetmap.org/way/1064632512", "josm_url": "http://127.0.0.1:8111/load_object?new_layer=false&objects=w1064632512", "id_url": "https://www.openstreetmap.org/edit?editor=id&way=1064632512#map=20/-25.4552141/-49.2232559"}}, {"type": "Feature", "geometry": {"type": "Point", "coordinates": [-49.2387221, -25.4588579]}, "properties": {"id": 1064948978, "feat_type": "way", "quality_categories": "crossings_lacking_kerbs, missing_tags", "issue_ids": "[2, 5]", "osm_url": "https://www.openstreetmap.org/way/1064948978", "josm_url": "http://127.0.0.1:8111/load_object?new_layer=false&objects=w1064948978", "id_url": "https://www.openstreetmap.org/edit?editor=id&way=1064948978#map=20/-25.4588579/-49.2387221"}}, {"type": "Feature", "geometry": {"type": "Point", "coordinates": [-49.2399328, -25.4572235]}, "properties": {"id": 1064948979, "feat_type": "way", "quality_categories": "crossings_lacking_kerbs, missing_tags", "issue_ids": "[2, 5]", "osm_url": "https://www.openstreetmap.org/way/1064948979", "josm_url": "http://127.0.0.1:8111/load_object?new_layer=false&objects=w1064948979", "id_url": "https://www.openstreetmap.org/edit?editor=id&way=1064948979#map=20/-25.4572235/-49.2399328"}}, {"type": "Feature", "geometry": {"type": "Point", "coordinates": [-49.2874279, -25.4655921]}, "properties": {"id": 1065693113, "feat_type": "way", "quality_categories": "crossings_lacking_kerbs, missing_tags", "issue_ids": "[2, 5]", "osm_url": "https://www.openstreetmap.org/way/1065693113", "josm_url": "http://127.0.0.1:8111/load_object?new_layer=false&objects=w1065693113", "id_url": "https://www.openstreetmap.org/edit?editor=id&way=1065693113#map=20/-25.4655921/-49.2874279"}}, {"type": "Feature", "geometry": {"type": "Point", "coordinates": [-49.2869915, -25.4645948]}, "properties": {"id": 1065693114, "feat_type": "way", "quality_categories": "crossings_lacking_kerbs, missing_tags", "issue_ids": "[2, 5]", "osm_url": "https://www.openstreetmap.org/way/1065693114", "josm_url": "http://127.0.0.1:8111/load_object?new_layer=false&objects=w1065693114", "id_url": "https://www.openstreetmap.org/edit?editor=id&way=1065693114#map=20/-25.4645948/-49.2869915"}}, {"type": "Feature", "geometry": {"type": "Point", "coordinates": [-49.2265098, -25.4551443]}, "properties": {"id": 1065698091, "feat_type": "way", "quality_categories": "missing_tags", "issue_ids": "[2]", "osm_url": "https://www.openstreetmap.org/way/1065698091", "josm_url": "http://127.0.0.1:8111/load_object?new_layer=false&objects=w1065698091", "id_url": "https://www.openstreetmap.org/edit?editor=id&way=1065698091#map=20/-25.4551443/-49.2265098"}}, {"type": "Feature", "geometry": {"type": "Point", "coordinates": [-49.226957, -25.456073]}, "properties": {"id": 1065698092, "feat_type": "way", "quality_categories": "missing_tags", "issue_ids": "[2]", "osm_url": "https://www.openstreetmap.org/way/1065698092", "josm_url": "http://127.0.0.1:8111/load_object?new_layer=false&objects=w1065698092", "id_url": "https://www.openstreetmap.org/edit?editor=id&way=1065698092#map=20/-25.456073/-49.226957"}}, {"type": "Feature", "geometry": {"type": "Point", "coordinates": [-49.2268805, -25.4561913]}, "properties": {"id": 1065698093, "feat_type": "way", "quality_categories": "missing_tags", "issue_ids": "[2]", "osm_url": "https://www.openstreetmap.org/way/1065698093", "josm_url": "http://127.0.0.1:8111/load_object?new_layer=false&objects=w1065698093", "id_url": "https://www.openstreetmap.org/edit?editor=id&way=1065698093#map=20/-25.4561913/-49.2268805"}}, {"type": "Feature", "geometry": {"type": "Point", "coordinates": [-49.2261577, -25.4564789]}, "properties": {"id": 1065698094, "feat_type": "way", "quality_categories": "missing_tags", "issue_ids": "[2]", "osm_url": "https://www.openstreetmap.org/way/1065698094", "josm_url": "http://127.0.0.1:8111/load_object?new_layer=false&objects=w1065698094", "id_url": "https://www.openstreetmap.org/edit?editor=id&way=1065698094#map=20/-25.4564789/-49.2261577"}}, {"type": "Feature", "geometry": {"type": "Point", "coordinates": [-49.2262946, -25.4552251]}, "properties": {"id": 1065698097, "feat_type": "way", "quality_categories": "missing_tags", "issue_ids": "[2]", "osm_url": "https://www.openstreetmap.org/way/1065698097", "josm_url": "http://127.0.0.1:8111/load_object?new_layer=false&objects=w1065698097", "id_url": "https://www.openstreetmap.org/edit?editor=id&way=1065698097#map=20/-25.4552251/-49.2262946"}}, {"type": "Feature", "geometry": {"type": "Point", "coordinates": [-49.2249842, -25.4558925]}, "properties": {"id": 1065698099, "feat_type": "way", "quality_categories": "missing_tags", "issue_ids": "[2]", "osm_url": "https://www.openstreetmap.org/way/1065698099", "josm_url": "http://127.0.0.1:8111/load_object?new_layer=false&objects=w1065698099", "id_url": "https://www.openstreetmap.org/edit?editor=id&way=1065698099#map=20/-25.4558925/-49.2249842"}}, {"type": "Feature", "geometry": {"type": "Point", "coordinates": [-49.2279349, -25.4558538]}, "properties": {"id": 1067391626, "feat_type": "way", "quality_categories": "missing_tags", "issue_ids": "[2]", "osm_url": "https://www.openstreetmap.org/way/1067391626", "josm_url": "http://127.0.0.1:8111/load_object?new_layer=false&objects=w1067391626", "id_url": "https://www.openstreetmap.org/edit?editor=id&way=1067391626#map=20/-25.4558538/-49.2279349"}}, {"type": "Feature", "geometry": {"type": "Point", "coordinates": [-49.2276336, -25.4572642]}, "properties": {"id": 1067441031, "feat_type": "way", "quality_categories": "missing_tags", "issue_ids": "[2]", "osm_url": "https://www.openstreetmap.org/way/1067441031", "josm_url": "http://127.0.0.1:8111/load_object?new_layer=false&objects=w1067441031", "id_url": "https://www.openstreetmap.org/edit?editor=id&way=1067441031#map=20/-25.4572642/-49.2276336"}}, {"type": "Feature", "geometry": {"type": "Point", "coordinates": [-49.239633, -25.4585688]}, "properties": {"id": 1068069659, "feat_type": "way", "quality_categories": "missing_tags", "issue_ids": "[2]", "osm_url": "https://www.openstreetmap.org/way/1068069659", "josm_url": "http://127.0.0.1:8111/load_object?new_layer=false&objects=w1068069659", "id_url": "https://www.openstreetmap.org/edit?editor=id&way=1068069659#map=20/-25.4585688/-49.239633"}}, {"type": "Feature", "geometry": {"type": "Point", "coordinates": [-49.2407302, -25.4593109]}, "properties": {"id": 1068069660, "feat_type": "way", "quality_categories": "missing_tags", "issue_ids": "[2]", "osm_url": "https://www.openstreetmap.org/way/1068069660", "josm_url": "http://127.0.0.1:8111/load_object?new_layer=false&objects=w1068069660", "id_url": "https://www.openstreetmap.org/edit?editor=id&way=1068069660#map=20/-25.4593109/-49.2407302"}}, {"type": "Feature", "geometry": {"type": "Point", "coordinates": [-49.2255477, -25.4581554]}, "properties": {"id": 1068675668, "feat_type": "way", "quality_categories": "crossings_lacking_kerbs, missing_tags", "issue_ids": "[2, 5]", "osm_url": "https://www.openstreetmap.org/way/1068675668", "josm_url": "http://127.0.0.1:8111/load_object?new_layer=false&objects=w1068675668", "id_url": "https://www.openstreetmap.org/edit?editor=id&way=1068675668#map=20/-25.4581554/-49.2255477"}}, {"type": "Feature", "geometry": {"type": "Point", "coordinates": [-49.2256716, -25.457996]}, "properties": {"id": 1068675669, "feat_type": "way", "quality_categories": "crossings_lacking_kerbs, missing_tags", "issue_ids": "[2, 5]", "osm_url": "https://www.openstreetmap.org/way/1068675669", "josm_url": "http://127.0.0.1:8111/load_object?new_layer=false&objects=w1068675669", "id_url": "https://www.openstreetmap.org/edit?editor=id&way=1068675669#map=20/-25.457996/-49.2256716"}}, {"type": "Feature", "geometry": {"type": "Point", "coordinates": [-49.2267082, -25.4575882]}, "properties": {"id": 1068675670, "feat_type": "way", "quality_categories": "crossings_lacking_kerbs, missing_tags", "issue_ids": "[2, 5]", "osm_url": "https://www.openstreetmap.org/way/1068675670", "josm_url": "http://127.0.0.1:8111/load_object?new_layer=false&objects=w1068675670", "id_url": "https://www.openstreetmap.org/edit?editor=id&way=1068675670#map=20/-25.4575882/-49.2267082"}}, {"type": "Feature", "geometry": {"type": "Point", "coordinates": [-49.2273772, -25.457325]}, "properties": {"id": 1068675671, "feat_type": "way", "quality_categories": "crossings_lacking_kerbs, missing_tags", "issue_ids": "[2, 5]", "osm_url": "https://www.openstreetmap.org/way/1068675671", "josm_url": "http://127.0.0.1:8111/load_object?new_layer=false&objects=w1068675671", "id_url": "https://www.openstreetmap.org/edit?editor=id&way=1068675671#map=20/-25.457325/-49.2273772"}}, {"type": "Feature", "geometry": {"type": "Point", "coordinates": [-49.2265294, -25.4575123]}, "properties": {"id": 1068675672, "feat_type": "way", "quality_categories": "crossings_lacking_kerbs, missing_tags", "issue_ids": "[2, 5]", "osm_url": "https://www.openstreetmap.org/way/1068675672", "josm_url": "http://127.0.0.1:8111/load_object?new_layer=false&objects=w1068675672", "id_url": "https://www.openstreetmap.org/edit?editor=id&way=1068675672#map=20/-25.4575123/-49.2265294"}}, {"type": "Feature", "geometry": {"type": "Point", "coordinates": [-49.2264327, -25.4576966]}, "properties": {"id": 1068675673, "feat_type": "way", "quality_categories": "crossings_lacking_kerbs, missing_tags", "issue_ids": "[2, 5]", "osm_url": "https://www.openstreetmap.org/way/1068675673", "josm_url": "http://127.0.0.1:8111/load_object?new_layer=false&objects=w1068675673", "id_url": "https://www.openstreetmap.org/edit?editor=id&way=1068675673#map=20/-25.4576966/-49.2264327"}}, {"type": "Feature", "geometry": {"type": "Point", "coordinates": [-49.22526, -25.4610879]}, "properties": {"id": 1069059737, "feat_type": "way", "quality_categories": "crossings_lacking_kerbs, missing_tags", "issue_ids": "[2, 5]", "osm_url": "https://www.openstreetmap.org/way/1069059737", "josm_url": "http://127.0.0.1:8111/load_object?new_layer=false&objects=w1069059737", "id_url": "https://www.openstreetmap.org/edit?editor=id&way=1069059737#map=20/-25.4610879/-49.22526"}}, {"type": "Feature", "geometry": {"type": "Point", "coordinates": [-49.2431603, -25.4547525]}, "properties": {"id": 1069790351, "feat_type": "way", "quality_categories": "missing_tags", "issue_ids": "[2]", "osm_url": "https://www.openstreetmap.org/way/1069790351", "josm_url": "http://127.0.0.1:8111/load_object?new_layer=false&objects=w1069790351", "id_url": "https://www.openstreetmap.org/edit?editor=id&way=1069790351#map=20/-25.4547525/-49.2431603"}}, {"type": "Feature", "geometry": {"type": "Point", "coordinates": [-49.2432138, -25.454911]}, "properties": {"id": 1069790352, "feat_type": "way", "quality_categories": "missing_tags", "issue_ids": "[2]", "osm_url": "https://www.openstreetmap.org/way/1069790352", "josm_url": "http://127.0.0.1:8111/load_object?new_layer=false&objects=w1069790352", "id_url": "https://www.openstreetmap.org/edit?editor=id&way=1069790352#map=20/-25.454911/-49.2432138"}}, {"type": "Feature", "geometry": {"type": "Point", "coordinates": [-49.2433337, -25.4547457]}, "properties": {"id": 1069790353, "feat_type": "way", "quality_categories": "missing_tags", "issue_ids": "[2]", "osm_url": "https://www.openstreetmap.org/way/1069790353", "josm_url": "http://127.0.0.1:8111/load_object?new_layer=false&objects=w1069790353", "id_url": "https://www.openstreetmap.org/edit?editor=id&way=1069790353#map=20/-25.4547457/-49.2433337"}}, {"type": "Feature", "geometry": {"type": "Point", "coordinates": [-49.237341, -25.4588848]}, "properties": {"id": 1070381618, "feat_type": "way", "quality_categories": "crossings_lacking_kerbs, missing_tags", "issue_ids": "[2, 5]", "osm_url": "https://www.openstreetmap.org/way/1070381618", "josm_url": "http://127.0.0.1:8111/load_object?new_layer=false&objects=w1070381618", "id_url": "https://www.openstreetmap.org/edit?editor=id&way=1070381618#map=20/-25.4588848/-49.237341"}}, {"type": "Feature", "geometry": {"type": "Point", "coordinates": [-49.2368197, -25.458611]}, "properties": {"id": 1070381619, "feat_type": "way", "quality_categories": "crossings_lacking_kerbs, missing_tags", "issue_ids": "[2, 5]", "osm_url": "https://www.openstreetmap.org/way/1070381619", "josm_url": "http://127.0.0.1:8111/load_object?new_layer=false&objects=w1070381619", "id_url": "https://www.openstreetmap.org/edit?editor=id&way=1070381619#map=20/-25.458611/-49.2368197"}}, {"type": "Feature", "geometry": {"type": "Point", "coordinates": [-49.2359651, -25.4588149]}, "properties": {"id": 1070381620, "feat_type": "way", "quality_categories": "crossings_lacking_kerbs, missing_tags", "issue_ids": "[2, 5]", "osm_url": "https://www.openstreetmap.org/way/1070381620", "josm_url": "http://127.0.0.1:8111/load_object?new_layer=false&objects=w1070381620", "id_url": "https://www.openstreetmap.org/edit?editor=id&way=1070381620#map=20/-25.4588149/-49.2359651"}}, {"type": "Feature", "geometry": {"type": "Point", "coordinates": [-49.2409052, -25.4545039]}, "properties": {"id": 1070724376, "feat_type": "way", "quality_categories": "crossings_lacking_kerbs, missing_tags", "issue_ids": "[2, 5]", "osm_url": "https://www.openstreetmap.org/way/1070724376", "josm_url": "http://127.0.0.1:8111/load_object?new_layer=false&objects=w1070724376", "id_url": "https://www.openstreetmap.org/edit?editor=id&way=1070724376#map=20/-25.4545039/-49.2409052"}}, {"type": "Feature", "geometry": {"type": "Point", "coordinates": [-49.2189692, -25.4419258]}, "properties": {"id": 1070738463, "feat_type": "way", "quality_categories": "crossings_lacking_kerbs, missing_tags", "issue_ids": "[2, 5]", "osm_url": "https://www.openstreetmap.org/way/1070738463", "josm_url": "http://127.0.0.1:8111/load_object?new_layer=false&objects=w1070738463", "id_url": "https://www.openstreetmap.org/edit?editor=id&way=1070738463#map=20/-25.4419258/-49.2189692"}}, {"type": "Feature", "geometry": {"type": "Point", "coordinates": [-49.2193179, -25.4425668]}, "properties": {"id": 1070738464, "feat_type": "way", "quality_categories": "crossings_lacking_kerbs, missing_tags", "issue_ids": "[2, 5]", "osm_url": "https://www.openstreetmap.org/way/1070738464", "josm_url": "http://127.0.0.1:8111/load_object?new_layer=false&objects=w1070738464", "id_url": "https://www.openstreetmap.org/edit?editor=id&way=1070738464#map=20/-25.4425668/-49.2193179"}}, {"type": "Feature", "geometry": {"type": "Point", "coordinates": [-49.2156973, -25.4669385]}, "properties": {"id": 1071395722, "feat_type": "way", "quality_categories": "crossings_lacking_kerbs, missing_tags", "issue_ids": "[2, 5]", "osm_url": "https://www.openstreetmap.org/way/1071395722", "josm_url": "http://127.0.0.1:8111/load_object?new_layer=false&objects=w1071395722", "id_url": "https://www.openstreetmap.org/edit?editor=id&way=1071395722#map=20/-25.4669385/-49.2156973"}}, {"type": "Feature", "geometry": {"type": "Point", "coordinates": [-49.2157844, -25.46692]}, "properties": {"id": 1071395723, "feat_type": "way", "quality_categories": "crossings_lacking_kerbs, missing_tags", "issue_ids": "[2, 5]", "osm_url": "https://www.openstreetmap.org/way/1071395723", "josm_url": "http://127.0.0.1:8111/load_object?new_layer=false&objects=w1071395723", "id_url": "https://www.openstreetmap.org/edit?editor=id&way=1071395723#map=20/-25.46692/-49.2157844"}}, {"type": "Feature", "geometry": {"type": "Point", "coordinates": [-49.2240561, -25.4627549]}, "properties": {"id": 1074628890, "feat_type": "way", "quality_categories": "missing_tags", "issue_ids": "[2]", "osm_url": "https://www.openstreetmap.org/way/1074628890", "josm_url": "http://127.0.0.1:8111/load_object?new_layer=false&objects=w1074628890", "id_url": "https://www.openstreetmap.org/edit?editor=id&way=1074628890#map=20/-25.4627549/-49.2240561"}}, {"type": "Feature", "geometry": {"type": "Point", "coordinates": [-49.2241551, -25.4628697]}, "properties": {"id": 1074628891, "feat_type": "way", "quality_categories": "missing_tags", "issue_ids": "[2]", "osm_url": "https://www.openstreetmap.org/way/1074628891", "josm_url": "http://127.0.0.1:8111/load_object?new_layer=false&objects=w1074628891", "id_url": "https://www.openstreetmap.org/edit?editor=id&way=1074628891#map=20/-25.4628697/-49.2241551"}}, {"type": "Feature", "geometry": {"type": "Point", "coordinates": [-49.2929355, -25.4823894]}, "properties": {"id": 1091682935, "feat_type": "way", "quality_categories": "disjointed_geometries, missing_tags", "issue_ids": "[2, 3]", "osm_url": "https://www.openstreetmap.org/way/1091682935", "josm_url": "http://127.0.0.1:8111/load_object?new_layer=false&objects=w1091682935", "id_url": "https://www.openstreetmap.org/edit?editor=id&way=1091682935#map=20/-25.4823894/-49.2929355"}}, {"type": "Feature", "geometry": {"type": "Point", "coordinates": [-49.3525452, -25.4246282]}, "properties": {"id": 1097986246, "feat_type": "way", "quality_categories": "disjointed_geometries, missing_tags, replaceable_values", "issue_ids": "[4, 2, 3]", "osm_url": "https://www.openstreetmap.org/way/1097986246", "josm_url": "http://127.0.0.1:8111/load_object?new_layer=false&objects=w1097986246", "id_url": "https://www.openstreetmap.org/edit?editor=id&way=1097986246#map=20/-25.4246282/-49.3525452"}}, {"type": "Feature", "geometry": {"type": "Point", "coordinates": [-49.3460029, -25.4404168]}, "properties": {"id": 1098004733, "feat_type": "way", "quality_categories": "disjointed_geometries, missing_tags, replaceable_values", "issue_ids": "[4, 2, 3]", "osm_url": "https://www.openstreetmap.org/way/1098004733", "josm_url": "http://127.0.0.1:8111/load_object?new_layer=false&objects=w1098004733", "id_url": "https://www.openstreetmap.org/edit?editor=id&way=1098004733#map=20/-25.4404168/-49.3460029"}}, {"type": "Feature", "geometry": {"type": "Point", "coordinates": [-49.3458218, -25.4403606]}, "properties": {"id": 1098004734, "feat_type": "way", "quality_categories": "disjointed_geometries, missing_tags, replaceable_values", "issue_ids": "[4, 2, 3]", "osm_url": "https://www.openstreetmap.org/way/1098004734", "josm_url": "http://127.0.0.1:8111/load_object?new_layer=false&objects=w1098004734", "id_url": "https://www.openstreetmap.org/edit?editor=id&way=1098004734#map=20/-25.4403606/-49.3458218"}}, {"type": "Feature", "geometry": {"type": "Point", "coordinates": [-49.2313172, -25.458367]}, "properties": {"id": 1106923718, "feat_type": "way", "quality_categories": "crossings_lacking_kerbs, missing_tags", "issue_ids": "[2, 5]", "osm_url": "https://www.openstreetmap.org/way/1106923718", "josm_url": "http://127.0.0.1:8111/load_object?new_layer=false&objects=w1106923718", "id_url": "https://www.openstreetmap.org/edit?editor=id&way=1106923718#map=20/-25.458367/-49.2313172"}}, {"type": "Feature", "geometry": {"type": "Point", "coordinates": [-49.3631668, -25.451367]}, "properties": {"id": 1109912046, "feat_type": "way", "quality_categories": "crossings_lacking_kerbs, missing_tags, replaceable_values", "issue_ids": "[4, 2, 5]", "osm_url": "https://www.openstreetmap.org/way/1109912046", "josm_url": "http://127.0.0.1:8111/load_object?new_layer=false&objects=w1109912046", "id_url": "https://www.openstreetmap.org/edit?editor=id&way=1109912046#map=20/-25.451367/-49.3631668"}}, {"type": "Feature", "geometry": {"type": "Point", "coordinates": [-49.3628339, -25.451596]}, "properties": {"id": 1109912047, "feat_type": "way", "quality_categories": "crossings_lacking_kerbs, missing_tags, replaceable_values", "issue_ids": "[4, 2, 5]", "osm_url": "https://www.openstreetmap.org/way/1109912047", "josm_url": "http://127.0.0.1:8111/load_object?new_layer=false&objects=w1109912047", "id_url": "https://www.openstreetmap.org/edit?editor=id&way=1109912047#map=20/-25.451596/-49.3628339"}}, {"type": "Feature", "geometry": {"type": "Point", "coordinates": [-49.3629031, -25.4517445]}, "properties": {"id": 1109912048, "feat_type": "way", "quality_categories": "crossings_lacking_kerbs, missing_tags, replaceable_values", "issue_ids": "[4, 2, 5]", "osm_url": "https://www.openstreetmap.org/way/1109912048", "josm_url": "http://127.0.0.1:8111/load_object?new_layer=false&objects=w1109912048", "id_url": "https://www.openstreetmap.org/edit?editor=id&way=1109912048#map=20/-25.4517445/-49.3629031"}}, {"type": "Feature", "geometry": {"type": "Point", "coordinates": [-49.3632043, -25.4516747]}, "properties": {"id": 1109912055, "feat_type": "way", "quality_categories": "crossings_lacking_kerbs, missing_tags, replaceable_values", "issue_ids": "[4, 2, 5]", "osm_url": "https://www.openstreetmap.org/way/1109912055", "josm_url": "http://127.0.0.1:8111/load_object?new_layer=false&objects=w1109912055", "id_url": "https://www.openstreetmap.org/edit?editor=id&way=1109912055#map=20/-25.4516747/-49.3632043"}}, {"type": "Feature", "geometry": {"type": "Point", "coordinates": [-49.2380819, -25.501033]}, "properties": {"id": 1112384092, "feat_type": "way", "quality_categories": "crossings_lacking_kerbs, missing_tags, replaceable_values", "issue_ids": "[4, 2, 5]", "osm_url": "https://www.openstreetmap.org/way/1112384092", "josm_url": "http://127.0.0.1:8111/load_object?new_layer=false&objects=w1112384092", "id_url": "https://www.openstreetmap.org/edit?editor=id&way=1112384092#map=20/-25.501033/-49.2380819"}}, {"type": "Feature", "geometry": {"type": "Point", "coordinates": [-49.2380097, -25.5012023]}, "properties": {"id": 1112384093, "feat_type": "way", "quality_categories": "crossings_lacking_kerbs, missing_tags, replaceable_values", "issue_ids": "[4, 2, 5]", "osm_url": "https://www.openstreetmap.org/way/1112384093", "josm_url": "http://127.0.0.1:8111/load_object?new_layer=false&objects=w1112384093", "id_url": "https://www.openstreetmap.org/edit?editor=id&way=1112384093#map=20/-25.5012023/-49.2380097"}}, {"type": "Feature", "geometry": {"type": "Point", "coordinates": [-49.2808105, -25.4531353]}, "properties": {"id": 1120687710, "feat_type": "way", "quality_categories": "missing_tags", "issue_ids": "[2]", "osm_url": "https://www.openstreetmap.org/way/1120687710", "josm_url": "http://127.0.0.1:8111/load_object?new_layer=false&objects=w1120687710", "id_url": "https://www.openstreetmap.org/edit?editor=id&way=1120687710#map=20/-25.4531353/-49.2808105"}}, {"type": "Feature", "geometry": {"type": "Point", "coordinates": [-49.2830222, -25.4615803]}, "properties": {"id": 1120693410, "feat_type": "way", "quality_categories": "missing_tags", "issue_ids": "[2]", "osm_url": "https://www.openstreetmap.org/way/1120693410", "josm_url": "http://127.0.0.1:8111/load_object?new_layer=false&objects=w1120693410", "id_url": "https://www.openstreetmap.org/edit?editor=id&way=1120693410#map=20/-25.4615803/-49.2830222"}}, {"type": "Feature", "geometry": {"type": "Point", "coordinates": [-49.2826594, -25.460751]}, "properties": {"id": 1120693411, "feat_type": "way", "quality_categories": "missing_tags", "issue_ids": "[2]", "osm_url": "https://www.openstreetmap.org/way/1120693411", "josm_url": "http://127.0.0.1:8111/load_object?new_layer=false&objects=w1120693411", "id_url": "https://www.openstreetmap.org/edit?editor=id&way=1120693411#map=20/-25.460751/-49.2826594"}}, {"type": "Feature", "geometry": {"type": "Point", "coordinates": [-49.282586, -25.4605832]}, "properties": {"id": 1120693412, "feat_type": "way", "quality_categories": "missing_tags", "issue_ids": "[2]", "osm_url": "https://www.openstreetmap.org/way/1120693412", "josm_url": "http://127.0.0.1:8111/load_object?new_layer=false&objects=w1120693412", "id_url": "https://www.openstreetmap.org/edit?editor=id&way=1120693412#map=20/-25.4605832/-49.282586"}}, {"type": "Feature", "geometry": {"type": "Point", "coordinates": [-49.2821375, -25.4595569]}, "properties": {"id": 1120693413, "feat_type": "way", "quality_categories": "missing_tags", "issue_ids": "[2]", "osm_url": "https://www.openstreetmap.org/way/1120693413", "josm_url": "http://127.0.0.1:8111/load_object?new_layer=false&objects=w1120693413", "id_url": "https://www.openstreetmap.org/edit?editor=id&way=1120693413#map=20/-25.4595569/-49.2821375"}}, {"type": "Feature", "geometry": {"type": "Point", "coordinates": [-49.2840894, -25.4642041]}, "properties": {"id": 1120693414, "feat_type": "way", "quality_categories": "missing_tags", "issue_ids": "[2]", "osm_url": "https://www.openstreetmap.org/way/1120693414", "josm_url": "http://127.0.0.1:8111/load_object?new_layer=false&objects=w1120693414", "id_url": "https://www.openstreetmap.org/edit?editor=id&way=1120693414#map=20/-25.4642041/-49.2840894"}}, {"type": "Feature", "geometry": {"type": "Point", "coordinates": [-49.2771758, -25.4613914]}, "properties": {"id": 1120693415, "feat_type": "way", "quality_categories": "missing_tags", "issue_ids": "[2]", "osm_url": "https://www.openstreetmap.org/way/1120693415", "josm_url": "http://127.0.0.1:8111/load_object?new_layer=false&objects=w1120693415", "id_url": "https://www.openstreetmap.org/edit?editor=id&way=1120693415#map=20/-25.4613914/-49.2771758"}}, {"type": "Feature", "geometry": {"type": "Point", "coordinates": [-49.2780865, -25.4622092]}, "properties": {"id": 1120693416, "feat_type": "way", "quality_categories": "missing_tags", "issue_ids": "[2]", "osm_url": "https://www.openstreetmap.org/way/1120693416", "josm_url": "http://127.0.0.1:8111/load_object?new_layer=false&objects=w1120693416", "id_url": "https://www.openstreetmap.org/edit?editor=id&way=1120693416#map=20/-25.4622092/-49.2780865"}}, {"type": "Feature", "geometry": {"type": "Point", "coordinates": [-49.2809607, -25.4662011]}, "properties": {"id": 1120693417, "feat_type": "way", "quality_categories": "missing_tags", "issue_ids": "[2]", "osm_url": "https://www.openstreetmap.org/way/1120693417", "josm_url": "http://127.0.0.1:8111/load_object?new_layer=false&objects=w1120693417", "id_url": "https://www.openstreetmap.org/edit?editor=id&way=1120693417#map=20/-25.4662011/-49.2809607"}}, {"type": "Feature", "geometry": {"type": "Point", "coordinates": [-49.2799988, -25.4653266]}, "properties": {"id": 1120693418, "feat_type": "way", "quality_categories": "missing_tags", "issue_ids": "[2]", "osm_url": "https://www.openstreetmap.org/way/1120693418", "josm_url": "http://127.0.0.1:8111/load_object?new_layer=false&objects=w1120693418", "id_url": "https://www.openstreetmap.org/edit?editor=id&way=1120693418#map=20/-25.4653266/-49.2799988"}}, {"type": "Feature", "geometry": {"type": "Point", "coordinates": [-49.2776349, -25.4631931]}, "properties": {"id": 1120693419, "feat_type": "way", "quality_categories": "missing_tags", "issue_ids": "[2]", "osm_url": "https://www.openstreetmap.org/way/1120693419", "josm_url": "http://127.0.0.1:8111/load_object?new_layer=false&objects=w1120693419", "id_url": "https://www.openstreetmap.org/edit?editor=id&way=1120693419#map=20/-25.4631931/-49.2776349"}}, {"type": "Feature", "geometry": {"type": "Point", "coordinates": [-49.2777904, -25.4633328]}, "properties": {"id": 1120693420, "feat_type": "way", "quality_categories": "missing_tags", "issue_ids": "[2]", "osm_url": "https://www.openstreetmap.org/way/1120693420", "josm_url": "http://127.0.0.1:8111/load_object?new_layer=false&objects=w1120693420", "id_url": "https://www.openstreetmap.org/edit?editor=id&way=1120693420#map=20/-25.4633328/-49.2777904"}}, {"type": "Feature", "geometry": {"type": "Point", "coordinates": [-49.2787496, -25.4641924]}, "properties": {"id": 1120693421, "feat_type": "way", "quality_categories": "missing_tags", "issue_ids": "[2]", "osm_url": "https://www.openstreetmap.org/way/1120693421", "josm_url": "http://127.0.0.1:8111/load_object?new_layer=false&objects=w1120693421", "id_url": "https://www.openstreetmap.org/edit?editor=id&way=1120693421#map=20/-25.4641924/-49.2787496"}}, {"type": "Feature", "geometry": {"type": "Point", "coordinates": [-49.2788907, -25.4643197]}, "properties": {"id": 1120693422, "feat_type": "way", "quality_categories": "missing_tags", "issue_ids": "[2]", "osm_url": "https://www.openstreetmap.org/way/1120693422", "josm_url": "http://127.0.0.1:8111/load_object?new_layer=false&objects=w1120693422", "id_url": "https://www.openstreetmap.org/edit?editor=id&way=1120693422#map=20/-25.4643197/-49.2788907"}}, {"type": "Feature", "geometry": {"type": "Point", "coordinates": [-49.2798442, -25.4651861]}, "properties": {"id": 1120693423, "feat_type": "way", "quality_categories": "missing_tags", "issue_ids": "[2]", "osm_url": "https://www.openstreetmap.org/way/1120693423", "josm_url": "http://127.0.0.1:8111/load_object?new_layer=false&objects=w1120693423", "id_url": "https://www.openstreetmap.org/edit?editor=id&way=1120693423#map=20/-25.4651861/-49.2798442"}}, {"type": "Feature", "geometry": {"type": "Point", "coordinates": [-49.2894508, -25.4536926]}, "properties": {"id": 1120693424, "feat_type": "way", "quality_categories": "missing_tags", "issue_ids": "[2]", "osm_url": "https://www.openstreetmap.org/way/1120693424", "josm_url": "http://127.0.0.1:8111/load_object?new_layer=false&objects=w1120693424", "id_url": "https://www.openstreetmap.org/edit?editor=id&way=1120693424#map=20/-25.4536926/-49.2894508"}}, {"type": "Feature", "geometry": {"type": "Point", "coordinates": [-49.2894158, -25.4533903]}, "properties": {"id": 1120693425, "feat_type": "way", "quality_categories": "missing_tags", "issue_ids": "[2]", "osm_url": "https://www.openstreetmap.org/way/1120693425", "josm_url": "http://127.0.0.1:8111/load_object?new_layer=false&objects=w1120693425", "id_url": "https://www.openstreetmap.org/edit?editor=id&way=1120693425#map=20/-25.4533903/-49.2894158"}}, {"type": "Feature", "geometry": {"type": "Point", "coordinates": [-49.2900503, -25.4647126]}, "properties": {"id": 1120693426, "feat_type": "way", "quality_categories": "missing_tags", "issue_ids": "[2]", "osm_url": "https://www.openstreetmap.org/way/1120693426", "josm_url": "http://127.0.0.1:8111/load_object?new_layer=false&objects=w1120693426", "id_url": "https://www.openstreetmap.org/edit?editor=id&way=1120693426#map=20/-25.4647126/-49.2900503"}}, {"type": "Feature", "geometry": {"type": "Point", "coordinates": [-49.290943, -25.464374]}, "properties": {"id": 1120693427, "feat_type": "way", "quality_categories": "missing_tags", "issue_ids": "[2]", "osm_url": "https://www.openstreetmap.org/way/1120693427", "josm_url": "http://127.0.0.1:8111/load_object?new_layer=false&objects=w1120693427", "id_url": "https://www.openstreetmap.org/edit?editor=id&way=1120693427#map=20/-25.464374/-49.290943"}}, {"type": "Feature", "geometry": {"type": "Point", "coordinates": [-49.2894106, -25.4636386]}, "properties": {"id": 1120693428, "feat_type": "way", "quality_categories": "missing_tags", "issue_ids": "[2]", "osm_url": "https://www.openstreetmap.org/way/1120693428", "josm_url": "http://127.0.0.1:8111/load_object?new_layer=false&objects=w1120693428", "id_url": "https://www.openstreetmap.org/edit?editor=id&way=1120693428#map=20/-25.4636386/-49.2894106"}}, {"type": "Feature", "geometry": {"type": "Point", "coordinates": [-49.2899008, -25.4646715]}, "properties": {"id": 1120693429, "feat_type": "way", "quality_categories": "missing_tags", "issue_ids": "[2]", "osm_url": "https://www.openstreetmap.org/way/1120693429", "josm_url": "http://127.0.0.1:8111/load_object?new_layer=false&objects=w1120693429", "id_url": "https://www.openstreetmap.org/edit?editor=id&way=1120693429#map=20/-25.4646715/-49.2899008"}}, {"type": "Feature", "geometry": {"type": "Point", "coordinates": [-49.2926147, -25.4509382]}, "properties": {"id": 1120693430, "feat_type": "way", "quality_categories": "missing_tags", "issue_ids": "[2]", "osm_url": "https://www.openstreetmap.org/way/1120693430", "josm_url": "http://127.0.0.1:8111/load_object?new_layer=false&objects=w1120693430", "id_url": "https://www.openstreetmap.org/edit?editor=id&way=1120693430#map=20/-25.4509382/-49.2926147"}}, {"type": "Feature", "geometry": {"type": "Point", "coordinates": [-49.2921214, -25.4507583]}, "properties": {"id": 1120693431, "feat_type": "way", "quality_categories": "missing_tags", "issue_ids": "[2]", "osm_url": "https://www.openstreetmap.org/way/1120693431", "josm_url": "http://127.0.0.1:8111/load_object?new_layer=false&objects=w1120693431", "id_url": "https://www.openstreetmap.org/edit?editor=id&way=1120693431#map=20/-25.4507583/-49.2921214"}}, {"type": "Feature", "geometry": {"type": "Point", "coordinates": [-49.2919093, -25.4506807]}, "properties": {"id": 1120693432, "feat_type": "way", "quality_categories": "missing_tags", "issue_ids": "[2]", "osm_url": "https://www.openstreetmap.org/way/1120693432", "josm_url": "http://127.0.0.1:8111/load_object?new_layer=false&objects=w1120693432", "id_url": "https://www.openstreetmap.org/edit?editor=id&way=1120693432#map=20/-25.4506807/-49.2919093"}}, {"type": "Feature", "geometry": {"type": "Point", "coordinates": [-49.2909089, -25.450313]}, "properties": {"id": 1120693433, "feat_type": "way", "quality_categories": "missing_tags", "issue_ids": "[2]", "osm_url": "https://www.openstreetmap.org/way/1120693433", "josm_url": "http://127.0.0.1:8111/load_object?new_layer=false&objects=w1120693433", "id_url": "https://www.openstreetmap.org/edit?editor=id&way=1120693433#map=20/-25.450313/-49.2909089"}}, {"type": "Feature", "geometry": {"type": "Point", "coordinates": [-49.2940404, -25.4514628]}, "properties": {"id": 1120693434, "feat_type": "way", "quality_categories": "missing_tags", "issue_ids": "[2]", "osm_url": "https://www.openstreetmap.org/way/1120693434", "josm_url": "http://127.0.0.1:8111/load_object?new_layer=false&objects=w1120693434", "id_url": "https://www.openstreetmap.org/edit?editor=id&way=1120693434#map=20/-25.4514628/-49.2940404"}}, {"type": "Feature", "geometry": {"type": "Point", "coordinates": [-49.2927991, -25.4510058]}, "properties": {"id": 1120693435, "feat_type": "way", "quality_categories": "missing_tags", "issue_ids": "[2]", "osm_url": "https://www.openstreetmap.org/way/1120693435", "josm_url": "http://127.0.0.1:8111/load_object?new_layer=false&objects=w1120693435", "id_url": "https://www.openstreetmap.org/edit?editor=id&way=1120693435#map=20/-25.4510058/-49.2927991"}}, {"type": "Feature", "geometry": {"type": "Point", "coordinates": [-49.2844583, -25.4529065]}, "properties": {"id": 1120693436, "feat_type": "way", "quality_categories": "missing_tags", "issue_ids": "[2]", "osm_url": "https://www.openstreetmap.org/way/1120693436", "josm_url": "http://127.0.0.1:8111/load_object?new_layer=false&objects=w1120693436", "id_url": "https://www.openstreetmap.org/edit?editor=id&way=1120693436#map=20/-25.4529065/-49.2844583"}}, {"type": "Feature", "geometry": {"type": "Point", "coordinates": [-49.2834726, -25.4614103]}, "properties": {"id": 1120693439, "feat_type": "way", "quality_categories": "missing_tags", "issue_ids": "[2]", "osm_url": "https://www.openstreetmap.org/way/1120693439", "josm_url": "http://127.0.0.1:8111/load_object?new_layer=false&objects=w1120693439", "id_url": "https://www.openstreetmap.org/edit?editor=id&way=1120693439#map=20/-25.4614103/-49.2834726"}}, {"type": "Feature", "geometry": {"type": "Point", "coordinates": [-49.2735285, -25.4600957]}, "properties": {"id": 1120693440, "feat_type": "way", "quality_categories": "missing_tags", "issue_ids": "[2]", "osm_url": "https://www.openstreetmap.org/way/1120693440", "josm_url": "http://127.0.0.1:8111/load_object?new_layer=false&objects=w1120693440", "id_url": "https://www.openstreetmap.org/edit?editor=id&way=1120693440#map=20/-25.4600957/-49.2735285"}}, {"type": "Feature", "geometry": {"type": "Point", "coordinates": [-49.2728396, -25.455311]}, "properties": {"id": 1120693441, "feat_type": "way", "quality_categories": "missing_tags", "issue_ids": "[2]", "osm_url": "https://www.openstreetmap.org/way/1120693441", "josm_url": "http://127.0.0.1:8111/load_object?new_layer=false&objects=w1120693441", "id_url": "https://www.openstreetmap.org/edit?editor=id&way=1120693441#map=20/-25.455311/-49.2728396"}}, {"type": "Feature", "geometry": {"type": "Point", "coordinates": [-49.2729262, -25.4555032]}, "properties": {"id": 1120693442, "feat_type": "way", "quality_categories": "missing_tags", "issue_ids": "[2]", "osm_url": "https://www.openstreetmap.org/way/1120693442", "josm_url": "http://127.0.0.1:8111/load_object?new_layer=false&objects=w1120693442", "id_url": "https://www.openstreetmap.org/edit?editor=id&way=1120693442#map=20/-25.4555032/-49.2729262"}}, {"type": "Feature", "geometry": {"type": "Point", "coordinates": [-49.2733192, -25.4563745]}, "properties": {"id": 1120693443, "feat_type": "way", "quality_categories": "missing_tags", "issue_ids": "[2]", "osm_url": "https://www.openstreetmap.org/way/1120693443", "josm_url": "http://127.0.0.1:8111/load_object?new_layer=false&objects=w1120693443", "id_url": "https://www.openstreetmap.org/edit?editor=id&way=1120693443#map=20/-25.4563745/-49.2733192"}}, {"type": "Feature", "geometry": {"type": "Point", "coordinates": [-49.2733946, -25.4565415]}, "properties": {"id": 1120693444, "feat_type": "way", "quality_categories": "missing_tags", "issue_ids": "[2]", "osm_url": "https://www.openstreetmap.org/way/1120693444", "josm_url": "http://127.0.0.1:8111/load_object?new_layer=false&objects=w1120693444", "id_url": "https://www.openstreetmap.org/edit?editor=id&way=1120693444#map=20/-25.4565415/-49.2733946"}}, {"type": "Feature", "geometry": {"type": "Point", "coordinates": [-49.2736753, -25.4574624]}, "properties": {"id": 1120693445, "feat_type": "way", "quality_categories": "missing_tags", "issue_ids": "[2]", "osm_url": "https://www.openstreetmap.org/way/1120693445", "josm_url": "http://127.0.0.1:8111/load_object?new_layer=false&objects=w1120693445", "id_url": "https://www.openstreetmap.org/edit?editor=id&way=1120693445#map=20/-25.4574624/-49.2736753"}}, {"type": "Feature", "geometry": {"type": "Point", "coordinates": [-49.2754839, -25.4613766]}, "properties": {"id": 1120693446, "feat_type": "way", "quality_categories": "missing_tags", "issue_ids": "[2]", "osm_url": "https://www.openstreetmap.org/way/1120693446", "josm_url": "http://127.0.0.1:8111/load_object?new_layer=false&objects=w1120693446", "id_url": "https://www.openstreetmap.org/edit?editor=id&way=1120693446#map=20/-25.4613766/-49.2754839"}}, {"type": "Feature", "geometry": {"type": "Point", "coordinates": [-49.2842702, -25.4549283]}, "properties": {"id": 1120693447, "feat_type": "way", "quality_categories": "missing_tags", "issue_ids": "[2]", "osm_url": "https://www.openstreetmap.org/way/1120693447", "josm_url": "http://127.0.0.1:8111/load_object?new_layer=false&objects=w1120693447", "id_url": "https://www.openstreetmap.org/edit?editor=id&way=1120693447#map=20/-25.4549283/-49.2842702"}}, {"type": "Feature", "geometry": {"type": "Point", "coordinates": [-49.284581, -25.4559765]}, "properties": {"id": 1120693448, "feat_type": "way", "quality_categories": "missing_tags", "issue_ids": "[2]", "osm_url": "https://www.openstreetmap.org/way/1120693448", "josm_url": "http://127.0.0.1:8111/load_object?new_layer=false&objects=w1120693448", "id_url": "https://www.openstreetmap.org/edit?editor=id&way=1120693448#map=20/-25.4559765/-49.284581"}}, {"type": "Feature", "geometry": {"type": "Point", "coordinates": [-49.2846486, -25.4561463]}, "properties": {"id": 1120693449, "feat_type": "way", "quality_categories": "missing_tags", "issue_ids": "[2]", "osm_url": "https://www.openstreetmap.org/way/1120693449", "josm_url": "http://127.0.0.1:8111/load_object?new_layer=false&objects=w1120693449", "id_url": "https://www.openstreetmap.org/edit?editor=id&way=1120693449#map=20/-25.4561463/-49.2846486"}}, {"type": "Feature", "geometry": {"type": "Point", "coordinates": [-49.2849941, -25.4570176]}, "properties": {"id": 1120693450, "feat_type": "way", "quality_categories": "missing_tags", "issue_ids": "[2]", "osm_url": "https://www.openstreetmap.org/way/1120693450", "josm_url": "http://127.0.0.1:8111/load_object?new_layer=false&objects=w1120693450", "id_url": "https://www.openstreetmap.org/edit?editor=id&way=1120693450#map=20/-25.4570176/-49.2849941"}}, {"type": "Feature", "geometry": {"type": "Point", "coordinates": [-49.2843268, -25.4547555]}, "properties": {"id": 1120693451, "feat_type": "way", "quality_categories": "missing_tags", "issue_ids": "[2]", "osm_url": "https://www.openstreetmap.org/way/1120693451", "josm_url": "http://127.0.0.1:8111/load_object?new_layer=false&objects=w1120693451", "id_url": "https://www.openstreetmap.org/edit?editor=id&way=1120693451#map=20/-25.4547555/-49.2843268"}}, {"type": "Feature", "geometry": {"type": "Point", "coordinates": [-49.284663, -25.4538895]}, "properties": {"id": 1120693452, "feat_type": "way", "quality_categories": "missing_tags", "issue_ids": "[2]", "osm_url": "https://www.openstreetmap.org/way/1120693452", "josm_url": "http://127.0.0.1:8111/load_object?new_layer=false&objects=w1120693452", "id_url": "https://www.openstreetmap.org/edit?editor=id&way=1120693452#map=20/-25.4538895/-49.284663"}}, {"type": "Feature", "geometry": {"type": "Point", "coordinates": [-49.271925, -25.4556238]}, "properties": {"id": 1120693454, "feat_type": "way", "quality_categories": "missing_tags", "issue_ids": "[2]", "osm_url": "https://www.openstreetmap.org/way/1120693454", "josm_url": "http://127.0.0.1:8111/load_object?new_layer=false&objects=w1120693454", "id_url": "https://www.openstreetmap.org/edit?editor=id&way=1120693454#map=20/-25.4556238/-49.271925"}}, {"type": "Feature", "geometry": {"type": "Point", "coordinates": [-49.2721179, -25.4555802]}, "properties": {"id": 1120693455, "feat_type": "way", "quality_categories": "missing_tags", "issue_ids": "[2]", "osm_url": "https://www.openstreetmap.org/way/1120693455", "josm_url": "http://127.0.0.1:8111/load_object?new_layer=false&objects=w1120693455", "id_url": "https://www.openstreetmap.org/edit?editor=id&way=1120693455#map=20/-25.4555802/-49.2721179"}}, {"type": "Feature", "geometry": {"type": "Point", "coordinates": [-49.2727864, -25.4554291]}, "properties": {"id": 1120693456, "feat_type": "way", "quality_categories": "missing_tags", "issue_ids": "[2]", "osm_url": "https://www.openstreetmap.org/way/1120693456", "josm_url": "http://127.0.0.1:8111/load_object?new_layer=false&objects=w1120693456", "id_url": "https://www.openstreetmap.org/edit?editor=id&way=1120693456#map=20/-25.4554291/-49.2727864"}}, {"type": "Feature", "geometry": {"type": "Point", "coordinates": [-49.27148, -25.4545434]}, "properties": {"id": 1120693457, "feat_type": "way", "quality_categories": "missing_tags", "issue_ids": "[2]", "osm_url": "https://www.openstreetmap.org/way/1120693457", "josm_url": "http://127.0.0.1:8111/load_object?new_layer=false&objects=w1120693457", "id_url": "https://www.openstreetmap.org/edit?editor=id&way=1120693457#map=20/-25.4545434/-49.27148"}}, {"type": "Feature", "geometry": {"type": "Point", "coordinates": [-49.28825, -25.4512505]}, "properties": {"id": 1120693458, "feat_type": "way", "quality_categories": "missing_tags", "issue_ids": "[2]", "osm_url": "https://www.openstreetmap.org/way/1120693458", "josm_url": "http://127.0.0.1:8111/load_object?new_layer=false&objects=w1120693458", "id_url": "https://www.openstreetmap.org/edit?editor=id&way=1120693458#map=20/-25.4512505/-49.28825"}}, {"type": "Feature", "geometry": {"type": "Point", "coordinates": [-49.2898957, -25.4518809]}, "properties": {"id": 1120693459, "feat_type": "way", "quality_categories": "missing_tags", "issue_ids": "[2]", "osm_url": "https://www.openstreetmap.org/way/1120693459", "josm_url": "http://127.0.0.1:8111/load_object?new_layer=false&objects=w1120693459", "id_url": "https://www.openstreetmap.org/edit?editor=id&way=1120693459#map=20/-25.4518809/-49.2898957"}}, {"type": "Feature", "geometry": {"type": "Point", "coordinates": [-49.2901155, -25.4519651]}, "properties": {"id": 1120693460, "feat_type": "way", "quality_categories": "missing_tags", "issue_ids": "[2]", "osm_url": "https://www.openstreetmap.org/way/1120693460", "josm_url": "http://127.0.0.1:8111/load_object?new_layer=false&objects=w1120693460", "id_url": "https://www.openstreetmap.org/edit?editor=id&way=1120693460#map=20/-25.4519651/-49.2901155"}}, {"type": "Feature", "geometry": {"type": "Point", "coordinates": [-49.290908, -25.4522687]}, "properties": {"id": 1120693461, "feat_type": "way", "quality_categories": "missing_tags", "issue_ids": "[2]", "osm_url": "https://www.openstreetmap.org/way/1120693461", "josm_url": "http://127.0.0.1:8111/load_object?new_layer=false&objects=w1120693461", "id_url": "https://www.openstreetmap.org/edit?editor=id&way=1120693461#map=20/-25.4522687/-49.290908"}}, {"type": "Feature", "geometry": {"type": "Point", "coordinates": [-49.2919877, -25.4526824]}, "properties": {"id": 1120693462, "feat_type": "way", "quality_categories": "missing_tags", "issue_ids": "[2]", "osm_url": "https://www.openstreetmap.org/way/1120693462", "josm_url": "http://127.0.0.1:8111/load_object?new_layer=false&objects=w1120693462", "id_url": "https://www.openstreetmap.org/edit?editor=id&way=1120693462#map=20/-25.4526824/-49.2919877"}}, {"type": "Feature", "geometry": {"type": "Point", "coordinates": [-49.2932195, -25.4531546]}, "properties": {"id": 1120693463, "feat_type": "way", "quality_categories": "missing_tags", "issue_ids": "[2]", "osm_url": "https://www.openstreetmap.org/way/1120693463", "josm_url": "http://127.0.0.1:8111/load_object?new_layer=false&objects=w1120693463", "id_url": "https://www.openstreetmap.org/edit?editor=id&way=1120693463#map=20/-25.4531546/-49.2932195"}}, {"type": "Feature", "geometry": {"type": "Point", "coordinates": [-49.2910912, -25.4523389]}, "properties": {"id": 1120693464, "feat_type": "way", "quality_categories": "missing_tags", "issue_ids": "[2]", "osm_url": "https://www.openstreetmap.org/way/1120693464", "josm_url": "http://127.0.0.1:8111/load_object?new_layer=false&objects=w1120693464", "id_url": "https://www.openstreetmap.org/edit?editor=id&way=1120693464#map=20/-25.4523389/-49.2910912"}}, {"type": "Feature", "geometry": {"type": "Point", "coordinates": [-49.2918045, -25.4526122]}, "properties": {"id": 1120693465, "feat_type": "way", "quality_categories": "missing_tags", "issue_ids": "[2]", "osm_url": "https://www.openstreetmap.org/way/1120693465", "josm_url": "http://127.0.0.1:8111/load_object?new_layer=false&objects=w1120693465", "id_url": "https://www.openstreetmap.org/edit?editor=id&way=1120693465#map=20/-25.4526122/-49.2918045"}}, {"type": "Feature", "geometry": {"type": "Point", "coordinates": [-49.2841334, -25.4527681]}, "properties": {"id": 1120693466, "feat_type": "way", "quality_categories": "missing_tags", "issue_ids": "[2]", "osm_url": "https://www.openstreetmap.org/way/1120693466", "josm_url": "http://127.0.0.1:8111/load_object?new_layer=false&objects=w1120693466", "id_url": "https://www.openstreetmap.org/edit?editor=id&way=1120693466#map=20/-25.4527681/-49.2841334"}}, {"type": "Feature", "geometry": {"type": "Point", "coordinates": [-49.2840484, -25.4529511]}, "properties": {"id": 1120693467, "feat_type": "way", "quality_categories": "missing_tags", "issue_ids": "[2]", "osm_url": "https://www.openstreetmap.org/way/1120693467", "josm_url": "http://127.0.0.1:8111/load_object?new_layer=false&objects=w1120693467", "id_url": "https://www.openstreetmap.org/edit?editor=id&way=1120693467#map=20/-25.4529511/-49.2840484"}}, {"type": "Feature", "geometry": {"type": "Point", "coordinates": [-49.2837931, -25.4535011]}, "properties": {"id": 1120693468, "feat_type": "way", "quality_categories": "missing_tags", "issue_ids": "[2]", "osm_url": "https://www.openstreetmap.org/way/1120693468", "josm_url": "http://127.0.0.1:8111/load_object?new_layer=false&objects=w1120693468", "id_url": "https://www.openstreetmap.org/edit?editor=id&way=1120693468#map=20/-25.4535011/-49.2837931"}}, {"type": "Feature", "geometry": {"type": "Point", "coordinates": [-49.2888747, -25.4495658]}, "properties": {"id": 1120693469, "feat_type": "way", "quality_categories": "missing_tags", "issue_ids": "[2]", "osm_url": "https://www.openstreetmap.org/way/1120693469", "josm_url": "http://127.0.0.1:8111/load_object?new_layer=false&objects=w1120693469", "id_url": "https://www.openstreetmap.org/edit?editor=id&way=1120693469#map=20/-25.4495658/-49.2888747"}}, {"type": "Feature", "geometry": {"type": "Point", "coordinates": [-49.2881435, -25.4492976]}, "properties": {"id": 1120693470, "feat_type": "way", "quality_categories": "missing_tags", "issue_ids": "[2]", "osm_url": "https://www.openstreetmap.org/way/1120693470", "josm_url": "http://127.0.0.1:8111/load_object?new_layer=false&objects=w1120693470", "id_url": "https://www.openstreetmap.org/edit?editor=id&way=1120693470#map=20/-25.4492976/-49.2881435"}}, {"type": "Feature", "geometry": {"type": "Point", "coordinates": [-49.2766886, -25.4606463]}, "properties": {"id": 1120693471, "feat_type": "way", "quality_categories": "missing_tags", "issue_ids": "[2]", "osm_url": "https://www.openstreetmap.org/way/1120693471", "josm_url": "http://127.0.0.1:8111/load_object?new_layer=false&objects=w1120693471", "id_url": "https://www.openstreetmap.org/edit?editor=id&way=1120693471#map=20/-25.4606463/-49.2766886"}}, {"type": "Feature", "geometry": {"type": "Point", "coordinates": [-49.2886843, -25.4623823]}, "properties": {"id": 1120693472, "feat_type": "way", "quality_categories": "missing_tags", "issue_ids": "[2]", "osm_url": "https://www.openstreetmap.org/way/1120693472", "josm_url": "http://127.0.0.1:8111/load_object?new_layer=false&objects=w1120693472", "id_url": "https://www.openstreetmap.org/edit?editor=id&way=1120693472#map=20/-25.4623823/-49.2886843"}}, {"type": "Feature", "geometry": {"type": "Point", "coordinates": [-49.2876321, -25.462777]}, "properties": {"id": 1120693473, "feat_type": "way", "quality_categories": "missing_tags", "issue_ids": "[2]", "osm_url": "https://www.openstreetmap.org/way/1120693473", "josm_url": "http://127.0.0.1:8111/load_object?new_layer=false&objects=w1120693473", "id_url": "https://www.openstreetmap.org/edit?editor=id&way=1120693473#map=20/-25.462777/-49.2876321"}}, {"type": "Feature", "geometry": {"type": "Point", "coordinates": [-49.2757457, -25.4613676]}, "properties": {"id": 1120693474, "feat_type": "way", "quality_categories": "missing_tags", "issue_ids": "[2]", "osm_url": "https://www.openstreetmap.org/way/1120693474", "josm_url": "http://127.0.0.1:8111/load_object?new_layer=false&objects=w1120693474", "id_url": "https://www.openstreetmap.org/edit?editor=id&way=1120693474#map=20/-25.4613676/-49.2757457"}}, {"type": "Feature", "geometry": {"type": "Point", "coordinates": [-49.2817506, -25.4572432]}, "properties": {"id": 1120693475, "feat_type": "way", "quality_categories": "missing_tags", "issue_ids": "[2]", "osm_url": "https://www.openstreetmap.org/way/1120693475", "josm_url": "http://127.0.0.1:8111/load_object?new_layer=false&objects=w1120693475", "id_url": "https://www.openstreetmap.org/edit?editor=id&way=1120693475#map=20/-25.4572432/-49.2817506"}}, {"type": "Feature", "geometry": {"type": "Point", "coordinates": [-49.2797889, -25.4623766]}, "properties": {"id": 1120693476, "feat_type": "way", "quality_categories": "missing_tags", "issue_ids": "[2]", "osm_url": "https://www.openstreetmap.org/way/1120693476", "josm_url": "http://127.0.0.1:8111/load_object?new_layer=false&objects=w1120693476", "id_url": "https://www.openstreetmap.org/edit?editor=id&way=1120693476#map=20/-25.4623766/-49.2797889"}}, {"type": "Feature", "geometry": {"type": "Point", "coordinates": [-49.2807661, -25.4632539]}, "properties": {"id": 1120693477, "feat_type": "way", "quality_categories": "missing_tags", "issue_ids": "[2]", "osm_url": "https://www.openstreetmap.org/way/1120693477", "josm_url": "http://127.0.0.1:8111/load_object?new_layer=false&objects=w1120693477", "id_url": "https://www.openstreetmap.org/edit?editor=id&way=1120693477#map=20/-25.4632539/-49.2807661"}}, {"type": "Feature", "geometry": {"type": "Point", "coordinates": [-49.2809144, -25.4633873]}, "properties": {"id": 1120693478, "feat_type": "way", "quality_categories": "missing_tags", "issue_ids": "[2]", "osm_url": "https://www.openstreetmap.org/way/1120693478", "josm_url": "http://127.0.0.1:8111/load_object?new_layer=false&objects=w1120693478", "id_url": "https://www.openstreetmap.org/edit?editor=id&way=1120693478#map=20/-25.4633873/-49.2809144"}}, {"type": "Feature", "geometry": {"type": "Point", "coordinates": [-49.2818623, -25.4642398]}, "properties": {"id": 1120693479, "feat_type": "way", "quality_categories": "missing_tags", "issue_ids": "[2]", "osm_url": "https://www.openstreetmap.org/way/1120693479", "josm_url": "http://127.0.0.1:8111/load_object?new_layer=false&objects=w1120693479", "id_url": "https://www.openstreetmap.org/edit?editor=id&way=1120693479#map=20/-25.4642398/-49.2818623"}}, {"type": "Feature", "geometry": {"type": "Point", "coordinates": [-49.2820177, -25.4643796]}, "properties": {"id": 1120693480, "feat_type": "way", "quality_categories": "missing_tags", "issue_ids": "[2]", "osm_url": "https://www.openstreetmap.org/way/1120693480", "josm_url": "http://127.0.0.1:8111/load_object?new_layer=false&objects=w1120693480", "id_url": "https://www.openstreetmap.org/edit?editor=id&way=1120693480#map=20/-25.4643796/-49.2820177"}}, {"type": "Feature", "geometry": {"type": "Point", "coordinates": [-49.2829837, -25.4652483]}, "properties": {"id": 1120693481, "feat_type": "way", "quality_categories": "missing_tags", "issue_ids": "[2]", "osm_url": "https://www.openstreetmap.org/way/1120693481", "josm_url": "http://127.0.0.1:8111/load_object?new_layer=false&objects=w1120693481", "id_url": "https://www.openstreetmap.org/edit?editor=id&way=1120693481#map=20/-25.4652483/-49.2829837"}}, {"type": "Feature", "geometry": {"type": "Point", "coordinates": [-49.2864733, -25.4683866]}, "properties": {"id": 1120693482, "feat_type": "way", "quality_categories": "missing_tags", "issue_ids": "[2]", "osm_url": "https://www.openstreetmap.org/way/1120693482", "josm_url": "http://127.0.0.1:8111/load_object?new_layer=false&objects=w1120693482", "id_url": "https://www.openstreetmap.org/edit?editor=id&way=1120693482#map=20/-25.4683866/-49.2864733"}}, {"type": "Feature", "geometry": {"type": "Point", "coordinates": [-49.2874387, -25.4692547]}, "properties": {"id": 1120693483, "feat_type": "way", "quality_categories": "missing_tags", "issue_ids": "[2]", "osm_url": "https://www.openstreetmap.org/way/1120693483", "josm_url": "http://127.0.0.1:8111/load_object?new_layer=false&objects=w1120693483", "id_url": "https://www.openstreetmap.org/edit?editor=id&way=1120693483#map=20/-25.4692547/-49.2874387"}}, {"type": "Feature", "geometry": {"type": "Point", "coordinates": [-49.284245, -25.4663827]}, "properties": {"id": 1120693484, "feat_type": "way", "quality_categories": "missing_tags", "issue_ids": "[2]", "osm_url": "https://www.openstreetmap.org/way/1120693484", "josm_url": "http://127.0.0.1:8111/load_object?new_layer=false&objects=w1120693484", "id_url": "https://www.openstreetmap.org/edit?editor=id&way=1120693484#map=20/-25.4663827/-49.284245"}}, {"type": "Feature", "geometry": {"type": "Point", "coordinates": [-49.2852264, -25.4672652]}, "properties": {"id": 1120693485, "feat_type": "way", "quality_categories": "missing_tags", "issue_ids": "[2]", "osm_url": "https://www.openstreetmap.org/way/1120693485", "josm_url": "http://127.0.0.1:8111/load_object?new_layer=false&objects=w1120693485", "id_url": "https://www.openstreetmap.org/edit?editor=id&way=1120693485#map=20/-25.4672652/-49.2852264"}}, {"type": "Feature", "geometry": {"type": "Point", "coordinates": [-49.2853676, -25.4673922]}, "properties": {"id": 1120693486, "feat_type": "way", "quality_categories": "missing_tags", "issue_ids": "[2]", "osm_url": "https://www.openstreetmap.org/way/1120693486", "josm_url": "http://127.0.0.1:8111/load_object?new_layer=false&objects=w1120693486", "id_url": "https://www.openstreetmap.org/edit?editor=id&way=1120693486#map=20/-25.4673922/-49.2853676"}}, {"type": "Feature", "geometry": {"type": "Point", "coordinates": [-49.2863321, -25.4682596]}, "properties": {"id": 1120693487, "feat_type": "way", "quality_categories": "missing_tags", "issue_ids": "[2]", "osm_url": "https://www.openstreetmap.org/way/1120693487", "josm_url": "http://127.0.0.1:8111/load_object?new_layer=false&objects=w1120693487", "id_url": "https://www.openstreetmap.org/edit?editor=id&way=1120693487#map=20/-25.4682596/-49.2863321"}}, {"type": "Feature", "geometry": {"type": "Point", "coordinates": [-49.2831249, -25.4653753]}, "properties": {"id": 1120693488, "feat_type": "way", "quality_categories": "missing_tags", "issue_ids": "[2]", "osm_url": "https://www.openstreetmap.org/way/1120693488", "josm_url": "http://127.0.0.1:8111/load_object?new_layer=false&objects=w1120693488", "id_url": "https://www.openstreetmap.org/edit?editor=id&way=1120693488#map=20/-25.4653753/-49.2831249"}}, {"type": "Feature", "geometry": {"type": "Point", "coordinates": [-49.2841038, -25.4662557]}, "properties": {"id": 1120693489, "feat_type": "way", "quality_categories": "missing_tags", "issue_ids": "[2]", "osm_url": "https://www.openstreetmap.org/way/1120693489", "josm_url": "http://127.0.0.1:8111/load_object?new_layer=false&objects=w1120693489", "id_url": "https://www.openstreetmap.org/edit?editor=id&way=1120693489#map=20/-25.4662557/-49.2841038"}}, {"type": "Feature", "geometry": {"type": "Point", "coordinates": [-49.2844317, -25.4691928]}, "properties": {"id": 1120693490, "feat_type": "way", "quality_categories": "missing_tags", "issue_ids": "[2]", "osm_url": "https://www.openstreetmap.org/way/1120693490", "josm_url": "http://127.0.0.1:8111/load_object?new_layer=false&objects=w1120693490", "id_url": "https://www.openstreetmap.org/edit?editor=id&way=1120693490#map=20/-25.4691928/-49.2844317"}}, {"type": "Feature", "geometry": {"type": "Point", "coordinates": [-49.2848068, -25.4683759]}, "properties": {"id": 1120693491, "feat_type": "way", "quality_categories": "missing_tags", "issue_ids": "[2]", "osm_url": "https://www.openstreetmap.org/way/1120693491", "josm_url": "http://127.0.0.1:8111/load_object?new_layer=false&objects=w1120693491", "id_url": "https://www.openstreetmap.org/edit?editor=id&way=1120693491#map=20/-25.4683759/-49.2848068"}}, {"type": "Feature", "geometry": {"type": "Point", "coordinates": [-49.284884, -25.4682095]}, "properties": {"id": 1120693492, "feat_type": "way", "quality_categories": "missing_tags", "issue_ids": "[2]", "osm_url": "https://www.openstreetmap.org/way/1120693492", "josm_url": "http://127.0.0.1:8111/load_object?new_layer=false&objects=w1120693492", "id_url": "https://www.openstreetmap.org/edit?editor=id&way=1120693492#map=20/-25.4682095/-49.284884"}}, {"type": "Feature", "geometry": {"type": "Point", "coordinates": [-49.2852542, -25.4674201]}, "properties": {"id": 1120693493, "feat_type": "way", "quality_categories": "missing_tags", "issue_ids": "[2]", "osm_url": "https://www.openstreetmap.org/way/1120693493", "josm_url": "http://127.0.0.1:8111/load_object?new_layer=false&objects=w1120693493", "id_url": "https://www.openstreetmap.org/edit?editor=id&way=1120693493#map=20/-25.4674201/-49.2852542"}}, {"type": "Feature", "geometry": {"type": "Point", "coordinates": [-49.2839967, -25.4701119]}, "properties": {"id": 1120693494, "feat_type": "way", "quality_categories": "missing_tags", "issue_ids": "[2]", "osm_url": "https://www.openstreetmap.org/way/1120693494", "josm_url": "http://127.0.0.1:8111/load_object?new_layer=false&objects=w1120693494", "id_url": "https://www.openstreetmap.org/edit?editor=id&way=1120693494#map=20/-25.4701119/-49.2839967"}}, {"type": "Feature", "geometry": {"type": "Point", "coordinates": [-49.2843541, -25.469359]}, "properties": {"id": 1120693495, "feat_type": "way", "quality_categories": "missing_tags", "issue_ids": "[2]", "osm_url": "https://www.openstreetmap.org/way/1120693495", "josm_url": "http://127.0.0.1:8111/load_object?new_layer=false&objects=w1120693495", "id_url": "https://www.openstreetmap.org/edit?editor=id&way=1120693495#map=20/-25.469359/-49.2843541"}}, {"type": "Feature", "geometry": {"type": "Point", "coordinates": [-49.2707468, -25.4567837]}, "properties": {"id": 1120693496, "feat_type": "way", "quality_categories": "missing_tags", "issue_ids": "[2]", "osm_url": "https://www.openstreetmap.org/way/1120693496", "josm_url": "http://127.0.0.1:8111/load_object?new_layer=false&objects=w1120693496", "id_url": "https://www.openstreetmap.org/edit?editor=id&way=1120693496#map=20/-25.4567837/-49.2707468"}}, {"type": "Feature", "geometry": {"type": "Point", "coordinates": [-49.2694983, -25.4568281]}, "properties": {"id": 1120693497, "feat_type": "way", "quality_categories": "missing_tags", "issue_ids": "[2]", "osm_url": "https://www.openstreetmap.org/way/1120693497", "josm_url": "http://127.0.0.1:8111/load_object?new_layer=false&objects=w1120693497", "id_url": "https://www.openstreetmap.org/edit?editor=id&way=1120693497#map=20/-25.4568281/-49.2694983"}}, {"type": "Feature", "geometry": {"type": "Point", "coordinates": [-49.2867307, -25.4471849]}, "properties": {"id": 1120693498, "feat_type": "way", "quality_categories": "missing_tags", "issue_ids": "[2]", "osm_url": "https://www.openstreetmap.org/way/1120693498", "josm_url": "http://127.0.0.1:8111/load_object?new_layer=false&objects=w1120693498", "id_url": "https://www.openstreetmap.org/edit?editor=id&way=1120693498#map=20/-25.4471849/-49.2867307"}}, {"type": "Feature", "geometry": {"type": "Point", "coordinates": [-49.286145, -25.4484441]}, "properties": {"id": 1120693499, "feat_type": "way", "quality_categories": "missing_tags", "issue_ids": "[2]", "osm_url": "https://www.openstreetmap.org/way/1120693499", "josm_url": "http://127.0.0.1:8111/load_object?new_layer=false&objects=w1120693499", "id_url": "https://www.openstreetmap.org/edit?editor=id&way=1120693499#map=20/-25.4484441/-49.286145"}}, {"type": "Feature", "geometry": {"type": "Point", "coordinates": [-49.286056, -25.4486353]}, "properties": {"id": 1120693500, "feat_type": "way", "quality_categories": "missing_tags", "issue_ids": "[2]", "osm_url": "https://www.openstreetmap.org/way/1120693500", "josm_url": "http://127.0.0.1:8111/load_object?new_layer=false&objects=w1120693500", "id_url": "https://www.openstreetmap.org/edit?editor=id&way=1120693500#map=20/-25.4486353/-49.286056"}}, {"type": "Feature", "geometry": {"type": "Point", "coordinates": [-49.2854016, -25.4500421]}, "properties": {"id": 1120693501, "feat_type": "way", "quality_categories": "missing_tags", "issue_ids": "[2]", "osm_url": "https://www.openstreetmap.org/way/1120693501", "josm_url": "http://127.0.0.1:8111/load_object?new_layer=false&objects=w1120693501", "id_url": "https://www.openstreetmap.org/edit?editor=id&way=1120693501#map=20/-25.4500421/-49.2854016"}}, {"type": "Feature", "geometry": {"type": "Point", "coordinates": [-49.284519, -25.4498152]}, "properties": {"id": 1120693502, "feat_type": "way", "quality_categories": "missing_tags", "issue_ids": "[2]", "osm_url": "https://www.openstreetmap.org/way/1120693502", "josm_url": "http://127.0.0.1:8111/load_object?new_layer=false&objects=w1120693502", "id_url": "https://www.openstreetmap.org/edit?editor=id&way=1120693502#map=20/-25.4498152/-49.284519"}}, {"type": "Feature", "geometry": {"type": "Point", "coordinates": [-49.2852472, -25.4500954]}, "properties": {"id": 1120693503, "feat_type": "way", "quality_categories": "missing_tags", "issue_ids": "[2]", "osm_url": "https://www.openstreetmap.org/way/1120693503", "josm_url": "http://127.0.0.1:8111/load_object?new_layer=false&objects=w1120693503", "id_url": "https://www.openstreetmap.org/edit?editor=id&way=1120693503#map=20/-25.4500954/-49.2852472"}}, {"type": "Feature", "geometry": {"type": "Point", "coordinates": [-49.2906877, -25.4502318]}, "properties": {"id": 1120693504, "feat_type": "way", "quality_categories": "missing_tags", "issue_ids": "[2]", "osm_url": "https://www.openstreetmap.org/way/1120693504", "josm_url": "http://127.0.0.1:8111/load_object?new_layer=false&objects=w1120693504", "id_url": "https://www.openstreetmap.org/edit?editor=id&way=1120693504#map=20/-25.4502318/-49.2906877"}}, {"type": "Feature", "geometry": {"type": "Point", "coordinates": [-49.2890775, -25.4496402]}, "properties": {"id": 1120693505, "feat_type": "way", "quality_categories": "missing_tags", "issue_ids": "[2]", "osm_url": "https://www.openstreetmap.org/way/1120693505", "josm_url": "http://127.0.0.1:8111/load_object?new_layer=false&objects=w1120693505", "id_url": "https://www.openstreetmap.org/edit?editor=id&way=1120693505#map=20/-25.4496402/-49.2890775"}}, {"type": "Feature", "geometry": {"type": "Point", "coordinates": [-49.290844, -25.4501772]}, "properties": {"id": 1120693506, "feat_type": "way", "quality_categories": "missing_tags", "issue_ids": "[2]", "osm_url": "https://www.openstreetmap.org/way/1120693506", "josm_url": "http://127.0.0.1:8111/load_object?new_layer=false&objects=w1120693506", "id_url": "https://www.openstreetmap.org/edit?editor=id&way=1120693506#map=20/-25.4501772/-49.290844"}}, {"type": "Feature", "geometry": {"type": "Point", "coordinates": [-49.2910554, -25.4497372]}, "properties": {"id": 1120693507, "feat_type": "way", "quality_categories": "missing_tags", "issue_ids": "[2]", "osm_url": "https://www.openstreetmap.org/way/1120693507", "josm_url": "http://127.0.0.1:8111/load_object?new_layer=false&objects=w1120693507", "id_url": "https://www.openstreetmap.org/edit?editor=id&way=1120693507#map=20/-25.4497372/-49.2910554"}}, {"type": "Feature", "geometry": {"type": "Point", "coordinates": [-49.2911348, -25.4495718]}, "properties": {"id": 1120693508, "feat_type": "way", "quality_categories": "missing_tags", "issue_ids": "[2]", "osm_url": "https://www.openstreetmap.org/way/1120693508", "josm_url": "http://127.0.0.1:8111/load_object?new_layer=false&objects=w1120693508", "id_url": "https://www.openstreetmap.org/edit?editor=id&way=1120693508#map=20/-25.4495718/-49.2911348"}}, {"type": "Feature", "geometry": {"type": "Point", "coordinates": [-49.2914237, -25.4489701]}, "properties": {"id": 1120693509, "feat_type": "way", "quality_categories": "missing_tags", "issue_ids": "[2]", "osm_url": "https://www.openstreetmap.org/way/1120693509", "josm_url": "http://127.0.0.1:8111/load_object?new_layer=false&objects=w1120693509", "id_url": "https://www.openstreetmap.org/edit?editor=id&way=1120693509#map=20/-25.4489701/-49.2914237"}}, {"type": "Feature", "geometry": {"type": "Point", "coordinates": [-49.2722234, -25.4535152]}, "properties": {"id": 1120693510, "feat_type": "way", "quality_categories": "missing_tags", "issue_ids": "[2]", "osm_url": "https://www.openstreetmap.org/way/1120693510", "josm_url": "http://127.0.0.1:8111/load_object?new_layer=false&objects=w1120693510", "id_url": "https://www.openstreetmap.org/edit?editor=id&way=1120693510#map=20/-25.4535152/-49.2722234"}}, {"type": "Feature", "geometry": {"type": "Point", "coordinates": [-49.2803889, -25.4482261]}, "properties": {"id": 1120693511, "feat_type": "way", "quality_categories": "missing_tags", "issue_ids": "[2]", "osm_url": "https://www.openstreetmap.org/way/1120693511", "josm_url": "http://127.0.0.1:8111/load_object?new_layer=false&objects=w1120693511", "id_url": "https://www.openstreetmap.org/edit?editor=id&way=1120693511#map=20/-25.4482261/-49.2803889"}}, {"type": "Feature", "geometry": {"type": "Point", "coordinates": [-49.2811965, -25.4485383]}, "properties": {"id": 1120693512, "feat_type": "way", "quality_categories": "missing_tags", "issue_ids": "[2]", "osm_url": "https://www.openstreetmap.org/way/1120693512", "josm_url": "http://127.0.0.1:8111/load_object?new_layer=false&objects=w1120693512", "id_url": "https://www.openstreetmap.org/edit?editor=id&way=1120693512#map=20/-25.4485383/-49.2811965"}}, {"type": "Feature", "geometry": {"type": "Point", "coordinates": [-49.2813969, -25.4486154]}, "properties": {"id": 1120693513, "feat_type": "way", "quality_categories": "missing_tags", "issue_ids": "[2]", "osm_url": "https://www.openstreetmap.org/way/1120693513", "josm_url": "http://127.0.0.1:8111/load_object?new_layer=false&objects=w1120693513", "id_url": "https://www.openstreetmap.org/edit?editor=id&way=1120693513#map=20/-25.4486154/-49.2813969"}}, {"type": "Feature", "geometry": {"type": "Point", "coordinates": [-49.2825288, -25.4490492]}, "properties": {"id": 1120693515, "feat_type": "way", "quality_categories": "missing_tags", "issue_ids": "[2]", "osm_url": "https://www.openstreetmap.org/way/1120693515", "josm_url": "http://127.0.0.1:8111/load_object?new_layer=false&objects=w1120693515", "id_url": "https://www.openstreetmap.org/edit?editor=id&way=1120693515#map=20/-25.4490492/-49.2825288"}}, {"type": "Feature", "geometry": {"type": "Point", "coordinates": [-49.2833337, -25.4493589]}, "properties": {"id": 1120693516, "feat_type": "way", "quality_categories": "missing_tags", "issue_ids": "[2]", "osm_url": "https://www.openstreetmap.org/way/1120693516", "josm_url": "http://127.0.0.1:8111/load_object?new_layer=false&objects=w1120693516", "id_url": "https://www.openstreetmap.org/edit?editor=id&way=1120693516#map=20/-25.4493589/-49.2833337"}}, {"type": "Feature", "geometry": {"type": "Point", "coordinates": [-49.2835167, -25.4494293]}, "properties": {"id": 1120693517, "feat_type": "way", "quality_categories": "missing_tags", "issue_ids": "[2]", "osm_url": "https://www.openstreetmap.org/way/1120693517", "josm_url": "http://127.0.0.1:8111/load_object?new_layer=false&objects=w1120693517", "id_url": "https://www.openstreetmap.org/edit?editor=id&way=1120693517#map=20/-25.4494293/-49.2835167"}}, {"type": "Feature", "geometry": {"type": "Point", "coordinates": [-49.2885702, -25.4478901]}, "properties": {"id": 1120693519, "feat_type": "way", "quality_categories": "missing_tags", "issue_ids": "[2]", "osm_url": "https://www.openstreetmap.org/way/1120693519", "josm_url": "http://127.0.0.1:8111/load_object?new_layer=false&objects=w1120693519", "id_url": "https://www.openstreetmap.org/edit?editor=id&way=1120693519#map=20/-25.4478901/-49.2885702"}}, {"type": "Feature", "geometry": {"type": "Point", "coordinates": [-49.2924172, -25.451795]}, "properties": {"id": 1120693520, "feat_type": "way", "quality_categories": "missing_tags", "issue_ids": "[2]", "osm_url": "https://www.openstreetmap.org/way/1120693520", "josm_url": "http://127.0.0.1:8111/load_object?new_layer=false&objects=w1120693520", "id_url": "https://www.openstreetmap.org/edit?editor=id&way=1120693520#map=20/-25.451795/-49.2924172"}}, {"type": "Feature", "geometry": {"type": "Point", "coordinates": [-49.2936498, -25.4522677]}, "properties": {"id": 1120693521, "feat_type": "way", "quality_categories": "missing_tags", "issue_ids": "[2]", "osm_url": "https://www.openstreetmap.org/way/1120693521", "josm_url": "http://127.0.0.1:8111/load_object?new_layer=false&objects=w1120693521", "id_url": "https://www.openstreetmap.org/edit?editor=id&way=1120693521#map=20/-25.4522677/-49.2936498"}}, {"type": "Feature", "geometry": {"type": "Point", "coordinates": [-49.2944164, -25.4506896]}, "properties": {"id": 1120693522, "feat_type": "way", "quality_categories": "missing_tags", "issue_ids": "[2]", "osm_url": "https://www.openstreetmap.org/way/1120693522", "josm_url": "http://127.0.0.1:8111/load_object?new_layer=false&objects=w1120693522", "id_url": "https://www.openstreetmap.org/edit?editor=id&way=1120693522#map=20/-25.4506896/-49.2944164"}}, {"type": "Feature", "geometry": {"type": "Point", "coordinates": [-49.2818228, -25.4449797]}, "properties": {"id": 1120693523, "feat_type": "way", "quality_categories": "missing_tags", "issue_ids": "[2]", "osm_url": "https://www.openstreetmap.org/way/1120693523", "josm_url": "http://127.0.0.1:8111/load_object?new_layer=false&objects=w1120693523", "id_url": "https://www.openstreetmap.org/edit?editor=id&way=1120693523#map=20/-25.4449797/-49.2818228"}}, {"type": "Feature", "geometry": {"type": "Point", "coordinates": [-49.2823339, -25.4439116]}, "properties": {"id": 1120693524, "feat_type": "way", "quality_categories": "missing_tags", "issue_ids": "[2]", "osm_url": "https://www.openstreetmap.org/way/1120693524", "josm_url": "http://127.0.0.1:8111/load_object?new_layer=false&objects=w1120693524", "id_url": "https://www.openstreetmap.org/edit?editor=id&way=1120693524#map=20/-25.4439116/-49.2823339"}}, {"type": "Feature", "geometry": {"type": "Point", "coordinates": [-49.2858035, -25.446848]}, "properties": {"id": 1120693525, "feat_type": "way", "quality_categories": "missing_tags", "issue_ids": "[2]", "osm_url": "https://www.openstreetmap.org/way/1120693525", "josm_url": "http://127.0.0.1:8111/load_object?new_layer=false&objects=w1120693525", "id_url": "https://www.openstreetmap.org/edit?editor=id&way=1120693525#map=20/-25.446848/-49.2858035"}}, {"type": "Feature", "geometry": {"type": "Point", "coordinates": [-49.2852169, -25.4480981]}, "properties": {"id": 1120693526, "feat_type": "way", "quality_categories": "missing_tags", "issue_ids": "[2]", "osm_url": "https://www.openstreetmap.org/way/1120693526", "josm_url": "http://127.0.0.1:8111/load_object?new_layer=false&objects=w1120693526", "id_url": "https://www.openstreetmap.org/edit?editor=id&way=1120693526#map=20/-25.4480981/-49.2852169"}}, {"type": "Feature", "geometry": {"type": "Point", "coordinates": [-49.2842016, -25.4477195]}, "properties": {"id": 1120693527, "feat_type": "way", "quality_categories": "missing_tags", "issue_ids": "[2]", "osm_url": "https://www.openstreetmap.org/way/1120693527", "josm_url": "http://127.0.0.1:8111/load_object?new_layer=false&objects=w1120693527", "id_url": "https://www.openstreetmap.org/edit?editor=id&way=1120693527#map=20/-25.4477195/-49.2842016"}}, {"type": "Feature", "geometry": {"type": "Point", "coordinates": [-49.284784, -25.446463]}, "properties": {"id": 1120693528, "feat_type": "way", "quality_categories": "missing_tags", "issue_ids": "[2]", "osm_url": "https://www.openstreetmap.org/way/1120693528", "josm_url": "http://127.0.0.1:8111/load_object?new_layer=false&objects=w1120693528", "id_url": "https://www.openstreetmap.org/edit?editor=id&way=1120693528#map=20/-25.446463/-49.284784"}}, {"type": "Feature", "geometry": {"type": "Point", "coordinates": [-49.2698569, -25.4560823]}, "properties": {"id": 1120693529, "feat_type": "way", "quality_categories": "missing_tags", "issue_ids": "[2]", "osm_url": "https://www.openstreetmap.org/way/1120693529", "josm_url": "http://127.0.0.1:8111/load_object?new_layer=false&objects=w1120693529", "id_url": "https://www.openstreetmap.org/edit?editor=id&way=1120693529#map=20/-25.4560823/-49.2698569"}}, {"type": "Feature", "geometry": {"type": "Point", "coordinates": [-49.2709545, -25.4558409]}, "properties": {"id": 1120693530, "feat_type": "way", "quality_categories": "missing_tags", "issue_ids": "[2]", "osm_url": "https://www.openstreetmap.org/way/1120693530", "josm_url": "http://127.0.0.1:8111/load_object?new_layer=false&objects=w1120693530", "id_url": "https://www.openstreetmap.org/edit?editor=id&way=1120693530#map=20/-25.4558409/-49.2709545"}}, {"type": "Feature", "geometry": {"type": "Point", "coordinates": [-49.2806383, -25.4500817]}, "properties": {"id": 1120693532, "feat_type": "way", "quality_categories": "missing_tags", "issue_ids": "[2]", "osm_url": "https://www.openstreetmap.org/way/1120693532", "josm_url": "http://127.0.0.1:8111/load_object?new_layer=false&objects=w1120693532", "id_url": "https://www.openstreetmap.org/edit?editor=id&way=1120693532#map=20/-25.4500817/-49.2806383"}}, {"type": "Feature", "geometry": {"type": "Point", "coordinates": [-49.2826885, -25.4507505]}, "properties": {"id": 1120693535, "feat_type": "way", "quality_categories": "missing_tags", "issue_ids": "[2]", "osm_url": "https://www.openstreetmap.org/way/1120693535", "josm_url": "http://127.0.0.1:8111/load_object?new_layer=false&objects=w1120693535", "id_url": "https://www.openstreetmap.org/edit?editor=id&way=1120693535#map=20/-25.4507505/-49.2826885"}}, {"type": "Feature", "geometry": {"type": "Point", "coordinates": [-49.2846051, -25.4514756]}, "properties": {"id": 1120693537, "feat_type": "way", "quality_categories": "missing_tags", "issue_ids": "[2]", "osm_url": "https://www.openstreetmap.org/way/1120693537", "josm_url": "http://127.0.0.1:8111/load_object?new_layer=false&objects=w1120693537", "id_url": "https://www.openstreetmap.org/edit?editor=id&way=1120693537#map=20/-25.4514756/-49.2846051"}}, {"type": "Feature", "geometry": {"type": "Point", "coordinates": [-49.2838703, -25.4511976]}, "properties": {"id": 1120693538, "feat_type": "way", "quality_categories": "missing_tags", "issue_ids": "[2]", "osm_url": "https://www.openstreetmap.org/way/1120693538", "josm_url": "http://127.0.0.1:8111/load_object?new_layer=false&objects=w1120693538", "id_url": "https://www.openstreetmap.org/edit?editor=id&way=1120693538#map=20/-25.4511976/-49.2838703"}}, {"type": "Feature", "geometry": {"type": "Point", "coordinates": [-49.2816864, -25.4503713]}, "properties": {"id": 1120693541, "feat_type": "way", "quality_categories": "missing_tags", "issue_ids": "[2]", "osm_url": "https://www.openstreetmap.org/way/1120693541", "josm_url": "http://127.0.0.1:8111/load_object?new_layer=false&objects=w1120693541", "id_url": "https://www.openstreetmap.org/edit?editor=id&way=1120693541#map=20/-25.4503713/-49.2816864"}}, {"type": "Feature", "geometry": {"type": "Point", "coordinates": [-49.2807789, -25.4500279]}, "properties": {"id": 1120693542, "feat_type": "way", "quality_categories": "missing_tags", "issue_ids": "[2]", "osm_url": "https://www.openstreetmap.org/way/1120693542", "josm_url": "http://127.0.0.1:8111/load_object?new_layer=false&objects=w1120693542", "id_url": "https://www.openstreetmap.org/edit?editor=id&way=1120693542#map=20/-25.4500279/-49.2807789"}}, {"type": "Feature", "geometry": {"type": "Point", "coordinates": [-49.287766, -25.4491607]}, "properties": {"id": 1120693543, "feat_type": "way", "quality_categories": "missing_tags", "issue_ids": "[2]", "osm_url": "https://www.openstreetmap.org/way/1120693543", "josm_url": "http://127.0.0.1:8111/load_object?new_layer=false&objects=w1120693543", "id_url": "https://www.openstreetmap.org/edit?editor=id&way=1120693543#map=20/-25.4491607/-49.287766"}}, {"type": "Feature", "geometry": {"type": "Point", "coordinates": [-49.2862109, -25.4485808]}, "properties": {"id": 1120693544, "feat_type": "way", "quality_categories": "missing_tags", "issue_ids": "[2]", "osm_url": "https://www.openstreetmap.org/way/1120693544", "josm_url": "http://127.0.0.1:8111/load_object?new_layer=false&objects=w1120693544", "id_url": "https://www.openstreetmap.org/edit?editor=id&way=1120693544#map=20/-25.4485808/-49.2862109"}}, {"type": "Feature", "geometry": {"type": "Point", "coordinates": [-49.2859901, -25.4484985]}, "properties": {"id": 1120693545, "feat_type": "way", "quality_categories": "missing_tags", "issue_ids": "[2]", "osm_url": "https://www.openstreetmap.org/way/1120693545", "josm_url": "http://127.0.0.1:8111/load_object?new_layer=false&objects=w1120693545", "id_url": "https://www.openstreetmap.org/edit?editor=id&way=1120693545#map=20/-25.4484985/-49.2859901"}}, {"type": "Feature", "geometry": {"type": "Point", "coordinates": [-49.2852641, -25.4482279]}, "properties": {"id": 1120693546, "feat_type": "way", "quality_categories": "missing_tags", "issue_ids": "[2]", "osm_url": "https://www.openstreetmap.org/way/1120693546", "josm_url": "http://127.0.0.1:8111/load_object?new_layer=false&objects=w1120693546", "id_url": "https://www.openstreetmap.org/edit?editor=id&way=1120693546#map=20/-25.4482279/-49.2852641"}}, {"type": "Feature", "geometry": {"type": "Point", "coordinates": [-49.2840652, -25.4477809]}, "properties": {"id": 1120693547, "feat_type": "way", "quality_categories": "missing_tags", "issue_ids": "[2]", "osm_url": "https://www.openstreetmap.org/way/1120693547", "josm_url": "http://127.0.0.1:8111/load_object?new_layer=false&objects=w1120693547", "id_url": "https://www.openstreetmap.org/edit?editor=id&way=1120693547#map=20/-25.4477809/-49.2840652"}}, {"type": "Feature", "geometry": {"type": "Point", "coordinates": [-49.2832287, -25.447469]}, "properties": {"id": 1120693548, "feat_type": "way", "quality_categories": "missing_tags", "issue_ids": "[2]", "osm_url": "https://www.openstreetmap.org/way/1120693548", "josm_url": "http://127.0.0.1:8111/load_object?new_layer=false&objects=w1120693548", "id_url": "https://www.openstreetmap.org/edit?editor=id&way=1120693548#map=20/-25.447469/-49.2832287"}}, {"type": "Feature", "geometry": {"type": "Point", "coordinates": [-49.2829997, -25.4473836]}, "properties": {"id": 1120693549, "feat_type": "way", "quality_categories": "missing_tags", "issue_ids": "[2]", "osm_url": "https://www.openstreetmap.org/way/1120693549", "josm_url": "http://127.0.0.1:8111/load_object?new_layer=false&objects=w1120693549", "id_url": "https://www.openstreetmap.org/edit?editor=id&way=1120693549#map=20/-25.4473836/-49.2829997"}}, {"type": "Feature", "geometry": {"type": "Point", "coordinates": [-49.2811339, -25.446688]}, "properties": {"id": 1120693550, "feat_type": "way", "quality_categories": "missing_tags", "issue_ids": "[2]", "osm_url": "https://www.openstreetmap.org/way/1120693550", "josm_url": "http://127.0.0.1:8111/load_object?new_layer=false&objects=w1120693550", "id_url": "https://www.openstreetmap.org/edit?editor=id&way=1120693550#map=20/-25.446688/-49.2811339"}}, {"type": "Feature", "geometry": {"type": "Point", "coordinates": [-49.2842492, -25.4478495]}, "properties": {"id": 1120693552, "feat_type": "way", "quality_categories": "missing_tags", "issue_ids": "[2]", "osm_url": "https://www.openstreetmap.org/way/1120693552", "josm_url": "http://127.0.0.1:8111/load_object?new_layer=false&objects=w1120693552", "id_url": "https://www.openstreetmap.org/edit?editor=id&way=1120693552#map=20/-25.4478495/-49.2842492"}}, {"type": "Feature", "geometry": {"type": "Point", "coordinates": [-49.2809162, -25.4466068]}, "properties": {"id": 1120693553, "feat_type": "way", "quality_categories": "missing_tags", "issue_ids": "[2]", "osm_url": "https://www.openstreetmap.org/way/1120693553", "josm_url": "http://127.0.0.1:8111/load_object?new_layer=false&objects=w1120693553", "id_url": "https://www.openstreetmap.org/edit?editor=id&way=1120693553#map=20/-25.4466068/-49.2809162"}}, {"type": "Feature", "geometry": {"type": "Point", "coordinates": [-49.2804285, -25.446425]}, "properties": {"id": 1120693554, "feat_type": "way", "quality_categories": "missing_tags", "issue_ids": "[2]", "osm_url": "https://www.openstreetmap.org/way/1120693554", "josm_url": "http://127.0.0.1:8111/load_object?new_layer=false&objects=w1120693554", "id_url": "https://www.openstreetmap.org/edit?editor=id&way=1120693554#map=20/-25.446425/-49.2804285"}}, {"type": "Feature", "geometry": {"type": "Point", "coordinates": [-49.2802445, -25.4463564]}, "properties": {"id": 1120693555, "feat_type": "way", "quality_categories": "missing_tags", "issue_ids": "[2]", "osm_url": "https://www.openstreetmap.org/way/1120693555", "josm_url": "http://127.0.0.1:8111/load_object?new_layer=false&objects=w1120693555", "id_url": "https://www.openstreetmap.org/edit?editor=id&way=1120693555#map=20/-25.4463564/-49.2802445"}}, {"type": "Feature", "geometry": {"type": "Point", "coordinates": [-49.2797164, -25.4461595]}, "properties": {"id": 1120693556, "feat_type": "way", "quality_categories": "missing_tags", "issue_ids": "[2]", "osm_url": "https://www.openstreetmap.org/way/1120693556", "josm_url": "http://127.0.0.1:8111/load_object?new_layer=false&objects=w1120693556", "id_url": "https://www.openstreetmap.org/edit?editor=id&way=1120693556#map=20/-25.4461595/-49.2797164"}}, {"type": "Feature", "geometry": {"type": "Point", "coordinates": [-49.2884642, -25.4568792]}, "properties": {"id": 1120693557, "feat_type": "way", "quality_categories": "missing_tags", "issue_ids": "[2]", "osm_url": "https://www.openstreetmap.org/way/1120693557", "josm_url": "http://127.0.0.1:8111/load_object?new_layer=false&objects=w1120693557", "id_url": "https://www.openstreetmap.org/edit?editor=id&way=1120693557#map=20/-25.4568792/-49.2884642"}}, {"type": "Feature", "geometry": {"type": "Point", "coordinates": [-49.2796797, -25.4623964]}, "properties": {"id": 1120693559, "feat_type": "way", "quality_categories": "missing_tags", "issue_ids": "[2]", "osm_url": "https://www.openstreetmap.org/way/1120693559", "josm_url": "http://127.0.0.1:8111/load_object?new_layer=false&objects=w1120693559", "id_url": "https://www.openstreetmap.org/edit?editor=id&way=1120693559#map=20/-25.4623964/-49.2796797"}}, {"type": "Feature", "geometry": {"type": "Point", "coordinates": [-49.2793155, -25.4631848]}, "properties": {"id": 1120693560, "feat_type": "way", "quality_categories": "missing_tags", "issue_ids": "[2]", "osm_url": "https://www.openstreetmap.org/way/1120693560", "josm_url": "http://127.0.0.1:8111/load_object?new_layer=false&objects=w1120693560", "id_url": "https://www.openstreetmap.org/edit?editor=id&way=1120693560#map=20/-25.4631848/-49.2793155"}}, {"type": "Feature", "geometry": {"type": "Point", "coordinates": [-49.2797567, -25.46223]}, "properties": {"id": 1120693561, "feat_type": "way", "quality_categories": "missing_tags", "issue_ids": "[2]", "osm_url": "https://www.openstreetmap.org/way/1120693561", "josm_url": "http://127.0.0.1:8111/load_object?new_layer=false&objects=w1120693561", "id_url": "https://www.openstreetmap.org/edit?editor=id&way=1120693561#map=20/-25.46223/-49.2797567"}}, {"type": "Feature", "geometry": {"type": "Point", "coordinates": [-49.2786854, -25.4613829]}, "properties": {"id": 1120693562, "feat_type": "way", "quality_categories": "missing_tags", "issue_ids": "[2]", "osm_url": "https://www.openstreetmap.org/way/1120693562", "josm_url": "http://127.0.0.1:8111/load_object?new_layer=false&objects=w1120693562", "id_url": "https://www.openstreetmap.org/edit?editor=id&way=1120693562#map=20/-25.4613829/-49.2786854"}}, {"type": "Feature", "geometry": {"type": "Point", "coordinates": [-49.2796476, -25.4622496]}, "properties": {"id": 1120693563, "feat_type": "way", "quality_categories": "missing_tags", "issue_ids": "[2]", "osm_url": "https://www.openstreetmap.org/way/1120693563", "josm_url": "http://127.0.0.1:8111/load_object?new_layer=false&objects=w1120693563", "id_url": "https://www.openstreetmap.org/edit?editor=id&way=1120693563#map=20/-25.4622496/-49.2796476"}}, {"type": "Feature", "geometry": {"type": "Point", "coordinates": [-49.2792059, -25.4632048]}, "properties": {"id": 1120693564, "feat_type": "way", "quality_categories": "missing_tags", "issue_ids": "[2]", "osm_url": "https://www.openstreetmap.org/way/1120693564", "josm_url": "http://127.0.0.1:8111/load_object?new_layer=false&objects=w1120693564", "id_url": "https://www.openstreetmap.org/edit?editor=id&way=1120693564#map=20/-25.4632048/-49.2792059"}}, {"type": "Feature", "geometry": {"type": "Point", "coordinates": [-49.2782425, -25.4623485]}, "properties": {"id": 1120693565, "feat_type": "way", "quality_categories": "missing_tags", "issue_ids": "[2]", "osm_url": "https://www.openstreetmap.org/way/1120693565", "josm_url": "http://127.0.0.1:8111/load_object?new_layer=false&objects=w1120693565", "id_url": "https://www.openstreetmap.org/edit?editor=id&way=1120693565#map=20/-25.4623485/-49.2782425"}}, {"type": "Feature", "geometry": {"type": "Point", "coordinates": [-49.275453, -25.4525036]}, "properties": {"id": 1120693567, "feat_type": "way", "quality_categories": "missing_tags", "issue_ids": "[2]", "osm_url": "https://www.openstreetmap.org/way/1120693567", "josm_url": "http://127.0.0.1:8111/load_object?new_layer=false&objects=w1120693567", "id_url": "https://www.openstreetmap.org/edit?editor=id&way=1120693567#map=20/-25.4525036/-49.275453"}}, {"type": "Feature", "geometry": {"type": "Point", "coordinates": [-49.2749086, -25.4534519]}, "properties": {"id": 1120693568, "feat_type": "way", "quality_categories": "missing_tags", "issue_ids": "[2]", "osm_url": "https://www.openstreetmap.org/way/1120693568", "josm_url": "http://127.0.0.1:8111/load_object?new_layer=false&objects=w1120693568", "id_url": "https://www.openstreetmap.org/edit?editor=id&way=1120693568#map=20/-25.4534519/-49.2749086"}}, {"type": "Feature", "geometry": {"type": "Point", "coordinates": [-49.2753194, -25.4525603]}, "properties": {"id": 1120693569, "feat_type": "way", "quality_categories": "missing_tags", "issue_ids": "[2]", "osm_url": "https://www.openstreetmap.org/way/1120693569", "josm_url": "http://127.0.0.1:8111/load_object?new_layer=false&objects=w1120693569", "id_url": "https://www.openstreetmap.org/edit?editor=id&way=1120693569#map=20/-25.4525603/-49.2753194"}}, {"type": "Feature", "geometry": {"type": "Point", "coordinates": [-49.2889522, -25.4657766]}, "properties": {"id": 1120693570, "feat_type": "way", "quality_categories": "missing_tags", "issue_ids": "[2]", "osm_url": "https://www.openstreetmap.org/way/1120693570", "josm_url": "http://127.0.0.1:8111/load_object?new_layer=false&objects=w1120693570", "id_url": "https://www.openstreetmap.org/edit?editor=id&way=1120693570#map=20/-25.4657766/-49.2889522"}}, {"type": "Feature", "geometry": {"type": "Point", "coordinates": [-49.2900945, -25.4653381]}, "properties": {"id": 1120693571, "feat_type": "way", "quality_categories": "missing_tags", "issue_ids": "[2]", "osm_url": "https://www.openstreetmap.org/way/1120693571", "josm_url": "http://127.0.0.1:8111/load_object?new_layer=false&objects=w1120693571", "id_url": "https://www.openstreetmap.org/edit?editor=id&way=1120693571#map=20/-25.4653381/-49.2900945"}}, {"type": "Feature", "geometry": {"type": "Point", "coordinates": [-49.2876772, -25.4602696]}, "properties": {"id": 1120693573, "feat_type": "way", "quality_categories": "missing_tags", "issue_ids": "[2]", "osm_url": "https://www.openstreetmap.org/way/1120693573", "josm_url": "http://127.0.0.1:8111/load_object?new_layer=false&objects=w1120693573", "id_url": "https://www.openstreetmap.org/edit?editor=id&way=1120693573#map=20/-25.4602696/-49.2876772"}}, {"type": "Feature", "geometry": {"type": "Point", "coordinates": [-49.28723, -25.4601844]}, "properties": {"id": 1120693574, "feat_type": "way", "quality_categories": "missing_tags", "issue_ids": "[2]", "osm_url": "https://www.openstreetmap.org/way/1120693574", "josm_url": "http://127.0.0.1:8111/load_object?new_layer=false&objects=w1120693574", "id_url": "https://www.openstreetmap.org/edit?editor=id&way=1120693574#map=20/-25.4601844/-49.28723"}}, {"type": "Feature", "geometry": {"type": "Point", "coordinates": [-49.278394, -25.4609142]}, "properties": {"id": 1120693575, "feat_type": "way", "quality_categories": "missing_tags", "issue_ids": "[2]", "osm_url": "https://www.openstreetmap.org/way/1120693575", "josm_url": "http://127.0.0.1:8111/load_object?new_layer=false&objects=w1120693575", "id_url": "https://www.openstreetmap.org/edit?editor=id&way=1120693575#map=20/-25.4609142/-49.278394"}}, {"type": "Feature", "geometry": {"type": "Point", "coordinates": [-49.2832453, -25.4525289]}, "properties": {"id": 1120693576, "feat_type": "way", "quality_categories": "missing_tags", "issue_ids": "[2]", "osm_url": "https://www.openstreetmap.org/way/1120693576", "josm_url": "http://127.0.0.1:8111/load_object?new_layer=false&objects=w1120693576", "id_url": "https://www.openstreetmap.org/edit?editor=id&way=1120693576#map=20/-25.4525289/-49.2832453"}}, {"type": "Feature", "geometry": {"type": "Point", "coordinates": [-49.284002, -25.4528188]}, "properties": {"id": 1120693577, "feat_type": "way", "quality_categories": "missing_tags", "issue_ids": "[2]", "osm_url": "https://www.openstreetmap.org/way/1120693577", "josm_url": "http://127.0.0.1:8111/load_object?new_layer=false&objects=w1120693577", "id_url": "https://www.openstreetmap.org/edit?editor=id&way=1120693577#map=20/-25.4528188/-49.284002"}}, {"type": "Feature", "geometry": {"type": "Point", "coordinates": [-49.2841852, -25.4528891]}, "properties": {"id": 1120693578, "feat_type": "way", "quality_categories": "missing_tags", "issue_ids": "[2]", "osm_url": "https://www.openstreetmap.org/way/1120693578", "josm_url": "http://127.0.0.1:8111/load_object?new_layer=false&objects=w1120693578", "id_url": "https://www.openstreetmap.org/edit?editor=id&way=1120693578#map=20/-25.4528891/-49.2841852"}}, {"type": "Feature", "geometry": {"type": "Point", "coordinates": [-49.2843612, -25.4529565]}, "properties": {"id": 1120693579, "feat_type": "way", "quality_categories": "missing_tags", "issue_ids": "[2]", "osm_url": "https://www.openstreetmap.org/way/1120693579", "josm_url": "http://127.0.0.1:8111/load_object?new_layer=false&objects=w1120693579", "id_url": "https://www.openstreetmap.org/edit?editor=id&way=1120693579#map=20/-25.4529565/-49.2843612"}}, {"type": "Feature", "geometry": {"type": "Point", "coordinates": [-49.2822555, -25.4521497]}, "properties": {"id": 1120693584, "feat_type": "way", "quality_categories": "missing_tags", "issue_ids": "[2]", "osm_url": "https://www.openstreetmap.org/way/1120693584", "josm_url": "http://127.0.0.1:8111/load_object?new_layer=false&objects=w1120693584", "id_url": "https://www.openstreetmap.org/edit?editor=id&way=1120693584#map=20/-25.4521497/-49.2822555"}}, {"type": "Feature", "geometry": {"type": "Point", "coordinates": [-49.2830621, -25.4524587]}, "properties": {"id": 1120693585, "feat_type": "way", "quality_categories": "missing_tags", "issue_ids": "[2]", "osm_url": "https://www.openstreetmap.org/way/1120693585", "josm_url": "http://127.0.0.1:8111/load_object?new_layer=false&objects=w1120693585", "id_url": "https://www.openstreetmap.org/edit?editor=id&way=1120693585#map=20/-25.4524587/-49.2830621"}}, {"type": "Feature", "geometry": {"type": "Point", "coordinates": [-49.2764202, -25.4499138]}, "properties": {"id": 1120693587, "feat_type": "way", "quality_categories": "missing_tags", "issue_ids": "[2]", "osm_url": "https://www.openstreetmap.org/way/1120693587", "josm_url": "http://127.0.0.1:8111/load_object?new_layer=false&objects=w1120693587", "id_url": "https://www.openstreetmap.org/edit?editor=id&way=1120693587#map=20/-25.4499138/-49.2764202"}}, {"type": "Feature", "geometry": {"type": "Point", "coordinates": [-49.2813055, -25.4517857]}, "properties": {"id": 1120693590, "feat_type": "way", "quality_categories": "missing_tags", "issue_ids": "[2]", "osm_url": "https://www.openstreetmap.org/way/1120693590", "josm_url": "http://127.0.0.1:8111/load_object?new_layer=false&objects=w1120693590", "id_url": "https://www.openstreetmap.org/edit?editor=id&way=1120693590#map=20/-25.4517857/-49.2813055"}}, {"type": "Feature", "geometry": {"type": "Point", "coordinates": [-49.2820724, -25.4520795]}, "properties": {"id": 1120693591, "feat_type": "way", "quality_categories": "missing_tags", "issue_ids": "[2]", "osm_url": "https://www.openstreetmap.org/way/1120693591", "josm_url": "http://127.0.0.1:8111/load_object?new_layer=false&objects=w1120693591", "id_url": "https://www.openstreetmap.org/edit?editor=id&way=1120693591#map=20/-25.4520795/-49.2820724"}}, {"type": "Feature", "geometry": {"type": "Point", "coordinates": [-49.2801869, -25.4513571]}, "properties": {"id": 1120693592, "feat_type": "way", "quality_categories": "missing_tags", "issue_ids": "[2]", "osm_url": "https://www.openstreetmap.org/way/1120693592", "josm_url": "http://127.0.0.1:8111/load_object?new_layer=false&objects=w1120693592", "id_url": "https://www.openstreetmap.org/edit?editor=id&way=1120693592#map=20/-25.4513571/-49.2801869"}}, {"type": "Feature", "geometry": {"type": "Point", "coordinates": [-49.2810949, -25.451705]}, "properties": {"id": 1120693593, "feat_type": "way", "quality_categories": "missing_tags", "issue_ids": "[2]", "osm_url": "https://www.openstreetmap.org/way/1120693593", "josm_url": "http://127.0.0.1:8111/load_object?new_layer=false&objects=w1120693593", "id_url": "https://www.openstreetmap.org/edit?editor=id&way=1120693593#map=20/-25.451705/-49.2810949"}}, {"type": "Feature", "geometry": {"type": "Point", "coordinates": [-49.2845857, -25.4530425]}, "properties": {"id": 1120693594, "feat_type": "way", "quality_categories": "missing_tags", "issue_ids": "[2]", "osm_url": "https://www.openstreetmap.org/way/1120693594", "josm_url": "http://127.0.0.1:8111/load_object?new_layer=false&objects=w1120693594", "id_url": "https://www.openstreetmap.org/edit?editor=id&way=1120693594#map=20/-25.4530425/-49.2845857"}}, {"type": "Feature", "geometry": {"type": "Point", "coordinates": [-49.2858645, -25.4535215]}, "properties": {"id": 1120693595, "feat_type": "way", "quality_categories": "missing_tags", "issue_ids": "[2]", "osm_url": "https://www.openstreetmap.org/way/1120693595", "josm_url": "http://127.0.0.1:8111/load_object?new_layer=false&objects=w1120693595", "id_url": "https://www.openstreetmap.org/edit?editor=id&way=1120693595#map=20/-25.4535215/-49.2858645"}}, {"type": "Feature", "geometry": {"type": "Point", "coordinates": [-49.2873012, -25.4589327]}, "properties": {"id": 1120693596, "feat_type": "way", "quality_categories": "missing_tags", "issue_ids": "[2]", "osm_url": "https://www.openstreetmap.org/way/1120693596", "josm_url": "http://127.0.0.1:8111/load_object?new_layer=false&objects=w1120693596", "id_url": "https://www.openstreetmap.org/edit?editor=id&way=1120693596#map=20/-25.4589327/-49.2873012"}}, {"type": "Feature", "geometry": {"type": "Point", "coordinates": [-49.2858249, -25.4664327]}, "properties": {"id": 1120693598, "feat_type": "way", "quality_categories": "missing_tags", "issue_ids": "[2]", "osm_url": "https://www.openstreetmap.org/way/1120693598", "josm_url": "http://127.0.0.1:8111/load_object?new_layer=false&objects=w1120693598", "id_url": "https://www.openstreetmap.org/edit?editor=id&way=1120693598#map=20/-25.4664327/-49.2858249"}}, {"type": "Feature", "geometry": {"type": "Point", "coordinates": [-49.285659, -25.4662833]}, "properties": {"id": 1120693599, "feat_type": "way", "quality_categories": "missing_tags", "issue_ids": "[2]", "osm_url": "https://www.openstreetmap.org/way/1120693599", "josm_url": "http://127.0.0.1:8111/load_object?new_layer=false&objects=w1120693599", "id_url": "https://www.openstreetmap.org/edit?editor=id&way=1120693599#map=20/-25.4662833/-49.285659"}}, {"type": "Feature", "geometry": {"type": "Point", "coordinates": [-49.2847141, -25.4654329]}, "properties": {"id": 1120693600, "feat_type": "way", "quality_categories": "missing_tags", "issue_ids": "[2]", "osm_url": "https://www.openstreetmap.org/way/1120693600", "josm_url": "http://127.0.0.1:8111/load_object?new_layer=false&objects=w1120693600", "id_url": "https://www.openstreetmap.org/edit?editor=id&way=1120693600#map=20/-25.4654329/-49.2847141"}}, {"type": "Feature", "geometry": {"type": "Point", "coordinates": [-49.2878873, -25.4682888]}, "properties": {"id": 1120693601, "feat_type": "way", "quality_categories": "missing_tags", "issue_ids": "[2]", "osm_url": "https://www.openstreetmap.org/way/1120693601", "josm_url": "http://127.0.0.1:8111/load_object?new_layer=false&objects=w1120693601", "id_url": "https://www.openstreetmap.org/edit?editor=id&way=1120693601#map=20/-25.4682888/-49.2878873"}}, {"type": "Feature", "geometry": {"type": "Point", "coordinates": [-49.2869492, -25.4674446]}, "properties": {"id": 1120693602, "feat_type": "way", "quality_categories": "missing_tags", "issue_ids": "[2]", "osm_url": "https://www.openstreetmap.org/way/1120693602", "josm_url": "http://127.0.0.1:8111/load_object?new_layer=false&objects=w1120693602", "id_url": "https://www.openstreetmap.org/edit?editor=id&way=1120693602#map=20/-25.4674446/-49.2869492"}}, {"type": "Feature", "geometry": {"type": "Point", "coordinates": [-49.2841633, -25.464937]}, "properties": {"id": 1120693603, "feat_type": "way", "quality_categories": "missing_tags", "issue_ids": "[2]", "osm_url": "https://www.openstreetmap.org/way/1120693603", "josm_url": "http://127.0.0.1:8111/load_object?new_layer=false&objects=w1120693603", "id_url": "https://www.openstreetmap.org/edit?editor=id&way=1120693603#map=20/-25.464937/-49.2841633"}}, {"type": "Feature", "geometry": {"type": "Point", "coordinates": [-49.2835855, -25.464417]}, "properties": {"id": 1120693604, "feat_type": "way", "quality_categories": "missing_tags", "issue_ids": "[2]", "osm_url": "https://www.openstreetmap.org/way/1120693604", "josm_url": "http://127.0.0.1:8111/load_object?new_layer=false&objects=w1120693604", "id_url": "https://www.openstreetmap.org/edit?editor=id&way=1120693604#map=20/-25.464417/-49.2835855"}}, {"type": "Feature", "geometry": {"type": "Point", "coordinates": [-49.2834231, -25.4642708]}, "properties": {"id": 1120693605, "feat_type": "way", "quality_categories": "missing_tags", "issue_ids": "[2]", "osm_url": "https://www.openstreetmap.org/way/1120693605", "josm_url": "http://127.0.0.1:8111/load_object?new_layer=false&objects=w1120693605", "id_url": "https://www.openstreetmap.org/edit?editor=id&way=1120693605#map=20/-25.4642708/-49.2834231"}}, {"type": "Feature", "geometry": {"type": "Point", "coordinates": [-49.2824786, -25.4634207]}, "properties": {"id": 1120693606, "feat_type": "way", "quality_categories": "missing_tags", "issue_ids": "[2]", "osm_url": "https://www.openstreetmap.org/way/1120693606", "josm_url": "http://127.0.0.1:8111/load_object?new_layer=false&objects=w1120693606", "id_url": "https://www.openstreetmap.org/edit?editor=id&way=1120693606#map=20/-25.4634207/-49.2824786"}}, {"type": "Feature", "geometry": {"type": "Point", "coordinates": [-49.2915674, -25.448671]}, "properties": {"id": 1120693607, "feat_type": "way", "quality_categories": "missing_tags", "issue_ids": "[2]", "osm_url": "https://www.openstreetmap.org/way/1120693607", "josm_url": "http://127.0.0.1:8111/load_object?new_layer=false&objects=w1120693607", "id_url": "https://www.openstreetmap.org/edit?editor=id&way=1120693607#map=20/-25.448671/-49.2915674"}}, {"type": "Feature", "geometry": {"type": "Point", "coordinates": [-49.2920991, -25.4475643]}, "properties": {"id": 1120693608, "feat_type": "way", "quality_categories": "missing_tags", "issue_ids": "[2]", "osm_url": "https://www.openstreetmap.org/way/1120693608", "josm_url": "http://127.0.0.1:8111/load_object?new_layer=false&objects=w1120693608", "id_url": "https://www.openstreetmap.org/edit?editor=id&way=1120693608#map=20/-25.4475643/-49.2920991"}}, {"type": "Feature", "geometry": {"type": "Point", "coordinates": [-49.289639, -25.4482942]}, "properties": {"id": 1120693609, "feat_type": "way", "quality_categories": "missing_tags", "issue_ids": "[2]", "osm_url": "https://www.openstreetmap.org/way/1120693609", "josm_url": "http://127.0.0.1:8111/load_object?new_layer=false&objects=w1120693609", "id_url": "https://www.openstreetmap.org/edit?editor=id&way=1120693609#map=20/-25.4482942/-49.289639"}}, {"type": "Feature", "geometry": {"type": "Point", "coordinates": [-49.2890235, -25.4495085]}, "properties": {"id": 1120693610, "feat_type": "way", "quality_categories": "missing_tags", "issue_ids": "[2]", "osm_url": "https://www.openstreetmap.org/way/1120693610", "josm_url": "http://127.0.0.1:8111/load_object?new_layer=false&objects=w1120693610", "id_url": "https://www.openstreetmap.org/edit?editor=id&way=1120693610#map=20/-25.4495085/-49.2890235"}}, {"type": "Feature", "geometry": {"type": "Point", "coordinates": [-49.2910496, -25.4522258]}, "properties": {"id": 1120693611, "feat_type": "way", "quality_categories": "missing_tags", "issue_ids": "[2]", "osm_url": "https://www.openstreetmap.org/way/1120693611", "josm_url": "http://127.0.0.1:8111/load_object?new_layer=false&objects=w1120693611", "id_url": "https://www.openstreetmap.org/edit?editor=id&way=1120693611#map=20/-25.4522258/-49.2910496"}}, {"type": "Feature", "geometry": {"type": "Point", "coordinates": [-49.2919578, -25.4508093]}, "properties": {"id": 1120693612, "feat_type": "way", "quality_categories": "missing_tags", "issue_ids": "[2]", "osm_url": "https://www.openstreetmap.org/way/1120693612", "josm_url": "http://127.0.0.1:8111/load_object?new_layer=false&objects=w1120693612", "id_url": "https://www.openstreetmap.org/edit?editor=id&way=1120693612#map=20/-25.4508093/-49.2919578"}}, {"type": "Feature", "geometry": {"type": "Point", "coordinates": [-49.2920312, -25.4506168]}, "properties": {"id": 1120693613, "feat_type": "way", "quality_categories": "missing_tags", "issue_ids": "[2]", "osm_url": "https://www.openstreetmap.org/way/1120693613", "josm_url": "http://127.0.0.1:8111/load_object?new_layer=false&objects=w1120693613", "id_url": "https://www.openstreetmap.org/edit?editor=id&way=1120693613#map=20/-25.4506168/-49.2920312"}}, {"type": "Feature", "geometry": {"type": "Point", "coordinates": [-49.2922521, -25.4491896]}, "properties": {"id": 1120693614, "feat_type": "way", "quality_categories": "missing_tags", "issue_ids": "[2]", "osm_url": "https://www.openstreetmap.org/way/1120693614", "josm_url": "http://127.0.0.1:8111/load_object?new_layer=false&objects=w1120693614", "id_url": "https://www.openstreetmap.org/edit?editor=id&way=1120693614#map=20/-25.4491896/-49.2922521"}}, {"type": "Feature", "geometry": {"type": "Point", "coordinates": [-49.2922853, -25.448975]}, "properties": {"id": 1120693615, "feat_type": "way", "quality_categories": "missing_tags", "issue_ids": "[2]", "osm_url": "https://www.openstreetmap.org/way/1120693615", "josm_url": "http://127.0.0.1:8111/load_object?new_layer=false&objects=w1120693615", "id_url": "https://www.openstreetmap.org/edit?editor=id&way=1120693615#map=20/-25.448975/-49.2922853"}}, {"type": "Feature", "geometry": {"type": "Point", "coordinates": [-49.2924805, -25.4477077]}, "properties": {"id": 1120693616, "feat_type": "way", "quality_categories": "missing_tags", "issue_ids": "[2]", "osm_url": "https://www.openstreetmap.org/way/1120693616", "josm_url": "http://127.0.0.1:8111/load_object?new_layer=false&objects=w1120693616", "id_url": "https://www.openstreetmap.org/edit?editor=id&way=1120693616#map=20/-25.4477077/-49.2924805"}}, {"type": "Feature", "geometry": {"type": "Point", "coordinates": [-49.2860151, -25.4539983]}, "properties": {"id": 1120693617, "feat_type": "way", "quality_categories": "missing_tags", "issue_ids": "[2]", "osm_url": "https://www.openstreetmap.org/way/1120693617", "josm_url": "http://127.0.0.1:8111/load_object?new_layer=false&objects=w1120693617", "id_url": "https://www.openstreetmap.org/edit?editor=id&way=1120693617#map=20/-25.4539983/-49.2860151"}}, {"type": "Feature", "geometry": {"type": "Point", "coordinates": [-49.2735684, -25.450435]}, "properties": {"id": 1120693618, "feat_type": "way", "quality_categories": "missing_tags", "issue_ids": "[2]", "osm_url": "https://www.openstreetmap.org/way/1120693618", "josm_url": "http://127.0.0.1:8111/load_object?new_layer=false&objects=w1120693618", "id_url": "https://www.openstreetmap.org/edit?editor=id&way=1120693618#map=20/-25.450435/-49.2735684"}}, {"type": "Feature", "geometry": {"type": "Point", "coordinates": [-49.2726387, -25.4500752]}, "properties": {"id": 1120693619, "feat_type": "way", "quality_categories": "missing_tags", "issue_ids": "[2]", "osm_url": "https://www.openstreetmap.org/way/1120693619", "josm_url": "http://127.0.0.1:8111/load_object?new_layer=false&objects=w1120693619", "id_url": "https://www.openstreetmap.org/edit?editor=id&way=1120693619#map=20/-25.4500752/-49.2726387"}}, {"type": "Feature", "geometry": {"type": "Point", "coordinates": [-49.2776732, -25.4520133]}, "properties": {"id": 1120693621, "feat_type": "way", "quality_categories": "missing_tags", "issue_ids": "[2]", "osm_url": "https://www.openstreetmap.org/way/1120693621", "josm_url": "http://127.0.0.1:8111/load_object?new_layer=false&objects=w1120693621", "id_url": "https://www.openstreetmap.org/edit?editor=id&way=1120693621#map=20/-25.4520133/-49.2776732"}}, {"type": "Feature", "geometry": {"type": "Point", "coordinates": [-49.2775081, -25.4519498]}, "properties": {"id": 1120693622, "feat_type": "way", "quality_categories": "missing_tags", "issue_ids": "[2]", "osm_url": "https://www.openstreetmap.org/way/1120693622", "josm_url": "http://127.0.0.1:8111/load_object?new_layer=false&objects=w1120693622", "id_url": "https://www.openstreetmap.org/edit?editor=id&way=1120693622#map=20/-25.4519498/-49.2775081"}}, {"type": "Feature", "geometry": {"type": "Point", "coordinates": [-49.2759751, -25.4513604]}, "properties": {"id": 1120693625, "feat_type": "way", "quality_categories": "missing_tags", "issue_ids": "[2]", "osm_url": "https://www.openstreetmap.org/way/1120693625", "josm_url": "http://127.0.0.1:8111/load_object?new_layer=false&objects=w1120693625", "id_url": "https://www.openstreetmap.org/edit?editor=id&way=1120693625#map=20/-25.4513604/-49.2759751"}}, {"type": "Feature", "geometry": {"type": "Point", "coordinates": [-49.275792, -25.4512901]}, "properties": {"id": 1120693626, "feat_type": "way", "quality_categories": "missing_tags", "issue_ids": "[2]", "osm_url": "https://www.openstreetmap.org/way/1120693626", "josm_url": "http://127.0.0.1:8111/load_object?new_layer=false&objects=w1120693626", "id_url": "https://www.openstreetmap.org/edit?editor=id&way=1120693626#map=20/-25.4512901/-49.275792"}}, {"type": "Feature", "geometry": {"type": "Point", "coordinates": [-49.2737515, -25.4505056]}, "properties": {"id": 1120693627, "feat_type": "way", "quality_categories": "missing_tags", "issue_ids": "[2]", "osm_url": "https://www.openstreetmap.org/way/1120693627", "josm_url": "http://127.0.0.1:8111/load_object?new_layer=false&objects=w1120693627", "id_url": "https://www.openstreetmap.org/edit?editor=id&way=1120693627#map=20/-25.4505056/-49.2737515"}}, {"type": "Feature", "geometry": {"type": "Point", "coordinates": [-49.2795706, -25.4462174]}, "properties": {"id": 1120693628, "feat_type": "way", "quality_categories": "missing_tags", "issue_ids": "[2]", "osm_url": "https://www.openstreetmap.org/way/1120693628", "josm_url": "http://127.0.0.1:8111/load_object?new_layer=false&objects=w1120693628", "id_url": "https://www.openstreetmap.org/edit?editor=id&way=1120693628#map=20/-25.4462174/-49.2795706"}}, {"type": "Feature", "geometry": {"type": "Point", "coordinates": [-49.2789454, -25.4475573]}, "properties": {"id": 1120693629, "feat_type": "way", "quality_categories": "missing_tags", "issue_ids": "[2]", "osm_url": "https://www.openstreetmap.org/way/1120693629", "josm_url": "http://127.0.0.1:8111/load_object?new_layer=false&objects=w1120693629", "id_url": "https://www.openstreetmap.org/edit?editor=id&way=1120693629#map=20/-25.4475573/-49.2789454"}}, {"type": "Feature", "geometry": {"type": "Point", "coordinates": [-49.2802555, -25.4447495]}, "properties": {"id": 1120693636, "feat_type": "way", "quality_categories": "missing_tags", "issue_ids": "[2]", "osm_url": "https://www.openstreetmap.org/way/1120693636", "josm_url": "http://127.0.0.1:8111/load_object?new_layer=false&objects=w1120693636", "id_url": "https://www.openstreetmap.org/edit?editor=id&way=1120693636#map=20/-25.4447495/-49.2802555"}}, {"type": "Feature", "geometry": {"type": "Point", "coordinates": [-49.2796598, -25.4460262]}, "properties": {"id": 1120693637, "feat_type": "way", "quality_categories": "missing_tags", "issue_ids": "[2]", "osm_url": "https://www.openstreetmap.org/way/1120693637", "josm_url": "http://127.0.0.1:8111/load_object?new_layer=false&objects=w1120693637", "id_url": "https://www.openstreetmap.org/edit?editor=id&way=1120693637#map=20/-25.4460262/-49.2796598"}}, {"type": "Feature", "geometry": {"type": "Point", "coordinates": [-49.2808265, -25.4599628]}, "properties": {"id": 1120693640, "feat_type": "way", "quality_categories": "missing_tags", "issue_ids": "[2]", "osm_url": "https://www.openstreetmap.org/way/1120693640", "josm_url": "http://127.0.0.1:8111/load_object?new_layer=false&objects=w1120693640", "id_url": "https://www.openstreetmap.org/edit?editor=id&way=1120693640#map=20/-25.4599628/-49.2808265"}}, {"type": "Feature", "geometry": {"type": "Point", "coordinates": [-49.2799438, -25.4603095]}, "properties": {"id": 1120693641, "feat_type": "way", "quality_categories": "missing_tags", "issue_ids": "[2]", "osm_url": "https://www.openstreetmap.org/way/1120693641", "josm_url": "http://127.0.0.1:8111/load_object?new_layer=false&objects=w1120693641", "id_url": "https://www.openstreetmap.org/edit?editor=id&way=1120693641#map=20/-25.4603095/-49.2799438"}}, {"type": "Feature", "geometry": {"type": "Point", "coordinates": [-49.279743, -25.4603883]}, "properties": {"id": 1120693642, "feat_type": "way", "quality_categories": "missing_tags", "issue_ids": "[2]", "osm_url": "https://www.openstreetmap.org/way/1120693642", "josm_url": "http://127.0.0.1:8111/load_object?new_layer=false&objects=w1120693642", "id_url": "https://www.openstreetmap.org/edit?editor=id&way=1120693642#map=20/-25.4603883/-49.279743"}}, {"type": "Feature", "geometry": {"type": "Point", "coordinates": [-49.2785868, -25.4608414]}, "properties": {"id": 1120693643, "feat_type": "way", "quality_categories": "missing_tags", "issue_ids": "[2]", "osm_url": "https://www.openstreetmap.org/way/1120693643", "josm_url": "http://127.0.0.1:8111/load_object?new_layer=false&objects=w1120693643", "id_url": "https://www.openstreetmap.org/edit?editor=id&way=1120693643#map=20/-25.4608414/-49.2785868"}}, {"type": "Feature", "geometry": {"type": "Point", "coordinates": [-49.2831099, -25.4590663]}, "properties": {"id": 1120693644, "feat_type": "way", "quality_categories": "missing_tags", "issue_ids": "[2]", "osm_url": "https://www.openstreetmap.org/way/1120693644", "josm_url": "http://127.0.0.1:8111/load_object?new_layer=false&objects=w1120693644", "id_url": "https://www.openstreetmap.org/edit?editor=id&way=1120693644#map=20/-25.4590663/-49.2831099"}}, {"type": "Feature", "geometry": {"type": "Point", "coordinates": [-49.2821883, -25.4594287]}, "properties": {"id": 1120693645, "feat_type": "way", "quality_categories": "missing_tags", "issue_ids": "[2]", "osm_url": "https://www.openstreetmap.org/way/1120693645", "josm_url": "http://127.0.0.1:8111/load_object?new_layer=false&objects=w1120693645", "id_url": "https://www.openstreetmap.org/edit?editor=id&way=1120693645#map=20/-25.4594287/-49.2821883"}}, {"type": "Feature", "geometry": {"type": "Point", "coordinates": [-49.2820058, -25.4595004]}, "properties": {"id": 1120693646, "feat_type": "way", "quality_categories": "missing_tags", "issue_ids": "[2]", "osm_url": "https://www.openstreetmap.org/way/1120693646", "josm_url": "http://127.0.0.1:8111/load_object?new_layer=false&objects=w1120693646", "id_url": "https://www.openstreetmap.org/edit?editor=id&way=1120693646#map=20/-25.4595004/-49.2820058"}}, {"type": "Feature", "geometry": {"type": "Point", "coordinates": [-49.2810117, -25.4598901]}, "properties": {"id": 1120693647, "feat_type": "way", "quality_categories": "missing_tags", "issue_ids": "[2]", "osm_url": "https://www.openstreetmap.org/way/1120693647", "josm_url": "http://127.0.0.1:8111/load_object?new_layer=false&objects=w1120693647", "id_url": "https://www.openstreetmap.org/edit?editor=id&way=1120693647#map=20/-25.4598901/-49.2810117"}}, {"type": "Feature", "geometry": {"type": "Point", "coordinates": [-49.286483, -25.4577431]}, "properties": {"id": 1120693648, "feat_type": "way", "quality_categories": "missing_tags", "issue_ids": "[2]", "osm_url": "https://www.openstreetmap.org/way/1120693648", "josm_url": "http://127.0.0.1:8111/load_object?new_layer=false&objects=w1120693648", "id_url": "https://www.openstreetmap.org/edit?editor=id&way=1120693648#map=20/-25.4577431/-49.286483"}}, {"type": "Feature", "geometry": {"type": "Point", "coordinates": [-49.2855737, -25.4580998]}, "properties": {"id": 1120693649, "feat_type": "way", "quality_categories": "missing_tags", "issue_ids": "[2]", "osm_url": "https://www.openstreetmap.org/way/1120693649", "josm_url": "http://127.0.0.1:8111/load_object?new_layer=false&objects=w1120693649", "id_url": "https://www.openstreetmap.org/edit?editor=id&way=1120693649#map=20/-25.4580998/-49.2855737"}}, {"type": "Feature", "geometry": {"type": "Point", "coordinates": [-49.2853911, -25.4581714]}, "properties": {"id": 1120693650, "feat_type": "way", "quality_categories": "missing_tags", "issue_ids": "[2]", "osm_url": "https://www.openstreetmap.org/way/1120693650", "josm_url": "http://127.0.0.1:8111/load_object?new_layer=false&objects=w1120693650", "id_url": "https://www.openstreetmap.org/edit?editor=id&way=1120693650#map=20/-25.4581714/-49.2853911"}}, {"type": "Feature", "geometry": {"type": "Point", "coordinates": [-49.2842669, -25.4586126]}, "properties": {"id": 1120693652, "feat_type": "way", "quality_categories": "missing_tags", "issue_ids": "[2]", "osm_url": "https://www.openstreetmap.org/way/1120693652", "josm_url": "http://127.0.0.1:8111/load_object?new_layer=false&objects=w1120693652", "id_url": "https://www.openstreetmap.org/edit?editor=id&way=1120693652#map=20/-25.4586126/-49.2842669"}}, {"type": "Feature", "geometry": {"type": "Point", "coordinates": [-49.2833155, -25.4589889]}, "properties": {"id": 1120693653, "feat_type": "way", "quality_categories": "missing_tags", "issue_ids": "[2]", "osm_url": "https://www.openstreetmap.org/way/1120693653", "josm_url": "http://127.0.0.1:8111/load_object?new_layer=false&objects=w1120693653", "id_url": "https://www.openstreetmap.org/edit?editor=id&way=1120693653#map=20/-25.4589889/-49.2833155"}}, {"type": "Feature", "geometry": {"type": "Point", "coordinates": [-49.2830956, -25.4617481]}, "properties": {"id": 1120693654, "feat_type": "way", "quality_categories": "missing_tags", "issue_ids": "[2]", "osm_url": "https://www.openstreetmap.org/way/1120693654", "josm_url": "http://127.0.0.1:8111/load_object?new_layer=false&objects=w1120693654", "id_url": "https://www.openstreetmap.org/edit?editor=id&way=1120693654#map=20/-25.4617481/-49.2830956"}}, {"type": "Feature", "geometry": {"type": "Point", "coordinates": [-49.2835458, -25.4627778]}, "properties": {"id": 1120693655, "feat_type": "way", "quality_categories": "missing_tags", "issue_ids": "[2]", "osm_url": "https://www.openstreetmap.org/way/1120693655", "josm_url": "http://127.0.0.1:8111/load_object?new_layer=false&objects=w1120693655", "id_url": "https://www.openstreetmap.org/edit?editor=id&way=1120693655#map=20/-25.4627778/-49.2835458"}}, {"type": "Feature", "geometry": {"type": "Point", "coordinates": [-49.2836262, -25.4629625]}, "properties": {"id": 1120693656, "feat_type": "way", "quality_categories": "missing_tags", "issue_ids": "[2]", "osm_url": "https://www.openstreetmap.org/way/1120693656", "josm_url": "http://127.0.0.1:8111/load_object?new_layer=false&objects=w1120693656", "id_url": "https://www.openstreetmap.org/edit?editor=id&way=1120693656#map=20/-25.4629625/-49.2836262"}}, {"type": "Feature", "geometry": {"type": "Point", "coordinates": [-49.2840186, -25.4640355]}, "properties": {"id": 1120693657, "feat_type": "way", "quality_categories": "missing_tags", "issue_ids": "[2]", "osm_url": "https://www.openstreetmap.org/way/1120693657", "josm_url": "http://127.0.0.1:8111/load_object?new_layer=false&objects=w1120693657", "id_url": "https://www.openstreetmap.org/edit?editor=id&way=1120693657#map=20/-25.4640355/-49.2840186"}}, {"type": "Feature", "geometry": {"type": "Point", "coordinates": [-49.2734488, -25.4564236]}, "properties": {"id": 1120693658, "feat_type": "way", "quality_categories": "missing_tags", "issue_ids": "[2]", "osm_url": "https://www.openstreetmap.org/way/1120693658", "josm_url": "http://127.0.0.1:8111/load_object?new_layer=false&objects=w1120693658", "id_url": "https://www.openstreetmap.org/edit?editor=id&way=1120693658#map=20/-25.4564236/-49.2734488"}}, {"type": "Feature", "geometry": {"type": "Point", "coordinates": [-49.2745824, -25.4560002]}, "properties": {"id": 1120693659, "feat_type": "way", "quality_categories": "missing_tags", "issue_ids": "[2]", "osm_url": "https://www.openstreetmap.org/way/1120693659", "josm_url": "http://127.0.0.1:8111/load_object?new_layer=false&objects=w1120693659", "id_url": "https://www.openstreetmap.org/edit?editor=id&way=1120693659#map=20/-25.4560002/-49.2745824"}}, {"type": "Feature", "geometry": {"type": "Point", "coordinates": [-49.2747662, -25.4559315]}, "properties": {"id": 1120693660, "feat_type": "way", "quality_categories": "missing_tags", "issue_ids": "[2]", "osm_url": "https://www.openstreetmap.org/way/1120693660", "josm_url": "http://127.0.0.1:8111/load_object?new_layer=false&objects=w1120693660", "id_url": "https://www.openstreetmap.org/edit?editor=id&way=1120693660#map=20/-25.4559315/-49.2747662"}}, {"type": "Feature", "geometry": {"type": "Point", "coordinates": [-49.2759316, -25.4554961]}, "properties": {"id": 1120693661, "feat_type": "way", "quality_categories": "missing_tags", "issue_ids": "[2]", "osm_url": "https://www.openstreetmap.org/way/1120693661", "josm_url": "http://127.0.0.1:8111/load_object?new_layer=false&objects=w1120693661", "id_url": "https://www.openstreetmap.org/edit?editor=id&way=1120693661#map=20/-25.4554961/-49.2759316"}}, {"type": "Feature", "geometry": {"type": "Point", "coordinates": [-49.2722206, -25.4567793]}, "properties": {"id": 1120693662, "feat_type": "way", "quality_categories": "missing_tags", "issue_ids": "[2]", "osm_url": "https://www.openstreetmap.org/way/1120693662", "josm_url": "http://127.0.0.1:8111/load_object?new_layer=false&objects=w1120693662", "id_url": "https://www.openstreetmap.org/edit?editor=id&way=1120693662#map=20/-25.4567793/-49.2722206"}}, {"type": "Feature", "geometry": {"type": "Point", "coordinates": [-49.273265, -25.4564924]}, "properties": {"id": 1120693663, "feat_type": "way", "quality_categories": "missing_tags", "issue_ids": "[2]", "osm_url": "https://www.openstreetmap.org/way/1120693663", "josm_url": "http://127.0.0.1:8111/load_object?new_layer=false&objects=w1120693663", "id_url": "https://www.openstreetmap.org/edit?editor=id&way=1120693663#map=20/-25.4564924/-49.273265"}}, {"type": "Feature", "geometry": {"type": "Point", "coordinates": [-49.2761154, -25.4554274]}, "properties": {"id": 1120693664, "feat_type": "way", "quality_categories": "missing_tags", "issue_ids": "[2]", "osm_url": "https://www.openstreetmap.org/way/1120693664", "josm_url": "http://127.0.0.1:8111/load_object?new_layer=false&objects=w1120693664", "id_url": "https://www.openstreetmap.org/edit?editor=id&way=1120693664#map=20/-25.4554274/-49.2761154"}}, {"type": "Feature", "geometry": {"type": "Point", "coordinates": [-49.2772966, -25.4549862]}, "properties": {"id": 1120693665, "feat_type": "way", "quality_categories": "missing_tags", "issue_ids": "[2]", "osm_url": "https://www.openstreetmap.org/way/1120693665", "josm_url": "http://127.0.0.1:8111/load_object?new_layer=false&objects=w1120693665", "id_url": "https://www.openstreetmap.org/edit?editor=id&way=1120693665#map=20/-25.4549862/-49.2772966"}}, {"type": "Feature", "geometry": {"type": "Point", "coordinates": [-49.2709555, -25.4567767]}, "properties": {"id": 1120693666, "feat_type": "way", "quality_categories": "missing_tags", "issue_ids": "[2]", "osm_url": "https://www.openstreetmap.org/way/1120693666", "josm_url": "http://127.0.0.1:8111/load_object?new_layer=false&objects=w1120693666", "id_url": "https://www.openstreetmap.org/edit?editor=id&way=1120693666#map=20/-25.4567767/-49.2709555"}}, {"type": "Feature", "geometry": {"type": "Point", "coordinates": [-49.2718472, -25.4567448]}, "properties": {"id": 1120693667, "feat_type": "way", "quality_categories": "missing_tags", "issue_ids": "[2]", "osm_url": "https://www.openstreetmap.org/way/1120693667", "josm_url": "http://127.0.0.1:8111/load_object?new_layer=false&objects=w1120693667", "id_url": "https://www.openstreetmap.org/edit?editor=id&way=1120693667#map=20/-25.4567448/-49.2718472"}}, {"type": "Feature", "geometry": {"type": "Point", "coordinates": [-49.2774989, -25.4549106]}, "properties": {"id": 1120693668, "feat_type": "way", "quality_categories": "missing_tags", "issue_ids": "[2]", "osm_url": "https://www.openstreetmap.org/way/1120693668", "josm_url": "http://127.0.0.1:8111/load_object?new_layer=false&objects=w1120693668", "id_url": "https://www.openstreetmap.org/edit?editor=id&way=1120693668#map=20/-25.4549106/-49.2774989"}}, {"type": "Feature", "geometry": {"type": "Point", "coordinates": [-49.2784726, -25.4545469]}, "properties": {"id": 1120693669, "feat_type": "way", "quality_categories": "missing_tags", "issue_ids": "[2]", "osm_url": "https://www.openstreetmap.org/way/1120693669", "josm_url": "http://127.0.0.1:8111/load_object?new_layer=false&objects=w1120693669", "id_url": "https://www.openstreetmap.org/edit?editor=id&way=1120693669#map=20/-25.4545469/-49.2784726"}}, {"type": "Feature", "geometry": {"type": "Point", "coordinates": [-49.2786748, -25.4544713]}, "properties": {"id": 1120693670, "feat_type": "way", "quality_categories": "missing_tags", "issue_ids": "[2]", "osm_url": "https://www.openstreetmap.org/way/1120693670", "josm_url": "http://127.0.0.1:8111/load_object?new_layer=false&objects=w1120693670", "id_url": "https://www.openstreetmap.org/edit?editor=id&way=1120693670#map=20/-25.4544713/-49.2786748"}}, {"type": "Feature", "geometry": {"type": "Point", "coordinates": [-49.2796477, -25.4541079]}, "properties": {"id": 1120693671, "feat_type": "way", "quality_categories": "missing_tags", "issue_ids": "[2]", "osm_url": "https://www.openstreetmap.org/way/1120693671", "josm_url": "http://127.0.0.1:8111/load_object?new_layer=false&objects=w1120693671", "id_url": "https://www.openstreetmap.org/edit?editor=id&way=1120693671#map=20/-25.4541079/-49.2796477"}}, {"type": "Feature", "geometry": {"type": "Point", "coordinates": [-49.2785335, -25.4609606]}, "properties": {"id": 1120693672, "feat_type": "way", "quality_categories": "missing_tags", "issue_ids": "[2]", "osm_url": "https://www.openstreetmap.org/way/1120693672", "josm_url": "http://127.0.0.1:8111/load_object?new_layer=false&objects=w1120693672", "id_url": "https://www.openstreetmap.org/edit?editor=id&way=1120693672#map=20/-25.4609606/-49.2785335"}}, {"type": "Feature", "geometry": {"type": "Point", "coordinates": [-49.2883929, -25.4569658]}, "properties": {"id": 1120693673, "feat_type": "way", "quality_categories": "missing_tags", "issue_ids": "[2]", "osm_url": "https://www.openstreetmap.org/way/1120693673", "josm_url": "http://127.0.0.1:8111/load_object?new_layer=false&objects=w1120693673", "id_url": "https://www.openstreetmap.org/edit?editor=id&way=1120693673#map=20/-25.4569658/-49.2883929"}}, {"type": "Feature", "geometry": {"type": "Point", "coordinates": [-49.2877516, -25.4572176]}, "properties": {"id": 1120693674, "feat_type": "way", "quality_categories": "missing_tags", "issue_ids": "[2]", "osm_url": "https://www.openstreetmap.org/way/1120693674", "josm_url": "http://127.0.0.1:8111/load_object?new_layer=false&objects=w1120693674", "id_url": "https://www.openstreetmap.org/edit?editor=id&way=1120693674#map=20/-25.4572176/-49.2877516"}}, {"type": "Feature", "geometry": {"type": "Point", "coordinates": [-49.2875639, -25.4573188]}, "properties": {"id": 1120693675, "feat_type": "way", "quality_categories": "missing_tags", "issue_ids": "[2]", "osm_url": "https://www.openstreetmap.org/way/1120693675", "josm_url": "http://127.0.0.1:8111/load_object?new_layer=false&objects=w1120693675", "id_url": "https://www.openstreetmap.org/edit?editor=id&way=1120693675#map=20/-25.4573188/-49.2875639"}}, {"type": "Feature", "geometry": {"type": "Point", "coordinates": [-49.286702, -25.4576571]}, "properties": {"id": 1120693676, "feat_type": "way", "quality_categories": "missing_tags", "issue_ids": "[2]", "osm_url": "https://www.openstreetmap.org/way/1120693676", "josm_url": "http://127.0.0.1:8111/load_object?new_layer=false&objects=w1120693676", "id_url": "https://www.openstreetmap.org/edit?editor=id&way=1120693676#map=20/-25.4576571/-49.286702"}}, {"type": "Feature", "geometry": {"type": "Point", "coordinates": [-49.2910201, -25.4495703]}, "properties": {"id": 1120693677, "feat_type": "way", "quality_categories": "missing_tags", "issue_ids": "[2]", "osm_url": "https://www.openstreetmap.org/way/1120693677", "josm_url": "http://127.0.0.1:8111/load_object?new_layer=false&objects=w1120693677", "id_url": "https://www.openstreetmap.org/edit?editor=id&way=1120693677#map=20/-25.4495703/-49.2910201"}}, {"type": "Feature", "geometry": {"type": "Point", "coordinates": [-49.2756333, -25.446278]}, "properties": {"id": 1120693678, "feat_type": "way", "quality_categories": "missing_tags", "issue_ids": "[2]", "osm_url": "https://www.openstreetmap.org/way/1120693678", "josm_url": "http://127.0.0.1:8111/load_object?new_layer=false&objects=w1120693678", "id_url": "https://www.openstreetmap.org/edit?editor=id&way=1120693678#map=20/-25.446278/-49.2756333"}}, {"type": "Feature", "geometry": {"type": "Point", "coordinates": [-49.2762266, -25.4450187]}, "properties": {"id": 1120693679, "feat_type": "way", "quality_categories": "missing_tags", "issue_ids": "[2]", "osm_url": "https://www.openstreetmap.org/way/1120693679", "josm_url": "http://127.0.0.1:8111/load_object?new_layer=false&objects=w1120693679", "id_url": "https://www.openstreetmap.org/edit?editor=id&way=1120693679#map=20/-25.4450187/-49.2762266"}}, {"type": "Feature", "geometry": {"type": "Point", "coordinates": [-49.276308, -25.4465419]}, "properties": {"id": 1120693682, "feat_type": "way", "quality_categories": "missing_tags", "issue_ids": "[2]", "osm_url": "https://www.openstreetmap.org/way/1120693682", "josm_url": "http://127.0.0.1:8111/load_object?new_layer=false&objects=w1120693682", "id_url": "https://www.openstreetmap.org/edit?editor=id&way=1120693682#map=20/-25.4465419/-49.276308"}}, {"type": "Feature", "geometry": {"type": "Point", "coordinates": [-49.2769904, -25.4453151]}, "properties": {"id": 1120693683, "feat_type": "way", "quality_categories": "missing_tags", "issue_ids": "[2]", "osm_url": "https://www.openstreetmap.org/way/1120693683", "josm_url": "http://127.0.0.1:8111/load_object?new_layer=false&objects=w1120693683", "id_url": "https://www.openstreetmap.org/edit?editor=id&way=1120693683#map=20/-25.4453151/-49.2769904"}}, {"type": "Feature", "geometry": {"type": "Point", "coordinates": [-49.2754474, -25.4480889]}, "properties": {"id": 1120693685, "feat_type": "way", "quality_categories": "missing_tags", "issue_ids": "[2]", "osm_url": "https://www.openstreetmap.org/way/1120693685", "josm_url": "http://127.0.0.1:8111/load_object?new_layer=false&objects=w1120693685", "id_url": "https://www.openstreetmap.org/edit?editor=id&way=1120693685#map=20/-25.4480889/-49.2754474"}}, {"type": "Feature", "geometry": {"type": "Point", "coordinates": [-49.2742129, -25.4490689]}, "properties": {"id": 1120693687, "feat_type": "way", "quality_categories": "missing_tags", "issue_ids": "[2]", "osm_url": "https://www.openstreetmap.org/way/1120693687", "josm_url": "http://127.0.0.1:8111/load_object?new_layer=false&objects=w1120693687", "id_url": "https://www.openstreetmap.org/edit?editor=id&way=1120693687#map=20/-25.4490689/-49.2742129"}}, {"type": "Feature", "geometry": {"type": "Point", "coordinates": [-49.2743961, -25.4491388]}, "properties": {"id": 1120693688, "feat_type": "way", "quality_categories": "missing_tags", "issue_ids": "[2]", "osm_url": "https://www.openstreetmap.org/way/1120693688", "josm_url": "http://127.0.0.1:8111/load_object?new_layer=false&objects=w1120693688", "id_url": "https://www.openstreetmap.org/edit?editor=id&way=1120693688#map=20/-25.4491388/-49.2743961"}}, {"type": "Feature", "geometry": {"type": "Point", "coordinates": [-49.2746832, -25.4492484]}, "properties": {"id": 1120693689, "feat_type": "way", "quality_categories": "missing_tags", "issue_ids": "[2]", "osm_url": "https://www.openstreetmap.org/way/1120693689", "josm_url": "http://127.0.0.1:8111/load_object?new_layer=false&objects=w1120693689", "id_url": "https://www.openstreetmap.org/edit?editor=id&way=1120693689#map=20/-25.4492484/-49.2746832"}}, {"type": "Feature", "geometry": {"type": "Point", "coordinates": [-49.2851273, -25.4482891]}, "properties": {"id": 1120693690, "feat_type": "way", "quality_categories": "missing_tags", "issue_ids": "[2]", "osm_url": "https://www.openstreetmap.org/way/1120693690", "josm_url": "http://127.0.0.1:8111/load_object?new_layer=false&objects=w1120693690", "id_url": "https://www.openstreetmap.org/edit?editor=id&way=1120693690#map=20/-25.4482891/-49.2851273"}}, {"type": "Feature", "geometry": {"type": "Point", "coordinates": [-49.2844723, -25.4496845]}, "properties": {"id": 1120693691, "feat_type": "way", "quality_categories": "missing_tags", "issue_ids": "[2]", "osm_url": "https://www.openstreetmap.org/way/1120693691", "josm_url": "http://127.0.0.1:8111/load_object?new_layer=false&objects=w1120693691", "id_url": "https://www.openstreetmap.org/edit?editor=id&way=1120693691#map=20/-25.4496845/-49.2844723"}}, {"type": "Feature", "geometry": {"type": "Point", "coordinates": [-49.2863748, -25.4459139]}, "properties": {"id": 1120693692, "feat_type": "way", "quality_categories": "missing_tags", "issue_ids": "[2]", "osm_url": "https://www.openstreetmap.org/way/1120693692", "josm_url": "http://127.0.0.1:8111/load_object?new_layer=false&objects=w1120693692", "id_url": "https://www.openstreetmap.org/edit?editor=id&way=1120693692#map=20/-25.4459139/-49.2863748"}}, {"type": "Feature", "geometry": {"type": "Point", "coordinates": [-49.2863683, -25.4460173]}, "properties": {"id": 1120693693, "feat_type": "way", "quality_categories": "missing_tags", "issue_ids": "[2]", "osm_url": "https://www.openstreetmap.org/way/1120693693", "josm_url": "http://127.0.0.1:8111/load_object?new_layer=false&objects=w1120693693", "id_url": "https://www.openstreetmap.org/edit?editor=id&way=1120693693#map=20/-25.4460173/-49.2863683"}}, {"type": "Feature", "geometry": {"type": "Point", "coordinates": [-49.2763508, -25.446668]}, "properties": {"id": 1120693694, "feat_type": "way", "quality_categories": "missing_tags", "issue_ids": "[2]", "osm_url": "https://www.openstreetmap.org/way/1120693694", "josm_url": "http://127.0.0.1:8111/load_object?new_layer=false&objects=w1120693694", "id_url": "https://www.openstreetmap.org/edit?editor=id&way=1120693694#map=20/-25.446668/-49.2763508"}}, {"type": "Feature", "geometry": {"type": "Point", "coordinates": [-49.2777325, -25.4472002]}, "properties": {"id": 1120693695, "feat_type": "way", "quality_categories": "missing_tags", "issue_ids": "[2]", "osm_url": "https://www.openstreetmap.org/way/1120693695", "josm_url": "http://127.0.0.1:8111/load_object?new_layer=false&objects=w1120693695", "id_url": "https://www.openstreetmap.org/edit?editor=id&way=1120693695#map=20/-25.4472002/-49.2777325"}}, {"type": "Feature", "geometry": {"type": "Point", "coordinates": [-49.2795344, -25.4478943]}, "properties": {"id": 1120693699, "feat_type": "way", "quality_categories": "missing_tags", "issue_ids": "[2]", "osm_url": "https://www.openstreetmap.org/way/1120693699", "josm_url": "http://127.0.0.1:8111/load_object?new_layer=false&objects=w1120693699", "id_url": "https://www.openstreetmap.org/edit?editor=id&way=1120693699#map=20/-25.4478943/-49.2795344"}}, {"type": "Feature", "geometry": {"type": "Point", "coordinates": [-49.2797168, -25.4479646]}, "properties": {"id": 1120693700, "feat_type": "way", "quality_categories": "missing_tags", "issue_ids": "[2]", "osm_url": "https://www.openstreetmap.org/way/1120693700", "josm_url": "http://127.0.0.1:8111/load_object?new_layer=false&objects=w1120693700", "id_url": "https://www.openstreetmap.org/edit?editor=id&way=1120693700#map=20/-25.4479646/-49.2797168"}}, {"type": "Feature", "geometry": {"type": "Point", "coordinates": [-49.2801887, -25.4481463]}, "properties": {"id": 1120693701, "feat_type": "way", "quality_categories": "missing_tags", "issue_ids": "[2]", "osm_url": "https://www.openstreetmap.org/way/1120693701", "josm_url": "http://127.0.0.1:8111/load_object?new_layer=false&objects=w1120693701", "id_url": "https://www.openstreetmap.org/edit?editor=id&way=1120693701#map=20/-25.4481463/-49.2801887"}}, {"type": "Feature", "geometry": {"type": "Point", "coordinates": [-49.2757105, -25.4464214]}, "properties": {"id": 1120693702, "feat_type": "way", "quality_categories": "missing_tags", "issue_ids": "[2]", "osm_url": "https://www.openstreetmap.org/way/1120693702", "josm_url": "http://127.0.0.1:8111/load_object?new_layer=false&objects=w1120693702", "id_url": "https://www.openstreetmap.org/edit?editor=id&way=1120693702#map=20/-25.4464214/-49.2757105"}}, {"type": "Feature", "geometry": {"type": "Point", "coordinates": [-49.2745335, -25.445968]}, "properties": {"id": 1120693704, "feat_type": "way", "quality_categories": "missing_tags", "issue_ids": "[2]", "osm_url": "https://www.openstreetmap.org/way/1120693704", "josm_url": "http://127.0.0.1:8111/load_object?new_layer=false&objects=w1120693704", "id_url": "https://www.openstreetmap.org/edit?editor=id&way=1120693704#map=20/-25.445968/-49.2745335"}}, {"type": "Feature", "geometry": {"type": "Point", "coordinates": [-49.2804421, -25.4529766]}, "properties": {"id": 1120693706, "feat_type": "way", "quality_categories": "missing_tags", "issue_ids": "[2]", "osm_url": "https://www.openstreetmap.org/way/1120693706", "josm_url": "http://127.0.0.1:8111/load_object?new_layer=false&objects=w1120693706", "id_url": "https://www.openstreetmap.org/edit?editor=id&way=1120693706#map=20/-25.4529766/-49.2804421"}}, {"type": "Feature", "geometry": {"type": "Point", "coordinates": [-49.279514, -25.4460841]}, "properties": {"id": 1120693707, "feat_type": "way", "quality_categories": "missing_tags", "issue_ids": "[2]", "osm_url": "https://www.openstreetmap.org/way/1120693707", "josm_url": "http://127.0.0.1:8111/load_object?new_layer=false&objects=w1120693707", "id_url": "https://www.openstreetmap.org/edit?editor=id&way=1120693707#map=20/-25.4460841/-49.279514"}}, {"type": "Feature", "geometry": {"type": "Point", "coordinates": [-49.288609, -25.4616753]}, "properties": {"id": 1120693708, "feat_type": "way", "quality_categories": "missing_tags", "issue_ids": "[2]", "osm_url": "https://www.openstreetmap.org/way/1120693708", "josm_url": "http://127.0.0.1:8111/load_object?new_layer=false&objects=w1120693708", "id_url": "https://www.openstreetmap.org/edit?editor=id&way=1120693708#map=20/-25.4616753/-49.288609"}}, {"type": "Feature", "geometry": {"type": "Point", "coordinates": [-49.2896533, -25.4612567]}, "properties": {"id": 1120693709, "feat_type": "way", "quality_categories": "missing_tags", "issue_ids": "[2]", "osm_url": "https://www.openstreetmap.org/way/1120693709", "josm_url": "http://127.0.0.1:8111/load_object?new_layer=false&objects=w1120693709", "id_url": "https://www.openstreetmap.org/edit?editor=id&way=1120693709#map=20/-25.4612567/-49.2896533"}}, {"type": "Feature", "geometry": {"type": "Point", "coordinates": [-49.2736472, -25.4539372]}, "properties": {"id": 1120693710, "feat_type": "way", "quality_categories": "missing_tags", "issue_ids": "[2]", "osm_url": "https://www.openstreetmap.org/way/1120693710", "josm_url": "http://127.0.0.1:8111/load_object?new_layer=false&objects=w1120693710", "id_url": "https://www.openstreetmap.org/edit?editor=id&way=1120693710#map=20/-25.4539372/-49.2736472"}}, {"type": "Feature", "geometry": {"type": "Point", "coordinates": [-49.2942707, -25.449828]}, "properties": {"id": 1120693711, "feat_type": "way", "quality_categories": "missing_tags", "issue_ids": "[2]", "osm_url": "https://www.openstreetmap.org/way/1120693711", "josm_url": "http://127.0.0.1:8111/load_object?new_layer=false&objects=w1120693711", "id_url": "https://www.openstreetmap.org/edit?editor=id&way=1120693711#map=20/-25.449828/-49.2942707"}}, {"type": "Feature", "geometry": {"type": "Point", "coordinates": [-49.2947469, -25.4500066]}, "properties": {"id": 1120693712, "feat_type": "way", "quality_categories": "missing_tags", "issue_ids": "[2]", "osm_url": "https://www.openstreetmap.org/way/1120693712", "josm_url": "http://127.0.0.1:8111/load_object?new_layer=false&objects=w1120693712", "id_url": "https://www.openstreetmap.org/edit?editor=id&way=1120693712#map=20/-25.4500066/-49.2947469"}}, {"type": "Feature", "geometry": {"type": "Point", "coordinates": [-49.2935077, -25.4495419]}, "properties": {"id": 1120693713, "feat_type": "way", "quality_categories": "missing_tags", "issue_ids": "[2]", "osm_url": "https://www.openstreetmap.org/way/1120693713", "josm_url": "http://127.0.0.1:8111/load_object?new_layer=false&objects=w1120693713", "id_url": "https://www.openstreetmap.org/edit?editor=id&way=1120693713#map=20/-25.4495419/-49.2935077"}}, {"type": "Feature", "geometry": {"type": "Point", "coordinates": [-49.2940869, -25.449759]}, "properties": {"id": 1120693714, "feat_type": "way", "quality_categories": "missing_tags", "issue_ids": "[2]", "osm_url": "https://www.openstreetmap.org/way/1120693714", "josm_url": "http://127.0.0.1:8111/load_object?new_layer=false&objects=w1120693714", "id_url": "https://www.openstreetmap.org/edit?editor=id&way=1120693714#map=20/-25.449759/-49.2940869"}}, {"type": "Feature", "geometry": {"type": "Point", "coordinates": [-49.2923746, -25.4491215]}, "properties": {"id": 1120693715, "feat_type": "way", "quality_categories": "missing_tags", "issue_ids": "[2]", "osm_url": "https://www.openstreetmap.org/way/1120693715", "josm_url": "http://127.0.0.1:8111/load_object?new_layer=false&objects=w1120693715", "id_url": "https://www.openstreetmap.org/edit?editor=id&way=1120693715#map=20/-25.4491215/-49.2923746"}}, {"type": "Feature", "geometry": {"type": "Point", "coordinates": [-49.2933237, -25.4494733]}, "properties": {"id": 1120693716, "feat_type": "way", "quality_categories": "missing_tags", "issue_ids": "[2]", "osm_url": "https://www.openstreetmap.org/way/1120693716", "josm_url": "http://127.0.0.1:8111/load_object?new_layer=false&objects=w1120693716", "id_url": "https://www.openstreetmap.org/edit?editor=id&way=1120693716#map=20/-25.4494733/-49.2933237"}}, {"type": "Feature", "geometry": {"type": "Point", "coordinates": [-49.2779817, -25.4435333]}, "properties": {"id": 1120693717, "feat_type": "way", "quality_categories": "missing_tags", "issue_ids": "[2]", "osm_url": "https://www.openstreetmap.org/way/1120693717", "josm_url": "http://127.0.0.1:8111/load_object?new_layer=false&objects=w1120693717", "id_url": "https://www.openstreetmap.org/edit?editor=id&way=1120693717#map=20/-25.4435333/-49.2779817"}}, {"type": "Feature", "geometry": {"type": "Point", "coordinates": [-49.2785867, -25.4424457]}, "properties": {"id": 1120693718, "feat_type": "way", "quality_categories": "missing_tags", "issue_ids": "[2]", "osm_url": "https://www.openstreetmap.org/way/1120693718", "josm_url": "http://127.0.0.1:8111/load_object?new_layer=false&objects=w1120693718", "id_url": "https://www.openstreetmap.org/edit?editor=id&way=1120693718#map=20/-25.4424457/-49.2785867"}}, {"type": "Feature", "geometry": {"type": "Point", "coordinates": [-49.2753154, -25.4605299]}, "properties": {"id": 1120693719, "feat_type": "way", "quality_categories": "missing_tags", "issue_ids": "[2]", "osm_url": "https://www.openstreetmap.org/way/1120693719", "josm_url": "http://127.0.0.1:8111/load_object?new_layer=false&objects=w1120693719", "id_url": "https://www.openstreetmap.org/edit?editor=id&way=1120693719#map=20/-25.4605299/-49.2753154"}}, {"type": "Feature", "geometry": {"type": "Point", "coordinates": [-49.2764435, -25.4601056]}, "properties": {"id": 1120693720, "feat_type": "way", "quality_categories": "missing_tags", "issue_ids": "[2]", "osm_url": "https://www.openstreetmap.org/way/1120693720", "josm_url": "http://127.0.0.1:8111/load_object?new_layer=false&objects=w1120693720", "id_url": "https://www.openstreetmap.org/edit?editor=id&way=1120693720#map=20/-25.4601056/-49.2764435"}}, {"type": "Feature", "geometry": {"type": "Point", "coordinates": [-49.2766273, -25.4600366]}, "properties": {"id": 1120693721, "feat_type": "way", "quality_categories": "missing_tags", "issue_ids": "[2]", "osm_url": "https://www.openstreetmap.org/way/1120693721", "josm_url": "http://127.0.0.1:8111/load_object?new_layer=false&objects=w1120693721", "id_url": "https://www.openstreetmap.org/edit?editor=id&way=1120693721#map=20/-25.4600366/-49.2766273"}}, {"type": "Feature", "geometry": {"type": "Point", "coordinates": [-49.273947, -25.4610463]}, "properties": {"id": 1120693722, "feat_type": "way", "quality_categories": "missing_tags", "issue_ids": "[2]", "osm_url": "https://www.openstreetmap.org/way/1120693722", "josm_url": "http://127.0.0.1:8111/load_object?new_layer=false&objects=w1120693722", "id_url": "https://www.openstreetmap.org/edit?editor=id&way=1120693722#map=20/-25.4610463/-49.273947"}}, {"type": "Feature", "geometry": {"type": "Point", "coordinates": [-49.2751317, -25.4605991]}, "properties": {"id": 1120693723, "feat_type": "way", "quality_categories": "missing_tags", "issue_ids": "[2]", "osm_url": "https://www.openstreetmap.org/way/1120693723", "josm_url": "http://127.0.0.1:8111/load_object?new_layer=false&objects=w1120693723", "id_url": "https://www.openstreetmap.org/edit?editor=id&way=1120693723#map=20/-25.4605991/-49.2751317"}}, {"type": "Feature", "geometry": {"type": "Point", "coordinates": [-49.2847067, -25.4560267]}, "properties": {"id": 1120693724, "feat_type": "way", "quality_categories": "missing_tags", "issue_ids": "[2]", "osm_url": "https://www.openstreetmap.org/way/1120693724", "josm_url": "http://127.0.0.1:8111/load_object?new_layer=false&objects=w1120693724", "id_url": "https://www.openstreetmap.org/edit?editor=id&way=1120693724#map=20/-25.4560267/-49.2847067"}}, {"type": "Feature", "geometry": {"type": "Point", "coordinates": [-49.2845231, -25.4560961]}, "properties": {"id": 1120693725, "feat_type": "way", "quality_categories": "missing_tags", "issue_ids": "[2]", "osm_url": "https://www.openstreetmap.org/way/1120693725", "josm_url": "http://127.0.0.1:8111/load_object?new_layer=false&objects=w1120693725", "id_url": "https://www.openstreetmap.org/edit?editor=id&way=1120693725#map=20/-25.4560961/-49.2845231"}}, {"type": "Feature", "geometry": {"type": "Point", "coordinates": [-49.285522, -25.455718]}, "properties": {"id": 1120693726, "feat_type": "way", "quality_categories": "missing_tags", "issue_ids": "[2]", "osm_url": "https://www.openstreetmap.org/way/1120693726", "josm_url": "http://127.0.0.1:8111/load_object?new_layer=false&objects=w1120693726", "id_url": "https://www.openstreetmap.org/edit?editor=id&way=1120693726#map=20/-25.455718/-49.285522"}}, {"type": "Feature", "geometry": {"type": "Point", "coordinates": [-49.2865056, -25.4604606]}, "properties": {"id": 1120693727, "feat_type": "way", "quality_categories": "missing_tags", "issue_ids": "[2]", "osm_url": "https://www.openstreetmap.org/way/1120693727", "josm_url": "http://127.0.0.1:8111/load_object?new_layer=false&objects=w1120693727", "id_url": "https://www.openstreetmap.org/edit?editor=id&way=1120693727#map=20/-25.4604606/-49.2865056"}}, {"type": "Feature", "geometry": {"type": "Point", "coordinates": [-49.2869579, -25.4614872]}, "properties": {"id": 1120693728, "feat_type": "way", "quality_categories": "missing_tags", "issue_ids": "[2]", "osm_url": "https://www.openstreetmap.org/way/1120693728", "josm_url": "http://127.0.0.1:8111/load_object?new_layer=false&objects=w1120693728", "id_url": "https://www.openstreetmap.org/edit?editor=id&way=1120693728#map=20/-25.4614872/-49.2869579"}}, {"type": "Feature", "geometry": {"type": "Point", "coordinates": [-49.287039, -25.4616716]}, "properties": {"id": 1120693729, "feat_type": "way", "quality_categories": "missing_tags", "issue_ids": "[2]", "osm_url": "https://www.openstreetmap.org/way/1120693729", "josm_url": "http://127.0.0.1:8111/load_object?new_layer=false&objects=w1120693729", "id_url": "https://www.openstreetmap.org/edit?editor=id&way=1120693729#map=20/-25.4616716/-49.287039"}}, {"type": "Feature", "geometry": {"type": "Point", "coordinates": [-49.2875033, -25.4627277]}, "properties": {"id": 1120693730, "feat_type": "way", "quality_categories": "missing_tags", "issue_ids": "[2]", "osm_url": "https://www.openstreetmap.org/way/1120693730", "josm_url": "http://127.0.0.1:8111/load_object?new_layer=false&objects=w1120693730", "id_url": "https://www.openstreetmap.org/edit?editor=id&way=1120693730#map=20/-25.4627277/-49.2875033"}}, {"type": "Feature", "geometry": {"type": "Point", "coordinates": [-49.2850647, -25.4571863]}, "properties": {"id": 1120693731, "feat_type": "way", "quality_categories": "missing_tags", "issue_ids": "[2]", "osm_url": "https://www.openstreetmap.org/way/1120693731", "josm_url": "http://127.0.0.1:8111/load_object?new_layer=false&objects=w1120693731", "id_url": "https://www.openstreetmap.org/edit?editor=id&way=1120693731#map=20/-25.4571863/-49.2850647"}}, {"type": "Feature", "geometry": {"type": "Point", "coordinates": [-49.2854418, -25.4580434]}, "properties": {"id": 1120693732, "feat_type": "way", "quality_categories": "missing_tags", "issue_ids": "[2]", "osm_url": "https://www.openstreetmap.org/way/1120693732", "josm_url": "http://127.0.0.1:8111/load_object?new_layer=false&objects=w1120693732", "id_url": "https://www.openstreetmap.org/edit?editor=id&way=1120693732#map=20/-25.4580434/-49.2854418"}}, {"type": "Feature", "geometry": {"type": "Point", "coordinates": [-49.285523, -25.4582278]}, "properties": {"id": 1120693733, "feat_type": "way", "quality_categories": "missing_tags", "issue_ids": "[2]", "osm_url": "https://www.openstreetmap.org/way/1120693733", "josm_url": "http://127.0.0.1:8111/load_object?new_layer=false&objects=w1120693733", "id_url": "https://www.openstreetmap.org/edit?editor=id&way=1120693733#map=20/-25.4582278/-49.285523"}}, {"type": "Feature", "geometry": {"type": "Point", "coordinates": [-49.2859933, -25.459295]}, "properties": {"id": 1120693734, "feat_type": "way", "quality_categories": "missing_tags", "issue_ids": "[2]", "osm_url": "https://www.openstreetmap.org/way/1120693734", "josm_url": "http://127.0.0.1:8111/load_object?new_layer=false&objects=w1120693734", "id_url": "https://www.openstreetmap.org/edit?editor=id&way=1120693734#map=20/-25.459295/-49.2859933"}}, {"type": "Feature", "geometry": {"type": "Point", "coordinates": [-49.2886533, -25.4653403]}, "properties": {"id": 1120693735, "feat_type": "way", "quality_categories": "missing_tags", "issue_ids": "[2]", "osm_url": "https://www.openstreetmap.org/way/1120693735", "josm_url": "http://127.0.0.1:8111/load_object?new_layer=false&objects=w1120693735", "id_url": "https://www.openstreetmap.org/edit?editor=id&way=1120693735#map=20/-25.4653403/-49.2886533"}}, {"type": "Feature", "geometry": {"type": "Point", "coordinates": [-49.2888237, -25.465728]}, "properties": {"id": 1120693736, "feat_type": "way", "quality_categories": "missing_tags", "issue_ids": "[2]", "osm_url": "https://www.openstreetmap.org/way/1120693736", "josm_url": "http://127.0.0.1:8111/load_object?new_layer=false&objects=w1120693736", "id_url": "https://www.openstreetmap.org/edit?editor=id&way=1120693736#map=20/-25.465728/-49.2888237"}}, {"type": "Feature", "geometry": {"type": "Point", "coordinates": [-49.2888975, -25.4658956]}, "properties": {"id": 1120693737, "feat_type": "way", "quality_categories": "missing_tags", "issue_ids": "[2]", "osm_url": "https://www.openstreetmap.org/way/1120693737", "josm_url": "http://127.0.0.1:8111/load_object?new_layer=false&objects=w1120693737", "id_url": "https://www.openstreetmap.org/edit?editor=id&way=1120693737#map=20/-25.4658956/-49.2888975"}}, {"type": "Feature", "geometry": {"type": "Point", "coordinates": [-49.2891283, -25.4664201]}, "properties": {"id": 1120693738, "feat_type": "way", "quality_categories": "missing_tags", "issue_ids": "[2]", "osm_url": "https://www.openstreetmap.org/way/1120693738", "josm_url": "http://127.0.0.1:8111/load_object?new_layer=false&objects=w1120693738", "id_url": "https://www.openstreetmap.org/edit?editor=id&way=1120693738#map=20/-25.4664201/-49.2891283"}}, {"type": "Feature", "geometry": {"type": "Point", "coordinates": [-49.2875771, -25.4628953]}, "properties": {"id": 1120693739, "feat_type": "way", "quality_categories": "missing_tags", "issue_ids": "[2]", "osm_url": "https://www.openstreetmap.org/way/1120693739", "josm_url": "http://127.0.0.1:8111/load_object?new_layer=false&objects=w1120693739", "id_url": "https://www.openstreetmap.org/edit?editor=id&way=1120693739#map=20/-25.4628953/-49.2875771"}}, {"type": "Feature", "geometry": {"type": "Point", "coordinates": [-49.2880451, -25.4639578]}, "properties": {"id": 1120693740, "feat_type": "way", "quality_categories": "missing_tags", "issue_ids": "[2]", "osm_url": "https://www.openstreetmap.org/way/1120693740", "josm_url": "http://127.0.0.1:8111/load_object?new_layer=false&objects=w1120693740", "id_url": "https://www.openstreetmap.org/edit?editor=id&way=1120693740#map=20/-25.4639578/-49.2880451"}}, {"type": "Feature", "geometry": {"type": "Point", "coordinates": [-49.286067, -25.4594626]}, "properties": {"id": 1120693741, "feat_type": "way", "quality_categories": "missing_tags", "issue_ids": "[2]", "osm_url": "https://www.openstreetmap.org/way/1120693741", "josm_url": "http://127.0.0.1:8111/load_object?new_layer=false&objects=w1120693741", "id_url": "https://www.openstreetmap.org/edit?editor=id&way=1120693741#map=20/-25.4594626/-49.286067"}}, {"type": "Feature", "geometry": {"type": "Point", "coordinates": [-49.2864319, -25.460293]}, "properties": {"id": 1120693742, "feat_type": "way", "quality_categories": "missing_tags", "issue_ids": "[2]", "osm_url": "https://www.openstreetmap.org/way/1120693742", "josm_url": "http://127.0.0.1:8111/load_object?new_layer=false&objects=w1120693742", "id_url": "https://www.openstreetmap.org/edit?editor=id&way=1120693742#map=20/-25.460293/-49.2864319"}}, {"type": "Feature", "geometry": {"type": "Point", "coordinates": [-49.2892018, -25.4665878]}, "properties": {"id": 1120693743, "feat_type": "way", "quality_categories": "missing_tags", "issue_ids": "[2]", "osm_url": "https://www.openstreetmap.org/way/1120693743", "josm_url": "http://127.0.0.1:8111/load_object?new_layer=false&objects=w1120693743", "id_url": "https://www.openstreetmap.org/edit?editor=id&way=1120693743#map=20/-25.4665878/-49.2892018"}}, {"type": "Feature", "geometry": {"type": "Point", "coordinates": [-49.2894542, -25.4671675]}, "properties": {"id": 1120693744, "feat_type": "way", "quality_categories": "missing_tags", "issue_ids": "[2]", "osm_url": "https://www.openstreetmap.org/way/1120693744", "josm_url": "http://127.0.0.1:8111/load_object?new_layer=false&objects=w1120693744", "id_url": "https://www.openstreetmap.org/edit?editor=id&way=1120693744#map=20/-25.4671675/-49.2894542"}}, {"type": "Feature", "geometry": {"type": "Point", "coordinates": [-49.2759198, -25.4512457]}, "properties": {"id": 1120693746, "feat_type": "way", "quality_categories": "missing_tags", "issue_ids": "[2]", "osm_url": "https://www.openstreetmap.org/way/1120693746", "josm_url": "http://127.0.0.1:8111/load_object?new_layer=false&objects=w1120693746", "id_url": "https://www.openstreetmap.org/edit?editor=id&way=1120693746#map=20/-25.4512457/-49.2759198"}}, {"type": "Feature", "geometry": {"type": "Point", "coordinates": [-49.2753956, -25.4523935]}, "properties": {"id": 1120693749, "feat_type": "way", "quality_categories": "missing_tags", "issue_ids": "[2]", "osm_url": "https://www.openstreetmap.org/way/1120693749", "josm_url": "http://127.0.0.1:8111/load_object?new_layer=false&objects=w1120693749", "id_url": "https://www.openstreetmap.org/edit?editor=id&way=1120693749#map=20/-25.4523935/-49.2753956"}}, {"type": "Feature", "geometry": {"type": "Point", "coordinates": [-49.2758436, -25.4514125]}, "properties": {"id": 1120693750, "feat_type": "way", "quality_categories": "missing_tags", "issue_ids": "[2]", "osm_url": "https://www.openstreetmap.org/way/1120693750", "josm_url": "http://127.0.0.1:8111/load_object?new_layer=false&objects=w1120693750", "id_url": "https://www.openstreetmap.org/edit?editor=id&way=1120693750#map=20/-25.4514125/-49.2758436"}}, {"type": "Feature", "geometry": {"type": "Point", "coordinates": [-49.2878342, -25.4603313]}, "properties": {"id": 1120693751, "feat_type": "way", "quality_categories": "missing_tags", "issue_ids": "[2]", "osm_url": "https://www.openstreetmap.org/way/1120693751", "josm_url": "http://127.0.0.1:8111/load_object?new_layer=false&objects=w1120693751", "id_url": "https://www.openstreetmap.org/edit?editor=id&way=1120693751#map=20/-25.4603313/-49.2878342"}}, {"type": "Feature", "geometry": {"type": "Point", "coordinates": [-49.288171, -25.4610284]}, "properties": {"id": 1120693752, "feat_type": "way", "quality_categories": "missing_tags", "issue_ids": "[2]", "osm_url": "https://www.openstreetmap.org/way/1120693752", "josm_url": "http://127.0.0.1:8111/load_object?new_layer=false&objects=w1120693752", "id_url": "https://www.openstreetmap.org/edit?editor=id&way=1120693752#map=20/-25.4610284/-49.288171"}}, {"type": "Feature", "geometry": {"type": "Point", "coordinates": [-49.2882582, -25.4612105]}, "properties": {"id": 1120693753, "feat_type": "way", "quality_categories": "missing_tags", "issue_ids": "[2]", "osm_url": "https://www.openstreetmap.org/way/1120693753", "josm_url": "http://127.0.0.1:8111/load_object?new_layer=false&objects=w1120693753", "id_url": "https://www.openstreetmap.org/edit?editor=id&way=1120693753#map=20/-25.4612105/-49.2882582"}}, {"type": "Feature", "geometry": {"type": "Point", "coordinates": [-49.2884604, -25.4616362]}, "properties": {"id": 1120693754, "feat_type": "way", "quality_categories": "missing_tags", "issue_ids": "[2]", "osm_url": "https://www.openstreetmap.org/way/1120693754", "josm_url": "http://127.0.0.1:8111/load_object?new_layer=false&objects=w1120693754", "id_url": "https://www.openstreetmap.org/edit?editor=id&way=1120693754#map=20/-25.4616362/-49.2884604"}}, {"type": "Feature", "geometry": {"type": "Point", "coordinates": [-49.2857148, -25.4558505]}, "properties": {"id": 1120693755, "feat_type": "way", "quality_categories": "missing_tags", "issue_ids": "[2]", "osm_url": "https://www.openstreetmap.org/way/1120693755", "josm_url": "http://127.0.0.1:8111/load_object?new_layer=false&objects=w1120693755", "id_url": "https://www.openstreetmap.org/edit?editor=id&way=1120693755#map=20/-25.4558505/-49.2857148"}}, {"type": "Feature", "geometry": {"type": "Point", "coordinates": [-49.2860723, -25.4566038]}, "properties": {"id": 1120693756, "feat_type": "way", "quality_categories": "missing_tags", "issue_ids": "[2]", "osm_url": "https://www.openstreetmap.org/way/1120693756", "josm_url": "http://127.0.0.1:8111/load_object?new_layer=false&objects=w1120693756", "id_url": "https://www.openstreetmap.org/edit?editor=id&way=1120693756#map=20/-25.4566038/-49.2860723"}}, {"type": "Feature", "geometry": {"type": "Point", "coordinates": [-49.2872257, -25.4590344]}, "properties": {"id": 1120693757, "feat_type": "way", "quality_categories": "missing_tags", "issue_ids": "[2]", "osm_url": "https://www.openstreetmap.org/way/1120693757", "josm_url": "http://127.0.0.1:8111/load_object?new_layer=false&objects=w1120693757", "id_url": "https://www.openstreetmap.org/edit?editor=id&way=1120693757#map=20/-25.4590344/-49.2872257"}}, {"type": "Feature", "geometry": {"type": "Point", "coordinates": [-49.2876116, -25.4598475]}, "properties": {"id": 1120693758, "feat_type": "way", "quality_categories": "missing_tags", "issue_ids": "[2]", "osm_url": "https://www.openstreetmap.org/way/1120693758", "josm_url": "http://127.0.0.1:8111/load_object?new_layer=false&objects=w1120693758", "id_url": "https://www.openstreetmap.org/edit?editor=id&way=1120693758#map=20/-25.4598475/-49.2876116"}}, {"type": "Feature", "geometry": {"type": "Point", "coordinates": [-49.2876886, -25.4600139]}, "properties": {"id": 1120693759, "feat_type": "way", "quality_categories": "missing_tags", "issue_ids": "[2]", "osm_url": "https://www.openstreetmap.org/way/1120693759", "josm_url": "http://127.0.0.1:8111/load_object?new_layer=false&objects=w1120693759", "id_url": "https://www.openstreetmap.org/edit?editor=id&way=1120693759#map=20/-25.4600139/-49.2876886"}}, {"type": "Feature", "geometry": {"type": "Point", "coordinates": [-49.2877566, -25.4601651]}, "properties": {"id": 1120693760, "feat_type": "way", "quality_categories": "missing_tags", "issue_ids": "[2]", "osm_url": "https://www.openstreetmap.org/way/1120693760", "josm_url": "http://127.0.0.1:8111/load_object?new_layer=false&objects=w1120693760", "id_url": "https://www.openstreetmap.org/edit?editor=id&way=1120693760#map=20/-25.4601651/-49.2877566"}}, {"type": "Feature", "geometry": {"type": "Point", "coordinates": [-49.2855927, -25.4555934]}, "properties": {"id": 1120693761, "feat_type": "way", "quality_categories": "missing_tags", "issue_ids": "[2]", "osm_url": "https://www.openstreetmap.org/way/1120693761", "josm_url": "http://127.0.0.1:8111/load_object?new_layer=false&objects=w1120693761", "id_url": "https://www.openstreetmap.org/edit?editor=id&way=1120693761#map=20/-25.4555934/-49.2855927"}}, {"type": "Feature", "geometry": {"type": "Point", "coordinates": [-49.2885391, -25.461802]}, "properties": {"id": 1120693762, "feat_type": "way", "quality_categories": "missing_tags", "issue_ids": "[2]", "osm_url": "https://www.openstreetmap.org/way/1120693762", "josm_url": "http://127.0.0.1:8111/load_object?new_layer=false&objects=w1120693762", "id_url": "https://www.openstreetmap.org/edit?editor=id&way=1120693762#map=20/-25.461802/-49.2885391"}}, {"type": "Feature", "geometry": {"type": "Point", "coordinates": [-49.2887553, -25.462258]}, "properties": {"id": 1120693763, "feat_type": "way", "quality_categories": "missing_tags", "issue_ids": "[2]", "osm_url": "https://www.openstreetmap.org/way/1120693763", "josm_url": "http://127.0.0.1:8111/load_object?new_layer=false&objects=w1120693763", "id_url": "https://www.openstreetmap.org/edit?editor=id&way=1120693763#map=20/-25.462258/-49.2887553"}}, {"type": "Feature", "geometry": {"type": "Point", "coordinates": [-49.2861509, -25.4567696]}, "properties": {"id": 1120693764, "feat_type": "way", "quality_categories": "missing_tags", "issue_ids": "[2]", "osm_url": "https://www.openstreetmap.org/way/1120693764", "josm_url": "http://127.0.0.1:8111/load_object?new_layer=false&objects=w1120693764", "id_url": "https://www.openstreetmap.org/edit?editor=id&way=1120693764#map=20/-25.4567696/-49.2861509"}}, {"type": "Feature", "geometry": {"type": "Point", "coordinates": [-49.2830956, -25.4652199]}, "properties": {"id": 1120693768, "feat_type": "way", "quality_categories": "missing_tags", "issue_ids": "[2]", "osm_url": "https://www.openstreetmap.org/way/1120693768", "josm_url": "http://127.0.0.1:8111/load_object?new_layer=false&objects=w1120693768", "id_url": "https://www.openstreetmap.org/edit?editor=id&way=1120693768#map=20/-25.4652199/-49.2830956"}}, {"type": "Feature", "geometry": {"type": "Point", "coordinates": [-49.2834524, -25.4644263]}, "properties": {"id": 1120693769, "feat_type": "way", "quality_categories": "missing_tags", "issue_ids": "[2]", "osm_url": "https://www.openstreetmap.org/way/1120693769", "josm_url": "http://127.0.0.1:8111/load_object?new_layer=false&objects=w1120693769", "id_url": "https://www.openstreetmap.org/edit?editor=id&way=1120693769#map=20/-25.4644263/-49.2834524"}}, {"type": "Feature", "geometry": {"type": "Point", "coordinates": [-49.2835945, -25.4642958]}, "properties": {"id": 1120693770, "feat_type": "way", "quality_categories": "missing_tags", "issue_ids": "[2]", "osm_url": "https://www.openstreetmap.org/way/1120693770", "josm_url": "http://127.0.0.1:8111/load_object?new_layer=false&objects=w1120693770", "id_url": "https://www.openstreetmap.org/edit?editor=id&way=1120693770#map=20/-25.4642958/-49.2835945"}}, {"type": "Feature", "geometry": {"type": "Point", "coordinates": [-49.2839598, -25.4641558]}, "properties": {"id": 1120693771, "feat_type": "way", "quality_categories": "missing_tags", "issue_ids": "[2]", "osm_url": "https://www.openstreetmap.org/way/1120693771", "josm_url": "http://127.0.0.1:8111/load_object?new_layer=false&objects=w1120693771", "id_url": "https://www.openstreetmap.org/edit?editor=id&way=1120693771#map=20/-25.4641558/-49.2839598"}}, {"type": "Feature", "geometry": {"type": "Point", "coordinates": [-49.2821856, -25.4671797]}, "properties": {"id": 1120693772, "feat_type": "way", "quality_categories": "missing_tags", "issue_ids": "[2]", "osm_url": "https://www.openstreetmap.org/way/1120693772", "josm_url": "http://127.0.0.1:8111/load_object?new_layer=false&objects=w1120693772", "id_url": "https://www.openstreetmap.org/edit?editor=id&way=1120693772#map=20/-25.4671797/-49.2821856"}}, {"type": "Feature", "geometry": {"type": "Point", "coordinates": [-49.2825605, -25.4663545]}, "properties": {"id": 1120693773, "feat_type": "way", "quality_categories": "missing_tags", "issue_ids": "[2]", "osm_url": "https://www.openstreetmap.org/way/1120693773", "josm_url": "http://127.0.0.1:8111/load_object?new_layer=false&objects=w1120693773", "id_url": "https://www.openstreetmap.org/edit?editor=id&way=1120693773#map=20/-25.4663545/-49.2825605"}}, {"type": "Feature", "geometry": {"type": "Point", "coordinates": [-49.2826379, -25.4661881]}, "properties": {"id": 1120693774, "feat_type": "way", "quality_categories": "missing_tags", "issue_ids": "[2]", "osm_url": "https://www.openstreetmap.org/way/1120693774", "josm_url": "http://127.0.0.1:8111/load_object?new_layer=false&objects=w1120693774", "id_url": "https://www.openstreetmap.org/edit?editor=id&way=1120693774#map=20/-25.4661881/-49.2826379"}}, {"type": "Feature", "geometry": {"type": "Point", "coordinates": [-49.2830103, -25.4654027]}, "properties": {"id": 1120693775, "feat_type": "way", "quality_categories": "missing_tags", "issue_ids": "[2]", "osm_url": "https://www.openstreetmap.org/way/1120693775", "josm_url": "http://127.0.0.1:8111/load_object?new_layer=false&objects=w1120693775", "id_url": "https://www.openstreetmap.org/edit?editor=id&way=1120693775#map=20/-25.4654027/-49.2830103"}}, {"type": "Feature", "geometry": {"type": "Point", "coordinates": [-49.2817651, -25.4680937]}, "properties": {"id": 1120693776, "feat_type": "way", "quality_categories": "missing_tags", "issue_ids": "[2]", "osm_url": "https://www.openstreetmap.org/way/1120693776", "josm_url": "http://127.0.0.1:8111/load_object?new_layer=false&objects=w1120693776", "id_url": "https://www.openstreetmap.org/edit?editor=id&way=1120693776#map=20/-25.4680937/-49.2817651"}}, {"type": "Feature", "geometry": {"type": "Point", "coordinates": [-49.2821093, -25.4673465]}, "properties": {"id": 1120693777, "feat_type": "way", "quality_categories": "missing_tags", "issue_ids": "[2]", "osm_url": "https://www.openstreetmap.org/way/1120693777", "josm_url": "http://127.0.0.1:8111/load_object?new_layer=false&objects=w1120693777", "id_url": "https://www.openstreetmap.org/edit?editor=id&way=1120693777#map=20/-25.4673465/-49.2821093"}}, {"type": "Feature", "geometry": {"type": "Point", "coordinates": [-49.2841433, -25.4640862]}, "properties": {"id": 1120693778, "feat_type": "way", "quality_categories": "missing_tags", "issue_ids": "[2]", "osm_url": "https://www.openstreetmap.org/way/1120693778", "josm_url": "http://127.0.0.1:8111/load_object?new_layer=false&objects=w1120693778", "id_url": "https://www.openstreetmap.org/edit?editor=id&way=1120693778#map=20/-25.4640862/-49.2841433"}}, {"type": "Feature", "geometry": {"type": "Point", "coordinates": [-49.2851476, -25.4637097]}, "properties": {"id": 1120693779, "feat_type": "way", "quality_categories": "missing_tags", "issue_ids": "[2]", "osm_url": "https://www.openstreetmap.org/way/1120693779", "josm_url": "http://127.0.0.1:8111/load_object?new_layer=false&objects=w1120693779", "id_url": "https://www.openstreetmap.org/edit?editor=id&way=1120693779#map=20/-25.4637097/-49.2851476"}}, {"type": "Feature", "geometry": {"type": "Point", "coordinates": [-49.2853314, -25.4636407]}, "properties": {"id": 1120693780, "feat_type": "way", "quality_categories": "missing_tags", "issue_ids": "[2]", "osm_url": "https://www.openstreetmap.org/way/1120693780", "josm_url": "http://127.0.0.1:8111/load_object?new_layer=false&objects=w1120693780", "id_url": "https://www.openstreetmap.org/edit?editor=id&way=1120693780#map=20/-25.4636407/-49.2853314"}}, {"type": "Feature", "geometry": {"type": "Point", "coordinates": [-49.2863069, -25.4632743]}, "properties": {"id": 1120693781, "feat_type": "way", "quality_categories": "missing_tags", "issue_ids": "[2]", "osm_url": "https://www.openstreetmap.org/way/1120693781", "josm_url": "http://127.0.0.1:8111/load_object?new_layer=false&objects=w1120693781", "id_url": "https://www.openstreetmap.org/edit?editor=id&way=1120693781#map=20/-25.4632743/-49.2863069"}}, {"type": "Feature", "geometry": {"type": "Point", "coordinates": [-49.2864907, -25.4632053]}, "properties": {"id": 1120693782, "feat_type": "way", "quality_categories": "missing_tags", "issue_ids": "[2]", "osm_url": "https://www.openstreetmap.org/way/1120693782", "josm_url": "http://127.0.0.1:8111/load_object?new_layer=false&objects=w1120693782", "id_url": "https://www.openstreetmap.org/edit?editor=id&way=1120693782#map=20/-25.4632053/-49.2864907"}}, {"type": "Feature", "geometry": {"type": "Point", "coordinates": [-49.2874483, -25.462846]}, "properties": {"id": 1120693783, "feat_type": "way", "quality_categories": "missing_tags", "issue_ids": "[2]", "osm_url": "https://www.openstreetmap.org/way/1120693783", "josm_url": "http://127.0.0.1:8111/load_object?new_layer=false&objects=w1120693783", "id_url": "https://www.openstreetmap.org/edit?editor=id&way=1120693783#map=20/-25.462846/-49.2874483"}}, {"type": "Feature", "geometry": {"type": "Point", "coordinates": [-49.2842167, -25.4662276]}, "properties": {"id": 1120693784, "feat_type": "way", "quality_categories": "missing_tags", "issue_ids": "[2]", "osm_url": "https://www.openstreetmap.org/way/1120693784", "josm_url": "http://127.0.0.1:8111/load_object?new_layer=false&objects=w1120693784", "id_url": "https://www.openstreetmap.org/edit?editor=id&way=1120693784#map=20/-25.4662276/-49.2842167"}}, {"type": "Feature", "geometry": {"type": "Point", "coordinates": [-49.28458, -25.4654419]}, "properties": {"id": 1120693785, "feat_type": "way", "quality_categories": "missing_tags", "issue_ids": "[2]", "osm_url": "https://www.openstreetmap.org/way/1120693785", "josm_url": "http://127.0.0.1:8111/load_object?new_layer=false&objects=w1120693785", "id_url": "https://www.openstreetmap.org/edit?editor=id&way=1120693785#map=20/-25.4654419/-49.28458"}}, {"type": "Feature", "geometry": {"type": "Point", "coordinates": [-49.2847232, -25.4653119]}, "properties": {"id": 1120693786, "feat_type": "way", "quality_categories": "missing_tags", "issue_ids": "[2]", "osm_url": "https://www.openstreetmap.org/way/1120693786", "josm_url": "http://127.0.0.1:8111/load_object?new_layer=false&objects=w1120693786", "id_url": "https://www.openstreetmap.org/edit?editor=id&way=1120693786#map=20/-25.4653119/-49.2847232"}}, {"type": "Feature", "geometry": {"type": "Point", "coordinates": [-49.2856894, -25.4649443]}, "properties": {"id": 1120693787, "feat_type": "way", "quality_categories": "missing_tags", "issue_ids": "[2]", "osm_url": "https://www.openstreetmap.org/way/1120693787", "josm_url": "http://127.0.0.1:8111/load_object?new_layer=false&objects=w1120693787", "id_url": "https://www.openstreetmap.org/edit?editor=id&way=1120693787#map=20/-25.4649443/-49.2856894"}}, {"type": "Feature", "geometry": {"type": "Point", "coordinates": [-49.2833134, -25.4681883]}, "properties": {"id": 1120693788, "feat_type": "way", "quality_categories": "missing_tags", "issue_ids": "[2]", "osm_url": "https://www.openstreetmap.org/way/1120693788", "josm_url": "http://127.0.0.1:8111/load_object?new_layer=false&objects=w1120693788", "id_url": "https://www.openstreetmap.org/edit?editor=id&way=1120693788#map=20/-25.4681883/-49.2833134"}}, {"type": "Feature", "geometry": {"type": "Point", "coordinates": [-49.2836898, -25.4673709]}, "properties": {"id": 1120693789, "feat_type": "way", "quality_categories": "missing_tags", "issue_ids": "[2]", "osm_url": "https://www.openstreetmap.org/way/1120693789", "josm_url": "http://127.0.0.1:8111/load_object?new_layer=false&objects=w1120693789", "id_url": "https://www.openstreetmap.org/edit?editor=id&way=1120693789#map=20/-25.4673709/-49.2836898"}}, {"type": "Feature", "geometry": {"type": "Point", "coordinates": [-49.2837666, -25.4672043]}, "properties": {"id": 1120693790, "feat_type": "way", "quality_categories": "missing_tags", "issue_ids": "[2]", "osm_url": "https://www.openstreetmap.org/way/1120693790", "josm_url": "http://127.0.0.1:8111/load_object?new_layer=false&objects=w1120693790", "id_url": "https://www.openstreetmap.org/edit?editor=id&way=1120693790#map=20/-25.4672043/-49.2837666"}}, {"type": "Feature", "geometry": {"type": "Point", "coordinates": [-49.2841303, -25.4664145]}, "properties": {"id": 1120693791, "feat_type": "way", "quality_categories": "missing_tags", "issue_ids": "[2]", "osm_url": "https://www.openstreetmap.org/way/1120693791", "josm_url": "http://127.0.0.1:8111/load_object?new_layer=false&objects=w1120693791", "id_url": "https://www.openstreetmap.org/edit?editor=id&way=1120693791#map=20/-25.4664145/-49.2841303"}}, {"type": "Feature", "geometry": {"type": "Point", "coordinates": [-49.2828832, -25.4691047]}, "properties": {"id": 1120693792, "feat_type": "way", "quality_categories": "missing_tags", "issue_ids": "[2]", "osm_url": "https://www.openstreetmap.org/way/1120693792", "josm_url": "http://127.0.0.1:8111/load_object?new_layer=false&objects=w1120693792", "id_url": "https://www.openstreetmap.org/edit?editor=id&way=1120693792#map=20/-25.4691047/-49.2828832"}}, {"type": "Feature", "geometry": {"type": "Point", "coordinates": [-49.283236, -25.4683546]}, "properties": {"id": 1120693793, "feat_type": "way", "quality_categories": "missing_tags", "issue_ids": "[2]", "osm_url": "https://www.openstreetmap.org/way/1120693793", "josm_url": "http://127.0.0.1:8111/load_object?new_layer=false&objects=w1120693793", "id_url": "https://www.openstreetmap.org/edit?editor=id&way=1120693793#map=20/-25.4683546/-49.283236"}}, {"type": "Feature", "geometry": {"type": "Point", "coordinates": [-49.2881738, -25.464007]}, "properties": {"id": 1120693794, "feat_type": "way", "quality_categories": "missing_tags", "issue_ids": "[2]", "osm_url": "https://www.openstreetmap.org/way/1120693794", "josm_url": "http://127.0.0.1:8111/load_object?new_layer=false&objects=w1120693794", "id_url": "https://www.openstreetmap.org/edit?editor=id&way=1120693794#map=20/-25.464007/-49.2881738"}}, {"type": "Feature", "geometry": {"type": "Point", "coordinates": [-49.289261, -25.4635972]}, "properties": {"id": 1120693795, "feat_type": "way", "quality_categories": "missing_tags", "issue_ids": "[2]", "osm_url": "https://www.openstreetmap.org/way/1120693795", "josm_url": "http://127.0.0.1:8111/load_object?new_layer=false&objects=w1120693795", "id_url": "https://www.openstreetmap.org/edit?editor=id&way=1120693795#map=20/-25.4635972/-49.289261"}}, {"type": "Feature", "geometry": {"type": "Point", "coordinates": [-49.2888339, -25.4624238]}, "properties": {"id": 1120693796, "feat_type": "way", "quality_categories": "missing_tags", "issue_ids": "[2]", "osm_url": "https://www.openstreetmap.org/way/1120693796", "josm_url": "http://127.0.0.1:8111/load_object?new_layer=false&objects=w1120693796", "id_url": "https://www.openstreetmap.org/edit?editor=id&way=1120693796#map=20/-25.4624238/-49.2888339"}}, {"type": "Feature", "geometry": {"type": "Point", "coordinates": [-49.2807823, -25.4633983]}, "properties": {"id": 1120693798, "feat_type": "way", "quality_categories": "missing_tags", "issue_ids": "[2]", "osm_url": "https://www.openstreetmap.org/way/1120693798", "josm_url": "http://127.0.0.1:8111/load_object?new_layer=false&objects=w1120693798", "id_url": "https://www.openstreetmap.org/edit?editor=id&way=1120693798#map=20/-25.4633983/-49.2807823"}}, {"type": "Feature", "geometry": {"type": "Point", "coordinates": [-49.2804139, -25.464192]}, "properties": {"id": 1120693799, "feat_type": "way", "quality_categories": "missing_tags", "issue_ids": "[2]", "osm_url": "https://www.openstreetmap.org/way/1120693799", "josm_url": "http://127.0.0.1:8111/load_object?new_layer=false&objects=w1120693799", "id_url": "https://www.openstreetmap.org/edit?editor=id&way=1120693799#map=20/-25.464192/-49.2804139"}}, {"type": "Feature", "geometry": {"type": "Point", "coordinates": [-49.2803368, -25.4643583]}, "properties": {"id": 1120693800, "feat_type": "way", "quality_categories": "missing_tags", "issue_ids": "[2]", "osm_url": "https://www.openstreetmap.org/way/1120693800", "josm_url": "http://127.0.0.1:8111/load_object?new_layer=false&objects=w1120693800", "id_url": "https://www.openstreetmap.org/edit?editor=id&way=1120693800#map=20/-25.4643583/-49.2803368"}}, {"type": "Feature", "geometry": {"type": "Point", "coordinates": [-49.2799587, -25.4651727]}, "properties": {"id": 1120693801, "feat_type": "way", "quality_categories": "missing_tags", "issue_ids": "[2]", "osm_url": "https://www.openstreetmap.org/way/1120693801", "josm_url": "http://127.0.0.1:8111/load_object?new_layer=false&objects=w1120693801", "id_url": "https://www.openstreetmap.org/edit?editor=id&way=1120693801#map=20/-25.4651727/-49.2799587"}}, {"type": "Feature", "geometry": {"type": "Point", "coordinates": [-49.2812362, -25.4624205]}, "properties": {"id": 1120693802, "feat_type": "way", "quality_categories": "missing_tags", "issue_ids": "[2]", "osm_url": "https://www.openstreetmap.org/way/1120693802", "josm_url": "http://127.0.0.1:8111/load_object?new_layer=false&objects=w1120693802", "id_url": "https://www.openstreetmap.org/edit?editor=id&way=1120693802#map=20/-25.4624205/-49.2812362"}}, {"type": "Feature", "geometry": {"type": "Point", "coordinates": [-49.2808595, -25.463232]}, "properties": {"id": 1120693803, "feat_type": "way", "quality_categories": "missing_tags", "issue_ids": "[2]", "osm_url": "https://www.openstreetmap.org/way/1120693803", "josm_url": "http://127.0.0.1:8111/load_object?new_layer=false&objects=w1120693803", "id_url": "https://www.openstreetmap.org/edit?editor=id&way=1120693803#map=20/-25.463232/-49.2808595"}}, {"type": "Feature", "geometry": {"type": "Point", "coordinates": [-49.2798815, -25.465339]}, "properties": {"id": 1120693804, "feat_type": "way", "quality_categories": "missing_tags", "issue_ids": "[2]", "osm_url": "https://www.openstreetmap.org/way/1120693804", "josm_url": "http://127.0.0.1:8111/load_object?new_layer=false&objects=w1120693804", "id_url": "https://www.openstreetmap.org/edit?editor=id&way=1120693804#map=20/-25.465339/-49.2798815"}}, {"type": "Feature", "geometry": {"type": "Point", "coordinates": [-49.2795373, -25.4660807]}, "properties": {"id": 1120693805, "feat_type": "way", "quality_categories": "missing_tags", "issue_ids": "[2]", "osm_url": "https://www.openstreetmap.org/way/1120693805", "josm_url": "http://127.0.0.1:8111/load_object?new_layer=false&objects=w1120693805", "id_url": "https://www.openstreetmap.org/edit?editor=id&way=1120693805#map=20/-25.4660807/-49.2795373"}}, {"type": "Feature", "geometry": {"type": "Point", "coordinates": [-49.2809113, -25.4433431]}, "properties": {"id": 1120693806, "feat_type": "way", "quality_categories": "missing_tags", "issue_ids": "[2]", "osm_url": "https://www.openstreetmap.org/way/1120693806", "josm_url": "http://127.0.0.1:8111/load_object?new_layer=false&objects=w1120693806", "id_url": "https://www.openstreetmap.org/edit?editor=id&way=1120693806#map=20/-25.4433431/-49.2809113"}}, {"type": "Feature", "geometry": {"type": "Point", "coordinates": [-49.2803987, -25.4444426]}, "properties": {"id": 1120693807, "feat_type": "way", "quality_categories": "missing_tags", "issue_ids": "[2]", "osm_url": "https://www.openstreetmap.org/way/1120693807", "josm_url": "http://127.0.0.1:8111/load_object?new_layer=false&objects=w1120693807", "id_url": "https://www.openstreetmap.org/edit?editor=id&way=1120693807#map=20/-25.4444426/-49.2803987"}}, {"type": "Feature", "geometry": {"type": "Point", "coordinates": [-49.2859501, -25.4465359]}, "properties": {"id": 1120693809, "feat_type": "way", "quality_categories": "missing_tags", "issue_ids": "[2]", "osm_url": "https://www.openstreetmap.org/way/1120693809", "josm_url": "http://127.0.0.1:8111/load_object?new_layer=false&objects=w1120693809", "id_url": "https://www.openstreetmap.org/edit?editor=id&way=1120693809#map=20/-25.4465359/-49.2859501"}}, {"type": "Feature", "geometry": {"type": "Point", "coordinates": [-49.2842232, -25.4449231]}, "properties": {"id": 1120693810, "feat_type": "way", "quality_categories": "missing_tags", "issue_ids": "[2]", "osm_url": "https://www.openstreetmap.org/way/1120693810", "josm_url": "http://127.0.0.1:8111/load_object?new_layer=false&objects=w1120693810", "id_url": "https://www.openstreetmap.org/edit?editor=id&way=1120693810#map=20/-25.4449231/-49.2842232"}}, {"type": "Feature", "geometry": {"type": "Point", "coordinates": [-49.2838582, -25.445747]}, "properties": {"id": 1120693811, "feat_type": "way", "quality_categories": "missing_tags", "issue_ids": "[2]", "osm_url": "https://www.openstreetmap.org/way/1120693811", "josm_url": "http://127.0.0.1:8111/load_object?new_layer=false&objects=w1120693811", "id_url": "https://www.openstreetmap.org/edit?editor=id&way=1120693811#map=20/-25.445747/-49.2838582"}}, {"type": "Feature", "geometry": {"type": "Point", "coordinates": [-49.2843375, -25.444665]}, "properties": {"id": 1120693812, "feat_type": "way", "quality_categories": "missing_tags", "issue_ids": "[2]", "osm_url": "https://www.openstreetmap.org/way/1120693812", "josm_url": "http://127.0.0.1:8111/load_object?new_layer=false&objects=w1120693812", "id_url": "https://www.openstreetmap.org/edit?editor=id&way=1120693812#map=20/-25.444665/-49.2843375"}}, {"type": "Feature", "geometry": {"type": "Point", "coordinates": [-49.28429, -25.4447723]}, "properties": {"id": 1120693813, "feat_type": "way", "quality_categories": "missing_tags", "issue_ids": "[2]", "osm_url": "https://www.openstreetmap.org/way/1120693813", "josm_url": "http://127.0.0.1:8111/load_object?new_layer=false&objects=w1120693813", "id_url": "https://www.openstreetmap.org/edit?editor=id&way=1120693813#map=20/-25.4447723/-49.28429"}}, {"type": "Feature", "geometry": {"type": "Point", "coordinates": [-49.2802299, -25.4483072]}, "properties": {"id": 1120693815, "feat_type": "way", "quality_categories": "missing_tags", "issue_ids": "[2]", "osm_url": "https://www.openstreetmap.org/way/1120693815", "josm_url": "http://127.0.0.1:8111/load_object?new_layer=false&objects=w1120693815", "id_url": "https://www.openstreetmap.org/edit?editor=id&way=1120693815#map=20/-25.4483072/-49.2802299"}}, {"type": "Feature", "geometry": {"type": "Point", "coordinates": [-49.2809794, -25.4467426]}, "properties": {"id": 1120693817, "feat_type": "way", "quality_categories": "missing_tags", "issue_ids": "[2]", "osm_url": "https://www.openstreetmap.org/way/1120693817", "josm_url": "http://127.0.0.1:8111/load_object?new_layer=false&objects=w1120693817", "id_url": "https://www.openstreetmap.org/edit?editor=id&way=1120693817#map=20/-25.4467426/-49.2809794"}}, {"type": "Feature", "geometry": {"type": "Point", "coordinates": [-49.2810706, -25.4465522]}, "properties": {"id": 1120693822, "feat_type": "way", "quality_categories": "missing_tags", "issue_ids": "[2]", "osm_url": "https://www.openstreetmap.org/way/1120693822", "josm_url": "http://127.0.0.1:8111/load_object?new_layer=false&objects=w1120693822", "id_url": "https://www.openstreetmap.org/edit?editor=id&way=1120693822#map=20/-25.4465522/-49.2810706"}}, {"type": "Feature", "geometry": {"type": "Point", "coordinates": [-49.2816749, -25.445289]}, "properties": {"id": 1120693823, "feat_type": "way", "quality_categories": "missing_tags", "issue_ids": "[2]", "osm_url": "https://www.openstreetmap.org/way/1120693823", "josm_url": "http://127.0.0.1:8111/load_object?new_layer=false&objects=w1120693823", "id_url": "https://www.openstreetmap.org/edit?editor=id&way=1120693823#map=20/-25.445289/-49.2816749"}}, {"type": "Feature", "geometry": {"type": "Point", "coordinates": [-49.2763617, -25.4447321]}, "properties": {"id": 1120693825, "feat_type": "way", "quality_categories": "missing_tags", "issue_ids": "[2]", "osm_url": "https://www.openstreetmap.org/way/1120693825", "josm_url": "http://127.0.0.1:8111/load_object?new_layer=false&objects=w1120693825", "id_url": "https://www.openstreetmap.org/edit?editor=id&way=1120693825#map=20/-25.4447321/-49.2763617"}}, {"type": "Feature", "geometry": {"type": "Point", "coordinates": [-49.2769428, -25.4434987]}, "properties": {"id": 1120693826, "feat_type": "way", "quality_categories": "missing_tags", "issue_ids": "[2]", "osm_url": "https://www.openstreetmap.org/way/1120693826", "josm_url": "http://127.0.0.1:8111/load_object?new_layer=false&objects=w1120693826", "id_url": "https://www.openstreetmap.org/edit?editor=id&way=1120693826#map=20/-25.4434987/-49.2769428"}}, {"type": "Feature", "geometry": {"type": "Point", "coordinates": [-49.2771473, -25.4450332]}, "properties": {"id": 1120693827, "feat_type": "way", "quality_categories": "missing_tags", "issue_ids": "[2]", "osm_url": "https://www.openstreetmap.org/way/1120693827", "josm_url": "http://127.0.0.1:8111/load_object?new_layer=false&objects=w1120693827", "id_url": "https://www.openstreetmap.org/edit?editor=id&way=1120693827#map=20/-25.4450332/-49.2771473"}}, {"type": "Feature", "geometry": {"type": "Point", "coordinates": [-49.2778167, -25.4438298]}, "properties": {"id": 1120693828, "feat_type": "way", "quality_categories": "missing_tags", "issue_ids": "[2]", "osm_url": "https://www.openstreetmap.org/way/1120693828", "josm_url": "http://127.0.0.1:8111/load_object?new_layer=false&objects=w1120693828", "id_url": "https://www.openstreetmap.org/edit?editor=id&way=1120693828#map=20/-25.4438298/-49.2778167"}}, {"type": "Feature", "geometry": {"type": "Point", "coordinates": [-49.2903454, -25.4469005]}, "properties": {"id": 1120693829, "feat_type": "way", "quality_categories": "missing_tags", "issue_ids": "[2]", "osm_url": "https://www.openstreetmap.org/way/1120693829", "josm_url": "http://127.0.0.1:8111/load_object?new_layer=false&objects=w1120693829", "id_url": "https://www.openstreetmap.org/edit?editor=id&way=1120693829#map=20/-25.4469005/-49.2903454"}}, {"type": "Feature", "geometry": {"type": "Point", "coordinates": [-49.2898293, -25.4479187]}, "properties": {"id": 1120693830, "feat_type": "way", "quality_categories": "missing_tags", "issue_ids": "[2]", "osm_url": "https://www.openstreetmap.org/way/1120693830", "josm_url": "http://127.0.0.1:8111/load_object?new_layer=false&objects=w1120693830", "id_url": "https://www.openstreetmap.org/edit?editor=id&way=1120693830#map=20/-25.4479187/-49.2898293"}}, {"type": "Feature", "geometry": {"type": "Point", "coordinates": [-49.2892139, -25.4464722]}, "properties": {"id": 1120693831, "feat_type": "way", "quality_categories": "missing_tags", "issue_ids": "[2]", "osm_url": "https://www.openstreetmap.org/way/1120693831", "josm_url": "http://127.0.0.1:8111/load_object?new_layer=false&objects=w1120693831", "id_url": "https://www.openstreetmap.org/edit?editor=id&way=1120693831#map=20/-25.4464722/-49.2892139"}}, {"type": "Feature", "geometry": {"type": "Point", "coordinates": [-49.2889185, -25.4471237]}, "properties": {"id": 1120693832, "feat_type": "way", "quality_categories": "missing_tags", "issue_ids": "[2]", "osm_url": "https://www.openstreetmap.org/way/1120693832", "josm_url": "http://127.0.0.1:8111/load_object?new_layer=false&objects=w1120693832", "id_url": "https://www.openstreetmap.org/edit?editor=id&way=1120693832#map=20/-25.4471237/-49.2889185"}}, {"type": "Feature", "geometry": {"type": "Point", "coordinates": [-49.2888427, -25.4472905]}, "properties": {"id": 1120693833, "feat_type": "way", "quality_categories": "missing_tags", "issue_ids": "[2]", "osm_url": "https://www.openstreetmap.org/way/1120693833", "josm_url": "http://127.0.0.1:8111/load_object?new_layer=false&objects=w1120693833", "id_url": "https://www.openstreetmap.org/edit?editor=id&way=1120693833#map=20/-25.4472905/-49.2888427"}}, {"type": "Feature", "geometry": {"type": "Point", "coordinates": [-49.2887105, -25.4475815]}, "properties": {"id": 1120693834, "feat_type": "way", "quality_categories": "missing_tags", "issue_ids": "[2]", "osm_url": "https://www.openstreetmap.org/way/1120693834", "josm_url": "http://127.0.0.1:8111/load_object?new_layer=false&objects=w1120693834", "id_url": "https://www.openstreetmap.org/edit?editor=id&way=1120693834#map=20/-25.4475815/-49.2887105"}}, {"type": "Feature", "geometry": {"type": "Point", "coordinates": [-49.2880571, -25.4462514]}, "properties": {"id": 1120693835, "feat_type": "way", "quality_categories": "missing_tags", "issue_ids": "[2]", "osm_url": "https://www.openstreetmap.org/way/1120693835", "josm_url": "http://127.0.0.1:8111/load_object?new_layer=false&objects=w1120693835", "id_url": "https://www.openstreetmap.org/edit?editor=id&way=1120693835#map=20/-25.4462514/-49.2880571"}}, {"type": "Feature", "geometry": {"type": "Point", "coordinates": [-49.2888193, -25.447136]}, "properties": {"id": 1120693836, "feat_type": "way", "quality_categories": "missing_tags", "issue_ids": "[2]", "osm_url": "https://www.openstreetmap.org/way/1120693836", "josm_url": "http://127.0.0.1:8111/load_object?new_layer=false&objects=w1120693836", "id_url": "https://www.openstreetmap.org/edit?editor=id&way=1120693836#map=20/-25.447136/-49.2888193"}}, {"type": "Feature", "geometry": {"type": "Point", "coordinates": [-49.2889414, -25.4472785]}, "properties": {"id": 1120693837, "feat_type": "way", "quality_categories": "missing_tags", "issue_ids": "[2]", "osm_url": "https://www.openstreetmap.org/way/1120693837", "josm_url": "http://127.0.0.1:8111/load_object?new_layer=false&objects=w1120693837", "id_url": "https://www.openstreetmap.org/edit?editor=id&way=1120693837#map=20/-25.4472785/-49.2889414"}}, {"type": "Feature", "geometry": {"type": "Point", "coordinates": [-49.2893942, -25.447847]}, "properties": {"id": 1120693838, "feat_type": "way", "quality_categories": "missing_tags", "issue_ids": "[2]", "osm_url": "https://www.openstreetmap.org/way/1120693838", "josm_url": "http://127.0.0.1:8111/load_object?new_layer=false&objects=w1120693838", "id_url": "https://www.openstreetmap.org/edit?editor=id&way=1120693838#map=20/-25.447847/-49.2893942"}}, {"type": "Feature", "geometry": {"type": "Point", "coordinates": [-49.2894294, -25.4532073]}, "properties": {"id": 1120693839, "feat_type": "way", "quality_categories": "missing_tags", "issue_ids": "[2]", "osm_url": "https://www.openstreetmap.org/way/1120693839", "josm_url": "http://127.0.0.1:8111/load_object?new_layer=false&objects=w1120693839", "id_url": "https://www.openstreetmap.org/edit?editor=id&way=1120693839#map=20/-25.4532073/-49.2894294"}}, {"type": "Feature", "geometry": {"type": "Point", "coordinates": [-49.2899599, -25.4520182]}, "properties": {"id": 1120693840, "feat_type": "way", "quality_categories": "missing_tags", "issue_ids": "[2]", "osm_url": "https://www.openstreetmap.org/way/1120693840", "josm_url": "http://127.0.0.1:8111/load_object?new_layer=false&objects=w1120693840", "id_url": "https://www.openstreetmap.org/edit?editor=id&way=1120693840#map=20/-25.4520182/-49.2899599"}}, {"type": "Feature", "geometry": {"type": "Point", "coordinates": [-49.2900513, -25.4518278]}, "properties": {"id": 1120693841, "feat_type": "way", "quality_categories": "missing_tags", "issue_ids": "[2]", "osm_url": "https://www.openstreetmap.org/way/1120693841", "josm_url": "http://127.0.0.1:8111/load_object?new_layer=false&objects=w1120693841", "id_url": "https://www.openstreetmap.org/edit?editor=id&way=1120693841#map=20/-25.4518278/-49.2900513"}}, {"type": "Feature", "geometry": {"type": "Point", "coordinates": [-49.2907526, -25.4503676]}, "properties": {"id": 1120693842, "feat_type": "way", "quality_categories": "missing_tags", "issue_ids": "[2]", "osm_url": "https://www.openstreetmap.org/way/1120693842", "josm_url": "http://127.0.0.1:8111/load_object?new_layer=false&objects=w1120693842", "id_url": "https://www.openstreetmap.org/edit?editor=id&way=1120693842#map=20/-25.4503676/-49.2907526"}}, {"type": "Feature", "geometry": {"type": "Point", "coordinates": [-49.2870124, -25.4465765]}, "properties": {"id": 1120693843, "feat_type": "way", "quality_categories": "missing_tags", "issue_ids": "[2]", "osm_url": "https://www.openstreetmap.org/way/1120693843", "josm_url": "http://127.0.0.1:8111/load_object?new_layer=false&objects=w1120693843", "id_url": "https://www.openstreetmap.org/edit?editor=id&way=1120693843#map=20/-25.4465765/-49.2870124"}}, {"type": "Feature", "geometry": {"type": "Point", "coordinates": [-49.2868708, -25.4468832]}, "properties": {"id": 1120693844, "feat_type": "way", "quality_categories": "missing_tags", "issue_ids": "[2]", "osm_url": "https://www.openstreetmap.org/way/1120693844", "josm_url": "http://127.0.0.1:8111/load_object?new_layer=false&objects=w1120693844", "id_url": "https://www.openstreetmap.org/edit?editor=id&way=1120693844#map=20/-25.4468832/-49.2868708"}}, {"type": "Feature", "geometry": {"type": "Point", "coordinates": [-49.2807152, -25.449906]}, "properties": {"id": 1120693846, "feat_type": "way", "quality_categories": "missing_tags", "issue_ids": "[2]", "osm_url": "https://www.openstreetmap.org/way/1120693846", "josm_url": "http://127.0.0.1:8111/load_object?new_layer=false&objects=w1120693846", "id_url": "https://www.openstreetmap.org/edit?editor=id&way=1120693846#map=20/-25.449906/-49.2807152"}}, {"type": "Feature", "geometry": {"type": "Point", "coordinates": [-49.2911743, -25.4497355]}, "properties": {"id": 1120693847, "feat_type": "way", "quality_categories": "missing_tags", "issue_ids": "[2]", "osm_url": "https://www.openstreetmap.org/way/1120693847", "josm_url": "http://127.0.0.1:8111/load_object?new_layer=false&objects=w1120693847", "id_url": "https://www.openstreetmap.org/edit?editor=id&way=1120693847#map=20/-25.4497355/-49.2911743"}}, {"type": "Feature", "geometry": {"type": "Point", "coordinates": [-49.2796685, -25.4478358]}, "properties": {"id": 1120693848, "feat_type": "way", "quality_categories": "missing_tags", "issue_ids": "[2]", "osm_url": "https://www.openstreetmap.org/way/1120693848", "josm_url": "http://127.0.0.1:8111/load_object?new_layer=false&objects=w1120693848", "id_url": "https://www.openstreetmap.org/edit?editor=id&way=1120693848#map=20/-25.4478358/-49.2796685"}}, {"type": "Feature", "geometry": {"type": "Point", "coordinates": [-49.2802923, -25.4464864]}, "properties": {"id": 1120693849, "feat_type": "way", "quality_categories": "missing_tags", "issue_ids": "[2]", "osm_url": "https://www.openstreetmap.org/way/1120693849", "josm_url": "http://127.0.0.1:8111/load_object?new_layer=false&objects=w1120693849", "id_url": "https://www.openstreetmap.org/edit?editor=id&way=1120693849#map=20/-25.4464864/-49.2802923"}}, {"type": "Feature", "geometry": {"type": "Point", "coordinates": [-49.2803807, -25.446295]}, "properties": {"id": 1120693850, "feat_type": "way", "quality_categories": "missing_tags", "issue_ids": "[2]", "osm_url": "https://www.openstreetmap.org/way/1120693850", "josm_url": "http://127.0.0.1:8111/load_object?new_layer=false&objects=w1120693850", "id_url": "https://www.openstreetmap.org/edit?editor=id&way=1120693850#map=20/-25.446295/-49.2803807"}}, {"type": "Feature", "geometry": {"type": "Point", "coordinates": [-49.2809704, -25.4450194]}, "properties": {"id": 1120693851, "feat_type": "way", "quality_categories": "missing_tags", "issue_ids": "[2]", "osm_url": "https://www.openstreetmap.org/way/1120693851", "josm_url": "http://127.0.0.1:8111/load_object?new_layer=false&objects=w1120693851", "id_url": "https://www.openstreetmap.org/edit?editor=id&way=1120693851#map=20/-25.4450194/-49.2809704"}}, {"type": "Feature", "geometry": {"type": "Point", "coordinates": [-49.2797641, -25.4429005]}, "properties": {"id": 1120693852, "feat_type": "way", "quality_categories": "missing_tags", "issue_ids": "[2]", "osm_url": "https://www.openstreetmap.org/way/1120693852", "josm_url": "http://127.0.0.1:8111/load_object?new_layer=false&objects=w1120693852", "id_url": "https://www.openstreetmap.org/edit?editor=id&way=1120693852#map=20/-25.4429005/-49.2797641"}}, {"type": "Feature", "geometry": {"type": "Point", "coordinates": [-49.2792654, -25.4440148]}, "properties": {"id": 1120693853, "feat_type": "way", "quality_categories": "missing_tags", "issue_ids": "[2]", "osm_url": "https://www.openstreetmap.org/way/1120693853", "josm_url": "http://127.0.0.1:8111/load_object?new_layer=false&objects=w1120693853", "id_url": "https://www.openstreetmap.org/edit?editor=id&way=1120693853#map=20/-25.4440148/-49.2792654"}}, {"type": "Feature", "geometry": {"type": "Point", "coordinates": [-49.2811768, -25.462249]}, "properties": {"id": 1120693854, "feat_type": "way", "quality_categories": "missing_tags", "issue_ids": "[2]", "osm_url": "https://www.openstreetmap.org/way/1120693854", "josm_url": "http://127.0.0.1:8111/load_object?new_layer=false&objects=w1120693854", "id_url": "https://www.openstreetmap.org/edit?editor=id&way=1120693854#map=20/-25.462249/-49.2811768"}}, {"type": "Feature", "geometry": {"type": "Point", "coordinates": [-49.2813701, -25.4624231]}, "properties": {"id": 1120693855, "feat_type": "way", "quality_categories": "missing_tags", "issue_ids": "[2]", "osm_url": "https://www.openstreetmap.org/way/1120693855", "josm_url": "http://127.0.0.1:8111/load_object?new_layer=false&objects=w1120693855", "id_url": "https://www.openstreetmap.org/edit?editor=id&way=1120693855#map=20/-25.4624231/-49.2813701"}}, {"type": "Feature", "geometry": {"type": "Point", "coordinates": [-49.2838467, -25.4536122]}, "properties": {"id": 1120693857, "feat_type": "way", "quality_categories": "missing_tags", "issue_ids": "[2]", "osm_url": "https://www.openstreetmap.org/way/1120693857", "josm_url": "http://127.0.0.1:8111/load_object?new_layer=false&objects=w1120693857", "id_url": "https://www.openstreetmap.org/edit?editor=id&way=1120693857#map=20/-25.4536122/-49.2838467"}}, {"type": "Feature", "geometry": {"type": "Point", "coordinates": [-49.2836507, -25.4535814]}, "properties": {"id": 1120693858, "feat_type": "way", "quality_categories": "missing_tags", "issue_ids": "[2]", "osm_url": "https://www.openstreetmap.org/way/1120693858", "josm_url": "http://127.0.0.1:8111/load_object?new_layer=false&objects=w1120693858", "id_url": "https://www.openstreetmap.org/edit?editor=id&way=1120693858#map=20/-25.4535814/-49.2836507"}}, {"type": "Feature", "geometry": {"type": "Point", "coordinates": [-49.2828116, -25.4534496]}, "properties": {"id": 1120693859, "feat_type": "way", "quality_categories": "missing_tags", "issue_ids": "[2]", "osm_url": "https://www.openstreetmap.org/way/1120693859", "josm_url": "http://127.0.0.1:8111/load_object?new_layer=false&objects=w1120693859", "id_url": "https://www.openstreetmap.org/edit?editor=id&way=1120693859#map=20/-25.4534496/-49.2828116"}}, {"type": "Feature", "geometry": {"type": "Point", "coordinates": [-49.2826156, -25.4534188]}, "properties": {"id": 1120693860, "feat_type": "way", "quality_categories": "missing_tags", "issue_ids": "[2]", "osm_url": "https://www.openstreetmap.org/way/1120693860", "josm_url": "http://127.0.0.1:8111/load_object?new_layer=false&objects=w1120693860", "id_url": "https://www.openstreetmap.org/edit?editor=id&way=1120693860#map=20/-25.4534188/-49.2826156"}}, {"type": "Feature", "geometry": {"type": "Point", "coordinates": [-49.2817307, -25.4532799]}, "properties": {"id": 1120693861, "feat_type": "way", "quality_categories": "missing_tags", "issue_ids": "[2]", "osm_url": "https://www.openstreetmap.org/way/1120693861", "josm_url": "http://127.0.0.1:8111/load_object?new_layer=false&objects=w1120693861", "id_url": "https://www.openstreetmap.org/edit?editor=id&way=1120693861#map=20/-25.4532799/-49.2817307"}}, {"type": "Feature", "geometry": {"type": "Point", "coordinates": [-49.2815612, -25.4532521]}, "properties": {"id": 1120693862, "feat_type": "way", "quality_categories": "missing_tags", "issue_ids": "[2]", "osm_url": "https://www.openstreetmap.org/way/1120693862", "josm_url": "http://127.0.0.1:8111/load_object?new_layer=false&objects=w1120693862", "id_url": "https://www.openstreetmap.org/edit?editor=id&way=1120693862#map=20/-25.4532521/-49.2815612"}}, {"type": "Feature", "geometry": {"type": "Point", "coordinates": [-49.274022, -25.4520625]}, "properties": {"id": 1120693863, "feat_type": "way", "quality_categories": "missing_tags", "issue_ids": "[2]", "osm_url": "https://www.openstreetmap.org/way/1120693863", "josm_url": "http://127.0.0.1:8111/load_object?new_layer=false&objects=w1120693863", "id_url": "https://www.openstreetmap.org/edit?editor=id&way=1120693863#map=20/-25.4520625/-49.274022"}}, {"type": "Feature", "geometry": {"type": "Point", "coordinates": [-49.2735859, -25.4533934]}, "properties": {"id": 1120693864, "feat_type": "way", "quality_categories": "missing_tags", "issue_ids": "[2]", "osm_url": "https://www.openstreetmap.org/way/1120693864", "josm_url": "http://127.0.0.1:8111/load_object?new_layer=false&objects=w1120693864", "id_url": "https://www.openstreetmap.org/edit?editor=id&way=1120693864#map=20/-25.4533934/-49.2735859"}}, {"type": "Feature", "geometry": {"type": "Point", "coordinates": [-49.2738314, -25.4538692]}, "properties": {"id": 1120693865, "feat_type": "way", "quality_categories": "missing_tags", "issue_ids": "[2]", "osm_url": "https://www.openstreetmap.org/way/1120693865", "josm_url": "http://127.0.0.1:8111/load_object?new_layer=false&objects=w1120693865", "id_url": "https://www.openstreetmap.org/edit?editor=id&way=1120693865#map=20/-25.4538692/-49.2738314"}}, {"type": "Feature", "geometry": {"type": "Point", "coordinates": [-49.2857943, -25.4557588]}, "properties": {"id": 1120693866, "feat_type": "way", "quality_categories": "missing_tags", "issue_ids": "[2]", "osm_url": "https://www.openstreetmap.org/way/1120693866", "josm_url": "http://127.0.0.1:8111/load_object?new_layer=false&objects=w1120693866", "id_url": "https://www.openstreetmap.org/edit?editor=id&way=1120693866#map=20/-25.4557588/-49.2857943"}}, {"type": "Feature", "geometry": {"type": "Point", "coordinates": [-49.2880917, -25.4555742]}, "properties": {"id": 1120693867, "feat_type": "way", "quality_categories": "missing_tags", "issue_ids": "[2]", "osm_url": "https://www.openstreetmap.org/way/1120693867", "josm_url": "http://127.0.0.1:8111/load_object?new_layer=false&objects=w1120693867", "id_url": "https://www.openstreetmap.org/edit?editor=id&way=1120693867#map=20/-25.4555742/-49.2880917"}}, {"type": "Feature", "geometry": {"type": "Point", "coordinates": [-49.2876166, -25.4571693]}, "properties": {"id": 1120693868, "feat_type": "way", "quality_categories": "missing_tags", "issue_ids": "[2]", "osm_url": "https://www.openstreetmap.org/way/1120693868", "josm_url": "http://127.0.0.1:8111/load_object?new_layer=false&objects=w1120693868", "id_url": "https://www.openstreetmap.org/edit?editor=id&way=1120693868#map=20/-25.4571693/-49.2876166"}}, {"type": "Feature", "geometry": {"type": "Point", "coordinates": [-49.2879114, -25.4602276]}, "properties": {"id": 1120693869, "feat_type": "way", "quality_categories": "missing_tags", "issue_ids": "[2]", "osm_url": "https://www.openstreetmap.org/way/1120693869", "josm_url": "http://127.0.0.1:8111/load_object?new_layer=false&objects=w1120693869", "id_url": "https://www.openstreetmap.org/edit?editor=id&way=1120693869#map=20/-25.4602276/-49.2879114"}}, {"type": "Feature", "geometry": {"type": "Point", "coordinates": [-49.294767, -25.448578]}, "properties": {"id": 1120693871, "feat_type": "way", "quality_categories": "missing_tags", "issue_ids": "[2]", "osm_url": "https://www.openstreetmap.org/way/1120693871", "josm_url": "http://127.0.0.1:8111/load_object?new_layer=false&objects=w1120693871", "id_url": "https://www.openstreetmap.org/edit?editor=id&way=1120693871#map=20/-25.448578/-49.294767"}}, {"type": "Feature", "geometry": {"type": "Point", "coordinates": [-49.2942268, -25.4496943]}, "properties": {"id": 1120693872, "feat_type": "way", "quality_categories": "missing_tags", "issue_ids": "[2]", "osm_url": "https://www.openstreetmap.org/way/1120693872", "josm_url": "http://127.0.0.1:8111/load_object?new_layer=false&objects=w1120693872", "id_url": "https://www.openstreetmap.org/edit?editor=id&way=1120693872#map=20/-25.4496943/-49.2942268"}}, {"type": "Feature", "geometry": {"type": "Point", "coordinates": [-49.2912327, -25.4472205]}, "properties": {"id": 1120693873, "feat_type": "way", "quality_categories": "missing_tags", "issue_ids": "[2]", "osm_url": "https://www.openstreetmap.org/way/1120693873", "josm_url": "http://127.0.0.1:8111/load_object?new_layer=false&objects=w1120693873", "id_url": "https://www.openstreetmap.org/edit?editor=id&way=1120693873#map=20/-25.4472205/-49.2912327"}}, {"type": "Feature", "geometry": {"type": "Point", "coordinates": [-49.2822177, -25.4519989]}, "properties": {"id": 1120693874, "feat_type": "way", "quality_categories": "missing_tags", "issue_ids": "[2]", "osm_url": "https://www.openstreetmap.org/way/1120693874", "josm_url": "http://127.0.0.1:8111/load_object?new_layer=false&objects=w1120693874", "id_url": "https://www.openstreetmap.org/edit?editor=id&way=1120693874#map=20/-25.4519989/-49.2822177"}}, {"type": "Feature", "geometry": {"type": "Point", "coordinates": [-49.2828189, -25.450702]}, "properties": {"id": 1120693876, "feat_type": "way", "quality_categories": "missing_tags", "issue_ids": "[2]", "osm_url": "https://www.openstreetmap.org/way/1120693876", "josm_url": "http://127.0.0.1:8111/load_object?new_layer=false&objects=w1120693876", "id_url": "https://www.openstreetmap.org/edit?editor=id&way=1120693876#map=20/-25.450702/-49.2828189"}}, {"type": "Feature", "geometry": {"type": "Point", "coordinates": [-49.2833808, -25.4494898]}, "properties": {"id": 1120693877, "feat_type": "way", "quality_categories": "missing_tags", "issue_ids": "[2]", "osm_url": "https://www.openstreetmap.org/way/1120693877", "josm_url": "http://127.0.0.1:8111/load_object?new_layer=false&objects=w1120693877", "id_url": "https://www.openstreetmap.org/edit?editor=id&way=1120693877#map=20/-25.4494898/-49.2833808"}}, {"type": "Feature", "geometry": {"type": "Point", "coordinates": [-49.2816769, -25.4531688]}, "properties": {"id": 1120693878, "feat_type": "way", "quality_categories": "missing_tags", "issue_ids": "[2]", "osm_url": "https://www.openstreetmap.org/way/1120693878", "josm_url": "http://127.0.0.1:8111/load_object?new_layer=false&objects=w1120693878", "id_url": "https://www.openstreetmap.org/edit?editor=id&way=1120693878#map=20/-25.4531688/-49.2816769"}}, {"type": "Feature", "geometry": {"type": "Point", "coordinates": [-49.282133, -25.452182]}, "properties": {"id": 1120693879, "feat_type": "way", "quality_categories": "missing_tags", "issue_ids": "[2]", "osm_url": "https://www.openstreetmap.org/way/1120693879", "josm_url": "http://127.0.0.1:8111/load_object?new_layer=false&objects=w1120693879", "id_url": "https://www.openstreetmap.org/edit?editor=id&way=1120693879#map=20/-25.452182/-49.282133"}}, {"type": "Feature", "geometry": {"type": "Point", "coordinates": [-49.2834696, -25.4492984]}, "properties": {"id": 1120693880, "feat_type": "way", "quality_categories": "missing_tags", "issue_ids": "[2]", "osm_url": "https://www.openstreetmap.org/way/1120693880", "josm_url": "http://127.0.0.1:8111/load_object?new_layer=false&objects=w1120693880", "id_url": "https://www.openstreetmap.org/edit?editor=id&way=1120693880#map=20/-25.4492984/-49.2834696"}}, {"type": "Feature", "geometry": {"type": "Point", "coordinates": [-49.2841128, -25.4479109]}, "properties": {"id": 1120693881, "feat_type": "way", "quality_categories": "missing_tags", "issue_ids": "[2]", "osm_url": "https://www.openstreetmap.org/way/1120693881", "josm_url": "http://127.0.0.1:8111/load_object?new_layer=false&objects=w1120693881", "id_url": "https://www.openstreetmap.org/edit?editor=id&way=1120693881#map=20/-25.4479109/-49.2841128"}}, {"type": "Feature", "geometry": {"type": "Point", "coordinates": [-49.2876583, -25.4526309]}, "properties": {"id": 1120693882, "feat_type": "way", "quality_categories": "missing_tags", "issue_ids": "[2]", "osm_url": "https://www.openstreetmap.org/way/1120693882", "josm_url": "http://127.0.0.1:8111/load_object?new_layer=false&objects=w1120693882", "id_url": "https://www.openstreetmap.org/edit?editor=id&way=1120693882#map=20/-25.4526309/-49.2876583"}}, {"type": "Feature", "geometry": {"type": "Point", "coordinates": [-49.2859842, -25.4534914]}, "properties": {"id": 1120693884, "feat_type": "way", "quality_categories": "missing_tags", "issue_ids": "[2]", "osm_url": "https://www.openstreetmap.org/way/1120693884", "josm_url": "http://127.0.0.1:8111/load_object?new_layer=false&objects=w1120693884", "id_url": "https://www.openstreetmap.org/edit?editor=id&way=1120693884#map=20/-25.4534914/-49.2859842"}}, {"type": "Feature", "geometry": {"type": "Point", "coordinates": [-49.278436, -25.4458661]}, "properties": {"id": 1120693886, "feat_type": "way", "quality_categories": "missing_tags", "issue_ids": "[2]", "osm_url": "https://www.openstreetmap.org/way/1120693886", "josm_url": "http://127.0.0.1:8111/load_object?new_layer=false&objects=w1120693886", "id_url": "https://www.openstreetmap.org/edit?editor=id&way=1120693886#map=20/-25.4458661/-49.278436"}}, {"type": "Feature", "geometry": {"type": "Point", "coordinates": [-49.2778552, -25.4471365]}, "properties": {"id": 1120693887, "feat_type": "way", "quality_categories": "missing_tags", "issue_ids": "[2]", "osm_url": "https://www.openstreetmap.org/way/1120693887", "josm_url": "http://127.0.0.1:8111/load_object?new_layer=false&objects=w1120693887", "id_url": "https://www.openstreetmap.org/edit?editor=id&way=1120693887#map=20/-25.4471365/-49.2778552"}}, {"type": "Feature", "geometry": {"type": "Point", "coordinates": [-49.2827252, -25.4440409]}, "properties": {"id": 1120693888, "feat_type": "way", "quality_categories": "missing_tags", "issue_ids": "[2]", "osm_url": "https://www.openstreetmap.org/way/1120693888", "josm_url": "http://127.0.0.1:8111/load_object?new_layer=false&objects=w1120693888", "id_url": "https://www.openstreetmap.org/edit?editor=id&way=1120693888#map=20/-25.4440409/-49.2827252"}}, {"type": "Feature", "geometry": {"type": "Point", "coordinates": [-49.2824788, -25.4452294]}, "properties": {"id": 1120693889, "feat_type": "way", "quality_categories": "missing_tags", "issue_ids": "[2]", "osm_url": "https://www.openstreetmap.org/way/1120693889", "josm_url": "http://127.0.0.1:8111/load_object?new_layer=false&objects=w1120693889", "id_url": "https://www.openstreetmap.org/edit?editor=id&way=1120693889#map=20/-25.4452294/-49.2824788"}}, {"type": "Feature", "geometry": {"type": "Point", "coordinates": [-49.2791274, -25.4443233]}, "properties": {"id": 1120693890, "feat_type": "way", "quality_categories": "missing_tags", "issue_ids": "[2]", "osm_url": "https://www.openstreetmap.org/way/1120693890", "josm_url": "http://127.0.0.1:8111/load_object?new_layer=false&objects=w1120693890", "id_url": "https://www.openstreetmap.org/edit?editor=id&way=1120693890#map=20/-25.4443233/-49.2791274"}}, {"type": "Feature", "geometry": {"type": "Point", "coordinates": [-49.2785668, -25.4455759]}, "properties": {"id": 1120693891, "feat_type": "way", "quality_categories": "missing_tags", "issue_ids": "[2]", "osm_url": "https://www.openstreetmap.org/way/1120693891", "josm_url": "http://127.0.0.1:8111/load_object?new_layer=false&objects=w1120693891", "id_url": "https://www.openstreetmap.org/edit?editor=id&way=1120693891#map=20/-25.4455759/-49.2785668"}}, {"type": "Feature", "geometry": {"type": "Point", "coordinates": [-49.2933678, -25.4496066]}, "properties": {"id": 1120693892, "feat_type": "way", "quality_categories": "missing_tags", "issue_ids": "[2]", "osm_url": "https://www.openstreetmap.org/way/1120693892", "josm_url": "http://127.0.0.1:8111/load_object?new_layer=false&objects=w1120693892", "id_url": "https://www.openstreetmap.org/edit?editor=id&way=1120693892#map=20/-25.4496066/-49.2933678"}}, {"type": "Feature", "geometry": {"type": "Point", "coordinates": [-49.292753, -25.4508769]}, "properties": {"id": 1120693893, "feat_type": "way", "quality_categories": "missing_tags", "issue_ids": "[2]", "osm_url": "https://www.openstreetmap.org/way/1120693893", "josm_url": "http://127.0.0.1:8111/load_object?new_layer=false&objects=w1120693893", "id_url": "https://www.openstreetmap.org/edit?editor=id&way=1120693893#map=20/-25.4508769/-49.292753"}}, {"type": "Feature", "geometry": {"type": "Point", "coordinates": [-49.292661, -25.4510669]}, "properties": {"id": 1120693894, "feat_type": "way", "quality_categories": "missing_tags", "issue_ids": "[2]", "osm_url": "https://www.openstreetmap.org/way/1120693894", "josm_url": "http://127.0.0.1:8111/load_object?new_layer=false&objects=w1120693894", "id_url": "https://www.openstreetmap.org/edit?editor=id&way=1120693894#map=20/-25.4510669/-49.292661"}}, {"type": "Feature", "geometry": {"type": "Point", "coordinates": [-49.2923656, -25.4516773]}, "properties": {"id": 1120693895, "feat_type": "way", "quality_categories": "missing_tags", "issue_ids": "[2]", "osm_url": "https://www.openstreetmap.org/way/1120693895", "josm_url": "http://127.0.0.1:8111/load_object?new_layer=false&objects=w1120693895", "id_url": "https://www.openstreetmap.org/edit?editor=id&way=1120693895#map=20/-25.4516773/-49.2923656"}}, {"type": "Feature", "geometry": {"type": "Point", "coordinates": [-49.2922856, -25.4518425]}, "properties": {"id": 1120693896, "feat_type": "way", "quality_categories": "missing_tags", "issue_ids": "[2]", "osm_url": "https://www.openstreetmap.org/way/1120693896", "josm_url": "http://127.0.0.1:8111/load_object?new_layer=false&objects=w1120693896", "id_url": "https://www.openstreetmap.org/edit?editor=id&way=1120693896#map=20/-25.4518425/-49.2922856"}}, {"type": "Feature", "geometry": {"type": "Point", "coordinates": [-49.2919421, -25.4525523]}, "properties": {"id": 1120693897, "feat_type": "way", "quality_categories": "missing_tags", "issue_ids": "[2]", "osm_url": "https://www.openstreetmap.org/way/1120693897", "josm_url": "http://127.0.0.1:8111/load_object?new_layer=false&objects=w1120693897", "id_url": "https://www.openstreetmap.org/edit?editor=id&way=1120693897#map=20/-25.4525523/-49.2919421"}}, {"type": "Feature", "geometry": {"type": "Point", "coordinates": [-49.2918501, -25.4527423]}, "properties": {"id": 1120693898, "feat_type": "way", "quality_categories": "missing_tags", "issue_ids": "[2]", "osm_url": "https://www.openstreetmap.org/way/1120693898", "josm_url": "http://127.0.0.1:8111/load_object?new_layer=false&objects=w1120693898", "id_url": "https://www.openstreetmap.org/edit?editor=id&way=1120693898#map=20/-25.4527423/-49.2918501"}}, {"type": "Feature", "geometry": {"type": "Point", "coordinates": [-49.2912929, -25.4538929]}, "properties": {"id": 1120693899, "feat_type": "way", "quality_categories": "missing_tags", "issue_ids": "[2]", "osm_url": "https://www.openstreetmap.org/way/1120693899", "josm_url": "http://127.0.0.1:8111/load_object?new_layer=false&objects=w1120693899", "id_url": "https://www.openstreetmap.org/edit?editor=id&way=1120693899#map=20/-25.4538929/-49.2912929"}}, {"type": "Feature", "geometry": {"type": "Point", "coordinates": [-49.2940047, -25.4482901]}, "properties": {"id": 1120693900, "feat_type": "way", "quality_categories": "missing_tags", "issue_ids": "[2]", "osm_url": "https://www.openstreetmap.org/way/1120693900", "josm_url": "http://127.0.0.1:8111/load_object?new_layer=false&objects=w1120693900", "id_url": "https://www.openstreetmap.org/edit?editor=id&way=1120693900#map=20/-25.4482901/-49.2940047"}}, {"type": "Feature", "geometry": {"type": "Point", "coordinates": [-49.2934638, -25.4494082]}, "properties": {"id": 1120693901, "feat_type": "way", "quality_categories": "missing_tags", "issue_ids": "[2]", "osm_url": "https://www.openstreetmap.org/way/1120693901", "josm_url": "http://127.0.0.1:8111/load_object?new_layer=false&objects=w1120693901", "id_url": "https://www.openstreetmap.org/edit?editor=id&way=1120693901#map=20/-25.4494082/-49.2934638"}}, {"type": "Feature", "geometry": {"type": "Point", "coordinates": [-49.2805867, -25.4499552]}, "properties": {"id": 1120693902, "feat_type": "way", "quality_categories": "missing_tags", "issue_ids": "[2]", "osm_url": "https://www.openstreetmap.org/way/1120693902", "josm_url": "http://127.0.0.1:8111/load_object?new_layer=false&objects=w1120693902", "id_url": "https://www.openstreetmap.org/edit?editor=id&way=1120693902#map=20/-25.4499552/-49.2805867"}}, {"type": "Feature", "geometry": {"type": "Point", "coordinates": [-49.2723134, -25.4533243]}, "properties": {"id": 1120693904, "feat_type": "way", "quality_categories": "missing_tags", "issue_ids": "[2]", "osm_url": "https://www.openstreetmap.org/way/1120693904", "josm_url": "http://127.0.0.1:8111/load_object?new_layer=false&objects=w1120693904", "id_url": "https://www.openstreetmap.org/edit?editor=id&way=1120693904#map=20/-25.4533243/-49.2723134"}}, {"type": "Feature", "geometry": {"type": "Point", "coordinates": [-49.273078, -25.4517014]}, "properties": {"id": 1120693905, "feat_type": "way", "quality_categories": "missing_tags", "issue_ids": "[2]", "osm_url": "https://www.openstreetmap.org/way/1120693905", "josm_url": "http://127.0.0.1:8111/load_object?new_layer=false&objects=w1120693905", "id_url": "https://www.openstreetmap.org/edit?editor=id&way=1120693905#map=20/-25.4517014/-49.273078"}}, {"type": "Feature", "geometry": {"type": "Point", "coordinates": [-49.2731563, -25.4515354]}, "properties": {"id": 1120693906, "feat_type": "way", "quality_categories": "missing_tags", "issue_ids": "[2]", "osm_url": "https://www.openstreetmap.org/way/1120693906", "josm_url": "http://127.0.0.1:8111/load_object?new_layer=false&objects=w1120693906", "id_url": "https://www.openstreetmap.org/edit?editor=id&way=1120693906#map=20/-25.4515354/-49.2731563"}}, {"type": "Feature", "geometry": {"type": "Point", "coordinates": [-49.2736192, -25.4505528]}, "properties": {"id": 1120693907, "feat_type": "way", "quality_categories": "missing_tags", "issue_ids": "[2]", "osm_url": "https://www.openstreetmap.org/way/1120693907", "josm_url": "http://127.0.0.1:8111/load_object?new_layer=false&objects=w1120693907", "id_url": "https://www.openstreetmap.org/edit?editor=id&way=1120693907#map=20/-25.4505528/-49.2736192"}}, {"type": "Feature", "geometry": {"type": "Point", "coordinates": [-49.2743455, -25.4490114]}, "properties": {"id": 1120693910, "feat_type": "way", "quality_categories": "missing_tags", "issue_ids": "[2]", "osm_url": "https://www.openstreetmap.org/way/1120693910", "josm_url": "http://127.0.0.1:8111/load_object?new_layer=false&objects=w1120693910", "id_url": "https://www.openstreetmap.org/edit?editor=id&way=1120693910#map=20/-25.4490114/-49.2743455"}}, {"type": "Feature", "geometry": {"type": "Point", "coordinates": [-49.2748828, -25.447871]}, "properties": {"id": 1120693911, "feat_type": "way", "quality_categories": "missing_tags", "issue_ids": "[2]", "osm_url": "https://www.openstreetmap.org/way/1120693911", "josm_url": "http://127.0.0.1:8111/load_object?new_layer=false&objects=w1120693911", "id_url": "https://www.openstreetmap.org/edit?editor=id&way=1120693911#map=20/-25.447871/-49.2748828"}}, {"type": "Feature", "geometry": {"type": "Point", "coordinates": [-49.2810866, -25.4573984]}, "properties": {"id": 1120693912, "feat_type": "way", "quality_categories": "missing_tags", "issue_ids": "[2]", "osm_url": "https://www.openstreetmap.org/way/1120693912", "josm_url": "http://127.0.0.1:8111/load_object?new_layer=false&objects=w1120693912", "id_url": "https://www.openstreetmap.org/edit?editor=id&way=1120693912#map=20/-25.4573984/-49.2810866"}}, {"type": "Feature", "geometry": {"type": "Point", "coordinates": [-49.2801031, -25.4577702]}, "properties": {"id": 1120693913, "feat_type": "way", "quality_categories": "missing_tags", "issue_ids": "[2]", "osm_url": "https://www.openstreetmap.org/way/1120693913", "josm_url": "http://127.0.0.1:8111/load_object?new_layer=false&objects=w1120693913", "id_url": "https://www.openstreetmap.org/edit?editor=id&way=1120693913#map=20/-25.4577702/-49.2801031"}}, {"type": "Feature", "geometry": {"type": "Point", "coordinates": [-49.2799012, -25.4578466]}, "properties": {"id": 1120693914, "feat_type": "way", "quality_categories": "missing_tags", "issue_ids": "[2]", "osm_url": "https://www.openstreetmap.org/way/1120693914", "josm_url": "http://127.0.0.1:8111/load_object?new_layer=false&objects=w1120693914", "id_url": "https://www.openstreetmap.org/edit?editor=id&way=1120693914#map=20/-25.4578466/-49.2799012"}}, {"type": "Feature", "geometry": {"type": "Point", "coordinates": [-49.2789855, -25.4581935]}, "properties": {"id": 1120693915, "feat_type": "way", "quality_categories": "missing_tags", "issue_ids": "[2]", "osm_url": "https://www.openstreetmap.org/way/1120693915", "josm_url": "http://127.0.0.1:8111/load_object?new_layer=false&objects=w1120693915", "id_url": "https://www.openstreetmap.org/edit?editor=id&way=1120693915#map=20/-25.4581935/-49.2789855"}}, {"type": "Feature", "geometry": {"type": "Point", "coordinates": [-49.2816085, -25.4572003]}, "properties": {"id": 1120693916, "feat_type": "way", "quality_categories": "missing_tags", "issue_ids": "[2]", "osm_url": "https://www.openstreetmap.org/way/1120693916", "josm_url": "http://127.0.0.1:8111/load_object?new_layer=false&objects=w1120693916", "id_url": "https://www.openstreetmap.org/edit?editor=id&way=1120693916#map=20/-25.4572003/-49.2816085"}}, {"type": "Feature", "geometry": {"type": "Point", "coordinates": [-49.2812701, -25.4573288]}, "properties": {"id": 1120693917, "feat_type": "way", "quality_categories": "missing_tags", "issue_ids": "[2]", "osm_url": "https://www.openstreetmap.org/way/1120693917", "josm_url": "http://127.0.0.1:8111/load_object?new_layer=false&objects=w1120693917", "id_url": "https://www.openstreetmap.org/edit?editor=id&way=1120693917#map=20/-25.4573288/-49.2812701"}}, {"type": "Feature", "geometry": {"type": "Point", "coordinates": [-49.2821936, -25.4569782]}, "properties": {"id": 1120693918, "feat_type": "way", "quality_categories": "missing_tags", "issue_ids": "[2]", "osm_url": "https://www.openstreetmap.org/way/1120693918", "josm_url": "http://127.0.0.1:8111/load_object?new_layer=false&objects=w1120693918", "id_url": "https://www.openstreetmap.org/edit?editor=id&way=1120693918#map=20/-25.4569782/-49.2821936"}}, {"type": "Feature", "geometry": {"type": "Point", "coordinates": [-49.2817919, -25.4571306]}, "properties": {"id": 1120693919, "feat_type": "way", "quality_categories": "missing_tags", "issue_ids": "[2]", "osm_url": "https://www.openstreetmap.org/way/1120693919", "josm_url": "http://127.0.0.1:8111/load_object?new_layer=false&objects=w1120693919", "id_url": "https://www.openstreetmap.org/edit?editor=id&way=1120693919#map=20/-25.4571306/-49.2817919"}}, {"type": "Feature", "geometry": {"type": "Point", "coordinates": [-49.2784536, -25.4607855]}, "properties": {"id": 1120693920, "feat_type": "way", "quality_categories": "missing_tags", "issue_ids": "[2]", "osm_url": "https://www.openstreetmap.org/way/1120693920", "josm_url": "http://127.0.0.1:8111/load_object?new_layer=false&objects=w1120693920", "id_url": "https://www.openstreetmap.org/edit?editor=id&way=1120693920#map=20/-25.4607855/-49.2784536"}}, {"type": "Feature", "geometry": {"type": "Point", "coordinates": [-49.2737771, -25.4539867]}, "properties": {"id": 1120693921, "feat_type": "way", "quality_categories": "missing_tags", "issue_ids": "[2]", "osm_url": "https://www.openstreetmap.org/way/1120693921", "josm_url": "http://127.0.0.1:8111/load_object?new_layer=false&objects=w1120693921", "id_url": "https://www.openstreetmap.org/edit?editor=id&way=1120693921#map=20/-25.4539867/-49.2737771"}}, {"type": "Feature", "geometry": {"type": "Point", "coordinates": [-49.274157, -25.4548247]}, "properties": {"id": 1120693922, "feat_type": "way", "quality_categories": "missing_tags", "issue_ids": "[2]", "osm_url": "https://www.openstreetmap.org/way/1120693922", "josm_url": "http://127.0.0.1:8111/load_object?new_layer=false&objects=w1120693922", "id_url": "https://www.openstreetmap.org/edit?editor=id&way=1120693922#map=20/-25.4548247/-49.274157"}}, {"type": "Feature", "geometry": {"type": "Point", "coordinates": [-49.274244, -25.4550167]}, "properties": {"id": 1120693923, "feat_type": "way", "quality_categories": "missing_tags", "issue_ids": "[2]", "osm_url": "https://www.openstreetmap.org/way/1120693923", "josm_url": "http://127.0.0.1:8111/load_object?new_layer=false&objects=w1120693923", "id_url": "https://www.openstreetmap.org/edit?editor=id&way=1120693923#map=20/-25.4550167/-49.274244"}}, {"type": "Feature", "geometry": {"type": "Point", "coordinates": [-49.2746365, -25.4558823]}, "properties": {"id": 1120693924, "feat_type": "way", "quality_categories": "missing_tags", "issue_ids": "[2]", "osm_url": "https://www.openstreetmap.org/way/1120693924", "josm_url": "http://127.0.0.1:8111/load_object?new_layer=false&objects=w1120693924", "id_url": "https://www.openstreetmap.org/edit?editor=id&way=1120693924#map=20/-25.4558823/-49.2746365"}}, {"type": "Feature", "geometry": {"type": "Point", "coordinates": [-49.2751836, -25.4570894]}, "properties": {"id": 1120693925, "feat_type": "way", "quality_categories": "missing_tags", "issue_ids": "[2]", "osm_url": "https://www.openstreetmap.org/way/1120693925", "josm_url": "http://127.0.0.1:8111/load_object?new_layer=false&objects=w1120693925", "id_url": "https://www.openstreetmap.org/edit?editor=id&way=1120693925#map=20/-25.4570894/-49.2751836"}}, {"type": "Feature", "geometry": {"type": "Point", "coordinates": [-49.2755693, -25.4579401]}, "properties": {"id": 1120693926, "feat_type": "way", "quality_categories": "missing_tags", "issue_ids": "[2]", "osm_url": "https://www.openstreetmap.org/way/1120693926", "josm_url": "http://127.0.0.1:8111/load_object?new_layer=false&objects=w1120693926", "id_url": "https://www.openstreetmap.org/edit?editor=id&way=1120693926#map=20/-25.4579401/-49.2755693"}}, {"type": "Feature", "geometry": {"type": "Point", "coordinates": [-49.2756449, -25.4581071]}, "properties": {"id": 1120693927, "feat_type": "way", "quality_categories": "missing_tags", "issue_ids": "[2]", "osm_url": "https://www.openstreetmap.org/way/1120693927", "josm_url": "http://127.0.0.1:8111/load_object?new_layer=false&objects=w1120693927", "id_url": "https://www.openstreetmap.org/edit?editor=id&way=1120693927#map=20/-25.4581071/-49.2756449"}}, {"type": "Feature", "geometry": {"type": "Point", "coordinates": [-49.2760342, -25.4589655]}, "properties": {"id": 1120693928, "feat_type": "way", "quality_categories": "missing_tags", "issue_ids": "[2]", "osm_url": "https://www.openstreetmap.org/way/1120693928", "josm_url": "http://127.0.0.1:8111/load_object?new_layer=false&objects=w1120693928", "id_url": "https://www.openstreetmap.org/edit?editor=id&way=1120693928#map=20/-25.4589655/-49.2760342"}}, {"type": "Feature", "geometry": {"type": "Point", "coordinates": [-49.2747121, -25.4560493]}, "properties": {"id": 1120693929, "feat_type": "way", "quality_categories": "missing_tags", "issue_ids": "[2]", "osm_url": "https://www.openstreetmap.org/way/1120693929", "josm_url": "http://127.0.0.1:8111/load_object?new_layer=false&objects=w1120693929", "id_url": "https://www.openstreetmap.org/edit?editor=id&way=1120693929#map=20/-25.4560493/-49.2747121"}}, {"type": "Feature", "geometry": {"type": "Point", "coordinates": [-49.275108, -25.4569224]}, "properties": {"id": 1120693930, "feat_type": "way", "quality_categories": "missing_tags", "issue_ids": "[2]", "osm_url": "https://www.openstreetmap.org/way/1120693930", "josm_url": "http://127.0.0.1:8111/load_object?new_layer=false&objects=w1120693930", "id_url": "https://www.openstreetmap.org/edit?editor=id&way=1120693930#map=20/-25.4569224/-49.275108"}}, {"type": "Feature", "geometry": {"type": "Point", "coordinates": [-49.2761098, -25.4591325]}, "properties": {"id": 1120693931, "feat_type": "way", "quality_categories": "missing_tags", "issue_ids": "[2]", "osm_url": "https://www.openstreetmap.org/way/1120693931", "josm_url": "http://127.0.0.1:8111/load_object?new_layer=false&objects=w1120693931", "id_url": "https://www.openstreetmap.org/edit?editor=id&way=1120693931#map=20/-25.4591325/-49.2761098"}}, {"type": "Feature", "geometry": {"type": "Point", "coordinates": [-49.2764976, -25.4599876]}, "properties": {"id": 1120693932, "feat_type": "way", "quality_categories": "missing_tags", "issue_ids": "[2]", "osm_url": "https://www.openstreetmap.org/way/1120693932", "josm_url": "http://127.0.0.1:8111/load_object?new_layer=false&objects=w1120693932", "id_url": "https://www.openstreetmap.org/edit?editor=id&way=1120693932#map=20/-25.4599876/-49.2764976"}}, {"type": "Feature", "geometry": {"type": "Point", "coordinates": [-49.2765732, -25.4601546]}, "properties": {"id": 1120693933, "feat_type": "way", "quality_categories": "missing_tags", "issue_ids": "[2]", "osm_url": "https://www.openstreetmap.org/way/1120693933", "josm_url": "http://127.0.0.1:8111/load_object?new_layer=false&objects=w1120693933", "id_url": "https://www.openstreetmap.org/edit?editor=id&way=1120693933#map=20/-25.4601546/-49.2765732"}}, {"type": "Feature", "geometry": {"type": "Point", "coordinates": [-49.2767429, -25.4605287]}, "properties": {"id": 1120693934, "feat_type": "way", "quality_categories": "missing_tags", "issue_ids": "[2]", "osm_url": "https://www.openstreetmap.org/way/1120693934", "josm_url": "http://127.0.0.1:8111/load_object?new_layer=false&objects=w1120693934", "id_url": "https://www.openstreetmap.org/edit?editor=id&way=1120693934#map=20/-25.4605287/-49.2767429"}}, {"type": "Feature", "geometry": {"type": "Point", "coordinates": [-49.2735968, -25.4535889]}, "properties": {"id": 1120693935, "feat_type": "way", "quality_categories": "missing_tags", "issue_ids": "[2]", "osm_url": "https://www.openstreetmap.org/way/1120693935", "josm_url": "http://127.0.0.1:8111/load_object?new_layer=false&objects=w1120693935", "id_url": "https://www.openstreetmap.org/edit?editor=id&way=1120693935#map=20/-25.4535889/-49.2735968"}}, {"type": "Feature", "geometry": {"type": "Point", "coordinates": [-49.2737015, -25.4538197]}, "properties": {"id": 1120693936, "feat_type": "way", "quality_categories": "missing_tags", "issue_ids": "[2]", "osm_url": "https://www.openstreetmap.org/way/1120693936", "josm_url": "http://127.0.0.1:8111/load_object?new_layer=false&objects=w1120693936", "id_url": "https://www.openstreetmap.org/edit?editor=id&way=1120693936#map=20/-25.4538197/-49.2737015"}}, {"type": "Feature", "geometry": {"type": "Point", "coordinates": [-49.2768185, -25.4606957]}, "properties": {"id": 1120693937, "feat_type": "way", "quality_categories": "missing_tags", "issue_ids": "[2]", "osm_url": "https://www.openstreetmap.org/way/1120693937", "josm_url": "http://127.0.0.1:8111/load_object?new_layer=false&objects=w1120693937", "id_url": "https://www.openstreetmap.org/edit?editor=id&way=1120693937#map=20/-25.4606957/-49.2768185"}}, {"type": "Feature", "geometry": {"type": "Point", "coordinates": [-49.2770673, -25.4612444]}, "properties": {"id": 1120693938, "feat_type": "way", "quality_categories": "missing_tags", "issue_ids": "[2]", "osm_url": "https://www.openstreetmap.org/way/1120693938", "josm_url": "http://127.0.0.1:8111/load_object?new_layer=false&objects=w1120693938", "id_url": "https://www.openstreetmap.org/edit?editor=id&way=1120693938#map=20/-25.4612444/-49.2770673"}}, {"type": "Feature", "geometry": {"type": "Point", "coordinates": [-49.2721136, -25.4566849]}, "properties": {"id": 1120693939, "feat_type": "way", "quality_categories": "missing_tags", "issue_ids": "[2]", "osm_url": "https://www.openstreetmap.org/way/1120693939", "josm_url": "http://127.0.0.1:8111/load_object?new_layer=false&objects=w1120693939", "id_url": "https://www.openstreetmap.org/edit?editor=id&way=1120693939#map=20/-25.4566849/-49.2721136"}}, {"type": "Feature", "geometry": {"type": "Point", "coordinates": [-49.2720303, -25.4557057]}, "properties": {"id": 1120693940, "feat_type": "way", "quality_categories": "missing_tags", "issue_ids": "[2]", "osm_url": "https://www.openstreetmap.org/way/1120693940", "josm_url": "http://127.0.0.1:8111/load_object?new_layer=false&objects=w1120693940", "id_url": "https://www.openstreetmap.org/edit?editor=id&way=1120693940#map=20/-25.4557057/-49.2720303"}}, {"type": "Feature", "geometry": {"type": "Point", "coordinates": [-49.2720182, -25.4554984]}, "properties": {"id": 1120693941, "feat_type": "way", "quality_categories": "missing_tags", "issue_ids": "[2]", "osm_url": "https://www.openstreetmap.org/way/1120693941", "josm_url": "http://127.0.0.1:8111/load_object?new_layer=false&objects=w1120693941", "id_url": "https://www.openstreetmap.org/edit?editor=id&way=1120693941#map=20/-25.4554984/-49.2720182"}}, {"type": "Feature", "geometry": {"type": "Point", "coordinates": [-49.2715587, -25.4544636]}, "properties": {"id": 1120693942, "feat_type": "way", "quality_categories": "missing_tags", "issue_ids": "[2]", "osm_url": "https://www.openstreetmap.org/way/1120693942", "josm_url": "http://127.0.0.1:8111/load_object?new_layer=false&objects=w1120693942", "id_url": "https://www.openstreetmap.org/edit?editor=id&way=1120693942#map=20/-25.4544636/-49.2715587"}}, {"type": "Feature", "geometry": {"type": "Point", "coordinates": [-49.2743415, -25.4574033]}, "properties": {"id": 1120693943, "feat_type": "way", "quality_categories": "missing_tags", "issue_ids": "[2]", "osm_url": "https://www.openstreetmap.org/way/1120693943", "josm_url": "http://127.0.0.1:8111/load_object?new_layer=false&objects=w1120693943", "id_url": "https://www.openstreetmap.org/edit?editor=id&way=1120693943#map=20/-25.4574033/-49.2743415"}}, {"type": "Feature", "geometry": {"type": "Point", "coordinates": [-49.2749532, -25.4581753]}, "properties": {"id": 1120693944, "feat_type": "way", "quality_categories": "missing_tags", "issue_ids": "[2]", "osm_url": "https://www.openstreetmap.org/way/1120693944", "josm_url": "http://127.0.0.1:8111/load_object?new_layer=false&objects=w1120693944", "id_url": "https://www.openstreetmap.org/edit?editor=id&way=1120693944#map=20/-25.4581753/-49.2749532"}}, {"type": "Feature", "geometry": {"type": "Point", "coordinates": [-49.2773902, -25.4584559]}, "properties": {"id": 1120693945, "feat_type": "way", "quality_categories": "missing_tags", "issue_ids": "[2]", "osm_url": "https://www.openstreetmap.org/way/1120693945", "josm_url": "http://127.0.0.1:8111/load_object?new_layer=false&objects=w1120693945", "id_url": "https://www.openstreetmap.org/edit?editor=id&way=1120693945#map=20/-25.4584559/-49.2773902"}}, {"type": "Feature", "geometry": {"type": "Point", "coordinates": [-49.2769978, -25.4575963]}, "properties": {"id": 1120693946, "feat_type": "way", "quality_categories": "missing_tags", "issue_ids": "[2]", "osm_url": "https://www.openstreetmap.org/way/1120693946", "josm_url": "http://127.0.0.1:8111/load_object?new_layer=false&objects=w1120693946", "id_url": "https://www.openstreetmap.org/edit?editor=id&way=1120693946#map=20/-25.4575963/-49.2769978"}}, {"type": "Feature", "geometry": {"type": "Point", "coordinates": [-49.2769216, -25.4574295]}, "properties": {"id": 1120693947, "feat_type": "way", "quality_categories": "missing_tags", "issue_ids": "[2]", "osm_url": "https://www.openstreetmap.org/way/1120693947", "josm_url": "http://127.0.0.1:8111/load_object?new_layer=false&objects=w1120693947", "id_url": "https://www.openstreetmap.org/edit?editor=id&way=1120693947#map=20/-25.4574295/-49.2769216"}}, {"type": "Feature", "geometry": {"type": "Point", "coordinates": [-49.2765347, -25.4565817]}, "properties": {"id": 1120693948, "feat_type": "way", "quality_categories": "missing_tags", "issue_ids": "[2]", "osm_url": "https://www.openstreetmap.org/way/1120693948", "josm_url": "http://127.0.0.1:8111/load_object?new_layer=false&objects=w1120693948", "id_url": "https://www.openstreetmap.org/edit?editor=id&way=1120693948#map=20/-25.4565817/-49.2765347"}}, {"type": "Feature", "geometry": {"type": "Point", "coordinates": [-49.2764585, -25.4564149]}, "properties": {"id": 1120693949, "feat_type": "way", "quality_categories": "missing_tags", "issue_ids": "[2]", "osm_url": "https://www.openstreetmap.org/way/1120693949", "josm_url": "http://127.0.0.1:8111/load_object?new_layer=false&objects=w1120693949", "id_url": "https://www.openstreetmap.org/edit?editor=id&way=1120693949#map=20/-25.4564149/-49.2764585"}}, {"type": "Feature", "geometry": {"type": "Point", "coordinates": [-49.2760616, -25.4555452]}, "properties": {"id": 1120693950, "feat_type": "way", "quality_categories": "missing_tags", "issue_ids": "[2]", "osm_url": "https://www.openstreetmap.org/way/1120693950", "josm_url": "http://127.0.0.1:8111/load_object?new_layer=false&objects=w1120693950", "id_url": "https://www.openstreetmap.org/edit?editor=id&way=1120693950#map=20/-25.4555452/-49.2760616"}}, {"type": "Feature", "geometry": {"type": "Point", "coordinates": [-49.2774664, -25.4586227]}, "properties": {"id": 1120693951, "feat_type": "way", "quality_categories": "missing_tags", "issue_ids": "[2]", "osm_url": "https://www.openstreetmap.org/way/1120693951", "josm_url": "http://127.0.0.1:8111/load_object?new_layer=false&objects=w1120693951", "id_url": "https://www.openstreetmap.org/edit?editor=id&way=1120693951#map=20/-25.4586227/-49.2774664"}}, {"type": "Feature", "geometry": {"type": "Point", "coordinates": [-49.2759854, -25.4553784]}, "properties": {"id": 1120693952, "feat_type": "way", "quality_categories": "missing_tags", "issue_ids": "[2]", "osm_url": "https://www.openstreetmap.org/way/1120693952", "josm_url": "http://127.0.0.1:8111/load_object?new_layer=false&objects=w1120693952", "id_url": "https://www.openstreetmap.org/edit?editor=id&way=1120693952#map=20/-25.4553784/-49.2759854"}}, {"type": "Feature", "geometry": {"type": "Point", "coordinates": [-49.2755929, -25.4545186]}, "properties": {"id": 1120693953, "feat_type": "way", "quality_categories": "missing_tags", "issue_ids": "[2]", "osm_url": "https://www.openstreetmap.org/way/1120693953", "josm_url": "http://127.0.0.1:8111/load_object?new_layer=false&objects=w1120693953", "id_url": "https://www.openstreetmap.org/edit?editor=id&way=1120693953#map=20/-25.4545186/-49.2755929"}}, {"type": "Feature", "geometry": {"type": "Point", "coordinates": [-49.2755054, -25.4543268]}, "properties": {"id": 1120693954, "feat_type": "way", "quality_categories": "missing_tags", "issue_ids": "[2]", "osm_url": "https://www.openstreetmap.org/way/1120693954", "josm_url": "http://127.0.0.1:8111/load_object?new_layer=false&objects=w1120693954", "id_url": "https://www.openstreetmap.org/edit?editor=id&way=1120693954#map=20/-25.4543268/-49.2755054"}}, {"type": "Feature", "geometry": {"type": "Point", "coordinates": [-49.2751992, -25.4536545]}, "properties": {"id": 1120693955, "feat_type": "way", "quality_categories": "missing_tags", "issue_ids": "[2]", "osm_url": "https://www.openstreetmap.org/way/1120693955", "josm_url": "http://127.0.0.1:8111/load_object?new_layer=false&objects=w1120693955", "id_url": "https://www.openstreetmap.org/edit?editor=id&way=1120693955#map=20/-25.4536545/-49.2751992"}}, {"type": "Feature", "geometry": {"type": "Point", "coordinates": [-49.2843827, -25.4498755]}, "properties": {"id": 1120693956, "feat_type": "way", "quality_categories": "missing_tags", "issue_ids": "[2]", "osm_url": "https://www.openstreetmap.org/way/1120693956", "josm_url": "http://127.0.0.1:8111/load_object?new_layer=false&objects=w1120693956", "id_url": "https://www.openstreetmap.org/edit?editor=id&way=1120693956#map=20/-25.4498755/-49.2843827"}}, {"type": "Feature", "geometry": {"type": "Point", "coordinates": [-49.2838175, -25.4510799]}, "properties": {"id": 1120693957, "feat_type": "way", "quality_categories": "missing_tags", "issue_ids": "[2]", "osm_url": "https://www.openstreetmap.org/way/1120693957", "josm_url": "http://127.0.0.1:8111/load_object?new_layer=false&objects=w1120693957", "id_url": "https://www.openstreetmap.org/edit?editor=id&way=1120693957#map=20/-25.4510799/-49.2838175"}}, {"type": "Feature", "geometry": {"type": "Point", "coordinates": [-49.2832014, -25.4523924]}, "properties": {"id": 1120693959, "feat_type": "way", "quality_categories": "missing_tags", "issue_ids": "[2]", "osm_url": "https://www.openstreetmap.org/way/1120693959", "josm_url": "http://127.0.0.1:8111/load_object?new_layer=false&objects=w1120693959", "id_url": "https://www.openstreetmap.org/edit?editor=id&way=1120693959#map=20/-25.4523924/-49.2832014"}}, {"type": "Feature", "geometry": {"type": "Point", "coordinates": [-49.2831157, -25.4525751]}, "properties": {"id": 1120693960, "feat_type": "way", "quality_categories": "missing_tags", "issue_ids": "[2]", "osm_url": "https://www.openstreetmap.org/way/1120693960", "josm_url": "http://127.0.0.1:8111/load_object?new_layer=false&objects=w1120693960", "id_url": "https://www.openstreetmap.org/edit?editor=id&way=1120693960#map=20/-25.4525751/-49.2831157"}}, {"type": "Feature", "geometry": {"type": "Point", "coordinates": [-49.2827583, -25.4533387]}, "properties": {"id": 1120693961, "feat_type": "way", "quality_categories": "missing_tags", "issue_ids": "[2]", "osm_url": "https://www.openstreetmap.org/way/1120693961", "josm_url": "http://127.0.0.1:8111/load_object?new_layer=false&objects=w1120693961", "id_url": "https://www.openstreetmap.org/edit?editor=id&way=1120693961#map=20/-25.4533387/-49.2827583"}}, {"type": "Feature", "geometry": {"type": "Point", "coordinates": [-49.2862165, -25.4459338]}, "properties": {"id": 1120693962, "feat_type": "way", "quality_categories": "missing_tags", "issue_ids": "[2]", "osm_url": "https://www.openstreetmap.org/way/1120693962", "josm_url": "http://127.0.0.1:8111/load_object?new_layer=false&objects=w1120693962", "id_url": "https://www.openstreetmap.org/edit?editor=id&way=1120693962#map=20/-25.4459338/-49.2862165"}}, {"type": "Feature", "geometry": {"type": "Point", "coordinates": [-49.2843858, -25.4548748]}, "properties": {"id": 1120693964, "feat_type": "way", "quality_categories": "missing_tags", "issue_ids": "[2]", "osm_url": "https://www.openstreetmap.org/way/1120693964", "josm_url": "http://127.0.0.1:8111/load_object?new_layer=false&objects=w1120693964", "id_url": "https://www.openstreetmap.org/edit?editor=id&way=1120693964#map=20/-25.4548748/-49.2843858"}}, {"type": "Feature", "geometry": {"type": "Point", "coordinates": [-49.2853126, -25.4502333]}, "properties": {"id": 1120693965, "feat_type": "way", "quality_categories": "missing_tags", "issue_ids": "[2]", "osm_url": "https://www.openstreetmap.org/way/1120693965", "josm_url": "http://127.0.0.1:8111/load_object?new_layer=false&objects=w1120693965", "id_url": "https://www.openstreetmap.org/edit?editor=id&way=1120693965#map=20/-25.4502333/-49.2853126"}}, {"type": "Feature", "geometry": {"type": "Point", "coordinates": [-49.2853701, -25.4608894]}, "properties": {"id": 1120693968, "feat_type": "way", "quality_categories": "missing_tags", "issue_ids": "[2]", "osm_url": "https://www.openstreetmap.org/way/1120693968", "josm_url": "http://127.0.0.1:8111/load_object?new_layer=false&objects=w1120693968", "id_url": "https://www.openstreetmap.org/edit?editor=id&way=1120693968#map=20/-25.4608894/-49.2853701"}}, {"type": "Feature", "geometry": {"type": "Point", "coordinates": [-49.2858206, -25.4619174]}, "properties": {"id": 1120693969, "feat_type": "way", "quality_categories": "missing_tags", "issue_ids": "[2]", "osm_url": "https://www.openstreetmap.org/way/1120693969", "josm_url": "http://127.0.0.1:8111/load_object?new_layer=false&objects=w1120693969", "id_url": "https://www.openstreetmap.org/edit?editor=id&way=1120693969#map=20/-25.4619174/-49.2858206"}}, {"type": "Feature", "geometry": {"type": "Point", "coordinates": [-49.2859013, -25.462102]}, "properties": {"id": 1120693970, "feat_type": "way", "quality_categories": "missing_tags", "issue_ids": "[2]", "osm_url": "https://www.openstreetmap.org/way/1120693970", "josm_url": "http://127.0.0.1:8111/load_object?new_layer=false&objects=w1120693970", "id_url": "https://www.openstreetmap.org/edit?editor=id&way=1120693970#map=20/-25.462102/-49.2859013"}}, {"type": "Feature", "geometry": {"type": "Point", "coordinates": [-49.2863621, -25.4631559]}, "properties": {"id": 1120693971, "feat_type": "way", "quality_categories": "missing_tags", "issue_ids": "[2]", "osm_url": "https://www.openstreetmap.org/way/1120693971", "josm_url": "http://127.0.0.1:8111/load_object?new_layer=false&objects=w1120693971", "id_url": "https://www.openstreetmap.org/edit?editor=id&way=1120693971#map=20/-25.4631559/-49.2863621"}}, {"type": "Feature", "geometry": {"type": "Point", "coordinates": [-49.287508, -25.4657747]}, "properties": {"id": 1120693972, "feat_type": "way", "quality_categories": "missing_tags", "issue_ids": "[2]", "osm_url": "https://www.openstreetmap.org/way/1120693972", "josm_url": "http://127.0.0.1:8111/load_object?new_layer=false&objects=w1120693972", "id_url": "https://www.openstreetmap.org/edit?editor=id&way=1120693972#map=20/-25.4657747/-49.287508"}}, {"type": "Feature", "geometry": {"type": "Point", "coordinates": [-49.2879799, -25.4668522]}, "properties": {"id": 1120693973, "feat_type": "way", "quality_categories": "missing_tags", "issue_ids": "[2]", "osm_url": "https://www.openstreetmap.org/way/1120693973", "josm_url": "http://127.0.0.1:8111/load_object?new_layer=false&objects=w1120693973", "id_url": "https://www.openstreetmap.org/edit?editor=id&way=1120693973#map=20/-25.4668522/-49.2879799"}}, {"type": "Feature", "geometry": {"type": "Point", "coordinates": [-49.2843986, -25.4586691]}, "properties": {"id": 1120693974, "feat_type": "way", "quality_categories": "missing_tags", "issue_ids": "[2]", "osm_url": "https://www.openstreetmap.org/way/1120693974", "josm_url": "http://127.0.0.1:8111/load_object?new_layer=false&objects=w1120693974", "id_url": "https://www.openstreetmap.org/edit?editor=id&way=1120693974#map=20/-25.4586691/-49.2843986"}}, {"type": "Feature", "geometry": {"type": "Point", "coordinates": [-49.2848598, -25.4597235]}, "properties": {"id": 1120693975, "feat_type": "way", "quality_categories": "missing_tags", "issue_ids": "[2]", "osm_url": "https://www.openstreetmap.org/way/1120693975", "josm_url": "http://127.0.0.1:8111/load_object?new_layer=false&objects=w1120693975", "id_url": "https://www.openstreetmap.org/edit?editor=id&way=1120693975#map=20/-25.4597235/-49.2848598"}}, {"type": "Feature", "geometry": {"type": "Point", "coordinates": [-49.2849332, -25.4598913]}, "properties": {"id": 1120693976, "feat_type": "way", "quality_categories": "missing_tags", "issue_ids": "[2]", "osm_url": "https://www.openstreetmap.org/way/1120693976", "josm_url": "http://127.0.0.1:8111/load_object?new_layer=false&objects=w1120693976", "id_url": "https://www.openstreetmap.org/edit?editor=id&way=1120693976#map=20/-25.4598913/-49.2849332"}}, {"type": "Feature", "geometry": {"type": "Point", "coordinates": [-49.2852966, -25.4607216]}, "properties": {"id": 1120693977, "feat_type": "way", "quality_categories": "missing_tags", "issue_ids": "[2]", "osm_url": "https://www.openstreetmap.org/way/1120693977", "josm_url": "http://127.0.0.1:8111/load_object?new_layer=false&objects=w1120693977", "id_url": "https://www.openstreetmap.org/edit?editor=id&way=1120693977#map=20/-25.4607216/-49.2852966"}}, {"type": "Feature", "geometry": {"type": "Point", "coordinates": [-49.2864355, -25.4633237]}, "properties": {"id": 1120693978, "feat_type": "way", "quality_categories": "missing_tags", "issue_ids": "[2]", "osm_url": "https://www.openstreetmap.org/way/1120693978", "josm_url": "http://127.0.0.1:8111/load_object?new_layer=false&objects=w1120693978", "id_url": "https://www.openstreetmap.org/edit?editor=id&way=1120693978#map=20/-25.4633237/-49.2864355"}}, {"type": "Feature", "geometry": {"type": "Point", "coordinates": [-49.2869017, -25.4643889]}, "properties": {"id": 1120693979, "feat_type": "way", "quality_categories": "missing_tags", "issue_ids": "[2]", "osm_url": "https://www.openstreetmap.org/way/1120693979", "josm_url": "http://127.0.0.1:8111/load_object?new_layer=false&objects=w1120693979", "id_url": "https://www.openstreetmap.org/edit?editor=id&way=1120693979#map=20/-25.4643889/-49.2869017"}}, {"type": "Feature", "geometry": {"type": "Point", "coordinates": [-49.2880533, -25.46702]}, "properties": {"id": 1120693980, "feat_type": "way", "quality_categories": "missing_tags", "issue_ids": "[2]", "osm_url": "https://www.openstreetmap.org/way/1120693980", "josm_url": "http://127.0.0.1:8111/load_object?new_layer=false&objects=w1120693980", "id_url": "https://www.openstreetmap.org/edit?editor=id&way=1120693980#map=20/-25.46702/-49.2880533"}}, {"type": "Feature", "geometry": {"type": "Point", "coordinates": [-49.2885051, -25.4680537]}, "properties": {"id": 1120693981, "feat_type": "way", "quality_categories": "missing_tags", "issue_ids": "[2]", "osm_url": "https://www.openstreetmap.org/way/1120693981", "josm_url": "http://127.0.0.1:8111/load_object?new_layer=false&objects=w1120693981", "id_url": "https://www.openstreetmap.org/edit?editor=id&way=1120693981#map=20/-25.4680537/-49.2885051"}}, {"type": "Feature", "geometry": {"type": "Point", "coordinates": [-49.2839389, -25.4576184]}, "properties": {"id": 1120693982, "feat_type": "way", "quality_categories": "missing_tags", "issue_ids": "[2]", "osm_url": "https://www.openstreetmap.org/way/1120693982", "josm_url": "http://127.0.0.1:8111/load_object?new_layer=false&objects=w1120693982", "id_url": "https://www.openstreetmap.org/edit?editor=id&way=1120693982#map=20/-25.4576184/-49.2839389"}}, {"type": "Feature", "geometry": {"type": "Point", "coordinates": [-49.2843178, -25.4584845]}, "properties": {"id": 1120693983, "feat_type": "way", "quality_categories": "missing_tags", "issue_ids": "[2]", "osm_url": "https://www.openstreetmap.org/way/1120693983", "josm_url": "http://127.0.0.1:8111/load_object?new_layer=false&objects=w1120693983", "id_url": "https://www.openstreetmap.org/edit?editor=id&way=1120693983#map=20/-25.4584845/-49.2843178"}}, {"type": "Feature", "geometry": {"type": "Point", "coordinates": [-49.2838655, -25.4574506]}, "properties": {"id": 1120693984, "feat_type": "way", "quality_categories": "missing_tags", "issue_ids": "[2]", "osm_url": "https://www.openstreetmap.org/way/1120693984", "josm_url": "http://127.0.0.1:8111/load_object?new_layer=false&objects=w1120693984", "id_url": "https://www.openstreetmap.org/edit?editor=id&way=1120693984#map=20/-25.4574506/-49.2838655"}}, {"type": "Feature", "geometry": {"type": "Point", "coordinates": [-49.2852027, -25.4635913]}, "properties": {"id": 1120693985, "feat_type": "way", "quality_categories": "missing_tags", "issue_ids": "[2]", "osm_url": "https://www.openstreetmap.org/way/1120693985", "josm_url": "http://127.0.0.1:8111/load_object?new_layer=false&objects=w1120693985", "id_url": "https://www.openstreetmap.org/edit?editor=id&way=1120693985#map=20/-25.4635913/-49.2852027"}}, {"type": "Feature", "geometry": {"type": "Point", "coordinates": [-49.2847417, -25.4625409]}, "properties": {"id": 1120693986, "feat_type": "way", "quality_categories": "missing_tags", "issue_ids": "[2]", "osm_url": "https://www.openstreetmap.org/way/1120693986", "josm_url": "http://127.0.0.1:8111/load_object?new_layer=false&objects=w1120693986", "id_url": "https://www.openstreetmap.org/edit?editor=id&way=1120693986#map=20/-25.4625409/-49.2847417"}}, {"type": "Feature", "geometry": {"type": "Point", "coordinates": [-49.2846607, -25.4623565]}, "properties": {"id": 1120693987, "feat_type": "way", "quality_categories": "missing_tags", "issue_ids": "[2]", "osm_url": "https://www.openstreetmap.org/way/1120693987", "josm_url": "http://127.0.0.1:8111/load_object?new_layer=false&objects=w1120693987", "id_url": "https://www.openstreetmap.org/edit?editor=id&way=1120693987#map=20/-25.4623565/-49.2846607"}}, {"type": "Feature", "geometry": {"type": "Point", "coordinates": [-49.2842094, -25.4613279]}, "properties": {"id": 1120693988, "feat_type": "way", "quality_categories": "missing_tags", "issue_ids": "[2]", "osm_url": "https://www.openstreetmap.org/way/1120693988", "josm_url": "http://127.0.0.1:8111/load_object?new_layer=false&objects=w1120693988", "id_url": "https://www.openstreetmap.org/edit?editor=id&way=1120693988#map=20/-25.4613279/-49.2842094"}}, {"type": "Feature", "geometry": {"type": "Point", "coordinates": [-49.2836982, -25.460163]}, "properties": {"id": 1120693989, "feat_type": "way", "quality_categories": "missing_tags", "issue_ids": "[2]", "osm_url": "https://www.openstreetmap.org/way/1120693989", "josm_url": "http://127.0.0.1:8111/load_object?new_layer=false&objects=w1120693989", "id_url": "https://www.openstreetmap.org/edit?editor=id&way=1120693989#map=20/-25.460163/-49.2836982"}}, {"type": "Feature", "geometry": {"type": "Point", "coordinates": [-49.2832416, -25.4591226]}, "properties": {"id": 1120693990, "feat_type": "way", "quality_categories": "missing_tags", "issue_ids": "[2]", "osm_url": "https://www.openstreetmap.org/way/1120693990", "josm_url": "http://127.0.0.1:8111/load_object?new_layer=false&objects=w1120693990", "id_url": "https://www.openstreetmap.org/edit?editor=id&way=1120693990#map=20/-25.4591226/-49.2832416"}}, {"type": "Feature", "geometry": {"type": "Point", "coordinates": [-49.2831606, -25.4589382]}, "properties": {"id": 1120693991, "feat_type": "way", "quality_categories": "missing_tags", "issue_ids": "[2]", "osm_url": "https://www.openstreetmap.org/way/1120693991", "josm_url": "http://127.0.0.1:8111/load_object?new_layer=false&objects=w1120693991", "id_url": "https://www.openstreetmap.org/edit?editor=id&way=1120693991#map=20/-25.4589382/-49.2831606"}}, {"type": "Feature", "geometry": {"type": "Point", "coordinates": [-49.2827767, -25.4580633]}, "properties": {"id": 1120693992, "feat_type": "way", "quality_categories": "missing_tags", "issue_ids": "[2]", "osm_url": "https://www.openstreetmap.org/way/1120693992", "josm_url": "http://127.0.0.1:8111/load_object?new_layer=false&objects=w1120693992", "id_url": "https://www.openstreetmap.org/edit?editor=id&way=1120693992#map=20/-25.4580633/-49.2827767"}}, {"type": "Feature", "geometry": {"type": "Point", "coordinates": [-49.2863533, -25.4662132]}, "properties": {"id": 1120693993, "feat_type": "way", "quality_categories": "missing_tags", "issue_ids": "[2]", "osm_url": "https://www.openstreetmap.org/way/1120693993", "josm_url": "http://127.0.0.1:8111/load_object?new_layer=false&objects=w1120693993", "id_url": "https://www.openstreetmap.org/edit?editor=id&way=1120693993#map=20/-25.4662132/-49.2863533"}}, {"type": "Feature", "geometry": {"type": "Point", "coordinates": [-49.2827031, -25.4578955]}, "properties": {"id": 1120693994, "feat_type": "way", "quality_categories": "missing_tags", "issue_ids": "[2]", "osm_url": "https://www.openstreetmap.org/way/1120693994", "josm_url": "http://127.0.0.1:8111/load_object?new_layer=false&objects=w1120693994", "id_url": "https://www.openstreetmap.org/edit?editor=id&way=1120693994#map=20/-25.4578955/-49.2827031"}}, {"type": "Feature", "geometry": {"type": "Point", "coordinates": [-49.2823221, -25.4570273]}, "properties": {"id": 1120693995, "feat_type": "way", "quality_categories": "missing_tags", "issue_ids": "[2]", "osm_url": "https://www.openstreetmap.org/way/1120693995", "josm_url": "http://127.0.0.1:8111/load_object?new_layer=false&objects=w1120693995", "id_url": "https://www.openstreetmap.org/edit?editor=id&way=1120693995#map=20/-25.4570273/-49.2823221"}}, {"type": "Feature", "geometry": {"type": "Point", "coordinates": [-49.2822485, -25.4568595]}, "properties": {"id": 1120693996, "feat_type": "way", "quality_categories": "missing_tags", "issue_ids": "[2]", "osm_url": "https://www.openstreetmap.org/way/1120693996", "josm_url": "http://127.0.0.1:8111/load_object?new_layer=false&objects=w1120693996", "id_url": "https://www.openstreetmap.org/edit?editor=id&way=1120693996#map=20/-25.4568595/-49.2822485"}}, {"type": "Feature", "geometry": {"type": "Point", "coordinates": [-49.2817794, -25.4557906]}, "properties": {"id": 1120693997, "feat_type": "way", "quality_categories": "missing_tags", "issue_ids": "[2]", "osm_url": "https://www.openstreetmap.org/way/1120693997", "josm_url": "http://127.0.0.1:8111/load_object?new_layer=false&objects=w1120693997", "id_url": "https://www.openstreetmap.org/edit?editor=id&way=1120693997#map=20/-25.4557906/-49.2817794"}}, {"type": "Feature", "geometry": {"type": "Point", "coordinates": [-49.2857443, -25.4648255]}, "properties": {"id": 1120693998, "feat_type": "way", "quality_categories": "missing_tags", "issue_ids": "[2]", "osm_url": "https://www.openstreetmap.org/way/1120693998", "josm_url": "http://127.0.0.1:8111/load_object?new_layer=false&objects=w1120693998", "id_url": "https://www.openstreetmap.org/edit?editor=id&way=1120693998#map=20/-25.4648255/-49.2857443"}}, {"type": "Feature", "geometry": {"type": "Point", "coordinates": [-49.2852763, -25.4637591]}, "properties": {"id": 1120693999, "feat_type": "way", "quality_categories": "missing_tags", "issue_ids": "[2]", "osm_url": "https://www.openstreetmap.org/way/1120693999", "josm_url": "http://127.0.0.1:8111/load_object?new_layer=false&objects=w1120693999", "id_url": "https://www.openstreetmap.org/edit?editor=id&way=1120693999#map=20/-25.4637591/-49.2852763"}}, {"type": "Feature", "geometry": {"type": "Point", "coordinates": [-49.2812613, -25.4546099]}, "properties": {"id": 1120694000, "feat_type": "way", "quality_categories": "missing_tags", "issue_ids": "[2]", "osm_url": "https://www.openstreetmap.org/way/1120694000", "josm_url": "http://127.0.0.1:8111/load_object?new_layer=false&objects=w1120694000", "id_url": "https://www.openstreetmap.org/edit?editor=id&way=1120694000#map=20/-25.4546099/-49.2812613"}}, {"type": "Feature", "geometry": {"type": "Point", "coordinates": [-49.2808815, -25.4537444]}, "properties": {"id": 1120694001, "feat_type": "way", "quality_categories": "missing_tags", "issue_ids": "[2]", "osm_url": "https://www.openstreetmap.org/way/1120694001", "josm_url": "http://127.0.0.1:8111/load_object?new_layer=false&objects=w1120694001", "id_url": "https://www.openstreetmap.org/edit?editor=id&way=1120694001#map=20/-25.4537444/-49.2808815"}}, {"type": "Feature", "geometry": {"type": "Point", "coordinates": [-49.2808401, -25.4535646]}, "properties": {"id": 1120694002, "feat_type": "way", "quality_categories": "missing_tags", "issue_ids": "[2]", "osm_url": "https://www.openstreetmap.org/way/1120694002", "josm_url": "http://127.0.0.1:8111/load_object?new_layer=false&objects=w1120694002", "id_url": "https://www.openstreetmap.org/edit?editor=id&way=1120694002#map=20/-25.4535646/-49.2808401"}}, {"type": "Feature", "geometry": {"type": "Point", "coordinates": [-49.2806896, -25.4532344]}, "properties": {"id": 1120694003, "feat_type": "way", "quality_categories": "missing_tags", "issue_ids": "[2]", "osm_url": "https://www.openstreetmap.org/way/1120694003", "josm_url": "http://127.0.0.1:8111/load_object?new_layer=false&objects=w1120694003", "id_url": "https://www.openstreetmap.org/edit?editor=id&way=1120694003#map=20/-25.4532344/-49.2806896"}}, {"type": "Feature", "geometry": {"type": "Point", "coordinates": [-49.2841358, -25.4611601]}, "properties": {"id": 1120694004, "feat_type": "way", "quality_categories": "missing_tags", "issue_ids": "[2]", "osm_url": "https://www.openstreetmap.org/way/1120694004", "josm_url": "http://127.0.0.1:8111/load_object?new_layer=false&objects=w1120694004", "id_url": "https://www.openstreetmap.org/edit?editor=id&way=1120694004#map=20/-25.4611601/-49.2841358"}}, {"type": "Feature", "geometry": {"type": "Point", "coordinates": [-49.2837718, -25.4603308]}, "properties": {"id": 1120694005, "feat_type": "way", "quality_categories": "missing_tags", "issue_ids": "[2]", "osm_url": "https://www.openstreetmap.org/way/1120694005", "josm_url": "http://127.0.0.1:8111/load_object?new_layer=false&objects=w1120694005", "id_url": "https://www.openstreetmap.org/edit?editor=id&way=1120694005#map=20/-25.4603308/-49.2837718"}}, {"type": "Feature", "geometry": {"type": "Point", "coordinates": [-49.2817058, -25.4556228]}, "properties": {"id": 1120694006, "feat_type": "way", "quality_categories": "missing_tags", "issue_ids": "[2]", "osm_url": "https://www.openstreetmap.org/way/1120694006", "josm_url": "http://127.0.0.1:8111/load_object?new_layer=false&objects=w1120694006", "id_url": "https://www.openstreetmap.org/edit?editor=id&way=1120694006#map=20/-25.4556228/-49.2817058"}}, {"type": "Feature", "geometry": {"type": "Point", "coordinates": [-49.2813349, -25.4547777]}, "properties": {"id": 1120694007, "feat_type": "way", "quality_categories": "missing_tags", "issue_ids": "[2]", "osm_url": "https://www.openstreetmap.org/way/1120694007", "josm_url": "http://127.0.0.1:8111/load_object?new_layer=false&objects=w1120694007", "id_url": "https://www.openstreetmap.org/edit?editor=id&way=1120694007#map=20/-25.4547777/-49.2813349"}}, {"type": "Feature", "geometry": {"type": "Point", "coordinates": [-49.2899814, -25.4648366]}, "properties": {"id": 1120694008, "feat_type": "way", "quality_categories": "missing_tags", "issue_ids": "[2]", "osm_url": "https://www.openstreetmap.org/way/1120694008", "josm_url": "http://127.0.0.1:8111/load_object?new_layer=false&objects=w1120694008", "id_url": "https://www.openstreetmap.org/edit?editor=id&way=1120694008#map=20/-25.4648366/-49.2899814"}}, {"type": "Feature", "geometry": {"type": "Point", "coordinates": [-49.290165, -25.465213]}, "properties": {"id": 1120694009, "feat_type": "way", "quality_categories": "missing_tags", "issue_ids": "[2]", "osm_url": "https://www.openstreetmap.org/way/1120694009", "josm_url": "http://127.0.0.1:8111/load_object?new_layer=false&objects=w1120694009", "id_url": "https://www.openstreetmap.org/edit?editor=id&way=1120694009#map=20/-25.465213/-49.290165"}}, {"type": "Feature", "geometry": {"type": "Point", "coordinates": [-49.2902416, -25.4653796]}, "properties": {"id": 1120694010, "feat_type": "way", "quality_categories": "missing_tags", "issue_ids": "[2]", "osm_url": "https://www.openstreetmap.org/way/1120694010", "josm_url": "http://127.0.0.1:8111/load_object?new_layer=false&objects=w1120694010", "id_url": "https://www.openstreetmap.org/edit?editor=id&way=1120694010#map=20/-25.4653796/-49.2902416"}}, {"type": "Feature", "geometry": {"type": "Point", "coordinates": [-49.280355, -25.4588948]}, "properties": {"id": 1120694011, "feat_type": "way", "quality_categories": "missing_tags", "issue_ids": "[2]", "osm_url": "https://www.openstreetmap.org/way/1120694011", "josm_url": "http://127.0.0.1:8111/load_object?new_layer=false&objects=w1120694011", "id_url": "https://www.openstreetmap.org/edit?editor=id&way=1120694011#map=20/-25.4588948/-49.280355"}}, {"type": "Feature", "geometry": {"type": "Point", "coordinates": [-49.2794589, -25.4592387]}, "properties": {"id": 1120694012, "feat_type": "way", "quality_categories": "missing_tags", "issue_ids": "[2]", "osm_url": "https://www.openstreetmap.org/way/1120694012", "josm_url": "http://127.0.0.1:8111/load_object?new_layer=false&objects=w1120694012", "id_url": "https://www.openstreetmap.org/edit?editor=id&way=1120694012#map=20/-25.4592387/-49.2794589"}}, {"type": "Feature", "geometry": {"type": "Point", "coordinates": [-49.2792573, -25.4593159]}, "properties": {"id": 1120694013, "feat_type": "way", "quality_categories": "missing_tags", "issue_ids": "[2]", "osm_url": "https://www.openstreetmap.org/way/1120694013", "josm_url": "http://127.0.0.1:8111/load_object?new_layer=false&objects=w1120694013", "id_url": "https://www.openstreetmap.org/edit?editor=id&way=1120694013#map=20/-25.4593159/-49.2792573"}}, {"type": "Feature", "geometry": {"type": "Point", "coordinates": [-49.2826483, -25.4580146]}, "properties": {"id": 1120694014, "feat_type": "way", "quality_categories": "missing_tags", "issue_ids": "[2]", "osm_url": "https://www.openstreetmap.org/way/1120694014", "josm_url": "http://127.0.0.1:8111/load_object?new_layer=false&objects=w1120694014", "id_url": "https://www.openstreetmap.org/edit?editor=id&way=1120694014#map=20/-25.4580146/-49.2826483"}}, {"type": "Feature", "geometry": {"type": "Point", "coordinates": [-49.2817252, -25.4583693]}, "properties": {"id": 1120694015, "feat_type": "way", "quality_categories": "missing_tags", "issue_ids": "[2]", "osm_url": "https://www.openstreetmap.org/way/1120694015", "josm_url": "http://127.0.0.1:8111/load_object?new_layer=false&objects=w1120694015", "id_url": "https://www.openstreetmap.org/edit?editor=id&way=1120694015#map=20/-25.4583693/-49.2817252"}}, {"type": "Feature", "geometry": {"type": "Point", "coordinates": [-49.281542, -25.4584396]}, "properties": {"id": 1120694016, "feat_type": "way", "quality_categories": "missing_tags", "issue_ids": "[2]", "osm_url": "https://www.openstreetmap.org/way/1120694016", "josm_url": "http://127.0.0.1:8111/load_object?new_layer=false&objects=w1120694016", "id_url": "https://www.openstreetmap.org/edit?editor=id&way=1120694016#map=20/-25.4584396/-49.281542"}}, {"type": "Feature", "geometry": {"type": "Point", "coordinates": [-49.2805565, -25.4588175]}, "properties": {"id": 1120694017, "feat_type": "way", "quality_categories": "missing_tags", "issue_ids": "[2]", "osm_url": "https://www.openstreetmap.org/way/1120694017", "josm_url": "http://127.0.0.1:8111/load_object?new_layer=false&objects=w1120694017", "id_url": "https://www.openstreetmap.org/edit?editor=id&way=1120694017#map=20/-25.4588175/-49.2805565"}}, {"type": "Feature", "geometry": {"type": "Point", "coordinates": [-49.2860017, -25.4567289]}, "properties": {"id": 1120694018, "feat_type": "way", "quality_categories": "missing_tags", "issue_ids": "[2]", "osm_url": "https://www.openstreetmap.org/way/1120694018", "josm_url": "http://127.0.0.1:8111/load_object?new_layer=false&objects=w1120694018", "id_url": "https://www.openstreetmap.org/edit?editor=id&way=1120694018#map=20/-25.4567289/-49.2860017"}}, {"type": "Feature", "geometry": {"type": "Point", "coordinates": [-49.2851194, -25.4570674]}, "properties": {"id": 1120694019, "feat_type": "way", "quality_categories": "missing_tags", "issue_ids": "[2]", "osm_url": "https://www.openstreetmap.org/way/1120694019", "josm_url": "http://127.0.0.1:8111/load_object?new_layer=false&objects=w1120694019", "id_url": "https://www.openstreetmap.org/edit?editor=id&way=1120694019#map=20/-25.4570674/-49.2851194"}}, {"type": "Feature", "geometry": {"type": "Point", "coordinates": [-49.2849362, -25.4571376]}, "properties": {"id": 1120694020, "feat_type": "way", "quality_categories": "missing_tags", "issue_ids": "[2]", "osm_url": "https://www.openstreetmap.org/way/1120694020", "josm_url": "http://127.0.0.1:8111/load_object?new_layer=false&objects=w1120694020", "id_url": "https://www.openstreetmap.org/edit?editor=id&way=1120694020#map=20/-25.4571376/-49.2849362"}}, {"type": "Feature", "geometry": {"type": "Point", "coordinates": [-49.2839938, -25.4574994]}, "properties": {"id": 1120694021, "feat_type": "way", "quality_categories": "missing_tags", "issue_ids": "[2]", "osm_url": "https://www.openstreetmap.org/way/1120694021", "josm_url": "http://127.0.0.1:8111/load_object?new_layer=false&objects=w1120694021", "id_url": "https://www.openstreetmap.org/edit?editor=id&way=1120694021#map=20/-25.4574994/-49.2839938"}}, {"type": "Feature", "geometry": {"type": "Point", "coordinates": [-49.2838106, -25.4575696]}, "properties": {"id": 1120694022, "feat_type": "way", "quality_categories": "missing_tags", "issue_ids": "[2]", "osm_url": "https://www.openstreetmap.org/way/1120694022", "josm_url": "http://127.0.0.1:8111/load_object?new_layer=false&objects=w1120694022", "id_url": "https://www.openstreetmap.org/edit?editor=id&way=1120694022#map=20/-25.4575696/-49.2838106"}}, {"type": "Feature", "geometry": {"type": "Point", "coordinates": [-49.2828315, -25.4579443]}, "properties": {"id": 1120694023, "feat_type": "way", "quality_categories": "missing_tags", "issue_ids": "[2]", "osm_url": "https://www.openstreetmap.org/way/1120694023", "josm_url": "http://127.0.0.1:8111/load_object?new_layer=false&objects=w1120694023", "id_url": "https://www.openstreetmap.org/edit?editor=id&way=1120694023#map=20/-25.4579443/-49.2828315"}}, {"type": "Feature", "geometry": {"type": "Point", "coordinates": [-49.2769207, -25.4613566]}, "properties": {"id": 1120694024, "feat_type": "way", "quality_categories": "missing_tags", "issue_ids": "[2]", "osm_url": "https://www.openstreetmap.org/way/1120694024", "josm_url": "http://127.0.0.1:8111/load_object?new_layer=false&objects=w1120694024", "id_url": "https://www.openstreetmap.org/edit?editor=id&way=1120694024#map=20/-25.4613566/-49.2769207"}}, {"type": "Feature", "geometry": {"type": "Point", "coordinates": [-49.2758956, -25.4615139]}, "properties": {"id": 1120694025, "feat_type": "way", "quality_categories": "missing_tags", "issue_ids": "[2]", "osm_url": "https://www.openstreetmap.org/way/1120694025", "josm_url": "http://127.0.0.1:8111/load_object?new_layer=false&objects=w1120694025", "id_url": "https://www.openstreetmap.org/edit?editor=id&way=1120694025#map=20/-25.4615139/-49.2758956"}}, {"type": "Feature", "geometry": {"type": "Point", "coordinates": [-49.2838268, -25.4602122]}, "properties": {"id": 1120694026, "feat_type": "way", "quality_categories": "missing_tags", "issue_ids": "[2]", "osm_url": "https://www.openstreetmap.org/way/1120694026", "josm_url": "http://127.0.0.1:8111/load_object?new_layer=false&objects=w1120694026", "id_url": "https://www.openstreetmap.org/edit?editor=id&way=1120694026#map=20/-25.4602122/-49.2838268"}}, {"type": "Feature", "geometry": {"type": "Point", "coordinates": [-49.2848047, -25.4598421]}, "properties": {"id": 1120694027, "feat_type": "way", "quality_categories": "missing_tags", "issue_ids": "[2]", "osm_url": "https://www.openstreetmap.org/way/1120694027", "josm_url": "http://127.0.0.1:8111/load_object?new_layer=false&objects=w1120694027", "id_url": "https://www.openstreetmap.org/edit?editor=id&way=1120694027#map=20/-25.4598421/-49.2848047"}}, {"type": "Feature", "geometry": {"type": "Point", "coordinates": [-49.2849883, -25.4597727]}, "properties": {"id": 1120694028, "feat_type": "way", "quality_categories": "missing_tags", "issue_ids": "[2]", "osm_url": "https://www.openstreetmap.org/way/1120694028", "josm_url": "http://127.0.0.1:8111/load_object?new_layer=false&objects=w1120694028", "id_url": "https://www.openstreetmap.org/edit?editor=id&way=1120694028#map=20/-25.4597727/-49.2849883"}}, {"type": "Feature", "geometry": {"type": "Point", "coordinates": [-49.2859384, -25.4594135]}, "properties": {"id": 1120694029, "feat_type": "way", "quality_categories": "missing_tags", "issue_ids": "[2]", "osm_url": "https://www.openstreetmap.org/way/1120694029", "josm_url": "http://127.0.0.1:8111/load_object?new_layer=false&objects=w1120694029", "id_url": "https://www.openstreetmap.org/edit?editor=id&way=1120694029#map=20/-25.4594135/-49.2859384"}}, {"type": "Feature", "geometry": {"type": "Point", "coordinates": [-49.2805345, -25.4614573]}, "properties": {"id": 1120694030, "feat_type": "way", "quality_categories": "missing_tags", "issue_ids": "[2]", "osm_url": "https://www.openstreetmap.org/way/1120694030", "josm_url": "http://127.0.0.1:8111/load_object?new_layer=false&objects=w1120694030", "id_url": "https://www.openstreetmap.org/edit?editor=id&way=1120694030#map=20/-25.4614573/-49.2805345"}}, {"type": "Feature", "geometry": {"type": "Point", "coordinates": [-49.2813335, -25.4611667]}, "properties": {"id": 1120694031, "feat_type": "way", "quality_categories": "missing_tags", "issue_ids": "[2]", "osm_url": "https://www.openstreetmap.org/way/1120694031", "josm_url": "http://127.0.0.1:8111/load_object?new_layer=false&objects=w1120694031", "id_url": "https://www.openstreetmap.org/edit?editor=id&way=1120694031#map=20/-25.4611667/-49.2813335"}}, {"type": "Feature", "geometry": {"type": "Point", "coordinates": [-49.2815355, -25.4610906]}, "properties": {"id": 1120694032, "feat_type": "way", "quality_categories": "missing_tags", "issue_ids": "[2]", "osm_url": "https://www.openstreetmap.org/way/1120694032", "josm_url": "http://127.0.0.1:8111/load_object?new_layer=false&objects=w1120694032", "id_url": "https://www.openstreetmap.org/edit?editor=id&way=1120694032#map=20/-25.4610906/-49.2815355"}}, {"type": "Feature", "geometry": {"type": "Point", "coordinates": [-49.2825313, -25.4607027]}, "properties": {"id": 1120694033, "feat_type": "way", "quality_categories": "missing_tags", "issue_ids": "[2]", "osm_url": "https://www.openstreetmap.org/way/1120694033", "josm_url": "http://127.0.0.1:8111/load_object?new_layer=false&objects=w1120694033", "id_url": "https://www.openstreetmap.org/edit?editor=id&way=1120694033#map=20/-25.4607027/-49.2825313"}}, {"type": "Feature", "geometry": {"type": "Point", "coordinates": [-49.2827145, -25.4606324]}, "properties": {"id": 1120694034, "feat_type": "way", "quality_categories": "missing_tags", "issue_ids": "[2]", "osm_url": "https://www.openstreetmap.org/way/1120694034", "josm_url": "http://127.0.0.1:8111/load_object?new_layer=false&objects=w1120694034", "id_url": "https://www.openstreetmap.org/edit?editor=id&way=1120694034#map=20/-25.4606324/-49.2827145"}}, {"type": "Feature", "geometry": {"type": "Point", "coordinates": [-49.2836432, -25.4602816]}, "properties": {"id": 1120694035, "feat_type": "way", "quality_categories": "missing_tags", "issue_ids": "[2]", "osm_url": "https://www.openstreetmap.org/way/1120694035", "josm_url": "http://127.0.0.1:8111/load_object?new_layer=false&objects=w1120694035", "id_url": "https://www.openstreetmap.org/edit?editor=id&way=1120694035#map=20/-25.4602816/-49.2836432"}}, {"type": "Feature", "geometry": {"type": "Point", "coordinates": [-49.286122, -25.4593441]}, "properties": {"id": 1120694036, "feat_type": "way", "quality_categories": "missing_tags", "issue_ids": "[2]", "osm_url": "https://www.openstreetmap.org/way/1120694036", "josm_url": "http://127.0.0.1:8111/load_object?new_layer=false&objects=w1120694036", "id_url": "https://www.openstreetmap.org/edit?editor=id&way=1120694036#map=20/-25.4593441/-49.286122"}}, {"type": "Feature", "geometry": {"type": "Point", "coordinates": [-49.2870723, -25.4589848]}, "properties": {"id": 1120694037, "feat_type": "way", "quality_categories": "missing_tags", "issue_ids": "[2]", "osm_url": "https://www.openstreetmap.org/way/1120694037", "josm_url": "http://127.0.0.1:8111/load_object?new_layer=false&objects=w1120694037", "id_url": "https://www.openstreetmap.org/edit?editor=id&way=1120694037#map=20/-25.4589848/-49.2870723"}}, {"type": "Feature", "geometry": {"type": "Point", "coordinates": [-49.2863769, -25.4604115]}, "properties": {"id": 1120694038, "feat_type": "way", "quality_categories": "missing_tags", "issue_ids": "[2]", "osm_url": "https://www.openstreetmap.org/way/1120694038", "josm_url": "http://127.0.0.1:8111/load_object?new_layer=false&objects=w1120694038", "id_url": "https://www.openstreetmap.org/edit?editor=id&way=1120694038#map=20/-25.4604115/-49.2863769"}}, {"type": "Feature", "geometry": {"type": "Point", "coordinates": [-49.2854251, -25.4607708]}, "properties": {"id": 1120694039, "feat_type": "way", "quality_categories": "missing_tags", "issue_ids": "[2]", "osm_url": "https://www.openstreetmap.org/way/1120694039", "josm_url": "http://127.0.0.1:8111/load_object?new_layer=false&objects=w1120694039", "id_url": "https://www.openstreetmap.org/edit?editor=id&way=1120694039#map=20/-25.4607708/-49.2854251"}}, {"type": "Feature", "geometry": {"type": "Point", "coordinates": [-49.2852415, -25.4608402]}, "properties": {"id": 1120694040, "feat_type": "way", "quality_categories": "missing_tags", "issue_ids": "[2]", "osm_url": "https://www.openstreetmap.org/way/1120694040", "josm_url": "http://127.0.0.1:8111/load_object?new_layer=false&objects=w1120694040", "id_url": "https://www.openstreetmap.org/edit?editor=id&way=1120694040#map=20/-25.4608402/-49.2852415"}}, {"type": "Feature", "geometry": {"type": "Point", "coordinates": [-49.2842644, -25.4612093]}, "properties": {"id": 1120694041, "feat_type": "way", "quality_categories": "missing_tags", "issue_ids": "[2]", "osm_url": "https://www.openstreetmap.org/way/1120694041", "josm_url": "http://127.0.0.1:8111/load_object?new_layer=false&objects=w1120694041", "id_url": "https://www.openstreetmap.org/edit?editor=id&way=1120694041#map=20/-25.4612093/-49.2842644"}}, {"type": "Feature", "geometry": {"type": "Point", "coordinates": [-49.2829671, -25.4616989]}, "properties": {"id": 1120694042, "feat_type": "way", "quality_categories": "missing_tags", "issue_ids": "[2]", "osm_url": "https://www.openstreetmap.org/way/1120694042", "josm_url": "http://127.0.0.1:8111/load_object?new_layer=false&objects=w1120694042", "id_url": "https://www.openstreetmap.org/edit?editor=id&way=1120694042#map=20/-25.4616989/-49.2829671"}}, {"type": "Feature", "geometry": {"type": "Point", "coordinates": [-49.2819673, -25.4620765]}, "properties": {"id": 1120694043, "feat_type": "way", "quality_categories": "missing_tags", "issue_ids": "[2]", "osm_url": "https://www.openstreetmap.org/way/1120694043", "josm_url": "http://127.0.0.1:8111/load_object?new_layer=false&objects=w1120694043", "id_url": "https://www.openstreetmap.org/edit?editor=id&way=1120694043#map=20/-25.4620765/-49.2819673"}}, {"type": "Feature", "geometry": {"type": "Point", "coordinates": [-49.2817653, -25.4621526]}, "properties": {"id": 1120694044, "feat_type": "way", "quality_categories": "missing_tags", "issue_ids": "[2]", "osm_url": "https://www.openstreetmap.org/way/1120694044", "josm_url": "http://127.0.0.1:8111/load_object?new_layer=false&objects=w1120694044", "id_url": "https://www.openstreetmap.org/edit?editor=id&way=1120694044#map=20/-25.4621526/-49.2817653"}}, {"type": "Feature", "geometry": {"type": "Point", "coordinates": [-49.2813758, -25.4622992]}, "properties": {"id": 1120694045, "feat_type": "way", "quality_categories": "missing_tags", "issue_ids": "[2]", "osm_url": "https://www.openstreetmap.org/way/1120694045", "josm_url": "http://127.0.0.1:8111/load_object?new_layer=false&objects=w1120694045", "id_url": "https://www.openstreetmap.org/edit?editor=id&way=1120694045#map=20/-25.4622992/-49.2813758"}}, {"type": "Feature", "geometry": {"type": "Point", "coordinates": [-49.2871225, -25.46013]}, "properties": {"id": 1120694046, "feat_type": "way", "quality_categories": "missing_tags", "issue_ids": "[2]", "osm_url": "https://www.openstreetmap.org/way/1120694046", "josm_url": "http://127.0.0.1:8111/load_object?new_layer=false&objects=w1120694046", "id_url": "https://www.openstreetmap.org/edit?editor=id&way=1120694046#map=20/-25.46013/-49.2871225"}}, {"type": "Feature", "geometry": {"type": "Point", "coordinates": [-49.2865605, -25.4603421]}, "properties": {"id": 1120694047, "feat_type": "way", "quality_categories": "missing_tags", "issue_ids": "[2]", "osm_url": "https://www.openstreetmap.org/way/1120694047", "josm_url": "http://127.0.0.1:8111/load_object?new_layer=false&objects=w1120694047", "id_url": "https://www.openstreetmap.org/edit?editor=id&way=1120694047#map=20/-25.4603421/-49.2865605"}}, {"type": "Feature", "geometry": {"type": "Point", "coordinates": [-49.2834183, -25.4615286]}, "properties": {"id": 1120694048, "feat_type": "way", "quality_categories": "missing_tags", "issue_ids": "[2]", "osm_url": "https://www.openstreetmap.org/way/1120694048", "josm_url": "http://127.0.0.1:8111/load_object?new_layer=false&objects=w1120694048", "id_url": "https://www.openstreetmap.org/edit?editor=id&way=1120694048#map=20/-25.4615286/-49.2834183"}}, {"type": "Feature", "geometry": {"type": "Point", "coordinates": [-49.2831507, -25.4616295]}, "properties": {"id": 1120694049, "feat_type": "way", "quality_categories": "missing_tags", "issue_ids": "[2]", "osm_url": "https://www.openstreetmap.org/way/1120694049", "josm_url": "http://127.0.0.1:8111/load_object?new_layer=false&objects=w1120694049", "id_url": "https://www.openstreetmap.org/edit?editor=id&way=1120694049#map=20/-25.4616295/-49.2831507"}}, {"type": "Feature", "geometry": {"type": "Point", "coordinates": [-49.2840808, -25.4612786]}, "properties": {"id": 1120694050, "feat_type": "way", "quality_categories": "missing_tags", "issue_ids": "[2]", "osm_url": "https://www.openstreetmap.org/way/1120694050", "josm_url": "http://127.0.0.1:8111/load_object?new_layer=false&objects=w1120694050", "id_url": "https://www.openstreetmap.org/edit?editor=id&way=1120694050#map=20/-25.4612786/-49.2840808"}}, {"type": "Feature", "geometry": {"type": "Point", "coordinates": [-49.2836019, -25.4614593]}, "properties": {"id": 1120694051, "feat_type": "way", "quality_categories": "missing_tags", "issue_ids": "[2]", "osm_url": "https://www.openstreetmap.org/way/1120694051", "josm_url": "http://127.0.0.1:8111/load_object?new_layer=false&objects=w1120694051", "id_url": "https://www.openstreetmap.org/edit?editor=id&way=1120694051#map=20/-25.4614593/-49.2836019"}}, {"type": "Feature", "geometry": {"type": "Point", "coordinates": [-49.2875407, -25.459972]}, "properties": {"id": 1120694052, "feat_type": "way", "quality_categories": "missing_tags", "issue_ids": "[2]", "osm_url": "https://www.openstreetmap.org/way/1120694052", "josm_url": "http://127.0.0.1:8111/load_object?new_layer=false&objects=w1120694052", "id_url": "https://www.openstreetmap.org/edit?editor=id&way=1120694052#map=20/-25.459972/-49.2875407"}}, {"type": "Feature", "geometry": {"type": "Point", "coordinates": [-49.2873061, -25.4600606]}, "properties": {"id": 1120694053, "feat_type": "way", "quality_categories": "missing_tags", "issue_ids": "[2]", "osm_url": "https://www.openstreetmap.org/way/1120694053", "josm_url": "http://127.0.0.1:8111/load_object?new_layer=false&objects=w1120694053", "id_url": "https://www.openstreetmap.org/edit?editor=id&way=1120694053#map=20/-25.4600606/-49.2873061"}}, {"type": "Feature", "geometry": {"type": "Point", "coordinates": [-49.2808741, -25.4566677]}, "properties": {"id": 1120694054, "feat_type": "way", "quality_categories": "missing_tags", "issue_ids": "[2]", "osm_url": "https://www.openstreetmap.org/way/1120694054", "josm_url": "http://127.0.0.1:8111/load_object?new_layer=false&objects=w1120694054", "id_url": "https://www.openstreetmap.org/edit?editor=id&way=1120694054#map=20/-25.4566677/-49.2808741"}}, {"type": "Feature", "geometry": {"type": "Point", "coordinates": [-49.2811417, -25.4572798]}, "properties": {"id": 1120694055, "feat_type": "way", "quality_categories": "missing_tags", "issue_ids": "[2]", "osm_url": "https://www.openstreetmap.org/way/1120694055", "josm_url": "http://127.0.0.1:8111/load_object?new_layer=false&objects=w1120694055", "id_url": "https://www.openstreetmap.org/edit?editor=id&way=1120694055#map=20/-25.4572798/-49.2811417"}}, {"type": "Feature", "geometry": {"type": "Point", "coordinates": [-49.2812151, -25.4574476]}, "properties": {"id": 1120694056, "feat_type": "way", "quality_categories": "missing_tags", "issue_ids": "[2]", "osm_url": "https://www.openstreetmap.org/way/1120694056", "josm_url": "http://127.0.0.1:8111/load_object?new_layer=false&objects=w1120694056", "id_url": "https://www.openstreetmap.org/edit?editor=id&way=1120694056#map=20/-25.4574476/-49.2812151"}}, {"type": "Feature", "geometry": {"type": "Point", "coordinates": [-49.2815969, -25.4583206]}, "properties": {"id": 1120694057, "feat_type": "way", "quality_categories": "missing_tags", "issue_ids": "[2]", "osm_url": "https://www.openstreetmap.org/way/1120694057", "josm_url": "http://127.0.0.1:8111/load_object?new_layer=false&objects=w1120694057", "id_url": "https://www.openstreetmap.org/edit?editor=id&way=1120694057#map=20/-25.4583206/-49.2815969"}}, {"type": "Feature", "geometry": {"type": "Point", "coordinates": [-49.2802296, -25.4551938]}, "properties": {"id": 1120694058, "feat_type": "way", "quality_categories": "missing_tags", "issue_ids": "[2]", "osm_url": "https://www.openstreetmap.org/way/1120694058", "josm_url": "http://127.0.0.1:8111/load_object?new_layer=false&objects=w1120694058", "id_url": "https://www.openstreetmap.org/edit?editor=id&way=1120694058#map=20/-25.4551938/-49.2802296"}}, {"type": "Feature", "geometry": {"type": "Point", "coordinates": [-49.2806001, -25.4560413]}, "properties": {"id": 1120694059, "feat_type": "way", "quality_categories": "missing_tags", "issue_ids": "[2]", "osm_url": "https://www.openstreetmap.org/way/1120694059", "josm_url": "http://127.0.0.1:8111/load_object?new_layer=false&objects=w1120694059", "id_url": "https://www.openstreetmap.org/edit?editor=id&way=1120694059#map=20/-25.4560413/-49.2806001"}}, {"type": "Feature", "geometry": {"type": "Point", "coordinates": [-49.2806735, -25.4562091]}, "properties": {"id": 1120694060, "feat_type": "way", "quality_categories": "missing_tags", "issue_ids": "[2]", "osm_url": "https://www.openstreetmap.org/way/1120694060", "josm_url": "http://127.0.0.1:8111/load_object?new_layer=false&objects=w1120694060", "id_url": "https://www.openstreetmap.org/edit?editor=id&way=1120694060#map=20/-25.4562091/-49.2806735"}}, {"type": "Feature", "geometry": {"type": "Point", "coordinates": [-49.2808007, -25.4564999]}, "properties": {"id": 1120694061, "feat_type": "way", "quality_categories": "missing_tags", "issue_ids": "[2]", "osm_url": "https://www.openstreetmap.org/way/1120694061", "josm_url": "http://127.0.0.1:8111/load_object?new_layer=false&objects=w1120694061", "id_url": "https://www.openstreetmap.org/edit?editor=id&way=1120694061#map=20/-25.4564999/-49.2808007"}}, {"type": "Feature", "geometry": {"type": "Point", "coordinates": [-49.2797764, -25.4541575]}, "properties": {"id": 1120694062, "feat_type": "way", "quality_categories": "missing_tags", "issue_ids": "[2]", "osm_url": "https://www.openstreetmap.org/way/1120694062", "josm_url": "http://127.0.0.1:8111/load_object?new_layer=false&objects=w1120694062", "id_url": "https://www.openstreetmap.org/edit?editor=id&way=1120694062#map=20/-25.4541575/-49.2797764"}}, {"type": "Feature", "geometry": {"type": "Point", "coordinates": [-49.2801562, -25.455026]}, "properties": {"id": 1120694063, "feat_type": "way", "quality_categories": "missing_tags", "issue_ids": "[2]", "osm_url": "https://www.openstreetmap.org/way/1120694063", "josm_url": "http://127.0.0.1:8111/load_object?new_layer=false&objects=w1120694063", "id_url": "https://www.openstreetmap.org/edit?editor=id&way=1120694063#map=20/-25.455026/-49.2801562"}}, {"type": "Feature", "geometry": {"type": "Point", "coordinates": [-49.279703, -25.4539897]}, "properties": {"id": 1120694064, "feat_type": "way", "quality_categories": "missing_tags", "issue_ids": "[2]", "osm_url": "https://www.openstreetmap.org/way/1120694064", "josm_url": "http://127.0.0.1:8111/load_object?new_layer=false&objects=w1120694064", "id_url": "https://www.openstreetmap.org/edit?editor=id&way=1120694064#map=20/-25.4539897/-49.279703"}}, {"type": "Feature", "geometry": {"type": "Point", "coordinates": [-49.2816703, -25.4584884]}, "properties": {"id": 1120694065, "feat_type": "way", "quality_categories": "missing_tags", "issue_ids": "[2]", "osm_url": "https://www.openstreetmap.org/way/1120694065", "josm_url": "http://127.0.0.1:8111/load_object?new_layer=false&objects=w1120694065", "id_url": "https://www.openstreetmap.org/edit?editor=id&way=1120694065#map=20/-25.4584884/-49.2816703"}}, {"type": "Feature", "geometry": {"type": "Point", "coordinates": [-49.2820567, -25.4593723]}, "properties": {"id": 1120694066, "feat_type": "way", "quality_categories": "missing_tags", "issue_ids": "[2]", "osm_url": "https://www.openstreetmap.org/way/1120694066", "josm_url": "http://127.0.0.1:8111/load_object?new_layer=false&objects=w1120694066", "id_url": "https://www.openstreetmap.org/edit?editor=id&way=1120694066#map=20/-25.4593723/-49.2820567"}}, {"type": "Feature", "geometry": {"type": "Point", "coordinates": [-49.2764047, -25.4565328]}, "properties": {"id": 1120694067, "feat_type": "way", "quality_categories": "missing_tags", "issue_ids": "[2]", "osm_url": "https://www.openstreetmap.org/way/1120694067", "josm_url": "http://127.0.0.1:8111/load_object?new_layer=false&objects=w1120694067", "id_url": "https://www.openstreetmap.org/edit?editor=id&way=1120694067#map=20/-25.4565328/-49.2764047"}}, {"type": "Feature", "geometry": {"type": "Point", "coordinates": [-49.2752377, -25.4569714]}, "properties": {"id": 1120694068, "feat_type": "way", "quality_categories": "missing_tags", "issue_ids": "[2]", "osm_url": "https://www.openstreetmap.org/way/1120694068", "josm_url": "http://127.0.0.1:8111/load_object?new_layer=false&objects=w1120694068", "id_url": "https://www.openstreetmap.org/edit?editor=id&way=1120694068#map=20/-25.4569714/-49.2752377"}}, {"type": "Feature", "geometry": {"type": "Point", "coordinates": [-49.2750539, -25.4570404]}, "properties": {"id": 1120694069, "feat_type": "way", "quality_categories": "missing_tags", "issue_ids": "[2]", "osm_url": "https://www.openstreetmap.org/way/1120694069", "josm_url": "http://127.0.0.1:8111/load_object?new_layer=false&objects=w1120694069", "id_url": "https://www.openstreetmap.org/edit?editor=id&way=1120694069#map=20/-25.4570404/-49.2750539"}}, {"type": "Feature", "geometry": {"type": "Point", "coordinates": [-49.2743753, -25.4572955]}, "properties": {"id": 1120694070, "feat_type": "way", "quality_categories": "missing_tags", "issue_ids": "[2]", "osm_url": "https://www.openstreetmap.org/way/1120694070", "josm_url": "http://127.0.0.1:8111/load_object?new_layer=false&objects=w1120694070", "id_url": "https://www.openstreetmap.org/edit?editor=id&way=1120694070#map=20/-25.4572955/-49.2743753"}}, {"type": "Feature", "geometry": {"type": "Point", "coordinates": [-49.2777654, -25.4560216]}, "properties": {"id": 1120694071, "feat_type": "way", "quality_categories": "missing_tags", "issue_ids": "[2]", "osm_url": "https://www.openstreetmap.org/way/1120694071", "josm_url": "http://127.0.0.1:8111/load_object?new_layer=false&objects=w1120694071", "id_url": "https://www.openstreetmap.org/edit?editor=id&way=1120694071#map=20/-25.4560216/-49.2777654"}}, {"type": "Feature", "geometry": {"type": "Point", "coordinates": [-49.2765885, -25.4564638]}, "properties": {"id": 1120694072, "feat_type": "way", "quality_categories": "missing_tags", "issue_ids": "[2]", "osm_url": "https://www.openstreetmap.org/way/1120694072", "josm_url": "http://127.0.0.1:8111/load_object?new_layer=false&objects=w1120694072", "id_url": "https://www.openstreetmap.org/edit?editor=id&way=1120694072#map=20/-25.4564638/-49.2765885"}}, {"type": "Feature", "geometry": {"type": "Point", "coordinates": [-49.273604, -25.4575853]}, "properties": {"id": 1120694073, "feat_type": "way", "quality_categories": "missing_tags", "issue_ids": "[2]", "osm_url": "https://www.openstreetmap.org/way/1120694073", "josm_url": "http://127.0.0.1:8111/load_object?new_layer=false&objects=w1120694073", "id_url": "https://www.openstreetmap.org/edit?editor=id&way=1120694073#map=20/-25.4575853/-49.273604"}}, {"type": "Feature", "geometry": {"type": "Point", "coordinates": [-49.2725962, -25.4579643]}, "properties": {"id": 1120694074, "feat_type": "way", "quality_categories": "missing_tags", "issue_ids": "[2]", "osm_url": "https://www.openstreetmap.org/way/1120694074", "josm_url": "http://127.0.0.1:8111/load_object?new_layer=false&objects=w1120694074", "id_url": "https://www.openstreetmap.org/edit?editor=id&way=1120694074#map=20/-25.4579643/-49.2725962"}}, {"type": "Feature", "geometry": {"type": "Point", "coordinates": [-49.2741915, -25.4573645]}, "properties": {"id": 1120694075, "feat_type": "way", "quality_categories": "missing_tags", "issue_ids": "[2]", "osm_url": "https://www.openstreetmap.org/way/1120694075", "josm_url": "http://127.0.0.1:8111/load_object?new_layer=false&objects=w1120694075", "id_url": "https://www.openstreetmap.org/edit?editor=id&way=1120694075#map=20/-25.4573645/-49.2741915"}}, {"type": "Feature", "geometry": {"type": "Point", "coordinates": [-49.2739274, -25.4574638]}, "properties": {"id": 1120694076, "feat_type": "way", "quality_categories": "missing_tags", "issue_ids": "[2]", "osm_url": "https://www.openstreetmap.org/way/1120694076", "josm_url": "http://127.0.0.1:8111/load_object?new_layer=false&objects=w1120694076", "id_url": "https://www.openstreetmap.org/edit?editor=id&way=1120694076#map=20/-25.4574638/-49.2739274"}}, {"type": "Feature", "geometry": {"type": "Point", "coordinates": [-49.2724122, -25.4580329]}, "properties": {"id": 1120694077, "feat_type": "way", "quality_categories": "missing_tags", "issue_ids": "[2]", "osm_url": "https://www.openstreetmap.org/way/1120694077", "josm_url": "http://127.0.0.1:8111/load_object?new_layer=false&objects=w1120694077", "id_url": "https://www.openstreetmap.org/edit?editor=id&way=1120694077#map=20/-25.4580329/-49.2724122"}}, {"type": "Feature", "geometry": {"type": "Point", "coordinates": [-49.2718612, -25.4582366]}, "properties": {"id": 1120694078, "feat_type": "way", "quality_categories": "missing_tags", "issue_ids": "[2]", "osm_url": "https://www.openstreetmap.org/way/1120694078", "josm_url": "http://127.0.0.1:8111/load_object?new_layer=false&objects=w1120694078", "id_url": "https://www.openstreetmap.org/edit?editor=id&way=1120694078#map=20/-25.4582366/-49.2718612"}}, {"type": "Feature", "geometry": {"type": "Point", "coordinates": [-49.2789227, -25.4555866]}, "properties": {"id": 1120694079, "feat_type": "way", "quality_categories": "missing_tags", "issue_ids": "[2]", "osm_url": "https://www.openstreetmap.org/way/1120694079", "josm_url": "http://127.0.0.1:8111/load_object?new_layer=false&objects=w1120694079", "id_url": "https://www.openstreetmap.org/edit?editor=id&way=1120694079#map=20/-25.4555866/-49.2789227"}}, {"type": "Feature", "geometry": {"type": "Point", "coordinates": [-49.2779676, -25.4559457]}, "properties": {"id": 1120694080, "feat_type": "way", "quality_categories": "missing_tags", "issue_ids": "[2]", "osm_url": "https://www.openstreetmap.org/way/1120694080", "josm_url": "http://127.0.0.1:8111/load_object?new_layer=false&objects=w1120694080", "id_url": "https://www.openstreetmap.org/edit?editor=id&way=1120694080#map=20/-25.4559457/-49.2779676"}}, {"type": "Feature", "geometry": {"type": "Point", "coordinates": [-49.2716775, -25.4583058]}, "properties": {"id": 1120694081, "feat_type": "way", "quality_categories": "missing_tags", "issue_ids": "[2]", "osm_url": "https://www.openstreetmap.org/way/1120694081", "josm_url": "http://127.0.0.1:8111/load_object?new_layer=false&objects=w1120694081", "id_url": "https://www.openstreetmap.org/edit?editor=id&way=1120694081#map=20/-25.4583058/-49.2716775"}}, {"type": "Feature", "geometry": {"type": "Point", "coordinates": [-49.2711375, -25.4585132]}, "properties": {"id": 1120694082, "feat_type": "way", "quality_categories": "missing_tags", "issue_ids": "[2]", "osm_url": "https://www.openstreetmap.org/way/1120694082", "josm_url": "http://127.0.0.1:8111/load_object?new_layer=false&objects=w1120694082", "id_url": "https://www.openstreetmap.org/edit?editor=id&way=1120694082#map=20/-25.4585132/-49.2711375"}}, {"type": "Feature", "geometry": {"type": "Point", "coordinates": [-49.2812062, -25.4547283]}, "properties": {"id": 1120694083, "feat_type": "way", "quality_categories": "missing_tags", "issue_ids": "[2]", "osm_url": "https://www.openstreetmap.org/way/1120694083", "josm_url": "http://127.0.0.1:8111/load_object?new_layer=false&objects=w1120694083", "id_url": "https://www.openstreetmap.org/edit?editor=id&way=1120694083#map=20/-25.4547283/-49.2812062"}}, {"type": "Feature", "geometry": {"type": "Point", "coordinates": [-49.2802847, -25.4550753]}, "properties": {"id": 1120694084, "feat_type": "way", "quality_categories": "missing_tags", "issue_ids": "[2]", "osm_url": "https://www.openstreetmap.org/way/1120694084", "josm_url": "http://127.0.0.1:8111/load_object?new_layer=false&objects=w1120694084", "id_url": "https://www.openstreetmap.org/edit?editor=id&way=1120694084#map=20/-25.4550753/-49.2802847"}}, {"type": "Feature", "geometry": {"type": "Point", "coordinates": [-49.280101, -25.4551444]}, "properties": {"id": 1120694085, "feat_type": "way", "quality_categories": "missing_tags", "issue_ids": "[2]", "osm_url": "https://www.openstreetmap.org/way/1120694085", "josm_url": "http://127.0.0.1:8111/load_object?new_layer=false&objects=w1120694085", "id_url": "https://www.openstreetmap.org/edit?editor=id&way=1120694085#map=20/-25.4551444/-49.280101"}}, {"type": "Feature", "geometry": {"type": "Point", "coordinates": [-49.2791248, -25.4555107]}, "properties": {"id": 1120694086, "feat_type": "way", "quality_categories": "missing_tags", "issue_ids": "[2]", "osm_url": "https://www.openstreetmap.org/way/1120694086", "josm_url": "http://127.0.0.1:8111/load_object?new_layer=false&objects=w1120694086", "id_url": "https://www.openstreetmap.org/edit?editor=id&way=1120694086#map=20/-25.4555107/-49.2791248"}}, {"type": "Feature", "geometry": {"type": "Point", "coordinates": [-49.2768679, -25.4575476]}, "properties": {"id": 1120694087, "feat_type": "way", "quality_categories": "missing_tags", "issue_ids": "[2]", "osm_url": "https://www.openstreetmap.org/way/1120694087", "josm_url": "http://127.0.0.1:8111/load_object?new_layer=false&objects=w1120694087", "id_url": "https://www.openstreetmap.org/edit?editor=id&way=1120694087#map=20/-25.4575476/-49.2768679"}}, {"type": "Feature", "geometry": {"type": "Point", "coordinates": [-49.2756989, -25.4579889]}, "properties": {"id": 1120694088, "feat_type": "way", "quality_categories": "missing_tags", "issue_ids": "[2]", "osm_url": "https://www.openstreetmap.org/way/1120694088", "josm_url": "http://127.0.0.1:8111/load_object?new_layer=false&objects=w1120694088", "id_url": "https://www.openstreetmap.org/edit?editor=id&way=1120694088#map=20/-25.4579889/-49.2756989"}}, {"type": "Feature", "geometry": {"type": "Point", "coordinates": [-49.2755153, -25.4580583]}, "properties": {"id": 1120694089, "feat_type": "way", "quality_categories": "missing_tags", "issue_ids": "[2]", "osm_url": "https://www.openstreetmap.org/way/1120694089", "josm_url": "http://127.0.0.1:8111/load_object?new_layer=false&objects=w1120694089", "id_url": "https://www.openstreetmap.org/edit?editor=id&way=1120694089#map=20/-25.4580583/-49.2755153"}}, {"type": "Feature", "geometry": {"type": "Point", "coordinates": [-49.2751031, -25.4582139]}, "properties": {"id": 1120694090, "feat_type": "way", "quality_categories": "missing_tags", "issue_ids": "[2]", "osm_url": "https://www.openstreetmap.org/way/1120694090", "josm_url": "http://127.0.0.1:8111/load_object?new_layer=false&objects=w1120694090", "id_url": "https://www.openstreetmap.org/edit?editor=id&way=1120694090#map=20/-25.4582139/-49.2751031"}}, {"type": "Feature", "geometry": {"type": "Point", "coordinates": [-49.2782245, -25.4570354]}, "properties": {"id": 1120694091, "feat_type": "way", "quality_categories": "missing_tags", "issue_ids": "[2]", "osm_url": "https://www.openstreetmap.org/way/1120694091", "josm_url": "http://127.0.0.1:8111/load_object?new_layer=false&objects=w1120694091", "id_url": "https://www.openstreetmap.org/edit?editor=id&way=1120694091#map=20/-25.4570354/-49.2782245"}}, {"type": "Feature", "geometry": {"type": "Point", "coordinates": [-49.2770515, -25.4574782]}, "properties": {"id": 1120694092, "feat_type": "way", "quality_categories": "missing_tags", "issue_ids": "[2]", "osm_url": "https://www.openstreetmap.org/way/1120694092", "josm_url": "http://127.0.0.1:8111/load_object?new_layer=false&objects=w1120694092", "id_url": "https://www.openstreetmap.org/edit?editor=id&way=1120694092#map=20/-25.4574782/-49.2770515"}}, {"type": "Feature", "geometry": {"type": "Point", "coordinates": [-49.2749195, -25.4582833]}, "properties": {"id": 1120694093, "feat_type": "way", "quality_categories": "missing_tags", "issue_ids": "[2]", "osm_url": "https://www.openstreetmap.org/way/1120694093", "josm_url": "http://127.0.0.1:8111/load_object?new_layer=false&objects=w1120694093", "id_url": "https://www.openstreetmap.org/edit?editor=id&way=1120694093#map=20/-25.4582833/-49.2749195"}}, {"type": "Feature", "geometry": {"type": "Point", "coordinates": [-49.274389, -25.4584836]}, "properties": {"id": 1120694094, "feat_type": "way", "quality_categories": "missing_tags", "issue_ids": "[2]", "osm_url": "https://www.openstreetmap.org/way/1120694094", "josm_url": "http://127.0.0.1:8111/load_object?new_layer=false&objects=w1120694094", "id_url": "https://www.openstreetmap.org/edit?editor=id&way=1120694094#map=20/-25.4584836/-49.274389"}}, {"type": "Feature", "geometry": {"type": "Point", "coordinates": [-49.2742054, -25.458553]}, "properties": {"id": 1120694095, "feat_type": "way", "quality_categories": "missing_tags", "issue_ids": "[2]", "osm_url": "https://www.openstreetmap.org/way/1120694095", "josm_url": "http://127.0.0.1:8111/load_object?new_layer=false&objects=w1120694095", "id_url": "https://www.openstreetmap.org/edit?editor=id&way=1120694095#map=20/-25.458553/-49.2742054"}}, {"type": "Feature", "geometry": {"type": "Point", "coordinates": [-49.2730531, -25.458988]}, "properties": {"id": 1120694096, "feat_type": "way", "quality_categories": "missing_tags", "issue_ids": "[2]", "osm_url": "https://www.openstreetmap.org/way/1120694096", "josm_url": "http://127.0.0.1:8111/load_object?new_layer=false&objects=w1120694096", "id_url": "https://www.openstreetmap.org/edit?editor=id&way=1120694096#map=20/-25.458988/-49.2730531"}}, {"type": "Feature", "geometry": {"type": "Point", "coordinates": [-49.2728695, -25.4590574]}, "properties": {"id": 1120694097, "feat_type": "way", "quality_categories": "missing_tags", "issue_ids": "[2]", "osm_url": "https://www.openstreetmap.org/way/1120694097", "josm_url": "http://127.0.0.1:8111/load_object?new_layer=false&objects=w1120694097", "id_url": "https://www.openstreetmap.org/edit?editor=id&way=1120694097#map=20/-25.4590574/-49.2728695"}}, {"type": "Feature", "geometry": {"type": "Point", "coordinates": [-49.2724635, -25.4592106]}, "properties": {"id": 1120694098, "feat_type": "way", "quality_categories": "missing_tags", "issue_ids": "[2]", "osm_url": "https://www.openstreetmap.org/way/1120694098", "josm_url": "http://127.0.0.1:8111/load_object?new_layer=false&objects=w1120694098", "id_url": "https://www.openstreetmap.org/edit?editor=id&way=1120694098#map=20/-25.4592106/-49.2724635"}}, {"type": "Feature", "geometry": {"type": "Point", "coordinates": [-49.2793637, -25.4566052]}, "properties": {"id": 1120694099, "feat_type": "way", "quality_categories": "missing_tags", "issue_ids": "[2]", "osm_url": "https://www.openstreetmap.org/way/1120694099", "josm_url": "http://127.0.0.1:8111/load_object?new_layer=false&objects=w1120694099", "id_url": "https://www.openstreetmap.org/edit?editor=id&way=1120694099#map=20/-25.4566052/-49.2793637"}}, {"type": "Feature", "geometry": {"type": "Point", "coordinates": [-49.2784265, -25.4569592]}, "properties": {"id": 1120694100, "feat_type": "way", "quality_categories": "missing_tags", "issue_ids": "[2]", "osm_url": "https://www.openstreetmap.org/way/1120694100", "josm_url": "http://127.0.0.1:8111/load_object?new_layer=false&objects=w1120694100", "id_url": "https://www.openstreetmap.org/edit?editor=id&way=1120694100#map=20/-25.4569592/-49.2784265"}}, {"type": "Feature", "geometry": {"type": "Point", "coordinates": [-49.2722799, -25.45928]}, "properties": {"id": 1120694101, "feat_type": "way", "quality_categories": "missing_tags", "issue_ids": "[2]", "osm_url": "https://www.openstreetmap.org/way/1120694101", "josm_url": "http://127.0.0.1:8111/load_object?new_layer=false&objects=w1120694101", "id_url": "https://www.openstreetmap.org/edit?editor=id&way=1120694101#map=20/-25.45928/-49.2722799"}}, {"type": "Feature", "geometry": {"type": "Point", "coordinates": [-49.2720732, -25.459358]}, "properties": {"id": 1120694102, "feat_type": "way", "quality_categories": "missing_tags", "issue_ids": "[2]", "osm_url": "https://www.openstreetmap.org/way/1120694102", "josm_url": "http://127.0.0.1:8111/load_object?new_layer=false&objects=w1120694102", "id_url": "https://www.openstreetmap.org/edit?editor=id&way=1120694102#map=20/-25.459358/-49.2720732"}}, {"type": "Feature", "geometry": {"type": "Point", "coordinates": [-49.2816508, -25.4557414]}, "properties": {"id": 1120694103, "feat_type": "way", "quality_categories": "missing_tags", "issue_ids": "[2]", "osm_url": "https://www.openstreetmap.org/way/1120694103", "josm_url": "http://127.0.0.1:8111/load_object?new_layer=false&objects=w1120694103", "id_url": "https://www.openstreetmap.org/edit?editor=id&way=1120694103#map=20/-25.4557414/-49.2816508"}}, {"type": "Feature", "geometry": {"type": "Point", "coordinates": [-49.2807285, -25.4560904]}, "properties": {"id": 1120694104, "feat_type": "way", "quality_categories": "missing_tags", "issue_ids": "[2]", "osm_url": "https://www.openstreetmap.org/way/1120694104", "josm_url": "http://127.0.0.1:8111/load_object?new_layer=false&objects=w1120694104", "id_url": "https://www.openstreetmap.org/edit?editor=id&way=1120694104#map=20/-25.4560904/-49.2807285"}}, {"type": "Feature", "geometry": {"type": "Point", "coordinates": [-49.280545, -25.4561598]}, "properties": {"id": 1120694105, "feat_type": "way", "quality_categories": "missing_tags", "issue_ids": "[2]", "osm_url": "https://www.openstreetmap.org/way/1120694105", "josm_url": "http://127.0.0.1:8111/load_object?new_layer=false&objects=w1120694105", "id_url": "https://www.openstreetmap.org/edit?editor=id&way=1120694105#map=20/-25.4561598/-49.280545"}}, {"type": "Feature", "geometry": {"type": "Point", "coordinates": [-49.2795657, -25.456529]}, "properties": {"id": 1120694106, "feat_type": "way", "quality_categories": "missing_tags", "issue_ids": "[2]", "osm_url": "https://www.openstreetmap.org/way/1120694106", "josm_url": "http://127.0.0.1:8111/load_object?new_layer=false&objects=w1120694106", "id_url": "https://www.openstreetmap.org/edit?editor=id&way=1120694106#map=20/-25.456529/-49.2795657"}}, {"type": "Feature", "geometry": {"type": "Point", "coordinates": [-49.2807486, -25.4566243]}, "properties": {"id": 1120694107, "feat_type": "way", "quality_categories": "missing_tags", "issue_ids": "[2]", "osm_url": "https://www.openstreetmap.org/way/1120694107", "josm_url": "http://127.0.0.1:8111/load_object?new_layer=false&objects=w1120694107", "id_url": "https://www.openstreetmap.org/edit?editor=id&way=1120694107#map=20/-25.4566243/-49.2807486"}}, {"type": "Feature", "geometry": {"type": "Point", "coordinates": [-49.2798192, -25.4571214]}, "properties": {"id": 1120694108, "feat_type": "way", "quality_categories": "missing_tags", "issue_ids": "[2]", "osm_url": "https://www.openstreetmap.org/way/1120694108", "josm_url": "http://127.0.0.1:8111/load_object?new_layer=false&objects=w1120694108", "id_url": "https://www.openstreetmap.org/edit?editor=id&way=1120694108#map=20/-25.4571214/-49.2798192"}}, {"type": "Feature", "geometry": {"type": "Point", "coordinates": [-49.2788567, -25.457936]}, "properties": {"id": 1120694110, "feat_type": "way", "quality_categories": "missing_tags", "issue_ids": "[2]", "osm_url": "https://www.openstreetmap.org/way/1120694110", "josm_url": "http://127.0.0.1:8111/load_object?new_layer=false&objects=w1120694110", "id_url": "https://www.openstreetmap.org/edit?editor=id&way=1120694110#map=20/-25.457936/-49.2788567"}}, {"type": "Feature", "geometry": {"type": "Point", "coordinates": [-49.2773365, -25.4585741]}, "properties": {"id": 1120694111, "feat_type": "way", "quality_categories": "missing_tags", "issue_ids": "[2]", "osm_url": "https://www.openstreetmap.org/way/1120694111", "josm_url": "http://127.0.0.1:8111/load_object?new_layer=false&objects=w1120694111", "id_url": "https://www.openstreetmap.org/edit?editor=id&way=1120694111#map=20/-25.4585741/-49.2773365"}}, {"type": "Feature", "geometry": {"type": "Point", "coordinates": [-49.2761641, -25.4590149]}, "properties": {"id": 1120694112, "feat_type": "way", "quality_categories": "missing_tags", "issue_ids": "[2]", "osm_url": "https://www.openstreetmap.org/way/1120694112", "josm_url": "http://127.0.0.1:8111/load_object?new_layer=false&objects=w1120694112", "id_url": "https://www.openstreetmap.org/edit?editor=id&way=1120694112#map=20/-25.4590149/-49.2761641"}}, {"type": "Feature", "geometry": {"type": "Point", "coordinates": [-49.2759803, -25.459084]}, "properties": {"id": 1120694113, "feat_type": "way", "quality_categories": "missing_tags", "issue_ids": "[2]", "osm_url": "https://www.openstreetmap.org/way/1120694113", "josm_url": "http://127.0.0.1:8111/load_object?new_layer=false&objects=w1120694113", "id_url": "https://www.openstreetmap.org/edit?editor=id&way=1120694113#map=20/-25.459084/-49.2759803"}}, {"type": "Feature", "geometry": {"type": "Point", "coordinates": [-49.2748528, -25.459508]}, "properties": {"id": 1120694114, "feat_type": "way", "quality_categories": "missing_tags", "issue_ids": "[2]", "osm_url": "https://www.openstreetmap.org/way/1120694114", "josm_url": "http://127.0.0.1:8111/load_object?new_layer=false&objects=w1120694114", "id_url": "https://www.openstreetmap.org/edit?editor=id&way=1120694114#map=20/-25.459508/-49.2748528"}}, {"type": "Feature", "geometry": {"type": "Point", "coordinates": [-49.2786907, -25.4580649]}, "properties": {"id": 1120694115, "feat_type": "way", "quality_categories": "missing_tags", "issue_ids": "[2]", "osm_url": "https://www.openstreetmap.org/way/1120694115", "josm_url": "http://127.0.0.1:8111/load_object?new_layer=false&objects=w1120694115", "id_url": "https://www.openstreetmap.org/edit?editor=id&way=1120694115#map=20/-25.4580649/-49.2786907"}}, {"type": "Feature", "geometry": {"type": "Point", "coordinates": [-49.2775203, -25.458505]}, "properties": {"id": 1120694116, "feat_type": "way", "quality_categories": "missing_tags", "issue_ids": "[2]", "osm_url": "https://www.openstreetmap.org/way/1120694116", "josm_url": "http://127.0.0.1:8111/load_object?new_layer=false&objects=w1120694116", "id_url": "https://www.openstreetmap.org/edit?editor=id&way=1120694116#map=20/-25.458505/-49.2775203"}}, {"type": "Feature", "geometry": {"type": "Point", "coordinates": [-49.274669, -25.4595771]}, "properties": {"id": 1120694117, "feat_type": "way", "quality_categories": "missing_tags", "issue_ids": "[2]", "osm_url": "https://www.openstreetmap.org/way/1120694117", "josm_url": "http://127.0.0.1:8111/load_object?new_layer=false&objects=w1120694117", "id_url": "https://www.openstreetmap.org/edit?editor=id&way=1120694117#map=20/-25.4595771/-49.274669"}}, {"type": "Feature", "geometry": {"type": "Point", "coordinates": [-49.2735855, -25.4599845]}, "properties": {"id": 1120694118, "feat_type": "way", "quality_categories": "missing_tags", "issue_ids": "[2]", "osm_url": "https://www.openstreetmap.org/way/1120694118", "josm_url": "http://127.0.0.1:8111/load_object?new_layer=false&objects=w1120694118", "id_url": "https://www.openstreetmap.org/edit?editor=id&way=1120694118#map=20/-25.4599845/-49.2735855"}}, {"type": "Feature", "geometry": {"type": "Point", "coordinates": [-49.2733266, -25.4600818]}, "properties": {"id": 1120694119, "feat_type": "way", "quality_categories": "missing_tags", "issue_ids": "[2]", "osm_url": "https://www.openstreetmap.org/way/1120694119", "josm_url": "http://127.0.0.1:8111/load_object?new_layer=false&objects=w1120694119", "id_url": "https://www.openstreetmap.org/edit?editor=id&way=1120694119#map=20/-25.4600818/-49.2733266"}}, {"type": "Feature", "geometry": {"type": "Point", "coordinates": [-49.2730091, -25.4602012]}, "properties": {"id": 1120694120, "feat_type": "way", "quality_categories": "missing_tags", "issue_ids": "[2]", "osm_url": "https://www.openstreetmap.org/way/1120694120", "josm_url": "http://127.0.0.1:8111/load_object?new_layer=false&objects=w1120694120", "id_url": "https://www.openstreetmap.org/edit?editor=id&way=1120694120#map=20/-25.4602012/-49.2730091"}}, {"type": "Feature", "geometry": {"type": "Point", "coordinates": [-49.2738733, -25.4575818]}, "properties": {"id": 1120694121, "feat_type": "way", "quality_categories": "missing_tags", "issue_ids": "[2]", "osm_url": "https://www.openstreetmap.org/way/1120694121", "josm_url": "http://127.0.0.1:8111/load_object?new_layer=false&objects=w1120694121", "id_url": "https://www.openstreetmap.org/edit?editor=id&way=1120694121#map=20/-25.4575818/-49.2738733"}}, {"type": "Feature", "geometry": {"type": "Point", "coordinates": [-49.2742594, -25.4584348]}, "properties": {"id": 1120694122, "feat_type": "way", "quality_categories": "missing_tags", "issue_ids": "[2]", "osm_url": "https://www.openstreetmap.org/way/1120694122", "josm_url": "http://127.0.0.1:8111/load_object?new_layer=false&objects=w1120694122", "id_url": "https://www.openstreetmap.org/edit?editor=id&way=1120694122#map=20/-25.4584348/-49.2742594"}}, {"type": "Feature", "geometry": {"type": "Point", "coordinates": [-49.274335, -25.4586018]}, "properties": {"id": 1120694123, "feat_type": "way", "quality_categories": "missing_tags", "issue_ids": "[2]", "osm_url": "https://www.openstreetmap.org/way/1120694123", "josm_url": "http://127.0.0.1:8111/load_object?new_layer=false&objects=w1120694123", "id_url": "https://www.openstreetmap.org/edit?editor=id&way=1120694123#map=20/-25.4586018/-49.274335"}}, {"type": "Feature", "geometry": {"type": "Point", "coordinates": [-49.2747228, -25.4594584]}, "properties": {"id": 1120694124, "feat_type": "way", "quality_categories": "missing_tags", "issue_ids": "[2]", "osm_url": "https://www.openstreetmap.org/way/1120694124", "josm_url": "http://127.0.0.1:8111/load_object?new_layer=false&objects=w1120694124", "id_url": "https://www.openstreetmap.org/edit?editor=id&way=1120694124#map=20/-25.4594584/-49.2747228"}}, {"type": "Feature", "geometry": {"type": "Point", "coordinates": [-49.2747984, -25.4596254]}, "properties": {"id": 1120694125, "feat_type": "way", "quality_categories": "missing_tags", "issue_ids": "[2]", "osm_url": "https://www.openstreetmap.org/way/1120694125", "josm_url": "http://127.0.0.1:8111/load_object?new_layer=false&objects=w1120694125", "id_url": "https://www.openstreetmap.org/edit?editor=id&way=1120694125#map=20/-25.4596254/-49.2747984"}}, {"type": "Feature", "geometry": {"type": "Point", "coordinates": [-49.2751857, -25.4604809]}, "properties": {"id": 1120694126, "feat_type": "way", "quality_categories": "missing_tags", "issue_ids": "[2]", "osm_url": "https://www.openstreetmap.org/way/1120694126", "josm_url": "http://127.0.0.1:8111/load_object?new_layer=false&objects=w1120694126", "id_url": "https://www.openstreetmap.org/edit?editor=id&way=1120694126#map=20/-25.4604809/-49.2751857"}}, {"type": "Feature", "geometry": {"type": "Point", "coordinates": [-49.2752613, -25.4606479]}, "properties": {"id": 1120694127, "feat_type": "way", "quality_categories": "missing_tags", "issue_ids": "[2]", "osm_url": "https://www.openstreetmap.org/way/1120694127", "josm_url": "http://127.0.0.1:8111/load_object?new_layer=false&objects=w1120694127", "id_url": "https://www.openstreetmap.org/edit?editor=id&way=1120694127#map=20/-25.4606479/-49.2752613"}}, {"type": "Feature", "geometry": {"type": "Point", "coordinates": [-49.2755354, -25.4612534]}, "properties": {"id": 1120694128, "feat_type": "way", "quality_categories": "missing_tags", "issue_ids": "[2]", "osm_url": "https://www.openstreetmap.org/way/1120694128", "josm_url": "http://127.0.0.1:8111/load_object?new_layer=false&objects=w1120694128", "id_url": "https://www.openstreetmap.org/edit?editor=id&way=1120694128#map=20/-25.4612534/-49.2755354"}}, {"type": "Feature", "geometry": {"type": "Point", "coordinates": [-49.2720648, -25.4572382]}, "properties": {"id": 1120694129, "feat_type": "way", "quality_categories": "missing_tags", "issue_ids": "[2]", "osm_url": "https://www.openstreetmap.org/way/1120694129", "josm_url": "http://127.0.0.1:8111/load_object?new_layer=false&objects=w1120694129", "id_url": "https://www.openstreetmap.org/edit?editor=id&way=1120694129#map=20/-25.4572382/-49.2720648"}}, {"type": "Feature", "geometry": {"type": "Point", "coordinates": [-49.2712368, -25.4572494]}, "properties": {"id": 1120694130, "feat_type": "way", "quality_categories": "missing_tags", "issue_ids": "[2]", "osm_url": "https://www.openstreetmap.org/way/1120694130", "josm_url": "http://127.0.0.1:8111/load_object?new_layer=false&objects=w1120694130", "id_url": "https://www.openstreetmap.org/edit?editor=id&way=1120694130#map=20/-25.4572494/-49.2712368"}}, {"type": "Feature", "geometry": {"type": "Point", "coordinates": [-49.2725416, -25.4580826]}, "properties": {"id": 1120694131, "feat_type": "way", "quality_categories": "missing_tags", "issue_ids": "[2]", "osm_url": "https://www.openstreetmap.org/way/1120694131", "josm_url": "http://127.0.0.1:8111/load_object?new_layer=false&objects=w1120694131", "id_url": "https://www.openstreetmap.org/edit?editor=id&way=1120694131#map=20/-25.4580826/-49.2725416"}}, {"type": "Feature", "geometry": {"type": "Point", "coordinates": [-49.272924, -25.458939]}, "properties": {"id": 1120694132, "feat_type": "way", "quality_categories": "missing_tags", "issue_ids": "[2]", "osm_url": "https://www.openstreetmap.org/way/1120694132", "josm_url": "http://127.0.0.1:8111/load_object?new_layer=false&objects=w1120694132", "id_url": "https://www.openstreetmap.org/edit?editor=id&way=1120694132#map=20/-25.458939/-49.272924"}}, {"type": "Feature", "geometry": {"type": "Point", "coordinates": [-49.2729986, -25.4591064]}, "properties": {"id": 1120694133, "feat_type": "way", "quality_categories": "missing_tags", "issue_ids": "[2]", "osm_url": "https://www.openstreetmap.org/way/1120694133", "josm_url": "http://127.0.0.1:8111/load_object?new_layer=false&objects=w1120694133", "id_url": "https://www.openstreetmap.org/edit?editor=id&way=1120694133#map=20/-25.4591064/-49.2729986"}}, {"type": "Feature", "geometry": {"type": "Point", "coordinates": [-49.2733808, -25.4599627]}, "properties": {"id": 1120694134, "feat_type": "way", "quality_categories": "missing_tags", "issue_ids": "[2]", "osm_url": "https://www.openstreetmap.org/way/1120694134", "josm_url": "http://127.0.0.1:8111/load_object?new_layer=false&objects=w1120694134", "id_url": "https://www.openstreetmap.org/edit?editor=id&way=1120694134#map=20/-25.4599627/-49.2733808"}}, {"type": "Feature", "geometry": {"type": "Point", "coordinates": [-49.2722015, -25.4573205]}, "properties": {"id": 1120694135, "feat_type": "way", "quality_categories": "missing_tags", "issue_ids": "[2]", "osm_url": "https://www.openstreetmap.org/way/1120694135", "josm_url": "http://127.0.0.1:8111/load_object?new_layer=false&objects=w1120694135", "id_url": "https://www.openstreetmap.org/edit?editor=id&way=1120694135#map=20/-25.4573205/-49.2722015"}}, {"type": "Feature", "geometry": {"type": "Point", "coordinates": [-49.272467, -25.4579152]}, "properties": {"id": 1120694136, "feat_type": "way", "quality_categories": "missing_tags", "issue_ids": "[2]", "osm_url": "https://www.openstreetmap.org/way/1120694136", "josm_url": "http://127.0.0.1:8111/load_object?new_layer=false&objects=w1120694136", "id_url": "https://www.openstreetmap.org/edit?editor=id&way=1120694136#map=20/-25.4579152/-49.272467"}}, {"type": "Feature", "geometry": {"type": "Point", "coordinates": [-49.2719838, -25.4568327]}, "properties": {"id": 1120694137, "feat_type": "way", "quality_categories": "missing_tags", "issue_ids": "[2]", "osm_url": "https://www.openstreetmap.org/way/1120694137", "josm_url": "http://127.0.0.1:8111/load_object?new_layer=false&objects=w1120694137", "id_url": "https://www.openstreetmap.org/edit?editor=id&way=1120694137#map=20/-25.4568327/-49.2719838"}}, {"type": "Feature", "geometry": {"type": "Point", "coordinates": [-49.2721269, -25.4571531]}, "properties": {"id": 1120694138, "feat_type": "way", "quality_categories": "missing_tags", "issue_ids": "[2]", "osm_url": "https://www.openstreetmap.org/way/1120694138", "josm_url": "http://127.0.0.1:8111/load_object?new_layer=false&objects=w1120694138", "id_url": "https://www.openstreetmap.org/edit?editor=id&way=1120694138#map=20/-25.4571531/-49.2721269"}}, {"type": "Feature", "geometry": {"type": "Point", "coordinates": [-49.2711861, -25.4573295]}, "properties": {"id": 1120694139, "feat_type": "way", "quality_categories": "missing_tags", "issue_ids": "[2]", "osm_url": "https://www.openstreetmap.org/way/1120694139", "josm_url": "http://127.0.0.1:8111/load_object?new_layer=false&objects=w1120694139", "id_url": "https://www.openstreetmap.org/edit?editor=id&way=1120694139#map=20/-25.4573295/-49.2711861"}}, {"type": "Feature", "geometry": {"type": "Point", "coordinates": [-49.2717204, -25.4581919]}, "properties": {"id": 1120694140, "feat_type": "way", "quality_categories": "missing_tags", "issue_ids": "[2]", "osm_url": "https://www.openstreetmap.org/way/1120694140", "josm_url": "http://127.0.0.1:8111/load_object?new_layer=false&objects=w1120694140", "id_url": "https://www.openstreetmap.org/edit?editor=id&way=1120694140#map=20/-25.4581919/-49.2717204"}}, {"type": "Feature", "geometry": {"type": "Point", "coordinates": [-49.2718178, -25.4583493]}, "properties": {"id": 1120694141, "feat_type": "way", "quality_categories": "missing_tags", "issue_ids": "[2]", "osm_url": "https://www.openstreetmap.org/way/1120694141", "josm_url": "http://127.0.0.1:8111/load_object?new_layer=false&objects=w1120694141", "id_url": "https://www.openstreetmap.org/edit?editor=id&way=1120694141#map=20/-25.4583493/-49.2718178"}}, {"type": "Feature", "geometry": {"type": "Point", "coordinates": [-49.272323, -25.4591666]}, "properties": {"id": 1120694142, "feat_type": "way", "quality_categories": "missing_tags", "issue_ids": "[2]", "osm_url": "https://www.openstreetmap.org/way/1120694142", "josm_url": "http://127.0.0.1:8111/load_object?new_layer=false&objects=w1120694142", "id_url": "https://www.openstreetmap.org/edit?editor=id&way=1120694142#map=20/-25.4591666/-49.272323"}}, {"type": "Feature", "geometry": {"type": "Point", "coordinates": [-49.2708949, -25.4568594]}, "properties": {"id": 1120694143, "feat_type": "way", "quality_categories": "missing_tags", "issue_ids": "[2]", "osm_url": "https://www.openstreetmap.org/way/1120694143", "josm_url": "http://127.0.0.1:8111/load_object?new_layer=false&objects=w1120694143", "id_url": "https://www.openstreetmap.org/edit?editor=id&way=1120694143#map=20/-25.4568594/-49.2708949"}}, {"type": "Feature", "geometry": {"type": "Point", "coordinates": [-49.2710887, -25.4571721]}, "properties": {"id": 1120694144, "feat_type": "way", "quality_categories": "missing_tags", "issue_ids": "[2]", "osm_url": "https://www.openstreetmap.org/way/1120694144", "josm_url": "http://127.0.0.1:8111/load_object?new_layer=false&objects=w1120694144", "id_url": "https://www.openstreetmap.org/edit?editor=id&way=1120694144#map=20/-25.4571721/-49.2710887"}}, {"type": "Feature", "geometry": {"type": "Point", "coordinates": [-49.2798316, -25.4540392]}, "properties": {"id": 1120694145, "feat_type": "way", "quality_categories": "missing_tags", "issue_ids": "[2]", "osm_url": "https://www.openstreetmap.org/way/1120694145", "josm_url": "http://127.0.0.1:8111/load_object?new_layer=false&objects=w1120694145", "id_url": "https://www.openstreetmap.org/edit?editor=id&way=1120694145#map=20/-25.4540392/-49.2798316"}}, {"type": "Feature", "geometry": {"type": "Point", "coordinates": [-49.2807528, -25.4536949]}, "properties": {"id": 1120694146, "feat_type": "way", "quality_categories": "missing_tags", "issue_ids": "[2]", "osm_url": "https://www.openstreetmap.org/way/1120694146", "josm_url": "http://127.0.0.1:8111/load_object?new_layer=false&objects=w1120694146", "id_url": "https://www.openstreetmap.org/edit?editor=id&way=1120694146#map=20/-25.4536949/-49.2807528"}}, {"type": "Feature", "geometry": {"type": "Point", "coordinates": [-49.2762216, -25.4630953]}, "properties": {"id": 1120694147, "feat_type": "way", "quality_categories": "missing_tags", "issue_ids": "[2]", "osm_url": "https://www.openstreetmap.org/way/1120694147", "josm_url": "http://127.0.0.1:8111/load_object?new_layer=false&objects=w1120694147", "id_url": "https://www.openstreetmap.org/edit?editor=id&way=1120694147#map=20/-25.4630953/-49.2762216"}}, {"type": "Feature", "geometry": {"type": "Point", "coordinates": [-49.2769808, -25.461425]}, "properties": {"id": 1120694148, "feat_type": "way", "quality_categories": "missing_tags", "issue_ids": "[2]", "osm_url": "https://www.openstreetmap.org/way/1120694148", "josm_url": "http://127.0.0.1:8111/load_object?new_layer=false&objects=w1120694148", "id_url": "https://www.openstreetmap.org/edit?editor=id&way=1120694148#map=20/-25.461425/-49.2769808"}}, {"type": "Feature", "geometry": {"type": "Point", "coordinates": [-49.2758654, -25.4616004]}, "properties": {"id": 1120694149, "feat_type": "way", "quality_categories": "missing_tags", "issue_ids": "[2]", "osm_url": "https://www.openstreetmap.org/way/1120694149", "josm_url": "http://127.0.0.1:8111/load_object?new_layer=false&objects=w1120694149", "id_url": "https://www.openstreetmap.org/edit?editor=id&way=1120694149#map=20/-25.4616004/-49.2758654"}}, {"type": "Feature", "geometry": {"type": "Point", "coordinates": [-49.2907766, -25.4537052]}, "properties": {"id": 1120694150, "feat_type": "way", "quality_categories": "missing_tags", "issue_ids": "[2]", "osm_url": "https://www.openstreetmap.org/way/1120694150", "josm_url": "http://127.0.0.1:8111/load_object?new_layer=false&objects=w1120694150", "id_url": "https://www.openstreetmap.org/edit?editor=id&way=1120694150#map=20/-25.4537052/-49.2907766"}}, {"type": "Feature", "geometry": {"type": "Point", "coordinates": [-49.2909551, -25.4523994]}, "properties": {"id": 1120694151, "feat_type": "way", "quality_categories": "missing_tags", "issue_ids": "[2]", "osm_url": "https://www.openstreetmap.org/way/1120694151", "josm_url": "http://127.0.0.1:8111/load_object?new_layer=false&objects=w1120694151", "id_url": "https://www.openstreetmap.org/edit?editor=id&way=1120694151#map=20/-25.4523994/-49.2909551"}}, {"type": "Feature", "geometry": {"type": "Point", "coordinates": [-49.2895289, -25.4533388]}, "properties": {"id": 1120694152, "feat_type": "way", "quality_categories": "missing_tags", "issue_ids": "[2]", "osm_url": "https://www.openstreetmap.org/way/1120694152", "josm_url": "http://127.0.0.1:8111/load_object?new_layer=false&objects=w1120694152", "id_url": "https://www.openstreetmap.org/edit?editor=id&way=1120694152#map=20/-25.4533388/-49.2895289"}}, {"type": "Feature", "geometry": {"type": "Point", "coordinates": [-49.2893087, -25.4532554]}, "properties": {"id": 1120694153, "feat_type": "way", "quality_categories": "missing_tags", "issue_ids": "[2]", "osm_url": "https://www.openstreetmap.org/way/1120694153", "josm_url": "http://127.0.0.1:8111/load_object?new_layer=false&objects=w1120694153", "id_url": "https://www.openstreetmap.org/edit?editor=id&way=1120694153#map=20/-25.4532554/-49.2893087"}}, {"type": "Feature", "geometry": {"type": "Point", "coordinates": [-49.2880051, -25.4527622]}, "properties": {"id": 1120694154, "feat_type": "way", "quality_categories": "missing_tags", "issue_ids": "[2]", "osm_url": "https://www.openstreetmap.org/way/1120694154", "josm_url": "http://127.0.0.1:8111/load_object?new_layer=false&objects=w1120694154", "id_url": "https://www.openstreetmap.org/edit?editor=id&way=1120694154#map=20/-25.4527622/-49.2880051"}}, {"type": "Feature", "geometry": {"type": "Point", "coordinates": [-49.2889279, -25.4496971]}, "properties": {"id": 1120694155, "feat_type": "way", "quality_categories": "missing_tags", "issue_ids": "[2]", "osm_url": "https://www.openstreetmap.org/way/1120694155", "josm_url": "http://127.0.0.1:8111/load_object?new_layer=false&objects=w1120694155", "id_url": "https://www.openstreetmap.org/edit?editor=id&way=1120694155#map=20/-25.4496971/-49.2889279"}}, {"type": "Feature", "geometry": {"type": "Point", "coordinates": [-49.2861648, -25.4539028]}, "properties": {"id": 1120694159, "feat_type": "way", "quality_categories": "missing_tags", "issue_ids": "[2]", "osm_url": "https://www.openstreetmap.org/way/1120694159", "josm_url": "http://127.0.0.1:8111/load_object?new_layer=false&objects=w1120694159", "id_url": "https://www.openstreetmap.org/edit?editor=id&way=1120694159#map=20/-25.4539028/-49.2861648"}}, {"type": "Feature", "geometry": {"type": "Point", "coordinates": [-49.2859661, -25.4539004]}, "properties": {"id": 1120694160, "feat_type": "way", "quality_categories": "missing_tags", "issue_ids": "[2]", "osm_url": "https://www.openstreetmap.org/way/1120694160", "josm_url": "http://127.0.0.1:8111/load_object?new_layer=false&objects=w1120694160", "id_url": "https://www.openstreetmap.org/edit?editor=id&way=1120694160#map=20/-25.4539004/-49.2859661"}}, {"type": "Feature", "geometry": {"type": "Point", "coordinates": [-49.2848487, -25.4537746]}, "properties": {"id": 1120694161, "feat_type": "way", "quality_categories": "missing_tags", "issue_ids": "[2]", "osm_url": "https://www.openstreetmap.org/way/1120694161", "josm_url": "http://127.0.0.1:8111/load_object?new_layer=false&objects=w1120694161", "id_url": "https://www.openstreetmap.org/edit?editor=id&way=1120694161#map=20/-25.4537746/-49.2848487"}}, {"type": "Feature", "geometry": {"type": "Point", "coordinates": [-49.276233, -25.4535115]}, "properties": {"id": 1120694163, "feat_type": "way", "quality_categories": "missing_tags", "issue_ids": "[2]", "osm_url": "https://www.openstreetmap.org/way/1120694163", "josm_url": "http://127.0.0.1:8111/load_object?new_layer=false&objects=w1120694163", "id_url": "https://www.openstreetmap.org/edit?editor=id&way=1120694163#map=20/-25.4535115/-49.276233"}}, {"type": "Feature", "geometry": {"type": "Point", "coordinates": [-49.2710322, -25.4559082]}, "properties": {"id": 1120694165, "feat_type": "way", "quality_categories": "missing_tags", "issue_ids": "[2]", "osm_url": "https://www.openstreetmap.org/way/1120694165", "josm_url": "http://127.0.0.1:8111/load_object?new_layer=false&objects=w1120694165", "id_url": "https://www.openstreetmap.org/edit?editor=id&way=1120694165#map=20/-25.4559082/-49.2710322"}}, {"type": "Feature", "geometry": {"type": "Point", "coordinates": [-49.2708651, -25.4566921]}, "properties": {"id": 1120694166, "feat_type": "way", "quality_categories": "missing_tags", "issue_ids": "[2]", "osm_url": "https://www.openstreetmap.org/way/1120694166", "josm_url": "http://127.0.0.1:8111/load_object?new_layer=false&objects=w1120694166", "id_url": "https://www.openstreetmap.org/edit?editor=id&way=1120694166#map=20/-25.4566921/-49.2708651"}}, {"type": "Feature", "geometry": {"type": "Point", "coordinates": [-49.2855368, -25.4701766]}, "properties": {"id": 1120694167, "feat_type": "way", "quality_categories": "missing_tags", "issue_ids": "[2]", "osm_url": "https://www.openstreetmap.org/way/1120694167", "josm_url": "http://127.0.0.1:8111/load_object?new_layer=false&objects=w1120694167", "id_url": "https://www.openstreetmap.org/edit?editor=id&way=1120694167#map=20/-25.4701766/-49.2855368"}}, {"type": "Feature", "geometry": {"type": "Point", "coordinates": [-49.2859072, -25.469366]}, "properties": {"id": 1120694168, "feat_type": "way", "quality_categories": "missing_tags", "issue_ids": "[2]", "osm_url": "https://www.openstreetmap.org/way/1120694168", "josm_url": "http://127.0.0.1:8111/load_object?new_layer=false&objects=w1120694168", "id_url": "https://www.openstreetmap.org/edit?editor=id&way=1120694168#map=20/-25.469366/-49.2859072"}}, {"type": "Feature", "geometry": {"type": "Point", "coordinates": [-49.2859848, -25.4691998]}, "properties": {"id": 1120694169, "feat_type": "way", "quality_categories": "missing_tags", "issue_ids": "[2]", "osm_url": "https://www.openstreetmap.org/way/1120694169", "josm_url": "http://127.0.0.1:8111/load_object?new_layer=false&objects=w1120694169", "id_url": "https://www.openstreetmap.org/edit?editor=id&way=1120694169#map=20/-25.4691998/-49.2859848"}}, {"type": "Feature", "geometry": {"type": "Point", "coordinates": [-49.2863593, -25.4684142]}, "properties": {"id": 1120694170, "feat_type": "way", "quality_categories": "missing_tags", "issue_ids": "[2]", "osm_url": "https://www.openstreetmap.org/way/1120694170", "josm_url": "http://127.0.0.1:8111/load_object?new_layer=false&objects=w1120694170", "id_url": "https://www.openstreetmap.org/edit?editor=id&way=1120694170#map=20/-25.4684142/-49.2863593"}}, {"type": "Feature", "geometry": {"type": "Point", "coordinates": [-49.2850964, -25.4711066]}, "properties": {"id": 1120694171, "feat_type": "way", "quality_categories": "missing_tags", "issue_ids": "[2]", "osm_url": "https://www.openstreetmap.org/way/1120694171", "josm_url": "http://127.0.0.1:8111/load_object?new_layer=false&objects=w1120694171", "id_url": "https://www.openstreetmap.org/edit?editor=id&way=1120694171#map=20/-25.4711066/-49.2850964"}}, {"type": "Feature", "geometry": {"type": "Point", "coordinates": [-49.2854593, -25.4703429]}, "properties": {"id": 1120694172, "feat_type": "way", "quality_categories": "missing_tags", "issue_ids": "[2]", "osm_url": "https://www.openstreetmap.org/way/1120694172", "josm_url": "http://127.0.0.1:8111/load_object?new_layer=false&objects=w1120694172", "id_url": "https://www.openstreetmap.org/edit?editor=id&way=1120694172#map=20/-25.4703429/-49.2854593"}}, {"type": "Feature", "geometry": {"type": "Point", "coordinates": [-49.2864459, -25.4682319]}, "properties": {"id": 1120694173, "feat_type": "way", "quality_categories": "missing_tags", "issue_ids": "[2]", "osm_url": "https://www.openstreetmap.org/way/1120694173", "josm_url": "http://127.0.0.1:8111/load_object?new_layer=false&objects=w1120694173", "id_url": "https://www.openstreetmap.org/edit?editor=id&way=1120694173#map=20/-25.4682319/-49.2864459"}}, {"type": "Feature", "geometry": {"type": "Point", "coordinates": [-49.2868142, -25.4674532]}, "properties": {"id": 1120694174, "feat_type": "way", "quality_categories": "missing_tags", "issue_ids": "[2]", "osm_url": "https://www.openstreetmap.org/way/1120694174", "josm_url": "http://127.0.0.1:8111/load_object?new_layer=false&objects=w1120694174", "id_url": "https://www.openstreetmap.org/edit?editor=id&way=1120694174#map=20/-25.4674532/-49.2868142"}}, {"type": "Feature", "geometry": {"type": "Point", "coordinates": [-49.2881085, -25.4669015]}, "properties": {"id": 1120694175, "feat_type": "way", "quality_categories": "missing_tags", "issue_ids": "[2]", "osm_url": "https://www.openstreetmap.org/way/1120694175", "josm_url": "http://127.0.0.1:8111/load_object?new_layer=false&objects=w1120694175", "id_url": "https://www.openstreetmap.org/edit?editor=id&way=1120694175#map=20/-25.4669015/-49.2881085"}}, {"type": "Feature", "geometry": {"type": "Point", "coordinates": [-49.2890733, -25.4665385]}, "properties": {"id": 1120694176, "feat_type": "way", "quality_categories": "missing_tags", "issue_ids": "[2]", "osm_url": "https://www.openstreetmap.org/way/1120694176", "josm_url": "http://127.0.0.1:8111/load_object?new_layer=false&objects=w1120694176", "id_url": "https://www.openstreetmap.org/edit?editor=id&way=1120694176#map=20/-25.4665385/-49.2890733"}}, {"type": "Feature", "geometry": {"type": "Point", "coordinates": [-49.2892571, -25.4664693]}, "properties": {"id": 1120694177, "feat_type": "way", "quality_categories": "missing_tags", "issue_ids": "[2]", "osm_url": "https://www.openstreetmap.org/way/1120694177", "josm_url": "http://127.0.0.1:8111/load_object?new_layer=false&objects=w1120694177", "id_url": "https://www.openstreetmap.org/edit?editor=id&way=1120694177#map=20/-25.4664693/-49.2892571"}}, {"type": "Feature", "geometry": {"type": "Point", "coordinates": [-49.2869588, -25.4673247]}, "properties": {"id": 1120694178, "feat_type": "way", "quality_categories": "missing_tags", "issue_ids": "[2]", "osm_url": "https://www.openstreetmap.org/way/1120694178", "josm_url": "http://127.0.0.1:8111/load_object?new_layer=false&objects=w1120694178", "id_url": "https://www.openstreetmap.org/edit?editor=id&way=1120694178#map=20/-25.4673247/-49.2869588"}}, {"type": "Feature", "geometry": {"type": "Point", "coordinates": [-49.2879244, -25.46697]}, "properties": {"id": 1120694179, "feat_type": "way", "quality_categories": "missing_tags", "issue_ids": "[2]", "osm_url": "https://www.openstreetmap.org/way/1120694179", "josm_url": "http://127.0.0.1:8111/load_object?new_layer=false&objects=w1120694179", "id_url": "https://www.openstreetmap.org/edit?editor=id&way=1120694179#map=20/-25.46697/-49.2879244"}}, {"type": "Feature", "geometry": {"type": "Point", "coordinates": [-49.2804617, -25.4643483]}, "properties": {"id": 1120694180, "feat_type": "way", "quality_categories": "missing_tags", "issue_ids": "[2]", "osm_url": "https://www.openstreetmap.org/way/1120694180", "josm_url": "http://127.0.0.1:8111/load_object?new_layer=false&objects=w1120694180", "id_url": "https://www.openstreetmap.org/edit?editor=id&way=1120694180#map=20/-25.4643483/-49.2804617"}}, {"type": "Feature", "geometry": {"type": "Point", "coordinates": [-49.2814154, -25.4652066]}, "properties": {"id": 1120694181, "feat_type": "way", "quality_categories": "missing_tags", "issue_ids": "[2]", "osm_url": "https://www.openstreetmap.org/way/1120694181", "josm_url": "http://127.0.0.1:8111/load_object?new_layer=false&objects=w1120694181", "id_url": "https://www.openstreetmap.org/edit?editor=id&way=1120694181#map=20/-25.4652066/-49.2814154"}}, {"type": "Feature", "geometry": {"type": "Point", "coordinates": [-49.2815708, -25.4653464]}, "properties": {"id": 1120694182, "feat_type": "way", "quality_categories": "missing_tags", "issue_ids": "[2]", "osm_url": "https://www.openstreetmap.org/way/1120694182", "josm_url": "http://127.0.0.1:8111/load_object?new_layer=false&objects=w1120694182", "id_url": "https://www.openstreetmap.org/edit?editor=id&way=1120694182#map=20/-25.4653464/-49.2815708"}}, {"type": "Feature", "geometry": {"type": "Point", "coordinates": [-49.2825278, -25.4662075]}, "properties": {"id": 1120694183, "feat_type": "way", "quality_categories": "missing_tags", "issue_ids": "[2]", "osm_url": "https://www.openstreetmap.org/way/1120694183", "josm_url": "http://127.0.0.1:8111/load_object?new_layer=false&objects=w1120694183", "id_url": "https://www.openstreetmap.org/edit?editor=id&way=1120694183#map=20/-25.4662075/-49.2825278"}}, {"type": "Feature", "geometry": {"type": "Point", "coordinates": [-49.2860159, -25.4693462]}, "properties": {"id": 1120694184, "feat_type": "way", "quality_categories": "missing_tags", "issue_ids": "[2]", "osm_url": "https://www.openstreetmap.org/way/1120694184", "josm_url": "http://127.0.0.1:8111/load_object?new_layer=false&objects=w1120694184", "id_url": "https://www.openstreetmap.org/edit?editor=id&way=1120694184#map=20/-25.4693462/-49.2860159"}}, {"type": "Feature", "geometry": {"type": "Point", "coordinates": [-49.2869853, -25.4702184]}, "properties": {"id": 1120694185, "feat_type": "way", "quality_categories": "missing_tags", "issue_ids": "[2]", "osm_url": "https://www.openstreetmap.org/way/1120694185", "josm_url": "http://127.0.0.1:8111/load_object?new_layer=false&objects=w1120694185", "id_url": "https://www.openstreetmap.org/edit?editor=id&way=1120694185#map=20/-25.4702184/-49.2869853"}}, {"type": "Feature", "geometry": {"type": "Point", "coordinates": [-49.2793471, -25.463332]}, "properties": {"id": 1120694186, "feat_type": "way", "quality_categories": "missing_tags", "issue_ids": "[2]", "osm_url": "https://www.openstreetmap.org/way/1120694186", "josm_url": "http://127.0.0.1:8111/load_object?new_layer=false&objects=w1120694186", "id_url": "https://www.openstreetmap.org/edit?editor=id&way=1120694186#map=20/-25.463332/-49.2793471"}}, {"type": "Feature", "geometry": {"type": "Point", "coordinates": [-49.2803069, -25.464208]}, "properties": {"id": 1120694187, "feat_type": "way", "quality_categories": "missing_tags", "issue_ids": "[2]", "osm_url": "https://www.openstreetmap.org/way/1120694187", "josm_url": "http://127.0.0.1:8111/load_object?new_layer=false&objects=w1120694187", "id_url": "https://www.openstreetmap.org/edit?editor=id&way=1120694187#map=20/-25.464208/-49.2803069"}}, {"type": "Feature", "geometry": {"type": "Point", "coordinates": [-49.282669, -25.4663345]}, "properties": {"id": 1120694188, "feat_type": "way", "quality_categories": "missing_tags", "issue_ids": "[2]", "osm_url": "https://www.openstreetmap.org/way/1120694188", "josm_url": "http://127.0.0.1:8111/load_object?new_layer=false&objects=w1120694188", "id_url": "https://www.openstreetmap.org/edit?editor=id&way=1120694188#map=20/-25.4663345/-49.282669"}}, {"type": "Feature", "geometry": {"type": "Point", "coordinates": [-49.2836576, -25.4672241]}, "properties": {"id": 1120694189, "feat_type": "way", "quality_categories": "missing_tags", "issue_ids": "[2]", "osm_url": "https://www.openstreetmap.org/way/1120694189", "josm_url": "http://127.0.0.1:8111/load_object?new_layer=false&objects=w1120694189", "id_url": "https://www.openstreetmap.org/edit?editor=id&way=1120694189#map=20/-25.4672241/-49.2836576"}}, {"type": "Feature", "geometry": {"type": "Point", "coordinates": [-49.2837988, -25.4673511]}, "properties": {"id": 1120694190, "feat_type": "way", "quality_categories": "missing_tags", "issue_ids": "[2]", "osm_url": "https://www.openstreetmap.org/way/1120694190", "josm_url": "http://127.0.0.1:8111/load_object?new_layer=false&objects=w1120694190", "id_url": "https://www.openstreetmap.org/edit?editor=id&way=1120694190#map=20/-25.4673511/-49.2837988"}}, {"type": "Feature", "geometry": {"type": "Point", "coordinates": [-49.2847745, -25.4682291]}, "properties": {"id": 1120694191, "feat_type": "way", "quality_categories": "missing_tags", "issue_ids": "[2]", "osm_url": "https://www.openstreetmap.org/way/1120694191", "josm_url": "http://127.0.0.1:8111/load_object?new_layer=false&objects=w1120694191", "id_url": "https://www.openstreetmap.org/edit?editor=id&way=1120694191#map=20/-25.4682291/-49.2847745"}}, {"type": "Feature", "geometry": {"type": "Point", "coordinates": [-49.2849157, -25.4683561]}, "properties": {"id": 1120694192, "feat_type": "way", "quality_categories": "missing_tags", "issue_ids": "[2]", "osm_url": "https://www.openstreetmap.org/way/1120694192", "josm_url": "http://127.0.0.1:8111/load_object?new_layer=false&objects=w1120694192", "id_url": "https://www.openstreetmap.org/edit?editor=id&way=1120694192#map=20/-25.4683561/-49.2849157"}}, {"type": "Feature", "geometry": {"type": "Point", "coordinates": [-49.2858747, -25.4692191]}, "properties": {"id": 1120694193, "feat_type": "way", "quality_categories": "missing_tags", "issue_ids": "[2]", "osm_url": "https://www.openstreetmap.org/way/1120694193", "josm_url": "http://127.0.0.1:8111/load_object?new_layer=false&objects=w1120694193", "id_url": "https://www.openstreetmap.org/edit?editor=id&way=1120694193#map=20/-25.4692191/-49.2858747"}}, {"type": "Feature", "geometry": {"type": "Point", "coordinates": [-49.2899491, -25.4619076]}, "properties": {"id": 1120694194, "feat_type": "way", "quality_categories": "missing_tags", "issue_ids": "[2]", "osm_url": "https://www.openstreetmap.org/way/1120694194", "josm_url": "http://127.0.0.1:8111/load_object?new_layer=false&objects=w1120694194", "id_url": "https://www.openstreetmap.org/edit?editor=id&way=1120694194#map=20/-25.4619076/-49.2899491"}}, {"type": "Feature", "geometry": {"type": "Point", "coordinates": [-49.2889049, -25.4622995]}, "properties": {"id": 1120694195, "feat_type": "way", "quality_categories": "missing_tags", "issue_ids": "[2]", "osm_url": "https://www.openstreetmap.org/way/1120694195", "josm_url": "http://127.0.0.1:8111/load_object?new_layer=false&objects=w1120694195", "id_url": "https://www.openstreetmap.org/edit?editor=id&way=1120694195#map=20/-25.4622995/-49.2889049"}}, {"type": "Feature", "geometry": {"type": "Point", "coordinates": [-49.2855693, -25.4703236]}, "properties": {"id": 1120694196, "feat_type": "way", "quality_categories": "missing_tags", "issue_ids": "[2]", "osm_url": "https://www.openstreetmap.org/way/1120694196", "josm_url": "http://127.0.0.1:8111/load_object?new_layer=false&objects=w1120694196", "id_url": "https://www.openstreetmap.org/edit?editor=id&way=1120694196#map=20/-25.4703236/-49.2855693"}}, {"type": "Feature", "geometry": {"type": "Point", "coordinates": [-49.2865332, -25.4711916]}, "properties": {"id": 1120694197, "feat_type": "way", "quality_categories": "missing_tags", "issue_ids": "[2]", "osm_url": "https://www.openstreetmap.org/way/1120694197", "josm_url": "http://127.0.0.1:8111/load_object?new_layer=false&objects=w1120694197", "id_url": "https://www.openstreetmap.org/edit?editor=id&way=1120694197#map=20/-25.4711916/-49.2865332"}}, {"type": "Feature", "geometry": {"type": "Point", "coordinates": [-49.2833457, -25.4683351]}, "properties": {"id": 1120694198, "feat_type": "way", "quality_categories": "missing_tags", "issue_ids": "[2]", "osm_url": "https://www.openstreetmap.org/way/1120694198", "josm_url": "http://127.0.0.1:8111/load_object?new_layer=false&objects=w1120694198", "id_url": "https://www.openstreetmap.org/edit?editor=id&way=1120694198#map=20/-25.4683351/-49.2833457"}}, {"type": "Feature", "geometry": {"type": "Point", "coordinates": [-49.2843227, -25.4692126]}, "properties": {"id": 1120694199, "feat_type": "way", "quality_categories": "missing_tags", "issue_ids": "[2]", "osm_url": "https://www.openstreetmap.org/way/1120694199", "josm_url": "http://127.0.0.1:8111/load_object?new_layer=false&objects=w1120694199", "id_url": "https://www.openstreetmap.org/edit?editor=id&way=1120694199#map=20/-25.4692126/-49.2843227"}}, {"type": "Feature", "geometry": {"type": "Point", "coordinates": [-49.2844644, -25.4693393]}, "properties": {"id": 1120694200, "feat_type": "way", "quality_categories": "missing_tags", "issue_ids": "[2]", "osm_url": "https://www.openstreetmap.org/way/1120694200", "josm_url": "http://127.0.0.1:8111/load_object?new_layer=false&objects=w1120694200", "id_url": "https://www.openstreetmap.org/edit?editor=id&way=1120694200#map=20/-25.4693393/-49.2844644"}}, {"type": "Feature", "geometry": {"type": "Point", "coordinates": [-49.2854277, -25.4701968]}, "properties": {"id": 1120694201, "feat_type": "way", "quality_categories": "missing_tags", "issue_ids": "[2]", "osm_url": "https://www.openstreetmap.org/way/1120694201", "josm_url": "http://127.0.0.1:8111/load_object?new_layer=false&objects=w1120694201", "id_url": "https://www.openstreetmap.org/edit?editor=id&way=1120694201#map=20/-25.4701968/-49.2854277"}}, {"type": "Feature", "geometry": {"type": "Point", "coordinates": [-49.2811159, -25.4663411]}, "properties": {"id": 1120694202, "feat_type": "way", "quality_categories": "missing_tags", "issue_ids": "[2]", "osm_url": "https://www.openstreetmap.org/way/1120694202", "josm_url": "http://127.0.0.1:8111/load_object?new_layer=false&objects=w1120694202", "id_url": "https://www.openstreetmap.org/edit?editor=id&way=1120694202#map=20/-25.4663411/-49.2811159"}}, {"type": "Feature", "geometry": {"type": "Point", "coordinates": [-49.2820768, -25.4671999]}, "properties": {"id": 1120694203, "feat_type": "way", "quality_categories": "missing_tags", "issue_ids": "[2]", "osm_url": "https://www.openstreetmap.org/way/1120694203", "josm_url": "http://127.0.0.1:8111/load_object?new_layer=false&objects=w1120694203", "id_url": "https://www.openstreetmap.org/edit?editor=id&way=1120694203#map=20/-25.4671999/-49.2820768"}}, {"type": "Feature", "geometry": {"type": "Point", "coordinates": [-49.2822185, -25.4673266]}, "properties": {"id": 1120694204, "feat_type": "way", "quality_categories": "missing_tags", "issue_ids": "[2]", "osm_url": "https://www.openstreetmap.org/way/1120694204", "josm_url": "http://127.0.0.1:8111/load_object?new_layer=false&objects=w1120694204", "id_url": "https://www.openstreetmap.org/edit?editor=id&way=1120694204#map=20/-25.4673266/-49.2822185"}}, {"type": "Feature", "geometry": {"type": "Point", "coordinates": [-49.2832042, -25.4682082]}, "properties": {"id": 1120694205, "feat_type": "way", "quality_categories": "missing_tags", "issue_ids": "[2]", "osm_url": "https://www.openstreetmap.org/way/1120694205", "josm_url": "http://127.0.0.1:8111/load_object?new_layer=false&objects=w1120694205", "id_url": "https://www.openstreetmap.org/edit?editor=id&way=1120694205#map=20/-25.4682082/-49.2832042"}}, {"type": "Feature", "geometry": {"type": "Point", "coordinates": [-49.2792385, -25.4633512]}, "properties": {"id": 1120694206, "feat_type": "way", "quality_categories": "missing_tags", "issue_ids": "[2]", "osm_url": "https://www.openstreetmap.org/way/1120694206", "josm_url": "http://127.0.0.1:8111/load_object?new_layer=false&objects=w1120694206", "id_url": "https://www.openstreetmap.org/edit?editor=id&way=1120694206#map=20/-25.4633512/-49.2792385"}}, {"type": "Feature", "geometry": {"type": "Point", "coordinates": [-49.2788589, -25.4641726]}, "properties": {"id": 1120694207, "feat_type": "way", "quality_categories": "missing_tags", "issue_ids": "[2]", "osm_url": "https://www.openstreetmap.org/way/1120694207", "josm_url": "http://127.0.0.1:8111/load_object?new_layer=false&objects=w1120694207", "id_url": "https://www.openstreetmap.org/edit?editor=id&way=1120694207#map=20/-25.4641726/-49.2788589"}}, {"type": "Feature", "geometry": {"type": "Point", "coordinates": [-49.2787816, -25.4643389]}, "properties": {"id": 1120694208, "feat_type": "way", "quality_categories": "missing_tags", "issue_ids": "[2]", "osm_url": "https://www.openstreetmap.org/way/1120694208", "josm_url": "http://127.0.0.1:8111/load_object?new_layer=false&objects=w1120694208", "id_url": "https://www.openstreetmap.org/edit?editor=id&way=1120694208#map=20/-25.4643389/-49.2787816"}}, {"type": "Feature", "geometry": {"type": "Point", "coordinates": [-49.2784323, -25.4650866]}, "properties": {"id": 1120694209, "feat_type": "way", "quality_categories": "missing_tags", "issue_ids": "[2]", "osm_url": "https://www.openstreetmap.org/way/1120694209", "josm_url": "http://127.0.0.1:8111/load_object?new_layer=false&objects=w1120694209", "id_url": "https://www.openstreetmap.org/edit?editor=id&way=1120694209#map=20/-25.4650866/-49.2784323"}}, {"type": "Feature", "geometry": {"type": "Point", "coordinates": [-49.2785695, -25.4613963]}, "properties": {"id": 1120694210, "feat_type": "way", "quality_categories": "missing_tags", "issue_ids": "[2]", "osm_url": "https://www.openstreetmap.org/way/1120694210", "josm_url": "http://127.0.0.1:8111/load_object?new_layer=false&objects=w1120694210", "id_url": "https://www.openstreetmap.org/edit?editor=id&way=1120694210#map=20/-25.4613963/-49.2785695"}}, {"type": "Feature", "geometry": {"type": "Point", "coordinates": [-49.278202, -25.4621955]}, "properties": {"id": 1120694211, "feat_type": "way", "quality_categories": "missing_tags", "issue_ids": "[2]", "osm_url": "https://www.openstreetmap.org/way/1120694211", "josm_url": "http://127.0.0.1:8111/load_object?new_layer=false&objects=w1120694211", "id_url": "https://www.openstreetmap.org/edit?editor=id&way=1120694211#map=20/-25.4621955/-49.278202"}}, {"type": "Feature", "geometry": {"type": "Point", "coordinates": [-49.2781254, -25.4623621]}, "properties": {"id": 1120694212, "feat_type": "way", "quality_categories": "missing_tags", "issue_ids": "[2]", "osm_url": "https://www.openstreetmap.org/way/1120694212", "josm_url": "http://127.0.0.1:8111/load_object?new_layer=false&objects=w1120694212", "id_url": "https://www.openstreetmap.org/edit?editor=id&way=1120694212#map=20/-25.4623621/-49.2781254"}}, {"type": "Feature", "geometry": {"type": "Point", "coordinates": [-49.2777497, -25.4631793]}, "properties": {"id": 1120694213, "feat_type": "way", "quality_categories": "missing_tags", "issue_ids": "[2]", "osm_url": "https://www.openstreetmap.org/way/1120694213", "josm_url": "http://127.0.0.1:8111/load_object?new_layer=false&objects=w1120694213", "id_url": "https://www.openstreetmap.org/edit?editor=id&way=1120694213#map=20/-25.4631793/-49.2777497"}}, {"type": "Feature", "geometry": {"type": "Point", "coordinates": [-49.2776731, -25.4633458]}, "properties": {"id": 1120694214, "feat_type": "way", "quality_categories": "missing_tags", "issue_ids": "[2]", "osm_url": "https://www.openstreetmap.org/way/1120694214", "josm_url": "http://127.0.0.1:8111/load_object?new_layer=false&objects=w1120694214", "id_url": "https://www.openstreetmap.org/edit?editor=id&way=1120694214#map=20/-25.4633458/-49.2776731"}}, {"type": "Feature", "geometry": {"type": "Point", "coordinates": [-49.2773302, -25.4640916]}, "properties": {"id": 1120694215, "feat_type": "way", "quality_categories": "missing_tags", "issue_ids": "[2]", "osm_url": "https://www.openstreetmap.org/way/1120694215", "josm_url": "http://127.0.0.1:8111/load_object?new_layer=false&objects=w1120694215", "id_url": "https://www.openstreetmap.org/edit?editor=id&way=1120694215#map=20/-25.4640916/-49.2773302"}}, {"type": "Feature", "geometry": {"type": "Point", "coordinates": [-49.2859528, -25.461975]}, "properties": {"id": 1120694216, "feat_type": "way", "quality_categories": "missing_tags", "issue_ids": "[2]", "osm_url": "https://www.openstreetmap.org/way/1120694216", "josm_url": "http://127.0.0.1:8111/load_object?new_layer=false&objects=w1120694216", "id_url": "https://www.openstreetmap.org/edit?editor=id&way=1120694216#map=20/-25.461975/-49.2859528"}}, {"type": "Feature", "geometry": {"type": "Point", "coordinates": [-49.2869067, -25.4616141]}, "properties": {"id": 1120694217, "feat_type": "way", "quality_categories": "missing_tags", "issue_ids": "[2]", "osm_url": "https://www.openstreetmap.org/way/1120694217", "josm_url": "http://127.0.0.1:8111/load_object?new_layer=false&objects=w1120694217", "id_url": "https://www.openstreetmap.org/edit?editor=id&way=1120694217#map=20/-25.4616141/-49.2869067"}}, {"type": "Feature", "geometry": {"type": "Point", "coordinates": [-49.2870903, -25.4615447]}, "properties": {"id": 1120694218, "feat_type": "way", "quality_categories": "missing_tags", "issue_ids": "[2]", "osm_url": "https://www.openstreetmap.org/way/1120694218", "josm_url": "http://127.0.0.1:8111/load_object?new_layer=false&objects=w1120694218", "id_url": "https://www.openstreetmap.org/edit?editor=id&way=1120694218#map=20/-25.4615447/-49.2870903"}}, {"type": "Feature", "geometry": {"type": "Point", "coordinates": [-49.2881048, -25.461161]}, "properties": {"id": 1120694219, "feat_type": "way", "quality_categories": "missing_tags", "issue_ids": "[2]", "osm_url": "https://www.openstreetmap.org/way/1120694219", "josm_url": "http://127.0.0.1:8111/load_object?new_layer=false&objects=w1120694219", "id_url": "https://www.openstreetmap.org/edit?editor=id&way=1120694219#map=20/-25.461161/-49.2881048"}}, {"type": "Feature", "geometry": {"type": "Point", "coordinates": [-49.2824803, -25.4632928]}, "properties": {"id": 1120694220, "feat_type": "way", "quality_categories": "missing_tags", "issue_ids": "[2]", "osm_url": "https://www.openstreetmap.org/way/1120694220", "josm_url": "http://127.0.0.1:8111/load_object?new_layer=false&objects=w1120694220", "id_url": "https://www.openstreetmap.org/edit?editor=id&way=1120694220#map=20/-25.4632928/-49.2824803"}}, {"type": "Feature", "geometry": {"type": "Point", "coordinates": [-49.2834944, -25.4629048]}, "properties": {"id": 1120694221, "feat_type": "way", "quality_categories": "missing_tags", "issue_ids": "[2]", "osm_url": "https://www.openstreetmap.org/way/1120694221", "josm_url": "http://127.0.0.1:8111/load_object?new_layer=false&objects=w1120694221", "id_url": "https://www.openstreetmap.org/edit?editor=id&way=1120694221#map=20/-25.4629048/-49.2834944"}}, {"type": "Feature", "geometry": {"type": "Point", "coordinates": [-49.283678, -25.4628354]}, "properties": {"id": 1120694222, "feat_type": "way", "quality_categories": "missing_tags", "issue_ids": "[2]", "osm_url": "https://www.openstreetmap.org/way/1120694222", "josm_url": "http://127.0.0.1:8111/load_object?new_layer=false&objects=w1120694222", "id_url": "https://www.openstreetmap.org/edit?editor=id&way=1120694222#map=20/-25.4628354/-49.283678"}}, {"type": "Feature", "geometry": {"type": "Point", "coordinates": [-49.2846094, -25.4624834]}, "properties": {"id": 1120694223, "feat_type": "way", "quality_categories": "missing_tags", "issue_ids": "[2]", "osm_url": "https://www.openstreetmap.org/way/1120694223", "josm_url": "http://127.0.0.1:8111/load_object?new_layer=false&objects=w1120694223", "id_url": "https://www.openstreetmap.org/edit?editor=id&way=1120694223#map=20/-25.4624834/-49.2846094"}}, {"type": "Feature", "geometry": {"type": "Point", "coordinates": [-49.2810761, -25.466188]}, "properties": {"id": 1120694224, "feat_type": "way", "quality_categories": "missing_tags", "issue_ids": "[2]", "osm_url": "https://www.openstreetmap.org/way/1120694224", "josm_url": "http://127.0.0.1:8111/load_object?new_layer=false&objects=w1120694224", "id_url": "https://www.openstreetmap.org/edit?editor=id&way=1120694224#map=20/-25.466188/-49.2810761"}}, {"type": "Feature", "geometry": {"type": "Point", "coordinates": [-49.281455, -25.4653599]}, "properties": {"id": 1120694225, "feat_type": "way", "quality_categories": "missing_tags", "issue_ids": "[2]", "osm_url": "https://www.openstreetmap.org/way/1120694225", "josm_url": "http://127.0.0.1:8111/load_object?new_layer=false&objects=w1120694225", "id_url": "https://www.openstreetmap.org/edit?editor=id&way=1120694225#map=20/-25.4653599/-49.281455"}}, {"type": "Feature", "geometry": {"type": "Point", "coordinates": [-49.2815316, -25.4651933]}, "properties": {"id": 1120694226, "feat_type": "way", "quality_categories": "missing_tags", "issue_ids": "[2]", "osm_url": "https://www.openstreetmap.org/way/1120694226", "josm_url": "http://127.0.0.1:8111/load_object?new_layer=false&objects=w1120694226", "id_url": "https://www.openstreetmap.org/edit?editor=id&way=1120694226#map=20/-25.4651933/-49.2815316"}}, {"type": "Feature", "geometry": {"type": "Point", "coordinates": [-49.2818977, -25.4644013]}, "properties": {"id": 1120694227, "feat_type": "way", "quality_categories": "missing_tags", "issue_ids": "[2]", "osm_url": "https://www.openstreetmap.org/way/1120694227", "josm_url": "http://127.0.0.1:8111/load_object?new_layer=false&objects=w1120694227", "id_url": "https://www.openstreetmap.org/edit?editor=id&way=1120694227#map=20/-25.4644013/-49.2818977"}}, {"type": "Feature", "geometry": {"type": "Point", "coordinates": [-49.284793, -25.462414]}, "properties": {"id": 1120694228, "feat_type": "way", "quality_categories": "missing_tags", "issue_ids": "[2]", "osm_url": "https://www.openstreetmap.org/way/1120694228", "josm_url": "http://127.0.0.1:8111/load_object?new_layer=false&objects=w1120694228", "id_url": "https://www.openstreetmap.org/edit?editor=id&way=1120694228#map=20/-25.462414/-49.284793"}}, {"type": "Feature", "geometry": {"type": "Point", "coordinates": [-49.2857692, -25.4620444]}, "properties": {"id": 1120694229, "feat_type": "way", "quality_categories": "missing_tags", "issue_ids": "[2]", "osm_url": "https://www.openstreetmap.org/way/1120694229", "josm_url": "http://127.0.0.1:8111/load_object?new_layer=false&objects=w1120694229", "id_url": "https://www.openstreetmap.org/edit?editor=id&way=1120694229#map=20/-25.4620444/-49.2857692"}}, {"type": "Feature", "geometry": {"type": "Point", "coordinates": [-49.2806615, -25.4670954]}, "properties": {"id": 1120694230, "feat_type": "way", "quality_categories": "missing_tags", "issue_ids": "[2]", "osm_url": "https://www.openstreetmap.org/way/1120694230", "josm_url": "http://127.0.0.1:8111/load_object?new_layer=false&objects=w1120694230", "id_url": "https://www.openstreetmap.org/edit?editor=id&way=1120694230#map=20/-25.4670954/-49.2806615"}}, {"type": "Feature", "geometry": {"type": "Point", "coordinates": [-49.2809999, -25.4663548]}, "properties": {"id": 1120694231, "feat_type": "way", "quality_categories": "missing_tags", "issue_ids": "[2]", "osm_url": "https://www.openstreetmap.org/way/1120694231", "josm_url": "http://127.0.0.1:8111/load_object?new_layer=false&objects=w1120694231", "id_url": "https://www.openstreetmap.org/edit?editor=id&way=1120694231#map=20/-25.4663548/-49.2809999"}}, {"type": "Feature", "geometry": {"type": "Point", "coordinates": [-49.288325, -25.4610776]}, "properties": {"id": 1120694232, "feat_type": "way", "quality_categories": "missing_tags", "issue_ids": "[2]", "osm_url": "https://www.openstreetmap.org/way/1120694232", "josm_url": "http://127.0.0.1:8111/load_object?new_layer=false&objects=w1120694232", "id_url": "https://www.openstreetmap.org/edit?editor=id&way=1120694232#map=20/-25.4610776/-49.288325"}}, {"type": "Feature", "geometry": {"type": "Point", "coordinates": [-49.2893862, -25.4606763]}, "properties": {"id": 1120694233, "feat_type": "way", "quality_categories": "missing_tags", "issue_ids": "[2]", "osm_url": "https://www.openstreetmap.org/way/1120694233", "josm_url": "http://127.0.0.1:8111/load_object?new_layer=false&objects=w1120694233", "id_url": "https://www.openstreetmap.org/edit?editor=id&way=1120694233#map=20/-25.4606763/-49.2893862"}}, {"type": "Feature", "geometry": {"type": "Point", "coordinates": [-49.2819813, -25.4642178]}, "properties": {"id": 1120694234, "feat_type": "way", "quality_categories": "missing_tags", "issue_ids": "[2]", "osm_url": "https://www.openstreetmap.org/way/1120694234", "josm_url": "http://127.0.0.1:8111/load_object?new_layer=false&objects=w1120694234", "id_url": "https://www.openstreetmap.org/edit?editor=id&way=1120694234#map=20/-25.4642178/-49.2819813"}}, {"type": "Feature", "geometry": {"type": "Point", "coordinates": [-49.2823384, -25.4634236]}, "properties": {"id": 1120694235, "feat_type": "way", "quality_categories": "missing_tags", "issue_ids": "[2]", "osm_url": "https://www.openstreetmap.org/way/1120694235", "josm_url": "http://127.0.0.1:8111/load_object?new_layer=false&objects=w1120694235", "id_url": "https://www.openstreetmap.org/edit?editor=id&way=1120694235#map=20/-25.4634236/-49.2823384"}}, {"type": "Feature", "geometry": {"type": "Point", "coordinates": [-49.2752541, -25.453563]}, "properties": {"id": 1120694239, "feat_type": "way", "quality_categories": "missing_tags", "issue_ids": "[2]", "osm_url": "https://www.openstreetmap.org/way/1120694239", "josm_url": "http://127.0.0.1:8111/load_object?new_layer=false&objects=w1120694239", "id_url": "https://www.openstreetmap.org/edit?editor=id&way=1120694239#map=20/-25.453563/-49.2752541"}}, {"type": "Feature", "geometry": {"type": "Point", "coordinates": [-49.2750554, -25.4535588]}, "properties": {"id": 1120694240, "feat_type": "way", "quality_categories": "missing_tags", "issue_ids": "[2]", "osm_url": "https://www.openstreetmap.org/way/1120694240", "josm_url": "http://127.0.0.1:8111/load_object?new_layer=false&objects=w1120694240", "id_url": "https://www.openstreetmap.org/edit?editor=id&way=1120694240#map=20/-25.4535588/-49.2750554"}}, {"type": "Feature", "geometry": {"type": "Point", "coordinates": [-49.2778544, -25.453106]}, "properties": {"id": 1120694241, "feat_type": "way", "quality_categories": "missing_tags", "issue_ids": "[2]", "osm_url": "https://www.openstreetmap.org/way/1120694241", "josm_url": "http://127.0.0.1:8111/load_object?new_layer=false&objects=w1120694241", "id_url": "https://www.openstreetmap.org/edit?editor=id&way=1120694241#map=20/-25.453106/-49.2778544"}}, {"type": "Feature", "geometry": {"type": "Point", "coordinates": [-49.2766362, -25.4535277]}, "properties": {"id": 1120694243, "feat_type": "way", "quality_categories": "missing_tags", "issue_ids": "[2]", "osm_url": "https://www.openstreetmap.org/way/1120694243", "josm_url": "http://127.0.0.1:8111/load_object?new_layer=false&objects=w1120694243", "id_url": "https://www.openstreetmap.org/edit?editor=id&way=1120694243#map=20/-25.4535277/-49.2766362"}}, {"type": "Feature", "geometry": {"type": "Point", "coordinates": [-49.273454, -25.4534888]}, "properties": {"id": 1120694245, "feat_type": "way", "quality_categories": "missing_tags", "issue_ids": "[2]", "osm_url": "https://www.openstreetmap.org/way/1120694245", "josm_url": "http://127.0.0.1:8111/load_object?new_layer=false&objects=w1120694245", "id_url": "https://www.openstreetmap.org/edit?editor=id&way=1120694245#map=20/-25.4534888/-49.273454"}}, {"type": "Feature", "geometry": {"type": "Point", "coordinates": [-49.2723643, -25.4534376]}, "properties": {"id": 1120694246, "feat_type": "way", "quality_categories": "missing_tags", "issue_ids": "[2]", "osm_url": "https://www.openstreetmap.org/way/1120694246", "josm_url": "http://127.0.0.1:8111/load_object?new_layer=false&objects=w1120694246", "id_url": "https://www.openstreetmap.org/edit?editor=id&way=1120694246#map=20/-25.4534376/-49.2723643"}}, {"type": "Feature", "geometry": {"type": "Point", "coordinates": [-49.2721722, -25.453392]}, "properties": {"id": 1120694247, "feat_type": "way", "quality_categories": "missing_tags", "issue_ids": "[2]", "osm_url": "https://www.openstreetmap.org/way/1120694247", "josm_url": "http://127.0.0.1:8111/load_object?new_layer=false&objects=w1120694247", "id_url": "https://www.openstreetmap.org/edit?editor=id&way=1120694247#map=20/-25.453392/-49.2721722"}}, {"type": "Feature", "geometry": {"type": "Point", "coordinates": [-49.2712649, -25.4530341]}, "properties": {"id": 1120694248, "feat_type": "way", "quality_categories": "missing_tags", "issue_ids": "[2]", "osm_url": "https://www.openstreetmap.org/way/1120694248", "josm_url": "http://127.0.0.1:8111/load_object?new_layer=false&objects=w1120694248", "id_url": "https://www.openstreetmap.org/edit?editor=id&way=1120694248#map=20/-25.4530341/-49.2712649"}}, {"type": "Feature", "geometry": {"type": "Point", "coordinates": [-49.2736725, -25.4534978]}, "properties": {"id": 1120694249, "feat_type": "way", "quality_categories": "missing_tags", "issue_ids": "[2]", "osm_url": "https://www.openstreetmap.org/way/1120694249", "josm_url": "http://127.0.0.1:8111/load_object?new_layer=false&objects=w1120694249", "id_url": "https://www.openstreetmap.org/edit?editor=id&way=1120694249#map=20/-25.4534978/-49.2736725"}}, {"type": "Feature", "geometry": {"type": "Point", "coordinates": [-49.2853376, -25.4672365]}, "properties": {"id": 1120694250, "feat_type": "way", "quality_categories": "missing_tags", "issue_ids": "[2]", "osm_url": "https://www.openstreetmap.org/way/1120694250", "josm_url": "http://127.0.0.1:8111/load_object?new_layer=false&objects=w1120694250", "id_url": "https://www.openstreetmap.org/edit?editor=id&way=1120694250#map=20/-25.4672365/-49.2853376"}}, {"type": "Feature", "geometry": {"type": "Point", "coordinates": [-49.285689, -25.4664391]}, "properties": {"id": 1120694251, "feat_type": "way", "quality_categories": "missing_tags", "issue_ids": "[2]", "osm_url": "https://www.openstreetmap.org/way/1120694251", "josm_url": "http://127.0.0.1:8111/load_object?new_layer=false&objects=w1120694251", "id_url": "https://www.openstreetmap.org/edit?editor=id&way=1120694251#map=20/-25.4664391/-49.285689"}}, {"type": "Feature", "geometry": {"type": "Point", "coordinates": [-49.2858309, -25.4663094]}, "properties": {"id": 1120694252, "feat_type": "way", "quality_categories": "missing_tags", "issue_ids": "[2]", "osm_url": "https://www.openstreetmap.org/way/1120694252", "josm_url": "http://127.0.0.1:8111/load_object?new_layer=false&objects=w1120694252", "id_url": "https://www.openstreetmap.org/edit?editor=id&way=1120694252#map=20/-25.4663094/-49.2858309"}}, {"type": "Feature", "geometry": {"type": "Point", "coordinates": [-49.2862244, -25.4661634]}, "properties": {"id": 1120694253, "feat_type": "way", "quality_categories": "missing_tags", "issue_ids": "[2]", "osm_url": "https://www.openstreetmap.org/way/1120694253", "josm_url": "http://127.0.0.1:8111/load_object?new_layer=false&objects=w1120694253", "id_url": "https://www.openstreetmap.org/edit?editor=id&way=1120694253#map=20/-25.4661634/-49.2862244"}}, {"type": "Feature", "geometry": {"type": "Point", "coordinates": [-49.2887082, -25.4652217]}, "properties": {"id": 1120694254, "feat_type": "way", "quality_categories": "missing_tags", "issue_ids": "[2]", "osm_url": "https://www.openstreetmap.org/way/1120694254", "josm_url": "http://127.0.0.1:8111/load_object?new_layer=false&objects=w1120694254", "id_url": "https://www.openstreetmap.org/edit?editor=id&way=1120694254#map=20/-25.4652217/-49.2887082"}}, {"type": "Feature", "geometry": {"type": "Point", "coordinates": [-49.2898301, -25.4647962]}, "properties": {"id": 1120694255, "feat_type": "way", "quality_categories": "missing_tags", "issue_ids": "[2]", "osm_url": "https://www.openstreetmap.org/way/1120694255", "josm_url": "http://127.0.0.1:8111/load_object?new_layer=false&objects=w1120694255", "id_url": "https://www.openstreetmap.org/edit?editor=id&way=1120694255#map=20/-25.4647962/-49.2898301"}}, {"type": "Feature", "geometry": {"type": "Point", "coordinates": [-49.2765257, -25.4529666]}, "properties": {"id": 1120694256, "feat_type": "way", "quality_categories": "missing_tags", "issue_ids": "[2]", "osm_url": "https://www.openstreetmap.org/way/1120694256", "josm_url": "http://127.0.0.1:8111/load_object?new_layer=false&objects=w1120694256", "id_url": "https://www.openstreetmap.org/edit?editor=id&way=1120694256#map=20/-25.4529666/-49.2765257"}}, {"type": "Feature", "geometry": {"type": "Point", "coordinates": [-49.2768855, -25.4538173]}, "properties": {"id": 1120694258, "feat_type": "way", "quality_categories": "missing_tags", "issue_ids": "[2]", "osm_url": "https://www.openstreetmap.org/way/1120694258", "josm_url": "http://127.0.0.1:8111/load_object?new_layer=false&objects=w1120694258", "id_url": "https://www.openstreetmap.org/edit?editor=id&way=1120694258#map=20/-25.4538173/-49.2768855"}}, {"type": "Feature", "geometry": {"type": "Point", "coordinates": [-49.2793959, -25.4593608]}, "properties": {"id": 1120694259, "feat_type": "way", "quality_categories": "missing_tags", "issue_ids": "[2]", "osm_url": "https://www.openstreetmap.org/way/1120694259", "josm_url": "http://127.0.0.1:8111/load_object?new_layer=false&objects=w1120694259", "id_url": "https://www.openstreetmap.org/edit?editor=id&way=1120694259#map=20/-25.4593608/-49.2793959"}}, {"type": "Feature", "geometry": {"type": "Point", "coordinates": [-49.2798018, -25.4602571]}, "properties": {"id": 1120694260, "feat_type": "way", "quality_categories": "missing_tags", "issue_ids": "[2]", "osm_url": "https://www.openstreetmap.org/way/1120694260", "josm_url": "http://127.0.0.1:8111/load_object?new_layer=false&objects=w1120694260", "id_url": "https://www.openstreetmap.org/edit?editor=id&way=1120694260#map=20/-25.4602571/-49.2798018"}}, {"type": "Feature", "geometry": {"type": "Point", "coordinates": [-49.279885, -25.4604407]}, "properties": {"id": 1120694261, "feat_type": "way", "quality_categories": "missing_tags", "issue_ids": "[2]", "osm_url": "https://www.openstreetmap.org/way/1120694261", "josm_url": "http://127.0.0.1:8111/load_object?new_layer=false&objects=w1120694261", "id_url": "https://www.openstreetmap.org/edit?editor=id&way=1120694261#map=20/-25.4604407/-49.279885"}}, {"type": "Feature", "geometry": {"type": "Point", "coordinates": [-49.2803796, -25.4614189]}, "properties": {"id": 1120694262, "feat_type": "way", "quality_categories": "missing_tags", "issue_ids": "[2]", "osm_url": "https://www.openstreetmap.org/way/1120694262", "josm_url": "http://127.0.0.1:8111/load_object?new_layer=false&objects=w1120694262", "id_url": "https://www.openstreetmap.org/edit?editor=id&way=1120694262#map=20/-25.4614189/-49.2803796"}}, {"type": "Feature", "geometry": {"type": "Point", "coordinates": [-49.2769725, -25.4540093]}, "properties": {"id": 1120694263, "feat_type": "way", "quality_categories": "missing_tags", "issue_ids": "[2]", "osm_url": "https://www.openstreetmap.org/way/1120694263", "josm_url": "http://127.0.0.1:8111/load_object?new_layer=false&objects=w1120694263", "id_url": "https://www.openstreetmap.org/edit?editor=id&way=1120694263#map=20/-25.4540093/-49.2769725"}}, {"type": "Feature", "geometry": {"type": "Point", "coordinates": [-49.2773599, -25.4548649]}, "properties": {"id": 1120694264, "feat_type": "way", "quality_categories": "missing_tags", "issue_ids": "[2]", "osm_url": "https://www.openstreetmap.org/way/1120694264", "josm_url": "http://127.0.0.1:8111/load_object?new_layer=false&objects=w1120694264", "id_url": "https://www.openstreetmap.org/edit?editor=id&way=1120694264#map=20/-25.4548649/-49.2773599"}}, {"type": "Feature", "geometry": {"type": "Point", "coordinates": [-49.2774355, -25.4550319]}, "properties": {"id": 1120694265, "feat_type": "way", "quality_categories": "missing_tags", "issue_ids": "[2]", "osm_url": "https://www.openstreetmap.org/way/1120694265", "josm_url": "http://127.0.0.1:8111/load_object?new_layer=false&objects=w1120694265", "id_url": "https://www.openstreetmap.org/edit?editor=id&way=1120694265#map=20/-25.4550319/-49.2774355"}}, {"type": "Feature", "geometry": {"type": "Point", "coordinates": [-49.2778287, -25.4559001]}, "properties": {"id": 1120694266, "feat_type": "way", "quality_categories": "missing_tags", "issue_ids": "[2]", "osm_url": "https://www.openstreetmap.org/way/1120694266", "josm_url": "http://127.0.0.1:8111/load_object?new_layer=false&objects=w1120694266", "id_url": "https://www.openstreetmap.org/edit?editor=id&way=1120694266#map=20/-25.4559001/-49.2778287"}}, {"type": "Feature", "geometry": {"type": "Point", "coordinates": [-49.2788468, -25.4581483]}, "properties": {"id": 1120694267, "feat_type": "way", "quality_categories": "missing_tags", "issue_ids": "[2]", "osm_url": "https://www.openstreetmap.org/way/1120694267", "josm_url": "http://127.0.0.1:8111/load_object?new_layer=false&objects=w1120694267", "id_url": "https://www.openstreetmap.org/edit?editor=id&way=1120694267#map=20/-25.4581483/-49.2788468"}}, {"type": "Feature", "geometry": {"type": "Point", "coordinates": [-49.2789224, -25.4583153]}, "properties": {"id": 1120694268, "feat_type": "way", "quality_categories": "missing_tags", "issue_ids": "[2]", "osm_url": "https://www.openstreetmap.org/way/1120694268", "josm_url": "http://127.0.0.1:8111/load_object?new_layer=false&objects=w1120694268", "id_url": "https://www.openstreetmap.org/edit?editor=id&way=1120694268#map=20/-25.4583153/-49.2789224"}}, {"type": "Feature", "geometry": {"type": "Point", "coordinates": [-49.2793203, -25.4591938]}, "properties": {"id": 1120694269, "feat_type": "way", "quality_categories": "missing_tags", "issue_ids": "[2]", "osm_url": "https://www.openstreetmap.org/way/1120694269", "josm_url": "http://127.0.0.1:8111/load_object?new_layer=false&objects=w1120694269", "id_url": "https://www.openstreetmap.org/edit?editor=id&way=1120694269#map=20/-25.4591938/-49.2793203"}}, {"type": "Feature", "geometry": {"type": "Point", "coordinates": [-49.2804931, -25.461567]}, "properties": {"id": 1120694270, "feat_type": "way", "quality_categories": "missing_tags", "issue_ids": "[2]", "osm_url": "https://www.openstreetmap.org/way/1120694270", "josm_url": "http://127.0.0.1:8111/load_object?new_layer=false&objects=w1120694270", "id_url": "https://www.openstreetmap.org/edit?editor=id&way=1120694270#map=20/-25.461567/-49.2804931"}}, {"type": "Feature", "geometry": {"type": "Point", "coordinates": [-49.2810372, -25.4621204]}, "properties": {"id": 1120694271, "feat_type": "way", "quality_categories": "missing_tags", "issue_ids": "[2]", "osm_url": "https://www.openstreetmap.org/way/1120694271", "josm_url": "http://127.0.0.1:8111/load_object?new_layer=false&objects=w1120694271", "id_url": "https://www.openstreetmap.org/edit?editor=id&way=1120694271#map=20/-25.4621204/-49.2810372"}}, {"type": "Feature", "geometry": {"type": "Point", "coordinates": [-49.2779043, -25.4560671]}, "properties": {"id": 1120694272, "feat_type": "way", "quality_categories": "missing_tags", "issue_ids": "[2]", "osm_url": "https://www.openstreetmap.org/way/1120694272", "josm_url": "http://127.0.0.1:8111/load_object?new_layer=false&objects=w1120694272", "id_url": "https://www.openstreetmap.org/edit?editor=id&way=1120694272#map=20/-25.4560671/-49.2779043"}}, {"type": "Feature", "geometry": {"type": "Point", "coordinates": [-49.2782877, -25.4569138]}, "properties": {"id": 1120694273, "feat_type": "way", "quality_categories": "missing_tags", "issue_ids": "[2]", "osm_url": "https://www.openstreetmap.org/way/1120694273", "josm_url": "http://127.0.0.1:8111/load_object?new_layer=false&objects=w1120694273", "id_url": "https://www.openstreetmap.org/edit?editor=id&way=1120694273#map=20/-25.4569138/-49.2782877"}}, {"type": "Feature", "geometry": {"type": "Point", "coordinates": [-49.2783633, -25.4570808]}, "properties": {"id": 1120694274, "feat_type": "way", "quality_categories": "missing_tags", "issue_ids": "[2]", "osm_url": "https://www.openstreetmap.org/way/1120694274", "josm_url": "http://127.0.0.1:8111/load_object?new_layer=false&objects=w1120694274", "id_url": "https://www.openstreetmap.org/edit?editor=id&way=1120694274#map=20/-25.4570808/-49.2783633"}}, {"type": "Feature", "geometry": {"type": "Point", "coordinates": [-49.2787483, -25.4579309]}, "properties": {"id": 1120694275, "feat_type": "way", "quality_categories": "missing_tags", "issue_ids": "[2]", "osm_url": "https://www.openstreetmap.org/way/1120694275", "josm_url": "http://127.0.0.1:8111/load_object?new_layer=false&objects=w1120694275", "id_url": "https://www.openstreetmap.org/edit?editor=id&way=1120694275#map=20/-25.4579309/-49.2787483"}}, {"type": "Feature", "geometry": {"type": "Point", "coordinates": [-49.272975, -25.4553731]}, "properties": {"id": 1120694276, "feat_type": "way", "quality_categories": "missing_tags", "issue_ids": "[2]", "osm_url": "https://www.openstreetmap.org/way/1120694276", "josm_url": "http://127.0.0.1:8111/load_object?new_layer=false&objects=w1120694276", "id_url": "https://www.openstreetmap.org/edit?editor=id&way=1120694276#map=20/-25.4553731/-49.272975"}}, {"type": "Feature", "geometry": {"type": "Point", "coordinates": [-49.2741084, -25.4549547]}, "properties": {"id": 1120694277, "feat_type": "way", "quality_categories": "missing_tags", "issue_ids": "[2]", "osm_url": "https://www.openstreetmap.org/way/1120694277", "josm_url": "http://127.0.0.1:8111/load_object?new_layer=false&objects=w1120694277", "id_url": "https://www.openstreetmap.org/edit?editor=id&way=1120694277#map=20/-25.4549547/-49.2741084"}}, {"type": "Feature", "geometry": {"type": "Point", "coordinates": [-49.2742926, -25.4548867]}, "properties": {"id": 1120694278, "feat_type": "way", "quality_categories": "missing_tags", "issue_ids": "[2]", "osm_url": "https://www.openstreetmap.org/way/1120694278", "josm_url": "http://127.0.0.1:8111/load_object?new_layer=false&objects=w1120694278", "id_url": "https://www.openstreetmap.org/edit?editor=id&way=1120694278#map=20/-25.4548867/-49.2742926"}}, {"type": "Feature", "geometry": {"type": "Point", "coordinates": [-49.275457, -25.4544567]}, "properties": {"id": 1120694279, "feat_type": "way", "quality_categories": "missing_tags", "issue_ids": "[2]", "osm_url": "https://www.openstreetmap.org/way/1120694279", "josm_url": "http://127.0.0.1:8111/load_object?new_layer=false&objects=w1120694279", "id_url": "https://www.openstreetmap.org/edit?editor=id&way=1120694279#map=20/-25.4544567/-49.275457"}}, {"type": "Feature", "geometry": {"type": "Point", "coordinates": [-49.2756412, -25.4543887]}, "properties": {"id": 1120694280, "feat_type": "way", "quality_categories": "missing_tags", "issue_ids": "[2]", "osm_url": "https://www.openstreetmap.org/way/1120694280", "josm_url": "http://127.0.0.1:8111/load_object?new_layer=false&objects=w1120694280", "id_url": "https://www.openstreetmap.org/edit?editor=id&way=1120694280#map=20/-25.4543887/-49.2756412"}}, {"type": "Feature", "geometry": {"type": "Point", "coordinates": [-49.2768277, -25.4539507]}, "properties": {"id": 1120694281, "feat_type": "way", "quality_categories": "missing_tags", "issue_ids": "[2]", "osm_url": "https://www.openstreetmap.org/way/1120694281", "josm_url": "http://127.0.0.1:8111/load_object?new_layer=false&objects=w1120694281", "id_url": "https://www.openstreetmap.org/edit?editor=id&way=1120694281#map=20/-25.4539507/-49.2768277"}}, {"type": "Feature", "geometry": {"type": "Point", "coordinates": [-49.2770303, -25.4538758]}, "properties": {"id": 1120694282, "feat_type": "way", "quality_categories": "missing_tags", "issue_ids": "[2]", "osm_url": "https://www.openstreetmap.org/way/1120694282", "josm_url": "http://127.0.0.1:8111/load_object?new_layer=false&objects=w1120694282", "id_url": "https://www.openstreetmap.org/edit?editor=id&way=1120694282#map=20/-25.4538758/-49.2770303"}}, {"type": "Feature", "geometry": {"type": "Point", "coordinates": [-49.2780013, -25.453519]}, "properties": {"id": 1120694283, "feat_type": "way", "quality_categories": "missing_tags", "issue_ids": "[2]", "osm_url": "https://www.openstreetmap.org/way/1120694283", "josm_url": "http://127.0.0.1:8111/load_object?new_layer=false&objects=w1120694283", "id_url": "https://www.openstreetmap.org/edit?editor=id&way=1120694283#map=20/-25.453519/-49.2780013"}}, {"type": "Feature", "geometry": {"type": "Point", "coordinates": [-49.2811694, -25.4518162]}, "properties": {"id": 1120694284, "feat_type": "way", "quality_categories": "missing_tags", "issue_ids": "[2]", "osm_url": "https://www.openstreetmap.org/way/1120694284", "josm_url": "http://127.0.0.1:8111/load_object?new_layer=false&objects=w1120694284", "id_url": "https://www.openstreetmap.org/edit?editor=id&way=1120694284#map=20/-25.4518162/-49.2811694"}}, {"type": "Feature", "geometry": {"type": "Point", "coordinates": [-49.2806368, -25.4530184]}, "properties": {"id": 1120694285, "feat_type": "way", "quality_categories": "missing_tags", "issue_ids": "[2]", "osm_url": "https://www.openstreetmap.org/way/1120694285", "josm_url": "http://127.0.0.1:8111/load_object?new_layer=false&objects=w1120694285", "id_url": "https://www.openstreetmap.org/edit?editor=id&way=1120694285#map=20/-25.4530184/-49.2806368"}}, {"type": "Feature", "geometry": {"type": "Point", "coordinates": [-49.2823721, -25.4491015]}, "properties": {"id": 1120694286, "feat_type": "way", "quality_categories": "missing_tags", "issue_ids": "[2]", "osm_url": "https://www.openstreetmap.org/way/1120694286", "josm_url": "http://127.0.0.1:8111/load_object?new_layer=false&objects=w1120694286", "id_url": "https://www.openstreetmap.org/edit?editor=id&way=1120694286#map=20/-25.4491015/-49.2823721"}}, {"type": "Feature", "geometry": {"type": "Point", "coordinates": [-49.281251, -25.451632]}, "properties": {"id": 1120694289, "feat_type": "way", "quality_categories": "missing_tags", "issue_ids": "[2]", "osm_url": "https://www.openstreetmap.org/way/1120694289", "josm_url": "http://127.0.0.1:8111/load_object?new_layer=false&objects=w1120694289", "id_url": "https://www.openstreetmap.org/edit?editor=id&way=1120694289#map=20/-25.451632/-49.281251"}}, {"type": "Feature", "geometry": {"type": "Point", "coordinates": [-49.2824575, -25.4489089]}, "properties": {"id": 1120694291, "feat_type": "way", "quality_categories": "missing_tags", "issue_ids": "[2]", "osm_url": "https://www.openstreetmap.org/way/1120694291", "josm_url": "http://127.0.0.1:8111/load_object?new_layer=false&objects=w1120694291", "id_url": "https://www.openstreetmap.org/edit?editor=id&way=1120694291#map=20/-25.4489089/-49.2824575"}}, {"type": "Feature", "geometry": {"type": "Point", "coordinates": [-49.2813984, -25.4610444]}, "properties": {"id": 1120694294, "feat_type": "way", "quality_categories": "missing_tags", "issue_ids": "[2]", "osm_url": "https://www.openstreetmap.org/way/1120694294", "josm_url": "http://127.0.0.1:8111/load_object?new_layer=false&objects=w1120694294", "id_url": "https://www.openstreetmap.org/edit?editor=id&way=1120694294#map=20/-25.4610444/-49.2813984"}}, {"type": "Feature", "geometry": {"type": "Point", "coordinates": [-49.2809588, -25.4600189]}, "properties": {"id": 1120694295, "feat_type": "way", "quality_categories": "missing_tags", "issue_ids": "[2]", "osm_url": "https://www.openstreetmap.org/way/1120694295", "josm_url": "http://127.0.0.1:8111/load_object?new_layer=false&objects=w1120694295", "id_url": "https://www.openstreetmap.org/edit?editor=id&way=1120694295#map=20/-25.4600189/-49.2809588"}}, {"type": "Feature", "geometry": {"type": "Point", "coordinates": [-49.2808791, -25.459834]}, "properties": {"id": 1120694296, "feat_type": "way", "quality_categories": "missing_tags", "issue_ids": "[2]", "osm_url": "https://www.openstreetmap.org/way/1120694296", "josm_url": "http://127.0.0.1:8111/load_object?new_layer=false&objects=w1120694296", "id_url": "https://www.openstreetmap.org/edit?editor=id&way=1120694296#map=20/-25.459834/-49.2808791"}}, {"type": "Feature", "geometry": {"type": "Point", "coordinates": [-49.2804921, -25.4589401]}, "properties": {"id": 1120694297, "feat_type": "way", "quality_categories": "missing_tags", "issue_ids": "[2]", "osm_url": "https://www.openstreetmap.org/way/1120694297", "josm_url": "http://127.0.0.1:8111/load_object?new_layer=false&objects=w1120694297", "id_url": "https://www.openstreetmap.org/edit?editor=id&way=1120694297#map=20/-25.4589401/-49.2804921"}}, {"type": "Feature", "geometry": {"type": "Point", "coordinates": [-49.2789873, -25.4554646]}, "properties": {"id": 1120694298, "feat_type": "way", "quality_categories": "missing_tags", "issue_ids": "[2]", "osm_url": "https://www.openstreetmap.org/way/1120694298", "josm_url": "http://127.0.0.1:8111/load_object?new_layer=false&objects=w1120694298", "id_url": "https://www.openstreetmap.org/edit?editor=id&way=1120694298#map=20/-25.4554646/-49.2789873"}}, {"type": "Feature", "geometry": {"type": "Point", "coordinates": [-49.2786101, -25.4545931]}, "properties": {"id": 1120694299, "feat_type": "way", "quality_categories": "missing_tags", "issue_ids": "[2]", "osm_url": "https://www.openstreetmap.org/way/1120694299", "josm_url": "http://127.0.0.1:8111/load_object?new_layer=false&objects=w1120694299", "id_url": "https://www.openstreetmap.org/edit?editor=id&way=1120694299#map=20/-25.4545931/-49.2786101"}}, {"type": "Feature", "geometry": {"type": "Point", "coordinates": [-49.2785373, -25.4544251]}, "properties": {"id": 1120694300, "feat_type": "way", "quality_categories": "missing_tags", "issue_ids": "[2]", "osm_url": "https://www.openstreetmap.org/way/1120694300", "josm_url": "http://127.0.0.1:8111/load_object?new_layer=false&objects=w1120694300", "id_url": "https://www.openstreetmap.org/edit?editor=id&way=1120694300#map=20/-25.4544251/-49.2785373"}}, {"type": "Feature", "geometry": {"type": "Point", "coordinates": [-49.2781665, -25.4535685]}, "properties": {"id": 1120694301, "feat_type": "way", "quality_categories": "missing_tags", "issue_ids": "[2]", "osm_url": "https://www.openstreetmap.org/way/1120694301", "josm_url": "http://127.0.0.1:8111/load_object?new_layer=false&objects=w1120694301", "id_url": "https://www.openstreetmap.org/edit?editor=id&way=1120694301#map=20/-25.4535685/-49.2781665"}}, {"type": "Feature", "geometry": {"type": "Point", "coordinates": [-49.2804193, -25.4587721]}, "properties": {"id": 1120694302, "feat_type": "way", "quality_categories": "missing_tags", "issue_ids": "[2]", "osm_url": "https://www.openstreetmap.org/way/1120694302", "josm_url": "http://127.0.0.1:8111/load_object?new_layer=false&objects=w1120694302", "id_url": "https://www.openstreetmap.org/edit?editor=id&way=1120694302#map=20/-25.4587721/-49.2804193"}}, {"type": "Feature", "geometry": {"type": "Point", "coordinates": [-49.2800385, -25.4578924]}, "properties": {"id": 1120694303, "feat_type": "way", "quality_categories": "missing_tags", "issue_ids": "[2]", "osm_url": "https://www.openstreetmap.org/way/1120694303", "josm_url": "http://127.0.0.1:8111/load_object?new_layer=false&objects=w1120694303", "id_url": "https://www.openstreetmap.org/edit?editor=id&way=1120694303#map=20/-25.4578924/-49.2800385"}}, {"type": "Feature", "geometry": {"type": "Point", "coordinates": [-49.2799657, -25.4577244]}, "properties": {"id": 1120694304, "feat_type": "way", "quality_categories": "missing_tags", "issue_ids": "[2]", "osm_url": "https://www.openstreetmap.org/way/1120694304", "josm_url": "http://127.0.0.1:8111/load_object?new_layer=false&objects=w1120694304", "id_url": "https://www.openstreetmap.org/edit?editor=id&way=1120694304#map=20/-25.4577244/-49.2799657"}}, {"type": "Feature", "geometry": {"type": "Point", "coordinates": [-49.2797652, -25.4572612]}, "properties": {"id": 1120694305, "feat_type": "way", "quality_categories": "missing_tags", "issue_ids": "[2]", "osm_url": "https://www.openstreetmap.org/way/1120694305", "josm_url": "http://127.0.0.1:8111/load_object?new_layer=false&objects=w1120694305", "id_url": "https://www.openstreetmap.org/edit?editor=id&way=1120694305#map=20/-25.4572612/-49.2797652"}}, {"type": "Feature", "geometry": {"type": "Point", "coordinates": [-49.2818296, -25.4620307]}, "properties": {"id": 1120694306, "feat_type": "way", "quality_categories": "missing_tags", "issue_ids": "[2]", "osm_url": "https://www.openstreetmap.org/way/1120694306", "josm_url": "http://127.0.0.1:8111/load_object?new_layer=false&objects=w1120694306", "id_url": "https://www.openstreetmap.org/edit?editor=id&way=1120694306#map=20/-25.4620307/-49.2818296"}}, {"type": "Feature", "geometry": {"type": "Point", "coordinates": [-49.2814717, -25.4612137]}, "properties": {"id": 1120694307, "feat_type": "way", "quality_categories": "missing_tags", "issue_ids": "[2]", "osm_url": "https://www.openstreetmap.org/way/1120694307", "josm_url": "http://127.0.0.1:8111/load_object?new_layer=false&objects=w1120694307", "id_url": "https://www.openstreetmap.org/edit?editor=id&way=1120694307#map=20/-25.4612137/-49.2814717"}}, {"type": "Feature", "geometry": {"type": "Point", "coordinates": [-49.2819019, -25.4621989]}, "properties": {"id": 1120694308, "feat_type": "way", "quality_categories": "missing_tags", "issue_ids": "[2]", "osm_url": "https://www.openstreetmap.org/way/1120694308", "josm_url": "http://127.0.0.1:8111/load_object?new_layer=false&objects=w1120694308", "id_url": "https://www.openstreetmap.org/edit?editor=id&way=1120694308#map=20/-25.4621989/-49.2819019"}}, {"type": "Feature", "geometry": {"type": "Point", "coordinates": [-49.2796924, -25.4570932]}, "properties": {"id": 1120694309, "feat_type": "way", "quality_categories": "missing_tags", "issue_ids": "[2]", "osm_url": "https://www.openstreetmap.org/way/1120694309", "josm_url": "http://127.0.0.1:8111/load_object?new_layer=false&objects=w1120694309", "id_url": "https://www.openstreetmap.org/edit?editor=id&way=1120694309#map=20/-25.4570932/-49.2796924"}}, {"type": "Feature", "geometry": {"type": "Point", "coordinates": [-49.2795011, -25.4566511]}, "properties": {"id": 1120694310, "feat_type": "way", "quality_categories": "missing_tags", "issue_ids": "[2]", "osm_url": "https://www.openstreetmap.org/way/1120694310", "josm_url": "http://127.0.0.1:8111/load_object?new_layer=false&objects=w1120694310", "id_url": "https://www.openstreetmap.org/edit?editor=id&way=1120694310#map=20/-25.4566511/-49.2795011"}}, {"type": "Feature", "geometry": {"type": "Point", "coordinates": [-49.2794283, -25.4564831]}, "properties": {"id": 1120694311, "feat_type": "way", "quality_categories": "missing_tags", "issue_ids": "[2]", "osm_url": "https://www.openstreetmap.org/way/1120694311", "josm_url": "http://127.0.0.1:8111/load_object?new_layer=false&objects=w1120694311", "id_url": "https://www.openstreetmap.org/edit?editor=id&way=1120694311#map=20/-25.4564831/-49.2794283"}}, {"type": "Feature", "geometry": {"type": "Point", "coordinates": [-49.2790601, -25.4556326]}, "properties": {"id": 1120694312, "feat_type": "way", "quality_categories": "missing_tags", "issue_ids": "[2]", "osm_url": "https://www.openstreetmap.org/way/1120694312", "josm_url": "http://127.0.0.1:8111/load_object?new_layer=false&objects=w1120694312", "id_url": "https://www.openstreetmap.org/edit?editor=id&way=1120694312#map=20/-25.4556326/-49.2790601"}}, {"type": "Feature", "geometry": {"type": "Point", "coordinates": [-49.2752699, -25.4524334]}, "properties": {"id": 1120694313, "feat_type": "way", "quality_categories": "missing_tags", "issue_ids": "[2]", "osm_url": "https://www.openstreetmap.org/way/1120694313", "josm_url": "http://127.0.0.1:8111/load_object?new_layer=false&objects=w1120694313", "id_url": "https://www.openstreetmap.org/edit?editor=id&way=1120694313#map=20/-25.4524334/-49.2752699"}}, {"type": "Feature", "geometry": {"type": "Point", "coordinates": [-49.2741461, -25.4520022]}, "properties": {"id": 1120694314, "feat_type": "way", "quality_categories": "missing_tags", "issue_ids": "[2]", "osm_url": "https://www.openstreetmap.org/way/1120694314", "josm_url": "http://127.0.0.1:8111/load_object?new_layer=false&objects=w1120694314", "id_url": "https://www.openstreetmap.org/edit?editor=id&way=1120694314#map=20/-25.4520022/-49.2741461"}}, {"type": "Feature", "geometry": {"type": "Point", "coordinates": [-49.2739629, -25.4519319]}, "properties": {"id": 1120694315, "feat_type": "way", "quality_categories": "missing_tags", "issue_ids": "[2]", "osm_url": "https://www.openstreetmap.org/way/1120694315", "josm_url": "http://127.0.0.1:8111/load_object?new_layer=false&objects=w1120694315", "id_url": "https://www.openstreetmap.org/edit?editor=id&way=1120694315#map=20/-25.4519319/-49.2739629"}}, {"type": "Feature", "geometry": {"type": "Point", "coordinates": [-49.2732141, -25.4516447]}, "properties": {"id": 1120694316, "feat_type": "way", "quality_categories": "missing_tags", "issue_ids": "[2]", "osm_url": "https://www.openstreetmap.org/way/1120694316", "josm_url": "http://127.0.0.1:8111/load_object?new_layer=false&objects=w1120694316", "id_url": "https://www.openstreetmap.org/edit?editor=id&way=1120694316#map=20/-25.4516447/-49.2732141"}}, {"type": "Feature", "geometry": {"type": "Point", "coordinates": [-49.273031, -25.4515744]}, "properties": {"id": 1120694317, "feat_type": "way", "quality_categories": "missing_tags", "issue_ids": "[2]", "osm_url": "https://www.openstreetmap.org/way/1120694317", "josm_url": "http://127.0.0.1:8111/load_object?new_layer=false&objects=w1120694317", "id_url": "https://www.openstreetmap.org/edit?editor=id&way=1120694317#map=20/-25.4515744/-49.273031"}}, {"type": "Feature", "geometry": {"type": "Point", "coordinates": [-49.2721102, -25.4512212]}, "properties": {"id": 1120694318, "feat_type": "way", "quality_categories": "missing_tags", "issue_ids": "[2]", "osm_url": "https://www.openstreetmap.org/way/1120694318", "josm_url": "http://127.0.0.1:8111/load_object?new_layer=false&objects=w1120694318", "id_url": "https://www.openstreetmap.org/edit?editor=id&way=1120694318#map=20/-25.4512212/-49.2721102"}}, {"type": "Feature", "geometry": {"type": "Point", "coordinates": [-49.2854669, -25.45018]}, "properties": {"id": 1120694319, "feat_type": "way", "quality_categories": "missing_tags", "issue_ids": "[2]", "osm_url": "https://www.openstreetmap.org/way/1120694319", "josm_url": "http://127.0.0.1:8111/load_object?new_layer=false&objects=w1120694319", "id_url": "https://www.openstreetmap.org/edit?editor=id&way=1120694319#map=20/-25.45018/-49.2854669"}}, {"type": "Feature", "geometry": {"type": "Point", "coordinates": [-49.2878279, -25.4510886]}, "properties": {"id": 1120694320, "feat_type": "way", "quality_categories": "missing_tags", "issue_ids": "[2]", "osm_url": "https://www.openstreetmap.org/way/1120694320", "josm_url": "http://127.0.0.1:8111/load_object?new_layer=false&objects=w1120694320", "id_url": "https://www.openstreetmap.org/edit?editor=id&way=1120694320#map=20/-25.4510886/-49.2878279"}}, {"type": "Feature", "geometry": {"type": "Point", "coordinates": [-49.2869847, -25.446393]}, "properties": {"id": 1120694321, "feat_type": "way", "quality_categories": "missing_tags", "issue_ids": "[2]", "osm_url": "https://www.openstreetmap.org/way/1120694321", "josm_url": "http://127.0.0.1:8111/load_object?new_layer=false&objects=w1120694321", "id_url": "https://www.openstreetmap.org/edit?editor=id&way=1120694321#map=20/-25.446393/-49.2869847"}}, {"type": "Feature", "geometry": {"type": "Point", "coordinates": [-49.2871505, -25.4464936]}, "properties": {"id": 1120694322, "feat_type": "way", "quality_categories": "missing_tags", "issue_ids": "[2]", "osm_url": "https://www.openstreetmap.org/way/1120694322", "josm_url": "http://127.0.0.1:8111/load_object?new_layer=false&objects=w1120694322", "id_url": "https://www.openstreetmap.org/edit?editor=id&way=1120694322#map=20/-25.4464936/-49.2871505"}}, {"type": "Feature", "geometry": {"type": "Point", "coordinates": [-49.2860495, -25.4535867]}, "properties": {"id": 1120694323, "feat_type": "way", "quality_categories": "missing_tags", "issue_ids": "[2]", "osm_url": "https://www.openstreetmap.org/way/1120694323", "josm_url": "http://127.0.0.1:8111/load_object?new_layer=false&objects=w1120694323", "id_url": "https://www.openstreetmap.org/edit?editor=id&way=1120694323#map=20/-25.4535867/-49.2860495"}}, {"type": "Feature", "geometry": {"type": "Point", "coordinates": [-49.2707385, -25.454176]}, "properties": {"id": 1120694324, "feat_type": "way", "quality_categories": "missing_tags", "issue_ids": "[2]", "osm_url": "https://www.openstreetmap.org/way/1120694324", "josm_url": "http://127.0.0.1:8111/load_object?new_layer=false&objects=w1120694324", "id_url": "https://www.openstreetmap.org/edit?editor=id&way=1120694324#map=20/-25.454176/-49.2707385"}}, {"type": "Feature", "geometry": {"type": "Point", "coordinates": [-49.2438168, -25.3970434]}, "properties": {"id": 1126837469, "feat_type": "way", "quality_categories": "disjointed_geometries, missing_tags", "issue_ids": "[2, 3]", "osm_url": "https://www.openstreetmap.org/way/1126837469", "josm_url": "http://127.0.0.1:8111/load_object?new_layer=false&objects=w1126837469", "id_url": "https://www.openstreetmap.org/edit?editor=id&way=1126837469#map=20/-25.3970434/-49.2438168"}}, {"type": "Feature", "geometry": {"type": "Point", "coordinates": [-49.3459584, -25.4415651]}, "properties": {"id": 1152582611, "feat_type": "way", "quality_categories": "disjointed_geometries, missing_tags, replaceable_values", "issue_ids": "[4, 2, 3]", "osm_url": "https://www.openstreetmap.org/way/1152582611", "josm_url": "http://127.0.0.1:8111/load_object?new_layer=false&objects=w1152582611", "id_url": "https://www.openstreetmap.org/edit?editor=id&way=1152582611#map=20/-25.4415651/-49.3459584"}}, {"type": "Feature", "geometry": {"type": "Point", "coordinates": [-49.2344964, -25.4449174]}, "properties": {"id": 1154877174, "feat_type": "way", "quality_categories": "crossings_lacking_kerbs, missing_tags", "issue_ids": "[2, 5]", "osm_url": "https://www.openstreetmap.org/way/1154877174", "josm_url": "http://127.0.0.1:8111/load_object?new_layer=false&objects=w1154877174", "id_url": "https://www.openstreetmap.org/edit?editor=id&way=1154877174#map=20/-25.4449174/-49.2344964"}}, {"type": "Feature", "geometry": {"type": "Point", "coordinates": [-49.2349315, -25.4444984]}, "properties": {"id": 1154877175, "feat_type": "way", "quality_categories": "crossings_lacking_kerbs, missing_tags", "issue_ids": "[2, 5]", "osm_url": "https://www.openstreetmap.org/way/1154877175", "josm_url": "http://127.0.0.1:8111/load_object?new_layer=false&objects=w1154877175", "id_url": "https://www.openstreetmap.org/edit?editor=id&way=1154877175#map=20/-25.4444984/-49.2349315"}}, {"type": "Feature", "geometry": {"type": "Point", "coordinates": [-49.2352687, -25.4444859]}, "properties": {"id": 1154877176, "feat_type": "way", "quality_categories": "crossings_lacking_kerbs, missing_tags", "issue_ids": "[2, 5]", "osm_url": "https://www.openstreetmap.org/way/1154877176", "josm_url": "http://127.0.0.1:8111/load_object?new_layer=false&objects=w1154877176", "id_url": "https://www.openstreetmap.org/edit?editor=id&way=1154877176#map=20/-25.4444859/-49.2352687"}}, {"type": "Feature", "geometry": {"type": "Point", "coordinates": [-49.229696, -25.5179711]}, "properties": {"id": 1155016619, "feat_type": "way", "quality_categories": "disjointed_geometries, missing_tags", "issue_ids": "[2, 3]", "osm_url": "https://www.openstreetmap.org/way/1155016619", "josm_url": "http://127.0.0.1:8111/load_object?new_layer=false&objects=w1155016619", "id_url": "https://www.openstreetmap.org/edit?editor=id&way=1155016619#map=20/-25.5179711/-49.229696"}}, {"type": "Feature", "geometry": {"type": "Point", "coordinates": [-49.2277917, -25.521507]}, "properties": {"id": 1155019032, "feat_type": "way", "quality_categories": "disjointed_geometries, missing_tags", "issue_ids": "[2, 3]", "osm_url": "https://www.openstreetmap.org/way/1155019032", "josm_url": "http://127.0.0.1:8111/load_object?new_layer=false&objects=w1155019032", "id_url": "https://www.openstreetmap.org/edit?editor=id&way=1155019032#map=20/-25.521507/-49.2277917"}}, {"type": "Feature", "geometry": {"type": "Point", "coordinates": [-49.2278785, -25.5213284]}, "properties": {"id": 1155019033, "feat_type": "way", "quality_categories": "disjointed_geometries, missing_tags", "issue_ids": "[2, 3]", "osm_url": "https://www.openstreetmap.org/way/1155019033", "josm_url": "http://127.0.0.1:8111/load_object?new_layer=false&objects=w1155019033", "id_url": "https://www.openstreetmap.org/edit?editor=id&way=1155019033#map=20/-25.5213284/-49.2278785"}}, {"type": "Feature", "geometry": {"type": "Point", "coordinates": [-49.2306632, -25.515987]}, "properties": {"id": 1155020590, "feat_type": "way", "quality_categories": "disjointed_geometries, missing_tags", "issue_ids": "[2, 3]", "osm_url": "https://www.openstreetmap.org/way/1155020590", "josm_url": "http://127.0.0.1:8111/load_object?new_layer=false&objects=w1155020590", "id_url": "https://www.openstreetmap.org/edit?editor=id&way=1155020590#map=20/-25.515987/-49.2306632"}}, {"type": "Feature", "geometry": {"type": "Point", "coordinates": [-49.2303598, -25.5159862]}, "properties": {"id": 1155020591, "feat_type": "way", "quality_categories": "disjointed_geometries, missing_tags", "issue_ids": "[2, 3]", "osm_url": "https://www.openstreetmap.org/way/1155020591", "josm_url": "http://127.0.0.1:8111/load_object?new_layer=false&objects=w1155020591", "id_url": "https://www.openstreetmap.org/edit?editor=id&way=1155020591#map=20/-25.5159862/-49.2303598"}}, {"type": "Feature", "geometry": {"type": "Point", "coordinates": [-49.2304798, -25.5159941]}, "properties": {"id": 1155020592, "feat_type": "way", "quality_categories": "disjointed_geometries, missing_tags", "issue_ids": "[2, 3]", "osm_url": "https://www.openstreetmap.org/way/1155020592", "josm_url": "http://127.0.0.1:8111/load_object?new_layer=false&objects=w1155020592", "id_url": "https://www.openstreetmap.org/edit?editor=id&way=1155020592#map=20/-25.5159941/-49.2304798"}}, {"type": "Feature", "geometry": {"type": "Point", "coordinates": [-49.2922839, -25.4303575]}, "properties": {"id": 1156759437, "feat_type": "way", "quality_categories": "disjointed_geometries, improper_keys, missing_tags", "issue_ids": "[23, 2, 3]", "osm_url": "https://www.openstreetmap.org/way/1156759437", "josm_url": "http://127.0.0.1:8111/load_object?new_layer=false&objects=w1156759437", "id_url": "https://www.openstreetmap.org/edit?editor=id&way=1156759437#map=20/-25.4303575/-49.2922839"}}, {"type": "Feature", "geometry": {"type": "Point", "coordinates": [-49.236822, -25.4474553]}, "properties": {"id": 1163723247, "feat_type": "way", "quality_categories": "crossings_lacking_kerbs, missing_tags", "issue_ids": "[2, 5]", "osm_url": "https://www.openstreetmap.org/way/1163723247", "josm_url": "http://127.0.0.1:8111/load_object?new_layer=false&objects=w1163723247", "id_url": "https://www.openstreetmap.org/edit?editor=id&way=1163723247#map=20/-25.4474553/-49.236822"}}, {"type": "Feature", "geometry": {"type": "Point", "coordinates": [-49.2377501, -25.4476447]}, "properties": {"id": 1163725555, "feat_type": "way", "quality_categories": "crossings_lacking_kerbs, missing_tags", "issue_ids": "[2, 5]", "osm_url": "https://www.openstreetmap.org/way/1163725555", "josm_url": "http://127.0.0.1:8111/load_object?new_layer=false&objects=w1163725555", "id_url": "https://www.openstreetmap.org/edit?editor=id&way=1163725555#map=20/-25.4476447/-49.2377501"}}, {"type": "Feature", "geometry": {"type": "Point", "coordinates": [-49.2391168, -25.4503761]}, "properties": {"id": 1163729575, "feat_type": "way", "quality_categories": "crossings_lacking_kerbs, missing_tags", "issue_ids": "[2, 5]", "osm_url": "https://www.openstreetmap.org/way/1163729575", "josm_url": "http://127.0.0.1:8111/load_object?new_layer=false&objects=w1163729575", "id_url": "https://www.openstreetmap.org/edit?editor=id&way=1163729575#map=20/-25.4503761/-49.2391168"}}, {"type": "Feature", "geometry": {"type": "Point", "coordinates": [-49.2392094, -25.4503828]}, "properties": {"id": 1163729577, "feat_type": "way", "quality_categories": "crossings_lacking_kerbs, missing_tags", "issue_ids": "[2, 5]", "osm_url": "https://www.openstreetmap.org/way/1163729577", "josm_url": "http://127.0.0.1:8111/load_object?new_layer=false&objects=w1163729577", "id_url": "https://www.openstreetmap.org/edit?editor=id&way=1163729577#map=20/-25.4503828/-49.2392094"}}, {"type": "Feature", "geometry": {"type": "Point", "coordinates": [-49.2383372, -25.4473982]}, "properties": {"id": 1163729580, "feat_type": "way", "quality_categories": "crossings_lacking_kerbs, missing_tags", "issue_ids": "[2, 5]", "osm_url": "https://www.openstreetmap.org/way/1163729580", "josm_url": "http://127.0.0.1:8111/load_object?new_layer=false&objects=w1163729580", "id_url": "https://www.openstreetmap.org/edit?editor=id&way=1163729580#map=20/-25.4473982/-49.2383372"}}, {"type": "Feature", "geometry": {"type": "Point", "coordinates": [-49.2385881, -25.4468821]}, "properties": {"id": 1163729583, "feat_type": "way", "quality_categories": "crossings_lacking_kerbs, missing_tags", "issue_ids": "[2, 5]", "osm_url": "https://www.openstreetmap.org/way/1163729583", "josm_url": "http://127.0.0.1:8111/load_object?new_layer=false&objects=w1163729583", "id_url": "https://www.openstreetmap.org/edit?editor=id&way=1163729583#map=20/-25.4468821/-49.2385881"}}, {"type": "Feature", "geometry": {"type": "Point", "coordinates": [-49.2385534, -25.446795]}, "properties": {"id": 1163729585, "feat_type": "way", "quality_categories": "crossings_lacking_kerbs, missing_tags", "issue_ids": "[2, 5]", "osm_url": "https://www.openstreetmap.org/way/1163729585", "josm_url": "http://127.0.0.1:8111/load_object?new_layer=false&objects=w1163729585", "id_url": "https://www.openstreetmap.org/edit?editor=id&way=1163729585#map=20/-25.446795/-49.2385534"}}, {"type": "Feature", "geometry": {"type": "Point", "coordinates": [-49.2386912, -25.4445631]}, "properties": {"id": 1163732958, "feat_type": "way", "quality_categories": "crossings_lacking_kerbs, missing_tags", "issue_ids": "[2, 5]", "osm_url": "https://www.openstreetmap.org/way/1163732958", "josm_url": "http://127.0.0.1:8111/load_object?new_layer=false&objects=w1163732958", "id_url": "https://www.openstreetmap.org/edit?editor=id&way=1163732958#map=20/-25.4445631/-49.2386912"}}, {"type": "Feature", "geometry": {"type": "Point", "coordinates": [-49.2387106, -25.4443277]}, "properties": {"id": 1163732959, "feat_type": "way", "quality_categories": "crossings_lacking_kerbs, missing_tags", "issue_ids": "[2, 5]", "osm_url": "https://www.openstreetmap.org/way/1163732959", "josm_url": "http://127.0.0.1:8111/load_object?new_layer=false&objects=w1163732959", "id_url": "https://www.openstreetmap.org/edit?editor=id&way=1163732959#map=20/-25.4443277/-49.2387106"}}, {"type": "Feature", "geometry": {"type": "Point", "coordinates": [-49.2387712, -25.4444751]}, "properties": {"id": 1163732962, "feat_type": "way", "quality_categories": "crossings_lacking_kerbs, missing_tags", "issue_ids": "[2, 5]", "osm_url": "https://www.openstreetmap.org/way/1163732962", "josm_url": "http://127.0.0.1:8111/load_object?new_layer=false&objects=w1163732962", "id_url": "https://www.openstreetmap.org/edit?editor=id&way=1163732962#map=20/-25.4444751/-49.2387712"}}, {"type": "Feature", "geometry": {"type": "Point", "coordinates": [-49.2386685, -25.444741]}, "properties": {"id": 1163732968, "feat_type": "way", "quality_categories": "crossings_lacking_kerbs, missing_tags", "issue_ids": "[2, 5]", "osm_url": "https://www.openstreetmap.org/way/1163732968", "josm_url": "http://127.0.0.1:8111/load_object?new_layer=false&objects=w1163732968", "id_url": "https://www.openstreetmap.org/edit?editor=id&way=1163732968#map=20/-25.444741/-49.2386685"}}, {"type": "Feature", "geometry": {"type": "Point", "coordinates": [-49.2083482, -25.4439937]}, "properties": {"id": 1167228331, "feat_type": "way", "quality_categories": "crossings_lacking_kerbs, missing_tags", "issue_ids": "[2, 5]", "osm_url": "https://www.openstreetmap.org/way/1167228331", "josm_url": "http://127.0.0.1:8111/load_object?new_layer=false&objects=w1167228331", "id_url": "https://www.openstreetmap.org/edit?editor=id&way=1167228331#map=20/-25.4439937/-49.2083482"}}, {"type": "Feature", "geometry": {"type": "Point", "coordinates": [-49.220869, -25.4402145]}, "properties": {"id": 1167436144, "feat_type": "way", "quality_categories": "crossings_lacking_kerbs, missing_tags", "issue_ids": "[2, 5]", "osm_url": "https://www.openstreetmap.org/way/1167436144", "josm_url": "http://127.0.0.1:8111/load_object?new_layer=false&objects=w1167436144", "id_url": "https://www.openstreetmap.org/edit?editor=id&way=1167436144#map=20/-25.4402145/-49.220869"}}, {"type": "Feature", "geometry": {"type": "Point", "coordinates": [-49.2591825, -25.4751035]}, "properties": {"id": 1167564715, "feat_type": "way", "quality_categories": "disjointed_geometries, missing_tags", "issue_ids": "[2, 3]", "osm_url": "https://www.openstreetmap.org/way/1167564715", "josm_url": "http://127.0.0.1:8111/load_object?new_layer=false&objects=w1167564715", "id_url": "https://www.openstreetmap.org/edit?editor=id&way=1167564715#map=20/-25.4751035/-49.2591825"}}, {"type": "Feature", "geometry": {"type": "Point", "coordinates": [-49.258484, -25.4742421]}, "properties": {"id": 1167564719, "feat_type": "way", "quality_categories": "disjointed_geometries, missing_tags", "issue_ids": "[2, 3]", "osm_url": "https://www.openstreetmap.org/way/1167564719", "josm_url": "http://127.0.0.1:8111/load_object?new_layer=false&objects=w1167564719", "id_url": "https://www.openstreetmap.org/edit?editor=id&way=1167564719#map=20/-25.4742421/-49.258484"}}, {"type": "Feature", "geometry": {"type": "Point", "coordinates": [-49.2649078, -25.4373277]}, "properties": {"id": 1167573361, "feat_type": "way", "quality_categories": "disjointed_geometries, missing_tags", "issue_ids": "[2, 3]", "osm_url": "https://www.openstreetmap.org/way/1167573361", "josm_url": "http://127.0.0.1:8111/load_object?new_layer=false&objects=w1167573361", "id_url": "https://www.openstreetmap.org/edit?editor=id&way=1167573361#map=20/-25.4373277/-49.2649078"}}, {"type": "Feature", "geometry": {"type": "Point", "coordinates": [-49.2879938, -25.4512293]}, "properties": {"id": 1167623903, "feat_type": "way", "quality_categories": "crossings_lacking_kerbs, missing_tags", "issue_ids": "[2, 5]", "osm_url": "https://www.openstreetmap.org/way/1167623903", "josm_url": "http://127.0.0.1:8111/load_object?new_layer=false&objects=w1167623903", "id_url": "https://www.openstreetmap.org/edit?editor=id&way=1167623903#map=20/-25.4512293/-49.2879938"}}, {"type": "Feature", "geometry": {"type": "Point", "coordinates": [-49.2144903, -25.4278188]}, "properties": {"id": 1184253376, "feat_type": "way", "quality_categories": "disjointed_geometries, missing_tags", "issue_ids": "[2, 3]", "osm_url": "https://www.openstreetmap.org/way/1184253376", "josm_url": "http://127.0.0.1:8111/load_object?new_layer=false&objects=w1184253376", "id_url": "https://www.openstreetmap.org/edit?editor=id&way=1184253376#map=20/-25.4278188/-49.2144903"}}, {"type": "Feature", "geometry": {"type": "Point", "coordinates": [-49.2187016, -25.4174494]}, "properties": {"id": 1184257144, "feat_type": "way", "quality_categories": "crossings_lacking_kerbs, missing_tags", "issue_ids": "[2, 5]", "osm_url": "https://www.openstreetmap.org/way/1184257144", "josm_url": "http://127.0.0.1:8111/load_object?new_layer=false&objects=w1184257144", "id_url": "https://www.openstreetmap.org/edit?editor=id&way=1184257144#map=20/-25.4174494/-49.2187016"}}, {"type": "Feature", "geometry": {"type": "Point", "coordinates": [-49.2192014, -25.41752]}, "properties": {"id": 1184257149, "feat_type": "way", "quality_categories": "disjointed_geometries, missing_tags", "issue_ids": "[2, 3]", "osm_url": "https://www.openstreetmap.org/way/1184257149", "josm_url": "http://127.0.0.1:8111/load_object?new_layer=false&objects=w1184257149", "id_url": "https://www.openstreetmap.org/edit?editor=id&way=1184257149#map=20/-25.41752/-49.2192014"}}, {"type": "Feature", "geometry": {"type": "Point", "coordinates": [-49.2204577, -25.4179936]}, "properties": {"id": 1184257154, "feat_type": "way", "quality_categories": "disjointed_geometries, missing_tags", "issue_ids": "[2, 3]", "osm_url": "https://www.openstreetmap.org/way/1184257154", "josm_url": "http://127.0.0.1:8111/load_object?new_layer=false&objects=w1184257154", "id_url": "https://www.openstreetmap.org/edit?editor=id&way=1184257154#map=20/-25.4179936/-49.2204577"}}, {"type": "Feature", "geometry": {"type": "Point", "coordinates": [-49.2206263, -25.4180625]}, "properties": {"id": 1184257155, "feat_type": "way", "quality_categories": "disjointed_geometries, missing_tags", "issue_ids": "[2, 3]", "osm_url": "https://www.openstreetmap.org/way/1184257155", "josm_url": "http://127.0.0.1:8111/load_object?new_layer=false&objects=w1184257155", "id_url": "https://www.openstreetmap.org/edit?editor=id&way=1184257155#map=20/-25.4180625/-49.2206263"}}, {"type": "Feature", "geometry": {"type": "Point", "coordinates": [-49.2154378, -25.4255085]}, "properties": {"id": 1184257156, "feat_type": "way", "quality_categories": "disjointed_geometries, missing_tags", "issue_ids": "[2, 3]", "osm_url": "https://www.openstreetmap.org/way/1184257156", "josm_url": "http://127.0.0.1:8111/load_object?new_layer=false&objects=w1184257156", "id_url": "https://www.openstreetmap.org/edit?editor=id&way=1184257156#map=20/-25.4255085/-49.2154378"}}, {"type": "Feature", "geometry": {"type": "Point", "coordinates": [-49.2651734, -25.3507603]}, "properties": {"id": 1188085613, "feat_type": "way", "quality_categories": "missing_tags", "issue_ids": "[2]", "osm_url": "https://www.openstreetmap.org/way/1188085613", "josm_url": "http://127.0.0.1:8111/load_object?new_layer=false&objects=w1188085613", "id_url": "https://www.openstreetmap.org/edit?editor=id&way=1188085613#map=20/-25.3507603/-49.2651734"}}, {"type": "Feature", "geometry": {"type": "Point", "coordinates": [-49.2651691, -25.3500802]}, "properties": {"id": 1188085615, "feat_type": "way", "quality_categories": "crossings_lacking_kerbs, missing_tags", "issue_ids": "[2, 5]", "osm_url": "https://www.openstreetmap.org/way/1188085615", "josm_url": "http://127.0.0.1:8111/load_object?new_layer=false&objects=w1188085615", "id_url": "https://www.openstreetmap.org/edit?editor=id&way=1188085615#map=20/-25.3500802/-49.2651691"}}, {"type": "Feature", "geometry": {"type": "Point", "coordinates": [-49.2650856, -25.3499625]}, "properties": {"id": 1188085616, "feat_type": "way", "quality_categories": "crossings_lacking_kerbs, missing_tags", "issue_ids": "[2, 5]", "osm_url": "https://www.openstreetmap.org/way/1188085616", "josm_url": "http://127.0.0.1:8111/load_object?new_layer=false&objects=w1188085616", "id_url": "https://www.openstreetmap.org/edit?editor=id&way=1188085616#map=20/-25.3499625/-49.2650856"}}, {"type": "Feature", "geometry": {"type": "Point", "coordinates": [-49.2648863, -25.3486568]}, "properties": {"id": 1188085619, "feat_type": "way", "quality_categories": "crossings_lacking_kerbs, missing_tags", "issue_ids": "[2, 5]", "osm_url": "https://www.openstreetmap.org/way/1188085619", "josm_url": "http://127.0.0.1:8111/load_object?new_layer=false&objects=w1188085619", "id_url": "https://www.openstreetmap.org/edit?editor=id&way=1188085619#map=20/-25.3486568/-49.2648863"}}, {"type": "Feature", "geometry": {"type": "Point", "coordinates": [-49.2114348, -25.4973276]}, "properties": {"id": 1193330872, "feat_type": "way", "quality_categories": "crossings_lacking_kerbs, missing_tags", "issue_ids": "[2, 5]", "osm_url": "https://www.openstreetmap.org/way/1193330872", "josm_url": "http://127.0.0.1:8111/load_object?new_layer=false&objects=w1193330872", "id_url": "https://www.openstreetmap.org/edit?editor=id&way=1193330872#map=20/-25.4973276/-49.2114348"}}, {"type": "Feature", "geometry": {"type": "Point", "coordinates": [-49.211202, -25.4975887]}, "properties": {"id": 1193330874, "feat_type": "way", "quality_categories": "crossings_lacking_kerbs, missing_tags", "issue_ids": "[2, 5]", "osm_url": "https://www.openstreetmap.org/way/1193330874", "josm_url": "http://127.0.0.1:8111/load_object?new_layer=false&objects=w1193330874", "id_url": "https://www.openstreetmap.org/edit?editor=id&way=1193330874#map=20/-25.4975887/-49.211202"}}, {"type": "Feature", "geometry": {"type": "Point", "coordinates": [-49.2109842, -25.4983693]}, "properties": {"id": 1193330876, "feat_type": "way", "quality_categories": "crossings_lacking_kerbs, missing_tags", "issue_ids": "[2, 5]", "osm_url": "https://www.openstreetmap.org/way/1193330876", "josm_url": "http://127.0.0.1:8111/load_object?new_layer=false&objects=w1193330876", "id_url": "https://www.openstreetmap.org/edit?editor=id&way=1193330876#map=20/-25.4983693/-49.2109842"}}, {"type": "Feature", "geometry": {"type": "Point", "coordinates": [-49.2108853, -25.4984803]}, "properties": {"id": 1193330878, "feat_type": "way", "quality_categories": "crossings_lacking_kerbs, missing_tags", "issue_ids": "[2, 5]", "osm_url": "https://www.openstreetmap.org/way/1193330878", "josm_url": "http://127.0.0.1:8111/load_object?new_layer=false&objects=w1193330878", "id_url": "https://www.openstreetmap.org/edit?editor=id&way=1193330878#map=20/-25.4984803/-49.2108853"}}, {"type": "Feature", "geometry": {"type": "Point", "coordinates": [-49.2198357, -25.4846664]}, "properties": {"id": 1193376486, "feat_type": "way", "quality_categories": "crossings_lacking_kerbs, missing_tags", "issue_ids": "[2, 5]", "osm_url": "https://www.openstreetmap.org/way/1193376486", "josm_url": "http://127.0.0.1:8111/load_object?new_layer=false&objects=w1193376486", "id_url": "https://www.openstreetmap.org/edit?editor=id&way=1193376486#map=20/-25.4846664/-49.2198357"}}, {"type": "Feature", "geometry": {"type": "Point", "coordinates": [-49.2203758, -25.4847569]}, "properties": {"id": 1193376489, "feat_type": "way", "quality_categories": "crossings_lacking_kerbs, missing_tags", "issue_ids": "[2, 5]", "osm_url": "https://www.openstreetmap.org/way/1193376489", "josm_url": "http://127.0.0.1:8111/load_object?new_layer=false&objects=w1193376489", "id_url": "https://www.openstreetmap.org/edit?editor=id&way=1193376489#map=20/-25.4847569/-49.2203758"}}, {"type": "Feature", "geometry": {"type": "Point", "coordinates": [-49.2213456, -25.4831514]}, "properties": {"id": 1193379172, "feat_type": "way", "quality_categories": "disjointed_geometries, missing_tags", "issue_ids": "[2, 3]", "osm_url": "https://www.openstreetmap.org/way/1193379172", "josm_url": "http://127.0.0.1:8111/load_object?new_layer=false&objects=w1193379172", "id_url": "https://www.openstreetmap.org/edit?editor=id&way=1193379172#map=20/-25.4831514/-49.2213456"}}, {"type": "Feature", "geometry": {"type": "Point", "coordinates": [-49.220957, -25.4831273]}, "properties": {"id": 1193379173, "feat_type": "way", "quality_categories": "disjointed_geometries, missing_tags", "issue_ids": "[2, 3]", "osm_url": "https://www.openstreetmap.org/way/1193379173", "josm_url": "http://127.0.0.1:8111/load_object?new_layer=false&objects=w1193379173", "id_url": "https://www.openstreetmap.org/edit?editor=id&way=1193379173#map=20/-25.4831273/-49.220957"}}, {"type": "Feature", "geometry": {"type": "Point", "coordinates": [-49.220801, -25.4833218]}, "properties": {"id": 1193379174, "feat_type": "way", "quality_categories": "disjointed_geometries, missing_tags", "issue_ids": "[2, 3]", "osm_url": "https://www.openstreetmap.org/way/1193379174", "josm_url": "http://127.0.0.1:8111/load_object?new_layer=false&objects=w1193379174", "id_url": "https://www.openstreetmap.org/edit?editor=id&way=1193379174#map=20/-25.4833218/-49.220801"}}, {"type": "Feature", "geometry": {"type": "Point", "coordinates": [-49.2211761, -25.4833831]}, "properties": {"id": 1193379175, "feat_type": "way", "quality_categories": "disjointed_geometries, missing_tags", "issue_ids": "[2, 3]", "osm_url": "https://www.openstreetmap.org/way/1193379175", "josm_url": "http://127.0.0.1:8111/load_object?new_layer=false&objects=w1193379175", "id_url": "https://www.openstreetmap.org/edit?editor=id&way=1193379175#map=20/-25.4833831/-49.2211761"}}, {"type": "Feature", "geometry": {"type": "Point", "coordinates": [-49.2251207, -25.4776663]}, "properties": {"id": 1193386503, "feat_type": "way", "quality_categories": "disjointed_geometries, missing_tags", "issue_ids": "[2, 3]", "osm_url": "https://www.openstreetmap.org/way/1193386503", "josm_url": "http://127.0.0.1:8111/load_object?new_layer=false&objects=w1193386503", "id_url": "https://www.openstreetmap.org/edit?editor=id&way=1193386503#map=20/-25.4776663/-49.2251207"}}, {"type": "Feature", "geometry": {"type": "Point", "coordinates": [-49.2305118, -25.4707877]}, "properties": {"id": 1193393250, "feat_type": "way", "quality_categories": "crossings_lacking_kerbs, missing_tags", "issue_ids": "[2, 5]", "osm_url": "https://www.openstreetmap.org/way/1193393250", "josm_url": "http://127.0.0.1:8111/load_object?new_layer=false&objects=w1193393250", "id_url": "https://www.openstreetmap.org/edit?editor=id&way=1193393250#map=20/-25.4707877/-49.2305118"}}, {"type": "Feature", "geometry": {"type": "Point", "coordinates": [-49.2312796, -25.469757]}, "properties": {"id": 1193393251, "feat_type": "way", "quality_categories": "crossings_lacking_kerbs, missing_tags", "issue_ids": "[2, 5]", "osm_url": "https://www.openstreetmap.org/way/1193393251", "josm_url": "http://127.0.0.1:8111/load_object?new_layer=false&objects=w1193393251", "id_url": "https://www.openstreetmap.org/edit?editor=id&way=1193393251#map=20/-25.469757/-49.2312796"}}, {"type": "Feature", "geometry": {"type": "Point", "coordinates": [-49.2324469, -25.4682082]}, "properties": {"id": 1193393257, "feat_type": "way", "quality_categories": "crossings_lacking_kerbs, missing_tags", "issue_ids": "[2, 5]", "osm_url": "https://www.openstreetmap.org/way/1193393257", "josm_url": "http://127.0.0.1:8111/load_object?new_layer=false&objects=w1193393257", "id_url": "https://www.openstreetmap.org/edit?editor=id&way=1193393257#map=20/-25.4682082/-49.2324469"}}, {"type": "Feature", "geometry": {"type": "Point", "coordinates": [-49.2321258, -25.468546]}, "properties": {"id": 1193393266, "feat_type": "way", "quality_categories": "crossings_lacking_kerbs, missing_tags", "issue_ids": "[2, 5]", "osm_url": "https://www.openstreetmap.org/way/1193393266", "josm_url": "http://127.0.0.1:8111/load_object?new_layer=false&objects=w1193393266", "id_url": "https://www.openstreetmap.org/edit?editor=id&way=1193393266#map=20/-25.468546/-49.2321258"}}, {"type": "Feature", "geometry": {"type": "Point", "coordinates": [-49.2340901, -25.4650488]}, "properties": {"id": 1193395542, "feat_type": "way", "quality_categories": "crossings_lacking_kerbs, missing_tags", "issue_ids": "[2, 5]", "osm_url": "https://www.openstreetmap.org/way/1193395542", "josm_url": "http://127.0.0.1:8111/load_object?new_layer=false&objects=w1193395542", "id_url": "https://www.openstreetmap.org/edit?editor=id&way=1193395542#map=20/-25.4650488/-49.2340901"}}, {"type": "Feature", "geometry": {"type": "Point", "coordinates": [-49.2333128, -25.4662172]}, "properties": {"id": 1193395547, "feat_type": "way", "quality_categories": "crossings_lacking_kerbs, missing_tags", "issue_ids": "[2, 5]", "osm_url": "https://www.openstreetmap.org/way/1193395547", "josm_url": "http://127.0.0.1:8111/load_object?new_layer=false&objects=w1193395547", "id_url": "https://www.openstreetmap.org/edit?editor=id&way=1193395547#map=20/-25.4662172/-49.2333128"}}, {"type": "Feature", "geometry": {"type": "Point", "coordinates": [-49.2324952, -25.4673622]}, "properties": {"id": 1193395550, "feat_type": "way", "quality_categories": "crossings_lacking_kerbs, missing_tags", "issue_ids": "[2, 5]", "osm_url": "https://www.openstreetmap.org/way/1193395550", "josm_url": "http://127.0.0.1:8111/load_object?new_layer=false&objects=w1193395550", "id_url": "https://www.openstreetmap.org/edit?editor=id&way=1193395550#map=20/-25.4673622/-49.2324952"}}, {"type": "Feature", "geometry": {"type": "Point", "coordinates": [-49.2316684, -25.4685022]}, "properties": {"id": 1193395553, "feat_type": "way", "quality_categories": "crossings_lacking_kerbs, missing_tags", "issue_ids": "[2, 5]", "osm_url": "https://www.openstreetmap.org/way/1193395553", "josm_url": "http://127.0.0.1:8111/load_object?new_layer=false&objects=w1193395553", "id_url": "https://www.openstreetmap.org/edit?editor=id&way=1193395553#map=20/-25.4685022/-49.2316684"}}, {"type": "Feature", "geometry": {"type": "Point", "coordinates": [-49.2363438, -25.4626029]}, "properties": {"id": 1193433942, "feat_type": "way", "quality_categories": "disjointed_geometries, missing_tags", "issue_ids": "[2, 3]", "osm_url": "https://www.openstreetmap.org/way/1193433942", "josm_url": "http://127.0.0.1:8111/load_object?new_layer=false&objects=w1193433942", "id_url": "https://www.openstreetmap.org/edit?editor=id&way=1193433942#map=20/-25.4626029/-49.2363438"}}, {"type": "Feature", "geometry": {"type": "Point", "coordinates": [-49.2405119, -25.4564272]}, "properties": {"id": 1193601295, "feat_type": "way", "quality_categories": "crossings_lacking_kerbs, missing_tags", "issue_ids": "[2, 5]", "osm_url": "https://www.openstreetmap.org/way/1193601295", "josm_url": "http://127.0.0.1:8111/load_object?new_layer=false&objects=w1193601295", "id_url": "https://www.openstreetmap.org/edit?editor=id&way=1193601295#map=20/-25.4564272/-49.2405119"}}, {"type": "Feature", "geometry": {"type": "Point", "coordinates": [-49.2429548, -25.4528755]}, "properties": {"id": 1193601298, "feat_type": "way", "quality_categories": "crossings_lacking_kerbs, missing_tags", "issue_ids": "[2, 5]", "osm_url": "https://www.openstreetmap.org/way/1193601298", "josm_url": "http://127.0.0.1:8111/load_object?new_layer=false&objects=w1193601298", "id_url": "https://www.openstreetmap.org/edit?editor=id&way=1193601298#map=20/-25.4528755/-49.2429548"}}, {"type": "Feature", "geometry": {"type": "Point", "coordinates": [-49.2483073, -25.446132]}, "properties": {"id": 1193633266, "feat_type": "way", "quality_categories": "crossings_lacking_kerbs, missing_tags", "issue_ids": "[2, 5]", "osm_url": "https://www.openstreetmap.org/way/1193633266", "josm_url": "http://127.0.0.1:8111/load_object?new_layer=false&objects=w1193633266", "id_url": "https://www.openstreetmap.org/edit?editor=id&way=1193633266#map=20/-25.446132/-49.2483073"}}, {"type": "Feature", "geometry": {"type": "Point", "coordinates": [-49.2481196, -25.4456438]}, "properties": {"id": 1193633271, "feat_type": "way", "quality_categories": "crossings_lacking_kerbs, missing_tags", "issue_ids": "[2, 5]", "osm_url": "https://www.openstreetmap.org/way/1193633271", "josm_url": "http://127.0.0.1:8111/load_object?new_layer=false&objects=w1193633271", "id_url": "https://www.openstreetmap.org/edit?editor=id&way=1193633271#map=20/-25.4456438/-49.2481196"}}, {"type": "Feature", "geometry": {"type": "Point", "coordinates": [-49.2504276, -25.4430255]}, "properties": {"id": 1193643227, "feat_type": "way", "quality_categories": "disjointed_geometries, missing_tags", "issue_ids": "[2, 3]", "osm_url": "https://www.openstreetmap.org/way/1193643227", "josm_url": "http://127.0.0.1:8111/load_object?new_layer=false&objects=w1193643227", "id_url": "https://www.openstreetmap.org/edit?editor=id&way=1193643227#map=20/-25.4430255/-49.2504276"}}, {"type": "Feature", "geometry": {"type": "Point", "coordinates": [-49.2765651, -25.4409535]}, "properties": {"id": 1193879738, "feat_type": "way", "quality_categories": "crossings_lacking_kerbs, missing_tags", "issue_ids": "[2, 5]", "osm_url": "https://www.openstreetmap.org/way/1193879738", "josm_url": "http://127.0.0.1:8111/load_object?new_layer=false&objects=w1193879738", "id_url": "https://www.openstreetmap.org/edit?editor=id&way=1193879738#map=20/-25.4409535/-49.2765651"}}, {"type": "Feature", "geometry": {"type": "Point", "coordinates": [-49.2721272, -25.4344774]}, "properties": {"id": 1195433524, "feat_type": "way", "quality_categories": "crossings_lacking_kerbs, missing_tags", "issue_ids": "[2, 5]", "osm_url": "https://www.openstreetmap.org/way/1195433524", "josm_url": "http://127.0.0.1:8111/load_object?new_layer=false&objects=w1195433524", "id_url": "https://www.openstreetmap.org/edit?editor=id&way=1195433524#map=20/-25.4344774/-49.2721272"}}, {"type": "Feature", "geometry": {"type": "Point", "coordinates": [-49.2709744, -25.4445406]}, "properties": {"id": 1197110616, "feat_type": "way", "quality_categories": "crossings_lacking_kerbs, missing_tags", "issue_ids": "[2, 5]", "osm_url": "https://www.openstreetmap.org/way/1197110616", "josm_url": "http://127.0.0.1:8111/load_object?new_layer=false&objects=w1197110616", "id_url": "https://www.openstreetmap.org/edit?editor=id&way=1197110616#map=20/-25.4445406/-49.2709744"}}, {"type": "Feature", "geometry": {"type": "Point", "coordinates": [-49.2753908, -25.447979]}, "properties": {"id": 1197154686, "feat_type": "way", "quality_categories": "crossings_lacking_kerbs, missing_tags", "issue_ids": "[2, 5]", "osm_url": "https://www.openstreetmap.org/way/1197154686", "josm_url": "http://127.0.0.1:8111/load_object?new_layer=false&objects=w1197154686", "id_url": "https://www.openstreetmap.org/edit?editor=id&way=1197154686#map=20/-25.447979/-49.2753908"}}, {"type": "Feature", "geometry": {"type": "Point", "coordinates": [-49.3547424, -25.389474]}, "properties": {"id": 1208196732, "feat_type": "way", "quality_categories": "disjointed_geometries, missing_tags", "issue_ids": "[2, 3]", "osm_url": "https://www.openstreetmap.org/way/1208196732", "josm_url": "http://127.0.0.1:8111/load_object?new_layer=false&objects=w1208196732", "id_url": "https://www.openstreetmap.org/edit?editor=id&way=1208196732#map=20/-25.389474/-49.3547424"}}, {"type": "Feature", "geometry": {"type": "Point", "coordinates": [-49.2270726, -25.4511654]}, "properties": {"id": 1210656152, "feat_type": "way", "quality_categories": "crossings_lacking_kerbs, missing_tags", "issue_ids": "[2, 5]", "osm_url": "https://www.openstreetmap.org/way/1210656152", "josm_url": "http://127.0.0.1:8111/load_object?new_layer=false&objects=w1210656152", "id_url": "https://www.openstreetmap.org/edit?editor=id&way=1210656152#map=20/-25.4511654/-49.2270726"}}, {"type": "Feature", "geometry": {"type": "Point", "coordinates": [-49.2284732, -25.4507834]}, "properties": {"id": 1210656155, "feat_type": "way", "quality_categories": "crossings_lacking_kerbs, missing_tags", "issue_ids": "[2, 5]", "osm_url": "https://www.openstreetmap.org/way/1210656155", "josm_url": "http://127.0.0.1:8111/load_object?new_layer=false&objects=w1210656155", "id_url": "https://www.openstreetmap.org/edit?editor=id&way=1210656155#map=20/-25.4507834/-49.2284732"}}, {"type": "Feature", "geometry": {"type": "Point", "coordinates": [-49.2294955, -25.4511091]}, "properties": {"id": 1210656159, "feat_type": "way", "quality_categories": "crossings_lacking_kerbs, missing_tags", "issue_ids": "[2, 5]", "osm_url": "https://www.openstreetmap.org/way/1210656159", "josm_url": "http://127.0.0.1:8111/load_object?new_layer=false&objects=w1210656159", "id_url": "https://www.openstreetmap.org/edit?editor=id&way=1210656159#map=20/-25.4511091/-49.2294955"}}, {"type": "Feature", "geometry": {"type": "Point", "coordinates": [-49.2293824, -25.4512364]}, "properties": {"id": 1210656160, "feat_type": "way", "quality_categories": "crossings_lacking_kerbs, missing_tags", "issue_ids": "[2, 5]", "osm_url": "https://www.openstreetmap.org/way/1210656160", "josm_url": "http://127.0.0.1:8111/load_object?new_layer=false&objects=w1210656160", "id_url": "https://www.openstreetmap.org/edit?editor=id&way=1210656160#map=20/-25.4512364/-49.2293824"}}, {"type": "Feature", "geometry": {"type": "Point", "coordinates": [-49.2285332, -25.452365]}, "properties": {"id": 1210656161, "feat_type": "way", "quality_categories": "crossings_lacking_kerbs, missing_tags", "issue_ids": "[2, 5]", "osm_url": "https://www.openstreetmap.org/way/1210656161", "josm_url": "http://127.0.0.1:8111/load_object?new_layer=false&objects=w1210656161", "id_url": "https://www.openstreetmap.org/edit?editor=id&way=1210656161#map=20/-25.452365/-49.2285332"}}, {"type": "Feature", "geometry": {"type": "Point", "coordinates": [-49.2283815, -25.4522234]}, "properties": {"id": 1210656162, "feat_type": "way", "quality_categories": "crossings_lacking_kerbs, missing_tags", "issue_ids": "[2, 5]", "osm_url": "https://www.openstreetmap.org/way/1210656162", "josm_url": "http://127.0.0.1:8111/load_object?new_layer=false&objects=w1210656162", "id_url": "https://www.openstreetmap.org/edit?editor=id&way=1210656162#map=20/-25.4522234/-49.2283815"}}, {"type": "Feature", "geometry": {"type": "Point", "coordinates": [-49.2281979, -25.4522]}, "properties": {"id": 1210656163, "feat_type": "way", "quality_categories": "crossings_lacking_kerbs, missing_tags", "issue_ids": "[2, 5]", "osm_url": "https://www.openstreetmap.org/way/1210656163", "josm_url": "http://127.0.0.1:8111/load_object?new_layer=false&objects=w1210656163", "id_url": "https://www.openstreetmap.org/edit?editor=id&way=1210656163#map=20/-25.4522/-49.2281979"}}, {"type": "Feature", "geometry": {"type": "Point", "coordinates": [-49.2282961, -25.4522138]}, "properties": {"id": 1210656164, "feat_type": "way", "quality_categories": "crossings_lacking_kerbs, missing_tags", "issue_ids": "[2, 5]", "osm_url": "https://www.openstreetmap.org/way/1210656164", "josm_url": "http://127.0.0.1:8111/load_object?new_layer=false&objects=w1210656164", "id_url": "https://www.openstreetmap.org/edit?editor=id&way=1210656164#map=20/-25.4522138/-49.2282961"}}, {"type": "Feature", "geometry": {"type": "Point", "coordinates": [-49.2283298, -25.4522387]}, "properties": {"id": 1210656165, "feat_type": "way", "quality_categories": "crossings_lacking_kerbs, missing_tags", "issue_ids": "[2, 5]", "osm_url": "https://www.openstreetmap.org/way/1210656165", "josm_url": "http://127.0.0.1:8111/load_object?new_layer=false&objects=w1210656165", "id_url": "https://www.openstreetmap.org/edit?editor=id&way=1210656165#map=20/-25.4522387/-49.2283298"}}, {"type": "Feature", "geometry": {"type": "Point", "coordinates": [-49.2284728, -25.4524817]}, "properties": {"id": 1210656166, "feat_type": "way", "quality_categories": "crossings_lacking_kerbs, missing_tags", "issue_ids": "[2, 5]", "osm_url": "https://www.openstreetmap.org/way/1210656166", "josm_url": "http://127.0.0.1:8111/load_object?new_layer=false&objects=w1210656166", "id_url": "https://www.openstreetmap.org/edit?editor=id&way=1210656166#map=20/-25.4524817/-49.2284728"}}, {"type": "Feature", "geometry": {"type": "Point", "coordinates": [-49.2428879, -25.4439945]}, "properties": {"id": 1211016775, "feat_type": "way", "quality_categories": "crossings_lacking_kerbs, missing_tags", "issue_ids": "[2, 5]", "osm_url": "https://www.openstreetmap.org/way/1211016775", "josm_url": "http://127.0.0.1:8111/load_object?new_layer=false&objects=w1211016775", "id_url": "https://www.openstreetmap.org/edit?editor=id&way=1211016775#map=20/-25.4439945/-49.2428879"}}, {"type": "Feature", "geometry": {"type": "Point", "coordinates": [-49.2428135, -25.4440711]}, "properties": {"id": 1211016777, "feat_type": "way", "quality_categories": "crossings_lacking_kerbs, missing_tags", "issue_ids": "[2, 5]", "osm_url": "https://www.openstreetmap.org/way/1211016777", "josm_url": "http://127.0.0.1:8111/load_object?new_layer=false&objects=w1211016777", "id_url": "https://www.openstreetmap.org/edit?editor=id&way=1211016777#map=20/-25.4440711/-49.2428135"}}, {"type": "Feature", "geometry": {"type": "Point", "coordinates": [-49.2429182, -25.4441881]}, "properties": {"id": 1211016778, "feat_type": "way", "quality_categories": "crossings_lacking_kerbs, missing_tags", "issue_ids": "[2, 5]", "osm_url": "https://www.openstreetmap.org/way/1211016778", "josm_url": "http://127.0.0.1:8111/load_object?new_layer=false&objects=w1211016778", "id_url": "https://www.openstreetmap.org/edit?editor=id&way=1211016778#map=20/-25.4441881/-49.2429182"}}, {"type": "Feature", "geometry": {"type": "Point", "coordinates": [-49.2408033, -25.4442922]}, "properties": {"id": 1211016783, "feat_type": "way", "quality_categories": "crossings_lacking_kerbs, missing_tags", "issue_ids": "[2, 5]", "osm_url": "https://www.openstreetmap.org/way/1211016783", "josm_url": "http://127.0.0.1:8111/load_object?new_layer=false&objects=w1211016783", "id_url": "https://www.openstreetmap.org/edit?editor=id&way=1211016783#map=20/-25.4442922/-49.2408033"}}, {"type": "Feature", "geometry": {"type": "Point", "coordinates": [-49.2376916, -25.4446474]}, "properties": {"id": 1211016785, "feat_type": "way", "quality_categories": "crossings_lacking_kerbs, missing_tags", "issue_ids": "[2, 5]", "osm_url": "https://www.openstreetmap.org/way/1211016785", "josm_url": "http://127.0.0.1:8111/load_object?new_layer=false&objects=w1211016785", "id_url": "https://www.openstreetmap.org/edit?editor=id&way=1211016785#map=20/-25.4446474/-49.2376916"}}, {"type": "Feature", "geometry": {"type": "Point", "coordinates": [-49.237503, -25.4441361]}, "properties": {"id": 1211016786, "feat_type": "way", "quality_categories": "crossings_lacking_kerbs, missing_tags", "issue_ids": "[2, 5]", "osm_url": "https://www.openstreetmap.org/way/1211016786", "josm_url": "http://127.0.0.1:8111/load_object?new_layer=false&objects=w1211016786", "id_url": "https://www.openstreetmap.org/edit?editor=id&way=1211016786#map=20/-25.4441361/-49.237503"}}, {"type": "Feature", "geometry": {"type": "Point", "coordinates": [-49.2437478, -25.4440348]}, "properties": {"id": 1211016787, "feat_type": "way", "quality_categories": "crossings_lacking_kerbs, missing_tags", "issue_ids": "[2, 5]", "osm_url": "https://www.openstreetmap.org/way/1211016787", "josm_url": "http://127.0.0.1:8111/load_object?new_layer=false&objects=w1211016787", "id_url": "https://www.openstreetmap.org/edit?editor=id&way=1211016787#map=20/-25.4440348/-49.2437478"}}, {"type": "Feature", "geometry": {"type": "Point", "coordinates": [-49.2420846, -25.4437997]}, "properties": {"id": 1211041867, "feat_type": "way", "quality_categories": "crossings_lacking_kerbs, missing_tags", "issue_ids": "[2, 5]", "osm_url": "https://www.openstreetmap.org/way/1211041867", "josm_url": "http://127.0.0.1:8111/load_object?new_layer=false&objects=w1211041867", "id_url": "https://www.openstreetmap.org/edit?editor=id&way=1211041867#map=20/-25.4437997/-49.2420846"}}, {"type": "Feature", "geometry": {"type": "Point", "coordinates": [-49.2428459, -25.4435438]}, "properties": {"id": 1211041882, "feat_type": "way", "quality_categories": "crossings_lacking_kerbs, missing_tags", "issue_ids": "[2, 5]", "osm_url": "https://www.openstreetmap.org/way/1211041882", "josm_url": "http://127.0.0.1:8111/load_object?new_layer=false&objects=w1211041882", "id_url": "https://www.openstreetmap.org/edit?editor=id&way=1211041882#map=20/-25.4435438/-49.2428459"}}, {"type": "Feature", "geometry": {"type": "Point", "coordinates": [-49.2398766, -25.4404331]}, "properties": {"id": 1211041885, "feat_type": "way", "quality_categories": "crossings_lacking_kerbs, missing_tags", "issue_ids": "[2, 5]", "osm_url": "https://www.openstreetmap.org/way/1211041885", "josm_url": "http://127.0.0.1:8111/load_object?new_layer=false&objects=w1211041885", "id_url": "https://www.openstreetmap.org/edit?editor=id&way=1211041885#map=20/-25.4404331/-49.2398766"}}, {"type": "Feature", "geometry": {"type": "Point", "coordinates": [-49.2392791, -25.4398665]}, "properties": {"id": 1211041886, "feat_type": "way", "quality_categories": "crossings_lacking_kerbs, missing_tags", "issue_ids": "[2, 5]", "osm_url": "https://www.openstreetmap.org/way/1211041886", "josm_url": "http://127.0.0.1:8111/load_object?new_layer=false&objects=w1211041886", "id_url": "https://www.openstreetmap.org/edit?editor=id&way=1211041886#map=20/-25.4398665/-49.2392791"}}, {"type": "Feature", "geometry": {"type": "Point", "coordinates": [-49.2383748, -25.4392176]}, "properties": {"id": 1211041890, "feat_type": "way", "quality_categories": "crossings_lacking_kerbs, missing_tags", "issue_ids": "[2, 5]", "osm_url": "https://www.openstreetmap.org/way/1211041890", "josm_url": "http://127.0.0.1:8111/load_object?new_layer=false&objects=w1211041890", "id_url": "https://www.openstreetmap.org/edit?editor=id&way=1211041890#map=20/-25.4392176/-49.2383748"}}, {"type": "Feature", "geometry": {"type": "Point", "coordinates": [-49.2383239, -25.4394667]}, "properties": {"id": 1211041891, "feat_type": "way", "quality_categories": "crossings_lacking_kerbs, missing_tags", "issue_ids": "[2, 5]", "osm_url": "https://www.openstreetmap.org/way/1211041891", "josm_url": "http://127.0.0.1:8111/load_object?new_layer=false&objects=w1211041891", "id_url": "https://www.openstreetmap.org/edit?editor=id&way=1211041891#map=20/-25.4394667/-49.2383239"}}, {"type": "Feature", "geometry": {"type": "Point", "coordinates": [-49.2372219, -25.4436522]}, "properties": {"id": 1211041894, "feat_type": "way", "quality_categories": "crossings_lacking_kerbs, missing_tags", "issue_ids": "[2, 5]", "osm_url": "https://www.openstreetmap.org/way/1211041894", "josm_url": "http://127.0.0.1:8111/load_object?new_layer=false&objects=w1211041894", "id_url": "https://www.openstreetmap.org/edit?editor=id&way=1211041894#map=20/-25.4436522/-49.2372219"}}, {"type": "Feature", "geometry": {"type": "Point", "coordinates": [-49.2342899, -25.4434982]}, "properties": {"id": 1211041896, "feat_type": "way", "quality_categories": "crossings_lacking_kerbs, missing_tags", "issue_ids": "[2, 5]", "osm_url": "https://www.openstreetmap.org/way/1211041896", "josm_url": "http://127.0.0.1:8111/load_object?new_layer=false&objects=w1211041896", "id_url": "https://www.openstreetmap.org/edit?editor=id&way=1211041896#map=20/-25.4434982/-49.2342899"}}, {"type": "Feature", "geometry": {"type": "Point", "coordinates": [-49.2346125, -25.4435374]}, "properties": {"id": 1211041897, "feat_type": "way", "quality_categories": "crossings_lacking_kerbs, missing_tags", "issue_ids": "[2, 5]", "osm_url": "https://www.openstreetmap.org/way/1211041897", "josm_url": "http://127.0.0.1:8111/load_object?new_layer=false&objects=w1211041897", "id_url": "https://www.openstreetmap.org/edit?editor=id&way=1211041897#map=20/-25.4435374/-49.2346125"}}, {"type": "Feature", "geometry": {"type": "Point", "coordinates": [-49.2084097, -25.4950233]}, "properties": {"id": 1214827696, "feat_type": "way", "quality_categories": "crossings_lacking_kerbs, missing_tags", "issue_ids": "[2, 5]", "osm_url": "https://www.openstreetmap.org/way/1214827696", "josm_url": "http://127.0.0.1:8111/load_object?new_layer=false&objects=w1214827696", "id_url": "https://www.openstreetmap.org/edit?editor=id&way=1214827696#map=20/-25.4950233/-49.2084097"}}, {"type": "Feature", "geometry": {"type": "Point", "coordinates": [-49.2960502, -25.4998287]}, "properties": {"id": 1218415084, "feat_type": "way", "quality_categories": "disjointed_geometries, missing_tags, replaceable_values", "issue_ids": "[4, 2, 3]", "osm_url": "https://www.openstreetmap.org/way/1218415084", "josm_url": "http://127.0.0.1:8111/load_object?new_layer=false&objects=w1218415084", "id_url": "https://www.openstreetmap.org/edit?editor=id&way=1218415084#map=20/-25.4998287/-49.2960502"}}, {"type": "Feature", "geometry": {"type": "Point", "coordinates": [-49.2940215, -25.509442]}, "properties": {"id": 1218415085, "feat_type": "way", "quality_categories": "disjointed_geometries, missing_tags", "issue_ids": "[2, 3]", "osm_url": "https://www.openstreetmap.org/way/1218415085", "josm_url": "http://127.0.0.1:8111/load_object?new_layer=false&objects=w1218415085", "id_url": "https://www.openstreetmap.org/edit?editor=id&way=1218415085#map=20/-25.509442/-49.2940215"}}, {"type": "Feature", "geometry": {"type": "Point", "coordinates": [-49.2943194, -25.5104143]}, "properties": {"id": 1218415086, "feat_type": "way", "quality_categories": "disjointed_geometries, missing_tags", "issue_ids": "[2, 3]", "osm_url": "https://www.openstreetmap.org/way/1218415086", "josm_url": "http://127.0.0.1:8111/load_object?new_layer=false&objects=w1218415086", "id_url": "https://www.openstreetmap.org/edit?editor=id&way=1218415086#map=20/-25.5104143/-49.2943194"}}, {"type": "Feature", "geometry": {"type": "Point", "coordinates": [-49.2408537, -25.4275969]}, "properties": {"id": 1222266135, "feat_type": "way", "quality_categories": "missing_tags", "issue_ids": "[2]", "osm_url": "https://www.openstreetmap.org/way/1222266135", "josm_url": "http://127.0.0.1:8111/load_object?new_layer=false&objects=w1222266135", "id_url": "https://www.openstreetmap.org/edit?editor=id&way=1222266135#map=20/-25.4275969/-49.2408537"}}, {"type": "Feature", "geometry": {"type": "Point", "coordinates": [-49.3010562, -25.4508167]}, "properties": {"id": 1225909609, "feat_type": "way", "quality_categories": "missing_tags", "issue_ids": "[2]", "osm_url": "https://www.openstreetmap.org/way/1225909609", "josm_url": "http://127.0.0.1:8111/load_object?new_layer=false&objects=w1225909609", "id_url": "https://www.openstreetmap.org/edit?editor=id&way=1225909609#map=20/-25.4508167/-49.3010562"}}, {"type": "Feature", "geometry": {"type": "Point", "coordinates": [-49.3008801, -25.4507494]}, "properties": {"id": 1225909610, "feat_type": "way", "quality_categories": "missing_tags", "issue_ids": "[2]", "osm_url": "https://www.openstreetmap.org/way/1225909610", "josm_url": "http://127.0.0.1:8111/load_object?new_layer=false&objects=w1225909610", "id_url": "https://www.openstreetmap.org/edit?editor=id&way=1225909610#map=20/-25.4507494/-49.3008801"}}, {"type": "Feature", "geometry": {"type": "Point", "coordinates": [-49.299671, -25.4502859]}, "properties": {"id": 1225909611, "feat_type": "way", "quality_categories": "missing_tags", "issue_ids": "[2]", "osm_url": "https://www.openstreetmap.org/way/1225909611", "josm_url": "http://127.0.0.1:8111/load_object?new_layer=false&objects=w1225909611", "id_url": "https://www.openstreetmap.org/edit?editor=id&way=1225909611#map=20/-25.4502859/-49.299671"}}, {"type": "Feature", "geometry": {"type": "Point", "coordinates": [-49.2995035, -25.4502223]}, "properties": {"id": 1225909612, "feat_type": "way", "quality_categories": "missing_tags", "issue_ids": "[2]", "osm_url": "https://www.openstreetmap.org/way/1225909612", "josm_url": "http://127.0.0.1:8111/load_object?new_layer=false&objects=w1225909612", "id_url": "https://www.openstreetmap.org/edit?editor=id&way=1225909612#map=20/-25.4502223/-49.2995035"}}, {"type": "Feature", "geometry": {"type": "Point", "coordinates": [-49.2958048, -25.4745539]}, "properties": {"id": 1225939138, "feat_type": "way", "quality_categories": "crossings_lacking_kerbs, missing_tags", "issue_ids": "[2, 5]", "osm_url": "https://www.openstreetmap.org/way/1225939138", "josm_url": "http://127.0.0.1:8111/load_object?new_layer=false&objects=w1225939138", "id_url": "https://www.openstreetmap.org/edit?editor=id&way=1225939138#map=20/-25.4745539/-49.2958048"}}, {"type": "Feature", "geometry": {"type": "Point", "coordinates": [-49.2959203, -25.4746406]}, "properties": {"id": 1225939139, "feat_type": "way", "quality_categories": "disjointed_geometries, missing_tags", "issue_ids": "[2, 3]", "osm_url": "https://www.openstreetmap.org/way/1225939139", "josm_url": "http://127.0.0.1:8111/load_object?new_layer=false&objects=w1225939139", "id_url": "https://www.openstreetmap.org/edit?editor=id&way=1225939139#map=20/-25.4746406/-49.2959203"}}, {"type": "Feature", "geometry": {"type": "Point", "coordinates": [-49.254493, -25.4368272]}, "properties": {"id": 1225944452, "feat_type": "way", "quality_categories": "disjointed_geometries, missing_tags", "issue_ids": "[2, 3]", "osm_url": "https://www.openstreetmap.org/way/1225944452", "josm_url": "http://127.0.0.1:8111/load_object?new_layer=false&objects=w1225944452", "id_url": "https://www.openstreetmap.org/edit?editor=id&way=1225944452#map=20/-25.4368272/-49.254493"}}, {"type": "Feature", "geometry": {"type": "Point", "coordinates": [-49.2192217, -25.4338339]}, "properties": {"id": 1271574002, "feat_type": "way", "quality_categories": "crossings_lacking_kerbs, missing_tags", "issue_ids": "[2, 5]", "osm_url": "https://www.openstreetmap.org/way/1271574002", "josm_url": "http://127.0.0.1:8111/load_object?new_layer=false&objects=w1271574002", "id_url": "https://www.openstreetmap.org/edit?editor=id&way=1271574002#map=20/-25.4338339/-49.2192217"}}, {"type": "Feature", "geometry": {"type": "Point", "coordinates": [-49.2188903, -25.4339605]}, "properties": {"id": 1271574003, "feat_type": "way", "quality_categories": "crossings_lacking_kerbs, missing_tags", "issue_ids": "[2, 5]", "osm_url": "https://www.openstreetmap.org/way/1271574003", "josm_url": "http://127.0.0.1:8111/load_object?new_layer=false&objects=w1271574003", "id_url": "https://www.openstreetmap.org/edit?editor=id&way=1271574003#map=20/-25.4339605/-49.2188903"}}, {"type": "Feature", "geometry": {"type": "Point", "coordinates": [-49.2177336, -25.4344414]}, "properties": {"id": 1271574004, "feat_type": "way", "quality_categories": "crossings_lacking_kerbs, missing_tags", "issue_ids": "[2, 5]", "osm_url": "https://www.openstreetmap.org/way/1271574004", "josm_url": "http://127.0.0.1:8111/load_object?new_layer=false&objects=w1271574004", "id_url": "https://www.openstreetmap.org/edit?editor=id&way=1271574004#map=20/-25.4344414/-49.2177336"}}, {"type": "Feature", "geometry": {"type": "Point", "coordinates": [-49.2177144, -25.4345182]}, "properties": {"id": 1271574005, "feat_type": "way", "quality_categories": "crossings_lacking_kerbs, missing_tags", "issue_ids": "[2, 5]", "osm_url": "https://www.openstreetmap.org/way/1271574005", "josm_url": "http://127.0.0.1:8111/load_object?new_layer=false&objects=w1271574005", "id_url": "https://www.openstreetmap.org/edit?editor=id&way=1271574005#map=20/-25.4345182/-49.2177144"}}, {"type": "Feature", "geometry": {"type": "Point", "coordinates": [-49.2192028, -25.4372805]}, "properties": {"id": 1271574007, "feat_type": "way", "quality_categories": "crossings_lacking_kerbs, missing_tags", "issue_ids": "[2, 5]", "osm_url": "https://www.openstreetmap.org/way/1271574007", "josm_url": "http://127.0.0.1:8111/load_object?new_layer=false&objects=w1271574007", "id_url": "https://www.openstreetmap.org/edit?editor=id&way=1271574007#map=20/-25.4372805/-49.2192028"}}, {"type": "Feature", "geometry": {"type": "Point", "coordinates": [-49.2192616, -25.4373102]}, "properties": {"id": 1271574008, "feat_type": "way", "quality_categories": "crossings_lacking_kerbs, missing_tags", "issue_ids": "[2, 5]", "osm_url": "https://www.openstreetmap.org/way/1271574008", "josm_url": "http://127.0.0.1:8111/load_object?new_layer=false&objects=w1271574008", "id_url": "https://www.openstreetmap.org/edit?editor=id&way=1271574008#map=20/-25.4373102/-49.2192616"}}, {"type": "Feature", "geometry": {"type": "Point", "coordinates": [-49.2588899, -25.4538757]}, "properties": {"id": 1277853721, "feat_type": "way", "quality_categories": "crossings_lacking_kerbs, missing_tags", "issue_ids": "[2, 5]", "osm_url": "https://www.openstreetmap.org/way/1277853721", "josm_url": "http://127.0.0.1:8111/load_object?new_layer=false&objects=w1277853721", "id_url": "https://www.openstreetmap.org/edit?editor=id&way=1277853721#map=20/-25.4538757/-49.2588899"}}, {"type": "Feature", "geometry": {"type": "Point", "coordinates": [-49.2588494, -25.4539196]}, "properties": {"id": 1277853723, "feat_type": "way", "quality_categories": "crossings_lacking_kerbs, missing_tags", "issue_ids": "[2, 5]", "osm_url": "https://www.openstreetmap.org/way/1277853723", "josm_url": "http://127.0.0.1:8111/load_object?new_layer=false&objects=w1277853723", "id_url": "https://www.openstreetmap.org/edit?editor=id&way=1277853723#map=20/-25.4539196/-49.2588494"}}, {"type": "Feature", "geometry": {"type": "Point", "coordinates": [-49.2587541, -25.4540495]}, "properties": {"id": 1277853724, "feat_type": "way", "quality_categories": "crossings_lacking_kerbs, missing_tags", "issue_ids": "[2, 5]", "osm_url": "https://www.openstreetmap.org/way/1277853724", "josm_url": "http://127.0.0.1:8111/load_object?new_layer=false&objects=w1277853724", "id_url": "https://www.openstreetmap.org/edit?editor=id&way=1277853724#map=20/-25.4540495/-49.2587541"}}, {"type": "Feature", "geometry": {"type": "Point", "coordinates": [-49.285231, -25.4275]}, "properties": {"id": 1298639368, "feat_type": "way", "quality_categories": "crossings_lacking_kerbs, missing_tags", "issue_ids": "[2, 5]", "osm_url": "https://www.openstreetmap.org/way/1298639368", "josm_url": "http://127.0.0.1:8111/load_object?new_layer=false&objects=w1298639368", "id_url": "https://www.openstreetmap.org/edit?editor=id&way=1298639368#map=20/-25.4275/-49.285231"}}, {"type": "Feature", "geometry": {"type": "Point", "coordinates": [-49.2924319, -25.4427772]}, "properties": {"id": 1309911782, "feat_type": "way", "quality_categories": "crossings_lacking_kerbs, missing_tags", "issue_ids": "[2, 5]", "osm_url": "https://www.openstreetmap.org/way/1309911782", "josm_url": "http://127.0.0.1:8111/load_object?new_layer=false&objects=w1309911782", "id_url": "https://www.openstreetmap.org/edit?editor=id&way=1309911782#map=20/-25.4427772/-49.2924319"}}, {"type": "Feature", "geometry": {"type": "Point", "coordinates": [-49.2923398, -25.4428783]}, "properties": {"id": 1309911783, "feat_type": "way", "quality_categories": "crossings_lacking_kerbs, missing_tags", "issue_ids": "[2, 5]", "osm_url": "https://www.openstreetmap.org/way/1309911783", "josm_url": "http://127.0.0.1:8111/load_object?new_layer=false&objects=w1309911783", "id_url": "https://www.openstreetmap.org/edit?editor=id&way=1309911783#map=20/-25.4428783/-49.2923398"}}, {"type": "Feature", "geometry": {"type": "Point", "coordinates": [-49.2928067, -25.441942]}, "properties": {"id": 1309911786, "feat_type": "way", "quality_categories": "crossings_lacking_kerbs, missing_tags", "issue_ids": "[2, 5]", "osm_url": "https://www.openstreetmap.org/way/1309911786", "josm_url": "http://127.0.0.1:8111/load_object?new_layer=false&objects=w1309911786", "id_url": "https://www.openstreetmap.org/edit?editor=id&way=1309911786#map=20/-25.441942/-49.2928067"}}, {"type": "Feature", "geometry": {"type": "Point", "coordinates": [-49.292829, -25.4419964]}, "properties": {"id": 1309911787, "feat_type": "way", "quality_categories": "crossings_lacking_kerbs, missing_tags", "issue_ids": "[2, 5]", "osm_url": "https://www.openstreetmap.org/way/1309911787", "josm_url": "http://127.0.0.1:8111/load_object?new_layer=false&objects=w1309911787", "id_url": "https://www.openstreetmap.org/edit?editor=id&way=1309911787#map=20/-25.4419964/-49.292829"}}, {"type": "Feature", "geometry": {"type": "Point", "coordinates": [-49.2915814, -25.4414796]}, "properties": {"id": 1309911788, "feat_type": "way", "quality_categories": "crossings_lacking_kerbs, missing_tags", "issue_ids": "[2, 5]", "osm_url": "https://www.openstreetmap.org/way/1309911788", "josm_url": "http://127.0.0.1:8111/load_object?new_layer=false&objects=w1309911788", "id_url": "https://www.openstreetmap.org/edit?editor=id&way=1309911788#map=20/-25.4414796/-49.2915814"}}, {"type": "Feature", "geometry": {"type": "Point", "coordinates": [-49.291619, -25.4414698]}, "properties": {"id": 1309911789, "feat_type": "way", "quality_categories": "crossings_lacking_kerbs, missing_tags", "issue_ids": "[2, 5]", "osm_url": "https://www.openstreetmap.org/way/1309911789", "josm_url": "http://127.0.0.1:8111/load_object?new_layer=false&objects=w1309911789", "id_url": "https://www.openstreetmap.org/edit?editor=id&way=1309911789#map=20/-25.4414698/-49.291619"}}, {"type": "Feature", "geometry": {"type": "Point", "coordinates": [-49.2198012, -25.5274343]}, "properties": {"id": 1324878450, "feat_type": "way", "quality_categories": "missing_tags", "issue_ids": "[2]", "osm_url": "https://www.openstreetmap.org/way/1324878450", "josm_url": "http://127.0.0.1:8111/load_object?new_layer=false&objects=w1324878450", "id_url": "https://www.openstreetmap.org/edit?editor=id&way=1324878450#map=20/-25.5274343/-49.2198012"}}, {"type": "Feature", "geometry": {"type": "Point", "coordinates": [-49.3251501, -25.4949823]}, "properties": {"id": 1337668408, "feat_type": "way", "quality_categories": "disjointed_geometries, missing_tags", "issue_ids": "[2, 3]", "osm_url": "https://www.openstreetmap.org/way/1337668408", "josm_url": "http://127.0.0.1:8111/load_object?new_layer=false&objects=w1337668408", "id_url": "https://www.openstreetmap.org/edit?editor=id&way=1337668408#map=20/-25.4949823/-49.3251501"}}, {"type": "Feature", "geometry": {"type": "Point", "coordinates": [-49.3253168, -25.4953081]}, "properties": {"id": 1337668409, "feat_type": "way", "quality_categories": "disjointed_geometries, missing_tags", "issue_ids": "[2, 3]", "osm_url": "https://www.openstreetmap.org/way/1337668409", "josm_url": "http://127.0.0.1:8111/load_object?new_layer=false&objects=w1337668409", "id_url": "https://www.openstreetmap.org/edit?editor=id&way=1337668409#map=20/-25.4953081/-49.3253168"}}, {"type": "Feature", "geometry": {"type": "Point", "coordinates": [-49.3260355, -25.4974448]}, "properties": {"id": 1337668411, "feat_type": "way", "quality_categories": "disjointed_geometries, missing_tags", "issue_ids": "[2, 3]", "osm_url": "https://www.openstreetmap.org/way/1337668411", "josm_url": "http://127.0.0.1:8111/load_object?new_layer=false&objects=w1337668411", "id_url": "https://www.openstreetmap.org/edit?editor=id&way=1337668411#map=20/-25.4974448/-49.3260355"}}, {"type": "Feature", "geometry": {"type": "Point", "coordinates": [-49.3258351, -25.4972319]}, "properties": {"id": 1337668412, "feat_type": "way", "quality_categories": "disjointed_geometries, missing_tags", "issue_ids": "[2, 3]", "osm_url": "https://www.openstreetmap.org/way/1337668412", "josm_url": "http://127.0.0.1:8111/load_object?new_layer=false&objects=w1337668412", "id_url": "https://www.openstreetmap.org/edit?editor=id&way=1337668412#map=20/-25.4972319/-49.3258351"}}, {"type": "Feature", "geometry": {"type": "Point", "coordinates": [-49.3275035, -25.5017854]}, "properties": {"id": 1337668413, "feat_type": "way", "quality_categories": "disjointed_geometries, missing_tags", "issue_ids": "[2, 3]", "osm_url": "https://www.openstreetmap.org/way/1337668413", "josm_url": "http://127.0.0.1:8111/load_object?new_layer=false&objects=w1337668413", "id_url": "https://www.openstreetmap.org/edit?editor=id&way=1337668413#map=20/-25.5017854/-49.3275035"}}, {"type": "Feature", "geometry": {"type": "Point", "coordinates": [-49.3274237, -25.5015492]}, "properties": {"id": 1337668414, "feat_type": "way", "quality_categories": "disjointed_geometries, missing_tags", "issue_ids": "[2, 3]", "osm_url": "https://www.openstreetmap.org/way/1337668414", "josm_url": "http://127.0.0.1:8111/load_object?new_layer=false&objects=w1337668414", "id_url": "https://www.openstreetmap.org/edit?editor=id&way=1337668414#map=20/-25.5015492/-49.3274237"}}, {"type": "Feature", "geometry": {"type": "Point", "coordinates": [-49.328529, -25.5051646]}, "properties": {"id": 1337668415, "feat_type": "way", "quality_categories": "disjointed_geometries, missing_tags", "issue_ids": "[2, 3]", "osm_url": "https://www.openstreetmap.org/way/1337668415", "josm_url": "http://127.0.0.1:8111/load_object?new_layer=false&objects=w1337668415", "id_url": "https://www.openstreetmap.org/edit?editor=id&way=1337668415#map=20/-25.5051646/-49.328529"}}, {"type": "Feature", "geometry": {"type": "Point", "coordinates": [-49.3325634, -25.5119019]}, "properties": {"id": 1337668425, "feat_type": "way", "quality_categories": "disjointed_geometries, missing_tags", "issue_ids": "[2, 3]", "osm_url": "https://www.openstreetmap.org/way/1337668425", "josm_url": "http://127.0.0.1:8111/load_object?new_layer=false&objects=w1337668425", "id_url": "https://www.openstreetmap.org/edit?editor=id&way=1337668425#map=20/-25.5119019/-49.3325634"}}, {"type": "Feature", "geometry": {"type": "Point", "coordinates": [-49.2939218, -25.4178115]}, "properties": {"id": 1338329464, "feat_type": "way", "quality_categories": "disjointed_geometries, missing_tags", "issue_ids": "[2, 3]", "osm_url": "https://www.openstreetmap.org/way/1338329464", "josm_url": "http://127.0.0.1:8111/load_object?new_layer=false&objects=w1338329464", "id_url": "https://www.openstreetmap.org/edit?editor=id&way=1338329464#map=20/-25.4178115/-49.2939218"}}, {"type": "Feature", "geometry": {"type": "Point", "coordinates": [-49.2931635, -25.4194193]}, "properties": {"id": 1338329465, "feat_type": "way", "quality_categories": "disjointed_geometries, missing_tags", "issue_ids": "[2, 3]", "osm_url": "https://www.openstreetmap.org/way/1338329465", "josm_url": "http://127.0.0.1:8111/load_object?new_layer=false&objects=w1338329465", "id_url": "https://www.openstreetmap.org/edit?editor=id&way=1338329465#map=20/-25.4194193/-49.2931635"}}, {"type": "Feature", "geometry": {"type": "Point", "coordinates": [-49.2932884, -25.4191507]}, "properties": {"id": 1338329466, "feat_type": "way", "quality_categories": "disjointed_geometries, missing_tags", "issue_ids": "[2, 3]", "osm_url": "https://www.openstreetmap.org/way/1338329466", "josm_url": "http://127.0.0.1:8111/load_object?new_layer=false&objects=w1338329466", "id_url": "https://www.openstreetmap.org/edit?editor=id&way=1338329466#map=20/-25.4191507/-49.2932884"}}, {"type": "Feature", "geometry": {"type": "Point", "coordinates": [-49.3011166, -25.4494889]}, "properties": {"id": 1338336055, "feat_type": "way", "quality_categories": "disjointed_geometries, missing_tags", "issue_ids": "[2, 3]", "osm_url": "https://www.openstreetmap.org/way/1338336055", "josm_url": "http://127.0.0.1:8111/load_object?new_layer=false&objects=w1338336055", "id_url": "https://www.openstreetmap.org/edit?editor=id&way=1338336055#map=20/-25.4494889/-49.3011166"}}, {"type": "Feature", "geometry": {"type": "Point", "coordinates": [-49.301311, -25.449485]}, "properties": {"id": 1338336056, "feat_type": "way", "quality_categories": "disjointed_geometries, missing_tags", "issue_ids": "[2, 3]", "osm_url": "https://www.openstreetmap.org/way/1338336056", "josm_url": "http://127.0.0.1:8111/load_object?new_layer=false&objects=w1338336056", "id_url": "https://www.openstreetmap.org/edit?editor=id&way=1338336056#map=20/-25.449485/-49.301311"}}, {"type": "Feature", "geometry": {"type": "Point", "coordinates": [-49.3001242, -25.4494521]}, "properties": {"id": 1338336057, "feat_type": "way", "quality_categories": "disjointed_geometries, missing_tags", "issue_ids": "[2, 3]", "osm_url": "https://www.openstreetmap.org/way/1338336057", "josm_url": "http://127.0.0.1:8111/load_object?new_layer=false&objects=w1338336057", "id_url": "https://www.openstreetmap.org/edit?editor=id&way=1338336057#map=20/-25.4494521/-49.3001242"}}, {"type": "Feature", "geometry": {"type": "Point", "coordinates": [-49.299893, -25.4493878]}, "properties": {"id": 1338336058, "feat_type": "way", "quality_categories": "disjointed_geometries, missing_tags", "issue_ids": "[2, 3]", "osm_url": "https://www.openstreetmap.org/way/1338336058", "josm_url": "http://127.0.0.1:8111/load_object?new_layer=false&objects=w1338336058", "id_url": "https://www.openstreetmap.org/edit?editor=id&way=1338336058#map=20/-25.4493878/-49.299893"}}, {"type": "Feature", "geometry": {"type": "Point", "coordinates": [-49.2653782, -25.4534571]}, "properties": {"id": 1338341193, "feat_type": "way", "quality_categories": "disjointed_geometries, missing_tags", "issue_ids": "[2, 3]", "osm_url": "https://www.openstreetmap.org/way/1338341193", "josm_url": "http://127.0.0.1:8111/load_object?new_layer=false&objects=w1338341193", "id_url": "https://www.openstreetmap.org/edit?editor=id&way=1338341193#map=20/-25.4534571/-49.2653782"}}, {"type": "Feature", "geometry": {"type": "Point", "coordinates": [-49.2654672, -25.4537013]}, "properties": {"id": 1338341194, "feat_type": "way", "quality_categories": "disjointed_geometries, missing_tags", "issue_ids": "[2, 3]", "osm_url": "https://www.openstreetmap.org/way/1338341194", "josm_url": "http://127.0.0.1:8111/load_object?new_layer=false&objects=w1338341194", "id_url": "https://www.openstreetmap.org/edit?editor=id&way=1338341194#map=20/-25.4537013/-49.2654672"}}, {"type": "Feature", "geometry": {"type": "Point", "coordinates": [-49.2638103, -25.4520429]}, "properties": {"id": 1338341195, "feat_type": "way", "quality_categories": "disjointed_geometries, missing_tags", "issue_ids": "[2, 3]", "osm_url": "https://www.openstreetmap.org/way/1338341195", "josm_url": "http://127.0.0.1:8111/load_object?new_layer=false&objects=w1338341195", "id_url": "https://www.openstreetmap.org/edit?editor=id&way=1338341195#map=20/-25.4520429/-49.2638103"}}, {"type": "Feature", "geometry": {"type": "Point", "coordinates": [-49.2639603, -25.4521787]}, "properties": {"id": 1338341196, "feat_type": "way", "quality_categories": "disjointed_geometries, missing_tags", "issue_ids": "[2, 3]", "osm_url": "https://www.openstreetmap.org/way/1338341196", "josm_url": "http://127.0.0.1:8111/load_object?new_layer=false&objects=w1338341196", "id_url": "https://www.openstreetmap.org/edit?editor=id&way=1338341196#map=20/-25.4521787/-49.2639603"}}, {"type": "Feature", "geometry": {"type": "Point", "coordinates": [-49.2920923, -25.4774385]}, "properties": {"id": 1338768159, "feat_type": "way", "quality_categories": "crossings_lacking_kerbs, missing_tags", "issue_ids": "[2, 5]", "osm_url": "https://www.openstreetmap.org/way/1338768159", "josm_url": "http://127.0.0.1:8111/load_object?new_layer=false&objects=w1338768159", "id_url": "https://www.openstreetmap.org/edit?editor=id&way=1338768159#map=20/-25.4774385/-49.2920923"}}, {"type": "Feature", "geometry": {"type": "Point", "coordinates": [-49.2920878, -25.4779353]}, "properties": {"id": 1338768160, "feat_type": "way", "quality_categories": "crossings_lacking_kerbs, missing_tags", "issue_ids": "[2, 5]", "osm_url": "https://www.openstreetmap.org/way/1338768160", "josm_url": "http://127.0.0.1:8111/load_object?new_layer=false&objects=w1338768160", "id_url": "https://www.openstreetmap.org/edit?editor=id&way=1338768160#map=20/-25.4779353/-49.2920878"}}, {"type": "Feature", "geometry": {"type": "Point", "coordinates": [-49.2743202, -25.4615234]}, "properties": {"id": 1338768161, "feat_type": "way", "quality_categories": "crossings_lacking_kerbs, missing_tags", "issue_ids": "[2, 5]", "osm_url": "https://www.openstreetmap.org/way/1338768161", "josm_url": "http://127.0.0.1:8111/load_object?new_layer=false&objects=w1338768161", "id_url": "https://www.openstreetmap.org/edit?editor=id&way=1338768161#map=20/-25.4615234/-49.2743202"}}, {"type": "Feature", "geometry": {"type": "Point", "coordinates": [-49.2806862, -25.4672591]}, "properties": {"id": 1338768165, "feat_type": "way", "quality_categories": "crossings_lacking_kerbs, missing_tags", "issue_ids": "[2, 5]", "osm_url": "https://www.openstreetmap.org/way/1338768165", "josm_url": "http://127.0.0.1:8111/load_object?new_layer=false&objects=w1338768165", "id_url": "https://www.openstreetmap.org/edit?editor=id&way=1338768165#map=20/-25.4672591/-49.2806862"}}, {"type": "Feature", "geometry": {"type": "Point", "coordinates": [-49.2908162, -25.4764031]}, "properties": {"id": 1338768168, "feat_type": "way", "quality_categories": "crossings_lacking_kerbs, missing_tags", "issue_ids": "[2, 5]", "osm_url": "https://www.openstreetmap.org/way/1338768168", "josm_url": "http://127.0.0.1:8111/load_object?new_layer=false&objects=w1338768168", "id_url": "https://www.openstreetmap.org/edit?editor=id&way=1338768168#map=20/-25.4764031/-49.2908162"}}, {"type": "Feature", "geometry": {"type": "Point", "coordinates": [-49.2906352, -25.4762254]}, "properties": {"id": 1338768169, "feat_type": "way", "quality_categories": "disjointed_geometries, missing_tags", "issue_ids": "[2, 3]", "osm_url": "https://www.openstreetmap.org/way/1338768169", "josm_url": "http://127.0.0.1:8111/load_object?new_layer=false&objects=w1338768169", "id_url": "https://www.openstreetmap.org/edit?editor=id&way=1338768169#map=20/-25.4762254/-49.2906352"}}, {"type": "Feature", "geometry": {"type": "Point", "coordinates": [-49.2896086, -25.4752468]}, "properties": {"id": 1338768172, "feat_type": "way", "quality_categories": "crossings_lacking_kerbs, missing_tags", "issue_ids": "[2, 5]", "osm_url": "https://www.openstreetmap.org/way/1338768172", "josm_url": "http://127.0.0.1:8111/load_object?new_layer=false&objects=w1338768172", "id_url": "https://www.openstreetmap.org/edit?editor=id&way=1338768172#map=20/-25.4752468/-49.2896086"}}, {"type": "Feature", "geometry": {"type": "Point", "coordinates": [-49.288341, -25.4741813]}, "properties": {"id": 1338768174, "feat_type": "way", "quality_categories": "disjointed_geometries, missing_tags", "issue_ids": "[2, 3]", "osm_url": "https://www.openstreetmap.org/way/1338768174", "josm_url": "http://127.0.0.1:8111/load_object?new_layer=false&objects=w1338768174", "id_url": "https://www.openstreetmap.org/edit?editor=id&way=1338768174#map=20/-25.4741813/-49.288341"}}, {"type": "Feature", "geometry": {"type": "Point", "coordinates": [-49.2885082, -25.4743324]}, "properties": {"id": 1338768175, "feat_type": "way", "quality_categories": "crossings_lacking_kerbs, missing_tags", "issue_ids": "[2, 5]", "osm_url": "https://www.openstreetmap.org/way/1338768175", "josm_url": "http://127.0.0.1:8111/load_object?new_layer=false&objects=w1338768175", "id_url": "https://www.openstreetmap.org/edit?editor=id&way=1338768175#map=20/-25.4743324/-49.2885082"}}, {"type": "Feature", "geometry": {"type": "Point", "coordinates": [-49.2844232, -25.4706384]}, "properties": {"id": 1338768176, "feat_type": "way", "quality_categories": "crossings_lacking_kerbs, missing_tags", "issue_ids": "[2, 5]", "osm_url": "https://www.openstreetmap.org/way/1338768176", "josm_url": "http://127.0.0.1:8111/load_object?new_layer=false&objects=w1338768176", "id_url": "https://www.openstreetmap.org/edit?editor=id&way=1338768176#map=20/-25.4706384/-49.2844232"}}, {"type": "Feature", "geometry": {"type": "Point", "coordinates": [-49.2805524, -25.4671384]}, "properties": {"id": 1338768177, "feat_type": "way", "quality_categories": "crossings_lacking_kerbs, missing_tags", "issue_ids": "[2, 5]", "osm_url": "https://www.openstreetmap.org/way/1338768177", "josm_url": "http://127.0.0.1:8111/load_object?new_layer=false&objects=w1338768177", "id_url": "https://www.openstreetmap.org/edit?editor=id&way=1338768177#map=20/-25.4671384/-49.2805524"}}, {"type": "Feature", "geometry": {"type": "Point", "coordinates": [-49.2794286, -25.4661298]}, "properties": {"id": 1338768180, "feat_type": "way", "quality_categories": "crossings_lacking_kerbs, missing_tags", "issue_ids": "[2, 5]", "osm_url": "https://www.openstreetmap.org/way/1338768180", "josm_url": "http://127.0.0.1:8111/load_object?new_layer=false&objects=w1338768180", "id_url": "https://www.openstreetmap.org/edit?editor=id&way=1338768180#map=20/-25.4661298/-49.2794286"}}, {"type": "Feature", "geometry": {"type": "Point", "coordinates": [-49.2795902, -25.4662708]}, "properties": {"id": 1338768181, "feat_type": "way", "quality_categories": "crossings_lacking_kerbs, missing_tags", "issue_ids": "[2, 5]", "osm_url": "https://www.openstreetmap.org/way/1338768181", "josm_url": "http://127.0.0.1:8111/load_object?new_layer=false&objects=w1338768181", "id_url": "https://www.openstreetmap.org/edit?editor=id&way=1338768181#map=20/-25.4662708/-49.2795902"}}, {"type": "Feature", "geometry": {"type": "Point", "coordinates": [-49.2772023, -25.4641181]}, "properties": {"id": 1338768182, "feat_type": "way", "quality_categories": "crossings_lacking_kerbs, missing_tags", "issue_ids": "[2, 5]", "osm_url": "https://www.openstreetmap.org/way/1338768182", "josm_url": "http://127.0.0.1:8111/load_object?new_layer=false&objects=w1338768182", "id_url": "https://www.openstreetmap.org/edit?editor=id&way=1338768182#map=20/-25.4641181/-49.2772023"}}, {"type": "Feature", "geometry": {"type": "Point", "coordinates": [-49.2773727, -25.4642821]}, "properties": {"id": 1338768183, "feat_type": "way", "quality_categories": "crossings_lacking_kerbs, missing_tags", "issue_ids": "[2, 5]", "osm_url": "https://www.openstreetmap.org/way/1338768183", "josm_url": "http://127.0.0.1:8111/load_object?new_layer=false&objects=w1338768183", "id_url": "https://www.openstreetmap.org/edit?editor=id&way=1338768183#map=20/-25.4642821/-49.2773727"}}, {"type": "Feature", "geometry": {"type": "Point", "coordinates": [-49.2692444, -25.4569448]}, "properties": {"id": 1338768184, "feat_type": "way", "quality_categories": "crossings_lacking_kerbs, missing_tags", "issue_ids": "[2, 5]", "osm_url": "https://www.openstreetmap.org/way/1338768184", "josm_url": "http://127.0.0.1:8111/load_object?new_layer=false&objects=w1338768184", "id_url": "https://www.openstreetmap.org/edit?editor=id&way=1338768184#map=20/-25.4569448/-49.2692444"}}, {"type": "Feature", "geometry": {"type": "Point", "coordinates": [-49.2694046, -25.4570894]}, "properties": {"id": 1338768185, "feat_type": "way", "quality_categories": "crossings_lacking_kerbs, missing_tags", "issue_ids": "[2, 5]", "osm_url": "https://www.openstreetmap.org/way/1338768185", "josm_url": "http://127.0.0.1:8111/load_object?new_layer=false&objects=w1338768185", "id_url": "https://www.openstreetmap.org/edit?editor=id&way=1338768185#map=20/-25.4570894/-49.2694046"}}, {"type": "Feature", "geometry": {"type": "Point", "coordinates": [-49.2678933, -25.4557247]}, "properties": {"id": 1338768187, "feat_type": "way", "quality_categories": "disjointed_geometries, missing_tags", "issue_ids": "[2, 3]", "osm_url": "https://www.openstreetmap.org/way/1338768187", "josm_url": "http://127.0.0.1:8111/load_object?new_layer=false&objects=w1338768187", "id_url": "https://www.openstreetmap.org/edit?editor=id&way=1338768187#map=20/-25.4557247/-49.2678933"}}, {"type": "Feature", "geometry": {"type": "Point", "coordinates": [-49.267953, -25.4559383]}, "properties": {"id": 1338768188, "feat_type": "way", "quality_categories": "disjointed_geometries, missing_tags", "issue_ids": "[2, 3]", "osm_url": "https://www.openstreetmap.org/way/1338768188", "josm_url": "http://127.0.0.1:8111/load_object?new_layer=false&objects=w1338768188", "id_url": "https://www.openstreetmap.org/edit?editor=id&way=1338768188#map=20/-25.4559383/-49.267953"}}, {"type": "Feature", "geometry": {"type": "Point", "coordinates": [-49.266217, -25.454211]}, "properties": {"id": 1338768189, "feat_type": "way", "quality_categories": "disjointed_geometries, missing_tags", "issue_ids": "[2, 3]", "osm_url": "https://www.openstreetmap.org/way/1338768189", "josm_url": "http://127.0.0.1:8111/load_object?new_layer=false&objects=w1338768189", "id_url": "https://www.openstreetmap.org/edit?editor=id&way=1338768189#map=20/-25.454211/-49.266217"}}, {"type": "Feature", "geometry": {"type": "Point", "coordinates": [-49.2659858, -25.4541643]}, "properties": {"id": 1338768190, "feat_type": "way", "quality_categories": "disjointed_geometries, missing_tags", "issue_ids": "[2, 3]", "osm_url": "https://www.openstreetmap.org/way/1338768190", "josm_url": "http://127.0.0.1:8111/load_object?new_layer=false&objects=w1338768190", "id_url": "https://www.openstreetmap.org/edit?editor=id&way=1338768190#map=20/-25.4541643/-49.2659858"}}, {"type": "Feature", "geometry": {"type": "Point", "coordinates": [-49.2410424, -25.4181138]}, "properties": {"id": 1338777135, "feat_type": "way", "quality_categories": "crossings_lacking_kerbs, missing_tags, replaceable_values", "issue_ids": "[4, 2, 5]", "osm_url": "https://www.openstreetmap.org/way/1338777135", "josm_url": "http://127.0.0.1:8111/load_object?new_layer=false&objects=w1338777135", "id_url": "https://www.openstreetmap.org/edit?editor=id&way=1338777135#map=20/-25.4181138/-49.2410424"}}, {"type": "Feature", "geometry": {"type": "Point", "coordinates": [-49.3106146, -25.414125]}, "properties": {"id": 1338866200, "feat_type": "way", "quality_categories": "disjointed_geometries, missing_tags", "issue_ids": "[2, 3]", "osm_url": "https://www.openstreetmap.org/way/1338866200", "josm_url": "http://127.0.0.1:8111/load_object?new_layer=false&objects=w1338866200", "id_url": "https://www.openstreetmap.org/edit?editor=id&way=1338866200#map=20/-25.414125/-49.3106146"}}, {"type": "Feature", "geometry": {"type": "Point", "coordinates": [-49.3108198, -25.4139863]}, "properties": {"id": 1338866201, "feat_type": "way", "quality_categories": "disjointed_geometries, missing_tags", "issue_ids": "[2, 3]", "osm_url": "https://www.openstreetmap.org/way/1338866201", "josm_url": "http://127.0.0.1:8111/load_object?new_layer=false&objects=w1338866201", "id_url": "https://www.openstreetmap.org/edit?editor=id&way=1338866201#map=20/-25.4139863/-49.3108198"}}, {"type": "Feature", "geometry": {"type": "Point", "coordinates": [-49.2438331, -25.4437772]}, "properties": {"id": 1339462168, "feat_type": "way", "quality_categories": "crossings_lacking_kerbs, missing_tags", "issue_ids": "[2, 5]", "osm_url": "https://www.openstreetmap.org/way/1339462168", "josm_url": "http://127.0.0.1:8111/load_object?new_layer=false&objects=w1339462168", "id_url": "https://www.openstreetmap.org/edit?editor=id&way=1339462168#map=20/-25.4437772/-49.2438331"}}, {"type": "Feature", "geometry": {"type": "Point", "coordinates": [-49.3012073, -25.4156207]}, "properties": {"id": 1339809196, "feat_type": "way", "quality_categories": "disjointed_geometries, missing_tags", "issue_ids": "[2, 3]", "osm_url": "https://www.openstreetmap.org/way/1339809196", "josm_url": "http://127.0.0.1:8111/load_object?new_layer=false&objects=w1339809196", "id_url": "https://www.openstreetmap.org/edit?editor=id&way=1339809196#map=20/-25.4156207/-49.3012073"}}, {"type": "Feature", "geometry": {"type": "Point", "coordinates": [-49.3016214, -25.4154792]}, "properties": {"id": 1339809197, "feat_type": "way", "quality_categories": "disjointed_geometries, missing_tags", "issue_ids": "[2, 3]", "osm_url": "https://www.openstreetmap.org/way/1339809197", "josm_url": "http://127.0.0.1:8111/load_object?new_layer=false&objects=w1339809197", "id_url": "https://www.openstreetmap.org/edit?editor=id&way=1339809197#map=20/-25.4154792/-49.3016214"}}, {"type": "Feature", "geometry": {"type": "Point", "coordinates": [-49.3012139, -25.4154069]}, "properties": {"id": 1339809198, "feat_type": "way", "quality_categories": "disjointed_geometries, missing_tags", "issue_ids": "[2, 3]", "osm_url": "https://www.openstreetmap.org/way/1339809198", "josm_url": "http://127.0.0.1:8111/load_object?new_layer=false&objects=w1339809198", "id_url": "https://www.openstreetmap.org/edit?editor=id&way=1339809198#map=20/-25.4154069/-49.3012139"}}, {"type": "Feature", "geometry": {"type": "Point", "coordinates": [-49.2755113, -25.496177]}, "properties": {"id": 1339926535, "feat_type": "way", "quality_categories": "crossings_lacking_kerbs, missing_tags, replaceable_values", "issue_ids": "[1, 2, 5]", "osm_url": "https://www.openstreetmap.org/way/1339926535", "josm_url": "http://127.0.0.1:8111/load_object?new_layer=false&objects=w1339926535", "id_url": "https://www.openstreetmap.org/edit?editor=id&way=1339926535#map=20/-25.496177/-49.2755113"}}, {"type": "Feature", "geometry": {"type": "Point", "coordinates": [-49.2975774, -25.5259007]}, "properties": {"id": 1339926536, "feat_type": "way", "quality_categories": "disjointed_geometries, missing_tags, replaceable_values", "issue_ids": "[4, 2, 3]", "osm_url": "https://www.openstreetmap.org/way/1339926536", "josm_url": "http://127.0.0.1:8111/load_object?new_layer=false&objects=w1339926536", "id_url": "https://www.openstreetmap.org/edit?editor=id&way=1339926536#map=20/-25.5259007/-49.2975774"}}, {"type": "Feature", "geometry": {"type": "Point", "coordinates": [-49.241631, -25.4170027]}, "properties": {"id": 1339969685, "feat_type": "way", "quality_categories": "disjointed_geometries, missing_tags, replaceable_values", "issue_ids": "[4, 2, 3]", "osm_url": "https://www.openstreetmap.org/way/1339969685", "josm_url": "http://127.0.0.1:8111/load_object?new_layer=false&objects=w1339969685", "id_url": "https://www.openstreetmap.org/edit?editor=id&way=1339969685#map=20/-25.4170027/-49.241631"}}, {"type": "Feature", "geometry": {"type": "Point", "coordinates": [-49.2329222, -25.4281157]}, "properties": {"id": 1340069430, "feat_type": "way", "quality_categories": "disjointed_geometries, missing_tags", "issue_ids": "[2, 3]", "osm_url": "https://www.openstreetmap.org/way/1340069430", "josm_url": "http://127.0.0.1:8111/load_object?new_layer=false&objects=w1340069430", "id_url": "https://www.openstreetmap.org/edit?editor=id&way=1340069430#map=20/-25.4281157/-49.2329222"}}, {"type": "Feature", "geometry": {"type": "Point", "coordinates": [-49.2332636, -25.4279554]}, "properties": {"id": 1340069431, "feat_type": "way", "quality_categories": "disjointed_geometries, missing_tags", "issue_ids": "[2, 3]", "osm_url": "https://www.openstreetmap.org/way/1340069431", "josm_url": "http://127.0.0.1:8111/load_object?new_layer=false&objects=w1340069431", "id_url": "https://www.openstreetmap.org/edit?editor=id&way=1340069431#map=20/-25.4279554/-49.2332636"}}, {"type": "Feature", "geometry": {"type": "Point", "coordinates": [-49.2940815, -25.4292808]}, "properties": {"id": 1349189859, "feat_type": "way", "quality_categories": "disjointed_geometries, missing_tags", "issue_ids": "[2, 3]", "osm_url": "https://www.openstreetmap.org/way/1349189859", "josm_url": "http://127.0.0.1:8111/load_object?new_layer=false&objects=w1349189859", "id_url": "https://www.openstreetmap.org/edit?editor=id&way=1349189859#map=20/-25.4292808/-49.2940815"}}, {"type": "Feature", "geometry": {"type": "Point", "coordinates": [-49.240849, -25.4180424]}, "properties": {"id": 1364869140, "feat_type": "way", "quality_categories": "crossings_lacking_kerbs, missing_tags, replaceable_values", "issue_ids": "[4, 2, 5]", "osm_url": "https://www.openstreetmap.org/way/1364869140", "josm_url": "http://127.0.0.1:8111/load_object?new_layer=false&objects=w1364869140", "id_url": "https://www.openstreetmap.org/edit?editor=id&way=1364869140#map=20/-25.4180424/-49.240849"}}, {"type": "Feature", "geometry": {"type": "Point", "coordinates": [-49.2409814, -25.417826]}, "properties": {"id": 1364869142, "feat_type": "way", "quality_categories": "crossings_lacking_kerbs, missing_tags, replaceable_values", "issue_ids": "[4, 2, 5]", "osm_url": "https://www.openstreetmap.org/way/1364869142", "josm_url": "http://127.0.0.1:8111/load_object?new_layer=false&objects=w1364869142", "id_url": "https://www.openstreetmap.org/edit?editor=id&way=1364869142#map=20/-25.417826/-49.2409814"}}, {"type": "Feature", "geometry": {"type": "Point", "coordinates": [-49.2408168, -25.417913]}, "properties": {"id": 1364869144, "feat_type": "way", "quality_categories": "crossings_lacking_kerbs, missing_tags, replaceable_values", "issue_ids": "[4, 2, 5]", "osm_url": "https://www.openstreetmap.org/way/1364869144", "josm_url": "http://127.0.0.1:8111/load_object?new_layer=false&objects=w1364869144", "id_url": "https://www.openstreetmap.org/edit?editor=id&way=1364869144#map=20/-25.417913/-49.2408168"}}, {"type": "Feature", "geometry": {"type": "Point", "coordinates": [-49.2413252, -25.4179388]}, "properties": {"id": 1364869148, "feat_type": "way", "quality_categories": "crossings_lacking_kerbs, missing_tags, replaceable_values", "issue_ids": "[4, 2, 5]", "osm_url": "https://www.openstreetmap.org/way/1364869148", "josm_url": "http://127.0.0.1:8111/load_object?new_layer=false&objects=w1364869148", "id_url": "https://www.openstreetmap.org/edit?editor=id&way=1364869148#map=20/-25.4179388/-49.2413252"}}, {"type": "Feature", "geometry": {"type": "Point", "coordinates": [-49.241204, -25.4178481]}, "properties": {"id": 1364869149, "feat_type": "way", "quality_categories": "crossings_lacking_kerbs, missing_tags, replaceable_values", "issue_ids": "[4, 2, 5]", "osm_url": "https://www.openstreetmap.org/way/1364869149", "josm_url": "http://127.0.0.1:8111/load_object?new_layer=false&objects=w1364869149", "id_url": "https://www.openstreetmap.org/edit?editor=id&way=1364869149#map=20/-25.4178481/-49.241204"}}, {"type": "Feature", "geometry": {"type": "Point", "coordinates": [-49.2416004, -25.4169484]}, "properties": {"id": 1364869150, "feat_type": "way", "quality_categories": "disjointed_geometries, missing_tags", "issue_ids": "[2, 3]", "osm_url": "https://www.openstreetmap.org/way/1364869150", "josm_url": "http://127.0.0.1:8111/load_object?new_layer=false&objects=w1364869150", "id_url": "https://www.openstreetmap.org/edit?editor=id&way=1364869150#map=20/-25.4169484/-49.2416004"}}, {"type": "Feature", "geometry": {"type": "Point", "coordinates": [-49.2417355, -25.417014]}, "properties": {"id": 1364869151, "feat_type": "way", "quality_categories": "disjointed_geometries, missing_tags, replaceable_values", "issue_ids": "[4, 2, 3]", "osm_url": "https://www.openstreetmap.org/way/1364869151", "josm_url": "http://127.0.0.1:8111/load_object?new_layer=false&objects=w1364869151", "id_url": "https://www.openstreetmap.org/edit?editor=id&way=1364869151#map=20/-25.417014/-49.2417355"}}, {"type": "Feature", "geometry": {"type": "Point", "coordinates": [-49.2410423, -25.4179513]}, "properties": {"id": 1364869153, "feat_type": "way", "quality_categories": "crossings_lacking_kerbs, missing_tags, replaceable_values", "issue_ids": "[4, 2, 5]", "osm_url": "https://www.openstreetmap.org/way/1364869153", "josm_url": "http://127.0.0.1:8111/load_object?new_layer=false&objects=w1364869153", "id_url": "https://www.openstreetmap.org/edit?editor=id&way=1364869153#map=20/-25.4179513/-49.2410423"}}, {"type": "Feature", "geometry": {"type": "Point", "coordinates": [-49.2692655, -25.4296923]}, "properties": {"id": 1367319296, "feat_type": "way", "quality_categories": "disjointed_geometries, missing_tags", "issue_ids": "[2, 3]", "osm_url": "https://www.openstreetmap.org/way/1367319296", "josm_url": "http://127.0.0.1:8111/load_object?new_layer=false&objects=w1367319296", "id_url": "https://www.openstreetmap.org/edit?editor=id&way=1367319296#map=20/-25.4296923/-49.2692655"}}, {"type": "Feature", "geometry": {"type": "Point", "coordinates": [-49.267495, -25.3880349]}, "properties": {"id": 1373391424, "feat_type": "way", "quality_categories": "disjointed_geometries, missing_tags", "issue_ids": "[2, 3]", "osm_url": "https://www.openstreetmap.org/way/1373391424", "josm_url": "http://127.0.0.1:8111/load_object?new_layer=false&objects=w1373391424", "id_url": "https://www.openstreetmap.org/edit?editor=id&way=1373391424#map=20/-25.3880349/-49.267495"}}, {"type": "Feature", "geometry": {"type": "Point", "coordinates": [-49.267495, -25.3880349]}, "properties": {"id": 1373391425, "feat_type": "way", "quality_categories": "disjointed_geometries, missing_tags", "issue_ids": "[2, 3]", "osm_url": "https://www.openstreetmap.org/way/1373391425", "josm_url": "http://127.0.0.1:8111/load_object?new_layer=false&objects=w1373391425", "id_url": "https://www.openstreetmap.org/edit?editor=id&way=1373391425#map=20/-25.3880349/-49.267495"}}, {"type": "Feature", "geometry": {"type": "Point", "coordinates": [-49.2384723, -25.4470943]}, "properties": {"id": 1391031913, "feat_type": "way", "quality_categories": "crossings_lacking_kerbs, missing_tags", "issue_ids": "[2, 5]", "osm_url": "https://www.openstreetmap.org/way/1391031913", "josm_url": "http://127.0.0.1:8111/load_object?new_layer=false&objects=w1391031913", "id_url": "https://www.openstreetmap.org/edit?editor=id&way=1391031913#map=20/-25.4470943/-49.2384723"}}, {"type": "Feature", "geometry": {"type": "Point", "coordinates": [-49.2386248, -25.4470401]}, "properties": {"id": 1391031914, "feat_type": "way", "quality_categories": "crossings_lacking_kerbs, missing_tags", "issue_ids": "[2, 5]", "osm_url": "https://www.openstreetmap.org/way/1391031914", "josm_url": "http://127.0.0.1:8111/load_object?new_layer=false&objects=w1391031914", "id_url": "https://www.openstreetmap.org/edit?editor=id&way=1391031914#map=20/-25.4470401/-49.2386248"}}, {"type": "Feature", "geometry": {"type": "Point", "coordinates": [-49.2656076, -25.4288191]}, "properties": {"id": 1411438341, "feat_type": "way", "quality_categories": "crossings_lacking_kerbs, missing_tags, replaceable_values", "issue_ids": "[4, 2, 5]", "osm_url": "https://www.openstreetmap.org/way/1411438341", "josm_url": "http://127.0.0.1:8111/load_object?new_layer=false&objects=w1411438341", "id_url": "https://www.openstreetmap.org/edit?editor=id&way=1411438341#map=20/-25.4288191/-49.2656076"}}, {"type": "Feature", "geometry": {"type": "Point", "coordinates": [-49.2654987, -25.4288596]}, "properties": {"id": 1411438342, "feat_type": "way", "quality_categories": "missing_tags, replaceable_values", "issue_ids": "[4, 2]", "osm_url": "https://www.openstreetmap.org/way/1411438342", "josm_url": "http://127.0.0.1:8111/load_object?new_layer=false&objects=w1411438342", "id_url": "https://www.openstreetmap.org/edit?editor=id&way=1411438342#map=20/-25.4288596/-49.2654987"}}, {"type": "Feature", "geometry": {"type": "Point", "coordinates": [-49.2654597, -25.4287643]}, "properties": {"id": 1411438343, "feat_type": "way", "quality_categories": "crossings_lacking_kerbs, missing_tags, replaceable_values", "issue_ids": "[4, 2, 5]", "osm_url": "https://www.openstreetmap.org/way/1411438343", "josm_url": "http://127.0.0.1:8111/load_object?new_layer=false&objects=w1411438343", "id_url": "https://www.openstreetmap.org/edit?editor=id&way=1411438343#map=20/-25.4287643/-49.2654597"}}, {"type": "Feature", "geometry": {"type": "Point", "coordinates": [-49.2654884, -25.4287041]}, "properties": {"id": 1411438344, "feat_type": "way", "quality_categories": "crossings_lacking_kerbs, missing_tags, replaceable_values", "issue_ids": "[4, 2, 5]", "osm_url": "https://www.openstreetmap.org/way/1411438344", "josm_url": "http://127.0.0.1:8111/load_object?new_layer=false&objects=w1411438344", "id_url": "https://www.openstreetmap.org/edit?editor=id&way=1411438344#map=20/-25.4287041/-49.2654884"}}, {"type": "Feature", "geometry": {"type": "Point", "coordinates": [-49.2654351, -25.4288401]}, "properties": {"id": 1411438349, "feat_type": "way", "quality_categories": "crossings_lacking_kerbs, missing_tags, replaceable_values", "issue_ids": "[4, 2, 5]", "osm_url": "https://www.openstreetmap.org/way/1411438349", "josm_url": "http://127.0.0.1:8111/load_object?new_layer=false&objects=w1411438349", "id_url": "https://www.openstreetmap.org/edit?editor=id&way=1411438349#map=20/-25.4288401/-49.2654351"}}, {"type": "Feature", "geometry": {"type": "Point", "coordinates": [-49.2654373, -25.4288107]}, "properties": {"id": 1411438350, "feat_type": "way", "quality_categories": "crossings_lacking_kerbs, missing_tags, replaceable_values", "issue_ids": "[4, 2, 5]", "osm_url": "https://www.openstreetmap.org/way/1411438350", "josm_url": "http://127.0.0.1:8111/load_object?new_layer=false&objects=w1411438350", "id_url": "https://www.openstreetmap.org/edit?editor=id&way=1411438350#map=20/-25.4288107/-49.2654373"}}, {"type": "Feature", "geometry": {"type": "Point", "coordinates": [-49.2526711, -25.4390991]}, "properties": {"id": 1413172042, "feat_type": "way", "quality_categories": "disjointed_geometries, missing_tags", "issue_ids": "[2, 3]", "osm_url": "https://www.openstreetmap.org/way/1413172042", "josm_url": "http://127.0.0.1:8111/load_object?new_layer=false&objects=w1413172042", "id_url": "https://www.openstreetmap.org/edit?editor=id&way=1413172042#map=20/-25.4390991/-49.2526711"}}, {"type": "Feature", "geometry": {"type": "Point", "coordinates": [-49.3146091, -25.4333536]}, "properties": {"id": 1413405824, "feat_type": "way", "quality_categories": "disjointed_geometries, missing_tags", "issue_ids": "[2, 3]", "osm_url": "https://www.openstreetmap.org/way/1413405824", "josm_url": "http://127.0.0.1:8111/load_object?new_layer=false&objects=w1413405824", "id_url": "https://www.openstreetmap.org/edit?editor=id&way=1413405824#map=20/-25.4333536/-49.3146091"}}, {"type": "Feature", "geometry": {"type": "Point", "coordinates": [-49.2051434, -25.3884458]}, "properties": {"id": 1414054889, "feat_type": "way", "quality_categories": "disjointed_geometries, missing_tags", "issue_ids": "[2, 3]", "osm_url": "https://www.openstreetmap.org/way/1414054889", "josm_url": "http://127.0.0.1:8111/load_object?new_layer=false&objects=w1414054889", "id_url": "https://www.openstreetmap.org/edit?editor=id&way=1414054889#map=20/-25.3884458/-49.2051434"}}, {"type": "Feature", "geometry": {"type": "Point", "coordinates": [-49.3032085, -25.5536534]}, "properties": {"id": 1414762835, "feat_type": "way", "quality_categories": "disjointed_geometries, missing_tags", "issue_ids": "[2, 3]", "osm_url": "https://www.openstreetmap.org/way/1414762835", "josm_url": "http://127.0.0.1:8111/load_object?new_layer=false&objects=w1414762835", "id_url": "https://www.openstreetmap.org/edit?editor=id&way=1414762835#map=20/-25.5536534/-49.3032085"}}, {"type": "Feature", "geometry": {"type": "Point", "coordinates": [-49.259212, -25.433028]}, "properties": {"id": 1415224406, "feat_type": "way", "quality_categories": "disjointed_geometries, missing_tags", "issue_ids": "[2, 3]", "osm_url": "https://www.openstreetmap.org/way/1415224406", "josm_url": "http://127.0.0.1:8111/load_object?new_layer=false&objects=w1415224406", "id_url": "https://www.openstreetmap.org/edit?editor=id&way=1415224406#map=20/-25.433028/-49.259212"}}, {"type": "Feature", "geometry": {"type": "Point", "coordinates": [-49.2600038, -25.4199575]}, "properties": {"id": 1415378673, "feat_type": "way", "quality_categories": "crossings_lacking_kerbs, missing_tags", "issue_ids": "[2, 5]", "osm_url": "https://www.openstreetmap.org/way/1415378673", "josm_url": "http://127.0.0.1:8111/load_object?new_layer=false&objects=w1415378673", "id_url": "https://www.openstreetmap.org/edit?editor=id&way=1415378673#map=20/-25.4199575/-49.2600038"}}, {"type": "Feature", "geometry": {"type": "Point", "coordinates": [-49.2481383, -25.4108085]}, "properties": {"id": 1415385674, "feat_type": "way", "quality_categories": "disjointed_geometries, missing_tags", "issue_ids": "[2, 3]", "osm_url": "https://www.openstreetmap.org/way/1415385674", "josm_url": "http://127.0.0.1:8111/load_object?new_layer=false&objects=w1415385674", "id_url": "https://www.openstreetmap.org/edit?editor=id&way=1415385674#map=20/-25.4108085/-49.2481383"}}, {"type": "Feature", "geometry": {"type": "Point", "coordinates": [-49.2484223, -25.4103151]}, "properties": {"id": 1415385675, "feat_type": "way", "quality_categories": "disjointed_geometries, missing_tags", "issue_ids": "[2, 3]", "osm_url": "https://www.openstreetmap.org/way/1415385675", "josm_url": "http://127.0.0.1:8111/load_object?new_layer=false&objects=w1415385675", "id_url": "https://www.openstreetmap.org/edit?editor=id&way=1415385675#map=20/-25.4103151/-49.2484223"}}, {"type": "Feature", "geometry": {"type": "Point", "coordinates": [-49.2361947, -25.4485371]}, "properties": {"id": 1433607824, "feat_type": "way", "quality_categories": "crossings_lacking_kerbs, missing_tags", "issue_ids": "[2, 5]", "osm_url": "https://www.openstreetmap.org/way/1433607824", "josm_url": "http://127.0.0.1:8111/load_object?new_layer=false&objects=w1433607824", "id_url": "https://www.openstreetmap.org/edit?editor=id&way=1433607824#map=20/-25.4485371/-49.2361947"}}, {"type": "Feature", "geometry": {"type": "Point", "coordinates": [-49.2360988, -25.4484385]}, "properties": {"id": 1433607827, "feat_type": "way", "quality_categories": "crossings_lacking_kerbs, missing_tags", "issue_ids": "[2, 5]", "osm_url": "https://www.openstreetmap.org/way/1433607827", "josm_url": "http://127.0.0.1:8111/load_object?new_layer=false&objects=w1433607827", "id_url": "https://www.openstreetmap.org/edit?editor=id&way=1433607827#map=20/-25.4484385/-49.2360988"}}, {"type": "Feature", "geometry": {"type": "Point", "coordinates": [-49.2800406, -25.5127568]}, "properties": {"id": 1447516539, "feat_type": "way", "quality_categories": "disjointed_geometries, missing_tags", "issue_ids": "[2, 3]", "osm_url": "https://www.openstreetmap.org/way/1447516539", "josm_url": "http://127.0.0.1:8111/load_object?new_layer=false&objects=w1447516539", "id_url": "https://www.openstreetmap.org/edit?editor=id&way=1447516539#map=20/-25.5127568/-49.2800406"}}, {"type": "Feature", "geometry": {"type": "Point", "coordinates": [-49.270351, -25.4961842]}, "properties": {"id": 1448210084, "feat_type": "way", "quality_categories": "disjointed_geometries, missing_tags", "issue_ids": "[2, 3]", "osm_url": "https://www.openstreetmap.org/way/1448210084", "josm_url": "http://127.0.0.1:8111/load_object?new_layer=false&objects=w1448210084", "id_url": "https://www.openstreetmap.org/edit?editor=id&way=1448210084#map=20/-25.4961842/-49.270351"}}, {"type": "Feature", "geometry": {"type": "Point", "coordinates": [-49.2705261, -25.4963703]}, "properties": {"id": 1448210086, "feat_type": "way", "quality_categories": "disjointed_geometries, missing_tags", "issue_ids": "[2, 3]", "osm_url": "https://www.openstreetmap.org/way/1448210086", "josm_url": "http://127.0.0.1:8111/load_object?new_layer=false&objects=w1448210086", "id_url": "https://www.openstreetmap.org/edit?editor=id&way=1448210086#map=20/-25.4963703/-49.2705261"}}, {"type": "Feature", "geometry": {"type": "Point", "coordinates": [-49.2603619, -25.3892675]}, "properties": {"id": 1448219971, "feat_type": "way", "quality_categories": "disjointed_geometries, missing_tags", "issue_ids": "[2, 3]", "osm_url": "https://www.openstreetmap.org/way/1448219971", "josm_url": "http://127.0.0.1:8111/load_object?new_layer=false&objects=w1448219971", "id_url": "https://www.openstreetmap.org/edit?editor=id&way=1448219971#map=20/-25.3892675/-49.2603619"}}, {"type": "Feature", "geometry": {"type": "Point", "coordinates": [-49.2262021, -25.4220682]}, "properties": {"id": 1452724240, "feat_type": "way", "quality_categories": "crossings_lacking_kerbs, missing_tags", "issue_ids": "[2, 5]", "osm_url": "https://www.openstreetmap.org/way/1452724240", "josm_url": "http://127.0.0.1:8111/load_object?new_layer=false&objects=w1452724240", "id_url": "https://www.openstreetmap.org/edit?editor=id&way=1452724240#map=20/-25.4220682/-49.2262021"}}, {"type": "Feature", "geometry": {"type": "Point", "coordinates": [-49.3231555, -25.5188797]}, "properties": {"id": 1459191850, "feat_type": "way", "quality_categories": "disjointed_geometries, missing_tags", "issue_ids": "[2, 3]", "osm_url": "https://www.openstreetmap.org/way/1459191850", "josm_url": "http://127.0.0.1:8111/load_object?new_layer=false&objects=w1459191850", "id_url": "https://www.openstreetmap.org/edit?editor=id&way=1459191850#map=20/-25.5188797/-49.3231555"}}, {"type": "Feature", "geometry": {"type": "Point", "coordinates": [-49.3229156, -25.5188853]}, "properties": {"id": 1459191851, "feat_type": "way", "quality_categories": "disjointed_geometries, missing_tags", "issue_ids": "[2, 3]", "osm_url": "https://www.openstreetmap.org/way/1459191851", "josm_url": "http://127.0.0.1:8111/load_object?new_layer=false&objects=w1459191851", "id_url": "https://www.openstreetmap.org/edit?editor=id&way=1459191851#map=20/-25.5188853/-49.3229156"}}, {"type": "Feature", "geometry": {"type": "Point", "coordinates": [-49.3260751, -25.5173354]}, "properties": {"id": 1459191852, "feat_type": "way", "quality_categories": "disjointed_geometries, missing_tags", "issue_ids": "[2, 3]", "osm_url": "https://www.openstreetmap.org/way/1459191852", "josm_url": "http://127.0.0.1:8111/load_object?new_layer=false&objects=w1459191852", "id_url": "https://www.openstreetmap.org/edit?editor=id&way=1459191852#map=20/-25.5173354/-49.3260751"}}, {"type": "Feature", "geometry": {"type": "Point", "coordinates": [-49.3260528, -25.5172383]}, "properties": {"id": 1459191853, "feat_type": "way", "quality_categories": "disjointed_geometries, missing_tags", "issue_ids": "[2, 3]", "osm_url": "https://www.openstreetmap.org/way/1459191853", "josm_url": "http://127.0.0.1:8111/load_object?new_layer=false&objects=w1459191853", "id_url": "https://www.openstreetmap.org/edit?editor=id&way=1459191853#map=20/-25.5172383/-49.3260528"}}, {"type": "Feature", "geometry": {"type": "Point", "coordinates": [-49.325404, -25.5171443]}, "properties": {"id": 1459191854, "feat_type": "way", "quality_categories": "disjointed_geometries, missing_tags", "issue_ids": "[2, 3]", "osm_url": "https://www.openstreetmap.org/way/1459191854", "josm_url": "http://127.0.0.1:8111/load_object?new_layer=false&objects=w1459191854", "id_url": "https://www.openstreetmap.org/edit?editor=id&way=1459191854#map=20/-25.5171443/-49.325404"}}, {"type": "Feature", "geometry": {"type": "Point", "coordinates": [-49.3237612, -25.519087]}, "properties": {"id": 1459191858, "feat_type": "way", "quality_categories": "disjointed_geometries, missing_tags", "issue_ids": "[2, 3]", "osm_url": "https://www.openstreetmap.org/way/1459191858", "josm_url": "http://127.0.0.1:8111/load_object?new_layer=false&objects=w1459191858", "id_url": "https://www.openstreetmap.org/edit?editor=id&way=1459191858#map=20/-25.519087/-49.3237612"}}, {"type": "Feature", "geometry": {"type": "Point", "coordinates": [-49.2430576, -25.4471292]}, "properties": {"id": 1464916533, "feat_type": "way", "quality_categories": "crossings_lacking_kerbs, missing_tags", "issue_ids": "[2, 5]", "osm_url": "https://www.openstreetmap.org/way/1464916533", "josm_url": "http://127.0.0.1:8111/load_object?new_layer=false&objects=w1464916533", "id_url": "https://www.openstreetmap.org/edit?editor=id&way=1464916533#map=20/-25.4471292/-49.2430576"}}, {"type": "Feature", "geometry": {"type": "Point", "coordinates": [-49.2430217, -25.4470361]}, "properties": {"id": 1464916534, "feat_type": "way", "quality_categories": "disjointed_geometries, missing_tags", "issue_ids": "[2, 3]", "osm_url": "https://www.openstreetmap.org/way/1464916534", "josm_url": "http://127.0.0.1:8111/load_object?new_layer=false&objects=w1464916534", "id_url": "https://www.openstreetmap.org/edit?editor=id&way=1464916534#map=20/-25.4470361/-49.2430217"}}, {"type": "Feature", "geometry": {"type": "Point", "coordinates": [-49.2429794, -25.4468971]}, "properties": {"id": 1464916535, "feat_type": "way", "quality_categories": "disjointed_geometries, missing_tags", "issue_ids": "[2, 3]", "osm_url": "https://www.openstreetmap.org/way/1464916535", "josm_url": "http://127.0.0.1:8111/load_object?new_layer=false&objects=w1464916535", "id_url": "https://www.openstreetmap.org/edit?editor=id&way=1464916535#map=20/-25.4468971/-49.2429794"}}, {"type": "Feature", "geometry": {"type": "Point", "coordinates": [-49.2133828, -25.4300514]}, "properties": {"id": 1464947458, "feat_type": "way", "quality_categories": "disjointed_geometries, missing_tags", "issue_ids": "[2, 3]", "osm_url": "https://www.openstreetmap.org/way/1464947458", "josm_url": "http://127.0.0.1:8111/load_object?new_layer=false&objects=w1464947458", "id_url": "https://www.openstreetmap.org/edit?editor=id&way=1464947458#map=20/-25.4300514/-49.2133828"}}, {"type": "Feature", "geometry": {"type": "Point", "coordinates": [-49.2086038, -25.4306684]}, "properties": {"id": 1470804604, "feat_type": "way", "quality_categories": "disjointed_geometries, missing_tags", "issue_ids": "[2, 3]", "osm_url": "https://www.openstreetmap.org/way/1470804604", "josm_url": "http://127.0.0.1:8111/load_object?new_layer=false&objects=w1470804604", "id_url": "https://www.openstreetmap.org/edit?editor=id&way=1470804604#map=20/-25.4306684/-49.2086038"}}, {"type": "Feature", "geometry": {"type": "Point", "coordinates": [-49.2189232, -25.4175296]}, "properties": {"id": 1473432776, "feat_type": "way", "quality_categories": "crossings_lacking_kerbs, missing_tags", "issue_ids": "[2, 5]", "osm_url": "https://www.openstreetmap.org/way/1473432776", "josm_url": "http://127.0.0.1:8111/load_object?new_layer=false&objects=w1473432776", "id_url": "https://www.openstreetmap.org/edit?editor=id&way=1473432776#map=20/-25.4175296/-49.2189232"}}, {"type": "Feature", "geometry": {"type": "Point", "coordinates": [-49.2188497, -25.4173873]}, "properties": {"id": 1473432777, "feat_type": "way", "quality_categories": "crossings_lacking_kerbs, missing_tags", "issue_ids": "[2, 5]", "osm_url": "https://www.openstreetmap.org/way/1473432777", "josm_url": "http://127.0.0.1:8111/load_object?new_layer=false&objects=w1473432777", "id_url": "https://www.openstreetmap.org/edit?editor=id&way=1473432777#map=20/-25.4173873/-49.2188497"}}, {"type": "Feature", "geometry": {"type": "Point", "coordinates": [-49.2392473, -25.4746321]}, "properties": {"id": 1490882812, "feat_type": "way", "quality_categories": "disjointed_geometries, missing_tags, replaceable_values", "issue_ids": "[4, 2, 3]", "osm_url": "https://www.openstreetmap.org/way/1490882812", "josm_url": "http://127.0.0.1:8111/load_object?new_layer=false&objects=w1490882812", "id_url": "https://www.openstreetmap.org/edit?editor=id&way=1490882812#map=20/-25.4746321/-49.2392473"}}, {"type": "Feature", "geometry": {"type": "Point", "coordinates": [-49.2387421, -25.4738034]}, "properties": {"id": 1490882813, "feat_type": "way", "quality_categories": "disjointed_geometries, missing_tags, replaceable_values", "issue_ids": "[4, 2, 3]", "osm_url": "https://www.openstreetmap.org/way/1490882813", "josm_url": "http://127.0.0.1:8111/load_object?new_layer=false&objects=w1490882813", "id_url": "https://www.openstreetmap.org/edit?editor=id&way=1490882813#map=20/-25.4738034/-49.2387421"}}, {"type": "Feature", "geometry": {"type": "Point", "coordinates": [-49.2607856, -25.5473898]}, "properties": {"id": 1490919600, "feat_type": "way", "quality_categories": "disjointed_geometries, missing_tags", "issue_ids": "[2, 3]", "osm_url": "https://www.openstreetmap.org/way/1490919600", "josm_url": "http://127.0.0.1:8111/load_object?new_layer=false&objects=w1490919600", "id_url": "https://www.openstreetmap.org/edit?editor=id&way=1490919600#map=20/-25.5473898/-49.2607856"}}, {"type": "Feature", "geometry": {"type": "Point", "coordinates": [-49.2607259, -25.5476413]}, "properties": {"id": 1490919601, "feat_type": "way", "quality_categories": "disjointed_geometries, missing_tags", "issue_ids": "[2, 3]", "osm_url": "https://www.openstreetmap.org/way/1490919601", "josm_url": "http://127.0.0.1:8111/load_object?new_layer=false&objects=w1490919601", "id_url": "https://www.openstreetmap.org/edit?editor=id&way=1490919601#map=20/-25.5476413/-49.2607259"}}, {"type": "Feature", "geometry": {"type": "Point", "coordinates": [-49.2630477, -25.546149]}, "properties": {"id": 1490919605, "feat_type": "way", "quality_categories": "disjointed_geometries, missing_tags, replaceable_values", "issue_ids": "[4, 2, 3]", "osm_url": "https://www.openstreetmap.org/way/1490919605", "josm_url": "http://127.0.0.1:8111/load_object?new_layer=false&objects=w1490919605", "id_url": "https://www.openstreetmap.org/edit?editor=id&way=1490919605#map=20/-25.546149/-49.2630477"}}, {"type": "Feature", "geometry": {"type": "Point", "coordinates": [-49.263373, -25.5461709]}, "properties": {"id": 1490919606, "feat_type": "way", "quality_categories": "disjointed_geometries, missing_tags, replaceable_values", "issue_ids": "[4, 2, 3]", "osm_url": "https://www.openstreetmap.org/way/1490919606", "josm_url": "http://127.0.0.1:8111/load_object?new_layer=false&objects=w1490919606", "id_url": "https://www.openstreetmap.org/edit?editor=id&way=1490919606#map=20/-25.5461709/-49.263373"}}, {"type": "Feature", "geometry": {"type": "Point", "coordinates": [-49.2649443, -25.5451265]}, "properties": {"id": 1490919609, "feat_type": "way", "quality_categories": "disjointed_geometries, missing_tags, replaceable_values", "issue_ids": "[4, 2, 3]", "osm_url": "https://www.openstreetmap.org/way/1490919609", "josm_url": "http://127.0.0.1:8111/load_object?new_layer=false&objects=w1490919609", "id_url": "https://www.openstreetmap.org/edit?editor=id&way=1490919609#map=20/-25.5451265/-49.2649443"}}, {"type": "Feature", "geometry": {"type": "Point", "coordinates": [-49.2648096, -25.5453902]}, "properties": {"id": 1490919610, "feat_type": "way", "quality_categories": "disjointed_geometries, missing_tags, replaceable_values", "issue_ids": "[4, 2, 3]", "osm_url": "https://www.openstreetmap.org/way/1490919610", "josm_url": "http://127.0.0.1:8111/load_object?new_layer=false&objects=w1490919610", "id_url": "https://www.openstreetmap.org/edit?editor=id&way=1490919610#map=20/-25.5453902/-49.2648096"}}, {"type": "Feature", "geometry": {"type": "Point", "coordinates": [-49.2683807, -25.5434404]}, "properties": {"id": 1490919614, "feat_type": "way", "quality_categories": "disjointed_geometries, missing_tags", "issue_ids": "[2, 3]", "osm_url": "https://www.openstreetmap.org/way/1490919614", "josm_url": "http://127.0.0.1:8111/load_object?new_layer=false&objects=w1490919614", "id_url": "https://www.openstreetmap.org/edit?editor=id&way=1490919614#map=20/-25.5434404/-49.2683807"}}, {"type": "Feature", "geometry": {"type": "Point", "coordinates": [-49.2704271, -25.5421254]}, "properties": {"id": 1490919617, "feat_type": "way", "quality_categories": "disjointed_geometries, missing_tags", "issue_ids": "[2, 3]", "osm_url": "https://www.openstreetmap.org/way/1490919617", "josm_url": "http://127.0.0.1:8111/load_object?new_layer=false&objects=w1490919617", "id_url": "https://www.openstreetmap.org/edit?editor=id&way=1490919617#map=20/-25.5421254/-49.2704271"}}, {"type": "Feature", "geometry": {"type": "Point", "coordinates": [-49.2748307, -25.5399154]}, "properties": {"id": 1490919621, "feat_type": "way", "quality_categories": "disjointed_geometries, missing_tags", "issue_ids": "[2, 3]", "osm_url": "https://www.openstreetmap.org/way/1490919621", "josm_url": "http://127.0.0.1:8111/load_object?new_layer=false&objects=w1490919621", "id_url": "https://www.openstreetmap.org/edit?editor=id&way=1490919621#map=20/-25.5399154/-49.2748307"}}, {"type": "Feature", "geometry": {"type": "Point", "coordinates": [-49.2754181, -25.5395861]}, "properties": {"id": 1490919627, "feat_type": "way", "quality_categories": "disjointed_geometries, missing_tags", "issue_ids": "[2, 3]", "osm_url": "https://www.openstreetmap.org/way/1490919627", "josm_url": "http://127.0.0.1:8111/load_object?new_layer=false&objects=w1490919627", "id_url": "https://www.openstreetmap.org/edit?editor=id&way=1490919627#map=20/-25.5395861/-49.2754181"}}, {"type": "Feature", "geometry": {"type": "Point", "coordinates": [-49.2764334, -25.5389959]}, "properties": {"id": 1490919628, "feat_type": "way", "quality_categories": "disjointed_geometries, missing_tags", "issue_ids": "[2, 3]", "osm_url": "https://www.openstreetmap.org/way/1490919628", "josm_url": "http://127.0.0.1:8111/load_object?new_layer=false&objects=w1490919628", "id_url": "https://www.openstreetmap.org/edit?editor=id&way=1490919628#map=20/-25.5389959/-49.2764334"}}, {"type": "Feature", "geometry": {"type": "Point", "coordinates": [-49.2772247, -25.538569]}, "properties": {"id": 1490919629, "feat_type": "way", "quality_categories": "disjointed_geometries, missing_tags", "issue_ids": "[2, 3]", "osm_url": "https://www.openstreetmap.org/way/1490919629", "josm_url": "http://127.0.0.1:8111/load_object?new_layer=false&objects=w1490919629", "id_url": "https://www.openstreetmap.org/edit?editor=id&way=1490919629#map=20/-25.538569/-49.2772247"}}, {"type": "Feature", "geometry": {"type": "Point", "coordinates": [-49.2736165, -25.540572]}, "properties": {"id": 1490919636, "feat_type": "way", "quality_categories": "disjointed_geometries, missing_tags", "issue_ids": "[2, 3]", "osm_url": "https://www.openstreetmap.org/way/1490919636", "josm_url": "http://127.0.0.1:8111/load_object?new_layer=false&objects=w1490919636", "id_url": "https://www.openstreetmap.org/edit?editor=id&way=1490919636#map=20/-25.540572/-49.2736165"}}, {"type": "Feature", "geometry": {"type": "Point", "coordinates": [-49.2698864, -25.5424187]}, "properties": {"id": 1490919640, "feat_type": "way", "quality_categories": "disjointed_geometries, missing_tags", "issue_ids": "[2, 3]", "osm_url": "https://www.openstreetmap.org/way/1490919640", "josm_url": "http://127.0.0.1:8111/load_object?new_layer=false&objects=w1490919640", "id_url": "https://www.openstreetmap.org/edit?editor=id&way=1490919640#map=20/-25.5424187/-49.2698864"}}, {"type": "Feature", "geometry": {"type": "Point", "coordinates": [-49.2691171, -25.5430373]}, "properties": {"id": 1490919642, "feat_type": "way", "quality_categories": "disjointed_geometries, missing_tags", "issue_ids": "[2, 3]", "osm_url": "https://www.openstreetmap.org/way/1490919642", "josm_url": "http://127.0.0.1:8111/load_object?new_layer=false&objects=w1490919642", "id_url": "https://www.openstreetmap.org/edit?editor=id&way=1490919642#map=20/-25.5430373/-49.2691171"}}, {"type": "Feature", "geometry": {"type": "Point", "coordinates": [-49.2686301, -25.5433057]}, "properties": {"id": 1490919645, "feat_type": "way", "quality_categories": "disjointed_geometries, missing_tags", "issue_ids": "[2, 3]", "osm_url": "https://www.openstreetmap.org/way/1490919645", "josm_url": "http://127.0.0.1:8111/load_object?new_layer=false&objects=w1490919645", "id_url": "https://www.openstreetmap.org/edit?editor=id&way=1490919645#map=20/-25.5433057/-49.2686301"}}, {"type": "Feature", "geometry": {"type": "Point", "coordinates": [-49.2677736, -25.5437748]}, "properties": {"id": 1490919646, "feat_type": "way", "quality_categories": "disjointed_geometries, missing_tags", "issue_ids": "[2, 3]", "osm_url": "https://www.openstreetmap.org/way/1490919646", "josm_url": "http://127.0.0.1:8111/load_object?new_layer=false&objects=w1490919646", "id_url": "https://www.openstreetmap.org/edit?editor=id&way=1490919646#map=20/-25.5437748/-49.2677736"}}, {"type": "Feature", "geometry": {"type": "Point", "coordinates": [-49.2509005, -25.5528987]}, "properties": {"id": 1490919658, "feat_type": "way", "quality_categories": "disjointed_geometries, missing_tags, replaceable_values", "issue_ids": "[4, 2, 3]", "osm_url": "https://www.openstreetmap.org/way/1490919658", "josm_url": "http://127.0.0.1:8111/load_object?new_layer=false&objects=w1490919658", "id_url": "https://www.openstreetmap.org/edit?editor=id&way=1490919658#map=20/-25.5528987/-49.2509005"}}, {"type": "Feature", "geometry": {"type": "Point", "coordinates": [-49.2574196, -25.5491816]}, "properties": {"id": 1490919660, "feat_type": "way", "quality_categories": "disjointed_geometries, missing_tags, replaceable_values", "issue_ids": "[4, 2, 3]", "osm_url": "https://www.openstreetmap.org/way/1490919660", "josm_url": "http://127.0.0.1:8111/load_object?new_layer=false&objects=w1490919660", "id_url": "https://www.openstreetmap.org/edit?editor=id&way=1490919660#map=20/-25.5491816/-49.2574196"}}, {"type": "Feature", "geometry": {"type": "Point", "coordinates": [-49.2587843, -25.5484764]}, "properties": {"id": 1490919664, "feat_type": "way", "quality_categories": "disjointed_geometries, missing_tags", "issue_ids": "[2, 3]", "osm_url": "https://www.openstreetmap.org/way/1490919664", "josm_url": "http://127.0.0.1:8111/load_object?new_layer=false&objects=w1490919664", "id_url": "https://www.openstreetmap.org/edit?editor=id&way=1490919664#map=20/-25.5484764/-49.2587843"}}, {"type": "Feature", "geometry": {"type": "Point", "coordinates": [-49.2598598, -25.5478998]}, "properties": {"id": 1490919665, "feat_type": "way", "quality_categories": "disjointed_geometries, missing_tags", "issue_ids": "[2, 3]", "osm_url": "https://www.openstreetmap.org/way/1490919665", "josm_url": "http://127.0.0.1:8111/load_object?new_layer=false&objects=w1490919665", "id_url": "https://www.openstreetmap.org/edit?editor=id&way=1490919665#map=20/-25.5478998/-49.2598598"}}, {"type": "Feature", "geometry": {"type": "Point", "coordinates": [-49.2622212, -25.5466011]}, "properties": {"id": 1490919666, "feat_type": "way", "quality_categories": "disjointed_geometries, missing_tags", "issue_ids": "[2, 3]", "osm_url": "https://www.openstreetmap.org/way/1490919666", "josm_url": "http://127.0.0.1:8111/load_object?new_layer=false&objects=w1490919666", "id_url": "https://www.openstreetmap.org/edit?editor=id&way=1490919666#map=20/-25.5466011/-49.2622212"}}, {"type": "Feature", "geometry": {"type": "Point", "coordinates": [-49.2640698, -25.5456024]}, "properties": {"id": 1490919669, "feat_type": "way", "quality_categories": "disjointed_geometries, missing_tags", "issue_ids": "[2, 3]", "osm_url": "https://www.openstreetmap.org/way/1490919669", "josm_url": "http://127.0.0.1:8111/load_object?new_layer=false&objects=w1490919669", "id_url": "https://www.openstreetmap.org/edit?editor=id&way=1490919669#map=20/-25.5456024/-49.2640698"}}, {"type": "Feature", "geometry": {"type": "Point", "coordinates": [-49.265523, -25.5450031]}, "properties": {"id": 1490919671, "feat_type": "way", "quality_categories": "disjointed_geometries, missing_tags, replaceable_values", "issue_ids": "[4, 2, 3]", "osm_url": "https://www.openstreetmap.org/way/1490919671", "josm_url": "http://127.0.0.1:8111/load_object?new_layer=false&objects=w1490919671", "id_url": "https://www.openstreetmap.org/edit?editor=id&way=1490919671#map=20/-25.5450031/-49.265523"}}, {"type": "Feature", "geometry": {"type": "Point", "coordinates": [-49.2658932, -25.5445969]}, "properties": {"id": 1490919672, "feat_type": "way", "quality_categories": "disjointed_geometries, missing_tags, replaceable_values", "issue_ids": "[4, 2, 3]", "osm_url": "https://www.openstreetmap.org/way/1490919672", "josm_url": "http://127.0.0.1:8111/load_object?new_layer=false&objects=w1490919672", "id_url": "https://www.openstreetmap.org/edit?editor=id&way=1490919672#map=20/-25.5445969/-49.2658932"}}, {"type": "Feature", "geometry": {"type": "Point", "coordinates": [-49.2667398, -25.5443388]}, "properties": {"id": 1490919674, "feat_type": "way", "quality_categories": "disjointed_geometries, missing_tags", "issue_ids": "[2, 3]", "osm_url": "https://www.openstreetmap.org/way/1490919674", "josm_url": "http://127.0.0.1:8111/load_object?new_layer=false&objects=w1490919674", "id_url": "https://www.openstreetmap.org/edit?editor=id&way=1490919674#map=20/-25.5443388/-49.2667398"}}, {"type": "Feature", "geometry": {"type": "Point", "coordinates": [-49.2527448, -25.4523129]}, "properties": {"id": 1511981891, "feat_type": "way", "quality_categories": "disjointed_geometries, missing_tags", "issue_ids": "[2, 3]", "osm_url": "https://www.openstreetmap.org/way/1511981891", "josm_url": "http://127.0.0.1:8111/load_object?new_layer=false&objects=w1511981891", "id_url": "https://www.openstreetmap.org/edit?editor=id&way=1511981891#map=20/-25.4523129/-49.2527448"}}, {"type": "Feature", "geometry": {"type": "Point", "coordinates": [-49.3518688, -25.4495038]}, "properties": {"id": 1525505462, "feat_type": "way", "quality_categories": "crossings_lacking_kerbs, missing_tags", "issue_ids": "[2, 5]", "osm_url": "https://www.openstreetmap.org/way/1525505462", "josm_url": "http://127.0.0.1:8111/load_object?new_layer=false&objects=w1525505462", "id_url": "https://www.openstreetmap.org/edit?editor=id&way=1525505462#map=20/-25.4495038/-49.3518688"}}, {"type": "Feature", "geometry": {"type": "Point", "coordinates": [-49.3494074, -25.4475458]}, "properties": {"id": 1525505464, "feat_type": "way", "quality_categories": "crossings_lacking_kerbs, missing_tags", "issue_ids": "[2, 5]", "osm_url": "https://www.openstreetmap.org/way/1525505464", "josm_url": "http://127.0.0.1:8111/load_object?new_layer=false&objects=w1525505464", "id_url": "https://www.openstreetmap.org/edit?editor=id&way=1525505464#map=20/-25.4475458/-49.3494074"}}, {"type": "Feature", "geometry": {"type": "Point", "coordinates": [-49.3496505, -25.4477288]}, "properties": {"id": 1525505466, "feat_type": "way", "quality_categories": "crossings_lacking_kerbs, missing_tags", "issue_ids": "[2, 5]", "osm_url": "https://www.openstreetmap.org/way/1525505466", "josm_url": "http://127.0.0.1:8111/load_object?new_layer=false&objects=w1525505466", "id_url": "https://www.openstreetmap.org/edit?editor=id&way=1525505466#map=20/-25.4477288/-49.3496505"}}, {"type": "Feature", "geometry": {"type": "Point", "coordinates": [-49.3489352, -25.447179]}, "properties": {"id": 1525505468, "feat_type": "way", "quality_categories": "crossings_lacking_kerbs, missing_tags", "issue_ids": "[2, 5]", "osm_url": "https://www.openstreetmap.org/way/1525505468", "josm_url": "http://127.0.0.1:8111/load_object?new_layer=false&objects=w1525505468", "id_url": "https://www.openstreetmap.org/edit?editor=id&way=1525505468#map=20/-25.447179/-49.3489352"}}, {"type": "Feature", "geometry": {"type": "Point", "coordinates": [-49.3484013, -25.4467729]}, "properties": {"id": 1525505470, "feat_type": "way", "quality_categories": "crossings_lacking_kerbs, missing_tags", "issue_ids": "[2, 5]", "osm_url": "https://www.openstreetmap.org/way/1525505470", "josm_url": "http://127.0.0.1:8111/load_object?new_layer=false&objects=w1525505470", "id_url": "https://www.openstreetmap.org/edit?editor=id&way=1525505470#map=20/-25.4467729/-49.3484013"}}, {"type": "Feature", "geometry": {"type": "Point", "coordinates": [-49.34646, -25.4456572]}, "properties": {"id": 1525505472, "feat_type": "way", "quality_categories": "crossings_lacking_kerbs, missing_tags", "issue_ids": "[2, 5]", "osm_url": "https://www.openstreetmap.org/way/1525505472", "josm_url": "http://127.0.0.1:8111/load_object?new_layer=false&objects=w1525505472", "id_url": "https://www.openstreetmap.org/edit?editor=id&way=1525505472#map=20/-25.4456572/-49.34646"}}, {"type": "Feature", "geometry": {"type": "Point", "coordinates": [-49.3461795, -25.4455219]}, "properties": {"id": 1525505474, "feat_type": "way", "quality_categories": "crossings_lacking_kerbs, missing_tags", "issue_ids": "[2, 5]", "osm_url": "https://www.openstreetmap.org/way/1525505474", "josm_url": "http://127.0.0.1:8111/load_object?new_layer=false&objects=w1525505474", "id_url": "https://www.openstreetmap.org/edit?editor=id&way=1525505474#map=20/-25.4455219/-49.3461795"}}, {"type": "Feature", "geometry": {"type": "Point", "coordinates": [-49.3448676, -25.4448259]}, "properties": {"id": 1525505476, "feat_type": "way", "quality_categories": "crossings_lacking_kerbs, missing_tags", "issue_ids": "[2, 5]", "osm_url": "https://www.openstreetmap.org/way/1525505476", "josm_url": "http://127.0.0.1:8111/load_object?new_layer=false&objects=w1525505476", "id_url": "https://www.openstreetmap.org/edit?editor=id&way=1525505476#map=20/-25.4448259/-49.3448676"}}, {"type": "Feature", "geometry": {"type": "Point", "coordinates": [-49.3438471, -25.4442753]}, "properties": {"id": 1525505478, "feat_type": "way", "quality_categories": "crossings_lacking_kerbs, missing_tags", "issue_ids": "[2, 5]", "osm_url": "https://www.openstreetmap.org/way/1525505478", "josm_url": "http://127.0.0.1:8111/load_object?new_layer=false&objects=w1525505478", "id_url": "https://www.openstreetmap.org/edit?editor=id&way=1525505478#map=20/-25.4442753/-49.3438471"}}, {"type": "Feature", "geometry": {"type": "Point", "coordinates": [-49.3349183, -25.4476611]}, "properties": {"id": 1525505480, "feat_type": "way", "quality_categories": "crossings_lacking_kerbs, missing_tags", "issue_ids": "[2, 5]", "osm_url": "https://www.openstreetmap.org/way/1525505480", "josm_url": "http://127.0.0.1:8111/load_object?new_layer=false&objects=w1525505480", "id_url": "https://www.openstreetmap.org/edit?editor=id&way=1525505480#map=20/-25.4476611/-49.3349183"}}, {"type": "Feature", "geometry": {"type": "Point", "coordinates": [-49.3342282, -25.4490635]}, "properties": {"id": 1525505482, "feat_type": "way", "quality_categories": "crossings_lacking_kerbs, missing_tags", "issue_ids": "[2, 5]", "osm_url": "https://www.openstreetmap.org/way/1525505482", "josm_url": "http://127.0.0.1:8111/load_object?new_layer=false&objects=w1525505482", "id_url": "https://www.openstreetmap.org/edit?editor=id&way=1525505482#map=20/-25.4490635/-49.3342282"}}, {"type": "Feature", "geometry": {"type": "Point", "coordinates": [-49.3306837, -25.4493547]}, "properties": {"id": 1525505484, "feat_type": "way", "quality_categories": "crossings_lacking_kerbs, missing_tags", "issue_ids": "[2, 5]", "osm_url": "https://www.openstreetmap.org/way/1525505484", "josm_url": "http://127.0.0.1:8111/load_object?new_layer=false&objects=w1525505484", "id_url": "https://www.openstreetmap.org/edit?editor=id&way=1525505484#map=20/-25.4493547/-49.3306837"}}, {"type": "Feature", "geometry": {"type": "Point", "coordinates": [-49.3244931, -25.451854]}, "properties": {"id": 1525505486, "feat_type": "way", "quality_categories": "crossings_lacking_kerbs, missing_tags", "issue_ids": "[2, 5]", "osm_url": "https://www.openstreetmap.org/way/1525505486", "josm_url": "http://127.0.0.1:8111/load_object?new_layer=false&objects=w1525505486", "id_url": "https://www.openstreetmap.org/edit?editor=id&way=1525505486#map=20/-25.451854/-49.3244931"}}, {"type": "Feature", "geometry": {"type": "Point", "coordinates": [-49.3235558, -25.4526929]}, "properties": {"id": 1525505488, "feat_type": "way", "quality_categories": "crossings_lacking_kerbs, missing_tags", "issue_ids": "[2, 5]", "osm_url": "https://www.openstreetmap.org/way/1525505488", "josm_url": "http://127.0.0.1:8111/load_object?new_layer=false&objects=w1525505488", "id_url": "https://www.openstreetmap.org/edit?editor=id&way=1525505488#map=20/-25.4526929/-49.3235558"}}, {"type": "Feature", "geometry": {"type": "Point", "coordinates": [-49.323157, -25.4528097]}, "properties": {"id": 1525505490, "feat_type": "way", "quality_categories": "crossings_lacking_kerbs, missing_tags", "issue_ids": "[2, 5]", "osm_url": "https://www.openstreetmap.org/way/1525505490", "josm_url": "http://127.0.0.1:8111/load_object?new_layer=false&objects=w1525505490", "id_url": "https://www.openstreetmap.org/edit?editor=id&way=1525505490#map=20/-25.4528097/-49.323157"}}, {"type": "Feature", "geometry": {"type": "Point", "coordinates": [-49.3226034, -25.4525779]}, "properties": {"id": 1525505492, "feat_type": "way", "quality_categories": "crossings_lacking_kerbs, missing_tags", "issue_ids": "[2, 5]", "osm_url": "https://www.openstreetmap.org/way/1525505492", "josm_url": "http://127.0.0.1:8111/load_object?new_layer=false&objects=w1525505492", "id_url": "https://www.openstreetmap.org/edit?editor=id&way=1525505492#map=20/-25.4525779/-49.3226034"}}, {"type": "Feature", "geometry": {"type": "Point", "coordinates": [-49.3194757, -25.4506544]}, "properties": {"id": 1525505494, "feat_type": "way", "quality_categories": "crossings_lacking_kerbs, missing_tags", "issue_ids": "[2, 5]", "osm_url": "https://www.openstreetmap.org/way/1525505494", "josm_url": "http://127.0.0.1:8111/load_object?new_layer=false&objects=w1525505494", "id_url": "https://www.openstreetmap.org/edit?editor=id&way=1525505494#map=20/-25.4506544/-49.3194757"}}, {"type": "Feature", "geometry": {"type": "Point", "coordinates": [-49.3186966, -25.4498974]}, "properties": {"id": 1525505496, "feat_type": "way", "quality_categories": "crossings_lacking_kerbs, missing_tags", "issue_ids": "[2, 5]", "osm_url": "https://www.openstreetmap.org/way/1525505496", "josm_url": "http://127.0.0.1:8111/load_object?new_layer=false&objects=w1525505496", "id_url": "https://www.openstreetmap.org/edit?editor=id&way=1525505496#map=20/-25.4498974/-49.3186966"}}, {"type": "Feature", "geometry": {"type": "Point", "coordinates": [-49.3154962, -25.4509022]}, "properties": {"id": 1525505497, "feat_type": "way", "quality_categories": "crossings_lacking_kerbs, missing_tags", "issue_ids": "[2, 5]", "osm_url": "https://www.openstreetmap.org/way/1525505497", "josm_url": "http://127.0.0.1:8111/load_object?new_layer=false&objects=w1525505497", "id_url": "https://www.openstreetmap.org/edit?editor=id&way=1525505497#map=20/-25.4509022/-49.3154962"}}, {"type": "Feature", "geometry": {"type": "Point", "coordinates": [-49.3030135, -25.4045558]}, "properties": {"id": 1525811968, "feat_type": "way", "quality_categories": "crossings_lacking_kerbs, missing_tags", "issue_ids": "[2, 5]", "osm_url": "https://www.openstreetmap.org/way/1525811968", "josm_url": "http://127.0.0.1:8111/load_object?new_layer=false&objects=w1525811968", "id_url": "https://www.openstreetmap.org/edit?editor=id&way=1525811968#map=20/-25.4045558/-49.3030135"}}, {"type": "Feature", "geometry": {"type": "Point", "coordinates": [-49.2487656, -25.4118033]}, "properties": {"id": 1531894157, "feat_type": "way", "quality_categories": "crossings_lacking_kerbs, missing_tags", "issue_ids": "[2, 5]", "osm_url": "https://www.openstreetmap.org/way/1531894157", "josm_url": "http://127.0.0.1:8111/load_object?new_layer=false&objects=w1531894157", "id_url": "https://www.openstreetmap.org/edit?editor=id&way=1531894157#map=20/-25.4118033/-49.2487656"}}, {"type": "Feature", "geometry": {"type": "Point", "coordinates": [-49.2480968, -25.4125894]}, "properties": {"id": 1531894159, "feat_type": "way", "quality_categories": "crossings_lacking_kerbs, missing_tags", "issue_ids": "[2, 5]", "osm_url": "https://www.openstreetmap.org/way/1531894159", "josm_url": "http://127.0.0.1:8111/load_object?new_layer=false&objects=w1531894159", "id_url": "https://www.openstreetmap.org/edit?editor=id&way=1531894159#map=20/-25.4125894/-49.2480968"}}, {"type": "Feature", "geometry": {"type": "Point", "coordinates": [-49.2486723, -25.4117397]}, "properties": {"id": 1531894162, "feat_type": "way", "quality_categories": "crossings_lacking_kerbs, missing_tags", "issue_ids": "[2, 5]", "osm_url": "https://www.openstreetmap.org/way/1531894162", "josm_url": "http://127.0.0.1:8111/load_object?new_layer=false&objects=w1531894162", "id_url": "https://www.openstreetmap.org/edit?editor=id&way=1531894162#map=20/-25.4117397/-49.2486723"}}, {"type": "Feature", "geometry": {"type": "Point", "coordinates": [-49.2484533, -25.4139391]}, "properties": {"id": 1531894184, "feat_type": "way", "quality_categories": "crossings_lacking_kerbs, missing_tags", "issue_ids": "[2, 5]", "osm_url": "https://www.openstreetmap.org/way/1531894184", "josm_url": "http://127.0.0.1:8111/load_object?new_layer=false&objects=w1531894184", "id_url": "https://www.openstreetmap.org/edit?editor=id&way=1531894184#map=20/-25.4139391/-49.2484533"}}, {"type": "Feature", "geometry": {"type": "Point", "coordinates": [-49.2489714, -25.4134188]}, "properties": {"id": 1531894187, "feat_type": "way", "quality_categories": "crossings_lacking_kerbs, missing_tags", "issue_ids": "[2, 5]", "osm_url": "https://www.openstreetmap.org/way/1531894187", "josm_url": "http://127.0.0.1:8111/load_object?new_layer=false&objects=w1531894187", "id_url": "https://www.openstreetmap.org/edit?editor=id&way=1531894187#map=20/-25.4134188/-49.2489714"}}, {"type": "Feature", "geometry": {"type": "Point", "coordinates": [-49.2472276, -25.4134083]}, "properties": {"id": 1531894188, "feat_type": "way", "quality_categories": "crossings_lacking_kerbs, missing_tags", "issue_ids": "[2, 5]", "osm_url": "https://www.openstreetmap.org/way/1531894188", "josm_url": "http://127.0.0.1:8111/load_object?new_layer=false&objects=w1531894188", "id_url": "https://www.openstreetmap.org/edit?editor=id&way=1531894188#map=20/-25.4134083/-49.2472276"}}, {"type": "Feature", "geometry": {"type": "Point", "coordinates": [-49.2193422, -25.4410804]}, "properties": {"id": 1534963741, "feat_type": "way", "quality_categories": "crossings_lacking_kerbs, missing_tags", "issue_ids": "[2, 5]", "osm_url": "https://www.openstreetmap.org/way/1534963741", "josm_url": "http://127.0.0.1:8111/load_object?new_layer=false&objects=w1534963741", "id_url": "https://www.openstreetmap.org/edit?editor=id&way=1534963741#map=20/-25.4410804/-49.2193422"}}, {"type": "Feature", "geometry": {"type": "Point", "coordinates": [-49.2194282, -25.4410437]}, "properties": {"id": 1534963742, "feat_type": "way", "quality_categories": "crossings_lacking_kerbs, missing_tags", "issue_ids": "[2, 5]", "osm_url": "https://www.openstreetmap.org/way/1534963742", "josm_url": "http://127.0.0.1:8111/load_object?new_layer=false&objects=w1534963742", "id_url": "https://www.openstreetmap.org/edit?editor=id&way=1534963742#map=20/-25.4410437/-49.2194282"}}, {"type": "Feature", "geometry": {"type": "Point", "coordinates": [-49.2206588, -25.4404169]}, "properties": {"id": 1534963743, "feat_type": "way", "quality_categories": "crossings_lacking_kerbs, missing_tags", "issue_ids": "[2, 5]", "osm_url": "https://www.openstreetmap.org/way/1534963743", "josm_url": "http://127.0.0.1:8111/load_object?new_layer=false&objects=w1534963743", "id_url": "https://www.openstreetmap.org/edit?editor=id&way=1534963743#map=20/-25.4404169/-49.2206588"}}, {"type": "Feature", "geometry": {"type": "Point", "coordinates": [-49.2209359, -25.4403667]}, "properties": {"id": 1534963744, "feat_type": "way", "quality_categories": "crossings_lacking_kerbs, missing_tags", "issue_ids": "[2, 5]", "osm_url": "https://www.openstreetmap.org/way/1534963744", "josm_url": "http://127.0.0.1:8111/load_object?new_layer=false&objects=w1534963744", "id_url": "https://www.openstreetmap.org/edit?editor=id&way=1534963744#map=20/-25.4403667/-49.2209359"}}, {"type": "Feature", "geometry": {"type": "Point", "coordinates": [-49.2206117, -25.4403293]}, "properties": {"id": 1534963745, "feat_type": "way", "quality_categories": "crossings_lacking_kerbs, missing_tags", "issue_ids": "[2, 5]", "osm_url": "https://www.openstreetmap.org/way/1534963745", "josm_url": "http://127.0.0.1:8111/load_object?new_layer=false&objects=w1534963745", "id_url": "https://www.openstreetmap.org/edit?editor=id&way=1534963745#map=20/-25.4403293/-49.2206117"}}, {"type": "Feature", "geometry": {"type": "Point", "coordinates": [-49.2207096, -25.4401569]}, "properties": {"id": 1534963746, "feat_type": "way", "quality_categories": "crossings_lacking_kerbs, missing_tags", "issue_ids": "[2, 5]", "osm_url": "https://www.openstreetmap.org/way/1534963746", "josm_url": "http://127.0.0.1:8111/load_object?new_layer=false&objects=w1534963746", "id_url": "https://www.openstreetmap.org/edit?editor=id&way=1534963746#map=20/-25.4401569/-49.2207096"}}, {"type": "Feature", "geometry": {"type": "Point", "coordinates": [-49.2908857, -25.5148787]}, "properties": {"id": 1541204913, "feat_type": "way", "quality_categories": "disjointed_geometries, missing_tags", "issue_ids": "[2, 3]", "osm_url": "https://www.openstreetmap.org/way/1541204913", "josm_url": "http://127.0.0.1:8111/load_object?new_layer=false&objects=w1541204913", "id_url": "https://www.openstreetmap.org/edit?editor=id&way=1541204913#map=20/-25.5148787/-49.2908857"}}, {"type": "Feature", "geometry": {"type": "Point", "coordinates": [-49.3583985, -25.4501742]}, "properties": {"id": 1546920721, "feat_type": "way", "quality_categories": "disjointed_geometries, missing_tags", "issue_ids": "[2, 3]", "osm_url": "https://www.openstreetmap.org/way/1546920721", "josm_url": "http://127.0.0.1:8111/load_object?new_layer=false&objects=w1546920721", "id_url": "https://www.openstreetmap.org/edit?editor=id&way=1546920721#map=20/-25.4501742/-49.3583985"}}, {"type": "Feature", "geometry": {"type": "Point", "coordinates": [-49.3583985, -25.4501742]}, "properties": {"id": 1546920729, "feat_type": "way", "quality_categories": "disjointed_geometries, missing_tags", "issue_ids": "[2, 3]", "osm_url": "https://www.openstreetmap.org/way/1546920729", "josm_url": "http://127.0.0.1:8111/load_object?new_layer=false&objects=w1546920729", "id_url": "https://www.openstreetmap.org/edit?editor=id&way=1546920729#map=20/-25.4501742/-49.3583985"}}, {"type": "Feature", "geometry": {"type": "Point", "coordinates": [-49.3583201, -25.4501761]}, "properties": {"id": 1546920730, "feat_type": "way", "quality_categories": "disjointed_geometries, missing_tags", "issue_ids": "[2, 3]", "osm_url": "https://www.openstreetmap.org/way/1546920730", "josm_url": "http://127.0.0.1:8111/load_object?new_layer=false&objects=w1546920730", "id_url": "https://www.openstreetmap.org/edit?editor=id&way=1546920730#map=20/-25.4501761/-49.3583201"}}, {"type": "Feature", "geometry": {"type": "Point", "coordinates": [-49.3586271, -25.4515706]}, "properties": {"id": 1546920980, "feat_type": "way", "quality_categories": "disjointed_geometries, missing_tags", "issue_ids": "[2, 3]", "osm_url": "https://www.openstreetmap.org/way/1546920980", "josm_url": "http://127.0.0.1:8111/load_object?new_layer=false&objects=w1546920980", "id_url": "https://www.openstreetmap.org/edit?editor=id&way=1546920980#map=20/-25.4515706/-49.3586271"}}, {"type": "Feature", "geometry": {"type": "Point", "coordinates": [-49.311107, -25.5654901]}, "properties": {"id": 1550734703, "feat_type": "way", "quality_categories": "disjointed_geometries, missing_tags", "issue_ids": "[2, 3]", "osm_url": "https://www.openstreetmap.org/way/1550734703", "josm_url": "http://127.0.0.1:8111/load_object?new_layer=false&objects=w1550734703", "id_url": "https://www.openstreetmap.org/edit?editor=id&way=1550734703#map=20/-25.5654901/-49.311107"}}, {"type": "Feature", "geometry": {"type": "Point", "coordinates": [-49.2436348, -25.4450997]}, "properties": {"id": 1553330252, "feat_type": "way", "quality_categories": "crossings_lacking_kerbs, missing_tags", "issue_ids": "[2, 5]", "osm_url": "https://www.openstreetmap.org/way/1553330252", "josm_url": "http://127.0.0.1:8111/load_object?new_layer=false&objects=w1553330252", "id_url": "https://www.openstreetmap.org/edit?editor=id&way=1553330252#map=20/-25.4450997/-49.2436348"}}]}