{"type": "FeatureCollection", "features": [{"type": "Feature", "geometry": {"type": "Point", "coordinates": [9.1739571, 45.5222321]}, "properties": {"id": 196522594, "feat_type": "way", "quality_categories": "replaceable_values", "issue_ids": "[0]", "osm_url": "https://www.openstreetmap.org/way/196522594", "josm_url": "http://127.0.0.1:8111/load_object?new_layer=false&objects=w196522594", "id_url": "https://www.openstreetmap.org/edit?editor=id&way=196522594#map=20/45.5222321/9.1739571"}}, {"type": "Feature", "geometry": {"type": "Point", "coordinates": [9.1958651, 45.5221722]}, "properties": {"id": 268959035, "feat_type": "way", "quality_categories": "crossings_lacking_kerbs, missing_tags, replaceable_values", "issue_ids": "[0, 1, 2]", "osm_url": "https://www.openstreetmap.org/way/268959035", "josm_url": "http://127.0.0.1:8111/load_object?new_layer=false&objects=w268959035", "id_url": "https://www.openstreetmap.org/edit?editor=id&way=268959035#map=20/45.5221722/9.1958651"}}, {"type": "Feature", "geometry": {"type": "Point", "coordinates": [9.1736865, 45.5223909]}, "properties": {"id": 269859677, "feat_type": "way", "quality_categories": "replaceable_values", "issue_ids": "[0]", "osm_url": "https://www.openstreetmap.org/way/269859677", "josm_url": "http://127.0.0.1:8111/load_object?new_layer=false&objects=w269859677", "id_url": "https://www.openstreetmap.org/edit?editor=id&way=269859677#map=20/45.5223909/9.1736865"}}, {"type": "Feature", "geometry": {"type": "Point", "coordinates": [9.1872444, 45.4856546]}, "properties": {"id": 307442148, "feat_type": "way", "quality_categories": "crossings_lacking_kerbs, missing_tags, replaceable_values", "issue_ids": "[0, 1, 2]", "osm_url": "https://www.openstreetmap.org/way/307442148", "josm_url": "http://127.0.0.1:8111/load_object?new_layer=false&objects=w307442148", "id_url": "https://www.openstreetmap.org/edit?editor=id&way=307442148#map=20/45.4856546/9.1872444"}}, {"type": "Feature", "geometry": {"type": "Point", "coordinates": [9.2276507, 45.4643452]}, "properties": {"id": 366488258, "feat_type": "way", "quality_categories": "replaceable_values", "issue_ids": "[3]", "osm_url": "https://www.openstreetmap.org/way/366488258", "josm_url": "http://127.0.0.1:8111/load_object?new_layer=false&objects=w366488258", "id_url": "https://www.openstreetmap.org/edit?editor=id&way=366488258#map=20/45.4643452/9.2276507"}}, {"type": "Feature", "geometry": {"type": "Point", "coordinates": [9.2045107, 45.4770183]}, "properties": {"id": 386984690, "feat_type": "way", "quality_categories": "replaceable_values", "issue_ids": "[0]", "osm_url": "https://www.openstreetmap.org/way/386984690", "josm_url": "http://127.0.0.1:8111/load_object?new_layer=false&objects=w386984690", "id_url": "https://www.openstreetmap.org/edit?editor=id&way=386984690#map=20/45.4770183/9.2045107"}}, {"type": "Feature", "geometry": {"type": "Point", "coordinates": [9.2103794, 45.5097613]}, "properties": {"id": 412912909, "feat_type": "way", "quality_categories": "crossings_lacking_kerbs, replaceable_values", "issue_ids": "[0, 2]", "osm_url": "https://www.openstreetmap.org/way/412912909", "josm_url": "http://127.0.0.1:8111/load_object?new_layer=false&objects=w412912909", "id_url": "https://www.openstreetmap.org/edit?editor=id&way=412912909#map=20/45.5097613/9.2103794"}}, {"type": "Feature", "geometry": {"type": "Point", "coordinates": [9.1487542, 45.5011535]}, "properties": {"id": 629116482, "feat_type": "way", "quality_categories": "replaceable_values", "issue_ids": "[3]", "osm_url": "https://www.openstreetmap.org/way/629116482", "josm_url": "http://127.0.0.1:8111/load_object?new_layer=false&objects=w629116482", "id_url": "https://www.openstreetmap.org/edit?editor=id&way=629116482#map=20/45.5011535/9.1487542"}}, {"type": "Feature", "geometry": {"type": "Point", "coordinates": [9.149214, 45.5009997]}, "properties": {"id": 629116484, "feat_type": "way", "quality_categories": "replaceable_values", "issue_ids": "[3]", "osm_url": "https://www.openstreetmap.org/way/629116484", "josm_url": "http://127.0.0.1:8111/load_object?new_layer=false&objects=w629116484", "id_url": "https://www.openstreetmap.org/edit?editor=id&way=629116484#map=20/45.5009997/9.149214"}}, {"type": "Feature", "geometry": {"type": "Point", "coordinates": [9.1494003, 45.4990967]}, "properties": {"id": 629122184, "feat_type": "way", "quality_categories": "replaceable_values", "issue_ids": "[3]", "osm_url": "https://www.openstreetmap.org/way/629122184", "josm_url": "http://127.0.0.1:8111/load_object?new_layer=false&objects=w629122184", "id_url": "https://www.openstreetmap.org/edit?editor=id&way=629122184#map=20/45.4990967/9.1494003"}}, {"type": "Feature", "geometry": {"type": "Point", "coordinates": [9.2107153, 45.4681164]}, "properties": {"id": 726184667, "feat_type": "way", "quality_categories": "replaceable_values", "issue_ids": "[0]", "osm_url": "https://www.openstreetmap.org/way/726184667", "josm_url": "http://127.0.0.1:8111/load_object?new_layer=false&objects=w726184667", "id_url": "https://www.openstreetmap.org/edit?editor=id&way=726184667#map=20/45.4681164/9.2107153"}}, {"type": "Feature", "geometry": {"type": "Point", "coordinates": [9.2046308, 45.4711354]}, "properties": {"id": 750119855, "feat_type": "way", "quality_categories": "missing_tags, replaceable_values", "issue_ids": "[3, 1]", "osm_url": "https://www.openstreetmap.org/way/750119855", "josm_url": "http://127.0.0.1:8111/load_object?new_layer=false&objects=w750119855", "id_url": "https://www.openstreetmap.org/edit?editor=id&way=750119855#map=20/45.4711354/9.2046308"}}, {"type": "Feature", "geometry": {"type": "Point", "coordinates": [9.2042483, 45.4710998]}, "properties": {"id": 750119856, "feat_type": "way", "quality_categories": "missing_tags, replaceable_values", "issue_ids": "[3, 1]", "osm_url": "https://www.openstreetmap.org/way/750119856", "josm_url": "http://127.0.0.1:8111/load_object?new_layer=false&objects=w750119856", "id_url": "https://www.openstreetmap.org/edit?editor=id&way=750119856#map=20/45.4710998/9.2042483"}}, {"type": "Feature", "geometry": {"type": "Point", "coordinates": [9.1495492, 45.5003708]}, "properties": {"id": 778294206, "feat_type": "way", "quality_categories": "replaceable_values", "issue_ids": "[3]", "osm_url": "https://www.openstreetmap.org/way/778294206", "josm_url": "http://127.0.0.1:8111/load_object?new_layer=false&objects=w778294206", "id_url": "https://www.openstreetmap.org/edit?editor=id&way=778294206#map=20/45.5003708/9.1495492"}}, {"type": "Feature", "geometry": {"type": "Point", "coordinates": [9.149574, 45.5004901]}, "properties": {"id": 778294207, "feat_type": "way", "quality_categories": "replaceable_values", "issue_ids": "[3]", "osm_url": "https://www.openstreetmap.org/way/778294207", "josm_url": "http://127.0.0.1:8111/load_object?new_layer=false&objects=w778294207", "id_url": "https://www.openstreetmap.org/edit?editor=id&way=778294207#map=20/45.5004901/9.149574"}}, {"type": "Feature", "geometry": {"type": "Point", "coordinates": [9.148498, 45.5014778]}, "properties": {"id": 778294208, "feat_type": "way", "quality_categories": "replaceable_values", "issue_ids": "[3]", "osm_url": "https://www.openstreetmap.org/way/778294208", "josm_url": "http://127.0.0.1:8111/load_object?new_layer=false&objects=w778294208", "id_url": "https://www.openstreetmap.org/edit?editor=id&way=778294208#map=20/45.5014778/9.148498"}}, {"type": "Feature", "geometry": {"type": "Point", "coordinates": [9.151608, 45.5005536]}, "properties": {"id": 778294210, "feat_type": "way", "quality_categories": "replaceable_values", "issue_ids": "[3]", "osm_url": "https://www.openstreetmap.org/way/778294210", "josm_url": "http://127.0.0.1:8111/load_object?new_layer=false&objects=w778294210", "id_url": "https://www.openstreetmap.org/edit?editor=id&way=778294210#map=20/45.5005536/9.151608"}}, {"type": "Feature", "geometry": {"type": "Point", "coordinates": [9.1517118, 45.5005418]}, "properties": {"id": 778294211, "feat_type": "way", "quality_categories": "replaceable_values", "issue_ids": "[3]", "osm_url": "https://www.openstreetmap.org/way/778294211", "josm_url": "http://127.0.0.1:8111/load_object?new_layer=false&objects=w778294211", "id_url": "https://www.openstreetmap.org/edit?editor=id&way=778294211#map=20/45.5005418/9.1517118"}}, {"type": "Feature", "geometry": {"type": "Point", "coordinates": [9.171629, 45.5208317]}, "properties": {"id": 835902493, "feat_type": "way", "quality_categories": "replaceable_values", "issue_ids": "[0]", "osm_url": "https://www.openstreetmap.org/way/835902493", "josm_url": "http://127.0.0.1:8111/load_object?new_layer=false&objects=w835902493", "id_url": "https://www.openstreetmap.org/edit?editor=id&way=835902493#map=20/45.5208317/9.171629"}}, {"type": "Feature", "geometry": {"type": "Point", "coordinates": [9.1698344, 45.519972]}, "properties": {"id": 835902508, "feat_type": "way", "quality_categories": "replaceable_values", "issue_ids": "[0]", "osm_url": "https://www.openstreetmap.org/way/835902508", "josm_url": "http://127.0.0.1:8111/load_object?new_layer=false&objects=w835902508", "id_url": "https://www.openstreetmap.org/edit?editor=id&way=835902508#map=20/45.519972/9.1698344"}}, {"type": "Feature", "geometry": {"type": "Point", "coordinates": [9.1701701, 45.5196939]}, "properties": {"id": 835902514, "feat_type": "way", "quality_categories": "replaceable_values", "issue_ids": "[0]", "osm_url": "https://www.openstreetmap.org/way/835902514", "josm_url": "http://127.0.0.1:8111/load_object?new_layer=false&objects=w835902514", "id_url": "https://www.openstreetmap.org/edit?editor=id&way=835902514#map=20/45.5196939/9.1701701"}}, {"type": "Feature", "geometry": {"type": "Point", "coordinates": [9.1700162, 45.5200035]}, "properties": {"id": 835902517, "feat_type": "way", "quality_categories": "replaceable_values", "issue_ids": "[0]", "osm_url": "https://www.openstreetmap.org/way/835902517", "josm_url": "http://127.0.0.1:8111/load_object?new_layer=false&objects=w835902517", "id_url": "https://www.openstreetmap.org/edit?editor=id&way=835902517#map=20/45.5200035/9.1700162"}}, {"type": "Feature", "geometry": {"type": "Point", "coordinates": [9.1715712, 45.5208464]}, "properties": {"id": 835902541, "feat_type": "way", "quality_categories": "replaceable_values", "issue_ids": "[0]", "osm_url": "https://www.openstreetmap.org/way/835902541", "josm_url": "http://127.0.0.1:8111/load_object?new_layer=false&objects=w835902541", "id_url": "https://www.openstreetmap.org/edit?editor=id&way=835902541#map=20/45.5208464/9.1715712"}}, {"type": "Feature", "geometry": {"type": "Point", "coordinates": [9.1720069, 45.5210617]}, "properties": {"id": 835902548, "feat_type": "way", "quality_categories": "replaceable_values", "issue_ids": "[0]", "osm_url": "https://www.openstreetmap.org/way/835902548", "josm_url": "http://127.0.0.1:8111/load_object?new_layer=false&objects=w835902548", "id_url": "https://www.openstreetmap.org/edit?editor=id&way=835902548#map=20/45.5210617/9.1720069"}}, {"type": "Feature", "geometry": {"type": "Point", "coordinates": [9.1718091, 45.5209536]}, "properties": {"id": 835902550, "feat_type": "way", "quality_categories": "replaceable_values", "issue_ids": "[0]", "osm_url": "https://www.openstreetmap.org/way/835902550", "josm_url": "http://127.0.0.1:8111/load_object?new_layer=false&objects=w835902550", "id_url": "https://www.openstreetmap.org/edit?editor=id&way=835902550#map=20/45.5209536/9.1718091"}}, {"type": "Feature", "geometry": {"type": "Point", "coordinates": [9.1723959, 45.5212997]}, "properties": {"id": 835902553, "feat_type": "way", "quality_categories": "improper_keys, replaceable_values", "issue_ids": "[4, 0]", "osm_url": "https://www.openstreetmap.org/way/835902553", "josm_url": "http://127.0.0.1:8111/load_object?new_layer=false&objects=w835902553", "id_url": "https://www.openstreetmap.org/edit?editor=id&way=835902553#map=20/45.5212997/9.1723959"}}, {"type": "Feature", "geometry": {"type": "Point", "coordinates": [9.1722312, 45.5213119]}, "properties": {"id": 835902554, "feat_type": "way", "quality_categories": "replaceable_values", "issue_ids": "[0]", "osm_url": "https://www.openstreetmap.org/way/835902554", "josm_url": "http://127.0.0.1:8111/load_object?new_layer=false&objects=w835902554", "id_url": "https://www.openstreetmap.org/edit?editor=id&way=835902554#map=20/45.5213119/9.1722312"}}, {"type": "Feature", "geometry": {"type": "Point", "coordinates": [9.1733788, 45.5218739]}, "properties": {"id": 835902562, "feat_type": "way", "quality_categories": "replaceable_values", "issue_ids": "[0]", "osm_url": "https://www.openstreetmap.org/way/835902562", "josm_url": "http://127.0.0.1:8111/load_object?new_layer=false&objects=w835902562", "id_url": "https://www.openstreetmap.org/edit?editor=id&way=835902562#map=20/45.5218739/9.1733788"}}, {"type": "Feature", "geometry": {"type": "Point", "coordinates": [9.1916306, 45.5073004]}, "properties": {"id": 858213762, "feat_type": "way", "quality_categories": "replaceable_values", "issue_ids": "[0]", "osm_url": "https://www.openstreetmap.org/way/858213762", "josm_url": "http://127.0.0.1:8111/load_object?new_layer=false&objects=w858213762", "id_url": "https://www.openstreetmap.org/edit?editor=id&way=858213762#map=20/45.5073004/9.1916306"}}, {"type": "Feature", "geometry": {"type": "Point", "coordinates": [9.1915746, 45.5074055]}, "properties": {"id": 858213763, "feat_type": "way", "quality_categories": "replaceable_values", "issue_ids": "[0]", "osm_url": "https://www.openstreetmap.org/way/858213763", "josm_url": "http://127.0.0.1:8111/load_object?new_layer=false&objects=w858213763", "id_url": "https://www.openstreetmap.org/edit?editor=id&way=858213763#map=20/45.5074055/9.1915746"}}, {"type": "Feature", "geometry": {"type": "Point", "coordinates": [9.1914348, 45.5073476]}, "properties": {"id": 858213764, "feat_type": "way", "quality_categories": "replaceable_values", "issue_ids": "[0]", "osm_url": "https://www.openstreetmap.org/way/858213764", "josm_url": "http://127.0.0.1:8111/load_object?new_layer=false&objects=w858213764", "id_url": "https://www.openstreetmap.org/edit?editor=id&way=858213764#map=20/45.5073476/9.1914348"}}, {"type": "Feature", "geometry": {"type": "Point", "coordinates": [9.2169181, 45.4951002]}, "properties": {"id": 860579015, "feat_type": "way", "quality_categories": "replaceable_values", "issue_ids": "[0]", "osm_url": "https://www.openstreetmap.org/way/860579015", "josm_url": "http://127.0.0.1:8111/load_object?new_layer=false&objects=w860579015", "id_url": "https://www.openstreetmap.org/edit?editor=id&way=860579015#map=20/45.4951002/9.2169181"}}, {"type": "Feature", "geometry": {"type": "Point", "coordinates": [9.2099413, 45.5133418]}, "properties": {"id": 884817797, "feat_type": "way", "quality_categories": "replaceable_values", "issue_ids": "[3]", "osm_url": "https://www.openstreetmap.org/way/884817797", "josm_url": "http://127.0.0.1:8111/load_object?new_layer=false&objects=w884817797", "id_url": "https://www.openstreetmap.org/edit?editor=id&way=884817797#map=20/45.5133418/9.2099413"}}, {"type": "Feature", "geometry": {"type": "Point", "coordinates": [9.1971358, 45.5019594]}, "properties": {"id": 895619033, "feat_type": "way", "quality_categories": "replaceable_values", "issue_ids": "[3]", "osm_url": "https://www.openstreetmap.org/way/895619033", "josm_url": "http://127.0.0.1:8111/load_object?new_layer=false&objects=w895619033", "id_url": "https://www.openstreetmap.org/edit?editor=id&way=895619033#map=20/45.5019594/9.1971358"}}, {"type": "Feature", "geometry": {"type": "Point", "coordinates": [9.2122107, 45.5171115]}, "properties": {"id": 898505172, "feat_type": "way", "quality_categories": "replaceable_values", "issue_ids": "[3]", "osm_url": "https://www.openstreetmap.org/way/898505172", "josm_url": "http://127.0.0.1:8111/load_object?new_layer=false&objects=w898505172", "id_url": "https://www.openstreetmap.org/edit?editor=id&way=898505172#map=20/45.5171115/9.2122107"}}, {"type": "Feature", "geometry": {"type": "Point", "coordinates": [9.2117695, 45.5163372]}, "properties": {"id": 898505178, "feat_type": "way", "quality_categories": "replaceable_values", "issue_ids": "[3]", "osm_url": "https://www.openstreetmap.org/way/898505178", "josm_url": "http://127.0.0.1:8111/load_object?new_layer=false&objects=w898505178", "id_url": "https://www.openstreetmap.org/edit?editor=id&way=898505178#map=20/45.5163372/9.2117695"}}, {"type": "Feature", "geometry": {"type": "Point", "coordinates": [9.151423, 45.5209449]}, "properties": {"id": 924322857, "feat_type": "way", "quality_categories": "replaceable_values", "issue_ids": "[0]", "osm_url": "https://www.openstreetmap.org/way/924322857", "josm_url": "http://127.0.0.1:8111/load_object?new_layer=false&objects=w924322857", "id_url": "https://www.openstreetmap.org/edit?editor=id&way=924322857#map=20/45.5209449/9.151423"}}, {"type": "Feature", "geometry": {"type": "Point", "coordinates": [9.1853927, 45.4911523]}, "properties": {"id": 929540285, "feat_type": "way", "quality_categories": "replaceable_values", "issue_ids": "[3]", "osm_url": "https://www.openstreetmap.org/way/929540285", "josm_url": "http://127.0.0.1:8111/load_object?new_layer=false&objects=w929540285", "id_url": "https://www.openstreetmap.org/edit?editor=id&way=929540285#map=20/45.4911523/9.1853927"}}, {"type": "Feature", "geometry": {"type": "Point", "coordinates": [9.2046892, 45.4845155]}, "properties": {"id": 936646978, "feat_type": "way", "quality_categories": "replaceable_values", "issue_ids": "[3]", "osm_url": "https://www.openstreetmap.org/way/936646978", "josm_url": "http://127.0.0.1:8111/load_object?new_layer=false&objects=w936646978", "id_url": "https://www.openstreetmap.org/edit?editor=id&way=936646978#map=20/45.4845155/9.2046892"}}, {"type": "Feature", "geometry": {"type": "Point", "coordinates": [9.2295103, 45.4562024]}, "properties": {"id": 941724844, "feat_type": "way", "quality_categories": "replaceable_values", "issue_ids": "[0]", "osm_url": "https://www.openstreetmap.org/way/941724844", "josm_url": "http://127.0.0.1:8111/load_object?new_layer=false&objects=w941724844", "id_url": "https://www.openstreetmap.org/edit?editor=id&way=941724844#map=20/45.4562024/9.2295103"}}, {"type": "Feature", "geometry": {"type": "Point", "coordinates": [9.247857, 45.5164515]}, "properties": {"id": 944584637, "feat_type": "way", "quality_categories": "replaceable_values", "issue_ids": "[0]", "osm_url": "https://www.openstreetmap.org/way/944584637", "josm_url": "http://127.0.0.1:8111/load_object?new_layer=false&objects=w944584637", "id_url": "https://www.openstreetmap.org/edit?editor=id&way=944584637#map=20/45.5164515/9.247857"}}, {"type": "Feature", "geometry": {"type": "Point", "coordinates": [9.2042971, 45.4771159]}, "properties": {"id": 964933350, "feat_type": "way", "quality_categories": "replaceable_values", "issue_ids": "[0]", "osm_url": "https://www.openstreetmap.org/way/964933350", "josm_url": "http://127.0.0.1:8111/load_object?new_layer=false&objects=w964933350", "id_url": "https://www.openstreetmap.org/edit?editor=id&way=964933350#map=20/45.4771159/9.2042971"}}, {"type": "Feature", "geometry": {"type": "Point", "coordinates": [9.1489549, 45.4821888]}, "properties": {"id": 1011824249, "feat_type": "way", "quality_categories": "replaceable_values", "issue_ids": "[3]", "osm_url": "https://www.openstreetmap.org/way/1011824249", "josm_url": "http://127.0.0.1:8111/load_object?new_layer=false&objects=w1011824249", "id_url": "https://www.openstreetmap.org/edit?editor=id&way=1011824249#map=20/45.4821888/9.1489549"}}, {"type": "Feature", "geometry": {"type": "Point", "coordinates": [9.1461754, 45.4842815]}, "properties": {"id": 1011824250, "feat_type": "way", "quality_categories": "replaceable_values", "issue_ids": "[3]", "osm_url": "https://www.openstreetmap.org/way/1011824250", "josm_url": "http://127.0.0.1:8111/load_object?new_layer=false&objects=w1011824250", "id_url": "https://www.openstreetmap.org/edit?editor=id&way=1011824250#map=20/45.4842815/9.1461754"}}, {"type": "Feature", "geometry": {"type": "Point", "coordinates": [9.173356, 45.423005]}, "properties": {"id": 1014363976, "feat_type": "way", "quality_categories": "crossings_lacking_kerbs, replaceable_values", "issue_ids": "[0, 2]", "osm_url": "https://www.openstreetmap.org/way/1014363976", "josm_url": "http://127.0.0.1:8111/load_object?new_layer=false&objects=w1014363976", "id_url": "https://www.openstreetmap.org/edit?editor=id&way=1014363976#map=20/45.423005/9.173356"}}, {"type": "Feature", "geometry": {"type": "Point", "coordinates": [9.2369777, 45.462213]}, "properties": {"id": 1030134035, "feat_type": "way", "quality_categories": "replaceable_values", "issue_ids": "[3]", "osm_url": "https://www.openstreetmap.org/way/1030134035", "josm_url": "http://127.0.0.1:8111/load_object?new_layer=false&objects=w1030134035", "id_url": "https://www.openstreetmap.org/edit?editor=id&way=1030134035#map=20/45.462213/9.2369777"}}, {"type": "Feature", "geometry": {"type": "Point", "coordinates": [9.1544253, 45.466114]}, "properties": {"id": 1031955244, "feat_type": "way", "quality_categories": "replaceable_values", "issue_ids": "[0]", "osm_url": "https://www.openstreetmap.org/way/1031955244", "josm_url": "http://127.0.0.1:8111/load_object?new_layer=false&objects=w1031955244", "id_url": "https://www.openstreetmap.org/edit?editor=id&way=1031955244#map=20/45.466114/9.1544253"}}, {"type": "Feature", "geometry": {"type": "Point", "coordinates": [9.2275434, 45.4641847]}, "properties": {"id": 1038289878, "feat_type": "way", "quality_categories": "replaceable_values", "issue_ids": "[3]", "osm_url": "https://www.openstreetmap.org/way/1038289878", "josm_url": "http://127.0.0.1:8111/load_object?new_layer=false&objects=w1038289878", "id_url": "https://www.openstreetmap.org/edit?editor=id&way=1038289878#map=20/45.4641847/9.2275434"}}, {"type": "Feature", "geometry": {"type": "Point", "coordinates": [9.2369714, 45.4629792]}, "properties": {"id": 1038341639, "feat_type": "way", "quality_categories": "missing_tags, replaceable_values", "issue_ids": "[3, 1]", "osm_url": "https://www.openstreetmap.org/way/1038341639", "josm_url": "http://127.0.0.1:8111/load_object?new_layer=false&objects=w1038341639", "id_url": "https://www.openstreetmap.org/edit?editor=id&way=1038341639#map=20/45.4629792/9.2369714"}}, {"type": "Feature", "geometry": {"type": "Point", "coordinates": [9.1495816, 45.4463305]}, "properties": {"id": 1042573293, "feat_type": "way", "quality_categories": "replaceable_values", "issue_ids": "[3]", "osm_url": "https://www.openstreetmap.org/way/1042573293", "josm_url": "http://127.0.0.1:8111/load_object?new_layer=false&objects=w1042573293", "id_url": "https://www.openstreetmap.org/edit?editor=id&way=1042573293#map=20/45.4463305/9.1495816"}}, {"type": "Feature", "geometry": {"type": "Point", "coordinates": [9.2226125, 45.4586797]}, "properties": {"id": 1044735761, "feat_type": "way", "quality_categories": "replaceable_values", "issue_ids": "[0]", "osm_url": "https://www.openstreetmap.org/way/1044735761", "josm_url": "http://127.0.0.1:8111/load_object?new_layer=false&objects=w1044735761", "id_url": "https://www.openstreetmap.org/edit?editor=id&way=1044735761#map=20/45.4586797/9.2226125"}}, {"type": "Feature", "geometry": {"type": "Point", "coordinates": [9.2085476, 45.4540556]}, "properties": {"id": 1044787190, "feat_type": "way", "quality_categories": "replaceable_values", "issue_ids": "[0]", "osm_url": "https://www.openstreetmap.org/way/1044787190", "josm_url": "http://127.0.0.1:8111/load_object?new_layer=false&objects=w1044787190", "id_url": "https://www.openstreetmap.org/edit?editor=id&way=1044787190#map=20/45.4540556/9.2085476"}}, {"type": "Feature", "geometry": {"type": "Point", "coordinates": [9.2043996, 45.4770318]}, "properties": {"id": 1046475704, "feat_type": "way", "quality_categories": "replaceable_values", "issue_ids": "[0]", "osm_url": "https://www.openstreetmap.org/way/1046475704", "josm_url": "http://127.0.0.1:8111/load_object?new_layer=false&objects=w1046475704", "id_url": "https://www.openstreetmap.org/edit?editor=id&way=1046475704#map=20/45.4770318/9.2043996"}}, {"type": "Feature", "geometry": {"type": "Point", "coordinates": [9.189119, 45.4808484]}, "properties": {"id": 1064354945, "feat_type": "way", "quality_categories": "replaceable_values", "issue_ids": "[0]", "osm_url": "https://www.openstreetmap.org/way/1064354945", "josm_url": "http://127.0.0.1:8111/load_object?new_layer=false&objects=w1064354945", "id_url": "https://www.openstreetmap.org/edit?editor=id&way=1064354945#map=20/45.4808484/9.189119"}}, {"type": "Feature", "geometry": {"type": "Point", "coordinates": [9.2104667, 45.4679009]}, "properties": {"id": 1076296964, "feat_type": "way", "quality_categories": "replaceable_values", "issue_ids": "[0]", "osm_url": "https://www.openstreetmap.org/way/1076296964", "josm_url": "http://127.0.0.1:8111/load_object?new_layer=false&objects=w1076296964", "id_url": "https://www.openstreetmap.org/edit?editor=id&way=1076296964#map=20/45.4679009/9.2104667"}}, {"type": "Feature", "geometry": {"type": "Point", "coordinates": [9.140667, 45.4411394]}, "properties": {"id": 1086818654, "feat_type": "way", "quality_categories": "replaceable_values", "issue_ids": "[0]", "osm_url": "https://www.openstreetmap.org/way/1086818654", "josm_url": "http://127.0.0.1:8111/load_object?new_layer=false&objects=w1086818654", "id_url": "https://www.openstreetmap.org/edit?editor=id&way=1086818654#map=20/45.4411394/9.140667"}}, {"type": "Feature", "geometry": {"type": "Point", "coordinates": [9.1109972, 45.4965214]}, "properties": {"id": 1098840221, "feat_type": "way", "quality_categories": "missing_tags, replaceable_values", "issue_ids": "[0, 1]", "osm_url": "https://www.openstreetmap.org/way/1098840221", "josm_url": "http://127.0.0.1:8111/load_object?new_layer=false&objects=w1098840221", "id_url": "https://www.openstreetmap.org/edit?editor=id&way=1098840221#map=20/45.4965214/9.1109972"}}, {"type": "Feature", "geometry": {"type": "Point", "coordinates": [9.1702338, 45.5199195]}, "properties": {"id": 1101480180, "feat_type": "way", "quality_categories": "replaceable_values", "issue_ids": "[0]", "osm_url": "https://www.openstreetmap.org/way/1101480180", "josm_url": "http://127.0.0.1:8111/load_object?new_layer=false&objects=w1101480180", "id_url": "https://www.openstreetmap.org/edit?editor=id&way=1101480180#map=20/45.5199195/9.1702338"}}, {"type": "Feature", "geometry": {"type": "Point", "coordinates": [9.1699914, 45.5196267]}, "properties": {"id": 1101481133, "feat_type": "way", "quality_categories": "replaceable_values", "issue_ids": "[0]", "osm_url": "https://www.openstreetmap.org/way/1101481133", "josm_url": "http://127.0.0.1:8111/load_object?new_layer=false&objects=w1101481133", "id_url": "https://www.openstreetmap.org/edit?editor=id&way=1101481133#map=20/45.5196267/9.1699914"}}, {"type": "Feature", "geometry": {"type": "Point", "coordinates": [9.1421445, 45.5150497]}, "properties": {"id": 1102822906, "feat_type": "way", "quality_categories": "replaceable_values", "issue_ids": "[0]", "osm_url": "https://www.openstreetmap.org/way/1102822906", "josm_url": "http://127.0.0.1:8111/load_object?new_layer=false&objects=w1102822906", "id_url": "https://www.openstreetmap.org/edit?editor=id&way=1102822906#map=20/45.5150497/9.1421445"}}, {"type": "Feature", "geometry": {"type": "Point", "coordinates": [9.136904, 45.5128838]}, "properties": {"id": 1102862564, "feat_type": "way", "quality_categories": "crossings_lacking_kerbs, replaceable_values", "issue_ids": "[0, 2]", "osm_url": "https://www.openstreetmap.org/way/1102862564", "josm_url": "http://127.0.0.1:8111/load_object?new_layer=false&objects=w1102862564", "id_url": "https://www.openstreetmap.org/edit?editor=id&way=1102862564#map=20/45.5128838/9.136904"}}, {"type": "Feature", "geometry": {"type": "Point", "coordinates": [9.1401244, 45.5129052]}, "properties": {"id": 1102862589, "feat_type": "way", "quality_categories": "crossings_lacking_kerbs, replaceable_values", "issue_ids": "[0, 2]", "osm_url": "https://www.openstreetmap.org/way/1102862589", "josm_url": "http://127.0.0.1:8111/load_object?new_layer=false&objects=w1102862589", "id_url": "https://www.openstreetmap.org/edit?editor=id&way=1102862589#map=20/45.5129052/9.1401244"}}, {"type": "Feature", "geometry": {"type": "Point", "coordinates": [9.1714306, 45.5206985]}, "properties": {"id": 1103124128, "feat_type": "way", "quality_categories": "replaceable_values", "issue_ids": "[0]", "osm_url": "https://www.openstreetmap.org/way/1103124128", "josm_url": "http://127.0.0.1:8111/load_object?new_layer=false&objects=w1103124128", "id_url": "https://www.openstreetmap.org/edit?editor=id&way=1103124128#map=20/45.5206985/9.1714306"}}, {"type": "Feature", "geometry": {"type": "Point", "coordinates": [9.1723047, 45.5215229]}, "properties": {"id": 1103128474, "feat_type": "way", "quality_categories": "replaceable_values", "issue_ids": "[0]", "osm_url": "https://www.openstreetmap.org/way/1103128474", "josm_url": "http://127.0.0.1:8111/load_object?new_layer=false&objects=w1103128474", "id_url": "https://www.openstreetmap.org/edit?editor=id&way=1103128474#map=20/45.5215229/9.1723047"}}, {"type": "Feature", "geometry": {"type": "Point", "coordinates": [9.1721951, 45.5214724]}, "properties": {"id": 1103128476, "feat_type": "way", "quality_categories": "improper_keys, replaceable_values", "issue_ids": "[4, 0]", "osm_url": "https://www.openstreetmap.org/way/1103128476", "josm_url": "http://127.0.0.1:8111/load_object?new_layer=false&objects=w1103128476", "id_url": "https://www.openstreetmap.org/edit?editor=id&way=1103128476#map=20/45.5214724/9.1721951"}}, {"type": "Feature", "geometry": {"type": "Point", "coordinates": [9.1731641, 45.5220476]}, "properties": {"id": 1103135681, "feat_type": "way", "quality_categories": "replaceable_values", "issue_ids": "[0]", "osm_url": "https://www.openstreetmap.org/way/1103135681", "josm_url": "http://127.0.0.1:8111/load_object?new_layer=false&objects=w1103135681", "id_url": "https://www.openstreetmap.org/edit?editor=id&way=1103135681#map=20/45.5220476/9.1731641"}}, {"type": "Feature", "geometry": {"type": "Point", "coordinates": [9.2415239, 45.5109255]}, "properties": {"id": 1122298241, "feat_type": "way", "quality_categories": "replaceable_values", "issue_ids": "[0]", "osm_url": "https://www.openstreetmap.org/way/1122298241", "josm_url": "http://127.0.0.1:8111/load_object?new_layer=false&objects=w1122298241", "id_url": "https://www.openstreetmap.org/edit?editor=id&way=1122298241#map=20/45.5109255/9.2415239"}}, {"type": "Feature", "geometry": {"type": "Point", "coordinates": [9.2123504, 45.5171374]}, "properties": {"id": 1135386684, "feat_type": "way", "quality_categories": "replaceable_values", "issue_ids": "[3]", "osm_url": "https://www.openstreetmap.org/way/1135386684", "josm_url": "http://127.0.0.1:8111/load_object?new_layer=false&objects=w1135386684", "id_url": "https://www.openstreetmap.org/edit?editor=id&way=1135386684#map=20/45.5171374/9.2123504"}}, {"type": "Feature", "geometry": {"type": "Point", "coordinates": [9.1533636, 45.5024155]}, "properties": {"id": 1136415266, "feat_type": "way", "quality_categories": "replaceable_values", "issue_ids": "[3]", "osm_url": "https://www.openstreetmap.org/way/1136415266", "josm_url": "http://127.0.0.1:8111/load_object?new_layer=false&objects=w1136415266", "id_url": "https://www.openstreetmap.org/edit?editor=id&way=1136415266#map=20/45.5024155/9.1533636"}}, {"type": "Feature", "geometry": {"type": "Point", "coordinates": [9.1534766, 45.5023862]}, "properties": {"id": 1136415267, "feat_type": "way", "quality_categories": "replaceable_values", "issue_ids": "[3]", "osm_url": "https://www.openstreetmap.org/way/1136415267", "josm_url": "http://127.0.0.1:8111/load_object?new_layer=false&objects=w1136415267", "id_url": "https://www.openstreetmap.org/edit?editor=id&way=1136415267#map=20/45.5023862/9.1534766"}}, {"type": "Feature", "geometry": {"type": "Point", "coordinates": [9.1712805, 45.5206012]}, "properties": {"id": 1136458438, "feat_type": "way", "quality_categories": "replaceable_values", "issue_ids": "[0]", "osm_url": "https://www.openstreetmap.org/way/1136458438", "josm_url": "http://127.0.0.1:8111/load_object?new_layer=false&objects=w1136458438", "id_url": "https://www.openstreetmap.org/edit?editor=id&way=1136458438#map=20/45.5206012/9.1712805"}}, {"type": "Feature", "geometry": {"type": "Point", "coordinates": [9.1709654, 45.5203963]}, "properties": {"id": 1136458440, "feat_type": "way", "quality_categories": "replaceable_values", "issue_ids": "[0]", "osm_url": "https://www.openstreetmap.org/way/1136458440", "josm_url": "http://127.0.0.1:8111/load_object?new_layer=false&objects=w1136458440", "id_url": "https://www.openstreetmap.org/edit?editor=id&way=1136458440#map=20/45.5203963/9.1709654"}}, {"type": "Feature", "geometry": {"type": "Point", "coordinates": [9.1708101, 45.520295]}, "properties": {"id": 1136458442, "feat_type": "way", "quality_categories": "replaceable_values", "issue_ids": "[0]", "osm_url": "https://www.openstreetmap.org/way/1136458442", "josm_url": "http://127.0.0.1:8111/load_object?new_layer=false&objects=w1136458442", "id_url": "https://www.openstreetmap.org/edit?editor=id&way=1136458442#map=20/45.520295/9.1708101"}}, {"type": "Feature", "geometry": {"type": "Point", "coordinates": [9.1704205, 45.5200415]}, "properties": {"id": 1136458443, "feat_type": "way", "quality_categories": "replaceable_values", "issue_ids": "[0]", "osm_url": "https://www.openstreetmap.org/way/1136458443", "josm_url": "http://127.0.0.1:8111/load_object?new_layer=false&objects=w1136458443", "id_url": "https://www.openstreetmap.org/edit?editor=id&way=1136458443#map=20/45.5200415/9.1704205"}}, {"type": "Feature", "geometry": {"type": "Point", "coordinates": [9.1441567, 45.4897865]}, "properties": {"id": 1136675724, "feat_type": "way", "quality_categories": "replaceable_values", "issue_ids": "[0]", "osm_url": "https://www.openstreetmap.org/way/1136675724", "josm_url": "http://127.0.0.1:8111/load_object?new_layer=false&objects=w1136675724", "id_url": "https://www.openstreetmap.org/edit?editor=id&way=1136675724#map=20/45.4897865/9.1441567"}}, {"type": "Feature", "geometry": {"type": "Point", "coordinates": [9.2427775, 45.480734]}, "properties": {"id": 1219319662, "feat_type": "way", "quality_categories": "missing_tags, replaceable_values", "issue_ids": "[0, 1]", "osm_url": "https://www.openstreetmap.org/way/1219319662", "josm_url": "http://127.0.0.1:8111/load_object?new_layer=false&objects=w1219319662", "id_url": "https://www.openstreetmap.org/edit?editor=id&way=1219319662#map=20/45.480734/9.2427775"}}, {"type": "Feature", "geometry": {"type": "Point", "coordinates": [9.2099155, 45.4946537]}, "properties": {"id": 1219325024, "feat_type": "way", "quality_categories": "crossings_lacking_kerbs, replaceable_values", "issue_ids": "[0, 2]", "osm_url": "https://www.openstreetmap.org/way/1219325024", "josm_url": "http://127.0.0.1:8111/load_object?new_layer=false&objects=w1219325024", "id_url": "https://www.openstreetmap.org/edit?editor=id&way=1219325024#map=20/45.4946537/9.2099155"}}, {"type": "Feature", "geometry": {"type": "Point", "coordinates": [9.2218695, 45.4550124]}, "properties": {"id": 1219772291, "feat_type": "way", "quality_categories": "crossings_lacking_kerbs, missing_tags, replaceable_values", "issue_ids": "[0, 1, 2]", "osm_url": "https://www.openstreetmap.org/way/1219772291", "josm_url": "http://127.0.0.1:8111/load_object?new_layer=false&objects=w1219772291", "id_url": "https://www.openstreetmap.org/edit?editor=id&way=1219772291#map=20/45.4550124/9.2218695"}}, {"type": "Feature", "geometry": {"type": "Point", "coordinates": [9.1694632, 45.5305701]}, "properties": {"id": 1219971258, "feat_type": "way", "quality_categories": "replaceable_values", "issue_ids": "[0]", "osm_url": "https://www.openstreetmap.org/way/1219971258", "josm_url": "http://127.0.0.1:8111/load_object?new_layer=false&objects=w1219971258", "id_url": "https://www.openstreetmap.org/edit?editor=id&way=1219971258#map=20/45.5305701/9.1694632"}}, {"type": "Feature", "geometry": {"type": "Point", "coordinates": [9.1943263, 45.5162876]}, "properties": {"id": 1220068406, "feat_type": "way", "quality_categories": "crossings_lacking_kerbs, missing_tags, replaceable_values", "issue_ids": "[0, 1, 2]", "osm_url": "https://www.openstreetmap.org/way/1220068406", "josm_url": "http://127.0.0.1:8111/load_object?new_layer=false&objects=w1220068406", "id_url": "https://www.openstreetmap.org/edit?editor=id&way=1220068406#map=20/45.5162876/9.1943263"}}, {"type": "Feature", "geometry": {"type": "Point", "coordinates": [9.1299167, 45.5140847]}, "properties": {"id": 1220342558, "feat_type": "way", "quality_categories": "crossings_lacking_kerbs, missing_tags, replaceable_values", "issue_ids": "[0, 1, 2]", "osm_url": "https://www.openstreetmap.org/way/1220342558", "josm_url": "http://127.0.0.1:8111/load_object?new_layer=false&objects=w1220342558", "id_url": "https://www.openstreetmap.org/edit?editor=id&way=1220342558#map=20/45.5140847/9.1299167"}}, {"type": "Feature", "geometry": {"type": "Point", "coordinates": [9.1962378, 45.5220406]}, "properties": {"id": 1220570732, "feat_type": "way", "quality_categories": "crossings_lacking_kerbs, missing_tags, replaceable_values", "issue_ids": "[0, 1, 2]", "osm_url": "https://www.openstreetmap.org/way/1220570732", "josm_url": "http://127.0.0.1:8111/load_object?new_layer=false&objects=w1220570732", "id_url": "https://www.openstreetmap.org/edit?editor=id&way=1220570732#map=20/45.5220406/9.1962378"}}, {"type": "Feature", "geometry": {"type": "Point", "coordinates": [9.1960216, 45.5223836]}, "properties": {"id": 1220570734, "feat_type": "way", "quality_categories": "crossings_lacking_kerbs, missing_tags, replaceable_values", "issue_ids": "[0, 1, 2]", "osm_url": "https://www.openstreetmap.org/way/1220570734", "josm_url": "http://127.0.0.1:8111/load_object?new_layer=false&objects=w1220570734", "id_url": "https://www.openstreetmap.org/edit?editor=id&way=1220570734#map=20/45.5223836/9.1960216"}}, {"type": "Feature", "geometry": {"type": "Point", "coordinates": [9.1957715, 45.5228461]}, "properties": {"id": 1220570735, "feat_type": "way", "quality_categories": "crossings_lacking_kerbs, missing_tags, replaceable_values", "issue_ids": "[0, 1, 2]", "osm_url": "https://www.openstreetmap.org/way/1220570735", "josm_url": "http://127.0.0.1:8111/load_object?new_layer=false&objects=w1220570735", "id_url": "https://www.openstreetmap.org/edit?editor=id&way=1220570735#map=20/45.5228461/9.1957715"}}, {"type": "Feature", "geometry": {"type": "Point", "coordinates": [9.1954222, 45.5232457]}, "properties": {"id": 1220570736, "feat_type": "way", "quality_categories": "crossings_lacking_kerbs, missing_tags, replaceable_values", "issue_ids": "[0, 1, 2]", "osm_url": "https://www.openstreetmap.org/way/1220570736", "josm_url": "http://127.0.0.1:8111/load_object?new_layer=false&objects=w1220570736", "id_url": "https://www.openstreetmap.org/edit?editor=id&way=1220570736#map=20/45.5232457/9.1954222"}}, {"type": "Feature", "geometry": {"type": "Point", "coordinates": [9.1955951, 45.5231709]}, "properties": {"id": 1220570737, "feat_type": "way", "quality_categories": "crossings_lacking_kerbs, missing_tags, replaceable_values", "issue_ids": "[0, 1, 2]", "osm_url": "https://www.openstreetmap.org/way/1220570737", "josm_url": "http://127.0.0.1:8111/load_object?new_layer=false&objects=w1220570737", "id_url": "https://www.openstreetmap.org/edit?editor=id&way=1220570737#map=20/45.5231709/9.1955951"}}, {"type": "Feature", "geometry": {"type": "Point", "coordinates": [9.1952647, 45.5237737]}, "properties": {"id": 1220570738, "feat_type": "way", "quality_categories": "crossings_lacking_kerbs, missing_tags, replaceable_values", "issue_ids": "[0, 1, 2]", "osm_url": "https://www.openstreetmap.org/way/1220570738", "josm_url": "http://127.0.0.1:8111/load_object?new_layer=false&objects=w1220570738", "id_url": "https://www.openstreetmap.org/edit?editor=id&way=1220570738#map=20/45.5237737/9.1952647"}}, {"type": "Feature", "geometry": {"type": "Point", "coordinates": [9.1950506, 45.5238343]}, "properties": {"id": 1220570739, "feat_type": "way", "quality_categories": "crossings_lacking_kerbs, missing_tags, replaceable_values", "issue_ids": "[0, 1, 2]", "osm_url": "https://www.openstreetmap.org/way/1220570739", "josm_url": "http://127.0.0.1:8111/load_object?new_layer=false&objects=w1220570739", "id_url": "https://www.openstreetmap.org/edit?editor=id&way=1220570739#map=20/45.5238343/9.1950506"}}, {"type": "Feature", "geometry": {"type": "Point", "coordinates": [9.1725368, 45.483626]}, "properties": {"id": 1220573213, "feat_type": "way", "quality_categories": "missing_tags, replaceable_values", "issue_ids": "[0, 1]", "osm_url": "https://www.openstreetmap.org/way/1220573213", "josm_url": "http://127.0.0.1:8111/load_object?new_layer=false&objects=w1220573213", "id_url": "https://www.openstreetmap.org/edit?editor=id&way=1220573213#map=20/45.483626/9.1725368"}}, {"type": "Feature", "geometry": {"type": "Point", "coordinates": [9.2110833, 45.5254511]}, "properties": {"id": 1220575887, "feat_type": "way", "quality_categories": "crossings_lacking_kerbs, missing_tags, replaceable_values", "issue_ids": "[0, 1, 2]", "osm_url": "https://www.openstreetmap.org/way/1220575887", "josm_url": "http://127.0.0.1:8111/load_object?new_layer=false&objects=w1220575887", "id_url": "https://www.openstreetmap.org/edit?editor=id&way=1220575887#map=20/45.5254511/9.2110833"}}, {"type": "Feature", "geometry": {"type": "Point", "coordinates": [9.2079153, 45.4738522]}, "properties": {"id": 1220576327, "feat_type": "way", "quality_categories": "replaceable_values", "issue_ids": "[0]", "osm_url": "https://www.openstreetmap.org/way/1220576327", "josm_url": "http://127.0.0.1:8111/load_object?new_layer=false&objects=w1220576327", "id_url": "https://www.openstreetmap.org/edit?editor=id&way=1220576327#map=20/45.4738522/9.2079153"}}, {"type": "Feature", "geometry": {"type": "Point", "coordinates": [9.2517871, 45.5171132]}, "properties": {"id": 1221015006, "feat_type": "way", "quality_categories": "crossings_lacking_kerbs, missing_tags, replaceable_values", "issue_ids": "[0, 1, 2]", "osm_url": "https://www.openstreetmap.org/way/1221015006", "josm_url": "http://127.0.0.1:8111/load_object?new_layer=false&objects=w1221015006", "id_url": "https://www.openstreetmap.org/edit?editor=id&way=1221015006#map=20/45.5171132/9.2517871"}}, {"type": "Feature", "geometry": {"type": "Point", "coordinates": [9.1933177, 45.4941734]}, "properties": {"id": 1221246187, "feat_type": "way", "quality_categories": "crossings_lacking_kerbs, missing_tags, replaceable_values", "issue_ids": "[3, 1, 2]", "osm_url": "https://www.openstreetmap.org/way/1221246187", "josm_url": "http://127.0.0.1:8111/load_object?new_layer=false&objects=w1221246187", "id_url": "https://www.openstreetmap.org/edit?editor=id&way=1221246187#map=20/45.4941734/9.1933177"}}, {"type": "Feature", "geometry": {"type": "Point", "coordinates": [9.1379873, 45.4886724]}, "properties": {"id": 1221292609, "feat_type": "way", "quality_categories": "crossings_lacking_kerbs, replaceable_values", "issue_ids": "[0, 2]", "osm_url": "https://www.openstreetmap.org/way/1221292609", "josm_url": "http://127.0.0.1:8111/load_object?new_layer=false&objects=w1221292609", "id_url": "https://www.openstreetmap.org/edit?editor=id&way=1221292609#map=20/45.4886724/9.1379873"}}, {"type": "Feature", "geometry": {"type": "Point", "coordinates": [9.130661, 45.5154923]}, "properties": {"id": 1221372082, "feat_type": "way", "quality_categories": "crossings_lacking_kerbs, missing_tags, replaceable_values", "issue_ids": "[0, 1, 2]", "osm_url": "https://www.openstreetmap.org/way/1221372082", "josm_url": "http://127.0.0.1:8111/load_object?new_layer=false&objects=w1221372082", "id_url": "https://www.openstreetmap.org/edit?editor=id&way=1221372082#map=20/45.5154923/9.130661"}}, {"type": "Feature", "geometry": {"type": "Point", "coordinates": [9.1307223, 45.515616]}, "properties": {"id": 1221372083, "feat_type": "way", "quality_categories": "crossings_lacking_kerbs, missing_tags, replaceable_values", "issue_ids": "[0, 1, 2]", "osm_url": "https://www.openstreetmap.org/way/1221372083", "josm_url": "http://127.0.0.1:8111/load_object?new_layer=false&objects=w1221372083", "id_url": "https://www.openstreetmap.org/edit?editor=id&way=1221372083#map=20/45.515616/9.1307223"}}, {"type": "Feature", "geometry": {"type": "Point", "coordinates": [9.1307912, 45.5154543]}, "properties": {"id": 1221372084, "feat_type": "way", "quality_categories": "crossings_lacking_kerbs, missing_tags, replaceable_values", "issue_ids": "[0, 1, 2]", "osm_url": "https://www.openstreetmap.org/way/1221372084", "josm_url": "http://127.0.0.1:8111/load_object?new_layer=false&objects=w1221372084", "id_url": "https://www.openstreetmap.org/edit?editor=id&way=1221372084#map=20/45.5154543/9.1307912"}}, {"type": "Feature", "geometry": {"type": "Point", "coordinates": [9.213206, 45.4915563]}, "properties": {"id": 1221814660, "feat_type": "way", "quality_categories": "crossings_lacking_kerbs, replaceable_values", "issue_ids": "[0, 2]", "osm_url": "https://www.openstreetmap.org/way/1221814660", "josm_url": "http://127.0.0.1:8111/load_object?new_layer=false&objects=w1221814660", "id_url": "https://www.openstreetmap.org/edit?editor=id&way=1221814660#map=20/45.4915563/9.213206"}}, {"type": "Feature", "geometry": {"type": "Point", "coordinates": [9.2670874, 45.5099779]}, "properties": {"id": 1221973486, "feat_type": "way", "quality_categories": "crossings_lacking_kerbs, missing_tags, replaceable_values", "issue_ids": "[0, 1, 2]", "osm_url": "https://www.openstreetmap.org/way/1221973486", "josm_url": "http://127.0.0.1:8111/load_object?new_layer=false&objects=w1221973486", "id_url": "https://www.openstreetmap.org/edit?editor=id&way=1221973486#map=20/45.5099779/9.2670874"}}, {"type": "Feature", "geometry": {"type": "Point", "coordinates": [9.2181622, 45.5029347]}, "properties": {"id": 1222037532, "feat_type": "way", "quality_categories": "crossings_lacking_kerbs, replaceable_values", "issue_ids": "[0, 2]", "osm_url": "https://www.openstreetmap.org/way/1222037532", "josm_url": "http://127.0.0.1:8111/load_object?new_layer=false&objects=w1222037532", "id_url": "https://www.openstreetmap.org/edit?editor=id&way=1222037532#map=20/45.5029347/9.2181622"}}, {"type": "Feature", "geometry": {"type": "Point", "coordinates": [9.1807356, 45.4561151]}, "properties": {"id": 1222038208, "feat_type": "way", "quality_categories": "replaceable_values", "issue_ids": "[0]", "osm_url": "https://www.openstreetmap.org/way/1222038208", "josm_url": "http://127.0.0.1:8111/load_object?new_layer=false&objects=w1222038208", "id_url": "https://www.openstreetmap.org/edit?editor=id&way=1222038208#map=20/45.4561151/9.1807356"}}, {"type": "Feature", "geometry": {"type": "Point", "coordinates": [9.2474389, 45.5171673]}, "properties": {"id": 1222040339, "feat_type": "way", "quality_categories": "crossings_lacking_kerbs, missing_tags, replaceable_values", "issue_ids": "[0, 1, 2]", "osm_url": "https://www.openstreetmap.org/way/1222040339", "josm_url": "http://127.0.0.1:8111/load_object?new_layer=false&objects=w1222040339", "id_url": "https://www.openstreetmap.org/edit?editor=id&way=1222040339#map=20/45.5171673/9.2474389"}}, {"type": "Feature", "geometry": {"type": "Point", "coordinates": [9.1518969, 45.5148323]}, "properties": {"id": 1222286440, "feat_type": "way", "quality_categories": "crossings_lacking_kerbs, replaceable_values", "issue_ids": "[0, 2]", "osm_url": "https://www.openstreetmap.org/way/1222286440", "josm_url": "http://127.0.0.1:8111/load_object?new_layer=false&objects=w1222286440", "id_url": "https://www.openstreetmap.org/edit?editor=id&way=1222286440#map=20/45.5148323/9.1518969"}}, {"type": "Feature", "geometry": {"type": "Point", "coordinates": [9.1301257, 45.4508855]}, "properties": {"id": 1222572733, "feat_type": "way", "quality_categories": "crossings_lacking_kerbs, missing_tags, replaceable_values", "issue_ids": "[0, 1, 2]", "osm_url": "https://www.openstreetmap.org/way/1222572733", "josm_url": "http://127.0.0.1:8111/load_object?new_layer=false&objects=w1222572733", "id_url": "https://www.openstreetmap.org/edit?editor=id&way=1222572733#map=20/45.4508855/9.1301257"}}, {"type": "Feature", "geometry": {"type": "Point", "coordinates": [9.1617791, 45.4422463]}, "properties": {"id": 1222769969, "feat_type": "way", "quality_categories": "crossings_lacking_kerbs, missing_tags, replaceable_values", "issue_ids": "[0, 1, 2]", "osm_url": "https://www.openstreetmap.org/way/1222769969", "josm_url": "http://127.0.0.1:8111/load_object?new_layer=false&objects=w1222769969", "id_url": "https://www.openstreetmap.org/edit?editor=id&way=1222769969#map=20/45.4422463/9.1617791"}}, {"type": "Feature", "geometry": {"type": "Point", "coordinates": [9.1629668, 45.4429967]}, "properties": {"id": 1222769970, "feat_type": "way", "quality_categories": "crossings_lacking_kerbs, missing_tags, replaceable_values", "issue_ids": "[0, 1, 2]", "osm_url": "https://www.openstreetmap.org/way/1222769970", "josm_url": "http://127.0.0.1:8111/load_object?new_layer=false&objects=w1222769970", "id_url": "https://www.openstreetmap.org/edit?editor=id&way=1222769970#map=20/45.4429967/9.1629668"}}, {"type": "Feature", "geometry": {"type": "Point", "coordinates": [9.1715644, 45.5219475]}, "properties": {"id": 1222772880, "feat_type": "way", "quality_categories": "crossings_lacking_kerbs, missing_tags, replaceable_values", "issue_ids": "[0, 1, 2]", "osm_url": "https://www.openstreetmap.org/way/1222772880", "josm_url": "http://127.0.0.1:8111/load_object?new_layer=false&objects=w1222772880", "id_url": "https://www.openstreetmap.org/edit?editor=id&way=1222772880#map=20/45.5219475/9.1715644"}}, {"type": "Feature", "geometry": {"type": "Point", "coordinates": [9.1698679, 45.5162055]}, "properties": {"id": 1222780273, "feat_type": "way", "quality_categories": "crossings_lacking_kerbs, missing_tags, replaceable_values", "issue_ids": "[0, 1, 2]", "osm_url": "https://www.openstreetmap.org/way/1222780273", "josm_url": "http://127.0.0.1:8111/load_object?new_layer=false&objects=w1222780273", "id_url": "https://www.openstreetmap.org/edit?editor=id&way=1222780273#map=20/45.5162055/9.1698679"}}, {"type": "Feature", "geometry": {"type": "Point", "coordinates": [9.2024087, 45.4982578]}, "properties": {"id": 1222782368, "feat_type": "way", "quality_categories": "crossings_lacking_kerbs, missing_tags, replaceable_values", "issue_ids": "[0, 1, 2]", "osm_url": "https://www.openstreetmap.org/way/1222782368", "josm_url": "http://127.0.0.1:8111/load_object?new_layer=false&objects=w1222782368", "id_url": "https://www.openstreetmap.org/edit?editor=id&way=1222782368#map=20/45.4982578/9.2024087"}}, {"type": "Feature", "geometry": {"type": "Point", "coordinates": [9.1667388, 45.4489773]}, "properties": {"id": 1222786611, "feat_type": "way", "quality_categories": "crossings_lacking_kerbs, missing_tags, replaceable_values", "issue_ids": "[0, 1, 2]", "osm_url": "https://www.openstreetmap.org/way/1222786611", "josm_url": "http://127.0.0.1:8111/load_object?new_layer=false&objects=w1222786611", "id_url": "https://www.openstreetmap.org/edit?editor=id&way=1222786611#map=20/45.4489773/9.1667388"}}, {"type": "Feature", "geometry": {"type": "Point", "coordinates": [9.166472, 45.448662]}, "properties": {"id": 1222786613, "feat_type": "way", "quality_categories": "crossings_lacking_kerbs, missing_tags, replaceable_values", "issue_ids": "[0, 1, 2]", "osm_url": "https://www.openstreetmap.org/way/1222786613", "josm_url": "http://127.0.0.1:8111/load_object?new_layer=false&objects=w1222786613", "id_url": "https://www.openstreetmap.org/edit?editor=id&way=1222786613#map=20/45.448662/9.166472"}}, {"type": "Feature", "geometry": {"type": "Point", "coordinates": [9.1650147, 45.4481501]}, "properties": {"id": 1222786616, "feat_type": "way", "quality_categories": "crossings_lacking_kerbs, replaceable_values", "issue_ids": "[0, 2]", "osm_url": "https://www.openstreetmap.org/way/1222786616", "josm_url": "http://127.0.0.1:8111/load_object?new_layer=false&objects=w1222786616", "id_url": "https://www.openstreetmap.org/edit?editor=id&way=1222786616#map=20/45.4481501/9.1650147"}}, {"type": "Feature", "geometry": {"type": "Point", "coordinates": [9.2084856, 45.4541536]}, "properties": {"id": 1222938919, "feat_type": "way", "quality_categories": "crossings_lacking_kerbs, missing_tags, replaceable_values", "issue_ids": "[0, 1, 2]", "osm_url": "https://www.openstreetmap.org/way/1222938919", "josm_url": "http://127.0.0.1:8111/load_object?new_layer=false&objects=w1222938919", "id_url": "https://www.openstreetmap.org/edit?editor=id&way=1222938919#map=20/45.4541536/9.2084856"}}, {"type": "Feature", "geometry": {"type": "Point", "coordinates": [9.1731851, 45.4229659]}, "properties": {"id": 1222943600, "feat_type": "way", "quality_categories": "crossings_lacking_kerbs, missing_tags, replaceable_values", "issue_ids": "[0, 1, 2]", "osm_url": "https://www.openstreetmap.org/way/1222943600", "josm_url": "http://127.0.0.1:8111/load_object?new_layer=false&objects=w1222943600", "id_url": "https://www.openstreetmap.org/edit?editor=id&way=1222943600#map=20/45.4229659/9.1731851"}}, {"type": "Feature", "geometry": {"type": "Point", "coordinates": [9.2671192, 45.510019]}, "properties": {"id": 1222980677, "feat_type": "way", "quality_categories": "crossings_lacking_kerbs, missing_tags, replaceable_values", "issue_ids": "[0, 1, 2]", "osm_url": "https://www.openstreetmap.org/way/1222980677", "josm_url": "http://127.0.0.1:8111/load_object?new_layer=false&objects=w1222980677", "id_url": "https://www.openstreetmap.org/edit?editor=id&way=1222980677#map=20/45.510019/9.2671192"}}, {"type": "Feature", "geometry": {"type": "Point", "coordinates": [9.2069886, 45.5106664]}, "properties": {"id": 1222984557, "feat_type": "way", "quality_categories": "crossings_lacking_kerbs, replaceable_values", "issue_ids": "[0, 2]", "osm_url": "https://www.openstreetmap.org/way/1222984557", "josm_url": "http://127.0.0.1:8111/load_object?new_layer=false&objects=w1222984557", "id_url": "https://www.openstreetmap.org/edit?editor=id&way=1222984557#map=20/45.5106664/9.2069886"}}, {"type": "Feature", "geometry": {"type": "Point", "coordinates": [9.2092027, 45.5087633]}, "properties": {"id": 1222985115, "feat_type": "way", "quality_categories": "crossings_lacking_kerbs, replaceable_values", "issue_ids": "[0, 2]", "osm_url": "https://www.openstreetmap.org/way/1222985115", "josm_url": "http://127.0.0.1:8111/load_object?new_layer=false&objects=w1222985115", "id_url": "https://www.openstreetmap.org/edit?editor=id&way=1222985115#map=20/45.5087633/9.2092027"}}, {"type": "Feature", "geometry": {"type": "Point", "coordinates": [9.209945, 45.5094914]}, "properties": {"id": 1222985116, "feat_type": "way", "quality_categories": "crossings_lacking_kerbs, replaceable_values", "issue_ids": "[0, 2]", "osm_url": "https://www.openstreetmap.org/way/1222985116", "josm_url": "http://127.0.0.1:8111/load_object?new_layer=false&objects=w1222985116", "id_url": "https://www.openstreetmap.org/edit?editor=id&way=1222985116#map=20/45.5094914/9.209945"}}, {"type": "Feature", "geometry": {"type": "Point", "coordinates": [9.2105341, 45.5100357]}, "properties": {"id": 1222985362, "feat_type": "way", "quality_categories": "crossings_lacking_kerbs, replaceable_values", "issue_ids": "[0, 2]", "osm_url": "https://www.openstreetmap.org/way/1222985362", "josm_url": "http://127.0.0.1:8111/load_object?new_layer=false&objects=w1222985362", "id_url": "https://www.openstreetmap.org/edit?editor=id&way=1222985362#map=20/45.5100357/9.2105341"}}, {"type": "Feature", "geometry": {"type": "Point", "coordinates": [9.2101983, 45.5094719]}, "properties": {"id": 1222985365, "feat_type": "way", "quality_categories": "crossings_lacking_kerbs, replaceable_values", "issue_ids": "[0, 2]", "osm_url": "https://www.openstreetmap.org/way/1222985365", "josm_url": "http://127.0.0.1:8111/load_object?new_layer=false&objects=w1222985365", "id_url": "https://www.openstreetmap.org/edit?editor=id&way=1222985365#map=20/45.5094719/9.2101983"}}, {"type": "Feature", "geometry": {"type": "Point", "coordinates": [9.1439241, 45.47455]}, "properties": {"id": 1222986104, "feat_type": "way", "quality_categories": "replaceable_values", "issue_ids": "[0]", "osm_url": "https://www.openstreetmap.org/way/1222986104", "josm_url": "http://127.0.0.1:8111/load_object?new_layer=false&objects=w1222986104", "id_url": "https://www.openstreetmap.org/edit?editor=id&way=1222986104#map=20/45.47455/9.1439241"}}, {"type": "Feature", "geometry": {"type": "Point", "coordinates": [9.1509853, 45.5103385]}, "properties": {"id": 1222987248, "feat_type": "way", "quality_categories": "crossings_lacking_kerbs, replaceable_values", "issue_ids": "[0, 2]", "osm_url": "https://www.openstreetmap.org/way/1222987248", "josm_url": "http://127.0.0.1:8111/load_object?new_layer=false&objects=w1222987248", "id_url": "https://www.openstreetmap.org/edit?editor=id&way=1222987248#map=20/45.5103385/9.1509853"}}, {"type": "Feature", "geometry": {"type": "Point", "coordinates": [9.1511103, 45.5102178]}, "properties": {"id": 1222987249, "feat_type": "way", "quality_categories": "crossings_lacking_kerbs, replaceable_values", "issue_ids": "[0, 2]", "osm_url": "https://www.openstreetmap.org/way/1222987249", "josm_url": "http://127.0.0.1:8111/load_object?new_layer=false&objects=w1222987249", "id_url": "https://www.openstreetmap.org/edit?editor=id&way=1222987249#map=20/45.5102178/9.1511103"}}, {"type": "Feature", "geometry": {"type": "Point", "coordinates": [9.1638029, 45.491968]}, "properties": {"id": 1222987472, "feat_type": "way", "quality_categories": "crossings_lacking_kerbs, replaceable_values", "issue_ids": "[0, 2]", "osm_url": "https://www.openstreetmap.org/way/1222987472", "josm_url": "http://127.0.0.1:8111/load_object?new_layer=false&objects=w1222987472", "id_url": "https://www.openstreetmap.org/edit?editor=id&way=1222987472#map=20/45.491968/9.1638029"}}, {"type": "Feature", "geometry": {"type": "Point", "coordinates": [9.1888225, 45.5104464]}, "properties": {"id": 1222988496, "feat_type": "way", "quality_categories": "disjointed_geometries, replaceable_values", "issue_ids": "[0, 5]", "osm_url": "https://www.openstreetmap.org/way/1222988496", "josm_url": "http://127.0.0.1:8111/load_object?new_layer=false&objects=w1222988496", "id_url": "https://www.openstreetmap.org/edit?editor=id&way=1222988496#map=20/45.5104464/9.1888225"}}, {"type": "Feature", "geometry": {"type": "Point", "coordinates": [9.1884299, 45.5096824]}, "properties": {"id": 1222988497, "feat_type": "way", "quality_categories": "disjointed_geometries, replaceable_values", "issue_ids": "[0, 5]", "osm_url": "https://www.openstreetmap.org/way/1222988497", "josm_url": "http://127.0.0.1:8111/load_object?new_layer=false&objects=w1222988497", "id_url": "https://www.openstreetmap.org/edit?editor=id&way=1222988497#map=20/45.5096824/9.1884299"}}, {"type": "Feature", "geometry": {"type": "Point", "coordinates": [9.188648, 45.5100813]}, "properties": {"id": 1222988498, "feat_type": "way", "quality_categories": "disjointed_geometries, replaceable_values", "issue_ids": "[0, 5]", "osm_url": "https://www.openstreetmap.org/way/1222988498", "josm_url": "http://127.0.0.1:8111/load_object?new_layer=false&objects=w1222988498", "id_url": "https://www.openstreetmap.org/edit?editor=id&way=1222988498#map=20/45.5100813/9.188648"}}, {"type": "Feature", "geometry": {"type": "Point", "coordinates": [9.1880974, 45.5089898]}, "properties": {"id": 1222988500, "feat_type": "way", "quality_categories": "crossings_lacking_kerbs, replaceable_values", "issue_ids": "[0, 2]", "osm_url": "https://www.openstreetmap.org/way/1222988500", "josm_url": "http://127.0.0.1:8111/load_object?new_layer=false&objects=w1222988500", "id_url": "https://www.openstreetmap.org/edit?editor=id&way=1222988500#map=20/45.5089898/9.1880974"}}, {"type": "Feature", "geometry": {"type": "Point", "coordinates": [9.1356614, 45.5175216]}, "properties": {"id": 1222988678, "feat_type": "way", "quality_categories": "crossings_lacking_kerbs, replaceable_values", "issue_ids": "[0, 2]", "osm_url": "https://www.openstreetmap.org/way/1222988678", "josm_url": "http://127.0.0.1:8111/load_object?new_layer=false&objects=w1222988678", "id_url": "https://www.openstreetmap.org/edit?editor=id&way=1222988678#map=20/45.5175216/9.1356614"}}, {"type": "Feature", "geometry": {"type": "Point", "coordinates": [9.1951922, 45.523928]}, "properties": {"id": 1222988989, "feat_type": "way", "quality_categories": "crossings_lacking_kerbs, replaceable_values", "issue_ids": "[0, 2]", "osm_url": "https://www.openstreetmap.org/way/1222988989", "josm_url": "http://127.0.0.1:8111/load_object?new_layer=false&objects=w1222988989", "id_url": "https://www.openstreetmap.org/edit?editor=id&way=1222988989#map=20/45.523928/9.1951922"}}, {"type": "Feature", "geometry": {"type": "Point", "coordinates": [9.1958934, 45.5221324]}, "properties": {"id": 1222989736, "feat_type": "way", "quality_categories": "crossings_lacking_kerbs, replaceable_values", "issue_ids": "[0, 2]", "osm_url": "https://www.openstreetmap.org/way/1222989736", "josm_url": "http://127.0.0.1:8111/load_object?new_layer=false&objects=w1222989736", "id_url": "https://www.openstreetmap.org/edit?editor=id&way=1222989736#map=20/45.5221324/9.1958934"}}, {"type": "Feature", "geometry": {"type": "Point", "coordinates": [9.1958681, 45.522224]}, "properties": {"id": 1222989737, "feat_type": "way", "quality_categories": "crossings_lacking_kerbs, replaceable_values", "issue_ids": "[0, 2]", "osm_url": "https://www.openstreetmap.org/way/1222989737", "josm_url": "http://127.0.0.1:8111/load_object?new_layer=false&objects=w1222989737", "id_url": "https://www.openstreetmap.org/edit?editor=id&way=1222989737#map=20/45.522224/9.1958681"}}, {"type": "Feature", "geometry": {"type": "Point", "coordinates": [9.1369647, 45.5129488]}, "properties": {"id": 1222990116, "feat_type": "way", "quality_categories": "crossings_lacking_kerbs, missing_tags, replaceable_values", "issue_ids": "[0, 1, 2]", "osm_url": "https://www.openstreetmap.org/way/1222990116", "josm_url": "http://127.0.0.1:8111/load_object?new_layer=false&objects=w1222990116", "id_url": "https://www.openstreetmap.org/edit?editor=id&way=1222990116#map=20/45.5129488/9.1369647"}}, {"type": "Feature", "geometry": {"type": "Point", "coordinates": [9.1401346, 45.5112429]}, "properties": {"id": 1222990203, "feat_type": "way", "quality_categories": "crossings_lacking_kerbs, replaceable_values", "issue_ids": "[0, 2]", "osm_url": "https://www.openstreetmap.org/way/1222990203", "josm_url": "http://127.0.0.1:8111/load_object?new_layer=false&objects=w1222990203", "id_url": "https://www.openstreetmap.org/edit?editor=id&way=1222990203#map=20/45.5112429/9.1401346"}}, {"type": "Feature", "geometry": {"type": "Point", "coordinates": [9.1402579, 45.5114032]}, "properties": {"id": 1222990205, "feat_type": "way", "quality_categories": "crossings_lacking_kerbs, replaceable_values", "issue_ids": "[0, 2]", "osm_url": "https://www.openstreetmap.org/way/1222990205", "josm_url": "http://127.0.0.1:8111/load_object?new_layer=false&objects=w1222990205", "id_url": "https://www.openstreetmap.org/edit?editor=id&way=1222990205#map=20/45.5114032/9.1402579"}}, {"type": "Feature", "geometry": {"type": "Point", "coordinates": [9.140116, 45.5129041]}, "properties": {"id": 1222990693, "feat_type": "way", "quality_categories": "crossings_lacking_kerbs, replaceable_values", "issue_ids": "[0, 2]", "osm_url": "https://www.openstreetmap.org/way/1222990693", "josm_url": "http://127.0.0.1:8111/load_object?new_layer=false&objects=w1222990693", "id_url": "https://www.openstreetmap.org/edit?editor=id&way=1222990693#map=20/45.5129041/9.140116"}}, {"type": "Feature", "geometry": {"type": "Point", "coordinates": [9.1709836, 45.5216363]}, "properties": {"id": 1223265488, "feat_type": "way", "quality_categories": "crossings_lacking_kerbs, replaceable_values", "issue_ids": "[0, 2]", "osm_url": "https://www.openstreetmap.org/way/1223265488", "josm_url": "http://127.0.0.1:8111/load_object?new_layer=false&objects=w1223265488", "id_url": "https://www.openstreetmap.org/edit?editor=id&way=1223265488#map=20/45.5216363/9.1709836"}}, {"type": "Feature", "geometry": {"type": "Point", "coordinates": [9.1408725, 45.4976272]}, "properties": {"id": 1223266029, "feat_type": "way", "quality_categories": "crossings_lacking_kerbs, replaceable_values", "issue_ids": "[0, 2]", "osm_url": "https://www.openstreetmap.org/way/1223266029", "josm_url": "http://127.0.0.1:8111/load_object?new_layer=false&objects=w1223266029", "id_url": "https://www.openstreetmap.org/edit?editor=id&way=1223266029#map=20/45.4976272/9.1408725"}}, {"type": "Feature", "geometry": {"type": "Point", "coordinates": [9.2110795, 45.5065064]}, "properties": {"id": 1223267373, "feat_type": "way", "quality_categories": "crossings_lacking_kerbs, replaceable_values", "issue_ids": "[0, 2]", "osm_url": "https://www.openstreetmap.org/way/1223267373", "josm_url": "http://127.0.0.1:8111/load_object?new_layer=false&objects=w1223267373", "id_url": "https://www.openstreetmap.org/edit?editor=id&way=1223267373#map=20/45.5065064/9.2110795"}}, {"type": "Feature", "geometry": {"type": "Point", "coordinates": [9.1360066, 45.5162278]}, "properties": {"id": 1223501489, "feat_type": "way", "quality_categories": "crossings_lacking_kerbs, missing_tags, replaceable_values", "issue_ids": "[0, 1, 2]", "osm_url": "https://www.openstreetmap.org/way/1223501489", "josm_url": "http://127.0.0.1:8111/load_object?new_layer=false&objects=w1223501489", "id_url": "https://www.openstreetmap.org/edit?editor=id&way=1223501489#map=20/45.5162278/9.1360066"}}, {"type": "Feature", "geometry": {"type": "Point", "coordinates": [9.1768763, 45.4361727]}, "properties": {"id": 1226231201, "feat_type": "way", "quality_categories": "crossings_lacking_kerbs, missing_tags, replaceable_values", "issue_ids": "[0, 1, 2]", "osm_url": "https://www.openstreetmap.org/way/1226231201", "josm_url": "http://127.0.0.1:8111/load_object?new_layer=false&objects=w1226231201", "id_url": "https://www.openstreetmap.org/edit?editor=id&way=1226231201#map=20/45.4361727/9.1768763"}}, {"type": "Feature", "geometry": {"type": "Point", "coordinates": [9.2224028, 45.5043822]}, "properties": {"id": 1226236085, "feat_type": "way", "quality_categories": "replaceable_values", "issue_ids": "[0]", "osm_url": "https://www.openstreetmap.org/way/1226236085", "josm_url": "http://127.0.0.1:8111/load_object?new_layer=false&objects=w1226236085", "id_url": "https://www.openstreetmap.org/edit?editor=id&way=1226236085#map=20/45.5043822/9.2224028"}}, {"type": "Feature", "geometry": {"type": "Point", "coordinates": [9.1690894, 45.5168827]}, "properties": {"id": 1302043669, "feat_type": "way", "quality_categories": "crossings_lacking_kerbs, replaceable_values", "issue_ids": "[0, 2]", "osm_url": "https://www.openstreetmap.org/way/1302043669", "josm_url": "http://127.0.0.1:8111/load_object?new_layer=false&objects=w1302043669", "id_url": "https://www.openstreetmap.org/edit?editor=id&way=1302043669#map=20/45.5168827/9.1690894"}}, {"type": "Feature", "geometry": {"type": "Point", "coordinates": [9.1835231, 45.5100193]}, "properties": {"id": 1318074075, "feat_type": "way", "quality_categories": "disjointed_geometries, replaceable_values", "issue_ids": "[0, 5]", "osm_url": "https://www.openstreetmap.org/way/1318074075", "josm_url": "http://127.0.0.1:8111/load_object?new_layer=false&objects=w1318074075", "id_url": "https://www.openstreetmap.org/edit?editor=id&way=1318074075#map=20/45.5100193/9.1835231"}}, {"type": "Feature", "geometry": {"type": "Point", "coordinates": [9.183256, 45.5111796]}, "properties": {"id": 1318074868, "feat_type": "way", "quality_categories": "crossings_lacking_kerbs, replaceable_values", "issue_ids": "[0, 2]", "osm_url": "https://www.openstreetmap.org/way/1318074868", "josm_url": "http://127.0.0.1:8111/load_object?new_layer=false&objects=w1318074868", "id_url": "https://www.openstreetmap.org/edit?editor=id&way=1318074868#map=20/45.5111796/9.183256"}}, {"type": "Feature", "geometry": {"type": "Point", "coordinates": [9.183926, 45.5109914]}, "properties": {"id": 1318074869, "feat_type": "way", "quality_categories": "crossings_lacking_kerbs, replaceable_values", "issue_ids": "[0, 2]", "osm_url": "https://www.openstreetmap.org/way/1318074869", "josm_url": "http://127.0.0.1:8111/load_object?new_layer=false&objects=w1318074869", "id_url": "https://www.openstreetmap.org/edit?editor=id&way=1318074869#map=20/45.5109914/9.183926"}}, {"type": "Feature", "geometry": {"type": "Point", "coordinates": [9.1876306, 45.5081255]}, "properties": {"id": 1318154389, "feat_type": "way", "quality_categories": "crossings_lacking_kerbs, replaceable_values", "issue_ids": "[0, 2]", "osm_url": "https://www.openstreetmap.org/way/1318154389", "josm_url": "http://127.0.0.1:8111/load_object?new_layer=false&objects=w1318154389", "id_url": "https://www.openstreetmap.org/edit?editor=id&way=1318154389#map=20/45.5081255/9.1876306"}}, {"type": "Feature", "geometry": {"type": "Point", "coordinates": [9.1877548, 45.5082174]}, "properties": {"id": 1318154394, "feat_type": "way", "quality_categories": "replaceable_values", "issue_ids": "[0]", "osm_url": "https://www.openstreetmap.org/way/1318154394", "josm_url": "http://127.0.0.1:8111/load_object?new_layer=false&objects=w1318154394", "id_url": "https://www.openstreetmap.org/edit?editor=id&way=1318154394#map=20/45.5082174/9.1877548"}}, {"type": "Feature", "geometry": {"type": "Point", "coordinates": [9.1877377, 45.508355]}, "properties": {"id": 1318154395, "feat_type": "way", "quality_categories": "crossings_lacking_kerbs, replaceable_values", "issue_ids": "[0, 2]", "osm_url": "https://www.openstreetmap.org/way/1318154395", "josm_url": "http://127.0.0.1:8111/load_object?new_layer=false&objects=w1318154395", "id_url": "https://www.openstreetmap.org/edit?editor=id&way=1318154395#map=20/45.508355/9.1877377"}}, {"type": "Feature", "geometry": {"type": "Point", "coordinates": [9.1875877, 45.5078649]}, "properties": {"id": 1318154462, "feat_type": "way", "quality_categories": "crossings_lacking_kerbs, replaceable_values", "issue_ids": "[0, 2]", "osm_url": "https://www.openstreetmap.org/way/1318154462", "josm_url": "http://127.0.0.1:8111/load_object?new_layer=false&objects=w1318154462", "id_url": "https://www.openstreetmap.org/edit?editor=id&way=1318154462#map=20/45.5078649/9.1875877"}}, {"type": "Feature", "geometry": {"type": "Point", "coordinates": [9.243325, 45.4890685]}, "properties": {"id": 1331104380, "feat_type": "way", "quality_categories": "replaceable_values", "issue_ids": "[0]", "osm_url": "https://www.openstreetmap.org/way/1331104380", "josm_url": "http://127.0.0.1:8111/load_object?new_layer=false&objects=w1331104380", "id_url": "https://www.openstreetmap.org/edit?editor=id&way=1331104380#map=20/45.4890685/9.243325"}}, {"type": "Feature", "geometry": {"type": "Point", "coordinates": [9.1709057, 45.458943]}, "properties": {"id": 1331106368, "feat_type": "way", "quality_categories": "crossings_lacking_kerbs, missing_tags, replaceable_values", "issue_ids": "[3, 1, 2]", "osm_url": "https://www.openstreetmap.org/way/1331106368", "josm_url": "http://127.0.0.1:8111/load_object?new_layer=false&objects=w1331106368", "id_url": "https://www.openstreetmap.org/edit?editor=id&way=1331106368#map=20/45.458943/9.1709057"}}, {"type": "Feature", "geometry": {"type": "Point", "coordinates": [9.1414338, 45.4416798]}, "properties": {"id": 1331107596, "feat_type": "way", "quality_categories": "crossings_lacking_kerbs, replaceable_values", "issue_ids": "[0, 2]", "osm_url": "https://www.openstreetmap.org/way/1331107596", "josm_url": "http://127.0.0.1:8111/load_object?new_layer=false&objects=w1331107596", "id_url": "https://www.openstreetmap.org/edit?editor=id&way=1331107596#map=20/45.4416798/9.1414338"}}, {"type": "Feature", "geometry": {"type": "Point", "coordinates": [9.1680264, 45.4613084]}, "properties": {"id": 1331109324, "feat_type": "way", "quality_categories": "missing_tags, replaceable_values", "issue_ids": "[0, 1]", "osm_url": "https://www.openstreetmap.org/way/1331109324", "josm_url": "http://127.0.0.1:8111/load_object?new_layer=false&objects=w1331109324", "id_url": "https://www.openstreetmap.org/edit?editor=id&way=1331109324#map=20/45.4613084/9.1680264"}}, {"type": "Feature", "geometry": {"type": "Point", "coordinates": [9.2389464, 45.4595882]}, "properties": {"id": 1331126238, "feat_type": "way", "quality_categories": "crossings_lacking_kerbs, replaceable_values", "issue_ids": "[0, 2]", "osm_url": "https://www.openstreetmap.org/way/1331126238", "josm_url": "http://127.0.0.1:8111/load_object?new_layer=false&objects=w1331126238", "id_url": "https://www.openstreetmap.org/edit?editor=id&way=1331126238#map=20/45.4595882/9.2389464"}}, {"type": "Feature", "geometry": {"type": "Point", "coordinates": [9.2170747, 45.511393]}, "properties": {"id": 1331128532, "feat_type": "way", "quality_categories": "replaceable_values", "issue_ids": "[0]", "osm_url": "https://www.openstreetmap.org/way/1331128532", "josm_url": "http://127.0.0.1:8111/load_object?new_layer=false&objects=w1331128532", "id_url": "https://www.openstreetmap.org/edit?editor=id&way=1331128532#map=20/45.511393/9.2170747"}}, {"type": "Feature", "geometry": {"type": "Point", "coordinates": [9.1142777, 45.4947166]}, "properties": {"id": 1331129897, "feat_type": "way", "quality_categories": "missing_tags, replaceable_values", "issue_ids": "[0, 1]", "osm_url": "https://www.openstreetmap.org/way/1331129897", "josm_url": "http://127.0.0.1:8111/load_object?new_layer=false&objects=w1331129897", "id_url": "https://www.openstreetmap.org/edit?editor=id&way=1331129897#map=20/45.4947166/9.1142777"}}, {"type": "Feature", "geometry": {"type": "Point", "coordinates": [9.2132406, 45.4681225]}, "properties": {"id": 1338322711, "feat_type": "way", "quality_categories": "crossings_lacking_kerbs, missing_tags, replaceable_values", "issue_ids": "[0, 1, 2]", "osm_url": "https://www.openstreetmap.org/way/1338322711", "josm_url": "http://127.0.0.1:8111/load_object?new_layer=false&objects=w1338322711", "id_url": "https://www.openstreetmap.org/edit?editor=id&way=1338322711#map=20/45.4681225/9.2132406"}}, {"type": "Feature", "geometry": {"type": "Point", "coordinates": [9.2134555, 45.4681247]}, "properties": {"id": 1338322713, "feat_type": "way", "quality_categories": "crossings_lacking_kerbs, missing_tags, replaceable_values", "issue_ids": "[0, 1, 2]", "osm_url": "https://www.openstreetmap.org/way/1338322713", "josm_url": "http://127.0.0.1:8111/load_object?new_layer=false&objects=w1338322713", "id_url": "https://www.openstreetmap.org/edit?editor=id&way=1338322713#map=20/45.4681247/9.2134555"}}, {"type": "Feature", "geometry": {"type": "Point", "coordinates": [9.2145919, 45.4681367]}, "properties": {"id": 1338322715, "feat_type": "way", "quality_categories": "replaceable_values", "issue_ids": "[0]", "osm_url": "https://www.openstreetmap.org/way/1338322715", "josm_url": "http://127.0.0.1:8111/load_object?new_layer=false&objects=w1338322715", "id_url": "https://www.openstreetmap.org/edit?editor=id&way=1338322715#map=20/45.4681367/9.2145919"}}, {"type": "Feature", "geometry": {"type": "Point", "coordinates": [9.211382, 45.467731]}, "properties": {"id": 1338326668, "feat_type": "way", "quality_categories": "crossings_lacking_kerbs, missing_tags, replaceable_values", "issue_ids": "[0, 1, 2]", "osm_url": "https://www.openstreetmap.org/way/1338326668", "josm_url": "http://127.0.0.1:8111/load_object?new_layer=false&objects=w1338326668", "id_url": "https://www.openstreetmap.org/edit?editor=id&way=1338326668#map=20/45.467731/9.211382"}}, {"type": "Feature", "geometry": {"type": "Point", "coordinates": [9.2132476, 45.4677516]}, "properties": {"id": 1338326670, "feat_type": "way", "quality_categories": "crossings_lacking_kerbs, missing_tags, replaceable_values", "issue_ids": "[0, 1, 2]", "osm_url": "https://www.openstreetmap.org/way/1338326670", "josm_url": "http://127.0.0.1:8111/load_object?new_layer=false&objects=w1338326670", "id_url": "https://www.openstreetmap.org/edit?editor=id&way=1338326670#map=20/45.4677516/9.2132476"}}, {"type": "Feature", "geometry": {"type": "Point", "coordinates": [9.2134624, 45.4677539]}, "properties": {"id": 1338326672, "feat_type": "way", "quality_categories": "crossings_lacking_kerbs, missing_tags, replaceable_values", "issue_ids": "[0, 1, 2]", "osm_url": "https://www.openstreetmap.org/way/1338326672", "josm_url": "http://127.0.0.1:8111/load_object?new_layer=false&objects=w1338326672", "id_url": "https://www.openstreetmap.org/edit?editor=id&way=1338326672#map=20/45.4677539/9.2134624"}}, {"type": "Feature", "geometry": {"type": "Point", "coordinates": [9.2145948, 45.4677664]}, "properties": {"id": 1338326674, "feat_type": "way", "quality_categories": "replaceable_values", "issue_ids": "[0]", "osm_url": "https://www.openstreetmap.org/way/1338326674", "josm_url": "http://127.0.0.1:8111/load_object?new_layer=false&objects=w1338326674", "id_url": "https://www.openstreetmap.org/edit?editor=id&way=1338326674#map=20/45.4677664/9.2145948"}}, {"type": "Feature", "geometry": {"type": "Point", "coordinates": [9.2111487, 45.4677124]}, "properties": {"id": 1338333964, "feat_type": "way", "quality_categories": "crossings_lacking_kerbs, missing_tags, replaceable_values", "issue_ids": "[0, 1, 2]", "osm_url": "https://www.openstreetmap.org/way/1338333964", "josm_url": "http://127.0.0.1:8111/load_object?new_layer=false&objects=w1338333964", "id_url": "https://www.openstreetmap.org/edit?editor=id&way=1338333964#map=20/45.4677124/9.2111487"}}, {"type": "Feature", "geometry": {"type": "Point", "coordinates": [9.2504707, 45.4509179]}, "properties": {"id": 1338356587, "feat_type": "way", "quality_categories": "replaceable_values", "issue_ids": "[0]", "osm_url": "https://www.openstreetmap.org/way/1338356587", "josm_url": "http://127.0.0.1:8111/load_object?new_layer=false&objects=w1338356587", "id_url": "https://www.openstreetmap.org/edit?editor=id&way=1338356587#map=20/45.4509179/9.2504707"}}, {"type": "Feature", "geometry": {"type": "Point", "coordinates": [9.2525047, 45.4494216]}, "properties": {"id": 1338361836, "feat_type": "way", "quality_categories": "replaceable_values", "issue_ids": "[0]", "osm_url": "https://www.openstreetmap.org/way/1338361836", "josm_url": "http://127.0.0.1:8111/load_object?new_layer=false&objects=w1338361836", "id_url": "https://www.openstreetmap.org/edit?editor=id&way=1338361836#map=20/45.4494216/9.2525047"}}, {"type": "Feature", "geometry": {"type": "Point", "coordinates": [9.1902763, 45.4808021]}, "properties": {"id": 1338385965, "feat_type": "way", "quality_categories": "missing_tags, replaceable_values", "issue_ids": "[0, 1]", "osm_url": "https://www.openstreetmap.org/way/1338385965", "josm_url": "http://127.0.0.1:8111/load_object?new_layer=false&objects=w1338385965", "id_url": "https://www.openstreetmap.org/edit?editor=id&way=1338385965#map=20/45.4808021/9.1902763"}}, {"type": "Feature", "geometry": {"type": "Point", "coordinates": [9.195595, 45.4883721]}, "properties": {"id": 1338404085, "feat_type": "way", "quality_categories": "replaceable_values", "issue_ids": "[0]", "osm_url": "https://www.openstreetmap.org/way/1338404085", "josm_url": "http://127.0.0.1:8111/load_object?new_layer=false&objects=w1338404085", "id_url": "https://www.openstreetmap.org/edit?editor=id&way=1338404085#map=20/45.4883721/9.195595"}}, {"type": "Feature", "geometry": {"type": "Point", "coordinates": [9.1606532, 45.4608305]}, "properties": {"id": 1338448730, "feat_type": "way", "quality_categories": "crossings_lacking_kerbs, replaceable_values", "issue_ids": "[0, 2]", "osm_url": "https://www.openstreetmap.org/way/1338448730", "josm_url": "http://127.0.0.1:8111/load_object?new_layer=false&objects=w1338448730", "id_url": "https://www.openstreetmap.org/edit?editor=id&way=1338448730#map=20/45.4608305/9.1606532"}}, {"type": "Feature", "geometry": {"type": "Point", "coordinates": [9.185117, 45.4912965]}, "properties": {"id": 1339481458, "feat_type": "way", "quality_categories": "replaceable_values", "issue_ids": "[3]", "osm_url": "https://www.openstreetmap.org/way/1339481458", "josm_url": "http://127.0.0.1:8111/load_object?new_layer=false&objects=w1339481458", "id_url": "https://www.openstreetmap.org/edit?editor=id&way=1339481458#map=20/45.4912965/9.185117"}}, {"type": "Feature", "geometry": {"type": "Point", "coordinates": [9.2256168, 45.4641583]}, "properties": {"id": 1348475724, "feat_type": "way", "quality_categories": "crossings_lacking_kerbs, missing_tags, replaceable_values", "issue_ids": "[0, 1, 2]", "osm_url": "https://www.openstreetmap.org/way/1348475724", "josm_url": "http://127.0.0.1:8111/load_object?new_layer=false&objects=w1348475724", "id_url": "https://www.openstreetmap.org/edit?editor=id&way=1348475724#map=20/45.4641583/9.2256168"}}, {"type": "Feature", "geometry": {"type": "Point", "coordinates": [9.1492799, 45.4329699]}, "properties": {"id": 1350135331, "feat_type": "way", "quality_categories": "crossings_lacking_kerbs, missing_tags, replaceable_values", "issue_ids": "[0, 1, 2]", "osm_url": "https://www.openstreetmap.org/way/1350135331", "josm_url": "http://127.0.0.1:8111/load_object?new_layer=false&objects=w1350135331", "id_url": "https://www.openstreetmap.org/edit?editor=id&way=1350135331#map=20/45.4329699/9.1492799"}}, {"type": "Feature", "geometry": {"type": "Point", "coordinates": [9.2418044, 45.4721052]}, "properties": {"id": 1353437002, "feat_type": "way", "quality_categories": "missing_tags, replaceable_values", "issue_ids": "[0, 1]", "osm_url": "https://www.openstreetmap.org/way/1353437002", "josm_url": "http://127.0.0.1:8111/load_object?new_layer=false&objects=w1353437002", "id_url": "https://www.openstreetmap.org/edit?editor=id&way=1353437002#map=20/45.4721052/9.2418044"}}, {"type": "Feature", "geometry": {"type": "Point", "coordinates": [9.1851472, 45.5126586]}, "properties": {"id": 1353509585, "feat_type": "way", "quality_categories": "crossings_lacking_kerbs, replaceable_values", "issue_ids": "[0, 2]", "osm_url": "https://www.openstreetmap.org/way/1353509585", "josm_url": "http://127.0.0.1:8111/load_object?new_layer=false&objects=w1353509585", "id_url": "https://www.openstreetmap.org/edit?editor=id&way=1353509585#map=20/45.5126586/9.1851472"}}, {"type": "Feature", "geometry": {"type": "Point", "coordinates": [9.1854641, 45.5126501]}, "properties": {"id": 1353509590, "feat_type": "way", "quality_categories": "crossings_lacking_kerbs, replaceable_values", "issue_ids": "[0, 2]", "osm_url": "https://www.openstreetmap.org/way/1353509590", "josm_url": "http://127.0.0.1:8111/load_object?new_layer=false&objects=w1353509590", "id_url": "https://www.openstreetmap.org/edit?editor=id&way=1353509590#map=20/45.5126501/9.1854641"}}, {"type": "Feature", "geometry": {"type": "Point", "coordinates": [9.1865882, 45.4852467]}, "properties": {"id": 1364637672, "feat_type": "way", "quality_categories": "disjointed_geometries, replaceable_values", "issue_ids": "[0, 5]", "osm_url": "https://www.openstreetmap.org/way/1364637672", "josm_url": "http://127.0.0.1:8111/load_object?new_layer=false&objects=w1364637672", "id_url": "https://www.openstreetmap.org/edit?editor=id&way=1364637672#map=20/45.4852467/9.1865882"}}, {"type": "Feature", "geometry": {"type": "Point", "coordinates": [9.1851748, 45.4841328]}, "properties": {"id": 1364637676, "feat_type": "way", "quality_categories": "crossings_lacking_kerbs, missing_tags, replaceable_values", "issue_ids": "[0, 1, 2]", "osm_url": "https://www.openstreetmap.org/way/1364637676", "josm_url": "http://127.0.0.1:8111/load_object?new_layer=false&objects=w1364637676", "id_url": "https://www.openstreetmap.org/edit?editor=id&way=1364637676#map=20/45.4841328/9.1851748"}}, {"type": "Feature", "geometry": {"type": "Point", "coordinates": [9.1729232, 45.5219224]}, "properties": {"id": 1364645449, "feat_type": "way", "quality_categories": "crossings_lacking_kerbs, replaceable_values", "issue_ids": "[0, 2]", "osm_url": "https://www.openstreetmap.org/way/1364645449", "josm_url": "http://127.0.0.1:8111/load_object?new_layer=false&objects=w1364645449", "id_url": "https://www.openstreetmap.org/edit?editor=id&way=1364645449#map=20/45.5219224/9.1729232"}}, {"type": "Feature", "geometry": {"type": "Point", "coordinates": [9.173224, 45.5217185]}, "properties": {"id": 1364645450, "feat_type": "way", "quality_categories": "crossings_lacking_kerbs, missing_tags, replaceable_values", "issue_ids": "[0, 1, 2]", "osm_url": "https://www.openstreetmap.org/way/1364645450", "josm_url": "http://127.0.0.1:8111/load_object?new_layer=false&objects=w1364645450", "id_url": "https://www.openstreetmap.org/edit?editor=id&way=1364645450#map=20/45.5217185/9.173224"}}, {"type": "Feature", "geometry": {"type": "Point", "coordinates": [9.1726421, 45.5214279]}, "properties": {"id": 1364645451, "feat_type": "way", "quality_categories": "crossings_lacking_kerbs, replaceable_values", "issue_ids": "[0, 2]", "osm_url": "https://www.openstreetmap.org/way/1364645451", "josm_url": "http://127.0.0.1:8111/load_object?new_layer=false&objects=w1364645451", "id_url": "https://www.openstreetmap.org/edit?editor=id&way=1364645451#map=20/45.5214279/9.1726421"}}, {"type": "Feature", "geometry": {"type": "Point", "coordinates": [9.1721641, 45.5213687]}, "properties": {"id": 1364645453, "feat_type": "way", "quality_categories": "replaceable_values", "issue_ids": "[0]", "osm_url": "https://www.openstreetmap.org/way/1364645453", "josm_url": "http://127.0.0.1:8111/load_object?new_layer=false&objects=w1364645453", "id_url": "https://www.openstreetmap.org/edit?editor=id&way=1364645453#map=20/45.5213687/9.1721641"}}, {"type": "Feature", "geometry": {"type": "Point", "coordinates": [9.1723012, 45.5212525]}, "properties": {"id": 1364645456, "feat_type": "way", "quality_categories": "replaceable_values", "issue_ids": "[0]", "osm_url": "https://www.openstreetmap.org/way/1364645456", "josm_url": "http://127.0.0.1:8111/load_object?new_layer=false&objects=w1364645456", "id_url": "https://www.openstreetmap.org/edit?editor=id&way=1364645456#map=20/45.5212525/9.1723012"}}, {"type": "Feature", "geometry": {"type": "Point", "coordinates": [9.1721229, 45.5214036]}, "properties": {"id": 1364645457, "feat_type": "way", "quality_categories": "crossings_lacking_kerbs, replaceable_values", "issue_ids": "[0, 2]", "osm_url": "https://www.openstreetmap.org/way/1364645457", "josm_url": "http://127.0.0.1:8111/load_object?new_layer=false&objects=w1364645457", "id_url": "https://www.openstreetmap.org/edit?editor=id&way=1364645457#map=20/45.5214036/9.1721229"}}, {"type": "Feature", "geometry": {"type": "Point", "coordinates": [9.1698657, 45.5196459]}, "properties": {"id": 1364853492, "feat_type": "way", "quality_categories": "replaceable_values", "issue_ids": "[0]", "osm_url": "https://www.openstreetmap.org/way/1364853492", "josm_url": "http://127.0.0.1:8111/load_object?new_layer=false&objects=w1364853492", "id_url": "https://www.openstreetmap.org/edit?editor=id&way=1364853492#map=20/45.5196459/9.1698657"}}, {"type": "Feature", "geometry": {"type": "Point", "coordinates": [9.1697324, 45.5198867]}, "properties": {"id": 1364853495, "feat_type": "way", "quality_categories": "replaceable_values", "issue_ids": "[0]", "osm_url": "https://www.openstreetmap.org/way/1364853495", "josm_url": "http://127.0.0.1:8111/load_object?new_layer=false&objects=w1364853495", "id_url": "https://www.openstreetmap.org/edit?editor=id&way=1364853495#map=20/45.5198867/9.1697324"}}, {"type": "Feature", "geometry": {"type": "Point", "coordinates": [9.170125, 45.5199636]}, "properties": {"id": 1364853498, "feat_type": "way", "quality_categories": "replaceable_values", "issue_ids": "[0]", "osm_url": "https://www.openstreetmap.org/way/1364853498", "josm_url": "http://127.0.0.1:8111/load_object?new_layer=false&objects=w1364853498", "id_url": "https://www.openstreetmap.org/edit?editor=id&way=1364853498#map=20/45.5199636/9.170125"}}, {"type": "Feature", "geometry": {"type": "Point", "coordinates": [9.1713794, 45.5209667]}, "properties": {"id": 1364853507, "feat_type": "way", "quality_categories": "replaceable_values", "issue_ids": "[0]", "osm_url": "https://www.openstreetmap.org/way/1364853507", "josm_url": "http://127.0.0.1:8111/load_object?new_layer=false&objects=w1364853507", "id_url": "https://www.openstreetmap.org/edit?editor=id&way=1364853507#map=20/45.5209667/9.1713794"}}, {"type": "Feature", "geometry": {"type": "Point", "coordinates": [9.1712616, 45.5208892]}, "properties": {"id": 1364853509, "feat_type": "way", "quality_categories": "replaceable_values", "issue_ids": "[0]", "osm_url": "https://www.openstreetmap.org/way/1364853509", "josm_url": "http://127.0.0.1:8111/load_object?new_layer=false&objects=w1364853509", "id_url": "https://www.openstreetmap.org/edit?editor=id&way=1364853509#map=20/45.5208892/9.1712616"}}, {"type": "Feature", "geometry": {"type": "Point", "coordinates": [9.1714297, 45.5207523]}, "properties": {"id": 1364853511, "feat_type": "way", "quality_categories": "replaceable_values", "issue_ids": "[0]", "osm_url": "https://www.openstreetmap.org/way/1364853511", "josm_url": "http://127.0.0.1:8111/load_object?new_layer=false&objects=w1364853511", "id_url": "https://www.openstreetmap.org/edit?editor=id&way=1364853511#map=20/45.5207523/9.1714297"}}, {"type": "Feature", "geometry": {"type": "Point", "coordinates": [9.1445712, 45.4894678]}, "properties": {"id": 1364886868, "feat_type": "way", "quality_categories": "crossings_lacking_kerbs, missing_tags, replaceable_values", "issue_ids": "[0, 1, 2]", "osm_url": "https://www.openstreetmap.org/way/1364886868", "josm_url": "http://127.0.0.1:8111/load_object?new_layer=false&objects=w1364886868", "id_url": "https://www.openstreetmap.org/edit?editor=id&way=1364886868#map=20/45.4894678/9.1445712"}}, {"type": "Feature", "geometry": {"type": "Point", "coordinates": [9.0962575, 45.5042786]}, "properties": {"id": 1365076553, "feat_type": "way", "quality_categories": "crossings_lacking_kerbs, missing_tags, replaceable_values", "issue_ids": "[0, 1, 2]", "osm_url": "https://www.openstreetmap.org/way/1365076553", "josm_url": "http://127.0.0.1:8111/load_object?new_layer=false&objects=w1365076553", "id_url": "https://www.openstreetmap.org/edit?editor=id&way=1365076553#map=20/45.5042786/9.0962575"}}, {"type": "Feature", "geometry": {"type": "Point", "coordinates": [9.0976624, 45.5040763]}, "properties": {"id": 1365084158, "feat_type": "way", "quality_categories": "crossings_lacking_kerbs, missing_tags, replaceable_values", "issue_ids": "[0, 1, 2]", "osm_url": "https://www.openstreetmap.org/way/1365084158", "josm_url": "http://127.0.0.1:8111/load_object?new_layer=false&objects=w1365084158", "id_url": "https://www.openstreetmap.org/edit?editor=id&way=1365084158#map=20/45.5040763/9.0976624"}}, {"type": "Feature", "geometry": {"type": "Point", "coordinates": [9.2024755, 45.4840787]}, "properties": {"id": 1365107861, "feat_type": "way", "quality_categories": "replaceable_values", "issue_ids": "[0]", "osm_url": "https://www.openstreetmap.org/way/1365107861", "josm_url": "http://127.0.0.1:8111/load_object?new_layer=false&objects=w1365107861", "id_url": "https://www.openstreetmap.org/edit?editor=id&way=1365107861#map=20/45.4840787/9.2024755"}}, {"type": "Feature", "geometry": {"type": "Point", "coordinates": [9.099521, 45.502766]}, "properties": {"id": 1365327897, "feat_type": "way", "quality_categories": "crossings_lacking_kerbs, missing_tags, replaceable_values", "issue_ids": "[0, 1, 2]", "osm_url": "https://www.openstreetmap.org/way/1365327897", "josm_url": "http://127.0.0.1:8111/load_object?new_layer=false&objects=w1365327897", "id_url": "https://www.openstreetmap.org/edit?editor=id&way=1365327897#map=20/45.502766/9.099521"}}, {"type": "Feature", "geometry": {"type": "Point", "coordinates": [9.121884, 45.4906611]}, "properties": {"id": 1365337538, "feat_type": "way", "quality_categories": "crossings_lacking_kerbs, missing_tags, replaceable_values", "issue_ids": "[0, 1, 2]", "osm_url": "https://www.openstreetmap.org/way/1365337538", "josm_url": "http://127.0.0.1:8111/load_object?new_layer=false&objects=w1365337538", "id_url": "https://www.openstreetmap.org/edit?editor=id&way=1365337538#map=20/45.4906611/9.121884"}}, {"type": "Feature", "geometry": {"type": "Point", "coordinates": [9.1965396, 45.5211038]}, "properties": {"id": 1365387447, "feat_type": "way", "quality_categories": "crossings_lacking_kerbs, replaceable_values, wrong_mispelled_or_unlisted_values", "issue_ids": "[0, 6, 2]", "osm_url": "https://www.openstreetmap.org/way/1365387447", "josm_url": "http://127.0.0.1:8111/load_object?new_layer=false&objects=w1365387447", "id_url": "https://www.openstreetmap.org/edit?editor=id&way=1365387447#map=20/45.5211038/9.1965396"}}, {"type": "Feature", "geometry": {"type": "Point", "coordinates": [9.1964816, 45.5210917]}, "properties": {"id": 1365387448, "feat_type": "way", "quality_categories": "crossings_lacking_kerbs, replaceable_values", "issue_ids": "[0, 2]", "osm_url": "https://www.openstreetmap.org/way/1365387448", "josm_url": "http://127.0.0.1:8111/load_object?new_layer=false&objects=w1365387448", "id_url": "https://www.openstreetmap.org/edit?editor=id&way=1365387448#map=20/45.5210917/9.1964816"}}, {"type": "Feature", "geometry": {"type": "Point", "coordinates": [9.1683019, 45.4653242]}, "properties": {"id": 1373769942, "feat_type": "way", "quality_categories": "replaceable_values", "issue_ids": "[0]", "osm_url": "https://www.openstreetmap.org/way/1373769942", "josm_url": "http://127.0.0.1:8111/load_object?new_layer=false&objects=w1373769942", "id_url": "https://www.openstreetmap.org/edit?editor=id&way=1373769942#map=20/45.4653242/9.1683019"}}, {"type": "Feature", "geometry": {"type": "Point", "coordinates": [9.2179524, 45.5016962]}, "properties": {"id": 1385348853, "feat_type": "way", "quality_categories": "crossings_lacking_kerbs, missing_tags, replaceable_values", "issue_ids": "[0, 1, 2]", "osm_url": "https://www.openstreetmap.org/way/1385348853", "josm_url": "http://127.0.0.1:8111/load_object?new_layer=false&objects=w1385348853", "id_url": "https://www.openstreetmap.org/edit?editor=id&way=1385348853#map=20/45.5016962/9.2179524"}}, {"type": "Feature", "geometry": {"type": "Point", "coordinates": [9.2121134, 45.4777111]}, "properties": {"id": 1409581267, "feat_type": "way", "quality_categories": "crossings_lacking_kerbs, missing_tags, replaceable_values", "issue_ids": "[0, 1, 2]", "osm_url": "https://www.openstreetmap.org/way/1409581267", "josm_url": "http://127.0.0.1:8111/load_object?new_layer=false&objects=w1409581267", "id_url": "https://www.openstreetmap.org/edit?editor=id&way=1409581267#map=20/45.4777111/9.2121134"}}, {"type": "Feature", "geometry": {"type": "Point", "coordinates": [9.2132121, 45.4886311]}, "properties": {"id": 1409589099, "feat_type": "way", "quality_categories": "missing_tags, replaceable_values", "issue_ids": "[0, 1]", "osm_url": "https://www.openstreetmap.org/way/1409589099", "josm_url": "http://127.0.0.1:8111/load_object?new_layer=false&objects=w1409589099", "id_url": "https://www.openstreetmap.org/edit?editor=id&way=1409589099#map=20/45.4886311/9.2132121"}}, {"type": "Feature", "geometry": {"type": "Point", "coordinates": [9.1780584, 45.4149804]}, "properties": {"id": 1416269552, "feat_type": "way", "quality_categories": "crossings_lacking_kerbs, replaceable_values", "issue_ids": "[0, 2]", "osm_url": "https://www.openstreetmap.org/way/1416269552", "josm_url": "http://127.0.0.1:8111/load_object?new_layer=false&objects=w1416269552", "id_url": "https://www.openstreetmap.org/edit?editor=id&way=1416269552#map=20/45.4149804/9.1780584"}}, {"type": "Feature", "geometry": {"type": "Point", "coordinates": [9.1799616, 45.4523975]}, "properties": {"id": 1416835208, "feat_type": "way", "quality_categories": "replaceable_values, wrong_mispelled_or_unlisted_values", "issue_ids": "[0, 7]", "osm_url": "https://www.openstreetmap.org/way/1416835208", "josm_url": "http://127.0.0.1:8111/load_object?new_layer=false&objects=w1416835208", "id_url": "https://www.openstreetmap.org/edit?editor=id&way=1416835208#map=20/45.4523975/9.1799616"}}, {"type": "Feature", "geometry": {"type": "Point", "coordinates": [9.2569456, 45.5127415]}, "properties": {"id": 1420727090, "feat_type": "way", "quality_categories": "crossings_lacking_kerbs, missing_tags, replaceable_values", "issue_ids": "[0, 1, 2]", "osm_url": "https://www.openstreetmap.org/way/1420727090", "josm_url": "http://127.0.0.1:8111/load_object?new_layer=false&objects=w1420727090", "id_url": "https://www.openstreetmap.org/edit?editor=id&way=1420727090#map=20/45.5127415/9.2569456"}}, {"type": "Feature", "geometry": {"type": "Point", "coordinates": [9.2568533, 45.5128107]}, "properties": {"id": 1420727092, "feat_type": "way", "quality_categories": "crossings_lacking_kerbs, missing_tags, replaceable_values", "issue_ids": "[0, 1, 2]", "osm_url": "https://www.openstreetmap.org/way/1420727092", "josm_url": "http://127.0.0.1:8111/load_object?new_layer=false&objects=w1420727092", "id_url": "https://www.openstreetmap.org/edit?editor=id&way=1420727092#map=20/45.5128107/9.2568533"}}, {"type": "Feature", "geometry": {"type": "Point", "coordinates": [9.1514071, 45.4736789]}, "properties": {"id": 1421046821, "feat_type": "way", "quality_categories": "crossings_lacking_kerbs, missing_tags, replaceable_values", "issue_ids": "[0, 1, 2]", "osm_url": "https://www.openstreetmap.org/way/1421046821", "josm_url": "http://127.0.0.1:8111/load_object?new_layer=false&objects=w1421046821", "id_url": "https://www.openstreetmap.org/edit?editor=id&way=1421046821#map=20/45.4736789/9.1514071"}}, {"type": "Feature", "geometry": {"type": "Point", "coordinates": [9.1102835, 45.4967237]}, "properties": {"id": 1421059278, "feat_type": "way", "quality_categories": "crossings_lacking_kerbs, replaceable_values", "issue_ids": "[0, 2]", "osm_url": "https://www.openstreetmap.org/way/1421059278", "josm_url": "http://127.0.0.1:8111/load_object?new_layer=false&objects=w1421059278", "id_url": "https://www.openstreetmap.org/edit?editor=id&way=1421059278#map=20/45.4967237/9.1102835"}}, {"type": "Feature", "geometry": {"type": "Point", "coordinates": [9.1105043, 45.4966947]}, "properties": {"id": 1421059280, "feat_type": "way", "quality_categories": "crossings_lacking_kerbs, replaceable_values", "issue_ids": "[0, 2]", "osm_url": "https://www.openstreetmap.org/way/1421059280", "josm_url": "http://127.0.0.1:8111/load_object?new_layer=false&objects=w1421059280", "id_url": "https://www.openstreetmap.org/edit?editor=id&way=1421059280#map=20/45.4966947/9.1105043"}}, {"type": "Feature", "geometry": {"type": "Point", "coordinates": [9.1105788, 45.4966832]}, "properties": {"id": 1421059281, "feat_type": "way", "quality_categories": "crossings_lacking_kerbs, missing_tags, replaceable_values", "issue_ids": "[0, 1, 2]", "osm_url": "https://www.openstreetmap.org/way/1421059281", "josm_url": "http://127.0.0.1:8111/load_object?new_layer=false&objects=w1421059281", "id_url": "https://www.openstreetmap.org/edit?editor=id&way=1421059281#map=20/45.4966832/9.1105788"}}, {"type": "Feature", "geometry": {"type": "Point", "coordinates": [9.204329, 45.4963826]}, "properties": {"id": 1428346257, "feat_type": "way", "quality_categories": "crossings_lacking_kerbs, missing_tags, replaceable_values", "issue_ids": "[0, 1, 2]", "osm_url": "https://www.openstreetmap.org/way/1428346257", "josm_url": "http://127.0.0.1:8111/load_object?new_layer=false&objects=w1428346257", "id_url": "https://www.openstreetmap.org/edit?editor=id&way=1428346257#map=20/45.4963826/9.204329"}}, {"type": "Feature", "geometry": {"type": "Point", "coordinates": [9.2278257, 45.4643501]}, "properties": {"id": 1431107689, "feat_type": "way", "quality_categories": "replaceable_values", "issue_ids": "[3]", "osm_url": "https://www.openstreetmap.org/way/1431107689", "josm_url": "http://127.0.0.1:8111/load_object?new_layer=false&objects=w1431107689", "id_url": "https://www.openstreetmap.org/edit?editor=id&way=1431107689#map=20/45.4643501/9.2278257"}}, {"type": "Feature", "geometry": {"type": "Point", "coordinates": [9.2045575, 45.4845423]}, "properties": {"id": 1431136931, "feat_type": "way", "quality_categories": "replaceable_values", "issue_ids": "[3]", "osm_url": "https://www.openstreetmap.org/way/1431136931", "josm_url": "http://127.0.0.1:8111/load_object?new_layer=false&objects=w1431136931", "id_url": "https://www.openstreetmap.org/edit?editor=id&way=1431136931#map=20/45.4845423/9.2045575"}}, {"type": "Feature", "geometry": {"type": "Point", "coordinates": [9.1350168, 45.4996783]}, "properties": {"id": 1432014944, "feat_type": "way", "quality_categories": "missing_tags, replaceable_values", "issue_ids": "[0, 1]", "osm_url": "https://www.openstreetmap.org/way/1432014944", "josm_url": "http://127.0.0.1:8111/load_object?new_layer=false&objects=w1432014944", "id_url": "https://www.openstreetmap.org/edit?editor=id&way=1432014944#map=20/45.4996783/9.1350168"}}, {"type": "Feature", "geometry": {"type": "Point", "coordinates": [9.2134194, 45.4915486]}, "properties": {"id": 1433140619, "feat_type": "way", "quality_categories": "crossings_lacking_kerbs, replaceable_values", "issue_ids": "[0, 2]", "osm_url": "https://www.openstreetmap.org/way/1433140619", "josm_url": "http://127.0.0.1:8111/load_object?new_layer=false&objects=w1433140619", "id_url": "https://www.openstreetmap.org/edit?editor=id&way=1433140619#map=20/45.4915486/9.2134194"}}, {"type": "Feature", "geometry": {"type": "Point", "coordinates": [9.2458681, 45.5137755]}, "properties": {"id": 1433355233, "feat_type": "way", "quality_categories": "missing_tags, replaceable_values", "issue_ids": "[0, 1]", "osm_url": "https://www.openstreetmap.org/way/1433355233", "josm_url": "http://127.0.0.1:8111/load_object?new_layer=false&objects=w1433355233", "id_url": "https://www.openstreetmap.org/edit?editor=id&way=1433355233#map=20/45.5137755/9.2458681"}}, {"type": "Feature", "geometry": {"type": "Point", "coordinates": [9.1854625, 45.5125771]}, "properties": {"id": 1433356764, "feat_type": "way", "quality_categories": "crossings_lacking_kerbs, replaceable_values", "issue_ids": "[0, 2]", "osm_url": "https://www.openstreetmap.org/way/1433356764", "josm_url": "http://127.0.0.1:8111/load_object?new_layer=false&objects=w1433356764", "id_url": "https://www.openstreetmap.org/edit?editor=id&way=1433356764#map=20/45.5125771/9.1854625"}}, {"type": "Feature", "geometry": {"type": "Point", "coordinates": [9.1300275, 45.4510618]}, "properties": {"id": 1433366298, "feat_type": "way", "quality_categories": "crossings_lacking_kerbs, missing_tags, replaceable_values", "issue_ids": "[0, 1, 2]", "osm_url": "https://www.openstreetmap.org/way/1433366298", "josm_url": "http://127.0.0.1:8111/load_object?new_layer=false&objects=w1433366298", "id_url": "https://www.openstreetmap.org/edit?editor=id&way=1433366298#map=20/45.4510618/9.1300275"}}, {"type": "Feature", "geometry": {"type": "Point", "coordinates": [9.2107348, 45.5069074]}, "properties": {"id": 1433373060, "feat_type": "way", "quality_categories": "crossings_lacking_kerbs, replaceable_values", "issue_ids": "[0, 2]", "osm_url": "https://www.openstreetmap.org/way/1433373060", "josm_url": "http://127.0.0.1:8111/load_object?new_layer=false&objects=w1433373060", "id_url": "https://www.openstreetmap.org/edit?editor=id&way=1433373060#map=20/45.5069074/9.2107348"}}, {"type": "Feature", "geometry": {"type": "Point", "coordinates": [9.1733521, 45.4229604]}, "properties": {"id": 1433376887, "feat_type": "way", "quality_categories": "crossings_lacking_kerbs, replaceable_values", "issue_ids": "[0, 2]", "osm_url": "https://www.openstreetmap.org/way/1433376887", "josm_url": "http://127.0.0.1:8111/load_object?new_layer=false&objects=w1433376887", "id_url": "https://www.openstreetmap.org/edit?editor=id&way=1433376887#map=20/45.4229604/9.1733521"}}, {"type": "Feature", "geometry": {"type": "Point", "coordinates": [9.1733605, 45.4230621]}, "properties": {"id": 1433376889, "feat_type": "way", "quality_categories": "crossings_lacking_kerbs, replaceable_values", "issue_ids": "[0, 2]", "osm_url": "https://www.openstreetmap.org/way/1433376889", "josm_url": "http://127.0.0.1:8111/load_object?new_layer=false&objects=w1433376889", "id_url": "https://www.openstreetmap.org/edit?editor=id&way=1433376889#map=20/45.4230621/9.1733605"}}, {"type": "Feature", "geometry": {"type": "Point", "coordinates": [9.2267871, 45.450513]}, "properties": {"id": 1433378053, "feat_type": "way", "quality_categories": "missing_tags, replaceable_values", "issue_ids": "[0, 1]", "osm_url": "https://www.openstreetmap.org/way/1433378053", "josm_url": "http://127.0.0.1:8111/load_object?new_layer=false&objects=w1433378053", "id_url": "https://www.openstreetmap.org/edit?editor=id&way=1433378053#map=20/45.450513/9.2267871"}}, {"type": "Feature", "geometry": {"type": "Point", "coordinates": [9.2267852, 45.4506336]}, "properties": {"id": 1433378056, "feat_type": "way", "quality_categories": "missing_tags, replaceable_values", "issue_ids": "[0, 1]", "osm_url": "https://www.openstreetmap.org/way/1433378056", "josm_url": "http://127.0.0.1:8111/load_object?new_layer=false&objects=w1433378056", "id_url": "https://www.openstreetmap.org/edit?editor=id&way=1433378056#map=20/45.4506336/9.2267852"}}, {"type": "Feature", "geometry": {"type": "Point", "coordinates": [9.1525496, 45.4726535]}, "properties": {"id": 1433381595, "feat_type": "way", "quality_categories": "replaceable_values", "issue_ids": "[0]", "osm_url": "https://www.openstreetmap.org/way/1433381595", "josm_url": "http://127.0.0.1:8111/load_object?new_layer=false&objects=w1433381595", "id_url": "https://www.openstreetmap.org/edit?editor=id&way=1433381595#map=20/45.4726535/9.1525496"}}, {"type": "Feature", "geometry": {"type": "Point", "coordinates": [9.1523571, 45.4725285]}, "properties": {"id": 1433381596, "feat_type": "way", "quality_categories": "replaceable_values", "issue_ids": "[0]", "osm_url": "https://www.openstreetmap.org/way/1433381596", "josm_url": "http://127.0.0.1:8111/load_object?new_layer=false&objects=w1433381596", "id_url": "https://www.openstreetmap.org/edit?editor=id&way=1433381596#map=20/45.4725285/9.1523571"}}, {"type": "Feature", "geometry": {"type": "Point", "coordinates": [9.1428699, 45.4997323]}, "properties": {"id": 1446576557, "feat_type": "way", "quality_categories": "replaceable_values", "issue_ids": "[0]", "osm_url": "https://www.openstreetmap.org/way/1446576557", "josm_url": "http://127.0.0.1:8111/load_object?new_layer=false&objects=w1446576557", "id_url": "https://www.openstreetmap.org/edit?editor=id&way=1446576557#map=20/45.4997323/9.1428699"}}, {"type": "Feature", "geometry": {"type": "Point", "coordinates": [9.1029531, 45.4602501]}, "properties": {"id": 1447556667, "feat_type": "way", "quality_categories": "crossings_lacking_kerbs, replaceable_values", "issue_ids": "[0, 2]", "osm_url": "https://www.openstreetmap.org/way/1447556667", "josm_url": "http://127.0.0.1:8111/load_object?new_layer=false&objects=w1447556667", "id_url": "https://www.openstreetmap.org/edit?editor=id&way=1447556667#map=20/45.4602501/9.1029531"}}, {"type": "Feature", "geometry": {"type": "Point", "coordinates": [9.2008145, 45.4759354]}, "properties": {"id": 1447813147, "feat_type": "way", "quality_categories": "missing_tags, replaceable_values", "issue_ids": "[0, 1]", "osm_url": "https://www.openstreetmap.org/way/1447813147", "josm_url": "http://127.0.0.1:8111/load_object?new_layer=false&objects=w1447813147", "id_url": "https://www.openstreetmap.org/edit?editor=id&way=1447813147#map=20/45.4759354/9.2008145"}}, {"type": "Feature", "geometry": {"type": "Point", "coordinates": [9.1823001, 45.4663804]}, "properties": {"id": 1449714669, "feat_type": "way", "quality_categories": "crossings_lacking_kerbs, replaceable_values", "issue_ids": "[0, 2]", "osm_url": "https://www.openstreetmap.org/way/1449714669", "josm_url": "http://127.0.0.1:8111/load_object?new_layer=false&objects=w1449714669", "id_url": "https://www.openstreetmap.org/edit?editor=id&way=1449714669#map=20/45.4663804/9.1823001"}}, {"type": "Feature", "geometry": {"type": "Point", "coordinates": [9.2226399, 45.4677869]}, "properties": {"id": 1449856954, "feat_type": "way", "quality_categories": "replaceable_values", "issue_ids": "[0]", "osm_url": "https://www.openstreetmap.org/way/1449856954", "josm_url": "http://127.0.0.1:8111/load_object?new_layer=false&objects=w1449856954", "id_url": "https://www.openstreetmap.org/edit?editor=id&way=1449856954#map=20/45.4677869/9.2226399"}}, {"type": "Feature", "geometry": {"type": "Point", "coordinates": [9.1735605, 45.4336821]}, "properties": {"id": 1452931021, "feat_type": "way", "quality_categories": "crossings_lacking_kerbs, missing_tags, replaceable_values", "issue_ids": "[0, 1, 2]", "osm_url": "https://www.openstreetmap.org/way/1452931021", "josm_url": "http://127.0.0.1:8111/load_object?new_layer=false&objects=w1452931021", "id_url": "https://www.openstreetmap.org/edit?editor=id&way=1452931021#map=20/45.4336821/9.1735605"}}, {"type": "Feature", "geometry": {"type": "Point", "coordinates": [9.1738333, 45.4348484]}, "properties": {"id": 1452931022, "feat_type": "way", "quality_categories": "crossings_lacking_kerbs, missing_tags, replaceable_values", "issue_ids": "[0, 1, 2]", "osm_url": "https://www.openstreetmap.org/way/1452931022", "josm_url": "http://127.0.0.1:8111/load_object?new_layer=false&objects=w1452931022", "id_url": "https://www.openstreetmap.org/edit?editor=id&way=1452931022#map=20/45.4348484/9.1738333"}}, {"type": "Feature", "geometry": {"type": "Point", "coordinates": [9.2045302, 45.5230277]}, "properties": {"id": 1461423005, "feat_type": "way", "quality_categories": "crossings_lacking_kerbs, replaceable_values", "issue_ids": "[0, 2]", "osm_url": "https://www.openstreetmap.org/way/1461423005", "josm_url": "http://127.0.0.1:8111/load_object?new_layer=false&objects=w1461423005", "id_url": "https://www.openstreetmap.org/edit?editor=id&way=1461423005#map=20/45.5230277/9.2045302"}}, {"type": "Feature", "geometry": {"type": "Point", "coordinates": [9.176736, 45.4150681]}, "properties": {"id": 1471759182, "feat_type": "way", "quality_categories": "crossings_lacking_kerbs, replaceable_values", "issue_ids": "[0, 2]", "osm_url": "https://www.openstreetmap.org/way/1471759182", "josm_url": "http://127.0.0.1:8111/load_object?new_layer=false&objects=w1471759182", "id_url": "https://www.openstreetmap.org/edit?editor=id&way=1471759182#map=20/45.4150681/9.176736"}}, {"type": "Feature", "geometry": {"type": "Point", "coordinates": [9.1747005, 45.4382267]}, "properties": {"id": 1486884351, "feat_type": "way", "quality_categories": "crossings_lacking_kerbs, missing_tags, replaceable_values", "issue_ids": "[0, 1, 2]", "osm_url": "https://www.openstreetmap.org/way/1486884351", "josm_url": "http://127.0.0.1:8111/load_object?new_layer=false&objects=w1486884351", "id_url": "https://www.openstreetmap.org/edit?editor=id&way=1486884351#map=20/45.4382267/9.1747005"}}, {"type": "Feature", "geometry": {"type": "Point", "coordinates": [9.1741716, 45.4362774]}, "properties": {"id": 1486884353, "feat_type": "way", "quality_categories": "crossings_lacking_kerbs, missing_tags, replaceable_values", "issue_ids": "[0, 1, 2]", "osm_url": "https://www.openstreetmap.org/way/1486884353", "josm_url": "http://127.0.0.1:8111/load_object?new_layer=false&objects=w1486884353", "id_url": "https://www.openstreetmap.org/edit?editor=id&way=1486884353#map=20/45.4362774/9.1741716"}}, {"type": "Feature", "geometry": {"type": "Point", "coordinates": [9.17387, 45.4350106]}, "properties": {"id": 1486884355, "feat_type": "way", "quality_categories": "crossings_lacking_kerbs, missing_tags, replaceable_values", "issue_ids": "[0, 1, 2]", "osm_url": "https://www.openstreetmap.org/way/1486884355", "josm_url": "http://127.0.0.1:8111/load_object?new_layer=false&objects=w1486884355", "id_url": "https://www.openstreetmap.org/edit?editor=id&way=1486884355#map=20/45.4350106/9.17387"}}]}