{"type": "FeatureCollection", "features": [{"type": "Feature", "geometry": {"type": "Point", "coordinates": [-49.273757633799455, -25.42753085]}, "properties": {"id": 5308815, "feat_type": "relation", "quality_categories": "older_than_five_years", "issue_ids": "[0]", "osm_url": "https://www.openstreetmap.org/relation/5308815", "josm_url": "http://127.0.0.1:8111/load_object?new_layer=false&objects=r5308815", "id_url": "https://www.openstreetmap.org/edit?editor=id&relation=5308815#map=20/-25.42753085/-49.273757633799455"}}, {"type": "Feature", "geometry": {"type": "Point", "coordinates": [-49.27002470712658, -25.43331455]}, "properties": {"id": 14750142, "feat_type": "relation", "quality_categories": "older_than_five_years", "issue_ids": "[1]", "osm_url": "https://www.openstreetmap.org/relation/14750142", "josm_url": "http://127.0.0.1:8111/load_object?new_layer=false&objects=r14750142", "id_url": "https://www.openstreetmap.org/edit?editor=id&relation=14750142#map=20/-25.43331455/-49.27002470712658"}}, {"type": "Feature", "geometry": {"type": "Point", "coordinates": [-49.267801684083146, -25.42526325]}, "properties": {"id": 15097192, "feat_type": "relation", "quality_categories": "older_than_five_years", "issue_ids": "[2]", "osm_url": "https://www.openstreetmap.org/relation/15097192", "josm_url": "http://127.0.0.1:8111/load_object?new_layer=false&objects=r15097192", "id_url": "https://www.openstreetmap.org/edit?editor=id&relation=15097192#map=20/-25.42526325/-49.267801684083146"}}, {"type": "Feature", "geometry": {"type": "Point", "coordinates": [-49.27390432261328, -25.43574825]}, "properties": {"id": 16177013, "feat_type": "relation", "quality_categories": "older_than_five_years", "issue_ids": "[3]", "osm_url": "https://www.openstreetmap.org/relation/16177013", "josm_url": "http://127.0.0.1:8111/load_object?new_layer=false&objects=r16177013", "id_url": "https://www.openstreetmap.org/edit?editor=id&relation=16177013#map=20/-25.43574825/-49.27390432261328"}}, {"type": "Feature", "geometry": {"type": "Point", "coordinates": [-49.271508948844776, -25.43113645]}, "properties": {"id": 16338803, "feat_type": "relation", "quality_categories": "older_than_five_years", "issue_ids": "[2]", "osm_url": "https://www.openstreetmap.org/relation/16338803", "josm_url": "http://127.0.0.1:8111/load_object?new_layer=false&objects=r16338803", "id_url": "https://www.openstreetmap.org/edit?editor=id&relation=16338803#map=20/-25.43113645/-49.271508948844776"}}, {"type": "Feature", "geometry": {"type": "Point", "coordinates": [-49.27245027295075, -25.427645849999998]}, "properties": {"id": 16356615, "feat_type": "relation", "quality_categories": "older_than_five_years", "issue_ids": "[4]", "osm_url": "https://www.openstreetmap.org/relation/16356615", "josm_url": "http://127.0.0.1:8111/load_object?new_layer=false&objects=r16356615", "id_url": "https://www.openstreetmap.org/edit?editor=id&relation=16356615#map=20/-25.427645849999998/-49.27245027295075"}}, {"type": "Feature", "geometry": {"type": "Point", "coordinates": [-49.27288660263794, -25.43242265]}, "properties": {"id": 17461247, "feat_type": "relation", "quality_categories": "missing_tags, older_than_five_years", "issue_ids": "[5, 6]", "osm_url": "https://www.openstreetmap.org/relation/17461247", "josm_url": "http://127.0.0.1:8111/load_object?new_layer=false&objects=r17461247", "id_url": "https://www.openstreetmap.org/edit?editor=id&relation=17461247#map=20/-25.43242265/-49.27288660263794"}}, {"type": "Feature", "geometry": {"type": "Point", "coordinates": [-49.2676349699602, -25.41153655]}, "properties": {"id": 18788303, "feat_type": "relation", "quality_categories": "missing_tags, older_than_five_years", "issue_ids": "[7, 6]", "osm_url": "https://www.openstreetmap.org/relation/18788303", "josm_url": "http://127.0.0.1:8111/load_object?new_layer=false&objects=r18788303", "id_url": "https://www.openstreetmap.org/edit?editor=id&relation=18788303#map=20/-25.41153655/-49.2676349699602"}}, {"type": "Feature", "geometry": {"type": "Point", "coordinates": [-49.2393497, -25.4417621]}, "properties": {"id": 24603582, "feat_type": "way", "quality_categories": "missing_tags, older_than_five_years", "issue_ids": "[8, 6]", "osm_url": "https://www.openstreetmap.org/way/24603582", "josm_url": "http://127.0.0.1:8111/load_object?new_layer=false&objects=w24603582", "id_url": "https://www.openstreetmap.org/edit?editor=id&way=24603582#map=20/-25.4417621/-49.2393497"}}, {"type": "Feature", "geometry": {"type": "Point", "coordinates": [-49.2388052, -25.4418972]}, "properties": {"id": 24603583, "feat_type": "way", "quality_categories": "missing_tags, older_than_five_years", "issue_ids": "[9, 6]", "osm_url": "https://www.openstreetmap.org/way/24603583", "josm_url": "http://127.0.0.1:8111/load_object?new_layer=false&objects=w24603583", "id_url": "https://www.openstreetmap.org/edit?editor=id&way=24603583#map=20/-25.4418972/-49.2388052"}}, {"type": "Feature", "geometry": {"type": "Point", "coordinates": [-49.239194, -25.4417329]}, "properties": {"id": 24603584, "feat_type": "way", "quality_categories": "missing_tags, older_than_five_years", "issue_ids": "[9, 6]", "osm_url": "https://www.openstreetmap.org/way/24603584", "josm_url": "http://127.0.0.1:8111/load_object?new_layer=false&objects=w24603584", "id_url": "https://www.openstreetmap.org/edit?editor=id&way=24603584#map=20/-25.4417329/-49.239194"}}, {"type": "Feature", "geometry": {"type": "Point", "coordinates": [-49.2399325, -25.4421207]}, "properties": {"id": 24603589, "feat_type": "way", "quality_categories": "missing_tags, older_than_five_years", "issue_ids": "[10, 6]", "osm_url": "https://www.openstreetmap.org/way/24603589", "josm_url": "http://127.0.0.1:8111/load_object?new_layer=false&objects=w24603589", "id_url": "https://www.openstreetmap.org/edit?editor=id&way=24603589#map=20/-25.4421207/-49.2399325"}}, {"type": "Feature", "geometry": {"type": "Point", "coordinates": [-49.2399655, -25.4413148]}, "properties": {"id": 24603591, "feat_type": "way", "quality_categories": "missing_tags, older_than_five_years", "issue_ids": "[9, 6]", "osm_url": "https://www.openstreetmap.org/way/24603591", "josm_url": "http://127.0.0.1:8111/load_object?new_layer=false&objects=w24603591", "id_url": "https://www.openstreetmap.org/edit?editor=id&way=24603591#map=20/-25.4413148/-49.2399655"}}, {"type": "Feature", "geometry": {"type": "Point", "coordinates": [-49.2383147, -25.4425373]}, "properties": {"id": 24603597, "feat_type": "way", "quality_categories": "missing_tags, older_than_five_years", "issue_ids": "[11, 6]", "osm_url": "https://www.openstreetmap.org/way/24603597", "josm_url": "http://127.0.0.1:8111/load_object?new_layer=false&objects=w24603597", "id_url": "https://www.openstreetmap.org/edit?editor=id&way=24603597#map=20/-25.4425373/-49.2383147"}}, {"type": "Feature", "geometry": {"type": "Point", "coordinates": [-49.239746, -25.442296]}, "properties": {"id": 24603630, "feat_type": "way", "quality_categories": "missing_tags, older_than_five_years", "issue_ids": "[9, 6]", "osm_url": "https://www.openstreetmap.org/way/24603630", "josm_url": "http://127.0.0.1:8111/load_object?new_layer=false&objects=w24603630", "id_url": "https://www.openstreetmap.org/edit?editor=id&way=24603630#map=20/-25.442296/-49.239746"}}, {"type": "Feature", "geometry": {"type": "Point", "coordinates": [-49.2499446, -25.4501519]}, "properties": {"id": 24791905, "feat_type": "way", "quality_categories": "missing_tags, older_than_five_years", "issue_ids": "[12, 6]", "osm_url": "https://www.openstreetmap.org/way/24791905", "josm_url": "http://127.0.0.1:8111/load_object?new_layer=false&objects=w24791905", "id_url": "https://www.openstreetmap.org/edit?editor=id&way=24791905#map=20/-25.4501519/-49.2499446"}}, {"type": "Feature", "geometry": {"type": "Point", "coordinates": [-49.2942195, -25.4041558]}, "properties": {"id": 30049726, "feat_type": "way", "quality_categories": "missing_tags, older_than_five_years", "issue_ids": "[13, 6]", "osm_url": "https://www.openstreetmap.org/way/30049726", "josm_url": "http://127.0.0.1:8111/load_object?new_layer=false&objects=w30049726", "id_url": "https://www.openstreetmap.org/edit?editor=id&way=30049726#map=20/-25.4041558/-49.2942195"}}, {"type": "Feature", "geometry": {"type": "Point", "coordinates": [-49.293908, -25.403852]}, "properties": {"id": 30049727, "feat_type": "way", "quality_categories": "missing_tags, older_than_five_years", "issue_ids": "[13, 6]", "osm_url": "https://www.openstreetmap.org/way/30049727", "josm_url": "http://127.0.0.1:8111/load_object?new_layer=false&objects=w30049727", "id_url": "https://www.openstreetmap.org/edit?editor=id&way=30049727#map=20/-25.403852/-49.293908"}}, {"type": "Feature", "geometry": {"type": "Point", "coordinates": [-49.2936216, -25.4041875]}, "properties": {"id": 30049728, "feat_type": "way", "quality_categories": "missing_tags, older_than_five_years", "issue_ids": "[13, 6]", "osm_url": "https://www.openstreetmap.org/way/30049728", "josm_url": "http://127.0.0.1:8111/load_object?new_layer=false&objects=w30049728", "id_url": "https://www.openstreetmap.org/edit?editor=id&way=30049728#map=20/-25.4041875/-49.2936216"}}, {"type": "Feature", "geometry": {"type": "Point", "coordinates": [-49.3012993, -25.4032086]}, "properties": {"id": 30050374, "feat_type": "way", "quality_categories": "missing_tags, older_than_five_years", "issue_ids": "[14, 6]", "osm_url": "https://www.openstreetmap.org/way/30050374", "josm_url": "http://127.0.0.1:8111/load_object?new_layer=false&objects=w30050374", "id_url": "https://www.openstreetmap.org/edit?editor=id&way=30050374#map=20/-25.4032086/-49.3012993"}}, {"type": "Feature", "geometry": {"type": "Point", "coordinates": [-49.2822464, -25.3772745]}, "properties": {"id": 31212987, "feat_type": "way", "quality_categories": "missing_tags, older_than_five_years", "issue_ids": "[15, 6]", "osm_url": "https://www.openstreetmap.org/way/31212987", "josm_url": "http://127.0.0.1:8111/load_object?new_layer=false&objects=w31212987", "id_url": "https://www.openstreetmap.org/edit?editor=id&way=31212987#map=20/-25.3772745/-49.2822464"}}, {"type": "Feature", "geometry": {"type": "Point", "coordinates": [-49.2943514, -25.4065089]}, "properties": {"id": 32944276, "feat_type": "way", "quality_categories": "missing_tags, older_than_five_years", "issue_ids": "[13, 6]", "osm_url": "https://www.openstreetmap.org/way/32944276", "josm_url": "http://127.0.0.1:8111/load_object?new_layer=false&objects=w32944276", "id_url": "https://www.openstreetmap.org/edit?editor=id&way=32944276#map=20/-25.4065089/-49.2943514"}}, {"type": "Feature", "geometry": {"type": "Point", "coordinates": [-49.3134537, -25.4647111]}, "properties": {"id": 37184488, "feat_type": "way", "quality_categories": "older_than_five_years", "issue_ids": "[16]", "osm_url": "https://www.openstreetmap.org/way/37184488", "josm_url": "http://127.0.0.1:8111/load_object?new_layer=false&objects=w37184488", "id_url": "https://www.openstreetmap.org/edit?editor=id&way=37184488#map=20/-25.4647111/-49.3134537"}}, {"type": "Feature", "geometry": {"type": "Point", "coordinates": [-49.2393072, -25.4422738]}, "properties": {"id": 45190182, "feat_type": "way", "quality_categories": "missing_tags, older_than_five_years", "issue_ids": "[9, 6]", "osm_url": "https://www.openstreetmap.org/way/45190182", "josm_url": "http://127.0.0.1:8111/load_object?new_layer=false&objects=w45190182", "id_url": "https://www.openstreetmap.org/edit?editor=id&way=45190182#map=20/-25.4422738/-49.2393072"}}, {"type": "Feature", "geometry": {"type": "Point", "coordinates": [-49.2893712, -25.4635557]}, "properties": {"id": 48310679, "feat_type": "way", "quality_categories": "older_than_five_years", "issue_ids": "[17]", "osm_url": "https://www.openstreetmap.org/way/48310679", "josm_url": "http://127.0.0.1:8111/load_object?new_layer=false&objects=w48310679", "id_url": "https://www.openstreetmap.org/edit?editor=id&way=48310679#map=20/-25.4635557/-49.2893712"}}, {"type": "Feature", "geometry": {"type": "Point", "coordinates": [-49.3076198, -25.4157513]}, "properties": {"id": 48988568, "feat_type": "way", "quality_categories": "older_than_five_years", "issue_ids": "[18]", "osm_url": "https://www.openstreetmap.org/way/48988568", "josm_url": "http://127.0.0.1:8111/load_object?new_layer=false&objects=w48988568", "id_url": "https://www.openstreetmap.org/edit?editor=id&way=48988568#map=20/-25.4157513/-49.3076198"}}, {"type": "Feature", "geometry": {"type": "Point", "coordinates": [-49.3083305, -25.4164422]}, "properties": {"id": 48988569, "feat_type": "way", "quality_categories": "missing_tags, older_than_five_years", "issue_ids": "[15, 6]", "osm_url": "https://www.openstreetmap.org/way/48988569", "josm_url": "http://127.0.0.1:8111/load_object?new_layer=false&objects=w48988569", "id_url": "https://www.openstreetmap.org/edit?editor=id&way=48988569#map=20/-25.4164422/-49.3083305"}}, {"type": "Feature", "geometry": {"type": "Point", "coordinates": [-49.3044091, -25.4498314]}, "properties": {"id": 48988772, "feat_type": "way", "quality_categories": "older_than_five_years", "issue_ids": "[19]", "osm_url": "https://www.openstreetmap.org/way/48988772", "josm_url": "http://127.0.0.1:8111/load_object?new_layer=false&objects=w48988772", "id_url": "https://www.openstreetmap.org/edit?editor=id&way=48988772#map=20/-25.4498314/-49.3044091"}}, {"type": "Feature", "geometry": {"type": "Point", "coordinates": [-49.2334933, -25.4152505]}, "properties": {"id": 55063753, "feat_type": "way", "quality_categories": "missing_tags, older_than_five_years", "issue_ids": "[20, 6]", "osm_url": "https://www.openstreetmap.org/way/55063753", "josm_url": "http://127.0.0.1:8111/load_object?new_layer=false&objects=w55063753", "id_url": "https://www.openstreetmap.org/edit?editor=id&way=55063753#map=20/-25.4152505/-49.2334933"}}, {"type": "Feature", "geometry": {"type": "Point", "coordinates": [-49.3054484, -25.3893988]}, "properties": {"id": 55063755, "feat_type": "way", "quality_categories": "older_than_five_years", "issue_ids": "[18]", "osm_url": "https://www.openstreetmap.org/way/55063755", "josm_url": "http://127.0.0.1:8111/load_object?new_layer=false&objects=w55063755", "id_url": "https://www.openstreetmap.org/edit?editor=id&way=55063755#map=20/-25.3893988/-49.3054484"}}, {"type": "Feature", "geometry": {"type": "Point", "coordinates": [-49.3033214, -25.4034787]}, "properties": {"id": 55063767, "feat_type": "way", "quality_categories": "missing_tags, older_than_five_years", "issue_ids": "[21, 6]", "osm_url": "https://www.openstreetmap.org/way/55063767", "josm_url": "http://127.0.0.1:8111/load_object?new_layer=false&objects=w55063767", "id_url": "https://www.openstreetmap.org/edit?editor=id&way=55063767#map=20/-25.4034787/-49.3033214"}}, {"type": "Feature", "geometry": {"type": "Point", "coordinates": [-49.2592927, -25.3614829]}, "properties": {"id": 55063772, "feat_type": "way", "quality_categories": "missing_tags, older_than_five_years", "issue_ids": "[22, 6]", "osm_url": "https://www.openstreetmap.org/way/55063772", "josm_url": "http://127.0.0.1:8111/load_object?new_layer=false&objects=w55063772", "id_url": "https://www.openstreetmap.org/edit?editor=id&way=55063772#map=20/-25.3614829/-49.2592927"}}, {"type": "Feature", "geometry": {"type": "Point", "coordinates": [-49.2496141, -25.4500592]}, "properties": {"id": 70003512, "feat_type": "way", "quality_categories": "missing_tags, older_than_five_years", "issue_ids": "[12, 6]", "osm_url": "https://www.openstreetmap.org/way/70003512", "josm_url": "http://127.0.0.1:8111/load_object?new_layer=false&objects=w70003512", "id_url": "https://www.openstreetmap.org/edit?editor=id&way=70003512#map=20/-25.4500592/-49.2496141"}}, {"type": "Feature", "geometry": {"type": "Point", "coordinates": [-49.3016224, -25.5285229]}, "properties": {"id": 76115696, "feat_type": "way", "quality_categories": "missing_tags, older_than_five_years", "issue_ids": "[23, 6]", "osm_url": "https://www.openstreetmap.org/way/76115696", "josm_url": "http://127.0.0.1:8111/load_object?new_layer=false&objects=w76115696", "id_url": "https://www.openstreetmap.org/edit?editor=id&way=76115696#map=20/-25.5285229/-49.3016224"}}, {"type": "Feature", "geometry": {"type": "Point", "coordinates": [-49.2393717, -25.4408777]}, "properties": {"id": 87601117, "feat_type": "way", "quality_categories": "older_than_five_years", "issue_ids": "[17]", "osm_url": "https://www.openstreetmap.org/way/87601117", "josm_url": "http://127.0.0.1:8111/load_object?new_layer=false&objects=w87601117", "id_url": "https://www.openstreetmap.org/edit?editor=id&way=87601117#map=20/-25.4408777/-49.2393717"}}, {"type": "Feature", "geometry": {"type": "Point", "coordinates": [-49.2973226, -25.4534986]}, "properties": {"id": 91868262, "feat_type": "way", "quality_categories": "missing_tags, older_than_five_years", "issue_ids": "[24, 6]", "osm_url": "https://www.openstreetmap.org/way/91868262", "josm_url": "http://127.0.0.1:8111/load_object?new_layer=false&objects=w91868262", "id_url": "https://www.openstreetmap.org/edit?editor=id&way=91868262#map=20/-25.4534986/-49.2973226"}}, {"type": "Feature", "geometry": {"type": "Point", "coordinates": [-49.3098543, -25.4248888]}, "properties": {"id": 93125237, "feat_type": "way", "quality_categories": "older_than_five_years", "issue_ids": "[25]", "osm_url": "https://www.openstreetmap.org/way/93125237", "josm_url": "http://127.0.0.1:8111/load_object?new_layer=false&objects=w93125237", "id_url": "https://www.openstreetmap.org/edit?editor=id&way=93125237#map=20/-25.4248888/-49.3098543"}}, {"type": "Feature", "geometry": {"type": "Point", "coordinates": [-49.2749942, -25.5357692]}, "properties": {"id": 106805366, "feat_type": "way", "quality_categories": "missing_tags, older_than_five_years", "issue_ids": "[26, 6]", "osm_url": "https://www.openstreetmap.org/way/106805366", "josm_url": "http://127.0.0.1:8111/load_object?new_layer=false&objects=w106805366", "id_url": "https://www.openstreetmap.org/edit?editor=id&way=106805366#map=20/-25.5357692/-49.2749942"}}, {"type": "Feature", "geometry": {"type": "Point", "coordinates": [-49.294458, -25.4954604]}, "properties": {"id": 106810257, "feat_type": "way", "quality_categories": "missing_tags, older_than_five_years", "issue_ids": "[27, 6]", "osm_url": "https://www.openstreetmap.org/way/106810257", "josm_url": "http://127.0.0.1:8111/load_object?new_layer=false&objects=w106810257", "id_url": "https://www.openstreetmap.org/edit?editor=id&way=106810257#map=20/-25.4954604/-49.294458"}}, {"type": "Feature", "geometry": {"type": "Point", "coordinates": [-49.2885141, -25.4568151]}, "properties": {"id": 106810408, "feat_type": "way", "quality_categories": "missing_tags, older_than_five_years", "issue_ids": "[28, 6]", "osm_url": "https://www.openstreetmap.org/way/106810408", "josm_url": "http://127.0.0.1:8111/load_object?new_layer=false&objects=w106810408", "id_url": "https://www.openstreetmap.org/edit?editor=id&way=106810408#map=20/-25.4568151/-49.2885141"}}, {"type": "Feature", "geometry": {"type": "Point", "coordinates": [-49.2545124, -25.466418]}, "properties": {"id": 106916867, "feat_type": "way", "quality_categories": "missing_tags, older_than_five_years", "issue_ids": "[29, 6]", "osm_url": "https://www.openstreetmap.org/way/106916867", "josm_url": "http://127.0.0.1:8111/load_object?new_layer=false&objects=w106916867", "id_url": "https://www.openstreetmap.org/edit?editor=id&way=106916867#map=20/-25.466418/-49.2545124"}}, {"type": "Feature", "geometry": {"type": "Point", "coordinates": [-49.2957464, -25.5137152]}, "properties": {"id": 106924941, "feat_type": "way", "quality_categories": "missing_tags, older_than_five_years", "issue_ids": "[30, 6]", "osm_url": "https://www.openstreetmap.org/way/106924941", "josm_url": "http://127.0.0.1:8111/load_object?new_layer=false&objects=w106924941", "id_url": "https://www.openstreetmap.org/edit?editor=id&way=106924941#map=20/-25.5137152/-49.2957464"}}, {"type": "Feature", "geometry": {"type": "Point", "coordinates": [-49.2555476, -25.4097054]}, "properties": {"id": 106928425, "feat_type": "way", "quality_categories": "missing_tags, older_than_five_years", "issue_ids": "[31, 6]", "osm_url": "https://www.openstreetmap.org/way/106928425", "josm_url": "http://127.0.0.1:8111/load_object?new_layer=false&objects=w106928425", "id_url": "https://www.openstreetmap.org/edit?editor=id&way=106928425#map=20/-25.4097054/-49.2555476"}}, {"type": "Feature", "geometry": {"type": "Point", "coordinates": [-49.3044023, -25.4350184]}, "properties": {"id": 106934489, "feat_type": "way", "quality_categories": "missing_tags, older_than_five_years", "issue_ids": "[32, 6]", "osm_url": "https://www.openstreetmap.org/way/106934489", "josm_url": "http://127.0.0.1:8111/load_object?new_layer=false&objects=w106934489", "id_url": "https://www.openstreetmap.org/edit?editor=id&way=106934489#map=20/-25.4350184/-49.3044023"}}, {"type": "Feature", "geometry": {"type": "Point", "coordinates": [-49.3000934, -25.4333435]}, "properties": {"id": 106934492, "feat_type": "way", "quality_categories": "missing_tags, older_than_five_years", "issue_ids": "[33, 6]", "osm_url": "https://www.openstreetmap.org/way/106934492", "josm_url": "http://127.0.0.1:8111/load_object?new_layer=false&objects=w106934492", "id_url": "https://www.openstreetmap.org/edit?editor=id&way=106934492#map=20/-25.4333435/-49.3000934"}}, {"type": "Feature", "geometry": {"type": "Point", "coordinates": [-49.2308758, -25.4418142]}, "properties": {"id": 106939226, "feat_type": "way", "quality_categories": "missing_tags, older_than_five_years", "issue_ids": "[34, 6]", "osm_url": "https://www.openstreetmap.org/way/106939226", "josm_url": "http://127.0.0.1:8111/load_object?new_layer=false&objects=w106939226", "id_url": "https://www.openstreetmap.org/edit?editor=id&way=106939226#map=20/-25.4418142/-49.2308758"}}, {"type": "Feature", "geometry": {"type": "Point", "coordinates": [-49.2039159, -25.4432207]}, "properties": {"id": 106940302, "feat_type": "way", "quality_categories": "missing_tags, older_than_five_years", "issue_ids": "[34, 6]", "osm_url": "https://www.openstreetmap.org/way/106940302", "josm_url": "http://127.0.0.1:8111/load_object?new_layer=false&objects=w106940302", "id_url": "https://www.openstreetmap.org/edit?editor=id&way=106940302#map=20/-25.4432207/-49.2039159"}}, {"type": "Feature", "geometry": {"type": "Point", "coordinates": [-49.2670706, -25.4853713]}, "properties": {"id": 106946697, "feat_type": "way", "quality_categories": "missing_tags, older_than_five_years", "issue_ids": "[35, 6]", "osm_url": "https://www.openstreetmap.org/way/106946697", "josm_url": "http://127.0.0.1:8111/load_object?new_layer=false&objects=w106946697", "id_url": "https://www.openstreetmap.org/edit?editor=id&way=106946697#map=20/-25.4853713/-49.2670706"}}, {"type": "Feature", "geometry": {"type": "Point", "coordinates": [-49.1976274, -25.4522679]}, "properties": {"id": 122741618, "feat_type": "way", "quality_categories": "missing_tags, older_than_five_years", "issue_ids": "[24, 6]", "osm_url": "https://www.openstreetmap.org/way/122741618", "josm_url": "http://127.0.0.1:8111/load_object?new_layer=false&objects=w122741618", "id_url": "https://www.openstreetmap.org/edit?editor=id&way=122741618#map=20/-25.4522679/-49.1976274"}}, {"type": "Feature", "geometry": {"type": "Point", "coordinates": [-49.1978254, -25.4519435]}, "properties": {"id": 122741619, "feat_type": "way", "quality_categories": "missing_tags, older_than_five_years", "issue_ids": "[24, 6]", "osm_url": "https://www.openstreetmap.org/way/122741619", "josm_url": "http://127.0.0.1:8111/load_object?new_layer=false&objects=w122741619", "id_url": "https://www.openstreetmap.org/edit?editor=id&way=122741619#map=20/-25.4519435/-49.1978254"}}, {"type": "Feature", "geometry": {"type": "Point", "coordinates": [-49.2796878, -25.4981536]}, "properties": {"id": 124108707, "feat_type": "way", "quality_categories": "missing_tags, older_than_five_years", "issue_ids": "[36, 6]", "osm_url": "https://www.openstreetmap.org/way/124108707", "josm_url": "http://127.0.0.1:8111/load_object?new_layer=false&objects=w124108707", "id_url": "https://www.openstreetmap.org/edit?editor=id&way=124108707#map=20/-25.4981536/-49.2796878"}}, {"type": "Feature", "geometry": {"type": "Point", "coordinates": [-49.2871531, -25.4457348]}, "properties": {"id": 124648004, "feat_type": "way", "quality_categories": "missing_tags, older_than_five_years", "issue_ids": "[37, 6]", "osm_url": "https://www.openstreetmap.org/way/124648004", "josm_url": "http://127.0.0.1:8111/load_object?new_layer=false&objects=w124648004", "id_url": "https://www.openstreetmap.org/edit?editor=id&way=124648004#map=20/-25.4457348/-49.2871531"}}, {"type": "Feature", "geometry": {"type": "Point", "coordinates": [-49.2942271, -25.4045355]}, "properties": {"id": 124808875, "feat_type": "way", "quality_categories": "missing_tags, older_than_five_years", "issue_ids": "[22, 6]", "osm_url": "https://www.openstreetmap.org/way/124808875", "josm_url": "http://127.0.0.1:8111/load_object?new_layer=false&objects=w124808875", "id_url": "https://www.openstreetmap.org/edit?editor=id&way=124808875#map=20/-25.4045355/-49.2942271"}}, {"type": "Feature", "geometry": {"type": "Point", "coordinates": [-49.2683555, -25.5269289]}, "properties": {"id": 128988901, "feat_type": "way", "quality_categories": "missing_tags, older_than_five_years", "issue_ids": "[38, 6]", "osm_url": "https://www.openstreetmap.org/way/128988901", "josm_url": "http://127.0.0.1:8111/load_object?new_layer=false&objects=w128988901", "id_url": "https://www.openstreetmap.org/edit?editor=id&way=128988901#map=20/-25.5269289/-49.2683555"}}, {"type": "Feature", "geometry": {"type": "Point", "coordinates": [-49.2868367, -25.5384958]}, "properties": {"id": 129015198, "feat_type": "way", "quality_categories": "missing_tags, older_than_five_years", "issue_ids": "[39, 6]", "osm_url": "https://www.openstreetmap.org/way/129015198", "josm_url": "http://127.0.0.1:8111/load_object?new_layer=false&objects=w129015198", "id_url": "https://www.openstreetmap.org/edit?editor=id&way=129015198#map=20/-25.5384958/-49.2868367"}}, {"type": "Feature", "geometry": {"type": "Point", "coordinates": [-49.3152952, -25.467956]}, "properties": {"id": 129142035, "feat_type": "way", "quality_categories": "missing_tags, older_than_five_years", "issue_ids": "[40, 6]", "osm_url": "https://www.openstreetmap.org/way/129142035", "josm_url": "http://127.0.0.1:8111/load_object?new_layer=false&objects=w129142035", "id_url": "https://www.openstreetmap.org/edit?editor=id&way=129142035#map=20/-25.467956/-49.3152952"}}, {"type": "Feature", "geometry": {"type": "Point", "coordinates": [-49.2688498, -25.5343912]}, "properties": {"id": 132418402, "feat_type": "way", "quality_categories": "missing_tags, older_than_five_years", "issue_ids": "[41, 6]", "osm_url": "https://www.openstreetmap.org/way/132418402", "josm_url": "http://127.0.0.1:8111/load_object?new_layer=false&objects=w132418402", "id_url": "https://www.openstreetmap.org/edit?editor=id&way=132418402#map=20/-25.5343912/-49.2688498"}}, {"type": "Feature", "geometry": {"type": "Point", "coordinates": [-49.3330767, -25.4176392]}, "properties": {"id": 137416763, "feat_type": "way", "quality_categories": "missing_tags, older_than_five_years", "issue_ids": "[42, 6]", "osm_url": "https://www.openstreetmap.org/way/137416763", "josm_url": "http://127.0.0.1:8111/load_object?new_layer=false&objects=w137416763", "id_url": "https://www.openstreetmap.org/edit?editor=id&way=137416763#map=20/-25.4176392/-49.3330767"}}, {"type": "Feature", "geometry": {"type": "Point", "coordinates": [-49.3324733, -25.4166885]}, "properties": {"id": 137417563, "feat_type": "way", "quality_categories": "missing_tags, older_than_five_years", "issue_ids": "[43, 6]", "osm_url": "https://www.openstreetmap.org/way/137417563", "josm_url": "http://127.0.0.1:8111/load_object?new_layer=false&objects=w137417563", "id_url": "https://www.openstreetmap.org/edit?editor=id&way=137417563#map=20/-25.4166885/-49.3324733"}}, {"type": "Feature", "geometry": {"type": "Point", "coordinates": [-49.3327148, -25.4178781]}, "properties": {"id": 137417564, "feat_type": "way", "quality_categories": "missing_tags, older_than_five_years", "issue_ids": "[43, 6]", "osm_url": "https://www.openstreetmap.org/way/137417564", "josm_url": "http://127.0.0.1:8111/load_object?new_layer=false&objects=w137417564", "id_url": "https://www.openstreetmap.org/edit?editor=id&way=137417564#map=20/-25.4178781/-49.3327148"}}, {"type": "Feature", "geometry": {"type": "Point", "coordinates": [-49.3339193, -25.4177939]}, "properties": {"id": 137417567, "feat_type": "way", "quality_categories": "missing_tags, older_than_five_years", "issue_ids": "[43, 6]", "osm_url": "https://www.openstreetmap.org/way/137417567", "josm_url": "http://127.0.0.1:8111/load_object?new_layer=false&objects=w137417567", "id_url": "https://www.openstreetmap.org/edit?editor=id&way=137417567#map=20/-25.4177939/-49.3339193"}}, {"type": "Feature", "geometry": {"type": "Point", "coordinates": [-49.3324589, -25.4147055]}, "properties": {"id": 137422213, "feat_type": "way", "quality_categories": "missing_tags, older_than_five_years", "issue_ids": "[43, 6]", "osm_url": "https://www.openstreetmap.org/way/137422213", "josm_url": "http://127.0.0.1:8111/load_object?new_layer=false&objects=w137422213", "id_url": "https://www.openstreetmap.org/edit?editor=id&way=137422213#map=20/-25.4147055/-49.3324589"}}, {"type": "Feature", "geometry": {"type": "Point", "coordinates": [-49.3397988, -25.4162265]}, "properties": {"id": 137422223, "feat_type": "way", "quality_categories": "missing_tags, older_than_five_years", "issue_ids": "[44, 6]", "osm_url": "https://www.openstreetmap.org/way/137422223", "josm_url": "http://127.0.0.1:8111/load_object?new_layer=false&objects=w137422223", "id_url": "https://www.openstreetmap.org/edit?editor=id&way=137422223#map=20/-25.4162265/-49.3397988"}}, {"type": "Feature", "geometry": {"type": "Point", "coordinates": [-49.3290168, -25.4226144]}, "properties": {"id": 137425519, "feat_type": "way", "quality_categories": "missing_tags, older_than_five_years", "issue_ids": "[25, 6]", "osm_url": "https://www.openstreetmap.org/way/137425519", "josm_url": "http://127.0.0.1:8111/load_object?new_layer=false&objects=w137425519", "id_url": "https://www.openstreetmap.org/edit?editor=id&way=137425519#map=20/-25.4226144/-49.3290168"}}, {"type": "Feature", "geometry": {"type": "Point", "coordinates": [-49.3317381, -25.4226828]}, "properties": {"id": 137425521, "feat_type": "way", "quality_categories": "missing_tags, older_than_five_years", "issue_ids": "[25, 6]", "osm_url": "https://www.openstreetmap.org/way/137425521", "josm_url": "http://127.0.0.1:8111/load_object?new_layer=false&objects=w137425521", "id_url": "https://www.openstreetmap.org/edit?editor=id&way=137425521#map=20/-25.4226828/-49.3317381"}}, {"type": "Feature", "geometry": {"type": "Point", "coordinates": [-49.3322039, -25.4226823]}, "properties": {"id": 137425526, "feat_type": "way", "quality_categories": "missing_tags, older_than_five_years", "issue_ids": "[25, 6]", "osm_url": "https://www.openstreetmap.org/way/137425526", "josm_url": "http://127.0.0.1:8111/load_object?new_layer=false&objects=w137425526", "id_url": "https://www.openstreetmap.org/edit?editor=id&way=137425526#map=20/-25.4226823/-49.3322039"}}, {"type": "Feature", "geometry": {"type": "Point", "coordinates": [-49.3281389, -25.4232853]}, "properties": {"id": 137425528, "feat_type": "way", "quality_categories": "missing_tags, older_than_five_years", "issue_ids": "[45, 6]", "osm_url": "https://www.openstreetmap.org/way/137425528", "josm_url": "http://127.0.0.1:8111/load_object?new_layer=false&objects=w137425528", "id_url": "https://www.openstreetmap.org/edit?editor=id&way=137425528#map=20/-25.4232853/-49.3281389"}}, {"type": "Feature", "geometry": {"type": "Point", "coordinates": [-49.3408918, -25.4150652]}, "properties": {"id": 137426751, "feat_type": "way", "quality_categories": "missing_tags, older_than_five_years", "issue_ids": "[44, 6]", "osm_url": "https://www.openstreetmap.org/way/137426751", "josm_url": "http://127.0.0.1:8111/load_object?new_layer=false&objects=w137426751", "id_url": "https://www.openstreetmap.org/edit?editor=id&way=137426751#map=20/-25.4150652/-49.3408918"}}, {"type": "Feature", "geometry": {"type": "Point", "coordinates": [-49.3363081, -25.4125513]}, "properties": {"id": 137426753, "feat_type": "way", "quality_categories": "missing_tags, older_than_five_years", "issue_ids": "[46, 6]", "osm_url": "https://www.openstreetmap.org/way/137426753", "josm_url": "http://127.0.0.1:8111/load_object?new_layer=false&objects=w137426753", "id_url": "https://www.openstreetmap.org/edit?editor=id&way=137426753#map=20/-25.4125513/-49.3363081"}}, {"type": "Feature", "geometry": {"type": "Point", "coordinates": [-49.3359933, -25.411447]}, "properties": {"id": 137426754, "feat_type": "way", "quality_categories": "missing_tags, older_than_five_years", "issue_ids": "[43, 6]", "osm_url": "https://www.openstreetmap.org/way/137426754", "josm_url": "http://127.0.0.1:8111/load_object?new_layer=false&objects=w137426754", "id_url": "https://www.openstreetmap.org/edit?editor=id&way=137426754#map=20/-25.411447/-49.3359933"}}, {"type": "Feature", "geometry": {"type": "Point", "coordinates": [-49.3341925, -25.4160437]}, "properties": {"id": 137427351, "feat_type": "way", "quality_categories": "missing_tags, older_than_five_years", "issue_ids": "[47, 6]", "osm_url": "https://www.openstreetmap.org/way/137427351", "josm_url": "http://127.0.0.1:8111/load_object?new_layer=false&objects=w137427351", "id_url": "https://www.openstreetmap.org/edit?editor=id&way=137427351#map=20/-25.4160437/-49.3341925"}}, {"type": "Feature", "geometry": {"type": "Point", "coordinates": [-49.3298962, -25.4146491]}, "properties": {"id": 137428360, "feat_type": "way", "quality_categories": "missing_tags, older_than_five_years", "issue_ids": "[48, 6]", "osm_url": "https://www.openstreetmap.org/way/137428360", "josm_url": "http://127.0.0.1:8111/load_object?new_layer=false&objects=w137428360", "id_url": "https://www.openstreetmap.org/edit?editor=id&way=137428360#map=20/-25.4146491/-49.3298962"}}, {"type": "Feature", "geometry": {"type": "Point", "coordinates": [-49.2711698, -25.4291271]}, "properties": {"id": 137443029, "feat_type": "way", "quality_categories": "missing_tags, older_than_five_years", "issue_ids": "[49, 6]", "osm_url": "https://www.openstreetmap.org/way/137443029", "josm_url": "http://127.0.0.1:8111/load_object?new_layer=false&objects=w137443029", "id_url": "https://www.openstreetmap.org/edit?editor=id&way=137443029#map=20/-25.4291271/-49.2711698"}}, {"type": "Feature", "geometry": {"type": "Point", "coordinates": [-49.2707207, -25.4286375]}, "properties": {"id": 137443199, "feat_type": "way", "quality_categories": "older_than_five_years", "issue_ids": "[50]", "osm_url": "https://www.openstreetmap.org/way/137443199", "josm_url": "http://127.0.0.1:8111/load_object?new_layer=false&objects=w137443199", "id_url": "https://www.openstreetmap.org/edit?editor=id&way=137443199#map=20/-25.4286375/-49.2707207"}}, {"type": "Feature", "geometry": {"type": "Point", "coordinates": [-49.3380294, -25.4212356]}, "properties": {"id": 137976592, "feat_type": "way", "quality_categories": "missing_tags, older_than_five_years", "issue_ids": "[51, 6]", "osm_url": "https://www.openstreetmap.org/way/137976592", "josm_url": "http://127.0.0.1:8111/load_object?new_layer=false&objects=w137976592", "id_url": "https://www.openstreetmap.org/edit?editor=id&way=137976592#map=20/-25.4212356/-49.3380294"}}, {"type": "Feature", "geometry": {"type": "Point", "coordinates": [-49.3422271, -25.4123846]}, "properties": {"id": 137979251, "feat_type": "way", "quality_categories": "missing_tags, older_than_five_years", "issue_ids": "[39, 6]", "osm_url": "https://www.openstreetmap.org/way/137979251", "josm_url": "http://127.0.0.1:8111/load_object?new_layer=false&objects=w137979251", "id_url": "https://www.openstreetmap.org/edit?editor=id&way=137979251#map=20/-25.4123846/-49.3422271"}}, {"type": "Feature", "geometry": {"type": "Point", "coordinates": [-49.3440897, -25.4163769]}, "properties": {"id": 137979255, "feat_type": "way", "quality_categories": "missing_tags, older_than_five_years", "issue_ids": "[52, 6]", "osm_url": "https://www.openstreetmap.org/way/137979255", "josm_url": "http://127.0.0.1:8111/load_object?new_layer=false&objects=w137979255", "id_url": "https://www.openstreetmap.org/edit?editor=id&way=137979255#map=20/-25.4163769/-49.3440897"}}, {"type": "Feature", "geometry": {"type": "Point", "coordinates": [-49.3436156, -25.4159308]}, "properties": {"id": 137979260, "feat_type": "way", "quality_categories": "missing_tags, older_than_five_years", "issue_ids": "[52, 6]", "osm_url": "https://www.openstreetmap.org/way/137979260", "josm_url": "http://127.0.0.1:8111/load_object?new_layer=false&objects=w137979260", "id_url": "https://www.openstreetmap.org/edit?editor=id&way=137979260#map=20/-25.4159308/-49.3436156"}}, {"type": "Feature", "geometry": {"type": "Point", "coordinates": [-49.343977, -25.4141263]}, "properties": {"id": 137979261, "feat_type": "way", "quality_categories": "missing_tags, older_than_five_years", "issue_ids": "[44, 6]", "osm_url": "https://www.openstreetmap.org/way/137979261", "josm_url": "http://127.0.0.1:8111/load_object?new_layer=false&objects=w137979261", "id_url": "https://www.openstreetmap.org/edit?editor=id&way=137979261#map=20/-25.4141263/-49.343977"}}, {"type": "Feature", "geometry": {"type": "Point", "coordinates": [-49.3466867, -25.4189691]}, "properties": {"id": 137979273, "feat_type": "way", "quality_categories": "missing_tags, older_than_five_years", "issue_ids": "[53, 6]", "osm_url": "https://www.openstreetmap.org/way/137979273", "josm_url": "http://127.0.0.1:8111/load_object?new_layer=false&objects=w137979273", "id_url": "https://www.openstreetmap.org/edit?editor=id&way=137979273#map=20/-25.4189691/-49.3466867"}}, {"type": "Feature", "geometry": {"type": "Point", "coordinates": [-49.3470456, -25.4189158]}, "properties": {"id": 137979278, "feat_type": "way", "quality_categories": "missing_tags, older_than_five_years", "issue_ids": "[54, 6]", "osm_url": "https://www.openstreetmap.org/way/137979278", "josm_url": "http://127.0.0.1:8111/load_object?new_layer=false&objects=w137979278", "id_url": "https://www.openstreetmap.org/edit?editor=id&way=137979278#map=20/-25.4189158/-49.3470456"}}, {"type": "Feature", "geometry": {"type": "Point", "coordinates": [-49.3440702, -25.4159784]}, "properties": {"id": 137979282, "feat_type": "way", "quality_categories": "missing_tags, older_than_five_years", "issue_ids": "[54, 6]", "osm_url": "https://www.openstreetmap.org/way/137979282", "josm_url": "http://127.0.0.1:8111/load_object?new_layer=false&objects=w137979282", "id_url": "https://www.openstreetmap.org/edit?editor=id&way=137979282#map=20/-25.4159784/-49.3440702"}}, {"type": "Feature", "geometry": {"type": "Point", "coordinates": [-49.3367806, -25.4122258]}, "properties": {"id": 137979794, "feat_type": "way", "quality_categories": "missing_tags, older_than_five_years", "issue_ids": "[55, 6]", "osm_url": "https://www.openstreetmap.org/way/137979794", "josm_url": "http://127.0.0.1:8111/load_object?new_layer=false&objects=w137979794", "id_url": "https://www.openstreetmap.org/edit?editor=id&way=137979794#map=20/-25.4122258/-49.3367806"}}, {"type": "Feature", "geometry": {"type": "Point", "coordinates": [-49.3322986, -25.4135407]}, "properties": {"id": 137979795, "feat_type": "way", "quality_categories": "missing_tags, older_than_five_years", "issue_ids": "[56, 6]", "osm_url": "https://www.openstreetmap.org/way/137979795", "josm_url": "http://127.0.0.1:8111/load_object?new_layer=false&objects=w137979795", "id_url": "https://www.openstreetmap.org/edit?editor=id&way=137979795#map=20/-25.4135407/-49.3322986"}}, {"type": "Feature", "geometry": {"type": "Point", "coordinates": [-49.3320499, -25.4129793]}, "properties": {"id": 137979803, "feat_type": "way", "quality_categories": "missing_tags, older_than_five_years", "issue_ids": "[56, 6]", "osm_url": "https://www.openstreetmap.org/way/137979803", "josm_url": "http://127.0.0.1:8111/load_object?new_layer=false&objects=w137979803", "id_url": "https://www.openstreetmap.org/edit?editor=id&way=137979803#map=20/-25.4129793/-49.3320499"}}, {"type": "Feature", "geometry": {"type": "Point", "coordinates": [-49.3484117, -25.4170998]}, "properties": {"id": 137984244, "feat_type": "way", "quality_categories": "missing_tags, older_than_five_years", "issue_ids": "[57, 6]", "osm_url": "https://www.openstreetmap.org/way/137984244", "josm_url": "http://127.0.0.1:8111/load_object?new_layer=false&objects=w137984244", "id_url": "https://www.openstreetmap.org/edit?editor=id&way=137984244#map=20/-25.4170998/-49.3484117"}}, {"type": "Feature", "geometry": {"type": "Point", "coordinates": [-49.3464352, -25.4162656]}, "properties": {"id": 137984247, "feat_type": "way", "quality_categories": "missing_tags, older_than_five_years", "issue_ids": "[57, 6]", "osm_url": "https://www.openstreetmap.org/way/137984247", "josm_url": "http://127.0.0.1:8111/load_object?new_layer=false&objects=w137984247", "id_url": "https://www.openstreetmap.org/edit?editor=id&way=137984247#map=20/-25.4162656/-49.3464352"}}, {"type": "Feature", "geometry": {"type": "Point", "coordinates": [-49.3458267, -25.412989]}, "properties": {"id": 137984808, "feat_type": "way", "quality_categories": "missing_tags, older_than_five_years", "issue_ids": "[43, 6]", "osm_url": "https://www.openstreetmap.org/way/137984808", "josm_url": "http://127.0.0.1:8111/load_object?new_layer=false&objects=w137984808", "id_url": "https://www.openstreetmap.org/edit?editor=id&way=137984808#map=20/-25.412989/-49.3458267"}}, {"type": "Feature", "geometry": {"type": "Point", "coordinates": [-49.3458267, -25.412989]}, "properties": {"id": 137984809, "feat_type": "way", "quality_categories": "missing_tags, older_than_five_years", "issue_ids": "[43, 6]", "osm_url": "https://www.openstreetmap.org/way/137984809", "josm_url": "http://127.0.0.1:8111/load_object?new_layer=false&objects=w137984809", "id_url": "https://www.openstreetmap.org/edit?editor=id&way=137984809#map=20/-25.412989/-49.3458267"}}, {"type": "Feature", "geometry": {"type": "Point", "coordinates": [-49.3452975, -25.4129792]}, "properties": {"id": 137984810, "feat_type": "way", "quality_categories": "missing_tags, older_than_five_years", "issue_ids": "[43, 6]", "osm_url": "https://www.openstreetmap.org/way/137984810", "josm_url": "http://127.0.0.1:8111/load_object?new_layer=false&objects=w137984810", "id_url": "https://www.openstreetmap.org/edit?editor=id&way=137984810#map=20/-25.4129792/-49.3452975"}}, {"type": "Feature", "geometry": {"type": "Point", "coordinates": [-49.3437465, -25.4236808]}, "properties": {"id": 137990060, "feat_type": "way", "quality_categories": "missing_tags, older_than_five_years", "issue_ids": "[58, 6]", "osm_url": "https://www.openstreetmap.org/way/137990060", "josm_url": "http://127.0.0.1:8111/load_object?new_layer=false&objects=w137990060", "id_url": "https://www.openstreetmap.org/edit?editor=id&way=137990060#map=20/-25.4236808/-49.3437465"}}, {"type": "Feature", "geometry": {"type": "Point", "coordinates": [-49.3438241, -25.4240418]}, "properties": {"id": 137990061, "feat_type": "way", "quality_categories": "missing_tags, older_than_five_years", "issue_ids": "[59, 6]", "osm_url": "https://www.openstreetmap.org/way/137990061", "josm_url": "http://127.0.0.1:8111/load_object?new_layer=false&objects=w137990061", "id_url": "https://www.openstreetmap.org/edit?editor=id&way=137990061#map=20/-25.4240418/-49.3438241"}}, {"type": "Feature", "geometry": {"type": "Point", "coordinates": [-49.3445054, -25.4284045]}, "properties": {"id": 137990069, "feat_type": "way", "quality_categories": "missing_tags, older_than_five_years", "issue_ids": "[60, 6]", "osm_url": "https://www.openstreetmap.org/way/137990069", "josm_url": "http://127.0.0.1:8111/load_object?new_layer=false&objects=w137990069", "id_url": "https://www.openstreetmap.org/edit?editor=id&way=137990069#map=20/-25.4284045/-49.3445054"}}, {"type": "Feature", "geometry": {"type": "Point", "coordinates": [-49.3446342, -25.4283634]}, "properties": {"id": 137990072, "feat_type": "way", "quality_categories": "missing_tags, older_than_five_years", "issue_ids": "[61, 6]", "osm_url": "https://www.openstreetmap.org/way/137990072", "josm_url": "http://127.0.0.1:8111/load_object?new_layer=false&objects=w137990072", "id_url": "https://www.openstreetmap.org/edit?editor=id&way=137990072#map=20/-25.4283634/-49.3446342"}}, {"type": "Feature", "geometry": {"type": "Point", "coordinates": [-49.3437564, -25.42465]}, "properties": {"id": 137990076, "feat_type": "way", "quality_categories": "missing_tags, older_than_five_years", "issue_ids": "[59, 6]", "osm_url": "https://www.openstreetmap.org/way/137990076", "josm_url": "http://127.0.0.1:8111/load_object?new_layer=false&objects=w137990076", "id_url": "https://www.openstreetmap.org/edit?editor=id&way=137990076#map=20/-25.42465/-49.3437564"}}, {"type": "Feature", "geometry": {"type": "Point", "coordinates": [-49.3452752, -25.4280557]}, "properties": {"id": 137990077, "feat_type": "way", "quality_categories": "missing_tags, older_than_five_years", "issue_ids": "[60, 6]", "osm_url": "https://www.openstreetmap.org/way/137990077", "josm_url": "http://127.0.0.1:8111/load_object?new_layer=false&objects=w137990077", "id_url": "https://www.openstreetmap.org/edit?editor=id&way=137990077#map=20/-25.4280557/-49.3452752"}}, {"type": "Feature", "geometry": {"type": "Point", "coordinates": [-49.3444936, -25.424247]}, "properties": {"id": 137990099, "feat_type": "way", "quality_categories": "missing_tags, older_than_five_years", "issue_ids": "[59, 6]", "osm_url": "https://www.openstreetmap.org/way/137990099", "josm_url": "http://127.0.0.1:8111/load_object?new_layer=false&objects=w137990099", "id_url": "https://www.openstreetmap.org/edit?editor=id&way=137990099#map=20/-25.424247/-49.3444936"}}, {"type": "Feature", "geometry": {"type": "Point", "coordinates": [-49.3449961, -25.4246745]}, "properties": {"id": 137990115, "feat_type": "way", "quality_categories": "missing_tags, older_than_five_years", "issue_ids": "[59, 6]", "osm_url": "https://www.openstreetmap.org/way/137990115", "josm_url": "http://127.0.0.1:8111/load_object?new_layer=false&objects=w137990115", "id_url": "https://www.openstreetmap.org/edit?editor=id&way=137990115#map=20/-25.4246745/-49.3449961"}}, {"type": "Feature", "geometry": {"type": "Point", "coordinates": [-49.3362004, -25.4274208]}, "properties": {"id": 137991600, "feat_type": "way", "quality_categories": "missing_tags, older_than_five_years", "issue_ids": "[25, 6]", "osm_url": "https://www.openstreetmap.org/way/137991600", "josm_url": "http://127.0.0.1:8111/load_object?new_layer=false&objects=w137991600", "id_url": "https://www.openstreetmap.org/edit?editor=id&way=137991600#map=20/-25.4274208/-49.3362004"}}, {"type": "Feature", "geometry": {"type": "Point", "coordinates": [-49.3362004, -25.4274208]}, "properties": {"id": 137991602, "feat_type": "way", "quality_categories": "missing_tags, older_than_five_years", "issue_ids": "[25, 6]", "osm_url": "https://www.openstreetmap.org/way/137991602", "josm_url": "http://127.0.0.1:8111/load_object?new_layer=false&objects=w137991602", "id_url": "https://www.openstreetmap.org/edit?editor=id&way=137991602#map=20/-25.4274208/-49.3362004"}}, {"type": "Feature", "geometry": {"type": "Point", "coordinates": [-49.3281715, -25.4204182]}, "properties": {"id": 138000711, "feat_type": "way", "quality_categories": "missing_tags, older_than_five_years", "issue_ids": "[43, 6]", "osm_url": "https://www.openstreetmap.org/way/138000711", "josm_url": "http://127.0.0.1:8111/load_object?new_layer=false&objects=w138000711", "id_url": "https://www.openstreetmap.org/edit?editor=id&way=138000711#map=20/-25.4204182/-49.3281715"}}, {"type": "Feature", "geometry": {"type": "Point", "coordinates": [-49.3282807, -25.421222]}, "properties": {"id": 138000714, "feat_type": "way", "quality_categories": "missing_tags, older_than_five_years", "issue_ids": "[56, 6]", "osm_url": "https://www.openstreetmap.org/way/138000714", "josm_url": "http://127.0.0.1:8111/load_object?new_layer=false&objects=w138000714", "id_url": "https://www.openstreetmap.org/edit?editor=id&way=138000714#map=20/-25.421222/-49.3282807"}}, {"type": "Feature", "geometry": {"type": "Point", "coordinates": [-49.3266969, -25.4203161]}, "properties": {"id": 138000715, "feat_type": "way", "quality_categories": "missing_tags, older_than_five_years", "issue_ids": "[47, 6]", "osm_url": "https://www.openstreetmap.org/way/138000715", "josm_url": "http://127.0.0.1:8111/load_object?new_layer=false&objects=w138000715", "id_url": "https://www.openstreetmap.org/edit?editor=id&way=138000715#map=20/-25.4203161/-49.3266969"}}, {"type": "Feature", "geometry": {"type": "Point", "coordinates": [-49.326902, -25.426469]}, "properties": {"id": 138001807, "feat_type": "way", "quality_categories": "missing_tags, older_than_five_years", "issue_ids": "[47, 6]", "osm_url": "https://www.openstreetmap.org/way/138001807", "josm_url": "http://127.0.0.1:8111/load_object?new_layer=false&objects=w138001807", "id_url": "https://www.openstreetmap.org/edit?editor=id&way=138001807#map=20/-25.426469/-49.326902"}}, {"type": "Feature", "geometry": {"type": "Point", "coordinates": [-49.3272488, -25.4255005]}, "properties": {"id": 138001808, "feat_type": "way", "quality_categories": "missing_tags, older_than_five_years", "issue_ids": "[47, 6]", "osm_url": "https://www.openstreetmap.org/way/138001808", "josm_url": "http://127.0.0.1:8111/load_object?new_layer=false&objects=w138001808", "id_url": "https://www.openstreetmap.org/edit?editor=id&way=138001808#map=20/-25.4255005/-49.3272488"}}, {"type": "Feature", "geometry": {"type": "Point", "coordinates": [-49.3269477, -25.4258665]}, "properties": {"id": 138001809, "feat_type": "way", "quality_categories": "missing_tags, older_than_five_years", "issue_ids": "[47, 6]", "osm_url": "https://www.openstreetmap.org/way/138001809", "josm_url": "http://127.0.0.1:8111/load_object?new_layer=false&objects=w138001809", "id_url": "https://www.openstreetmap.org/edit?editor=id&way=138001809#map=20/-25.4258665/-49.3269477"}}, {"type": "Feature", "geometry": {"type": "Point", "coordinates": [-49.3262181, -25.4273848]}, "properties": {"id": 138003115, "feat_type": "way", "quality_categories": "missing_tags, older_than_five_years", "issue_ids": "[62, 6]", "osm_url": "https://www.openstreetmap.org/way/138003115", "josm_url": "http://127.0.0.1:8111/load_object?new_layer=false&objects=w138003115", "id_url": "https://www.openstreetmap.org/edit?editor=id&way=138003115#map=20/-25.4273848/-49.3262181"}}, {"type": "Feature", "geometry": {"type": "Point", "coordinates": [-49.3258093, -25.4278781]}, "properties": {"id": 138003116, "feat_type": "way", "quality_categories": "missing_tags, older_than_five_years", "issue_ids": "[62, 6]", "osm_url": "https://www.openstreetmap.org/way/138003116", "josm_url": "http://127.0.0.1:8111/load_object?new_layer=false&objects=w138003116", "id_url": "https://www.openstreetmap.org/edit?editor=id&way=138003116#map=20/-25.4278781/-49.3258093"}}, {"type": "Feature", "geometry": {"type": "Point", "coordinates": [-49.3264487, -25.4269754]}, "properties": {"id": 138003120, "feat_type": "way", "quality_categories": "missing_tags, older_than_five_years", "issue_ids": "[62, 6]", "osm_url": "https://www.openstreetmap.org/way/138003120", "josm_url": "http://127.0.0.1:8111/load_object?new_layer=false&objects=w138003120", "id_url": "https://www.openstreetmap.org/edit?editor=id&way=138003120#map=20/-25.4269754/-49.3264487"}}, {"type": "Feature", "geometry": {"type": "Point", "coordinates": [-49.3329783, -25.4271012]}, "properties": {"id": 138004950, "feat_type": "way", "quality_categories": "missing_tags, older_than_five_years", "issue_ids": "[42, 6]", "osm_url": "https://www.openstreetmap.org/way/138004950", "josm_url": "http://127.0.0.1:8111/load_object?new_layer=false&objects=w138004950", "id_url": "https://www.openstreetmap.org/edit?editor=id&way=138004950#map=20/-25.4271012/-49.3329783"}}, {"type": "Feature", "geometry": {"type": "Point", "coordinates": [-49.3309502, -25.4271586]}, "properties": {"id": 138004980, "feat_type": "way", "quality_categories": "missing_tags, older_than_five_years", "issue_ids": "[47, 6]", "osm_url": "https://www.openstreetmap.org/way/138004980", "josm_url": "http://127.0.0.1:8111/load_object?new_layer=false&objects=w138004980", "id_url": "https://www.openstreetmap.org/edit?editor=id&way=138004980#map=20/-25.4271586/-49.3309502"}}, {"type": "Feature", "geometry": {"type": "Point", "coordinates": [-49.3244505, -25.4250762]}, "properties": {"id": 138137676, "feat_type": "way", "quality_categories": "missing_tags, older_than_five_years", "issue_ids": "[47, 6]", "osm_url": "https://www.openstreetmap.org/way/138137676", "josm_url": "http://127.0.0.1:8111/load_object?new_layer=false&objects=w138137676", "id_url": "https://www.openstreetmap.org/edit?editor=id&way=138137676#map=20/-25.4250762/-49.3244505"}}, {"type": "Feature", "geometry": {"type": "Point", "coordinates": [-49.31792, -25.4280328]}, "properties": {"id": 138138604, "feat_type": "way", "quality_categories": "missing_tags, older_than_five_years", "issue_ids": "[63, 6]", "osm_url": "https://www.openstreetmap.org/way/138138604", "josm_url": "http://127.0.0.1:8111/load_object?new_layer=false&objects=w138138604", "id_url": "https://www.openstreetmap.org/edit?editor=id&way=138138604#map=20/-25.4280328/-49.31792"}}, {"type": "Feature", "geometry": {"type": "Point", "coordinates": [-49.3404385, -25.4093016]}, "properties": {"id": 138141798, "feat_type": "way", "quality_categories": "missing_tags, older_than_five_years", "issue_ids": "[43, 6]", "osm_url": "https://www.openstreetmap.org/way/138141798", "josm_url": "http://127.0.0.1:8111/load_object?new_layer=false&objects=w138141798", "id_url": "https://www.openstreetmap.org/edit?editor=id&way=138141798#map=20/-25.4093016/-49.3404385"}}, {"type": "Feature", "geometry": {"type": "Point", "coordinates": [-49.3359233, -25.5019937]}, "properties": {"id": 138705751, "feat_type": "way", "quality_categories": "missing_tags, older_than_five_years", "issue_ids": "[64, 6]", "osm_url": "https://www.openstreetmap.org/way/138705751", "josm_url": "http://127.0.0.1:8111/load_object?new_layer=false&objects=w138705751", "id_url": "https://www.openstreetmap.org/edit?editor=id&way=138705751#map=20/-25.5019937/-49.3359233"}}, {"type": "Feature", "geometry": {"type": "Point", "coordinates": [-49.3046271, -25.3924792]}, "properties": {"id": 139932897, "feat_type": "way", "quality_categories": "older_than_five_years", "issue_ids": "[18]", "osm_url": "https://www.openstreetmap.org/way/139932897", "josm_url": "http://127.0.0.1:8111/load_object?new_layer=false&objects=w139932897", "id_url": "https://www.openstreetmap.org/edit?editor=id&way=139932897#map=20/-25.3924792/-49.3046271"}}, {"type": "Feature", "geometry": {"type": "Point", "coordinates": [-49.3062449, -25.3929009]}, "properties": {"id": 139932903, "feat_type": "way", "quality_categories": "missing_tags, older_than_five_years", "issue_ids": "[65, 6]", "osm_url": "https://www.openstreetmap.org/way/139932903", "josm_url": "http://127.0.0.1:8111/load_object?new_layer=false&objects=w139932903", "id_url": "https://www.openstreetmap.org/edit?editor=id&way=139932903#map=20/-25.3929009/-49.3062449"}}, {"type": "Feature", "geometry": {"type": "Point", "coordinates": [-49.3503918, -25.4055041]}, "properties": {"id": 150296378, "feat_type": "way", "quality_categories": "missing_tags, older_than_five_years", "issue_ids": "[66, 6]", "osm_url": "https://www.openstreetmap.org/way/150296378", "josm_url": "http://127.0.0.1:8111/load_object?new_layer=false&objects=w150296378", "id_url": "https://www.openstreetmap.org/edit?editor=id&way=150296378#map=20/-25.4055041/-49.3503918"}}, {"type": "Feature", "geometry": {"type": "Point", "coordinates": [-49.350744, -25.417851]}, "properties": {"id": 150296380, "feat_type": "way", "quality_categories": "missing_tags, older_than_five_years", "issue_ids": "[59, 6]", "osm_url": "https://www.openstreetmap.org/way/150296380", "josm_url": "http://127.0.0.1:8111/load_object?new_layer=false&objects=w150296380", "id_url": "https://www.openstreetmap.org/edit?editor=id&way=150296380#map=20/-25.417851/-49.350744"}}, {"type": "Feature", "geometry": {"type": "Point", "coordinates": [-49.356405, -25.4173969]}, "properties": {"id": 150296382, "feat_type": "way", "quality_categories": "missing_tags, older_than_five_years", "issue_ids": "[59, 6]", "osm_url": "https://www.openstreetmap.org/way/150296382", "josm_url": "http://127.0.0.1:8111/load_object?new_layer=false&objects=w150296382", "id_url": "https://www.openstreetmap.org/edit?editor=id&way=150296382#map=20/-25.4173969/-49.356405"}}, {"type": "Feature", "geometry": {"type": "Point", "coordinates": [-49.3560087, -25.4181958]}, "properties": {"id": 150296485, "feat_type": "way", "quality_categories": "missing_tags, older_than_five_years", "issue_ids": "[54, 6]", "osm_url": "https://www.openstreetmap.org/way/150296485", "josm_url": "http://127.0.0.1:8111/load_object?new_layer=false&objects=w150296485", "id_url": "https://www.openstreetmap.org/edit?editor=id&way=150296485#map=20/-25.4181958/-49.3560087"}}, {"type": "Feature", "geometry": {"type": "Point", "coordinates": [-49.2761406, -25.3854356]}, "properties": {"id": 150298899, "feat_type": "way", "quality_categories": "missing_tags, older_than_five_years", "issue_ids": "[67, 6]", "osm_url": "https://www.openstreetmap.org/way/150298899", "josm_url": "http://127.0.0.1:8111/load_object?new_layer=false&objects=w150298899", "id_url": "https://www.openstreetmap.org/edit?editor=id&way=150298899#map=20/-25.3854356/-49.2761406"}}, {"type": "Feature", "geometry": {"type": "Point", "coordinates": [-49.2761413, -25.3847361]}, "properties": {"id": 150298906, "feat_type": "way", "quality_categories": "missing_tags, older_than_five_years", "issue_ids": "[68, 6]", "osm_url": "https://www.openstreetmap.org/way/150298906", "josm_url": "http://127.0.0.1:8111/load_object?new_layer=false&objects=w150298906", "id_url": "https://www.openstreetmap.org/edit?editor=id&way=150298906#map=20/-25.3847361/-49.2761413"}}, {"type": "Feature", "geometry": {"type": "Point", "coordinates": [-49.3479422, -25.4058743]}, "properties": {"id": 150298909, "feat_type": "way", "quality_categories": "missing_tags, older_than_five_years", "issue_ids": "[66, 6]", "osm_url": "https://www.openstreetmap.org/way/150298909", "josm_url": "http://127.0.0.1:8111/load_object?new_layer=false&objects=w150298909", "id_url": "https://www.openstreetmap.org/edit?editor=id&way=150298909#map=20/-25.4058743/-49.3479422"}}, {"type": "Feature", "geometry": {"type": "Point", "coordinates": [-49.3471081, -25.4052091]}, "properties": {"id": 150298923, "feat_type": "way", "quality_categories": "missing_tags, older_than_five_years", "issue_ids": "[66, 6]", "osm_url": "https://www.openstreetmap.org/way/150298923", "josm_url": "http://127.0.0.1:8111/load_object?new_layer=false&objects=w150298923", "id_url": "https://www.openstreetmap.org/edit?editor=id&way=150298923#map=20/-25.4052091/-49.3471081"}}, {"type": "Feature", "geometry": {"type": "Point", "coordinates": [-49.3440621, -25.4087991]}, "properties": {"id": 150298926, "feat_type": "way", "quality_categories": "missing_tags, older_than_five_years", "issue_ids": "[69, 6]", "osm_url": "https://www.openstreetmap.org/way/150298926", "josm_url": "http://127.0.0.1:8111/load_object?new_layer=false&objects=w150298926", "id_url": "https://www.openstreetmap.org/edit?editor=id&way=150298926#map=20/-25.4087991/-49.3440621"}}, {"type": "Feature", "geometry": {"type": "Point", "coordinates": [-49.2761297, -25.3851429]}, "properties": {"id": 150298928, "feat_type": "way", "quality_categories": "missing_tags, older_than_five_years", "issue_ids": "[70, 6]", "osm_url": "https://www.openstreetmap.org/way/150298928", "josm_url": "http://127.0.0.1:8111/load_object?new_layer=false&objects=w150298928", "id_url": "https://www.openstreetmap.org/edit?editor=id&way=150298928#map=20/-25.3851429/-49.2761297"}}, {"type": "Feature", "geometry": {"type": "Point", "coordinates": [-49.3500184, -25.4041764]}, "properties": {"id": 150298935, "feat_type": "way", "quality_categories": "missing_tags, older_than_five_years", "issue_ids": "[66, 6]", "osm_url": "https://www.openstreetmap.org/way/150298935", "josm_url": "http://127.0.0.1:8111/load_object?new_layer=false&objects=w150298935", "id_url": "https://www.openstreetmap.org/edit?editor=id&way=150298935#map=20/-25.4041764/-49.3500184"}}, {"type": "Feature", "geometry": {"type": "Point", "coordinates": [-49.3503918, -25.4055041]}, "properties": {"id": 150298957, "feat_type": "way", "quality_categories": "missing_tags, older_than_five_years", "issue_ids": "[66, 6]", "osm_url": "https://www.openstreetmap.org/way/150298957", "josm_url": "http://127.0.0.1:8111/load_object?new_layer=false&objects=w150298957", "id_url": "https://www.openstreetmap.org/edit?editor=id&way=150298957#map=20/-25.4055041/-49.3503918"}}, {"type": "Feature", "geometry": {"type": "Point", "coordinates": [-49.350327, -25.4050452]}, "properties": {"id": 150298977, "feat_type": "way", "quality_categories": "missing_tags, older_than_five_years", "issue_ids": "[66, 6]", "osm_url": "https://www.openstreetmap.org/way/150298977", "josm_url": "http://127.0.0.1:8111/load_object?new_layer=false&objects=w150298977", "id_url": "https://www.openstreetmap.org/edit?editor=id&way=150298977#map=20/-25.4050452/-49.350327"}}, {"type": "Feature", "geometry": {"type": "Point", "coordinates": [-49.3468028, -25.4042512]}, "properties": {"id": 150298994, "feat_type": "way", "quality_categories": "missing_tags, older_than_five_years", "issue_ids": "[66, 6]", "osm_url": "https://www.openstreetmap.org/way/150298994", "josm_url": "http://127.0.0.1:8111/load_object?new_layer=false&objects=w150298994", "id_url": "https://www.openstreetmap.org/edit?editor=id&way=150298994#map=20/-25.4042512/-49.3468028"}}, {"type": "Feature", "geometry": {"type": "Point", "coordinates": [-49.3499371, -25.4034876]}, "properties": {"id": 150348339, "feat_type": "way", "quality_categories": "missing_tags, older_than_five_years", "issue_ids": "[66, 6]", "osm_url": "https://www.openstreetmap.org/way/150348339", "josm_url": "http://127.0.0.1:8111/load_object?new_layer=false&objects=w150348339", "id_url": "https://www.openstreetmap.org/edit?editor=id&way=150348339#map=20/-25.4034876/-49.3499371"}}, {"type": "Feature", "geometry": {"type": "Point", "coordinates": [-49.3477582, -25.4044363]}, "properties": {"id": 150348346, "feat_type": "way", "quality_categories": "missing_tags, older_than_five_years", "issue_ids": "[66, 6]", "osm_url": "https://www.openstreetmap.org/way/150348346", "josm_url": "http://127.0.0.1:8111/load_object?new_layer=false&objects=w150348346", "id_url": "https://www.openstreetmap.org/edit?editor=id&way=150348346#map=20/-25.4044363/-49.3477582"}}, {"type": "Feature", "geometry": {"type": "Point", "coordinates": [-49.3470151, -25.4046959]}, "properties": {"id": 150348604, "feat_type": "way", "quality_categories": "missing_tags, older_than_five_years", "issue_ids": "[66, 6]", "osm_url": "https://www.openstreetmap.org/way/150348604", "josm_url": "http://127.0.0.1:8111/load_object?new_layer=false&objects=w150348604", "id_url": "https://www.openstreetmap.org/edit?editor=id&way=150348604#map=20/-25.4046959/-49.3470151"}}, {"type": "Feature", "geometry": {"type": "Point", "coordinates": [-49.3443795, -25.4082661]}, "properties": {"id": 158064895, "feat_type": "way", "quality_categories": "missing_tags, older_than_five_years", "issue_ids": "[43, 6]", "osm_url": "https://www.openstreetmap.org/way/158064895", "josm_url": "http://127.0.0.1:8111/load_object?new_layer=false&objects=w158064895", "id_url": "https://www.openstreetmap.org/edit?editor=id&way=158064895#map=20/-25.4082661/-49.3443795"}}, {"type": "Feature", "geometry": {"type": "Point", "coordinates": [-49.3494336, -25.4045573]}, "properties": {"id": 158066370, "feat_type": "way", "quality_categories": "missing_tags, older_than_five_years", "issue_ids": "[66, 6]", "osm_url": "https://www.openstreetmap.org/way/158066370", "josm_url": "http://127.0.0.1:8111/load_object?new_layer=false&objects=w158066370", "id_url": "https://www.openstreetmap.org/edit?editor=id&way=158066370#map=20/-25.4045573/-49.3494336"}}, {"type": "Feature", "geometry": {"type": "Point", "coordinates": [-49.350744, -25.417851]}, "properties": {"id": 158228479, "feat_type": "way", "quality_categories": "missing_tags, older_than_five_years", "issue_ids": "[59, 6]", "osm_url": "https://www.openstreetmap.org/way/158228479", "josm_url": "http://127.0.0.1:8111/load_object?new_layer=false&objects=w158228479", "id_url": "https://www.openstreetmap.org/edit?editor=id&way=158228479#map=20/-25.417851/-49.350744"}}, {"type": "Feature", "geometry": {"type": "Point", "coordinates": [-49.3523491, -25.4171205]}, "properties": {"id": 158228481, "feat_type": "way", "quality_categories": "missing_tags, older_than_five_years", "issue_ids": "[59, 6]", "osm_url": "https://www.openstreetmap.org/way/158228481", "josm_url": "http://127.0.0.1:8111/load_object?new_layer=false&objects=w158228481", "id_url": "https://www.openstreetmap.org/edit?editor=id&way=158228481#map=20/-25.4171205/-49.3523491"}}, {"type": "Feature", "geometry": {"type": "Point", "coordinates": [-49.3128269, -25.4005414]}, "properties": {"id": 158621810, "feat_type": "way", "quality_categories": "missing_tags, older_than_five_years", "issue_ids": "[71, 6]", "osm_url": "https://www.openstreetmap.org/way/158621810", "josm_url": "http://127.0.0.1:8111/load_object?new_layer=false&objects=w158621810", "id_url": "https://www.openstreetmap.org/edit?editor=id&way=158621810#map=20/-25.4005414/-49.3128269"}}, {"type": "Feature", "geometry": {"type": "Point", "coordinates": [-49.3142059, -25.3904719]}, "properties": {"id": 158623399, "feat_type": "way", "quality_categories": "missing_tags, older_than_five_years", "issue_ids": "[72, 6]", "osm_url": "https://www.openstreetmap.org/way/158623399", "josm_url": "http://127.0.0.1:8111/load_object?new_layer=false&objects=w158623399", "id_url": "https://www.openstreetmap.org/edit?editor=id&way=158623399#map=20/-25.3904719/-49.3142059"}}, {"type": "Feature", "geometry": {"type": "Point", "coordinates": [-49.3251814, -25.3740669]}, "properties": {"id": 158623400, "feat_type": "way", "quality_categories": "missing_tags, older_than_five_years", "issue_ids": "[73, 6]", "osm_url": "https://www.openstreetmap.org/way/158623400", "josm_url": "http://127.0.0.1:8111/load_object?new_layer=false&objects=w158623400", "id_url": "https://www.openstreetmap.org/edit?editor=id&way=158623400#map=20/-25.3740669/-49.3251814"}}, {"type": "Feature", "geometry": {"type": "Point", "coordinates": [-49.3315235, -25.3980559]}, "properties": {"id": 158623484, "feat_type": "way", "quality_categories": "missing_tags, older_than_five_years", "issue_ids": "[42, 6]", "osm_url": "https://www.openstreetmap.org/way/158623484", "josm_url": "http://127.0.0.1:8111/load_object?new_layer=false&objects=w158623484", "id_url": "https://www.openstreetmap.org/edit?editor=id&way=158623484#map=20/-25.3980559/-49.3315235"}}, {"type": "Feature", "geometry": {"type": "Point", "coordinates": [-49.3319801, -25.3974828]}, "properties": {"id": 158623497, "feat_type": "way", "quality_categories": "missing_tags, older_than_five_years", "issue_ids": "[56, 6]", "osm_url": "https://www.openstreetmap.org/way/158623497", "josm_url": "http://127.0.0.1:8111/load_object?new_layer=false&objects=w158623497", "id_url": "https://www.openstreetmap.org/edit?editor=id&way=158623497#map=20/-25.3974828/-49.3319801"}}, {"type": "Feature", "geometry": {"type": "Point", "coordinates": [-49.3391832, -25.4051071]}, "properties": {"id": 158626294, "feat_type": "way", "quality_categories": "missing_tags, older_than_five_years", "issue_ids": "[55, 6]", "osm_url": "https://www.openstreetmap.org/way/158626294", "josm_url": "http://127.0.0.1:8111/load_object?new_layer=false&objects=w158626294", "id_url": "https://www.openstreetmap.org/edit?editor=id&way=158626294#map=20/-25.4051071/-49.3391832"}}, {"type": "Feature", "geometry": {"type": "Point", "coordinates": [-49.2175752, -25.4467833]}, "properties": {"id": 160094815, "feat_type": "way", "quality_categories": "older_than_five_years", "issue_ids": "[74]", "osm_url": "https://www.openstreetmap.org/way/160094815", "josm_url": "http://127.0.0.1:8111/load_object?new_layer=false&objects=w160094815", "id_url": "https://www.openstreetmap.org/edit?editor=id&way=160094815#map=20/-25.4467833/-49.2175752"}}, {"type": "Feature", "geometry": {"type": "Point", "coordinates": [-49.2137678, -25.3837968]}, "properties": {"id": 160681473, "feat_type": "way", "quality_categories": "older_than_five_years", "issue_ids": "[75]", "osm_url": "https://www.openstreetmap.org/way/160681473", "josm_url": "http://127.0.0.1:8111/load_object?new_layer=false&objects=w160681473", "id_url": "https://www.openstreetmap.org/edit?editor=id&way=160681473#map=20/-25.3837968/-49.2137678"}}, {"type": "Feature", "geometry": {"type": "Point", "coordinates": [-49.3124077, -25.4484498]}, "properties": {"id": 161339914, "feat_type": "way", "quality_categories": "older_than_five_years", "issue_ids": "[76]", "osm_url": "https://www.openstreetmap.org/way/161339914", "josm_url": "http://127.0.0.1:8111/load_object?new_layer=false&objects=w161339914", "id_url": "https://www.openstreetmap.org/edit?editor=id&way=161339914#map=20/-25.4484498/-49.3124077"}}, {"type": "Feature", "geometry": {"type": "Point", "coordinates": [-49.3133939, -25.4474822]}, "properties": {"id": 161339934, "feat_type": "way", "quality_categories": "older_than_five_years", "issue_ids": "[77]", "osm_url": "https://www.openstreetmap.org/way/161339934", "josm_url": "http://127.0.0.1:8111/load_object?new_layer=false&objects=w161339934", "id_url": "https://www.openstreetmap.org/edit?editor=id&way=161339934#map=20/-25.4474822/-49.3133939"}}, {"type": "Feature", "geometry": {"type": "Point", "coordinates": [-49.3133939, -25.4474822]}, "properties": {"id": 161339942, "feat_type": "way", "quality_categories": "older_than_five_years", "issue_ids": "[77]", "osm_url": "https://www.openstreetmap.org/way/161339942", "josm_url": "http://127.0.0.1:8111/load_object?new_layer=false&objects=w161339942", "id_url": "https://www.openstreetmap.org/edit?editor=id&way=161339942#map=20/-25.4474822/-49.3133939"}}, {"type": "Feature", "geometry": {"type": "Point", "coordinates": [-49.3482717, -25.4058354]}, "properties": {"id": 161359429, "feat_type": "way", "quality_categories": "missing_tags, older_than_five_years", "issue_ids": "[66, 6]", "osm_url": "https://www.openstreetmap.org/way/161359429", "josm_url": "http://127.0.0.1:8111/load_object?new_layer=false&objects=w161359429", "id_url": "https://www.openstreetmap.org/edit?editor=id&way=161359429#map=20/-25.4058354/-49.3482717"}}, {"type": "Feature", "geometry": {"type": "Point", "coordinates": [-49.359035, -25.501695]}, "properties": {"id": 161880730, "feat_type": "way", "quality_categories": "missing_tags, older_than_five_years", "issue_ids": "[78, 6]", "osm_url": "https://www.openstreetmap.org/way/161880730", "josm_url": "http://127.0.0.1:8111/load_object?new_layer=false&objects=w161880730", "id_url": "https://www.openstreetmap.org/edit?editor=id&way=161880730#map=20/-25.501695/-49.359035"}}, {"type": "Feature", "geometry": {"type": "Point", "coordinates": [-49.2977484, -25.3808609]}, "properties": {"id": 162042920, "feat_type": "way", "quality_categories": "missing_tags, older_than_five_years", "issue_ids": "[54, 6]", "osm_url": "https://www.openstreetmap.org/way/162042920", "josm_url": "http://127.0.0.1:8111/load_object?new_layer=false&objects=w162042920", "id_url": "https://www.openstreetmap.org/edit?editor=id&way=162042920#map=20/-25.3808609/-49.2977484"}}, {"type": "Feature", "geometry": {"type": "Point", "coordinates": [-49.1975598, -25.4169286]}, "properties": {"id": 162787280, "feat_type": "way", "quality_categories": "missing_tags, older_than_five_years", "issue_ids": "[79, 6]", "osm_url": "https://www.openstreetmap.org/way/162787280", "josm_url": "http://127.0.0.1:8111/load_object?new_layer=false&objects=w162787280", "id_url": "https://www.openstreetmap.org/edit?editor=id&way=162787280#map=20/-25.4169286/-49.1975598"}}, {"type": "Feature", "geometry": {"type": "Point", "coordinates": [-49.3402065, -25.4041129]}, "properties": {"id": 162999252, "feat_type": "way", "quality_categories": "missing_tags, older_than_five_years", "issue_ids": "[25, 6]", "osm_url": "https://www.openstreetmap.org/way/162999252", "josm_url": "http://127.0.0.1:8111/load_object?new_layer=false&objects=w162999252", "id_url": "https://www.openstreetmap.org/edit?editor=id&way=162999252#map=20/-25.4041129/-49.3402065"}}, {"type": "Feature", "geometry": {"type": "Point", "coordinates": [-49.2891527, -25.4082997]}, "properties": {"id": 163034665, "feat_type": "way", "quality_categories": "missing_tags, older_than_five_years", "issue_ids": "[32, 6]", "osm_url": "https://www.openstreetmap.org/way/163034665", "josm_url": "http://127.0.0.1:8111/load_object?new_layer=false&objects=w163034665", "id_url": "https://www.openstreetmap.org/edit?editor=id&way=163034665#map=20/-25.4082997/-49.2891527"}}, {"type": "Feature", "geometry": {"type": "Point", "coordinates": [-49.2871794, -25.4084202]}, "properties": {"id": 163036902, "feat_type": "way", "quality_categories": "missing_tags, older_than_five_years", "issue_ids": "[61, 6]", "osm_url": "https://www.openstreetmap.org/way/163036902", "josm_url": "http://127.0.0.1:8111/load_object?new_layer=false&objects=w163036902", "id_url": "https://www.openstreetmap.org/edit?editor=id&way=163036902#map=20/-25.4084202/-49.2871794"}}, {"type": "Feature", "geometry": {"type": "Point", "coordinates": [-49.2893548, -25.4083154]}, "properties": {"id": 163036907, "feat_type": "way", "quality_categories": "missing_tags, older_than_five_years", "issue_ids": "[80, 6]", "osm_url": "https://www.openstreetmap.org/way/163036907", "josm_url": "http://127.0.0.1:8111/load_object?new_layer=false&objects=w163036907", "id_url": "https://www.openstreetmap.org/edit?editor=id&way=163036907#map=20/-25.4083154/-49.2893548"}}, {"type": "Feature", "geometry": {"type": "Point", "coordinates": [-49.2860319, -25.4060621]}, "properties": {"id": 163664242, "feat_type": "way", "quality_categories": "older_than_five_years, wrong_mispelled_or_unlisted_values", "issue_ids": "[81, 82]", "osm_url": "https://www.openstreetmap.org/way/163664242", "josm_url": "http://127.0.0.1:8111/load_object?new_layer=false&objects=w163664242", "id_url": "https://www.openstreetmap.org/edit?editor=id&way=163664242#map=20/-25.4060621/-49.2860319"}}, {"type": "Feature", "geometry": {"type": "Point", "coordinates": [-49.3078771, -25.4034396]}, "properties": {"id": 163664258, "feat_type": "way", "quality_categories": "missing_tags, older_than_five_years", "issue_ids": "[43, 6]", "osm_url": "https://www.openstreetmap.org/way/163664258", "josm_url": "http://127.0.0.1:8111/load_object?new_layer=false&objects=w163664258", "id_url": "https://www.openstreetmap.org/edit?editor=id&way=163664258#map=20/-25.4034396/-49.3078771"}}, {"type": "Feature", "geometry": {"type": "Point", "coordinates": [-49.2882191, -25.4043903]}, "properties": {"id": 163664275, "feat_type": "way", "quality_categories": "missing_tags, older_than_five_years", "issue_ids": "[19, 6]", "osm_url": "https://www.openstreetmap.org/way/163664275", "josm_url": "http://127.0.0.1:8111/load_object?new_layer=false&objects=w163664275", "id_url": "https://www.openstreetmap.org/edit?editor=id&way=163664275#map=20/-25.4043903/-49.2882191"}}, {"type": "Feature", "geometry": {"type": "Point", "coordinates": [-49.308038, -25.4028751]}, "properties": {"id": 163664277, "feat_type": "way", "quality_categories": "missing_tags, older_than_five_years", "issue_ids": "[43, 6]", "osm_url": "https://www.openstreetmap.org/way/163664277", "josm_url": "http://127.0.0.1:8111/load_object?new_layer=false&objects=w163664277", "id_url": "https://www.openstreetmap.org/edit?editor=id&way=163664277#map=20/-25.4028751/-49.308038"}}, {"type": "Feature", "geometry": {"type": "Point", "coordinates": [-49.2825265, -25.3722146]}, "properties": {"id": 163664921, "feat_type": "way", "quality_categories": "missing_tags, older_than_five_years", "issue_ids": "[13, 6]", "osm_url": "https://www.openstreetmap.org/way/163664921", "josm_url": "http://127.0.0.1:8111/load_object?new_layer=false&objects=w163664921", "id_url": "https://www.openstreetmap.org/edit?editor=id&way=163664921#map=20/-25.3722146/-49.2825265"}}, {"type": "Feature", "geometry": {"type": "Point", "coordinates": [-49.2262336, -25.4530354]}, "properties": {"id": 164247170, "feat_type": "way", "quality_categories": "missing_tags, older_than_five_years", "issue_ids": "[66, 6]", "osm_url": "https://www.openstreetmap.org/way/164247170", "josm_url": "http://127.0.0.1:8111/load_object?new_layer=false&objects=w164247170", "id_url": "https://www.openstreetmap.org/edit?editor=id&way=164247170#map=20/-25.4530354/-49.2262336"}}, {"type": "Feature", "geometry": {"type": "Point", "coordinates": [-49.3613069, -25.4454617]}, "properties": {"id": 164414205, "feat_type": "way", "quality_categories": "missing_tags, older_than_five_years", "issue_ids": "[83, 6]", "osm_url": "https://www.openstreetmap.org/way/164414205", "josm_url": "http://127.0.0.1:8111/load_object?new_layer=false&objects=w164414205", "id_url": "https://www.openstreetmap.org/edit?editor=id&way=164414205#map=20/-25.4454617/-49.3613069"}}, {"type": "Feature", "geometry": {"type": "Point", "coordinates": [-49.3594009, -25.4463522]}, "properties": {"id": 164414208, "feat_type": "way", "quality_categories": "missing_tags, older_than_five_years", "issue_ids": "[84, 6]", "osm_url": "https://www.openstreetmap.org/way/164414208", "josm_url": "http://127.0.0.1:8111/load_object?new_layer=false&objects=w164414208", "id_url": "https://www.openstreetmap.org/edit?editor=id&way=164414208#map=20/-25.4463522/-49.3594009"}}, {"type": "Feature", "geometry": {"type": "Point", "coordinates": [-49.36036, -25.4449797]}, "properties": {"id": 164414211, "feat_type": "way", "quality_categories": "missing_tags, older_than_five_years", "issue_ids": "[85, 6]", "osm_url": "https://www.openstreetmap.org/way/164414211", "josm_url": "http://127.0.0.1:8111/load_object?new_layer=false&objects=w164414211", "id_url": "https://www.openstreetmap.org/edit?editor=id&way=164414211#map=20/-25.4449797/-49.36036"}}, {"type": "Feature", "geometry": {"type": "Point", "coordinates": [-49.3590825, -25.4478804]}, "properties": {"id": 164414215, "feat_type": "way", "quality_categories": "missing_tags, older_than_five_years", "issue_ids": "[84, 6]", "osm_url": "https://www.openstreetmap.org/way/164414215", "josm_url": "http://127.0.0.1:8111/load_object?new_layer=false&objects=w164414215", "id_url": "https://www.openstreetmap.org/edit?editor=id&way=164414215#map=20/-25.4478804/-49.3590825"}}, {"type": "Feature", "geometry": {"type": "Point", "coordinates": [-49.359248, -25.4478814]}, "properties": {"id": 164414218, "feat_type": "way", "quality_categories": "missing_tags, older_than_five_years", "issue_ids": "[84, 6]", "osm_url": "https://www.openstreetmap.org/way/164414218", "josm_url": "http://127.0.0.1:8111/load_object?new_layer=false&objects=w164414218", "id_url": "https://www.openstreetmap.org/edit?editor=id&way=164414218#map=20/-25.4478814/-49.359248"}}, {"type": "Feature", "geometry": {"type": "Point", "coordinates": [-49.3617211, -25.4459679]}, "properties": {"id": 164414219, "feat_type": "way", "quality_categories": "missing_tags, older_than_five_years", "issue_ids": "[86, 6]", "osm_url": "https://www.openstreetmap.org/way/164414219", "josm_url": "http://127.0.0.1:8111/load_object?new_layer=false&objects=w164414219", "id_url": "https://www.openstreetmap.org/edit?editor=id&way=164414219#map=20/-25.4459679/-49.3617211"}}, {"type": "Feature", "geometry": {"type": "Point", "coordinates": [-49.359248, -25.4474031]}, "properties": {"id": 164414222, "feat_type": "way", "quality_categories": "missing_tags, older_than_five_years", "issue_ids": "[84, 6]", "osm_url": "https://www.openstreetmap.org/way/164414222", "josm_url": "http://127.0.0.1:8111/load_object?new_layer=false&objects=w164414222", "id_url": "https://www.openstreetmap.org/edit?editor=id&way=164414222#map=20/-25.4474031/-49.359248"}}, {"type": "Feature", "geometry": {"type": "Point", "coordinates": [-49.3596272, -25.4483616]}, "properties": {"id": 164414223, "feat_type": "way", "quality_categories": "missing_tags, older_than_five_years", "issue_ids": "[84, 6]", "osm_url": "https://www.openstreetmap.org/way/164414223", "josm_url": "http://127.0.0.1:8111/load_object?new_layer=false&objects=w164414223", "id_url": "https://www.openstreetmap.org/edit?editor=id&way=164414223#map=20/-25.4483616/-49.3596272"}}, {"type": "Feature", "geometry": {"type": "Point", "coordinates": [-49.359248, -25.4478814]}, "properties": {"id": 164414227, "feat_type": "way", "quality_categories": "missing_tags, older_than_five_years", "issue_ids": "[84, 6]", "osm_url": "https://www.openstreetmap.org/way/164414227", "josm_url": "http://127.0.0.1:8111/load_object?new_layer=false&objects=w164414227", "id_url": "https://www.openstreetmap.org/edit?editor=id&way=164414227#map=20/-25.4478814/-49.359248"}}, {"type": "Feature", "geometry": {"type": "Point", "coordinates": [-49.2713791, -25.4108007]}, "properties": {"id": 164416404, "feat_type": "way", "quality_categories": "older_than_five_years", "issue_ids": "[87]", "osm_url": "https://www.openstreetmap.org/way/164416404", "josm_url": "http://127.0.0.1:8111/load_object?new_layer=false&objects=w164416404", "id_url": "https://www.openstreetmap.org/edit?editor=id&way=164416404#map=20/-25.4108007/-49.2713791"}}, {"type": "Feature", "geometry": {"type": "Point", "coordinates": [-49.2712836, -25.4108326]}, "properties": {"id": 164416409, "feat_type": "way", "quality_categories": "older_than_five_years", "issue_ids": "[87]", "osm_url": "https://www.openstreetmap.org/way/164416409", "josm_url": "http://127.0.0.1:8111/load_object?new_layer=false&objects=w164416409", "id_url": "https://www.openstreetmap.org/edit?editor=id&way=164416409#map=20/-25.4108326/-49.2712836"}}, {"type": "Feature", "geometry": {"type": "Point", "coordinates": [-49.2980306, -25.4059305]}, "properties": {"id": 164417904, "feat_type": "way", "quality_categories": "missing_tags, older_than_five_years", "issue_ids": "[43, 6]", "osm_url": "https://www.openstreetmap.org/way/164417904", "josm_url": "http://127.0.0.1:8111/load_object?new_layer=false&objects=w164417904", "id_url": "https://www.openstreetmap.org/edit?editor=id&way=164417904#map=20/-25.4059305/-49.2980306"}}, {"type": "Feature", "geometry": {"type": "Point", "coordinates": [-49.3018038, -25.4061039]}, "properties": {"id": 164417906, "feat_type": "way", "quality_categories": "missing_tags, older_than_five_years", "issue_ids": "[77, 6]", "osm_url": "https://www.openstreetmap.org/way/164417906", "josm_url": "http://127.0.0.1:8111/load_object?new_layer=false&objects=w164417906", "id_url": "https://www.openstreetmap.org/edit?editor=id&way=164417906#map=20/-25.4061039/-49.3018038"}}, {"type": "Feature", "geometry": {"type": "Point", "coordinates": [-49.297481, -25.4070636]}, "properties": {"id": 164417914, "feat_type": "way", "quality_categories": "missing_tags, older_than_five_years", "issue_ids": "[88, 6]", "osm_url": "https://www.openstreetmap.org/way/164417914", "josm_url": "http://127.0.0.1:8111/load_object?new_layer=false&objects=w164417914", "id_url": "https://www.openstreetmap.org/edit?editor=id&way=164417914#map=20/-25.4070636/-49.297481"}}, {"type": "Feature", "geometry": {"type": "Point", "coordinates": [-49.3022178, -25.4059491]}, "properties": {"id": 164417917, "feat_type": "way", "quality_categories": "missing_tags, older_than_five_years", "issue_ids": "[43, 6]", "osm_url": "https://www.openstreetmap.org/way/164417917", "josm_url": "http://127.0.0.1:8111/load_object?new_layer=false&objects=w164417917", "id_url": "https://www.openstreetmap.org/edit?editor=id&way=164417917#map=20/-25.4059491/-49.3022178"}}, {"type": "Feature", "geometry": {"type": "Point", "coordinates": [-49.3067857, -25.3986066]}, "properties": {"id": 164550458, "feat_type": "way", "quality_categories": "missing_tags, older_than_five_years", "issue_ids": "[43, 6]", "osm_url": "https://www.openstreetmap.org/way/164550458", "josm_url": "http://127.0.0.1:8111/load_object?new_layer=false&objects=w164550458", "id_url": "https://www.openstreetmap.org/edit?editor=id&way=164550458#map=20/-25.3986066/-49.3067857"}}, {"type": "Feature", "geometry": {"type": "Point", "coordinates": [-49.3053145, -25.3985839]}, "properties": {"id": 164550459, "feat_type": "way", "quality_categories": "missing_tags, older_than_five_years", "issue_ids": "[89, 6]", "osm_url": "https://www.openstreetmap.org/way/164550459", "josm_url": "http://127.0.0.1:8111/load_object?new_layer=false&objects=w164550459", "id_url": "https://www.openstreetmap.org/edit?editor=id&way=164550459#map=20/-25.3985839/-49.3053145"}}, {"type": "Feature", "geometry": {"type": "Point", "coordinates": [-49.3063949, -25.3987637]}, "properties": {"id": 164550467, "feat_type": "way", "quality_categories": "missing_tags, older_than_five_years", "issue_ids": "[43, 6]", "osm_url": "https://www.openstreetmap.org/way/164550467", "josm_url": "http://127.0.0.1:8111/load_object?new_layer=false&objects=w164550467", "id_url": "https://www.openstreetmap.org/edit?editor=id&way=164550467#map=20/-25.3987637/-49.3063949"}}, {"type": "Feature", "geometry": {"type": "Point", "coordinates": [-49.3069303, -25.3971594]}, "properties": {"id": 164550470, "feat_type": "way", "quality_categories": "missing_tags, older_than_five_years", "issue_ids": "[89, 6]", "osm_url": "https://www.openstreetmap.org/way/164550470", "josm_url": "http://127.0.0.1:8111/load_object?new_layer=false&objects=w164550470", "id_url": "https://www.openstreetmap.org/edit?editor=id&way=164550470#map=20/-25.3971594/-49.3069303"}}, {"type": "Feature", "geometry": {"type": "Point", "coordinates": [-49.2593285, -25.5188614]}, "properties": {"id": 164769214, "feat_type": "way", "quality_categories": "missing_tags, older_than_five_years", "issue_ids": "[67, 6]", "osm_url": "https://www.openstreetmap.org/way/164769214", "josm_url": "http://127.0.0.1:8111/load_object?new_layer=false&objects=w164769214", "id_url": "https://www.openstreetmap.org/edit?editor=id&way=164769214#map=20/-25.5188614/-49.2593285"}}, {"type": "Feature", "geometry": {"type": "Point", "coordinates": [-49.3314484, -25.3974598]}, "properties": {"id": 164835189, "feat_type": "way", "quality_categories": "missing_tags, older_than_five_years", "issue_ids": "[42, 6]", "osm_url": "https://www.openstreetmap.org/way/164835189", "josm_url": "http://127.0.0.1:8111/load_object?new_layer=false&objects=w164835189", "id_url": "https://www.openstreetmap.org/edit?editor=id&way=164835189#map=20/-25.3974598/-49.3314484"}}, {"type": "Feature", "geometry": {"type": "Point", "coordinates": [-49.281287, -25.3640883]}, "properties": {"id": 165260486, "feat_type": "way", "quality_categories": "missing_tags, older_than_five_years", "issue_ids": "[90, 6]", "osm_url": "https://www.openstreetmap.org/way/165260486", "josm_url": "http://127.0.0.1:8111/load_object?new_layer=false&objects=w165260486", "id_url": "https://www.openstreetmap.org/edit?editor=id&way=165260486#map=20/-25.3640883/-49.281287"}}, {"type": "Feature", "geometry": {"type": "Point", "coordinates": [-49.3185977, -25.4148846]}, "properties": {"id": 165316659, "feat_type": "way", "quality_categories": "missing_tags, older_than_five_years", "issue_ids": "[91, 6]", "osm_url": "https://www.openstreetmap.org/way/165316659", "josm_url": "http://127.0.0.1:8111/load_object?new_layer=false&objects=w165316659", "id_url": "https://www.openstreetmap.org/edit?editor=id&way=165316659#map=20/-25.4148846/-49.3185977"}}, {"type": "Feature", "geometry": {"type": "Point", "coordinates": [-49.3403808, -25.4060921]}, "properties": {"id": 165353741, "feat_type": "way", "quality_categories": "missing_tags, older_than_five_years", "issue_ids": "[92, 6]", "osm_url": "https://www.openstreetmap.org/way/165353741", "josm_url": "http://127.0.0.1:8111/load_object?new_layer=false&objects=w165353741", "id_url": "https://www.openstreetmap.org/edit?editor=id&way=165353741#map=20/-25.4060921/-49.3403808"}}, {"type": "Feature", "geometry": {"type": "Point", "coordinates": [-49.3358251, -25.3976688]}, "properties": {"id": 165353742, "feat_type": "way", "quality_categories": "missing_tags, older_than_five_years", "issue_ids": "[25, 6]", "osm_url": "https://www.openstreetmap.org/way/165353742", "josm_url": "http://127.0.0.1:8111/load_object?new_layer=false&objects=w165353742", "id_url": "https://www.openstreetmap.org/edit?editor=id&way=165353742#map=20/-25.3976688/-49.3358251"}}, {"type": "Feature", "geometry": {"type": "Point", "coordinates": [-49.3362083, -25.3972937]}, "properties": {"id": 165353770, "feat_type": "way", "quality_categories": "missing_tags, older_than_five_years", "issue_ids": "[25, 6]", "osm_url": "https://www.openstreetmap.org/way/165353770", "josm_url": "http://127.0.0.1:8111/load_object?new_layer=false&objects=w165353770", "id_url": "https://www.openstreetmap.org/edit?editor=id&way=165353770#map=20/-25.3972937/-49.3362083"}}, {"type": "Feature", "geometry": {"type": "Point", "coordinates": [-49.3308207, -25.4112967]}, "properties": {"id": 165353774, "feat_type": "way", "quality_categories": "missing_tags, older_than_five_years", "issue_ids": "[45, 6]", "osm_url": "https://www.openstreetmap.org/way/165353774", "josm_url": "http://127.0.0.1:8111/load_object?new_layer=false&objects=w165353774", "id_url": "https://www.openstreetmap.org/edit?editor=id&way=165353774#map=20/-25.4112967/-49.3308207"}}, {"type": "Feature", "geometry": {"type": "Point", "coordinates": [-49.2551178, -25.3966468]}, "properties": {"id": 165585966, "feat_type": "way", "quality_categories": "missing_tags, older_than_five_years", "issue_ids": "[93, 6]", "osm_url": "https://www.openstreetmap.org/way/165585966", "josm_url": "http://127.0.0.1:8111/load_object?new_layer=false&objects=w165585966", "id_url": "https://www.openstreetmap.org/edit?editor=id&way=165585966#map=20/-25.3966468/-49.2551178"}}, {"type": "Feature", "geometry": {"type": "Point", "coordinates": [-49.3289132, -25.556029]}, "properties": {"id": 165623197, "feat_type": "way", "quality_categories": "missing_tags, older_than_five_years", "issue_ids": "[94, 6]", "osm_url": "https://www.openstreetmap.org/way/165623197", "josm_url": "http://127.0.0.1:8111/load_object?new_layer=false&objects=w165623197", "id_url": "https://www.openstreetmap.org/edit?editor=id&way=165623197#map=20/-25.556029/-49.3289132"}}, {"type": "Feature", "geometry": {"type": "Point", "coordinates": [-49.2835257, -25.5633733]}, "properties": {"id": 166479466, "feat_type": "way", "quality_categories": "missing_tags, older_than_five_years", "issue_ids": "[95, 6]", "osm_url": "https://www.openstreetmap.org/way/166479466", "josm_url": "http://127.0.0.1:8111/load_object?new_layer=false&objects=w166479466", "id_url": "https://www.openstreetmap.org/edit?editor=id&way=166479466#map=20/-25.5633733/-49.2835257"}}, {"type": "Feature", "geometry": {"type": "Point", "coordinates": [-49.2835257, -25.5633733]}, "properties": {"id": 166479519, "feat_type": "way", "quality_categories": "missing_tags, older_than_five_years", "issue_ids": "[95, 6]", "osm_url": "https://www.openstreetmap.org/way/166479519", "josm_url": "http://127.0.0.1:8111/load_object?new_layer=false&objects=w166479519", "id_url": "https://www.openstreetmap.org/edit?editor=id&way=166479519#map=20/-25.5633733/-49.2835257"}}, {"type": "Feature", "geometry": {"type": "Point", "coordinates": [-49.3131685, -25.4654007]}, "properties": {"id": 167371942, "feat_type": "way", "quality_categories": "older_than_five_years", "issue_ids": "[16]", "osm_url": "https://www.openstreetmap.org/way/167371942", "josm_url": "http://127.0.0.1:8111/load_object?new_layer=false&objects=w167371942", "id_url": "https://www.openstreetmap.org/edit?editor=id&way=167371942#map=20/-25.4654007/-49.3131685"}}, {"type": "Feature", "geometry": {"type": "Point", "coordinates": [-49.3047353, -25.4067245]}, "properties": {"id": 169295534, "feat_type": "way", "quality_categories": "missing_tags, older_than_five_years", "issue_ids": "[96, 6]", "osm_url": "https://www.openstreetmap.org/way/169295534", "josm_url": "http://127.0.0.1:8111/load_object?new_layer=false&objects=w169295534", "id_url": "https://www.openstreetmap.org/edit?editor=id&way=169295534#map=20/-25.4067245/-49.3047353"}}, {"type": "Feature", "geometry": {"type": "Point", "coordinates": [-49.3039112, -25.397659]}, "properties": {"id": 169295538, "feat_type": "way", "quality_categories": "missing_tags, older_than_five_years", "issue_ids": "[96, 6]", "osm_url": "https://www.openstreetmap.org/way/169295538", "josm_url": "http://127.0.0.1:8111/load_object?new_layer=false&objects=w169295538", "id_url": "https://www.openstreetmap.org/edit?editor=id&way=169295538#map=20/-25.397659/-49.3039112"}}, {"type": "Feature", "geometry": {"type": "Point", "coordinates": [-49.3054012, -25.3955004]}, "properties": {"id": 169295548, "feat_type": "way", "quality_categories": "older_than_five_years", "issue_ids": "[15]", "osm_url": "https://www.openstreetmap.org/way/169295548", "josm_url": "http://127.0.0.1:8111/load_object?new_layer=false&objects=w169295548", "id_url": "https://www.openstreetmap.org/edit?editor=id&way=169295548#map=20/-25.3955004/-49.3054012"}}, {"type": "Feature", "geometry": {"type": "Point", "coordinates": [-49.3052978, -25.3949502]}, "properties": {"id": 169295552, "feat_type": "way", "quality_categories": "older_than_five_years", "issue_ids": "[97]", "osm_url": "https://www.openstreetmap.org/way/169295552", "josm_url": "http://127.0.0.1:8111/load_object?new_layer=false&objects=w169295552", "id_url": "https://www.openstreetmap.org/edit?editor=id&way=169295552#map=20/-25.3949502/-49.3052978"}}, {"type": "Feature", "geometry": {"type": "Point", "coordinates": [-49.3042049, -25.4066608]}, "properties": {"id": 169295554, "feat_type": "way", "quality_categories": "missing_tags, older_than_five_years", "issue_ids": "[21, 6]", "osm_url": "https://www.openstreetmap.org/way/169295554", "josm_url": "http://127.0.0.1:8111/load_object?new_layer=false&objects=w169295554", "id_url": "https://www.openstreetmap.org/edit?editor=id&way=169295554#map=20/-25.4066608/-49.3042049"}}, {"type": "Feature", "geometry": {"type": "Point", "coordinates": [-49.3038757, -25.4062623]}, "properties": {"id": 169295560, "feat_type": "way", "quality_categories": "missing_tags, older_than_five_years", "issue_ids": "[98, 6]", "osm_url": "https://www.openstreetmap.org/way/169295560", "josm_url": "http://127.0.0.1:8111/load_object?new_layer=false&objects=w169295560", "id_url": "https://www.openstreetmap.org/edit?editor=id&way=169295560#map=20/-25.4062623/-49.3038757"}}, {"type": "Feature", "geometry": {"type": "Point", "coordinates": [-49.2277274, -25.4172225]}, "properties": {"id": 169460803, "feat_type": "way", "quality_categories": "missing_tags, older_than_five_years", "issue_ids": "[99, 6]", "osm_url": "https://www.openstreetmap.org/way/169460803", "josm_url": "http://127.0.0.1:8111/load_object?new_layer=false&objects=w169460803", "id_url": "https://www.openstreetmap.org/edit?editor=id&way=169460803#map=20/-25.4172225/-49.2277274"}}, {"type": "Feature", "geometry": {"type": "Point", "coordinates": [-49.2935242, -25.4133708]}, "properties": {"id": 170291099, "feat_type": "way", "quality_categories": "missing_tags, older_than_five_years", "issue_ids": "[100, 6]", "osm_url": "https://www.openstreetmap.org/way/170291099", "josm_url": "http://127.0.0.1:8111/load_object?new_layer=false&objects=w170291099", "id_url": "https://www.openstreetmap.org/edit?editor=id&way=170291099#map=20/-25.4133708/-49.2935242"}}, {"type": "Feature", "geometry": {"type": "Point", "coordinates": [-49.2663363, -25.4098169]}, "properties": {"id": 172090936, "feat_type": "way", "quality_categories": "missing_tags, older_than_five_years", "issue_ids": "[87, 6]", "osm_url": "https://www.openstreetmap.org/way/172090936", "josm_url": "http://127.0.0.1:8111/load_object?new_layer=false&objects=w172090936", "id_url": "https://www.openstreetmap.org/edit?editor=id&way=172090936#map=20/-25.4098169/-49.2663363"}}, {"type": "Feature", "geometry": {"type": "Point", "coordinates": [-49.2546478, -25.5327488]}, "properties": {"id": 173592271, "feat_type": "way", "quality_categories": "missing_tags, older_than_five_years", "issue_ids": "[101, 6]", "osm_url": "https://www.openstreetmap.org/way/173592271", "josm_url": "http://127.0.0.1:8111/load_object?new_layer=false&objects=w173592271", "id_url": "https://www.openstreetmap.org/edit?editor=id&way=173592271#map=20/-25.5327488/-49.2546478"}}, {"type": "Feature", "geometry": {"type": "Point", "coordinates": [-49.2546244, -25.5323238]}, "properties": {"id": 173592273, "feat_type": "way", "quality_categories": "missing_tags, older_than_five_years", "issue_ids": "[101, 6]", "osm_url": "https://www.openstreetmap.org/way/173592273", "josm_url": "http://127.0.0.1:8111/load_object?new_layer=false&objects=w173592273", "id_url": "https://www.openstreetmap.org/edit?editor=id&way=173592273#map=20/-25.5323238/-49.2546244"}}, {"type": "Feature", "geometry": {"type": "Point", "coordinates": [-49.2666703, -25.5586304]}, "properties": {"id": 175092557, "feat_type": "way", "quality_categories": "missing_tags, older_than_five_years", "issue_ids": "[102, 6]", "osm_url": "https://www.openstreetmap.org/way/175092557", "josm_url": "http://127.0.0.1:8111/load_object?new_layer=false&objects=w175092557", "id_url": "https://www.openstreetmap.org/edit?editor=id&way=175092557#map=20/-25.5586304/-49.2666703"}}, {"type": "Feature", "geometry": {"type": "Point", "coordinates": [-49.3267355, -25.4201232]}, "properties": {"id": 178318535, "feat_type": "way", "quality_categories": "missing_tags, older_than_five_years", "issue_ids": "[43, 6]", "osm_url": "https://www.openstreetmap.org/way/178318535", "josm_url": "http://127.0.0.1:8111/load_object?new_layer=false&objects=w178318535", "id_url": "https://www.openstreetmap.org/edit?editor=id&way=178318535#map=20/-25.4201232/-49.3267355"}}, {"type": "Feature", "geometry": {"type": "Point", "coordinates": [-49.2136583, -25.4688529]}, "properties": {"id": 185018546, "feat_type": "way", "quality_categories": "missing_tags, older_than_five_years", "issue_ids": "[103, 6]", "osm_url": "https://www.openstreetmap.org/way/185018546", "josm_url": "http://127.0.0.1:8111/load_object?new_layer=false&objects=w185018546", "id_url": "https://www.openstreetmap.org/edit?editor=id&way=185018546#map=20/-25.4688529/-49.2136583"}}, {"type": "Feature", "geometry": {"type": "Point", "coordinates": [-49.2467072, -25.4470219]}, "properties": {"id": 186822373, "feat_type": "way", "quality_categories": "missing_tags, older_than_five_years", "issue_ids": "[104, 6]", "osm_url": "https://www.openstreetmap.org/way/186822373", "josm_url": "http://127.0.0.1:8111/load_object?new_layer=false&objects=w186822373", "id_url": "https://www.openstreetmap.org/edit?editor=id&way=186822373#map=20/-25.4470219/-49.2467072"}}, {"type": "Feature", "geometry": {"type": "Point", "coordinates": [-49.2461378, -25.4466988]}, "properties": {"id": 186822377, "feat_type": "way", "quality_categories": "missing_tags, older_than_five_years", "issue_ids": "[104, 6]", "osm_url": "https://www.openstreetmap.org/way/186822377", "josm_url": "http://127.0.0.1:8111/load_object?new_layer=false&objects=w186822377", "id_url": "https://www.openstreetmap.org/edit?editor=id&way=186822377#map=20/-25.4466988/-49.2461378"}}, {"type": "Feature", "geometry": {"type": "Point", "coordinates": [-49.2466721, -25.4468787]}, "properties": {"id": 186822380, "feat_type": "way", "quality_categories": "missing_tags, older_than_five_years", "issue_ids": "[104, 6]", "osm_url": "https://www.openstreetmap.org/way/186822380", "josm_url": "http://127.0.0.1:8111/load_object?new_layer=false&objects=w186822380", "id_url": "https://www.openstreetmap.org/edit?editor=id&way=186822380#map=20/-25.4468787/-49.2466721"}}, {"type": "Feature", "geometry": {"type": "Point", "coordinates": [-49.2465326, -25.4467722]}, "properties": {"id": 186822381, "feat_type": "way", "quality_categories": "missing_tags, older_than_five_years", "issue_ids": "[104, 6]", "osm_url": "https://www.openstreetmap.org/way/186822381", "josm_url": "http://127.0.0.1:8111/load_object?new_layer=false&objects=w186822381", "id_url": "https://www.openstreetmap.org/edit?editor=id&way=186822381#map=20/-25.4467722/-49.2465326"}}, {"type": "Feature", "geometry": {"type": "Point", "coordinates": [-49.2135021, -25.4684607]}, "properties": {"id": 188507719, "feat_type": "way", "quality_categories": "missing_tags, older_than_five_years", "issue_ids": "[103, 6]", "osm_url": "https://www.openstreetmap.org/way/188507719", "josm_url": "http://127.0.0.1:8111/load_object?new_layer=false&objects=w188507719", "id_url": "https://www.openstreetmap.org/edit?editor=id&way=188507719#map=20/-25.4684607/-49.2135021"}}, {"type": "Feature", "geometry": {"type": "Point", "coordinates": [-49.2845143, -25.5069366]}, "properties": {"id": 195555803, "feat_type": "way", "quality_categories": "missing_tags, older_than_five_years", "issue_ids": "[105, 6]", "osm_url": "https://www.openstreetmap.org/way/195555803", "josm_url": "http://127.0.0.1:8111/load_object?new_layer=false&objects=w195555803", "id_url": "https://www.openstreetmap.org/edit?editor=id&way=195555803#map=20/-25.5069366/-49.2845143"}}, {"type": "Feature", "geometry": {"type": "Point", "coordinates": [-49.2581146, -25.4746469]}, "properties": {"id": 195718601, "feat_type": "way", "quality_categories": "missing_tags, older_than_five_years", "issue_ids": "[106, 6]", "osm_url": "https://www.openstreetmap.org/way/195718601", "josm_url": "http://127.0.0.1:8111/load_object?new_layer=false&objects=w195718601", "id_url": "https://www.openstreetmap.org/edit?editor=id&way=195718601#map=20/-25.4746469/-49.2581146"}}, {"type": "Feature", "geometry": {"type": "Point", "coordinates": [-49.2467283, -25.4544923]}, "properties": {"id": 229262692, "feat_type": "way", "quality_categories": "missing_tags, older_than_five_years", "issue_ids": "[103, 6]", "osm_url": "https://www.openstreetmap.org/way/229262692", "josm_url": "http://127.0.0.1:8111/load_object?new_layer=false&objects=w229262692", "id_url": "https://www.openstreetmap.org/edit?editor=id&way=229262692#map=20/-25.4544923/-49.2467283"}}, {"type": "Feature", "geometry": {"type": "Point", "coordinates": [-49.2467102, -25.4539399]}, "properties": {"id": 229262693, "feat_type": "way", "quality_categories": "missing_tags, older_than_five_years", "issue_ids": "[103, 6]", "osm_url": "https://www.openstreetmap.org/way/229262693", "josm_url": "http://127.0.0.1:8111/load_object?new_layer=false&objects=w229262693", "id_url": "https://www.openstreetmap.org/edit?editor=id&way=229262693#map=20/-25.4539399/-49.2467102"}}, {"type": "Feature", "geometry": {"type": "Point", "coordinates": [-49.2468485, -25.453991]}, "properties": {"id": 229262694, "feat_type": "way", "quality_categories": "missing_tags, older_than_five_years", "issue_ids": "[107, 6]", "osm_url": "https://www.openstreetmap.org/way/229262694", "josm_url": "http://127.0.0.1:8111/load_object?new_layer=false&objects=w229262694", "id_url": "https://www.openstreetmap.org/edit?editor=id&way=229262694#map=20/-25.453991/-49.2468485"}}, {"type": "Feature", "geometry": {"type": "Point", "coordinates": [-49.2137436, -25.4688811]}, "properties": {"id": 229375201, "feat_type": "way", "quality_categories": "older_than_five_years", "issue_ids": "[108]", "osm_url": "https://www.openstreetmap.org/way/229375201", "josm_url": "http://127.0.0.1:8111/load_object?new_layer=false&objects=w229375201", "id_url": "https://www.openstreetmap.org/edit?editor=id&way=229375201#map=20/-25.4688811/-49.2137436"}}, {"type": "Feature", "geometry": {"type": "Point", "coordinates": [-49.2540664, -25.4668727]}, "properties": {"id": 229500821, "feat_type": "way", "quality_categories": "missing_tags, older_than_five_years", "issue_ids": "[109, 6]", "osm_url": "https://www.openstreetmap.org/way/229500821", "josm_url": "http://127.0.0.1:8111/load_object?new_layer=false&objects=w229500821", "id_url": "https://www.openstreetmap.org/edit?editor=id&way=229500821#map=20/-25.4668727/-49.2540664"}}, {"type": "Feature", "geometry": {"type": "Point", "coordinates": [-49.273812, -25.4749583]}, "properties": {"id": 229526685, "feat_type": "way", "quality_categories": "missing_tags, older_than_five_years", "issue_ids": "[110, 6]", "osm_url": "https://www.openstreetmap.org/way/229526685", "josm_url": "http://127.0.0.1:8111/load_object?new_layer=false&objects=w229526685", "id_url": "https://www.openstreetmap.org/edit?editor=id&way=229526685#map=20/-25.4749583/-49.273812"}}, {"type": "Feature", "geometry": {"type": "Point", "coordinates": [-49.2728229, -25.4603316]}, "properties": {"id": 229529011, "feat_type": "way", "quality_categories": "missing_tags, older_than_five_years", "issue_ids": "[109, 6]", "osm_url": "https://www.openstreetmap.org/way/229529011", "josm_url": "http://127.0.0.1:8111/load_object?new_layer=false&objects=w229529011", "id_url": "https://www.openstreetmap.org/edit?editor=id&way=229529011#map=20/-25.4603316/-49.2728229"}}, {"type": "Feature", "geometry": {"type": "Point", "coordinates": [-49.2772005, -25.4656542]}, "properties": {"id": 229531216, "feat_type": "way", "quality_categories": "missing_tags, older_than_five_years", "issue_ids": "[111, 6]", "osm_url": "https://www.openstreetmap.org/way/229531216", "josm_url": "http://127.0.0.1:8111/load_object?new_layer=false&objects=w229531216", "id_url": "https://www.openstreetmap.org/edit?editor=id&way=229531216#map=20/-25.4656542/-49.2772005"}}, {"type": "Feature", "geometry": {"type": "Point", "coordinates": [-49.2779955, -25.4655605]}, "properties": {"id": 229531217, "feat_type": "way", "quality_categories": "missing_tags, older_than_five_years", "issue_ids": "[111, 6]", "osm_url": "https://www.openstreetmap.org/way/229531217", "josm_url": "http://127.0.0.1:8111/load_object?new_layer=false&objects=w229531217", "id_url": "https://www.openstreetmap.org/edit?editor=id&way=229531217#map=20/-25.4655605/-49.2779955"}}, {"type": "Feature", "geometry": {"type": "Point", "coordinates": [-49.3144244, -25.4793561]}, "properties": {"id": 229539059, "feat_type": "way", "quality_categories": "missing_tags, older_than_five_years", "issue_ids": "[112, 6]", "osm_url": "https://www.openstreetmap.org/way/229539059", "josm_url": "http://127.0.0.1:8111/load_object?new_layer=false&objects=w229539059", "id_url": "https://www.openstreetmap.org/edit?editor=id&way=229539059#map=20/-25.4793561/-49.3144244"}}, {"type": "Feature", "geometry": {"type": "Point", "coordinates": [-49.315226, -25.4807549]}, "properties": {"id": 229540793, "feat_type": "way", "quality_categories": "missing_tags, older_than_five_years", "issue_ids": "[112, 6]", "osm_url": "https://www.openstreetmap.org/way/229540793", "josm_url": "http://127.0.0.1:8111/load_object?new_layer=false&objects=w229540793", "id_url": "https://www.openstreetmap.org/edit?editor=id&way=229540793#map=20/-25.4807549/-49.315226"}}, {"type": "Feature", "geometry": {"type": "Point", "coordinates": [-49.230547, -25.4420358]}, "properties": {"id": 229959272, "feat_type": "way", "quality_categories": "missing_tags, older_than_five_years", "issue_ids": "[113, 6]", "osm_url": "https://www.openstreetmap.org/way/229959272", "josm_url": "http://127.0.0.1:8111/load_object?new_layer=false&objects=w229959272", "id_url": "https://www.openstreetmap.org/edit?editor=id&way=229959272#map=20/-25.4420358/-49.230547"}}, {"type": "Feature", "geometry": {"type": "Point", "coordinates": [-49.2275605, -25.4400127]}, "properties": {"id": 229959379, "feat_type": "way", "quality_categories": "missing_tags, older_than_five_years", "issue_ids": "[113, 6]", "osm_url": "https://www.openstreetmap.org/way/229959379", "josm_url": "http://127.0.0.1:8111/load_object?new_layer=false&objects=w229959379", "id_url": "https://www.openstreetmap.org/edit?editor=id&way=229959379#map=20/-25.4400127/-49.2275605"}}, {"type": "Feature", "geometry": {"type": "Point", "coordinates": [-49.2224443, -25.4400634]}, "properties": {"id": 229959803, "feat_type": "way", "quality_categories": "missing_tags, older_than_five_years", "issue_ids": "[113, 6]", "osm_url": "https://www.openstreetmap.org/way/229959803", "josm_url": "http://127.0.0.1:8111/load_object?new_layer=false&objects=w229959803", "id_url": "https://www.openstreetmap.org/edit?editor=id&way=229959803#map=20/-25.4400634/-49.2224443"}}, {"type": "Feature", "geometry": {"type": "Point", "coordinates": [-49.2067956, -25.4433672]}, "properties": {"id": 229960496, "feat_type": "way", "quality_categories": "missing_tags, older_than_five_years", "issue_ids": "[113, 6]", "osm_url": "https://www.openstreetmap.org/way/229960496", "josm_url": "http://127.0.0.1:8111/load_object?new_layer=false&objects=w229960496", "id_url": "https://www.openstreetmap.org/edit?editor=id&way=229960496#map=20/-25.4433672/-49.2067956"}}, {"type": "Feature", "geometry": {"type": "Point", "coordinates": [-49.205306, -25.4433419]}, "properties": {"id": 229960498, "feat_type": "way", "quality_categories": "missing_tags, older_than_five_years", "issue_ids": "[113, 6]", "osm_url": "https://www.openstreetmap.org/way/229960498", "josm_url": "http://127.0.0.1:8111/load_object?new_layer=false&objects=w229960498", "id_url": "https://www.openstreetmap.org/edit?editor=id&way=229960498#map=20/-25.4433419/-49.205306"}}, {"type": "Feature", "geometry": {"type": "Point", "coordinates": [-49.3191052, -25.4959599]}, "properties": {"id": 229961451, "feat_type": "way", "quality_categories": "missing_tags, older_than_five_years", "issue_ids": "[114, 6]", "osm_url": "https://www.openstreetmap.org/way/229961451", "josm_url": "http://127.0.0.1:8111/load_object?new_layer=false&objects=w229961451", "id_url": "https://www.openstreetmap.org/edit?editor=id&way=229961451#map=20/-25.4959599/-49.3191052"}}, {"type": "Feature", "geometry": {"type": "Point", "coordinates": [-49.3187495, -25.4965728]}, "properties": {"id": 229961568, "feat_type": "way", "quality_categories": "missing_tags, older_than_five_years", "issue_ids": "[114, 6]", "osm_url": "https://www.openstreetmap.org/way/229961568", "josm_url": "http://127.0.0.1:8111/load_object?new_layer=false&objects=w229961568", "id_url": "https://www.openstreetmap.org/edit?editor=id&way=229961568#map=20/-25.4965728/-49.3187495"}}, {"type": "Feature", "geometry": {"type": "Point", "coordinates": [-49.3191972, -25.4963918]}, "properties": {"id": 229961570, "feat_type": "way", "quality_categories": "missing_tags, older_than_five_years", "issue_ids": "[114, 6]", "osm_url": "https://www.openstreetmap.org/way/229961570", "josm_url": "http://127.0.0.1:8111/load_object?new_layer=false&objects=w229961570", "id_url": "https://www.openstreetmap.org/edit?editor=id&way=229961570#map=20/-25.4963918/-49.3191972"}}, {"type": "Feature", "geometry": {"type": "Point", "coordinates": [-49.3176787, -25.4988672]}, "properties": {"id": 229961571, "feat_type": "way", "quality_categories": "missing_tags, older_than_five_years", "issue_ids": "[114, 6]", "osm_url": "https://www.openstreetmap.org/way/229961571", "josm_url": "http://127.0.0.1:8111/load_object?new_layer=false&objects=w229961571", "id_url": "https://www.openstreetmap.org/edit?editor=id&way=229961571#map=20/-25.4988672/-49.3176787"}}, {"type": "Feature", "geometry": {"type": "Point", "coordinates": [-49.3163153, -25.5012215]}, "properties": {"id": 229961803, "feat_type": "way", "quality_categories": "missing_tags, older_than_five_years", "issue_ids": "[114, 6]", "osm_url": "https://www.openstreetmap.org/way/229961803", "josm_url": "http://127.0.0.1:8111/load_object?new_layer=false&objects=w229961803", "id_url": "https://www.openstreetmap.org/edit?editor=id&way=229961803#map=20/-25.5012215/-49.3163153"}}, {"type": "Feature", "geometry": {"type": "Point", "coordinates": [-49.3166619, -25.5006229]}, "properties": {"id": 229961805, "feat_type": "way", "quality_categories": "missing_tags, older_than_five_years", "issue_ids": "[114, 6]", "osm_url": "https://www.openstreetmap.org/way/229961805", "josm_url": "http://127.0.0.1:8111/load_object?new_layer=false&objects=w229961805", "id_url": "https://www.openstreetmap.org/edit?editor=id&way=229961805#map=20/-25.5006229/-49.3166619"}}, {"type": "Feature", "geometry": {"type": "Point", "coordinates": [-49.2902083, -25.4620631]}, "properties": {"id": 229962323, "feat_type": "way", "quality_categories": "missing_tags, older_than_five_years", "issue_ids": "[114, 6]", "osm_url": "https://www.openstreetmap.org/way/229962323", "josm_url": "http://127.0.0.1:8111/load_object?new_layer=false&objects=w229962323", "id_url": "https://www.openstreetmap.org/edit?editor=id&way=229962323#map=20/-25.4620631/-49.2902083"}}, {"type": "Feature", "geometry": {"type": "Point", "coordinates": [-49.2900967, -25.4617984]}, "properties": {"id": 229962325, "feat_type": "way", "quality_categories": "missing_tags, older_than_five_years", "issue_ids": "[114, 6]", "osm_url": "https://www.openstreetmap.org/way/229962325", "josm_url": "http://127.0.0.1:8111/load_object?new_layer=false&objects=w229962325", "id_url": "https://www.openstreetmap.org/edit?editor=id&way=229962325#map=20/-25.4617984/-49.2900967"}}, {"type": "Feature", "geometry": {"type": "Point", "coordinates": [-49.2955819, -25.4975554]}, "properties": {"id": 229968070, "feat_type": "way", "quality_categories": "missing_tags, older_than_five_years", "issue_ids": "[115, 6]", "osm_url": "https://www.openstreetmap.org/way/229968070", "josm_url": "http://127.0.0.1:8111/load_object?new_layer=false&objects=w229968070", "id_url": "https://www.openstreetmap.org/edit?editor=id&way=229968070#map=20/-25.4975554/-49.2955819"}}, {"type": "Feature", "geometry": {"type": "Point", "coordinates": [-49.2960306, -25.5015199]}, "properties": {"id": 229968099, "feat_type": "way", "quality_categories": "missing_tags, older_than_five_years", "issue_ids": "[114, 6]", "osm_url": "https://www.openstreetmap.org/way/229968099", "josm_url": "http://127.0.0.1:8111/load_object?new_layer=false&objects=w229968099", "id_url": "https://www.openstreetmap.org/edit?editor=id&way=229968099#map=20/-25.5015199/-49.2960306"}}, {"type": "Feature", "geometry": {"type": "Point", "coordinates": [-49.2960366, -25.5012867]}, "properties": {"id": 229968101, "feat_type": "way", "quality_categories": "missing_tags, older_than_five_years", "issue_ids": "[114, 6]", "osm_url": "https://www.openstreetmap.org/way/229968101", "josm_url": "http://127.0.0.1:8111/load_object?new_layer=false&objects=w229968101", "id_url": "https://www.openstreetmap.org/edit?editor=id&way=229968101#map=20/-25.5012867/-49.2960366"}}, {"type": "Feature", "geometry": {"type": "Point", "coordinates": [-49.2959189, -25.5058435]}, "properties": {"id": 229968681, "feat_type": "way", "quality_categories": "missing_tags, older_than_five_years", "issue_ids": "[115, 6]", "osm_url": "https://www.openstreetmap.org/way/229968681", "josm_url": "http://127.0.0.1:8111/load_object?new_layer=false&objects=w229968681", "id_url": "https://www.openstreetmap.org/edit?editor=id&way=229968681#map=20/-25.5058435/-49.2959189"}}, {"type": "Feature", "geometry": {"type": "Point", "coordinates": [-49.295656, -25.5143034]}, "properties": {"id": 229970292, "feat_type": "way", "quality_categories": "missing_tags, older_than_five_years", "issue_ids": "[30, 6]", "osm_url": "https://www.openstreetmap.org/way/229970292", "josm_url": "http://127.0.0.1:8111/load_object?new_layer=false&objects=w229970292", "id_url": "https://www.openstreetmap.org/edit?editor=id&way=229970292#map=20/-25.5143034/-49.295656"}}, {"type": "Feature", "geometry": {"type": "Point", "coordinates": [-49.284091, -25.5334579]}, "properties": {"id": 229972977, "feat_type": "way", "quality_categories": "missing_tags, older_than_five_years", "issue_ids": "[114, 6]", "osm_url": "https://www.openstreetmap.org/way/229972977", "josm_url": "http://127.0.0.1:8111/load_object?new_layer=false&objects=w229972977", "id_url": "https://www.openstreetmap.org/edit?editor=id&way=229972977#map=20/-25.5334579/-49.284091"}}, {"type": "Feature", "geometry": {"type": "Point", "coordinates": [-49.2839507, -25.5337451]}, "properties": {"id": 229972978, "feat_type": "way", "quality_categories": "missing_tags, older_than_five_years", "issue_ids": "[114, 6]", "osm_url": "https://www.openstreetmap.org/way/229972978", "josm_url": "http://127.0.0.1:8111/load_object?new_layer=false&objects=w229972978", "id_url": "https://www.openstreetmap.org/edit?editor=id&way=229972978#map=20/-25.5337451/-49.2839507"}}, {"type": "Feature", "geometry": {"type": "Point", "coordinates": [-49.2857192, -25.5324061]}, "properties": {"id": 229972979, "feat_type": "way", "quality_categories": "missing_tags, older_than_five_years", "issue_ids": "[114, 6]", "osm_url": "https://www.openstreetmap.org/way/229972979", "josm_url": "http://127.0.0.1:8111/load_object?new_layer=false&objects=w229972979", "id_url": "https://www.openstreetmap.org/edit?editor=id&way=229972979#map=20/-25.5324061/-49.2857192"}}, {"type": "Feature", "geometry": {"type": "Point", "coordinates": [-49.2828015, -25.5344536]}, "properties": {"id": 229973310, "feat_type": "way", "quality_categories": "missing_tags, older_than_five_years", "issue_ids": "[39, 6]", "osm_url": "https://www.openstreetmap.org/way/229973310", "josm_url": "http://127.0.0.1:8111/load_object?new_layer=false&objects=w229973310", "id_url": "https://www.openstreetmap.org/edit?editor=id&way=229973310#map=20/-25.5344536/-49.2828015"}}, {"type": "Feature", "geometry": {"type": "Point", "coordinates": [-49.2825722, -25.534775]}, "properties": {"id": 229973311, "feat_type": "way", "quality_categories": "missing_tags, older_than_five_years", "issue_ids": "[39, 6]", "osm_url": "https://www.openstreetmap.org/way/229973311", "josm_url": "http://127.0.0.1:8111/load_object?new_layer=false&objects=w229973311", "id_url": "https://www.openstreetmap.org/edit?editor=id&way=229973311#map=20/-25.534775/-49.2825722"}}, {"type": "Feature", "geometry": {"type": "Point", "coordinates": [-49.2806312, -25.535652]}, "properties": {"id": 229973550, "feat_type": "way", "quality_categories": "missing_tags, older_than_five_years", "issue_ids": "[114, 6]", "osm_url": "https://www.openstreetmap.org/way/229973550", "josm_url": "http://127.0.0.1:8111/load_object?new_layer=false&objects=w229973550", "id_url": "https://www.openstreetmap.org/edit?editor=id&way=229973550#map=20/-25.535652/-49.2806312"}}, {"type": "Feature", "geometry": {"type": "Point", "coordinates": [-49.2794597, -25.536305]}, "properties": {"id": 229973579, "feat_type": "way", "quality_categories": "missing_tags, older_than_five_years", "issue_ids": "[114, 6]", "osm_url": "https://www.openstreetmap.org/way/229973579", "josm_url": "http://127.0.0.1:8111/load_object?new_layer=false&objects=w229973579", "id_url": "https://www.openstreetmap.org/edit?editor=id&way=229973579#map=20/-25.536305/-49.2794597"}}, {"type": "Feature", "geometry": {"type": "Point", "coordinates": [-49.2785494, -25.5367156]}, "properties": {"id": 229973716, "feat_type": "way", "quality_categories": "missing_tags, older_than_five_years", "issue_ids": "[114, 6]", "osm_url": "https://www.openstreetmap.org/way/229973716", "josm_url": "http://127.0.0.1:8111/load_object?new_layer=false&objects=w229973716", "id_url": "https://www.openstreetmap.org/edit?editor=id&way=229973716#map=20/-25.5367156/-49.2785494"}}, {"type": "Feature", "geometry": {"type": "Point", "coordinates": [-49.2777111, -25.536585]}, "properties": {"id": 229974528, "feat_type": "way", "quality_categories": "missing_tags, older_than_five_years", "issue_ids": "[114, 6]", "osm_url": "https://www.openstreetmap.org/way/229974528", "josm_url": "http://127.0.0.1:8111/load_object?new_layer=false&objects=w229974528", "id_url": "https://www.openstreetmap.org/edit?editor=id&way=229974528#map=20/-25.536585/-49.2777111"}}, {"type": "Feature", "geometry": {"type": "Point", "coordinates": [-49.272057, -25.535039]}, "properties": {"id": 229974529, "feat_type": "way", "quality_categories": "missing_tags, older_than_five_years", "issue_ids": "[114, 6]", "osm_url": "https://www.openstreetmap.org/way/229974529", "josm_url": "http://127.0.0.1:8111/load_object?new_layer=false&objects=w229974529", "id_url": "https://www.openstreetmap.org/edit?editor=id&way=229974529#map=20/-25.535039/-49.272057"}}, {"type": "Feature", "geometry": {"type": "Point", "coordinates": [-49.2766041, -25.5363077]}, "properties": {"id": 229974530, "feat_type": "way", "quality_categories": "missing_tags, older_than_five_years", "issue_ids": "[114, 6]", "osm_url": "https://www.openstreetmap.org/way/229974530", "josm_url": "http://127.0.0.1:8111/load_object?new_layer=false&objects=w229974530", "id_url": "https://www.openstreetmap.org/edit?editor=id&way=229974530#map=20/-25.5363077/-49.2766041"}}, {"type": "Feature", "geometry": {"type": "Point", "coordinates": [-49.2772754, -25.5364743]}, "properties": {"id": 229974531, "feat_type": "way", "quality_categories": "missing_tags, older_than_five_years", "issue_ids": "[114, 6]", "osm_url": "https://www.openstreetmap.org/way/229974531", "josm_url": "http://127.0.0.1:8111/load_object?new_layer=false&objects=w229974531", "id_url": "https://www.openstreetmap.org/edit?editor=id&way=229974531#map=20/-25.5364743/-49.2772754"}}, {"type": "Feature", "geometry": {"type": "Point", "coordinates": [-49.2708576, -25.5349227]}, "properties": {"id": 229975213, "feat_type": "way", "quality_categories": "missing_tags, older_than_five_years", "issue_ids": "[114, 6]", "osm_url": "https://www.openstreetmap.org/way/229975213", "josm_url": "http://127.0.0.1:8111/load_object?new_layer=false&objects=w229975213", "id_url": "https://www.openstreetmap.org/edit?editor=id&way=229975213#map=20/-25.5349227/-49.2708576"}}, {"type": "Feature", "geometry": {"type": "Point", "coordinates": [-49.2715437, -25.5349163]}, "properties": {"id": 229975215, "feat_type": "way", "quality_categories": "missing_tags, older_than_five_years", "issue_ids": "[114, 6]", "osm_url": "https://www.openstreetmap.org/way/229975215", "josm_url": "http://127.0.0.1:8111/load_object?new_layer=false&objects=w229975215", "id_url": "https://www.openstreetmap.org/edit?editor=id&way=229975215#map=20/-25.5349163/-49.2715437"}}, {"type": "Feature", "geometry": {"type": "Point", "coordinates": [-49.2702707, -25.5346121]}, "properties": {"id": 229975363, "feat_type": "way", "quality_categories": "missing_tags, older_than_five_years", "issue_ids": "[114, 6]", "osm_url": "https://www.openstreetmap.org/way/229975363", "josm_url": "http://127.0.0.1:8111/load_object?new_layer=false&objects=w229975363", "id_url": "https://www.openstreetmap.org/edit?editor=id&way=229975363#map=20/-25.5346121/-49.2702707"}}, {"type": "Feature", "geometry": {"type": "Point", "coordinates": [-49.2696685, -25.5346235]}, "properties": {"id": 229975386, "feat_type": "way", "quality_categories": "missing_tags, older_than_five_years", "issue_ids": "[115, 6]", "osm_url": "https://www.openstreetmap.org/way/229975386", "josm_url": "http://127.0.0.1:8111/load_object?new_layer=false&objects=w229975386", "id_url": "https://www.openstreetmap.org/edit?editor=id&way=229975386#map=20/-25.5346235/-49.2696685"}}, {"type": "Feature", "geometry": {"type": "Point", "coordinates": [-49.2428337, -25.3959799]}, "properties": {"id": 229986913, "feat_type": "way", "quality_categories": "missing_tags, older_than_five_years", "issue_ids": "[116, 6]", "osm_url": "https://www.openstreetmap.org/way/229986913", "josm_url": "http://127.0.0.1:8111/load_object?new_layer=false&objects=w229986913", "id_url": "https://www.openstreetmap.org/edit?editor=id&way=229986913#map=20/-25.3959799/-49.2428337"}}, {"type": "Feature", "geometry": {"type": "Point", "coordinates": [-49.2217232, -25.37674]}, "properties": {"id": 229989601, "feat_type": "way", "quality_categories": "missing_tags, older_than_five_years", "issue_ids": "[114, 6]", "osm_url": "https://www.openstreetmap.org/way/229989601", "josm_url": "http://127.0.0.1:8111/load_object?new_layer=false&objects=w229989601", "id_url": "https://www.openstreetmap.org/edit?editor=id&way=229989601#map=20/-25.37674/-49.2217232"}}, {"type": "Feature", "geometry": {"type": "Point", "coordinates": [-49.2202925, -25.3782086]}, "properties": {"id": 229989790, "feat_type": "way", "quality_categories": "missing_tags, older_than_five_years", "issue_ids": "[114, 6]", "osm_url": "https://www.openstreetmap.org/way/229989790", "josm_url": "http://127.0.0.1:8111/load_object?new_layer=false&objects=w229989790", "id_url": "https://www.openstreetmap.org/edit?editor=id&way=229989790#map=20/-25.3782086/-49.2202925"}}, {"type": "Feature", "geometry": {"type": "Point", "coordinates": [-49.2132866, -25.3857735]}, "properties": {"id": 229990601, "feat_type": "way", "quality_categories": "missing_tags, older_than_five_years", "issue_ids": "[114, 6]", "osm_url": "https://www.openstreetmap.org/way/229990601", "josm_url": "http://127.0.0.1:8111/load_object?new_layer=false&objects=w229990601", "id_url": "https://www.openstreetmap.org/edit?editor=id&way=229990601#map=20/-25.3857735/-49.2132866"}}, {"type": "Feature", "geometry": {"type": "Point", "coordinates": [-49.21161, -25.386492]}, "properties": {"id": 229990667, "feat_type": "way", "quality_categories": "missing_tags, older_than_five_years", "issue_ids": "[117, 6]", "osm_url": "https://www.openstreetmap.org/way/229990667", "josm_url": "http://127.0.0.1:8111/load_object?new_layer=false&objects=w229990667", "id_url": "https://www.openstreetmap.org/edit?editor=id&way=229990667#map=20/-25.386492/-49.21161"}}, {"type": "Feature", "geometry": {"type": "Point", "coordinates": [-49.3337523, -25.4307323]}, "properties": {"id": 229996301, "feat_type": "way", "quality_categories": "missing_tags, older_than_five_years", "issue_ids": "[118, 6]", "osm_url": "https://www.openstreetmap.org/way/229996301", "josm_url": "http://127.0.0.1:8111/load_object?new_layer=false&objects=w229996301", "id_url": "https://www.openstreetmap.org/edit?editor=id&way=229996301#map=20/-25.4307323/-49.3337523"}}, {"type": "Feature", "geometry": {"type": "Point", "coordinates": [-49.3330972, -25.4304229]}, "properties": {"id": 229996302, "feat_type": "way", "quality_categories": "missing_tags, older_than_five_years", "issue_ids": "[103, 6]", "osm_url": "https://www.openstreetmap.org/way/229996302", "josm_url": "http://127.0.0.1:8111/load_object?new_layer=false&objects=w229996302", "id_url": "https://www.openstreetmap.org/edit?editor=id&way=229996302#map=20/-25.4304229/-49.3330972"}}, {"type": "Feature", "geometry": {"type": "Point", "coordinates": [-49.3337338, -25.4307762]}, "properties": {"id": 229996303, "feat_type": "way", "quality_categories": "missing_tags, older_than_five_years", "issue_ids": "[118, 6]", "osm_url": "https://www.openstreetmap.org/way/229996303", "josm_url": "http://127.0.0.1:8111/load_object?new_layer=false&objects=w229996303", "id_url": "https://www.openstreetmap.org/edit?editor=id&way=229996303#map=20/-25.4307762/-49.3337338"}}, {"type": "Feature", "geometry": {"type": "Point", "coordinates": [-49.344524, -25.4305072]}, "properties": {"id": 229997384, "feat_type": "way", "quality_categories": "missing_tags, older_than_five_years", "issue_ids": "[118, 6]", "osm_url": "https://www.openstreetmap.org/way/229997384", "josm_url": "http://127.0.0.1:8111/load_object?new_layer=false&objects=w229997384", "id_url": "https://www.openstreetmap.org/edit?editor=id&way=229997384#map=20/-25.4305072/-49.344524"}}, {"type": "Feature", "geometry": {"type": "Point", "coordinates": [-49.3449559, -25.4301124]}, "properties": {"id": 229997388, "feat_type": "way", "quality_categories": "missing_tags, older_than_five_years", "issue_ids": "[118, 6]", "osm_url": "https://www.openstreetmap.org/way/229997388", "josm_url": "http://127.0.0.1:8111/load_object?new_layer=false&objects=w229997388", "id_url": "https://www.openstreetmap.org/edit?editor=id&way=229997388#map=20/-25.4301124/-49.3449559"}}, {"type": "Feature", "geometry": {"type": "Point", "coordinates": [-49.3286507, -25.4366039]}, "properties": {"id": 230003159, "feat_type": "way", "quality_categories": "missing_tags, older_than_five_years", "issue_ids": "[119, 6]", "osm_url": "https://www.openstreetmap.org/way/230003159", "josm_url": "http://127.0.0.1:8111/load_object?new_layer=false&objects=w230003159", "id_url": "https://www.openstreetmap.org/edit?editor=id&way=230003159#map=20/-25.4366039/-49.3286507"}}, {"type": "Feature", "geometry": {"type": "Point", "coordinates": [-49.3542149, -25.4496034]}, "properties": {"id": 230004611, "feat_type": "way", "quality_categories": "missing_tags, older_than_five_years", "issue_ids": "[120, 6]", "osm_url": "https://www.openstreetmap.org/way/230004611", "josm_url": "http://127.0.0.1:8111/load_object?new_layer=false&objects=w230004611", "id_url": "https://www.openstreetmap.org/edit?editor=id&way=230004611#map=20/-25.4496034/-49.3542149"}}, {"type": "Feature", "geometry": {"type": "Point", "coordinates": [-49.3092799, -25.4143081]}, "properties": {"id": 230005165, "feat_type": "way", "quality_categories": "missing_tags, older_than_five_years", "issue_ids": "[114, 6]", "osm_url": "https://www.openstreetmap.org/way/230005165", "josm_url": "http://127.0.0.1:8111/load_object?new_layer=false&objects=w230005165", "id_url": "https://www.openstreetmap.org/edit?editor=id&way=230005165#map=20/-25.4143081/-49.3092799"}}, {"type": "Feature", "geometry": {"type": "Point", "coordinates": [-49.310235, -25.4142045]}, "properties": {"id": 230005926, "feat_type": "way", "quality_categories": "missing_tags, older_than_five_years", "issue_ids": "[114, 6]", "osm_url": "https://www.openstreetmap.org/way/230005926", "josm_url": "http://127.0.0.1:8111/load_object?new_layer=false&objects=w230005926", "id_url": "https://www.openstreetmap.org/edit?editor=id&way=230005926#map=20/-25.4142045/-49.310235"}}, {"type": "Feature", "geometry": {"type": "Point", "coordinates": [-49.2886157, -25.44779]}, "properties": {"id": 231102090, "feat_type": "way", "quality_categories": "missing_tags, older_than_five_years", "issue_ids": "[109, 6]", "osm_url": "https://www.openstreetmap.org/way/231102090", "josm_url": "http://127.0.0.1:8111/load_object?new_layer=false&objects=w231102090", "id_url": "https://www.openstreetmap.org/edit?editor=id&way=231102090#map=20/-25.44779/-49.2886157"}}, {"type": "Feature", "geometry": {"type": "Point", "coordinates": [-49.3445723, -25.430512]}, "properties": {"id": 232886911, "feat_type": "way", "quality_categories": "missing_tags, older_than_five_years", "issue_ids": "[103, 6]", "osm_url": "https://www.openstreetmap.org/way/232886911", "josm_url": "http://127.0.0.1:8111/load_object?new_layer=false&objects=w232886911", "id_url": "https://www.openstreetmap.org/edit?editor=id&way=232886911#map=20/-25.430512/-49.3445723"}}, {"type": "Feature", "geometry": {"type": "Point", "coordinates": [-49.3171769, -25.4419958]}, "properties": {"id": 232888336, "feat_type": "way", "quality_categories": "missing_tags, older_than_five_years", "issue_ids": "[79, 6]", "osm_url": "https://www.openstreetmap.org/way/232888336", "josm_url": "http://127.0.0.1:8111/load_object?new_layer=false&objects=w232888336", "id_url": "https://www.openstreetmap.org/edit?editor=id&way=232888336#map=20/-25.4419958/-49.3171769"}}, {"type": "Feature", "geometry": {"type": "Point", "coordinates": [-49.3171769, -25.4419958]}, "properties": {"id": 232888353, "feat_type": "way", "quality_categories": "missing_tags, older_than_five_years", "issue_ids": "[79, 6]", "osm_url": "https://www.openstreetmap.org/way/232888353", "josm_url": "http://127.0.0.1:8111/load_object?new_layer=false&objects=w232888353", "id_url": "https://www.openstreetmap.org/edit?editor=id&way=232888353#map=20/-25.4419958/-49.3171769"}}, {"type": "Feature", "geometry": {"type": "Point", "coordinates": [-49.3168249, -25.4419554]}, "properties": {"id": 232888360, "feat_type": "way", "quality_categories": "missing_tags, older_than_five_years", "issue_ids": "[79, 6]", "osm_url": "https://www.openstreetmap.org/way/232888360", "josm_url": "http://127.0.0.1:8111/load_object?new_layer=false&objects=w232888360", "id_url": "https://www.openstreetmap.org/edit?editor=id&way=232888360#map=20/-25.4419554/-49.3168249"}}, {"type": "Feature", "geometry": {"type": "Point", "coordinates": [-49.3359082, -25.498085]}, "properties": {"id": 232890442, "feat_type": "way", "quality_categories": "missing_tags, older_than_five_years", "issue_ids": "[64, 6]", "osm_url": "https://www.openstreetmap.org/way/232890442", "josm_url": "http://127.0.0.1:8111/load_object?new_layer=false&objects=w232890442", "id_url": "https://www.openstreetmap.org/edit?editor=id&way=232890442#map=20/-25.498085/-49.3359082"}}, {"type": "Feature", "geometry": {"type": "Point", "coordinates": [-49.3370825, -25.4862173]}, "properties": {"id": 232890447, "feat_type": "way", "quality_categories": "missing_tags, older_than_five_years", "issue_ids": "[64, 6]", "osm_url": "https://www.openstreetmap.org/way/232890447", "josm_url": "http://127.0.0.1:8111/load_object?new_layer=false&objects=w232890447", "id_url": "https://www.openstreetmap.org/edit?editor=id&way=232890447#map=20/-25.4862173/-49.3370825"}}, {"type": "Feature", "geometry": {"type": "Point", "coordinates": [-49.3363447, -25.5019971]}, "properties": {"id": 232890449, "feat_type": "way", "quality_categories": "missing_tags, older_than_five_years", "issue_ids": "[121, 6]", "osm_url": "https://www.openstreetmap.org/way/232890449", "josm_url": "http://127.0.0.1:8111/load_object?new_layer=false&objects=w232890449", "id_url": "https://www.openstreetmap.org/edit?editor=id&way=232890449#map=20/-25.5019971/-49.3363447"}}, {"type": "Feature", "geometry": {"type": "Point", "coordinates": [-49.197483, -25.4169944]}, "properties": {"id": 232898658, "feat_type": "way", "quality_categories": "missing_tags, older_than_five_years", "issue_ids": "[79, 6]", "osm_url": "https://www.openstreetmap.org/way/232898658", "josm_url": "http://127.0.0.1:8111/load_object?new_layer=false&objects=w232898658", "id_url": "https://www.openstreetmap.org/edit?editor=id&way=232898658#map=20/-25.4169944/-49.197483"}}, {"type": "Feature", "geometry": {"type": "Point", "coordinates": [-49.1985129, -25.4127058]}, "properties": {"id": 232898661, "feat_type": "way", "quality_categories": "missing_tags, older_than_five_years", "issue_ids": "[79, 6]", "osm_url": "https://www.openstreetmap.org/way/232898661", "josm_url": "http://127.0.0.1:8111/load_object?new_layer=false&objects=w232898661", "id_url": "https://www.openstreetmap.org/edit?editor=id&way=232898661#map=20/-25.4127058/-49.1985129"}}, {"type": "Feature", "geometry": {"type": "Point", "coordinates": [-49.2216565, -25.4227787]}, "properties": {"id": 237848854, "feat_type": "way", "quality_categories": "older_than_five_years", "issue_ids": "[122]", "osm_url": "https://www.openstreetmap.org/way/237848854", "josm_url": "http://127.0.0.1:8111/load_object?new_layer=false&objects=w237848854", "id_url": "https://www.openstreetmap.org/edit?editor=id&way=237848854#map=20/-25.4227787/-49.2216565"}}, {"type": "Feature", "geometry": {"type": "Point", "coordinates": [-49.2220823, -25.4253348]}, "properties": {"id": 237848855, "feat_type": "way", "quality_categories": "older_than_five_years", "issue_ids": "[123]", "osm_url": "https://www.openstreetmap.org/way/237848855", "josm_url": "http://127.0.0.1:8111/load_object?new_layer=false&objects=w237848855", "id_url": "https://www.openstreetmap.org/edit?editor=id&way=237848855#map=20/-25.4253348/-49.2220823"}}, {"type": "Feature", "geometry": {"type": "Point", "coordinates": [-49.2228659, -25.423596]}, "properties": {"id": 237848856, "feat_type": "way", "quality_categories": "older_than_five_years", "issue_ids": "[124]", "osm_url": "https://www.openstreetmap.org/way/237848856", "josm_url": "http://127.0.0.1:8111/load_object?new_layer=false&objects=w237848856", "id_url": "https://www.openstreetmap.org/edit?editor=id&way=237848856#map=20/-25.423596/-49.2228659"}}, {"type": "Feature", "geometry": {"type": "Point", "coordinates": [-49.2231708, -25.4233395]}, "properties": {"id": 237848857, "feat_type": "way", "quality_categories": "older_than_five_years", "issue_ids": "[61]", "osm_url": "https://www.openstreetmap.org/way/237848857", "josm_url": "http://127.0.0.1:8111/load_object?new_layer=false&objects=w237848857", "id_url": "https://www.openstreetmap.org/edit?editor=id&way=237848857#map=20/-25.4233395/-49.2231708"}}, {"type": "Feature", "geometry": {"type": "Point", "coordinates": [-49.2183415, -25.4292418]}, "properties": {"id": 237848875, "feat_type": "way", "quality_categories": "older_than_five_years, wrong_mispelled_or_unlisted_values", "issue_ids": "[125, 87]", "osm_url": "https://www.openstreetmap.org/way/237848875", "josm_url": "http://127.0.0.1:8111/load_object?new_layer=false&objects=w237848875", "id_url": "https://www.openstreetmap.org/edit?editor=id&way=237848875#map=20/-25.4292418/-49.2183415"}}, {"type": "Feature", "geometry": {"type": "Point", "coordinates": [-49.2181926, -25.4293019]}, "properties": {"id": 237848876, "feat_type": "way", "quality_categories": "older_than_five_years, wrong_mispelled_or_unlisted_values", "issue_ids": "[125, 87]", "osm_url": "https://www.openstreetmap.org/way/237848876", "josm_url": "http://127.0.0.1:8111/load_object?new_layer=false&objects=w237848876", "id_url": "https://www.openstreetmap.org/edit?editor=id&way=237848876#map=20/-25.4293019/-49.2181926"}}, {"type": "Feature", "geometry": {"type": "Point", "coordinates": [-49.2176046, -25.4290642]}, "properties": {"id": 237848877, "feat_type": "way", "quality_categories": "older_than_five_years, wrong_mispelled_or_unlisted_values", "issue_ids": "[125, 87]", "osm_url": "https://www.openstreetmap.org/way/237848877", "josm_url": "http://127.0.0.1:8111/load_object?new_layer=false&objects=w237848877", "id_url": "https://www.openstreetmap.org/edit?editor=id&way=237848877#map=20/-25.4290642/-49.2176046"}}, {"type": "Feature", "geometry": {"type": "Point", "coordinates": [-49.2172912, -25.4292919]}, "properties": {"id": 237848879, "feat_type": "way", "quality_categories": "older_than_five_years, wrong_mispelled_or_unlisted_values", "issue_ids": "[125, 126]", "osm_url": "https://www.openstreetmap.org/way/237848879", "josm_url": "http://127.0.0.1:8111/load_object?new_layer=false&objects=w237848879", "id_url": "https://www.openstreetmap.org/edit?editor=id&way=237848879#map=20/-25.4292919/-49.2172912"}}, {"type": "Feature", "geometry": {"type": "Point", "coordinates": [-49.2215154, -25.426266]}, "properties": {"id": 237851379, "feat_type": "way", "quality_categories": "older_than_five_years", "issue_ids": "[123]", "osm_url": "https://www.openstreetmap.org/way/237851379", "josm_url": "http://127.0.0.1:8111/load_object?new_layer=false&objects=w237851379", "id_url": "https://www.openstreetmap.org/edit?editor=id&way=237851379#map=20/-25.426266/-49.2215154"}}, {"type": "Feature", "geometry": {"type": "Point", "coordinates": [-49.2213389, -25.426225]}, "properties": {"id": 237851380, "feat_type": "way", "quality_categories": "older_than_five_years", "issue_ids": "[123]", "osm_url": "https://www.openstreetmap.org/way/237851380", "josm_url": "http://127.0.0.1:8111/load_object?new_layer=false&objects=w237851380", "id_url": "https://www.openstreetmap.org/edit?editor=id&way=237851380#map=20/-25.426225/-49.2213389"}}, {"type": "Feature", "geometry": {"type": "Point", "coordinates": [-49.2211963, -25.4261918]}, "properties": {"id": 237851381, "feat_type": "way", "quality_categories": "older_than_five_years", "issue_ids": "[123]", "osm_url": "https://www.openstreetmap.org/way/237851381", "josm_url": "http://127.0.0.1:8111/load_object?new_layer=false&objects=w237851381", "id_url": "https://www.openstreetmap.org/edit?editor=id&way=237851381#map=20/-25.4261918/-49.2211963"}}, {"type": "Feature", "geometry": {"type": "Point", "coordinates": [-49.2210831, -25.4260248]}, "properties": {"id": 237851382, "feat_type": "way", "quality_categories": "older_than_five_years", "issue_ids": "[123]", "osm_url": "https://www.openstreetmap.org/way/237851382", "josm_url": "http://127.0.0.1:8111/load_object?new_layer=false&objects=w237851382", "id_url": "https://www.openstreetmap.org/edit?editor=id&way=237851382#map=20/-25.4260248/-49.2210831"}}, {"type": "Feature", "geometry": {"type": "Point", "coordinates": [-49.2208709, -25.4271971]}, "properties": {"id": 237851383, "feat_type": "way", "quality_categories": "older_than_five_years", "issue_ids": "[15]", "osm_url": "https://www.openstreetmap.org/way/237851383", "josm_url": "http://127.0.0.1:8111/load_object?new_layer=false&objects=w237851383", "id_url": "https://www.openstreetmap.org/edit?editor=id&way=237851383#map=20/-25.4271971/-49.2208709"}}, {"type": "Feature", "geometry": {"type": "Point", "coordinates": [-49.2207728, -25.4275478]}, "properties": {"id": 237851391, "feat_type": "way", "quality_categories": "older_than_five_years", "issue_ids": "[127]", "osm_url": "https://www.openstreetmap.org/way/237851391", "josm_url": "http://127.0.0.1:8111/load_object?new_layer=false&objects=w237851391", "id_url": "https://www.openstreetmap.org/edit?editor=id&way=237851391#map=20/-25.4275478/-49.2207728"}}, {"type": "Feature", "geometry": {"type": "Point", "coordinates": [-49.2213157, -25.4274245]}, "properties": {"id": 237851392, "feat_type": "way", "quality_categories": "older_than_five_years", "issue_ids": "[124]", "osm_url": "https://www.openstreetmap.org/way/237851392", "josm_url": "http://127.0.0.1:8111/load_object?new_layer=false&objects=w237851392", "id_url": "https://www.openstreetmap.org/edit?editor=id&way=237851392#map=20/-25.4274245/-49.2213157"}}, {"type": "Feature", "geometry": {"type": "Point", "coordinates": [-49.2212176, -25.4276828]}, "properties": {"id": 237851393, "feat_type": "way", "quality_categories": "older_than_five_years", "issue_ids": "[126]", "osm_url": "https://www.openstreetmap.org/way/237851393", "josm_url": "http://127.0.0.1:8111/load_object?new_layer=false&objects=w237851393", "id_url": "https://www.openstreetmap.org/edit?editor=id&way=237851393#map=20/-25.4276828/-49.2212176"}}, {"type": "Feature", "geometry": {"type": "Point", "coordinates": [-49.2212638, -25.4275576]}, "properties": {"id": 237851394, "feat_type": "way", "quality_categories": "older_than_five_years", "issue_ids": "[124]", "osm_url": "https://www.openstreetmap.org/way/237851394", "josm_url": "http://127.0.0.1:8111/load_object?new_layer=false&objects=w237851394", "id_url": "https://www.openstreetmap.org/edit?editor=id&way=237851394#map=20/-25.4275576/-49.2212638"}}, {"type": "Feature", "geometry": {"type": "Point", "coordinates": [-49.220918, -25.4269624]}, "properties": {"id": 237851397, "feat_type": "way", "quality_categories": "older_than_five_years", "issue_ids": "[124]", "osm_url": "https://www.openstreetmap.org/way/237851397", "josm_url": "http://127.0.0.1:8111/load_object?new_layer=false&objects=w237851397", "id_url": "https://www.openstreetmap.org/edit?editor=id&way=237851397#map=20/-25.4269624/-49.220918"}}, {"type": "Feature", "geometry": {"type": "Point", "coordinates": [-49.2200604, -25.4275024]}, "properties": {"id": 237851398, "feat_type": "way", "quality_categories": "older_than_five_years", "issue_ids": "[124]", "osm_url": "https://www.openstreetmap.org/way/237851398", "josm_url": "http://127.0.0.1:8111/load_object?new_layer=false&objects=w237851398", "id_url": "https://www.openstreetmap.org/edit?editor=id&way=237851398#map=20/-25.4275024/-49.2200604"}}, {"type": "Feature", "geometry": {"type": "Point", "coordinates": [-49.2204148, -25.4266943]}, "properties": {"id": 237851399, "feat_type": "way", "quality_categories": "older_than_five_years", "issue_ids": "[124]", "osm_url": "https://www.openstreetmap.org/way/237851399", "josm_url": "http://127.0.0.1:8111/load_object?new_layer=false&objects=w237851399", "id_url": "https://www.openstreetmap.org/edit?editor=id&way=237851399#map=20/-25.4266943/-49.2204148"}}, {"type": "Feature", "geometry": {"type": "Point", "coordinates": [-49.2207594, -25.4258935]}, "properties": {"id": 237851400, "feat_type": "way", "quality_categories": "older_than_five_years", "issue_ids": "[126]", "osm_url": "https://www.openstreetmap.org/way/237851400", "josm_url": "http://127.0.0.1:8111/load_object?new_layer=false&objects=w237851400", "id_url": "https://www.openstreetmap.org/edit?editor=id&way=237851400#map=20/-25.4258935/-49.2207594"}}, {"type": "Feature", "geometry": {"type": "Point", "coordinates": [-49.2209064, -25.4266444]}, "properties": {"id": 237851401, "feat_type": "way", "quality_categories": "older_than_five_years", "issue_ids": "[126]", "osm_url": "https://www.openstreetmap.org/way/237851401", "josm_url": "http://127.0.0.1:8111/load_object?new_layer=false&objects=w237851401", "id_url": "https://www.openstreetmap.org/edit?editor=id&way=237851401#map=20/-25.4266444/-49.2209064"}}, {"type": "Feature", "geometry": {"type": "Point", "coordinates": [-49.2208217, -25.426815]}, "properties": {"id": 237851402, "feat_type": "way", "quality_categories": "older_than_five_years", "issue_ids": "[124]", "osm_url": "https://www.openstreetmap.org/way/237851402", "josm_url": "http://127.0.0.1:8111/load_object?new_layer=false&objects=w237851402", "id_url": "https://www.openstreetmap.org/edit?editor=id&way=237851402#map=20/-25.426815/-49.2208217"}}, {"type": "Feature", "geometry": {"type": "Point", "coordinates": [-49.221877, -25.42635]}, "properties": {"id": 237851403, "feat_type": "way", "quality_categories": "older_than_five_years", "issue_ids": "[123]", "osm_url": "https://www.openstreetmap.org/way/237851403", "josm_url": "http://127.0.0.1:8111/load_object?new_layer=false&objects=w237851403", "id_url": "https://www.openstreetmap.org/edit?editor=id&way=237851403#map=20/-25.42635/-49.221877"}}, {"type": "Feature", "geometry": {"type": "Point", "coordinates": [-49.2220381, -25.4263875]}, "properties": {"id": 237851404, "feat_type": "way", "quality_categories": "older_than_five_years", "issue_ids": "[123]", "osm_url": "https://www.openstreetmap.org/way/237851404", "josm_url": "http://127.0.0.1:8111/load_object?new_layer=false&objects=w237851404", "id_url": "https://www.openstreetmap.org/edit?editor=id&way=237851404#map=20/-25.4263875/-49.2220381"}}, {"type": "Feature", "geometry": {"type": "Point", "coordinates": [-49.222163, -25.4264116]}, "properties": {"id": 237851405, "feat_type": "way", "quality_categories": "older_than_five_years", "issue_ids": "[123]", "osm_url": "https://www.openstreetmap.org/way/237851405", "josm_url": "http://127.0.0.1:8111/load_object?new_layer=false&objects=w237851405", "id_url": "https://www.openstreetmap.org/edit?editor=id&way=237851405#map=20/-25.4264116/-49.222163"}}, {"type": "Feature", "geometry": {"type": "Point", "coordinates": [-49.1979923, -25.4985654]}, "properties": {"id": 248261739, "feat_type": "way", "quality_categories": "older_than_five_years", "issue_ids": "[100]", "osm_url": "https://www.openstreetmap.org/way/248261739", "josm_url": "http://127.0.0.1:8111/load_object?new_layer=false&objects=w248261739", "id_url": "https://www.openstreetmap.org/edit?editor=id&way=248261739#map=20/-25.4985654/-49.1979923"}}, {"type": "Feature", "geometry": {"type": "Point", "coordinates": [-49.2379656, -25.4329094]}, "properties": {"id": 249552527, "feat_type": "way", "quality_categories": "missing_tags, older_than_five_years", "issue_ids": "[128, 6]", "osm_url": "https://www.openstreetmap.org/way/249552527", "josm_url": "http://127.0.0.1:8111/load_object?new_layer=false&objects=w249552527", "id_url": "https://www.openstreetmap.org/edit?editor=id&way=249552527#map=20/-25.4329094/-49.2379656"}}, {"type": "Feature", "geometry": {"type": "Point", "coordinates": [-49.2223621, -25.4234158]}, "properties": {"id": 252080613, "feat_type": "way", "quality_categories": "older_than_five_years", "issue_ids": "[61]", "osm_url": "https://www.openstreetmap.org/way/252080613", "josm_url": "http://127.0.0.1:8111/load_object?new_layer=false&objects=w252080613", "id_url": "https://www.openstreetmap.org/edit?editor=id&way=252080613#map=20/-25.4234158/-49.2223621"}}, {"type": "Feature", "geometry": {"type": "Point", "coordinates": [-49.2217722, -25.4227557]}, "properties": {"id": 252080628, "feat_type": "way", "quality_categories": "older_than_five_years", "issue_ids": "[61]", "osm_url": "https://www.openstreetmap.org/way/252080628", "josm_url": "http://127.0.0.1:8111/load_object?new_layer=false&objects=w252080628", "id_url": "https://www.openstreetmap.org/edit?editor=id&way=252080628#map=20/-25.4227557/-49.2217722"}}, {"type": "Feature", "geometry": {"type": "Point", "coordinates": [-49.2387157, -25.435493]}, "properties": {"id": 252570417, "feat_type": "way", "quality_categories": "missing_tags, older_than_five_years", "issue_ids": "[129, 6]", "osm_url": "https://www.openstreetmap.org/way/252570417", "josm_url": "http://127.0.0.1:8111/load_object?new_layer=false&objects=w252570417", "id_url": "https://www.openstreetmap.org/edit?editor=id&way=252570417#map=20/-25.435493/-49.2387157"}}, {"type": "Feature", "geometry": {"type": "Point", "coordinates": [-49.2378376, -25.4328022]}, "properties": {"id": 252578613, "feat_type": "way", "quality_categories": "missing_tags, older_than_five_years", "issue_ids": "[129, 6]", "osm_url": "https://www.openstreetmap.org/way/252578613", "josm_url": "http://127.0.0.1:8111/load_object?new_layer=false&objects=w252578613", "id_url": "https://www.openstreetmap.org/edit?editor=id&way=252578613#map=20/-25.4328022/-49.2378376"}}, {"type": "Feature", "geometry": {"type": "Point", "coordinates": [-49.2503074, -25.3970494]}, "properties": {"id": 252997172, "feat_type": "way", "quality_categories": "missing_tags, older_than_five_years", "issue_ids": "[130, 6]", "osm_url": "https://www.openstreetmap.org/way/252997172", "josm_url": "http://127.0.0.1:8111/load_object?new_layer=false&objects=w252997172", "id_url": "https://www.openstreetmap.org/edit?editor=id&way=252997172#map=20/-25.3970494/-49.2503074"}}, {"type": "Feature", "geometry": {"type": "Point", "coordinates": [-49.2489092, -25.3971358]}, "properties": {"id": 252997173, "feat_type": "way", "quality_categories": "missing_tags, older_than_five_years", "issue_ids": "[130, 6]", "osm_url": "https://www.openstreetmap.org/way/252997173", "josm_url": "http://127.0.0.1:8111/load_object?new_layer=false&objects=w252997173", "id_url": "https://www.openstreetmap.org/edit?editor=id&way=252997173#map=20/-25.3971358/-49.2489092"}}, {"type": "Feature", "geometry": {"type": "Point", "coordinates": [-49.287115, -25.4458057]}, "properties": {"id": 253125150, "feat_type": "way", "quality_categories": "missing_tags, older_than_five_years", "issue_ids": "[131, 6]", "osm_url": "https://www.openstreetmap.org/way/253125150", "josm_url": "http://127.0.0.1:8111/load_object?new_layer=false&objects=w253125150", "id_url": "https://www.openstreetmap.org/edit?editor=id&way=253125150#map=20/-25.4458057/-49.287115"}}, {"type": "Feature", "geometry": {"type": "Point", "coordinates": [-49.2871469, -25.4459811]}, "properties": {"id": 253125152, "feat_type": "way", "quality_categories": "missing_tags, older_than_five_years", "issue_ids": "[19, 6]", "osm_url": "https://www.openstreetmap.org/way/253125152", "josm_url": "http://127.0.0.1:8111/load_object?new_layer=false&objects=w253125152", "id_url": "https://www.openstreetmap.org/edit?editor=id&way=253125152#map=20/-25.4459811/-49.2871469"}}, {"type": "Feature", "geometry": {"type": "Point", "coordinates": [-49.2877028, -25.4461191]}, "properties": {"id": 253125153, "feat_type": "way", "quality_categories": "missing_tags, older_than_five_years", "issue_ids": "[132, 6]", "osm_url": "https://www.openstreetmap.org/way/253125153", "josm_url": "http://127.0.0.1:8111/load_object?new_layer=false&objects=w253125153", "id_url": "https://www.openstreetmap.org/edit?editor=id&way=253125153#map=20/-25.4461191/-49.2877028"}}, {"type": "Feature", "geometry": {"type": "Point", "coordinates": [-49.2874635, -25.4460338]}, "properties": {"id": 253125155, "feat_type": "way", "quality_categories": "missing_tags, older_than_five_years", "issue_ids": "[133, 6]", "osm_url": "https://www.openstreetmap.org/way/253125155", "josm_url": "http://127.0.0.1:8111/load_object?new_layer=false&objects=w253125155", "id_url": "https://www.openstreetmap.org/edit?editor=id&way=253125155#map=20/-25.4460338/-49.2874635"}}, {"type": "Feature", "geometry": {"type": "Point", "coordinates": [-49.2875513, -25.4458968]}, "properties": {"id": 253125156, "feat_type": "way", "quality_categories": "missing_tags, older_than_five_years", "issue_ids": "[133, 6]", "osm_url": "https://www.openstreetmap.org/way/253125156", "josm_url": "http://127.0.0.1:8111/load_object?new_layer=false&objects=w253125156", "id_url": "https://www.openstreetmap.org/edit?editor=id&way=253125156#map=20/-25.4458968/-49.2875513"}}, {"type": "Feature", "geometry": {"type": "Point", "coordinates": [-49.3226383, -25.475548]}, "properties": {"id": 253278653, "feat_type": "way", "quality_categories": "missing_tags, older_than_five_years", "issue_ids": "[134, 6]", "osm_url": "https://www.openstreetmap.org/way/253278653", "josm_url": "http://127.0.0.1:8111/load_object?new_layer=false&objects=w253278653", "id_url": "https://www.openstreetmap.org/edit?editor=id&way=253278653#map=20/-25.475548/-49.3226383"}}, {"type": "Feature", "geometry": {"type": "Point", "coordinates": [-49.3216484, -25.4753315]}, "properties": {"id": 253278654, "feat_type": "way", "quality_categories": "missing_tags, older_than_five_years", "issue_ids": "[134, 6]", "osm_url": "https://www.openstreetmap.org/way/253278654", "josm_url": "http://127.0.0.1:8111/load_object?new_layer=false&objects=w253278654", "id_url": "https://www.openstreetmap.org/edit?editor=id&way=253278654#map=20/-25.4753315/-49.3216484"}}, {"type": "Feature", "geometry": {"type": "Point", "coordinates": [-49.3234009, -25.4758761]}, "properties": {"id": 253278655, "feat_type": "way", "quality_categories": "missing_tags, older_than_five_years", "issue_ids": "[135, 6]", "osm_url": "https://www.openstreetmap.org/way/253278655", "josm_url": "http://127.0.0.1:8111/load_object?new_layer=false&objects=w253278655", "id_url": "https://www.openstreetmap.org/edit?editor=id&way=253278655#map=20/-25.4758761/-49.3234009"}}, {"type": "Feature", "geometry": {"type": "Point", "coordinates": [-49.3212667, -25.4758391]}, "properties": {"id": 253278656, "feat_type": "way", "quality_categories": "missing_tags, older_than_five_years", "issue_ids": "[135, 6]", "osm_url": "https://www.openstreetmap.org/way/253278656", "josm_url": "http://127.0.0.1:8111/load_object?new_layer=false&objects=w253278656", "id_url": "https://www.openstreetmap.org/edit?editor=id&way=253278656#map=20/-25.4758391/-49.3212667"}}, {"type": "Feature", "geometry": {"type": "Point", "coordinates": [-49.3223371, -25.4758255]}, "properties": {"id": 253278657, "feat_type": "way", "quality_categories": "missing_tags, older_than_five_years", "issue_ids": "[134, 6]", "osm_url": "https://www.openstreetmap.org/way/253278657", "josm_url": "http://127.0.0.1:8111/load_object?new_layer=false&objects=w253278657", "id_url": "https://www.openstreetmap.org/edit?editor=id&way=253278657#map=20/-25.4758255/-49.3223371"}}, {"type": "Feature", "geometry": {"type": "Point", "coordinates": [-49.3232955, -25.4753979]}, "properties": {"id": 253278658, "feat_type": "way", "quality_categories": "missing_tags, older_than_five_years", "issue_ids": "[135, 6]", "osm_url": "https://www.openstreetmap.org/way/253278658", "josm_url": "http://127.0.0.1:8111/load_object?new_layer=false&objects=w253278658", "id_url": "https://www.openstreetmap.org/edit?editor=id&way=253278658#map=20/-25.4753979/-49.3232955"}}, {"type": "Feature", "geometry": {"type": "Point", "coordinates": [-49.2769963, -25.3918743]}, "properties": {"id": 253359377, "feat_type": "way", "quality_categories": "missing_tags, older_than_five_years", "issue_ids": "[136, 6]", "osm_url": "https://www.openstreetmap.org/way/253359377", "josm_url": "http://127.0.0.1:8111/load_object?new_layer=false&objects=w253359377", "id_url": "https://www.openstreetmap.org/edit?editor=id&way=253359377#map=20/-25.3918743/-49.2769963"}}, {"type": "Feature", "geometry": {"type": "Point", "coordinates": [-49.2784887, -25.4354419]}, "properties": {"id": 253495526, "feat_type": "way", "quality_categories": "missing_tags, older_than_five_years", "issue_ids": "[137, 6]", "osm_url": "https://www.openstreetmap.org/way/253495526", "josm_url": "http://127.0.0.1:8111/load_object?new_layer=false&objects=w253495526", "id_url": "https://www.openstreetmap.org/edit?editor=id&way=253495526#map=20/-25.4354419/-49.2784887"}}, {"type": "Feature", "geometry": {"type": "Point", "coordinates": [-49.2702577, -25.5450739]}, "properties": {"id": 253555971, "feat_type": "way", "quality_categories": "missing_tags, older_than_five_years", "issue_ids": "[61, 6]", "osm_url": "https://www.openstreetmap.org/way/253555971", "josm_url": "http://127.0.0.1:8111/load_object?new_layer=false&objects=w253555971", "id_url": "https://www.openstreetmap.org/edit?editor=id&way=253555971#map=20/-25.5450739/-49.2702577"}}, {"type": "Feature", "geometry": {"type": "Point", "coordinates": [-49.2181772, -25.4115457]}, "properties": {"id": 253914407, "feat_type": "way", "quality_categories": "missing_tags, older_than_five_years", "issue_ids": "[127, 6]", "osm_url": "https://www.openstreetmap.org/way/253914407", "josm_url": "http://127.0.0.1:8111/load_object?new_layer=false&objects=w253914407", "id_url": "https://www.openstreetmap.org/edit?editor=id&way=253914407#map=20/-25.4115457/-49.2181772"}}, {"type": "Feature", "geometry": {"type": "Point", "coordinates": [-49.2185156, -25.4119085]}, "properties": {"id": 253914408, "feat_type": "way", "quality_categories": "missing_tags, older_than_five_years", "issue_ids": "[127, 6]", "osm_url": "https://www.openstreetmap.org/way/253914408", "josm_url": "http://127.0.0.1:8111/load_object?new_layer=false&objects=w253914408", "id_url": "https://www.openstreetmap.org/edit?editor=id&way=253914408#map=20/-25.4119085/-49.2185156"}}, {"type": "Feature", "geometry": {"type": "Point", "coordinates": [-49.2184754, -25.4115327]}, "properties": {"id": 253914409, "feat_type": "way", "quality_categories": "missing_tags, older_than_five_years", "issue_ids": "[123, 6]", "osm_url": "https://www.openstreetmap.org/way/253914409", "josm_url": "http://127.0.0.1:8111/load_object?new_layer=false&objects=w253914409", "id_url": "https://www.openstreetmap.org/edit?editor=id&way=253914409#map=20/-25.4115327/-49.2184754"}}, {"type": "Feature", "geometry": {"type": "Point", "coordinates": [-49.2707275, -25.4122806]}, "properties": {"id": 254583407, "feat_type": "way", "quality_categories": "missing_tags, older_than_five_years", "issue_ids": "[138, 6]", "osm_url": "https://www.openstreetmap.org/way/254583407", "josm_url": "http://127.0.0.1:8111/load_object?new_layer=false&objects=w254583407", "id_url": "https://www.openstreetmap.org/edit?editor=id&way=254583407#map=20/-25.4122806/-49.2707275"}}, {"type": "Feature", "geometry": {"type": "Point", "coordinates": [-49.2703918, -25.4127103]}, "properties": {"id": 254583408, "feat_type": "way", "quality_categories": "missing_tags, older_than_five_years", "issue_ids": "[139, 6]", "osm_url": "https://www.openstreetmap.org/way/254583408", "josm_url": "http://127.0.0.1:8111/load_object?new_layer=false&objects=w254583408", "id_url": "https://www.openstreetmap.org/edit?editor=id&way=254583408#map=20/-25.4127103/-49.2703918"}}, {"type": "Feature", "geometry": {"type": "Point", "coordinates": [-49.270926, -25.4119654]}, "properties": {"id": 254583409, "feat_type": "way", "quality_categories": "missing_tags, older_than_five_years", "issue_ids": "[139, 6]", "osm_url": "https://www.openstreetmap.org/way/254583409", "josm_url": "http://127.0.0.1:8111/load_object?new_layer=false&objects=w254583409", "id_url": "https://www.openstreetmap.org/edit?editor=id&way=254583409#map=20/-25.4119654/-49.270926"}}, {"type": "Feature", "geometry": {"type": "Point", "coordinates": [-49.2705, -25.4118368]}, "properties": {"id": 254583410, "feat_type": "way", "quality_categories": "missing_tags, older_than_five_years", "issue_ids": "[138, 6]", "osm_url": "https://www.openstreetmap.org/way/254583410", "josm_url": "http://127.0.0.1:8111/load_object?new_layer=false&objects=w254583410", "id_url": "https://www.openstreetmap.org/edit?editor=id&way=254583410#map=20/-25.4118368/-49.2705"}}, {"type": "Feature", "geometry": {"type": "Point", "coordinates": [-49.2682598, -25.430684]}, "properties": {"id": 257790407, "feat_type": "way", "quality_categories": "missing_tags, older_than_five_years", "issue_ids": "[140, 6]", "osm_url": "https://www.openstreetmap.org/way/257790407", "josm_url": "http://127.0.0.1:8111/load_object?new_layer=false&objects=w257790407", "id_url": "https://www.openstreetmap.org/edit?editor=id&way=257790407#map=20/-25.430684/-49.2682598"}}, {"type": "Feature", "geometry": {"type": "Point", "coordinates": [-49.2878804, -25.4844301]}, "properties": {"id": 259465387, "feat_type": "way", "quality_categories": "missing_tags, older_than_five_years", "issue_ids": "[141, 6]", "osm_url": "https://www.openstreetmap.org/way/259465387", "josm_url": "http://127.0.0.1:8111/load_object?new_layer=false&objects=w259465387", "id_url": "https://www.openstreetmap.org/edit?editor=id&way=259465387#map=20/-25.4844301/-49.2878804"}}, {"type": "Feature", "geometry": {"type": "Point", "coordinates": [-49.27761144542162, -25.5478036]}, "properties": {"id": 260939494, "feat_type": "way", "quality_categories": "missing_tags, older_than_five_years", "issue_ids": "[142, 6]", "osm_url": "https://www.openstreetmap.org/way/260939494", "josm_url": "http://127.0.0.1:8111/load_object?new_layer=false&objects=w260939494", "id_url": "https://www.openstreetmap.org/edit?editor=id&way=260939494#map=20/-25.5478036/-49.27761144542162"}}, {"type": "Feature", "geometry": {"type": "Point", "coordinates": [-49.2769266, -25.5476918]}, "properties": {"id": 260939859, "feat_type": "way", "quality_categories": "missing_tags, older_than_five_years", "issue_ids": "[143, 6]", "osm_url": "https://www.openstreetmap.org/way/260939859", "josm_url": "http://127.0.0.1:8111/load_object?new_layer=false&objects=w260939859", "id_url": "https://www.openstreetmap.org/edit?editor=id&way=260939859#map=20/-25.5476918/-49.2769266"}}, {"type": "Feature", "geometry": {"type": "Point", "coordinates": [-49.2761536, -25.5479281]}, "properties": {"id": 260940116, "feat_type": "way", "quality_categories": "missing_tags, older_than_five_years", "issue_ids": "[144, 6]", "osm_url": "https://www.openstreetmap.org/way/260940116", "josm_url": "http://127.0.0.1:8111/load_object?new_layer=false&objects=w260940116", "id_url": "https://www.openstreetmap.org/edit?editor=id&way=260940116#map=20/-25.5479281/-49.2761536"}}, {"type": "Feature", "geometry": {"type": "Point", "coordinates": [-49.2750725, -25.5493965]}, "properties": {"id": 260940156, "feat_type": "way", "quality_categories": "missing_tags, older_than_five_years", "issue_ids": "[61, 6]", "osm_url": "https://www.openstreetmap.org/way/260940156", "josm_url": "http://127.0.0.1:8111/load_object?new_layer=false&objects=w260940156", "id_url": "https://www.openstreetmap.org/edit?editor=id&way=260940156#map=20/-25.5493965/-49.2750725"}}, {"type": "Feature", "geometry": {"type": "Point", "coordinates": [-49.27682014652696, -25.547143249999998]}, "properties": {"id": 260941709, "feat_type": "way", "quality_categories": "missing_tags, older_than_five_years", "issue_ids": "[144, 6]", "osm_url": "https://www.openstreetmap.org/way/260941709", "josm_url": "http://127.0.0.1:8111/load_object?new_layer=false&objects=w260941709", "id_url": "https://www.openstreetmap.org/edit?editor=id&way=260941709#map=20/-25.547143249999998/-49.27682014652696"}}, {"type": "Feature", "geometry": {"type": "Point", "coordinates": [-49.2759924, -25.5460624]}, "properties": {"id": 260942296, "feat_type": "way", "quality_categories": "missing_tags, older_than_five_years", "issue_ids": "[145, 6]", "osm_url": "https://www.openstreetmap.org/way/260942296", "josm_url": "http://127.0.0.1:8111/load_object?new_layer=false&objects=w260942296", "id_url": "https://www.openstreetmap.org/edit?editor=id&way=260942296#map=20/-25.5460624/-49.2759924"}}, {"type": "Feature", "geometry": {"type": "Point", "coordinates": [-49.2777049, -25.5487539]}, "properties": {"id": 260944771, "feat_type": "way", "quality_categories": "missing_tags, older_than_five_years", "issue_ids": "[146, 6]", "osm_url": "https://www.openstreetmap.org/way/260944771", "josm_url": "http://127.0.0.1:8111/load_object?new_layer=false&objects=w260944771", "id_url": "https://www.openstreetmap.org/edit?editor=id&way=260944771#map=20/-25.5487539/-49.2777049"}}, {"type": "Feature", "geometry": {"type": "Point", "coordinates": [-49.3044557, -25.5516968]}, "properties": {"id": 262667907, "feat_type": "way", "quality_categories": "missing_tags, older_than_five_years", "issue_ids": "[85, 6]", "osm_url": "https://www.openstreetmap.org/way/262667907", "josm_url": "http://127.0.0.1:8111/load_object?new_layer=false&objects=w262667907", "id_url": "https://www.openstreetmap.org/edit?editor=id&way=262667907#map=20/-25.5516968/-49.3044557"}}, {"type": "Feature", "geometry": {"type": "Point", "coordinates": [-49.3018627, -25.5274407]}, "properties": {"id": 275250109, "feat_type": "way", "quality_categories": "missing_tags, older_than_five_years", "issue_ids": "[23, 6]", "osm_url": "https://www.openstreetmap.org/way/275250109", "josm_url": "http://127.0.0.1:8111/load_object?new_layer=false&objects=w275250109", "id_url": "https://www.openstreetmap.org/edit?editor=id&way=275250109#map=20/-25.5274407/-49.3018627"}}, {"type": "Feature", "geometry": {"type": "Point", "coordinates": [-49.2513294, -25.5500299]}, "properties": {"id": 282410677, "feat_type": "way", "quality_categories": "older_than_five_years", "issue_ids": "[23]", "osm_url": "https://www.openstreetmap.org/way/282410677", "josm_url": "http://127.0.0.1:8111/load_object?new_layer=false&objects=w282410677", "id_url": "https://www.openstreetmap.org/edit?editor=id&way=282410677#map=20/-25.5500299/-49.2513294"}}, {"type": "Feature", "geometry": {"type": "Point", "coordinates": [-49.2770978, -25.5473326]}, "properties": {"id": 285869814, "feat_type": "way", "quality_categories": "missing_tags, older_than_five_years", "issue_ids": "[143, 6]", "osm_url": "https://www.openstreetmap.org/way/285869814", "josm_url": "http://127.0.0.1:8111/load_object?new_layer=false&objects=w285869814", "id_url": "https://www.openstreetmap.org/edit?editor=id&way=285869814#map=20/-25.5473326/-49.2770978"}}, {"type": "Feature", "geometry": {"type": "Point", "coordinates": [-49.300543, -25.5285395]}, "properties": {"id": 285870969, "feat_type": "way", "quality_categories": "missing_tags, older_than_five_years", "issue_ids": "[23, 6]", "osm_url": "https://www.openstreetmap.org/way/285870969", "josm_url": "http://127.0.0.1:8111/load_object?new_layer=false&objects=w285870969", "id_url": "https://www.openstreetmap.org/edit?editor=id&way=285870969#map=20/-25.5285395/-49.300543"}}, {"type": "Feature", "geometry": {"type": "Point", "coordinates": [-49.2405345, -25.4374693]}, "properties": {"id": 286816182, "feat_type": "way", "quality_categories": "missing_tags, older_than_five_years", "issue_ids": "[147, 6]", "osm_url": "https://www.openstreetmap.org/way/286816182", "josm_url": "http://127.0.0.1:8111/load_object?new_layer=false&objects=w286816182", "id_url": "https://www.openstreetmap.org/edit?editor=id&way=286816182#map=20/-25.4374693/-49.2405345"}}, {"type": "Feature", "geometry": {"type": "Point", "coordinates": [-49.2392434, -25.4378974]}, "properties": {"id": 286816184, "feat_type": "way", "quality_categories": "missing_tags, older_than_five_years", "issue_ids": "[113, 6]", "osm_url": "https://www.openstreetmap.org/way/286816184", "josm_url": "http://127.0.0.1:8111/load_object?new_layer=false&objects=w286816184", "id_url": "https://www.openstreetmap.org/edit?editor=id&way=286816184#map=20/-25.4378974/-49.2392434"}}, {"type": "Feature", "geometry": {"type": "Point", "coordinates": [-49.2482816, -25.4358704]}, "properties": {"id": 286816186, "feat_type": "way", "quality_categories": "missing_tags, older_than_five_years", "issue_ids": "[148, 6]", "osm_url": "https://www.openstreetmap.org/way/286816186", "josm_url": "http://127.0.0.1:8111/load_object?new_layer=false&objects=w286816186", "id_url": "https://www.openstreetmap.org/edit?editor=id&way=286816186#map=20/-25.4358704/-49.2482816"}}, {"type": "Feature", "geometry": {"type": "Point", "coordinates": [-49.2697447, -25.4094395]}, "properties": {"id": 296346321, "feat_type": "way", "quality_categories": "older_than_five_years", "issue_ids": "[103]", "osm_url": "https://www.openstreetmap.org/way/296346321", "josm_url": "http://127.0.0.1:8111/load_object?new_layer=false&objects=w296346321", "id_url": "https://www.openstreetmap.org/edit?editor=id&way=296346321#map=20/-25.4094395/-49.2697447"}}, {"type": "Feature", "geometry": {"type": "Point", "coordinates": [-49.3230169, -25.5547727]}, "properties": {"id": 297401892, "feat_type": "way", "quality_categories": "missing_tags, older_than_five_years", "issue_ids": "[90, 6]", "osm_url": "https://www.openstreetmap.org/way/297401892", "josm_url": "http://127.0.0.1:8111/load_object?new_layer=false&objects=w297401892", "id_url": "https://www.openstreetmap.org/edit?editor=id&way=297401892#map=20/-25.5547727/-49.3230169"}}, {"type": "Feature", "geometry": {"type": "Point", "coordinates": [-49.3175485, -25.4302873]}, "properties": {"id": 301583309, "feat_type": "way", "quality_categories": "missing_tags, older_than_five_years", "issue_ids": "[103, 6]", "osm_url": "https://www.openstreetmap.org/way/301583309", "josm_url": "http://127.0.0.1:8111/load_object?new_layer=false&objects=w301583309", "id_url": "https://www.openstreetmap.org/edit?editor=id&way=301583309#map=20/-25.4302873/-49.3175485"}}, {"type": "Feature", "geometry": {"type": "Point", "coordinates": [-49.2605195, -25.3778844]}, "properties": {"id": 304441606, "feat_type": "way", "quality_categories": "missing_tags, older_than_five_years", "issue_ids": "[22, 6]", "osm_url": "https://www.openstreetmap.org/way/304441606", "josm_url": "http://127.0.0.1:8111/load_object?new_layer=false&objects=w304441606", "id_url": "https://www.openstreetmap.org/edit?editor=id&way=304441606#map=20/-25.3778844/-49.2605195"}}, {"type": "Feature", "geometry": {"type": "Point", "coordinates": [-49.2313241, -25.5231776]}, "properties": {"id": 305323729, "feat_type": "way", "quality_categories": "older_than_five_years", "issue_ids": "[149]", "osm_url": "https://www.openstreetmap.org/way/305323729", "josm_url": "http://127.0.0.1:8111/load_object?new_layer=false&objects=w305323729", "id_url": "https://www.openstreetmap.org/edit?editor=id&way=305323729#map=20/-25.5231776/-49.2313241"}}, {"type": "Feature", "geometry": {"type": "Point", "coordinates": [-49.2315461, -25.5233582]}, "properties": {"id": 305323799, "feat_type": "way", "quality_categories": "older_than_five_years", "issue_ids": "[149]", "osm_url": "https://www.openstreetmap.org/way/305323799", "josm_url": "http://127.0.0.1:8111/load_object?new_layer=false&objects=w305323799", "id_url": "https://www.openstreetmap.org/edit?editor=id&way=305323799#map=20/-25.5233582/-49.2315461"}}, {"type": "Feature", "geometry": {"type": "Point", "coordinates": [-49.3144178, -25.4644713]}, "properties": {"id": 308794720, "feat_type": "way", "quality_categories": "older_than_five_years", "issue_ids": "[16]", "osm_url": "https://www.openstreetmap.org/way/308794720", "josm_url": "http://127.0.0.1:8111/load_object?new_layer=false&objects=w308794720", "id_url": "https://www.openstreetmap.org/edit?editor=id&way=308794720#map=20/-25.4644713/-49.3144178"}}, {"type": "Feature", "geometry": {"type": "Point", "coordinates": [-49.3173524, -25.4304097]}, "properties": {"id": 309918416, "feat_type": "way", "quality_categories": "missing_tags, older_than_five_years", "issue_ids": "[150, 6]", "osm_url": "https://www.openstreetmap.org/way/309918416", "josm_url": "http://127.0.0.1:8111/load_object?new_layer=false&objects=w309918416", "id_url": "https://www.openstreetmap.org/edit?editor=id&way=309918416#map=20/-25.4304097/-49.3173524"}}, {"type": "Feature", "geometry": {"type": "Point", "coordinates": [-49.3177276, -25.4306511]}, "properties": {"id": 309918417, "feat_type": "way", "quality_categories": "missing_tags, older_than_five_years", "issue_ids": "[103, 6]", "osm_url": "https://www.openstreetmap.org/way/309918417", "josm_url": "http://127.0.0.1:8111/load_object?new_layer=false&objects=w309918417", "id_url": "https://www.openstreetmap.org/edit?editor=id&way=309918417#map=20/-25.4306511/-49.3177276"}}, {"type": "Feature", "geometry": {"type": "Point", "coordinates": [-49.3050322, -25.3949493]}, "properties": {"id": 309921060, "feat_type": "way", "quality_categories": "missing_tags, older_than_five_years", "issue_ids": "[97, 6]", "osm_url": "https://www.openstreetmap.org/way/309921060", "josm_url": "http://127.0.0.1:8111/load_object?new_layer=false&objects=w309921060", "id_url": "https://www.openstreetmap.org/edit?editor=id&way=309921060#map=20/-25.3949493/-49.3050322"}}, {"type": "Feature", "geometry": {"type": "Point", "coordinates": [-49.3030565, -25.4044431]}, "properties": {"id": 309921389, "feat_type": "way", "quality_categories": "missing_tags, older_than_five_years", "issue_ids": "[151, 6]", "osm_url": "https://www.openstreetmap.org/way/309921389", "josm_url": "http://127.0.0.1:8111/load_object?new_layer=false&objects=w309921389", "id_url": "https://www.openstreetmap.org/edit?editor=id&way=309921389#map=20/-25.4044431/-49.3030565"}}, {"type": "Feature", "geometry": {"type": "Point", "coordinates": [-49.2111169, -25.4894178]}, "properties": {"id": 312059072, "feat_type": "way", "quality_categories": "older_than_five_years", "issue_ids": "[152]", "osm_url": "https://www.openstreetmap.org/way/312059072", "josm_url": "http://127.0.0.1:8111/load_object?new_layer=false&objects=w312059072", "id_url": "https://www.openstreetmap.org/edit?editor=id&way=312059072#map=20/-25.4894178/-49.2111169"}}, {"type": "Feature", "geometry": {"type": "Point", "coordinates": [-49.2564206, -25.4368678]}, "properties": {"id": 312263507, "feat_type": "way", "quality_categories": "older_than_five_years", "issue_ids": "[153]", "osm_url": "https://www.openstreetmap.org/way/312263507", "josm_url": "http://127.0.0.1:8111/load_object?new_layer=false&objects=w312263507", "id_url": "https://www.openstreetmap.org/edit?editor=id&way=312263507#map=20/-25.4368678/-49.2564206"}}, {"type": "Feature", "geometry": {"type": "Point", "coordinates": [-49.2563255, -25.4369444]}, "properties": {"id": 312263508, "feat_type": "way", "quality_categories": "older_than_five_years", "issue_ids": "[154]", "osm_url": "https://www.openstreetmap.org/way/312263508", "josm_url": "http://127.0.0.1:8111/load_object?new_layer=false&objects=w312263508", "id_url": "https://www.openstreetmap.org/edit?editor=id&way=312263508#map=20/-25.4369444/-49.2563255"}}, {"type": "Feature", "geometry": {"type": "Point", "coordinates": [-49.2553841, -25.4358646]}, "properties": {"id": 312263510, "feat_type": "way", "quality_categories": "missing_tags, older_than_five_years", "issue_ids": "[155, 6]", "osm_url": "https://www.openstreetmap.org/way/312263510", "josm_url": "http://127.0.0.1:8111/load_object?new_layer=false&objects=w312263510", "id_url": "https://www.openstreetmap.org/edit?editor=id&way=312263510#map=20/-25.4358646/-49.2553841"}}, {"type": "Feature", "geometry": {"type": "Point", "coordinates": [-49.3452986, -25.4050903]}, "properties": {"id": 319534231, "feat_type": "way", "quality_categories": "missing_tags, older_than_five_years", "issue_ids": "[43, 6]", "osm_url": "https://www.openstreetmap.org/way/319534231", "josm_url": "http://127.0.0.1:8111/load_object?new_layer=false&objects=w319534231", "id_url": "https://www.openstreetmap.org/edit?editor=id&way=319534231#map=20/-25.4050903/-49.3452986"}}, {"type": "Feature", "geometry": {"type": "Point", "coordinates": [-49.3450381, -25.4053612]}, "properties": {"id": 319534232, "feat_type": "way", "quality_categories": "missing_tags, older_than_five_years", "issue_ids": "[43, 6]", "osm_url": "https://www.openstreetmap.org/way/319534232", "josm_url": "http://127.0.0.1:8111/load_object?new_layer=false&objects=w319534232", "id_url": "https://www.openstreetmap.org/edit?editor=id&way=319534232#map=20/-25.4053612/-49.3450381"}}, {"type": "Feature", "geometry": {"type": "Point", "coordinates": [-49.3080715, -25.4236165]}, "properties": {"id": 327680973, "feat_type": "way", "quality_categories": "older_than_five_years", "issue_ids": "[15]", "osm_url": "https://www.openstreetmap.org/way/327680973", "josm_url": "http://127.0.0.1:8111/load_object?new_layer=false&objects=w327680973", "id_url": "https://www.openstreetmap.org/edit?editor=id&way=327680973#map=20/-25.4236165/-49.3080715"}}, {"type": "Feature", "geometry": {"type": "Point", "coordinates": [-49.3072787, -25.4222554]}, "properties": {"id": 327680978, "feat_type": "way", "quality_categories": "older_than_five_years", "issue_ids": "[15]", "osm_url": "https://www.openstreetmap.org/way/327680978", "josm_url": "http://127.0.0.1:8111/load_object?new_layer=false&objects=w327680978", "id_url": "https://www.openstreetmap.org/edit?editor=id&way=327680978#map=20/-25.4222554/-49.3072787"}}, {"type": "Feature", "geometry": {"type": "Point", "coordinates": [-49.3077439, -25.4226327]}, "properties": {"id": 327680979, "feat_type": "way", "quality_categories": "older_than_five_years", "issue_ids": "[156]", "osm_url": "https://www.openstreetmap.org/way/327680979", "josm_url": "http://127.0.0.1:8111/load_object?new_layer=false&objects=w327680979", "id_url": "https://www.openstreetmap.org/edit?editor=id&way=327680979#map=20/-25.4226327/-49.3077439"}}, {"type": "Feature", "geometry": {"type": "Point", "coordinates": [-49.2382425, -25.4427395]}, "properties": {"id": 328038347, "feat_type": "way", "quality_categories": "missing_tags, older_than_five_years", "issue_ids": "[11, 6]", "osm_url": "https://www.openstreetmap.org/way/328038347", "josm_url": "http://127.0.0.1:8111/load_object?new_layer=false&objects=w328038347", "id_url": "https://www.openstreetmap.org/edit?editor=id&way=328038347#map=20/-25.4427395/-49.2382425"}}, {"type": "Feature", "geometry": {"type": "Point", "coordinates": [-49.3625304, -25.4165264]}, "properties": {"id": 334302431, "feat_type": "way", "quality_categories": "missing_tags, older_than_five_years", "issue_ids": "[89, 6]", "osm_url": "https://www.openstreetmap.org/way/334302431", "josm_url": "http://127.0.0.1:8111/load_object?new_layer=false&objects=w334302431", "id_url": "https://www.openstreetmap.org/edit?editor=id&way=334302431#map=20/-25.4165264/-49.3625304"}}, {"type": "Feature", "geometry": {"type": "Point", "coordinates": [-49.362727, -25.4173479]}, "properties": {"id": 334302432, "feat_type": "way", "quality_categories": "missing_tags, older_than_five_years", "issue_ids": "[89, 6]", "osm_url": "https://www.openstreetmap.org/way/334302432", "josm_url": "http://127.0.0.1:8111/load_object?new_layer=false&objects=w334302432", "id_url": "https://www.openstreetmap.org/edit?editor=id&way=334302432#map=20/-25.4173479/-49.362727"}}, {"type": "Feature", "geometry": {"type": "Point", "coordinates": [-49.3625304, -25.4165264]}, "properties": {"id": 334302433, "feat_type": "way", "quality_categories": "missing_tags, older_than_five_years", "issue_ids": "[25, 6]", "osm_url": "https://www.openstreetmap.org/way/334302433", "josm_url": "http://127.0.0.1:8111/load_object?new_layer=false&objects=w334302433", "id_url": "https://www.openstreetmap.org/edit?editor=id&way=334302433#map=20/-25.4165264/-49.3625304"}}, {"type": "Feature", "geometry": {"type": "Point", "coordinates": [-49.3629254, -25.4155589]}, "properties": {"id": 334302434, "feat_type": "way", "quality_categories": "missing_tags, older_than_five_years", "issue_ids": "[25, 6]", "osm_url": "https://www.openstreetmap.org/way/334302434", "josm_url": "http://127.0.0.1:8111/load_object?new_layer=false&objects=w334302434", "id_url": "https://www.openstreetmap.org/edit?editor=id&way=334302434#map=20/-25.4155589/-49.3629254"}}, {"type": "Feature", "geometry": {"type": "Point", "coordinates": [-49.3480137, -25.4172401]}, "properties": {"id": 335744726, "feat_type": "way", "quality_categories": "missing_tags, older_than_five_years", "issue_ids": "[57, 6]", "osm_url": "https://www.openstreetmap.org/way/335744726", "josm_url": "http://127.0.0.1:8111/load_object?new_layer=false&objects=w335744726", "id_url": "https://www.openstreetmap.org/edit?editor=id&way=335744726#map=20/-25.4172401/-49.3480137"}}, {"type": "Feature", "geometry": {"type": "Point", "coordinates": [-49.347306, -25.4160704]}, "properties": {"id": 335744727, "feat_type": "way", "quality_categories": "missing_tags, older_than_five_years", "issue_ids": "[76, 6]", "osm_url": "https://www.openstreetmap.org/way/335744727", "josm_url": "http://127.0.0.1:8111/load_object?new_layer=false&objects=w335744727", "id_url": "https://www.openstreetmap.org/edit?editor=id&way=335744727#map=20/-25.4160704/-49.347306"}}, {"type": "Feature", "geometry": {"type": "Point", "coordinates": [-49.3499371, -25.4034876]}, "properties": {"id": 335936303, "feat_type": "way", "quality_categories": "missing_tags, older_than_five_years", "issue_ids": "[66, 6]", "osm_url": "https://www.openstreetmap.org/way/335936303", "josm_url": "http://127.0.0.1:8111/load_object?new_layer=false&objects=w335936303", "id_url": "https://www.openstreetmap.org/edit?editor=id&way=335936303#map=20/-25.4034876/-49.3499371"}}, {"type": "Feature", "geometry": {"type": "Point", "coordinates": [-49.351641, -25.4069999]}, "properties": {"id": 336063860, "feat_type": "way", "quality_categories": "missing_tags, older_than_five_years", "issue_ids": "[157, 6]", "osm_url": "https://www.openstreetmap.org/way/336063860", "josm_url": "http://127.0.0.1:8111/load_object?new_layer=false&objects=w336063860", "id_url": "https://www.openstreetmap.org/edit?editor=id&way=336063860#map=20/-25.4069999/-49.351641"}}, {"type": "Feature", "geometry": {"type": "Point", "coordinates": [-49.3482198, -25.4073876]}, "properties": {"id": 336063861, "feat_type": "way", "quality_categories": "missing_tags, older_than_five_years", "issue_ids": "[157, 6]", "osm_url": "https://www.openstreetmap.org/way/336063861", "josm_url": "http://127.0.0.1:8111/load_object?new_layer=false&objects=w336063861", "id_url": "https://www.openstreetmap.org/edit?editor=id&way=336063861#map=20/-25.4073876/-49.3482198"}}, {"type": "Feature", "geometry": {"type": "Point", "coordinates": [-49.3414825, -25.409539]}, "properties": {"id": 336095457, "feat_type": "way", "quality_categories": "missing_tags, older_than_five_years", "issue_ids": "[158, 6]", "osm_url": "https://www.openstreetmap.org/way/336095457", "josm_url": "http://127.0.0.1:8111/load_object?new_layer=false&objects=w336095457", "id_url": "https://www.openstreetmap.org/edit?editor=id&way=336095457#map=20/-25.409539/-49.3414825"}}, {"type": "Feature", "geometry": {"type": "Point", "coordinates": [-49.3342567, -25.4132894]}, "properties": {"id": 336096234, "feat_type": "way", "quality_categories": "missing_tags, older_than_five_years", "issue_ids": "[55, 6]", "osm_url": "https://www.openstreetmap.org/way/336096234", "josm_url": "http://127.0.0.1:8111/load_object?new_layer=false&objects=w336096234", "id_url": "https://www.openstreetmap.org/edit?editor=id&way=336096234#map=20/-25.4132894/-49.3342567"}}, {"type": "Feature", "geometry": {"type": "Point", "coordinates": [-49.3337021, -25.4122627]}, "properties": {"id": 336096235, "feat_type": "way", "quality_categories": "missing_tags, older_than_five_years", "issue_ids": "[43, 6]", "osm_url": "https://www.openstreetmap.org/way/336096235", "josm_url": "http://127.0.0.1:8111/load_object?new_layer=false&objects=w336096235", "id_url": "https://www.openstreetmap.org/edit?editor=id&way=336096235#map=20/-25.4122627/-49.3337021"}}, {"type": "Feature", "geometry": {"type": "Point", "coordinates": [-49.3329974, -25.4126752]}, "properties": {"id": 336096236, "feat_type": "way", "quality_categories": "missing_tags, older_than_five_years", "issue_ids": "[43, 6]", "osm_url": "https://www.openstreetmap.org/way/336096236", "josm_url": "http://127.0.0.1:8111/load_object?new_layer=false&objects=w336096236", "id_url": "https://www.openstreetmap.org/edit?editor=id&way=336096236#map=20/-25.4126752/-49.3329974"}}, {"type": "Feature", "geometry": {"type": "Point", "coordinates": [-49.3353912, -25.4081532]}, "properties": {"id": 336097741, "feat_type": "way", "quality_categories": "missing_tags, older_than_five_years", "issue_ids": "[158, 6]", "osm_url": "https://www.openstreetmap.org/way/336097741", "josm_url": "http://127.0.0.1:8111/load_object?new_layer=false&objects=w336097741", "id_url": "https://www.openstreetmap.org/edit?editor=id&way=336097741#map=20/-25.4081532/-49.3353912"}}, {"type": "Feature", "geometry": {"type": "Point", "coordinates": [-49.3278145, -25.3993833]}, "properties": {"id": 337166304, "feat_type": "way", "quality_categories": "missing_tags, older_than_five_years", "issue_ids": "[159, 6]", "osm_url": "https://www.openstreetmap.org/way/337166304", "josm_url": "http://127.0.0.1:8111/load_object?new_layer=false&objects=w337166304", "id_url": "https://www.openstreetmap.org/edit?editor=id&way=337166304#map=20/-25.3993833/-49.3278145"}}, {"type": "Feature", "geometry": {"type": "Point", "coordinates": [-49.3283853, -25.399191]}, "properties": {"id": 337166305, "feat_type": "way", "quality_categories": "missing_tags, older_than_five_years", "issue_ids": "[59, 6]", "osm_url": "https://www.openstreetmap.org/way/337166305", "josm_url": "http://127.0.0.1:8111/load_object?new_layer=false&objects=w337166305", "id_url": "https://www.openstreetmap.org/edit?editor=id&way=337166305#map=20/-25.399191/-49.3283853"}}, {"type": "Feature", "geometry": {"type": "Point", "coordinates": [-49.3296198, -25.3983248]}, "properties": {"id": 337168176, "feat_type": "way", "quality_categories": "missing_tags, older_than_five_years", "issue_ids": "[59, 6]", "osm_url": "https://www.openstreetmap.org/way/337168176", "josm_url": "http://127.0.0.1:8111/load_object?new_layer=false&objects=w337168176", "id_url": "https://www.openstreetmap.org/edit?editor=id&way=337168176#map=20/-25.3983248/-49.3296198"}}, {"type": "Feature", "geometry": {"type": "Point", "coordinates": [-49.3436476, -25.4111884]}, "properties": {"id": 337170259, "feat_type": "way", "quality_categories": "missing_tags, older_than_five_years", "issue_ids": "[43, 6]", "osm_url": "https://www.openstreetmap.org/way/337170259", "josm_url": "http://127.0.0.1:8111/load_object?new_layer=false&objects=w337170259", "id_url": "https://www.openstreetmap.org/edit?editor=id&way=337170259#map=20/-25.4111884/-49.3436476"}}, {"type": "Feature", "geometry": {"type": "Point", "coordinates": [-49.3190487, -25.392242]}, "properties": {"id": 337369817, "feat_type": "way", "quality_categories": "missing_tags, older_than_five_years", "issue_ids": "[160, 6]", "osm_url": "https://www.openstreetmap.org/way/337369817", "josm_url": "http://127.0.0.1:8111/load_object?new_layer=false&objects=w337369817", "id_url": "https://www.openstreetmap.org/edit?editor=id&way=337369817#map=20/-25.392242/-49.3190487"}}, {"type": "Feature", "geometry": {"type": "Point", "coordinates": [-49.3309709, -25.3895548]}, "properties": {"id": 337371627, "feat_type": "way", "quality_categories": "missing_tags, older_than_five_years", "issue_ids": "[59, 6]", "osm_url": "https://www.openstreetmap.org/way/337371627", "josm_url": "http://127.0.0.1:8111/load_object?new_layer=false&objects=w337371627", "id_url": "https://www.openstreetmap.org/edit?editor=id&way=337371627#map=20/-25.3895548/-49.3309709"}}, {"type": "Feature", "geometry": {"type": "Point", "coordinates": [-49.3305596, -25.388935]}, "properties": {"id": 337371628, "feat_type": "way", "quality_categories": "missing_tags, older_than_five_years", "issue_ids": "[59, 6]", "osm_url": "https://www.openstreetmap.org/way/337371628", "josm_url": "http://127.0.0.1:8111/load_object?new_layer=false&objects=w337371628", "id_url": "https://www.openstreetmap.org/edit?editor=id&way=337371628#map=20/-25.388935/-49.3305596"}}, {"type": "Feature", "geometry": {"type": "Point", "coordinates": [-49.3299079, -25.3880835]}, "properties": {"id": 337371629, "feat_type": "way", "quality_categories": "missing_tags, older_than_five_years", "issue_ids": "[59, 6]", "osm_url": "https://www.openstreetmap.org/way/337371629", "josm_url": "http://127.0.0.1:8111/load_object?new_layer=false&objects=w337371629", "id_url": "https://www.openstreetmap.org/edit?editor=id&way=337371629#map=20/-25.3880835/-49.3299079"}}, {"type": "Feature", "geometry": {"type": "Point", "coordinates": [-49.3351324, -25.4076371]}, "properties": {"id": 337393960, "feat_type": "way", "quality_categories": "missing_tags, older_than_five_years", "issue_ids": "[59, 6]", "osm_url": "https://www.openstreetmap.org/way/337393960", "josm_url": "http://127.0.0.1:8111/load_object?new_layer=false&objects=w337393960", "id_url": "https://www.openstreetmap.org/edit?editor=id&way=337393960#map=20/-25.4076371/-49.3351324"}}, {"type": "Feature", "geometry": {"type": "Point", "coordinates": [-49.3344484, -25.4079539]}, "properties": {"id": 337393961, "feat_type": "way", "quality_categories": "missing_tags, older_than_five_years", "issue_ids": "[59, 6]", "osm_url": "https://www.openstreetmap.org/way/337393961", "josm_url": "http://127.0.0.1:8111/load_object?new_layer=false&objects=w337393961", "id_url": "https://www.openstreetmap.org/edit?editor=id&way=337393961#map=20/-25.4079539/-49.3344484"}}, {"type": "Feature", "geometry": {"type": "Point", "coordinates": [-49.3345112, -25.4082077]}, "properties": {"id": 337393962, "feat_type": "way", "quality_categories": "missing_tags, older_than_five_years", "issue_ids": "[59, 6]", "osm_url": "https://www.openstreetmap.org/way/337393962", "josm_url": "http://127.0.0.1:8111/load_object?new_layer=false&objects=w337393962", "id_url": "https://www.openstreetmap.org/edit?editor=id&way=337393962#map=20/-25.4082077/-49.3345112"}}, {"type": "Feature", "geometry": {"type": "Point", "coordinates": [-49.336055, -25.3971391]}, "properties": {"id": 337643045, "feat_type": "way", "quality_categories": "missing_tags, older_than_five_years", "issue_ids": "[39, 6]", "osm_url": "https://www.openstreetmap.org/way/337643045", "josm_url": "http://127.0.0.1:8111/load_object?new_layer=false&objects=w337643045", "id_url": "https://www.openstreetmap.org/edit?editor=id&way=337643045#map=20/-25.3971391/-49.336055"}}, {"type": "Feature", "geometry": {"type": "Point", "coordinates": [-49.3359382, -25.3972801]}, "properties": {"id": 337643047, "feat_type": "way", "quality_categories": "missing_tags, older_than_five_years", "issue_ids": "[25, 6]", "osm_url": "https://www.openstreetmap.org/way/337643047", "josm_url": "http://127.0.0.1:8111/load_object?new_layer=false&objects=w337643047", "id_url": "https://www.openstreetmap.org/edit?editor=id&way=337643047#map=20/-25.3972801/-49.3359382"}}, {"type": "Feature", "geometry": {"type": "Point", "coordinates": [-49.2302693, -25.5245351]}, "properties": {"id": 337810828, "feat_type": "way", "quality_categories": "older_than_five_years", "issue_ids": "[161]", "osm_url": "https://www.openstreetmap.org/way/337810828", "josm_url": "http://127.0.0.1:8111/load_object?new_layer=false&objects=w337810828", "id_url": "https://www.openstreetmap.org/edit?editor=id&way=337810828#map=20/-25.5245351/-49.2302693"}}, {"type": "Feature", "geometry": {"type": "Point", "coordinates": [-49.3269774, -25.4220909]}, "properties": {"id": 337812700, "feat_type": "way", "quality_categories": "missing_tags, older_than_five_years", "issue_ids": "[25, 6]", "osm_url": "https://www.openstreetmap.org/way/337812700", "josm_url": "http://127.0.0.1:8111/load_object?new_layer=false&objects=w337812700", "id_url": "https://www.openstreetmap.org/edit?editor=id&way=337812700#map=20/-25.4220909/-49.3269774"}}, {"type": "Feature", "geometry": {"type": "Point", "coordinates": [-49.3329959, -25.4185695]}, "properties": {"id": 338312614, "feat_type": "way", "quality_categories": "missing_tags, older_than_five_years", "issue_ids": "[162, 6]", "osm_url": "https://www.openstreetmap.org/way/338312614", "josm_url": "http://127.0.0.1:8111/load_object?new_layer=false&objects=w338312614", "id_url": "https://www.openstreetmap.org/edit?editor=id&way=338312614#map=20/-25.4185695/-49.3329959"}}, {"type": "Feature", "geometry": {"type": "Point", "coordinates": [-49.3415657, -25.422073]}, "properties": {"id": 338312887, "feat_type": "way", "quality_categories": "missing_tags, older_than_five_years", "issue_ids": "[54, 6]", "osm_url": "https://www.openstreetmap.org/way/338312887", "josm_url": "http://127.0.0.1:8111/load_object?new_layer=false&objects=w338312887", "id_url": "https://www.openstreetmap.org/edit?editor=id&way=338312887#map=20/-25.422073/-49.3415657"}}, {"type": "Feature", "geometry": {"type": "Point", "coordinates": [-49.3416999, -25.4218485]}, "properties": {"id": 338312888, "feat_type": "way", "quality_categories": "missing_tags, older_than_five_years", "issue_ids": "[53, 6]", "osm_url": "https://www.openstreetmap.org/way/338312888", "josm_url": "http://127.0.0.1:8111/load_object?new_layer=false&objects=w338312888", "id_url": "https://www.openstreetmap.org/edit?editor=id&way=338312888#map=20/-25.4218485/-49.3416999"}}, {"type": "Feature", "geometry": {"type": "Point", "coordinates": [-49.3408957, -25.4214956]}, "properties": {"id": 338312889, "feat_type": "way", "quality_categories": "missing_tags, older_than_five_years", "issue_ids": "[53, 6]", "osm_url": "https://www.openstreetmap.org/way/338312889", "josm_url": "http://127.0.0.1:8111/load_object?new_layer=false&objects=w338312889", "id_url": "https://www.openstreetmap.org/edit?editor=id&way=338312889#map=20/-25.4214956/-49.3408957"}}, {"type": "Feature", "geometry": {"type": "Point", "coordinates": [-49.3409002, -25.4218206]}, "properties": {"id": 338312890, "feat_type": "way", "quality_categories": "missing_tags, older_than_five_years", "issue_ids": "[53, 6]", "osm_url": "https://www.openstreetmap.org/way/338312890", "josm_url": "http://127.0.0.1:8111/load_object?new_layer=false&objects=w338312890", "id_url": "https://www.openstreetmap.org/edit?editor=id&way=338312890#map=20/-25.4218206/-49.3409002"}}, {"type": "Feature", "geometry": {"type": "Point", "coordinates": [-49.3446133, -25.4237293]}, "properties": {"id": 338492515, "feat_type": "way", "quality_categories": "missing_tags, older_than_five_years", "issue_ids": "[59, 6]", "osm_url": "https://www.openstreetmap.org/way/338492515", "josm_url": "http://127.0.0.1:8111/load_object?new_layer=false&objects=w338492515", "id_url": "https://www.openstreetmap.org/edit?editor=id&way=338492515#map=20/-25.4237293/-49.3446133"}}, {"type": "Feature", "geometry": {"type": "Point", "coordinates": [-49.3456224, -25.4241454]}, "properties": {"id": 338492516, "feat_type": "way", "quality_categories": "missing_tags, older_than_five_years", "issue_ids": "[59, 6]", "osm_url": "https://www.openstreetmap.org/way/338492516", "josm_url": "http://127.0.0.1:8111/load_object?new_layer=false&objects=w338492516", "id_url": "https://www.openstreetmap.org/edit?editor=id&way=338492516#map=20/-25.4241454/-49.3456224"}}, {"type": "Feature", "geometry": {"type": "Point", "coordinates": [-49.3236015, -25.4173197]}, "properties": {"id": 338637634, "feat_type": "way", "quality_categories": "missing_tags, older_than_five_years", "issue_ids": "[25, 6]", "osm_url": "https://www.openstreetmap.org/way/338637634", "josm_url": "http://127.0.0.1:8111/load_object?new_layer=false&objects=w338637634", "id_url": "https://www.openstreetmap.org/edit?editor=id&way=338637634#map=20/-25.4173197/-49.3236015"}}, {"type": "Feature", "geometry": {"type": "Point", "coordinates": [-49.3222806, -25.415643]}, "properties": {"id": 338637636, "feat_type": "way", "quality_categories": "missing_tags, older_than_five_years", "issue_ids": "[25, 6]", "osm_url": "https://www.openstreetmap.org/way/338637636", "josm_url": "http://127.0.0.1:8111/load_object?new_layer=false&objects=w338637636", "id_url": "https://www.openstreetmap.org/edit?editor=id&way=338637636#map=20/-25.415643/-49.3222806"}}, {"type": "Feature", "geometry": {"type": "Point", "coordinates": [-49.322815, -25.4151263]}, "properties": {"id": 338637637, "feat_type": "way", "quality_categories": "missing_tags, older_than_five_years", "issue_ids": "[55, 6]", "osm_url": "https://www.openstreetmap.org/way/338637637", "josm_url": "http://127.0.0.1:8111/load_object?new_layer=false&objects=w338637637", "id_url": "https://www.openstreetmap.org/edit?editor=id&way=338637637#map=20/-25.4151263/-49.322815"}}, {"type": "Feature", "geometry": {"type": "Point", "coordinates": [-49.3234681, -25.4145715]}, "properties": {"id": 338637639, "feat_type": "way", "quality_categories": "missing_tags, older_than_five_years", "issue_ids": "[158, 6]", "osm_url": "https://www.openstreetmap.org/way/338637639", "josm_url": "http://127.0.0.1:8111/load_object?new_layer=false&objects=w338637639", "id_url": "https://www.openstreetmap.org/edit?editor=id&way=338637639#map=20/-25.4145715/-49.3234681"}}, {"type": "Feature", "geometry": {"type": "Point", "coordinates": [-49.2472026, -25.4541945]}, "properties": {"id": 340941546, "feat_type": "way", "quality_categories": "missing_tags, older_than_five_years", "issue_ids": "[163, 6]", "osm_url": "https://www.openstreetmap.org/way/340941546", "josm_url": "http://127.0.0.1:8111/load_object?new_layer=false&objects=w340941546", "id_url": "https://www.openstreetmap.org/edit?editor=id&way=340941546#map=20/-25.4541945/-49.2472026"}}, {"type": "Feature", "geometry": {"type": "Point", "coordinates": [-49.3032793, -25.4044136]}, "properties": {"id": 344074743, "feat_type": "way", "quality_categories": "missing_tags, older_than_five_years", "issue_ids": "[164, 6]", "osm_url": "https://www.openstreetmap.org/way/344074743", "josm_url": "http://127.0.0.1:8111/load_object?new_layer=false&objects=w344074743", "id_url": "https://www.openstreetmap.org/edit?editor=id&way=344074743#map=20/-25.4044136/-49.3032793"}}, {"type": "Feature", "geometry": {"type": "Point", "coordinates": [-49.2608676, -25.4382209]}, "properties": {"id": 344144129, "feat_type": "way", "quality_categories": "missing_tags, older_than_five_years", "issue_ids": "[165, 6]", "osm_url": "https://www.openstreetmap.org/way/344144129", "josm_url": "http://127.0.0.1:8111/load_object?new_layer=false&objects=w344144129", "id_url": "https://www.openstreetmap.org/edit?editor=id&way=344144129#map=20/-25.4382209/-49.2608676"}}, {"type": "Feature", "geometry": {"type": "Point", "coordinates": [-49.2543125, -25.4628635]}, "properties": {"id": 344144137, "feat_type": "way", "quality_categories": "missing_tags, older_than_five_years", "issue_ids": "[109, 6]", "osm_url": "https://www.openstreetmap.org/way/344144137", "josm_url": "http://127.0.0.1:8111/load_object?new_layer=false&objects=w344144137", "id_url": "https://www.openstreetmap.org/edit?editor=id&way=344144137#map=20/-25.4628635/-49.2543125"}}, {"type": "Feature", "geometry": {"type": "Point", "coordinates": [-49.2548729, -25.4615203]}, "properties": {"id": 344144141, "feat_type": "way", "quality_categories": "missing_tags, older_than_five_years", "issue_ids": "[109, 6]", "osm_url": "https://www.openstreetmap.org/way/344144141", "josm_url": "http://127.0.0.1:8111/load_object?new_layer=false&objects=w344144141", "id_url": "https://www.openstreetmap.org/edit?editor=id&way=344144141#map=20/-25.4615203/-49.2548729"}}, {"type": "Feature", "geometry": {"type": "Point", "coordinates": [-49.3334922, -25.4160796]}, "properties": {"id": 350632834, "feat_type": "way", "quality_categories": "missing_tags, older_than_five_years", "issue_ids": "[43, 6]", "osm_url": "https://www.openstreetmap.org/way/350632834", "josm_url": "http://127.0.0.1:8111/load_object?new_layer=false&objects=w350632834", "id_url": "https://www.openstreetmap.org/edit?editor=id&way=350632834#map=20/-25.4160796/-49.3334922"}}, {"type": "Feature", "geometry": {"type": "Point", "coordinates": [-49.3334922, -25.4160796]}, "properties": {"id": 350632835, "feat_type": "way", "quality_categories": "missing_tags, older_than_five_years", "issue_ids": "[43, 6]", "osm_url": "https://www.openstreetmap.org/way/350632835", "josm_url": "http://127.0.0.1:8111/load_object?new_layer=false&objects=w350632835", "id_url": "https://www.openstreetmap.org/edit?editor=id&way=350632835#map=20/-25.4160796/-49.3334922"}}, {"type": "Feature", "geometry": {"type": "Point", "coordinates": [-49.2263395, -25.427091]}, "properties": {"id": 353029906, "feat_type": "way", "quality_categories": "missing_tags, older_than_five_years", "issue_ids": "[166, 6]", "osm_url": "https://www.openstreetmap.org/way/353029906", "josm_url": "http://127.0.0.1:8111/load_object?new_layer=false&objects=w353029906", "id_url": "https://www.openstreetmap.org/edit?editor=id&way=353029906#map=20/-25.427091/-49.2263395"}}, {"type": "Feature", "geometry": {"type": "Point", "coordinates": [-49.27484199903515, -25.42088785]}, "properties": {"id": 353816445, "feat_type": "way", "quality_categories": "missing_tags, older_than_five_years", "issue_ids": "[167, 6]", "osm_url": "https://www.openstreetmap.org/way/353816445", "josm_url": "http://127.0.0.1:8111/load_object?new_layer=false&objects=w353816445", "id_url": "https://www.openstreetmap.org/edit?editor=id&way=353816445#map=20/-25.42088785/-49.27484199903515"}}, {"type": "Feature", "geometry": {"type": "Point", "coordinates": [-49.2714131, -25.4285793]}, "properties": {"id": 353966868, "feat_type": "way", "quality_categories": "older_than_five_years", "issue_ids": "[49]", "osm_url": "https://www.openstreetmap.org/way/353966868", "josm_url": "http://127.0.0.1:8111/load_object?new_layer=false&objects=w353966868", "id_url": "https://www.openstreetmap.org/edit?editor=id&way=353966868#map=20/-25.4285793/-49.2714131"}}, {"type": "Feature", "geometry": {"type": "Point", "coordinates": [-49.2775412, -25.4325666]}, "properties": {"id": 354067840, "feat_type": "way", "quality_categories": "missing_tags, older_than_five_years", "issue_ids": "[168, 6]", "osm_url": "https://www.openstreetmap.org/way/354067840", "josm_url": "http://127.0.0.1:8111/load_object?new_layer=false&objects=w354067840", "id_url": "https://www.openstreetmap.org/edit?editor=id&way=354067840#map=20/-25.4325666/-49.2775412"}}, {"type": "Feature", "geometry": {"type": "Point", "coordinates": [-49.2798465, -25.461504]}, "properties": {"id": 354210436, "feat_type": "way", "quality_categories": "older_than_five_years", "issue_ids": "[111]", "osm_url": "https://www.openstreetmap.org/way/354210436", "josm_url": "http://127.0.0.1:8111/load_object?new_layer=false&objects=w354210436", "id_url": "https://www.openstreetmap.org/edit?editor=id&way=354210436#map=20/-25.461504/-49.2798465"}}, {"type": "Feature", "geometry": {"type": "Point", "coordinates": [-49.2799519, -25.4617342]}, "properties": {"id": 354210705, "feat_type": "way", "quality_categories": "older_than_five_years", "issue_ids": "[111]", "osm_url": "https://www.openstreetmap.org/way/354210705", "josm_url": "http://127.0.0.1:8111/load_object?new_layer=false&objects=w354210705", "id_url": "https://www.openstreetmap.org/edit?editor=id&way=354210705#map=20/-25.4617342/-49.2799519"}}, {"type": "Feature", "geometry": {"type": "Point", "coordinates": [-49.2826625, -25.455891]}, "properties": {"id": 354298706, "feat_type": "way", "quality_categories": "missing_tags, older_than_five_years", "issue_ids": "[111, 6]", "osm_url": "https://www.openstreetmap.org/way/354298706", "josm_url": "http://127.0.0.1:8111/load_object?new_layer=false&objects=w354298706", "id_url": "https://www.openstreetmap.org/edit?editor=id&way=354298706#map=20/-25.455891/-49.2826625"}}, {"type": "Feature", "geometry": {"type": "Point", "coordinates": [-49.2776618, -25.465027]}, "properties": {"id": 354332610, "feat_type": "way", "quality_categories": "missing_tags, older_than_five_years", "issue_ids": "[111, 6]", "osm_url": "https://www.openstreetmap.org/way/354332610", "josm_url": "http://127.0.0.1:8111/load_object?new_layer=false&objects=w354332610", "id_url": "https://www.openstreetmap.org/edit?editor=id&way=354332610#map=20/-25.465027/-49.2776618"}}, {"type": "Feature", "geometry": {"type": "Point", "coordinates": [-49.2771612, -25.4649307]}, "properties": {"id": 354332611, "feat_type": "way", "quality_categories": "missing_tags, older_than_five_years", "issue_ids": "[111, 6]", "osm_url": "https://www.openstreetmap.org/way/354332611", "josm_url": "http://127.0.0.1:8111/load_object?new_layer=false&objects=w354332611", "id_url": "https://www.openstreetmap.org/edit?editor=id&way=354332611#map=20/-25.4649307/-49.2771612"}}, {"type": "Feature", "geometry": {"type": "Point", "coordinates": [-49.2769847, -25.4654872]}, "properties": {"id": 354332612, "feat_type": "way", "quality_categories": "missing_tags, older_than_five_years", "issue_ids": "[111, 6]", "osm_url": "https://www.openstreetmap.org/way/354332612", "josm_url": "http://127.0.0.1:8111/load_object?new_layer=false&objects=w354332612", "id_url": "https://www.openstreetmap.org/edit?editor=id&way=354332612#map=20/-25.4654872/-49.2769847"}}, {"type": "Feature", "geometry": {"type": "Point", "coordinates": [-49.2774499, -25.4655961]}, "properties": {"id": 354332613, "feat_type": "way", "quality_categories": "missing_tags, older_than_five_years", "issue_ids": "[111, 6]", "osm_url": "https://www.openstreetmap.org/way/354332613", "josm_url": "http://127.0.0.1:8111/load_object?new_layer=false&objects=w354332613", "id_url": "https://www.openstreetmap.org/edit?editor=id&way=354332613#map=20/-25.4655961/-49.2774499"}}, {"type": "Feature", "geometry": {"type": "Point", "coordinates": [-49.2773627, -25.4646951]}, "properties": {"id": 354337154, "feat_type": "way", "quality_categories": "missing_tags, older_than_five_years", "issue_ids": "[111, 6]", "osm_url": "https://www.openstreetmap.org/way/354337154", "josm_url": "http://127.0.0.1:8111/load_object?new_layer=false&objects=w354337154", "id_url": "https://www.openstreetmap.org/edit?editor=id&way=354337154#map=20/-25.4646951/-49.2773627"}}, {"type": "Feature", "geometry": {"type": "Point", "coordinates": [-49.3417908, -25.4136151]}, "properties": {"id": 354351938, "feat_type": "way", "quality_categories": "missing_tags, older_than_five_years", "issue_ids": "[44, 6]", "osm_url": "https://www.openstreetmap.org/way/354351938", "josm_url": "http://127.0.0.1:8111/load_object?new_layer=false&objects=w354351938", "id_url": "https://www.openstreetmap.org/edit?editor=id&way=354351938#map=20/-25.4136151/-49.3417908"}}, {"type": "Feature", "geometry": {"type": "Point", "coordinates": [-49.3540681, -25.414479]}, "properties": {"id": 354356307, "feat_type": "way", "quality_categories": "missing_tags, older_than_five_years", "issue_ids": "[59, 6]", "osm_url": "https://www.openstreetmap.org/way/354356307", "josm_url": "http://127.0.0.1:8111/load_object?new_layer=false&objects=w354356307", "id_url": "https://www.openstreetmap.org/edit?editor=id&way=354356307#map=20/-25.414479/-49.3540681"}}, {"type": "Feature", "geometry": {"type": "Point", "coordinates": [-49.298402, -25.4066804]}, "properties": {"id": 354844313, "feat_type": "way", "quality_categories": "missing_tags, older_than_five_years", "issue_ids": "[43, 6]", "osm_url": "https://www.openstreetmap.org/way/354844313", "josm_url": "http://127.0.0.1:8111/load_object?new_layer=false&objects=w354844313", "id_url": "https://www.openstreetmap.org/edit?editor=id&way=354844313#map=20/-25.4066804/-49.298402"}}, {"type": "Feature", "geometry": {"type": "Point", "coordinates": [-49.2570466, -25.4174242]}, "properties": {"id": 355143491, "feat_type": "way", "quality_categories": "missing_tags, older_than_five_years", "issue_ids": "[169, 6]", "osm_url": "https://www.openstreetmap.org/way/355143491", "josm_url": "http://127.0.0.1:8111/load_object?new_layer=false&objects=w355143491", "id_url": "https://www.openstreetmap.org/edit?editor=id&way=355143491#map=20/-25.4174242/-49.2570466"}}, {"type": "Feature", "geometry": {"type": "Point", "coordinates": [-49.2716306, -25.4293639]}, "properties": {"id": 355538783, "feat_type": "way", "quality_categories": "missing_tags, older_than_five_years", "issue_ids": "[50, 6]", "osm_url": "https://www.openstreetmap.org/way/355538783", "josm_url": "http://127.0.0.1:8111/load_object?new_layer=false&objects=w355538783", "id_url": "https://www.openstreetmap.org/edit?editor=id&way=355538783#map=20/-25.4293639/-49.2716306"}}, {"type": "Feature", "geometry": {"type": "Point", "coordinates": [-49.2717856, -25.4297502]}, "properties": {"id": 355538784, "feat_type": "way", "quality_categories": "missing_tags, older_than_five_years", "issue_ids": "[170, 6]", "osm_url": "https://www.openstreetmap.org/way/355538784", "josm_url": "http://127.0.0.1:8111/load_object?new_layer=false&objects=w355538784", "id_url": "https://www.openstreetmap.org/edit?editor=id&way=355538784#map=20/-25.4297502/-49.2717856"}}, {"type": "Feature", "geometry": {"type": "Point", "coordinates": [-49.2719287, -25.4294463]}, "properties": {"id": 355539320, "feat_type": "way", "quality_categories": "missing_tags, older_than_five_years", "issue_ids": "[171, 6]", "osm_url": "https://www.openstreetmap.org/way/355539320", "josm_url": "http://127.0.0.1:8111/load_object?new_layer=false&objects=w355539320", "id_url": "https://www.openstreetmap.org/edit?editor=id&way=355539320#map=20/-25.4294463/-49.2719287"}}, {"type": "Feature", "geometry": {"type": "Point", "coordinates": [-49.2480944, -25.4314867]}, "properties": {"id": 356091507, "feat_type": "way", "quality_categories": "missing_tags, older_than_five_years", "issue_ids": "[172, 6]", "osm_url": "https://www.openstreetmap.org/way/356091507", "josm_url": "http://127.0.0.1:8111/load_object?new_layer=false&objects=w356091507", "id_url": "https://www.openstreetmap.org/edit?editor=id&way=356091507#map=20/-25.4314867/-49.2480944"}}, {"type": "Feature", "geometry": {"type": "Point", "coordinates": [-49.266651, -25.4651301]}, "properties": {"id": 356388279, "feat_type": "way", "quality_categories": "missing_tags, older_than_five_years", "issue_ids": "[12, 6]", "osm_url": "https://www.openstreetmap.org/way/356388279", "josm_url": "http://127.0.0.1:8111/load_object?new_layer=false&objects=w356388279", "id_url": "https://www.openstreetmap.org/edit?editor=id&way=356388279#map=20/-25.4651301/-49.266651"}}, {"type": "Feature", "geometry": {"type": "Point", "coordinates": [-49.26666, -25.4651545]}, "properties": {"id": 356388342, "feat_type": "way", "quality_categories": "missing_tags, older_than_five_years", "issue_ids": "[77, 6]", "osm_url": "https://www.openstreetmap.org/way/356388342", "josm_url": "http://127.0.0.1:8111/load_object?new_layer=false&objects=w356388342", "id_url": "https://www.openstreetmap.org/edit?editor=id&way=356388342#map=20/-25.4651545/-49.26666"}}, {"type": "Feature", "geometry": {"type": "Point", "coordinates": [-49.2667028, -25.4652555]}, "properties": {"id": 356388343, "feat_type": "way", "quality_categories": "missing_tags, older_than_five_years", "issue_ids": "[173, 6]", "osm_url": "https://www.openstreetmap.org/way/356388343", "josm_url": "http://127.0.0.1:8111/load_object?new_layer=false&objects=w356388343", "id_url": "https://www.openstreetmap.org/edit?editor=id&way=356388343#map=20/-25.4652555/-49.2667028"}}, {"type": "Feature", "geometry": {"type": "Point", "coordinates": [-49.2526121, -25.4516237]}, "properties": {"id": 356390381, "feat_type": "way", "quality_categories": "missing_tags, older_than_five_years", "issue_ids": "[174, 6]", "osm_url": "https://www.openstreetmap.org/way/356390381", "josm_url": "http://127.0.0.1:8111/load_object?new_layer=false&objects=w356390381", "id_url": "https://www.openstreetmap.org/edit?editor=id&way=356390381#map=20/-25.4516237/-49.2526121"}}, {"type": "Feature", "geometry": {"type": "Point", "coordinates": [-49.2496141, -25.4500592]}, "properties": {"id": 356392700, "feat_type": "way", "quality_categories": "missing_tags, older_than_five_years", "issue_ids": "[12, 6]", "osm_url": "https://www.openstreetmap.org/way/356392700", "josm_url": "http://127.0.0.1:8111/load_object?new_layer=false&objects=w356392700", "id_url": "https://www.openstreetmap.org/edit?editor=id&way=356392700#map=20/-25.4500592/-49.2496141"}}, {"type": "Feature", "geometry": {"type": "Point", "coordinates": [-49.333979, -25.4060805]}, "properties": {"id": 356961121, "feat_type": "way", "quality_categories": "missing_tags, older_than_five_years", "issue_ids": "[56, 6]", "osm_url": "https://www.openstreetmap.org/way/356961121", "josm_url": "http://127.0.0.1:8111/load_object?new_layer=false&objects=w356961121", "id_url": "https://www.openstreetmap.org/edit?editor=id&way=356961121#map=20/-25.4060805/-49.333979"}}, {"type": "Feature", "geometry": {"type": "Point", "coordinates": [-49.3371528, -25.4143256]}, "properties": {"id": 357012723, "feat_type": "way", "quality_categories": "missing_tags, older_than_five_years", "issue_ids": "[55, 6]", "osm_url": "https://www.openstreetmap.org/way/357012723", "josm_url": "http://127.0.0.1:8111/load_object?new_layer=false&objects=w357012723", "id_url": "https://www.openstreetmap.org/edit?editor=id&way=357012723#map=20/-25.4143256/-49.3371528"}}, {"type": "Feature", "geometry": {"type": "Point", "coordinates": [-49.3340159, -25.4187534]}, "properties": {"id": 357013343, "feat_type": "way", "quality_categories": "missing_tags, older_than_five_years", "issue_ids": "[47, 6]", "osm_url": "https://www.openstreetmap.org/way/357013343", "josm_url": "http://127.0.0.1:8111/load_object?new_layer=false&objects=w357013343", "id_url": "https://www.openstreetmap.org/edit?editor=id&way=357013343#map=20/-25.4187534/-49.3340159"}}, {"type": "Feature", "geometry": {"type": "Point", "coordinates": [-49.2815344, -25.4540998]}, "properties": {"id": 357165480, "feat_type": "way", "quality_categories": "missing_tags, older_than_five_years", "issue_ids": "[175, 6]", "osm_url": "https://www.openstreetmap.org/way/357165480", "josm_url": "http://127.0.0.1:8111/load_object?new_layer=false&objects=w357165480", "id_url": "https://www.openstreetmap.org/edit?editor=id&way=357165480#map=20/-25.4540998/-49.2815344"}}, {"type": "Feature", "geometry": {"type": "Point", "coordinates": [-49.2938183, -25.4284192]}, "properties": {"id": 357251503, "feat_type": "way", "quality_categories": "missing_tags, older_than_five_years", "issue_ids": "[175, 6]", "osm_url": "https://www.openstreetmap.org/way/357251503", "josm_url": "http://127.0.0.1:8111/load_object?new_layer=false&objects=w357251503", "id_url": "https://www.openstreetmap.org/edit?editor=id&way=357251503#map=20/-25.4284192/-49.2938183"}}, {"type": "Feature", "geometry": {"type": "Point", "coordinates": [-49.2381264, -25.3950626]}, "properties": {"id": 357478220, "feat_type": "way", "quality_categories": "missing_tags, older_than_five_years", "issue_ids": "[176, 6]", "osm_url": "https://www.openstreetmap.org/way/357478220", "josm_url": "http://127.0.0.1:8111/load_object?new_layer=false&objects=w357478220", "id_url": "https://www.openstreetmap.org/edit?editor=id&way=357478220#map=20/-25.3950626/-49.2381264"}}, {"type": "Feature", "geometry": {"type": "Point", "coordinates": [-49.3335519, -25.410562]}, "properties": {"id": 357755716, "feat_type": "way", "quality_categories": "missing_tags, older_than_five_years", "issue_ids": "[59, 6]", "osm_url": "https://www.openstreetmap.org/way/357755716", "josm_url": "http://127.0.0.1:8111/load_object?new_layer=false&objects=w357755716", "id_url": "https://www.openstreetmap.org/edit?editor=id&way=357755716#map=20/-25.410562/-49.3335519"}}, {"type": "Feature", "geometry": {"type": "Point", "coordinates": [-49.3331455, -25.4103688]}, "properties": {"id": 357755717, "feat_type": "way", "quality_categories": "missing_tags, older_than_five_years", "issue_ids": "[55, 6]", "osm_url": "https://www.openstreetmap.org/way/357755717", "josm_url": "http://127.0.0.1:8111/load_object?new_layer=false&objects=w357755717", "id_url": "https://www.openstreetmap.org/edit?editor=id&way=357755717#map=20/-25.4103688/-49.3331455"}}, {"type": "Feature", "geometry": {"type": "Point", "coordinates": [-49.334153, -25.4097452]}, "properties": {"id": 357755719, "feat_type": "way", "quality_categories": "missing_tags, older_than_five_years", "issue_ids": "[59, 6]", "osm_url": "https://www.openstreetmap.org/way/357755719", "josm_url": "http://127.0.0.1:8111/load_object?new_layer=false&objects=w357755719", "id_url": "https://www.openstreetmap.org/edit?editor=id&way=357755719#map=20/-25.4097452/-49.334153"}}, {"type": "Feature", "geometry": {"type": "Point", "coordinates": [-49.3390437, -25.3964544]}, "properties": {"id": 357824086, "feat_type": "way", "quality_categories": "missing_tags, older_than_five_years", "issue_ids": "[177, 6]", "osm_url": "https://www.openstreetmap.org/way/357824086", "josm_url": "http://127.0.0.1:8111/load_object?new_layer=false&objects=w357824086", "id_url": "https://www.openstreetmap.org/edit?editor=id&way=357824086#map=20/-25.3964544/-49.3390437"}}, {"type": "Feature", "geometry": {"type": "Point", "coordinates": [-49.2689471, -25.4145476]}, "properties": {"id": 358385627, "feat_type": "way", "quality_categories": "missing_tags, older_than_five_years", "issue_ids": "[178, 6]", "osm_url": "https://www.openstreetmap.org/way/358385627", "josm_url": "http://127.0.0.1:8111/load_object?new_layer=false&objects=w358385627", "id_url": "https://www.openstreetmap.org/edit?editor=id&way=358385627#map=20/-25.4145476/-49.2689471"}}, {"type": "Feature", "geometry": {"type": "Point", "coordinates": [-49.2688221, -25.4145717]}, "properties": {"id": 358385629, "feat_type": "way", "quality_categories": "missing_tags, older_than_five_years", "issue_ids": "[178, 6]", "osm_url": "https://www.openstreetmap.org/way/358385629", "josm_url": "http://127.0.0.1:8111/load_object?new_layer=false&objects=w358385629", "id_url": "https://www.openstreetmap.org/edit?editor=id&way=358385629#map=20/-25.4145717/-49.2688221"}}, {"type": "Feature", "geometry": {"type": "Point", "coordinates": [-49.2692788, -25.4161593]}, "properties": {"id": 358385910, "feat_type": "way", "quality_categories": "missing_tags, older_than_five_years", "issue_ids": "[179, 6]", "osm_url": "https://www.openstreetmap.org/way/358385910", "josm_url": "http://127.0.0.1:8111/load_object?new_layer=false&objects=w358385910", "id_url": "https://www.openstreetmap.org/edit?editor=id&way=358385910#map=20/-25.4161593/-49.2692788"}}, {"type": "Feature", "geometry": {"type": "Point", "coordinates": [-49.2677751, -25.4101396]}, "properties": {"id": 358390394, "feat_type": "way", "quality_categories": "missing_tags, older_than_five_years", "issue_ids": "[180, 6]", "osm_url": "https://www.openstreetmap.org/way/358390394", "josm_url": "http://127.0.0.1:8111/load_object?new_layer=false&objects=w358390394", "id_url": "https://www.openstreetmap.org/edit?editor=id&way=358390394#map=20/-25.4101396/-49.2677751"}}, {"type": "Feature", "geometry": {"type": "Point", "coordinates": [-49.2706168, -25.408848]}, "properties": {"id": 358399372, "feat_type": "way", "quality_categories": "missing_tags, older_than_five_years", "issue_ids": "[103, 6]", "osm_url": "https://www.openstreetmap.org/way/358399372", "josm_url": "http://127.0.0.1:8111/load_object?new_layer=false&objects=w358399372", "id_url": "https://www.openstreetmap.org/edit?editor=id&way=358399372#map=20/-25.408848/-49.2706168"}}, {"type": "Feature", "geometry": {"type": "Point", "coordinates": [-49.2680018, -25.4206582]}, "properties": {"id": 359568363, "feat_type": "way", "quality_categories": "missing_tags, older_than_five_years", "issue_ids": "[181, 6]", "osm_url": "https://www.openstreetmap.org/way/359568363", "josm_url": "http://127.0.0.1:8111/load_object?new_layer=false&objects=w359568363", "id_url": "https://www.openstreetmap.org/edit?editor=id&way=359568363#map=20/-25.4206582/-49.2680018"}}, {"type": "Feature", "geometry": {"type": "Point", "coordinates": [-49.2683156, -25.4205291]}, "properties": {"id": 359569873, "feat_type": "way", "quality_categories": "missing_tags, older_than_five_years", "issue_ids": "[103, 6]", "osm_url": "https://www.openstreetmap.org/way/359569873", "josm_url": "http://127.0.0.1:8111/load_object?new_layer=false&objects=w359569873", "id_url": "https://www.openstreetmap.org/edit?editor=id&way=359569873#map=20/-25.4205291/-49.2683156"}}, {"type": "Feature", "geometry": {"type": "Point", "coordinates": [-49.2687526, -25.4568087]}, "properties": {"id": 359607186, "feat_type": "way", "quality_categories": "missing_tags, older_than_five_years", "issue_ids": "[109, 6]", "osm_url": "https://www.openstreetmap.org/way/359607186", "josm_url": "http://127.0.0.1:8111/load_object?new_layer=false&objects=w359607186", "id_url": "https://www.openstreetmap.org/edit?editor=id&way=359607186#map=20/-25.4568087/-49.2687526"}}, {"type": "Feature", "geometry": {"type": "Point", "coordinates": [-49.2672804, -25.4568455]}, "properties": {"id": 359607660, "feat_type": "way", "quality_categories": "missing_tags, older_than_five_years", "issue_ids": "[181, 6]", "osm_url": "https://www.openstreetmap.org/way/359607660", "josm_url": "http://127.0.0.1:8111/load_object?new_layer=false&objects=w359607660", "id_url": "https://www.openstreetmap.org/edit?editor=id&way=359607660#map=20/-25.4568455/-49.2672804"}}, {"type": "Feature", "geometry": {"type": "Point", "coordinates": [-49.2744056, -25.4377285]}, "properties": {"id": 359641751, "feat_type": "way", "quality_categories": "missing_tags, older_than_five_years", "issue_ids": "[181, 6]", "osm_url": "https://www.openstreetmap.org/way/359641751", "josm_url": "http://127.0.0.1:8111/load_object?new_layer=false&objects=w359641751", "id_url": "https://www.openstreetmap.org/edit?editor=id&way=359641751#map=20/-25.4377285/-49.2744056"}}, {"type": "Feature", "geometry": {"type": "Point", "coordinates": [-49.2485595, -25.4259838]}, "properties": {"id": 360749988, "feat_type": "way", "quality_categories": "missing_tags, older_than_five_years", "issue_ids": "[182, 6]", "osm_url": "https://www.openstreetmap.org/way/360749988", "josm_url": "http://127.0.0.1:8111/load_object?new_layer=false&objects=w360749988", "id_url": "https://www.openstreetmap.org/edit?editor=id&way=360749988#map=20/-25.4259838/-49.2485595"}}, {"type": "Feature", "geometry": {"type": "Point", "coordinates": [-49.3310762, -25.4116335]}, "properties": {"id": 361638780, "feat_type": "way", "quality_categories": "missing_tags, older_than_five_years", "issue_ids": "[55, 6]", "osm_url": "https://www.openstreetmap.org/way/361638780", "josm_url": "http://127.0.0.1:8111/load_object?new_layer=false&objects=w361638780", "id_url": "https://www.openstreetmap.org/edit?editor=id&way=361638780#map=20/-25.4116335/-49.3310762"}}, {"type": "Feature", "geometry": {"type": "Point", "coordinates": [-49.3272514, -25.4123142]}, "properties": {"id": 361638781, "feat_type": "way", "quality_categories": "missing_tags, older_than_five_years", "issue_ids": "[55, 6]", "osm_url": "https://www.openstreetmap.org/way/361638781", "josm_url": "http://127.0.0.1:8111/load_object?new_layer=false&objects=w361638781", "id_url": "https://www.openstreetmap.org/edit?editor=id&way=361638781#map=20/-25.4123142/-49.3272514"}}, {"type": "Feature", "geometry": {"type": "Point", "coordinates": [-49.3249588, -25.4129587]}, "properties": {"id": 361638782, "feat_type": "way", "quality_categories": "missing_tags, older_than_five_years", "issue_ids": "[158, 6]", "osm_url": "https://www.openstreetmap.org/way/361638782", "josm_url": "http://127.0.0.1:8111/load_object?new_layer=false&objects=w361638782", "id_url": "https://www.openstreetmap.org/edit?editor=id&way=361638782#map=20/-25.4129587/-49.3249588"}}, {"type": "Feature", "geometry": {"type": "Point", "coordinates": [-49.2590952, -25.443299]}, "properties": {"id": 371046155, "feat_type": "way", "quality_categories": "missing_tags, older_than_five_years", "issue_ids": "[107, 6]", "osm_url": "https://www.openstreetmap.org/way/371046155", "josm_url": "http://127.0.0.1:8111/load_object?new_layer=false&objects=w371046155", "id_url": "https://www.openstreetmap.org/edit?editor=id&way=371046155#map=20/-25.443299/-49.2590952"}}, {"type": "Feature", "geometry": {"type": "Point", "coordinates": [-49.289732, -25.3814961]}, "properties": {"id": 373839717, "feat_type": "way", "quality_categories": "missing_tags, older_than_five_years", "issue_ids": "[54, 6]", "osm_url": "https://www.openstreetmap.org/way/373839717", "josm_url": "http://127.0.0.1:8111/load_object?new_layer=false&objects=w373839717", "id_url": "https://www.openstreetmap.org/edit?editor=id&way=373839717#map=20/-25.3814961/-49.289732"}}, {"type": "Feature", "geometry": {"type": "Point", "coordinates": [-49.3072175, -25.4221141]}, "properties": {"id": 375708767, "feat_type": "way", "quality_categories": "older_than_five_years", "issue_ids": "[156]", "osm_url": "https://www.openstreetmap.org/way/375708767", "josm_url": "http://127.0.0.1:8111/load_object?new_layer=false&objects=w375708767", "id_url": "https://www.openstreetmap.org/edit?editor=id&way=375708767#map=20/-25.4221141/-49.3072175"}}, {"type": "Feature", "geometry": {"type": "Point", "coordinates": [-49.306925, -25.4218569]}, "properties": {"id": 375708769, "feat_type": "way", "quality_categories": "older_than_five_years", "issue_ids": "[183]", "osm_url": "https://www.openstreetmap.org/way/375708769", "josm_url": "http://127.0.0.1:8111/load_object?new_layer=false&objects=w375708769", "id_url": "https://www.openstreetmap.org/edit?editor=id&way=375708769#map=20/-25.4218569/-49.306925"}}, {"type": "Feature", "geometry": {"type": "Point", "coordinates": [-49.2868367, -25.5384958]}, "properties": {"id": 377365639, "feat_type": "way", "quality_categories": "missing_tags, older_than_five_years", "issue_ids": "[39, 6]", "osm_url": "https://www.openstreetmap.org/way/377365639", "josm_url": "http://127.0.0.1:8111/load_object?new_layer=false&objects=w377365639", "id_url": "https://www.openstreetmap.org/edit?editor=id&way=377365639#map=20/-25.5384958/-49.2868367"}}, {"type": "Feature", "geometry": {"type": "Point", "coordinates": [-49.3136474, -25.5368845]}, "properties": {"id": 377444597, "feat_type": "way", "quality_categories": "missing_tags, older_than_five_years", "issue_ids": "[184, 6]", "osm_url": "https://www.openstreetmap.org/way/377444597", "josm_url": "http://127.0.0.1:8111/load_object?new_layer=false&objects=w377444597", "id_url": "https://www.openstreetmap.org/edit?editor=id&way=377444597#map=20/-25.5368845/-49.3136474"}}, {"type": "Feature", "geometry": {"type": "Point", "coordinates": [-49.314477, -25.5375609]}, "properties": {"id": 377444598, "feat_type": "way", "quality_categories": "missing_tags, older_than_five_years", "issue_ids": "[184, 6]", "osm_url": "https://www.openstreetmap.org/way/377444598", "josm_url": "http://127.0.0.1:8111/load_object?new_layer=false&objects=w377444598", "id_url": "https://www.openstreetmap.org/edit?editor=id&way=377444598#map=20/-25.5375609/-49.314477"}}, {"type": "Feature", "geometry": {"type": "Point", "coordinates": [-49.3142259, -25.5361951]}, "properties": {"id": 377444599, "feat_type": "way", "quality_categories": "missing_tags, older_than_five_years", "issue_ids": "[184, 6]", "osm_url": "https://www.openstreetmap.org/way/377444599", "josm_url": "http://127.0.0.1:8111/load_object?new_layer=false&objects=w377444599", "id_url": "https://www.openstreetmap.org/edit?editor=id&way=377444599#map=20/-25.5361951/-49.3142259"}}, {"type": "Feature", "geometry": {"type": "Point", "coordinates": [-49.2952115, -25.4024269]}, "properties": {"id": 377869393, "feat_type": "way", "quality_categories": "older_than_five_years", "issue_ids": "[15]", "osm_url": "https://www.openstreetmap.org/way/377869393", "josm_url": "http://127.0.0.1:8111/load_object?new_layer=false&objects=w377869393", "id_url": "https://www.openstreetmap.org/edit?editor=id&way=377869393#map=20/-25.4024269/-49.2952115"}}, {"type": "Feature", "geometry": {"type": "Point", "coordinates": [-49.2947887, -25.4020601]}, "properties": {"id": 377869395, "feat_type": "way", "quality_categories": "older_than_five_years", "issue_ids": "[38]", "osm_url": "https://www.openstreetmap.org/way/377869395", "josm_url": "http://127.0.0.1:8111/load_object?new_layer=false&objects=w377869395", "id_url": "https://www.openstreetmap.org/edit?editor=id&way=377869395#map=20/-25.4020601/-49.2947887"}}, {"type": "Feature", "geometry": {"type": "Point", "coordinates": [-49.2850768, -25.3801904]}, "properties": {"id": 387497941, "feat_type": "way", "quality_categories": "older_than_five_years", "issue_ids": "[66]", "osm_url": "https://www.openstreetmap.org/way/387497941", "josm_url": "http://127.0.0.1:8111/load_object?new_layer=false&objects=w387497941", "id_url": "https://www.openstreetmap.org/edit?editor=id&way=387497941#map=20/-25.3801904/-49.2850768"}}, {"type": "Feature", "geometry": {"type": "Point", "coordinates": [-49.2665872, -25.5411625]}, "properties": {"id": 390169254, "feat_type": "way", "quality_categories": "missing_tags, older_than_five_years", "issue_ids": "[185, 6]", "osm_url": "https://www.openstreetmap.org/way/390169254", "josm_url": "http://127.0.0.1:8111/load_object?new_layer=false&objects=w390169254", "id_url": "https://www.openstreetmap.org/edit?editor=id&way=390169254#map=20/-25.5411625/-49.2665872"}}, {"type": "Feature", "geometry": {"type": "Point", "coordinates": [-49.2937593, -25.5296997]}, "properties": {"id": 390169282, "feat_type": "way", "quality_categories": "missing_tags, older_than_five_years", "issue_ids": "[186, 6]", "osm_url": "https://www.openstreetmap.org/way/390169282", "josm_url": "http://127.0.0.1:8111/load_object?new_layer=false&objects=w390169282", "id_url": "https://www.openstreetmap.org/edit?editor=id&way=390169282#map=20/-25.5296997/-49.2937593"}}, {"type": "Feature", "geometry": {"type": "Point", "coordinates": [-49.2933866, -25.5300458]}, "properties": {"id": 390169283, "feat_type": "way", "quality_categories": "missing_tags, older_than_five_years", "issue_ids": "[186, 6]", "osm_url": "https://www.openstreetmap.org/way/390169283", "josm_url": "http://127.0.0.1:8111/load_object?new_layer=false&objects=w390169283", "id_url": "https://www.openstreetmap.org/edit?editor=id&way=390169283#map=20/-25.5300458/-49.2933866"}}, {"type": "Feature", "geometry": {"type": "Point", "coordinates": [-49.2933866, -25.5300458]}, "properties": {"id": 390169284, "feat_type": "way", "quality_categories": "missing_tags, older_than_five_years", "issue_ids": "[186, 6]", "osm_url": "https://www.openstreetmap.org/way/390169284", "josm_url": "http://127.0.0.1:8111/load_object?new_layer=false&objects=w390169284", "id_url": "https://www.openstreetmap.org/edit?editor=id&way=390169284#map=20/-25.5300458/-49.2933866"}}, {"type": "Feature", "geometry": {"type": "Point", "coordinates": [-49.292384, -25.5314569]}, "properties": {"id": 390169285, "feat_type": "way", "quality_categories": "missing_tags, older_than_five_years", "issue_ids": "[187, 6]", "osm_url": "https://www.openstreetmap.org/way/390169285", "josm_url": "http://127.0.0.1:8111/load_object?new_layer=false&objects=w390169285", "id_url": "https://www.openstreetmap.org/edit?editor=id&way=390169285#map=20/-25.5314569/-49.292384"}}, {"type": "Feature", "geometry": {"type": "Point", "coordinates": [-49.2929862, -25.5317183]}, "properties": {"id": 390169286, "feat_type": "way", "quality_categories": "missing_tags, older_than_five_years", "issue_ids": "[188, 6]", "osm_url": "https://www.openstreetmap.org/way/390169286", "josm_url": "http://127.0.0.1:8111/load_object?new_layer=false&objects=w390169286", "id_url": "https://www.openstreetmap.org/edit?editor=id&way=390169286#map=20/-25.5317183/-49.2929862"}}, {"type": "Feature", "geometry": {"type": "Point", "coordinates": [-49.292384, -25.5314569]}, "properties": {"id": 390169287, "feat_type": "way", "quality_categories": "missing_tags, older_than_five_years", "issue_ids": "[188, 6]", "osm_url": "https://www.openstreetmap.org/way/390169287", "josm_url": "http://127.0.0.1:8111/load_object?new_layer=false&objects=w390169287", "id_url": "https://www.openstreetmap.org/edit?editor=id&way=390169287#map=20/-25.5314569/-49.292384"}}, {"type": "Feature", "geometry": {"type": "Point", "coordinates": [-49.26758, -25.5581329]}, "properties": {"id": 390169307, "feat_type": "way", "quality_categories": "missing_tags, older_than_five_years", "issue_ids": "[189, 6]", "osm_url": "https://www.openstreetmap.org/way/390169307", "josm_url": "http://127.0.0.1:8111/load_object?new_layer=false&objects=w390169307", "id_url": "https://www.openstreetmap.org/edit?editor=id&way=390169307#map=20/-25.5581329/-49.26758"}}, {"type": "Feature", "geometry": {"type": "Point", "coordinates": [-49.2683232, -25.5584841]}, "properties": {"id": 390169308, "feat_type": "way", "quality_categories": "missing_tags, older_than_five_years", "issue_ids": "[190, 6]", "osm_url": "https://www.openstreetmap.org/way/390169308", "josm_url": "http://127.0.0.1:8111/load_object?new_layer=false&objects=w390169308", "id_url": "https://www.openstreetmap.org/edit?editor=id&way=390169308#map=20/-25.5584841/-49.2683232"}}, {"type": "Feature", "geometry": {"type": "Point", "coordinates": [-49.255682, -25.5091016]}, "properties": {"id": 390174028, "feat_type": "way", "quality_categories": "missing_tags, older_than_five_years", "issue_ids": "[38, 6]", "osm_url": "https://www.openstreetmap.org/way/390174028", "josm_url": "http://127.0.0.1:8111/load_object?new_layer=false&objects=w390174028", "id_url": "https://www.openstreetmap.org/edit?editor=id&way=390174028#map=20/-25.5091016/-49.255682"}}, {"type": "Feature", "geometry": {"type": "Point", "coordinates": [-49.2553806, -25.5086574]}, "properties": {"id": 390174029, "feat_type": "way", "quality_categories": "missing_tags, older_than_five_years", "issue_ids": "[159, 6]", "osm_url": "https://www.openstreetmap.org/way/390174029", "josm_url": "http://127.0.0.1:8111/load_object?new_layer=false&objects=w390174029", "id_url": "https://www.openstreetmap.org/edit?editor=id&way=390174029#map=20/-25.5086574/-49.2553806"}}, {"type": "Feature", "geometry": {"type": "Point", "coordinates": [-49.259768, -25.5097988]}, "properties": {"id": 390175123, "feat_type": "way", "quality_categories": "missing_tags, older_than_five_years", "issue_ids": "[159, 6]", "osm_url": "https://www.openstreetmap.org/way/390175123", "josm_url": "http://127.0.0.1:8111/load_object?new_layer=false&objects=w390175123", "id_url": "https://www.openstreetmap.org/edit?editor=id&way=390175123#map=20/-25.5097988/-49.259768"}}, {"type": "Feature", "geometry": {"type": "Point", "coordinates": [-49.265517, -25.5114267]}, "properties": {"id": 390175214, "feat_type": "way", "quality_categories": "missing_tags, older_than_five_years", "issue_ids": "[191, 6]", "osm_url": "https://www.openstreetmap.org/way/390175214", "josm_url": "http://127.0.0.1:8111/load_object?new_layer=false&objects=w390175214", "id_url": "https://www.openstreetmap.org/edit?editor=id&way=390175214#map=20/-25.5114267/-49.265517"}}, {"type": "Feature", "geometry": {"type": "Point", "coordinates": [-49.2711617, -25.5127769]}, "properties": {"id": 390175215, "feat_type": "way", "quality_categories": "missing_tags, older_than_five_years", "issue_ids": "[159, 6]", "osm_url": "https://www.openstreetmap.org/way/390175215", "josm_url": "http://127.0.0.1:8111/load_object?new_layer=false&objects=w390175215", "id_url": "https://www.openstreetmap.org/edit?editor=id&way=390175215#map=20/-25.5127769/-49.2711617"}}, {"type": "Feature", "geometry": {"type": "Point", "coordinates": [-49.3029591, -25.5275835]}, "properties": {"id": 390226766, "feat_type": "way", "quality_categories": "missing_tags, older_than_five_years", "issue_ids": "[192, 6]", "osm_url": "https://www.openstreetmap.org/way/390226766", "josm_url": "http://127.0.0.1:8111/load_object?new_layer=false&objects=w390226766", "id_url": "https://www.openstreetmap.org/edit?editor=id&way=390226766#map=20/-25.5275835/-49.3029591"}}, {"type": "Feature", "geometry": {"type": "Point", "coordinates": [-49.2978625, -25.5123619]}, "properties": {"id": 390226767, "feat_type": "way", "quality_categories": "missing_tags, older_than_five_years", "issue_ids": "[191, 6]", "osm_url": "https://www.openstreetmap.org/way/390226767", "josm_url": "http://127.0.0.1:8111/load_object?new_layer=false&objects=w390226767", "id_url": "https://www.openstreetmap.org/edit?editor=id&way=390226767#map=20/-25.5123619/-49.2978625"}}, {"type": "Feature", "geometry": {"type": "Point", "coordinates": [-49.2977284, -25.5122546]}, "properties": {"id": 390226768, "feat_type": "way", "quality_categories": "missing_tags, older_than_five_years", "issue_ids": "[193, 6]", "osm_url": "https://www.openstreetmap.org/way/390226768", "josm_url": "http://127.0.0.1:8111/load_object?new_layer=false&objects=w390226768", "id_url": "https://www.openstreetmap.org/edit?editor=id&way=390226768#map=20/-25.5122546/-49.2977284"}}, {"type": "Feature", "geometry": {"type": "Point", "coordinates": [-49.3013406, -25.4814839]}, "properties": {"id": 390226784, "feat_type": "way", "quality_categories": "missing_tags, older_than_five_years", "issue_ids": "[194, 6]", "osm_url": "https://www.openstreetmap.org/way/390226784", "josm_url": "http://127.0.0.1:8111/load_object?new_layer=false&objects=w390226784", "id_url": "https://www.openstreetmap.org/edit?editor=id&way=390226784#map=20/-25.4814839/-49.3013406"}}, {"type": "Feature", "geometry": {"type": "Point", "coordinates": [-49.3013594, -25.4818386]}, "properties": {"id": 390226785, "feat_type": "way", "quality_categories": "missing_tags, older_than_five_years", "issue_ids": "[194, 6]", "osm_url": "https://www.openstreetmap.org/way/390226785", "josm_url": "http://127.0.0.1:8111/load_object?new_layer=false&objects=w390226785", "id_url": "https://www.openstreetmap.org/edit?editor=id&way=390226785#map=20/-25.4818386/-49.3013594"}}, {"type": "Feature", "geometry": {"type": "Point", "coordinates": [-49.3013446, -25.4811267]}, "properties": {"id": 390226786, "feat_type": "way", "quality_categories": "missing_tags, older_than_five_years", "issue_ids": "[194, 6]", "osm_url": "https://www.openstreetmap.org/way/390226786", "josm_url": "http://127.0.0.1:8111/load_object?new_layer=false&objects=w390226786", "id_url": "https://www.openstreetmap.org/edit?editor=id&way=390226786#map=20/-25.4811267/-49.3013446"}}, {"type": "Feature", "geometry": {"type": "Point", "coordinates": [-49.3006472, -25.4807369]}, "properties": {"id": 390226787, "feat_type": "way", "quality_categories": "missing_tags, older_than_five_years", "issue_ids": "[110, 6]", "osm_url": "https://www.openstreetmap.org/way/390226787", "josm_url": "http://127.0.0.1:8111/load_object?new_layer=false&objects=w390226787", "id_url": "https://www.openstreetmap.org/edit?editor=id&way=390226787#map=20/-25.4807369/-49.3006472"}}, {"type": "Feature", "geometry": {"type": "Point", "coordinates": [-49.3016303, -25.4812284]}, "properties": {"id": 390226789, "feat_type": "way", "quality_categories": "missing_tags, older_than_five_years", "issue_ids": "[194, 6]", "osm_url": "https://www.openstreetmap.org/way/390226789", "josm_url": "http://127.0.0.1:8111/load_object?new_layer=false&objects=w390226789", "id_url": "https://www.openstreetmap.org/edit?editor=id&way=390226789#map=20/-25.4812284/-49.3016303"}}, {"type": "Feature", "geometry": {"type": "Point", "coordinates": [-49.3015994, -25.481703]}, "properties": {"id": 390226790, "feat_type": "way", "quality_categories": "missing_tags, older_than_five_years", "issue_ids": "[194, 6]", "osm_url": "https://www.openstreetmap.org/way/390226790", "josm_url": "http://127.0.0.1:8111/load_object?new_layer=false&objects=w390226790", "id_url": "https://www.openstreetmap.org/edit?editor=id&way=390226790#map=20/-25.481703/-49.3015994"}}, {"type": "Feature", "geometry": {"type": "Point", "coordinates": [-49.3191807, -25.4978217]}, "properties": {"id": 390237209, "feat_type": "way", "quality_categories": "older_than_five_years", "issue_ids": "[195]", "osm_url": "https://www.openstreetmap.org/way/390237209", "josm_url": "http://127.0.0.1:8111/load_object?new_layer=false&objects=w390237209", "id_url": "https://www.openstreetmap.org/edit?editor=id&way=390237209#map=20/-25.4978217/-49.3191807"}}, {"type": "Feature", "geometry": {"type": "Point", "coordinates": [-49.2335252, -25.4836674]}, "properties": {"id": 390278175, "feat_type": "way", "quality_categories": "missing_tags, older_than_five_years", "issue_ids": "[110, 6]", "osm_url": "https://www.openstreetmap.org/way/390278175", "josm_url": "http://127.0.0.1:8111/load_object?new_layer=false&objects=w390278175", "id_url": "https://www.openstreetmap.org/edit?editor=id&way=390278175#map=20/-25.4836674/-49.2335252"}}, {"type": "Feature", "geometry": {"type": "Point", "coordinates": [-49.2093022, -25.4961746]}, "properties": {"id": 390282188, "feat_type": "way", "quality_categories": "missing_tags, older_than_five_years", "issue_ids": "[196, 6]", "osm_url": "https://www.openstreetmap.org/way/390282188", "josm_url": "http://127.0.0.1:8111/load_object?new_layer=false&objects=w390282188", "id_url": "https://www.openstreetmap.org/edit?editor=id&way=390282188#map=20/-25.4961746/-49.2093022"}}, {"type": "Feature", "geometry": {"type": "Point", "coordinates": [-49.200469, -25.4951182]}, "properties": {"id": 390286329, "feat_type": "way", "quality_categories": "missing_tags, older_than_five_years", "issue_ids": "[67, 6]", "osm_url": "https://www.openstreetmap.org/way/390286329", "josm_url": "http://127.0.0.1:8111/load_object?new_layer=false&objects=w390286329", "id_url": "https://www.openstreetmap.org/edit?editor=id&way=390286329#map=20/-25.4951182/-49.200469"}}, {"type": "Feature", "geometry": {"type": "Point", "coordinates": [-49.208802, -25.4965572]}, "properties": {"id": 390286335, "feat_type": "way", "quality_categories": "missing_tags, older_than_five_years", "issue_ids": "[197, 6]", "osm_url": "https://www.openstreetmap.org/way/390286335", "josm_url": "http://127.0.0.1:8111/load_object?new_layer=false&objects=w390286335", "id_url": "https://www.openstreetmap.org/edit?editor=id&way=390286335#map=20/-25.4965572/-49.208802"}}, {"type": "Feature", "geometry": {"type": "Point", "coordinates": [-49.208942, -25.4969164]}, "properties": {"id": 390286336, "feat_type": "way", "quality_categories": "missing_tags, older_than_five_years", "issue_ids": "[197, 6]", "osm_url": "https://www.openstreetmap.org/way/390286336", "josm_url": "http://127.0.0.1:8111/load_object?new_layer=false&objects=w390286336", "id_url": "https://www.openstreetmap.org/edit?editor=id&way=390286336#map=20/-25.4969164/-49.208942"}}, {"type": "Feature", "geometry": {"type": "Point", "coordinates": [-49.2090752, -25.4972574]}, "properties": {"id": 390286337, "feat_type": "way", "quality_categories": "missing_tags, older_than_five_years", "issue_ids": "[197, 6]", "osm_url": "https://www.openstreetmap.org/way/390286337", "josm_url": "http://127.0.0.1:8111/load_object?new_layer=false&objects=w390286337", "id_url": "https://www.openstreetmap.org/edit?editor=id&way=390286337#map=20/-25.4972574/-49.2090752"}}, {"type": "Feature", "geometry": {"type": "Point", "coordinates": [-49.2182043, -25.4520326]}, "properties": {"id": 390289253, "feat_type": "way", "quality_categories": "missing_tags, older_than_five_years", "issue_ids": "[110, 6]", "osm_url": "https://www.openstreetmap.org/way/390289253", "josm_url": "http://127.0.0.1:8111/load_object?new_layer=false&objects=w390289253", "id_url": "https://www.openstreetmap.org/edit?editor=id&way=390289253#map=20/-25.4520326/-49.2182043"}}, {"type": "Feature", "geometry": {"type": "Point", "coordinates": [-49.2175257, -25.452233]}, "properties": {"id": 390289258, "feat_type": "way", "quality_categories": "missing_tags, older_than_five_years", "issue_ids": "[189, 6]", "osm_url": "https://www.openstreetmap.org/way/390289258", "josm_url": "http://127.0.0.1:8111/load_object?new_layer=false&objects=w390289258", "id_url": "https://www.openstreetmap.org/edit?editor=id&way=390289258#map=20/-25.452233/-49.2175257"}}, {"type": "Feature", "geometry": {"type": "Point", "coordinates": [-49.3007947, -25.4735968]}, "properties": {"id": 390309919, "feat_type": "way", "quality_categories": "missing_tags, older_than_five_years", "issue_ids": "[110, 6]", "osm_url": "https://www.openstreetmap.org/way/390309919", "josm_url": "http://127.0.0.1:8111/load_object?new_layer=false&objects=w390309919", "id_url": "https://www.openstreetmap.org/edit?editor=id&way=390309919#map=20/-25.4735968/-49.3007947"}}, {"type": "Feature", "geometry": {"type": "Point", "coordinates": [-49.3007475, -25.472868]}, "properties": {"id": 390309920, "feat_type": "way", "quality_categories": "missing_tags, older_than_five_years", "issue_ids": "[198, 6]", "osm_url": "https://www.openstreetmap.org/way/390309920", "josm_url": "http://127.0.0.1:8111/load_object?new_layer=false&objects=w390309920", "id_url": "https://www.openstreetmap.org/edit?editor=id&way=390309920#map=20/-25.472868/-49.3007475"}}, {"type": "Feature", "geometry": {"type": "Point", "coordinates": [-49.3001865, -25.4727958]}, "properties": {"id": 390309922, "feat_type": "way", "quality_categories": "missing_tags, older_than_five_years", "issue_ids": "[198, 6]", "osm_url": "https://www.openstreetmap.org/way/390309922", "josm_url": "http://127.0.0.1:8111/load_object?new_layer=false&objects=w390309922", "id_url": "https://www.openstreetmap.org/edit?editor=id&way=390309922#map=20/-25.4727958/-49.3001865"}}, {"type": "Feature", "geometry": {"type": "Point", "coordinates": [-49.3005427, -25.4740488]}, "properties": {"id": 390309923, "feat_type": "way", "quality_categories": "missing_tags, older_than_five_years", "issue_ids": "[110, 6]", "osm_url": "https://www.openstreetmap.org/way/390309923", "josm_url": "http://127.0.0.1:8111/load_object?new_layer=false&objects=w390309923", "id_url": "https://www.openstreetmap.org/edit?editor=id&way=390309923#map=20/-25.4740488/-49.3005427"}}, {"type": "Feature", "geometry": {"type": "Point", "coordinates": [-49.3004947, -25.4743466]}, "properties": {"id": 390309924, "feat_type": "way", "quality_categories": "missing_tags, older_than_five_years", "issue_ids": "[110, 6]", "osm_url": "https://www.openstreetmap.org/way/390309924", "josm_url": "http://127.0.0.1:8111/load_object?new_layer=false&objects=w390309924", "id_url": "https://www.openstreetmap.org/edit?editor=id&way=390309924#map=20/-25.4743466/-49.3004947"}}, {"type": "Feature", "geometry": {"type": "Point", "coordinates": [-49.3004459, -25.4746266]}, "properties": {"id": 390309926, "feat_type": "way", "quality_categories": "missing_tags, older_than_five_years", "issue_ids": "[110, 6]", "osm_url": "https://www.openstreetmap.org/way/390309926", "josm_url": "http://127.0.0.1:8111/load_object?new_layer=false&objects=w390309926", "id_url": "https://www.openstreetmap.org/edit?editor=id&way=390309926#map=20/-25.4746266/-49.3004459"}}, {"type": "Feature", "geometry": {"type": "Point", "coordinates": [-49.3010866, -25.4748619]}, "properties": {"id": 390309927, "feat_type": "way", "quality_categories": "missing_tags, older_than_five_years", "issue_ids": "[199, 6]", "osm_url": "https://www.openstreetmap.org/way/390309927", "josm_url": "http://127.0.0.1:8111/load_object?new_layer=false&objects=w390309927", "id_url": "https://www.openstreetmap.org/edit?editor=id&way=390309927#map=20/-25.4748619/-49.3010866"}}, {"type": "Feature", "geometry": {"type": "Point", "coordinates": [-49.3058622, -25.4728088]}, "properties": {"id": 390309952, "feat_type": "way", "quality_categories": "missing_tags, older_than_five_years", "issue_ids": "[110, 6]", "osm_url": "https://www.openstreetmap.org/way/390309952", "josm_url": "http://127.0.0.1:8111/load_object?new_layer=false&objects=w390309952", "id_url": "https://www.openstreetmap.org/edit?editor=id&way=390309952#map=20/-25.4728088/-49.3058622"}}, {"type": "Feature", "geometry": {"type": "Point", "coordinates": [-49.3057421, -25.4727796]}, "properties": {"id": 390309954, "feat_type": "way", "quality_categories": "missing_tags, older_than_five_years", "issue_ids": "[194, 6]", "osm_url": "https://www.openstreetmap.org/way/390309954", "josm_url": "http://127.0.0.1:8111/load_object?new_layer=false&objects=w390309954", "id_url": "https://www.openstreetmap.org/edit?editor=id&way=390309954#map=20/-25.4727796/-49.3057421"}}, {"type": "Feature", "geometry": {"type": "Point", "coordinates": [-49.3064974, -25.4724471]}, "properties": {"id": 390309955, "feat_type": "way", "quality_categories": "missing_tags, older_than_five_years", "issue_ids": "[194, 6]", "osm_url": "https://www.openstreetmap.org/way/390309955", "josm_url": "http://127.0.0.1:8111/load_object?new_layer=false&objects=w390309955", "id_url": "https://www.openstreetmap.org/edit?editor=id&way=390309955#map=20/-25.4724471/-49.3064974"}}, {"type": "Feature", "geometry": {"type": "Point", "coordinates": [-49.3075504, -25.4718929]}, "properties": {"id": 390309961, "feat_type": "way", "quality_categories": "missing_tags, older_than_five_years", "issue_ids": "[199, 6]", "osm_url": "https://www.openstreetmap.org/way/390309961", "josm_url": "http://127.0.0.1:8111/load_object?new_layer=false&objects=w390309961", "id_url": "https://www.openstreetmap.org/edit?editor=id&way=390309961#map=20/-25.4718929/-49.3075504"}}, {"type": "Feature", "geometry": {"type": "Point", "coordinates": [-49.3068511, -25.4710907]}, "properties": {"id": 390309962, "feat_type": "way", "quality_categories": "missing_tags, older_than_five_years", "issue_ids": "[200, 6]", "osm_url": "https://www.openstreetmap.org/way/390309962", "josm_url": "http://127.0.0.1:8111/load_object?new_layer=false&objects=w390309962", "id_url": "https://www.openstreetmap.org/edit?editor=id&way=390309962#map=20/-25.4710907/-49.3068511"}}, {"type": "Feature", "geometry": {"type": "Point", "coordinates": [-49.307404, -25.471001]}, "properties": {"id": 390309964, "feat_type": "way", "quality_categories": "missing_tags, older_than_five_years", "issue_ids": "[200, 6]", "osm_url": "https://www.openstreetmap.org/way/390309964", "josm_url": "http://127.0.0.1:8111/load_object?new_layer=false&objects=w390309964", "id_url": "https://www.openstreetmap.org/edit?editor=id&way=390309964#map=20/-25.471001/-49.307404"}}, {"type": "Feature", "geometry": {"type": "Point", "coordinates": [-49.3069227, -25.4715366]}, "properties": {"id": 390309965, "feat_type": "way", "quality_categories": "missing_tags, older_than_five_years", "issue_ids": "[200, 6]", "osm_url": "https://www.openstreetmap.org/way/390309965", "josm_url": "http://127.0.0.1:8111/load_object?new_layer=false&objects=w390309965", "id_url": "https://www.openstreetmap.org/edit?editor=id&way=390309965#map=20/-25.4715366/-49.3069227"}}, {"type": "Feature", "geometry": {"type": "Point", "coordinates": [-49.3191077, -25.4670185]}, "properties": {"id": 390318563, "feat_type": "way", "quality_categories": "missing_tags, older_than_five_years", "issue_ids": "[126, 6]", "osm_url": "https://www.openstreetmap.org/way/390318563", "josm_url": "http://127.0.0.1:8111/load_object?new_layer=false&objects=w390318563", "id_url": "https://www.openstreetmap.org/edit?editor=id&way=390318563#map=20/-25.4670185/-49.3191077"}}, {"type": "Feature", "geometry": {"type": "Point", "coordinates": [-49.3184608, -25.4677027]}, "properties": {"id": 390318564, "feat_type": "way", "quality_categories": "missing_tags, older_than_five_years", "issue_ids": "[201, 6]", "osm_url": "https://www.openstreetmap.org/way/390318564", "josm_url": "http://127.0.0.1:8111/load_object?new_layer=false&objects=w390318564", "id_url": "https://www.openstreetmap.org/edit?editor=id&way=390318564#map=20/-25.4677027/-49.3184608"}}, {"type": "Feature", "geometry": {"type": "Point", "coordinates": [-49.3181044, -25.4676006]}, "properties": {"id": 390318565, "feat_type": "way", "quality_categories": "missing_tags, older_than_five_years", "issue_ids": "[126, 6]", "osm_url": "https://www.openstreetmap.org/way/390318565", "josm_url": "http://127.0.0.1:8111/load_object?new_layer=false&objects=w390318565", "id_url": "https://www.openstreetmap.org/edit?editor=id&way=390318565#map=20/-25.4676006/-49.3181044"}}, {"type": "Feature", "geometry": {"type": "Point", "coordinates": [-49.3129431, -25.4698193]}, "properties": {"id": 390318569, "feat_type": "way", "quality_categories": "missing_tags, older_than_five_years", "issue_ids": "[110, 6]", "osm_url": "https://www.openstreetmap.org/way/390318569", "josm_url": "http://127.0.0.1:8111/load_object?new_layer=false&objects=w390318569", "id_url": "https://www.openstreetmap.org/edit?editor=id&way=390318569#map=20/-25.4698193/-49.3129431"}}, {"type": "Feature", "geometry": {"type": "Point", "coordinates": [-49.3124463, -25.4649356]}, "properties": {"id": 390318580, "feat_type": "way", "quality_categories": "missing_tags, older_than_five_years", "issue_ids": "[123, 6]", "osm_url": "https://www.openstreetmap.org/way/390318580", "josm_url": "http://127.0.0.1:8111/load_object?new_layer=false&objects=w390318580", "id_url": "https://www.openstreetmap.org/edit?editor=id&way=390318580#map=20/-25.4649356/-49.3124463"}}, {"type": "Feature", "geometry": {"type": "Point", "coordinates": [-49.3118052, -25.4521631]}, "properties": {"id": 390318598, "feat_type": "way", "quality_categories": "missing_tags, older_than_five_years", "issue_ids": "[202, 6]", "osm_url": "https://www.openstreetmap.org/way/390318598", "josm_url": "http://127.0.0.1:8111/load_object?new_layer=false&objects=w390318598", "id_url": "https://www.openstreetmap.org/edit?editor=id&way=390318598#map=20/-25.4521631/-49.3118052"}}, {"type": "Feature", "geometry": {"type": "Point", "coordinates": [-49.3115246, -25.4528943]}, "properties": {"id": 390318599, "feat_type": "way", "quality_categories": "missing_tags, older_than_five_years", "issue_ids": "[202, 6]", "osm_url": "https://www.openstreetmap.org/way/390318599", "josm_url": "http://127.0.0.1:8111/load_object?new_layer=false&objects=w390318599", "id_url": "https://www.openstreetmap.org/edit?editor=id&way=390318599#map=20/-25.4528943/-49.3115246"}}, {"type": "Feature", "geometry": {"type": "Point", "coordinates": [-49.307735, -25.4425589]}, "properties": {"id": 390324231, "feat_type": "way", "quality_categories": "missing_tags, older_than_five_years", "issue_ids": "[94, 6]", "osm_url": "https://www.openstreetmap.org/way/390324231", "josm_url": "http://127.0.0.1:8111/load_object?new_layer=false&objects=w390324231", "id_url": "https://www.openstreetmap.org/edit?editor=id&way=390324231#map=20/-25.4425589/-49.307735"}}, {"type": "Feature", "geometry": {"type": "Point", "coordinates": [-49.307735, -25.4425589]}, "properties": {"id": 390324232, "feat_type": "way", "quality_categories": "missing_tags, older_than_five_years", "issue_ids": "[203, 6]", "osm_url": "https://www.openstreetmap.org/way/390324232", "josm_url": "http://127.0.0.1:8111/load_object?new_layer=false&objects=w390324232", "id_url": "https://www.openstreetmap.org/edit?editor=id&way=390324232#map=20/-25.4425589/-49.307735"}}, {"type": "Feature", "geometry": {"type": "Point", "coordinates": [-49.3531687, -25.4158234]}, "properties": {"id": 390609139, "feat_type": "way", "quality_categories": "missing_tags, older_than_five_years", "issue_ids": "[54, 6]", "osm_url": "https://www.openstreetmap.org/way/390609139", "josm_url": "http://127.0.0.1:8111/load_object?new_layer=false&objects=w390609139", "id_url": "https://www.openstreetmap.org/edit?editor=id&way=390609139#map=20/-25.4158234/-49.3531687"}}, {"type": "Feature", "geometry": {"type": "Point", "coordinates": [-49.3563276, -25.4167377]}, "properties": {"id": 390609140, "feat_type": "way", "quality_categories": "missing_tags, older_than_five_years", "issue_ids": "[57, 6]", "osm_url": "https://www.openstreetmap.org/way/390609140", "josm_url": "http://127.0.0.1:8111/load_object?new_layer=false&objects=w390609140", "id_url": "https://www.openstreetmap.org/edit?editor=id&way=390609140#map=20/-25.4167377/-49.3563276"}}, {"type": "Feature", "geometry": {"type": "Point", "coordinates": [-49.3488925, -25.4243142]}, "properties": {"id": 390609149, "feat_type": "way", "quality_categories": "missing_tags, older_than_five_years", "issue_ids": "[44, 6]", "osm_url": "https://www.openstreetmap.org/way/390609149", "josm_url": "http://127.0.0.1:8111/load_object?new_layer=false&objects=w390609149", "id_url": "https://www.openstreetmap.org/edit?editor=id&way=390609149#map=20/-25.4243142/-49.3488925"}}, {"type": "Feature", "geometry": {"type": "Point", "coordinates": [-49.345977, -25.4188649]}, "properties": {"id": 390609156, "feat_type": "way", "quality_categories": "missing_tags, older_than_five_years", "issue_ids": "[204, 6]", "osm_url": "https://www.openstreetmap.org/way/390609156", "josm_url": "http://127.0.0.1:8111/load_object?new_layer=false&objects=w390609156", "id_url": "https://www.openstreetmap.org/edit?editor=id&way=390609156#map=20/-25.4188649/-49.345977"}}, {"type": "Feature", "geometry": {"type": "Point", "coordinates": [-49.3439656, -25.4149532]}, "properties": {"id": 390612489, "feat_type": "way", "quality_categories": "missing_tags, older_than_five_years", "issue_ids": "[52, 6]", "osm_url": "https://www.openstreetmap.org/way/390612489", "josm_url": "http://127.0.0.1:8111/load_object?new_layer=false&objects=w390612489", "id_url": "https://www.openstreetmap.org/edit?editor=id&way=390612489#map=20/-25.4149532/-49.3439656"}}, {"type": "Feature", "geometry": {"type": "Point", "coordinates": [-49.3437413, -25.4149283]}, "properties": {"id": 390612490, "feat_type": "way", "quality_categories": "missing_tags, older_than_five_years", "issue_ids": "[52, 6]", "osm_url": "https://www.openstreetmap.org/way/390612490", "josm_url": "http://127.0.0.1:8111/load_object?new_layer=false&objects=w390612490", "id_url": "https://www.openstreetmap.org/edit?editor=id&way=390612490#map=20/-25.4149283/-49.3437413"}}, {"type": "Feature", "geometry": {"type": "Point", "coordinates": [-49.3439341, -25.415223]}, "properties": {"id": 390612491, "feat_type": "way", "quality_categories": "missing_tags, older_than_five_years", "issue_ids": "[52, 6]", "osm_url": "https://www.openstreetmap.org/way/390612491", "josm_url": "http://127.0.0.1:8111/load_object?new_layer=false&objects=w390612491", "id_url": "https://www.openstreetmap.org/edit?editor=id&way=390612491#map=20/-25.415223/-49.3439341"}}, {"type": "Feature", "geometry": {"type": "Point", "coordinates": [-49.3362881, -25.428387]}, "properties": {"id": 390612493, "feat_type": "way", "quality_categories": "missing_tags, older_than_five_years", "issue_ids": "[25, 6]", "osm_url": "https://www.openstreetmap.org/way/390612493", "josm_url": "http://127.0.0.1:8111/load_object?new_layer=false&objects=w390612493", "id_url": "https://www.openstreetmap.org/edit?editor=id&way=390612493#map=20/-25.428387/-49.3362881"}}, {"type": "Feature", "geometry": {"type": "Point", "coordinates": [-49.3362881, -25.428387]}, "properties": {"id": 390612494, "feat_type": "way", "quality_categories": "missing_tags, older_than_five_years", "issue_ids": "[25, 6]", "osm_url": "https://www.openstreetmap.org/way/390612494", "josm_url": "http://127.0.0.1:8111/load_object?new_layer=false&objects=w390612494", "id_url": "https://www.openstreetmap.org/edit?editor=id&way=390612494#map=20/-25.428387/-49.3362881"}}, {"type": "Feature", "geometry": {"type": "Point", "coordinates": [-49.33805, -25.4279616]}, "properties": {"id": 390612502, "feat_type": "way", "quality_categories": "missing_tags, older_than_five_years", "issue_ids": "[42, 6]", "osm_url": "https://www.openstreetmap.org/way/390612502", "josm_url": "http://127.0.0.1:8111/load_object?new_layer=false&objects=w390612502", "id_url": "https://www.openstreetmap.org/edit?editor=id&way=390612502#map=20/-25.4279616/-49.33805"}}, {"type": "Feature", "geometry": {"type": "Point", "coordinates": [-49.3248745, -25.4207993]}, "properties": {"id": 390612504, "feat_type": "way", "quality_categories": "missing_tags, older_than_five_years", "issue_ids": "[25, 6]", "osm_url": "https://www.openstreetmap.org/way/390612504", "josm_url": "http://127.0.0.1:8111/load_object?new_layer=false&objects=w390612504", "id_url": "https://www.openstreetmap.org/edit?editor=id&way=390612504#map=20/-25.4207993/-49.3248745"}}, {"type": "Feature", "geometry": {"type": "Point", "coordinates": [-49.3250525, -25.4180698]}, "properties": {"id": 390612505, "feat_type": "way", "quality_categories": "missing_tags, older_than_five_years", "issue_ids": "[25, 6]", "osm_url": "https://www.openstreetmap.org/way/390612505", "josm_url": "http://127.0.0.1:8111/load_object?new_layer=false&objects=w390612505", "id_url": "https://www.openstreetmap.org/edit?editor=id&way=390612505#map=20/-25.4180698/-49.3250525"}}, {"type": "Feature", "geometry": {"type": "Point", "coordinates": [-49.3246562, -25.4179934]}, "properties": {"id": 390612506, "feat_type": "way", "quality_categories": "missing_tags, older_than_five_years", "issue_ids": "[25, 6]", "osm_url": "https://www.openstreetmap.org/way/390612506", "josm_url": "http://127.0.0.1:8111/load_object?new_layer=false&objects=w390612506", "id_url": "https://www.openstreetmap.org/edit?editor=id&way=390612506#map=20/-25.4179934/-49.3246562"}}, {"type": "Feature", "geometry": {"type": "Point", "coordinates": [-49.3356122, -25.4198989]}, "properties": {"id": 390612515, "feat_type": "way", "quality_categories": "missing_tags, older_than_five_years", "issue_ids": "[47, 6]", "osm_url": "https://www.openstreetmap.org/way/390612515", "josm_url": "http://127.0.0.1:8111/load_object?new_layer=false&objects=w390612515", "id_url": "https://www.openstreetmap.org/edit?editor=id&way=390612515#map=20/-25.4198989/-49.3356122"}}, {"type": "Feature", "geometry": {"type": "Point", "coordinates": [-49.3351973, -25.4161541]}, "properties": {"id": 390612516, "feat_type": "way", "quality_categories": "missing_tags, older_than_five_years", "issue_ids": "[47, 6]", "osm_url": "https://www.openstreetmap.org/way/390612516", "josm_url": "http://127.0.0.1:8111/load_object?new_layer=false&objects=w390612516", "id_url": "https://www.openstreetmap.org/edit?editor=id&way=390612516#map=20/-25.4161541/-49.3351973"}}, {"type": "Feature", "geometry": {"type": "Point", "coordinates": [-49.3357634, -25.4153201]}, "properties": {"id": 390612517, "feat_type": "way", "quality_categories": "missing_tags, older_than_five_years", "issue_ids": "[47, 6]", "osm_url": "https://www.openstreetmap.org/way/390612517", "josm_url": "http://127.0.0.1:8111/load_object?new_layer=false&objects=w390612517", "id_url": "https://www.openstreetmap.org/edit?editor=id&way=390612517#map=20/-25.4153201/-49.3357634"}}, {"type": "Feature", "geometry": {"type": "Point", "coordinates": [-49.3355448, -25.4153232]}, "properties": {"id": 390612518, "feat_type": "way", "quality_categories": "missing_tags, older_than_five_years", "issue_ids": "[47, 6]", "osm_url": "https://www.openstreetmap.org/way/390612518", "josm_url": "http://127.0.0.1:8111/load_object?new_layer=false&objects=w390612518", "id_url": "https://www.openstreetmap.org/edit?editor=id&way=390612518#map=20/-25.4153232/-49.3355448"}}, {"type": "Feature", "geometry": {"type": "Point", "coordinates": [-49.3370321, -25.4156823]}, "properties": {"id": 390612521, "feat_type": "way", "quality_categories": "missing_tags, older_than_five_years", "issue_ids": "[44, 6]", "osm_url": "https://www.openstreetmap.org/way/390612521", "josm_url": "http://127.0.0.1:8111/load_object?new_layer=false&objects=w390612521", "id_url": "https://www.openstreetmap.org/edit?editor=id&way=390612521#map=20/-25.4156823/-49.3370321"}}, {"type": "Feature", "geometry": {"type": "Point", "coordinates": [-49.3333816, -25.4114778]}, "properties": {"id": 390612523, "feat_type": "way", "quality_categories": "missing_tags, older_than_five_years", "issue_ids": "[56, 6]", "osm_url": "https://www.openstreetmap.org/way/390612523", "josm_url": "http://127.0.0.1:8111/load_object?new_layer=false&objects=w390612523", "id_url": "https://www.openstreetmap.org/edit?editor=id&way=390612523#map=20/-25.4114778/-49.3333816"}}, {"type": "Feature", "geometry": {"type": "Point", "coordinates": [-49.3333816, -25.4114778]}, "properties": {"id": 390612524, "feat_type": "way", "quality_categories": "missing_tags, older_than_five_years", "issue_ids": "[56, 6]", "osm_url": "https://www.openstreetmap.org/way/390612524", "josm_url": "http://127.0.0.1:8111/load_object?new_layer=false&objects=w390612524", "id_url": "https://www.openstreetmap.org/edit?editor=id&way=390612524#map=20/-25.4114778/-49.3333816"}}, {"type": "Feature", "geometry": {"type": "Point", "coordinates": [-49.3225628, -25.4248063]}, "properties": {"id": 390615904, "feat_type": "way", "quality_categories": "missing_tags, older_than_five_years", "issue_ids": "[47, 6]", "osm_url": "https://www.openstreetmap.org/way/390615904", "josm_url": "http://127.0.0.1:8111/load_object?new_layer=false&objects=w390615904", "id_url": "https://www.openstreetmap.org/edit?editor=id&way=390615904#map=20/-25.4248063/-49.3225628"}}, {"type": "Feature", "geometry": {"type": "Point", "coordinates": [-49.322563, -25.4250135]}, "properties": {"id": 390615905, "feat_type": "way", "quality_categories": "missing_tags, older_than_five_years", "issue_ids": "[47, 6]", "osm_url": "https://www.openstreetmap.org/way/390615905", "josm_url": "http://127.0.0.1:8111/load_object?new_layer=false&objects=w390615905", "id_url": "https://www.openstreetmap.org/edit?editor=id&way=390615905#map=20/-25.4250135/-49.322563"}}, {"type": "Feature", "geometry": {"type": "Point", "coordinates": [-49.3239323, -25.4212885]}, "properties": {"id": 390615906, "feat_type": "way", "quality_categories": "missing_tags, older_than_five_years", "issue_ids": "[205, 6]", "osm_url": "https://www.openstreetmap.org/way/390615906", "josm_url": "http://127.0.0.1:8111/load_object?new_layer=false&objects=w390615906", "id_url": "https://www.openstreetmap.org/edit?editor=id&way=390615906#map=20/-25.4212885/-49.3239323"}}, {"type": "Feature", "geometry": {"type": "Point", "coordinates": [-49.3242151, -25.4106565]}, "properties": {"id": 390615921, "feat_type": "way", "quality_categories": "missing_tags, older_than_five_years", "issue_ids": "[56, 6]", "osm_url": "https://www.openstreetmap.org/way/390615921", "josm_url": "http://127.0.0.1:8111/load_object?new_layer=false&objects=w390615921", "id_url": "https://www.openstreetmap.org/edit?editor=id&way=390615921#map=20/-25.4106565/-49.3242151"}}, {"type": "Feature", "geometry": {"type": "Point", "coordinates": [-49.3251348, -25.4110726]}, "properties": {"id": 390615922, "feat_type": "way", "quality_categories": "missing_tags, older_than_five_years", "issue_ids": "[55, 6]", "osm_url": "https://www.openstreetmap.org/way/390615922", "josm_url": "http://127.0.0.1:8111/load_object?new_layer=false&objects=w390615922", "id_url": "https://www.openstreetmap.org/edit?editor=id&way=390615922#map=20/-25.4110726/-49.3251348"}}, {"type": "Feature", "geometry": {"type": "Point", "coordinates": [-49.3255049, -25.4110684]}, "properties": {"id": 390615923, "feat_type": "way", "quality_categories": "missing_tags, older_than_five_years", "issue_ids": "[59, 6]", "osm_url": "https://www.openstreetmap.org/way/390615923", "josm_url": "http://127.0.0.1:8111/load_object?new_layer=false&objects=w390615923", "id_url": "https://www.openstreetmap.org/edit?editor=id&way=390615923#map=20/-25.4110684/-49.3255049"}}, {"type": "Feature", "geometry": {"type": "Point", "coordinates": [-49.3256297, -25.4110141]}, "properties": {"id": 390615924, "feat_type": "way", "quality_categories": "missing_tags, older_than_five_years", "issue_ids": "[59, 6]", "osm_url": "https://www.openstreetmap.org/way/390615924", "josm_url": "http://127.0.0.1:8111/load_object?new_layer=false&objects=w390615924", "id_url": "https://www.openstreetmap.org/edit?editor=id&way=390615924#map=20/-25.4110141/-49.3256297"}}, {"type": "Feature", "geometry": {"type": "Point", "coordinates": [-49.3213747, -25.4144583]}, "properties": {"id": 390650129, "feat_type": "way", "quality_categories": "missing_tags, older_than_five_years", "issue_ids": "[56, 6]", "osm_url": "https://www.openstreetmap.org/way/390650129", "josm_url": "http://127.0.0.1:8111/load_object?new_layer=false&objects=w390650129", "id_url": "https://www.openstreetmap.org/edit?editor=id&way=390650129#map=20/-25.4144583/-49.3213747"}}, {"type": "Feature", "geometry": {"type": "Point", "coordinates": [-49.3215202, -25.4147478]}, "properties": {"id": 390650130, "feat_type": "way", "quality_categories": "missing_tags, older_than_five_years", "issue_ids": "[57, 6]", "osm_url": "https://www.openstreetmap.org/way/390650130", "josm_url": "http://127.0.0.1:8111/load_object?new_layer=false&objects=w390650130", "id_url": "https://www.openstreetmap.org/edit?editor=id&way=390650130#map=20/-25.4147478/-49.3215202"}}, {"type": "Feature", "geometry": {"type": "Point", "coordinates": [-49.3174938, -25.415135]}, "properties": {"id": 390650131, "feat_type": "way", "quality_categories": "missing_tags, older_than_five_years", "issue_ids": "[57, 6]", "osm_url": "https://www.openstreetmap.org/way/390650131", "josm_url": "http://127.0.0.1:8111/load_object?new_layer=false&objects=w390650131", "id_url": "https://www.openstreetmap.org/edit?editor=id&way=390650131#map=20/-25.415135/-49.3174938"}}, {"type": "Feature", "geometry": {"type": "Point", "coordinates": [-49.3013736, -25.4061027]}, "properties": {"id": 390650139, "feat_type": "way", "quality_categories": "missing_tags, older_than_five_years", "issue_ids": "[13, 6]", "osm_url": "https://www.openstreetmap.org/way/390650139", "josm_url": "http://127.0.0.1:8111/load_object?new_layer=false&objects=w390650139", "id_url": "https://www.openstreetmap.org/edit?editor=id&way=390650139#map=20/-25.4061027/-49.3013736"}}, {"type": "Feature", "geometry": {"type": "Point", "coordinates": [-49.3003696, -25.4108485]}, "properties": {"id": 390650140, "feat_type": "way", "quality_categories": "missing_tags, older_than_five_years", "issue_ids": "[13, 6]", "osm_url": "https://www.openstreetmap.org/way/390650140", "josm_url": "http://127.0.0.1:8111/load_object?new_layer=false&objects=w390650140", "id_url": "https://www.openstreetmap.org/edit?editor=id&way=390650140#map=20/-25.4108485/-49.3003696"}}, {"type": "Feature", "geometry": {"type": "Point", "coordinates": [-49.2949497, -25.4130567]}, "properties": {"id": 390650142, "feat_type": "way", "quality_categories": "missing_tags, older_than_five_years", "issue_ids": "[13, 6]", "osm_url": "https://www.openstreetmap.org/way/390650142", "josm_url": "http://127.0.0.1:8111/load_object?new_layer=false&objects=w390650142", "id_url": "https://www.openstreetmap.org/edit?editor=id&way=390650142#map=20/-25.4130567/-49.2949497"}}, {"type": "Feature", "geometry": {"type": "Point", "coordinates": [-49.3215205, -25.4077695]}, "properties": {"id": 390653020, "feat_type": "way", "quality_categories": "missing_tags, older_than_five_years", "issue_ids": "[57, 6]", "osm_url": "https://www.openstreetmap.org/way/390653020", "josm_url": "http://127.0.0.1:8111/load_object?new_layer=false&objects=w390653020", "id_url": "https://www.openstreetmap.org/edit?editor=id&way=390653020#map=20/-25.4077695/-49.3215205"}}, {"type": "Feature", "geometry": {"type": "Point", "coordinates": [-49.3168838, -25.3979956]}, "properties": {"id": 390653026, "feat_type": "way", "quality_categories": "missing_tags, older_than_five_years", "issue_ids": "[71, 6]", "osm_url": "https://www.openstreetmap.org/way/390653026", "josm_url": "http://127.0.0.1:8111/load_object?new_layer=false&objects=w390653026", "id_url": "https://www.openstreetmap.org/edit?editor=id&way=390653026#map=20/-25.3979956/-49.3168838"}}, {"type": "Feature", "geometry": {"type": "Point", "coordinates": [-49.331789, -25.3983382]}, "properties": {"id": 390653053, "feat_type": "way", "quality_categories": "missing_tags, older_than_five_years", "issue_ids": "[159, 6]", "osm_url": "https://www.openstreetmap.org/way/390653053", "josm_url": "http://127.0.0.1:8111/load_object?new_layer=false&objects=w390653053", "id_url": "https://www.openstreetmap.org/edit?editor=id&way=390653053#map=20/-25.3983382/-49.331789"}}, {"type": "Feature", "geometry": {"type": "Point", "coordinates": [-49.3341393, -25.3936435]}, "properties": {"id": 390653056, "feat_type": "way", "quality_categories": "missing_tags, older_than_five_years", "issue_ids": "[92, 6]", "osm_url": "https://www.openstreetmap.org/way/390653056", "josm_url": "http://127.0.0.1:8111/load_object?new_layer=false&objects=w390653056", "id_url": "https://www.openstreetmap.org/edit?editor=id&way=390653056#map=20/-25.3936435/-49.3341393"}}, {"type": "Feature", "geometry": {"type": "Point", "coordinates": [-49.3379645, -25.4037624]}, "properties": {"id": 390657790, "feat_type": "way", "quality_categories": "missing_tags, older_than_five_years", "issue_ids": "[25, 6]", "osm_url": "https://www.openstreetmap.org/way/390657790", "josm_url": "http://127.0.0.1:8111/load_object?new_layer=false&objects=w390657790", "id_url": "https://www.openstreetmap.org/edit?editor=id&way=390657790#map=20/-25.4037624/-49.3379645"}}, {"type": "Feature", "geometry": {"type": "Point", "coordinates": [-49.3357982, -25.398134]}, "properties": {"id": 390657837, "feat_type": "way", "quality_categories": "missing_tags, older_than_five_years", "issue_ids": "[25, 6]", "osm_url": "https://www.openstreetmap.org/way/390657837", "josm_url": "http://127.0.0.1:8111/load_object?new_layer=false&objects=w390657837", "id_url": "https://www.openstreetmap.org/edit?editor=id&way=390657837#map=20/-25.398134/-49.3357982"}}, {"type": "Feature", "geometry": {"type": "Point", "coordinates": [-49.3374565, -25.3939598]}, "properties": {"id": 390657838, "feat_type": "way", "quality_categories": "missing_tags, older_than_five_years", "issue_ids": "[92, 6]", "osm_url": "https://www.openstreetmap.org/way/390657838", "josm_url": "http://127.0.0.1:8111/load_object?new_layer=false&objects=w390657838", "id_url": "https://www.openstreetmap.org/edit?editor=id&way=390657838#map=20/-25.3939598/-49.3374565"}}, {"type": "Feature", "geometry": {"type": "Point", "coordinates": [-49.2919589, -25.4087595]}, "properties": {"id": 390661079, "feat_type": "way", "quality_categories": "missing_tags, older_than_five_years", "issue_ids": "[38, 6]", "osm_url": "https://www.openstreetmap.org/way/390661079", "josm_url": "http://127.0.0.1:8111/load_object?new_layer=false&objects=w390661079", "id_url": "https://www.openstreetmap.org/edit?editor=id&way=390661079#map=20/-25.4087595/-49.2919589"}}, {"type": "Feature", "geometry": {"type": "Point", "coordinates": [-49.2951339, -25.4084203]}, "properties": {"id": 390661081, "feat_type": "way", "quality_categories": "missing_tags, older_than_five_years", "issue_ids": "[38, 6]", "osm_url": "https://www.openstreetmap.org/way/390661081", "josm_url": "http://127.0.0.1:8111/load_object?new_layer=false&objects=w390661081", "id_url": "https://www.openstreetmap.org/edit?editor=id&way=390661081#map=20/-25.4084203/-49.2951339"}}, {"type": "Feature", "geometry": {"type": "Point", "coordinates": [-49.295083, -25.4087129]}, "properties": {"id": 390661082, "feat_type": "way", "quality_categories": "missing_tags, older_than_five_years", "issue_ids": "[38, 6]", "osm_url": "https://www.openstreetmap.org/way/390661082", "josm_url": "http://127.0.0.1:8111/load_object?new_layer=false&objects=w390661082", "id_url": "https://www.openstreetmap.org/edit?editor=id&way=390661082#map=20/-25.4087129/-49.295083"}}, {"type": "Feature", "geometry": {"type": "Point", "coordinates": [-49.2950159, -25.4090024]}, "properties": {"id": 390661083, "feat_type": "way", "quality_categories": "missing_tags, older_than_five_years", "issue_ids": "[38, 6]", "osm_url": "https://www.openstreetmap.org/way/390661083", "josm_url": "http://127.0.0.1:8111/load_object?new_layer=false&objects=w390661083", "id_url": "https://www.openstreetmap.org/edit?editor=id&way=390661083#map=20/-25.4090024/-49.2950159"}}, {"type": "Feature", "geometry": {"type": "Point", "coordinates": [-49.294926, -25.4078549]}, "properties": {"id": 390661084, "feat_type": "way", "quality_categories": "missing_tags, older_than_five_years", "issue_ids": "[38, 6]", "osm_url": "https://www.openstreetmap.org/way/390661084", "josm_url": "http://127.0.0.1:8111/load_object?new_layer=false&objects=w390661084", "id_url": "https://www.openstreetmap.org/edit?editor=id&way=390661084#map=20/-25.4078549/-49.294926"}}, {"type": "Feature", "geometry": {"type": "Point", "coordinates": [-49.295264, -25.4076347]}, "properties": {"id": 390661086, "feat_type": "way", "quality_categories": "missing_tags, older_than_five_years", "issue_ids": "[150, 6]", "osm_url": "https://www.openstreetmap.org/way/390661086", "josm_url": "http://127.0.0.1:8111/load_object?new_layer=false&objects=w390661086", "id_url": "https://www.openstreetmap.org/edit?editor=id&way=390661086#map=20/-25.4076347/-49.295264"}}, {"type": "Feature", "geometry": {"type": "Point", "coordinates": [-49.2953771, -25.4074724]}, "properties": {"id": 390661087, "feat_type": "way", "quality_categories": "missing_tags, older_than_five_years", "issue_ids": "[150, 6]", "osm_url": "https://www.openstreetmap.org/way/390661087", "josm_url": "http://127.0.0.1:8111/load_object?new_layer=false&objects=w390661087", "id_url": "https://www.openstreetmap.org/edit?editor=id&way=390661087#map=20/-25.4074724/-49.2953771"}}, {"type": "Feature", "geometry": {"type": "Point", "coordinates": [-49.2990274, -25.3910959]}, "properties": {"id": 390661104, "feat_type": "way", "quality_categories": "older_than_five_years", "issue_ids": "[38]", "osm_url": "https://www.openstreetmap.org/way/390661104", "josm_url": "http://127.0.0.1:8111/load_object?new_layer=false&objects=w390661104", "id_url": "https://www.openstreetmap.org/edit?editor=id&way=390661104#map=20/-25.3910959/-49.2990274"}}, {"type": "Feature", "geometry": {"type": "Point", "coordinates": [-49.3280717, -25.375467]}, "properties": {"id": 390666367, "feat_type": "way", "quality_categories": "missing_tags, older_than_five_years", "issue_ids": "[73, 6]", "osm_url": "https://www.openstreetmap.org/way/390666367", "josm_url": "http://127.0.0.1:8111/load_object?new_layer=false&objects=w390666367", "id_url": "https://www.openstreetmap.org/edit?editor=id&way=390666367#map=20/-25.375467/-49.3280717"}}, {"type": "Feature", "geometry": {"type": "Point", "coordinates": [-49.3249796, -25.3789601]}, "properties": {"id": 390666402, "feat_type": "way", "quality_categories": "missing_tags, older_than_five_years", "issue_ids": "[73, 6]", "osm_url": "https://www.openstreetmap.org/way/390666402", "josm_url": "http://127.0.0.1:8111/load_object?new_layer=false&objects=w390666402", "id_url": "https://www.openstreetmap.org/edit?editor=id&way=390666402#map=20/-25.3789601/-49.3249796"}}, {"type": "Feature", "geometry": {"type": "Point", "coordinates": [-49.3255133, -25.3789383]}, "properties": {"id": 390666403, "feat_type": "way", "quality_categories": "missing_tags, older_than_five_years", "issue_ids": "[73, 6]", "osm_url": "https://www.openstreetmap.org/way/390666403", "josm_url": "http://127.0.0.1:8111/load_object?new_layer=false&objects=w390666403", "id_url": "https://www.openstreetmap.org/edit?editor=id&way=390666403#map=20/-25.3789383/-49.3255133"}}, {"type": "Feature", "geometry": {"type": "Point", "coordinates": [-49.3253946, -25.3794216]}, "properties": {"id": 390666405, "feat_type": "way", "quality_categories": "missing_tags, older_than_five_years", "issue_ids": "[72, 6]", "osm_url": "https://www.openstreetmap.org/way/390666405", "josm_url": "http://127.0.0.1:8111/load_object?new_layer=false&objects=w390666405", "id_url": "https://www.openstreetmap.org/edit?editor=id&way=390666405#map=20/-25.3794216/-49.3253946"}}, {"type": "Feature", "geometry": {"type": "Point", "coordinates": [-49.3231181, -25.3810272]}, "properties": {"id": 390666415, "feat_type": "way", "quality_categories": "missing_tags, older_than_five_years", "issue_ids": "[162, 6]", "osm_url": "https://www.openstreetmap.org/way/390666415", "josm_url": "http://127.0.0.1:8111/load_object?new_layer=false&objects=w390666415", "id_url": "https://www.openstreetmap.org/edit?editor=id&way=390666415#map=20/-25.3810272/-49.3231181"}}, {"type": "Feature", "geometry": {"type": "Point", "coordinates": [-49.2797951, -25.3789226]}, "properties": {"id": 390689014, "feat_type": "way", "quality_categories": "missing_tags, older_than_five_years", "issue_ids": "[38, 6]", "osm_url": "https://www.openstreetmap.org/way/390689014", "josm_url": "http://127.0.0.1:8111/load_object?new_layer=false&objects=w390689014", "id_url": "https://www.openstreetmap.org/edit?editor=id&way=390689014#map=20/-25.3789226/-49.2797951"}}, {"type": "Feature", "geometry": {"type": "Point", "coordinates": [-49.2797528, -25.378525]}, "properties": {"id": 390689016, "feat_type": "way", "quality_categories": "missing_tags, older_than_five_years", "issue_ids": "[38, 6]", "osm_url": "https://www.openstreetmap.org/way/390689016", "josm_url": "http://127.0.0.1:8111/load_object?new_layer=false&objects=w390689016", "id_url": "https://www.openstreetmap.org/edit?editor=id&way=390689016#map=20/-25.378525/-49.2797528"}}, {"type": "Feature", "geometry": {"type": "Point", "coordinates": [-49.2591696, -25.3613535]}, "properties": {"id": 392701732, "feat_type": "way", "quality_categories": "missing_tags, older_than_five_years", "issue_ids": "[206, 6]", "osm_url": "https://www.openstreetmap.org/way/392701732", "josm_url": "http://127.0.0.1:8111/load_object?new_layer=false&objects=w392701732", "id_url": "https://www.openstreetmap.org/edit?editor=id&way=392701732#map=20/-25.3613535/-49.2591696"}}, {"type": "Feature", "geometry": {"type": "Point", "coordinates": [-49.2604689, -25.3625072]}, "properties": {"id": 392701735, "feat_type": "way", "quality_categories": "missing_tags, older_than_five_years", "issue_ids": "[206, 6]", "osm_url": "https://www.openstreetmap.org/way/392701735", "josm_url": "http://127.0.0.1:8111/load_object?new_layer=false&objects=w392701735", "id_url": "https://www.openstreetmap.org/edit?editor=id&way=392701735#map=20/-25.3625072/-49.2604689"}}, {"type": "Feature", "geometry": {"type": "Point", "coordinates": [-49.2617352, -25.3612631]}, "properties": {"id": 392701736, "feat_type": "way", "quality_categories": "missing_tags, older_than_five_years", "issue_ids": "[206, 6]", "osm_url": "https://www.openstreetmap.org/way/392701736", "josm_url": "http://127.0.0.1:8111/load_object?new_layer=false&objects=w392701736", "id_url": "https://www.openstreetmap.org/edit?editor=id&way=392701736#map=20/-25.3612631/-49.2617352"}}, {"type": "Feature", "geometry": {"type": "Point", "coordinates": [-49.2600809, -25.3614586]}, "properties": {"id": 392701738, "feat_type": "way", "quality_categories": "missing_tags, older_than_five_years", "issue_ids": "[206, 6]", "osm_url": "https://www.openstreetmap.org/way/392701738", "josm_url": "http://127.0.0.1:8111/load_object?new_layer=false&objects=w392701738", "id_url": "https://www.openstreetmap.org/edit?editor=id&way=392701738#map=20/-25.3614586/-49.2600809"}}, {"type": "Feature", "geometry": {"type": "Point", "coordinates": [-49.2578626, -25.360671]}, "properties": {"id": 392701739, "feat_type": "way", "quality_categories": "missing_tags, older_than_five_years", "issue_ids": "[206, 6]", "osm_url": "https://www.openstreetmap.org/way/392701739", "josm_url": "http://127.0.0.1:8111/load_object?new_layer=false&objects=w392701739", "id_url": "https://www.openstreetmap.org/edit?editor=id&way=392701739#map=20/-25.360671/-49.2578626"}}, {"type": "Feature", "geometry": {"type": "Point", "coordinates": [-49.2611389, -25.361476]}, "properties": {"id": 392701740, "feat_type": "way", "quality_categories": "missing_tags, older_than_five_years", "issue_ids": "[206, 6]", "osm_url": "https://www.openstreetmap.org/way/392701740", "josm_url": "http://127.0.0.1:8111/load_object?new_layer=false&objects=w392701740", "id_url": "https://www.openstreetmap.org/edit?editor=id&way=392701740#map=20/-25.361476/-49.2611389"}}, {"type": "Feature", "geometry": {"type": "Point", "coordinates": [-49.2905654, -25.5580039]}, "properties": {"id": 397493081, "feat_type": "way", "quality_categories": "missing_tags, older_than_five_years", "issue_ids": "[207, 6]", "osm_url": "https://www.openstreetmap.org/way/397493081", "josm_url": "http://127.0.0.1:8111/load_object?new_layer=false&objects=w397493081", "id_url": "https://www.openstreetmap.org/edit?editor=id&way=397493081#map=20/-25.5580039/-49.2905654"}}, {"type": "Feature", "geometry": {"type": "Point", "coordinates": [-49.2906756, -25.559146]}, "properties": {"id": 397494180, "feat_type": "way", "quality_categories": "missing_tags, older_than_five_years", "issue_ids": "[208, 6]", "osm_url": "https://www.openstreetmap.org/way/397494180", "josm_url": "http://127.0.0.1:8111/load_object?new_layer=false&objects=w397494180", "id_url": "https://www.openstreetmap.org/edit?editor=id&way=397494180#map=20/-25.559146/-49.2906756"}}, {"type": "Feature", "geometry": {"type": "Point", "coordinates": [-49.2899565, -25.5599201]}, "properties": {"id": 397494182, "feat_type": "way", "quality_categories": "missing_tags, older_than_five_years", "issue_ids": "[208, 6]", "osm_url": "https://www.openstreetmap.org/way/397494182", "josm_url": "http://127.0.0.1:8111/load_object?new_layer=false&objects=w397494182", "id_url": "https://www.openstreetmap.org/edit?editor=id&way=397494182#map=20/-25.5599201/-49.2899565"}}, {"type": "Feature", "geometry": {"type": "Point", "coordinates": [-49.2899689, -25.5591412]}, "properties": {"id": 397494183, "feat_type": "way", "quality_categories": "missing_tags, older_than_five_years", "issue_ids": "[208, 6]", "osm_url": "https://www.openstreetmap.org/way/397494183", "josm_url": "http://127.0.0.1:8111/load_object?new_layer=false&objects=w397494183", "id_url": "https://www.openstreetmap.org/edit?editor=id&way=397494183#map=20/-25.5591412/-49.2899689"}}, {"type": "Feature", "geometry": {"type": "Point", "coordinates": [-49.2899573, -25.5595849]}, "properties": {"id": 397494185, "feat_type": "way", "quality_categories": "missing_tags, older_than_five_years", "issue_ids": "[208, 6]", "osm_url": "https://www.openstreetmap.org/way/397494185", "josm_url": "http://127.0.0.1:8111/load_object?new_layer=false&objects=w397494185", "id_url": "https://www.openstreetmap.org/edit?editor=id&way=397494185#map=20/-25.5595849/-49.2899573"}}, {"type": "Feature", "geometry": {"type": "Point", "coordinates": [-49.2878054, -25.5582873]}, "properties": {"id": 397494190, "feat_type": "way", "quality_categories": "missing_tags, older_than_five_years", "issue_ids": "[208, 6]", "osm_url": "https://www.openstreetmap.org/way/397494190", "josm_url": "http://127.0.0.1:8111/load_object?new_layer=false&objects=w397494190", "id_url": "https://www.openstreetmap.org/edit?editor=id&way=397494190#map=20/-25.5582873/-49.2878054"}}, {"type": "Feature", "geometry": {"type": "Point", "coordinates": [-49.2883732, -25.5580198]}, "properties": {"id": 397494193, "feat_type": "way", "quality_categories": "missing_tags, older_than_five_years", "issue_ids": "[208, 6]", "osm_url": "https://www.openstreetmap.org/way/397494193", "josm_url": "http://127.0.0.1:8111/load_object?new_layer=false&objects=w397494193", "id_url": "https://www.openstreetmap.org/edit?editor=id&way=397494193#map=20/-25.5580198/-49.2883732"}}, {"type": "Feature", "geometry": {"type": "Point", "coordinates": [-49.2883748, -25.5584359]}, "properties": {"id": 397494194, "feat_type": "way", "quality_categories": "missing_tags, older_than_five_years", "issue_ids": "[208, 6]", "osm_url": "https://www.openstreetmap.org/way/397494194", "josm_url": "http://127.0.0.1:8111/load_object?new_layer=false&objects=w397494194", "id_url": "https://www.openstreetmap.org/edit?editor=id&way=397494194#map=20/-25.5584359/-49.2883748"}}, {"type": "Feature", "geometry": {"type": "Point", "coordinates": [-49.2875302, -25.5585908]}, "properties": {"id": 397494196, "feat_type": "way", "quality_categories": "missing_tags, older_than_five_years", "issue_ids": "[208, 6]", "osm_url": "https://www.openstreetmap.org/way/397494196", "josm_url": "http://127.0.0.1:8111/load_object?new_layer=false&objects=w397494196", "id_url": "https://www.openstreetmap.org/edit?editor=id&way=397494196#map=20/-25.5585908/-49.2875302"}}, {"type": "Feature", "geometry": {"type": "Point", "coordinates": [-49.2903431, -25.555951]}, "properties": {"id": 397496779, "feat_type": "way", "quality_categories": "missing_tags, older_than_five_years", "issue_ids": "[208, 6]", "osm_url": "https://www.openstreetmap.org/way/397496779", "josm_url": "http://127.0.0.1:8111/load_object?new_layer=false&objects=w397496779", "id_url": "https://www.openstreetmap.org/edit?editor=id&way=397496779#map=20/-25.555951/-49.2903431"}}, {"type": "Feature", "geometry": {"type": "Point", "coordinates": [-49.2894264, -25.5559312]}, "properties": {"id": 397496781, "feat_type": "way", "quality_categories": "missing_tags, older_than_five_years", "issue_ids": "[208, 6]", "osm_url": "https://www.openstreetmap.org/way/397496781", "josm_url": "http://127.0.0.1:8111/load_object?new_layer=false&objects=w397496781", "id_url": "https://www.openstreetmap.org/edit?editor=id&way=397496781#map=20/-25.5559312/-49.2894264"}}, {"type": "Feature", "geometry": {"type": "Point", "coordinates": [-49.2897111, -25.5556103]}, "properties": {"id": 397496782, "feat_type": "way", "quality_categories": "missing_tags, older_than_five_years", "issue_ids": "[208, 6]", "osm_url": "https://www.openstreetmap.org/way/397496782", "josm_url": "http://127.0.0.1:8111/load_object?new_layer=false&objects=w397496782", "id_url": "https://www.openstreetmap.org/edit?editor=id&way=397496782#map=20/-25.5556103/-49.2897111"}}, {"type": "Feature", "geometry": {"type": "Point", "coordinates": [-49.2913695, -25.5568521]}, "properties": {"id": 397497005, "feat_type": "way", "quality_categories": "missing_tags, older_than_five_years", "issue_ids": "[207, 6]", "osm_url": "https://www.openstreetmap.org/way/397497005", "josm_url": "http://127.0.0.1:8111/load_object?new_layer=false&objects=w397497005", "id_url": "https://www.openstreetmap.org/edit?editor=id&way=397497005#map=20/-25.5568521/-49.2913695"}}, {"type": "Feature", "geometry": {"type": "Point", "coordinates": [-49.2909972, -25.5550921]}, "properties": {"id": 397497006, "feat_type": "way", "quality_categories": "missing_tags, older_than_five_years", "issue_ids": "[208, 6]", "osm_url": "https://www.openstreetmap.org/way/397497006", "josm_url": "http://127.0.0.1:8111/load_object?new_layer=false&objects=w397497006", "id_url": "https://www.openstreetmap.org/edit?editor=id&way=397497006#map=20/-25.5550921/-49.2909972"}}, {"type": "Feature", "geometry": {"type": "Point", "coordinates": [-49.2908879, -25.5548748]}, "properties": {"id": 397497007, "feat_type": "way", "quality_categories": "missing_tags, older_than_five_years", "issue_ids": "[208, 6]", "osm_url": "https://www.openstreetmap.org/way/397497007", "josm_url": "http://127.0.0.1:8111/load_object?new_layer=false&objects=w397497007", "id_url": "https://www.openstreetmap.org/edit?editor=id&way=397497007#map=20/-25.5548748/-49.2908879"}}, {"type": "Feature", "geometry": {"type": "Point", "coordinates": [-49.2913718, -25.5546597]}, "properties": {"id": 397497008, "feat_type": "way", "quality_categories": "missing_tags, older_than_five_years", "issue_ids": "[208, 6]", "osm_url": "https://www.openstreetmap.org/way/397497008", "josm_url": "http://127.0.0.1:8111/load_object?new_layer=false&objects=w397497008", "id_url": "https://www.openstreetmap.org/edit?editor=id&way=397497008#map=20/-25.5546597/-49.2913718"}}, {"type": "Feature", "geometry": {"type": "Point", "coordinates": [-49.2914385, -25.5553853]}, "properties": {"id": 397497009, "feat_type": "way", "quality_categories": "missing_tags, older_than_five_years", "issue_ids": "[208, 6]", "osm_url": "https://www.openstreetmap.org/way/397497009", "josm_url": "http://127.0.0.1:8111/load_object?new_layer=false&objects=w397497009", "id_url": "https://www.openstreetmap.org/edit?editor=id&way=397497009#map=20/-25.5553853/-49.2914385"}}, {"type": "Feature", "geometry": {"type": "Point", "coordinates": [-49.2910079, -25.5560696]}, "properties": {"id": 397497010, "feat_type": "way", "quality_categories": "missing_tags, older_than_five_years", "issue_ids": "[207, 6]", "osm_url": "https://www.openstreetmap.org/way/397497010", "josm_url": "http://127.0.0.1:8111/load_object?new_layer=false&objects=w397497010", "id_url": "https://www.openstreetmap.org/edit?editor=id&way=397497010#map=20/-25.5560696/-49.2910079"}}, {"type": "Feature", "geometry": {"type": "Point", "coordinates": [-49.2971004, -25.5559974]}, "properties": {"id": 397497244, "feat_type": "way", "quality_categories": "missing_tags, older_than_five_years", "issue_ids": "[209, 6]", "osm_url": "https://www.openstreetmap.org/way/397497244", "josm_url": "http://127.0.0.1:8111/load_object?new_layer=false&objects=w397497244", "id_url": "https://www.openstreetmap.org/edit?editor=id&way=397497244#map=20/-25.5559974/-49.2971004"}}, {"type": "Feature", "geometry": {"type": "Point", "coordinates": [-49.2969572, -25.5558207]}, "properties": {"id": 397497245, "feat_type": "way", "quality_categories": "missing_tags, older_than_five_years", "issue_ids": "[207, 6]", "osm_url": "https://www.openstreetmap.org/way/397497245", "josm_url": "http://127.0.0.1:8111/load_object?new_layer=false&objects=w397497245", "id_url": "https://www.openstreetmap.org/edit?editor=id&way=397497245#map=20/-25.5558207/-49.2969572"}}, {"type": "Feature", "geometry": {"type": "Point", "coordinates": [-49.2966028, -25.5565582]}, "properties": {"id": 397497246, "feat_type": "way", "quality_categories": "missing_tags, older_than_five_years", "issue_ids": "[209, 6]", "osm_url": "https://www.openstreetmap.org/way/397497246", "josm_url": "http://127.0.0.1:8111/load_object?new_layer=false&objects=w397497246", "id_url": "https://www.openstreetmap.org/edit?editor=id&way=397497246#map=20/-25.5565582/-49.2966028"}}, {"type": "Feature", "geometry": {"type": "Point", "coordinates": [-49.2973772, -25.5571972]}, "properties": {"id": 397497247, "feat_type": "way", "quality_categories": "missing_tags, older_than_five_years", "issue_ids": "[209, 6]", "osm_url": "https://www.openstreetmap.org/way/397497247", "josm_url": "http://127.0.0.1:8111/load_object?new_layer=false&objects=w397497247", "id_url": "https://www.openstreetmap.org/edit?editor=id&way=397497247#map=20/-25.5571972/-49.2973772"}}, {"type": "Feature", "geometry": {"type": "Point", "coordinates": [-49.297172, -25.5573037]}, "properties": {"id": 397497248, "feat_type": "way", "quality_categories": "missing_tags, older_than_five_years", "issue_ids": "[209, 6]", "osm_url": "https://www.openstreetmap.org/way/397497248", "josm_url": "http://127.0.0.1:8111/load_object?new_layer=false&objects=w397497248", "id_url": "https://www.openstreetmap.org/edit?editor=id&way=397497248#map=20/-25.5573037/-49.297172"}}, {"type": "Feature", "geometry": {"type": "Point", "coordinates": [-49.2966879, -25.5566466]}, "properties": {"id": 397497249, "feat_type": "way", "quality_categories": "missing_tags, older_than_five_years", "issue_ids": "[209, 6]", "osm_url": "https://www.openstreetmap.org/way/397497249", "josm_url": "http://127.0.0.1:8111/load_object?new_layer=false&objects=w397497249", "id_url": "https://www.openstreetmap.org/edit?editor=id&way=397497249#map=20/-25.5566466/-49.2966879"}}, {"type": "Feature", "geometry": {"type": "Point", "coordinates": [-49.2968719, -25.5574792]}, "properties": {"id": 397497250, "feat_type": "way", "quality_categories": "missing_tags, older_than_five_years", "issue_ids": "[209, 6]", "osm_url": "https://www.openstreetmap.org/way/397497250", "josm_url": "http://127.0.0.1:8111/load_object?new_layer=false&objects=w397497250", "id_url": "https://www.openstreetmap.org/edit?editor=id&way=397497250#map=20/-25.5574792/-49.2968719"}}, {"type": "Feature", "geometry": {"type": "Point", "coordinates": [-49.2801613, -25.5639874]}, "properties": {"id": 397958941, "feat_type": "way", "quality_categories": "missing_tags, older_than_five_years", "issue_ids": "[95, 6]", "osm_url": "https://www.openstreetmap.org/way/397958941", "josm_url": "http://127.0.0.1:8111/load_object?new_layer=false&objects=w397958941", "id_url": "https://www.openstreetmap.org/edit?editor=id&way=397958941#map=20/-25.5639874/-49.2801613"}}, {"type": "Feature", "geometry": {"type": "Point", "coordinates": [-49.2803758, -25.5636016]}, "properties": {"id": 397958942, "feat_type": "way", "quality_categories": "missing_tags, older_than_five_years", "issue_ids": "[95, 6]", "osm_url": "https://www.openstreetmap.org/way/397958942", "josm_url": "http://127.0.0.1:8111/load_object?new_layer=false&objects=w397958942", "id_url": "https://www.openstreetmap.org/edit?editor=id&way=397958942#map=20/-25.5636016/-49.2803758"}}, {"type": "Feature", "geometry": {"type": "Point", "coordinates": [-49.2803758, -25.5636016]}, "properties": {"id": 397958943, "feat_type": "way", "quality_categories": "missing_tags, older_than_five_years", "issue_ids": "[73, 6]", "osm_url": "https://www.openstreetmap.org/way/397958943", "josm_url": "http://127.0.0.1:8111/load_object?new_layer=false&objects=w397958943", "id_url": "https://www.openstreetmap.org/edit?editor=id&way=397958943#map=20/-25.5636016/-49.2803758"}}, {"type": "Feature", "geometry": {"type": "Point", "coordinates": [-49.2805105, -25.5632709]}, "properties": {"id": 397958944, "feat_type": "way", "quality_categories": "missing_tags, older_than_five_years", "issue_ids": "[95, 6]", "osm_url": "https://www.openstreetmap.org/way/397958944", "josm_url": "http://127.0.0.1:8111/load_object?new_layer=false&objects=w397958944", "id_url": "https://www.openstreetmap.org/edit?editor=id&way=397958944#map=20/-25.5632709/-49.2805105"}}, {"type": "Feature", "geometry": {"type": "Point", "coordinates": [-49.2897654, -25.5547214]}, "properties": {"id": 397993806, "feat_type": "way", "quality_categories": "missing_tags, older_than_five_years", "issue_ids": "[207, 6]", "osm_url": "https://www.openstreetmap.org/way/397993806", "josm_url": "http://127.0.0.1:8111/load_object?new_layer=false&objects=w397993806", "id_url": "https://www.openstreetmap.org/edit?editor=id&way=397993806#map=20/-25.5547214/-49.2897654"}}, {"type": "Feature", "geometry": {"type": "Point", "coordinates": [-49.2900249, -25.5548605]}, "properties": {"id": 397993807, "feat_type": "way", "quality_categories": "missing_tags, older_than_five_years", "issue_ids": "[207, 6]", "osm_url": "https://www.openstreetmap.org/way/397993807", "josm_url": "http://127.0.0.1:8111/load_object?new_layer=false&objects=w397993807", "id_url": "https://www.openstreetmap.org/edit?editor=id&way=397993807#map=20/-25.5548605/-49.2900249"}}, {"type": "Feature", "geometry": {"type": "Point", "coordinates": [-49.2330279, -25.5444379]}, "properties": {"id": 398015015, "feat_type": "way", "quality_categories": "missing_tags, older_than_five_years", "issue_ids": "[210, 6]", "osm_url": "https://www.openstreetmap.org/way/398015015", "josm_url": "http://127.0.0.1:8111/load_object?new_layer=false&objects=w398015015", "id_url": "https://www.openstreetmap.org/edit?editor=id&way=398015015#map=20/-25.5444379/-49.2330279"}}, {"type": "Feature", "geometry": {"type": "Point", "coordinates": [-49.3441673, -25.5665717]}, "properties": {"id": 399432497, "feat_type": "way", "quality_categories": "missing_tags, older_than_five_years", "issue_ids": "[211, 6]", "osm_url": "https://www.openstreetmap.org/way/399432497", "josm_url": "http://127.0.0.1:8111/load_object?new_layer=false&objects=w399432497", "id_url": "https://www.openstreetmap.org/edit?editor=id&way=399432497#map=20/-25.5665717/-49.3441673"}}, {"type": "Feature", "geometry": {"type": "Point", "coordinates": [-49.3822206, -25.427538]}, "properties": {"id": 405298375, "feat_type": "way", "quality_categories": "missing_tags, older_than_five_years", "issue_ids": "[212, 6]", "osm_url": "https://www.openstreetmap.org/way/405298375", "josm_url": "http://127.0.0.1:8111/load_object?new_layer=false&objects=w405298375", "id_url": "https://www.openstreetmap.org/edit?editor=id&way=405298375#map=20/-25.427538/-49.3822206"}}, {"type": "Feature", "geometry": {"type": "Point", "coordinates": [-49.3564759, -25.4950887]}, "properties": {"id": 405458697, "feat_type": "way", "quality_categories": "missing_tags, older_than_five_years", "issue_ids": "[85, 6]", "osm_url": "https://www.openstreetmap.org/way/405458697", "josm_url": "http://127.0.0.1:8111/load_object?new_layer=false&objects=w405458697", "id_url": "https://www.openstreetmap.org/edit?editor=id&way=405458697#map=20/-25.4950887/-49.3564759"}}, {"type": "Feature", "geometry": {"type": "Point", "coordinates": [-49.3259571, -25.5640044]}, "properties": {"id": 406462569, "feat_type": "way", "quality_categories": "missing_tags, older_than_five_years", "issue_ids": "[213, 6]", "osm_url": "https://www.openstreetmap.org/way/406462569", "josm_url": "http://127.0.0.1:8111/load_object?new_layer=false&objects=w406462569", "id_url": "https://www.openstreetmap.org/edit?editor=id&way=406462569#map=20/-25.5640044/-49.3259571"}}, {"type": "Feature", "geometry": {"type": "Point", "coordinates": [-49.3256248, -25.5633919]}, "properties": {"id": 406462570, "feat_type": "way", "quality_categories": "missing_tags, older_than_five_years", "issue_ids": "[214, 6]", "osm_url": "https://www.openstreetmap.org/way/406462570", "josm_url": "http://127.0.0.1:8111/load_object?new_layer=false&objects=w406462570", "id_url": "https://www.openstreetmap.org/edit?editor=id&way=406462570#map=20/-25.5633919/-49.3256248"}}, {"type": "Feature", "geometry": {"type": "Point", "coordinates": [-49.3259571, -25.5640044]}, "properties": {"id": 406462571, "feat_type": "way", "quality_categories": "missing_tags, older_than_five_years", "issue_ids": "[213, 6]", "osm_url": "https://www.openstreetmap.org/way/406462571", "josm_url": "http://127.0.0.1:8111/load_object?new_layer=false&objects=w406462571", "id_url": "https://www.openstreetmap.org/edit?editor=id&way=406462571#map=20/-25.5640044/-49.3259571"}}, {"type": "Feature", "geometry": {"type": "Point", "coordinates": [-49.3279196, -25.5559912]}, "properties": {"id": 406463811, "feat_type": "way", "quality_categories": "missing_tags, older_than_five_years", "issue_ids": "[94, 6]", "osm_url": "https://www.openstreetmap.org/way/406463811", "josm_url": "http://127.0.0.1:8111/load_object?new_layer=false&objects=w406463811", "id_url": "https://www.openstreetmap.org/edit?editor=id&way=406463811#map=20/-25.5559912/-49.3279196"}}, {"type": "Feature", "geometry": {"type": "Point", "coordinates": [-49.3292161, -25.5558989]}, "properties": {"id": 406463812, "feat_type": "way", "quality_categories": "missing_tags, older_than_five_years", "issue_ids": "[94, 6]", "osm_url": "https://www.openstreetmap.org/way/406463812", "josm_url": "http://127.0.0.1:8111/load_object?new_layer=false&objects=w406463812", "id_url": "https://www.openstreetmap.org/edit?editor=id&way=406463812#map=20/-25.5558989/-49.3292161"}}, {"type": "Feature", "geometry": {"type": "Point", "coordinates": [-49.3276172, -25.5553059]}, "properties": {"id": 406463815, "feat_type": "way", "quality_categories": "missing_tags, older_than_five_years", "issue_ids": "[94, 6]", "osm_url": "https://www.openstreetmap.org/way/406463815", "josm_url": "http://127.0.0.1:8111/load_object?new_layer=false&objects=w406463815", "id_url": "https://www.openstreetmap.org/edit?editor=id&way=406463815#map=20/-25.5553059/-49.3276172"}}, {"type": "Feature", "geometry": {"type": "Point", "coordinates": [-49.3262243, -25.555558]}, "properties": {"id": 406463817, "feat_type": "way", "quality_categories": "missing_tags, older_than_five_years", "issue_ids": "[215, 6]", "osm_url": "https://www.openstreetmap.org/way/406463817", "josm_url": "http://127.0.0.1:8111/load_object?new_layer=false&objects=w406463817", "id_url": "https://www.openstreetmap.org/edit?editor=id&way=406463817#map=20/-25.555558/-49.3262243"}}, {"type": "Feature", "geometry": {"type": "Point", "coordinates": [-49.3263397, -25.5555035]}, "properties": {"id": 406463818, "feat_type": "way", "quality_categories": "missing_tags, older_than_five_years", "issue_ids": "[215, 6]", "osm_url": "https://www.openstreetmap.org/way/406463818", "josm_url": "http://127.0.0.1:8111/load_object?new_layer=false&objects=w406463818", "id_url": "https://www.openstreetmap.org/edit?editor=id&way=406463818#map=20/-25.5555035/-49.3263397"}}, {"type": "Feature", "geometry": {"type": "Point", "coordinates": [-49.3271621, -25.5558072]}, "properties": {"id": 406463819, "feat_type": "way", "quality_categories": "missing_tags, older_than_five_years", "issue_ids": "[215, 6]", "osm_url": "https://www.openstreetmap.org/way/406463819", "josm_url": "http://127.0.0.1:8111/load_object?new_layer=false&objects=w406463819", "id_url": "https://www.openstreetmap.org/edit?editor=id&way=406463819#map=20/-25.5558072/-49.3271621"}}, {"type": "Feature", "geometry": {"type": "Point", "coordinates": [-49.3271635, -25.5552901]}, "properties": {"id": 406463820, "feat_type": "way", "quality_categories": "missing_tags, older_than_five_years", "issue_ids": "[94, 6]", "osm_url": "https://www.openstreetmap.org/way/406463820", "josm_url": "http://127.0.0.1:8111/load_object?new_layer=false&objects=w406463820", "id_url": "https://www.openstreetmap.org/edit?editor=id&way=406463820#map=20/-25.5552901/-49.3271635"}}, {"type": "Feature", "geometry": {"type": "Point", "coordinates": [-49.3271635, -25.5552901]}, "properties": {"id": 406463821, "feat_type": "way", "quality_categories": "missing_tags, older_than_five_years", "issue_ids": "[215, 6]", "osm_url": "https://www.openstreetmap.org/way/406463821", "josm_url": "http://127.0.0.1:8111/load_object?new_layer=false&objects=w406463821", "id_url": "https://www.openstreetmap.org/edit?editor=id&way=406463821#map=20/-25.5552901/-49.3271635"}}, {"type": "Feature", "geometry": {"type": "Point", "coordinates": [-49.3283907, -25.5564607]}, "properties": {"id": 406463823, "feat_type": "way", "quality_categories": "missing_tags, older_than_five_years", "issue_ids": "[94, 6]", "osm_url": "https://www.openstreetmap.org/way/406463823", "josm_url": "http://127.0.0.1:8111/load_object?new_layer=false&objects=w406463823", "id_url": "https://www.openstreetmap.org/edit?editor=id&way=406463823#map=20/-25.5564607/-49.3283907"}}, {"type": "Feature", "geometry": {"type": "Point", "coordinates": [-49.3250965, -25.5552392]}, "properties": {"id": 406463825, "feat_type": "way", "quality_categories": "missing_tags, older_than_five_years", "issue_ids": "[94, 6]", "osm_url": "https://www.openstreetmap.org/way/406463825", "josm_url": "http://127.0.0.1:8111/load_object?new_layer=false&objects=w406463825", "id_url": "https://www.openstreetmap.org/edit?editor=id&way=406463825#map=20/-25.5552392/-49.3250965"}}, {"type": "Feature", "geometry": {"type": "Point", "coordinates": [-49.324476, -25.5552248]}, "properties": {"id": 406463827, "feat_type": "way", "quality_categories": "missing_tags, older_than_five_years", "issue_ids": "[94, 6]", "osm_url": "https://www.openstreetmap.org/way/406463827", "josm_url": "http://127.0.0.1:8111/load_object?new_layer=false&objects=w406463827", "id_url": "https://www.openstreetmap.org/edit?editor=id&way=406463827#map=20/-25.5552248/-49.324476"}}, {"type": "Feature", "geometry": {"type": "Point", "coordinates": [-49.3244599, -25.5556882]}, "properties": {"id": 406463828, "feat_type": "way", "quality_categories": "missing_tags, older_than_five_years", "issue_ids": "[94, 6]", "osm_url": "https://www.openstreetmap.org/way/406463828", "josm_url": "http://127.0.0.1:8111/load_object?new_layer=false&objects=w406463828", "id_url": "https://www.openstreetmap.org/edit?editor=id&way=406463828#map=20/-25.5556882/-49.3244599"}}, {"type": "Feature", "geometry": {"type": "Point", "coordinates": [-49.3287988, -25.3888664]}, "properties": {"id": 407738925, "feat_type": "way", "quality_categories": "missing_tags, older_than_five_years", "issue_ids": "[39, 6]", "osm_url": "https://www.openstreetmap.org/way/407738925", "josm_url": "http://127.0.0.1:8111/load_object?new_layer=false&objects=w407738925", "id_url": "https://www.openstreetmap.org/edit?editor=id&way=407738925#map=20/-25.3888664/-49.3287988"}}, {"type": "Feature", "geometry": {"type": "Point", "coordinates": [-49.38223, -25.4256795]}, "properties": {"id": 409772578, "feat_type": "way", "quality_categories": "missing_tags, older_than_five_years", "issue_ids": "[89, 6]", "osm_url": "https://www.openstreetmap.org/way/409772578", "josm_url": "http://127.0.0.1:8111/load_object?new_layer=false&objects=w409772578", "id_url": "https://www.openstreetmap.org/edit?editor=id&way=409772578#map=20/-25.4256795/-49.38223"}}, {"type": "Feature", "geometry": {"type": "Point", "coordinates": [-49.3375061, -25.393198]}, "properties": {"id": 410547898, "feat_type": "way", "quality_categories": "missing_tags, older_than_five_years", "issue_ids": "[92, 6]", "osm_url": "https://www.openstreetmap.org/way/410547898", "josm_url": "http://127.0.0.1:8111/load_object?new_layer=false&objects=w410547898", "id_url": "https://www.openstreetmap.org/edit?editor=id&way=410547898#map=20/-25.393198/-49.3375061"}}, {"type": "Feature", "geometry": {"type": "Point", "coordinates": [-49.3341875, -25.393786]}, "properties": {"id": 410554187, "feat_type": "way", "quality_categories": "missing_tags, older_than_five_years", "issue_ids": "[56, 6]", "osm_url": "https://www.openstreetmap.org/way/410554187", "josm_url": "http://127.0.0.1:8111/load_object?new_layer=false&objects=w410554187", "id_url": "https://www.openstreetmap.org/edit?editor=id&way=410554187#map=20/-25.393786/-49.3341875"}}, {"type": "Feature", "geometry": {"type": "Point", "coordinates": [-49.3172223, -25.4145659]}, "properties": {"id": 413381801, "feat_type": "way", "quality_categories": "missing_tags, older_than_five_years", "issue_ids": "[57, 6]", "osm_url": "https://www.openstreetmap.org/way/413381801", "josm_url": "http://127.0.0.1:8111/load_object?new_layer=false&objects=w413381801", "id_url": "https://www.openstreetmap.org/edit?editor=id&way=413381801#map=20/-25.4145659/-49.3172223"}}, {"type": "Feature", "geometry": {"type": "Point", "coordinates": [-49.3187495, -25.4124844]}, "properties": {"id": 413615302, "feat_type": "way", "quality_categories": "missing_tags, older_than_five_years", "issue_ids": "[56, 6]", "osm_url": "https://www.openstreetmap.org/way/413615302", "josm_url": "http://127.0.0.1:8111/load_object?new_layer=false&objects=w413615302", "id_url": "https://www.openstreetmap.org/edit?editor=id&way=413615302#map=20/-25.4124844/-49.3187495"}}, {"type": "Feature", "geometry": {"type": "Point", "coordinates": [-49.3189895, -25.4125053]}, "properties": {"id": 413615303, "feat_type": "way", "quality_categories": "missing_tags, older_than_five_years", "issue_ids": "[56, 6]", "osm_url": "https://www.openstreetmap.org/way/413615303", "josm_url": "http://127.0.0.1:8111/load_object?new_layer=false&objects=w413615303", "id_url": "https://www.openstreetmap.org/edit?editor=id&way=413615303#map=20/-25.4125053/-49.3189895"}}, {"type": "Feature", "geometry": {"type": "Point", "coordinates": [-49.3187495, -25.4124844]}, "properties": {"id": 413615304, "feat_type": "way", "quality_categories": "missing_tags, older_than_five_years", "issue_ids": "[216, 6]", "osm_url": "https://www.openstreetmap.org/way/413615304", "josm_url": "http://127.0.0.1:8111/load_object?new_layer=false&objects=w413615304", "id_url": "https://www.openstreetmap.org/edit?editor=id&way=413615304#map=20/-25.4124844/-49.3187495"}}, {"type": "Feature", "geometry": {"type": "Point", "coordinates": [-49.3245083, -25.4179706]}, "properties": {"id": 413685421, "feat_type": "way", "quality_categories": "missing_tags, older_than_five_years", "issue_ids": "[25, 6]", "osm_url": "https://www.openstreetmap.org/way/413685421", "josm_url": "http://127.0.0.1:8111/load_object?new_layer=false&objects=w413685421", "id_url": "https://www.openstreetmap.org/edit?editor=id&way=413685421#map=20/-25.4179706/-49.3245083"}}, {"type": "Feature", "geometry": {"type": "Point", "coordinates": [-49.3258093, -25.4278781]}, "properties": {"id": 413887239, "feat_type": "way", "quality_categories": "missing_tags, older_than_five_years", "issue_ids": "[62, 6]", "osm_url": "https://www.openstreetmap.org/way/413887239", "josm_url": "http://127.0.0.1:8111/load_object?new_layer=false&objects=w413887239", "id_url": "https://www.openstreetmap.org/edit?editor=id&way=413887239#map=20/-25.4278781/-49.3258093"}}, {"type": "Feature", "geometry": {"type": "Point", "coordinates": [-49.2657002, -25.526214]}, "properties": {"id": 414016056, "feat_type": "way", "quality_categories": "missing_tags, older_than_five_years", "issue_ids": "[47, 6]", "osm_url": "https://www.openstreetmap.org/way/414016056", "josm_url": "http://127.0.0.1:8111/load_object?new_layer=false&objects=w414016056", "id_url": "https://www.openstreetmap.org/edit?editor=id&way=414016056#map=20/-25.526214/-49.2657002"}}, {"type": "Feature", "geometry": {"type": "Point", "coordinates": [-49.3199552, -25.465117]}, "properties": {"id": 415042765, "feat_type": "way", "quality_categories": "missing_tags, older_than_five_years", "issue_ids": "[217, 6]", "osm_url": "https://www.openstreetmap.org/way/415042765", "josm_url": "http://127.0.0.1:8111/load_object?new_layer=false&objects=w415042765", "id_url": "https://www.openstreetmap.org/edit?editor=id&way=415042765#map=20/-25.465117/-49.3199552"}}, {"type": "Feature", "geometry": {"type": "Point", "coordinates": [-49.3200389, -25.4651023]}, "properties": {"id": 415042769, "feat_type": "way", "quality_categories": "missing_tags, older_than_five_years", "issue_ids": "[217, 6]", "osm_url": "https://www.openstreetmap.org/way/415042769", "josm_url": "http://127.0.0.1:8111/load_object?new_layer=false&objects=w415042769", "id_url": "https://www.openstreetmap.org/edit?editor=id&way=415042769#map=20/-25.4651023/-49.3200389"}}, {"type": "Feature", "geometry": {"type": "Point", "coordinates": [-49.3285047, -25.4587234]}, "properties": {"id": 415311088, "feat_type": "way", "quality_categories": "missing_tags, older_than_five_years", "issue_ids": "[159, 6]", "osm_url": "https://www.openstreetmap.org/way/415311088", "josm_url": "http://127.0.0.1:8111/load_object?new_layer=false&objects=w415311088", "id_url": "https://www.openstreetmap.org/edit?editor=id&way=415311088#map=20/-25.4587234/-49.3285047"}}, {"type": "Feature", "geometry": {"type": "Point", "coordinates": [-49.2894378, -25.3809869]}, "properties": {"id": 416126382, "feat_type": "way", "quality_categories": "missing_tags, older_than_five_years", "issue_ids": "[25, 6]", "osm_url": "https://www.openstreetmap.org/way/416126382", "josm_url": "http://127.0.0.1:8111/load_object?new_layer=false&objects=w416126382", "id_url": "https://www.openstreetmap.org/edit?editor=id&way=416126382#map=20/-25.3809869/-49.2894378"}}, {"type": "Feature", "geometry": {"type": "Point", "coordinates": [-49.2887482, -25.3813985]}, "properties": {"id": 416126383, "feat_type": "way", "quality_categories": "missing_tags, older_than_five_years", "issue_ids": "[25, 6]", "osm_url": "https://www.openstreetmap.org/way/416126383", "josm_url": "http://127.0.0.1:8111/load_object?new_layer=false&objects=w416126383", "id_url": "https://www.openstreetmap.org/edit?editor=id&way=416126383#map=20/-25.3813985/-49.2887482"}}, {"type": "Feature", "geometry": {"type": "Point", "coordinates": [-49.2115791, -25.4255029]}, "properties": {"id": 416438478, "feat_type": "way", "quality_categories": "missing_tags, older_than_five_years", "issue_ids": "[218, 6]", "osm_url": "https://www.openstreetmap.org/way/416438478", "josm_url": "http://127.0.0.1:8111/load_object?new_layer=false&objects=w416438478", "id_url": "https://www.openstreetmap.org/edit?editor=id&way=416438478#map=20/-25.4255029/-49.2115791"}}, {"type": "Feature", "geometry": {"type": "Point", "coordinates": [-49.2116797, -25.4255091]}, "properties": {"id": 416438479, "feat_type": "way", "quality_categories": "missing_tags, older_than_five_years", "issue_ids": "[218, 6]", "osm_url": "https://www.openstreetmap.org/way/416438479", "josm_url": "http://127.0.0.1:8111/load_object?new_layer=false&objects=w416438479", "id_url": "https://www.openstreetmap.org/edit?editor=id&way=416438479#map=20/-25.4255091/-49.2116797"}}, {"type": "Feature", "geometry": {"type": "Point", "coordinates": [-49.2116808, -25.4254722]}, "properties": {"id": 416438480, "feat_type": "way", "quality_categories": "missing_tags, older_than_five_years", "issue_ids": "[218, 6]", "osm_url": "https://www.openstreetmap.org/way/416438480", "josm_url": "http://127.0.0.1:8111/load_object?new_layer=false&objects=w416438480", "id_url": "https://www.openstreetmap.org/edit?editor=id&way=416438480#map=20/-25.4254722/-49.2116808"}}, {"type": "Feature", "geometry": {"type": "Point", "coordinates": [-49.2116151, -25.4255376]}, "properties": {"id": 416438481, "feat_type": "way", "quality_categories": "missing_tags, older_than_five_years", "issue_ids": "[218, 6]", "osm_url": "https://www.openstreetmap.org/way/416438481", "josm_url": "http://127.0.0.1:8111/load_object?new_layer=false&objects=w416438481", "id_url": "https://www.openstreetmap.org/edit?editor=id&way=416438481#map=20/-25.4255376/-49.2116151"}}, {"type": "Feature", "geometry": {"type": "Point", "coordinates": [-49.211579, -25.4254795]}, "properties": {"id": 416438482, "feat_type": "way", "quality_categories": "missing_tags, older_than_five_years", "issue_ids": "[218, 6]", "osm_url": "https://www.openstreetmap.org/way/416438482", "josm_url": "http://127.0.0.1:8111/load_object?new_layer=false&objects=w416438482", "id_url": "https://www.openstreetmap.org/edit?editor=id&way=416438482#map=20/-25.4254795/-49.211579"}}, {"type": "Feature", "geometry": {"type": "Point", "coordinates": [-49.2116384, -25.4254432]}, "properties": {"id": 416438483, "feat_type": "way", "quality_categories": "missing_tags, older_than_five_years", "issue_ids": "[218, 6]", "osm_url": "https://www.openstreetmap.org/way/416438483", "josm_url": "http://127.0.0.1:8111/load_object?new_layer=false&objects=w416438483", "id_url": "https://www.openstreetmap.org/edit?editor=id&way=416438483#map=20/-25.4254432/-49.2116384"}}, {"type": "Feature", "geometry": {"type": "Point", "coordinates": [-49.2116656, -25.4255653]}, "properties": {"id": 416438484, "feat_type": "way", "quality_categories": "missing_tags, older_than_five_years", "issue_ids": "[218, 6]", "osm_url": "https://www.openstreetmap.org/way/416438484", "josm_url": "http://127.0.0.1:8111/load_object?new_layer=false&objects=w416438484", "id_url": "https://www.openstreetmap.org/edit?editor=id&way=416438484#map=20/-25.4255653/-49.2116656"}}, {"type": "Feature", "geometry": {"type": "Point", "coordinates": [-49.2115744, -25.4254081]}, "properties": {"id": 416438485, "feat_type": "way", "quality_categories": "missing_tags, older_than_five_years", "issue_ids": "[218, 6]", "osm_url": "https://www.openstreetmap.org/way/416438485", "josm_url": "http://127.0.0.1:8111/load_object?new_layer=false&objects=w416438485", "id_url": "https://www.openstreetmap.org/edit?editor=id&way=416438485#map=20/-25.4254081/-49.2115744"}}, {"type": "Feature", "geometry": {"type": "Point", "coordinates": [-49.2117072, -25.425291]}, "properties": {"id": 416438486, "feat_type": "way", "quality_categories": "missing_tags, older_than_five_years", "issue_ids": "[218, 6]", "osm_url": "https://www.openstreetmap.org/way/416438486", "josm_url": "http://127.0.0.1:8111/load_object?new_layer=false&objects=w416438486", "id_url": "https://www.openstreetmap.org/edit?editor=id&way=416438486#map=20/-25.425291/-49.2117072"}}, {"type": "Feature", "geometry": {"type": "Point", "coordinates": [-49.2419963, -25.4230015]}, "properties": {"id": 421831220, "feat_type": "way", "quality_categories": "missing_tags, older_than_five_years", "issue_ids": "[219, 6]", "osm_url": "https://www.openstreetmap.org/way/421831220", "josm_url": "http://127.0.0.1:8111/load_object?new_layer=false&objects=w421831220", "id_url": "https://www.openstreetmap.org/edit?editor=id&way=421831220#map=20/-25.4230015/-49.2419963"}}, {"type": "Feature", "geometry": {"type": "Point", "coordinates": [-49.2277094, -25.4528178]}, "properties": {"id": 422195576, "feat_type": "way", "quality_categories": "missing_tags, older_than_five_years", "issue_ids": "[220, 6]", "osm_url": "https://www.openstreetmap.org/way/422195576", "josm_url": "http://127.0.0.1:8111/load_object?new_layer=false&objects=w422195576", "id_url": "https://www.openstreetmap.org/edit?editor=id&way=422195576#map=20/-25.4528178/-49.2277094"}}, {"type": "Feature", "geometry": {"type": "Point", "coordinates": [-49.326462, -25.5560177]}, "properties": {"id": 422475918, "feat_type": "way", "quality_categories": "missing_tags, older_than_five_years", "issue_ids": "[94, 6]", "osm_url": "https://www.openstreetmap.org/way/422475918", "josm_url": "http://127.0.0.1:8111/load_object?new_layer=false&objects=w422475918", "id_url": "https://www.openstreetmap.org/edit?editor=id&way=422475918#map=20/-25.5560177/-49.326462"}}, {"type": "Feature", "geometry": {"type": "Point", "coordinates": [-49.3279973, -25.5560026]}, "properties": {"id": 422475919, "feat_type": "way", "quality_categories": "missing_tags, older_than_five_years", "issue_ids": "[94, 6]", "osm_url": "https://www.openstreetmap.org/way/422475919", "josm_url": "http://127.0.0.1:8111/load_object?new_layer=false&objects=w422475919", "id_url": "https://www.openstreetmap.org/edit?editor=id&way=422475919#map=20/-25.5560026/-49.3279973"}}, {"type": "Feature", "geometry": {"type": "Point", "coordinates": [-49.292778, -25.40522]}, "properties": {"id": 422628527, "feat_type": "way", "quality_categories": "missing_tags, older_than_five_years", "issue_ids": "[221, 6]", "osm_url": "https://www.openstreetmap.org/way/422628527", "josm_url": "http://127.0.0.1:8111/load_object?new_layer=false&objects=w422628527", "id_url": "https://www.openstreetmap.org/edit?editor=id&way=422628527#map=20/-25.40522/-49.292778"}}, {"type": "Feature", "geometry": {"type": "Point", "coordinates": [-49.2802522, -25.3786652]}, "properties": {"id": 422662693, "feat_type": "way", "quality_categories": "missing_tags, older_than_five_years", "issue_ids": "[13, 6]", "osm_url": "https://www.openstreetmap.org/way/422662693", "josm_url": "http://127.0.0.1:8111/load_object?new_layer=false&objects=w422662693", "id_url": "https://www.openstreetmap.org/edit?editor=id&way=422662693#map=20/-25.3786652/-49.2802522"}}, {"type": "Feature", "geometry": {"type": "Point", "coordinates": [-49.2421528, -25.429246]}, "properties": {"id": 422985495, "feat_type": "way", "quality_categories": "missing_tags, older_than_five_years", "issue_ids": "[222, 6]", "osm_url": "https://www.openstreetmap.org/way/422985495", "josm_url": "http://127.0.0.1:8111/load_object?new_layer=false&objects=w422985495", "id_url": "https://www.openstreetmap.org/edit?editor=id&way=422985495#map=20/-25.429246/-49.2421528"}}, {"type": "Feature", "geometry": {"type": "Point", "coordinates": [-49.2600156, -25.3896442]}, "properties": {"id": 424734586, "feat_type": "way", "quality_categories": "missing_tags, older_than_five_years", "issue_ids": "[223, 6]", "osm_url": "https://www.openstreetmap.org/way/424734586", "josm_url": "http://127.0.0.1:8111/load_object?new_layer=false&objects=w424734586", "id_url": "https://www.openstreetmap.org/edit?editor=id&way=424734586#map=20/-25.3896442/-49.2600156"}}, {"type": "Feature", "geometry": {"type": "Point", "coordinates": [-49.3169438, -25.457809]}, "properties": {"id": 424919314, "feat_type": "way", "quality_categories": "missing_tags, older_than_five_years", "issue_ids": "[23, 6]", "osm_url": "https://www.openstreetmap.org/way/424919314", "josm_url": "http://127.0.0.1:8111/load_object?new_layer=false&objects=w424919314", "id_url": "https://www.openstreetmap.org/edit?editor=id&way=424919314#map=20/-25.457809/-49.3169438"}}, {"type": "Feature", "geometry": {"type": "Point", "coordinates": [-49.3618269, -25.4163603]}, "properties": {"id": 428668660, "feat_type": "way", "quality_categories": "missing_tags, older_than_five_years", "issue_ids": "[25, 6]", "osm_url": "https://www.openstreetmap.org/way/428668660", "josm_url": "http://127.0.0.1:8111/load_object?new_layer=false&objects=w428668660", "id_url": "https://www.openstreetmap.org/edit?editor=id&way=428668660#map=20/-25.4163603/-49.3618269"}}, {"type": "Feature", "geometry": {"type": "Point", "coordinates": [-49.3437008, -25.4120163]}, "properties": {"id": 430748768, "feat_type": "way", "quality_categories": "missing_tags, older_than_five_years", "issue_ids": "[39, 6]", "osm_url": "https://www.openstreetmap.org/way/430748768", "josm_url": "http://127.0.0.1:8111/load_object?new_layer=false&objects=w430748768", "id_url": "https://www.openstreetmap.org/edit?editor=id&way=430748768#map=20/-25.4120163/-49.3437008"}}, {"type": "Feature", "geometry": {"type": "Point", "coordinates": [-49.3467338, -25.4050939]}, "properties": {"id": 431698730, "feat_type": "way", "quality_categories": "missing_tags, older_than_five_years", "issue_ids": "[224, 6]", "osm_url": "https://www.openstreetmap.org/way/431698730", "josm_url": "http://127.0.0.1:8111/load_object?new_layer=false&objects=w431698730", "id_url": "https://www.openstreetmap.org/edit?editor=id&way=431698730#map=20/-25.4050939/-49.3467338"}}, {"type": "Feature", "geometry": {"type": "Point", "coordinates": [-49.312040048901096, -25.3824941]}, "properties": {"id": 432242974, "feat_type": "way", "quality_categories": "older_than_five_years", "issue_ids": "[15]", "osm_url": "https://www.openstreetmap.org/way/432242974", "josm_url": "http://127.0.0.1:8111/load_object?new_layer=false&objects=w432242974", "id_url": "https://www.openstreetmap.org/edit?editor=id&way=432242974#map=20/-25.3824941/-49.312040048901096"}}, {"type": "Feature", "geometry": {"type": "Point", "coordinates": [-49.2056538, -25.4943255]}, "properties": {"id": 435293290, "feat_type": "way", "quality_categories": "missing_tags, older_than_five_years", "issue_ids": "[208, 6]", "osm_url": "https://www.openstreetmap.org/way/435293290", "josm_url": "http://127.0.0.1:8111/load_object?new_layer=false&objects=w435293290", "id_url": "https://www.openstreetmap.org/edit?editor=id&way=435293290#map=20/-25.4943255/-49.2056538"}}, {"type": "Feature", "geometry": {"type": "Point", "coordinates": [-49.2663552, -25.5116313]}, "properties": {"id": 438399322, "feat_type": "way", "quality_categories": "missing_tags, older_than_five_years", "issue_ids": "[191, 6]", "osm_url": "https://www.openstreetmap.org/way/438399322", "josm_url": "http://127.0.0.1:8111/load_object?new_layer=false&objects=w438399322", "id_url": "https://www.openstreetmap.org/edit?editor=id&way=438399322#map=20/-25.5116313/-49.2663552"}}, {"type": "Feature", "geometry": {"type": "Point", "coordinates": [-49.2671639, -25.5118207]}, "properties": {"id": 438399323, "feat_type": "way", "quality_categories": "missing_tags, older_than_five_years", "issue_ids": "[191, 6]", "osm_url": "https://www.openstreetmap.org/way/438399323", "josm_url": "http://127.0.0.1:8111/load_object?new_layer=false&objects=w438399323", "id_url": "https://www.openstreetmap.org/edit?editor=id&way=438399323#map=20/-25.5118207/-49.2671639"}}, {"type": "Feature", "geometry": {"type": "Point", "coordinates": [-49.2679659, -25.5120137]}, "properties": {"id": 438399325, "feat_type": "way", "quality_categories": "missing_tags, older_than_five_years", "issue_ids": "[191, 6]", "osm_url": "https://www.openstreetmap.org/way/438399325", "josm_url": "http://127.0.0.1:8111/load_object?new_layer=false&objects=w438399325", "id_url": "https://www.openstreetmap.org/edit?editor=id&way=438399325#map=20/-25.5120137/-49.2679659"}}, {"type": "Feature", "geometry": {"type": "Point", "coordinates": [-49.2681228, -25.5120513]}, "properties": {"id": 438399327, "feat_type": "way", "quality_categories": "missing_tags, older_than_five_years", "issue_ids": "[191, 6]", "osm_url": "https://www.openstreetmap.org/way/438399327", "josm_url": "http://127.0.0.1:8111/load_object?new_layer=false&objects=w438399327", "id_url": "https://www.openstreetmap.org/edit?editor=id&way=438399327#map=20/-25.5120513/-49.2681228"}}, {"type": "Feature", "geometry": {"type": "Point", "coordinates": [-49.2702101, -25.5125363]}, "properties": {"id": 438399328, "feat_type": "way", "quality_categories": "missing_tags, older_than_five_years", "issue_ids": "[216, 6]", "osm_url": "https://www.openstreetmap.org/way/438399328", "josm_url": "http://127.0.0.1:8111/load_object?new_layer=false&objects=w438399328", "id_url": "https://www.openstreetmap.org/edit?editor=id&way=438399328#map=20/-25.5125363/-49.2702101"}}, {"type": "Feature", "geometry": {"type": "Point", "coordinates": [-49.2621572, -25.5106236]}, "properties": {"id": 438399731, "feat_type": "way", "quality_categories": "missing_tags, older_than_five_years", "issue_ids": "[225, 6]", "osm_url": "https://www.openstreetmap.org/way/438399731", "josm_url": "http://127.0.0.1:8111/load_object?new_layer=false&objects=w438399731", "id_url": "https://www.openstreetmap.org/edit?editor=id&way=438399731#map=20/-25.5106236/-49.2621572"}}, {"type": "Feature", "geometry": {"type": "Point", "coordinates": [-49.2682254, -25.558586]}, "properties": {"id": 439143603, "feat_type": "way", "quality_categories": "missing_tags, older_than_five_years", "issue_ids": "[226, 6]", "osm_url": "https://www.openstreetmap.org/way/439143603", "josm_url": "http://127.0.0.1:8111/load_object?new_layer=false&objects=w439143603", "id_url": "https://www.openstreetmap.org/edit?editor=id&way=439143603#map=20/-25.558586/-49.2682254"}}, {"type": "Feature", "geometry": {"type": "Point", "coordinates": [-49.3044975, -25.5518624]}, "properties": {"id": 441357204, "feat_type": "way", "quality_categories": "missing_tags, older_than_five_years", "issue_ids": "[85, 6]", "osm_url": "https://www.openstreetmap.org/way/441357204", "josm_url": "http://127.0.0.1:8111/load_object?new_layer=false&objects=w441357204", "id_url": "https://www.openstreetmap.org/edit?editor=id&way=441357204#map=20/-25.5518624/-49.3044975"}}, {"type": "Feature", "geometry": {"type": "Point", "coordinates": [-49.3164142, -25.5461309]}, "properties": {"id": 441357205, "feat_type": "way", "quality_categories": "older_than_five_years", "issue_ids": "[227]", "osm_url": "https://www.openstreetmap.org/way/441357205", "josm_url": "http://127.0.0.1:8111/load_object?new_layer=false&objects=w441357205", "id_url": "https://www.openstreetmap.org/edit?editor=id&way=441357205#map=20/-25.5461309/-49.3164142"}}, {"type": "Feature", "geometry": {"type": "Point", "coordinates": [-49.3291609, -25.4793098]}, "properties": {"id": 441623487, "feat_type": "way", "quality_categories": "older_than_five_years", "issue_ids": "[228]", "osm_url": "https://www.openstreetmap.org/way/441623487", "josm_url": "http://127.0.0.1:8111/load_object?new_layer=false&objects=w441623487", "id_url": "https://www.openstreetmap.org/edit?editor=id&way=441623487#map=20/-25.4793098/-49.3291609"}}, {"type": "Feature", "geometry": {"type": "Point", "coordinates": [-49.3313006, -25.4794484]}, "properties": {"id": 441623491, "feat_type": "way", "quality_categories": "older_than_five_years", "issue_ids": "[229]", "osm_url": "https://www.openstreetmap.org/way/441623491", "josm_url": "http://127.0.0.1:8111/load_object?new_layer=false&objects=w441623491", "id_url": "https://www.openstreetmap.org/edit?editor=id&way=441623491#map=20/-25.4794484/-49.3313006"}}, {"type": "Feature", "geometry": {"type": "Point", "coordinates": [-49.3289627, -25.4785594]}, "properties": {"id": 441623492, "feat_type": "way", "quality_categories": "older_than_five_years", "issue_ids": "[70]", "osm_url": "https://www.openstreetmap.org/way/441623492", "josm_url": "http://127.0.0.1:8111/load_object?new_layer=false&objects=w441623492", "id_url": "https://www.openstreetmap.org/edit?editor=id&way=441623492#map=20/-25.4785594/-49.3289627"}}, {"type": "Feature", "geometry": {"type": "Point", "coordinates": [-49.3306477, -25.4792098]}, "properties": {"id": 441623493, "feat_type": "way", "quality_categories": "older_than_five_years", "issue_ids": "[70]", "osm_url": "https://www.openstreetmap.org/way/441623493", "josm_url": "http://127.0.0.1:8111/load_object?new_layer=false&objects=w441623493", "id_url": "https://www.openstreetmap.org/edit?editor=id&way=441623493#map=20/-25.4792098/-49.3306477"}}, {"type": "Feature", "geometry": {"type": "Point", "coordinates": [-49.3052691, -25.3958648]}, "properties": {"id": 443358325, "feat_type": "way", "quality_categories": "missing_tags, older_than_five_years", "issue_ids": "[15, 6]", "osm_url": "https://www.openstreetmap.org/way/443358325", "josm_url": "http://127.0.0.1:8111/load_object?new_layer=false&objects=w443358325", "id_url": "https://www.openstreetmap.org/edit?editor=id&way=443358325#map=20/-25.3958648/-49.3052691"}}, {"type": "Feature", "geometry": {"type": "Point", "coordinates": [-49.3059931, -25.3934908]}, "properties": {"id": 444409859, "feat_type": "way", "quality_categories": "missing_tags, older_than_five_years", "issue_ids": "[65, 6]", "osm_url": "https://www.openstreetmap.org/way/444409859", "josm_url": "http://127.0.0.1:8111/load_object?new_layer=false&objects=w444409859", "id_url": "https://www.openstreetmap.org/edit?editor=id&way=444409859#map=20/-25.3934908/-49.3059931"}}, {"type": "Feature", "geometry": {"type": "Point", "coordinates": [-49.3059931, -25.3934908]}, "properties": {"id": 444409860, "feat_type": "way", "quality_categories": "missing_tags, older_than_five_years", "issue_ids": "[65, 6]", "osm_url": "https://www.openstreetmap.org/way/444409860", "josm_url": "http://127.0.0.1:8111/load_object?new_layer=false&objects=w444409860", "id_url": "https://www.openstreetmap.org/edit?editor=id&way=444409860#map=20/-25.3934908/-49.3059931"}}, {"type": "Feature", "geometry": {"type": "Point", "coordinates": [-49.2763491, -25.4708351]}, "properties": {"id": 446333506, "feat_type": "way", "quality_categories": "missing_tags, older_than_five_years", "issue_ids": "[230, 6]", "osm_url": "https://www.openstreetmap.org/way/446333506", "josm_url": "http://127.0.0.1:8111/load_object?new_layer=false&objects=w446333506", "id_url": "https://www.openstreetmap.org/edit?editor=id&way=446333506#map=20/-25.4708351/-49.2763491"}}, {"type": "Feature", "geometry": {"type": "Point", "coordinates": [-49.3388611, -25.5554112]}, "properties": {"id": 450230055, "feat_type": "way", "quality_categories": "missing_tags, older_than_five_years", "issue_ids": "[188, 6]", "osm_url": "https://www.openstreetmap.org/way/450230055", "josm_url": "http://127.0.0.1:8111/load_object?new_layer=false&objects=w450230055", "id_url": "https://www.openstreetmap.org/edit?editor=id&way=450230055#map=20/-25.5554112/-49.3388611"}}, {"type": "Feature", "geometry": {"type": "Point", "coordinates": [-49.3388833, -25.5553728]}, "properties": {"id": 450230056, "feat_type": "way", "quality_categories": "missing_tags, older_than_five_years", "issue_ids": "[188, 6]", "osm_url": "https://www.openstreetmap.org/way/450230056", "josm_url": "http://127.0.0.1:8111/load_object?new_layer=false&objects=w450230056", "id_url": "https://www.openstreetmap.org/edit?editor=id&way=450230056#map=20/-25.5553728/-49.3388833"}}, {"type": "Feature", "geometry": {"type": "Point", "coordinates": [-49.3390302, -25.5551636]}, "properties": {"id": 450230057, "feat_type": "way", "quality_categories": "missing_tags, older_than_five_years", "issue_ids": "[188, 6]", "osm_url": "https://www.openstreetmap.org/way/450230057", "josm_url": "http://127.0.0.1:8111/load_object?new_layer=false&objects=w450230057", "id_url": "https://www.openstreetmap.org/edit?editor=id&way=450230057#map=20/-25.5551636/-49.3390302"}}, {"type": "Feature", "geometry": {"type": "Point", "coordinates": [-49.3441673, -25.5665717]}, "properties": {"id": 450230058, "feat_type": "way", "quality_categories": "missing_tags, older_than_five_years", "issue_ids": "[211, 6]", "osm_url": "https://www.openstreetmap.org/way/450230058", "josm_url": "http://127.0.0.1:8111/load_object?new_layer=false&objects=w450230058", "id_url": "https://www.openstreetmap.org/edit?editor=id&way=450230058#map=20/-25.5665717/-49.3441673"}}, {"type": "Feature", "geometry": {"type": "Point", "coordinates": [-49.30077690176425, -25.46441205]}, "properties": {"id": 452857103, "feat_type": "way", "quality_categories": "missing_tags, older_than_five_years", "issue_ids": "[231, 6]", "osm_url": "https://www.openstreetmap.org/way/452857103", "josm_url": "http://127.0.0.1:8111/load_object?new_layer=false&objects=w452857103", "id_url": "https://www.openstreetmap.org/edit?editor=id&way=452857103#map=20/-25.46441205/-49.30077690176425"}}, {"type": "Feature", "geometry": {"type": "Point", "coordinates": [-49.2988791, -25.4588063]}, "properties": {"id": 461679060, "feat_type": "way", "quality_categories": "older_than_five_years", "issue_ids": "[232]", "osm_url": "https://www.openstreetmap.org/way/461679060", "josm_url": "http://127.0.0.1:8111/load_object?new_layer=false&objects=w461679060", "id_url": "https://www.openstreetmap.org/edit?editor=id&way=461679060#map=20/-25.4588063/-49.2988791"}}, {"type": "Feature", "geometry": {"type": "Point", "coordinates": [-49.2989291, -25.4598967]}, "properties": {"id": 461679061, "feat_type": "way", "quality_categories": "older_than_five_years", "issue_ids": "[232]", "osm_url": "https://www.openstreetmap.org/way/461679061", "josm_url": "http://127.0.0.1:8111/load_object?new_layer=false&objects=w461679061", "id_url": "https://www.openstreetmap.org/edit?editor=id&way=461679061#map=20/-25.4598967/-49.2989291"}}, {"type": "Feature", "geometry": {"type": "Point", "coordinates": [-49.299172, -25.4586859]}, "properties": {"id": 461679062, "feat_type": "way", "quality_categories": "missing_tags, older_than_five_years", "issue_ids": "[233, 6]", "osm_url": "https://www.openstreetmap.org/way/461679062", "josm_url": "http://127.0.0.1:8111/load_object?new_layer=false&objects=w461679062", "id_url": "https://www.openstreetmap.org/edit?editor=id&way=461679062#map=20/-25.4586859/-49.299172"}}, {"type": "Feature", "geometry": {"type": "Point", "coordinates": [-49.2985711, -25.4590306]}, "properties": {"id": 461679063, "feat_type": "way", "quality_categories": "missing_tags, older_than_five_years", "issue_ids": "[232, 6]", "osm_url": "https://www.openstreetmap.org/way/461679063", "josm_url": "http://127.0.0.1:8111/load_object?new_layer=false&objects=w461679063", "id_url": "https://www.openstreetmap.org/edit?editor=id&way=461679063#map=20/-25.4590306/-49.2985711"}}, {"type": "Feature", "geometry": {"type": "Point", "coordinates": [-49.298810369180856, -25.4582792]}, "properties": {"id": 461679065, "feat_type": "way", "quality_categories": "missing_tags, older_than_five_years", "issue_ids": "[232, 6]", "osm_url": "https://www.openstreetmap.org/way/461679065", "josm_url": "http://127.0.0.1:8111/load_object?new_layer=false&objects=w461679065", "id_url": "https://www.openstreetmap.org/edit?editor=id&way=461679065#map=20/-25.4582792/-49.298810369180856"}}, {"type": "Feature", "geometry": {"type": "Point", "coordinates": [-49.2986281, -25.4592776]}, "properties": {"id": 461679067, "feat_type": "way", "quality_categories": "missing_tags, older_than_five_years", "issue_ids": "[232, 6]", "osm_url": "https://www.openstreetmap.org/way/461679067", "josm_url": "http://127.0.0.1:8111/load_object?new_layer=false&objects=w461679067", "id_url": "https://www.openstreetmap.org/edit?editor=id&way=461679067#map=20/-25.4592776/-49.2986281"}}, {"type": "Feature", "geometry": {"type": "Point", "coordinates": [-49.333534, -25.478606]}, "properties": {"id": 463424032, "feat_type": "way", "quality_categories": "older_than_five_years", "issue_ids": "[234]", "osm_url": "https://www.openstreetmap.org/way/463424032", "josm_url": "http://127.0.0.1:8111/load_object?new_layer=false&objects=w463424032", "id_url": "https://www.openstreetmap.org/edit?editor=id&way=463424032#map=20/-25.478606/-49.333534"}}, {"type": "Feature", "geometry": {"type": "Point", "coordinates": [-49.32358407920338, -25.4762165]}, "properties": {"id": 463433152, "feat_type": "way", "quality_categories": "missing_tags, older_than_five_years", "issue_ids": "[135, 6]", "osm_url": "https://www.openstreetmap.org/way/463433152", "josm_url": "http://127.0.0.1:8111/load_object?new_layer=false&objects=w463433152", "id_url": "https://www.openstreetmap.org/edit?editor=id&way=463433152#map=20/-25.4762165/-49.32358407920338"}}, {"type": "Feature", "geometry": {"type": "Point", "coordinates": [-49.3235025, -25.4763198]}, "properties": {"id": 463433156, "feat_type": "way", "quality_categories": "missing_tags, older_than_five_years", "issue_ids": "[135, 6]", "osm_url": "https://www.openstreetmap.org/way/463433156", "josm_url": "http://127.0.0.1:8111/load_object?new_layer=false&objects=w463433156", "id_url": "https://www.openstreetmap.org/edit?editor=id&way=463433156#map=20/-25.4763198/-49.3235025"}}, {"type": "Feature", "geometry": {"type": "Point", "coordinates": [-49.3234656, -25.4761668]}, "properties": {"id": 463433157, "feat_type": "way", "quality_categories": "missing_tags, older_than_five_years", "issue_ids": "[135, 6]", "osm_url": "https://www.openstreetmap.org/way/463433157", "josm_url": "http://127.0.0.1:8111/load_object?new_layer=false&objects=w463433157", "id_url": "https://www.openstreetmap.org/edit?editor=id&way=463433157#map=20/-25.4761668/-49.3234656"}}, {"type": "Feature", "geometry": {"type": "Point", "coordinates": [-49.321301, -25.4726498]}, "properties": {"id": 463433162, "feat_type": "way", "quality_categories": "older_than_five_years", "issue_ids": "[235]", "osm_url": "https://www.openstreetmap.org/way/463433162", "josm_url": "http://127.0.0.1:8111/load_object?new_layer=false&objects=w463433162", "id_url": "https://www.openstreetmap.org/edit?editor=id&way=463433162#map=20/-25.4726498/-49.321301"}}, {"type": "Feature", "geometry": {"type": "Point", "coordinates": [-49.3223009, -25.471242]}, "properties": {"id": 463433163, "feat_type": "way", "quality_categories": "older_than_five_years", "issue_ids": "[217]", "osm_url": "https://www.openstreetmap.org/way/463433163", "josm_url": "http://127.0.0.1:8111/load_object?new_layer=false&objects=w463433163", "id_url": "https://www.openstreetmap.org/edit?editor=id&way=463433163#map=20/-25.471242/-49.3223009"}}, {"type": "Feature", "geometry": {"type": "Point", "coordinates": [-49.3228753, -25.4714934]}, "properties": {"id": 464278725, "feat_type": "way", "quality_categories": "older_than_five_years", "issue_ids": "[235]", "osm_url": "https://www.openstreetmap.org/way/464278725", "josm_url": "http://127.0.0.1:8111/load_object?new_layer=false&objects=w464278725", "id_url": "https://www.openstreetmap.org/edit?editor=id&way=464278725#map=20/-25.4714934/-49.3228753"}}, {"type": "Feature", "geometry": {"type": "Point", "coordinates": [-49.3220395, -25.4710759]}, "properties": {"id": 464278731, "feat_type": "way", "quality_categories": "older_than_five_years", "issue_ids": "[235]", "osm_url": "https://www.openstreetmap.org/way/464278731", "josm_url": "http://127.0.0.1:8111/load_object?new_layer=false&objects=w464278731", "id_url": "https://www.openstreetmap.org/edit?editor=id&way=464278731#map=20/-25.4710759/-49.3220395"}}, {"type": "Feature", "geometry": {"type": "Point", "coordinates": [-49.3213487, -25.4701742]}, "properties": {"id": 464278732, "feat_type": "way", "quality_categories": "older_than_five_years", "issue_ids": "[236]", "osm_url": "https://www.openstreetmap.org/way/464278732", "josm_url": "http://127.0.0.1:8111/load_object?new_layer=false&objects=w464278732", "id_url": "https://www.openstreetmap.org/edit?editor=id&way=464278732#map=20/-25.4701742/-49.3213487"}}, {"type": "Feature", "geometry": {"type": "Point", "coordinates": [-49.3215045, -25.4705256]}, "properties": {"id": 464278733, "feat_type": "way", "quality_categories": "older_than_five_years", "issue_ids": "[237]", "osm_url": "https://www.openstreetmap.org/way/464278733", "josm_url": "http://127.0.0.1:8111/load_object?new_layer=false&objects=w464278733", "id_url": "https://www.openstreetmap.org/edit?editor=id&way=464278733#map=20/-25.4705256/-49.3215045"}}, {"type": "Feature", "geometry": {"type": "Point", "coordinates": [-49.3265967, -25.4729257]}, "properties": {"id": 464278736, "feat_type": "way", "quality_categories": "older_than_five_years", "issue_ids": "[217]", "osm_url": "https://www.openstreetmap.org/way/464278736", "josm_url": "http://127.0.0.1:8111/load_object?new_layer=false&objects=w464278736", "id_url": "https://www.openstreetmap.org/edit?editor=id&way=464278736#map=20/-25.4729257/-49.3265967"}}, {"type": "Feature", "geometry": {"type": "Point", "coordinates": [-49.3266046, -25.4724839]}, "properties": {"id": 464278739, "feat_type": "way", "quality_categories": "older_than_five_years", "issue_ids": "[217]", "osm_url": "https://www.openstreetmap.org/way/464278739", "josm_url": "http://127.0.0.1:8111/load_object?new_layer=false&objects=w464278739", "id_url": "https://www.openstreetmap.org/edit?editor=id&way=464278739#map=20/-25.4724839/-49.3266046"}}, {"type": "Feature", "geometry": {"type": "Point", "coordinates": [-49.3213384, -25.4722659]}, "properties": {"id": 464443757, "feat_type": "way", "quality_categories": "missing_tags, older_than_five_years", "issue_ids": "[235, 6]", "osm_url": "https://www.openstreetmap.org/way/464443757", "josm_url": "http://127.0.0.1:8111/load_object?new_layer=false&objects=w464443757", "id_url": "https://www.openstreetmap.org/edit?editor=id&way=464443757#map=20/-25.4722659/-49.3213384"}}, {"type": "Feature", "geometry": {"type": "Point", "coordinates": [-49.3212552, -25.4728665]}, "properties": {"id": 464443758, "feat_type": "way", "quality_categories": "older_than_five_years", "issue_ids": "[235]", "osm_url": "https://www.openstreetmap.org/way/464443758", "josm_url": "http://127.0.0.1:8111/load_object?new_layer=false&objects=w464443758", "id_url": "https://www.openstreetmap.org/edit?editor=id&way=464443758#map=20/-25.4728665/-49.3212552"}}, {"type": "Feature", "geometry": {"type": "Point", "coordinates": [-49.3222637, -25.4729488]}, "properties": {"id": 464443760, "feat_type": "way", "quality_categories": "older_than_five_years", "issue_ids": "[235]", "osm_url": "https://www.openstreetmap.org/way/464443760", "josm_url": "http://127.0.0.1:8111/load_object?new_layer=false&objects=w464443760", "id_url": "https://www.openstreetmap.org/edit?editor=id&way=464443760#map=20/-25.4729488/-49.3222637"}}, {"type": "Feature", "geometry": {"type": "Point", "coordinates": [-49.3226419, -25.4725613]}, "properties": {"id": 464443761, "feat_type": "way", "quality_categories": "older_than_five_years", "issue_ids": "[235]", "osm_url": "https://www.openstreetmap.org/way/464443761", "josm_url": "http://127.0.0.1:8111/load_object?new_layer=false&objects=w464443761", "id_url": "https://www.openstreetmap.org/edit?editor=id&way=464443761#map=20/-25.4725613/-49.3226419"}}, {"type": "Feature", "geometry": {"type": "Point", "coordinates": [-49.3226232, -25.4726025]}, "properties": {"id": 464443762, "feat_type": "way", "quality_categories": "older_than_five_years", "issue_ids": "[66]", "osm_url": "https://www.openstreetmap.org/way/464443762", "josm_url": "http://127.0.0.1:8111/load_object?new_layer=false&objects=w464443762", "id_url": "https://www.openstreetmap.org/edit?editor=id&way=464443762#map=20/-25.4726025/-49.3226232"}}, {"type": "Feature", "geometry": {"type": "Point", "coordinates": [-49.3240481, -25.4731777]}, "properties": {"id": 464443764, "feat_type": "way", "quality_categories": "older_than_five_years", "issue_ids": "[238]", "osm_url": "https://www.openstreetmap.org/way/464443764", "josm_url": "http://127.0.0.1:8111/load_object?new_layer=false&objects=w464443764", "id_url": "https://www.openstreetmap.org/edit?editor=id&way=464443764#map=20/-25.4731777/-49.3240481"}}, {"type": "Feature", "geometry": {"type": "Point", "coordinates": [-49.322965, -25.4736833]}, "properties": {"id": 464443765, "feat_type": "way", "quality_categories": "older_than_five_years", "issue_ids": "[235]", "osm_url": "https://www.openstreetmap.org/way/464443765", "josm_url": "http://127.0.0.1:8111/load_object?new_layer=false&objects=w464443765", "id_url": "https://www.openstreetmap.org/edit?editor=id&way=464443765#map=20/-25.4736833/-49.322965"}}, {"type": "Feature", "geometry": {"type": "Point", "coordinates": [-49.3241397, -25.4740169]}, "properties": {"id": 464443766, "feat_type": "way", "quality_categories": "older_than_five_years", "issue_ids": "[239]", "osm_url": "https://www.openstreetmap.org/way/464443766", "josm_url": "http://127.0.0.1:8111/load_object?new_layer=false&objects=w464443766", "id_url": "https://www.openstreetmap.org/edit?editor=id&way=464443766#map=20/-25.4740169/-49.3241397"}}, {"type": "Feature", "geometry": {"type": "Point", "coordinates": [-49.2473392, -25.5055757]}, "properties": {"id": 465641728, "feat_type": "way", "quality_categories": "missing_tags, older_than_five_years", "issue_ids": "[240, 6]", "osm_url": "https://www.openstreetmap.org/way/465641728", "josm_url": "http://127.0.0.1:8111/load_object?new_layer=false&objects=w465641728", "id_url": "https://www.openstreetmap.org/edit?editor=id&way=465641728#map=20/-25.5055757/-49.2473392"}}, {"type": "Feature", "geometry": {"type": "Point", "coordinates": [-49.2470721, -25.5055715]}, "properties": {"id": 465643313, "feat_type": "way", "quality_categories": "missing_tags, older_than_five_years", "issue_ids": "[240, 6]", "osm_url": "https://www.openstreetmap.org/way/465643313", "josm_url": "http://127.0.0.1:8111/load_object?new_layer=false&objects=w465643313", "id_url": "https://www.openstreetmap.org/edit?editor=id&way=465643313#map=20/-25.5055715/-49.2470721"}}, {"type": "Feature", "geometry": {"type": "Point", "coordinates": [-49.2659179, -25.5241584]}, "properties": {"id": 465648643, "feat_type": "way", "quality_categories": "missing_tags, older_than_five_years", "issue_ids": "[240, 6]", "osm_url": "https://www.openstreetmap.org/way/465648643", "josm_url": "http://127.0.0.1:8111/load_object?new_layer=false&objects=w465648643", "id_url": "https://www.openstreetmap.org/edit?editor=id&way=465648643#map=20/-25.5241584/-49.2659179"}}, {"type": "Feature", "geometry": {"type": "Point", "coordinates": [-49.2657021, -25.5241024]}, "properties": {"id": 465648644, "feat_type": "way", "quality_categories": "missing_tags, older_than_five_years", "issue_ids": "[240, 6]", "osm_url": "https://www.openstreetmap.org/way/465648644", "josm_url": "http://127.0.0.1:8111/load_object?new_layer=false&objects=w465648644", "id_url": "https://www.openstreetmap.org/edit?editor=id&way=465648644#map=20/-25.5241024/-49.2657021"}}, {"type": "Feature", "geometry": {"type": "Point", "coordinates": [-49.2657021, -25.5241024]}, "properties": {"id": 465648645, "feat_type": "way", "quality_categories": "missing_tags, older_than_five_years", "issue_ids": "[240, 6]", "osm_url": "https://www.openstreetmap.org/way/465648645", "josm_url": "http://127.0.0.1:8111/load_object?new_layer=false&objects=w465648645", "id_url": "https://www.openstreetmap.org/edit?editor=id&way=465648645#map=20/-25.5241024/-49.2657021"}}, {"type": "Feature", "geometry": {"type": "Point", "coordinates": [-49.2655473, -25.5240686]}, "properties": {"id": 465648646, "feat_type": "way", "quality_categories": "missing_tags, older_than_five_years", "issue_ids": "[240, 6]", "osm_url": "https://www.openstreetmap.org/way/465648646", "josm_url": "http://127.0.0.1:8111/load_object?new_layer=false&objects=w465648646", "id_url": "https://www.openstreetmap.org/edit?editor=id&way=465648646#map=20/-25.5240686/-49.2655473"}}, {"type": "Feature", "geometry": {"type": "Point", "coordinates": [-49.2705315, -25.5099368]}, "properties": {"id": 468339259, "feat_type": "way", "quality_categories": "missing_tags, older_than_five_years", "issue_ids": "[241, 6]", "osm_url": "https://www.openstreetmap.org/way/468339259", "josm_url": "http://127.0.0.1:8111/load_object?new_layer=false&objects=w468339259", "id_url": "https://www.openstreetmap.org/edit?editor=id&way=468339259#map=20/-25.5099368/-49.2705315"}}, {"type": "Feature", "geometry": {"type": "Point", "coordinates": [-49.2705351, -25.5098773]}, "properties": {"id": 468339260, "feat_type": "way", "quality_categories": "missing_tags, older_than_five_years", "issue_ids": "[241, 6]", "osm_url": "https://www.openstreetmap.org/way/468339260", "josm_url": "http://127.0.0.1:8111/load_object?new_layer=false&objects=w468339260", "id_url": "https://www.openstreetmap.org/edit?editor=id&way=468339260#map=20/-25.5098773/-49.2705351"}}, {"type": "Feature", "geometry": {"type": "Point", "coordinates": [-49.2703902, -25.5096369]}, "properties": {"id": 468339261, "feat_type": "way", "quality_categories": "missing_tags, older_than_five_years", "issue_ids": "[241, 6]", "osm_url": "https://www.openstreetmap.org/way/468339261", "josm_url": "http://127.0.0.1:8111/load_object?new_layer=false&objects=w468339261", "id_url": "https://www.openstreetmap.org/edit?editor=id&way=468339261#map=20/-25.5096369/-49.2703902"}}, {"type": "Feature", "geometry": {"type": "Point", "coordinates": [-49.2704359, -25.5093113]}, "properties": {"id": 468339262, "feat_type": "way", "quality_categories": "missing_tags, older_than_five_years", "issue_ids": "[241, 6]", "osm_url": "https://www.openstreetmap.org/way/468339262", "josm_url": "http://127.0.0.1:8111/load_object?new_layer=false&objects=w468339262", "id_url": "https://www.openstreetmap.org/edit?editor=id&way=468339262#map=20/-25.5093113/-49.2704359"}}, {"type": "Feature", "geometry": {"type": "Point", "coordinates": [-49.2700128, -25.5098158]}, "properties": {"id": 468339263, "feat_type": "way", "quality_categories": "missing_tags, older_than_five_years", "issue_ids": "[241, 6]", "osm_url": "https://www.openstreetmap.org/way/468339263", "josm_url": "http://127.0.0.1:8111/load_object?new_layer=false&objects=w468339263", "id_url": "https://www.openstreetmap.org/edit?editor=id&way=468339263#map=20/-25.5098158/-49.2700128"}}, {"type": "Feature", "geometry": {"type": "Point", "coordinates": [-49.2696254, -25.5093546]}, "properties": {"id": 468339264, "feat_type": "way", "quality_categories": "missing_tags, older_than_five_years", "issue_ids": "[241, 6]", "osm_url": "https://www.openstreetmap.org/way/468339264", "josm_url": "http://127.0.0.1:8111/load_object?new_layer=false&objects=w468339264", "id_url": "https://www.openstreetmap.org/edit?editor=id&way=468339264#map=20/-25.5093546/-49.2696254"}}, {"type": "Feature", "geometry": {"type": "Point", "coordinates": [-49.2699099, -25.508667]}, "properties": {"id": 468339265, "feat_type": "way", "quality_categories": "missing_tags, older_than_five_years", "issue_ids": "[241, 6]", "osm_url": "https://www.openstreetmap.org/way/468339265", "josm_url": "http://127.0.0.1:8111/load_object?new_layer=false&objects=w468339265", "id_url": "https://www.openstreetmap.org/edit?editor=id&way=468339265#map=20/-25.508667/-49.2699099"}}, {"type": "Feature", "geometry": {"type": "Point", "coordinates": [-49.2698548, -25.5090675]}, "properties": {"id": 468339266, "feat_type": "way", "quality_categories": "missing_tags, older_than_five_years", "issue_ids": "[241, 6]", "osm_url": "https://www.openstreetmap.org/way/468339266", "josm_url": "http://127.0.0.1:8111/load_object?new_layer=false&objects=w468339266", "id_url": "https://www.openstreetmap.org/edit?editor=id&way=468339266#map=20/-25.5090675/-49.2698548"}}, {"type": "Feature", "geometry": {"type": "Point", "coordinates": [-49.2701222, -25.508861]}, "properties": {"id": 468339267, "feat_type": "way", "quality_categories": "missing_tags, older_than_five_years", "issue_ids": "[241, 6]", "osm_url": "https://www.openstreetmap.org/way/468339267", "josm_url": "http://127.0.0.1:8111/load_object?new_layer=false&objects=w468339267", "id_url": "https://www.openstreetmap.org/edit?editor=id&way=468339267#map=20/-25.508861/-49.2701222"}}, {"type": "Feature", "geometry": {"type": "Point", "coordinates": [-49.2697939, -25.5086791]}, "properties": {"id": 468339269, "feat_type": "way", "quality_categories": "missing_tags, older_than_five_years", "issue_ids": "[241, 6]", "osm_url": "https://www.openstreetmap.org/way/468339269", "josm_url": "http://127.0.0.1:8111/load_object?new_layer=false&objects=w468339269", "id_url": "https://www.openstreetmap.org/edit?editor=id&way=468339269#map=20/-25.5086791/-49.2697939"}}, {"type": "Feature", "geometry": {"type": "Point", "coordinates": [-49.2697939, -25.5086791]}, "properties": {"id": 468339270, "feat_type": "way", "quality_categories": "missing_tags, older_than_five_years", "issue_ids": "[241, 6]", "osm_url": "https://www.openstreetmap.org/way/468339270", "josm_url": "http://127.0.0.1:8111/load_object?new_layer=false&objects=w468339270", "id_url": "https://www.openstreetmap.org/edit?editor=id&way=468339270#map=20/-25.5086791/-49.2697939"}}, {"type": "Feature", "geometry": {"type": "Point", "coordinates": [-49.2707268, -25.5095678]}, "properties": {"id": 468339271, "feat_type": "way", "quality_categories": "missing_tags, older_than_five_years", "issue_ids": "[241, 6]", "osm_url": "https://www.openstreetmap.org/way/468339271", "josm_url": "http://127.0.0.1:8111/load_object?new_layer=false&objects=w468339271", "id_url": "https://www.openstreetmap.org/edit?editor=id&way=468339271#map=20/-25.5095678/-49.2707268"}}, {"type": "Feature", "geometry": {"type": "Point", "coordinates": [-49.2760015, -25.4395318]}, "properties": {"id": 468433187, "feat_type": "way", "quality_categories": "older_than_five_years", "issue_ids": "[242]", "osm_url": "https://www.openstreetmap.org/way/468433187", "josm_url": "http://127.0.0.1:8111/load_object?new_layer=false&objects=w468433187", "id_url": "https://www.openstreetmap.org/edit?editor=id&way=468433187#map=20/-25.4395318/-49.2760015"}}, {"type": "Feature", "geometry": {"type": "Point", "coordinates": [-49.2691276, -25.4391377]}, "properties": {"id": 468604986, "feat_type": "way", "quality_categories": "missing_tags, older_than_five_years", "issue_ids": "[243, 6]", "osm_url": "https://www.openstreetmap.org/way/468604986", "josm_url": "http://127.0.0.1:8111/load_object?new_layer=false&objects=w468604986", "id_url": "https://www.openstreetmap.org/edit?editor=id&way=468604986#map=20/-25.4391377/-49.2691276"}}, {"type": "Feature", "geometry": {"type": "Point", "coordinates": [-49.2693233, -25.4391519]}, "properties": {"id": 468604988, "feat_type": "way", "quality_categories": "missing_tags, older_than_five_years", "issue_ids": "[244, 6]", "osm_url": "https://www.openstreetmap.org/way/468604988", "josm_url": "http://127.0.0.1:8111/load_object?new_layer=false&objects=w468604988", "id_url": "https://www.openstreetmap.org/edit?editor=id&way=468604988#map=20/-25.4391519/-49.2693233"}}, {"type": "Feature", "geometry": {"type": "Point", "coordinates": [-49.2693233, -25.4391519]}, "properties": {"id": 468604990, "feat_type": "way", "quality_categories": "missing_tags, older_than_five_years", "issue_ids": "[245, 6]", "osm_url": "https://www.openstreetmap.org/way/468604990", "josm_url": "http://127.0.0.1:8111/load_object?new_layer=false&objects=w468604990", "id_url": "https://www.openstreetmap.org/edit?editor=id&way=468604990#map=20/-25.4391519/-49.2693233"}}, {"type": "Feature", "geometry": {"type": "Point", "coordinates": [-49.298545, -25.4510425]}, "properties": {"id": 469232454, "feat_type": "way", "quality_categories": "missing_tags, older_than_five_years", "issue_ids": "[246, 6]", "osm_url": "https://www.openstreetmap.org/way/469232454", "josm_url": "http://127.0.0.1:8111/load_object?new_layer=false&objects=w469232454", "id_url": "https://www.openstreetmap.org/edit?editor=id&way=469232454#map=20/-25.4510425/-49.298545"}}, {"type": "Feature", "geometry": {"type": "Point", "coordinates": [-49.331077, -25.479796]}, "properties": {"id": 469468761, "feat_type": "way", "quality_categories": "older_than_five_years", "issue_ids": "[247]", "osm_url": "https://www.openstreetmap.org/way/469468761", "josm_url": "http://127.0.0.1:8111/load_object?new_layer=false&objects=w469468761", "id_url": "https://www.openstreetmap.org/edit?editor=id&way=469468761#map=20/-25.479796/-49.331077"}}, {"type": "Feature", "geometry": {"type": "Point", "coordinates": [-49.2600855, -25.522124]}, "properties": {"id": 469522712, "feat_type": "way", "quality_categories": "missing_tags, older_than_five_years", "issue_ids": "[219, 6]", "osm_url": "https://www.openstreetmap.org/way/469522712", "josm_url": "http://127.0.0.1:8111/load_object?new_layer=false&objects=w469522712", "id_url": "https://www.openstreetmap.org/edit?editor=id&way=469522712#map=20/-25.522124/-49.2600855"}}, {"type": "Feature", "geometry": {"type": "Point", "coordinates": [-49.2875513, -25.4458968]}, "properties": {"id": 473465274, "feat_type": "way", "quality_categories": "missing_tags, older_than_five_years", "issue_ids": "[133, 6]", "osm_url": "https://www.openstreetmap.org/way/473465274", "josm_url": "http://127.0.0.1:8111/load_object?new_layer=false&objects=w473465274", "id_url": "https://www.openstreetmap.org/edit?editor=id&way=473465274#map=20/-25.4458968/-49.2875513"}}, {"type": "Feature", "geometry": {"type": "Point", "coordinates": [-49.2877339, -25.446039]}, "properties": {"id": 473465277, "feat_type": "way", "quality_categories": "missing_tags, older_than_five_years", "issue_ids": "[133, 6]", "osm_url": "https://www.openstreetmap.org/way/473465277", "josm_url": "http://127.0.0.1:8111/load_object?new_layer=false&objects=w473465277", "id_url": "https://www.openstreetmap.org/edit?editor=id&way=473465277#map=20/-25.446039/-49.2877339"}}, {"type": "Feature", "geometry": {"type": "Point", "coordinates": [-49.2873511, -25.4458816]}, "properties": {"id": 473465278, "feat_type": "way", "quality_categories": "missing_tags, older_than_five_years", "issue_ids": "[133, 6]", "osm_url": "https://www.openstreetmap.org/way/473465278", "josm_url": "http://127.0.0.1:8111/load_object?new_layer=false&objects=w473465278", "id_url": "https://www.openstreetmap.org/edit?editor=id&way=473465278#map=20/-25.4458816/-49.2873511"}}, {"type": "Feature", "geometry": {"type": "Point", "coordinates": [-49.2874635, -25.4460338]}, "properties": {"id": 473465279, "feat_type": "way", "quality_categories": "missing_tags, older_than_five_years", "issue_ids": "[133, 6]", "osm_url": "https://www.openstreetmap.org/way/473465279", "josm_url": "http://127.0.0.1:8111/load_object?new_layer=false&objects=w473465279", "id_url": "https://www.openstreetmap.org/edit?editor=id&way=473465279#map=20/-25.4460338/-49.2874635"}}, {"type": "Feature", "geometry": {"type": "Point", "coordinates": [-49.3288305, -25.4789615]}, "properties": {"id": 473856868, "feat_type": "way", "quality_categories": "older_than_five_years", "issue_ids": "[217]", "osm_url": "https://www.openstreetmap.org/way/473856868", "josm_url": "http://127.0.0.1:8111/load_object?new_layer=false&objects=w473856868", "id_url": "https://www.openstreetmap.org/edit?editor=id&way=473856868#map=20/-25.4789615/-49.3288305"}}, {"type": "Feature", "geometry": {"type": "Point", "coordinates": [-49.2713218, -25.4279264]}, "properties": {"id": 474492885, "feat_type": "way", "quality_categories": "missing_tags, older_than_five_years", "issue_ids": "[248, 6]", "osm_url": "https://www.openstreetmap.org/way/474492885", "josm_url": "http://127.0.0.1:8111/load_object?new_layer=false&objects=w474492885", "id_url": "https://www.openstreetmap.org/edit?editor=id&way=474492885#map=20/-25.4279264/-49.2713218"}}, {"type": "Feature", "geometry": {"type": "Point", "coordinates": [-49.2615584, -25.4270914]}, "properties": {"id": 474843167, "feat_type": "way", "quality_categories": "older_than_five_years", "issue_ids": "[249]", "osm_url": "https://www.openstreetmap.org/way/474843167", "josm_url": "http://127.0.0.1:8111/load_object?new_layer=false&objects=w474843167", "id_url": "https://www.openstreetmap.org/edit?editor=id&way=474843167#map=20/-25.4270914/-49.2615584"}}, {"type": "Feature", "geometry": {"type": "Point", "coordinates": [-49.2617292, -25.426647]}, "properties": {"id": 474843169, "feat_type": "way", "quality_categories": "missing_tags, older_than_five_years", "issue_ids": "[250, 6]", "osm_url": "https://www.openstreetmap.org/way/474843169", "josm_url": "http://127.0.0.1:8111/load_object?new_layer=false&objects=w474843169", "id_url": "https://www.openstreetmap.org/edit?editor=id&way=474843169#map=20/-25.426647/-49.2617292"}}, {"type": "Feature", "geometry": {"type": "Point", "coordinates": [-49.2623422, -25.4268737]}, "properties": {"id": 474843173, "feat_type": "way", "quality_categories": "missing_tags, older_than_five_years", "issue_ids": "[251, 6]", "osm_url": "https://www.openstreetmap.org/way/474843173", "josm_url": "http://127.0.0.1:8111/load_object?new_layer=false&objects=w474843173", "id_url": "https://www.openstreetmap.org/edit?editor=id&way=474843173#map=20/-25.4268737/-49.2623422"}}, {"type": "Feature", "geometry": {"type": "Point", "coordinates": [-49.2621006, -25.4267843]}, "properties": {"id": 474843175, "feat_type": "way", "quality_categories": "older_than_five_years", "issue_ids": "[249]", "osm_url": "https://www.openstreetmap.org/way/474843175", "josm_url": "http://127.0.0.1:8111/load_object?new_layer=false&objects=w474843175", "id_url": "https://www.openstreetmap.org/edit?editor=id&way=474843175#map=20/-25.4267843/-49.2621006"}}, {"type": "Feature", "geometry": {"type": "Point", "coordinates": [-49.2617043, -25.4267942]}, "properties": {"id": 474843176, "feat_type": "way", "quality_categories": "older_than_five_years", "issue_ids": "[171]", "osm_url": "https://www.openstreetmap.org/way/474843176", "josm_url": "http://127.0.0.1:8111/load_object?new_layer=false&objects=w474843176", "id_url": "https://www.openstreetmap.org/edit?editor=id&way=474843176#map=20/-25.4267942/-49.2617043"}}, {"type": "Feature", "geometry": {"type": "Point", "coordinates": [-49.2620869, -25.4269444]}, "properties": {"id": 474843178, "feat_type": "way", "quality_categories": "older_than_five_years", "issue_ids": "[171]", "osm_url": "https://www.openstreetmap.org/way/474843178", "josm_url": "http://127.0.0.1:8111/load_object?new_layer=false&objects=w474843178", "id_url": "https://www.openstreetmap.org/edit?editor=id&way=474843178#map=20/-25.4269444/-49.2620869"}}, {"type": "Feature", "geometry": {"type": "Point", "coordinates": [-49.2618405, -25.4269376]}, "properties": {"id": 474843179, "feat_type": "way", "quality_categories": "older_than_five_years", "issue_ids": "[171]", "osm_url": "https://www.openstreetmap.org/way/474843179", "josm_url": "http://127.0.0.1:8111/load_object?new_layer=false&objects=w474843179", "id_url": "https://www.openstreetmap.org/edit?editor=id&way=474843179#map=20/-25.4269376/-49.2618405"}}, {"type": "Feature", "geometry": {"type": "Point", "coordinates": [-49.2616638, -25.4268766]}, "properties": {"id": 474843181, "feat_type": "way", "quality_categories": "missing_tags, older_than_five_years", "issue_ids": "[171, 6]", "osm_url": "https://www.openstreetmap.org/way/474843181", "josm_url": "http://127.0.0.1:8111/load_object?new_layer=false&objects=w474843181", "id_url": "https://www.openstreetmap.org/edit?editor=id&way=474843181#map=20/-25.4268766/-49.2616638"}}, {"type": "Feature", "geometry": {"type": "Point", "coordinates": [-49.2570308, -25.4362392]}, "properties": {"id": 475087811, "feat_type": "way", "quality_categories": "missing_tags, older_than_five_years", "issue_ids": "[70, 6]", "osm_url": "https://www.openstreetmap.org/way/475087811", "josm_url": "http://127.0.0.1:8111/load_object?new_layer=false&objects=w475087811", "id_url": "https://www.openstreetmap.org/edit?editor=id&way=475087811#map=20/-25.4362392/-49.2570308"}}, {"type": "Feature", "geometry": {"type": "Point", "coordinates": [-49.339097, -25.5848671]}, "properties": {"id": 478256015, "feat_type": "way", "quality_categories": "missing_tags, older_than_five_years", "issue_ids": "[62, 6]", "osm_url": "https://www.openstreetmap.org/way/478256015", "josm_url": "http://127.0.0.1:8111/load_object?new_layer=false&objects=w478256015", "id_url": "https://www.openstreetmap.org/edit?editor=id&way=478256015#map=20/-25.5848671/-49.339097"}}, {"type": "Feature", "geometry": {"type": "Point", "coordinates": [-49.3364366, -25.5856026]}, "properties": {"id": 478256024, "feat_type": "way", "quality_categories": "missing_tags, older_than_five_years", "issue_ids": "[62, 6]", "osm_url": "https://www.openstreetmap.org/way/478256024", "josm_url": "http://127.0.0.1:8111/load_object?new_layer=false&objects=w478256024", "id_url": "https://www.openstreetmap.org/edit?editor=id&way=478256024#map=20/-25.5856026/-49.3364366"}}, {"type": "Feature", "geometry": {"type": "Point", "coordinates": [-49.3411568, -25.5927715]}, "properties": {"id": 478256034, "feat_type": "way", "quality_categories": "missing_tags, older_than_five_years", "issue_ids": "[62, 6]", "osm_url": "https://www.openstreetmap.org/way/478256034", "josm_url": "http://127.0.0.1:8111/load_object?new_layer=false&objects=w478256034", "id_url": "https://www.openstreetmap.org/edit?editor=id&way=478256034#map=20/-25.5927715/-49.3411568"}}, {"type": "Feature", "geometry": {"type": "Point", "coordinates": [-49.2910469, -25.5083984]}, "properties": {"id": 478343079, "feat_type": "way", "quality_categories": "missing_tags, older_than_five_years", "issue_ids": "[252, 6]", "osm_url": "https://www.openstreetmap.org/way/478343079", "josm_url": "http://127.0.0.1:8111/load_object?new_layer=false&objects=w478343079", "id_url": "https://www.openstreetmap.org/edit?editor=id&way=478343079#map=20/-25.5083984/-49.2910469"}}, {"type": "Feature", "geometry": {"type": "Point", "coordinates": [-49.2906231, -25.5079888]}, "properties": {"id": 478345368, "feat_type": "way", "quality_categories": "missing_tags, older_than_five_years", "issue_ids": "[252, 6]", "osm_url": "https://www.openstreetmap.org/way/478345368", "josm_url": "http://127.0.0.1:8111/load_object?new_layer=false&objects=w478345368", "id_url": "https://www.openstreetmap.org/edit?editor=id&way=478345368#map=20/-25.5079888/-49.2906231"}}, {"type": "Feature", "geometry": {"type": "Point", "coordinates": [-49.2909303, -25.5082871]}, "properties": {"id": 478345369, "feat_type": "way", "quality_categories": "missing_tags, older_than_five_years", "issue_ids": "[252, 6]", "osm_url": "https://www.openstreetmap.org/way/478345369", "josm_url": "http://127.0.0.1:8111/load_object?new_layer=false&objects=w478345369", "id_url": "https://www.openstreetmap.org/edit?editor=id&way=478345369#map=20/-25.5082871/-49.2909303"}}, {"type": "Feature", "geometry": {"type": "Point", "coordinates": [-49.2910711, -25.5073127]}, "properties": {"id": 478345374, "feat_type": "way", "quality_categories": "missing_tags, older_than_five_years", "issue_ids": "[252, 6]", "osm_url": "https://www.openstreetmap.org/way/478345374", "josm_url": "http://127.0.0.1:8111/load_object?new_layer=false&objects=w478345374", "id_url": "https://www.openstreetmap.org/edit?editor=id&way=478345374#map=20/-25.5073127/-49.2910711"}}, {"type": "Feature", "geometry": {"type": "Point", "coordinates": [-49.290426, -25.5081346]}, "properties": {"id": 478345375, "feat_type": "way", "quality_categories": "missing_tags, older_than_five_years", "issue_ids": "[191, 6]", "osm_url": "https://www.openstreetmap.org/way/478345375", "josm_url": "http://127.0.0.1:8111/load_object?new_layer=false&objects=w478345375", "id_url": "https://www.openstreetmap.org/edit?editor=id&way=478345375#map=20/-25.5081346/-49.290426"}}, {"type": "Feature", "geometry": {"type": "Point", "coordinates": [-49.2908867, -25.508603]}, "properties": {"id": 478345377, "feat_type": "way", "quality_categories": "missing_tags, older_than_five_years", "issue_ids": "[252, 6]", "osm_url": "https://www.openstreetmap.org/way/478345377", "josm_url": "http://127.0.0.1:8111/load_object?new_layer=false&objects=w478345377", "id_url": "https://www.openstreetmap.org/edit?editor=id&way=478345377#map=20/-25.508603/-49.2908867"}}, {"type": "Feature", "geometry": {"type": "Point", "coordinates": [-49.2908384, -25.5086853]}, "properties": {"id": 478345378, "feat_type": "way", "quality_categories": "missing_tags, older_than_five_years", "issue_ids": "[252, 6]", "osm_url": "https://www.openstreetmap.org/way/478345378", "josm_url": "http://127.0.0.1:8111/load_object?new_layer=false&objects=w478345378", "id_url": "https://www.openstreetmap.org/edit?editor=id&way=478345378#map=20/-25.5086853/-49.2908384"}}, {"type": "Feature", "geometry": {"type": "Point", "coordinates": [-49.2912842, -25.5079722]}, "properties": {"id": 478345763, "feat_type": "way", "quality_categories": "missing_tags, older_than_five_years", "issue_ids": "[191, 6]", "osm_url": "https://www.openstreetmap.org/way/478345763", "josm_url": "http://127.0.0.1:8111/load_object?new_layer=false&objects=w478345763", "id_url": "https://www.openstreetmap.org/edit?editor=id&way=478345763#map=20/-25.5079722/-49.2912842"}}, {"type": "Feature", "geometry": {"type": "Point", "coordinates": [-49.2909063, -25.5088569]}, "properties": {"id": 478526631, "feat_type": "way", "quality_categories": "missing_tags, older_than_five_years", "issue_ids": "[253, 6]", "osm_url": "https://www.openstreetmap.org/way/478526631", "josm_url": "http://127.0.0.1:8111/load_object?new_layer=false&objects=w478526631", "id_url": "https://www.openstreetmap.org/edit?editor=id&way=478526631#map=20/-25.5088569/-49.2909063"}}, {"type": "Feature", "geometry": {"type": "Point", "coordinates": [-49.2906244, -25.5074895]}, "properties": {"id": 478689714, "feat_type": "way", "quality_categories": "missing_tags, older_than_five_years", "issue_ids": "[253, 6]", "osm_url": "https://www.openstreetmap.org/way/478689714", "josm_url": "http://127.0.0.1:8111/load_object?new_layer=false&objects=w478689714", "id_url": "https://www.openstreetmap.org/edit?editor=id&way=478689714#map=20/-25.5074895/-49.2906244"}}, {"type": "Feature", "geometry": {"type": "Point", "coordinates": [-49.2525609, -25.43554]}, "properties": {"id": 479303486, "feat_type": "way", "quality_categories": "missing_tags, older_than_five_years", "issue_ids": "[254, 6]", "osm_url": "https://www.openstreetmap.org/way/479303486", "josm_url": "http://127.0.0.1:8111/load_object?new_layer=false&objects=w479303486", "id_url": "https://www.openstreetmap.org/edit?editor=id&way=479303486#map=20/-25.43554/-49.2525609"}}, {"type": "Feature", "geometry": {"type": "Point", "coordinates": [-49.2900559, -25.46664]}, "properties": {"id": 479400983, "feat_type": "way", "quality_categories": "missing_tags, older_than_five_years", "issue_ids": "[255, 6]", "osm_url": "https://www.openstreetmap.org/way/479400983", "josm_url": "http://127.0.0.1:8111/load_object?new_layer=false&objects=w479400983", "id_url": "https://www.openstreetmap.org/edit?editor=id&way=479400983#map=20/-25.46664/-49.2900559"}}, {"type": "Feature", "geometry": {"type": "Point", "coordinates": [-49.2101674, -25.4900617]}, "properties": {"id": 480091503, "feat_type": "way", "quality_categories": "older_than_five_years", "issue_ids": "[256]", "osm_url": "https://www.openstreetmap.org/way/480091503", "josm_url": "http://127.0.0.1:8111/load_object?new_layer=false&objects=w480091503", "id_url": "https://www.openstreetmap.org/edit?editor=id&way=480091503#map=20/-25.4900617/-49.2101674"}}, {"type": "Feature", "geometry": {"type": "Point", "coordinates": [-49.2099229, -25.4899361]}, "properties": {"id": 480091504, "feat_type": "way", "quality_categories": "older_than_five_years", "issue_ids": "[256]", "osm_url": "https://www.openstreetmap.org/way/480091504", "josm_url": "http://127.0.0.1:8111/load_object?new_layer=false&objects=w480091504", "id_url": "https://www.openstreetmap.org/edit?editor=id&way=480091504#map=20/-25.4899361/-49.2099229"}}, {"type": "Feature", "geometry": {"type": "Point", "coordinates": [-49.2667777, -25.4095916]}, "properties": {"id": 480167993, "feat_type": "way", "quality_categories": "missing_tags, older_than_five_years", "issue_ids": "[87, 6]", "osm_url": "https://www.openstreetmap.org/way/480167993", "josm_url": "http://127.0.0.1:8111/load_object?new_layer=false&objects=w480167993", "id_url": "https://www.openstreetmap.org/edit?editor=id&way=480167993#map=20/-25.4095916/-49.2667777"}}, {"type": "Feature", "geometry": {"type": "Point", "coordinates": [-49.2674774, -25.4103674]}, "properties": {"id": 480168001, "feat_type": "way", "quality_categories": "missing_tags, older_than_five_years", "issue_ids": "[87, 6]", "osm_url": "https://www.openstreetmap.org/way/480168001", "josm_url": "http://127.0.0.1:8111/load_object?new_layer=false&objects=w480168001", "id_url": "https://www.openstreetmap.org/edit?editor=id&way=480168001#map=20/-25.4103674/-49.2674774"}}, {"type": "Feature", "geometry": {"type": "Point", "coordinates": [-49.2675847, -25.4093337]}, "properties": {"id": 480168008, "feat_type": "way", "quality_categories": "missing_tags, older_than_five_years", "issue_ids": "[257, 6]", "osm_url": "https://www.openstreetmap.org/way/480168008", "josm_url": "http://127.0.0.1:8111/load_object?new_layer=false&objects=w480168008", "id_url": "https://www.openstreetmap.org/edit?editor=id&way=480168008#map=20/-25.4093337/-49.2675847"}}, {"type": "Feature", "geometry": {"type": "Point", "coordinates": [-49.2669481, -25.4095563]}, "properties": {"id": 480168017, "feat_type": "way", "quality_categories": "older_than_five_years", "issue_ids": "[87]", "osm_url": "https://www.openstreetmap.org/way/480168017", "josm_url": "http://127.0.0.1:8111/load_object?new_layer=false&objects=w480168017", "id_url": "https://www.openstreetmap.org/edit?editor=id&way=480168017#map=20/-25.4095563/-49.2669481"}}, {"type": "Feature", "geometry": {"type": "Point", "coordinates": [-49.2671565, -25.4104303]}, "properties": {"id": 480168019, "feat_type": "way", "quality_categories": "older_than_five_years", "issue_ids": "[87]", "osm_url": "https://www.openstreetmap.org/way/480168019", "josm_url": "http://127.0.0.1:8111/load_object?new_layer=false&objects=w480168019", "id_url": "https://www.openstreetmap.org/edit?editor=id&way=480168019#map=20/-25.4104303/-49.2671565"}}, {"type": "Feature", "geometry": {"type": "Point", "coordinates": [-49.2668282, -25.409232]}, "properties": {"id": 480168021, "feat_type": "way", "quality_categories": "missing_tags, older_than_five_years", "issue_ids": "[257, 6]", "osm_url": "https://www.openstreetmap.org/way/480168021", "josm_url": "http://127.0.0.1:8111/load_object?new_layer=false&objects=w480168021", "id_url": "https://www.openstreetmap.org/edit?editor=id&way=480168021#map=20/-25.409232/-49.2668282"}}, {"type": "Feature", "geometry": {"type": "Point", "coordinates": [-49.2668049, -25.4091399]}, "properties": {"id": 480168023, "feat_type": "way", "quality_categories": "missing_tags, older_than_five_years", "issue_ids": "[257, 6]", "osm_url": "https://www.openstreetmap.org/way/480168023", "josm_url": "http://127.0.0.1:8111/load_object?new_layer=false&objects=w480168023", "id_url": "https://www.openstreetmap.org/edit?editor=id&way=480168023#map=20/-25.4091399/-49.2668049"}}, {"type": "Feature", "geometry": {"type": "Point", "coordinates": [-49.3317007, -25.4377876]}, "properties": {"id": 481811990, "feat_type": "way", "quality_categories": "missing_tags, older_than_five_years", "issue_ids": "[258, 6]", "osm_url": "https://www.openstreetmap.org/way/481811990", "josm_url": "http://127.0.0.1:8111/load_object?new_layer=false&objects=w481811990", "id_url": "https://www.openstreetmap.org/edit?editor=id&way=481811990#map=20/-25.4377876/-49.3317007"}}, {"type": "Feature", "geometry": {"type": "Point", "coordinates": [-49.2669707, -25.3727278]}, "properties": {"id": 482053848, "feat_type": "way", "quality_categories": "missing_tags, older_than_five_years", "issue_ids": "[259, 6]", "osm_url": "https://www.openstreetmap.org/way/482053848", "josm_url": "http://127.0.0.1:8111/load_object?new_layer=false&objects=w482053848", "id_url": "https://www.openstreetmap.org/edit?editor=id&way=482053848#map=20/-25.3727278/-49.2669707"}}, {"type": "Feature", "geometry": {"type": "Point", "coordinates": [-49.2671284, -25.3726381]}, "properties": {"id": 482053849, "feat_type": "way", "quality_categories": "missing_tags, older_than_five_years", "issue_ids": "[259, 6]", "osm_url": "https://www.openstreetmap.org/way/482053849", "josm_url": "http://127.0.0.1:8111/load_object?new_layer=false&objects=w482053849", "id_url": "https://www.openstreetmap.org/edit?editor=id&way=482053849#map=20/-25.3726381/-49.2671284"}}, {"type": "Feature", "geometry": {"type": "Point", "coordinates": [-49.2670114, -25.3727085]}, "properties": {"id": 482053850, "feat_type": "way", "quality_categories": "missing_tags, older_than_five_years", "issue_ids": "[45, 6]", "osm_url": "https://www.openstreetmap.org/way/482053850", "josm_url": "http://127.0.0.1:8111/load_object?new_layer=false&objects=w482053850", "id_url": "https://www.openstreetmap.org/edit?editor=id&way=482053850#map=20/-25.3727085/-49.2670114"}}, {"type": "Feature", "geometry": {"type": "Point", "coordinates": [-49.2620347, -25.4265348]}, "properties": {"id": 485381854, "feat_type": "way", "quality_categories": "older_than_five_years", "issue_ids": "[249]", "osm_url": "https://www.openstreetmap.org/way/485381854", "josm_url": "http://127.0.0.1:8111/load_object?new_layer=false&objects=w485381854", "id_url": "https://www.openstreetmap.org/edit?editor=id&way=485381854#map=20/-25.4265348/-49.2620347"}}, {"type": "Feature", "geometry": {"type": "Point", "coordinates": [-49.262151, -25.426803]}, "properties": {"id": 485381857, "feat_type": "way", "quality_categories": "older_than_five_years", "issue_ids": "[249]", "osm_url": "https://www.openstreetmap.org/way/485381857", "josm_url": "http://127.0.0.1:8111/load_object?new_layer=false&objects=w485381857", "id_url": "https://www.openstreetmap.org/edit?editor=id&way=485381857#map=20/-25.426803/-49.262151"}}, {"type": "Feature", "geometry": {"type": "Point", "coordinates": [-49.2617704, -25.4266622]}, "properties": {"id": 485381860, "feat_type": "way", "quality_categories": "missing_tags, older_than_five_years", "issue_ids": "[171, 6]", "osm_url": "https://www.openstreetmap.org/way/485381860", "josm_url": "http://127.0.0.1:8111/load_object?new_layer=false&objects=w485381860", "id_url": "https://www.openstreetmap.org/edit?editor=id&way=485381860#map=20/-25.4266622/-49.2617704"}}, {"type": "Feature", "geometry": {"type": "Point", "coordinates": [-49.2619493, -25.425976]}, "properties": {"id": 485381871, "feat_type": "way", "quality_categories": "older_than_five_years", "issue_ids": "[250]", "osm_url": "https://www.openstreetmap.org/way/485381871", "josm_url": "http://127.0.0.1:8111/load_object?new_layer=false&objects=w485381871", "id_url": "https://www.openstreetmap.org/edit?editor=id&way=485381871#map=20/-25.425976/-49.2619493"}}, {"type": "Feature", "geometry": {"type": "Point", "coordinates": [-49.2619054, -25.4262542]}, "properties": {"id": 485381874, "feat_type": "way", "quality_categories": "older_than_five_years", "issue_ids": "[260]", "osm_url": "https://www.openstreetmap.org/way/485381874", "josm_url": "http://127.0.0.1:8111/load_object?new_layer=false&objects=w485381874", "id_url": "https://www.openstreetmap.org/edit?editor=id&way=485381874#map=20/-25.4262542/-49.2619054"}}, {"type": "Feature", "geometry": {"type": "Point", "coordinates": [-49.2618019, -25.4262109]}, "properties": {"id": 485381877, "feat_type": "way", "quality_categories": "older_than_five_years", "issue_ids": "[260]", "osm_url": "https://www.openstreetmap.org/way/485381877", "josm_url": "http://127.0.0.1:8111/load_object?new_layer=false&objects=w485381877", "id_url": "https://www.openstreetmap.org/edit?editor=id&way=485381877#map=20/-25.4262109/-49.2618019"}}, {"type": "Feature", "geometry": {"type": "Point", "coordinates": [-49.2619077, -25.4259612]}, "properties": {"id": 485381888, "feat_type": "way", "quality_categories": "older_than_five_years", "issue_ids": "[260]", "osm_url": "https://www.openstreetmap.org/way/485381888", "josm_url": "http://127.0.0.1:8111/load_object?new_layer=false&objects=w485381888", "id_url": "https://www.openstreetmap.org/edit?editor=id&way=485381888#map=20/-25.4259612/-49.2619077"}}, {"type": "Feature", "geometry": {"type": "Point", "coordinates": [-49.2620539, -25.4270134]}, "properties": {"id": 485381900, "feat_type": "way", "quality_categories": "older_than_five_years", "issue_ids": "[171]", "osm_url": "https://www.openstreetmap.org/way/485381900", "josm_url": "http://127.0.0.1:8111/load_object?new_layer=false&objects=w485381900", "id_url": "https://www.openstreetmap.org/edit?editor=id&way=485381900#map=20/-25.4270134/-49.2620539"}}, {"type": "Feature", "geometry": {"type": "Point", "coordinates": [-49.2619, -25.4269588]}, "properties": {"id": 485381904, "feat_type": "way", "quality_categories": "older_than_five_years", "issue_ids": "[171]", "osm_url": "https://www.openstreetmap.org/way/485381904", "josm_url": "http://127.0.0.1:8111/load_object?new_layer=false&objects=w485381904", "id_url": "https://www.openstreetmap.org/edit?editor=id&way=485381904#map=20/-25.4269588/-49.2619"}}, {"type": "Feature", "geometry": {"type": "Point", "coordinates": [-49.2693877, -25.4170911]}, "properties": {"id": 485861514, "feat_type": "way", "quality_categories": "missing_tags, older_than_five_years", "issue_ids": "[261, 6]", "osm_url": "https://www.openstreetmap.org/way/485861514", "josm_url": "http://127.0.0.1:8111/load_object?new_layer=false&objects=w485861514", "id_url": "https://www.openstreetmap.org/edit?editor=id&way=485861514#map=20/-25.4170911/-49.2693877"}}, {"type": "Feature", "geometry": {"type": "Point", "coordinates": [-49.2655037, -25.4144771]}, "properties": {"id": 485861519, "feat_type": "way", "quality_categories": "missing_tags, older_than_five_years", "issue_ids": "[262, 6]", "osm_url": "https://www.openstreetmap.org/way/485861519", "josm_url": "http://127.0.0.1:8111/load_object?new_layer=false&objects=w485861519", "id_url": "https://www.openstreetmap.org/edit?editor=id&way=485861519#map=20/-25.4144771/-49.2655037"}}, {"type": "Feature", "geometry": {"type": "Point", "coordinates": [-49.2655679, -25.4144655]}, "properties": {"id": 485861521, "feat_type": "way", "quality_categories": "missing_tags, older_than_five_years", "issue_ids": "[262, 6]", "osm_url": "https://www.openstreetmap.org/way/485861521", "josm_url": "http://127.0.0.1:8111/load_object?new_layer=false&objects=w485861521", "id_url": "https://www.openstreetmap.org/edit?editor=id&way=485861521#map=20/-25.4144655/-49.2655679"}}, {"type": "Feature", "geometry": {"type": "Point", "coordinates": [-49.3062178, -25.4259707]}, "properties": {"id": 486155042, "feat_type": "way", "quality_categories": "missing_tags, older_than_five_years", "issue_ids": "[263, 6]", "osm_url": "https://www.openstreetmap.org/way/486155042", "josm_url": "http://127.0.0.1:8111/load_object?new_layer=false&objects=w486155042", "id_url": "https://www.openstreetmap.org/edit?editor=id&way=486155042#map=20/-25.4259707/-49.3062178"}}, {"type": "Feature", "geometry": {"type": "Point", "coordinates": [-49.3147399, -25.4292246]}, "properties": {"id": 486155045, "feat_type": "way", "quality_categories": "missing_tags, older_than_five_years", "issue_ids": "[264, 6]", "osm_url": "https://www.openstreetmap.org/way/486155045", "josm_url": "http://127.0.0.1:8111/load_object?new_layer=false&objects=w486155045", "id_url": "https://www.openstreetmap.org/edit?editor=id&way=486155045#map=20/-25.4292246/-49.3147399"}}, {"type": "Feature", "geometry": {"type": "Point", "coordinates": [-49.269933, -25.4137646]}, "properties": {"id": 486395323, "feat_type": "way", "quality_categories": "missing_tags, older_than_five_years", "issue_ids": "[248, 6]", "osm_url": "https://www.openstreetmap.org/way/486395323", "josm_url": "http://127.0.0.1:8111/load_object?new_layer=false&objects=w486395323", "id_url": "https://www.openstreetmap.org/edit?editor=id&way=486395323#map=20/-25.4137646/-49.269933"}}, {"type": "Feature", "geometry": {"type": "Point", "coordinates": [-49.2332873, -25.5296612]}, "properties": {"id": 487432465, "feat_type": "way", "quality_categories": "missing_tags, older_than_five_years", "issue_ids": "[265, 6]", "osm_url": "https://www.openstreetmap.org/way/487432465", "josm_url": "http://127.0.0.1:8111/load_object?new_layer=false&objects=w487432465", "id_url": "https://www.openstreetmap.org/edit?editor=id&way=487432465#map=20/-25.5296612/-49.2332873"}}, {"type": "Feature", "geometry": {"type": "Point", "coordinates": [-49.2333781, -25.5297861]}, "properties": {"id": 487432466, "feat_type": "way", "quality_categories": "missing_tags, older_than_five_years", "issue_ids": "[266, 6]", "osm_url": "https://www.openstreetmap.org/way/487432466", "josm_url": "http://127.0.0.1:8111/load_object?new_layer=false&objects=w487432466", "id_url": "https://www.openstreetmap.org/edit?editor=id&way=487432466#map=20/-25.5297861/-49.2333781"}}, {"type": "Feature", "geometry": {"type": "Point", "coordinates": [-49.3293493, -25.4368228]}, "properties": {"id": 488049236, "feat_type": "way", "quality_categories": "older_than_five_years", "issue_ids": "[267]", "osm_url": "https://www.openstreetmap.org/way/488049236", "josm_url": "http://127.0.0.1:8111/load_object?new_layer=false&objects=w488049236", "id_url": "https://www.openstreetmap.org/edit?editor=id&way=488049236#map=20/-25.4368228/-49.3293493"}}, {"type": "Feature", "geometry": {"type": "Point", "coordinates": [-49.3293197, -25.4367892]}, "properties": {"id": 488049237, "feat_type": "way", "quality_categories": "older_than_five_years", "issue_ids": "[267]", "osm_url": "https://www.openstreetmap.org/way/488049237", "josm_url": "http://127.0.0.1:8111/load_object?new_layer=false&objects=w488049237", "id_url": "https://www.openstreetmap.org/edit?editor=id&way=488049237#map=20/-25.4367892/-49.3293197"}}, {"type": "Feature", "geometry": {"type": "Point", "coordinates": [-49.3292753, -25.4367455]}, "properties": {"id": 488049238, "feat_type": "way", "quality_categories": "older_than_five_years", "issue_ids": "[267]", "osm_url": "https://www.openstreetmap.org/way/488049238", "josm_url": "http://127.0.0.1:8111/load_object?new_layer=false&objects=w488049238", "id_url": "https://www.openstreetmap.org/edit?editor=id&way=488049238#map=20/-25.4367455/-49.3292753"}}, {"type": "Feature", "geometry": {"type": "Point", "coordinates": [-49.328953, -25.4372272]}, "properties": {"id": 488049239, "feat_type": "way", "quality_categories": "older_than_five_years", "issue_ids": "[267]", "osm_url": "https://www.openstreetmap.org/way/488049239", "josm_url": "http://127.0.0.1:8111/load_object?new_layer=false&objects=w488049239", "id_url": "https://www.openstreetmap.org/edit?editor=id&way=488049239#map=20/-25.4372272/-49.328953"}}, {"type": "Feature", "geometry": {"type": "Point", "coordinates": [-49.3295479, -25.4366803]}, "properties": {"id": 488049240, "feat_type": "way", "quality_categories": "older_than_five_years", "issue_ids": "[267]", "osm_url": "https://www.openstreetmap.org/way/488049240", "josm_url": "http://127.0.0.1:8111/load_object?new_layer=false&objects=w488049240", "id_url": "https://www.openstreetmap.org/edit?editor=id&way=488049240#map=20/-25.4366803/-49.3295479"}}, {"type": "Feature", "geometry": {"type": "Point", "coordinates": [-49.3402789, -25.559247]}, "properties": {"id": 488220286, "feat_type": "way", "quality_categories": "older_than_five_years", "issue_ids": "[268]", "osm_url": "https://www.openstreetmap.org/way/488220286", "josm_url": "http://127.0.0.1:8111/load_object?new_layer=false&objects=w488220286", "id_url": "https://www.openstreetmap.org/edit?editor=id&way=488220286#map=20/-25.559247/-49.3402789"}}, {"type": "Feature", "geometry": {"type": "Point", "coordinates": [-49.341911, -25.5604043]}, "properties": {"id": 488220287, "feat_type": "way", "quality_categories": "older_than_five_years", "issue_ids": "[29]", "osm_url": "https://www.openstreetmap.org/way/488220287", "josm_url": "http://127.0.0.1:8111/load_object?new_layer=false&objects=w488220287", "id_url": "https://www.openstreetmap.org/edit?editor=id&way=488220287#map=20/-25.5604043/-49.341911"}}, {"type": "Feature", "geometry": {"type": "Point", "coordinates": [-49.3377253, -25.5579718]}, "properties": {"id": 488220288, "feat_type": "way", "quality_categories": "older_than_five_years", "issue_ids": "[216]", "osm_url": "https://www.openstreetmap.org/way/488220288", "josm_url": "http://127.0.0.1:8111/load_object?new_layer=false&objects=w488220288", "id_url": "https://www.openstreetmap.org/edit?editor=id&way=488220288#map=20/-25.5579718/-49.3377253"}}, {"type": "Feature", "geometry": {"type": "Point", "coordinates": [-49.2472978, -25.5483948]}, "properties": {"id": 488581396, "feat_type": "way", "quality_categories": "missing_tags, older_than_five_years", "issue_ids": "[269, 6]", "osm_url": "https://www.openstreetmap.org/way/488581396", "josm_url": "http://127.0.0.1:8111/load_object?new_layer=false&objects=w488581396", "id_url": "https://www.openstreetmap.org/edit?editor=id&way=488581396#map=20/-25.5483948/-49.2472978"}}, {"type": "Feature", "geometry": {"type": "Point", "coordinates": [-49.2471384, -25.5483]}, "properties": {"id": 488581397, "feat_type": "way", "quality_categories": "missing_tags, older_than_five_years", "issue_ids": "[270, 6]", "osm_url": "https://www.openstreetmap.org/way/488581397", "josm_url": "http://127.0.0.1:8111/load_object?new_layer=false&objects=w488581397", "id_url": "https://www.openstreetmap.org/edit?editor=id&way=488581397#map=20/-25.5483/-49.2471384"}}, {"type": "Feature", "geometry": {"type": "Point", "coordinates": [-49.2510249, -25.5488762]}, "properties": {"id": 488581401, "feat_type": "way", "quality_categories": "missing_tags, older_than_five_years", "issue_ids": "[270, 6]", "osm_url": "https://www.openstreetmap.org/way/488581401", "josm_url": "http://127.0.0.1:8111/load_object?new_layer=false&objects=w488581401", "id_url": "https://www.openstreetmap.org/edit?editor=id&way=488581401#map=20/-25.5488762/-49.2510249"}}, {"type": "Feature", "geometry": {"type": "Point", "coordinates": [-49.2510249, -25.5488762]}, "properties": {"id": 488581402, "feat_type": "way", "quality_categories": "missing_tags, older_than_five_years", "issue_ids": "[270, 6]", "osm_url": "https://www.openstreetmap.org/way/488581402", "josm_url": "http://127.0.0.1:8111/load_object?new_layer=false&objects=w488581402", "id_url": "https://www.openstreetmap.org/edit?editor=id&way=488581402#map=20/-25.5488762/-49.2510249"}}, {"type": "Feature", "geometry": {"type": "Point", "coordinates": [-49.251635, -25.5492186]}, "properties": {"id": 488581403, "feat_type": "way", "quality_categories": "missing_tags, older_than_five_years", "issue_ids": "[270, 6]", "osm_url": "https://www.openstreetmap.org/way/488581403", "josm_url": "http://127.0.0.1:8111/load_object?new_layer=false&objects=w488581403", "id_url": "https://www.openstreetmap.org/edit?editor=id&way=488581403#map=20/-25.5492186/-49.251635"}}, {"type": "Feature", "geometry": {"type": "Point", "coordinates": [-49.2515326, -25.5493689]}, "properties": {"id": 488581404, "feat_type": "way", "quality_categories": "missing_tags, older_than_five_years", "issue_ids": "[269, 6]", "osm_url": "https://www.openstreetmap.org/way/488581404", "josm_url": "http://127.0.0.1:8111/load_object?new_layer=false&objects=w488581404", "id_url": "https://www.openstreetmap.org/edit?editor=id&way=488581404#map=20/-25.5493689/-49.2515326"}}, {"type": "Feature", "geometry": {"type": "Point", "coordinates": [-49.268651, -25.415281]}, "properties": {"id": 488894414, "feat_type": "way", "quality_categories": "older_than_five_years", "issue_ids": "[178]", "osm_url": "https://www.openstreetmap.org/way/488894414", "josm_url": "http://127.0.0.1:8111/load_object?new_layer=false&objects=w488894414", "id_url": "https://www.openstreetmap.org/edit?editor=id&way=488894414#map=20/-25.415281/-49.268651"}}, {"type": "Feature", "geometry": {"type": "Point", "coordinates": [-49.3317251, -25.4798199]}, "properties": {"id": 488894423, "feat_type": "way", "quality_categories": "missing_tags, older_than_five_years", "issue_ids": "[228, 6]", "osm_url": "https://www.openstreetmap.org/way/488894423", "josm_url": "http://127.0.0.1:8111/load_object?new_layer=false&objects=w488894423", "id_url": "https://www.openstreetmap.org/edit?editor=id&way=488894423#map=20/-25.4798199/-49.3317251"}}, {"type": "Feature", "geometry": {"type": "Point", "coordinates": [-49.2162871, -25.5057443]}, "properties": {"id": 488894428, "feat_type": "way", "quality_categories": "missing_tags, older_than_five_years", "issue_ids": "[121, 6]", "osm_url": "https://www.openstreetmap.org/way/488894428", "josm_url": "http://127.0.0.1:8111/load_object?new_layer=false&objects=w488894428", "id_url": "https://www.openstreetmap.org/edit?editor=id&way=488894428#map=20/-25.5057443/-49.2162871"}}, {"type": "Feature", "geometry": {"type": "Point", "coordinates": [-49.261411, -25.490222]}, "properties": {"id": 489027049, "feat_type": "way", "quality_categories": "missing_tags, older_than_five_years", "issue_ids": "[271, 6]", "osm_url": "https://www.openstreetmap.org/way/489027049", "josm_url": "http://127.0.0.1:8111/load_object?new_layer=false&objects=w489027049", "id_url": "https://www.openstreetmap.org/edit?editor=id&way=489027049#map=20/-25.490222/-49.261411"}}, {"type": "Feature", "geometry": {"type": "Point", "coordinates": [-49.260162, -25.488613]}, "properties": {"id": 489027050, "feat_type": "way", "quality_categories": "missing_tags, older_than_five_years", "issue_ids": "[271, 6]", "osm_url": "https://www.openstreetmap.org/way/489027050", "josm_url": "http://127.0.0.1:8111/load_object?new_layer=false&objects=w489027050", "id_url": "https://www.openstreetmap.org/edit?editor=id&way=489027050#map=20/-25.488613/-49.260162"}}, {"type": "Feature", "geometry": {"type": "Point", "coordinates": [-49.3367682, -25.5089338]}, "properties": {"id": 489027051, "feat_type": "way", "quality_categories": "older_than_five_years", "issue_ids": "[271]", "osm_url": "https://www.openstreetmap.org/way/489027051", "josm_url": "http://127.0.0.1:8111/load_object?new_layer=false&objects=w489027051", "id_url": "https://www.openstreetmap.org/edit?editor=id&way=489027051#map=20/-25.5089338/-49.3367682"}}, {"type": "Feature", "geometry": {"type": "Point", "coordinates": [-49.3367623, -25.5093162]}, "properties": {"id": 489027052, "feat_type": "way", "quality_categories": "older_than_five_years", "issue_ids": "[271]", "osm_url": "https://www.openstreetmap.org/way/489027052", "josm_url": "http://127.0.0.1:8111/load_object?new_layer=false&objects=w489027052", "id_url": "https://www.openstreetmap.org/edit?editor=id&way=489027052#map=20/-25.5093162/-49.3367623"}}, {"type": "Feature", "geometry": {"type": "Point", "coordinates": [-49.337633, -25.50985]}, "properties": {"id": 489027053, "feat_type": "way", "quality_categories": "older_than_five_years", "issue_ids": "[271]", "osm_url": "https://www.openstreetmap.org/way/489027053", "josm_url": "http://127.0.0.1:8111/load_object?new_layer=false&objects=w489027053", "id_url": "https://www.openstreetmap.org/edit?editor=id&way=489027053#map=20/-25.50985/-49.337633"}}, {"type": "Feature", "geometry": {"type": "Point", "coordinates": [-49.336819, -25.509024]}, "properties": {"id": 489027055, "feat_type": "way", "quality_categories": "older_than_five_years", "issue_ids": "[23]", "osm_url": "https://www.openstreetmap.org/way/489027055", "josm_url": "http://127.0.0.1:8111/load_object?new_layer=false&objects=w489027055", "id_url": "https://www.openstreetmap.org/edit?editor=id&way=489027055#map=20/-25.509024/-49.336819"}}, {"type": "Feature", "geometry": {"type": "Point", "coordinates": [-49.3365857, -25.5141815]}, "properties": {"id": 489027057, "feat_type": "way", "quality_categories": "missing_tags, older_than_five_years", "issue_ids": "[271, 6]", "osm_url": "https://www.openstreetmap.org/way/489027057", "josm_url": "http://127.0.0.1:8111/load_object?new_layer=false&objects=w489027057", "id_url": "https://www.openstreetmap.org/edit?editor=id&way=489027057#map=20/-25.5141815/-49.3365857"}}, {"type": "Feature", "geometry": {"type": "Point", "coordinates": [-49.3365651, -25.507454]}, "properties": {"id": 489029282, "feat_type": "way", "quality_categories": "older_than_five_years", "issue_ids": "[271]", "osm_url": "https://www.openstreetmap.org/way/489029282", "josm_url": "http://127.0.0.1:8111/load_object?new_layer=false&objects=w489029282", "id_url": "https://www.openstreetmap.org/edit?editor=id&way=489029282#map=20/-25.507454/-49.3365651"}}, {"type": "Feature", "geometry": {"type": "Point", "coordinates": [-49.3360214, -25.5031994]}, "properties": {"id": 489029284, "feat_type": "way", "quality_categories": "older_than_five_years", "issue_ids": "[271]", "osm_url": "https://www.openstreetmap.org/way/489029284", "josm_url": "http://127.0.0.1:8111/load_object?new_layer=false&objects=w489029284", "id_url": "https://www.openstreetmap.org/edit?editor=id&way=489029284#map=20/-25.5031994/-49.3360214"}}, {"type": "Feature", "geometry": {"type": "Point", "coordinates": [-49.3344152, -25.4784451]}, "properties": {"id": 489030469, "feat_type": "way", "quality_categories": "missing_tags, older_than_five_years", "issue_ids": "[271, 6]", "osm_url": "https://www.openstreetmap.org/way/489030469", "josm_url": "http://127.0.0.1:8111/load_object?new_layer=false&objects=w489030469", "id_url": "https://www.openstreetmap.org/edit?editor=id&way=489030469#map=20/-25.4784451/-49.3344152"}}, {"type": "Feature", "geometry": {"type": "Point", "coordinates": [-49.2991907, -25.5447335]}, "properties": {"id": 489159042, "feat_type": "way", "quality_categories": "missing_tags, older_than_five_years", "issue_ids": "[208, 6]", "osm_url": "https://www.openstreetmap.org/way/489159042", "josm_url": "http://127.0.0.1:8111/load_object?new_layer=false&objects=w489159042", "id_url": "https://www.openstreetmap.org/edit?editor=id&way=489159042#map=20/-25.5447335/-49.2991907"}}, {"type": "Feature", "geometry": {"type": "Point", "coordinates": [-49.2997143, -25.5446584]}, "properties": {"id": 489159044, "feat_type": "way", "quality_categories": "missing_tags, older_than_five_years", "issue_ids": "[272, 6]", "osm_url": "https://www.openstreetmap.org/way/489159044", "josm_url": "http://127.0.0.1:8111/load_object?new_layer=false&objects=w489159044", "id_url": "https://www.openstreetmap.org/edit?editor=id&way=489159044#map=20/-25.5446584/-49.2997143"}}, {"type": "Feature", "geometry": {"type": "Point", "coordinates": [-49.3136561, -25.4666212]}, "properties": {"id": 510324357, "feat_type": "way", "quality_categories": "older_than_five_years", "issue_ids": "[273]", "osm_url": "https://www.openstreetmap.org/way/510324357", "josm_url": "http://127.0.0.1:8111/load_object?new_layer=false&objects=w510324357", "id_url": "https://www.openstreetmap.org/edit?editor=id&way=510324357#map=20/-25.4666212/-49.3136561"}}, {"type": "Feature", "geometry": {"type": "Point", "coordinates": [-49.3136561, -25.4666212]}, "properties": {"id": 510324358, "feat_type": "way", "quality_categories": "older_than_five_years", "issue_ids": "[273]", "osm_url": "https://www.openstreetmap.org/way/510324358", "josm_url": "http://127.0.0.1:8111/load_object?new_layer=false&objects=w510324358", "id_url": "https://www.openstreetmap.org/edit?editor=id&way=510324358#map=20/-25.4666212/-49.3136561"}}, {"type": "Feature", "geometry": {"type": "Point", "coordinates": [-49.3138103, -25.4667446]}, "properties": {"id": 510324359, "feat_type": "way", "quality_categories": "missing_tags, older_than_five_years", "issue_ids": "[273, 6]", "osm_url": "https://www.openstreetmap.org/way/510324359", "josm_url": "http://127.0.0.1:8111/load_object?new_layer=false&objects=w510324359", "id_url": "https://www.openstreetmap.org/edit?editor=id&way=510324359#map=20/-25.4667446/-49.3138103"}}, {"type": "Feature", "geometry": {"type": "Point", "coordinates": [-49.3138103, -25.4667446]}, "properties": {"id": 510324360, "feat_type": "way", "quality_categories": "missing_tags, older_than_five_years", "issue_ids": "[273, 6]", "osm_url": "https://www.openstreetmap.org/way/510324360", "josm_url": "http://127.0.0.1:8111/load_object?new_layer=false&objects=w510324360", "id_url": "https://www.openstreetmap.org/edit?editor=id&way=510324360#map=20/-25.4667446/-49.3138103"}}, {"type": "Feature", "geometry": {"type": "Point", "coordinates": [-49.3143663, -25.4665498]}, "properties": {"id": 510324361, "feat_type": "way", "quality_categories": "older_than_five_years", "issue_ids": "[273]", "osm_url": "https://www.openstreetmap.org/way/510324361", "josm_url": "http://127.0.0.1:8111/load_object?new_layer=false&objects=w510324361", "id_url": "https://www.openstreetmap.org/edit?editor=id&way=510324361#map=20/-25.4665498/-49.3143663"}}, {"type": "Feature", "geometry": {"type": "Point", "coordinates": [-49.3138119, -25.4668083]}, "properties": {"id": 513937876, "feat_type": "way", "quality_categories": "missing_tags, older_than_five_years", "issue_ids": "[16, 6]", "osm_url": "https://www.openstreetmap.org/way/513937876", "josm_url": "http://127.0.0.1:8111/load_object?new_layer=false&objects=w513937876", "id_url": "https://www.openstreetmap.org/edit?editor=id&way=513937876#map=20/-25.4668083/-49.3138119"}}, {"type": "Feature", "geometry": {"type": "Point", "coordinates": [-49.3138736, -25.4668149]}, "properties": {"id": 513937877, "feat_type": "way", "quality_categories": "missing_tags, older_than_five_years", "issue_ids": "[16, 6]", "osm_url": "https://www.openstreetmap.org/way/513937877", "josm_url": "http://127.0.0.1:8111/load_object?new_layer=false&objects=w513937877", "id_url": "https://www.openstreetmap.org/edit?editor=id&way=513937877#map=20/-25.4668149/-49.3138736"}}, {"type": "Feature", "geometry": {"type": "Point", "coordinates": [-49.3140156, -25.4667339]}, "properties": {"id": 513937878, "feat_type": "way", "quality_categories": "missing_tags, older_than_five_years", "issue_ids": "[16, 6]", "osm_url": "https://www.openstreetmap.org/way/513937878", "josm_url": "http://127.0.0.1:8111/load_object?new_layer=false&objects=w513937878", "id_url": "https://www.openstreetmap.org/edit?editor=id&way=513937878#map=20/-25.4667339/-49.3140156"}}, {"type": "Feature", "geometry": {"type": "Point", "coordinates": [-49.2092427, -25.4275255]}, "properties": {"id": 514859653, "feat_type": "way", "quality_categories": "missing_tags, older_than_five_years", "issue_ids": "[274, 6]", "osm_url": "https://www.openstreetmap.org/way/514859653", "josm_url": "http://127.0.0.1:8111/load_object?new_layer=false&objects=w514859653", "id_url": "https://www.openstreetmap.org/edit?editor=id&way=514859653#map=20/-25.4275255/-49.2092427"}}, {"type": "Feature", "geometry": {"type": "Point", "coordinates": [-49.3571684, -25.4500422]}, "properties": {"id": 514861799, "feat_type": "way", "quality_categories": "missing_tags, older_than_five_years", "issue_ids": "[274, 6]", "osm_url": "https://www.openstreetmap.org/way/514861799", "josm_url": "http://127.0.0.1:8111/load_object?new_layer=false&objects=w514861799", "id_url": "https://www.openstreetmap.org/edit?editor=id&way=514861799#map=20/-25.4500422/-49.3571684"}}, {"type": "Feature", "geometry": {"type": "Point", "coordinates": [-49.3579389, -25.4486128]}, "properties": {"id": 514862597, "feat_type": "way", "quality_categories": "missing_tags, older_than_five_years", "issue_ids": "[274, 6]", "osm_url": "https://www.openstreetmap.org/way/514862597", "josm_url": "http://127.0.0.1:8111/load_object?new_layer=false&objects=w514862597", "id_url": "https://www.openstreetmap.org/edit?editor=id&way=514862597#map=20/-25.4486128/-49.3579389"}}, {"type": "Feature", "geometry": {"type": "Point", "coordinates": [-49.3578693, -25.4473522]}, "properties": {"id": 514862599, "feat_type": "way", "quality_categories": "missing_tags, older_than_five_years", "issue_ids": "[274, 6]", "osm_url": "https://www.openstreetmap.org/way/514862599", "josm_url": "http://127.0.0.1:8111/load_object?new_layer=false&objects=w514862599", "id_url": "https://www.openstreetmap.org/edit?editor=id&way=514862599#map=20/-25.4473522/-49.3578693"}}, {"type": "Feature", "geometry": {"type": "Point", "coordinates": [-49.35836, -25.4466954]}, "properties": {"id": 514862614, "feat_type": "way", "quality_categories": "missing_tags, older_than_five_years", "issue_ids": "[274, 6]", "osm_url": "https://www.openstreetmap.org/way/514862614", "josm_url": "http://127.0.0.1:8111/load_object?new_layer=false&objects=w514862614", "id_url": "https://www.openstreetmap.org/edit?editor=id&way=514862614#map=20/-25.4466954/-49.35836"}}, {"type": "Feature", "geometry": {"type": "Point", "coordinates": [-49.358674, -25.4466985]}, "properties": {"id": 514862615, "feat_type": "way", "quality_categories": "missing_tags, older_than_five_years", "issue_ids": "[274, 6]", "osm_url": "https://www.openstreetmap.org/way/514862615", "josm_url": "http://127.0.0.1:8111/load_object?new_layer=false&objects=w514862615", "id_url": "https://www.openstreetmap.org/edit?editor=id&way=514862615#map=20/-25.4466985/-49.358674"}}, {"type": "Feature", "geometry": {"type": "Point", "coordinates": [-49.2828933, -25.5503592]}, "properties": {"id": 516517766, "feat_type": "way", "quality_categories": "missing_tags, older_than_five_years", "issue_ids": "[188, 6]", "osm_url": "https://www.openstreetmap.org/way/516517766", "josm_url": "http://127.0.0.1:8111/load_object?new_layer=false&objects=w516517766", "id_url": "https://www.openstreetmap.org/edit?editor=id&way=516517766#map=20/-25.5503592/-49.2828933"}}, {"type": "Feature", "geometry": {"type": "Point", "coordinates": [-49.2829165, -25.5504855]}, "properties": {"id": 516517767, "feat_type": "way", "quality_categories": "missing_tags, older_than_five_years", "issue_ids": "[207, 6]", "osm_url": "https://www.openstreetmap.org/way/516517767", "josm_url": "http://127.0.0.1:8111/load_object?new_layer=false&objects=w516517767", "id_url": "https://www.openstreetmap.org/edit?editor=id&way=516517767#map=20/-25.5504855/-49.2829165"}}, {"type": "Feature", "geometry": {"type": "Point", "coordinates": [-49.2822806, -25.5497808]}, "properties": {"id": 516517768, "feat_type": "way", "quality_categories": "missing_tags, older_than_five_years", "issue_ids": "[188, 6]", "osm_url": "https://www.openstreetmap.org/way/516517768", "josm_url": "http://127.0.0.1:8111/load_object?new_layer=false&objects=w516517768", "id_url": "https://www.openstreetmap.org/edit?editor=id&way=516517768#map=20/-25.5497808/-49.2822806"}}, {"type": "Feature", "geometry": {"type": "Point", "coordinates": [-49.2879461, -25.5474317]}, "properties": {"id": 516517770, "feat_type": "way", "quality_categories": "missing_tags, older_than_five_years", "issue_ids": "[188, 6]", "osm_url": "https://www.openstreetmap.org/way/516517770", "josm_url": "http://127.0.0.1:8111/load_object?new_layer=false&objects=w516517770", "id_url": "https://www.openstreetmap.org/edit?editor=id&way=516517770#map=20/-25.5474317/-49.2879461"}}, {"type": "Feature", "geometry": {"type": "Point", "coordinates": [-49.2881764, -25.5473819]}, "properties": {"id": 516517771, "feat_type": "way", "quality_categories": "missing_tags, older_than_five_years", "issue_ids": "[188, 6]", "osm_url": "https://www.openstreetmap.org/way/516517771", "josm_url": "http://127.0.0.1:8111/load_object?new_layer=false&objects=w516517771", "id_url": "https://www.openstreetmap.org/edit?editor=id&way=516517771#map=20/-25.5473819/-49.2881764"}}, {"type": "Feature", "geometry": {"type": "Point", "coordinates": [-49.2885947, -25.5478976]}, "properties": {"id": 516517772, "feat_type": "way", "quality_categories": "missing_tags, older_than_five_years", "issue_ids": "[188, 6]", "osm_url": "https://www.openstreetmap.org/way/516517772", "josm_url": "http://127.0.0.1:8111/load_object?new_layer=false&objects=w516517772", "id_url": "https://www.openstreetmap.org/edit?editor=id&way=516517772#map=20/-25.5478976/-49.2885947"}}, {"type": "Feature", "geometry": {"type": "Point", "coordinates": [-49.2137363, -25.4687586]}, "properties": {"id": 517108421, "feat_type": "way", "quality_categories": "missing_tags, older_than_five_years", "issue_ids": "[103, 6]", "osm_url": "https://www.openstreetmap.org/way/517108421", "josm_url": "http://127.0.0.1:8111/load_object?new_layer=false&objects=w517108421", "id_url": "https://www.openstreetmap.org/edit?editor=id&way=517108421#map=20/-25.4687586/-49.2137363"}}, {"type": "Feature", "geometry": {"type": "Point", "coordinates": [-49.2339371, -25.4409149]}, "properties": {"id": 517108438, "feat_type": "way", "quality_categories": "older_than_five_years", "issue_ids": "[275]", "osm_url": "https://www.openstreetmap.org/way/517108438", "josm_url": "http://127.0.0.1:8111/load_object?new_layer=false&objects=w517108438", "id_url": "https://www.openstreetmap.org/edit?editor=id&way=517108438#map=20/-25.4409149/-49.2339371"}}, {"type": "Feature", "geometry": {"type": "Point", "coordinates": [-49.3283911, -25.4365868]}, "properties": {"id": 519776655, "feat_type": "way", "quality_categories": "missing_tags, older_than_five_years", "issue_ids": "[119, 6]", "osm_url": "https://www.openstreetmap.org/way/519776655", "josm_url": "http://127.0.0.1:8111/load_object?new_layer=false&objects=w519776655", "id_url": "https://www.openstreetmap.org/edit?editor=id&way=519776655#map=20/-25.4365868/-49.3283911"}}, {"type": "Feature", "geometry": {"type": "Point", "coordinates": [-49.2550873, -25.5310156]}, "properties": {"id": 524285793, "feat_type": "way", "quality_categories": "missing_tags, older_than_five_years", "issue_ids": "[41, 6]", "osm_url": "https://www.openstreetmap.org/way/524285793", "josm_url": "http://127.0.0.1:8111/load_object?new_layer=false&objects=w524285793", "id_url": "https://www.openstreetmap.org/edit?editor=id&way=524285793#map=20/-25.5310156/-49.2550873"}}, {"type": "Feature", "geometry": {"type": "Point", "coordinates": [-49.2884995, -25.5581866]}, "properties": {"id": 527191906, "feat_type": "way", "quality_categories": "missing_tags, older_than_five_years", "issue_ids": "[207, 6]", "osm_url": "https://www.openstreetmap.org/way/527191906", "josm_url": "http://127.0.0.1:8111/load_object?new_layer=false&objects=w527191906", "id_url": "https://www.openstreetmap.org/edit?editor=id&way=527191906#map=20/-25.5581866/-49.2884995"}}, {"type": "Feature", "geometry": {"type": "Point", "coordinates": [-49.3187113, -25.4577952]}, "properties": {"id": 532063963, "feat_type": "way", "quality_categories": "older_than_five_years", "issue_ids": "[276]", "osm_url": "https://www.openstreetmap.org/way/532063963", "josm_url": "http://127.0.0.1:8111/load_object?new_layer=false&objects=w532063963", "id_url": "https://www.openstreetmap.org/edit?editor=id&way=532063963#map=20/-25.4577952/-49.3187113"}}, {"type": "Feature", "geometry": {"type": "Point", "coordinates": [-49.3061931, -25.3915736]}, "properties": {"id": 543881320, "feat_type": "way", "quality_categories": "older_than_five_years, wrong_mispelled_or_unlisted_values", "issue_ids": "[277, 97]", "osm_url": "https://www.openstreetmap.org/way/543881320", "josm_url": "http://127.0.0.1:8111/load_object?new_layer=false&objects=w543881320", "id_url": "https://www.openstreetmap.org/edit?editor=id&way=543881320#map=20/-25.3915736/-49.3061931"}}, {"type": "Feature", "geometry": {"type": "Point", "coordinates": [-49.3047063, -25.3951942]}, "properties": {"id": 543884542, "feat_type": "way", "quality_categories": "older_than_five_years", "issue_ids": "[278]", "osm_url": "https://www.openstreetmap.org/way/543884542", "josm_url": "http://127.0.0.1:8111/load_object?new_layer=false&objects=w543884542", "id_url": "https://www.openstreetmap.org/edit?editor=id&way=543884542#map=20/-25.3951942/-49.3047063"}}, {"type": "Feature", "geometry": {"type": "Point", "coordinates": [-49.304586, -25.3889815]}, "properties": {"id": 543896699, "feat_type": "way", "quality_categories": "older_than_five_years", "issue_ids": "[279]", "osm_url": "https://www.openstreetmap.org/way/543896699", "josm_url": "http://127.0.0.1:8111/load_object?new_layer=false&objects=w543896699", "id_url": "https://www.openstreetmap.org/edit?editor=id&way=543896699#map=20/-25.3889815/-49.304586"}}, {"type": "Feature", "geometry": {"type": "Point", "coordinates": [-49.3049781, -25.3894027]}, "properties": {"id": 543896703, "feat_type": "way", "quality_categories": "older_than_five_years", "issue_ids": "[21]", "osm_url": "https://www.openstreetmap.org/way/543896703", "josm_url": "http://127.0.0.1:8111/load_object?new_layer=false&objects=w543896703", "id_url": "https://www.openstreetmap.org/edit?editor=id&way=543896703#map=20/-25.3894027/-49.3049781"}}, {"type": "Feature", "geometry": {"type": "Point", "coordinates": [-49.3064096, -25.3922569]}, "properties": {"id": 543903991, "feat_type": "way", "quality_categories": "missing_tags, older_than_five_years", "issue_ids": "[51, 6]", "osm_url": "https://www.openstreetmap.org/way/543903991", "josm_url": "http://127.0.0.1:8111/load_object?new_layer=false&objects=w543903991", "id_url": "https://www.openstreetmap.org/edit?editor=id&way=543903991#map=20/-25.3922569/-49.3064096"}}, {"type": "Feature", "geometry": {"type": "Point", "coordinates": [-49.3043477, -25.408092]}, "properties": {"id": 544136943, "feat_type": "way", "quality_categories": "missing_tags, older_than_five_years", "issue_ids": "[280, 6]", "osm_url": "https://www.openstreetmap.org/way/544136943", "josm_url": "http://127.0.0.1:8111/load_object?new_layer=false&objects=w544136943", "id_url": "https://www.openstreetmap.org/edit?editor=id&way=544136943#map=20/-25.408092/-49.3043477"}}, {"type": "Feature", "geometry": {"type": "Point", "coordinates": [-49.2515054, -25.5262496]}, "properties": {"id": 544190030, "feat_type": "way", "quality_categories": "older_than_five_years", "issue_ids": "[281]", "osm_url": "https://www.openstreetmap.org/way/544190030", "josm_url": "http://127.0.0.1:8111/load_object?new_layer=false&objects=w544190030", "id_url": "https://www.openstreetmap.org/edit?editor=id&way=544190030#map=20/-25.5262496/-49.2515054"}}, {"type": "Feature", "geometry": {"type": "Point", "coordinates": [-49.2509072, -25.5260551]}, "properties": {"id": 544190031, "feat_type": "way", "quality_categories": "older_than_five_years", "issue_ids": "[281]", "osm_url": "https://www.openstreetmap.org/way/544190031", "josm_url": "http://127.0.0.1:8111/load_object?new_layer=false&objects=w544190031", "id_url": "https://www.openstreetmap.org/edit?editor=id&way=544190031#map=20/-25.5260551/-49.2509072"}}, {"type": "Feature", "geometry": {"type": "Point", "coordinates": [-49.2763736, -25.4200398]}, "properties": {"id": 546617236, "feat_type": "way", "quality_categories": "older_than_five_years", "issue_ids": "[282]", "osm_url": "https://www.openstreetmap.org/way/546617236", "josm_url": "http://127.0.0.1:8111/load_object?new_layer=false&objects=w546617236", "id_url": "https://www.openstreetmap.org/edit?editor=id&way=546617236#map=20/-25.4200398/-49.2763736"}}, {"type": "Feature", "geometry": {"type": "Point", "coordinates": [-49.2751962, -25.4217131]}, "properties": {"id": 546617237, "feat_type": "way", "quality_categories": "missing_tags, older_than_five_years", "issue_ids": "[283, 6]", "osm_url": "https://www.openstreetmap.org/way/546617237", "josm_url": "http://127.0.0.1:8111/load_object?new_layer=false&objects=w546617237", "id_url": "https://www.openstreetmap.org/edit?editor=id&way=546617237#map=20/-25.4217131/-49.2751962"}}, {"type": "Feature", "geometry": {"type": "Point", "coordinates": [-49.2755552, -25.4211985]}, "properties": {"id": 546617238, "feat_type": "way", "quality_categories": "missing_tags, older_than_five_years", "issue_ids": "[283, 6]", "osm_url": "https://www.openstreetmap.org/way/546617238", "josm_url": "http://127.0.0.1:8111/load_object?new_layer=false&objects=w546617238", "id_url": "https://www.openstreetmap.org/edit?editor=id&way=546617238#map=20/-25.4211985/-49.2755552"}}, {"type": "Feature", "geometry": {"type": "Point", "coordinates": [-49.2756956, -25.420999]}, "properties": {"id": 546617239, "feat_type": "way", "quality_categories": "missing_tags, older_than_five_years", "issue_ids": "[284, 6]", "osm_url": "https://www.openstreetmap.org/way/546617239", "josm_url": "http://127.0.0.1:8111/load_object?new_layer=false&objects=w546617239", "id_url": "https://www.openstreetmap.org/edit?editor=id&way=546617239#map=20/-25.420999/-49.2756956"}}, {"type": "Feature", "geometry": {"type": "Point", "coordinates": [-49.2758476, -25.4207829]}, "properties": {"id": 546617240, "feat_type": "way", "quality_categories": "missing_tags, older_than_five_years", "issue_ids": "[284, 6]", "osm_url": "https://www.openstreetmap.org/way/546617240", "josm_url": "http://127.0.0.1:8111/load_object?new_layer=false&objects=w546617240", "id_url": "https://www.openstreetmap.org/edit?editor=id&way=546617240#map=20/-25.4207829/-49.2758476"}}, {"type": "Feature", "geometry": {"type": "Point", "coordinates": [-49.2759963, -25.4205715]}, "properties": {"id": 546617241, "feat_type": "way", "quality_categories": "missing_tags, older_than_five_years", "issue_ids": "[284, 6]", "osm_url": "https://www.openstreetmap.org/way/546617241", "josm_url": "http://127.0.0.1:8111/load_object?new_layer=false&objects=w546617241", "id_url": "https://www.openstreetmap.org/edit?editor=id&way=546617241#map=20/-25.4205715/-49.2759963"}}, {"type": "Feature", "geometry": {"type": "Point", "coordinates": [-49.2761547, -25.4203463]}, "properties": {"id": 546617242, "feat_type": "way", "quality_categories": "missing_tags, older_than_five_years", "issue_ids": "[284, 6]", "osm_url": "https://www.openstreetmap.org/way/546617242", "josm_url": "http://127.0.0.1:8111/load_object?new_layer=false&objects=w546617242", "id_url": "https://www.openstreetmap.org/edit?editor=id&way=546617242#map=20/-25.4203463/-49.2761547"}}, {"type": "Feature", "geometry": {"type": "Point", "coordinates": [-49.2761026, -25.4204204]}, "properties": {"id": 546617243, "feat_type": "way", "quality_categories": "missing_tags, older_than_five_years", "issue_ids": "[284, 6]", "osm_url": "https://www.openstreetmap.org/way/546617243", "josm_url": "http://127.0.0.1:8111/load_object?new_layer=false&objects=w546617243", "id_url": "https://www.openstreetmap.org/edit?editor=id&way=546617243#map=20/-25.4204204/-49.2761026"}}, {"type": "Feature", "geometry": {"type": "Point", "coordinates": [-49.276209, -25.4202691]}, "properties": {"id": 546617244, "feat_type": "way", "quality_categories": "missing_tags, older_than_five_years", "issue_ids": "[283, 6]", "osm_url": "https://www.openstreetmap.org/way/546617244", "josm_url": "http://127.0.0.1:8111/load_object?new_layer=false&objects=w546617244", "id_url": "https://www.openstreetmap.org/edit?editor=id&way=546617244#map=20/-25.4202691/-49.276209"}}, {"type": "Feature", "geometry": {"type": "Point", "coordinates": [-49.2772535, -25.4187923]}, "properties": {"id": 546617246, "feat_type": "way", "quality_categories": "missing_tags, older_than_five_years", "issue_ids": "[284, 6]", "osm_url": "https://www.openstreetmap.org/way/546617246", "josm_url": "http://127.0.0.1:8111/load_object?new_layer=false&objects=w546617246", "id_url": "https://www.openstreetmap.org/edit?editor=id&way=546617246#map=20/-25.4187923/-49.2772535"}}, {"type": "Feature", "geometry": {"type": "Point", "coordinates": [-49.2770629, -25.4190625]}, "properties": {"id": 546617247, "feat_type": "way", "quality_categories": "missing_tags, older_than_five_years", "issue_ids": "[284, 6]", "osm_url": "https://www.openstreetmap.org/way/546617247", "josm_url": "http://127.0.0.1:8111/load_object?new_layer=false&objects=w546617247", "id_url": "https://www.openstreetmap.org/edit?editor=id&way=546617247#map=20/-25.4190625/-49.2770629"}}, {"type": "Feature", "geometry": {"type": "Point", "coordinates": [-49.2769677, -25.4191975]}, "properties": {"id": 546617248, "feat_type": "way", "quality_categories": "missing_tags, older_than_five_years", "issue_ids": "[283, 6]", "osm_url": "https://www.openstreetmap.org/way/546617248", "josm_url": "http://127.0.0.1:8111/load_object?new_layer=false&objects=w546617248", "id_url": "https://www.openstreetmap.org/edit?editor=id&way=546617248#map=20/-25.4191975/-49.2769677"}}, {"type": "Feature", "geometry": {"type": "Point", "coordinates": [-49.2763736, -25.4200398]}, "properties": {"id": 546617249, "feat_type": "way", "quality_categories": "older_than_five_years", "issue_ids": "[284]", "osm_url": "https://www.openstreetmap.org/way/546617249", "josm_url": "http://127.0.0.1:8111/load_object?new_layer=false&objects=w546617249", "id_url": "https://www.openstreetmap.org/edit?editor=id&way=546617249#map=20/-25.4200398/-49.2763736"}}, {"type": "Feature", "geometry": {"type": "Point", "coordinates": [-49.2763805, -25.4191701]}, "properties": {"id": 546617250, "feat_type": "way", "quality_categories": "missing_tags, older_than_five_years", "issue_ids": "[285, 6]", "osm_url": "https://www.openstreetmap.org/way/546617250", "josm_url": "http://127.0.0.1:8111/load_object?new_layer=false&objects=w546617250", "id_url": "https://www.openstreetmap.org/edit?editor=id&way=546617250#map=20/-25.4191701/-49.2763805"}}, {"type": "Feature", "geometry": {"type": "Point", "coordinates": [-49.2765221, -25.4189569]}, "properties": {"id": 546617251, "feat_type": "way", "quality_categories": "missing_tags, older_than_five_years", "issue_ids": "[283, 6]", "osm_url": "https://www.openstreetmap.org/way/546617251", "josm_url": "http://127.0.0.1:8111/load_object?new_layer=false&objects=w546617251", "id_url": "https://www.openstreetmap.org/edit?editor=id&way=546617251#map=20/-25.4189569/-49.2765221"}}, {"type": "Feature", "geometry": {"type": "Point", "coordinates": [-49.2765221, -25.4189569]}, "properties": {"id": 546617252, "feat_type": "way", "quality_categories": "missing_tags, older_than_five_years", "issue_ids": "[283, 6]", "osm_url": "https://www.openstreetmap.org/way/546617252", "josm_url": "http://127.0.0.1:8111/load_object?new_layer=false&objects=w546617252", "id_url": "https://www.openstreetmap.org/edit?editor=id&way=546617252#map=20/-25.4189569/-49.2765221"}}, {"type": "Feature", "geometry": {"type": "Point", "coordinates": [-49.276813, -25.4185451]}, "properties": {"id": 546617253, "feat_type": "way", "quality_categories": "missing_tags, older_than_five_years", "issue_ids": "[283, 6]", "osm_url": "https://www.openstreetmap.org/way/546617253", "josm_url": "http://127.0.0.1:8111/load_object?new_layer=false&objects=w546617253", "id_url": "https://www.openstreetmap.org/edit?editor=id&way=546617253#map=20/-25.4185451/-49.276813"}}, {"type": "Feature", "geometry": {"type": "Point", "coordinates": [-49.276813, -25.4185451]}, "properties": {"id": 546617254, "feat_type": "way", "quality_categories": "missing_tags, older_than_five_years", "issue_ids": "[283, 6]", "osm_url": "https://www.openstreetmap.org/way/546617254", "josm_url": "http://127.0.0.1:8111/load_object?new_layer=false&objects=w546617254", "id_url": "https://www.openstreetmap.org/edit?editor=id&way=546617254#map=20/-25.4185451/-49.276813"}}, {"type": "Feature", "geometry": {"type": "Point", "coordinates": [-49.2770563, -25.4182623]}, "properties": {"id": 546617255, "feat_type": "way", "quality_categories": "missing_tags, older_than_five_years", "issue_ids": "[283, 6]", "osm_url": "https://www.openstreetmap.org/way/546617255", "josm_url": "http://127.0.0.1:8111/load_object?new_layer=false&objects=w546617255", "id_url": "https://www.openstreetmap.org/edit?editor=id&way=546617255#map=20/-25.4182623/-49.2770563"}}, {"type": "Feature", "geometry": {"type": "Point", "coordinates": [-49.2768406, -25.4202962]}, "properties": {"id": 546617256, "feat_type": "way", "quality_categories": "older_than_five_years", "issue_ids": "[283]", "osm_url": "https://www.openstreetmap.org/way/546617256", "josm_url": "http://127.0.0.1:8111/load_object?new_layer=false&objects=w546617256", "id_url": "https://www.openstreetmap.org/edit?editor=id&way=546617256#map=20/-25.4202962/-49.2768406"}}, {"type": "Feature", "geometry": {"type": "Point", "coordinates": [-49.3010179, -25.3930961]}, "properties": {"id": 546617260, "feat_type": "way", "quality_categories": "older_than_five_years", "issue_ids": "[283]", "osm_url": "https://www.openstreetmap.org/way/546617260", "josm_url": "http://127.0.0.1:8111/load_object?new_layer=false&objects=w546617260", "id_url": "https://www.openstreetmap.org/edit?editor=id&way=546617260#map=20/-25.3930961/-49.3010179"}}, {"type": "Feature", "geometry": {"type": "Point", "coordinates": [-49.3040977, -25.3900299]}, "properties": {"id": 546622112, "feat_type": "way", "quality_categories": "missing_tags, older_than_five_years", "issue_ids": "[283, 6]", "osm_url": "https://www.openstreetmap.org/way/546622112", "josm_url": "http://127.0.0.1:8111/load_object?new_layer=false&objects=w546622112", "id_url": "https://www.openstreetmap.org/edit?editor=id&way=546622112#map=20/-25.3900299/-49.3040977"}}, {"type": "Feature", "geometry": {"type": "Point", "coordinates": [-49.3037817, -25.389841]}, "properties": {"id": 546622113, "feat_type": "way", "quality_categories": "missing_tags, older_than_five_years", "issue_ids": "[283, 6]", "osm_url": "https://www.openstreetmap.org/way/546622113", "josm_url": "http://127.0.0.1:8111/load_object?new_layer=false&objects=w546622113", "id_url": "https://www.openstreetmap.org/edit?editor=id&way=546622113#map=20/-25.389841/-49.3037817"}}, {"type": "Feature", "geometry": {"type": "Point", "coordinates": [-49.3034866, -25.3891352]}, "properties": {"id": 546622114, "feat_type": "way", "quality_categories": "missing_tags, older_than_five_years", "issue_ids": "[283, 6]", "osm_url": "https://www.openstreetmap.org/way/546622114", "josm_url": "http://127.0.0.1:8111/load_object?new_layer=false&objects=w546622114", "id_url": "https://www.openstreetmap.org/edit?editor=id&way=546622114#map=20/-25.3891352/-49.3034866"}}, {"type": "Feature", "geometry": {"type": "Point", "coordinates": [-49.2721506, -25.4313776]}, "properties": {"id": 548177383, "feat_type": "way", "quality_categories": "missing_tags, older_than_five_years", "issue_ids": "[286, 6]", "osm_url": "https://www.openstreetmap.org/way/548177383", "josm_url": "http://127.0.0.1:8111/load_object?new_layer=false&objects=w548177383", "id_url": "https://www.openstreetmap.org/edit?editor=id&way=548177383#map=20/-25.4313776/-49.2721506"}}, {"type": "Feature", "geometry": {"type": "Point", "coordinates": [-49.3288267, -25.5833804]}, "properties": {"id": 548621421, "feat_type": "way", "quality_categories": "missing_tags, older_than_five_years", "issue_ids": "[287, 6]", "osm_url": "https://www.openstreetmap.org/way/548621421", "josm_url": "http://127.0.0.1:8111/load_object?new_layer=false&objects=w548621421", "id_url": "https://www.openstreetmap.org/edit?editor=id&way=548621421#map=20/-25.5833804/-49.3288267"}}, {"type": "Feature", "geometry": {"type": "Point", "coordinates": [-49.333534, -25.478606]}, "properties": {"id": 550398716, "feat_type": "way", "quality_categories": "missing_tags, older_than_five_years", "issue_ids": "[217, 6]", "osm_url": "https://www.openstreetmap.org/way/550398716", "josm_url": "http://127.0.0.1:8111/load_object?new_layer=false&objects=w550398716", "id_url": "https://www.openstreetmap.org/edit?editor=id&way=550398716#map=20/-25.478606/-49.333534"}}, {"type": "Feature", "geometry": {"type": "Point", "coordinates": [-49.3335093, -25.4791284]}, "properties": {"id": 550398717, "feat_type": "way", "quality_categories": "missing_tags, older_than_five_years", "issue_ids": "[217, 6]", "osm_url": "https://www.openstreetmap.org/way/550398717", "josm_url": "http://127.0.0.1:8111/load_object?new_layer=false&objects=w550398717", "id_url": "https://www.openstreetmap.org/edit?editor=id&way=550398717#map=20/-25.4791284/-49.3335093"}}, {"type": "Feature", "geometry": {"type": "Point", "coordinates": [-49.3444728, -25.5885839]}, "properties": {"id": 550398722, "feat_type": "way", "quality_categories": "missing_tags, older_than_five_years", "issue_ids": "[152, 6]", "osm_url": "https://www.openstreetmap.org/way/550398722", "josm_url": "http://127.0.0.1:8111/load_object?new_layer=false&objects=w550398722", "id_url": "https://www.openstreetmap.org/edit?editor=id&way=550398722#map=20/-25.5885839/-49.3444728"}}, {"type": "Feature", "geometry": {"type": "Point", "coordinates": [-49.3446584, -25.5886605]}, "properties": {"id": 550398723, "feat_type": "way", "quality_categories": "missing_tags, older_than_five_years", "issue_ids": "[288, 6]", "osm_url": "https://www.openstreetmap.org/way/550398723", "josm_url": "http://127.0.0.1:8111/load_object?new_layer=false&objects=w550398723", "id_url": "https://www.openstreetmap.org/edit?editor=id&way=550398723#map=20/-25.5886605/-49.3446584"}}, {"type": "Feature", "geometry": {"type": "Point", "coordinates": [-49.3196895, -25.4647468]}, "properties": {"id": 550641820, "feat_type": "way", "quality_categories": "older_than_five_years", "issue_ids": "[289]", "osm_url": "https://www.openstreetmap.org/way/550641820", "josm_url": "http://127.0.0.1:8111/load_object?new_layer=false&objects=w550641820", "id_url": "https://www.openstreetmap.org/edit?editor=id&way=550641820#map=20/-25.4647468/-49.3196895"}}, {"type": "Feature", "geometry": {"type": "Point", "coordinates": [-49.3445644, -25.4154807]}, "properties": {"id": 553482046, "feat_type": "way", "quality_categories": "missing_tags, older_than_five_years", "issue_ids": "[39, 6]", "osm_url": "https://www.openstreetmap.org/way/553482046", "josm_url": "http://127.0.0.1:8111/load_object?new_layer=false&objects=w553482046", "id_url": "https://www.openstreetmap.org/edit?editor=id&way=553482046#map=20/-25.4154807/-49.3445644"}}, {"type": "Feature", "geometry": {"type": "Point", "coordinates": [-49.3449488, -25.4154179]}, "properties": {"id": 553482047, "feat_type": "way", "quality_categories": "missing_tags, older_than_five_years", "issue_ids": "[39, 6]", "osm_url": "https://www.openstreetmap.org/way/553482047", "josm_url": "http://127.0.0.1:8111/load_object?new_layer=false&objects=w553482047", "id_url": "https://www.openstreetmap.org/edit?editor=id&way=553482047#map=20/-25.4154179/-49.3449488"}}, {"type": "Feature", "geometry": {"type": "Point", "coordinates": [-49.3459211, -25.414718]}, "properties": {"id": 553482048, "feat_type": "way", "quality_categories": "missing_tags, older_than_five_years", "issue_ids": "[290, 6]", "osm_url": "https://www.openstreetmap.org/way/553482048", "josm_url": "http://127.0.0.1:8111/load_object?new_layer=false&objects=w553482048", "id_url": "https://www.openstreetmap.org/edit?editor=id&way=553482048#map=20/-25.414718/-49.3459211"}}, {"type": "Feature", "geometry": {"type": "Point", "coordinates": [-49.3449488, -25.4154179]}, "properties": {"id": 553482049, "feat_type": "way", "quality_categories": "missing_tags, older_than_five_years", "issue_ids": "[290, 6]", "osm_url": "https://www.openstreetmap.org/way/553482049", "josm_url": "http://127.0.0.1:8111/load_object?new_layer=false&objects=w553482049", "id_url": "https://www.openstreetmap.org/edit?editor=id&way=553482049#map=20/-25.4154179/-49.3449488"}}, {"type": "Feature", "geometry": {"type": "Point", "coordinates": [-49.3448951, -25.4159245]}, "properties": {"id": 553482050, "feat_type": "way", "quality_categories": "missing_tags, older_than_five_years", "issue_ids": "[290, 6]", "osm_url": "https://www.openstreetmap.org/way/553482050", "josm_url": "http://127.0.0.1:8111/load_object?new_layer=false&objects=w553482050", "id_url": "https://www.openstreetmap.org/edit?editor=id&way=553482050#map=20/-25.4159245/-49.3448951"}}, {"type": "Feature", "geometry": {"type": "Point", "coordinates": [-49.3448549, -25.4163304]}, "properties": {"id": 553482051, "feat_type": "way", "quality_categories": "missing_tags, older_than_five_years", "issue_ids": "[290, 6]", "osm_url": "https://www.openstreetmap.org/way/553482051", "josm_url": "http://127.0.0.1:8111/load_object?new_layer=false&objects=w553482051", "id_url": "https://www.openstreetmap.org/edit?editor=id&way=553482051#map=20/-25.4163304/-49.3448549"}}, {"type": "Feature", "geometry": {"type": "Point", "coordinates": [-49.281249, -25.3883051]}, "properties": {"id": 557786546, "feat_type": "way", "quality_categories": "missing_tags, older_than_five_years", "issue_ids": "[291, 6]", "osm_url": "https://www.openstreetmap.org/way/557786546", "josm_url": "http://127.0.0.1:8111/load_object?new_layer=false&objects=w557786546", "id_url": "https://www.openstreetmap.org/edit?editor=id&way=557786546#map=20/-25.3883051/-49.281249"}}, {"type": "Feature", "geometry": {"type": "Point", "coordinates": [-49.2722214, -25.494994]}, "properties": {"id": 559069558, "feat_type": "way", "quality_categories": "missing_tags, older_than_five_years", "issue_ids": "[292, 6]", "osm_url": "https://www.openstreetmap.org/way/559069558", "josm_url": "http://127.0.0.1:8111/load_object?new_layer=false&objects=w559069558", "id_url": "https://www.openstreetmap.org/edit?editor=id&way=559069558#map=20/-25.494994/-49.2722214"}}, {"type": "Feature", "geometry": {"type": "Point", "coordinates": [-49.2395997, -25.4422729]}, "properties": {"id": 559455246, "feat_type": "way", "quality_categories": "missing_tags, older_than_five_years", "issue_ids": "[8, 6]", "osm_url": "https://www.openstreetmap.org/way/559455246", "josm_url": "http://127.0.0.1:8111/load_object?new_layer=false&objects=w559455246", "id_url": "https://www.openstreetmap.org/edit?editor=id&way=559455246#map=20/-25.4422729/-49.2395997"}}, {"type": "Feature", "geometry": {"type": "Point", "coordinates": [-49.3509412, -25.4190943]}, "properties": {"id": 559721059, "feat_type": "way", "quality_categories": "missing_tags, older_than_five_years", "issue_ids": "[138, 6]", "osm_url": "https://www.openstreetmap.org/way/559721059", "josm_url": "http://127.0.0.1:8111/load_object?new_layer=false&objects=w559721059", "id_url": "https://www.openstreetmap.org/edit?editor=id&way=559721059#map=20/-25.4190943/-49.3509412"}}, {"type": "Feature", "geometry": {"type": "Point", "coordinates": [-49.2382701, -25.4416764]}, "properties": {"id": 559722078, "feat_type": "way", "quality_categories": "missing_tags, older_than_five_years", "issue_ids": "[138, 6]", "osm_url": "https://www.openstreetmap.org/way/559722078", "josm_url": "http://127.0.0.1:8111/load_object?new_layer=false&objects=w559722078", "id_url": "https://www.openstreetmap.org/edit?editor=id&way=559722078#map=20/-25.4416764/-49.2382701"}}, {"type": "Feature", "geometry": {"type": "Point", "coordinates": [-49.2674192, -25.4095806]}, "properties": {"id": 560061066, "feat_type": "way", "quality_categories": "missing_tags, older_than_five_years", "issue_ids": "[159, 6]", "osm_url": "https://www.openstreetmap.org/way/560061066", "josm_url": "http://127.0.0.1:8111/load_object?new_layer=false&objects=w560061066", "id_url": "https://www.openstreetmap.org/edit?editor=id&way=560061066#map=20/-25.4095806/-49.2674192"}}, {"type": "Feature", "geometry": {"type": "Point", "coordinates": [-49.2673845, -25.4095664]}, "properties": {"id": 560061069, "feat_type": "way", "quality_categories": "missing_tags, older_than_five_years", "issue_ids": "[159, 6]", "osm_url": "https://www.openstreetmap.org/way/560061069", "josm_url": "http://127.0.0.1:8111/load_object?new_layer=false&objects=w560061069", "id_url": "https://www.openstreetmap.org/edit?editor=id&way=560061069#map=20/-25.4095664/-49.2673845"}}, {"type": "Feature", "geometry": {"type": "Point", "coordinates": [-49.267401, -25.4094665]}, "properties": {"id": 560061072, "feat_type": "way", "quality_categories": "missing_tags, older_than_five_years", "issue_ids": "[293, 6]", "osm_url": "https://www.openstreetmap.org/way/560061072", "josm_url": "http://127.0.0.1:8111/load_object?new_layer=false&objects=w560061072", "id_url": "https://www.openstreetmap.org/edit?editor=id&way=560061072#map=20/-25.4094665/-49.267401"}}, {"type": "Feature", "geometry": {"type": "Point", "coordinates": [-49.267625, -25.4115478]}, "properties": {"id": 560061085, "feat_type": "way", "quality_categories": "missing_tags, older_than_five_years", "issue_ids": "[180, 6]", "osm_url": "https://www.openstreetmap.org/way/560061085", "josm_url": "http://127.0.0.1:8111/load_object?new_layer=false&objects=w560061085", "id_url": "https://www.openstreetmap.org/edit?editor=id&way=560061085#map=20/-25.4115478/-49.267625"}}, {"type": "Feature", "geometry": {"type": "Point", "coordinates": [-49.2663073, -25.4156957]}, "properties": {"id": 560065283, "feat_type": "way", "quality_categories": "missing_tags, older_than_five_years", "issue_ids": "[293, 6]", "osm_url": "https://www.openstreetmap.org/way/560065283", "josm_url": "http://127.0.0.1:8111/load_object?new_layer=false&objects=w560065283", "id_url": "https://www.openstreetmap.org/edit?editor=id&way=560065283#map=20/-25.4156957/-49.2663073"}}, {"type": "Feature", "geometry": {"type": "Point", "coordinates": [-49.282164, -25.3791036]}, "properties": {"id": 560769201, "feat_type": "way", "quality_categories": "missing_tags, older_than_five_years", "issue_ids": "[294, 6]", "osm_url": "https://www.openstreetmap.org/way/560769201", "josm_url": "http://127.0.0.1:8111/load_object?new_layer=false&objects=w560769201", "id_url": "https://www.openstreetmap.org/edit?editor=id&way=560769201#map=20/-25.3791036/-49.282164"}}, {"type": "Feature", "geometry": {"type": "Point", "coordinates": [-49.2818819, -25.3791099]}, "properties": {"id": 560769203, "feat_type": "way", "quality_categories": "missing_tags, older_than_five_years", "issue_ids": "[294, 6]", "osm_url": "https://www.openstreetmap.org/way/560769203", "josm_url": "http://127.0.0.1:8111/load_object?new_layer=false&objects=w560769203", "id_url": "https://www.openstreetmap.org/edit?editor=id&way=560769203#map=20/-25.3791099/-49.2818819"}}, {"type": "Feature", "geometry": {"type": "Point", "coordinates": [-49.2836275, -25.3797985]}, "properties": {"id": 560773481, "feat_type": "way", "quality_categories": "missing_tags, older_than_five_years", "issue_ids": "[294, 6]", "osm_url": "https://www.openstreetmap.org/way/560773481", "josm_url": "http://127.0.0.1:8111/load_object?new_layer=false&objects=w560773481", "id_url": "https://www.openstreetmap.org/edit?editor=id&way=560773481#map=20/-25.3797985/-49.2836275"}}, {"type": "Feature", "geometry": {"type": "Point", "coordinates": [-49.3273468, -25.5617493]}, "properties": {"id": 568045308, "feat_type": "way", "quality_categories": "missing_tags, older_than_five_years", "issue_ids": "[94, 6]", "osm_url": "https://www.openstreetmap.org/way/568045308", "josm_url": "http://127.0.0.1:8111/load_object?new_layer=false&objects=w568045308", "id_url": "https://www.openstreetmap.org/edit?editor=id&way=568045308#map=20/-25.5617493/-49.3273468"}}, {"type": "Feature", "geometry": {"type": "Point", "coordinates": [-49.3284195, -25.5564365]}, "properties": {"id": 568045309, "feat_type": "way", "quality_categories": "missing_tags, older_than_five_years", "issue_ids": "[295, 6]", "osm_url": "https://www.openstreetmap.org/way/568045309", "josm_url": "http://127.0.0.1:8111/load_object?new_layer=false&objects=w568045309", "id_url": "https://www.openstreetmap.org/edit?editor=id&way=568045309#map=20/-25.5564365/-49.3284195"}}, {"type": "Feature", "geometry": {"type": "Point", "coordinates": [-49.3188782, -25.5687036]}, "properties": {"id": 568300097, "feat_type": "way", "quality_categories": "missing_tags, older_than_five_years", "issue_ids": "[102, 6]", "osm_url": "https://www.openstreetmap.org/way/568300097", "josm_url": "http://127.0.0.1:8111/load_object?new_layer=false&objects=w568300097", "id_url": "https://www.openstreetmap.org/edit?editor=id&way=568300097#map=20/-25.5687036/-49.3188782"}}, {"type": "Feature", "geometry": {"type": "Point", "coordinates": [-49.3230865, -25.569867]}, "properties": {"id": 568300103, "feat_type": "way", "quality_categories": "missing_tags, older_than_five_years", "issue_ids": "[295, 6]", "osm_url": "https://www.openstreetmap.org/way/568300103", "josm_url": "http://127.0.0.1:8111/load_object?new_layer=false&objects=w568300103", "id_url": "https://www.openstreetmap.org/edit?editor=id&way=568300103#map=20/-25.569867/-49.3230865"}}, {"type": "Feature", "geometry": {"type": "Point", "coordinates": [-49.3217804, -25.5722252]}, "properties": {"id": 568300104, "feat_type": "way", "quality_categories": "missing_tags, older_than_five_years", "issue_ids": "[63, 6]", "osm_url": "https://www.openstreetmap.org/way/568300104", "josm_url": "http://127.0.0.1:8111/load_object?new_layer=false&objects=w568300104", "id_url": "https://www.openstreetmap.org/edit?editor=id&way=568300104#map=20/-25.5722252/-49.3217804"}}, {"type": "Feature", "geometry": {"type": "Point", "coordinates": [-49.3403034, -25.5639272]}, "properties": {"id": 568312570, "feat_type": "way", "quality_categories": "missing_tags, older_than_five_years", "issue_ids": "[295, 6]", "osm_url": "https://www.openstreetmap.org/way/568312570", "josm_url": "http://127.0.0.1:8111/load_object?new_layer=false&objects=w568312570", "id_url": "https://www.openstreetmap.org/edit?editor=id&way=568312570#map=20/-25.5639272/-49.3403034"}}, {"type": "Feature", "geometry": {"type": "Point", "coordinates": [-49.3403034, -25.5639272]}, "properties": {"id": 568312571, "feat_type": "way", "quality_categories": "missing_tags, older_than_five_years", "issue_ids": "[295, 6]", "osm_url": "https://www.openstreetmap.org/way/568312571", "josm_url": "http://127.0.0.1:8111/load_object?new_layer=false&objects=w568312571", "id_url": "https://www.openstreetmap.org/edit?editor=id&way=568312571#map=20/-25.5639272/-49.3403034"}}, {"type": "Feature", "geometry": {"type": "Point", "coordinates": [-49.3363179, -25.5639902]}, "properties": {"id": 568312572, "feat_type": "way", "quality_categories": "missing_tags, older_than_five_years", "issue_ids": "[296, 6]", "osm_url": "https://www.openstreetmap.org/way/568312572", "josm_url": "http://127.0.0.1:8111/load_object?new_layer=false&objects=w568312572", "id_url": "https://www.openstreetmap.org/edit?editor=id&way=568312572#map=20/-25.5639902/-49.3363179"}}, {"type": "Feature", "geometry": {"type": "Point", "coordinates": [-49.3362245, -25.5649339]}, "properties": {"id": 568312573, "feat_type": "way", "quality_categories": "missing_tags, older_than_five_years", "issue_ids": "[296, 6]", "osm_url": "https://www.openstreetmap.org/way/568312573", "josm_url": "http://127.0.0.1:8111/load_object?new_layer=false&objects=w568312573", "id_url": "https://www.openstreetmap.org/edit?editor=id&way=568312573#map=20/-25.5649339/-49.3362245"}}, {"type": "Feature", "geometry": {"type": "Point", "coordinates": [-49.337873, -25.565115]}, "properties": {"id": 568312574, "feat_type": "way", "quality_categories": "missing_tags, older_than_five_years", "issue_ids": "[295, 6]", "osm_url": "https://www.openstreetmap.org/way/568312574", "josm_url": "http://127.0.0.1:8111/load_object?new_layer=false&objects=w568312574", "id_url": "https://www.openstreetmap.org/edit?editor=id&way=568312574#map=20/-25.565115/-49.337873"}}, {"type": "Feature", "geometry": {"type": "Point", "coordinates": [-49.3402921, -25.5649802]}, "properties": {"id": 568312575, "feat_type": "way", "quality_categories": "missing_tags, older_than_five_years", "issue_ids": "[78, 6]", "osm_url": "https://www.openstreetmap.org/way/568312575", "josm_url": "http://127.0.0.1:8111/load_object?new_layer=false&objects=w568312575", "id_url": "https://www.openstreetmap.org/edit?editor=id&way=568312575#map=20/-25.5649802/-49.3402921"}}, {"type": "Feature", "geometry": {"type": "Point", "coordinates": [-49.3527339, -25.5063997]}, "properties": {"id": 568397913, "feat_type": "way", "quality_categories": "older_than_five_years", "issue_ids": "[297]", "osm_url": "https://www.openstreetmap.org/way/568397913", "josm_url": "http://127.0.0.1:8111/load_object?new_layer=false&objects=w568397913", "id_url": "https://www.openstreetmap.org/edit?editor=id&way=568397913#map=20/-25.5063997/-49.3527339"}}, {"type": "Feature", "geometry": {"type": "Point", "coordinates": [-49.3514076, -25.5063364]}, "properties": {"id": 568397914, "feat_type": "way", "quality_categories": "older_than_five_years", "issue_ids": "[297]", "osm_url": "https://www.openstreetmap.org/way/568397914", "josm_url": "http://127.0.0.1:8111/load_object?new_layer=false&objects=w568397914", "id_url": "https://www.openstreetmap.org/edit?editor=id&way=568397914#map=20/-25.5063364/-49.3514076"}}, {"type": "Feature", "geometry": {"type": "Point", "coordinates": [-49.2213941, -25.4762639]}, "properties": {"id": 568773992, "feat_type": "way", "quality_categories": "missing_tags, older_than_five_years", "issue_ids": "[242, 6]", "osm_url": "https://www.openstreetmap.org/way/568773992", "josm_url": "http://127.0.0.1:8111/load_object?new_layer=false&objects=w568773992", "id_url": "https://www.openstreetmap.org/edit?editor=id&way=568773992#map=20/-25.4762639/-49.2213941"}}, {"type": "Feature", "geometry": {"type": "Point", "coordinates": [-49.206332, -25.4915765]}, "properties": {"id": 568774010, "feat_type": "way", "quality_categories": "missing_tags, older_than_five_years", "issue_ids": "[87, 6]", "osm_url": "https://www.openstreetmap.org/way/568774010", "josm_url": "http://127.0.0.1:8111/load_object?new_layer=false&objects=w568774010", "id_url": "https://www.openstreetmap.org/edit?editor=id&way=568774010#map=20/-25.4915765/-49.206332"}}, {"type": "Feature", "geometry": {"type": "Point", "coordinates": [-49.2365069, -25.4736084]}, "properties": {"id": 568788546, "feat_type": "way", "quality_categories": "missing_tags, older_than_five_years", "issue_ids": "[298, 6]", "osm_url": "https://www.openstreetmap.org/way/568788546", "josm_url": "http://127.0.0.1:8111/load_object?new_layer=false&objects=w568788546", "id_url": "https://www.openstreetmap.org/edit?editor=id&way=568788546#map=20/-25.4736084/-49.2365069"}}, {"type": "Feature", "geometry": {"type": "Point", "coordinates": [-49.2490982, -25.4993506]}, "properties": {"id": 568788572, "feat_type": "way", "quality_categories": "missing_tags, older_than_five_years", "issue_ids": "[212, 6]", "osm_url": "https://www.openstreetmap.org/way/568788572", "josm_url": "http://127.0.0.1:8111/load_object?new_layer=false&objects=w568788572", "id_url": "https://www.openstreetmap.org/edit?editor=id&way=568788572#map=20/-25.4993506/-49.2490982"}}, {"type": "Feature", "geometry": {"type": "Point", "coordinates": [-49.2347331, -25.5360817]}, "properties": {"id": 568788587, "feat_type": "way", "quality_categories": "missing_tags, older_than_five_years", "issue_ids": "[299, 6]", "osm_url": "https://www.openstreetmap.org/way/568788587", "josm_url": "http://127.0.0.1:8111/load_object?new_layer=false&objects=w568788587", "id_url": "https://www.openstreetmap.org/edit?editor=id&way=568788587#map=20/-25.5360817/-49.2347331"}}, {"type": "Feature", "geometry": {"type": "Point", "coordinates": [-49.2338202, -25.5366448]}, "properties": {"id": 568788588, "feat_type": "way", "quality_categories": "missing_tags, older_than_five_years", "issue_ids": "[266, 6]", "osm_url": "https://www.openstreetmap.org/way/568788588", "josm_url": "http://127.0.0.1:8111/load_object?new_layer=false&objects=w568788588", "id_url": "https://www.openstreetmap.org/edit?editor=id&way=568788588#map=20/-25.5366448/-49.2338202"}}, {"type": "Feature", "geometry": {"type": "Point", "coordinates": [-49.275641, -25.5071178]}, "properties": {"id": 568800767, "feat_type": "way", "quality_categories": "missing_tags, older_than_five_years", "issue_ids": "[191, 6]", "osm_url": "https://www.openstreetmap.org/way/568800767", "josm_url": "http://127.0.0.1:8111/load_object?new_layer=false&objects=w568800767", "id_url": "https://www.openstreetmap.org/edit?editor=id&way=568800767#map=20/-25.5071178/-49.275641"}}, {"type": "Feature", "geometry": {"type": "Point", "coordinates": [-49.2858951, -25.5339153]}, "properties": {"id": 568800805, "feat_type": "way", "quality_categories": "missing_tags, older_than_five_years", "issue_ids": "[39, 6]", "osm_url": "https://www.openstreetmap.org/way/568800805", "josm_url": "http://127.0.0.1:8111/load_object?new_layer=false&objects=w568800805", "id_url": "https://www.openstreetmap.org/edit?editor=id&way=568800805#map=20/-25.5339153/-49.2858951"}}, {"type": "Feature", "geometry": {"type": "Point", "coordinates": [-49.272597, -25.5364263]}, "properties": {"id": 568800810, "feat_type": "way", "quality_categories": "missing_tags, older_than_five_years", "issue_ids": "[121, 6]", "osm_url": "https://www.openstreetmap.org/way/568800810", "josm_url": "http://127.0.0.1:8111/load_object?new_layer=false&objects=w568800810", "id_url": "https://www.openstreetmap.org/edit?editor=id&way=568800810#map=20/-25.5364263/-49.272597"}}, {"type": "Feature", "geometry": {"type": "Point", "coordinates": [-49.2685766, -25.5430425]}, "properties": {"id": 568800820, "feat_type": "way", "quality_categories": "missing_tags, older_than_five_years", "issue_ids": "[300, 6]", "osm_url": "https://www.openstreetmap.org/way/568800820", "josm_url": "http://127.0.0.1:8111/load_object?new_layer=false&objects=w568800820", "id_url": "https://www.openstreetmap.org/edit?editor=id&way=568800820#map=20/-25.5430425/-49.2685766"}}, {"type": "Feature", "geometry": {"type": "Point", "coordinates": [-49.2674696, -25.5406893]}, "properties": {"id": 568800821, "feat_type": "way", "quality_categories": "missing_tags, older_than_five_years", "issue_ids": "[185, 6]", "osm_url": "https://www.openstreetmap.org/way/568800821", "josm_url": "http://127.0.0.1:8111/load_object?new_layer=false&objects=w568800821", "id_url": "https://www.openstreetmap.org/edit?editor=id&way=568800821#map=20/-25.5406893/-49.2674696"}}, {"type": "Feature", "geometry": {"type": "Point", "coordinates": [-49.2656587, -25.5416192]}, "properties": {"id": 568800822, "feat_type": "way", "quality_categories": "missing_tags, older_than_five_years", "issue_ids": "[300, 6]", "osm_url": "https://www.openstreetmap.org/way/568800822", "josm_url": "http://127.0.0.1:8111/load_object?new_layer=false&objects=w568800822", "id_url": "https://www.openstreetmap.org/edit?editor=id&way=568800822#map=20/-25.5416192/-49.2656587"}}, {"type": "Feature", "geometry": {"type": "Point", "coordinates": [-49.2660715, -25.5407141]}, "properties": {"id": 568800823, "feat_type": "way", "quality_categories": "missing_tags, older_than_five_years", "issue_ids": "[185, 6]", "osm_url": "https://www.openstreetmap.org/way/568800823", "josm_url": "http://127.0.0.1:8111/load_object?new_layer=false&objects=w568800823", "id_url": "https://www.openstreetmap.org/edit?editor=id&way=568800823#map=20/-25.5407141/-49.2660715"}}, {"type": "Feature", "geometry": {"type": "Point", "coordinates": [-49.2668903, -25.5401835]}, "properties": {"id": 568800824, "feat_type": "way", "quality_categories": "missing_tags, older_than_five_years", "issue_ids": "[185, 6]", "osm_url": "https://www.openstreetmap.org/way/568800824", "josm_url": "http://127.0.0.1:8111/load_object?new_layer=false&objects=w568800824", "id_url": "https://www.openstreetmap.org/edit?editor=id&way=568800824#map=20/-25.5401835/-49.2668903"}}, {"type": "Feature", "geometry": {"type": "Point", "coordinates": [-49.2595518, -25.5477086]}, "properties": {"id": 568800825, "feat_type": "way", "quality_categories": "missing_tags, older_than_five_years", "issue_ids": "[270, 6]", "osm_url": "https://www.openstreetmap.org/way/568800825", "josm_url": "http://127.0.0.1:8111/load_object?new_layer=false&objects=w568800825", "id_url": "https://www.openstreetmap.org/edit?editor=id&way=568800825#map=20/-25.5477086/-49.2595518"}}, {"type": "Feature", "geometry": {"type": "Point", "coordinates": [-49.2578837, -25.5486128]}, "properties": {"id": 568800826, "feat_type": "way", "quality_categories": "missing_tags, older_than_five_years", "issue_ids": "[270, 6]", "osm_url": "https://www.openstreetmap.org/way/568800826", "josm_url": "http://127.0.0.1:8111/load_object?new_layer=false&objects=w568800826", "id_url": "https://www.openstreetmap.org/edit?editor=id&way=568800826#map=20/-25.5486128/-49.2578837"}}, {"type": "Feature", "geometry": {"type": "Point", "coordinates": [-49.2556465, -25.5434071]}, "properties": {"id": 568800839, "feat_type": "way", "quality_categories": "missing_tags, older_than_five_years", "issue_ids": "[270, 6]", "osm_url": "https://www.openstreetmap.org/way/568800839", "josm_url": "http://127.0.0.1:8111/load_object?new_layer=false&objects=w568800839", "id_url": "https://www.openstreetmap.org/edit?editor=id&way=568800839#map=20/-25.5434071/-49.2556465"}}, {"type": "Feature", "geometry": {"type": "Point", "coordinates": [-49.2512684, -25.5417911]}, "properties": {"id": 568800840, "feat_type": "way", "quality_categories": "missing_tags, older_than_five_years", "issue_ids": "[270, 6]", "osm_url": "https://www.openstreetmap.org/way/568800840", "josm_url": "http://127.0.0.1:8111/load_object?new_layer=false&objects=w568800840", "id_url": "https://www.openstreetmap.org/edit?editor=id&way=568800840#map=20/-25.5417911/-49.2512684"}}, {"type": "Feature", "geometry": {"type": "Point", "coordinates": [-49.2501138, -25.5444487]}, "properties": {"id": 568800841, "feat_type": "way", "quality_categories": "missing_tags, older_than_five_years", "issue_ids": "[301, 6]", "osm_url": "https://www.openstreetmap.org/way/568800841", "josm_url": "http://127.0.0.1:8111/load_object?new_layer=false&objects=w568800841", "id_url": "https://www.openstreetmap.org/edit?editor=id&way=568800841#map=20/-25.5444487/-49.2501138"}}, {"type": "Feature", "geometry": {"type": "Point", "coordinates": [-49.2917427, -25.5306825]}, "properties": {"id": 568800843, "feat_type": "way", "quality_categories": "missing_tags, older_than_five_years", "issue_ids": "[299, 6]", "osm_url": "https://www.openstreetmap.org/way/568800843", "josm_url": "http://127.0.0.1:8111/load_object?new_layer=false&objects=w568800843", "id_url": "https://www.openstreetmap.org/edit?editor=id&way=568800843#map=20/-25.5306825/-49.2917427"}}, {"type": "Feature", "geometry": {"type": "Point", "coordinates": [-49.2922278, -25.5351109]}, "properties": {"id": 568800844, "feat_type": "way", "quality_categories": "missing_tags, older_than_five_years", "issue_ids": "[299, 6]", "osm_url": "https://www.openstreetmap.org/way/568800844", "josm_url": "http://127.0.0.1:8111/load_object?new_layer=false&objects=w568800844", "id_url": "https://www.openstreetmap.org/edit?editor=id&way=568800844#map=20/-25.5351109/-49.2922278"}}, {"type": "Feature", "geometry": {"type": "Point", "coordinates": [-49.2925932, -25.5337894]}, "properties": {"id": 568800845, "feat_type": "way", "quality_categories": "missing_tags, older_than_five_years", "issue_ids": "[302, 6]", "osm_url": "https://www.openstreetmap.org/way/568800845", "josm_url": "http://127.0.0.1:8111/load_object?new_layer=false&objects=w568800845", "id_url": "https://www.openstreetmap.org/edit?editor=id&way=568800845#map=20/-25.5337894/-49.2925932"}}, {"type": "Feature", "geometry": {"type": "Point", "coordinates": [-49.2925181, -25.5334518]}, "properties": {"id": 568800846, "feat_type": "way", "quality_categories": "missing_tags, older_than_five_years", "issue_ids": "[302, 6]", "osm_url": "https://www.openstreetmap.org/way/568800846", "josm_url": "http://127.0.0.1:8111/load_object?new_layer=false&objects=w568800846", "id_url": "https://www.openstreetmap.org/edit?editor=id&way=568800846#map=20/-25.5334518/-49.2925181"}}, {"type": "Feature", "geometry": {"type": "Point", "coordinates": [-49.2524064, -25.5509852]}, "properties": {"id": 568800847, "feat_type": "way", "quality_categories": "missing_tags, older_than_five_years", "issue_ids": "[302, 6]", "osm_url": "https://www.openstreetmap.org/way/568800847", "josm_url": "http://127.0.0.1:8111/load_object?new_layer=false&objects=w568800847", "id_url": "https://www.openstreetmap.org/edit?editor=id&way=568800847#map=20/-25.5509852/-49.2524064"}}, {"type": "Feature", "geometry": {"type": "Point", "coordinates": [-49.2743482, -25.5428858]}, "properties": {"id": 568800872, "feat_type": "way", "quality_categories": "missing_tags, older_than_five_years", "issue_ids": "[216, 6]", "osm_url": "https://www.openstreetmap.org/way/568800872", "josm_url": "http://127.0.0.1:8111/load_object?new_layer=false&objects=w568800872", "id_url": "https://www.openstreetmap.org/edit?editor=id&way=568800872#map=20/-25.5428858/-49.2743482"}}, {"type": "Feature", "geometry": {"type": "Point", "coordinates": [-49.2776856, -25.544213]}, "properties": {"id": 568800873, "feat_type": "way", "quality_categories": "missing_tags, older_than_five_years", "issue_ids": "[303, 6]", "osm_url": "https://www.openstreetmap.org/way/568800873", "josm_url": "http://127.0.0.1:8111/load_object?new_layer=false&objects=w568800873", "id_url": "https://www.openstreetmap.org/edit?editor=id&way=568800873#map=20/-25.544213/-49.2776856"}}, {"type": "Feature", "geometry": {"type": "Point", "coordinates": [-49.2771068, -25.5460316]}, "properties": {"id": 568800874, "feat_type": "way", "quality_categories": "missing_tags, older_than_five_years", "issue_ids": "[63, 6]", "osm_url": "https://www.openstreetmap.org/way/568800874", "josm_url": "http://127.0.0.1:8111/load_object?new_layer=false&objects=w568800874", "id_url": "https://www.openstreetmap.org/edit?editor=id&way=568800874#map=20/-25.5460316/-49.2771068"}}, {"type": "Feature", "geometry": {"type": "Point", "coordinates": [-49.2828776, -25.5452947]}, "properties": {"id": 568800875, "feat_type": "way", "quality_categories": "missing_tags, older_than_five_years", "issue_ids": "[102, 6]", "osm_url": "https://www.openstreetmap.org/way/568800875", "josm_url": "http://127.0.0.1:8111/load_object?new_layer=false&objects=w568800875", "id_url": "https://www.openstreetmap.org/edit?editor=id&way=568800875#map=20/-25.5452947/-49.2828776"}}, {"type": "Feature", "geometry": {"type": "Point", "coordinates": [-49.2930854, -25.5421565]}, "properties": {"id": 568800877, "feat_type": "way", "quality_categories": "missing_tags, older_than_five_years", "issue_ids": "[102, 6]", "osm_url": "https://www.openstreetmap.org/way/568800877", "josm_url": "http://127.0.0.1:8111/load_object?new_layer=false&objects=w568800877", "id_url": "https://www.openstreetmap.org/edit?editor=id&way=568800877#map=20/-25.5421565/-49.2930854"}}, {"type": "Feature", "geometry": {"type": "Point", "coordinates": [-49.2931129, -25.5418957]}, "properties": {"id": 568800878, "feat_type": "way", "quality_categories": "missing_tags, older_than_five_years", "issue_ids": "[102, 6]", "osm_url": "https://www.openstreetmap.org/way/568800878", "josm_url": "http://127.0.0.1:8111/load_object?new_layer=false&objects=w568800878", "id_url": "https://www.openstreetmap.org/edit?editor=id&way=568800878#map=20/-25.5418957/-49.2931129"}}, {"type": "Feature", "geometry": {"type": "Point", "coordinates": [-49.3166613, -25.4657495]}, "properties": {"id": 570135014, "feat_type": "way", "quality_categories": "missing_tags, older_than_five_years", "issue_ids": "[304, 6]", "osm_url": "https://www.openstreetmap.org/way/570135014", "josm_url": "http://127.0.0.1:8111/load_object?new_layer=false&objects=w570135014", "id_url": "https://www.openstreetmap.org/edit?editor=id&way=570135014#map=20/-25.4657495/-49.3166613"}}, {"type": "Feature", "geometry": {"type": "Point", "coordinates": [-49.3170301, -25.4657794]}, "properties": {"id": 570135015, "feat_type": "way", "quality_categories": "missing_tags, older_than_five_years", "issue_ids": "[304, 6]", "osm_url": "https://www.openstreetmap.org/way/570135015", "josm_url": "http://127.0.0.1:8111/load_object?new_layer=false&objects=w570135015", "id_url": "https://www.openstreetmap.org/edit?editor=id&way=570135015#map=20/-25.4657794/-49.3170301"}}, {"type": "Feature", "geometry": {"type": "Point", "coordinates": [-49.3166024, -25.4664891]}, "properties": {"id": 570135016, "feat_type": "way", "quality_categories": "missing_tags, older_than_five_years", "issue_ids": "[304, 6]", "osm_url": "https://www.openstreetmap.org/way/570135016", "josm_url": "http://127.0.0.1:8111/load_object?new_layer=false&objects=w570135016", "id_url": "https://www.openstreetmap.org/edit?editor=id&way=570135016#map=20/-25.4664891/-49.3166024"}}, {"type": "Feature", "geometry": {"type": "Point", "coordinates": [-49.3162643, -25.4657172]}, "properties": {"id": 570135017, "feat_type": "way", "quality_categories": "missing_tags, older_than_five_years", "issue_ids": "[304, 6]", "osm_url": "https://www.openstreetmap.org/way/570135017", "josm_url": "http://127.0.0.1:8111/load_object?new_layer=false&objects=w570135017", "id_url": "https://www.openstreetmap.org/edit?editor=id&way=570135017#map=20/-25.4657172/-49.3162643"}}, {"type": "Feature", "geometry": {"type": "Point", "coordinates": [-49.3303842, -25.4450708]}, "properties": {"id": 570135053, "feat_type": "way", "quality_categories": "missing_tags, older_than_five_years", "issue_ids": "[90, 6]", "osm_url": "https://www.openstreetmap.org/way/570135053", "josm_url": "http://127.0.0.1:8111/load_object?new_layer=false&objects=w570135053", "id_url": "https://www.openstreetmap.org/edit?editor=id&way=570135053#map=20/-25.4450708/-49.3303842"}}, {"type": "Feature", "geometry": {"type": "Point", "coordinates": [-49.2665365, -25.4095953]}, "properties": {"id": 570308836, "feat_type": "way", "quality_categories": "missing_tags, older_than_five_years", "issue_ids": "[87, 6]", "osm_url": "https://www.openstreetmap.org/way/570308836", "josm_url": "http://127.0.0.1:8111/load_object?new_layer=false&objects=w570308836", "id_url": "https://www.openstreetmap.org/edit?editor=id&way=570308836#map=20/-25.4095953/-49.2665365"}}, {"type": "Feature", "geometry": {"type": "Point", "coordinates": [-49.3253168, -25.4230438]}, "properties": {"id": 570523808, "feat_type": "way", "quality_categories": "missing_tags, older_than_five_years", "issue_ids": "[42, 6]", "osm_url": "https://www.openstreetmap.org/way/570523808", "josm_url": "http://127.0.0.1:8111/load_object?new_layer=false&objects=w570523808", "id_url": "https://www.openstreetmap.org/edit?editor=id&way=570523808#map=20/-25.4230438/-49.3253168"}}, {"type": "Feature", "geometry": {"type": "Point", "coordinates": [-49.3384946, -25.4155748]}, "properties": {"id": 570523810, "feat_type": "way", "quality_categories": "missing_tags, older_than_five_years", "issue_ids": "[305, 6]", "osm_url": "https://www.openstreetmap.org/way/570523810", "josm_url": "http://127.0.0.1:8111/load_object?new_layer=false&objects=w570523810", "id_url": "https://www.openstreetmap.org/edit?editor=id&way=570523810#map=20/-25.4155748/-49.3384946"}}, {"type": "Feature", "geometry": {"type": "Point", "coordinates": [-49.3358627, -25.4187581]}, "properties": {"id": 570523811, "feat_type": "way", "quality_categories": "missing_tags, older_than_five_years", "issue_ids": "[305, 6]", "osm_url": "https://www.openstreetmap.org/way/570523811", "josm_url": "http://127.0.0.1:8111/load_object?new_layer=false&objects=w570523811", "id_url": "https://www.openstreetmap.org/edit?editor=id&way=570523811#map=20/-25.4187581/-49.3358627"}}, {"type": "Feature", "geometry": {"type": "Point", "coordinates": [-49.2102447, -25.3856969]}, "properties": {"id": 570738020, "feat_type": "way", "quality_categories": "missing_tags, older_than_five_years", "issue_ids": "[159, 6]", "osm_url": "https://www.openstreetmap.org/way/570738020", "josm_url": "http://127.0.0.1:8111/load_object?new_layer=false&objects=w570738020", "id_url": "https://www.openstreetmap.org/edit?editor=id&way=570738020#map=20/-25.3856969/-49.2102447"}}, {"type": "Feature", "geometry": {"type": "Point", "coordinates": [-49.2099926, -25.3858568]}, "properties": {"id": 570738021, "feat_type": "way", "quality_categories": "missing_tags, older_than_five_years", "issue_ids": "[159, 6]", "osm_url": "https://www.openstreetmap.org/way/570738021", "josm_url": "http://127.0.0.1:8111/load_object?new_layer=false&objects=w570738021", "id_url": "https://www.openstreetmap.org/edit?editor=id&way=570738021#map=20/-25.3858568/-49.2099926"}}, {"type": "Feature", "geometry": {"type": "Point", "coordinates": [-49.2978054, -25.3844998]}, "properties": {"id": 570771225, "feat_type": "way", "quality_categories": "missing_tags, older_than_five_years", "issue_ids": "[54, 6]", "osm_url": "https://www.openstreetmap.org/way/570771225", "josm_url": "http://127.0.0.1:8111/load_object?new_layer=false&objects=w570771225", "id_url": "https://www.openstreetmap.org/edit?editor=id&way=570771225#map=20/-25.3844998/-49.2978054"}}, {"type": "Feature", "geometry": {"type": "Point", "coordinates": [-49.2802048, -25.3796156]}, "properties": {"id": 570771227, "feat_type": "way", "quality_categories": "missing_tags, older_than_five_years", "issue_ids": "[38, 6]", "osm_url": "https://www.openstreetmap.org/way/570771227", "josm_url": "http://127.0.0.1:8111/load_object?new_layer=false&objects=w570771227", "id_url": "https://www.openstreetmap.org/edit?editor=id&way=570771227#map=20/-25.3796156/-49.2802048"}}, {"type": "Feature", "geometry": {"type": "Point", "coordinates": [-49.2775856, -25.3748979]}, "properties": {"id": 570771229, "feat_type": "way", "quality_categories": "missing_tags, older_than_five_years", "issue_ids": "[306, 6]", "osm_url": "https://www.openstreetmap.org/way/570771229", "josm_url": "http://127.0.0.1:8111/load_object?new_layer=false&objects=w570771229", "id_url": "https://www.openstreetmap.org/edit?editor=id&way=570771229#map=20/-25.3748979/-49.2775856"}}, {"type": "Feature", "geometry": {"type": "Point", "coordinates": [-49.302648, -25.4578559]}, "properties": {"id": 571478203, "feat_type": "way", "quality_categories": "missing_tags, older_than_five_years", "issue_ids": "[15, 6]", "osm_url": "https://www.openstreetmap.org/way/571478203", "josm_url": "http://127.0.0.1:8111/load_object?new_layer=false&objects=w571478203", "id_url": "https://www.openstreetmap.org/edit?editor=id&way=571478203#map=20/-25.4578559/-49.302648"}}, {"type": "Feature", "geometry": {"type": "Point", "coordinates": [-49.2946819, -25.5687135]}, "properties": {"id": 573720806, "feat_type": "way", "quality_categories": "missing_tags, older_than_five_years", "issue_ids": "[73, 6]", "osm_url": "https://www.openstreetmap.org/way/573720806", "josm_url": "http://127.0.0.1:8111/load_object?new_layer=false&objects=w573720806", "id_url": "https://www.openstreetmap.org/edit?editor=id&way=573720806#map=20/-25.5687135/-49.2946819"}}, {"type": "Feature", "geometry": {"type": "Point", "coordinates": [-49.2947591, -25.5687332]}, "properties": {"id": 573720807, "feat_type": "way", "quality_categories": "missing_tags, older_than_five_years", "issue_ids": "[73, 6]", "osm_url": "https://www.openstreetmap.org/way/573720807", "josm_url": "http://127.0.0.1:8111/load_object?new_layer=false&objects=w573720807", "id_url": "https://www.openstreetmap.org/edit?editor=id&way=573720807#map=20/-25.5687332/-49.2947591"}}, {"type": "Feature", "geometry": {"type": "Point", "coordinates": [-49.2951566, -25.5667716]}, "properties": {"id": 573720808, "feat_type": "way", "quality_categories": "missing_tags, older_than_five_years", "issue_ids": "[307, 6]", "osm_url": "https://www.openstreetmap.org/way/573720808", "josm_url": "http://127.0.0.1:8111/load_object?new_layer=false&objects=w573720808", "id_url": "https://www.openstreetmap.org/edit?editor=id&way=573720808#map=20/-25.5667716/-49.2951566"}}, {"type": "Feature", "geometry": {"type": "Point", "coordinates": [-49.2939536, -25.5679193]}, "properties": {"id": 573720809, "feat_type": "way", "quality_categories": "missing_tags, older_than_five_years", "issue_ids": "[308, 6]", "osm_url": "https://www.openstreetmap.org/way/573720809", "josm_url": "http://127.0.0.1:8111/load_object?new_layer=false&objects=w573720809", "id_url": "https://www.openstreetmap.org/edit?editor=id&way=573720809#map=20/-25.5679193/-49.2939536"}}, {"type": "Feature", "geometry": {"type": "Point", "coordinates": [-49.2932643, -25.5673912]}, "properties": {"id": 573720810, "feat_type": "way", "quality_categories": "missing_tags, older_than_five_years", "issue_ids": "[308, 6]", "osm_url": "https://www.openstreetmap.org/way/573720810", "josm_url": "http://127.0.0.1:8111/load_object?new_layer=false&objects=w573720810", "id_url": "https://www.openstreetmap.org/edit?editor=id&way=573720810#map=20/-25.5673912/-49.2932643"}}, {"type": "Feature", "geometry": {"type": "Point", "coordinates": [-49.2932382, -25.5668435]}, "properties": {"id": 573720811, "feat_type": "way", "quality_categories": "missing_tags, older_than_five_years", "issue_ids": "[307, 6]", "osm_url": "https://www.openstreetmap.org/way/573720811", "josm_url": "http://127.0.0.1:8111/load_object?new_layer=false&objects=w573720811", "id_url": "https://www.openstreetmap.org/edit?editor=id&way=573720811#map=20/-25.5668435/-49.2932382"}}, {"type": "Feature", "geometry": {"type": "Point", "coordinates": [-49.2932643, -25.5673912]}, "properties": {"id": 573720812, "feat_type": "way", "quality_categories": "missing_tags, older_than_five_years", "issue_ids": "[307, 6]", "osm_url": "https://www.openstreetmap.org/way/573720812", "josm_url": "http://127.0.0.1:8111/load_object?new_layer=false&objects=w573720812", "id_url": "https://www.openstreetmap.org/edit?editor=id&way=573720812#map=20/-25.5673912/-49.2932643"}}, {"type": "Feature", "geometry": {"type": "Point", "coordinates": [-49.2938015, -25.5666186]}, "properties": {"id": 573720813, "feat_type": "way", "quality_categories": "missing_tags, older_than_five_years", "issue_ids": "[307, 6]", "osm_url": "https://www.openstreetmap.org/way/573720813", "josm_url": "http://127.0.0.1:8111/load_object?new_layer=false&objects=w573720813", "id_url": "https://www.openstreetmap.org/edit?editor=id&way=573720813#map=20/-25.5666186/-49.2938015"}}, {"type": "Feature", "geometry": {"type": "Point", "coordinates": [-49.2924006, -25.5675705]}, "properties": {"id": 573720815, "feat_type": "way", "quality_categories": "missing_tags, older_than_five_years", "issue_ids": "[307, 6]", "osm_url": "https://www.openstreetmap.org/way/573720815", "josm_url": "http://127.0.0.1:8111/load_object?new_layer=false&objects=w573720815", "id_url": "https://www.openstreetmap.org/edit?editor=id&way=573720815#map=20/-25.5675705/-49.2924006"}}, {"type": "Feature", "geometry": {"type": "Point", "coordinates": [-49.2928489, -25.5669013]}, "properties": {"id": 573720816, "feat_type": "way", "quality_categories": "missing_tags, older_than_five_years", "issue_ids": "[307, 6]", "osm_url": "https://www.openstreetmap.org/way/573720816", "josm_url": "http://127.0.0.1:8111/load_object?new_layer=false&objects=w573720816", "id_url": "https://www.openstreetmap.org/edit?editor=id&way=573720816#map=20/-25.5669013/-49.2928489"}}, {"type": "Feature", "geometry": {"type": "Point", "coordinates": [-49.2928812, -25.5660148]}, "properties": {"id": 573720817, "feat_type": "way", "quality_categories": "missing_tags, older_than_five_years", "issue_ids": "[307, 6]", "osm_url": "https://www.openstreetmap.org/way/573720817", "josm_url": "http://127.0.0.1:8111/load_object?new_layer=false&objects=w573720817", "id_url": "https://www.openstreetmap.org/edit?editor=id&way=573720817#map=20/-25.5660148/-49.2928812"}}, {"type": "Feature", "geometry": {"type": "Point", "coordinates": [-49.2927636, -25.5662213]}, "properties": {"id": 573720818, "feat_type": "way", "quality_categories": "missing_tags, older_than_five_years", "issue_ids": "[307, 6]", "osm_url": "https://www.openstreetmap.org/way/573720818", "josm_url": "http://127.0.0.1:8111/load_object?new_layer=false&objects=w573720818", "id_url": "https://www.openstreetmap.org/edit?editor=id&way=573720818#map=20/-25.5662213/-49.2927636"}}, {"type": "Feature", "geometry": {"type": "Point", "coordinates": [-49.2908598, -25.5663045]}, "properties": {"id": 573720819, "feat_type": "way", "quality_categories": "missing_tags, older_than_five_years", "issue_ids": "[309, 6]", "osm_url": "https://www.openstreetmap.org/way/573720819", "josm_url": "http://127.0.0.1:8111/load_object?new_layer=false&objects=w573720819", "id_url": "https://www.openstreetmap.org/edit?editor=id&way=573720819#map=20/-25.5663045/-49.2908598"}}, {"type": "Feature", "geometry": {"type": "Point", "coordinates": [-49.38382, -25.4292816]}, "properties": {"id": 573724435, "feat_type": "way", "quality_categories": "missing_tags, older_than_five_years", "issue_ids": "[212, 6]", "osm_url": "https://www.openstreetmap.org/way/573724435", "josm_url": "http://127.0.0.1:8111/load_object?new_layer=false&objects=w573724435", "id_url": "https://www.openstreetmap.org/edit?editor=id&way=573724435#map=20/-25.4292816/-49.38382"}}, {"type": "Feature", "geometry": {"type": "Point", "coordinates": [-49.3852347, -25.4299413]}, "properties": {"id": 573727856, "feat_type": "way", "quality_categories": "missing_tags, older_than_five_years", "issue_ids": "[309, 6]", "osm_url": "https://www.openstreetmap.org/way/573727856", "josm_url": "http://127.0.0.1:8111/load_object?new_layer=false&objects=w573727856", "id_url": "https://www.openstreetmap.org/edit?editor=id&way=573727856#map=20/-25.4299413/-49.3852347"}}, {"type": "Feature", "geometry": {"type": "Point", "coordinates": [-49.2455983, -25.4457832]}, "properties": {"id": 574050106, "feat_type": "way", "quality_categories": "missing_tags, older_than_five_years", "issue_ids": "[126, 6]", "osm_url": "https://www.openstreetmap.org/way/574050106", "josm_url": "http://127.0.0.1:8111/load_object?new_layer=false&objects=w574050106", "id_url": "https://www.openstreetmap.org/edit?editor=id&way=574050106#map=20/-25.4457832/-49.2455983"}}, {"type": "Feature", "geometry": {"type": "Point", "coordinates": [-49.3606204, -25.4927278]}, "properties": {"id": 574150330, "feat_type": "way", "quality_categories": "missing_tags, older_than_five_years", "issue_ids": "[78, 6]", "osm_url": "https://www.openstreetmap.org/way/574150330", "josm_url": "http://127.0.0.1:8111/load_object?new_layer=false&objects=w574150330", "id_url": "https://www.openstreetmap.org/edit?editor=id&way=574150330#map=20/-25.4927278/-49.3606204"}}, {"type": "Feature", "geometry": {"type": "Point", "coordinates": [-49.3631669, -25.5064209]}, "properties": {"id": 576072288, "feat_type": "way", "quality_categories": "missing_tags, older_than_five_years", "issue_ids": "[310, 6]", "osm_url": "https://www.openstreetmap.org/way/576072288", "josm_url": "http://127.0.0.1:8111/load_object?new_layer=false&objects=w576072288", "id_url": "https://www.openstreetmap.org/edit?editor=id&way=576072288#map=20/-25.5064209/-49.3631669"}}, {"type": "Feature", "geometry": {"type": "Point", "coordinates": [-49.2880433, -25.4045274]}, "properties": {"id": 580509791, "feat_type": "way", "quality_categories": "missing_tags, older_than_five_years", "issue_ids": "[311, 6]", "osm_url": "https://www.openstreetmap.org/way/580509791", "josm_url": "http://127.0.0.1:8111/load_object?new_layer=false&objects=w580509791", "id_url": "https://www.openstreetmap.org/edit?editor=id&way=580509791#map=20/-25.4045274/-49.2880433"}}, {"type": "Feature", "geometry": {"type": "Point", "coordinates": [-49.3018998, -25.4068983]}, "properties": {"id": 583058774, "feat_type": "way", "quality_categories": "missing_tags, older_than_five_years", "issue_ids": "[82, 6]", "osm_url": "https://www.openstreetmap.org/way/583058774", "josm_url": "http://127.0.0.1:8111/load_object?new_layer=false&objects=w583058774", "id_url": "https://www.openstreetmap.org/edit?editor=id&way=583058774#map=20/-25.4068983/-49.3018998"}}, {"type": "Feature", "geometry": {"type": "Point", "coordinates": [-49.2692622, -25.4302005]}, "properties": {"id": 583824558, "feat_type": "way", "quality_categories": "missing_tags, older_than_five_years", "issue_ids": "[312, 6]", "osm_url": "https://www.openstreetmap.org/way/583824558", "josm_url": "http://127.0.0.1:8111/load_object?new_layer=false&objects=w583824558", "id_url": "https://www.openstreetmap.org/edit?editor=id&way=583824558#map=20/-25.4302005/-49.2692622"}}, {"type": "Feature", "geometry": {"type": "Point", "coordinates": [-49.2719052, -25.4300412]}, "properties": {"id": 583827599, "feat_type": "way", "quality_categories": "missing_tags, older_than_five_years", "issue_ids": "[50, 6]", "osm_url": "https://www.openstreetmap.org/way/583827599", "josm_url": "http://127.0.0.1:8111/load_object?new_layer=false&objects=w583827599", "id_url": "https://www.openstreetmap.org/edit?editor=id&way=583827599#map=20/-25.4300412/-49.2719052"}}, {"type": "Feature", "geometry": {"type": "Point", "coordinates": [-49.3519228, -25.5069536]}, "properties": {"id": 588845953, "feat_type": "way", "quality_categories": "missing_tags, older_than_five_years", "issue_ids": "[313, 6]", "osm_url": "https://www.openstreetmap.org/way/588845953", "josm_url": "http://127.0.0.1:8111/load_object?new_layer=false&objects=w588845953", "id_url": "https://www.openstreetmap.org/edit?editor=id&way=588845953#map=20/-25.5069536/-49.3519228"}}, {"type": "Feature", "geometry": {"type": "Point", "coordinates": [-49.3089778, -25.4857293]}, "properties": {"id": 591386179, "feat_type": "way", "quality_categories": "missing_tags, older_than_five_years", "issue_ids": "[314, 6]", "osm_url": "https://www.openstreetmap.org/way/591386179", "josm_url": "http://127.0.0.1:8111/load_object?new_layer=false&objects=w591386179", "id_url": "https://www.openstreetmap.org/edit?editor=id&way=591386179#map=20/-25.4857293/-49.3089778"}}, {"type": "Feature", "geometry": {"type": "Point", "coordinates": [-49.2772654, -25.4196925]}, "properties": {"id": 591940049, "feat_type": "way", "quality_categories": "older_than_five_years", "issue_ids": "[284]", "osm_url": "https://www.openstreetmap.org/way/591940049", "josm_url": "http://127.0.0.1:8111/load_object?new_layer=false&objects=w591940049", "id_url": "https://www.openstreetmap.org/edit?editor=id&way=591940049#map=20/-25.4196925/-49.2772654"}}, {"type": "Feature", "geometry": {"type": "Point", "coordinates": [-49.3089767, -25.4178414]}, "properties": {"id": 594582760, "feat_type": "way", "quality_categories": "missing_tags, older_than_five_years", "issue_ids": "[315, 6]", "osm_url": "https://www.openstreetmap.org/way/594582760", "josm_url": "http://127.0.0.1:8111/load_object?new_layer=false&objects=w594582760", "id_url": "https://www.openstreetmap.org/edit?editor=id&way=594582760#map=20/-25.4178414/-49.3089767"}}, {"type": "Feature", "geometry": {"type": "Point", "coordinates": [-49.2489325, -25.524486]}, "properties": {"id": 597092334, "feat_type": "way", "quality_categories": "older_than_five_years", "issue_ids": "[281]", "osm_url": "https://www.openstreetmap.org/way/597092334", "josm_url": "http://127.0.0.1:8111/load_object?new_layer=false&objects=w597092334", "id_url": "https://www.openstreetmap.org/edit?editor=id&way=597092334#map=20/-25.524486/-49.2489325"}}, {"type": "Feature", "geometry": {"type": "Point", "coordinates": [-49.2517044, -25.5253846]}, "properties": {"id": 597092335, "feat_type": "way", "quality_categories": "older_than_five_years", "issue_ids": "[281]", "osm_url": "https://www.openstreetmap.org/way/597092335", "josm_url": "http://127.0.0.1:8111/load_object?new_layer=false&objects=w597092335", "id_url": "https://www.openstreetmap.org/edit?editor=id&way=597092335#map=20/-25.5253846/-49.2517044"}}, {"type": "Feature", "geometry": {"type": "Point", "coordinates": [-49.2706796, -25.4286226]}, "properties": {"id": 619882674, "feat_type": "way", "quality_categories": "missing_tags, older_than_five_years", "issue_ids": "[171, 6]", "osm_url": "https://www.openstreetmap.org/way/619882674", "josm_url": "http://127.0.0.1:8111/load_object?new_layer=false&objects=w619882674", "id_url": "https://www.openstreetmap.org/edit?editor=id&way=619882674#map=20/-25.4286226/-49.2706796"}}, {"type": "Feature", "geometry": {"type": "Point", "coordinates": [-49.2528625, -25.4064548]}, "properties": {"id": 622145152, "feat_type": "way", "quality_categories": "missing_tags, older_than_five_years", "issue_ids": "[316, 6]", "osm_url": "https://www.openstreetmap.org/way/622145152", "josm_url": "http://127.0.0.1:8111/load_object?new_layer=false&objects=w622145152", "id_url": "https://www.openstreetmap.org/edit?editor=id&way=622145152#map=20/-25.4064548/-49.2528625"}}, {"type": "Feature", "geometry": {"type": "Point", "coordinates": [-49.2520078, -25.450485]}, "properties": {"id": 630090977, "feat_type": "way", "quality_categories": "missing_tags, older_than_five_years", "issue_ids": "[317, 6]", "osm_url": "https://www.openstreetmap.org/way/630090977", "josm_url": "http://127.0.0.1:8111/load_object?new_layer=false&objects=w630090977", "id_url": "https://www.openstreetmap.org/edit?editor=id&way=630090977#map=20/-25.450485/-49.2520078"}}, {"type": "Feature", "geometry": {"type": "Point", "coordinates": [-49.2509647, -25.44989]}, "properties": {"id": 630090979, "feat_type": "way", "quality_categories": "missing_tags, older_than_five_years", "issue_ids": "[317, 6]", "osm_url": "https://www.openstreetmap.org/way/630090979", "josm_url": "http://127.0.0.1:8111/load_object?new_layer=false&objects=w630090979", "id_url": "https://www.openstreetmap.org/edit?editor=id&way=630090979#map=20/-25.44989/-49.2509647"}}, {"type": "Feature", "geometry": {"type": "Point", "coordinates": [-49.2510585, -25.4506843]}, "properties": {"id": 630090981, "feat_type": "way", "quality_categories": "missing_tags, older_than_five_years", "issue_ids": "[318, 6]", "osm_url": "https://www.openstreetmap.org/way/630090981", "josm_url": "http://127.0.0.1:8111/load_object?new_layer=false&objects=w630090981", "id_url": "https://www.openstreetmap.org/edit?editor=id&way=630090981#map=20/-25.4506843/-49.2510585"}}, {"type": "Feature", "geometry": {"type": "Point", "coordinates": [-49.2950747, -25.512689]}, "properties": {"id": 634026482, "feat_type": "way", "quality_categories": "missing_tags, older_than_five_years", "issue_ids": "[209, 6]", "osm_url": "https://www.openstreetmap.org/way/634026482", "josm_url": "http://127.0.0.1:8111/load_object?new_layer=false&objects=w634026482", "id_url": "https://www.openstreetmap.org/edit?editor=id&way=634026482#map=20/-25.512689/-49.2950747"}}, {"type": "Feature", "geometry": {"type": "Point", "coordinates": [-49.2950738, -25.5136964]}, "properties": {"id": 634026483, "feat_type": "way", "quality_categories": "missing_tags, older_than_five_years", "issue_ids": "[319, 6]", "osm_url": "https://www.openstreetmap.org/way/634026483", "josm_url": "http://127.0.0.1:8111/load_object?new_layer=false&objects=w634026483", "id_url": "https://www.openstreetmap.org/edit?editor=id&way=634026483#map=20/-25.5136964/-49.2950738"}}, {"type": "Feature", "geometry": {"type": "Point", "coordinates": [-49.2956168, -25.5139269]}, "properties": {"id": 634026484, "feat_type": "way", "quality_categories": "missing_tags, older_than_five_years", "issue_ids": "[319, 6]", "osm_url": "https://www.openstreetmap.org/way/634026484", "josm_url": "http://127.0.0.1:8111/load_object?new_layer=false&objects=w634026484", "id_url": "https://www.openstreetmap.org/edit?editor=id&way=634026484#map=20/-25.5139269/-49.2956168"}}, {"type": "Feature", "geometry": {"type": "Point", "coordinates": [-49.27238298835442, -25.4290159]}, "properties": {"id": 634395667, "feat_type": "way", "quality_categories": "older_than_five_years", "issue_ids": "[49]", "osm_url": "https://www.openstreetmap.org/way/634395667", "josm_url": "http://127.0.0.1:8111/load_object?new_layer=false&objects=w634395667", "id_url": "https://www.openstreetmap.org/edit?editor=id&way=634395667#map=20/-25.4290159/-49.27238298835442"}}, {"type": "Feature", "geometry": {"type": "Point", "coordinates": [-49.2705106, -25.4288309]}, "properties": {"id": 636467813, "feat_type": "way", "quality_categories": "missing_tags, older_than_five_years", "issue_ids": "[49, 6]", "osm_url": "https://www.openstreetmap.org/way/636467813", "josm_url": "http://127.0.0.1:8111/load_object?new_layer=false&objects=w636467813", "id_url": "https://www.openstreetmap.org/edit?editor=id&way=636467813#map=20/-25.4288309/-49.2705106"}}, {"type": "Feature", "geometry": {"type": "Point", "coordinates": [-49.2711245, -25.4291175]}, "properties": {"id": 636467814, "feat_type": "way", "quality_categories": "missing_tags, older_than_five_years", "issue_ids": "[49, 6]", "osm_url": "https://www.openstreetmap.org/way/636467814", "josm_url": "http://127.0.0.1:8111/load_object?new_layer=false&objects=w636467814", "id_url": "https://www.openstreetmap.org/edit?editor=id&way=636467814#map=20/-25.4291175/-49.2711245"}}, {"type": "Feature", "geometry": {"type": "Point", "coordinates": [-49.2703313, -25.4289228]}, "properties": {"id": 636467815, "feat_type": "way", "quality_categories": "missing_tags, older_than_five_years", "issue_ids": "[49, 6]", "osm_url": "https://www.openstreetmap.org/way/636467815", "josm_url": "http://127.0.0.1:8111/load_object?new_layer=false&objects=w636467815", "id_url": "https://www.openstreetmap.org/edit?editor=id&way=636467815#map=20/-25.4289228/-49.2703313"}}, {"type": "Feature", "geometry": {"type": "Point", "coordinates": [-49.2048423, -25.3830345]}, "properties": {"id": 638334522, "feat_type": "way", "quality_categories": "older_than_five_years", "issue_ids": "[320]", "osm_url": "https://www.openstreetmap.org/way/638334522", "josm_url": "http://127.0.0.1:8111/load_object?new_layer=false&objects=w638334522", "id_url": "https://www.openstreetmap.org/edit?editor=id&way=638334522#map=20/-25.3830345/-49.2048423"}}, {"type": "Feature", "geometry": {"type": "Point", "coordinates": [-49.2062254, -25.3814095]}, "properties": {"id": 638334523, "feat_type": "way", "quality_categories": "older_than_five_years", "issue_ids": "[320]", "osm_url": "https://www.openstreetmap.org/way/638334523", "josm_url": "http://127.0.0.1:8111/load_object?new_layer=false&objects=w638334523", "id_url": "https://www.openstreetmap.org/edit?editor=id&way=638334523#map=20/-25.3814095/-49.2062254"}}, {"type": "Feature", "geometry": {"type": "Point", "coordinates": [-49.2070703, -25.3805304]}, "properties": {"id": 638334525, "feat_type": "way", "quality_categories": "older_than_five_years", "issue_ids": "[320]", "osm_url": "https://www.openstreetmap.org/way/638334525", "josm_url": "http://127.0.0.1:8111/load_object?new_layer=false&objects=w638334525", "id_url": "https://www.openstreetmap.org/edit?editor=id&way=638334525#map=20/-25.3805304/-49.2070703"}}, {"type": "Feature", "geometry": {"type": "Point", "coordinates": [-49.2066982, -25.3795302]}, "properties": {"id": 638334526, "feat_type": "way", "quality_categories": "older_than_five_years", "issue_ids": "[320]", "osm_url": "https://www.openstreetmap.org/way/638334526", "josm_url": "http://127.0.0.1:8111/load_object?new_layer=false&objects=w638334526", "id_url": "https://www.openstreetmap.org/edit?editor=id&way=638334526#map=20/-25.3795302/-49.2066982"}}, {"type": "Feature", "geometry": {"type": "Point", "coordinates": [-49.2070066, -25.3797695]}, "properties": {"id": 638334527, "feat_type": "way", "quality_categories": "older_than_five_years", "issue_ids": "[320]", "osm_url": "https://www.openstreetmap.org/way/638334527", "josm_url": "http://127.0.0.1:8111/load_object?new_layer=false&objects=w638334527", "id_url": "https://www.openstreetmap.org/edit?editor=id&way=638334527#map=20/-25.3797695/-49.2070066"}}, {"type": "Feature", "geometry": {"type": "Point", "coordinates": [-49.2066056, -25.3807691]}, "properties": {"id": 638334528, "feat_type": "way", "quality_categories": "older_than_five_years", "issue_ids": "[320]", "osm_url": "https://www.openstreetmap.org/way/638334528", "josm_url": "http://127.0.0.1:8111/load_object?new_layer=false&objects=w638334528", "id_url": "https://www.openstreetmap.org/edit?editor=id&way=638334528#map=20/-25.3807691/-49.2066056"}}, {"type": "Feature", "geometry": {"type": "Point", "coordinates": [-49.2062791, -25.3814568]}, "properties": {"id": 638334529, "feat_type": "way", "quality_categories": "older_than_five_years", "issue_ids": "[320]", "osm_url": "https://www.openstreetmap.org/way/638334529", "josm_url": "http://127.0.0.1:8111/load_object?new_layer=false&objects=w638334529", "id_url": "https://www.openstreetmap.org/edit?editor=id&way=638334529#map=20/-25.3814568/-49.2062791"}}, {"type": "Feature", "geometry": {"type": "Point", "coordinates": [-49.206157, -25.3813598]}, "properties": {"id": 638334537, "feat_type": "way", "quality_categories": "older_than_five_years", "issue_ids": "[320]", "osm_url": "https://www.openstreetmap.org/way/638334537", "josm_url": "http://127.0.0.1:8111/load_object?new_layer=false&objects=w638334537", "id_url": "https://www.openstreetmap.org/edit?editor=id&way=638334537#map=20/-25.3813598/-49.206157"}}, {"type": "Feature", "geometry": {"type": "Point", "coordinates": [-49.2069194, -25.3803354]}, "properties": {"id": 638334538, "feat_type": "way", "quality_categories": "older_than_five_years", "issue_ids": "[320]", "osm_url": "https://www.openstreetmap.org/way/638334538", "josm_url": "http://127.0.0.1:8111/load_object?new_layer=false&objects=w638334538", "id_url": "https://www.openstreetmap.org/edit?editor=id&way=638334538#map=20/-25.3803354/-49.2069194"}}, {"type": "Feature", "geometry": {"type": "Point", "coordinates": [-49.2070351, -25.379261]}, "properties": {"id": 638334544, "feat_type": "way", "quality_categories": "older_than_five_years", "issue_ids": "[320]", "osm_url": "https://www.openstreetmap.org/way/638334544", "josm_url": "http://127.0.0.1:8111/load_object?new_layer=false&objects=w638334544", "id_url": "https://www.openstreetmap.org/edit?editor=id&way=638334544#map=20/-25.379261/-49.2070351"}}, {"type": "Feature", "geometry": {"type": "Point", "coordinates": [-49.207069, -25.3792624]}, "properties": {"id": 638334545, "feat_type": "way", "quality_categories": "older_than_five_years", "issue_ids": "[320]", "osm_url": "https://www.openstreetmap.org/way/638334545", "josm_url": "http://127.0.0.1:8111/load_object?new_layer=false&objects=w638334545", "id_url": "https://www.openstreetmap.org/edit?editor=id&way=638334545#map=20/-25.3792624/-49.207069"}}, {"type": "Feature", "geometry": {"type": "Point", "coordinates": [-49.2077623, -25.3792437]}, "properties": {"id": 638334547, "feat_type": "way", "quality_categories": "older_than_five_years", "issue_ids": "[320]", "osm_url": "https://www.openstreetmap.org/way/638334547", "josm_url": "http://127.0.0.1:8111/load_object?new_layer=false&objects=w638334547", "id_url": "https://www.openstreetmap.org/edit?editor=id&way=638334547#map=20/-25.3792437/-49.2077623"}}, {"type": "Feature", "geometry": {"type": "Point", "coordinates": [-49.2077623, -25.3792437]}, "properties": {"id": 638334548, "feat_type": "way", "quality_categories": "older_than_five_years", "issue_ids": "[320]", "osm_url": "https://www.openstreetmap.org/way/638334548", "josm_url": "http://127.0.0.1:8111/load_object?new_layer=false&objects=w638334548", "id_url": "https://www.openstreetmap.org/edit?editor=id&way=638334548#map=20/-25.3792437/-49.2077623"}}, {"type": "Feature", "geometry": {"type": "Point", "coordinates": [-49.2067873, -25.3793945]}, "properties": {"id": 638334549, "feat_type": "way", "quality_categories": "older_than_five_years", "issue_ids": "[320]", "osm_url": "https://www.openstreetmap.org/way/638334549", "josm_url": "http://127.0.0.1:8111/load_object?new_layer=false&objects=w638334549", "id_url": "https://www.openstreetmap.org/edit?editor=id&way=638334549#map=20/-25.3793945/-49.2067873"}}, {"type": "Feature", "geometry": {"type": "Point", "coordinates": [-49.2078321, -25.3792412]}, "properties": {"id": 638334550, "feat_type": "way", "quality_categories": "older_than_five_years", "issue_ids": "[320]", "osm_url": "https://www.openstreetmap.org/way/638334550", "josm_url": "http://127.0.0.1:8111/load_object?new_layer=false&objects=w638334550", "id_url": "https://www.openstreetmap.org/edit?editor=id&way=638334550#map=20/-25.3792412/-49.2078321"}}, {"type": "Feature", "geometry": {"type": "Point", "coordinates": [-49.2061222, -25.3793988]}, "properties": {"id": 638334553, "feat_type": "way", "quality_categories": "older_than_five_years", "issue_ids": "[320]", "osm_url": "https://www.openstreetmap.org/way/638334553", "josm_url": "http://127.0.0.1:8111/load_object?new_layer=false&objects=w638334553", "id_url": "https://www.openstreetmap.org/edit?editor=id&way=638334553#map=20/-25.3793988/-49.2061222"}}, {"type": "Feature", "geometry": {"type": "Point", "coordinates": [-49.2043626, -25.3822443]}, "properties": {"id": 638334555, "feat_type": "way", "quality_categories": "older_than_five_years", "issue_ids": "[320]", "osm_url": "https://www.openstreetmap.org/way/638334555", "josm_url": "http://127.0.0.1:8111/load_object?new_layer=false&objects=w638334555", "id_url": "https://www.openstreetmap.org/edit?editor=id&way=638334555#map=20/-25.3822443/-49.2043626"}}, {"type": "Feature", "geometry": {"type": "Point", "coordinates": [-49.2106183, -25.4896252]}, "properties": {"id": 641570080, "feat_type": "way", "quality_categories": "older_than_five_years", "issue_ids": "[152]", "osm_url": "https://www.openstreetmap.org/way/641570080", "josm_url": "http://127.0.0.1:8111/load_object?new_layer=false&objects=w641570080", "id_url": "https://www.openstreetmap.org/edit?editor=id&way=641570080#map=20/-25.4896252/-49.2106183"}}, {"type": "Feature", "geometry": {"type": "Point", "coordinates": [-49.2100736, -25.4896803]}, "properties": {"id": 641570083, "feat_type": "way", "quality_categories": "older_than_five_years", "issue_ids": "[152]", "osm_url": "https://www.openstreetmap.org/way/641570083", "josm_url": "http://127.0.0.1:8111/load_object?new_layer=false&objects=w641570083", "id_url": "https://www.openstreetmap.org/edit?editor=id&way=641570083#map=20/-25.4896803/-49.2100736"}}, {"type": "Feature", "geometry": {"type": "Point", "coordinates": [-49.2101674, -25.4900617]}, "properties": {"id": 641570085, "feat_type": "way", "quality_categories": "older_than_five_years", "issue_ids": "[152]", "osm_url": "https://www.openstreetmap.org/way/641570085", "josm_url": "http://127.0.0.1:8111/load_object?new_layer=false&objects=w641570085", "id_url": "https://www.openstreetmap.org/edit?editor=id&way=641570085#map=20/-25.4900617/-49.2101674"}}, {"type": "Feature", "geometry": {"type": "Point", "coordinates": [-49.2944468, -25.5143209]}, "properties": {"id": 643076426, "feat_type": "way", "quality_categories": "missing_tags, older_than_five_years", "issue_ids": "[35, 6]", "osm_url": "https://www.openstreetmap.org/way/643076426", "josm_url": "http://127.0.0.1:8111/load_object?new_layer=false&objects=w643076426", "id_url": "https://www.openstreetmap.org/edit?editor=id&way=643076426#map=20/-25.5143209/-49.2944468"}}, {"type": "Feature", "geometry": {"type": "Point", "coordinates": [-49.2953345, -25.5144894]}, "properties": {"id": 643076427, "feat_type": "way", "quality_categories": "missing_tags, older_than_five_years", "issue_ids": "[321, 6]", "osm_url": "https://www.openstreetmap.org/way/643076427", "josm_url": "http://127.0.0.1:8111/load_object?new_layer=false&objects=w643076427", "id_url": "https://www.openstreetmap.org/edit?editor=id&way=643076427#map=20/-25.5144894/-49.2953345"}}, {"type": "Feature", "geometry": {"type": "Point", "coordinates": [-49.2956088, -25.5141933]}, "properties": {"id": 643076428, "feat_type": "way", "quality_categories": "missing_tags, older_than_five_years", "issue_ids": "[319, 6]", "osm_url": "https://www.openstreetmap.org/way/643076428", "josm_url": "http://127.0.0.1:8111/load_object?new_layer=false&objects=w643076428", "id_url": "https://www.openstreetmap.org/edit?editor=id&way=643076428#map=20/-25.5141933/-49.2956088"}}, {"type": "Feature", "geometry": {"type": "Point", "coordinates": [-49.2845367, -25.5068005]}, "properties": {"id": 643078134, "feat_type": "way", "quality_categories": "missing_tags, older_than_five_years", "issue_ids": "[35, 6]", "osm_url": "https://www.openstreetmap.org/way/643078134", "josm_url": "http://127.0.0.1:8111/load_object?new_layer=false&objects=w643078134", "id_url": "https://www.openstreetmap.org/edit?editor=id&way=643078134#map=20/-25.5068005/-49.2845367"}}, {"type": "Feature", "geometry": {"type": "Point", "coordinates": [-49.2843591, -25.5069175]}, "properties": {"id": 643078135, "feat_type": "way", "quality_categories": "missing_tags, older_than_five_years", "issue_ids": "[35, 6]", "osm_url": "https://www.openstreetmap.org/way/643078135", "josm_url": "http://127.0.0.1:8111/load_object?new_layer=false&objects=w643078135", "id_url": "https://www.openstreetmap.org/edit?editor=id&way=643078135#map=20/-25.5069175/-49.2843591"}}, {"type": "Feature", "geometry": {"type": "Point", "coordinates": [-49.2764936, -25.4967805]}, "properties": {"id": 643078138, "feat_type": "way", "quality_categories": "missing_tags, older_than_five_years", "issue_ids": "[35, 6]", "osm_url": "https://www.openstreetmap.org/way/643078138", "josm_url": "http://127.0.0.1:8111/load_object?new_layer=false&objects=w643078138", "id_url": "https://www.openstreetmap.org/edit?editor=id&way=643078138#map=20/-25.4967805/-49.2764936"}}, {"type": "Feature", "geometry": {"type": "Point", "coordinates": [-49.2762622, -25.496829]}, "properties": {"id": 643078139, "feat_type": "way", "quality_categories": "missing_tags, older_than_five_years", "issue_ids": "[35, 6]", "osm_url": "https://www.openstreetmap.org/way/643078139", "josm_url": "http://127.0.0.1:8111/load_object?new_layer=false&objects=w643078139", "id_url": "https://www.openstreetmap.org/edit?editor=id&way=643078139#map=20/-25.496829/-49.2762622"}}, {"type": "Feature", "geometry": {"type": "Point", "coordinates": [-49.2764936, -25.4967805]}, "properties": {"id": 643078140, "feat_type": "way", "quality_categories": "missing_tags, older_than_five_years", "issue_ids": "[35, 6]", "osm_url": "https://www.openstreetmap.org/way/643078140", "josm_url": "http://127.0.0.1:8111/load_object?new_layer=false&objects=w643078140", "id_url": "https://www.openstreetmap.org/edit?editor=id&way=643078140#map=20/-25.4967805/-49.2764936"}}, {"type": "Feature", "geometry": {"type": "Point", "coordinates": [-49.2764067, -25.4968377]}, "properties": {"id": 643078141, "feat_type": "way", "quality_categories": "missing_tags, older_than_five_years", "issue_ids": "[195, 6]", "osm_url": "https://www.openstreetmap.org/way/643078141", "josm_url": "http://127.0.0.1:8111/load_object?new_layer=false&objects=w643078141", "id_url": "https://www.openstreetmap.org/edit?editor=id&way=643078141#map=20/-25.4968377/-49.2764067"}}, {"type": "Feature", "geometry": {"type": "Point", "coordinates": [-49.2671479, -25.4853201]}, "properties": {"id": 643078143, "feat_type": "way", "quality_categories": "missing_tags, older_than_five_years", "issue_ids": "[35, 6]", "osm_url": "https://www.openstreetmap.org/way/643078143", "josm_url": "http://127.0.0.1:8111/load_object?new_layer=false&objects=w643078143", "id_url": "https://www.openstreetmap.org/edit?editor=id&way=643078143#map=20/-25.4853201/-49.2671479"}}, {"type": "Feature", "geometry": {"type": "Point", "coordinates": [-49.2668869, -25.485337]}, "properties": {"id": 643078144, "feat_type": "way", "quality_categories": "missing_tags, older_than_five_years", "issue_ids": "[35, 6]", "osm_url": "https://www.openstreetmap.org/way/643078144", "josm_url": "http://127.0.0.1:8111/load_object?new_layer=false&objects=w643078144", "id_url": "https://www.openstreetmap.org/edit?editor=id&way=643078144#map=20/-25.485337/-49.2668869"}}, {"type": "Feature", "geometry": {"type": "Point", "coordinates": [-49.2588287, -25.4750099]}, "properties": {"id": 643078147, "feat_type": "way", "quality_categories": "missing_tags, older_than_five_years", "issue_ids": "[35, 6]", "osm_url": "https://www.openstreetmap.org/way/643078147", "josm_url": "http://127.0.0.1:8111/load_object?new_layer=false&objects=w643078147", "id_url": "https://www.openstreetmap.org/edit?editor=id&way=643078147#map=20/-25.4750099/-49.2588287"}}, {"type": "Feature", "geometry": {"type": "Point", "coordinates": [-49.2585992, -25.4750492]}, "properties": {"id": 643078148, "feat_type": "way", "quality_categories": "missing_tags, older_than_five_years", "issue_ids": "[35, 6]", "osm_url": "https://www.openstreetmap.org/way/643078148", "josm_url": "http://127.0.0.1:8111/load_object?new_layer=false&objects=w643078148", "id_url": "https://www.openstreetmap.org/edit?editor=id&way=643078148#map=20/-25.4750492/-49.2585992"}}, {"type": "Feature", "geometry": {"type": "Point", "coordinates": [-49.2945537, -25.5126785]}, "properties": {"id": 644457803, "feat_type": "way", "quality_categories": "missing_tags, older_than_five_years", "issue_ids": "[209, 6]", "osm_url": "https://www.openstreetmap.org/way/644457803", "josm_url": "http://127.0.0.1:8111/load_object?new_layer=false&objects=w644457803", "id_url": "https://www.openstreetmap.org/edit?editor=id&way=644457803#map=20/-25.5126785/-49.2945537"}}, {"type": "Feature", "geometry": {"type": "Point", "coordinates": [-49.2949045, -25.5126855]}, "properties": {"id": 644457804, "feat_type": "way", "quality_categories": "missing_tags, older_than_five_years", "issue_ids": "[209, 6]", "osm_url": "https://www.openstreetmap.org/way/644457804", "josm_url": "http://127.0.0.1:8111/load_object?new_layer=false&objects=w644457804", "id_url": "https://www.openstreetmap.org/edit?editor=id&way=644457804#map=20/-25.5126855/-49.2949045"}}, {"type": "Feature", "geometry": {"type": "Point", "coordinates": [-49.2950747, -25.512689]}, "properties": {"id": 644457805, "feat_type": "way", "quality_categories": "missing_tags, older_than_five_years", "issue_ids": "[209, 6]", "osm_url": "https://www.openstreetmap.org/way/644457805", "josm_url": "http://127.0.0.1:8111/load_object?new_layer=false&objects=w644457805", "id_url": "https://www.openstreetmap.org/edit?editor=id&way=644457805#map=20/-25.512689/-49.2950747"}}, {"type": "Feature", "geometry": {"type": "Point", "coordinates": [-49.2956668, -25.5127009]}, "properties": {"id": 644457806, "feat_type": "way", "quality_categories": "missing_tags, older_than_five_years", "issue_ids": "[209, 6]", "osm_url": "https://www.openstreetmap.org/way/644457806", "josm_url": "http://127.0.0.1:8111/load_object?new_layer=false&objects=w644457806", "id_url": "https://www.openstreetmap.org/edit?editor=id&way=644457806#map=20/-25.5127009/-49.2956668"}}, {"type": "Feature", "geometry": {"type": "Point", "coordinates": [-49.2956668, -25.5127009]}, "properties": {"id": 644457807, "feat_type": "way", "quality_categories": "missing_tags, older_than_five_years", "issue_ids": "[209, 6]", "osm_url": "https://www.openstreetmap.org/way/644457807", "josm_url": "http://127.0.0.1:8111/load_object?new_layer=false&objects=w644457807", "id_url": "https://www.openstreetmap.org/edit?editor=id&way=644457807#map=20/-25.5127009/-49.2956668"}}, {"type": "Feature", "geometry": {"type": "Point", "coordinates": [-49.2955209, -25.5126979]}, "properties": {"id": 644457808, "feat_type": "way", "quality_categories": "missing_tags, older_than_five_years", "issue_ids": "[209, 6]", "osm_url": "https://www.openstreetmap.org/way/644457808", "josm_url": "http://127.0.0.1:8111/load_object?new_layer=false&objects=w644457808", "id_url": "https://www.openstreetmap.org/edit?editor=id&way=644457808#map=20/-25.5126979/-49.2955209"}}, {"type": "Feature", "geometry": {"type": "Point", "coordinates": [-49.2942165, -25.5148298]}, "properties": {"id": 644457815, "feat_type": "way", "quality_categories": "missing_tags, older_than_five_years", "issue_ids": "[209, 6]", "osm_url": "https://www.openstreetmap.org/way/644457815", "josm_url": "http://127.0.0.1:8111/load_object?new_layer=false&objects=w644457815", "id_url": "https://www.openstreetmap.org/edit?editor=id&way=644457815#map=20/-25.5148298/-49.2942165"}}, {"type": "Feature", "geometry": {"type": "Point", "coordinates": [-49.2940764, -25.5149338]}, "properties": {"id": 644457816, "feat_type": "way", "quality_categories": "missing_tags, older_than_five_years", "issue_ids": "[209, 6]", "osm_url": "https://www.openstreetmap.org/way/644457816", "josm_url": "http://127.0.0.1:8111/load_object?new_layer=false&objects=w644457816", "id_url": "https://www.openstreetmap.org/edit?editor=id&way=644457816#map=20/-25.5149338/-49.2940764"}}, {"type": "Feature", "geometry": {"type": "Point", "coordinates": [-49.2956059, -25.5145931]}, "properties": {"id": 644457818, "feat_type": "way", "quality_categories": "missing_tags, older_than_five_years", "issue_ids": "[321, 6]", "osm_url": "https://www.openstreetmap.org/way/644457818", "josm_url": "http://127.0.0.1:8111/load_object?new_layer=false&objects=w644457818", "id_url": "https://www.openstreetmap.org/edit?editor=id&way=644457818#map=20/-25.5145931/-49.2956059"}}, {"type": "Feature", "geometry": {"type": "Point", "coordinates": [-49.2953663, -25.5149089]}, "properties": {"id": 644457819, "feat_type": "way", "quality_categories": "missing_tags, older_than_five_years", "issue_ids": "[209, 6]", "osm_url": "https://www.openstreetmap.org/way/644457819", "josm_url": "http://127.0.0.1:8111/load_object?new_layer=false&objects=w644457819", "id_url": "https://www.openstreetmap.org/edit?editor=id&way=644457819#map=20/-25.5149089/-49.2953663"}}, {"type": "Feature", "geometry": {"type": "Point", "coordinates": [-49.2954662, -25.5149978]}, "properties": {"id": 644457820, "feat_type": "way", "quality_categories": "missing_tags, older_than_five_years", "issue_ids": "[209, 6]", "osm_url": "https://www.openstreetmap.org/way/644457820", "josm_url": "http://127.0.0.1:8111/load_object?new_layer=false&objects=w644457820", "id_url": "https://www.openstreetmap.org/edit?editor=id&way=644457820#map=20/-25.5149978/-49.2954662"}}, {"type": "Feature", "geometry": {"type": "Point", "coordinates": [-49.2655113, -25.5259135]}, "properties": {"id": 644463201, "feat_type": "way", "quality_categories": "missing_tags, older_than_five_years", "issue_ids": "[62, 6]", "osm_url": "https://www.openstreetmap.org/way/644463201", "josm_url": "http://127.0.0.1:8111/load_object?new_layer=false&objects=w644463201", "id_url": "https://www.openstreetmap.org/edit?editor=id&way=644463201#map=20/-25.5259135/-49.2655113"}}, {"type": "Feature", "geometry": {"type": "Point", "coordinates": [-49.2655113, -25.5259135]}, "properties": {"id": 644463202, "feat_type": "way", "quality_categories": "missing_tags, older_than_five_years", "issue_ids": "[209, 6]", "osm_url": "https://www.openstreetmap.org/way/644463202", "josm_url": "http://127.0.0.1:8111/load_object?new_layer=false&objects=w644463202", "id_url": "https://www.openstreetmap.org/edit?editor=id&way=644463202#map=20/-25.5259135/-49.2655113"}}, {"type": "Feature", "geometry": {"type": "Point", "coordinates": [-49.2672506, -25.5230021]}, "properties": {"id": 644463204, "feat_type": "way", "quality_categories": "missing_tags, older_than_five_years", "issue_ids": "[209, 6]", "osm_url": "https://www.openstreetmap.org/way/644463204", "josm_url": "http://127.0.0.1:8111/load_object?new_layer=false&objects=w644463204", "id_url": "https://www.openstreetmap.org/edit?editor=id&way=644463204#map=20/-25.5230021/-49.2672506"}}, {"type": "Feature", "geometry": {"type": "Point", "coordinates": [-49.2674053, -25.5237063]}, "properties": {"id": 644463205, "feat_type": "way", "quality_categories": "missing_tags, older_than_five_years", "issue_ids": "[209, 6]", "osm_url": "https://www.openstreetmap.org/way/644463205", "josm_url": "http://127.0.0.1:8111/load_object?new_layer=false&objects=w644463205", "id_url": "https://www.openstreetmap.org/edit?editor=id&way=644463205#map=20/-25.5237063/-49.2674053"}}, {"type": "Feature", "geometry": {"type": "Point", "coordinates": [-49.2673378, -25.5236919]}, "properties": {"id": 644463206, "feat_type": "way", "quality_categories": "older_than_five_years", "issue_ids": "[322]", "osm_url": "https://www.openstreetmap.org/way/644463206", "josm_url": "http://127.0.0.1:8111/load_object?new_layer=false&objects=w644463206", "id_url": "https://www.openstreetmap.org/edit?editor=id&way=644463206#map=20/-25.5236919/-49.2673378"}}, {"type": "Feature", "geometry": {"type": "Point", "coordinates": [-49.2671133, -25.5236446]}, "properties": {"id": 644463207, "feat_type": "way", "quality_categories": "missing_tags, older_than_five_years", "issue_ids": "[209, 6]", "osm_url": "https://www.openstreetmap.org/way/644463207", "josm_url": "http://127.0.0.1:8111/load_object?new_layer=false&objects=w644463207", "id_url": "https://www.openstreetmap.org/edit?editor=id&way=644463207#map=20/-25.5236446/-49.2671133"}}, {"type": "Feature", "geometry": {"type": "Point", "coordinates": [-49.2950944, -25.5118915]}, "properties": {"id": 644889597, "feat_type": "way", "quality_categories": "missing_tags, older_than_five_years", "issue_ids": "[113, 6]", "osm_url": "https://www.openstreetmap.org/way/644889597", "josm_url": "http://127.0.0.1:8111/load_object?new_layer=false&objects=w644889597", "id_url": "https://www.openstreetmap.org/edit?editor=id&way=644889597#map=20/-25.5118915/-49.2950944"}}, {"type": "Feature", "geometry": {"type": "Point", "coordinates": [-49.2950739, -25.5127198]}, "properties": {"id": 644889598, "feat_type": "way", "quality_categories": "missing_tags, older_than_five_years", "issue_ids": "[113, 6]", "osm_url": "https://www.openstreetmap.org/way/644889598", "josm_url": "http://127.0.0.1:8111/load_object?new_layer=false&objects=w644889598", "id_url": "https://www.openstreetmap.org/edit?editor=id&way=644889598#map=20/-25.5127198/-49.2950739"}}, {"type": "Feature", "geometry": {"type": "Point", "coordinates": [-49.2949051, -25.512661]}, "properties": {"id": 644889599, "feat_type": "way", "quality_categories": "missing_tags, older_than_five_years", "issue_ids": "[113, 6]", "osm_url": "https://www.openstreetmap.org/way/644889599", "josm_url": "http://127.0.0.1:8111/load_object?new_layer=false&objects=w644889599", "id_url": "https://www.openstreetmap.org/edit?editor=id&way=644889599#map=20/-25.512661/-49.2949051"}}, {"type": "Feature", "geometry": {"type": "Point", "coordinates": [-49.2948886, -25.5133291]}, "properties": {"id": 644889600, "feat_type": "way", "quality_categories": "missing_tags, older_than_five_years", "issue_ids": "[113, 6]", "osm_url": "https://www.openstreetmap.org/way/644889600", "josm_url": "http://127.0.0.1:8111/load_object?new_layer=false&objects=w644889600", "id_url": "https://www.openstreetmap.org/edit?editor=id&way=644889600#map=20/-25.5133291/-49.2948886"}}, {"type": "Feature", "geometry": {"type": "Point", "coordinates": [-49.2945545, -25.5126486]}, "properties": {"id": 644889601, "feat_type": "way", "quality_categories": "missing_tags, older_than_five_years", "issue_ids": "[113, 6]", "osm_url": "https://www.openstreetmap.org/way/644889601", "josm_url": "http://127.0.0.1:8111/load_object?new_layer=false&objects=w644889601", "id_url": "https://www.openstreetmap.org/edit?editor=id&way=644889601#map=20/-25.5126486/-49.2945545"}}, {"type": "Feature", "geometry": {"type": "Point", "coordinates": [-49.2945519, -25.5127177]}, "properties": {"id": 644889602, "feat_type": "way", "quality_categories": "missing_tags, older_than_five_years", "issue_ids": "[113, 6]", "osm_url": "https://www.openstreetmap.org/way/644889602", "josm_url": "http://127.0.0.1:8111/load_object?new_layer=false&objects=w644889602", "id_url": "https://www.openstreetmap.org/edit?editor=id&way=644889602#map=20/-25.5127177/-49.2945519"}}, {"type": "Feature", "geometry": {"type": "Point", "coordinates": [-49.2956676, -25.5126671]}, "properties": {"id": 644889603, "feat_type": "way", "quality_categories": "missing_tags, older_than_five_years", "issue_ids": "[113, 6]", "osm_url": "https://www.openstreetmap.org/way/644889603", "josm_url": "http://127.0.0.1:8111/load_object?new_layer=false&objects=w644889603", "id_url": "https://www.openstreetmap.org/edit?editor=id&way=644889603#map=20/-25.5126671/-49.2956676"}}, {"type": "Feature", "geometry": {"type": "Point", "coordinates": [-49.2956491, -25.5134158]}, "properties": {"id": 644889604, "feat_type": "way", "quality_categories": "missing_tags, older_than_five_years", "issue_ids": "[113, 6]", "osm_url": "https://www.openstreetmap.org/way/644889604", "josm_url": "http://127.0.0.1:8111/load_object?new_layer=false&objects=w644889604", "id_url": "https://www.openstreetmap.org/edit?editor=id&way=644889604#map=20/-25.5134158/-49.2956491"}}, {"type": "Feature", "geometry": {"type": "Point", "coordinates": [-49.2955237, -25.5125827]}, "properties": {"id": 644889605, "feat_type": "way", "quality_categories": "missing_tags, older_than_five_years", "issue_ids": "[113, 6]", "osm_url": "https://www.openstreetmap.org/way/644889605", "josm_url": "http://127.0.0.1:8111/load_object?new_layer=false&objects=w644889605", "id_url": "https://www.openstreetmap.org/edit?editor=id&way=644889605#map=20/-25.5125827/-49.2955237"}}, {"type": "Feature", "geometry": {"type": "Point", "coordinates": [-49.2955186, -25.5127893]}, "properties": {"id": 644889606, "feat_type": "way", "quality_categories": "missing_tags, older_than_five_years", "issue_ids": "[113, 6]", "osm_url": "https://www.openstreetmap.org/way/644889606", "josm_url": "http://127.0.0.1:8111/load_object?new_layer=false&objects=w644889606", "id_url": "https://www.openstreetmap.org/edit?editor=id&way=644889606#map=20/-25.5127893/-49.2955186"}}, {"type": "Feature", "geometry": {"type": "Point", "coordinates": [-49.2953563, -25.5125794]}, "properties": {"id": 644889608, "feat_type": "way", "quality_categories": "missing_tags, older_than_five_years", "issue_ids": "[113, 6]", "osm_url": "https://www.openstreetmap.org/way/644889608", "josm_url": "http://127.0.0.1:8111/load_object?new_layer=false&objects=w644889608", "id_url": "https://www.openstreetmap.org/edit?editor=id&way=644889608#map=20/-25.5125794/-49.2953563"}}, {"type": "Feature", "geometry": {"type": "Point", "coordinates": [-49.2953563, -25.5125794]}, "properties": {"id": 644889609, "feat_type": "way", "quality_categories": "missing_tags, older_than_five_years", "issue_ids": "[113, 6]", "osm_url": "https://www.openstreetmap.org/way/644889609", "josm_url": "http://127.0.0.1:8111/load_object?new_layer=false&objects=w644889609", "id_url": "https://www.openstreetmap.org/edit?editor=id&way=644889609#map=20/-25.5125794/-49.2953563"}}, {"type": "Feature", "geometry": {"type": "Point", "coordinates": [-49.2955186, -25.5127893]}, "properties": {"id": 644889610, "feat_type": "way", "quality_categories": "missing_tags, older_than_five_years", "issue_ids": "[113, 6]", "osm_url": "https://www.openstreetmap.org/way/644889610", "josm_url": "http://127.0.0.1:8111/load_object?new_layer=false&objects=w644889610", "id_url": "https://www.openstreetmap.org/edit?editor=id&way=644889610#map=20/-25.5127893/-49.2955186"}}, {"type": "Feature", "geometry": {"type": "Point", "coordinates": [-49.2494971, -25.4501635]}, "properties": {"id": 645049213, "feat_type": "way", "quality_categories": "missing_tags, older_than_five_years", "issue_ids": "[323, 6]", "osm_url": "https://www.openstreetmap.org/way/645049213", "josm_url": "http://127.0.0.1:8111/load_object?new_layer=false&objects=w645049213", "id_url": "https://www.openstreetmap.org/edit?editor=id&way=645049213#map=20/-25.4501635/-49.2494971"}}, {"type": "Feature", "geometry": {"type": "Point", "coordinates": [-49.2955103, -25.5137048]}, "properties": {"id": 645789431, "feat_type": "way", "quality_categories": "missing_tags, older_than_five_years", "issue_ids": "[324, 6]", "osm_url": "https://www.openstreetmap.org/way/645789431", "josm_url": "http://127.0.0.1:8111/load_object?new_layer=false&objects=w645789431", "id_url": "https://www.openstreetmap.org/edit?editor=id&way=645789431#map=20/-25.5137048/-49.2955103"}}, {"type": "Feature", "geometry": {"type": "Point", "coordinates": [-49.2946835, -25.5133708]}, "properties": {"id": 645789438, "feat_type": "way", "quality_categories": "missing_tags, older_than_five_years", "issue_ids": "[325, 6]", "osm_url": "https://www.openstreetmap.org/way/645789438", "josm_url": "http://127.0.0.1:8111/load_object?new_layer=false&objects=w645789438", "id_url": "https://www.openstreetmap.org/edit?editor=id&way=645789438#map=20/-25.5133708/-49.2946835"}}, {"type": "Feature", "geometry": {"type": "Point", "coordinates": [-49.294541, -25.513368]}, "properties": {"id": 645789439, "feat_type": "way", "quality_categories": "missing_tags, older_than_five_years", "issue_ids": "[324, 6]", "osm_url": "https://www.openstreetmap.org/way/645789439", "josm_url": "http://127.0.0.1:8111/load_object?new_layer=false&objects=w645789439", "id_url": "https://www.openstreetmap.org/edit?editor=id&way=645789439#map=20/-25.513368/-49.294541"}}, {"type": "Feature", "geometry": {"type": "Point", "coordinates": [-49.294689, -25.5133964]}, "properties": {"id": 645789440, "feat_type": "way", "quality_categories": "missing_tags, older_than_five_years", "issue_ids": "[324, 6]", "osm_url": "https://www.openstreetmap.org/way/645789440", "josm_url": "http://127.0.0.1:8111/load_object?new_layer=false&objects=w645789440", "id_url": "https://www.openstreetmap.org/edit?editor=id&way=645789440#map=20/-25.5133964/-49.294689"}}, {"type": "Feature", "geometry": {"type": "Point", "coordinates": [-49.2945737, -25.5118705]}, "properties": {"id": 645789444, "feat_type": "way", "quality_categories": "missing_tags, older_than_five_years", "issue_ids": "[324, 6]", "osm_url": "https://www.openstreetmap.org/way/645789444", "josm_url": "http://127.0.0.1:8111/load_object?new_layer=false&objects=w645789444", "id_url": "https://www.openstreetmap.org/edit?editor=id&way=645789444#map=20/-25.5118705/-49.2945737"}}, {"type": "Feature", "geometry": {"type": "Point", "coordinates": [-49.2949414, -25.5118779]}, "properties": {"id": 645789446, "feat_type": "way", "quality_categories": "missing_tags, older_than_five_years", "issue_ids": "[321, 6]", "osm_url": "https://www.openstreetmap.org/way/645789446", "josm_url": "http://127.0.0.1:8111/load_object?new_layer=false&objects=w645789446", "id_url": "https://www.openstreetmap.org/edit?editor=id&way=645789446#map=20/-25.5118779/-49.2949414"}}, {"type": "Feature", "geometry": {"type": "Point", "coordinates": [-49.2949904, -25.5118789]}, "properties": {"id": 645789448, "feat_type": "way", "quality_categories": "missing_tags, older_than_five_years", "issue_ids": "[324, 6]", "osm_url": "https://www.openstreetmap.org/way/645789448", "josm_url": "http://127.0.0.1:8111/load_object?new_layer=false&objects=w645789448", "id_url": "https://www.openstreetmap.org/edit?editor=id&way=645789448#map=20/-25.5118789/-49.2949904"}}, {"type": "Feature", "geometry": {"type": "Point", "coordinates": [-49.2953149, -25.5118854]}, "properties": {"id": 645789450, "feat_type": "way", "quality_categories": "missing_tags, older_than_five_years", "issue_ids": "[324, 6]", "osm_url": "https://www.openstreetmap.org/way/645789450", "josm_url": "http://127.0.0.1:8111/load_object?new_layer=false&objects=w645789450", "id_url": "https://www.openstreetmap.org/edit?editor=id&way=645789450#map=20/-25.5118854/-49.2953149"}}, {"type": "Feature", "geometry": {"type": "Point", "coordinates": [-49.2955651, -25.5118791]}, "properties": {"id": 645789451, "feat_type": "way", "quality_categories": "missing_tags, older_than_five_years", "issue_ids": "[324, 6]", "osm_url": "https://www.openstreetmap.org/way/645789451", "josm_url": "http://127.0.0.1:8111/load_object?new_layer=false&objects=w645789451", "id_url": "https://www.openstreetmap.org/edit?editor=id&way=645789451#map=20/-25.5118791/-49.2955651"}}, {"type": "Feature", "geometry": {"type": "Point", "coordinates": [-49.2952749, -25.5134083]}, "properties": {"id": 645789452, "feat_type": "way", "quality_categories": "missing_tags, older_than_five_years", "issue_ids": "[118, 6]", "osm_url": "https://www.openstreetmap.org/way/645789452", "josm_url": "http://127.0.0.1:8111/load_object?new_layer=false&objects=w645789452", "id_url": "https://www.openstreetmap.org/edit?editor=id&way=645789452#map=20/-25.5134083/-49.2952749"}}, {"type": "Feature", "geometry": {"type": "Point", "coordinates": [-49.2951127, -25.513405]}, "properties": {"id": 645789454, "feat_type": "way", "quality_categories": "missing_tags, older_than_five_years", "issue_ids": "[118, 6]", "osm_url": "https://www.openstreetmap.org/way/645789454", "josm_url": "http://127.0.0.1:8111/load_object?new_layer=false&objects=w645789454", "id_url": "https://www.openstreetmap.org/edit?editor=id&way=645789454#map=20/-25.513405/-49.2951127"}}, {"type": "Feature", "geometry": {"type": "Point", "coordinates": [-49.2948963, -25.5134006]}, "properties": {"id": 645789458, "feat_type": "way", "quality_categories": "missing_tags, older_than_five_years", "issue_ids": "[118, 6]", "osm_url": "https://www.openstreetmap.org/way/645789458", "josm_url": "http://127.0.0.1:8111/load_object?new_layer=false&objects=w645789458", "id_url": "https://www.openstreetmap.org/edit?editor=id&way=645789458#map=20/-25.5134006/-49.2948963"}}, {"type": "Feature", "geometry": {"type": "Point", "coordinates": [-49.2947232, -25.5133972]}, "properties": {"id": 645789459, "feat_type": "way", "quality_categories": "missing_tags, older_than_five_years", "issue_ids": "[118, 6]", "osm_url": "https://www.openstreetmap.org/way/645789459", "josm_url": "http://127.0.0.1:8111/load_object?new_layer=false&objects=w645789459", "id_url": "https://www.openstreetmap.org/edit?editor=id&way=645789459#map=20/-25.5133972/-49.2947232"}}, {"type": "Feature", "geometry": {"type": "Point", "coordinates": [-49.2955032, -25.5134129]}, "properties": {"id": 645789460, "feat_type": "way", "quality_categories": "missing_tags, older_than_five_years", "issue_ids": "[118, 6]", "osm_url": "https://www.openstreetmap.org/way/645789460", "josm_url": "http://127.0.0.1:8111/load_object?new_layer=false&objects=w645789460", "id_url": "https://www.openstreetmap.org/edit?editor=id&way=645789460#map=20/-25.5134129/-49.2955032"}}, {"type": "Feature", "geometry": {"type": "Point", "coordinates": [-49.2956963, -25.5134168]}, "properties": {"id": 645789462, "feat_type": "way", "quality_categories": "missing_tags, older_than_five_years", "issue_ids": "[326, 6]", "osm_url": "https://www.openstreetmap.org/way/645789462", "josm_url": "http://127.0.0.1:8111/load_object?new_layer=false&objects=w645789462", "id_url": "https://www.openstreetmap.org/edit?editor=id&way=645789462#map=20/-25.5134168/-49.2956963"}}, {"type": "Feature", "geometry": {"type": "Point", "coordinates": [-49.2955615, -25.5118904]}, "properties": {"id": 645789463, "feat_type": "way", "quality_categories": "missing_tags, older_than_five_years", "issue_ids": "[324, 6]", "osm_url": "https://www.openstreetmap.org/way/645789463", "josm_url": "http://127.0.0.1:8111/load_object?new_layer=false&objects=w645789463", "id_url": "https://www.openstreetmap.org/edit?editor=id&way=645789463#map=20/-25.5118904/-49.2955615"}}, {"type": "Feature", "geometry": {"type": "Point", "coordinates": [-49.2957343, -25.5118938]}, "properties": {"id": 645789465, "feat_type": "way", "quality_categories": "missing_tags, older_than_five_years", "issue_ids": "[326, 6]", "osm_url": "https://www.openstreetmap.org/way/645789465", "josm_url": "http://127.0.0.1:8111/load_object?new_layer=false&objects=w645789465", "id_url": "https://www.openstreetmap.org/edit?editor=id&way=645789465#map=20/-25.5118938/-49.2957343"}}, {"type": "Feature", "geometry": {"type": "Point", "coordinates": [-49.2945737, -25.5118705]}, "properties": {"id": 645789466, "feat_type": "way", "quality_categories": "missing_tags, older_than_five_years", "issue_ids": "[324, 6]", "osm_url": "https://www.openstreetmap.org/way/645789466", "josm_url": "http://127.0.0.1:8111/load_object?new_layer=false&objects=w645789466", "id_url": "https://www.openstreetmap.org/edit?editor=id&way=645789466#map=20/-25.5118705/-49.2945737"}}, {"type": "Feature", "geometry": {"type": "Point", "coordinates": [-49.2752682, -25.496158]}, "properties": {"id": 646016149, "feat_type": "way", "quality_categories": "missing_tags, older_than_five_years", "issue_ids": "[324, 6]", "osm_url": "https://www.openstreetmap.org/way/646016149", "josm_url": "http://127.0.0.1:8111/load_object?new_layer=false&objects=w646016149", "id_url": "https://www.openstreetmap.org/edit?editor=id&way=646016149#map=20/-25.496158/-49.2752682"}}, {"type": "Feature", "geometry": {"type": "Point", "coordinates": [-49.2764633, -25.497253]}, "properties": {"id": 646016153, "feat_type": "way", "quality_categories": "missing_tags, older_than_five_years", "issue_ids": "[324, 6]", "osm_url": "https://www.openstreetmap.org/way/646016153", "josm_url": "http://127.0.0.1:8111/load_object?new_layer=false&objects=w646016153", "id_url": "https://www.openstreetmap.org/edit?editor=id&way=646016153#map=20/-25.497253/-49.2764633"}}, {"type": "Feature", "geometry": {"type": "Point", "coordinates": [-49.2767473, -25.4976033]}, "properties": {"id": 646016155, "feat_type": "way", "quality_categories": "missing_tags, older_than_five_years", "issue_ids": "[324, 6]", "osm_url": "https://www.openstreetmap.org/way/646016155", "josm_url": "http://127.0.0.1:8111/load_object?new_layer=false&objects=w646016155", "id_url": "https://www.openstreetmap.org/edit?editor=id&way=646016155#map=20/-25.4976033/-49.2767473"}}, {"type": "Feature", "geometry": {"type": "Point", "coordinates": [-49.26735, -25.574425]}, "properties": {"id": 647551419, "feat_type": "way", "quality_categories": "missing_tags, older_than_five_years", "issue_ids": "[327, 6]", "osm_url": "https://www.openstreetmap.org/way/647551419", "josm_url": "http://127.0.0.1:8111/load_object?new_layer=false&objects=w647551419", "id_url": "https://www.openstreetmap.org/edit?editor=id&way=647551419#map=20/-25.574425/-49.26735"}}, {"type": "Feature", "geometry": {"type": "Point", "coordinates": [-49.2671395, -25.5753707]}, "properties": {"id": 647551420, "feat_type": "way", "quality_categories": "missing_tags, older_than_five_years", "issue_ids": "[327, 6]", "osm_url": "https://www.openstreetmap.org/way/647551420", "josm_url": "http://127.0.0.1:8111/load_object?new_layer=false&objects=w647551420", "id_url": "https://www.openstreetmap.org/edit?editor=id&way=647551420#map=20/-25.5753707/-49.2671395"}}, {"type": "Feature", "geometry": {"type": "Point", "coordinates": [-49.2684989, -25.5751858]}, "properties": {"id": 647551421, "feat_type": "way", "quality_categories": "missing_tags, older_than_five_years", "issue_ids": "[327, 6]", "osm_url": "https://www.openstreetmap.org/way/647551421", "josm_url": "http://127.0.0.1:8111/load_object?new_layer=false&objects=w647551421", "id_url": "https://www.openstreetmap.org/edit?editor=id&way=647551421#map=20/-25.5751858/-49.2684989"}}, {"type": "Feature", "geometry": {"type": "Point", "coordinates": [-49.2682421, -25.5752689]}, "properties": {"id": 647551422, "feat_type": "way", "quality_categories": "missing_tags, older_than_five_years", "issue_ids": "[327, 6]", "osm_url": "https://www.openstreetmap.org/way/647551422", "josm_url": "http://127.0.0.1:8111/load_object?new_layer=false&objects=w647551422", "id_url": "https://www.openstreetmap.org/edit?editor=id&way=647551422#map=20/-25.5752689/-49.2682421"}}, {"type": "Feature", "geometry": {"type": "Point", "coordinates": [-49.2681124, -25.575231]}, "properties": {"id": 647551423, "feat_type": "way", "quality_categories": "missing_tags, older_than_five_years", "issue_ids": "[327, 6]", "osm_url": "https://www.openstreetmap.org/way/647551423", "josm_url": "http://127.0.0.1:8111/load_object?new_layer=false&objects=w647551423", "id_url": "https://www.openstreetmap.org/edit?editor=id&way=647551423#map=20/-25.575231/-49.2681124"}}, {"type": "Feature", "geometry": {"type": "Point", "coordinates": [-49.2683585, -25.5747399]}, "properties": {"id": 647551424, "feat_type": "way", "quality_categories": "missing_tags, older_than_five_years", "issue_ids": "[327, 6]", "osm_url": "https://www.openstreetmap.org/way/647551424", "josm_url": "http://127.0.0.1:8111/load_object?new_layer=false&objects=w647551424", "id_url": "https://www.openstreetmap.org/edit?editor=id&way=647551424#map=20/-25.5747399/-49.2683585"}}, {"type": "Feature", "geometry": {"type": "Point", "coordinates": [-49.2673516, -25.5741319]}, "properties": {"id": 647551425, "feat_type": "way", "quality_categories": "older_than_five_years", "issue_ids": "[328]", "osm_url": "https://www.openstreetmap.org/way/647551425", "josm_url": "http://127.0.0.1:8111/load_object?new_layer=false&objects=w647551425", "id_url": "https://www.openstreetmap.org/edit?editor=id&way=647551425#map=20/-25.5741319/-49.2673516"}}, {"type": "Feature", "geometry": {"type": "Point", "coordinates": [-49.268252, -25.5744758]}, "properties": {"id": 647551426, "feat_type": "way", "quality_categories": "missing_tags, older_than_five_years", "issue_ids": "[308, 6]", "osm_url": "https://www.openstreetmap.org/way/647551426", "josm_url": "http://127.0.0.1:8111/load_object?new_layer=false&objects=w647551426", "id_url": "https://www.openstreetmap.org/edit?editor=id&way=647551426#map=20/-25.5744758/-49.268252"}}, {"type": "Feature", "geometry": {"type": "Point", "coordinates": [-49.2689221, -25.574252]}, "properties": {"id": 647551427, "feat_type": "way", "quality_categories": "missing_tags, older_than_five_years", "issue_ids": "[327, 6]", "osm_url": "https://www.openstreetmap.org/way/647551427", "josm_url": "http://127.0.0.1:8111/load_object?new_layer=false&objects=w647551427", "id_url": "https://www.openstreetmap.org/edit?editor=id&way=647551427#map=20/-25.574252/-49.2689221"}}, {"type": "Feature", "geometry": {"type": "Point", "coordinates": [-49.2693248, -25.5743515]}, "properties": {"id": 647551428, "feat_type": "way", "quality_categories": "missing_tags, older_than_five_years", "issue_ids": "[327, 6]", "osm_url": "https://www.openstreetmap.org/way/647551428", "josm_url": "http://127.0.0.1:8111/load_object?new_layer=false&objects=w647551428", "id_url": "https://www.openstreetmap.org/edit?editor=id&way=647551428#map=20/-25.5743515/-49.2693248"}}, {"type": "Feature", "geometry": {"type": "Point", "coordinates": [-49.2686105, -25.5736699]}, "properties": {"id": 647551429, "feat_type": "way", "quality_categories": "missing_tags, older_than_five_years", "issue_ids": "[327, 6]", "osm_url": "https://www.openstreetmap.org/way/647551429", "josm_url": "http://127.0.0.1:8111/load_object?new_layer=false&objects=w647551429", "id_url": "https://www.openstreetmap.org/edit?editor=id&way=647551429#map=20/-25.5736699/-49.2686105"}}, {"type": "Feature", "geometry": {"type": "Point", "coordinates": [-49.2682769, -25.5732943]}, "properties": {"id": 647551430, "feat_type": "way", "quality_categories": "missing_tags, older_than_five_years", "issue_ids": "[327, 6]", "osm_url": "https://www.openstreetmap.org/way/647551430", "josm_url": "http://127.0.0.1:8111/load_object?new_layer=false&objects=w647551430", "id_url": "https://www.openstreetmap.org/edit?editor=id&way=647551430#map=20/-25.5732943/-49.2682769"}}, {"type": "Feature", "geometry": {"type": "Point", "coordinates": [-49.2683444, -25.57377]}, "properties": {"id": 647551431, "feat_type": "way", "quality_categories": "missing_tags, older_than_five_years", "issue_ids": "[327, 6]", "osm_url": "https://www.openstreetmap.org/way/647551431", "josm_url": "http://127.0.0.1:8111/load_object?new_layer=false&objects=w647551431", "id_url": "https://www.openstreetmap.org/edit?editor=id&way=647551431#map=20/-25.57377/-49.2683444"}}, {"type": "Feature", "geometry": {"type": "Point", "coordinates": [-49.2683192, -25.5743325]}, "properties": {"id": 647551432, "feat_type": "way", "quality_categories": "missing_tags, older_than_five_years", "issue_ids": "[327, 6]", "osm_url": "https://www.openstreetmap.org/way/647551432", "josm_url": "http://127.0.0.1:8111/load_object?new_layer=false&objects=w647551432", "id_url": "https://www.openstreetmap.org/edit?editor=id&way=647551432#map=20/-25.5743325/-49.2683192"}}, {"type": "Feature", "geometry": {"type": "Point", "coordinates": [-49.2949975, -25.5151792]}, "properties": {"id": 648228413, "feat_type": "way", "quality_categories": "missing_tags, older_than_five_years", "issue_ids": "[329, 6]", "osm_url": "https://www.openstreetmap.org/way/648228413", "josm_url": "http://127.0.0.1:8111/load_object?new_layer=false&objects=w648228413", "id_url": "https://www.openstreetmap.org/edit?editor=id&way=648228413#map=20/-25.5151792/-49.2949975"}}, {"type": "Feature", "geometry": {"type": "Point", "coordinates": [-49.2944522, -25.5139625]}, "properties": {"id": 648260313, "feat_type": "way", "quality_categories": "missing_tags, older_than_five_years", "issue_ids": "[330, 6]", "osm_url": "https://www.openstreetmap.org/way/648260313", "josm_url": "http://127.0.0.1:8111/load_object?new_layer=false&objects=w648260313", "id_url": "https://www.openstreetmap.org/edit?editor=id&way=648260313#map=20/-25.5139625/-49.2944522"}}, {"type": "Feature", "geometry": {"type": "Point", "coordinates": [-49.2829377, -25.5545584]}, "properties": {"id": 648260327, "feat_type": "way", "quality_categories": "missing_tags, older_than_five_years", "issue_ids": "[330, 6]", "osm_url": "https://www.openstreetmap.org/way/648260327", "josm_url": "http://127.0.0.1:8111/load_object?new_layer=false&objects=w648260327", "id_url": "https://www.openstreetmap.org/edit?editor=id&way=648260327#map=20/-25.5545584/-49.2829377"}}, {"type": "Feature", "geometry": {"type": "Point", "coordinates": [-49.282224, -25.554988]}, "properties": {"id": 648260330, "feat_type": "way", "quality_categories": "missing_tags, older_than_five_years", "issue_ids": "[330, 6]", "osm_url": "https://www.openstreetmap.org/way/648260330", "josm_url": "http://127.0.0.1:8111/load_object?new_layer=false&objects=w648260330", "id_url": "https://www.openstreetmap.org/edit?editor=id&way=648260330#map=20/-25.554988/-49.282224"}}, {"type": "Feature", "geometry": {"type": "Point", "coordinates": [-49.2822568, -25.5547373]}, "properties": {"id": 648260332, "feat_type": "way", "quality_categories": "missing_tags, older_than_five_years", "issue_ids": "[330, 6]", "osm_url": "https://www.openstreetmap.org/way/648260332", "josm_url": "http://127.0.0.1:8111/load_object?new_layer=false&objects=w648260332", "id_url": "https://www.openstreetmap.org/edit?editor=id&way=648260332#map=20/-25.5547373/-49.2822568"}}, {"type": "Feature", "geometry": {"type": "Point", "coordinates": [-49.2822568, -25.5547373]}, "properties": {"id": 648260334, "feat_type": "way", "quality_categories": "missing_tags, older_than_five_years", "issue_ids": "[330, 6]", "osm_url": "https://www.openstreetmap.org/way/648260334", "josm_url": "http://127.0.0.1:8111/load_object?new_layer=false&objects=w648260334", "id_url": "https://www.openstreetmap.org/edit?editor=id&way=648260334#map=20/-25.5547373/-49.2822568"}}, {"type": "Feature", "geometry": {"type": "Point", "coordinates": [-49.2835821, -25.5546179]}, "properties": {"id": 648260335, "feat_type": "way", "quality_categories": "missing_tags, older_than_five_years", "issue_ids": "[330, 6]", "osm_url": "https://www.openstreetmap.org/way/648260335", "josm_url": "http://127.0.0.1:8111/load_object?new_layer=false&objects=w648260335", "id_url": "https://www.openstreetmap.org/edit?editor=id&way=648260335#map=20/-25.5546179/-49.2835821"}}, {"type": "Feature", "geometry": {"type": "Point", "coordinates": [-49.2834808, -25.5546146]}, "properties": {"id": 648260338, "feat_type": "way", "quality_categories": "missing_tags, older_than_five_years", "issue_ids": "[330, 6]", "osm_url": "https://www.openstreetmap.org/way/648260338", "josm_url": "http://127.0.0.1:8111/load_object?new_layer=false&objects=w648260338", "id_url": "https://www.openstreetmap.org/edit?editor=id&way=648260338#map=20/-25.5546146/-49.2834808"}}, {"type": "Feature", "geometry": {"type": "Point", "coordinates": [-49.2845453, -25.5683663]}, "properties": {"id": 650093213, "feat_type": "way", "quality_categories": "missing_tags, older_than_five_years", "issue_ids": "[331, 6]", "osm_url": "https://www.openstreetmap.org/way/650093213", "josm_url": "http://127.0.0.1:8111/load_object?new_layer=false&objects=w650093213", "id_url": "https://www.openstreetmap.org/edit?editor=id&way=650093213#map=20/-25.5683663/-49.2845453"}}, {"type": "Feature", "geometry": {"type": "Point", "coordinates": [-49.2843323, -25.5684366]}, "properties": {"id": 650093219, "feat_type": "way", "quality_categories": "missing_tags, older_than_five_years", "issue_ids": "[332, 6]", "osm_url": "https://www.openstreetmap.org/way/650093219", "josm_url": "http://127.0.0.1:8111/load_object?new_layer=false&objects=w650093219", "id_url": "https://www.openstreetmap.org/edit?editor=id&way=650093219#map=20/-25.5684366/-49.2843323"}}, {"type": "Feature", "geometry": {"type": "Point", "coordinates": [-49.2838691, -25.568233]}, "properties": {"id": 650093221, "feat_type": "way", "quality_categories": "missing_tags, older_than_five_years", "issue_ids": "[332, 6]", "osm_url": "https://www.openstreetmap.org/way/650093221", "josm_url": "http://127.0.0.1:8111/load_object?new_layer=false&objects=w650093221", "id_url": "https://www.openstreetmap.org/edit?editor=id&way=650093221#map=20/-25.568233/-49.2838691"}}, {"type": "Feature", "geometry": {"type": "Point", "coordinates": [-49.2845175, -25.568239]}, "properties": {"id": 650093222, "feat_type": "way", "quality_categories": "missing_tags, older_than_five_years", "issue_ids": "[332, 6]", "osm_url": "https://www.openstreetmap.org/way/650093222", "josm_url": "http://127.0.0.1:8111/load_object?new_layer=false&objects=w650093222", "id_url": "https://www.openstreetmap.org/edit?editor=id&way=650093222#map=20/-25.568239/-49.2845175"}}, {"type": "Feature", "geometry": {"type": "Point", "coordinates": [-49.2844351, -25.5692177]}, "properties": {"id": 650093224, "feat_type": "way", "quality_categories": "missing_tags, older_than_five_years", "issue_ids": "[333, 6]", "osm_url": "https://www.openstreetmap.org/way/650093224", "josm_url": "http://127.0.0.1:8111/load_object?new_layer=false&objects=w650093224", "id_url": "https://www.openstreetmap.org/edit?editor=id&way=650093224#map=20/-25.5692177/-49.2844351"}}, {"type": "Feature", "geometry": {"type": "Point", "coordinates": [-49.2836369, -25.5683284]}, "properties": {"id": 650093231, "feat_type": "way", "quality_categories": "missing_tags, older_than_five_years", "issue_ids": "[332, 6]", "osm_url": "https://www.openstreetmap.org/way/650093231", "josm_url": "http://127.0.0.1:8111/load_object?new_layer=false&objects=w650093231", "id_url": "https://www.openstreetmap.org/edit?editor=id&way=650093231#map=20/-25.5683284/-49.2836369"}}, {"type": "Feature", "geometry": {"type": "Point", "coordinates": [-49.2523366, -25.4521982]}, "properties": {"id": 650395627, "feat_type": "way", "quality_categories": "missing_tags, older_than_five_years", "issue_ids": "[174, 6]", "osm_url": "https://www.openstreetmap.org/way/650395627", "josm_url": "http://127.0.0.1:8111/load_object?new_layer=false&objects=w650395627", "id_url": "https://www.openstreetmap.org/edit?editor=id&way=650395627#map=20/-25.4521982/-49.2523366"}}, {"type": "Feature", "geometry": {"type": "Point", "coordinates": [-49.2523882, -25.4525756]}, "properties": {"id": 650395628, "feat_type": "way", "quality_categories": "missing_tags, older_than_five_years", "issue_ids": "[174, 6]", "osm_url": "https://www.openstreetmap.org/way/650395628", "josm_url": "http://127.0.0.1:8111/load_object?new_layer=false&objects=w650395628", "id_url": "https://www.openstreetmap.org/edit?editor=id&way=650395628#map=20/-25.4525756/-49.2523882"}}, {"type": "Feature", "geometry": {"type": "Point", "coordinates": [-49.2523543, -25.4529193]}, "properties": {"id": 650395629, "feat_type": "way", "quality_categories": "missing_tags, older_than_five_years", "issue_ids": "[174, 6]", "osm_url": "https://www.openstreetmap.org/way/650395629", "josm_url": "http://127.0.0.1:8111/load_object?new_layer=false&objects=w650395629", "id_url": "https://www.openstreetmap.org/edit?editor=id&way=650395629#map=20/-25.4529193/-49.2523543"}}, {"type": "Feature", "geometry": {"type": "Point", "coordinates": [-49.25206, -25.4522548]}, "properties": {"id": 650395630, "feat_type": "way", "quality_categories": "missing_tags, older_than_five_years", "issue_ids": "[174, 6]", "osm_url": "https://www.openstreetmap.org/way/650395630", "josm_url": "http://127.0.0.1:8111/load_object?new_layer=false&objects=w650395630", "id_url": "https://www.openstreetmap.org/edit?editor=id&way=650395630#map=20/-25.4522548/-49.25206"}}, {"type": "Feature", "geometry": {"type": "Point", "coordinates": [-49.3515642, -25.4170178]}, "properties": {"id": 654382235, "feat_type": "way", "quality_categories": "missing_tags, older_than_five_years", "issue_ids": "[150, 6]", "osm_url": "https://www.openstreetmap.org/way/654382235", "josm_url": "http://127.0.0.1:8111/load_object?new_layer=false&objects=w654382235", "id_url": "https://www.openstreetmap.org/edit?editor=id&way=654382235#map=20/-25.4170178/-49.3515642"}}, {"type": "Feature", "geometry": {"type": "Point", "coordinates": [-49.2371446, -25.5112234]}, "properties": {"id": 655783767, "feat_type": "way", "quality_categories": "missing_tags, older_than_five_years", "issue_ids": "[334, 6]", "osm_url": "https://www.openstreetmap.org/way/655783767", "josm_url": "http://127.0.0.1:8111/load_object?new_layer=false&objects=w655783767", "id_url": "https://www.openstreetmap.org/edit?editor=id&way=655783767#map=20/-25.5112234/-49.2371446"}}, {"type": "Feature", "geometry": {"type": "Point", "coordinates": [-49.2356318, -25.5104439]}, "properties": {"id": 655783768, "feat_type": "way", "quality_categories": "missing_tags, older_than_five_years", "issue_ids": "[334, 6]", "osm_url": "https://www.openstreetmap.org/way/655783768", "josm_url": "http://127.0.0.1:8111/load_object?new_layer=false&objects=w655783768", "id_url": "https://www.openstreetmap.org/edit?editor=id&way=655783768#map=20/-25.5104439/-49.2356318"}}, {"type": "Feature", "geometry": {"type": "Point", "coordinates": [-49.2553192, -25.5115236]}, "properties": {"id": 655784397, "feat_type": "way", "quality_categories": "missing_tags, older_than_five_years", "issue_ids": "[334, 6]", "osm_url": "https://www.openstreetmap.org/way/655784397", "josm_url": "http://127.0.0.1:8111/load_object?new_layer=false&objects=w655784397", "id_url": "https://www.openstreetmap.org/edit?editor=id&way=655784397#map=20/-25.5115236/-49.2553192"}}, {"type": "Feature", "geometry": {"type": "Point", "coordinates": [-49.2365384, -25.4066862]}, "properties": {"id": 655800964, "feat_type": "way", "quality_categories": "missing_tags, older_than_five_years", "issue_ids": "[334, 6]", "osm_url": "https://www.openstreetmap.org/way/655800964", "josm_url": "http://127.0.0.1:8111/load_object?new_layer=false&objects=w655800964", "id_url": "https://www.openstreetmap.org/edit?editor=id&way=655800964#map=20/-25.4066862/-49.2365384"}}, {"type": "Feature", "geometry": {"type": "Point", "coordinates": [-49.2366457, -25.4069478]}, "properties": {"id": 655800965, "feat_type": "way", "quality_categories": "missing_tags, older_than_five_years", "issue_ids": "[334, 6]", "osm_url": "https://www.openstreetmap.org/way/655800965", "josm_url": "http://127.0.0.1:8111/load_object?new_layer=false&objects=w655800965", "id_url": "https://www.openstreetmap.org/edit?editor=id&way=655800965#map=20/-25.4069478/-49.2366457"}}, {"type": "Feature", "geometry": {"type": "Point", "coordinates": [-49.2365277, -25.4073743]}, "properties": {"id": 655800966, "feat_type": "way", "quality_categories": "missing_tags, older_than_five_years", "issue_ids": "[334, 6]", "osm_url": "https://www.openstreetmap.org/way/655800966", "josm_url": "http://127.0.0.1:8111/load_object?new_layer=false&objects=w655800966", "id_url": "https://www.openstreetmap.org/edit?editor=id&way=655800966#map=20/-25.4073743/-49.2365277"}}, {"type": "Feature", "geometry": {"type": "Point", "coordinates": [-49.2362273, -25.4072483]}, "properties": {"id": 655800967, "feat_type": "way", "quality_categories": "missing_tags, older_than_five_years", "issue_ids": "[334, 6]", "osm_url": "https://www.openstreetmap.org/way/655800967", "josm_url": "http://127.0.0.1:8111/load_object?new_layer=false&objects=w655800967", "id_url": "https://www.openstreetmap.org/edit?editor=id&way=655800967#map=20/-25.4072483/-49.2362273"}}, {"type": "Feature", "geometry": {"type": "Point", "coordinates": [-49.2708197, -25.4114917]}, "properties": {"id": 655943784, "feat_type": "way", "quality_categories": "older_than_five_years", "issue_ids": "[87]", "osm_url": "https://www.openstreetmap.org/way/655943784", "josm_url": "http://127.0.0.1:8111/load_object?new_layer=false&objects=w655943784", "id_url": "https://www.openstreetmap.org/edit?editor=id&way=655943784#map=20/-25.4114917/-49.2708197"}}, {"type": "Feature", "geometry": {"type": "Point", "coordinates": [-49.2936687, -25.4920298]}, "properties": {"id": 657750856, "feat_type": "way", "quality_categories": "missing_tags, older_than_five_years", "issue_ids": "[113, 6]", "osm_url": "https://www.openstreetmap.org/way/657750856", "josm_url": "http://127.0.0.1:8111/load_object?new_layer=false&objects=w657750856", "id_url": "https://www.openstreetmap.org/edit?editor=id&way=657750856#map=20/-25.4920298/-49.2936687"}}, {"type": "Feature", "geometry": {"type": "Point", "coordinates": [-49.2934146, -25.4920027]}, "properties": {"id": 657750857, "feat_type": "way", "quality_categories": "missing_tags, older_than_five_years", "issue_ids": "[113, 6]", "osm_url": "https://www.openstreetmap.org/way/657750857", "josm_url": "http://127.0.0.1:8111/load_object?new_layer=false&objects=w657750857", "id_url": "https://www.openstreetmap.org/edit?editor=id&way=657750857#map=20/-25.4920027/-49.2934146"}}, {"type": "Feature", "geometry": {"type": "Point", "coordinates": [-49.2936687, -25.4920298]}, "properties": {"id": 657750858, "feat_type": "way", "quality_categories": "missing_tags, older_than_five_years", "issue_ids": "[113, 6]", "osm_url": "https://www.openstreetmap.org/way/657750858", "josm_url": "http://127.0.0.1:8111/load_object?new_layer=false&objects=w657750858", "id_url": "https://www.openstreetmap.org/edit?editor=id&way=657750858#map=20/-25.4920298/-49.2936687"}}, {"type": "Feature", "geometry": {"type": "Point", "coordinates": [-49.2934946, -25.4920112]}, "properties": {"id": 657750859, "feat_type": "way", "quality_categories": "missing_tags, older_than_five_years", "issue_ids": "[113, 6]", "osm_url": "https://www.openstreetmap.org/way/657750859", "josm_url": "http://127.0.0.1:8111/load_object?new_layer=false&objects=w657750859", "id_url": "https://www.openstreetmap.org/edit?editor=id&way=657750859#map=20/-25.4920112/-49.2934946"}}, {"type": "Feature", "geometry": {"type": "Point", "coordinates": [-49.2934146, -25.4920027]}, "properties": {"id": 657750861, "feat_type": "way", "quality_categories": "missing_tags, older_than_five_years", "issue_ids": "[113, 6]", "osm_url": "https://www.openstreetmap.org/way/657750861", "josm_url": "http://127.0.0.1:8111/load_object?new_layer=false&objects=w657750861", "id_url": "https://www.openstreetmap.org/edit?editor=id&way=657750861#map=20/-25.4920027/-49.2934146"}}, {"type": "Feature", "geometry": {"type": "Point", "coordinates": [-49.2932644, -25.4919872]}, "properties": {"id": 657750862, "feat_type": "way", "quality_categories": "missing_tags, older_than_five_years", "issue_ids": "[113, 6]", "osm_url": "https://www.openstreetmap.org/way/657750862", "josm_url": "http://127.0.0.1:8111/load_object?new_layer=false&objects=w657750862", "id_url": "https://www.openstreetmap.org/edit?editor=id&way=657750862#map=20/-25.4919872/-49.2932644"}}, {"type": "Feature", "geometry": {"type": "Point", "coordinates": [-49.2930433, -25.4922223]}, "properties": {"id": 657750863, "feat_type": "way", "quality_categories": "missing_tags, older_than_five_years", "issue_ids": "[113, 6]", "osm_url": "https://www.openstreetmap.org/way/657750863", "josm_url": "http://127.0.0.1:8111/load_object?new_layer=false&objects=w657750863", "id_url": "https://www.openstreetmap.org/edit?editor=id&way=657750863#map=20/-25.4922223/-49.2930433"}}, {"type": "Feature", "geometry": {"type": "Point", "coordinates": [-49.293231, -25.4922423]}, "properties": {"id": 657750866, "feat_type": "way", "quality_categories": "missing_tags, older_than_five_years", "issue_ids": "[113, 6]", "osm_url": "https://www.openstreetmap.org/way/657750866", "josm_url": "http://127.0.0.1:8111/load_object?new_layer=false&objects=w657750866", "id_url": "https://www.openstreetmap.org/edit?editor=id&way=657750866#map=20/-25.4922423/-49.293231"}}, {"type": "Feature", "geometry": {"type": "Point", "coordinates": [-49.2930433, -25.4922223]}, "properties": {"id": 657750867, "feat_type": "way", "quality_categories": "missing_tags, older_than_five_years", "issue_ids": "[113, 6]", "osm_url": "https://www.openstreetmap.org/way/657750867", "josm_url": "http://127.0.0.1:8111/load_object?new_layer=false&objects=w657750867", "id_url": "https://www.openstreetmap.org/edit?editor=id&way=657750867#map=20/-25.4922223/-49.2930433"}}, {"type": "Feature", "geometry": {"type": "Point", "coordinates": [-49.2933361, -25.4922535]}, "properties": {"id": 657750868, "feat_type": "way", "quality_categories": "missing_tags, older_than_five_years", "issue_ids": "[113, 6]", "osm_url": "https://www.openstreetmap.org/way/657750868", "josm_url": "http://127.0.0.1:8111/load_object?new_layer=false&objects=w657750868", "id_url": "https://www.openstreetmap.org/edit?editor=id&way=657750868#map=20/-25.4922535/-49.2933361"}}, {"type": "Feature", "geometry": {"type": "Point", "coordinates": [-49.2964377, -25.5583957]}, "properties": {"id": 658519386, "feat_type": "way", "quality_categories": "missing_tags, older_than_five_years", "issue_ids": "[335, 6]", "osm_url": "https://www.openstreetmap.org/way/658519386", "josm_url": "http://127.0.0.1:8111/load_object?new_layer=false&objects=w658519386", "id_url": "https://www.openstreetmap.org/edit?editor=id&way=658519386#map=20/-25.5583957/-49.2964377"}}, {"type": "Feature", "geometry": {"type": "Point", "coordinates": [-49.2962429, -25.5580909]}, "properties": {"id": 658519387, "feat_type": "way", "quality_categories": "missing_tags, older_than_five_years", "issue_ids": "[335, 6]", "osm_url": "https://www.openstreetmap.org/way/658519387", "josm_url": "http://127.0.0.1:8111/load_object?new_layer=false&objects=w658519387", "id_url": "https://www.openstreetmap.org/edit?editor=id&way=658519387#map=20/-25.5580909/-49.2962429"}}, {"type": "Feature", "geometry": {"type": "Point", "coordinates": [-49.2471135, -25.4812907]}, "properties": {"id": 659237693, "feat_type": "way", "quality_categories": "missing_tags, older_than_five_years", "issue_ids": "[75, 6]", "osm_url": "https://www.openstreetmap.org/way/659237693", "josm_url": "http://127.0.0.1:8111/load_object?new_layer=false&objects=w659237693", "id_url": "https://www.openstreetmap.org/edit?editor=id&way=659237693#map=20/-25.4812907/-49.2471135"}}, {"type": "Feature", "geometry": {"type": "Point", "coordinates": [-49.2467254, -25.4827283]}, "properties": {"id": 659237694, "feat_type": "way", "quality_categories": "missing_tags, older_than_five_years", "issue_ids": "[325, 6]", "osm_url": "https://www.openstreetmap.org/way/659237694", "josm_url": "http://127.0.0.1:8111/load_object?new_layer=false&objects=w659237694", "id_url": "https://www.openstreetmap.org/edit?editor=id&way=659237694#map=20/-25.4827283/-49.2467254"}}, {"type": "Feature", "geometry": {"type": "Point", "coordinates": [-49.2815147, -25.4433322]}, "properties": {"id": 659241082, "feat_type": "way", "quality_categories": "missing_tags, older_than_five_years", "issue_ids": "[307, 6]", "osm_url": "https://www.openstreetmap.org/way/659241082", "josm_url": "http://127.0.0.1:8111/load_object?new_layer=false&objects=w659241082", "id_url": "https://www.openstreetmap.org/edit?editor=id&way=659241082#map=20/-25.4433322/-49.2815147"}}, {"type": "Feature", "geometry": {"type": "Point", "coordinates": [-49.2805727, -25.4429507]}, "properties": {"id": 659241083, "feat_type": "way", "quality_categories": "missing_tags, older_than_five_years", "issue_ids": "[307, 6]", "osm_url": "https://www.openstreetmap.org/way/659241083", "josm_url": "http://127.0.0.1:8111/load_object?new_layer=false&objects=w659241083", "id_url": "https://www.openstreetmap.org/edit?editor=id&way=659241083#map=20/-25.4429507/-49.2805727"}}, {"type": "Feature", "geometry": {"type": "Point", "coordinates": [-49.2646338, -25.4368572]}, "properties": {"id": 659241094, "feat_type": "way", "quality_categories": "missing_tags, older_than_five_years", "issue_ids": "[336, 6]", "osm_url": "https://www.openstreetmap.org/way/659241094", "josm_url": "http://127.0.0.1:8111/load_object?new_layer=false&objects=w659241094", "id_url": "https://www.openstreetmap.org/edit?editor=id&way=659241094#map=20/-25.4368572/-49.2646338"}}, {"type": "Feature", "geometry": {"type": "Point", "coordinates": [-49.2942479, -25.5702086]}, "properties": {"id": 659306150, "feat_type": "way", "quality_categories": "missing_tags, older_than_five_years", "issue_ids": "[307, 6]", "osm_url": "https://www.openstreetmap.org/way/659306150", "josm_url": "http://127.0.0.1:8111/load_object?new_layer=false&objects=w659306150", "id_url": "https://www.openstreetmap.org/edit?editor=id&way=659306150#map=20/-25.5702086/-49.2942479"}}, {"type": "Feature", "geometry": {"type": "Point", "coordinates": [-49.2951454, -25.568889]}, "properties": {"id": 659306157, "feat_type": "way", "quality_categories": "missing_tags, older_than_five_years", "issue_ids": "[308, 6]", "osm_url": "https://www.openstreetmap.org/way/659306157", "josm_url": "http://127.0.0.1:8111/load_object?new_layer=false&objects=w659306157", "id_url": "https://www.openstreetmap.org/edit?editor=id&way=659306157#map=20/-25.568889/-49.2951454"}}, {"type": "Feature", "geometry": {"type": "Point", "coordinates": [-49.2298781, -25.5175694]}, "properties": {"id": 659435711, "feat_type": "way", "quality_categories": "missing_tags, older_than_five_years", "issue_ids": "[337, 6]", "osm_url": "https://www.openstreetmap.org/way/659435711", "josm_url": "http://127.0.0.1:8111/load_object?new_layer=false&objects=w659435711", "id_url": "https://www.openstreetmap.org/edit?editor=id&way=659435711#map=20/-25.5175694/-49.2298781"}}, {"type": "Feature", "geometry": {"type": "Point", "coordinates": [-49.2303795, -25.5176628]}, "properties": {"id": 659435717, "feat_type": "way", "quality_categories": "missing_tags, older_than_five_years", "issue_ids": "[337, 6]", "osm_url": "https://www.openstreetmap.org/way/659435717", "josm_url": "http://127.0.0.1:8111/load_object?new_layer=false&objects=w659435717", "id_url": "https://www.openstreetmap.org/edit?editor=id&way=659435717#map=20/-25.5176628/-49.2303795"}}, {"type": "Feature", "geometry": {"type": "Point", "coordinates": [-49.2501204, -25.4516789]}, "properties": {"id": 659596362, "feat_type": "way", "quality_categories": "missing_tags, older_than_five_years", "issue_ids": "[194, 6]", "osm_url": "https://www.openstreetmap.org/way/659596362", "josm_url": "http://127.0.0.1:8111/load_object?new_layer=false&objects=w659596362", "id_url": "https://www.openstreetmap.org/edit?editor=id&way=659596362#map=20/-25.4516789/-49.2501204"}}, {"type": "Feature", "geometry": {"type": "Point", "coordinates": [-49.2500144, -25.4520077]}, "properties": {"id": 659596363, "feat_type": "way", "quality_categories": "missing_tags, older_than_five_years", "issue_ids": "[325, 6]", "osm_url": "https://www.openstreetmap.org/way/659596363", "josm_url": "http://127.0.0.1:8111/load_object?new_layer=false&objects=w659596363", "id_url": "https://www.openstreetmap.org/edit?editor=id&way=659596363#map=20/-25.4520077/-49.2500144"}}, {"type": "Feature", "geometry": {"type": "Point", "coordinates": [-49.2526498, -25.4535383]}, "properties": {"id": 659596365, "feat_type": "way", "quality_categories": "missing_tags, older_than_five_years", "issue_ids": "[325, 6]", "osm_url": "https://www.openstreetmap.org/way/659596365", "josm_url": "http://127.0.0.1:8111/load_object?new_layer=false&objects=w659596365", "id_url": "https://www.openstreetmap.org/edit?editor=id&way=659596365#map=20/-25.4535383/-49.2526498"}}, {"type": "Feature", "geometry": {"type": "Point", "coordinates": [-49.2525557, -25.4534922]}, "properties": {"id": 659596366, "feat_type": "way", "quality_categories": "missing_tags, older_than_five_years", "issue_ids": "[325, 6]", "osm_url": "https://www.openstreetmap.org/way/659596366", "josm_url": "http://127.0.0.1:8111/load_object?new_layer=false&objects=w659596366", "id_url": "https://www.openstreetmap.org/edit?editor=id&way=659596366#map=20/-25.4534922/-49.2525557"}}, {"type": "Feature", "geometry": {"type": "Point", "coordinates": [-49.2670361, -25.5341783]}, "properties": {"id": 659599254, "feat_type": "way", "quality_categories": "missing_tags, older_than_five_years", "issue_ids": "[325, 6]", "osm_url": "https://www.openstreetmap.org/way/659599254", "josm_url": "http://127.0.0.1:8111/load_object?new_layer=false&objects=w659599254", "id_url": "https://www.openstreetmap.org/edit?editor=id&way=659599254#map=20/-25.5341783/-49.2670361"}}, {"type": "Feature", "geometry": {"type": "Point", "coordinates": [-49.2953725, -25.5119228]}, "properties": {"id": 659599269, "feat_type": "way", "quality_categories": "missing_tags, older_than_five_years", "issue_ids": "[113, 6]", "osm_url": "https://www.openstreetmap.org/way/659599269", "josm_url": "http://127.0.0.1:8111/load_object?new_layer=false&objects=w659599269", "id_url": "https://www.openstreetmap.org/edit?editor=id&way=659599269#map=20/-25.5119228/-49.2953725"}}, {"type": "Feature", "geometry": {"type": "Point", "coordinates": [-49.2945728, -25.5119074]}, "properties": {"id": 659599271, "feat_type": "way", "quality_categories": "missing_tags, older_than_five_years", "issue_ids": "[113, 6]", "osm_url": "https://www.openstreetmap.org/way/659599271", "josm_url": "http://127.0.0.1:8111/load_object?new_layer=false&objects=w659599271", "id_url": "https://www.openstreetmap.org/edit?editor=id&way=659599271#map=20/-25.5119074/-49.2945728"}}, {"type": "Feature", "geometry": {"type": "Point", "coordinates": [-49.2945408, -25.5133012]}, "properties": {"id": 659599272, "feat_type": "way", "quality_categories": "missing_tags, older_than_five_years", "issue_ids": "[113, 6]", "osm_url": "https://www.openstreetmap.org/way/659599272", "josm_url": "http://127.0.0.1:8111/load_object?new_layer=false&objects=w659599272", "id_url": "https://www.openstreetmap.org/edit?editor=id&way=659599272#map=20/-25.5133012/-49.2945408"}}, {"type": "Feature", "geometry": {"type": "Point", "coordinates": [-49.2955049, -25.5133435]}, "properties": {"id": 659599275, "feat_type": "way", "quality_categories": "missing_tags, older_than_five_years", "issue_ids": "[113, 6]", "osm_url": "https://www.openstreetmap.org/way/659599275", "josm_url": "http://127.0.0.1:8111/load_object?new_layer=false&objects=w659599275", "id_url": "https://www.openstreetmap.org/edit?editor=id&way=659599275#map=20/-25.5133435/-49.2955049"}}, {"type": "Feature", "geometry": {"type": "Point", "coordinates": [-49.3080651, -25.4359745]}, "properties": {"id": 659608756, "feat_type": "way", "quality_categories": "missing_tags, older_than_five_years", "issue_ids": "[325, 6]", "osm_url": "https://www.openstreetmap.org/way/659608756", "josm_url": "http://127.0.0.1:8111/load_object?new_layer=false&objects=w659608756", "id_url": "https://www.openstreetmap.org/edit?editor=id&way=659608756#map=20/-25.4359745/-49.3080651"}}, {"type": "Feature", "geometry": {"type": "Point", "coordinates": [-49.3073413, -25.4358495]}, "properties": {"id": 659608757, "feat_type": "way", "quality_categories": "missing_tags, older_than_five_years", "issue_ids": "[338, 6]", "osm_url": "https://www.openstreetmap.org/way/659608757", "josm_url": "http://127.0.0.1:8111/load_object?new_layer=false&objects=w659608757", "id_url": "https://www.openstreetmap.org/edit?editor=id&way=659608757#map=20/-25.4358495/-49.3073413"}}, {"type": "Feature", "geometry": {"type": "Point", "coordinates": [-49.3072481, -25.4360568]}, "properties": {"id": 659608758, "feat_type": "way", "quality_categories": "missing_tags, older_than_five_years", "issue_ids": "[338, 6]", "osm_url": "https://www.openstreetmap.org/way/659608758", "josm_url": "http://127.0.0.1:8111/load_object?new_layer=false&objects=w659608758", "id_url": "https://www.openstreetmap.org/edit?editor=id&way=659608758#map=20/-25.4360568/-49.3072481"}}, {"type": "Feature", "geometry": {"type": "Point", "coordinates": [-49.3066405, -25.4358389]}, "properties": {"id": 659608759, "feat_type": "way", "quality_categories": "missing_tags, older_than_five_years", "issue_ids": "[325, 6]", "osm_url": "https://www.openstreetmap.org/way/659608759", "josm_url": "http://127.0.0.1:8111/load_object?new_layer=false&objects=w659608759", "id_url": "https://www.openstreetmap.org/edit?editor=id&way=659608759#map=20/-25.4358389/-49.3066405"}}, {"type": "Feature", "geometry": {"type": "Point", "coordinates": [-49.306812, -25.4355301]}, "properties": {"id": 659608760, "feat_type": "way", "quality_categories": "missing_tags, older_than_five_years", "issue_ids": "[339, 6]", "osm_url": "https://www.openstreetmap.org/way/659608760", "josm_url": "http://127.0.0.1:8111/load_object?new_layer=false&objects=w659608760", "id_url": "https://www.openstreetmap.org/edit?editor=id&way=659608760#map=20/-25.4355301/-49.306812"}}, {"type": "Feature", "geometry": {"type": "Point", "coordinates": [-49.2148237, -25.4524092]}, "properties": {"id": 659608763, "feat_type": "way", "quality_categories": "missing_tags, older_than_five_years", "issue_ids": "[74, 6]", "osm_url": "https://www.openstreetmap.org/way/659608763", "josm_url": "http://127.0.0.1:8111/load_object?new_layer=false&objects=w659608763", "id_url": "https://www.openstreetmap.org/edit?editor=id&way=659608763#map=20/-25.4524092/-49.2148237"}}, {"type": "Feature", "geometry": {"type": "Point", "coordinates": [-49.2085507, -25.4692536]}, "properties": {"id": 659608772, "feat_type": "way", "quality_categories": "missing_tags, older_than_five_years", "issue_ids": "[74, 6]", "osm_url": "https://www.openstreetmap.org/way/659608772", "josm_url": "http://127.0.0.1:8111/load_object?new_layer=false&objects=w659608772", "id_url": "https://www.openstreetmap.org/edit?editor=id&way=659608772#map=20/-25.4692536/-49.2085507"}}, {"type": "Feature", "geometry": {"type": "Point", "coordinates": [-49.2624422, -25.3774755]}, "properties": {"id": 659615948, "feat_type": "way", "quality_categories": "missing_tags, older_than_five_years", "issue_ids": "[340, 6]", "osm_url": "https://www.openstreetmap.org/way/659615948", "josm_url": "http://127.0.0.1:8111/load_object?new_layer=false&objects=w659615948", "id_url": "https://www.openstreetmap.org/edit?editor=id&way=659615948#map=20/-25.3774755/-49.2624422"}}, {"type": "Feature", "geometry": {"type": "Point", "coordinates": [-49.2622339, -25.3774584]}, "properties": {"id": 659615952, "feat_type": "way", "quality_categories": "missing_tags, older_than_five_years", "issue_ids": "[340, 6]", "osm_url": "https://www.openstreetmap.org/way/659615952", "josm_url": "http://127.0.0.1:8111/load_object?new_layer=false&objects=w659615952", "id_url": "https://www.openstreetmap.org/edit?editor=id&way=659615952#map=20/-25.3774584/-49.2622339"}}, {"type": "Feature", "geometry": {"type": "Point", "coordinates": [-49.2509774, -25.4494391]}, "properties": {"id": 659697730, "feat_type": "way", "quality_categories": "missing_tags, older_than_five_years", "issue_ids": "[341, 6]", "osm_url": "https://www.openstreetmap.org/way/659697730", "josm_url": "http://127.0.0.1:8111/load_object?new_layer=false&objects=w659697730", "id_url": "https://www.openstreetmap.org/edit?editor=id&way=659697730#map=20/-25.4494391/-49.2509774"}}, {"type": "Feature", "geometry": {"type": "Point", "coordinates": [-49.2513178, -25.4494613]}, "properties": {"id": 659697731, "feat_type": "way", "quality_categories": "missing_tags, older_than_five_years", "issue_ids": "[341, 6]", "osm_url": "https://www.openstreetmap.org/way/659697731", "josm_url": "http://127.0.0.1:8111/load_object?new_layer=false&objects=w659697731", "id_url": "https://www.openstreetmap.org/edit?editor=id&way=659697731#map=20/-25.4494613/-49.2513178"}}, {"type": "Feature", "geometry": {"type": "Point", "coordinates": [-49.2226744, -25.4395226]}, "properties": {"id": 662538161, "feat_type": "way", "quality_categories": "missing_tags, older_than_five_years", "issue_ids": "[34, 6]", "osm_url": "https://www.openstreetmap.org/way/662538161", "josm_url": "http://127.0.0.1:8111/load_object?new_layer=false&objects=w662538161", "id_url": "https://www.openstreetmap.org/edit?editor=id&way=662538161#map=20/-25.4395226/-49.2226744"}}, {"type": "Feature", "geometry": {"type": "Point", "coordinates": [-49.2746079, -25.4323397]}, "properties": {"id": 662541519, "feat_type": "way", "quality_categories": "missing_tags, older_than_five_years", "issue_ids": "[34, 6]", "osm_url": "https://www.openstreetmap.org/way/662541519", "josm_url": "http://127.0.0.1:8111/load_object?new_layer=false&objects=w662541519", "id_url": "https://www.openstreetmap.org/edit?editor=id&way=662541519#map=20/-25.4323397/-49.2746079"}}, {"type": "Feature", "geometry": {"type": "Point", "coordinates": [-49.2518967, -25.5266612]}, "properties": {"id": 662812914, "feat_type": "way", "quality_categories": "missing_tags, older_than_five_years", "issue_ids": "[41, 6]", "osm_url": "https://www.openstreetmap.org/way/662812914", "josm_url": "http://127.0.0.1:8111/load_object?new_layer=false&objects=w662812914", "id_url": "https://www.openstreetmap.org/edit?editor=id&way=662812914#map=20/-25.5266612/-49.2518967"}}, {"type": "Feature", "geometry": {"type": "Point", "coordinates": [-49.2668925, -25.5339583]}, "properties": {"id": 662812941, "feat_type": "way", "quality_categories": "missing_tags, older_than_five_years", "issue_ids": "[41, 6]", "osm_url": "https://www.openstreetmap.org/way/662812941", "josm_url": "http://127.0.0.1:8111/load_object?new_layer=false&objects=w662812941", "id_url": "https://www.openstreetmap.org/edit?editor=id&way=662812941#map=20/-25.5339583/-49.2668925"}}, {"type": "Feature", "geometry": {"type": "Point", "coordinates": [-49.2687692, -25.5346247]}, "properties": {"id": 662812953, "feat_type": "way", "quality_categories": "missing_tags, older_than_five_years", "issue_ids": "[41, 6]", "osm_url": "https://www.openstreetmap.org/way/662812953", "josm_url": "http://127.0.0.1:8111/load_object?new_layer=false&objects=w662812953", "id_url": "https://www.openstreetmap.org/edit?editor=id&way=662812953#map=20/-25.5346247/-49.2687692"}}, {"type": "Feature", "geometry": {"type": "Point", "coordinates": [-49.2988087, -25.4326792]}, "properties": {"id": 663066048, "feat_type": "way", "quality_categories": "missing_tags, older_than_five_years", "issue_ids": "[33, 6]", "osm_url": "https://www.openstreetmap.org/way/663066048", "josm_url": "http://127.0.0.1:8111/load_object?new_layer=false&objects=w663066048", "id_url": "https://www.openstreetmap.org/edit?editor=id&way=663066048#map=20/-25.4326792/-49.2988087"}}, {"type": "Feature", "geometry": {"type": "Point", "coordinates": [-49.2987388, -25.432955]}, "properties": {"id": 663066049, "feat_type": "way", "quality_categories": "missing_tags, older_than_five_years", "issue_ids": "[342, 6]", "osm_url": "https://www.openstreetmap.org/way/663066049", "josm_url": "http://127.0.0.1:8111/load_object?new_layer=false&objects=w663066049", "id_url": "https://www.openstreetmap.org/edit?editor=id&way=663066049#map=20/-25.432955/-49.2987388"}}, {"type": "Feature", "geometry": {"type": "Point", "coordinates": [-49.2301193, -25.5177448]}, "properties": {"id": 663339772, "feat_type": "way", "quality_categories": "missing_tags, older_than_five_years", "issue_ids": "[33, 6]", "osm_url": "https://www.openstreetmap.org/way/663339772", "josm_url": "http://127.0.0.1:8111/load_object?new_layer=false&objects=w663339772", "id_url": "https://www.openstreetmap.org/edit?editor=id&way=663339772#map=20/-25.5177448/-49.2301193"}}, {"type": "Feature", "geometry": {"type": "Point", "coordinates": [-49.2124732, -25.5043312]}, "properties": {"id": 663339785, "feat_type": "way", "quality_categories": "missing_tags, older_than_five_years", "issue_ids": "[33, 6]", "osm_url": "https://www.openstreetmap.org/way/663339785", "josm_url": "http://127.0.0.1:8111/load_object?new_layer=false&objects=w663339785", "id_url": "https://www.openstreetmap.org/edit?editor=id&way=663339785#map=20/-25.5043312/-49.2124732"}}, {"type": "Feature", "geometry": {"type": "Point", "coordinates": [-49.2645208, -25.417808]}, "properties": {"id": 663377926, "feat_type": "way", "quality_categories": "missing_tags, older_than_five_years", "issue_ids": "[219, 6]", "osm_url": "https://www.openstreetmap.org/way/663377926", "josm_url": "http://127.0.0.1:8111/load_object?new_layer=false&objects=w663377926", "id_url": "https://www.openstreetmap.org/edit?editor=id&way=663377926#map=20/-25.417808/-49.2645208"}}, {"type": "Feature", "geometry": {"type": "Point", "coordinates": [-49.2228344, -25.5408939]}, "properties": {"id": 664311262, "feat_type": "way", "quality_categories": "missing_tags, older_than_five_years", "issue_ids": "[343, 6]", "osm_url": "https://www.openstreetmap.org/way/664311262", "josm_url": "http://127.0.0.1:8111/load_object?new_layer=false&objects=w664311262", "id_url": "https://www.openstreetmap.org/edit?editor=id&way=664311262#map=20/-25.5408939/-49.2228344"}}, {"type": "Feature", "geometry": {"type": "Point", "coordinates": [-49.2540843, -25.4672992]}, "properties": {"id": 664311301, "feat_type": "way", "quality_categories": "missing_tags, older_than_five_years", "issue_ids": "[344, 6]", "osm_url": "https://www.openstreetmap.org/way/664311301", "josm_url": "http://127.0.0.1:8111/load_object?new_layer=false&objects=w664311301", "id_url": "https://www.openstreetmap.org/edit?editor=id&way=664311301#map=20/-25.4672992/-49.2540843"}}, {"type": "Feature", "geometry": {"type": "Point", "coordinates": [-49.2950906, -25.5143233]}, "properties": {"id": 666482775, "feat_type": "way", "quality_categories": "missing_tags, older_than_five_years", "issue_ids": "[319, 6]", "osm_url": "https://www.openstreetmap.org/way/666482775", "josm_url": "http://127.0.0.1:8111/load_object?new_layer=false&objects=w666482775", "id_url": "https://www.openstreetmap.org/edit?editor=id&way=666482775#map=20/-25.5143233/-49.2950906"}}, {"type": "Feature", "geometry": {"type": "Point", "coordinates": [-49.295061, -25.5139418]}, "properties": {"id": 666482776, "feat_type": "way", "quality_categories": "missing_tags, older_than_five_years", "issue_ids": "[319, 6]", "osm_url": "https://www.openstreetmap.org/way/666482776", "josm_url": "http://127.0.0.1:8111/load_object?new_layer=false&objects=w666482776", "id_url": "https://www.openstreetmap.org/edit?editor=id&way=666482776#map=20/-25.5139418/-49.295061"}}, {"type": "Feature", "geometry": {"type": "Point", "coordinates": [-49.295083, -25.5138954]}, "properties": {"id": 666482777, "feat_type": "way", "quality_categories": "missing_tags, older_than_five_years", "issue_ids": "[319, 6]", "osm_url": "https://www.openstreetmap.org/way/666482777", "josm_url": "http://127.0.0.1:8111/load_object?new_layer=false&objects=w666482777", "id_url": "https://www.openstreetmap.org/edit?editor=id&way=666482777#map=20/-25.5138954/-49.295083"}}, {"type": "Feature", "geometry": {"type": "Point", "coordinates": [-49.2943406, -25.5139024]}, "properties": {"id": 666482778, "feat_type": "way", "quality_categories": "missing_tags, older_than_five_years", "issue_ids": "[319, 6]", "osm_url": "https://www.openstreetmap.org/way/666482778", "josm_url": "http://127.0.0.1:8111/load_object?new_layer=false&objects=w666482778", "id_url": "https://www.openstreetmap.org/edit?editor=id&way=666482778#map=20/-25.5139024/-49.2943406"}}, {"type": "Feature", "geometry": {"type": "Point", "coordinates": [-49.294295, -25.5140374]}, "properties": {"id": 666482779, "feat_type": "way", "quality_categories": "missing_tags, older_than_five_years", "issue_ids": "[319, 6]", "osm_url": "https://www.openstreetmap.org/way/666482779", "josm_url": "http://127.0.0.1:8111/load_object?new_layer=false&objects=w666482779", "id_url": "https://www.openstreetmap.org/edit?editor=id&way=666482779#map=20/-25.5140374/-49.294295"}}, {"type": "Feature", "geometry": {"type": "Point", "coordinates": [-49.2950273, -25.5139156]}, "properties": {"id": 666482780, "feat_type": "way", "quality_categories": "missing_tags, older_than_five_years", "issue_ids": "[319, 6]", "osm_url": "https://www.openstreetmap.org/way/666482780", "josm_url": "http://127.0.0.1:8111/load_object?new_layer=false&objects=w666482780", "id_url": "https://www.openstreetmap.org/edit?editor=id&way=666482780#map=20/-25.5139156/-49.2950273"}}, {"type": "Feature", "geometry": {"type": "Point", "coordinates": [-49.2950823, -25.5139422]}, "properties": {"id": 666482782, "feat_type": "way", "quality_categories": "missing_tags, older_than_five_years", "issue_ids": "[319, 6]", "osm_url": "https://www.openstreetmap.org/way/666482782", "josm_url": "http://127.0.0.1:8111/load_object?new_layer=false&objects=w666482782", "id_url": "https://www.openstreetmap.org/edit?editor=id&way=666482782#map=20/-25.5139422/-49.2950823"}}, {"type": "Feature", "geometry": {"type": "Point", "coordinates": [-49.2950599, -25.5141657]}, "properties": {"id": 666482783, "feat_type": "way", "quality_categories": "missing_tags, older_than_five_years", "issue_ids": "[319, 6]", "osm_url": "https://www.openstreetmap.org/way/666482783", "josm_url": "http://127.0.0.1:8111/load_object?new_layer=false&objects=w666482783", "id_url": "https://www.openstreetmap.org/edit?editor=id&way=666482783#map=20/-25.5141657/-49.2950599"}}, {"type": "Feature", "geometry": {"type": "Point", "coordinates": [-49.2937617, -25.511177]}, "properties": {"id": 666482786, "feat_type": "way", "quality_categories": "missing_tags, older_than_five_years", "issue_ids": "[319, 6]", "osm_url": "https://www.openstreetmap.org/way/666482786", "josm_url": "http://127.0.0.1:8111/load_object?new_layer=false&objects=w666482786", "id_url": "https://www.openstreetmap.org/edit?editor=id&way=666482786#map=20/-25.511177/-49.2937617"}}, {"type": "Feature", "geometry": {"type": "Point", "coordinates": [-49.2940753, -25.511247]}, "properties": {"id": 666482787, "feat_type": "way", "quality_categories": "missing_tags, older_than_five_years", "issue_ids": "[319, 6]", "osm_url": "https://www.openstreetmap.org/way/666482787", "josm_url": "http://127.0.0.1:8111/load_object?new_layer=false&objects=w666482787", "id_url": "https://www.openstreetmap.org/edit?editor=id&way=666482787#map=20/-25.511247/-49.2940753"}}, {"type": "Feature", "geometry": {"type": "Point", "coordinates": [-49.2938921, -25.5113311]}, "properties": {"id": 666482788, "feat_type": "way", "quality_categories": "missing_tags, older_than_five_years", "issue_ids": "[319, 6]", "osm_url": "https://www.openstreetmap.org/way/666482788", "josm_url": "http://127.0.0.1:8111/load_object?new_layer=false&objects=w666482788", "id_url": "https://www.openstreetmap.org/edit?editor=id&way=666482788#map=20/-25.5113311/-49.2938921"}}, {"type": "Feature", "geometry": {"type": "Point", "coordinates": [-49.2937025, -25.5100419]}, "properties": {"id": 666482799, "feat_type": "way", "quality_categories": "missing_tags, older_than_five_years", "issue_ids": "[319, 6]", "osm_url": "https://www.openstreetmap.org/way/666482799", "josm_url": "http://127.0.0.1:8111/load_object?new_layer=false&objects=w666482799", "id_url": "https://www.openstreetmap.org/edit?editor=id&way=666482799#map=20/-25.5100419/-49.2937025"}}, {"type": "Feature", "geometry": {"type": "Point", "coordinates": [-49.286057, -25.561876]}, "properties": {"id": 667548730, "feat_type": "way", "quality_categories": "missing_tags, older_than_five_years", "issue_ids": "[73, 6]", "osm_url": "https://www.openstreetmap.org/way/667548730", "josm_url": "http://127.0.0.1:8111/load_object?new_layer=false&objects=w667548730", "id_url": "https://www.openstreetmap.org/edit?editor=id&way=667548730#map=20/-25.561876/-49.286057"}}, {"type": "Feature", "geometry": {"type": "Point", "coordinates": [-49.2490228, -25.4445289]}, "properties": {"id": 668170480, "feat_type": "way", "quality_categories": "missing_tags, older_than_five_years", "issue_ids": "[345, 6]", "osm_url": "https://www.openstreetmap.org/way/668170480", "josm_url": "http://127.0.0.1:8111/load_object?new_layer=false&objects=w668170480", "id_url": "https://www.openstreetmap.org/edit?editor=id&way=668170480#map=20/-25.4445289/-49.2490228"}}, {"type": "Feature", "geometry": {"type": "Point", "coordinates": [-49.2493099, -25.4444096]}, "properties": {"id": 668170481, "feat_type": "way", "quality_categories": "missing_tags, older_than_five_years", "issue_ids": "[345, 6]", "osm_url": "https://www.openstreetmap.org/way/668170481", "josm_url": "http://127.0.0.1:8111/load_object?new_layer=false&objects=w668170481", "id_url": "https://www.openstreetmap.org/edit?editor=id&way=668170481#map=20/-25.4444096/-49.2493099"}}, {"type": "Feature", "geometry": {"type": "Point", "coordinates": [-49.2930169, -25.4922165]}, "properties": {"id": 671002339, "feat_type": "way", "quality_categories": "missing_tags, older_than_five_years", "issue_ids": "[113, 6]", "osm_url": "https://www.openstreetmap.org/way/671002339", "josm_url": "http://127.0.0.1:8111/load_object?new_layer=false&objects=w671002339", "id_url": "https://www.openstreetmap.org/edit?editor=id&way=671002339#map=20/-25.4922165/-49.2930169"}}, {"type": "Feature", "geometry": {"type": "Point", "coordinates": [-49.2928644, -25.4921922]}, "properties": {"id": 671002341, "feat_type": "way", "quality_categories": "missing_tags, older_than_five_years", "issue_ids": "[346, 6]", "osm_url": "https://www.openstreetmap.org/way/671002341", "josm_url": "http://127.0.0.1:8111/load_object?new_layer=false&objects=w671002341", "id_url": "https://www.openstreetmap.org/edit?editor=id&way=671002341#map=20/-25.4921922/-49.2928644"}}, {"type": "Feature", "geometry": {"type": "Point", "coordinates": [-49.2936179, -25.4924531]}, "properties": {"id": 671002342, "feat_type": "way", "quality_categories": "missing_tags, older_than_five_years", "issue_ids": "[346, 6]", "osm_url": "https://www.openstreetmap.org/way/671002342", "josm_url": "http://127.0.0.1:8111/load_object?new_layer=false&objects=w671002342", "id_url": "https://www.openstreetmap.org/edit?editor=id&way=671002342#map=20/-25.4924531/-49.2936179"}}, {"type": "Feature", "geometry": {"type": "Point", "coordinates": [-49.253775, -25.4688447]}, "properties": {"id": 671124848, "feat_type": "way", "quality_categories": "missing_tags, older_than_five_years", "issue_ids": "[346, 6]", "osm_url": "https://www.openstreetmap.org/way/671124848", "josm_url": "http://127.0.0.1:8111/load_object?new_layer=false&objects=w671124848", "id_url": "https://www.openstreetmap.org/edit?editor=id&way=671124848#map=20/-25.4688447/-49.253775"}}, {"type": "Feature", "geometry": {"type": "Point", "coordinates": [-49.25361, -25.4689568]}, "properties": {"id": 671124850, "feat_type": "way", "quality_categories": "missing_tags, older_than_five_years", "issue_ids": "[346, 6]", "osm_url": "https://www.openstreetmap.org/way/671124850", "josm_url": "http://127.0.0.1:8111/load_object?new_layer=false&objects=w671124850", "id_url": "https://www.openstreetmap.org/edit?editor=id&way=671124850#map=20/-25.4689568/-49.25361"}}, {"type": "Feature", "geometry": {"type": "Point", "coordinates": [-49.2752254, -25.4107856]}, "properties": {"id": 671384015, "feat_type": "way", "quality_categories": "missing_tags, older_than_five_years", "issue_ids": "[165, 6]", "osm_url": "https://www.openstreetmap.org/way/671384015", "josm_url": "http://127.0.0.1:8111/load_object?new_layer=false&objects=w671384015", "id_url": "https://www.openstreetmap.org/edit?editor=id&way=671384015#map=20/-25.4107856/-49.2752254"}}, {"type": "Feature", "geometry": {"type": "Point", "coordinates": [-49.2714607, -25.4107749]}, "properties": {"id": 671384016, "feat_type": "way", "quality_categories": "older_than_five_years", "issue_ids": "[87]", "osm_url": "https://www.openstreetmap.org/way/671384016", "josm_url": "http://127.0.0.1:8111/load_object?new_layer=false&objects=w671384016", "id_url": "https://www.openstreetmap.org/edit?editor=id&way=671384016#map=20/-25.4107749/-49.2714607"}}, {"type": "Feature", "geometry": {"type": "Point", "coordinates": [-49.2716019, -25.411002]}, "properties": {"id": 671384017, "feat_type": "way", "quality_categories": "older_than_five_years", "issue_ids": "[87]", "osm_url": "https://www.openstreetmap.org/way/671384017", "josm_url": "http://127.0.0.1:8111/load_object?new_layer=false&objects=w671384017", "id_url": "https://www.openstreetmap.org/edit?editor=id&way=671384017#map=20/-25.411002/-49.2716019"}}, {"type": "Feature", "geometry": {"type": "Point", "coordinates": [-49.2749831, -25.4219987]}, "properties": {"id": 671384018, "feat_type": "way", "quality_categories": "missing_tags, older_than_five_years", "issue_ids": "[165, 6]", "osm_url": "https://www.openstreetmap.org/way/671384018", "josm_url": "http://127.0.0.1:8111/load_object?new_layer=false&objects=w671384018", "id_url": "https://www.openstreetmap.org/edit?editor=id&way=671384018#map=20/-25.4219987/-49.2749831"}}, {"type": "Feature", "geometry": {"type": "Point", "coordinates": [-49.2609725, -25.437488]}, "properties": {"id": 671734694, "feat_type": "way", "quality_categories": "older_than_five_years", "issue_ids": "[154]", "osm_url": "https://www.openstreetmap.org/way/671734694", "josm_url": "http://127.0.0.1:8111/load_object?new_layer=false&objects=w671734694", "id_url": "https://www.openstreetmap.org/edit?editor=id&way=671734694#map=20/-25.437488/-49.2609725"}}, {"type": "Feature", "geometry": {"type": "Point", "coordinates": [-49.2084305, -25.5040097]}, "properties": {"id": 671903492, "feat_type": "way", "quality_categories": "missing_tags, older_than_five_years", "issue_ids": "[154, 6]", "osm_url": "https://www.openstreetmap.org/way/671903492", "josm_url": "http://127.0.0.1:8111/load_object?new_layer=false&objects=w671903492", "id_url": "https://www.openstreetmap.org/edit?editor=id&way=671903492#map=20/-25.5040097/-49.2084305"}}, {"type": "Feature", "geometry": {"type": "Point", "coordinates": [-49.3325044, -25.5764151]}, "properties": {"id": 672544238, "feat_type": "way", "quality_categories": "missing_tags, older_than_five_years", "issue_ids": "[347, 6]", "osm_url": "https://www.openstreetmap.org/way/672544238", "josm_url": "http://127.0.0.1:8111/load_object?new_layer=false&objects=w672544238", "id_url": "https://www.openstreetmap.org/edit?editor=id&way=672544238#map=20/-25.5764151/-49.3325044"}}, {"type": "Feature", "geometry": {"type": "Point", "coordinates": [-49.294767, -25.5151766]}, "properties": {"id": 672577322, "feat_type": "way", "quality_categories": "missing_tags, older_than_five_years", "issue_ids": "[348, 6]", "osm_url": "https://www.openstreetmap.org/way/672577322", "josm_url": "http://127.0.0.1:8111/load_object?new_layer=false&objects=w672577322", "id_url": "https://www.openstreetmap.org/edit?editor=id&way=672577322#map=20/-25.5151766/-49.294767"}}, {"type": "Feature", "geometry": {"type": "Point", "coordinates": [-49.2953394, -25.515186]}, "properties": {"id": 672577324, "feat_type": "way", "quality_categories": "missing_tags, older_than_five_years", "issue_ids": "[321, 6]", "osm_url": "https://www.openstreetmap.org/way/672577324", "josm_url": "http://127.0.0.1:8111/load_object?new_layer=false&objects=w672577324", "id_url": "https://www.openstreetmap.org/edit?editor=id&way=672577324#map=20/-25.515186/-49.2953394"}}, {"type": "Feature", "geometry": {"type": "Point", "coordinates": [-49.2955221, -25.5152234]}, "properties": {"id": 672577326, "feat_type": "way", "quality_categories": "missing_tags, older_than_five_years", "issue_ids": "[321, 6]", "osm_url": "https://www.openstreetmap.org/way/672577326", "josm_url": "http://127.0.0.1:8111/load_object?new_layer=false&objects=w672577326", "id_url": "https://www.openstreetmap.org/edit?editor=id&way=672577326#map=20/-25.5152234/-49.2955221"}}, {"type": "Feature", "geometry": {"type": "Point", "coordinates": [-49.2495327, -25.4501333]}, "properties": {"id": 673865343, "feat_type": "way", "quality_categories": "missing_tags, older_than_five_years", "issue_ids": "[349, 6]", "osm_url": "https://www.openstreetmap.org/way/673865343", "josm_url": "http://127.0.0.1:8111/load_object?new_layer=false&objects=w673865343", "id_url": "https://www.openstreetmap.org/edit?editor=id&way=673865343#map=20/-25.4501333/-49.2495327"}}, {"type": "Feature", "geometry": {"type": "Point", "coordinates": [-49.2765221, -25.4189569]}, "properties": {"id": 677141212, "feat_type": "way", "quality_categories": "missing_tags, older_than_five_years", "issue_ids": "[285, 6]", "osm_url": "https://www.openstreetmap.org/way/677141212", "josm_url": "http://127.0.0.1:8111/load_object?new_layer=false&objects=w677141212", "id_url": "https://www.openstreetmap.org/edit?editor=id&way=677141212#map=20/-25.4189569/-49.2765221"}}, {"type": "Feature", "geometry": {"type": "Point", "coordinates": [-49.2909636, -25.4853883]}, "properties": {"id": 681361556, "feat_type": "way", "quality_categories": "missing_tags, older_than_five_years", "issue_ids": "[350, 6]", "osm_url": "https://www.openstreetmap.org/way/681361556", "josm_url": "http://127.0.0.1:8111/load_object?new_layer=false&objects=w681361556", "id_url": "https://www.openstreetmap.org/edit?editor=id&way=681361556#map=20/-25.4853883/-49.2909636"}}, {"type": "Feature", "geometry": {"type": "Point", "coordinates": [-49.3342632, -25.4951659]}, "properties": {"id": 681364077, "feat_type": "way", "quality_categories": "missing_tags, older_than_five_years", "issue_ids": "[350, 6]", "osm_url": "https://www.openstreetmap.org/way/681364077", "josm_url": "http://127.0.0.1:8111/load_object?new_layer=false&objects=w681364077", "id_url": "https://www.openstreetmap.org/edit?editor=id&way=681364077#map=20/-25.4951659/-49.3342632"}}, {"type": "Feature", "geometry": {"type": "Point", "coordinates": [-49.3219962, -25.4842536]}, "properties": {"id": 681395215, "feat_type": "way", "quality_categories": "missing_tags, older_than_five_years", "issue_ids": "[350, 6]", "osm_url": "https://www.openstreetmap.org/way/681395215", "josm_url": "http://127.0.0.1:8111/load_object?new_layer=false&objects=w681395215", "id_url": "https://www.openstreetmap.org/edit?editor=id&way=681395215#map=20/-25.4842536/-49.3219962"}}, {"type": "Feature", "geometry": {"type": "Point", "coordinates": [-49.3219276, -25.4843442]}, "properties": {"id": 681395216, "feat_type": "way", "quality_categories": "missing_tags, older_than_five_years", "issue_ids": "[350, 6]", "osm_url": "https://www.openstreetmap.org/way/681395216", "josm_url": "http://127.0.0.1:8111/load_object?new_layer=false&objects=w681395216", "id_url": "https://www.openstreetmap.org/edit?editor=id&way=681395216#map=20/-25.4843442/-49.3219276"}}, {"type": "Feature", "geometry": {"type": "Point", "coordinates": [-49.3220322, -25.484112]}, "properties": {"id": 681395217, "feat_type": "way", "quality_categories": "older_than_five_years", "issue_ids": "[350]", "osm_url": "https://www.openstreetmap.org/way/681395217", "josm_url": "http://127.0.0.1:8111/load_object?new_layer=false&objects=w681395217", "id_url": "https://www.openstreetmap.org/edit?editor=id&way=681395217#map=20/-25.484112/-49.3220322"}}, {"type": "Feature", "geometry": {"type": "Point", "coordinates": [-49.3221018, -25.4845693]}, "properties": {"id": 681395218, "feat_type": "way", "quality_categories": "missing_tags, older_than_five_years", "issue_ids": "[350, 6]", "osm_url": "https://www.openstreetmap.org/way/681395218", "josm_url": "http://127.0.0.1:8111/load_object?new_layer=false&objects=w681395218", "id_url": "https://www.openstreetmap.org/edit?editor=id&way=681395218#map=20/-25.4845693/-49.3221018"}}, {"type": "Feature", "geometry": {"type": "Point", "coordinates": [-49.3222284, -25.4848203]}, "properties": {"id": 681395219, "feat_type": "way", "quality_categories": "missing_tags, older_than_five_years", "issue_ids": "[350, 6]", "osm_url": "https://www.openstreetmap.org/way/681395219", "josm_url": "http://127.0.0.1:8111/load_object?new_layer=false&objects=w681395219", "id_url": "https://www.openstreetmap.org/edit?editor=id&way=681395219#map=20/-25.4848203/-49.3222284"}}, {"type": "Feature", "geometry": {"type": "Point", "coordinates": [-49.3222509, -25.4849481]}, "properties": {"id": 681395220, "feat_type": "way", "quality_categories": "missing_tags, older_than_five_years", "issue_ids": "[350, 6]", "osm_url": "https://www.openstreetmap.org/way/681395220", "josm_url": "http://127.0.0.1:8111/load_object?new_layer=false&objects=w681395220", "id_url": "https://www.openstreetmap.org/edit?editor=id&way=681395220#map=20/-25.4849481/-49.3222509"}}, {"type": "Feature", "geometry": {"type": "Point", "coordinates": [-49.2757224, -25.5533544]}, "properties": {"id": 681518904, "feat_type": "way", "quality_categories": "older_than_five_years", "issue_ids": "[351]", "osm_url": "https://www.openstreetmap.org/way/681518904", "josm_url": "http://127.0.0.1:8111/load_object?new_layer=false&objects=w681518904", "id_url": "https://www.openstreetmap.org/edit?editor=id&way=681518904#map=20/-25.5533544/-49.2757224"}}, {"type": "Feature", "geometry": {"type": "Point", "coordinates": [-49.2756759, -25.4363098]}, "properties": {"id": 683112005, "feat_type": "way", "quality_categories": "missing_tags, older_than_five_years", "issue_ids": "[194, 6]", "osm_url": "https://www.openstreetmap.org/way/683112005", "josm_url": "http://127.0.0.1:8111/load_object?new_layer=false&objects=w683112005", "id_url": "https://www.openstreetmap.org/edit?editor=id&way=683112005#map=20/-25.4363098/-49.2756759"}}, {"type": "Feature", "geometry": {"type": "Point", "coordinates": [-49.2138689, -25.4687836]}, "properties": {"id": 683463191, "feat_type": "way", "quality_categories": "older_than_five_years", "issue_ids": "[108]", "osm_url": "https://www.openstreetmap.org/way/683463191", "josm_url": "http://127.0.0.1:8111/load_object?new_layer=false&objects=w683463191", "id_url": "https://www.openstreetmap.org/edit?editor=id&way=683463191#map=20/-25.4687836/-49.2138689"}}, {"type": "Feature", "geometry": {"type": "Point", "coordinates": [-49.2683283, -25.4418031]}, "properties": {"id": 685150629, "feat_type": "way", "quality_categories": "missing_tags, older_than_five_years", "issue_ids": "[352, 6]", "osm_url": "https://www.openstreetmap.org/way/685150629", "josm_url": "http://127.0.0.1:8111/load_object?new_layer=false&objects=w685150629", "id_url": "https://www.openstreetmap.org/edit?editor=id&way=685150629#map=20/-25.4418031/-49.2683283"}}, {"type": "Feature", "geometry": {"type": "Point", "coordinates": [-49.2619979, -25.4513581]}, "properties": {"id": 685150665, "feat_type": "way", "quality_categories": "missing_tags, older_than_five_years", "issue_ids": "[352, 6]", "osm_url": "https://www.openstreetmap.org/way/685150665", "josm_url": "http://127.0.0.1:8111/load_object?new_layer=false&objects=w685150665", "id_url": "https://www.openstreetmap.org/edit?editor=id&way=685150665#map=20/-25.4513581/-49.2619979"}}, {"type": "Feature", "geometry": {"type": "Point", "coordinates": [-49.2698623, -25.4295053]}, "properties": {"id": 686155472, "feat_type": "way", "quality_categories": "missing_tags, older_than_five_years", "issue_ids": "[353, 6]", "osm_url": "https://www.openstreetmap.org/way/686155472", "josm_url": "http://127.0.0.1:8111/load_object?new_layer=false&objects=w686155472", "id_url": "https://www.openstreetmap.org/edit?editor=id&way=686155472#map=20/-25.4295053/-49.2698623"}}, {"type": "Feature", "geometry": {"type": "Point", "coordinates": [-49.2153199, -25.4509231]}, "properties": {"id": 686240801, "feat_type": "way", "quality_categories": "missing_tags, older_than_five_years", "issue_ids": "[23, 6]", "osm_url": "https://www.openstreetmap.org/way/686240801", "josm_url": "http://127.0.0.1:8111/load_object?new_layer=false&objects=w686240801", "id_url": "https://www.openstreetmap.org/edit?editor=id&way=686240801#map=20/-25.4509231/-49.2153199"}}, {"type": "Feature", "geometry": {"type": "Point", "coordinates": [-49.2148576, -25.4517006]}, "properties": {"id": 686240802, "feat_type": "way", "quality_categories": "missing_tags, older_than_five_years", "issue_ids": "[74, 6]", "osm_url": "https://www.openstreetmap.org/way/686240802", "josm_url": "http://127.0.0.1:8111/load_object?new_layer=false&objects=w686240802", "id_url": "https://www.openstreetmap.org/edit?editor=id&way=686240802#map=20/-25.4517006/-49.2148576"}}, {"type": "Feature", "geometry": {"type": "Point", "coordinates": [-49.2148777, -25.4517069]}, "properties": {"id": 686240803, "feat_type": "way", "quality_categories": "missing_tags, older_than_five_years", "issue_ids": "[74, 6]", "osm_url": "https://www.openstreetmap.org/way/686240803", "josm_url": "http://127.0.0.1:8111/load_object?new_layer=false&objects=w686240803", "id_url": "https://www.openstreetmap.org/edit?editor=id&way=686240803#map=20/-25.4517069/-49.2148777"}}, {"type": "Feature", "geometry": {"type": "Point", "coordinates": [-49.2150391, -25.4517574]}, "properties": {"id": 686240804, "feat_type": "way", "quality_categories": "missing_tags, older_than_five_years", "issue_ids": "[74, 6]", "osm_url": "https://www.openstreetmap.org/way/686240804", "josm_url": "http://127.0.0.1:8111/load_object?new_layer=false&objects=w686240804", "id_url": "https://www.openstreetmap.org/edit?editor=id&way=686240804#map=20/-25.4517574/-49.2150391"}}, {"type": "Feature", "geometry": {"type": "Point", "coordinates": [-49.2150684, -25.4517666]}, "properties": {"id": 686240805, "feat_type": "way", "quality_categories": "missing_tags, older_than_five_years", "issue_ids": "[74, 6]", "osm_url": "https://www.openstreetmap.org/way/686240805", "josm_url": "http://127.0.0.1:8111/load_object?new_layer=false&objects=w686240805", "id_url": "https://www.openstreetmap.org/edit?editor=id&way=686240805#map=20/-25.4517666/-49.2150684"}}, {"type": "Feature", "geometry": {"type": "Point", "coordinates": [-49.2217794, -25.4398855]}, "properties": {"id": 686242696, "feat_type": "way", "quality_categories": "missing_tags, older_than_five_years", "issue_ids": "[339, 6]", "osm_url": "https://www.openstreetmap.org/way/686242696", "josm_url": "http://127.0.0.1:8111/load_object?new_layer=false&objects=w686242696", "id_url": "https://www.openstreetmap.org/edit?editor=id&way=686242696#map=20/-25.4398855/-49.2217794"}}, {"type": "Feature", "geometry": {"type": "Point", "coordinates": [-49.222032, -25.4399336]}, "properties": {"id": 686242698, "feat_type": "way", "quality_categories": "missing_tags, older_than_five_years", "issue_ids": "[45, 6]", "osm_url": "https://www.openstreetmap.org/way/686242698", "josm_url": "http://127.0.0.1:8111/load_object?new_layer=false&objects=w686242698", "id_url": "https://www.openstreetmap.org/edit?editor=id&way=686242698#map=20/-25.4399336/-49.222032"}}, {"type": "Feature", "geometry": {"type": "Point", "coordinates": [-49.2210902, -25.4402317]}, "properties": {"id": 686242699, "feat_type": "way", "quality_categories": "missing_tags, older_than_five_years", "issue_ids": "[74, 6]", "osm_url": "https://www.openstreetmap.org/way/686242699", "josm_url": "http://127.0.0.1:8111/load_object?new_layer=false&objects=w686242699", "id_url": "https://www.openstreetmap.org/edit?editor=id&way=686242699#map=20/-25.4402317/-49.2210902"}}, {"type": "Feature", "geometry": {"type": "Point", "coordinates": [-49.2357566, -25.3883383]}, "properties": {"id": 692641637, "feat_type": "way", "quality_categories": "missing_tags, older_than_five_years", "issue_ids": "[116, 6]", "osm_url": "https://www.openstreetmap.org/way/692641637", "josm_url": "http://127.0.0.1:8111/load_object?new_layer=false&objects=w692641637", "id_url": "https://www.openstreetmap.org/edit?editor=id&way=692641637#map=20/-25.3883383/-49.2357566"}}, {"type": "Feature", "geometry": {"type": "Point", "coordinates": [-49.3800581, -25.4784596]}, "properties": {"id": 693804754, "feat_type": "way", "quality_categories": "older_than_five_years", "issue_ids": "[282]", "osm_url": "https://www.openstreetmap.org/way/693804754", "josm_url": "http://127.0.0.1:8111/load_object?new_layer=false&objects=w693804754", "id_url": "https://www.openstreetmap.org/edit?editor=id&way=693804754#map=20/-25.4784596/-49.3800581"}}, {"type": "Feature", "geometry": {"type": "Point", "coordinates": [-49.306116, -25.4260987]}, "properties": {"id": 693809366, "feat_type": "way", "quality_categories": "older_than_five_years", "issue_ids": "[354]", "osm_url": "https://www.openstreetmap.org/way/693809366", "josm_url": "http://127.0.0.1:8111/load_object?new_layer=false&objects=w693809366", "id_url": "https://www.openstreetmap.org/edit?editor=id&way=693809366#map=20/-25.4260987/-49.306116"}}, {"type": "Feature", "geometry": {"type": "Point", "coordinates": [-49.2565178, -25.437353]}, "properties": {"id": 693842230, "feat_type": "way", "quality_categories": "missing_tags, older_than_five_years", "issue_ids": "[355, 6]", "osm_url": "https://www.openstreetmap.org/way/693842230", "josm_url": "http://127.0.0.1:8111/load_object?new_layer=false&objects=w693842230", "id_url": "https://www.openstreetmap.org/edit?editor=id&way=693842230#map=20/-25.437353/-49.2565178"}}, {"type": "Feature", "geometry": {"type": "Point", "coordinates": [-49.256809, -25.4369824]}, "properties": {"id": 693842231, "feat_type": "way", "quality_categories": "missing_tags, older_than_five_years", "issue_ids": "[356, 6]", "osm_url": "https://www.openstreetmap.org/way/693842231", "josm_url": "http://127.0.0.1:8111/load_object?new_layer=false&objects=w693842231", "id_url": "https://www.openstreetmap.org/edit?editor=id&way=693842231#map=20/-25.4369824/-49.256809"}}, {"type": "Feature", "geometry": {"type": "Point", "coordinates": [-49.2565548, -25.437306]}, "properties": {"id": 693842232, "feat_type": "way", "quality_categories": "missing_tags, older_than_five_years", "issue_ids": "[355, 6]", "osm_url": "https://www.openstreetmap.org/way/693842232", "josm_url": "http://127.0.0.1:8111/load_object?new_layer=false&objects=w693842232", "id_url": "https://www.openstreetmap.org/edit?editor=id&way=693842232#map=20/-25.437306/-49.2565548"}}, {"type": "Feature", "geometry": {"type": "Point", "coordinates": [-49.2563146, -25.4371385]}, "properties": {"id": 693842233, "feat_type": "way", "quality_categories": "missing_tags, older_than_five_years", "issue_ids": "[355, 6]", "osm_url": "https://www.openstreetmap.org/way/693842233", "josm_url": "http://127.0.0.1:8111/load_object?new_layer=false&objects=w693842233", "id_url": "https://www.openstreetmap.org/edit?editor=id&way=693842233#map=20/-25.4371385/-49.2563146"}}, {"type": "Feature", "geometry": {"type": "Point", "coordinates": [-49.2563715, -25.4372997]}, "properties": {"id": 693843031, "feat_type": "way", "quality_categories": "missing_tags, older_than_five_years", "issue_ids": "[355, 6]", "osm_url": "https://www.openstreetmap.org/way/693843031", "josm_url": "http://127.0.0.1:8111/load_object?new_layer=false&objects=w693843031", "id_url": "https://www.openstreetmap.org/edit?editor=id&way=693843031#map=20/-25.4372997/-49.2563715"}}, {"type": "Feature", "geometry": {"type": "Point", "coordinates": [-49.3803976, -25.4581174]}, "properties": {"id": 694282692, "feat_type": "way", "quality_categories": "older_than_five_years", "issue_ids": "[282]", "osm_url": "https://www.openstreetmap.org/way/694282692", "josm_url": "http://127.0.0.1:8111/load_object?new_layer=false&objects=w694282692", "id_url": "https://www.openstreetmap.org/edit?editor=id&way=694282692#map=20/-25.4581174/-49.3803976"}}, {"type": "Feature", "geometry": {"type": "Point", "coordinates": [-49.3478152, -25.4573299]}, "properties": {"id": 694289352, "feat_type": "way", "quality_categories": "missing_tags, older_than_five_years", "issue_ids": "[282, 6]", "osm_url": "https://www.openstreetmap.org/way/694289352", "josm_url": "http://127.0.0.1:8111/load_object?new_layer=false&objects=w694289352", "id_url": "https://www.openstreetmap.org/edit?editor=id&way=694289352#map=20/-25.4573299/-49.3478152"}}, {"type": "Feature", "geometry": {"type": "Point", "coordinates": [-49.2717927, -25.4321244]}, "properties": {"id": 695745947, "feat_type": "way", "quality_categories": "missing_tags, older_than_five_years", "issue_ids": "[286, 6]", "osm_url": "https://www.openstreetmap.org/way/695745947", "josm_url": "http://127.0.0.1:8111/load_object?new_layer=false&objects=w695745947", "id_url": "https://www.openstreetmap.org/edit?editor=id&way=695745947#map=20/-25.4321244/-49.2717927"}}, {"type": "Feature", "geometry": {"type": "Point", "coordinates": [-49.2492465, -25.4502478]}, "properties": {"id": 696205533, "feat_type": "way", "quality_categories": "missing_tags, older_than_five_years", "issue_ids": "[323, 6]", "osm_url": "https://www.openstreetmap.org/way/696205533", "josm_url": "http://127.0.0.1:8111/load_object?new_layer=false&objects=w696205533", "id_url": "https://www.openstreetmap.org/edit?editor=id&way=696205533#map=20/-25.4502478/-49.2492465"}}, {"type": "Feature", "geometry": {"type": "Point", "coordinates": [-49.2519723, -25.4489702]}, "properties": {"id": 696205534, "feat_type": "way", "quality_categories": "missing_tags, older_than_five_years", "issue_ids": "[323, 6]", "osm_url": "https://www.openstreetmap.org/way/696205534", "josm_url": "http://127.0.0.1:8111/load_object?new_layer=false&objects=w696205534", "id_url": "https://www.openstreetmap.org/edit?editor=id&way=696205534#map=20/-25.4489702/-49.2519723"}}, {"type": "Feature", "geometry": {"type": "Point", "coordinates": [-49.2515686, -25.4488636]}, "properties": {"id": 696205535, "feat_type": "way", "quality_categories": "missing_tags, older_than_five_years", "issue_ids": "[323, 6]", "osm_url": "https://www.openstreetmap.org/way/696205535", "josm_url": "http://127.0.0.1:8111/load_object?new_layer=false&objects=w696205535", "id_url": "https://www.openstreetmap.org/edit?editor=id&way=696205535#map=20/-25.4488636/-49.2515686"}}, {"type": "Feature", "geometry": {"type": "Point", "coordinates": [-49.2490575, -25.4498972]}, "properties": {"id": 696205538, "feat_type": "way", "quality_categories": "missing_tags, older_than_five_years", "issue_ids": "[323, 6]", "osm_url": "https://www.openstreetmap.org/way/696205538", "josm_url": "http://127.0.0.1:8111/load_object?new_layer=false&objects=w696205538", "id_url": "https://www.openstreetmap.org/edit?editor=id&way=696205538#map=20/-25.4498972/-49.2490575"}}, {"type": "Feature", "geometry": {"type": "Point", "coordinates": [-49.2463369, -25.5292351]}, "properties": {"id": 696233900, "feat_type": "way", "quality_categories": "missing_tags, older_than_five_years", "issue_ids": "[323, 6]", "osm_url": "https://www.openstreetmap.org/way/696233900", "josm_url": "http://127.0.0.1:8111/load_object?new_layer=false&objects=w696233900", "id_url": "https://www.openstreetmap.org/edit?editor=id&way=696233900#map=20/-25.5292351/-49.2463369"}}, {"type": "Feature", "geometry": {"type": "Point", "coordinates": [-49.2954966, -25.5134375]}, "properties": {"id": 696276416, "feat_type": "way", "quality_categories": "missing_tags, older_than_five_years", "issue_ids": "[113, 6]", "osm_url": "https://www.openstreetmap.org/way/696276416", "josm_url": "http://127.0.0.1:8111/load_object?new_layer=false&objects=w696276416", "id_url": "https://www.openstreetmap.org/edit?editor=id&way=696276416#map=20/-25.5134375/-49.2954966"}}, {"type": "Feature", "geometry": {"type": "Point", "coordinates": [-49.2303928, -25.5179315]}, "properties": {"id": 696278731, "feat_type": "way", "quality_categories": "missing_tags, older_than_five_years", "issue_ids": "[113, 6]", "osm_url": "https://www.openstreetmap.org/way/696278731", "josm_url": "http://127.0.0.1:8111/load_object?new_layer=false&objects=w696278731", "id_url": "https://www.openstreetmap.org/edit?editor=id&way=696278731#map=20/-25.5179315/-49.2303928"}}, {"type": "Feature", "geometry": {"type": "Point", "coordinates": [-49.2296712, -25.4417203]}, "properties": {"id": 696378566, "feat_type": "way", "quality_categories": "missing_tags, older_than_five_years", "issue_ids": "[113, 6]", "osm_url": "https://www.openstreetmap.org/way/696378566", "josm_url": "http://127.0.0.1:8111/load_object?new_layer=false&objects=w696378566", "id_url": "https://www.openstreetmap.org/edit?editor=id&way=696378566#map=20/-25.4417203/-49.2296712"}}, {"type": "Feature", "geometry": {"type": "Point", "coordinates": [-49.2233573, -25.4394342]}, "properties": {"id": 696378568, "feat_type": "way", "quality_categories": "missing_tags, older_than_five_years", "issue_ids": "[113, 6]", "osm_url": "https://www.openstreetmap.org/way/696378568", "josm_url": "http://127.0.0.1:8111/load_object?new_layer=false&objects=w696378568", "id_url": "https://www.openstreetmap.org/edit?editor=id&way=696378568#map=20/-25.4394342/-49.2233573"}}, {"type": "Feature", "geometry": {"type": "Point", "coordinates": [-49.2141975, -25.4433772]}, "properties": {"id": 696378569, "feat_type": "way", "quality_categories": "missing_tags, older_than_five_years", "issue_ids": "[113, 6]", "osm_url": "https://www.openstreetmap.org/way/696378569", "josm_url": "http://127.0.0.1:8111/load_object?new_layer=false&objects=w696378569", "id_url": "https://www.openstreetmap.org/edit?editor=id&way=696378569#map=20/-25.4433772/-49.2141975"}}, {"type": "Feature", "geometry": {"type": "Point", "coordinates": [-49.326802, -25.4781854]}, "properties": {"id": 697610024, "feat_type": "way", "quality_categories": "missing_tags, older_than_five_years", "issue_ids": "[237, 6]", "osm_url": "https://www.openstreetmap.org/way/697610024", "josm_url": "http://127.0.0.1:8111/load_object?new_layer=false&objects=w697610024", "id_url": "https://www.openstreetmap.org/edit?editor=id&way=697610024#map=20/-25.4781854/-49.326802"}}, {"type": "Feature", "geometry": {"type": "Point", "coordinates": [-49.2736106, -25.431988]}, "properties": {"id": 697619815, "feat_type": "way", "quality_categories": "missing_tags, older_than_five_years", "issue_ids": "[167, 6]", "osm_url": "https://www.openstreetmap.org/way/697619815", "josm_url": "http://127.0.0.1:8111/load_object?new_layer=false&objects=w697619815", "id_url": "https://www.openstreetmap.org/edit?editor=id&way=697619815#map=20/-25.431988/-49.2736106"}}, {"type": "Feature", "geometry": {"type": "Point", "coordinates": [-49.2786781, -25.4167036]}, "properties": {"id": 697659783, "feat_type": "way", "quality_categories": "missing_tags, older_than_five_years", "issue_ids": "[118, 6]", "osm_url": "https://www.openstreetmap.org/way/697659783", "josm_url": "http://127.0.0.1:8111/load_object?new_layer=false&objects=w697659783", "id_url": "https://www.openstreetmap.org/edit?editor=id&way=697659783#map=20/-25.4167036/-49.2786781"}}, {"type": "Feature", "geometry": {"type": "Point", "coordinates": [-49.2548254, -25.4347028]}, "properties": {"id": 698269616, "feat_type": "way", "quality_categories": "missing_tags, older_than_five_years", "issue_ids": "[109, 6]", "osm_url": "https://www.openstreetmap.org/way/698269616", "josm_url": "http://127.0.0.1:8111/load_object?new_layer=false&objects=w698269616", "id_url": "https://www.openstreetmap.org/edit?editor=id&way=698269616#map=20/-25.4347028/-49.2548254"}}, {"type": "Feature", "geometry": {"type": "Point", "coordinates": [-49.3256058, -25.4716279]}, "properties": {"id": 698949710, "feat_type": "way", "quality_categories": "missing_tags, older_than_five_years", "issue_ids": "[357, 6]", "osm_url": "https://www.openstreetmap.org/way/698949710", "josm_url": "http://127.0.0.1:8111/load_object?new_layer=false&objects=w698949710", "id_url": "https://www.openstreetmap.org/edit?editor=id&way=698949710#map=20/-25.4716279/-49.3256058"}}, {"type": "Feature", "geometry": {"type": "Point", "coordinates": [-49.2288502, -25.4506206]}, "properties": {"id": 699688019, "feat_type": "way", "quality_categories": "missing_tags, older_than_five_years", "issue_ids": "[358, 6]", "osm_url": "https://www.openstreetmap.org/way/699688019", "josm_url": "http://127.0.0.1:8111/load_object?new_layer=false&objects=w699688019", "id_url": "https://www.openstreetmap.org/edit?editor=id&way=699688019#map=20/-25.4506206/-49.2288502"}}, {"type": "Feature", "geometry": {"type": "Point", "coordinates": [-49.3447737, -25.4306765]}, "properties": {"id": 699940583, "feat_type": "way", "quality_categories": "missing_tags, older_than_five_years", "issue_ids": "[103, 6]", "osm_url": "https://www.openstreetmap.org/way/699940583", "josm_url": "http://127.0.0.1:8111/load_object?new_layer=false&objects=w699940583", "id_url": "https://www.openstreetmap.org/edit?editor=id&way=699940583#map=20/-25.4306765/-49.3447737"}}, {"type": "Feature", "geometry": {"type": "Point", "coordinates": [-49.3184633, -25.4387765]}, "properties": {"id": 699940587, "feat_type": "way", "quality_categories": "missing_tags, older_than_five_years", "issue_ids": "[187, 6]", "osm_url": "https://www.openstreetmap.org/way/699940587", "josm_url": "http://127.0.0.1:8111/load_object?new_layer=false&objects=w699940587", "id_url": "https://www.openstreetmap.org/edit?editor=id&way=699940587#map=20/-25.4387765/-49.3184633"}}, {"type": "Feature", "geometry": {"type": "Point", "coordinates": [-49.2696455, -25.4086836]}, "properties": {"id": 699988633, "feat_type": "way", "quality_categories": "older_than_five_years", "issue_ids": "[103]", "osm_url": "https://www.openstreetmap.org/way/699988633", "josm_url": "http://127.0.0.1:8111/load_object?new_layer=false&objects=w699988633", "id_url": "https://www.openstreetmap.org/edit?editor=id&way=699988633#map=20/-25.4086836/-49.2696455"}}, {"type": "Feature", "geometry": {"type": "Point", "coordinates": [-49.270061, -25.4059948]}, "properties": {"id": 699988635, "feat_type": "way", "quality_categories": "missing_tags, older_than_five_years", "issue_ids": "[103, 6]", "osm_url": "https://www.openstreetmap.org/way/699988635", "josm_url": "http://127.0.0.1:8111/load_object?new_layer=false&objects=w699988635", "id_url": "https://www.openstreetmap.org/edit?editor=id&way=699988635#map=20/-25.4059948/-49.270061"}}, {"type": "Feature", "geometry": {"type": "Point", "coordinates": [-49.30202, -25.4046654]}, "properties": {"id": 700014888, "feat_type": "way", "quality_categories": "missing_tags, older_than_five_years", "issue_ids": "[77, 6]", "osm_url": "https://www.openstreetmap.org/way/700014888", "josm_url": "http://127.0.0.1:8111/load_object?new_layer=false&objects=w700014888", "id_url": "https://www.openstreetmap.org/edit?editor=id&way=700014888#map=20/-25.4046654/-49.30202"}}, {"type": "Feature", "geometry": {"type": "Point", "coordinates": [-49.2751019, -25.4753311]}, "properties": {"id": 700028161, "feat_type": "way", "quality_categories": "missing_tags, older_than_five_years", "issue_ids": "[109, 6]", "osm_url": "https://www.openstreetmap.org/way/700028161", "josm_url": "http://127.0.0.1:8111/load_object?new_layer=false&objects=w700028161", "id_url": "https://www.openstreetmap.org/edit?editor=id&way=700028161#map=20/-25.4753311/-49.2751019"}}, {"type": "Feature", "geometry": {"type": "Point", "coordinates": [-49.2760132, -25.4755539]}, "properties": {"id": 700028163, "feat_type": "way", "quality_categories": "missing_tags, older_than_five_years", "issue_ids": "[109, 6]", "osm_url": "https://www.openstreetmap.org/way/700028163", "josm_url": "http://127.0.0.1:8111/load_object?new_layer=false&objects=w700028163", "id_url": "https://www.openstreetmap.org/edit?editor=id&way=700028163#map=20/-25.4755539/-49.2760132"}}, {"type": "Feature", "geometry": {"type": "Point", "coordinates": [-49.277106, -25.475458]}, "properties": {"id": 700028165, "feat_type": "way", "quality_categories": "missing_tags, older_than_five_years", "issue_ids": "[109, 6]", "osm_url": "https://www.openstreetmap.org/way/700028165", "josm_url": "http://127.0.0.1:8111/load_object?new_layer=false&objects=w700028165", "id_url": "https://www.openstreetmap.org/edit?editor=id&way=700028165#map=20/-25.475458/-49.277106"}}, {"type": "Feature", "geometry": {"type": "Point", "coordinates": [-49.277873, -25.4760085]}, "properties": {"id": 700028166, "feat_type": "way", "quality_categories": "missing_tags, older_than_five_years", "issue_ids": "[109, 6]", "osm_url": "https://www.openstreetmap.org/way/700028166", "josm_url": "http://127.0.0.1:8111/load_object?new_layer=false&objects=w700028166", "id_url": "https://www.openstreetmap.org/edit?editor=id&way=700028166#map=20/-25.4760085/-49.277873"}}, {"type": "Feature", "geometry": {"type": "Point", "coordinates": [-49.2786986, -25.4758466]}, "properties": {"id": 700028168, "feat_type": "way", "quality_categories": "missing_tags, older_than_five_years", "issue_ids": "[109, 6]", "osm_url": "https://www.openstreetmap.org/way/700028168", "josm_url": "http://127.0.0.1:8111/load_object?new_layer=false&objects=w700028168", "id_url": "https://www.openstreetmap.org/edit?editor=id&way=700028168#map=20/-25.4758466/-49.2786986"}}, {"type": "Feature", "geometry": {"type": "Point", "coordinates": [-49.279875, -25.4764244]}, "properties": {"id": 700028174, "feat_type": "way", "quality_categories": "missing_tags, older_than_five_years", "issue_ids": "[109, 6]", "osm_url": "https://www.openstreetmap.org/way/700028174", "josm_url": "http://127.0.0.1:8111/load_object?new_layer=false&objects=w700028174", "id_url": "https://www.openstreetmap.org/edit?editor=id&way=700028174#map=20/-25.4764244/-49.279875"}}, {"type": "Feature", "geometry": {"type": "Point", "coordinates": [-49.2646268, -25.472687]}, "properties": {"id": 700028201, "feat_type": "way", "quality_categories": "missing_tags, older_than_five_years", "issue_ids": "[109, 6]", "osm_url": "https://www.openstreetmap.org/way/700028201", "josm_url": "http://127.0.0.1:8111/load_object?new_layer=false&objects=w700028201", "id_url": "https://www.openstreetmap.org/edit?editor=id&way=700028201#map=20/-25.472687/-49.2646268"}}, {"type": "Feature", "geometry": {"type": "Point", "coordinates": [-49.2900082, -25.5631204]}, "properties": {"id": 700944000, "feat_type": "way", "quality_categories": "missing_tags, older_than_five_years", "issue_ids": "[308, 6]", "osm_url": "https://www.openstreetmap.org/way/700944000", "josm_url": "http://127.0.0.1:8111/load_object?new_layer=false&objects=w700944000", "id_url": "https://www.openstreetmap.org/edit?editor=id&way=700944000#map=20/-25.5631204/-49.2900082"}}, {"type": "Feature", "geometry": {"type": "Point", "coordinates": [-49.2957113, -25.4018008]}, "properties": {"id": 701107034, "feat_type": "way", "quality_categories": "older_than_five_years", "issue_ids": "[264]", "osm_url": "https://www.openstreetmap.org/way/701107034", "josm_url": "http://127.0.0.1:8111/load_object?new_layer=false&objects=w701107034", "id_url": "https://www.openstreetmap.org/edit?editor=id&way=701107034#map=20/-25.4018008/-49.2957113"}}, {"type": "Feature", "geometry": {"type": "Point", "coordinates": [-49.3345021, -25.4140367]}, "properties": {"id": 702543218, "feat_type": "way", "quality_categories": "missing_tags, older_than_five_years", "issue_ids": "[45, 6]", "osm_url": "https://www.openstreetmap.org/way/702543218", "josm_url": "http://127.0.0.1:8111/load_object?new_layer=false&objects=w702543218", "id_url": "https://www.openstreetmap.org/edit?editor=id&way=702543218#map=20/-25.4140367/-49.3345021"}}, {"type": "Feature", "geometry": {"type": "Point", "coordinates": [-49.3347622, -25.4138139]}, "properties": {"id": 702543219, "feat_type": "way", "quality_categories": "missing_tags, older_than_five_years", "issue_ids": "[45, 6]", "osm_url": "https://www.openstreetmap.org/way/702543219", "josm_url": "http://127.0.0.1:8111/load_object?new_layer=false&objects=w702543219", "id_url": "https://www.openstreetmap.org/edit?editor=id&way=702543219#map=20/-25.4138139/-49.3347622"}}, {"type": "Feature", "geometry": {"type": "Point", "coordinates": [-49.2509873, -25.4258766]}, "properties": {"id": 703421667, "feat_type": "way", "quality_categories": "missing_tags, older_than_five_years", "issue_ids": "[359, 6]", "osm_url": "https://www.openstreetmap.org/way/703421667", "josm_url": "http://127.0.0.1:8111/load_object?new_layer=false&objects=w703421667", "id_url": "https://www.openstreetmap.org/edit?editor=id&way=703421667#map=20/-25.4258766/-49.2509873"}}, {"type": "Feature", "geometry": {"type": "Point", "coordinates": [-49.2942537, -25.5422121]}, "properties": {"id": 704718620, "feat_type": "way", "quality_categories": "older_than_five_years", "issue_ids": "[244]", "osm_url": "https://www.openstreetmap.org/way/704718620", "josm_url": "http://127.0.0.1:8111/load_object?new_layer=false&objects=w704718620", "id_url": "https://www.openstreetmap.org/edit?editor=id&way=704718620#map=20/-25.5422121/-49.2942537"}}, {"type": "Feature", "geometry": {"type": "Point", "coordinates": [-49.2709745, -25.4232134]}, "properties": {"id": 705792996, "feat_type": "way", "quality_categories": "missing_tags, older_than_five_years", "issue_ids": "[194, 6]", "osm_url": "https://www.openstreetmap.org/way/705792996", "josm_url": "http://127.0.0.1:8111/load_object?new_layer=false&objects=w705792996", "id_url": "https://www.openstreetmap.org/edit?editor=id&way=705792996#map=20/-25.4232134/-49.2709745"}}, {"type": "Feature", "geometry": {"type": "Point", "coordinates": [-49.2686966, -25.4389751]}, "properties": {"id": 705884013, "feat_type": "way", "quality_categories": "missing_tags, older_than_five_years", "issue_ids": "[244, 6]", "osm_url": "https://www.openstreetmap.org/way/705884013", "josm_url": "http://127.0.0.1:8111/load_object?new_layer=false&objects=w705884013", "id_url": "https://www.openstreetmap.org/edit?editor=id&way=705884013#map=20/-25.4389751/-49.2686966"}}, {"type": "Feature", "geometry": {"type": "Point", "coordinates": [-49.2690573, -25.4392878]}, "properties": {"id": 705884015, "feat_type": "way", "quality_categories": "missing_tags, older_than_five_years", "issue_ids": "[243, 6]", "osm_url": "https://www.openstreetmap.org/way/705884015", "josm_url": "http://127.0.0.1:8111/load_object?new_layer=false&objects=w705884015", "id_url": "https://www.openstreetmap.org/edit?editor=id&way=705884015#map=20/-25.4392878/-49.2690573"}}, {"type": "Feature", "geometry": {"type": "Point", "coordinates": [-49.3072481, -25.4360568]}, "properties": {"id": 706289699, "feat_type": "way", "quality_categories": "missing_tags, older_than_five_years", "issue_ids": "[360, 6]", "osm_url": "https://www.openstreetmap.org/way/706289699", "josm_url": "http://127.0.0.1:8111/load_object?new_layer=false&objects=w706289699", "id_url": "https://www.openstreetmap.org/edit?editor=id&way=706289699#map=20/-25.4360568/-49.3072481"}}, {"type": "Feature", "geometry": {"type": "Point", "coordinates": [-49.2479775, -25.4505415]}, "properties": {"id": 708948718, "feat_type": "way", "quality_categories": "missing_tags, older_than_five_years", "issue_ids": "[107, 6]", "osm_url": "https://www.openstreetmap.org/way/708948718", "josm_url": "http://127.0.0.1:8111/load_object?new_layer=false&objects=w708948718", "id_url": "https://www.openstreetmap.org/edit?editor=id&way=708948718#map=20/-25.4505415/-49.2479775"}}, {"type": "Feature", "geometry": {"type": "Point", "coordinates": [-49.2477259, -25.4527853]}, "properties": {"id": 708948719, "feat_type": "way", "quality_categories": "missing_tags, older_than_five_years", "issue_ids": "[194, 6]", "osm_url": "https://www.openstreetmap.org/way/708948719", "josm_url": "http://127.0.0.1:8111/load_object?new_layer=false&objects=w708948719", "id_url": "https://www.openstreetmap.org/edit?editor=id&way=708948719#map=20/-25.4527853/-49.2477259"}}, {"type": "Feature", "geometry": {"type": "Point", "coordinates": [-49.2309354, -25.5185398]}, "properties": {"id": 710345968, "feat_type": "way", "quality_categories": "missing_tags, older_than_five_years", "issue_ids": "[361, 6]", "osm_url": "https://www.openstreetmap.org/way/710345968", "josm_url": "http://127.0.0.1:8111/load_object?new_layer=false&objects=w710345968", "id_url": "https://www.openstreetmap.org/edit?editor=id&way=710345968#map=20/-25.5185398/-49.2309354"}}, {"type": "Feature", "geometry": {"type": "Point", "coordinates": [-49.2309354, -25.5185398]}, "properties": {"id": 710345969, "feat_type": "way", "quality_categories": "missing_tags, older_than_five_years", "issue_ids": "[361, 6]", "osm_url": "https://www.openstreetmap.org/way/710345969", "josm_url": "http://127.0.0.1:8111/load_object?new_layer=false&objects=w710345969", "id_url": "https://www.openstreetmap.org/edit?editor=id&way=710345969#map=20/-25.5185398/-49.2309354"}}, {"type": "Feature", "geometry": {"type": "Point", "coordinates": [-49.3586922, -25.6267998]}, "properties": {"id": 714219875, "feat_type": "way", "quality_categories": "missing_tags, older_than_five_years", "issue_ids": "[362, 6]", "osm_url": "https://www.openstreetmap.org/way/714219875", "josm_url": "http://127.0.0.1:8111/load_object?new_layer=false&objects=w714219875", "id_url": "https://www.openstreetmap.org/edit?editor=id&way=714219875#map=20/-25.6267998/-49.3586922"}}, {"type": "Feature", "geometry": {"type": "Point", "coordinates": [-49.2609121, -25.4512786]}, "properties": {"id": 717332348, "feat_type": "way", "quality_categories": "missing_tags, older_than_five_years", "issue_ids": "[363, 6]", "osm_url": "https://www.openstreetmap.org/way/717332348", "josm_url": "http://127.0.0.1:8111/load_object?new_layer=false&objects=w717332348", "id_url": "https://www.openstreetmap.org/edit?editor=id&way=717332348#map=20/-25.4512786/-49.2609121"}}, {"type": "Feature", "geometry": {"type": "Point", "coordinates": [-49.2611171, -25.4516628]}, "properties": {"id": 717332349, "feat_type": "way", "quality_categories": "missing_tags, older_than_five_years", "issue_ids": "[363, 6]", "osm_url": "https://www.openstreetmap.org/way/717332349", "josm_url": "http://127.0.0.1:8111/load_object?new_layer=false&objects=w717332349", "id_url": "https://www.openstreetmap.org/edit?editor=id&way=717332349#map=20/-25.4516628/-49.2611171"}}, {"type": "Feature", "geometry": {"type": "Point", "coordinates": [-49.2609121, -25.4512786]}, "properties": {"id": 717332350, "feat_type": "way", "quality_categories": "missing_tags, older_than_five_years", "issue_ids": "[363, 6]", "osm_url": "https://www.openstreetmap.org/way/717332350", "josm_url": "http://127.0.0.1:8111/load_object?new_layer=false&objects=w717332350", "id_url": "https://www.openstreetmap.org/edit?editor=id&way=717332350#map=20/-25.4512786/-49.2609121"}}, {"type": "Feature", "geometry": {"type": "Point", "coordinates": [-49.3573152, -25.6181616]}, "properties": {"id": 724198083, "feat_type": "way", "quality_categories": "missing_tags, older_than_five_years", "issue_ids": "[275, 6]", "osm_url": "https://www.openstreetmap.org/way/724198083", "josm_url": "http://127.0.0.1:8111/load_object?new_layer=false&objects=w724198083", "id_url": "https://www.openstreetmap.org/edit?editor=id&way=724198083#map=20/-25.6181616/-49.3573152"}}, {"type": "Feature", "geometry": {"type": "Point", "coordinates": [-49.2349025, -25.458987]}, "properties": {"id": 724431704, "feat_type": "way", "quality_categories": "missing_tags, older_than_five_years", "issue_ids": "[364, 6]", "osm_url": "https://www.openstreetmap.org/way/724431704", "josm_url": "http://127.0.0.1:8111/load_object?new_layer=false&objects=w724431704", "id_url": "https://www.openstreetmap.org/edit?editor=id&way=724431704#map=20/-25.458987/-49.2349025"}}, {"type": "Feature", "geometry": {"type": "Point", "coordinates": [-49.2434902, -25.5310291]}, "properties": {"id": 727131202, "feat_type": "way", "quality_categories": "missing_tags, older_than_five_years", "issue_ids": "[298, 6]", "osm_url": "https://www.openstreetmap.org/way/727131202", "josm_url": "http://127.0.0.1:8111/load_object?new_layer=false&objects=w727131202", "id_url": "https://www.openstreetmap.org/edit?editor=id&way=727131202#map=20/-25.5310291/-49.2434902"}}, {"type": "Feature", "geometry": {"type": "Point", "coordinates": [-49.2462119, -25.3527574]}, "properties": {"id": 727174497, "feat_type": "way", "quality_categories": "missing_tags, older_than_five_years", "issue_ids": "[365, 6]", "osm_url": "https://www.openstreetmap.org/way/727174497", "josm_url": "http://127.0.0.1:8111/load_object?new_layer=false&objects=w727174497", "id_url": "https://www.openstreetmap.org/edit?editor=id&way=727174497#map=20/-25.3527574/-49.2462119"}}, {"type": "Feature", "geometry": {"type": "Point", "coordinates": [-49.2461423, -25.3528352]}, "properties": {"id": 727174498, "feat_type": "way", "quality_categories": "missing_tags, older_than_five_years", "issue_ids": "[219, 6]", "osm_url": "https://www.openstreetmap.org/way/727174498", "josm_url": "http://127.0.0.1:8111/load_object?new_layer=false&objects=w727174498", "id_url": "https://www.openstreetmap.org/edit?editor=id&way=727174498#map=20/-25.3528352/-49.2461423"}}, {"type": "Feature", "geometry": {"type": "Point", "coordinates": [-49.2459837, -25.3525789]}, "properties": {"id": 727174505, "feat_type": "way", "quality_categories": "missing_tags, older_than_five_years", "issue_ids": "[365, 6]", "osm_url": "https://www.openstreetmap.org/way/727174505", "josm_url": "http://127.0.0.1:8111/load_object?new_layer=false&objects=w727174505", "id_url": "https://www.openstreetmap.org/edit?editor=id&way=727174505#map=20/-25.3525789/-49.2459837"}}, {"type": "Feature", "geometry": {"type": "Point", "coordinates": [-49.250838, -25.5442808]}, "properties": {"id": 728843684, "feat_type": "way", "quality_categories": "older_than_five_years", "issue_ids": "[301]", "osm_url": "https://www.openstreetmap.org/way/728843684", "josm_url": "http://127.0.0.1:8111/load_object?new_layer=false&objects=w728843684", "id_url": "https://www.openstreetmap.org/edit?editor=id&way=728843684#map=20/-25.5442808/-49.250838"}}, {"type": "Feature", "geometry": {"type": "Point", "coordinates": [-49.2456653, -25.4522183]}, "properties": {"id": 729185550, "feat_type": "way", "quality_categories": "missing_tags, older_than_five_years", "issue_ids": "[366, 6]", "osm_url": "https://www.openstreetmap.org/way/729185550", "josm_url": "http://127.0.0.1:8111/load_object?new_layer=false&objects=w729185550", "id_url": "https://www.openstreetmap.org/edit?editor=id&way=729185550#map=20/-25.4522183/-49.2456653"}}, {"type": "Feature", "geometry": {"type": "Point", "coordinates": [-49.2457517, -25.4523295]}, "properties": {"id": 729185551, "feat_type": "way", "quality_categories": "missing_tags, older_than_five_years", "issue_ids": "[366, 6]", "osm_url": "https://www.openstreetmap.org/way/729185551", "josm_url": "http://127.0.0.1:8111/load_object?new_layer=false&objects=w729185551", "id_url": "https://www.openstreetmap.org/edit?editor=id&way=729185551#map=20/-25.4523295/-49.2457517"}}, {"type": "Feature", "geometry": {"type": "Point", "coordinates": [-49.2921165, -25.4663054]}, "properties": {"id": 730040476, "feat_type": "way", "quality_categories": "missing_tags, older_than_five_years", "issue_ids": "[28, 6]", "osm_url": "https://www.openstreetmap.org/way/730040476", "josm_url": "http://127.0.0.1:8111/load_object?new_layer=false&objects=w730040476", "id_url": "https://www.openstreetmap.org/edit?editor=id&way=730040476#map=20/-25.4663054/-49.2921165"}}, {"type": "Feature", "geometry": {"type": "Point", "coordinates": [-49.2580769, -25.4390255]}, "properties": {"id": 731558555, "feat_type": "way", "quality_categories": "missing_tags, older_than_five_years", "issue_ids": "[109, 6]", "osm_url": "https://www.openstreetmap.org/way/731558555", "josm_url": "http://127.0.0.1:8111/load_object?new_layer=false&objects=w731558555", "id_url": "https://www.openstreetmap.org/edit?editor=id&way=731558555#map=20/-25.4390255/-49.2580769"}}, {"type": "Feature", "geometry": {"type": "Point", "coordinates": [-49.2594203, -25.4566381]}, "properties": {"id": 731579560, "feat_type": "way", "quality_categories": "missing_tags, older_than_five_years", "issue_ids": "[109, 6]", "osm_url": "https://www.openstreetmap.org/way/731579560", "josm_url": "http://127.0.0.1:8111/load_object?new_layer=false&objects=w731579560", "id_url": "https://www.openstreetmap.org/edit?editor=id&way=731579560#map=20/-25.4566381/-49.2594203"}}, {"type": "Feature", "geometry": {"type": "Point", "coordinates": [-49.2398137, -25.4404801]}, "properties": {"id": 731598119, "feat_type": "way", "quality_categories": "missing_tags, older_than_five_years", "issue_ids": "[109, 6]", "osm_url": "https://www.openstreetmap.org/way/731598119", "josm_url": "http://127.0.0.1:8111/load_object?new_layer=false&objects=w731598119", "id_url": "https://www.openstreetmap.org/edit?editor=id&way=731598119#map=20/-25.4404801/-49.2398137"}}, {"type": "Feature", "geometry": {"type": "Point", "coordinates": [-49.2505921, -25.451887]}, "properties": {"id": 732129464, "feat_type": "way", "quality_categories": "missing_tags, older_than_five_years", "issue_ids": "[194, 6]", "osm_url": "https://www.openstreetmap.org/way/732129464", "josm_url": "http://127.0.0.1:8111/load_object?new_layer=false&objects=w732129464", "id_url": "https://www.openstreetmap.org/edit?editor=id&way=732129464#map=20/-25.451887/-49.2505921"}}, {"type": "Feature", "geometry": {"type": "Point", "coordinates": [-49.252127, -25.452758]}, "properties": {"id": 732129466, "feat_type": "way", "quality_categories": "missing_tags, older_than_five_years", "issue_ids": "[367, 6]", "osm_url": "https://www.openstreetmap.org/way/732129466", "josm_url": "http://127.0.0.1:8111/load_object?new_layer=false&objects=w732129466", "id_url": "https://www.openstreetmap.org/edit?editor=id&way=732129466#map=20/-25.452758/-49.252127"}}, {"type": "Feature", "geometry": {"type": "Point", "coordinates": [-49.2492292, -25.4502563]}, "properties": {"id": 732129467, "feat_type": "way", "quality_categories": "missing_tags, older_than_five_years", "issue_ids": "[367, 6]", "osm_url": "https://www.openstreetmap.org/way/732129467", "josm_url": "http://127.0.0.1:8111/load_object?new_layer=false&objects=w732129467", "id_url": "https://www.openstreetmap.org/edit?editor=id&way=732129467#map=20/-25.4502563/-49.2492292"}}, {"type": "Feature", "geometry": {"type": "Point", "coordinates": [-49.2870612, -25.3836589]}, "properties": {"id": 736237865, "feat_type": "way", "quality_categories": "missing_tags, older_than_five_years", "issue_ids": "[368, 6]", "osm_url": "https://www.openstreetmap.org/way/736237865", "josm_url": "http://127.0.0.1:8111/load_object?new_layer=false&objects=w736237865", "id_url": "https://www.openstreetmap.org/edit?editor=id&way=736237865#map=20/-25.3836589/-49.2870612"}}, {"type": "Feature", "geometry": {"type": "Point", "coordinates": [-49.3635269, -25.4321295]}, "properties": {"id": 738387133, "feat_type": "way", "quality_categories": "missing_tags, older_than_five_years", "issue_ids": "[369, 6]", "osm_url": "https://www.openstreetmap.org/way/738387133", "josm_url": "http://127.0.0.1:8111/load_object?new_layer=false&objects=w738387133", "id_url": "https://www.openstreetmap.org/edit?editor=id&way=738387133#map=20/-25.4321295/-49.3635269"}}, {"type": "Feature", "geometry": {"type": "Point", "coordinates": [-49.359007, -25.431282]}, "properties": {"id": 738387142, "feat_type": "way", "quality_categories": "missing_tags, older_than_five_years", "issue_ids": "[369, 6]", "osm_url": "https://www.openstreetmap.org/way/738387142", "josm_url": "http://127.0.0.1:8111/load_object?new_layer=false&objects=w738387142", "id_url": "https://www.openstreetmap.org/edit?editor=id&way=738387142#map=20/-25.431282/-49.359007"}}, {"type": "Feature", "geometry": {"type": "Point", "coordinates": [-49.2833337, -25.561785]}, "properties": {"id": 738592633, "feat_type": "way", "quality_categories": "missing_tags, older_than_five_years", "issue_ids": "[369, 6]", "osm_url": "https://www.openstreetmap.org/way/738592633", "josm_url": "http://127.0.0.1:8111/load_object?new_layer=false&objects=w738592633", "id_url": "https://www.openstreetmap.org/edit?editor=id&way=738592633#map=20/-25.561785/-49.2833337"}}, {"type": "Feature", "geometry": {"type": "Point", "coordinates": [-49.2830562, -25.5630178]}, "properties": {"id": 738592637, "feat_type": "way", "quality_categories": "missing_tags, older_than_five_years", "issue_ids": "[369, 6]", "osm_url": "https://www.openstreetmap.org/way/738592637", "josm_url": "http://127.0.0.1:8111/load_object?new_layer=false&objects=w738592637", "id_url": "https://www.openstreetmap.org/edit?editor=id&way=738592637#map=20/-25.5630178/-49.2830562"}}, {"type": "Feature", "geometry": {"type": "Point", "coordinates": [-49.3000299, -25.3846079]}, "properties": {"id": 739568126, "feat_type": "way", "quality_categories": "older_than_five_years", "issue_ids": "[370]", "osm_url": "https://www.openstreetmap.org/way/739568126", "josm_url": "http://127.0.0.1:8111/load_object?new_layer=false&objects=w739568126", "id_url": "https://www.openstreetmap.org/edit?editor=id&way=739568126#map=20/-25.3846079/-49.3000299"}}, {"type": "Feature", "geometry": {"type": "Point", "coordinates": [-49.2262383, -25.4008156]}, "properties": {"id": 739621148, "feat_type": "way", "quality_categories": "missing_tags, older_than_five_years", "issue_ids": "[368, 6]", "osm_url": "https://www.openstreetmap.org/way/739621148", "josm_url": "http://127.0.0.1:8111/load_object?new_layer=false&objects=w739621148", "id_url": "https://www.openstreetmap.org/edit?editor=id&way=739621148#map=20/-25.4008156/-49.2262383"}}, {"type": "Feature", "geometry": {"type": "Point", "coordinates": [-49.2212949, -25.4020147]}, "properties": {"id": 739621149, "feat_type": "way", "quality_categories": "missing_tags, older_than_five_years", "issue_ids": "[368, 6]", "osm_url": "https://www.openstreetmap.org/way/739621149", "josm_url": "http://127.0.0.1:8111/load_object?new_layer=false&objects=w739621149", "id_url": "https://www.openstreetmap.org/edit?editor=id&way=739621149#map=20/-25.4020147/-49.2212949"}}, {"type": "Feature", "geometry": {"type": "Point", "coordinates": [-49.2206632, -25.4007463]}, "properties": {"id": 739621150, "feat_type": "way", "quality_categories": "missing_tags, older_than_five_years", "issue_ids": "[368, 6]", "osm_url": "https://www.openstreetmap.org/way/739621150", "josm_url": "http://127.0.0.1:8111/load_object?new_layer=false&objects=w739621150", "id_url": "https://www.openstreetmap.org/edit?editor=id&way=739621150#map=20/-25.4007463/-49.2206632"}}, {"type": "Feature", "geometry": {"type": "Point", "coordinates": [-49.2234232, -25.4003163]}, "properties": {"id": 739621151, "feat_type": "way", "quality_categories": "missing_tags, older_than_five_years", "issue_ids": "[368, 6]", "osm_url": "https://www.openstreetmap.org/way/739621151", "josm_url": "http://127.0.0.1:8111/load_object?new_layer=false&objects=w739621151", "id_url": "https://www.openstreetmap.org/edit?editor=id&way=739621151#map=20/-25.4003163/-49.2234232"}}, {"type": "Feature", "geometry": {"type": "Point", "coordinates": [-49.2273794, -25.398917]}, "properties": {"id": 739621152, "feat_type": "way", "quality_categories": "missing_tags, older_than_five_years", "issue_ids": "[368, 6]", "osm_url": "https://www.openstreetmap.org/way/739621152", "josm_url": "http://127.0.0.1:8111/load_object?new_layer=false&objects=w739621152", "id_url": "https://www.openstreetmap.org/edit?editor=id&way=739621152#map=20/-25.398917/-49.2273794"}}, {"type": "Feature", "geometry": {"type": "Point", "coordinates": [-49.2379619, -25.4424578]}, "properties": {"id": 745450744, "feat_type": "way", "quality_categories": "missing_tags, older_than_five_years", "issue_ids": "[371, 6]", "osm_url": "https://www.openstreetmap.org/way/745450744", "josm_url": "http://127.0.0.1:8111/load_object?new_layer=false&objects=w745450744", "id_url": "https://www.openstreetmap.org/edit?editor=id&way=745450744#map=20/-25.4424578/-49.2379619"}}, {"type": "Feature", "geometry": {"type": "Point", "coordinates": [-49.2380581, -25.4426079]}, "properties": {"id": 745450745, "feat_type": "way", "quality_categories": "missing_tags, older_than_five_years", "issue_ids": "[371, 6]", "osm_url": "https://www.openstreetmap.org/way/745450745", "josm_url": "http://127.0.0.1:8111/load_object?new_layer=false&objects=w745450745", "id_url": "https://www.openstreetmap.org/edit?editor=id&way=745450745#map=20/-25.4426079/-49.2380581"}}, {"type": "Feature", "geometry": {"type": "Point", "coordinates": [-49.2381812, -25.4425604]}, "properties": {"id": 745450746, "feat_type": "way", "quality_categories": "missing_tags, older_than_five_years", "issue_ids": "[371, 6]", "osm_url": "https://www.openstreetmap.org/way/745450746", "josm_url": "http://127.0.0.1:8111/load_object?new_layer=false&objects=w745450746", "id_url": "https://www.openstreetmap.org/edit?editor=id&way=745450746#map=20/-25.4425604/-49.2381812"}}, {"type": "Feature", "geometry": {"type": "Point", "coordinates": [-49.3164, -25.5457239]}, "properties": {"id": 753762564, "feat_type": "way", "quality_categories": "missing_tags, older_than_five_years", "issue_ids": "[372, 6]", "osm_url": "https://www.openstreetmap.org/way/753762564", "josm_url": "http://127.0.0.1:8111/load_object?new_layer=false&objects=w753762564", "id_url": "https://www.openstreetmap.org/edit?editor=id&way=753762564#map=20/-25.5457239/-49.3164"}}, {"type": "Feature", "geometry": {"type": "Point", "coordinates": [-49.3166071, -25.5455493]}, "properties": {"id": 753762565, "feat_type": "way", "quality_categories": "missing_tags, older_than_five_years", "issue_ids": "[372, 6]", "osm_url": "https://www.openstreetmap.org/way/753762565", "josm_url": "http://127.0.0.1:8111/load_object?new_layer=false&objects=w753762565", "id_url": "https://www.openstreetmap.org/edit?editor=id&way=753762565#map=20/-25.5455493/-49.3166071"}}, {"type": "Feature", "geometry": {"type": "Point", "coordinates": [-49.3065866, -25.435936]}, "properties": {"id": 758279350, "feat_type": "way", "quality_categories": "missing_tags, older_than_five_years", "issue_ids": "[339, 6]", "osm_url": "https://www.openstreetmap.org/way/758279350", "josm_url": "http://127.0.0.1:8111/load_object?new_layer=false&objects=w758279350", "id_url": "https://www.openstreetmap.org/edit?editor=id&way=758279350#map=20/-25.435936/-49.3065866"}}, {"type": "Feature", "geometry": {"type": "Point", "coordinates": [-49.2217551, -25.4398421]}, "properties": {"id": 758442520, "feat_type": "way", "quality_categories": "missing_tags, older_than_five_years", "issue_ids": "[339, 6]", "osm_url": "https://www.openstreetmap.org/way/758442520", "josm_url": "http://127.0.0.1:8111/load_object?new_layer=false&objects=w758442520", "id_url": "https://www.openstreetmap.org/edit?editor=id&way=758442520#map=20/-25.4398421/-49.2217551"}}, {"type": "Feature", "geometry": {"type": "Point", "coordinates": [-49.2217551, -25.4398421]}, "properties": {"id": 758442521, "feat_type": "way", "quality_categories": "missing_tags, older_than_five_years", "issue_ids": "[339, 6]", "osm_url": "https://www.openstreetmap.org/way/758442521", "josm_url": "http://127.0.0.1:8111/load_object?new_layer=false&objects=w758442521", "id_url": "https://www.openstreetmap.org/edit?editor=id&way=758442521#map=20/-25.4398421/-49.2217551"}}, {"type": "Feature", "geometry": {"type": "Point", "coordinates": [-49.220362, -25.4414357]}, "properties": {"id": 758447279, "feat_type": "way", "quality_categories": "missing_tags, older_than_five_years", "issue_ids": "[339, 6]", "osm_url": "https://www.openstreetmap.org/way/758447279", "josm_url": "http://127.0.0.1:8111/load_object?new_layer=false&objects=w758447279", "id_url": "https://www.openstreetmap.org/edit?editor=id&way=758447279#map=20/-25.4414357/-49.220362"}}, {"type": "Feature", "geometry": {"type": "Point", "coordinates": [-49.2208098, -25.4419801]}, "properties": {"id": 758447281, "feat_type": "way", "quality_categories": "missing_tags, older_than_five_years", "issue_ids": "[339, 6]", "osm_url": "https://www.openstreetmap.org/way/758447281", "josm_url": "http://127.0.0.1:8111/load_object?new_layer=false&objects=w758447281", "id_url": "https://www.openstreetmap.org/edit?editor=id&way=758447281#map=20/-25.4419801/-49.2208098"}}, {"type": "Feature", "geometry": {"type": "Point", "coordinates": [-49.220483, -25.4413817]}, "properties": {"id": 758447282, "feat_type": "way", "quality_categories": "missing_tags, older_than_five_years", "issue_ids": "[339, 6]", "osm_url": "https://www.openstreetmap.org/way/758447282", "josm_url": "http://127.0.0.1:8111/load_object?new_layer=false&objects=w758447282", "id_url": "https://www.openstreetmap.org/edit?editor=id&way=758447282#map=20/-25.4413817/-49.220483"}}, {"type": "Feature", "geometry": {"type": "Point", "coordinates": [-49.2165539, -25.4653327]}, "properties": {"id": 759287713, "feat_type": "way", "quality_categories": "missing_tags, older_than_five_years", "issue_ids": "[373, 6]", "osm_url": "https://www.openstreetmap.org/way/759287713", "josm_url": "http://127.0.0.1:8111/load_object?new_layer=false&objects=w759287713", "id_url": "https://www.openstreetmap.org/edit?editor=id&way=759287713#map=20/-25.4653327/-49.2165539"}}, {"type": "Feature", "geometry": {"type": "Point", "coordinates": [-49.2668277, -25.3907879]}, "properties": {"id": 759593316, "feat_type": "way", "quality_categories": "missing_tags, older_than_five_years", "issue_ids": "[180, 6]", "osm_url": "https://www.openstreetmap.org/way/759593316", "josm_url": "http://127.0.0.1:8111/load_object?new_layer=false&objects=w759593316", "id_url": "https://www.openstreetmap.org/edit?editor=id&way=759593316#map=20/-25.3907879/-49.2668277"}}, {"type": "Feature", "geometry": {"type": "Point", "coordinates": [-49.2680484, -25.4119792]}, "properties": {"id": 759595258, "feat_type": "way", "quality_categories": "missing_tags, older_than_five_years", "issue_ids": "[180, 6]", "osm_url": "https://www.openstreetmap.org/way/759595258", "josm_url": "http://127.0.0.1:8111/load_object?new_layer=false&objects=w759595258", "id_url": "https://www.openstreetmap.org/edit?editor=id&way=759595258#map=20/-25.4119792/-49.2680484"}}, {"type": "Feature", "geometry": {"type": "Point", "coordinates": [-49.3270609, -25.4776832]}, "properties": {"id": 761607149, "feat_type": "way", "quality_categories": "missing_tags, older_than_five_years", "issue_ids": "[374, 6]", "osm_url": "https://www.openstreetmap.org/way/761607149", "josm_url": "http://127.0.0.1:8111/load_object?new_layer=false&objects=w761607149", "id_url": "https://www.openstreetmap.org/edit?editor=id&way=761607149#map=20/-25.4776832/-49.3270609"}}, {"type": "Feature", "geometry": {"type": "Point", "coordinates": [-49.3271285, -25.4772247]}, "properties": {"id": 761607153, "feat_type": "way", "quality_categories": "missing_tags, older_than_five_years", "issue_ids": "[237, 6]", "osm_url": "https://www.openstreetmap.org/way/761607153", "josm_url": "http://127.0.0.1:8111/load_object?new_layer=false&objects=w761607153", "id_url": "https://www.openstreetmap.org/edit?editor=id&way=761607153#map=20/-25.4772247/-49.3271285"}}, {"type": "Feature", "geometry": {"type": "Point", "coordinates": [-49.326203, -25.4775486]}, "properties": {"id": 762132537, "feat_type": "way", "quality_categories": "missing_tags, older_than_five_years", "issue_ids": "[375, 6]", "osm_url": "https://www.openstreetmap.org/way/762132537", "josm_url": "http://127.0.0.1:8111/load_object?new_layer=false&objects=w762132537", "id_url": "https://www.openstreetmap.org/edit?editor=id&way=762132537#map=20/-25.4775486/-49.326203"}}, {"type": "Feature", "geometry": {"type": "Point", "coordinates": [-49.3254693, -25.4771686]}, "properties": {"id": 762892996, "feat_type": "way", "quality_categories": "older_than_five_years", "issue_ids": "[196]", "osm_url": "https://www.openstreetmap.org/way/762892996", "josm_url": "http://127.0.0.1:8111/load_object?new_layer=false&objects=w762892996", "id_url": "https://www.openstreetmap.org/edit?editor=id&way=762892996#map=20/-25.4771686/-49.3254693"}}, {"type": "Feature", "geometry": {"type": "Point", "coordinates": [-49.2604879, -25.4352751]}, "properties": {"id": 763034210, "feat_type": "way", "quality_categories": "missing_tags, older_than_five_years", "issue_ids": "[376, 6]", "osm_url": "https://www.openstreetmap.org/way/763034210", "josm_url": "http://127.0.0.1:8111/load_object?new_layer=false&objects=w763034210", "id_url": "https://www.openstreetmap.org/edit?editor=id&way=763034210#map=20/-25.4352751/-49.2604879"}}, {"type": "Feature", "geometry": {"type": "Point", "coordinates": [-49.2609159, -25.4353873]}, "properties": {"id": 763034211, "feat_type": "way", "quality_categories": "missing_tags, older_than_five_years", "issue_ids": "[376, 6]", "osm_url": "https://www.openstreetmap.org/way/763034211", "josm_url": "http://127.0.0.1:8111/load_object?new_layer=false&objects=w763034211", "id_url": "https://www.openstreetmap.org/edit?editor=id&way=763034211#map=20/-25.4353873/-49.2609159"}}, {"type": "Feature", "geometry": {"type": "Point", "coordinates": [-49.2608958, -25.435432]}, "properties": {"id": 763034212, "feat_type": "way", "quality_categories": "missing_tags, older_than_five_years", "issue_ids": "[376, 6]", "osm_url": "https://www.openstreetmap.org/way/763034212", "josm_url": "http://127.0.0.1:8111/load_object?new_layer=false&objects=w763034212", "id_url": "https://www.openstreetmap.org/edit?editor=id&way=763034212#map=20/-25.435432/-49.2608958"}}, {"type": "Feature", "geometry": {"type": "Point", "coordinates": [-49.270565, -25.4392113]}, "properties": {"id": 763034942, "feat_type": "way", "quality_categories": "missing_tags, older_than_five_years", "issue_ids": "[376, 6]", "osm_url": "https://www.openstreetmap.org/way/763034942", "josm_url": "http://127.0.0.1:8111/load_object?new_layer=false&objects=w763034942", "id_url": "https://www.openstreetmap.org/edit?editor=id&way=763034942#map=20/-25.4392113/-49.270565"}}, {"type": "Feature", "geometry": {"type": "Point", "coordinates": [-49.2410707, -25.4981306]}, "properties": {"id": 764610461, "feat_type": "way", "quality_categories": "missing_tags, older_than_five_years", "issue_ids": "[377, 6]", "osm_url": "https://www.openstreetmap.org/way/764610461", "josm_url": "http://127.0.0.1:8111/load_object?new_layer=false&objects=w764610461", "id_url": "https://www.openstreetmap.org/edit?editor=id&way=764610461#map=20/-25.4981306/-49.2410707"}}, {"type": "Feature", "geometry": {"type": "Point", "coordinates": [-49.2249848, -25.3775618]}, "properties": {"id": 766522213, "feat_type": "way", "quality_categories": "missing_tags, older_than_five_years", "issue_ids": "[378, 6]", "osm_url": "https://www.openstreetmap.org/way/766522213", "josm_url": "http://127.0.0.1:8111/load_object?new_layer=false&objects=w766522213", "id_url": "https://www.openstreetmap.org/edit?editor=id&way=766522213#map=20/-25.3775618/-49.2249848"}}, {"type": "Feature", "geometry": {"type": "Point", "coordinates": [-49.2249976, -25.3771442]}, "properties": {"id": 766522214, "feat_type": "way", "quality_categories": "missing_tags, older_than_five_years", "issue_ids": "[379, 6]", "osm_url": "https://www.openstreetmap.org/way/766522214", "josm_url": "http://127.0.0.1:8111/load_object?new_layer=false&objects=w766522214", "id_url": "https://www.openstreetmap.org/edit?editor=id&way=766522214#map=20/-25.3771442/-49.2249976"}}, {"type": "Feature", "geometry": {"type": "Point", "coordinates": [-49.2251434, -25.377148]}, "properties": {"id": 766522217, "feat_type": "way", "quality_categories": "missing_tags, older_than_five_years", "issue_ids": "[379, 6]", "osm_url": "https://www.openstreetmap.org/way/766522217", "josm_url": "http://127.0.0.1:8111/load_object?new_layer=false&objects=w766522217", "id_url": "https://www.openstreetmap.org/edit?editor=id&way=766522217#map=20/-25.377148/-49.2251434"}}, {"type": "Feature", "geometry": {"type": "Point", "coordinates": [-49.2242188, -25.377335]}, "properties": {"id": 766522218, "feat_type": "way", "quality_categories": "missing_tags, older_than_five_years", "issue_ids": "[378, 6]", "osm_url": "https://www.openstreetmap.org/way/766522218", "josm_url": "http://127.0.0.1:8111/load_object?new_layer=false&objects=w766522218", "id_url": "https://www.openstreetmap.org/edit?editor=id&way=766522218#map=20/-25.377335/-49.2242188"}}, {"type": "Feature", "geometry": {"type": "Point", "coordinates": [-49.2242199, -25.377089]}, "properties": {"id": 766522219, "feat_type": "way", "quality_categories": "missing_tags, older_than_five_years", "issue_ids": "[378, 6]", "osm_url": "https://www.openstreetmap.org/way/766522219", "josm_url": "http://127.0.0.1:8111/load_object?new_layer=false&objects=w766522219", "id_url": "https://www.openstreetmap.org/edit?editor=id&way=766522219#map=20/-25.377089/-49.2242199"}}, {"type": "Feature", "geometry": {"type": "Point", "coordinates": [-49.2242208, -25.3768928]}, "properties": {"id": 766522220, "feat_type": "way", "quality_categories": "missing_tags, older_than_five_years", "issue_ids": "[378, 6]", "osm_url": "https://www.openstreetmap.org/way/766522220", "josm_url": "http://127.0.0.1:8111/load_object?new_layer=false&objects=w766522220", "id_url": "https://www.openstreetmap.org/edit?editor=id&way=766522220#map=20/-25.3768928/-49.2242208"}}, {"type": "Feature", "geometry": {"type": "Point", "coordinates": [-49.2835379, -25.5671662]}, "properties": {"id": 766664972, "feat_type": "way", "quality_categories": "missing_tags, older_than_five_years", "issue_ids": "[331, 6]", "osm_url": "https://www.openstreetmap.org/way/766664972", "josm_url": "http://127.0.0.1:8111/load_object?new_layer=false&objects=w766664972", "id_url": "https://www.openstreetmap.org/edit?editor=id&way=766664972#map=20/-25.5671662/-49.2835379"}}, {"type": "Feature", "geometry": {"type": "Point", "coordinates": [-49.2930872, -25.5424994]}, "properties": {"id": 775400870, "feat_type": "way", "quality_categories": "missing_tags, older_than_five_years", "issue_ids": "[380, 6]", "osm_url": "https://www.openstreetmap.org/way/775400870", "josm_url": "http://127.0.0.1:8111/load_object?new_layer=false&objects=w775400870", "id_url": "https://www.openstreetmap.org/edit?editor=id&way=775400870#map=20/-25.5424994/-49.2930872"}}, {"type": "Feature", "geometry": {"type": "Point", "coordinates": [-49.2938387, -25.5425712]}, "properties": {"id": 775437820, "feat_type": "way", "quality_categories": "missing_tags, older_than_five_years", "issue_ids": "[381, 6]", "osm_url": "https://www.openstreetmap.org/way/775437820", "josm_url": "http://127.0.0.1:8111/load_object?new_layer=false&objects=w775437820", "id_url": "https://www.openstreetmap.org/edit?editor=id&way=775437820#map=20/-25.5425712/-49.2938387"}}, {"type": "Feature", "geometry": {"type": "Point", "coordinates": [-49.2936283, -25.5426544]}, "properties": {"id": 775437821, "feat_type": "way", "quality_categories": "missing_tags, older_than_five_years", "issue_ids": "[381, 6]", "osm_url": "https://www.openstreetmap.org/way/775437821", "josm_url": "http://127.0.0.1:8111/load_object?new_layer=false&objects=w775437821", "id_url": "https://www.openstreetmap.org/edit?editor=id&way=775437821#map=20/-25.5426544/-49.2936283"}}, {"type": "Feature", "geometry": {"type": "Point", "coordinates": [-49.2565548, -25.437306]}, "properties": {"id": 777444997, "feat_type": "way", "quality_categories": "older_than_five_years", "issue_ids": "[382]", "osm_url": "https://www.openstreetmap.org/way/777444997", "josm_url": "http://127.0.0.1:8111/load_object?new_layer=false&objects=w777444997", "id_url": "https://www.openstreetmap.org/edit?editor=id&way=777444997#map=20/-25.437306/-49.2565548"}}, {"type": "Feature", "geometry": {"type": "Point", "coordinates": [-49.2974399, -25.4023837]}, "properties": {"id": 779291799, "feat_type": "way", "quality_categories": "older_than_five_years", "issue_ids": "[15]", "osm_url": "https://www.openstreetmap.org/way/779291799", "josm_url": "http://127.0.0.1:8111/load_object?new_layer=false&objects=w779291799", "id_url": "https://www.openstreetmap.org/edit?editor=id&way=779291799#map=20/-25.4023837/-49.2974399"}}, {"type": "Feature", "geometry": {"type": "Point", "coordinates": [-49.308543, -25.4162348]}, "properties": {"id": 779291801, "feat_type": "way", "quality_categories": "missing_tags, older_than_five_years", "issue_ids": "[15, 6]", "osm_url": "https://www.openstreetmap.org/way/779291801", "josm_url": "http://127.0.0.1:8111/load_object?new_layer=false&objects=w779291801", "id_url": "https://www.openstreetmap.org/edit?editor=id&way=779291801#map=20/-25.4162348/-49.308543"}}, {"type": "Feature", "geometry": {"type": "Point", "coordinates": [-49.315003, -25.4296924]}, "properties": {"id": 779291805, "feat_type": "way", "quality_categories": "missing_tags, older_than_five_years", "issue_ids": "[264, 6]", "osm_url": "https://www.openstreetmap.org/way/779291805", "josm_url": "http://127.0.0.1:8111/load_object?new_layer=false&objects=w779291805", "id_url": "https://www.openstreetmap.org/edit?editor=id&way=779291805#map=20/-25.4296924/-49.315003"}}, {"type": "Feature", "geometry": {"type": "Point", "coordinates": [-49.2870409, -25.4458795]}, "properties": {"id": 783893244, "feat_type": "way", "quality_categories": "missing_tags, older_than_five_years", "issue_ids": "[133, 6]", "osm_url": "https://www.openstreetmap.org/way/783893244", "josm_url": "http://127.0.0.1:8111/load_object?new_layer=false&objects=w783893244", "id_url": "https://www.openstreetmap.org/edit?editor=id&way=783893244#map=20/-25.4458795/-49.2870409"}}, {"type": "Feature", "geometry": {"type": "Point", "coordinates": [-49.2939169, -25.5111178]}, "properties": {"id": 784955360, "feat_type": "way", "quality_categories": "missing_tags, older_than_five_years", "issue_ids": "[383, 6]", "osm_url": "https://www.openstreetmap.org/way/784955360", "josm_url": "http://127.0.0.1:8111/load_object?new_layer=false&objects=w784955360", "id_url": "https://www.openstreetmap.org/edit?editor=id&way=784955360#map=20/-25.5111178/-49.2939169"}}, {"type": "Feature", "geometry": {"type": "Point", "coordinates": [-49.3645105, -25.4616108]}, "properties": {"id": 785474301, "feat_type": "way", "quality_categories": "missing_tags, older_than_five_years", "issue_ids": "[384, 6]", "osm_url": "https://www.openstreetmap.org/way/785474301", "josm_url": "http://127.0.0.1:8111/load_object?new_layer=false&objects=w785474301", "id_url": "https://www.openstreetmap.org/edit?editor=id&way=785474301#map=20/-25.4616108/-49.3645105"}}, {"type": "Feature", "geometry": {"type": "Point", "coordinates": [-49.3646103, -25.4619949]}, "properties": {"id": 785474303, "feat_type": "way", "quality_categories": "missing_tags, older_than_five_years", "issue_ids": "[384, 6]", "osm_url": "https://www.openstreetmap.org/way/785474303", "josm_url": "http://127.0.0.1:8111/load_object?new_layer=false&objects=w785474303", "id_url": "https://www.openstreetmap.org/edit?editor=id&way=785474303#map=20/-25.4619949/-49.3646103"}}, {"type": "Feature", "geometry": {"type": "Point", "coordinates": [-49.2760012, -25.5461619]}, "properties": {"id": 786201808, "feat_type": "way", "quality_categories": "missing_tags, older_than_five_years", "issue_ids": "[145, 6]", "osm_url": "https://www.openstreetmap.org/way/786201808", "josm_url": "http://127.0.0.1:8111/load_object?new_layer=false&objects=w786201808", "id_url": "https://www.openstreetmap.org/edit?editor=id&way=786201808#map=20/-25.5461619/-49.2760012"}}, {"type": "Feature", "geometry": {"type": "Point", "coordinates": [-49.2759934, -25.5460892]}, "properties": {"id": 786201809, "feat_type": "way", "quality_categories": "missing_tags, older_than_five_years", "issue_ids": "[145, 6]", "osm_url": "https://www.openstreetmap.org/way/786201809", "josm_url": "http://127.0.0.1:8111/load_object?new_layer=false&objects=w786201809", "id_url": "https://www.openstreetmap.org/edit?editor=id&way=786201809#map=20/-25.5460892/-49.2759934"}}, {"type": "Feature", "geometry": {"type": "Point", "coordinates": [-49.3049555, -25.3896311]}, "properties": {"id": 786532291, "feat_type": "way", "quality_categories": "older_than_five_years", "issue_ids": "[385]", "osm_url": "https://www.openstreetmap.org/way/786532291", "josm_url": "http://127.0.0.1:8111/load_object?new_layer=false&objects=w786532291", "id_url": "https://www.openstreetmap.org/edit?editor=id&way=786532291#map=20/-25.3896311/-49.3049555"}}, {"type": "Feature", "geometry": {"type": "Point", "coordinates": [-49.32929568570603, -25.47872145]}, "properties": {"id": 791809110, "feat_type": "way", "quality_categories": "older_than_five_years", "issue_ids": "[228]", "osm_url": "https://www.openstreetmap.org/way/791809110", "josm_url": "http://127.0.0.1:8111/load_object?new_layer=false&objects=w791809110", "id_url": "https://www.openstreetmap.org/edit?editor=id&way=791809110#map=20/-25.47872145/-49.32929568570603"}}, {"type": "Feature", "geometry": {"type": "Point", "coordinates": [-49.3585228, -25.4421445]}, "properties": {"id": 795085315, "feat_type": "way", "quality_categories": "older_than_five_years", "issue_ids": "[386]", "osm_url": "https://www.openstreetmap.org/way/795085315", "josm_url": "http://127.0.0.1:8111/load_object?new_layer=false&objects=w795085315", "id_url": "https://www.openstreetmap.org/edit?editor=id&way=795085315#map=20/-25.4421445/-49.3585228"}}, {"type": "Feature", "geometry": {"type": "Point", "coordinates": [-49.2683918, -25.4396264]}, "properties": {"id": 800156226, "feat_type": "way", "quality_categories": "missing_tags, older_than_five_years", "issue_ids": "[244, 6]", "osm_url": "https://www.openstreetmap.org/way/800156226", "josm_url": "http://127.0.0.1:8111/load_object?new_layer=false&objects=w800156226", "id_url": "https://www.openstreetmap.org/edit?editor=id&way=800156226#map=20/-25.4396264/-49.2683918"}}, {"type": "Feature", "geometry": {"type": "Point", "coordinates": [-49.200789, -25.4440315]}, "properties": {"id": 806049263, "feat_type": "way", "quality_categories": "missing_tags, older_than_five_years", "issue_ids": "[387, 6]", "osm_url": "https://www.openstreetmap.org/way/806049263", "josm_url": "http://127.0.0.1:8111/load_object?new_layer=false&objects=w806049263", "id_url": "https://www.openstreetmap.org/edit?editor=id&way=806049263#map=20/-25.4440315/-49.200789"}}, {"type": "Feature", "geometry": {"type": "Point", "coordinates": [-49.2531218, -25.4070093]}, "properties": {"id": 807380619, "feat_type": "way", "quality_categories": "missing_tags, older_than_five_years", "issue_ids": "[195, 6]", "osm_url": "https://www.openstreetmap.org/way/807380619", "josm_url": "http://127.0.0.1:8111/load_object?new_layer=false&objects=w807380619", "id_url": "https://www.openstreetmap.org/edit?editor=id&way=807380619#map=20/-25.4070093/-49.2531218"}}, {"type": "Feature", "geometry": {"type": "Point", "coordinates": [-49.2682576, -25.4395754]}, "properties": {"id": 807385721, "feat_type": "way", "quality_categories": "missing_tags, older_than_five_years", "issue_ids": "[388, 6]", "osm_url": "https://www.openstreetmap.org/way/807385721", "josm_url": "http://127.0.0.1:8111/load_object?new_layer=false&objects=w807385721", "id_url": "https://www.openstreetmap.org/edit?editor=id&way=807385721#map=20/-25.4395754/-49.2682576"}}, {"type": "Feature", "geometry": {"type": "Point", "coordinates": [-49.2684665, -25.4391313]}, "properties": {"id": 807385722, "feat_type": "way", "quality_categories": "missing_tags, older_than_five_years", "issue_ids": "[244, 6]", "osm_url": "https://www.openstreetmap.org/way/807385722", "josm_url": "http://127.0.0.1:8111/load_object?new_layer=false&objects=w807385722", "id_url": "https://www.openstreetmap.org/edit?editor=id&way=807385722#map=20/-25.4391313/-49.2684665"}}, {"type": "Feature", "geometry": {"type": "Point", "coordinates": [-49.2688523, -25.4397269]}, "properties": {"id": 807385724, "feat_type": "way", "quality_categories": "missing_tags, older_than_five_years", "issue_ids": "[244, 6]", "osm_url": "https://www.openstreetmap.org/way/807385724", "josm_url": "http://127.0.0.1:8111/load_object?new_layer=false&objects=w807385724", "id_url": "https://www.openstreetmap.org/edit?editor=id&way=807385724#map=20/-25.4397269/-49.2688523"}}, {"type": "Feature", "geometry": {"type": "Point", "coordinates": [-49.2691992, -25.4389865]}, "properties": {"id": 808971551, "feat_type": "way", "quality_categories": "missing_tags, older_than_five_years", "issue_ids": "[389, 6]", "osm_url": "https://www.openstreetmap.org/way/808971551", "josm_url": "http://127.0.0.1:8111/load_object?new_layer=false&objects=w808971551", "id_url": "https://www.openstreetmap.org/edit?editor=id&way=808971551#map=20/-25.4389865/-49.2691992"}}, {"type": "Feature", "geometry": {"type": "Point", "coordinates": [-49.2684226, -25.439129]}, "properties": {"id": 808971552, "feat_type": "way", "quality_categories": "missing_tags, older_than_five_years", "issue_ids": "[389, 6]", "osm_url": "https://www.openstreetmap.org/way/808971552", "josm_url": "http://127.0.0.1:8111/load_object?new_layer=false&objects=w808971552", "id_url": "https://www.openstreetmap.org/edit?editor=id&way=808971552#map=20/-25.439129/-49.2684226"}}, {"type": "Feature", "geometry": {"type": "Point", "coordinates": [-49.2686966, -25.4389751]}, "properties": {"id": 810370861, "feat_type": "way", "quality_categories": "missing_tags, older_than_five_years", "issue_ids": "[244, 6]", "osm_url": "https://www.openstreetmap.org/way/810370861", "josm_url": "http://127.0.0.1:8111/load_object?new_layer=false&objects=w810370861", "id_url": "https://www.openstreetmap.org/edit?editor=id&way=810370861#map=20/-25.4389751/-49.2686966"}}, {"type": "Feature", "geometry": {"type": "Point", "coordinates": [-49.2684368, -25.4395352]}, "properties": {"id": 810370862, "feat_type": "way", "quality_categories": "missing_tags, older_than_five_years", "issue_ids": "[244, 6]", "osm_url": "https://www.openstreetmap.org/way/810370862", "josm_url": "http://127.0.0.1:8111/load_object?new_layer=false&objects=w810370862", "id_url": "https://www.openstreetmap.org/edit?editor=id&way=810370862#map=20/-25.4395352/-49.2684368"}}, {"type": "Feature", "geometry": {"type": "Point", "coordinates": [-49.3431775, -25.4275664]}, "properties": {"id": 813953171, "feat_type": "way", "quality_categories": "older_than_five_years", "issue_ids": "[390]", "osm_url": "https://www.openstreetmap.org/way/813953171", "josm_url": "http://127.0.0.1:8111/load_object?new_layer=false&objects=w813953171", "id_url": "https://www.openstreetmap.org/edit?editor=id&way=813953171#map=20/-25.4275664/-49.3431775"}}, {"type": "Feature", "geometry": {"type": "Point", "coordinates": [-49.3331074, -25.5926633]}, "properties": {"id": 818140482, "feat_type": "way", "quality_categories": "missing_tags, older_than_five_years", "issue_ids": "[391, 6]", "osm_url": "https://www.openstreetmap.org/way/818140482", "josm_url": "http://127.0.0.1:8111/load_object?new_layer=false&objects=w818140482", "id_url": "https://www.openstreetmap.org/edit?editor=id&way=818140482#map=20/-25.5926633/-49.3331074"}}, {"type": "Feature", "geometry": {"type": "Point", "coordinates": [-49.3332183, -25.5930526]}, "properties": {"id": 818140483, "feat_type": "way", "quality_categories": "missing_tags, older_than_five_years", "issue_ids": "[391, 6]", "osm_url": "https://www.openstreetmap.org/way/818140483", "josm_url": "http://127.0.0.1:8111/load_object?new_layer=false&objects=w818140483", "id_url": "https://www.openstreetmap.org/edit?editor=id&way=818140483#map=20/-25.5930526/-49.3332183"}}, {"type": "Feature", "geometry": {"type": "Point", "coordinates": [-49.3339424, -25.5930858]}, "properties": {"id": 818140484, "feat_type": "way", "quality_categories": "missing_tags, older_than_five_years", "issue_ids": "[391, 6]", "osm_url": "https://www.openstreetmap.org/way/818140484", "josm_url": "http://127.0.0.1:8111/load_object?new_layer=false&objects=w818140484", "id_url": "https://www.openstreetmap.org/edit?editor=id&way=818140484#map=20/-25.5930858/-49.3339424"}}, {"type": "Feature", "geometry": {"type": "Point", "coordinates": [-49.3340733, -25.593152]}, "properties": {"id": 818140485, "feat_type": "way", "quality_categories": "missing_tags, older_than_five_years", "issue_ids": "[391, 6]", "osm_url": "https://www.openstreetmap.org/way/818140485", "josm_url": "http://127.0.0.1:8111/load_object?new_layer=false&objects=w818140485", "id_url": "https://www.openstreetmap.org/edit?editor=id&way=818140485#map=20/-25.593152/-49.3340733"}}, {"type": "Feature", "geometry": {"type": "Point", "coordinates": [-49.3378343, -25.5931777]}, "properties": {"id": 818140488, "feat_type": "way", "quality_categories": "missing_tags, older_than_five_years", "issue_ids": "[391, 6]", "osm_url": "https://www.openstreetmap.org/way/818140488", "josm_url": "http://127.0.0.1:8111/load_object?new_layer=false&objects=w818140488", "id_url": "https://www.openstreetmap.org/edit?editor=id&way=818140488#map=20/-25.5931777/-49.3378343"}}, {"type": "Feature", "geometry": {"type": "Point", "coordinates": [-49.336197, -25.5936946]}, "properties": {"id": 818140490, "feat_type": "way", "quality_categories": "missing_tags, older_than_five_years", "issue_ids": "[391, 6]", "osm_url": "https://www.openstreetmap.org/way/818140490", "josm_url": "http://127.0.0.1:8111/load_object?new_layer=false&objects=w818140490", "id_url": "https://www.openstreetmap.org/edit?editor=id&way=818140490#map=20/-25.5936946/-49.336197"}}, {"type": "Feature", "geometry": {"type": "Point", "coordinates": [-49.3309891, -25.5947523]}, "properties": {"id": 818140501, "feat_type": "way", "quality_categories": "missing_tags, older_than_five_years", "issue_ids": "[391, 6]", "osm_url": "https://www.openstreetmap.org/way/818140501", "josm_url": "http://127.0.0.1:8111/load_object?new_layer=false&objects=w818140501", "id_url": "https://www.openstreetmap.org/edit?editor=id&way=818140501#map=20/-25.5947523/-49.3309891"}}, {"type": "Feature", "geometry": {"type": "Point", "coordinates": [-49.3343974, -25.5951325]}, "properties": {"id": 818140503, "feat_type": "way", "quality_categories": "missing_tags, older_than_five_years", "issue_ids": "[391, 6]", "osm_url": "https://www.openstreetmap.org/way/818140503", "josm_url": "http://127.0.0.1:8111/load_object?new_layer=false&objects=w818140503", "id_url": "https://www.openstreetmap.org/edit?editor=id&way=818140503#map=20/-25.5951325/-49.3343974"}}, {"type": "Feature", "geometry": {"type": "Point", "coordinates": [-49.3334432, -25.5952464]}, "properties": {"id": 818140504, "feat_type": "way", "quality_categories": "missing_tags, older_than_five_years", "issue_ids": "[391, 6]", "osm_url": "https://www.openstreetmap.org/way/818140504", "josm_url": "http://127.0.0.1:8111/load_object?new_layer=false&objects=w818140504", "id_url": "https://www.openstreetmap.org/edit?editor=id&way=818140504#map=20/-25.5952464/-49.3334432"}}, {"type": "Feature", "geometry": {"type": "Point", "coordinates": [-49.3338943, -25.5951365]}, "properties": {"id": 818140505, "feat_type": "way", "quality_categories": "missing_tags, older_than_five_years", "issue_ids": "[391, 6]", "osm_url": "https://www.openstreetmap.org/way/818140505", "josm_url": "http://127.0.0.1:8111/load_object?new_layer=false&objects=w818140505", "id_url": "https://www.openstreetmap.org/edit?editor=id&way=818140505#map=20/-25.5951365/-49.3338943"}}, {"type": "Feature", "geometry": {"type": "Point", "coordinates": [-49.3339659, -25.5953541]}, "properties": {"id": 818140506, "feat_type": "way", "quality_categories": "missing_tags, older_than_five_years", "issue_ids": "[391, 6]", "osm_url": "https://www.openstreetmap.org/way/818140506", "josm_url": "http://127.0.0.1:8111/load_object?new_layer=false&objects=w818140506", "id_url": "https://www.openstreetmap.org/edit?editor=id&way=818140506#map=20/-25.5953541/-49.3339659"}}, {"type": "Feature", "geometry": {"type": "Point", "coordinates": [-49.3352697, -25.5955652]}, "properties": {"id": 818140507, "feat_type": "way", "quality_categories": "missing_tags, older_than_five_years", "issue_ids": "[391, 6]", "osm_url": "https://www.openstreetmap.org/way/818140507", "josm_url": "http://127.0.0.1:8111/load_object?new_layer=false&objects=w818140507", "id_url": "https://www.openstreetmap.org/edit?editor=id&way=818140507#map=20/-25.5955652/-49.3352697"}}, {"type": "Feature", "geometry": {"type": "Point", "coordinates": [-49.3077591, -25.5690435]}, "properties": {"id": 827357001, "feat_type": "way", "quality_categories": "older_than_five_years", "issue_ids": "[207]", "osm_url": "https://www.openstreetmap.org/way/827357001", "josm_url": "http://127.0.0.1:8111/load_object?new_layer=false&objects=w827357001", "id_url": "https://www.openstreetmap.org/edit?editor=id&way=827357001#map=20/-25.5690435/-49.3077591"}}, {"type": "Feature", "geometry": {"type": "Point", "coordinates": [-49.3266516, -25.4724115]}, "properties": {"id": 828831335, "feat_type": "way", "quality_categories": "older_than_five_years", "issue_ids": "[217]", "osm_url": "https://www.openstreetmap.org/way/828831335", "josm_url": "http://127.0.0.1:8111/load_object?new_layer=false&objects=w828831335", "id_url": "https://www.openstreetmap.org/edit?editor=id&way=828831335#map=20/-25.4724115/-49.3266516"}}, {"type": "Feature", "geometry": {"type": "Point", "coordinates": [-49.2843175, -25.554901]}, "properties": {"id": 829023719, "feat_type": "way", "quality_categories": "missing_tags, older_than_five_years", "issue_ids": "[207, 6]", "osm_url": "https://www.openstreetmap.org/way/829023719", "josm_url": "http://127.0.0.1:8111/load_object?new_layer=false&objects=w829023719", "id_url": "https://www.openstreetmap.org/edit?editor=id&way=829023719#map=20/-25.554901/-49.2843175"}}, {"type": "Feature", "geometry": {"type": "Point", "coordinates": [-49.2839743, -25.5547893]}, "properties": {"id": 829023720, "feat_type": "way", "quality_categories": "missing_tags, older_than_five_years", "issue_ids": "[207, 6]", "osm_url": "https://www.openstreetmap.org/way/829023720", "josm_url": "http://127.0.0.1:8111/load_object?new_layer=false&objects=w829023720", "id_url": "https://www.openstreetmap.org/edit?editor=id&way=829023720#map=20/-25.5547893/-49.2839743"}}, {"type": "Feature", "geometry": {"type": "Point", "coordinates": [-49.33011, -25.575444]}, "properties": {"id": 829024124, "feat_type": "way", "quality_categories": "missing_tags, older_than_five_years", "issue_ids": "[392, 6]", "osm_url": "https://www.openstreetmap.org/way/829024124", "josm_url": "http://127.0.0.1:8111/load_object?new_layer=false&objects=w829024124", "id_url": "https://www.openstreetmap.org/edit?editor=id&way=829024124#map=20/-25.575444/-49.33011"}}, {"type": "Feature", "geometry": {"type": "Point", "coordinates": [-49.264069, -25.4369572]}, "properties": {"id": 832356127, "feat_type": "way", "quality_categories": "older_than_five_years", "issue_ids": "[227]", "osm_url": "https://www.openstreetmap.org/way/832356127", "josm_url": "http://127.0.0.1:8111/load_object?new_layer=false&objects=w832356127", "id_url": "https://www.openstreetmap.org/edit?editor=id&way=832356127#map=20/-25.4369572/-49.264069"}}, {"type": "Feature", "geometry": {"type": "Point", "coordinates": [-49.2140177, -25.4476713]}, "properties": {"id": 832926831, "feat_type": "way", "quality_categories": "missing_tags, older_than_five_years", "issue_ids": "[387, 6]", "osm_url": "https://www.openstreetmap.org/way/832926831", "josm_url": "http://127.0.0.1:8111/load_object?new_layer=false&objects=w832926831", "id_url": "https://www.openstreetmap.org/edit?editor=id&way=832926831#map=20/-25.4476713/-49.2140177"}}, {"type": "Feature", "geometry": {"type": "Point", "coordinates": [-49.2561594, -25.4826124]}, "properties": {"id": 833362351, "feat_type": "way", "quality_categories": "missing_tags, older_than_five_years", "issue_ids": "[110, 6]", "osm_url": "https://www.openstreetmap.org/way/833362351", "josm_url": "http://127.0.0.1:8111/load_object?new_layer=false&objects=w833362351", "id_url": "https://www.openstreetmap.org/edit?editor=id&way=833362351#map=20/-25.4826124/-49.2561594"}}, {"type": "Feature", "geometry": {"type": "Point", "coordinates": [-49.2561087, -25.4822506]}, "properties": {"id": 833362352, "feat_type": "way", "quality_categories": "missing_tags, older_than_five_years", "issue_ids": "[393, 6]", "osm_url": "https://www.openstreetmap.org/way/833362352", "josm_url": "http://127.0.0.1:8111/load_object?new_layer=false&objects=w833362352", "id_url": "https://www.openstreetmap.org/edit?editor=id&way=833362352#map=20/-25.4822506/-49.2561087"}}, {"type": "Feature", "geometry": {"type": "Point", "coordinates": [-49.2560406, -25.4824035]}, "properties": {"id": 833362353, "feat_type": "way", "quality_categories": "missing_tags, older_than_five_years", "issue_ids": "[393, 6]", "osm_url": "https://www.openstreetmap.org/way/833362353", "josm_url": "http://127.0.0.1:8111/load_object?new_layer=false&objects=w833362353", "id_url": "https://www.openstreetmap.org/edit?editor=id&way=833362353#map=20/-25.4824035/-49.2560406"}}, {"type": "Feature", "geometry": {"type": "Point", "coordinates": [-49.2560406, -25.4824035]}, "properties": {"id": 833362354, "feat_type": "way", "quality_categories": "missing_tags, older_than_five_years", "issue_ids": "[393, 6]", "osm_url": "https://www.openstreetmap.org/way/833362354", "josm_url": "http://127.0.0.1:8111/load_object?new_layer=false&objects=w833362354", "id_url": "https://www.openstreetmap.org/edit?editor=id&way=833362354#map=20/-25.4824035/-49.2560406"}}, {"type": "Feature", "geometry": {"type": "Point", "coordinates": [-49.2558058, -25.482316]}, "properties": {"id": 833362355, "feat_type": "way", "quality_categories": "missing_tags, older_than_five_years", "issue_ids": "[110, 6]", "osm_url": "https://www.openstreetmap.org/way/833362355", "josm_url": "http://127.0.0.1:8111/load_object?new_layer=false&objects=w833362355", "id_url": "https://www.openstreetmap.org/edit?editor=id&way=833362355#map=20/-25.482316/-49.2558058"}}, {"type": "Feature", "geometry": {"type": "Point", "coordinates": [-49.2558859, -25.4823444]}, "properties": {"id": 833362356, "feat_type": "way", "quality_categories": "missing_tags, older_than_five_years", "issue_ids": "[393, 6]", "osm_url": "https://www.openstreetmap.org/way/833362356", "josm_url": "http://127.0.0.1:8111/load_object?new_layer=false&objects=w833362356", "id_url": "https://www.openstreetmap.org/edit?editor=id&way=833362356#map=20/-25.4823444/-49.2558859"}}, {"type": "Feature", "geometry": {"type": "Point", "coordinates": [-49.2561594, -25.4826124]}, "properties": {"id": 833362357, "feat_type": "way", "quality_categories": "missing_tags, older_than_five_years", "issue_ids": "[393, 6]", "osm_url": "https://www.openstreetmap.org/way/833362357", "josm_url": "http://127.0.0.1:8111/load_object?new_layer=false&objects=w833362357", "id_url": "https://www.openstreetmap.org/edit?editor=id&way=833362357#map=20/-25.4826124/-49.2561594"}}, {"type": "Feature", "geometry": {"type": "Point", "coordinates": [-49.2562982, -25.4371595]}, "properties": {"id": 833685300, "feat_type": "way", "quality_categories": "missing_tags, older_than_five_years", "issue_ids": "[355, 6]", "osm_url": "https://www.openstreetmap.org/way/833685300", "josm_url": "http://127.0.0.1:8111/load_object?new_layer=false&objects=w833685300", "id_url": "https://www.openstreetmap.org/edit?editor=id&way=833685300#map=20/-25.4371595/-49.2562982"}}, {"type": "Feature", "geometry": {"type": "Point", "coordinates": [-49.2565178, -25.437353]}, "properties": {"id": 833685301, "feat_type": "way", "quality_categories": "missing_tags, older_than_five_years", "issue_ids": "[355, 6]", "osm_url": "https://www.openstreetmap.org/way/833685301", "josm_url": "http://127.0.0.1:8111/load_object?new_layer=false&objects=w833685301", "id_url": "https://www.openstreetmap.org/edit?editor=id&way=833685301#map=20/-25.437353/-49.2565178"}}, {"type": "Feature", "geometry": {"type": "Point", "coordinates": [-49.2651217, -25.4373681]}, "properties": {"id": 833897457, "feat_type": "way", "quality_categories": "missing_tags, older_than_five_years", "issue_ids": "[394, 6]", "osm_url": "https://www.openstreetmap.org/way/833897457", "josm_url": "http://127.0.0.1:8111/load_object?new_layer=false&objects=w833897457", "id_url": "https://www.openstreetmap.org/edit?editor=id&way=833897457#map=20/-25.4373681/-49.2651217"}}, {"type": "Feature", "geometry": {"type": "Point", "coordinates": [-49.2675066, -25.438107]}, "properties": {"id": 833897474, "feat_type": "way", "quality_categories": "missing_tags, older_than_five_years", "issue_ids": "[394, 6]", "osm_url": "https://www.openstreetmap.org/way/833897474", "josm_url": "http://127.0.0.1:8111/load_object?new_layer=false&objects=w833897474", "id_url": "https://www.openstreetmap.org/edit?editor=id&way=833897474#map=20/-25.438107/-49.2675066"}}, {"type": "Feature", "geometry": {"type": "Point", "coordinates": [-49.2657758, -25.4376686]}, "properties": {"id": 833897476, "feat_type": "way", "quality_categories": "missing_tags, older_than_five_years", "issue_ids": "[394, 6]", "osm_url": "https://www.openstreetmap.org/way/833897476", "josm_url": "http://127.0.0.1:8111/load_object?new_layer=false&objects=w833897476", "id_url": "https://www.openstreetmap.org/edit?editor=id&way=833897476#map=20/-25.4376686/-49.2657758"}}, {"type": "Feature", "geometry": {"type": "Point", "coordinates": [-49.3592455, -25.4480466]}, "properties": {"id": 835018736, "feat_type": "way", "quality_categories": "missing_tags, older_than_five_years", "issue_ids": "[84, 6]", "osm_url": "https://www.openstreetmap.org/way/835018736", "josm_url": "http://127.0.0.1:8111/load_object?new_layer=false&objects=w835018736", "id_url": "https://www.openstreetmap.org/edit?editor=id&way=835018736#map=20/-25.4480466/-49.3592455"}}, {"type": "Feature", "geometry": {"type": "Point", "coordinates": [-49.3592399, -25.4483488]}, "properties": {"id": 835018739, "feat_type": "way", "quality_categories": "missing_tags, older_than_five_years", "issue_ids": "[84, 6]", "osm_url": "https://www.openstreetmap.org/way/835018739", "josm_url": "http://127.0.0.1:8111/load_object?new_layer=false&objects=w835018739", "id_url": "https://www.openstreetmap.org/edit?editor=id&way=835018739#map=20/-25.4483488/-49.3592399"}}, {"type": "Feature", "geometry": {"type": "Point", "coordinates": [-49.3592494, -25.4478085]}, "properties": {"id": 835018740, "feat_type": "way", "quality_categories": "missing_tags, older_than_five_years", "issue_ids": "[84, 6]", "osm_url": "https://www.openstreetmap.org/way/835018740", "josm_url": "http://127.0.0.1:8111/load_object?new_layer=false&objects=w835018740", "id_url": "https://www.openstreetmap.org/edit?editor=id&way=835018740#map=20/-25.4478085/-49.3592494"}}, {"type": "Feature", "geometry": {"type": "Point", "coordinates": [-49.3598621, -25.4474133]}, "properties": {"id": 835018741, "feat_type": "way", "quality_categories": "missing_tags, older_than_five_years", "issue_ids": "[84, 6]", "osm_url": "https://www.openstreetmap.org/way/835018741", "josm_url": "http://127.0.0.1:8111/load_object?new_layer=false&objects=w835018741", "id_url": "https://www.openstreetmap.org/edit?editor=id&way=835018741#map=20/-25.4474133/-49.3598621"}}, {"type": "Feature", "geometry": {"type": "Point", "coordinates": [-49.3592481, -25.4476718]}, "properties": {"id": 835018742, "feat_type": "way", "quality_categories": "missing_tags, older_than_five_years", "issue_ids": "[84, 6]", "osm_url": "https://www.openstreetmap.org/way/835018742", "josm_url": "http://127.0.0.1:8111/load_object?new_layer=false&objects=w835018742", "id_url": "https://www.openstreetmap.org/edit?editor=id&way=835018742#map=20/-25.4476718/-49.3592481"}}, {"type": "Feature", "geometry": {"type": "Point", "coordinates": [-49.359248, -25.4474031]}, "properties": {"id": 835018744, "feat_type": "way", "quality_categories": "missing_tags, older_than_five_years", "issue_ids": "[84, 6]", "osm_url": "https://www.openstreetmap.org/way/835018744", "josm_url": "http://127.0.0.1:8111/load_object?new_layer=false&objects=w835018744", "id_url": "https://www.openstreetmap.org/edit?editor=id&way=835018744#map=20/-25.4474031/-49.359248"}}, {"type": "Feature", "geometry": {"type": "Point", "coordinates": [-49.3594009, -25.4463522]}, "properties": {"id": 835018745, "feat_type": "way", "quality_categories": "missing_tags, older_than_five_years", "issue_ids": "[84, 6]", "osm_url": "https://www.openstreetmap.org/way/835018745", "josm_url": "http://127.0.0.1:8111/load_object?new_layer=false&objects=w835018745", "id_url": "https://www.openstreetmap.org/edit?editor=id&way=835018745#map=20/-25.4463522/-49.3594009"}}, {"type": "Feature", "geometry": {"type": "Point", "coordinates": [-49.359254, -25.4466396]}, "properties": {"id": 835018746, "feat_type": "way", "quality_categories": "missing_tags, older_than_five_years", "issue_ids": "[84, 6]", "osm_url": "https://www.openstreetmap.org/way/835018746", "josm_url": "http://127.0.0.1:8111/load_object?new_layer=false&objects=w835018746", "id_url": "https://www.openstreetmap.org/edit?editor=id&way=835018746#map=20/-25.4466396/-49.359254"}}, {"type": "Feature", "geometry": {"type": "Point", "coordinates": [-49.359885, -25.4463579]}, "properties": {"id": 835018747, "feat_type": "way", "quality_categories": "missing_tags, older_than_five_years", "issue_ids": "[84, 6]", "osm_url": "https://www.openstreetmap.org/way/835018747", "josm_url": "http://127.0.0.1:8111/load_object?new_layer=false&objects=w835018747", "id_url": "https://www.openstreetmap.org/edit?editor=id&way=835018747#map=20/-25.4463579/-49.359885"}}, {"type": "Feature", "geometry": {"type": "Point", "coordinates": [-49.3593957, -25.4459342]}, "properties": {"id": 835018748, "feat_type": "way", "quality_categories": "missing_tags, older_than_five_years", "issue_ids": "[84, 6]", "osm_url": "https://www.openstreetmap.org/way/835018748", "josm_url": "http://127.0.0.1:8111/load_object?new_layer=false&objects=w835018748", "id_url": "https://www.openstreetmap.org/edit?editor=id&way=835018748#map=20/-25.4459342/-49.3593957"}}, {"type": "Feature", "geometry": {"type": "Point", "coordinates": [-49.3593983, -25.4458702]}, "properties": {"id": 835018750, "feat_type": "way", "quality_categories": "missing_tags, older_than_five_years", "issue_ids": "[84, 6]", "osm_url": "https://www.openstreetmap.org/way/835018750", "josm_url": "http://127.0.0.1:8111/load_object?new_layer=false&objects=w835018750", "id_url": "https://www.openstreetmap.org/edit?editor=id&way=835018750#map=20/-25.4458702/-49.3593983"}}, {"type": "Feature", "geometry": {"type": "Point", "coordinates": [-49.3596519, -25.4458735]}, "properties": {"id": 835018751, "feat_type": "way", "quality_categories": "missing_tags, older_than_five_years", "issue_ids": "[84, 6]", "osm_url": "https://www.openstreetmap.org/way/835018751", "josm_url": "http://127.0.0.1:8111/load_object?new_layer=false&objects=w835018751", "id_url": "https://www.openstreetmap.org/edit?editor=id&way=835018751#map=20/-25.4458735/-49.3596519"}}, {"type": "Feature", "geometry": {"type": "Point", "coordinates": [-49.3090684, -25.5239058]}, "properties": {"id": 838857568, "feat_type": "way", "quality_categories": "missing_tags, older_than_five_years", "issue_ids": "[395, 6]", "osm_url": "https://www.openstreetmap.org/way/838857568", "josm_url": "http://127.0.0.1:8111/load_object?new_layer=false&objects=w838857568", "id_url": "https://www.openstreetmap.org/edit?editor=id&way=838857568#map=20/-25.5239058/-49.3090684"}}, {"type": "Feature", "geometry": {"type": "Point", "coordinates": [-49.3100739, -25.5218401]}, "properties": {"id": 838857569, "feat_type": "way", "quality_categories": "missing_tags, older_than_five_years", "issue_ids": "[395, 6]", "osm_url": "https://www.openstreetmap.org/way/838857569", "josm_url": "http://127.0.0.1:8111/load_object?new_layer=false&objects=w838857569", "id_url": "https://www.openstreetmap.org/edit?editor=id&way=838857569#map=20/-25.5218401/-49.3100739"}}, {"type": "Feature", "geometry": {"type": "Point", "coordinates": [-49.3060398, -25.5296532]}, "properties": {"id": 838857574, "feat_type": "way", "quality_categories": "missing_tags, older_than_five_years", "issue_ids": "[395, 6]", "osm_url": "https://www.openstreetmap.org/way/838857574", "josm_url": "http://127.0.0.1:8111/load_object?new_layer=false&objects=w838857574", "id_url": "https://www.openstreetmap.org/edit?editor=id&way=838857574#map=20/-25.5296532/-49.3060398"}}, {"type": "Feature", "geometry": {"type": "Point", "coordinates": [-49.3060881, -25.5289416]}, "properties": {"id": 838857575, "feat_type": "way", "quality_categories": "missing_tags, older_than_five_years", "issue_ids": "[395, 6]", "osm_url": "https://www.openstreetmap.org/way/838857575", "josm_url": "http://127.0.0.1:8111/load_object?new_layer=false&objects=w838857575", "id_url": "https://www.openstreetmap.org/edit?editor=id&way=838857575#map=20/-25.5289416/-49.3060881"}}, {"type": "Feature", "geometry": {"type": "Point", "coordinates": [-49.3095696, -25.5205911]}, "properties": {"id": 838857578, "feat_type": "way", "quality_categories": "missing_tags, older_than_five_years", "issue_ids": "[395, 6]", "osm_url": "https://www.openstreetmap.org/way/838857578", "josm_url": "http://127.0.0.1:8111/load_object?new_layer=false&objects=w838857578", "id_url": "https://www.openstreetmap.org/edit?editor=id&way=838857578#map=20/-25.5205911/-49.3095696"}}, {"type": "Feature", "geometry": {"type": "Point", "coordinates": [-49.2541784, -25.5331996]}, "properties": {"id": 885324594, "feat_type": "way", "quality_categories": "older_than_five_years", "issue_ids": "[328]", "osm_url": "https://www.openstreetmap.org/way/885324594", "josm_url": "http://127.0.0.1:8111/load_object?new_layer=false&objects=w885324594", "id_url": "https://www.openstreetmap.org/edit?editor=id&way=885324594#map=20/-25.5331996/-49.2541784"}}, {"type": "Feature", "geometry": {"type": "Point", "coordinates": [-49.3172996, -25.4361063]}, "properties": {"id": 886184894, "feat_type": "way", "quality_categories": "missing_tags, older_than_five_years", "issue_ids": "[396, 6]", "osm_url": "https://www.openstreetmap.org/way/886184894", "josm_url": "http://127.0.0.1:8111/load_object?new_layer=false&objects=w886184894", "id_url": "https://www.openstreetmap.org/edit?editor=id&way=886184894#map=20/-25.4361063/-49.3172996"}}, {"type": "Feature", "geometry": {"type": "Point", "coordinates": [-49.3163312, -25.4361342]}, "properties": {"id": 886184896, "feat_type": "way", "quality_categories": "missing_tags, older_than_five_years", "issue_ids": "[396, 6]", "osm_url": "https://www.openstreetmap.org/way/886184896", "josm_url": "http://127.0.0.1:8111/load_object?new_layer=false&objects=w886184896", "id_url": "https://www.openstreetmap.org/edit?editor=id&way=886184896#map=20/-25.4361342/-49.3163312"}}, {"type": "Feature", "geometry": {"type": "Point", "coordinates": [-49.3163382, -25.4361019]}, "properties": {"id": 886184897, "feat_type": "way", "quality_categories": "missing_tags, older_than_five_years", "issue_ids": "[396, 6]", "osm_url": "https://www.openstreetmap.org/way/886184897", "josm_url": "http://127.0.0.1:8111/load_object?new_layer=false&objects=w886184897", "id_url": "https://www.openstreetmap.org/edit?editor=id&way=886184897#map=20/-25.4361019/-49.3163382"}}, {"type": "Feature", "geometry": {"type": "Point", "coordinates": [-49.31636, -25.4361297]}, "properties": {"id": 886184898, "feat_type": "way", "quality_categories": "missing_tags, older_than_five_years", "issue_ids": "[396, 6]", "osm_url": "https://www.openstreetmap.org/way/886184898", "josm_url": "http://127.0.0.1:8111/load_object?new_layer=false&objects=w886184898", "id_url": "https://www.openstreetmap.org/edit?editor=id&way=886184898#map=20/-25.4361297/-49.31636"}}, {"type": "Feature", "geometry": {"type": "Point", "coordinates": [-49.3166265, -25.4327394]}, "properties": {"id": 886184899, "feat_type": "way", "quality_categories": "missing_tags, older_than_five_years", "issue_ids": "[396, 6]", "osm_url": "https://www.openstreetmap.org/way/886184899", "josm_url": "http://127.0.0.1:8111/load_object?new_layer=false&objects=w886184899", "id_url": "https://www.openstreetmap.org/edit?editor=id&way=886184899#map=20/-25.4327394/-49.3166265"}}, {"type": "Feature", "geometry": {"type": "Point", "coordinates": [-49.3166508, -25.4335295]}, "properties": {"id": 886184900, "feat_type": "way", "quality_categories": "missing_tags, older_than_five_years", "issue_ids": "[396, 6]", "osm_url": "https://www.openstreetmap.org/way/886184900", "josm_url": "http://127.0.0.1:8111/load_object?new_layer=false&objects=w886184900", "id_url": "https://www.openstreetmap.org/edit?editor=id&way=886184900#map=20/-25.4335295/-49.3166508"}}, {"type": "Feature", "geometry": {"type": "Point", "coordinates": [-49.3168205, -25.4334778]}, "properties": {"id": 886184901, "feat_type": "way", "quality_categories": "missing_tags, older_than_five_years", "issue_ids": "[396, 6]", "osm_url": "https://www.openstreetmap.org/way/886184901", "josm_url": "http://127.0.0.1:8111/load_object?new_layer=false&objects=w886184901", "id_url": "https://www.openstreetmap.org/edit?editor=id&way=886184901#map=20/-25.4334778/-49.3168205"}}, {"type": "Feature", "geometry": {"type": "Point", "coordinates": [-49.3176136, -25.4365347]}, "properties": {"id": 886184902, "feat_type": "way", "quality_categories": "missing_tags, older_than_five_years", "issue_ids": "[396, 6]", "osm_url": "https://www.openstreetmap.org/way/886184902", "josm_url": "http://127.0.0.1:8111/load_object?new_layer=false&objects=w886184902", "id_url": "https://www.openstreetmap.org/edit?editor=id&way=886184902#map=20/-25.4365347/-49.3176136"}}, {"type": "Feature", "geometry": {"type": "Point", "coordinates": [-49.2368858, -25.5596941]}, "properties": {"id": 906540630, "feat_type": "way", "quality_categories": "older_than_five_years", "issue_ids": "[397]", "osm_url": "https://www.openstreetmap.org/way/906540630", "josm_url": "http://127.0.0.1:8111/load_object?new_layer=false&objects=w906540630", "id_url": "https://www.openstreetmap.org/edit?editor=id&way=906540630#map=20/-25.5596941/-49.2368858"}}, {"type": "Feature", "geometry": {"type": "Point", "coordinates": [-49.2760252, -25.4395764]}, "properties": {"id": 912617866, "feat_type": "way", "quality_categories": "older_than_five_years", "issue_ids": "[242]", "osm_url": "https://www.openstreetmap.org/way/912617866", "josm_url": "http://127.0.0.1:8111/load_object?new_layer=false&objects=w912617866", "id_url": "https://www.openstreetmap.org/edit?editor=id&way=912617866#map=20/-25.4395764/-49.2760252"}}, {"type": "Feature", "geometry": {"type": "Point", "coordinates": [-49.275943, -25.4394592]}, "properties": {"id": 912617867, "feat_type": "way", "quality_categories": "older_than_five_years", "issue_ids": "[242]", "osm_url": "https://www.openstreetmap.org/way/912617867", "josm_url": "http://127.0.0.1:8111/load_object?new_layer=false&objects=w912617867", "id_url": "https://www.openstreetmap.org/edit?editor=id&way=912617867#map=20/-25.4394592/-49.275943"}}, {"type": "Feature", "geometry": {"type": "Point", "coordinates": [-49.3004947, -25.4743466]}, "properties": {"id": 913039217, "feat_type": "way", "quality_categories": "missing_tags, older_than_five_years", "issue_ids": "[110, 6]", "osm_url": "https://www.openstreetmap.org/way/913039217", "josm_url": "http://127.0.0.1:8111/load_object?new_layer=false&objects=w913039217", "id_url": "https://www.openstreetmap.org/edit?editor=id&way=913039217#map=20/-25.4743466/-49.3004947"}}, {"type": "Feature", "geometry": {"type": "Point", "coordinates": [-49.2129558, -25.4722523]}, "properties": {"id": 913052179, "feat_type": "way", "quality_categories": "missing_tags, older_than_five_years", "issue_ids": "[110, 6]", "osm_url": "https://www.openstreetmap.org/way/913052179", "josm_url": "http://127.0.0.1:8111/load_object?new_layer=false&objects=w913052179", "id_url": "https://www.openstreetmap.org/edit?editor=id&way=913052179#map=20/-25.4722523/-49.2129558"}}, {"type": "Feature", "geometry": {"type": "Point", "coordinates": [-49.270957, -25.5138494]}, "properties": {"id": 914203591, "feat_type": "way", "quality_categories": "missing_tags, older_than_five_years", "issue_ids": "[398, 6]", "osm_url": "https://www.openstreetmap.org/way/914203591", "josm_url": "http://127.0.0.1:8111/load_object?new_layer=false&objects=w914203591", "id_url": "https://www.openstreetmap.org/edit?editor=id&way=914203591#map=20/-25.5138494/-49.270957"}}, {"type": "Feature", "geometry": {"type": "Point", "coordinates": [-49.2587264, -25.5574604]}, "properties": {"id": 914514193, "feat_type": "way", "quality_categories": "missing_tags, older_than_five_years", "issue_ids": "[78, 6]", "osm_url": "https://www.openstreetmap.org/way/914514193", "josm_url": "http://127.0.0.1:8111/load_object?new_layer=false&objects=w914514193", "id_url": "https://www.openstreetmap.org/edit?editor=id&way=914514193#map=20/-25.5574604/-49.2587264"}}, {"type": "Feature", "geometry": {"type": "Point", "coordinates": [-49.3397364, -25.5647991]}, "properties": {"id": 914659111, "feat_type": "way", "quality_categories": "missing_tags, older_than_five_years", "issue_ids": "[78, 6]", "osm_url": "https://www.openstreetmap.org/way/914659111", "josm_url": "http://127.0.0.1:8111/load_object?new_layer=false&objects=w914659111", "id_url": "https://www.openstreetmap.org/edit?editor=id&way=914659111#map=20/-25.5647991/-49.3397364"}}, {"type": "Feature", "geometry": {"type": "Point", "coordinates": [-49.3402561, -25.5648003]}, "properties": {"id": 914659112, "feat_type": "way", "quality_categories": "missing_tags, older_than_five_years", "issue_ids": "[78, 6]", "osm_url": "https://www.openstreetmap.org/way/914659112", "josm_url": "http://127.0.0.1:8111/load_object?new_layer=false&objects=w914659112", "id_url": "https://www.openstreetmap.org/edit?editor=id&way=914659112#map=20/-25.5648003/-49.3402561"}}, {"type": "Feature", "geometry": {"type": "Point", "coordinates": [-49.2437817, -25.4444711]}, "properties": {"id": 914910100, "feat_type": "way", "quality_categories": "missing_tags, older_than_five_years", "issue_ids": "[29, 6]", "osm_url": "https://www.openstreetmap.org/way/914910100", "josm_url": "http://127.0.0.1:8111/load_object?new_layer=false&objects=w914910100", "id_url": "https://www.openstreetmap.org/edit?editor=id&way=914910100#map=20/-25.4444711/-49.2437817"}}, {"type": "Feature", "geometry": {"type": "Point", "coordinates": [-49.3420136, -25.5602409]}, "properties": {"id": 914913132, "feat_type": "way", "quality_categories": "older_than_five_years", "issue_ids": "[29]", "osm_url": "https://www.openstreetmap.org/way/914913132", "josm_url": "http://127.0.0.1:8111/load_object?new_layer=false&objects=w914913132", "id_url": "https://www.openstreetmap.org/edit?editor=id&way=914913132#map=20/-25.5602409/-49.3420136"}}, {"type": "Feature", "geometry": {"type": "Point", "coordinates": [-49.3419844, -25.5602772]}, "properties": {"id": 914913133, "feat_type": "way", "quality_categories": "older_than_five_years", "issue_ids": "[29]", "osm_url": "https://www.openstreetmap.org/way/914913133", "josm_url": "http://127.0.0.1:8111/load_object?new_layer=false&objects=w914913133", "id_url": "https://www.openstreetmap.org/edit?editor=id&way=914913133#map=20/-25.5602772/-49.3419844"}}, {"type": "Feature", "geometry": {"type": "Point", "coordinates": [-49.2281952, -25.4201604]}, "properties": {"id": 914926859, "feat_type": "way", "quality_categories": "older_than_five_years", "issue_ids": "[29]", "osm_url": "https://www.openstreetmap.org/way/914926859", "josm_url": "http://127.0.0.1:8111/load_object?new_layer=false&objects=w914926859", "id_url": "https://www.openstreetmap.org/edit?editor=id&way=914926859#map=20/-25.4201604/-49.2281952"}}, {"type": "Feature", "geometry": {"type": "Point", "coordinates": [-49.3033529, -25.4938473]}, "properties": {"id": 915452012, "feat_type": "way", "quality_categories": "missing_tags, older_than_five_years", "issue_ids": "[166, 6]", "osm_url": "https://www.openstreetmap.org/way/915452012", "josm_url": "http://127.0.0.1:8111/load_object?new_layer=false&objects=w915452012", "id_url": "https://www.openstreetmap.org/edit?editor=id&way=915452012#map=20/-25.4938473/-49.3033529"}}, {"type": "Feature", "geometry": {"type": "Point", "coordinates": [-49.2598809, -25.3983576]}, "properties": {"id": 915453899, "feat_type": "way", "quality_categories": "missing_tags, older_than_five_years", "issue_ids": "[166, 6]", "osm_url": "https://www.openstreetmap.org/way/915453899", "josm_url": "http://127.0.0.1:8111/load_object?new_layer=false&objects=w915453899", "id_url": "https://www.openstreetmap.org/edit?editor=id&way=915453899#map=20/-25.3983576/-49.2598809"}}, {"type": "Feature", "geometry": {"type": "Point", "coordinates": [-49.3077437, -25.4720725]}, "properties": {"id": 917244502, "feat_type": "way", "quality_categories": "missing_tags, older_than_five_years", "issue_ids": "[199, 6]", "osm_url": "https://www.openstreetmap.org/way/917244502", "josm_url": "http://127.0.0.1:8111/load_object?new_layer=false&objects=w917244502", "id_url": "https://www.openstreetmap.org/edit?editor=id&way=917244502#map=20/-25.4720725/-49.3077437"}}, {"type": "Feature", "geometry": {"type": "Point", "coordinates": [-49.3076558, -25.472144]}, "properties": {"id": 917244503, "feat_type": "way", "quality_categories": "missing_tags, older_than_five_years", "issue_ids": "[199, 6]", "osm_url": "https://www.openstreetmap.org/way/917244503", "josm_url": "http://127.0.0.1:8111/load_object?new_layer=false&objects=w917244503", "id_url": "https://www.openstreetmap.org/edit?editor=id&way=917244503#map=20/-25.472144/-49.3076558"}}, {"type": "Feature", "geometry": {"type": "Point", "coordinates": [-49.3010542, -25.4748587]}, "properties": {"id": 917244504, "feat_type": "way", "quality_categories": "missing_tags, older_than_five_years", "issue_ids": "[199, 6]", "osm_url": "https://www.openstreetmap.org/way/917244504", "josm_url": "http://127.0.0.1:8111/load_object?new_layer=false&objects=w917244504", "id_url": "https://www.openstreetmap.org/edit?editor=id&way=917244504#map=20/-25.4748587/-49.3010542"}}, {"type": "Feature", "geometry": {"type": "Point", "coordinates": [-49.3010867, -25.4747667]}, "properties": {"id": 917244505, "feat_type": "way", "quality_categories": "missing_tags, older_than_five_years", "issue_ids": "[199, 6]", "osm_url": "https://www.openstreetmap.org/way/917244505", "josm_url": "http://127.0.0.1:8111/load_object?new_layer=false&objects=w917244505", "id_url": "https://www.openstreetmap.org/edit?editor=id&way=917244505#map=20/-25.4747667/-49.3010867"}}, {"type": "Feature", "geometry": {"type": "Point", "coordinates": [-49.21875, -25.4289315]}, "properties": {"id": 918119219, "feat_type": "way", "quality_categories": "older_than_five_years, wrong_mispelled_or_unlisted_values", "issue_ids": "[125, 126]", "osm_url": "https://www.openstreetmap.org/way/918119219", "josm_url": "http://127.0.0.1:8111/load_object?new_layer=false&objects=w918119219", "id_url": "https://www.openstreetmap.org/edit?editor=id&way=918119219#map=20/-25.4289315/-49.21875"}}, {"type": "Feature", "geometry": {"type": "Point", "coordinates": [-49.3128935, -25.4544593]}, "properties": {"id": 918136040, "feat_type": "way", "quality_categories": "older_than_five_years", "issue_ids": "[126]", "osm_url": "https://www.openstreetmap.org/way/918136040", "josm_url": "http://127.0.0.1:8111/load_object?new_layer=false&objects=w918136040", "id_url": "https://www.openstreetmap.org/edit?editor=id&way=918136040#map=20/-25.4544593/-49.3128935"}}, {"type": "Feature", "geometry": {"type": "Point", "coordinates": [-49.2358509, -25.4939266]}, "properties": {"id": 918690759, "feat_type": "way", "quality_categories": "missing_tags, older_than_five_years", "issue_ids": "[123, 6]", "osm_url": "https://www.openstreetmap.org/way/918690759", "josm_url": "http://127.0.0.1:8111/load_object?new_layer=false&objects=w918690759", "id_url": "https://www.openstreetmap.org/edit?editor=id&way=918690759#map=20/-25.4939266/-49.2358509"}}, {"type": "Feature", "geometry": {"type": "Point", "coordinates": [-49.2804054, -25.5823169]}, "properties": {"id": 919066453, "feat_type": "way", "quality_categories": "missing_tags, older_than_five_years", "issue_ids": "[212, 6]", "osm_url": "https://www.openstreetmap.org/way/919066453", "josm_url": "http://127.0.0.1:8111/load_object?new_layer=false&objects=w919066453", "id_url": "https://www.openstreetmap.org/edit?editor=id&way=919066453#map=20/-25.5823169/-49.2804054"}}, {"type": "Feature", "geometry": {"type": "Point", "coordinates": [-49.3824472, -25.42818]}, "properties": {"id": 919113681, "feat_type": "way", "quality_categories": "missing_tags, older_than_five_years", "issue_ids": "[212, 6]", "osm_url": "https://www.openstreetmap.org/way/919113681", "josm_url": "http://127.0.0.1:8111/load_object?new_layer=false&objects=w919113681", "id_url": "https://www.openstreetmap.org/edit?editor=id&way=919113681#map=20/-25.42818/-49.3824472"}}, {"type": "Feature", "geometry": {"type": "Point", "coordinates": [-49.382346, -25.4274654]}, "properties": {"id": 919113685, "feat_type": "way", "quality_categories": "missing_tags, older_than_five_years", "issue_ids": "[212, 6]", "osm_url": "https://www.openstreetmap.org/way/919113685", "josm_url": "http://127.0.0.1:8111/load_object?new_layer=false&objects=w919113685", "id_url": "https://www.openstreetmap.org/edit?editor=id&way=919113685#map=20/-25.4274654/-49.382346"}}, {"type": "Feature", "geometry": {"type": "Point", "coordinates": [-49.2706469, -25.4110067]}, "properties": {"id": 920737169, "feat_type": "way", "quality_categories": "older_than_five_years", "issue_ids": "[87]", "osm_url": "https://www.openstreetmap.org/way/920737169", "josm_url": "http://127.0.0.1:8111/load_object?new_layer=false&objects=w920737169", "id_url": "https://www.openstreetmap.org/edit?editor=id&way=920737169#map=20/-25.4110067/-49.2706469"}}, {"type": "Feature", "geometry": {"type": "Point", "coordinates": [-49.2707037, -25.4112043]}, "properties": {"id": 920737170, "feat_type": "way", "quality_categories": "older_than_five_years", "issue_ids": "[87]", "osm_url": "https://www.openstreetmap.org/way/920737170", "josm_url": "http://127.0.0.1:8111/load_object?new_layer=false&objects=w920737170", "id_url": "https://www.openstreetmap.org/edit?editor=id&way=920737170#map=20/-25.4112043/-49.2707037"}}, {"type": "Feature", "geometry": {"type": "Point", "coordinates": [-49.2207646, -25.4314401]}, "properties": {"id": 921256547, "feat_type": "way", "quality_categories": "missing_tags, older_than_five_years", "issue_ids": "[87, 6]", "osm_url": "https://www.openstreetmap.org/way/921256547", "josm_url": "http://127.0.0.1:8111/load_object?new_layer=false&objects=w921256547", "id_url": "https://www.openstreetmap.org/edit?editor=id&way=921256547#map=20/-25.4314401/-49.2207646"}}, {"type": "Feature", "geometry": {"type": "Point", "coordinates": [-49.2714388, -25.4109945]}, "properties": {"id": 921300152, "feat_type": "way", "quality_categories": "older_than_five_years", "issue_ids": "[87]", "osm_url": "https://www.openstreetmap.org/way/921300152", "josm_url": "http://127.0.0.1:8111/load_object?new_layer=false&objects=w921300152", "id_url": "https://www.openstreetmap.org/edit?editor=id&way=921300152#map=20/-25.4109945/-49.2714388"}}, {"type": "Feature", "geometry": {"type": "Point", "coordinates": [-49.240218, -25.3860978]}, "properties": {"id": 921628574, "feat_type": "way", "quality_categories": "older_than_five_years", "issue_ids": "[399]", "osm_url": "https://www.openstreetmap.org/way/921628574", "josm_url": "http://127.0.0.1:8111/load_object?new_layer=false&objects=w921628574", "id_url": "https://www.openstreetmap.org/edit?editor=id&way=921628574#map=20/-25.3860978/-49.240218"}}, {"type": "Feature", "geometry": {"type": "Point", "coordinates": [-49.1979345, -25.3860729]}, "properties": {"id": 921641110, "feat_type": "way", "quality_categories": "missing_tags, older_than_five_years", "issue_ids": "[400, 6]", "osm_url": "https://www.openstreetmap.org/way/921641110", "josm_url": "http://127.0.0.1:8111/load_object?new_layer=false&objects=w921641110", "id_url": "https://www.openstreetmap.org/edit?editor=id&way=921641110#map=20/-25.3860729/-49.1979345"}}, {"type": "Feature", "geometry": {"type": "Point", "coordinates": [-49.1974969, -25.3859038]}, "properties": {"id": 921998228, "feat_type": "way", "quality_categories": "missing_tags, older_than_five_years", "issue_ids": "[399, 6]", "osm_url": "https://www.openstreetmap.org/way/921998228", "josm_url": "http://127.0.0.1:8111/load_object?new_layer=false&objects=w921998228", "id_url": "https://www.openstreetmap.org/edit?editor=id&way=921998228#map=20/-25.3859038/-49.1974969"}}, {"type": "Feature", "geometry": {"type": "Point", "coordinates": [-49.2098397, -25.4962197]}, "properties": {"id": 922397277, "feat_type": "way", "quality_categories": "missing_tags, older_than_five_years", "issue_ids": "[196, 6]", "osm_url": "https://www.openstreetmap.org/way/922397277", "josm_url": "http://127.0.0.1:8111/load_object?new_layer=false&objects=w922397277", "id_url": "https://www.openstreetmap.org/edit?editor=id&way=922397277#map=20/-25.4962197/-49.2098397"}}, {"type": "Feature", "geometry": {"type": "Point", "coordinates": [-49.2988657, -25.5123805]}, "properties": {"id": 923784642, "feat_type": "way", "quality_categories": "missing_tags, older_than_five_years", "issue_ids": "[193, 6]", "osm_url": "https://www.openstreetmap.org/way/923784642", "josm_url": "http://127.0.0.1:8111/load_object?new_layer=false&objects=w923784642", "id_url": "https://www.openstreetmap.org/edit?editor=id&way=923784642#map=20/-25.5123805/-49.2988657"}}, {"type": "Feature", "geometry": {"type": "Point", "coordinates": [-49.2986999, -25.5122794]}, "properties": {"id": 923784643, "feat_type": "way", "quality_categories": "missing_tags, older_than_five_years", "issue_ids": "[193, 6]", "osm_url": "https://www.openstreetmap.org/way/923784643", "josm_url": "http://127.0.0.1:8111/load_object?new_layer=false&objects=w923784643", "id_url": "https://www.openstreetmap.org/edit?editor=id&way=923784643#map=20/-25.5122794/-49.2986999"}}, {"type": "Feature", "geometry": {"type": "Point", "coordinates": [-49.2974632, -25.512333]}, "properties": {"id": 924064215, "feat_type": "way", "quality_categories": "missing_tags, older_than_five_years", "issue_ids": "[191, 6]", "osm_url": "https://www.openstreetmap.org/way/924064215", "josm_url": "http://127.0.0.1:8111/load_object?new_layer=false&objects=w924064215", "id_url": "https://www.openstreetmap.org/edit?editor=id&way=924064215#map=20/-25.512333/-49.2974632"}}, {"type": "Feature", "geometry": {"type": "Point", "coordinates": [-49.2974624, -25.5124036]}, "properties": {"id": 924064216, "feat_type": "way", "quality_categories": "missing_tags, older_than_five_years", "issue_ids": "[191, 6]", "osm_url": "https://www.openstreetmap.org/way/924064216", "josm_url": "http://127.0.0.1:8111/load_object?new_layer=false&objects=w924064216", "id_url": "https://www.openstreetmap.org/edit?editor=id&way=924064216#map=20/-25.5124036/-49.2974624"}}, {"type": "Feature", "geometry": {"type": "Point", "coordinates": [-49.2929801, -25.5310497]}, "properties": {"id": 926152966, "feat_type": "way", "quality_categories": "missing_tags, older_than_five_years", "issue_ids": "[187, 6]", "osm_url": "https://www.openstreetmap.org/way/926152966", "josm_url": "http://127.0.0.1:8111/load_object?new_layer=false&objects=w926152966", "id_url": "https://www.openstreetmap.org/edit?editor=id&way=926152966#map=20/-25.5310497/-49.2929801"}}, {"type": "Feature", "geometry": {"type": "Point", "coordinates": [-49.2676297, -25.5230381]}, "properties": {"id": 926568195, "feat_type": "way", "quality_categories": "missing_tags, older_than_five_years", "issue_ids": "[360, 6]", "osm_url": "https://www.openstreetmap.org/way/926568195", "josm_url": "http://127.0.0.1:8111/load_object?new_layer=false&objects=w926568195", "id_url": "https://www.openstreetmap.org/edit?editor=id&way=926568195#map=20/-25.5230381/-49.2676297"}}, {"type": "Feature", "geometry": {"type": "Point", "coordinates": [-49.2671898, -25.5241729]}, "properties": {"id": 927451225, "feat_type": "way", "quality_categories": "missing_tags, older_than_five_years", "issue_ids": "[38, 6]", "osm_url": "https://www.openstreetmap.org/way/927451225", "josm_url": "http://127.0.0.1:8111/load_object?new_layer=false&objects=w927451225", "id_url": "https://www.openstreetmap.org/edit?editor=id&way=927451225#map=20/-25.5241729/-49.2671898"}}, {"type": "Feature", "geometry": {"type": "Point", "coordinates": [-49.3364312, -25.4981131]}, "properties": {"id": 927637704, "feat_type": "way", "quality_categories": "missing_tags, older_than_five_years", "issue_ids": "[38, 6]", "osm_url": "https://www.openstreetmap.org/way/927637704", "josm_url": "http://127.0.0.1:8111/load_object?new_layer=false&objects=w927637704", "id_url": "https://www.openstreetmap.org/edit?editor=id&way=927637704#map=20/-25.4981131/-49.3364312"}}, {"type": "Feature", "geometry": {"type": "Point", "coordinates": [-49.2592357, -25.510535]}, "properties": {"id": 927661584, "feat_type": "way", "quality_categories": "missing_tags, older_than_five_years", "issue_ids": "[159, 6]", "osm_url": "https://www.openstreetmap.org/way/927661584", "josm_url": "http://127.0.0.1:8111/load_object?new_layer=false&objects=w927661584", "id_url": "https://www.openstreetmap.org/edit?editor=id&way=927661584#map=20/-25.510535/-49.2592357"}}, {"type": "Feature", "geometry": {"type": "Point", "coordinates": [-49.2951983, -25.4079403]}, "properties": {"id": 927665948, "feat_type": "way", "quality_categories": "missing_tags, older_than_five_years", "issue_ids": "[38, 6]", "osm_url": "https://www.openstreetmap.org/way/927665948", "josm_url": "http://127.0.0.1:8111/load_object?new_layer=false&objects=w927665948", "id_url": "https://www.openstreetmap.org/edit?editor=id&way=927665948#map=20/-25.4079403/-49.2951983"}}, {"type": "Feature", "geometry": {"type": "Point", "coordinates": [-49.3363447, -25.5019971]}, "properties": {"id": 929685090, "feat_type": "way", "quality_categories": "missing_tags, older_than_five_years", "issue_ids": "[121, 6]", "osm_url": "https://www.openstreetmap.org/way/929685090", "josm_url": "http://127.0.0.1:8111/load_object?new_layer=false&objects=w929685090", "id_url": "https://www.openstreetmap.org/edit?editor=id&way=929685090#map=20/-25.5019971/-49.3363447"}}, {"type": "Feature", "geometry": {"type": "Point", "coordinates": [-49.3518982, -25.50793]}, "properties": {"id": 930866546, "feat_type": "way", "quality_categories": "missing_tags, older_than_five_years", "issue_ids": "[313, 6]", "osm_url": "https://www.openstreetmap.org/way/930866546", "josm_url": "http://127.0.0.1:8111/load_object?new_layer=false&objects=w930866546", "id_url": "https://www.openstreetmap.org/edit?editor=id&way=930866546#map=20/-25.50793/-49.3518982"}}, {"type": "Feature", "geometry": {"type": "Point", "coordinates": [-49.3519736, -25.5081389]}, "properties": {"id": 930866547, "feat_type": "way", "quality_categories": "missing_tags, older_than_five_years", "issue_ids": "[313, 6]", "osm_url": "https://www.openstreetmap.org/way/930866547", "josm_url": "http://127.0.0.1:8111/load_object?new_layer=false&objects=w930866547", "id_url": "https://www.openstreetmap.org/edit?editor=id&way=930866547#map=20/-25.5081389/-49.3519736"}}, {"type": "Feature", "geometry": {"type": "Point", "coordinates": [-49.1991346, -25.4983839]}, "properties": {"id": 930871352, "feat_type": "way", "quality_categories": "missing_tags, older_than_five_years", "issue_ids": "[22, 6]", "osm_url": "https://www.openstreetmap.org/way/930871352", "josm_url": "http://127.0.0.1:8111/load_object?new_layer=false&objects=w930871352", "id_url": "https://www.openstreetmap.org/edit?editor=id&way=930871352#map=20/-25.4983839/-49.1991346"}}, {"type": "Feature", "geometry": {"type": "Point", "coordinates": [-49.3287307, -25.4587597]}, "properties": {"id": 931255206, "feat_type": "way", "quality_categories": "missing_tags, older_than_five_years", "issue_ids": "[270, 6]", "osm_url": "https://www.openstreetmap.org/way/931255206", "josm_url": "http://127.0.0.1:8111/load_object?new_layer=false&objects=w931255206", "id_url": "https://www.openstreetmap.org/edit?editor=id&way=931255206#map=20/-25.4587597/-49.3287307"}}, {"type": "Feature", "geometry": {"type": "Point", "coordinates": [-49.3290117, -25.4588752]}, "properties": {"id": 931255207, "feat_type": "way", "quality_categories": "missing_tags, older_than_five_years", "issue_ids": "[270, 6]", "osm_url": "https://www.openstreetmap.org/way/931255207", "josm_url": "http://127.0.0.1:8111/load_object?new_layer=false&objects=w931255207", "id_url": "https://www.openstreetmap.org/edit?editor=id&way=931255207#map=20/-25.4588752/-49.3290117"}}, {"type": "Feature", "geometry": {"type": "Point", "coordinates": [-49.2509593, -25.548924]}, "properties": {"id": 931284425, "feat_type": "way", "quality_categories": "missing_tags, older_than_five_years", "issue_ids": "[270, 6]", "osm_url": "https://www.openstreetmap.org/way/931284425", "josm_url": "http://127.0.0.1:8111/load_object?new_layer=false&objects=w931284425", "id_url": "https://www.openstreetmap.org/edit?editor=id&way=931284425#map=20/-25.548924/-49.2509593"}}, {"type": "Feature", "geometry": {"type": "Point", "coordinates": [-49.2515326, -25.5493689]}, "properties": {"id": 931284426, "feat_type": "way", "quality_categories": "missing_tags, older_than_five_years", "issue_ids": "[270, 6]", "osm_url": "https://www.openstreetmap.org/way/931284426", "josm_url": "http://127.0.0.1:8111/load_object?new_layer=false&objects=w931284426", "id_url": "https://www.openstreetmap.org/edit?editor=id&way=931284426#map=20/-25.5493689/-49.2515326"}}, {"type": "Feature", "geometry": {"type": "Point", "coordinates": [-49.3511713, -25.5066452]}, "properties": {"id": 932752448, "feat_type": "way", "quality_categories": "missing_tags, older_than_five_years", "issue_ids": "[313, 6]", "osm_url": "https://www.openstreetmap.org/way/932752448", "josm_url": "http://127.0.0.1:8111/load_object?new_layer=false&objects=w932752448", "id_url": "https://www.openstreetmap.org/edit?editor=id&way=932752448#map=20/-25.5066452/-49.3511713"}}, {"type": "Feature", "geometry": {"type": "Point", "coordinates": [-49.3520732, -25.506273]}, "properties": {"id": 932752449, "feat_type": "way", "quality_categories": "missing_tags, older_than_five_years", "issue_ids": "[313, 6]", "osm_url": "https://www.openstreetmap.org/way/932752449", "josm_url": "http://127.0.0.1:8111/load_object?new_layer=false&objects=w932752449", "id_url": "https://www.openstreetmap.org/edit?editor=id&way=932752449#map=20/-25.506273/-49.3520732"}}, {"type": "Feature", "geometry": {"type": "Point", "coordinates": [-49.3516468, -25.5062427]}, "properties": {"id": 932752450, "feat_type": "way", "quality_categories": "missing_tags, older_than_five_years", "issue_ids": "[313, 6]", "osm_url": "https://www.openstreetmap.org/way/932752450", "josm_url": "http://127.0.0.1:8111/load_object?new_layer=false&objects=w932752450", "id_url": "https://www.openstreetmap.org/edit?editor=id&way=932752450#map=20/-25.5062427/-49.3516468"}}, {"type": "Feature", "geometry": {"type": "Point", "coordinates": [-49.3520156, -25.5059486]}, "properties": {"id": 932752451, "feat_type": "way", "quality_categories": "missing_tags, older_than_five_years", "issue_ids": "[313, 6]", "osm_url": "https://www.openstreetmap.org/way/932752451", "josm_url": "http://127.0.0.1:8111/load_object?new_layer=false&objects=w932752451", "id_url": "https://www.openstreetmap.org/edit?editor=id&way=932752451#map=20/-25.5059486/-49.3520156"}}, {"type": "Feature", "geometry": {"type": "Point", "coordinates": [-49.3514932, -25.5058959]}, "properties": {"id": 932752452, "feat_type": "way", "quality_categories": "missing_tags, older_than_five_years", "issue_ids": "[313, 6]", "osm_url": "https://www.openstreetmap.org/way/932752452", "josm_url": "http://127.0.0.1:8111/load_object?new_layer=false&objects=w932752452", "id_url": "https://www.openstreetmap.org/edit?editor=id&way=932752452#map=20/-25.5058959/-49.3514932"}}, {"type": "Feature", "geometry": {"type": "Point", "coordinates": [-49.3523978, -25.5078755]}, "properties": {"id": 932752453, "feat_type": "way", "quality_categories": "missing_tags, older_than_five_years", "issue_ids": "[313, 6]", "osm_url": "https://www.openstreetmap.org/way/932752453", "josm_url": "http://127.0.0.1:8111/load_object?new_layer=false&objects=w932752453", "id_url": "https://www.openstreetmap.org/edit?editor=id&way=932752453#map=20/-25.5078755/-49.3523978"}}, {"type": "Feature", "geometry": {"type": "Point", "coordinates": [-49.3367459, -25.564782]}, "properties": {"id": 933117447, "feat_type": "way", "quality_categories": "missing_tags, older_than_five_years", "issue_ids": "[296, 6]", "osm_url": "https://www.openstreetmap.org/way/933117447", "josm_url": "http://127.0.0.1:8111/load_object?new_layer=false&objects=w933117447", "id_url": "https://www.openstreetmap.org/edit?editor=id&way=933117447#map=20/-25.564782/-49.3367459"}}, {"type": "Feature", "geometry": {"type": "Point", "coordinates": [-49.3367459, -25.564782]}, "properties": {"id": 933117448, "feat_type": "way", "quality_categories": "missing_tags, older_than_five_years", "issue_ids": "[296, 6]", "osm_url": "https://www.openstreetmap.org/way/933117448", "josm_url": "http://127.0.0.1:8111/load_object?new_layer=false&objects=w933117448", "id_url": "https://www.openstreetmap.org/edit?editor=id&way=933117448#map=20/-25.564782/-49.3367459"}}, {"type": "Feature", "geometry": {"type": "Point", "coordinates": [-49.3526794, -25.5062137]}, "properties": {"id": 933727761, "feat_type": "way", "quality_categories": "missing_tags, older_than_five_years", "issue_ids": "[401, 6]", "osm_url": "https://www.openstreetmap.org/way/933727761", "josm_url": "http://127.0.0.1:8111/load_object?new_layer=false&objects=w933727761", "id_url": "https://www.openstreetmap.org/edit?editor=id&way=933727761#map=20/-25.5062137/-49.3526794"}}, {"type": "Feature", "geometry": {"type": "Point", "coordinates": [-49.3527746, -25.5059679]}, "properties": {"id": 933727762, "feat_type": "way", "quality_categories": "missing_tags, older_than_five_years", "issue_ids": "[313, 6]", "osm_url": "https://www.openstreetmap.org/way/933727762", "josm_url": "http://127.0.0.1:8111/load_object?new_layer=false&objects=w933727762", "id_url": "https://www.openstreetmap.org/edit?editor=id&way=933727762#map=20/-25.5059679/-49.3527746"}}, {"type": "Feature", "geometry": {"type": "Point", "coordinates": [-49.3310804, -25.5736982]}, "properties": {"id": 933810575, "feat_type": "way", "quality_categories": "missing_tags, older_than_five_years", "issue_ids": "[102, 6]", "osm_url": "https://www.openstreetmap.org/way/933810575", "josm_url": "http://127.0.0.1:8111/load_object?new_layer=false&objects=w933810575", "id_url": "https://www.openstreetmap.org/edit?editor=id&way=933810575#map=20/-25.5736982/-49.3310804"}}, {"type": "Feature", "geometry": {"type": "Point", "coordinates": [-49.3536705, -25.5059111]}, "properties": {"id": 933813933, "feat_type": "way", "quality_categories": "missing_tags, older_than_five_years", "issue_ids": "[313, 6]", "osm_url": "https://www.openstreetmap.org/way/933813933", "josm_url": "http://127.0.0.1:8111/load_object?new_layer=false&objects=w933813933", "id_url": "https://www.openstreetmap.org/edit?editor=id&way=933813933#map=20/-25.5059111/-49.3536705"}}, {"type": "Feature", "geometry": {"type": "Point", "coordinates": [-49.2950213, -25.5679398]}, "properties": {"id": 934512300, "feat_type": "way", "quality_categories": "missing_tags, older_than_five_years", "issue_ids": "[73, 6]", "osm_url": "https://www.openstreetmap.org/way/934512300", "josm_url": "http://127.0.0.1:8111/load_object?new_layer=false&objects=w934512300", "id_url": "https://www.openstreetmap.org/edit?editor=id&way=934512300#map=20/-25.5679398/-49.2950213"}}, {"type": "Feature", "geometry": {"type": "Point", "coordinates": [-49.2944715, -25.5689913]}, "properties": {"id": 934512301, "feat_type": "way", "quality_categories": "missing_tags, older_than_five_years", "issue_ids": "[73, 6]", "osm_url": "https://www.openstreetmap.org/way/934512301", "josm_url": "http://127.0.0.1:8111/load_object?new_layer=false&objects=w934512301", "id_url": "https://www.openstreetmap.org/edit?editor=id&way=934512301#map=20/-25.5689913/-49.2944715"}}, {"type": "Feature", "geometry": {"type": "Point", "coordinates": [-49.3297535, -25.375806]}, "properties": {"id": 934536813, "feat_type": "way", "quality_categories": "missing_tags, older_than_five_years", "issue_ids": "[73, 6]", "osm_url": "https://www.openstreetmap.org/way/934536813", "josm_url": "http://127.0.0.1:8111/load_object?new_layer=false&objects=w934536813", "id_url": "https://www.openstreetmap.org/edit?editor=id&way=934536813#map=20/-25.375806/-49.3297535"}}, {"type": "Feature", "geometry": {"type": "Point", "coordinates": [-49.3267825, -25.5632792]}, "properties": {"id": 935653661, "feat_type": "way", "quality_categories": "missing_tags, older_than_five_years", "issue_ids": "[94, 6]", "osm_url": "https://www.openstreetmap.org/way/935653661", "josm_url": "http://127.0.0.1:8111/load_object?new_layer=false&objects=w935653661", "id_url": "https://www.openstreetmap.org/edit?editor=id&way=935653661#map=20/-25.5632792/-49.3267825"}}, {"type": "Feature", "geometry": {"type": "Point", "coordinates": [-49.3263375, -25.5626409]}, "properties": {"id": 935653662, "feat_type": "way", "quality_categories": "missing_tags, older_than_five_years", "issue_ids": "[214, 6]", "osm_url": "https://www.openstreetmap.org/way/935653662", "josm_url": "http://127.0.0.1:8111/load_object?new_layer=false&objects=w935653662", "id_url": "https://www.openstreetmap.org/edit?editor=id&way=935653662#map=20/-25.5626409/-49.3263375"}}, {"type": "Feature", "geometry": {"type": "Point", "coordinates": [-49.3072153, -25.4426467]}, "properties": {"id": 936615946, "feat_type": "way", "quality_categories": "missing_tags, older_than_five_years", "issue_ids": "[94, 6]", "osm_url": "https://www.openstreetmap.org/way/936615946", "josm_url": "http://127.0.0.1:8111/load_object?new_layer=false&objects=w936615946", "id_url": "https://www.openstreetmap.org/edit?editor=id&way=936615946#map=20/-25.4426467/-49.3072153"}}, {"type": "Feature", "geometry": {"type": "Point", "coordinates": [-49.3072502, -25.4425282]}, "properties": {"id": 936615947, "feat_type": "way", "quality_categories": "missing_tags, older_than_five_years", "issue_ids": "[94, 6]", "osm_url": "https://www.openstreetmap.org/way/936615947", "josm_url": "http://127.0.0.1:8111/load_object?new_layer=false&objects=w936615947", "id_url": "https://www.openstreetmap.org/edit?editor=id&way=936615947#map=20/-25.4425282/-49.3072502"}}, {"type": "Feature", "geometry": {"type": "Point", "coordinates": [-49.3267825, -25.5632792]}, "properties": {"id": 936712927, "feat_type": "way", "quality_categories": "missing_tags, older_than_five_years", "issue_ids": "[94, 6]", "osm_url": "https://www.openstreetmap.org/way/936712927", "josm_url": "http://127.0.0.1:8111/load_object?new_layer=false&objects=w936712927", "id_url": "https://www.openstreetmap.org/edit?editor=id&way=936712927#map=20/-25.5632792/-49.3267825"}}, {"type": "Feature", "geometry": {"type": "Point", "coordinates": [-49.3267391, -25.5632157]}, "properties": {"id": 936712928, "feat_type": "way", "quality_categories": "missing_tags, older_than_five_years", "issue_ids": "[94, 6]", "osm_url": "https://www.openstreetmap.org/way/936712928", "josm_url": "http://127.0.0.1:8111/load_object?new_layer=false&objects=w936712928", "id_url": "https://www.openstreetmap.org/edit?editor=id&way=936712928#map=20/-25.5632157/-49.3267391"}}, {"type": "Feature", "geometry": {"type": "Point", "coordinates": [-49.325791, -25.5636982]}, "properties": {"id": 936712930, "feat_type": "way", "quality_categories": "missing_tags, older_than_five_years", "issue_ids": "[94, 6]", "osm_url": "https://www.openstreetmap.org/way/936712930", "josm_url": "http://127.0.0.1:8111/load_object?new_layer=false&objects=w936712930", "id_url": "https://www.openstreetmap.org/edit?editor=id&way=936712930#map=20/-25.5636982/-49.325791"}}, {"type": "Feature", "geometry": {"type": "Point", "coordinates": [-49.3404009, -25.5591521]}, "properties": {"id": 936991844, "feat_type": "way", "quality_categories": "older_than_five_years", "issue_ids": "[268]", "osm_url": "https://www.openstreetmap.org/way/936991844", "josm_url": "http://127.0.0.1:8111/load_object?new_layer=false&objects=w936991844", "id_url": "https://www.openstreetmap.org/edit?editor=id&way=936991844#map=20/-25.5591521/-49.3404009"}}, {"type": "Feature", "geometry": {"type": "Point", "coordinates": [-49.3403689, -25.5591738]}, "properties": {"id": 936991845, "feat_type": "way", "quality_categories": "older_than_five_years", "issue_ids": "[268]", "osm_url": "https://www.openstreetmap.org/way/936991845", "josm_url": "http://127.0.0.1:8111/load_object?new_layer=false&objects=w936991845", "id_url": "https://www.openstreetmap.org/edit?editor=id&way=936991845#map=20/-25.5591738/-49.3403689"}}, {"type": "Feature", "geometry": {"type": "Point", "coordinates": [-49.3217763, -25.5555522]}, "properties": {"id": 938749048, "feat_type": "way", "quality_categories": "missing_tags, older_than_five_years", "issue_ids": "[90, 6]", "osm_url": "https://www.openstreetmap.org/way/938749048", "josm_url": "http://127.0.0.1:8111/load_object?new_layer=false&objects=w938749048", "id_url": "https://www.openstreetmap.org/edit?editor=id&way=938749048#map=20/-25.5555522/-49.3217763"}}, {"type": "Feature", "geometry": {"type": "Point", "coordinates": [-49.3217674, -25.5551973]}, "properties": {"id": 938749049, "feat_type": "way", "quality_categories": "missing_tags, older_than_five_years", "issue_ids": "[89, 6]", "osm_url": "https://www.openstreetmap.org/way/938749049", "josm_url": "http://127.0.0.1:8111/load_object?new_layer=false&objects=w938749049", "id_url": "https://www.openstreetmap.org/edit?editor=id&way=938749049#map=20/-25.5551973/-49.3217674"}}, {"type": "Feature", "geometry": {"type": "Point", "coordinates": [-49.2796148, -25.3674886]}, "properties": {"id": 938769761, "feat_type": "way", "quality_categories": "older_than_five_years", "issue_ids": "[402]", "osm_url": "https://www.openstreetmap.org/way/938769761", "josm_url": "http://127.0.0.1:8111/load_object?new_layer=false&objects=w938769761", "id_url": "https://www.openstreetmap.org/edit?editor=id&way=938769761#map=20/-25.3674886/-49.2796148"}}, {"type": "Feature", "geometry": {"type": "Point", "coordinates": [-49.3302964, -25.445231]}, "properties": {"id": 938782708, "feat_type": "way", "quality_categories": "missing_tags, older_than_five_years", "issue_ids": "[90, 6]", "osm_url": "https://www.openstreetmap.org/way/938782708", "josm_url": "http://127.0.0.1:8111/load_object?new_layer=false&objects=w938782708", "id_url": "https://www.openstreetmap.org/edit?editor=id&way=938782708#map=20/-25.445231/-49.3302964"}}, {"type": "Feature", "geometry": {"type": "Point", "coordinates": [-49.3486836, -25.4165626]}, "properties": {"id": 939180138, "feat_type": "way", "quality_categories": "missing_tags, older_than_five_years", "issue_ids": "[57, 6]", "osm_url": "https://www.openstreetmap.org/way/939180138", "josm_url": "http://127.0.0.1:8111/load_object?new_layer=false&objects=w939180138", "id_url": "https://www.openstreetmap.org/edit?editor=id&way=939180138#map=20/-25.4165626/-49.3486836"}}, {"type": "Feature", "geometry": {"type": "Point", "coordinates": [-49.2338723, -25.5346049]}, "properties": {"id": 939458682, "feat_type": "way", "quality_categories": "missing_tags, older_than_five_years", "issue_ids": "[57, 6]", "osm_url": "https://www.openstreetmap.org/way/939458682", "josm_url": "http://127.0.0.1:8111/load_object?new_layer=false&objects=w939458682", "id_url": "https://www.openstreetmap.org/edit?editor=id&way=939458682#map=20/-25.5346049/-49.2338723"}}, {"type": "Feature", "geometry": {"type": "Point", "coordinates": [-49.3628146, -25.4176305]}, "properties": {"id": 939763410, "feat_type": "way", "quality_categories": "missing_tags, older_than_five_years", "issue_ids": "[89, 6]", "osm_url": "https://www.openstreetmap.org/way/939763410", "josm_url": "http://127.0.0.1:8111/load_object?new_layer=false&objects=w939763410", "id_url": "https://www.openstreetmap.org/edit?editor=id&way=939763410#map=20/-25.4176305/-49.3628146"}}, {"type": "Feature", "geometry": {"type": "Point", "coordinates": [-49.3627262, -25.4176533]}, "properties": {"id": 939763411, "feat_type": "way", "quality_categories": "missing_tags, older_than_five_years", "issue_ids": "[89, 6]", "osm_url": "https://www.openstreetmap.org/way/939763411", "josm_url": "http://127.0.0.1:8111/load_object?new_layer=false&objects=w939763411", "id_url": "https://www.openstreetmap.org/edit?editor=id&way=939763411#map=20/-25.4176533/-49.3627262"}}, {"type": "Feature", "geometry": {"type": "Point", "coordinates": [-49.3628146, -25.4176305]}, "properties": {"id": 939763412, "feat_type": "way", "quality_categories": "missing_tags, older_than_five_years", "issue_ids": "[89, 6]", "osm_url": "https://www.openstreetmap.org/way/939763412", "josm_url": "http://127.0.0.1:8111/load_object?new_layer=false&objects=w939763412", "id_url": "https://www.openstreetmap.org/edit?editor=id&way=939763412#map=20/-25.4176305/-49.3628146"}}, {"type": "Feature", "geometry": {"type": "Point", "coordinates": [-49.3070647, -25.3978393]}, "properties": {"id": 939804355, "feat_type": "way", "quality_categories": "missing_tags, older_than_five_years", "issue_ids": "[403, 6]", "osm_url": "https://www.openstreetmap.org/way/939804355", "josm_url": "http://127.0.0.1:8111/load_object?new_layer=false&objects=w939804355", "id_url": "https://www.openstreetmap.org/edit?editor=id&way=939804355#map=20/-25.3978393/-49.3070647"}}, {"type": "Feature", "geometry": {"type": "Point", "coordinates": [-49.3069638, -25.3978414]}, "properties": {"id": 939804356, "feat_type": "way", "quality_categories": "missing_tags, older_than_five_years", "issue_ids": "[403, 6]", "osm_url": "https://www.openstreetmap.org/way/939804356", "josm_url": "http://127.0.0.1:8111/load_object?new_layer=false&objects=w939804356", "id_url": "https://www.openstreetmap.org/edit?editor=id&way=939804356#map=20/-25.3978414/-49.3069638"}}, {"type": "Feature", "geometry": {"type": "Point", "coordinates": [-49.2977427, -25.3808467]}, "properties": {"id": 940697603, "feat_type": "way", "quality_categories": "missing_tags, older_than_five_years", "issue_ids": "[54, 6]", "osm_url": "https://www.openstreetmap.org/way/940697603", "josm_url": "http://127.0.0.1:8111/load_object?new_layer=false&objects=w940697603", "id_url": "https://www.openstreetmap.org/edit?editor=id&way=940697603#map=20/-25.3808467/-49.2977427"}}, {"type": "Feature", "geometry": {"type": "Point", "coordinates": [-49.2977427, -25.3808467]}, "properties": {"id": 940697604, "feat_type": "way", "quality_categories": "missing_tags, older_than_five_years", "issue_ids": "[54, 6]", "osm_url": "https://www.openstreetmap.org/way/940697604", "josm_url": "http://127.0.0.1:8111/load_object?new_layer=false&objects=w940697604", "id_url": "https://www.openstreetmap.org/edit?editor=id&way=940697604#map=20/-25.3808467/-49.2977427"}}, {"type": "Feature", "geometry": {"type": "Point", "coordinates": [-49.2935271, -25.3897395]}, "properties": {"id": 940702861, "feat_type": "way", "quality_categories": "missing_tags, older_than_five_years", "issue_ids": "[54, 6]", "osm_url": "https://www.openstreetmap.org/way/940702861", "josm_url": "http://127.0.0.1:8111/load_object?new_layer=false&objects=w940702861", "id_url": "https://www.openstreetmap.org/edit?editor=id&way=940702861#map=20/-25.3897395/-49.2935271"}}, {"type": "Feature", "geometry": {"type": "Point", "coordinates": [-49.2864741, -25.5669442]}, "properties": {"id": 940880228, "feat_type": "way", "quality_categories": "missing_tags, older_than_five_years", "issue_ids": "[404, 6]", "osm_url": "https://www.openstreetmap.org/way/940880228", "josm_url": "http://127.0.0.1:8111/load_object?new_layer=false&objects=w940880228", "id_url": "https://www.openstreetmap.org/edit?editor=id&way=940880228#map=20/-25.5669442/-49.2864741"}}, {"type": "Feature", "geometry": {"type": "Point", "coordinates": [-49.2878159, -25.5660157]}, "properties": {"id": 940880229, "feat_type": "way", "quality_categories": "missing_tags, older_than_five_years", "issue_ids": "[404, 6]", "osm_url": "https://www.openstreetmap.org/way/940880229", "josm_url": "http://127.0.0.1:8111/load_object?new_layer=false&objects=w940880229", "id_url": "https://www.openstreetmap.org/edit?editor=id&way=940880229#map=20/-25.5660157/-49.2878159"}}, {"type": "Feature", "geometry": {"type": "Point", "coordinates": [-49.2118665, -25.3722377]}, "properties": {"id": 941693489, "feat_type": "way", "quality_categories": "missing_tags, older_than_five_years", "issue_ids": "[402, 6]", "osm_url": "https://www.openstreetmap.org/way/941693489", "josm_url": "http://127.0.0.1:8111/load_object?new_layer=false&objects=w941693489", "id_url": "https://www.openstreetmap.org/edit?editor=id&way=941693489#map=20/-25.3722377/-49.2118665"}}, {"type": "Feature", "geometry": {"type": "Point", "coordinates": [-49.2612137, -25.5480653]}, "properties": {"id": 941705101, "feat_type": "way", "quality_categories": "missing_tags, older_than_five_years", "issue_ids": "[402, 6]", "osm_url": "https://www.openstreetmap.org/way/941705101", "josm_url": "http://127.0.0.1:8111/load_object?new_layer=false&objects=w941705101", "id_url": "https://www.openstreetmap.org/edit?editor=id&way=941705101#map=20/-25.5480653/-49.2612137"}}, {"type": "Feature", "geometry": {"type": "Point", "coordinates": [-49.2613821, -25.5485134]}, "properties": {"id": 941705102, "feat_type": "way", "quality_categories": "missing_tags, older_than_five_years", "issue_ids": "[402, 6]", "osm_url": "https://www.openstreetmap.org/way/941705102", "josm_url": "http://127.0.0.1:8111/load_object?new_layer=false&objects=w941705102", "id_url": "https://www.openstreetmap.org/edit?editor=id&way=941705102#map=20/-25.5485134/-49.2613821"}}, {"type": "Feature", "geometry": {"type": "Point", "coordinates": [-49.2612174, -25.5483148]}, "properties": {"id": 941705103, "feat_type": "way", "quality_categories": "missing_tags, older_than_five_years", "issue_ids": "[402, 6]", "osm_url": "https://www.openstreetmap.org/way/941705103", "josm_url": "http://127.0.0.1:8111/load_object?new_layer=false&objects=w941705103", "id_url": "https://www.openstreetmap.org/edit?editor=id&way=941705103#map=20/-25.5483148/-49.2612174"}}, {"type": "Feature", "geometry": {"type": "Point", "coordinates": [-49.3327278, -25.4188505]}, "properties": {"id": 942452513, "feat_type": "way", "quality_categories": "missing_tags, older_than_five_years", "issue_ids": "[162, 6]", "osm_url": "https://www.openstreetmap.org/way/942452513", "josm_url": "http://127.0.0.1:8111/load_object?new_layer=false&objects=w942452513", "id_url": "https://www.openstreetmap.org/edit?editor=id&way=942452513#map=20/-25.4188505/-49.3327278"}}, {"type": "Feature", "geometry": {"type": "Point", "coordinates": [-49.3330167, -25.4175868]}, "properties": {"id": 943789125, "feat_type": "way", "quality_categories": "missing_tags, older_than_five_years", "issue_ids": "[42, 6]", "osm_url": "https://www.openstreetmap.org/way/943789125", "josm_url": "http://127.0.0.1:8111/load_object?new_layer=false&objects=w943789125", "id_url": "https://www.openstreetmap.org/edit?editor=id&way=943789125#map=20/-25.4175868/-49.3330167"}}, {"type": "Feature", "geometry": {"type": "Point", "coordinates": [-49.3338668, -25.4170121]}, "properties": {"id": 943789126, "feat_type": "way", "quality_categories": "missing_tags, older_than_five_years", "issue_ids": "[42, 6]", "osm_url": "https://www.openstreetmap.org/way/943789126", "josm_url": "http://127.0.0.1:8111/load_object?new_layer=false&objects=w943789126", "id_url": "https://www.openstreetmap.org/edit?editor=id&way=943789126#map=20/-25.4170121/-49.3338668"}}, {"type": "Feature", "geometry": {"type": "Point", "coordinates": [-49.3231925, -25.416801]}, "properties": {"id": 943789129, "feat_type": "way", "quality_categories": "missing_tags, older_than_five_years", "issue_ids": "[42, 6]", "osm_url": "https://www.openstreetmap.org/way/943789129", "josm_url": "http://127.0.0.1:8111/load_object?new_layer=false&objects=w943789129", "id_url": "https://www.openstreetmap.org/edit?editor=id&way=943789129#map=20/-25.416801/-49.3231925"}}, {"type": "Feature", "geometry": {"type": "Point", "coordinates": [-49.3222054, -25.4161388]}, "properties": {"id": 943789131, "feat_type": "way", "quality_categories": "missing_tags, older_than_five_years", "issue_ids": "[379, 6]", "osm_url": "https://www.openstreetmap.org/way/943789131", "josm_url": "http://127.0.0.1:8111/load_object?new_layer=false&objects=w943789131", "id_url": "https://www.openstreetmap.org/edit?editor=id&way=943789131#map=20/-25.4161388/-49.3222054"}}, {"type": "Feature", "geometry": {"type": "Point", "coordinates": [-49.3311493, -25.3974828]}, "properties": {"id": 943880739, "feat_type": "way", "quality_categories": "missing_tags, older_than_five_years", "issue_ids": "[42, 6]", "osm_url": "https://www.openstreetmap.org/way/943880739", "josm_url": "http://127.0.0.1:8111/load_object?new_layer=false&objects=w943880739", "id_url": "https://www.openstreetmap.org/edit?editor=id&way=943880739#map=20/-25.3974828/-49.3311493"}}, {"type": "Feature", "geometry": {"type": "Point", "coordinates": [-49.3314283, -25.397541]}, "properties": {"id": 943880740, "feat_type": "way", "quality_categories": "missing_tags, older_than_five_years", "issue_ids": "[42, 6]", "osm_url": "https://www.openstreetmap.org/way/943880740", "josm_url": "http://127.0.0.1:8111/load_object?new_layer=false&objects=w943880740", "id_url": "https://www.openstreetmap.org/edit?editor=id&way=943880740#map=20/-25.397541/-49.3314283"}}, {"type": "Feature", "geometry": {"type": "Point", "coordinates": [-49.3319801, -25.3974828]}, "properties": {"id": 943880741, "feat_type": "way", "quality_categories": "missing_tags, older_than_five_years", "issue_ids": "[42, 6]", "osm_url": "https://www.openstreetmap.org/way/943880741", "josm_url": "http://127.0.0.1:8111/load_object?new_layer=false&objects=w943880741", "id_url": "https://www.openstreetmap.org/edit?editor=id&way=943880741#map=20/-25.3974828/-49.3319801"}}, {"type": "Feature", "geometry": {"type": "Point", "coordinates": [-49.3449227, -25.4156462]}, "properties": {"id": 944163361, "feat_type": "way", "quality_categories": "missing_tags, older_than_five_years", "issue_ids": "[207, 6]", "osm_url": "https://www.openstreetmap.org/way/944163361", "josm_url": "http://127.0.0.1:8111/load_object?new_layer=false&objects=w944163361", "id_url": "https://www.openstreetmap.org/edit?editor=id&way=944163361#map=20/-25.4156462/-49.3449227"}}, {"type": "Feature", "geometry": {"type": "Point", "coordinates": [-49.349613, -25.4056183]}, "properties": {"id": 944592246, "feat_type": "way", "quality_categories": "missing_tags, older_than_five_years", "issue_ids": "[102, 6]", "osm_url": "https://www.openstreetmap.org/way/944592246", "josm_url": "http://127.0.0.1:8111/load_object?new_layer=false&objects=w944592246", "id_url": "https://www.openstreetmap.org/edit?editor=id&way=944592246#map=20/-25.4056183/-49.349613"}}, {"type": "Feature", "geometry": {"type": "Point", "coordinates": [-49.3497613, -25.4056117]}, "properties": {"id": 944592247, "feat_type": "way", "quality_categories": "missing_tags, older_than_five_years", "issue_ids": "[102, 6]", "osm_url": "https://www.openstreetmap.org/way/944592247", "josm_url": "http://127.0.0.1:8111/load_object?new_layer=false&objects=w944592247", "id_url": "https://www.openstreetmap.org/edit?editor=id&way=944592247#map=20/-25.4056117/-49.3497613"}}, {"type": "Feature", "geometry": {"type": "Point", "coordinates": [-49.3497035, -25.4055663]}, "properties": {"id": 944592248, "feat_type": "way", "quality_categories": "missing_tags, older_than_five_years", "issue_ids": "[102, 6]", "osm_url": "https://www.openstreetmap.org/way/944592248", "josm_url": "http://127.0.0.1:8111/load_object?new_layer=false&objects=w944592248", "id_url": "https://www.openstreetmap.org/edit?editor=id&way=944592248#map=20/-25.4055663/-49.3497035"}}, {"type": "Feature", "geometry": {"type": "Point", "coordinates": [-49.3496653, -25.4055838]}, "properties": {"id": 944592250, "feat_type": "way", "quality_categories": "missing_tags, older_than_five_years", "issue_ids": "[102, 6]", "osm_url": "https://www.openstreetmap.org/way/944592250", "josm_url": "http://127.0.0.1:8111/load_object?new_layer=false&objects=w944592250", "id_url": "https://www.openstreetmap.org/edit?editor=id&way=944592250#map=20/-25.4055838/-49.3496653"}}, {"type": "Feature", "geometry": {"type": "Point", "coordinates": [-49.2970745, -25.5576918]}, "properties": {"id": 944987890, "feat_type": "way", "quality_categories": "missing_tags, older_than_five_years", "issue_ids": "[207, 6]", "osm_url": "https://www.openstreetmap.org/way/944987890", "josm_url": "http://127.0.0.1:8111/load_object?new_layer=false&objects=w944987890", "id_url": "https://www.openstreetmap.org/edit?editor=id&way=944987890#map=20/-25.5576918/-49.2970745"}}, {"type": "Feature", "geometry": {"type": "Point", "coordinates": [-49.2916089, -25.5573191]}, "properties": {"id": 944987892, "feat_type": "way", "quality_categories": "missing_tags, older_than_five_years", "issue_ids": "[207, 6]", "osm_url": "https://www.openstreetmap.org/way/944987892", "josm_url": "http://127.0.0.1:8111/load_object?new_layer=false&objects=w944987892", "id_url": "https://www.openstreetmap.org/edit?editor=id&way=944987892#map=20/-25.5573191/-49.2916089"}}, {"type": "Feature", "geometry": {"type": "Point", "coordinates": [-49.2914258, -25.556817]}, "properties": {"id": 944987893, "feat_type": "way", "quality_categories": "missing_tags, older_than_five_years", "issue_ids": "[207, 6]", "osm_url": "https://www.openstreetmap.org/way/944987893", "josm_url": "http://127.0.0.1:8111/load_object?new_layer=false&objects=w944987893", "id_url": "https://www.openstreetmap.org/edit?editor=id&way=944987893#map=20/-25.556817/-49.2914258"}}, {"type": "Feature", "geometry": {"type": "Point", "coordinates": [-49.2912796, -25.5565363]}, "properties": {"id": 944987894, "feat_type": "way", "quality_categories": "missing_tags, older_than_five_years", "issue_ids": "[207, 6]", "osm_url": "https://www.openstreetmap.org/way/944987894", "josm_url": "http://127.0.0.1:8111/load_object?new_layer=false&objects=w944987894", "id_url": "https://www.openstreetmap.org/edit?editor=id&way=944987894#map=20/-25.5565363/-49.2912796"}}, {"type": "Feature", "geometry": {"type": "Point", "coordinates": [-49.2909202, -25.5559907]}, "properties": {"id": 944987895, "feat_type": "way", "quality_categories": "missing_tags, older_than_five_years", "issue_ids": "[207, 6]", "osm_url": "https://www.openstreetmap.org/way/944987895", "josm_url": "http://127.0.0.1:8111/load_object?new_layer=false&objects=w944987895", "id_url": "https://www.openstreetmap.org/edit?editor=id&way=944987895#map=20/-25.5559907/-49.2909202"}}, {"type": "Feature", "geometry": {"type": "Point", "coordinates": [-49.2909202, -25.5559907]}, "properties": {"id": 944987896, "feat_type": "way", "quality_categories": "missing_tags, older_than_five_years", "issue_ids": "[207, 6]", "osm_url": "https://www.openstreetmap.org/way/944987896", "josm_url": "http://127.0.0.1:8111/load_object?new_layer=false&objects=w944987896", "id_url": "https://www.openstreetmap.org/edit?editor=id&way=944987896#map=20/-25.5559907/-49.2909202"}}, {"type": "Feature", "geometry": {"type": "Point", "coordinates": [-49.2914258, -25.556817]}, "properties": {"id": 944987897, "feat_type": "way", "quality_categories": "missing_tags, older_than_five_years", "issue_ids": "[207, 6]", "osm_url": "https://www.openstreetmap.org/way/944987897", "josm_url": "http://127.0.0.1:8111/load_object?new_layer=false&objects=w944987897", "id_url": "https://www.openstreetmap.org/edit?editor=id&way=944987897#map=20/-25.556817/-49.2914258"}}, {"type": "Feature", "geometry": {"type": "Point", "coordinates": [-49.2917476, -25.5575151]}, "properties": {"id": 944987898, "feat_type": "way", "quality_categories": "missing_tags, older_than_five_years", "issue_ids": "[207, 6]", "osm_url": "https://www.openstreetmap.org/way/944987898", "josm_url": "http://127.0.0.1:8111/load_object?new_layer=false&objects=w944987898", "id_url": "https://www.openstreetmap.org/edit?editor=id&way=944987898#map=20/-25.5575151/-49.2917476"}}, {"type": "Feature", "geometry": {"type": "Point", "coordinates": [-49.2905458, -25.5552877]}, "properties": {"id": 944987899, "feat_type": "way", "quality_categories": "missing_tags, older_than_five_years", "issue_ids": "[207, 6]", "osm_url": "https://www.openstreetmap.org/way/944987899", "josm_url": "http://127.0.0.1:8111/load_object?new_layer=false&objects=w944987899", "id_url": "https://www.openstreetmap.org/edit?editor=id&way=944987899#map=20/-25.5552877/-49.2905458"}}, {"type": "Feature", "geometry": {"type": "Point", "coordinates": [-49.2820182, -25.5581232]}, "properties": {"id": 945052052, "feat_type": "way", "quality_categories": "missing_tags, older_than_five_years", "issue_ids": "[207, 6]", "osm_url": "https://www.openstreetmap.org/way/945052052", "josm_url": "http://127.0.0.1:8111/load_object?new_layer=false&objects=w945052052", "id_url": "https://www.openstreetmap.org/edit?editor=id&way=945052052#map=20/-25.5581232/-49.2820182"}}, {"type": "Feature", "geometry": {"type": "Point", "coordinates": [-49.3532963, -25.5058082]}, "properties": {"id": 945669082, "feat_type": "way", "quality_categories": "missing_tags, older_than_five_years", "issue_ids": "[313, 6]", "osm_url": "https://www.openstreetmap.org/way/945669082", "josm_url": "http://127.0.0.1:8111/load_object?new_layer=false&objects=w945669082", "id_url": "https://www.openstreetmap.org/edit?editor=id&way=945669082#map=20/-25.5058082/-49.3532963"}}, {"type": "Feature", "geometry": {"type": "Point", "coordinates": [-49.3542445, -25.5058517]}, "properties": {"id": 945669087, "feat_type": "way", "quality_categories": "missing_tags, older_than_five_years", "issue_ids": "[313, 6]", "osm_url": "https://www.openstreetmap.org/way/945669087", "josm_url": "http://127.0.0.1:8111/load_object?new_layer=false&objects=w945669087", "id_url": "https://www.openstreetmap.org/edit?editor=id&way=945669087#map=20/-25.5058517/-49.3542445"}}, {"type": "Feature", "geometry": {"type": "Point", "coordinates": [-49.3539655, -25.5059135]}, "properties": {"id": 945669088, "feat_type": "way", "quality_categories": "missing_tags, older_than_five_years", "issue_ids": "[313, 6]", "osm_url": "https://www.openstreetmap.org/way/945669088", "josm_url": "http://127.0.0.1:8111/load_object?new_layer=false&objects=w945669088", "id_url": "https://www.openstreetmap.org/edit?editor=id&way=945669088#map=20/-25.5059135/-49.3539655"}}, {"type": "Feature", "geometry": {"type": "Point", "coordinates": [-49.3526868, -25.5055961]}, "properties": {"id": 945669089, "feat_type": "way", "quality_categories": "missing_tags, older_than_five_years", "issue_ids": "[159, 6]", "osm_url": "https://www.openstreetmap.org/way/945669089", "josm_url": "http://127.0.0.1:8111/load_object?new_layer=false&objects=w945669089", "id_url": "https://www.openstreetmap.org/edit?editor=id&way=945669089#map=20/-25.5055961/-49.3526868"}}, {"type": "Feature", "geometry": {"type": "Point", "coordinates": [-49.3363488, -25.4117328]}, "properties": {"id": 946240766, "feat_type": "way", "quality_categories": "missing_tags, older_than_five_years", "issue_ids": "[55, 6]", "osm_url": "https://www.openstreetmap.org/way/946240766", "josm_url": "http://127.0.0.1:8111/load_object?new_layer=false&objects=w946240766", "id_url": "https://www.openstreetmap.org/edit?editor=id&way=946240766#map=20/-25.4117328/-49.3363488"}}, {"type": "Feature", "geometry": {"type": "Point", "coordinates": [-49.3363823, -25.4132542]}, "properties": {"id": 946240767, "feat_type": "way", "quality_categories": "missing_tags, older_than_five_years", "issue_ids": "[55, 6]", "osm_url": "https://www.openstreetmap.org/way/946240767", "josm_url": "http://127.0.0.1:8111/load_object?new_layer=false&objects=w946240767", "id_url": "https://www.openstreetmap.org/edit?editor=id&way=946240767#map=20/-25.4132542/-49.3363823"}}, {"type": "Feature", "geometry": {"type": "Point", "coordinates": [-49.3335821, -25.4133063]}, "properties": {"id": 946240768, "feat_type": "way", "quality_categories": "missing_tags, older_than_five_years", "issue_ids": "[55, 6]", "osm_url": "https://www.openstreetmap.org/way/946240768", "josm_url": "http://127.0.0.1:8111/load_object?new_layer=false&objects=w946240768", "id_url": "https://www.openstreetmap.org/edit?editor=id&way=946240768#map=20/-25.4133063/-49.3335821"}}, {"type": "Feature", "geometry": {"type": "Point", "coordinates": [-49.3256669, -25.4109805]}, "properties": {"id": 946388687, "feat_type": "way", "quality_categories": "missing_tags, older_than_five_years", "issue_ids": "[55, 6]", "osm_url": "https://www.openstreetmap.org/way/946388687", "josm_url": "http://127.0.0.1:8111/load_object?new_layer=false&objects=w946388687", "id_url": "https://www.openstreetmap.org/edit?editor=id&way=946388687#map=20/-25.4109805/-49.3256669"}}, {"type": "Feature", "geometry": {"type": "Point", "coordinates": [-49.3233488, -25.4149852]}, "properties": {"id": 946449703, "feat_type": "way", "quality_categories": "missing_tags, older_than_five_years", "issue_ids": "[158, 6]", "osm_url": "https://www.openstreetmap.org/way/946449703", "josm_url": "http://127.0.0.1:8111/load_object?new_layer=false&objects=w946449703", "id_url": "https://www.openstreetmap.org/edit?editor=id&way=946449703#map=20/-25.4149852/-49.3233488"}}, {"type": "Feature", "geometry": {"type": "Point", "coordinates": [-49.3407088, -25.4094244]}, "properties": {"id": 946778904, "feat_type": "way", "quality_categories": "missing_tags, older_than_five_years", "issue_ids": "[158, 6]", "osm_url": "https://www.openstreetmap.org/way/946778904", "josm_url": "http://127.0.0.1:8111/load_object?new_layer=false&objects=w946778904", "id_url": "https://www.openstreetmap.org/edit?editor=id&way=946778904#map=20/-25.4094244/-49.3407088"}}, {"type": "Feature", "geometry": {"type": "Point", "coordinates": [-49.3406889, -25.4094854]}, "properties": {"id": 946778905, "feat_type": "way", "quality_categories": "missing_tags, older_than_five_years", "issue_ids": "[158, 6]", "osm_url": "https://www.openstreetmap.org/way/946778905", "josm_url": "http://127.0.0.1:8111/load_object?new_layer=false&objects=w946778905", "id_url": "https://www.openstreetmap.org/edit?editor=id&way=946778905#map=20/-25.4094854/-49.3406889"}}, {"type": "Feature", "geometry": {"type": "Point", "coordinates": [-49.3309706, -25.5756393]}, "properties": {"id": 946925765, "feat_type": "way", "quality_categories": "missing_tags, older_than_five_years", "issue_ids": "[347, 6]", "osm_url": "https://www.openstreetmap.org/way/946925765", "josm_url": "http://127.0.0.1:8111/load_object?new_layer=false&objects=w946925765", "id_url": "https://www.openstreetmap.org/edit?editor=id&way=946925765#map=20/-25.5756393/-49.3309706"}}, {"type": "Feature", "geometry": {"type": "Point", "coordinates": [-49.3318423, -25.5762496]}, "properties": {"id": 946925766, "feat_type": "way", "quality_categories": "missing_tags, older_than_five_years", "issue_ids": "[347, 6]", "osm_url": "https://www.openstreetmap.org/way/946925766", "josm_url": "http://127.0.0.1:8111/load_object?new_layer=false&objects=w946925766", "id_url": "https://www.openstreetmap.org/edit?editor=id&way=946925766#map=20/-25.5762496/-49.3318423"}}, {"type": "Feature", "geometry": {"type": "Point", "coordinates": [-49.3306411, -25.5756586]}, "properties": {"id": 946925767, "feat_type": "way", "quality_categories": "missing_tags, older_than_five_years", "issue_ids": "[158, 6]", "osm_url": "https://www.openstreetmap.org/way/946925767", "josm_url": "http://127.0.0.1:8111/load_object?new_layer=false&objects=w946925767", "id_url": "https://www.openstreetmap.org/edit?editor=id&way=946925767#map=20/-25.5756586/-49.3306411"}}, {"type": "Feature", "geometry": {"type": "Point", "coordinates": [-49.3317736, -25.5763204]}, "properties": {"id": 946925768, "feat_type": "way", "quality_categories": "missing_tags, older_than_five_years", "issue_ids": "[158, 6]", "osm_url": "https://www.openstreetmap.org/way/946925768", "josm_url": "http://127.0.0.1:8111/load_object?new_layer=false&objects=w946925768", "id_url": "https://www.openstreetmap.org/edit?editor=id&way=946925768#map=20/-25.5763204/-49.3317736"}}, {"type": "Feature", "geometry": {"type": "Point", "coordinates": [-49.3318619, -25.5758227]}, "properties": {"id": 951842822, "feat_type": "way", "quality_categories": "missing_tags, older_than_five_years", "issue_ids": "[347, 6]", "osm_url": "https://www.openstreetmap.org/way/951842822", "josm_url": "http://127.0.0.1:8111/load_object?new_layer=false&objects=w951842822", "id_url": "https://www.openstreetmap.org/edit?editor=id&way=951842822#map=20/-25.5758227/-49.3318619"}}, {"type": "Feature", "geometry": {"type": "Point", "coordinates": [-49.3318463, -25.5759163]}, "properties": {"id": 951842823, "feat_type": "way", "quality_categories": "missing_tags, older_than_five_years", "issue_ids": "[347, 6]", "osm_url": "https://www.openstreetmap.org/way/951842823", "josm_url": "http://127.0.0.1:8111/load_object?new_layer=false&objects=w951842823", "id_url": "https://www.openstreetmap.org/edit?editor=id&way=951842823#map=20/-25.5759163/-49.3318463"}}, {"type": "Feature", "geometry": {"type": "Point", "coordinates": [-49.3320136, -25.5755432]}, "properties": {"id": 951842824, "feat_type": "way", "quality_categories": "missing_tags, older_than_five_years", "issue_ids": "[347, 6]", "osm_url": "https://www.openstreetmap.org/way/951842824", "josm_url": "http://127.0.0.1:8111/load_object?new_layer=false&objects=w951842824", "id_url": "https://www.openstreetmap.org/edit?editor=id&way=951842824#map=20/-25.5755432/-49.3320136"}}, {"type": "Feature", "geometry": {"type": "Point", "coordinates": [-49.3319699, -25.5761327]}, "properties": {"id": 951842825, "feat_type": "way", "quality_categories": "missing_tags, older_than_five_years", "issue_ids": "[347, 6]", "osm_url": "https://www.openstreetmap.org/way/951842825", "josm_url": "http://127.0.0.1:8111/load_object?new_layer=false&objects=w951842825", "id_url": "https://www.openstreetmap.org/edit?editor=id&way=951842825#map=20/-25.5761327/-49.3319699"}}, {"type": "Feature", "geometry": {"type": "Point", "coordinates": [-49.3318275, -25.5759097]}, "properties": {"id": 951842826, "feat_type": "way", "quality_categories": "missing_tags, older_than_five_years", "issue_ids": "[347, 6]", "osm_url": "https://www.openstreetmap.org/way/951842826", "josm_url": "http://127.0.0.1:8111/load_object?new_layer=false&objects=w951842826", "id_url": "https://www.openstreetmap.org/edit?editor=id&way=951842826#map=20/-25.5759097/-49.3318275"}}, {"type": "Feature", "geometry": {"type": "Point", "coordinates": [-49.3319533, -25.5756375]}, "properties": {"id": 951842827, "feat_type": "way", "quality_categories": "missing_tags, older_than_five_years", "issue_ids": "[347, 6]", "osm_url": "https://www.openstreetmap.org/way/951842827", "josm_url": "http://127.0.0.1:8111/load_object?new_layer=false&objects=w951842827", "id_url": "https://www.openstreetmap.org/edit?editor=id&way=951842827#map=20/-25.5756375/-49.3319533"}}, {"type": "Feature", "geometry": {"type": "Point", "coordinates": [-49.3316698, -25.5757663]}, "properties": {"id": 951842828, "feat_type": "way", "quality_categories": "missing_tags, older_than_five_years", "issue_ids": "[347, 6]", "osm_url": "https://www.openstreetmap.org/way/951842828", "josm_url": "http://127.0.0.1:8111/load_object?new_layer=false&objects=w951842828", "id_url": "https://www.openstreetmap.org/edit?editor=id&way=951842828#map=20/-25.5757663/-49.3316698"}}, {"type": "Feature", "geometry": {"type": "Point", "coordinates": [-49.3319533, -25.5756375]}, "properties": {"id": 951842829, "feat_type": "way", "quality_categories": "missing_tags, older_than_five_years", "issue_ids": "[347, 6]", "osm_url": "https://www.openstreetmap.org/way/951842829", "josm_url": "http://127.0.0.1:8111/load_object?new_layer=false&objects=w951842829", "id_url": "https://www.openstreetmap.org/edit?editor=id&way=951842829#map=20/-25.5756375/-49.3319533"}}, {"type": "Feature", "geometry": {"type": "Point", "coordinates": [-49.331966, -25.5758018]}, "properties": {"id": 951842830, "feat_type": "way", "quality_categories": "missing_tags, older_than_five_years", "issue_ids": "[347, 6]", "osm_url": "https://www.openstreetmap.org/way/951842830", "josm_url": "http://127.0.0.1:8111/load_object?new_layer=false&objects=w951842830", "id_url": "https://www.openstreetmap.org/edit?editor=id&way=951842830#map=20/-25.5758018/-49.331966"}}, {"type": "Feature", "geometry": {"type": "Point", "coordinates": [-49.3318937, -25.575723]}, "properties": {"id": 951842831, "feat_type": "way", "quality_categories": "missing_tags, older_than_five_years", "issue_ids": "[347, 6]", "osm_url": "https://www.openstreetmap.org/way/951842831", "josm_url": "http://127.0.0.1:8111/load_object?new_layer=false&objects=w951842831", "id_url": "https://www.openstreetmap.org/edit?editor=id&way=951842831#map=20/-25.575723/-49.3318937"}}, {"type": "Feature", "geometry": {"type": "Point", "coordinates": [-49.3317826, -25.5757489]}, "properties": {"id": 951842832, "feat_type": "way", "quality_categories": "missing_tags, older_than_five_years", "issue_ids": "[347, 6]", "osm_url": "https://www.openstreetmap.org/way/951842832", "josm_url": "http://127.0.0.1:8111/load_object?new_layer=false&objects=w951842832", "id_url": "https://www.openstreetmap.org/edit?editor=id&way=951842832#map=20/-25.5757489/-49.3317826"}}, {"type": "Feature", "geometry": {"type": "Point", "coordinates": [-49.3318282, -25.5756408]}, "properties": {"id": 951842833, "feat_type": "way", "quality_categories": "missing_tags, older_than_five_years", "issue_ids": "[347, 6]", "osm_url": "https://www.openstreetmap.org/way/951842833", "josm_url": "http://127.0.0.1:8111/load_object?new_layer=false&objects=w951842833", "id_url": "https://www.openstreetmap.org/edit?editor=id&way=951842833#map=20/-25.5756408/-49.3318282"}}, {"type": "Feature", "geometry": {"type": "Point", "coordinates": [-49.3317135, -25.5754946]}, "properties": {"id": 951842834, "feat_type": "way", "quality_categories": "missing_tags, older_than_five_years", "issue_ids": "[347, 6]", "osm_url": "https://www.openstreetmap.org/way/951842834", "josm_url": "http://127.0.0.1:8111/load_object?new_layer=false&objects=w951842834", "id_url": "https://www.openstreetmap.org/edit?editor=id&way=951842834#map=20/-25.5754946/-49.3317135"}}, {"type": "Feature", "geometry": {"type": "Point", "coordinates": [-49.3314573, -25.5757767]}, "properties": {"id": 951842835, "feat_type": "way", "quality_categories": "missing_tags, older_than_five_years", "issue_ids": "[347, 6]", "osm_url": "https://www.openstreetmap.org/way/951842835", "josm_url": "http://127.0.0.1:8111/load_object?new_layer=false&objects=w951842835", "id_url": "https://www.openstreetmap.org/edit?editor=id&way=951842835#map=20/-25.5757767/-49.3314573"}}, {"type": "Feature", "geometry": {"type": "Point", "coordinates": [-49.3317597, -25.5755471]}, "properties": {"id": 951842836, "feat_type": "way", "quality_categories": "missing_tags, older_than_five_years", "issue_ids": "[347, 6]", "osm_url": "https://www.openstreetmap.org/way/951842836", "josm_url": "http://127.0.0.1:8111/load_object?new_layer=false&objects=w951842836", "id_url": "https://www.openstreetmap.org/edit?editor=id&way=951842836#map=20/-25.5755471/-49.3317597"}}, {"type": "Feature", "geometry": {"type": "Point", "coordinates": [-49.3320136, -25.5755432]}, "properties": {"id": 951842837, "feat_type": "way", "quality_categories": "missing_tags, older_than_five_years", "issue_ids": "[347, 6]", "osm_url": "https://www.openstreetmap.org/way/951842837", "josm_url": "http://127.0.0.1:8111/load_object?new_layer=false&objects=w951842837", "id_url": "https://www.openstreetmap.org/edit?editor=id&way=951842837#map=20/-25.5755432/-49.3320136"}}, {"type": "Feature", "geometry": {"type": "Point", "coordinates": [-49.3318214, -25.5752473]}, "properties": {"id": 951842851, "feat_type": "way", "quality_categories": "missing_tags, older_than_five_years", "issue_ids": "[347, 6]", "osm_url": "https://www.openstreetmap.org/way/951842851", "josm_url": "http://127.0.0.1:8111/load_object?new_layer=false&objects=w951842851", "id_url": "https://www.openstreetmap.org/edit?editor=id&way=951842851#map=20/-25.5752473/-49.3318214"}}, {"type": "Feature", "geometry": {"type": "Point", "coordinates": [-49.2333446, -25.4646078]}, "properties": {"id": 953199309, "feat_type": "way", "quality_categories": "missing_tags, older_than_five_years", "issue_ids": "[405, 6]", "osm_url": "https://www.openstreetmap.org/way/953199309", "josm_url": "http://127.0.0.1:8111/load_object?new_layer=false&objects=w953199309", "id_url": "https://www.openstreetmap.org/edit?editor=id&way=953199309#map=20/-25.4646078/-49.2333446"}}, {"type": "Feature", "geometry": {"type": "Point", "coordinates": [-49.2331859, -25.4645046]}, "properties": {"id": 953199311, "feat_type": "way", "quality_categories": "missing_tags, older_than_five_years", "issue_ids": "[405, 6]", "osm_url": "https://www.openstreetmap.org/way/953199311", "josm_url": "http://127.0.0.1:8111/load_object?new_layer=false&objects=w953199311", "id_url": "https://www.openstreetmap.org/edit?editor=id&way=953199311#map=20/-25.4645046/-49.2331859"}}, {"type": "Feature", "geometry": {"type": "Point", "coordinates": [-49.2321975, -25.4639098]}, "properties": {"id": 953199315, "feat_type": "way", "quality_categories": "missing_tags, older_than_five_years", "issue_ids": "[405, 6]", "osm_url": "https://www.openstreetmap.org/way/953199315", "josm_url": "http://127.0.0.1:8111/load_object?new_layer=false&objects=w953199315", "id_url": "https://www.openstreetmap.org/edit?editor=id&way=953199315#map=20/-25.4639098/-49.2321975"}}, {"type": "Feature", "geometry": {"type": "Point", "coordinates": [-49.2329716, -25.4630027]}, "properties": {"id": 953199316, "feat_type": "way", "quality_categories": "missing_tags, older_than_five_years", "issue_ids": "[373, 6]", "osm_url": "https://www.openstreetmap.org/way/953199316", "josm_url": "http://127.0.0.1:8111/load_object?new_layer=false&objects=w953199316", "id_url": "https://www.openstreetmap.org/edit?editor=id&way=953199316#map=20/-25.4630027/-49.2329716"}}, {"type": "Feature", "geometry": {"type": "Point", "coordinates": [-49.233168, -25.4629716]}, "properties": {"id": 953199317, "feat_type": "way", "quality_categories": "missing_tags, older_than_five_years", "issue_ids": "[405, 6]", "osm_url": "https://www.openstreetmap.org/way/953199317", "josm_url": "http://127.0.0.1:8111/load_object?new_layer=false&objects=w953199317", "id_url": "https://www.openstreetmap.org/edit?editor=id&way=953199317#map=20/-25.4629716/-49.233168"}}, {"type": "Feature", "geometry": {"type": "Point", "coordinates": [-49.2329737, -25.4628565]}, "properties": {"id": 953199319, "feat_type": "way", "quality_categories": "missing_tags, older_than_five_years", "issue_ids": "[373, 6]", "osm_url": "https://www.openstreetmap.org/way/953199319", "josm_url": "http://127.0.0.1:8111/load_object?new_layer=false&objects=w953199319", "id_url": "https://www.openstreetmap.org/edit?editor=id&way=953199319#map=20/-25.4628565/-49.2329737"}}, {"type": "Feature", "geometry": {"type": "Point", "coordinates": [-49.2341204, -25.4635582]}, "properties": {"id": 953199321, "feat_type": "way", "quality_categories": "missing_tags, older_than_five_years", "issue_ids": "[405, 6]", "osm_url": "https://www.openstreetmap.org/way/953199321", "josm_url": "http://127.0.0.1:8111/load_object?new_layer=false&objects=w953199321", "id_url": "https://www.openstreetmap.org/edit?editor=id&way=953199321#map=20/-25.4635582/-49.2341204"}}, {"type": "Feature", "geometry": {"type": "Point", "coordinates": [-49.2312518, -25.4633406]}, "properties": {"id": 953199638, "feat_type": "way", "quality_categories": "missing_tags, older_than_five_years", "issue_ids": "[405, 6]", "osm_url": "https://www.openstreetmap.org/way/953199638", "josm_url": "http://127.0.0.1:8111/load_object?new_layer=false&objects=w953199638", "id_url": "https://www.openstreetmap.org/edit?editor=id&way=953199638#map=20/-25.4633406/-49.2312518"}}, {"type": "Feature", "geometry": {"type": "Point", "coordinates": [-49.231243, -25.4632094]}, "properties": {"id": 953199918, "feat_type": "way", "quality_categories": "missing_tags, older_than_five_years", "issue_ids": "[405, 6]", "osm_url": "https://www.openstreetmap.org/way/953199918", "josm_url": "http://127.0.0.1:8111/load_object?new_layer=false&objects=w953199918", "id_url": "https://www.openstreetmap.org/edit?editor=id&way=953199918#map=20/-25.4632094/-49.231243"}}, {"type": "Feature", "geometry": {"type": "Point", "coordinates": [-49.2315254, -25.4650136]}, "properties": {"id": 953200481, "feat_type": "way", "quality_categories": "missing_tags, older_than_five_years", "issue_ids": "[373, 6]", "osm_url": "https://www.openstreetmap.org/way/953200481", "josm_url": "http://127.0.0.1:8111/load_object?new_layer=false&objects=w953200481", "id_url": "https://www.openstreetmap.org/edit?editor=id&way=953200481#map=20/-25.4650136/-49.2315254"}}, {"type": "Feature", "geometry": {"type": "Point", "coordinates": [-49.2313585, -25.4650387]}, "properties": {"id": 953200482, "feat_type": "way", "quality_categories": "missing_tags, older_than_five_years", "issue_ids": "[405, 6]", "osm_url": "https://www.openstreetmap.org/way/953200482", "josm_url": "http://127.0.0.1:8111/load_object?new_layer=false&objects=w953200482", "id_url": "https://www.openstreetmap.org/edit?editor=id&way=953200482#map=20/-25.4650387/-49.2313585"}}, {"type": "Feature", "geometry": {"type": "Point", "coordinates": [-49.2323668, -25.465642]}, "properties": {"id": 953200483, "feat_type": "way", "quality_categories": "missing_tags, older_than_five_years", "issue_ids": "[405, 6]", "osm_url": "https://www.openstreetmap.org/way/953200483", "josm_url": "http://127.0.0.1:8111/load_object?new_layer=false&objects=w953200483", "id_url": "https://www.openstreetmap.org/edit?editor=id&way=953200483#map=20/-25.465642/-49.2323668"}}, {"type": "Feature", "geometry": {"type": "Point", "coordinates": [-49.2303704, -25.4643521]}, "properties": {"id": 953201042, "feat_type": "way", "quality_categories": "missing_tags, older_than_five_years", "issue_ids": "[406, 6]", "osm_url": "https://www.openstreetmap.org/way/953201042", "josm_url": "http://127.0.0.1:8111/load_object?new_layer=false&objects=w953201042", "id_url": "https://www.openstreetmap.org/edit?editor=id&way=953201042#map=20/-25.4643521/-49.2303704"}}, {"type": "Feature", "geometry": {"type": "Point", "coordinates": [-49.2303794, -25.464492]}, "properties": {"id": 953201043, "feat_type": "way", "quality_categories": "missing_tags, older_than_five_years", "issue_ids": "[406, 6]", "osm_url": "https://www.openstreetmap.org/way/953201043", "josm_url": "http://127.0.0.1:8111/load_object?new_layer=false&objects=w953201043", "id_url": "https://www.openstreetmap.org/edit?editor=id&way=953201043#map=20/-25.464492/-49.2303794"}}, {"type": "Feature", "geometry": {"type": "Point", "coordinates": [-49.2301614, -25.4646258]}, "properties": {"id": 953201044, "feat_type": "way", "quality_categories": "missing_tags, older_than_five_years", "issue_ids": "[406, 6]", "osm_url": "https://www.openstreetmap.org/way/953201044", "josm_url": "http://127.0.0.1:8111/load_object?new_layer=false&objects=w953201044", "id_url": "https://www.openstreetmap.org/edit?editor=id&way=953201044#map=20/-25.4646258/-49.2301614"}}, {"type": "Feature", "geometry": {"type": "Point", "coordinates": [-49.2300571, -25.4644719]}, "properties": {"id": 953201045, "feat_type": "way", "quality_categories": "missing_tags, older_than_five_years", "issue_ids": "[406, 6]", "osm_url": "https://www.openstreetmap.org/way/953201045", "josm_url": "http://127.0.0.1:8111/load_object?new_layer=false&objects=w953201045", "id_url": "https://www.openstreetmap.org/edit?editor=id&way=953201045#map=20/-25.4644719/-49.2300571"}}, {"type": "Feature", "geometry": {"type": "Point", "coordinates": [-49.231065, -25.4578452]}, "properties": {"id": 955490093, "feat_type": "way", "quality_categories": "missing_tags, older_than_five_years", "issue_ids": "[373, 6]", "osm_url": "https://www.openstreetmap.org/way/955490093", "josm_url": "http://127.0.0.1:8111/load_object?new_layer=false&objects=w955490093", "id_url": "https://www.openstreetmap.org/edit?editor=id&way=955490093#map=20/-25.4578452/-49.231065"}}, {"type": "Feature", "geometry": {"type": "Point", "coordinates": [-49.2305061, -25.4566888]}, "properties": {"id": 955490101, "feat_type": "way", "quality_categories": "missing_tags, older_than_five_years", "issue_ids": "[373, 6]", "osm_url": "https://www.openstreetmap.org/way/955490101", "josm_url": "http://127.0.0.1:8111/load_object?new_layer=false&objects=w955490101", "id_url": "https://www.openstreetmap.org/edit?editor=id&way=955490101#map=20/-25.4566888/-49.2305061"}}, {"type": "Feature", "geometry": {"type": "Point", "coordinates": [-49.2303004, -25.4562632]}, "properties": {"id": 955490102, "feat_type": "way", "quality_categories": "missing_tags, older_than_five_years", "issue_ids": "[373, 6]", "osm_url": "https://www.openstreetmap.org/way/955490102", "josm_url": "http://127.0.0.1:8111/load_object?new_layer=false&objects=w955490102", "id_url": "https://www.openstreetmap.org/edit?editor=id&way=955490102#map=20/-25.4562632/-49.2303004"}}, {"type": "Feature", "geometry": {"type": "Point", "coordinates": [-49.2301694, -25.4562265]}, "properties": {"id": 955490103, "feat_type": "way", "quality_categories": "missing_tags, older_than_five_years", "issue_ids": "[373, 6]", "osm_url": "https://www.openstreetmap.org/way/955490103", "josm_url": "http://127.0.0.1:8111/load_object?new_layer=false&objects=w955490103", "id_url": "https://www.openstreetmap.org/edit?editor=id&way=955490103#map=20/-25.4562265/-49.2301694"}}, {"type": "Feature", "geometry": {"type": "Point", "coordinates": [-49.230361, -25.4561512]}, "properties": {"id": 955490105, "feat_type": "way", "quality_categories": "missing_tags, older_than_five_years", "issue_ids": "[373, 6]", "osm_url": "https://www.openstreetmap.org/way/955490105", "josm_url": "http://127.0.0.1:8111/load_object?new_layer=false&objects=w955490105", "id_url": "https://www.openstreetmap.org/edit?editor=id&way=955490105#map=20/-25.4561512/-49.230361"}}, {"type": "Feature", "geometry": {"type": "Point", "coordinates": [-49.2302412, -25.4561408]}, "properties": {"id": 955490106, "feat_type": "way", "quality_categories": "missing_tags, older_than_five_years", "issue_ids": "[373, 6]", "osm_url": "https://www.openstreetmap.org/way/955490106", "josm_url": "http://127.0.0.1:8111/load_object?new_layer=false&objects=w955490106", "id_url": "https://www.openstreetmap.org/edit?editor=id&way=955490106#map=20/-25.4561408/-49.2302412"}}, {"type": "Feature", "geometry": {"type": "Point", "coordinates": [-49.2262272, -25.4613954]}, "properties": {"id": 957929761, "feat_type": "way", "quality_categories": "missing_tags, older_than_five_years", "issue_ids": "[407, 6]", "osm_url": "https://www.openstreetmap.org/way/957929761", "josm_url": "http://127.0.0.1:8111/load_object?new_layer=false&objects=w957929761", "id_url": "https://www.openstreetmap.org/edit?editor=id&way=957929761#map=20/-25.4613954/-49.2262272"}}, {"type": "Feature", "geometry": {"type": "Point", "coordinates": [-49.2274976, -25.463664]}, "properties": {"id": 960085479, "feat_type": "way", "quality_categories": "missing_tags, older_than_five_years", "issue_ids": "[408, 6]", "osm_url": "https://www.openstreetmap.org/way/960085479", "josm_url": "http://127.0.0.1:8111/load_object?new_layer=false&objects=w960085479", "id_url": "https://www.openstreetmap.org/edit?editor=id&way=960085479#map=20/-25.463664/-49.2274976"}}, {"type": "Feature", "geometry": {"type": "Point", "coordinates": [-49.2273732, -25.4637209]}, "properties": {"id": 960085480, "feat_type": "way", "quality_categories": "missing_tags, older_than_five_years", "issue_ids": "[408, 6]", "osm_url": "https://www.openstreetmap.org/way/960085480", "josm_url": "http://127.0.0.1:8111/load_object?new_layer=false&objects=w960085480", "id_url": "https://www.openstreetmap.org/edit?editor=id&way=960085480#map=20/-25.4637209/-49.2273732"}}, {"type": "Feature", "geometry": {"type": "Point", "coordinates": [-49.2272959, -25.4640063]}, "properties": {"id": 960085481, "feat_type": "way", "quality_categories": "missing_tags, older_than_five_years", "issue_ids": "[408, 6]", "osm_url": "https://www.openstreetmap.org/way/960085481", "josm_url": "http://127.0.0.1:8111/load_object?new_layer=false&objects=w960085481", "id_url": "https://www.openstreetmap.org/edit?editor=id&way=960085481#map=20/-25.4640063/-49.2272959"}}, {"type": "Feature", "geometry": {"type": "Point", "coordinates": [-49.2272347, -25.4642325]}, "properties": {"id": 960085482, "feat_type": "way", "quality_categories": "missing_tags, older_than_five_years", "issue_ids": "[408, 6]", "osm_url": "https://www.openstreetmap.org/way/960085482", "josm_url": "http://127.0.0.1:8111/load_object?new_layer=false&objects=w960085482", "id_url": "https://www.openstreetmap.org/edit?editor=id&way=960085482#map=20/-25.4642325/-49.2272347"}}, {"type": "Feature", "geometry": {"type": "Point", "coordinates": [-49.2269202, -25.4653943]}, "properties": {"id": 960085483, "feat_type": "way", "quality_categories": "missing_tags, older_than_five_years", "issue_ids": "[409, 6]", "osm_url": "https://www.openstreetmap.org/way/960085483", "josm_url": "http://127.0.0.1:8111/load_object?new_layer=false&objects=w960085483", "id_url": "https://www.openstreetmap.org/edit?editor=id&way=960085483#map=20/-25.4653943/-49.2269202"}}, {"type": "Feature", "geometry": {"type": "Point", "coordinates": [-49.2275573, -25.4656715]}, "properties": {"id": 960085484, "feat_type": "way", "quality_categories": "missing_tags, older_than_five_years", "issue_ids": "[409, 6]", "osm_url": "https://www.openstreetmap.org/way/960085484", "josm_url": "http://127.0.0.1:8111/load_object?new_layer=false&objects=w960085484", "id_url": "https://www.openstreetmap.org/edit?editor=id&way=960085484#map=20/-25.4656715/-49.2275573"}}, {"type": "Feature", "geometry": {"type": "Point", "coordinates": [-49.2284422, -25.4660527]}, "properties": {"id": 960085486, "feat_type": "way", "quality_categories": "missing_tags, older_than_five_years", "issue_ids": "[409, 6]", "osm_url": "https://www.openstreetmap.org/way/960085486", "josm_url": "http://127.0.0.1:8111/load_object?new_layer=false&objects=w960085486", "id_url": "https://www.openstreetmap.org/edit?editor=id&way=960085486#map=20/-25.4660527/-49.2284422"}}, {"type": "Feature", "geometry": {"type": "Point", "coordinates": [-49.2278345, -25.4657618]}, "properties": {"id": 960085487, "feat_type": "way", "quality_categories": "missing_tags, older_than_five_years", "issue_ids": "[409, 6]", "osm_url": "https://www.openstreetmap.org/way/960085487", "josm_url": "http://127.0.0.1:8111/load_object?new_layer=false&objects=w960085487", "id_url": "https://www.openstreetmap.org/edit?editor=id&way=960085487#map=20/-25.4657618/-49.2278345"}}, {"type": "Feature", "geometry": {"type": "Point", "coordinates": [-49.2286026, -25.4659348]}, "properties": {"id": 960085488, "feat_type": "way", "quality_categories": "missing_tags, older_than_five_years", "issue_ids": "[409, 6]", "osm_url": "https://www.openstreetmap.org/way/960085488", "josm_url": "http://127.0.0.1:8111/load_object?new_layer=false&objects=w960085488", "id_url": "https://www.openstreetmap.org/edit?editor=id&way=960085488#map=20/-25.4659348/-49.2286026"}}, {"type": "Feature", "geometry": {"type": "Point", "coordinates": [-49.2285207, -25.4646802]}, "properties": {"id": 960085489, "feat_type": "way", "quality_categories": "missing_tags, older_than_five_years", "issue_ids": "[409, 6]", "osm_url": "https://www.openstreetmap.org/way/960085489", "josm_url": "http://127.0.0.1:8111/load_object?new_layer=false&objects=w960085489", "id_url": "https://www.openstreetmap.org/edit?editor=id&way=960085489#map=20/-25.4646802/-49.2285207"}}, {"type": "Feature", "geometry": {"type": "Point", "coordinates": [-49.2285061, -25.4644662]}, "properties": {"id": 960085490, "feat_type": "way", "quality_categories": "missing_tags, older_than_five_years", "issue_ids": "[410, 6]", "osm_url": "https://www.openstreetmap.org/way/960085490", "josm_url": "http://127.0.0.1:8111/load_object?new_layer=false&objects=w960085490", "id_url": "https://www.openstreetmap.org/edit?editor=id&way=960085490#map=20/-25.4644662/-49.2285061"}}, {"type": "Feature", "geometry": {"type": "Point", "coordinates": [-49.2284765, -25.4640356]}, "properties": {"id": 960085495, "feat_type": "way", "quality_categories": "missing_tags, older_than_five_years", "issue_ids": "[410, 6]", "osm_url": "https://www.openstreetmap.org/way/960085495", "josm_url": "http://127.0.0.1:8111/load_object?new_layer=false&objects=w960085495", "id_url": "https://www.openstreetmap.org/edit?editor=id&way=960085495#map=20/-25.4640356/-49.2284765"}}, {"type": "Feature", "geometry": {"type": "Point", "coordinates": [-49.2286568, -25.4645632]}, "properties": {"id": 960085498, "feat_type": "way", "quality_categories": "missing_tags, older_than_five_years", "issue_ids": "[411, 6]", "osm_url": "https://www.openstreetmap.org/way/960085498", "josm_url": "http://127.0.0.1:8111/load_object?new_layer=false&objects=w960085498", "id_url": "https://www.openstreetmap.org/edit?editor=id&way=960085498#map=20/-25.4645632/-49.2286568"}}, {"type": "Feature", "geometry": {"type": "Point", "coordinates": [-49.2292792, -25.4645226]}, "properties": {"id": 960085499, "feat_type": "way", "quality_categories": "missing_tags, older_than_five_years", "issue_ids": "[411, 6]", "osm_url": "https://www.openstreetmap.org/way/960085499", "josm_url": "http://127.0.0.1:8111/load_object?new_layer=false&objects=w960085499", "id_url": "https://www.openstreetmap.org/edit?editor=id&way=960085499#map=20/-25.4645226/-49.2292792"}}, {"type": "Feature", "geometry": {"type": "Point", "coordinates": [-49.2293946, -25.4644195]}, "properties": {"id": 960085501, "feat_type": "way", "quality_categories": "missing_tags, older_than_five_years", "issue_ids": "[409, 6]", "osm_url": "https://www.openstreetmap.org/way/960085501", "josm_url": "http://127.0.0.1:8111/load_object?new_layer=false&objects=w960085501", "id_url": "https://www.openstreetmap.org/edit?editor=id&way=960085501#map=20/-25.4644195/-49.2293946"}}, {"type": "Feature", "geometry": {"type": "Point", "coordinates": [-49.2295383, -25.4654417]}, "properties": {"id": 960085502, "feat_type": "way", "quality_categories": "missing_tags, older_than_five_years", "issue_ids": "[409, 6]", "osm_url": "https://www.openstreetmap.org/way/960085502", "josm_url": "http://127.0.0.1:8111/load_object?new_layer=false&objects=w960085502", "id_url": "https://www.openstreetmap.org/edit?editor=id&way=960085502#map=20/-25.4654417/-49.2295383"}}, {"type": "Feature", "geometry": {"type": "Point", "coordinates": [-49.2269609, -25.4655696]}, "properties": {"id": 960086105, "feat_type": "way", "quality_categories": "missing_tags, older_than_five_years", "issue_ids": "[408, 6]", "osm_url": "https://www.openstreetmap.org/way/960086105", "josm_url": "http://127.0.0.1:8111/load_object?new_layer=false&objects=w960086105", "id_url": "https://www.openstreetmap.org/edit?editor=id&way=960086105#map=20/-25.4655696/-49.2269609"}}, {"type": "Feature", "geometry": {"type": "Point", "coordinates": [-49.228453, -25.4644666]}, "properties": {"id": 961378786, "feat_type": "way", "quality_categories": "missing_tags, older_than_five_years", "issue_ids": "[410, 6]", "osm_url": "https://www.openstreetmap.org/way/961378786", "josm_url": "http://127.0.0.1:8111/load_object?new_layer=false&objects=w961378786", "id_url": "https://www.openstreetmap.org/edit?editor=id&way=961378786#map=20/-25.4644666/-49.228453"}}, {"type": "Feature", "geometry": {"type": "Point", "coordinates": [-49.2275203, -25.4635884]}, "properties": {"id": 961607830, "feat_type": "way", "quality_categories": "missing_tags, older_than_five_years", "issue_ids": "[408, 6]", "osm_url": "https://www.openstreetmap.org/way/961607830", "josm_url": "http://127.0.0.1:8111/load_object?new_layer=false&objects=w961607830", "id_url": "https://www.openstreetmap.org/edit?editor=id&way=961607830#map=20/-25.4635884/-49.2275203"}}, {"type": "Feature", "geometry": {"type": "Point", "coordinates": [-49.2274149, -25.4637333]}, "properties": {"id": 961607833, "feat_type": "way", "quality_categories": "missing_tags, older_than_five_years", "issue_ids": "[408, 6]", "osm_url": "https://www.openstreetmap.org/way/961607833", "josm_url": "http://127.0.0.1:8111/load_object?new_layer=false&objects=w961607833", "id_url": "https://www.openstreetmap.org/edit?editor=id&way=961607833#map=20/-25.4637333/-49.2274149"}}, {"type": "Feature", "geometry": {"type": "Point", "coordinates": [-49.3523098, -25.506166]}, "properties": {"id": 968293040, "feat_type": "way", "quality_categories": "missing_tags, older_than_five_years", "issue_ids": "[313, 6]", "osm_url": "https://www.openstreetmap.org/way/968293040", "josm_url": "http://127.0.0.1:8111/load_object?new_layer=false&objects=w968293040", "id_url": "https://www.openstreetmap.org/edit?editor=id&way=968293040#map=20/-25.506166/-49.3523098"}}, {"type": "Feature", "geometry": {"type": "Point", "coordinates": [-49.3525024, -25.5061489]}, "properties": {"id": 969835998, "feat_type": "way", "quality_categories": "older_than_five_years", "issue_ids": "[401]", "osm_url": "https://www.openstreetmap.org/way/969835998", "josm_url": "http://127.0.0.1:8111/load_object?new_layer=false&objects=w969835998", "id_url": "https://www.openstreetmap.org/edit?editor=id&way=969835998#map=20/-25.5061489/-49.3525024"}}, {"type": "Feature", "geometry": {"type": "Point", "coordinates": [-49.3531837, -25.5054233]}, "properties": {"id": 969836000, "feat_type": "way", "quality_categories": "older_than_five_years", "issue_ids": "[401]", "osm_url": "https://www.openstreetmap.org/way/969836000", "josm_url": "http://127.0.0.1:8111/load_object?new_layer=false&objects=w969836000", "id_url": "https://www.openstreetmap.org/edit?editor=id&way=969836000#map=20/-25.5054233/-49.3531837"}}, {"type": "Feature", "geometry": {"type": "Point", "coordinates": [-49.3530412, -25.5062916]}, "properties": {"id": 974810156, "feat_type": "way", "quality_categories": "missing_tags, older_than_five_years", "issue_ids": "[297, 6]", "osm_url": "https://www.openstreetmap.org/way/974810156", "josm_url": "http://127.0.0.1:8111/load_object?new_layer=false&objects=w974810156", "id_url": "https://www.openstreetmap.org/edit?editor=id&way=974810156#map=20/-25.5062916/-49.3530412"}}, {"type": "Feature", "geometry": {"type": "Point", "coordinates": [-49.3530653, -25.5063159]}, "properties": {"id": 974810157, "feat_type": "way", "quality_categories": "missing_tags, older_than_five_years", "issue_ids": "[297, 6]", "osm_url": "https://www.openstreetmap.org/way/974810157", "josm_url": "http://127.0.0.1:8111/load_object?new_layer=false&objects=w974810157", "id_url": "https://www.openstreetmap.org/edit?editor=id&way=974810157#map=20/-25.5063159/-49.3530653"}}, {"type": "Feature", "geometry": {"type": "Point", "coordinates": [-49.3532332, -25.5063484]}, "properties": {"id": 974810158, "feat_type": "way", "quality_categories": "missing_tags, older_than_five_years", "issue_ids": "[297, 6]", "osm_url": "https://www.openstreetmap.org/way/974810158", "josm_url": "http://127.0.0.1:8111/load_object?new_layer=false&objects=w974810158", "id_url": "https://www.openstreetmap.org/edit?editor=id&way=974810158#map=20/-25.5063484/-49.3532332"}}, {"type": "Feature", "geometry": {"type": "Point", "coordinates": [-49.3509642, -25.5064843]}, "properties": {"id": 974810160, "feat_type": "way", "quality_categories": "missing_tags, older_than_five_years", "issue_ids": "[297, 6]", "osm_url": "https://www.openstreetmap.org/way/974810160", "josm_url": "http://127.0.0.1:8111/load_object?new_layer=false&objects=w974810160", "id_url": "https://www.openstreetmap.org/edit?editor=id&way=974810160#map=20/-25.5064843/-49.3509642"}}, {"type": "Feature", "geometry": {"type": "Point", "coordinates": [-49.3509593, -25.5063789]}, "properties": {"id": 974810161, "feat_type": "way", "quality_categories": "missing_tags, older_than_five_years", "issue_ids": "[297, 6]", "osm_url": "https://www.openstreetmap.org/way/974810161", "josm_url": "http://127.0.0.1:8111/load_object?new_layer=false&objects=w974810161", "id_url": "https://www.openstreetmap.org/edit?editor=id&way=974810161#map=20/-25.5063789/-49.3509593"}}, {"type": "Feature", "geometry": {"type": "Point", "coordinates": [-49.3513343, -25.5061797]}, "properties": {"id": 974810162, "feat_type": "way", "quality_categories": "missing_tags, older_than_five_years", "issue_ids": "[297, 6]", "osm_url": "https://www.openstreetmap.org/way/974810162", "josm_url": "http://127.0.0.1:8111/load_object?new_layer=false&objects=w974810162", "id_url": "https://www.openstreetmap.org/edit?editor=id&way=974810162#map=20/-25.5061797/-49.3513343"}}, {"type": "Feature", "geometry": {"type": "Point", "coordinates": [-49.3516358, -25.5068957]}, "properties": {"id": 974810163, "feat_type": "way", "quality_categories": "missing_tags, older_than_five_years", "issue_ids": "[297, 6]", "osm_url": "https://www.openstreetmap.org/way/974810163", "josm_url": "http://127.0.0.1:8111/load_object?new_layer=false&objects=w974810163", "id_url": "https://www.openstreetmap.org/edit?editor=id&way=974810163#map=20/-25.5068957/-49.3516358"}}, {"type": "Feature", "geometry": {"type": "Point", "coordinates": [-49.3313451, -25.3730858]}, "properties": {"id": 975789665, "feat_type": "way", "quality_categories": "missing_tags, older_than_five_years", "issue_ids": "[370, 6]", "osm_url": "https://www.openstreetmap.org/way/975789665", "josm_url": "http://127.0.0.1:8111/load_object?new_layer=false&objects=w975789665", "id_url": "https://www.openstreetmap.org/edit?editor=id&way=975789665#map=20/-25.3730858/-49.3313451"}}, {"type": "Feature", "geometry": {"type": "Point", "coordinates": [-49.2579662, -25.3618921]}, "properties": {"id": 975977709, "feat_type": "way", "quality_categories": "missing_tags, older_than_five_years", "issue_ids": "[22, 6]", "osm_url": "https://www.openstreetmap.org/way/975977709", "josm_url": "http://127.0.0.1:8111/load_object?new_layer=false&objects=w975977709", "id_url": "https://www.openstreetmap.org/edit?editor=id&way=975977709#map=20/-25.3618921/-49.2579662"}}, {"type": "Feature", "geometry": {"type": "Point", "coordinates": [-49.2604689, -25.3625072]}, "properties": {"id": 975977711, "feat_type": "way", "quality_categories": "missing_tags, older_than_five_years", "issue_ids": "[22, 6]", "osm_url": "https://www.openstreetmap.org/way/975977711", "josm_url": "http://127.0.0.1:8111/load_object?new_layer=false&objects=w975977711", "id_url": "https://www.openstreetmap.org/edit?editor=id&way=975977711#map=20/-25.3625072/-49.2604689"}}, {"type": "Feature", "geometry": {"type": "Point", "coordinates": [-49.3549915, -25.4115559]}, "properties": {"id": 976190666, "feat_type": "way", "quality_categories": "missing_tags, older_than_five_years", "issue_ids": "[159, 6]", "osm_url": "https://www.openstreetmap.org/way/976190666", "josm_url": "http://127.0.0.1:8111/load_object?new_layer=false&objects=w976190666", "id_url": "https://www.openstreetmap.org/edit?editor=id&way=976190666#map=20/-25.4115559/-49.3549915"}}, {"type": "Feature", "geometry": {"type": "Point", "coordinates": [-49.3449299, -25.4049399]}, "properties": {"id": 976190692, "feat_type": "way", "quality_categories": "missing_tags, older_than_five_years", "issue_ids": "[159, 6]", "osm_url": "https://www.openstreetmap.org/way/976190692", "josm_url": "http://127.0.0.1:8111/load_object?new_layer=false&objects=w976190692", "id_url": "https://www.openstreetmap.org/edit?editor=id&way=976190692#map=20/-25.4049399/-49.3449299"}}, {"type": "Feature", "geometry": {"type": "Point", "coordinates": [-49.2592018, -25.5105018]}, "properties": {"id": 976253653, "feat_type": "way", "quality_categories": "missing_tags, older_than_five_years", "issue_ids": "[159, 6]", "osm_url": "https://www.openstreetmap.org/way/976253653", "josm_url": "http://127.0.0.1:8111/load_object?new_layer=false&objects=w976253653", "id_url": "https://www.openstreetmap.org/edit?editor=id&way=976253653#map=20/-25.5105018/-49.2592018"}}, {"type": "Feature", "geometry": {"type": "Point", "coordinates": [-49.2595133, -25.5102561]}, "properties": {"id": 976253654, "feat_type": "way", "quality_categories": "missing_tags, older_than_five_years", "issue_ids": "[159, 6]", "osm_url": "https://www.openstreetmap.org/way/976253654", "josm_url": "http://127.0.0.1:8111/load_object?new_layer=false&objects=w976253654", "id_url": "https://www.openstreetmap.org/edit?editor=id&way=976253654#map=20/-25.5102561/-49.2595133"}}, {"type": "Feature", "geometry": {"type": "Point", "coordinates": [-49.30463082317168, -25.404647750000002]}, "properties": {"id": 976501495, "feat_type": "way", "quality_categories": "missing_tags, older_than_five_years", "issue_ids": "[15, 6]", "osm_url": "https://www.openstreetmap.org/way/976501495", "josm_url": "http://127.0.0.1:8111/load_object?new_layer=false&objects=w976501495", "id_url": "https://www.openstreetmap.org/edit?editor=id&way=976501495#map=20/-25.404647750000002/-49.30463082317168"}}, {"type": "Feature", "geometry": {"type": "Point", "coordinates": [-49.30419412321182, -25.38760225]}, "properties": {"id": 976502582, "feat_type": "way", "quality_categories": "missing_tags, older_than_five_years", "issue_ids": "[15, 6]", "osm_url": "https://www.openstreetmap.org/way/976502582", "josm_url": "http://127.0.0.1:8111/load_object?new_layer=false&objects=w976502582", "id_url": "https://www.openstreetmap.org/edit?editor=id&way=976502582#map=20/-25.38760225/-49.30419412321182"}}, {"type": "Feature", "geometry": {"type": "Point", "coordinates": [-49.3058783611273, -25.420521899999997]}, "properties": {"id": 976508016, "feat_type": "way", "quality_categories": "missing_tags, older_than_five_years", "issue_ids": "[15, 6]", "osm_url": "https://www.openstreetmap.org/way/976508016", "josm_url": "http://127.0.0.1:8111/load_object?new_layer=false&objects=w976508016", "id_url": "https://www.openstreetmap.org/edit?editor=id&way=976508016#map=20/-25.420521899999997/-49.3058783611273"}}, {"type": "Feature", "geometry": {"type": "Point", "coordinates": [-49.30584855, -25.4202291]}, "properties": {"id": 976508017, "feat_type": "way", "quality_categories": "missing_tags, older_than_five_years", "issue_ids": "[15, 6]", "osm_url": "https://www.openstreetmap.org/way/976508017", "josm_url": "http://127.0.0.1:8111/load_object?new_layer=false&objects=w976508017", "id_url": "https://www.openstreetmap.org/edit?editor=id&way=976508017#map=20/-25.4202291/-49.30584855"}}, {"type": "Feature", "geometry": {"type": "Point", "coordinates": [-49.3081997, -25.4164898]}, "properties": {"id": 976508025, "feat_type": "way", "quality_categories": "missing_tags, older_than_five_years", "issue_ids": "[15, 6]", "osm_url": "https://www.openstreetmap.org/way/976508025", "josm_url": "http://127.0.0.1:8111/load_object?new_layer=false&objects=w976508025", "id_url": "https://www.openstreetmap.org/edit?editor=id&way=976508025#map=20/-25.4164898/-49.3081997"}}, {"type": "Feature", "geometry": {"type": "Point", "coordinates": [-49.3083451, -25.416207]}, "properties": {"id": 976508026, "feat_type": "way", "quality_categories": "missing_tags, older_than_five_years", "issue_ids": "[15, 6]", "osm_url": "https://www.openstreetmap.org/way/976508026", "josm_url": "http://127.0.0.1:8111/load_object?new_layer=false&objects=w976508026", "id_url": "https://www.openstreetmap.org/edit?editor=id&way=976508026#map=20/-25.416207/-49.3083451"}}, {"type": "Feature", "geometry": {"type": "Point", "coordinates": [-49.3084059, -25.4164156]}, "properties": {"id": 976508027, "feat_type": "way", "quality_categories": "missing_tags, older_than_five_years", "issue_ids": "[15, 6]", "osm_url": "https://www.openstreetmap.org/way/976508027", "josm_url": "http://127.0.0.1:8111/load_object?new_layer=false&objects=w976508027", "id_url": "https://www.openstreetmap.org/edit?editor=id&way=976508027#map=20/-25.4164156/-49.3084059"}}, {"type": "Feature", "geometry": {"type": "Point", "coordinates": [-49.30545133607458, -25.42228315]}, "properties": {"id": 976508034, "feat_type": "way", "quality_categories": "missing_tags, older_than_five_years", "issue_ids": "[15, 6]", "osm_url": "https://www.openstreetmap.org/way/976508034", "josm_url": "http://127.0.0.1:8111/load_object?new_layer=false&objects=w976508034", "id_url": "https://www.openstreetmap.org/edit?editor=id&way=976508034#map=20/-25.42228315/-49.30545133607458"}}, {"type": "Feature", "geometry": {"type": "Point", "coordinates": [-49.2201444, -25.4279874]}, "properties": {"id": 976526681, "feat_type": "way", "quality_categories": "older_than_five_years", "issue_ids": "[15]", "osm_url": "https://www.openstreetmap.org/way/976526681", "josm_url": "http://127.0.0.1:8111/load_object?new_layer=false&objects=w976526681", "id_url": "https://www.openstreetmap.org/edit?editor=id&way=976526681#map=20/-25.4279874/-49.2201444"}}, {"type": "Feature", "geometry": {"type": "Point", "coordinates": [-49.2211472, -25.4276627]}, "properties": {"id": 976526682, "feat_type": "way", "quality_categories": "older_than_five_years", "issue_ids": "[15]", "osm_url": "https://www.openstreetmap.org/way/976526682", "josm_url": "http://127.0.0.1:8111/load_object?new_layer=false&objects=w976526682", "id_url": "https://www.openstreetmap.org/edit?editor=id&way=976526682#map=20/-25.4276627/-49.2211472"}}, {"type": "Feature", "geometry": {"type": "Point", "coordinates": [-49.2133335, -25.3642157]}, "properties": {"id": 976792490, "feat_type": "way", "quality_categories": "older_than_five_years", "issue_ids": "[15]", "osm_url": "https://www.openstreetmap.org/way/976792490", "josm_url": "http://127.0.0.1:8111/load_object?new_layer=false&objects=w976792490", "id_url": "https://www.openstreetmap.org/edit?editor=id&way=976792490#map=20/-25.3642157/-49.2133335"}}, {"type": "Feature", "geometry": {"type": "Point", "coordinates": [-49.3253981, -25.393405]}, "properties": {"id": 977036226, "feat_type": "way", "quality_categories": "missing_tags, older_than_five_years", "issue_ids": "[71, 6]", "osm_url": "https://www.openstreetmap.org/way/977036226", "josm_url": "http://127.0.0.1:8111/load_object?new_layer=false&objects=w977036226", "id_url": "https://www.openstreetmap.org/edit?editor=id&way=977036226#map=20/-25.393405/-49.3253981"}}, {"type": "Feature", "geometry": {"type": "Point", "coordinates": [-49.3259553, -25.3933561]}, "properties": {"id": 977036227, "feat_type": "way", "quality_categories": "missing_tags, older_than_five_years", "issue_ids": "[71, 6]", "osm_url": "https://www.openstreetmap.org/way/977036227", "josm_url": "http://127.0.0.1:8111/load_object?new_layer=false&objects=w977036227", "id_url": "https://www.openstreetmap.org/edit?editor=id&way=977036227#map=20/-25.3933561/-49.3259553"}}, {"type": "Feature", "geometry": {"type": "Point", "coordinates": [-49.3265352, -25.393308]}, "properties": {"id": 977036228, "feat_type": "way", "quality_categories": "missing_tags, older_than_five_years", "issue_ids": "[71, 6]", "osm_url": "https://www.openstreetmap.org/way/977036228", "josm_url": "http://127.0.0.1:8111/load_object?new_layer=false&objects=w977036228", "id_url": "https://www.openstreetmap.org/edit?editor=id&way=977036228#map=20/-25.393308/-49.3265352"}}, {"type": "Feature", "geometry": {"type": "Point", "coordinates": [-49.3223108, -25.39374]}, "properties": {"id": 977036935, "feat_type": "way", "quality_categories": "missing_tags, older_than_five_years", "issue_ids": "[71, 6]", "osm_url": "https://www.openstreetmap.org/way/977036935", "josm_url": "http://127.0.0.1:8111/load_object?new_layer=false&objects=w977036935", "id_url": "https://www.openstreetmap.org/edit?editor=id&way=977036935#map=20/-25.39374/-49.3223108"}}, {"type": "Feature", "geometry": {"type": "Point", "coordinates": [-49.3217924, -25.393623]}, "properties": {"id": 977036936, "feat_type": "way", "quality_categories": "missing_tags, older_than_five_years", "issue_ids": "[71, 6]", "osm_url": "https://www.openstreetmap.org/way/977036936", "josm_url": "http://127.0.0.1:8111/load_object?new_layer=false&objects=w977036936", "id_url": "https://www.openstreetmap.org/edit?editor=id&way=977036936#map=20/-25.393623/-49.3217924"}}]}