osm_id,feat_type,key,value,commentary
57744804,way,not appliable,not appliable,this crossing intersects fewer than 2 kerbs. Generally each crossing should connect to at least 2 kerbs.
164111035,way,not appliable,not appliable,this crossing intersects fewer than 2 kerbs. Generally each crossing should connect to at least 2 kerbs.
169463203,way,not appliable,not appliable,this crossing intersects fewer than 2 kerbs. Generally each crossing should connect to at least 2 kerbs.
169463212,way,not appliable,not appliable,this crossing intersects fewer than 2 kerbs. Generally each crossing should connect to at least 2 kerbs.
171463482,way,not appliable,not appliable,this crossing intersects fewer than 2 kerbs. Generally each crossing should connect to at least 2 kerbs.
173065857,way,not appliable,not appliable,this crossing intersects fewer than 2 kerbs. Generally each crossing should connect to at least 2 kerbs.
187629155,way,not appliable,not appliable,this crossing intersects fewer than 2 kerbs. Generally each crossing should connect to at least 2 kerbs.
189085469,way,not appliable,not appliable,this crossing intersects fewer than 2 kerbs. Generally each crossing should connect to at least 2 kerbs.
212393410,way,not appliable,not appliable,this crossing intersects fewer than 2 kerbs. Generally each crossing should connect to at least 2 kerbs.
235474423,way,not appliable,not appliable,this crossing intersects fewer than 2 kerbs. Generally each crossing should connect to at least 2 kerbs.
246293700,way,not appliable,not appliable,this crossing intersects fewer than 2 kerbs. Generally each crossing should connect to at least 2 kerbs.
254836391,way,not appliable,not appliable,this crossing intersects fewer than 2 kerbs. Generally each crossing should connect to at least 2 kerbs.
255045560,way,not appliable,not appliable,this crossing intersects fewer than 2 kerbs. Generally each crossing should connect to at least 2 kerbs.
268959035,way,not appliable,not appliable,this crossing intersects fewer than 2 kerbs. Generally each crossing should connect to at least 2 kerbs.
291332333,way,not appliable,not appliable,this crossing intersects fewer than 2 kerbs. Generally each crossing should connect to at least 2 kerbs.
295232379,way,not appliable,not appliable,this crossing intersects fewer than 2 kerbs. Generally each crossing should connect to at least 2 kerbs.
303525178,way,not appliable,not appliable,this crossing intersects fewer than 2 kerbs. Generally each crossing should connect to at least 2 kerbs.
304559646,way,not appliable,not appliable,this crossing intersects fewer than 2 kerbs. Generally each crossing should connect to at least 2 kerbs.
307442148,way,not appliable,not appliable,this crossing intersects fewer than 2 kerbs. Generally each crossing should connect to at least 2 kerbs.
333835639,way,not appliable,not appliable,this crossing intersects fewer than 2 kerbs. Generally each crossing should connect to at least 2 kerbs.
351522276,way,not appliable,not appliable,this crossing intersects fewer than 2 kerbs. Generally each crossing should connect to at least 2 kerbs.
373572462,way,not appliable,not appliable,this crossing intersects fewer than 2 kerbs. Generally each crossing should connect to at least 2 kerbs.
381698860,way,not appliable,not appliable,this crossing intersects fewer than 2 kerbs. Generally each crossing should connect to at least 2 kerbs.
405355368,way,not appliable,not appliable,this crossing intersects fewer than 2 kerbs. Generally each crossing should connect to at least 2 kerbs.
408669813,way,not appliable,not appliable,this crossing intersects fewer than 2 kerbs. Generally each crossing should connect to at least 2 kerbs.
412912909,way,not appliable,not appliable,this crossing intersects fewer than 2 kerbs. Generally each crossing should connect to at least 2 kerbs.
423891749,way,not appliable,not appliable,this crossing intersects fewer than 2 kerbs. Generally each crossing should connect to at least 2 kerbs.
448777649,way,not appliable,not appliable,this crossing intersects fewer than 2 kerbs. Generally each crossing should connect to at least 2 kerbs.
464515294,way,not appliable,not appliable,this crossing intersects fewer than 2 kerbs. Generally each crossing should connect to at least 2 kerbs.
497420818,way,not appliable,not appliable,this crossing intersects fewer than 2 kerbs. Generally each crossing should connect to at least 2 kerbs.
548823889,way,not appliable,not appliable,this crossing intersects fewer than 2 kerbs. Generally each crossing should connect to at least 2 kerbs.
578438932,way,not appliable,not appliable,this crossing intersects fewer than 2 kerbs. Generally each crossing should connect to at least 2 kerbs.
586583628,way,not appliable,not appliable,this crossing intersects fewer than 2 kerbs. Generally each crossing should connect to at least 2 kerbs.
628959609,way,not appliable,not appliable,this crossing intersects fewer than 2 kerbs. Generally each crossing should connect to at least 2 kerbs.
629116477,way,not appliable,not appliable,this crossing intersects fewer than 2 kerbs. Generally each crossing should connect to at least 2 kerbs.
636217038,way,not appliable,not appliable,this crossing intersects fewer than 2 kerbs. Generally each crossing should connect to at least 2 kerbs.
639503909,way,not appliable,not appliable,this crossing intersects fewer than 2 kerbs. Generally each crossing should connect to at least 2 kerbs.
670480323,way,not appliable,not appliable,this crossing intersects fewer than 2 kerbs. Generally each crossing should connect to at least 2 kerbs.
672047637,way,not appliable,not appliable,this crossing intersects fewer than 2 kerbs. Generally each crossing should connect to at least 2 kerbs.
685231814,way,not appliable,not appliable,this crossing intersects fewer than 2 kerbs. Generally each crossing should connect to at least 2 kerbs.
685609131,way,not appliable,not appliable,this crossing intersects fewer than 2 kerbs. Generally each crossing should connect to at least 2 kerbs.
685618685,way,not appliable,not appliable,this crossing intersects fewer than 2 kerbs. Generally each crossing should connect to at least 2 kerbs.
686649934,way,not appliable,not appliable,this crossing intersects fewer than 2 kerbs. Generally each crossing should connect to at least 2 kerbs.
686831308,way,not appliable,not appliable,this crossing intersects fewer than 2 kerbs. Generally each crossing should connect to at least 2 kerbs.
687531125,way,not appliable,not appliable,this crossing intersects fewer than 2 kerbs. Generally each crossing should connect to at least 2 kerbs.
687533944,way,not appliable,not appliable,this crossing intersects fewer than 2 kerbs. Generally each crossing should connect to at least 2 kerbs.
687544150,way,not appliable,not appliable,this crossing intersects fewer than 2 kerbs. Generally each crossing should connect to at least 2 kerbs.
687545940,way,not appliable,not appliable,this crossing intersects fewer than 2 kerbs. Generally each crossing should connect to at least 2 kerbs.
687545941,way,not appliable,not appliable,this crossing intersects fewer than 2 kerbs. Generally each crossing should connect to at least 2 kerbs.
688341820,way,not appliable,not appliable,this crossing intersects fewer than 2 kerbs. Generally each crossing should connect to at least 2 kerbs.
688344793,way,not appliable,not appliable,this crossing intersects fewer than 2 kerbs. Generally each crossing should connect to at least 2 kerbs.
688592753,way,not appliable,not appliable,this crossing intersects fewer than 2 kerbs. Generally each crossing should connect to at least 2 kerbs.
691185583,way,not appliable,not appliable,this crossing intersects fewer than 2 kerbs. Generally each crossing should connect to at least 2 kerbs.
691625333,way,not appliable,not appliable,this crossing intersects fewer than 2 kerbs. Generally each crossing should connect to at least 2 kerbs.
691920526,way,not appliable,not appliable,this crossing intersects fewer than 2 kerbs. Generally each crossing should connect to at least 2 kerbs.
692954258,way,not appliable,not appliable,this crossing intersects fewer than 2 kerbs. Generally each crossing should connect to at least 2 kerbs.
692968550,way,not appliable,not appliable,this crossing intersects fewer than 2 kerbs. Generally each crossing should connect to at least 2 kerbs.
693492097,way,not appliable,not appliable,this crossing intersects fewer than 2 kerbs. Generally each crossing should connect to at least 2 kerbs.
697981148,way,not appliable,not appliable,this crossing intersects fewer than 2 kerbs. Generally each crossing should connect to at least 2 kerbs.
697981149,way,not appliable,not appliable,this crossing intersects fewer than 2 kerbs. Generally each crossing should connect to at least 2 kerbs.
697981153,way,not appliable,not appliable,this crossing intersects fewer than 2 kerbs. Generally each crossing should connect to at least 2 kerbs.
700058338,way,not appliable,not appliable,this crossing intersects fewer than 2 kerbs. Generally each crossing should connect to at least 2 kerbs.
734802320,way,not appliable,not appliable,this crossing intersects fewer than 2 kerbs. Generally each crossing should connect to at least 2 kerbs.
736649242,way,not appliable,not appliable,this crossing intersects fewer than 2 kerbs. Generally each crossing should connect to at least 2 kerbs.
750370142,way,not appliable,not appliable,this crossing intersects fewer than 2 kerbs. Generally each crossing should connect to at least 2 kerbs.
751328685,way,not appliable,not appliable,this crossing intersects fewer than 2 kerbs. Generally each crossing should connect to at least 2 kerbs.
751814818,way,not appliable,not appliable,this crossing intersects fewer than 2 kerbs. Generally each crossing should connect to at least 2 kerbs.
751896750,way,not appliable,not appliable,this crossing intersects fewer than 2 kerbs. Generally each crossing should connect to at least 2 kerbs.
752305555,way,not appliable,not appliable,this crossing intersects fewer than 2 kerbs. Generally each crossing should connect to at least 2 kerbs.
752309430,way,not appliable,not appliable,this crossing intersects fewer than 2 kerbs. Generally each crossing should connect to at least 2 kerbs.
752656491,way,not appliable,not appliable,this crossing intersects fewer than 2 kerbs. Generally each crossing should connect to at least 2 kerbs.
761099098,way,not appliable,not appliable,this crossing intersects fewer than 2 kerbs. Generally each crossing should connect to at least 2 kerbs.
764675709,way,not appliable,not appliable,this crossing intersects fewer than 2 kerbs. Generally each crossing should connect to at least 2 kerbs.
778294194,way,not appliable,not appliable,this crossing intersects fewer than 2 kerbs. Generally each crossing should connect to at least 2 kerbs.
778309621,way,not appliable,not appliable,this crossing intersects fewer than 2 kerbs. Generally each crossing should connect to at least 2 kerbs.
824739015,way,not appliable,not appliable,this crossing intersects fewer than 2 kerbs. Generally each crossing should connect to at least 2 kerbs.
834940122,way,not appliable,not appliable,this crossing intersects fewer than 2 kerbs. Generally each crossing should connect to at least 2 kerbs.
837556739,way,not appliable,not appliable,this crossing intersects fewer than 2 kerbs. Generally each crossing should connect to at least 2 kerbs.
838569713,way,not appliable,not appliable,this crossing intersects fewer than 2 kerbs. Generally each crossing should connect to at least 2 kerbs.
840219011,way,not appliable,not appliable,this crossing intersects fewer than 2 kerbs. Generally each crossing should connect to at least 2 kerbs.
843943075,way,not appliable,not appliable,this crossing intersects fewer than 2 kerbs. Generally each crossing should connect to at least 2 kerbs.
843943078,way,not appliable,not appliable,this crossing intersects fewer than 2 kerbs. Generally each crossing should connect to at least 2 kerbs.
857775770,way,not appliable,not appliable,this crossing intersects fewer than 2 kerbs. Generally each crossing should connect to at least 2 kerbs.
866263957,way,not appliable,not appliable,this crossing intersects fewer than 2 kerbs. Generally each crossing should connect to at least 2 kerbs.
867880836,way,not appliable,not appliable,this crossing intersects fewer than 2 kerbs. Generally each crossing should connect to at least 2 kerbs.
871910875,way,not appliable,not appliable,this crossing intersects fewer than 2 kerbs. Generally each crossing should connect to at least 2 kerbs.
875885211,way,not appliable,not appliable,this crossing intersects fewer than 2 kerbs. Generally each crossing should connect to at least 2 kerbs.
894965641,way,not appliable,not appliable,this crossing intersects fewer than 2 kerbs. Generally each crossing should connect to at least 2 kerbs.
895174754,way,not appliable,not appliable,this crossing intersects fewer than 2 kerbs. Generally each crossing should connect to at least 2 kerbs.
898049644,way,not appliable,not appliable,this crossing intersects fewer than 2 kerbs. Generally each crossing should connect to at least 2 kerbs.
900803743,way,not appliable,not appliable,this crossing intersects fewer than 2 kerbs. Generally each crossing should connect to at least 2 kerbs.
908378252,way,not appliable,not appliable,this crossing intersects fewer than 2 kerbs. Generally each crossing should connect to at least 2 kerbs.
909694617,way,not appliable,not appliable,this crossing intersects fewer than 2 kerbs. Generally each crossing should connect to at least 2 kerbs.
922015179,way,not appliable,not appliable,this crossing intersects fewer than 2 kerbs. Generally each crossing should connect to at least 2 kerbs.
924392773,way,not appliable,not appliable,this crossing intersects fewer than 2 kerbs. Generally each crossing should connect to at least 2 kerbs.
926161057,way,not appliable,not appliable,this crossing intersects fewer than 2 kerbs. Generally each crossing should connect to at least 2 kerbs.
926309970,way,not appliable,not appliable,this crossing intersects fewer than 2 kerbs. Generally each crossing should connect to at least 2 kerbs.
926766944,way,not appliable,not appliable,this crossing intersects fewer than 2 kerbs. Generally each crossing should connect to at least 2 kerbs.
926766967,way,not appliable,not appliable,this crossing intersects fewer than 2 kerbs. Generally each crossing should connect to at least 2 kerbs.
929572790,way,not appliable,not appliable,this crossing intersects fewer than 2 kerbs. Generally each crossing should connect to at least 2 kerbs.
929572801,way,not appliable,not appliable,this crossing intersects fewer than 2 kerbs. Generally each crossing should connect to at least 2 kerbs.
929572808,way,not appliable,not appliable,this crossing intersects fewer than 2 kerbs. Generally each crossing should connect to at least 2 kerbs.
936647003,way,not appliable,not appliable,this crossing intersects fewer than 2 kerbs. Generally each crossing should connect to at least 2 kerbs.
942592822,way,not appliable,not appliable,this crossing intersects fewer than 2 kerbs. Generally each crossing should connect to at least 2 kerbs.
943830325,way,not appliable,not appliable,this crossing intersects fewer than 2 kerbs. Generally each crossing should connect to at least 2 kerbs.
945055646,way,not appliable,not appliable,this crossing intersects fewer than 2 kerbs. Generally each crossing should connect to at least 2 kerbs.
945055667,way,not appliable,not appliable,this crossing intersects fewer than 2 kerbs. Generally each crossing should connect to at least 2 kerbs.
949020279,way,not appliable,not appliable,this crossing intersects fewer than 2 kerbs. Generally each crossing should connect to at least 2 kerbs.
951200540,way,not appliable,not appliable,this crossing intersects fewer than 2 kerbs. Generally each crossing should connect to at least 2 kerbs.
956156793,way,not appliable,not appliable,this crossing intersects fewer than 2 kerbs. Generally each crossing should connect to at least 2 kerbs.
970614328,way,not appliable,not appliable,this crossing intersects fewer than 2 kerbs. Generally each crossing should connect to at least 2 kerbs.
971922239,way,not appliable,not appliable,this crossing intersects fewer than 2 kerbs. Generally each crossing should connect to at least 2 kerbs.
979568755,way,not appliable,not appliable,this crossing intersects fewer than 2 kerbs. Generally each crossing should connect to at least 2 kerbs.
979568756,way,not appliable,not appliable,this crossing intersects fewer than 2 kerbs. Generally each crossing should connect to at least 2 kerbs.
979568763,way,not appliable,not appliable,this crossing intersects fewer than 2 kerbs. Generally each crossing should connect to at least 2 kerbs.
979568765,way,not appliable,not appliable,this crossing intersects fewer than 2 kerbs. Generally each crossing should connect to at least 2 kerbs.
983168257,way,not appliable,not appliable,this crossing intersects fewer than 2 kerbs. Generally each crossing should connect to at least 2 kerbs.
985096082,way,not appliable,not appliable,this crossing intersects fewer than 2 kerbs. Generally each crossing should connect to at least 2 kerbs.
985108982,way,not appliable,not appliable,this crossing intersects fewer than 2 kerbs. Generally each crossing should connect to at least 2 kerbs.
988327999,way,not appliable,not appliable,this crossing intersects fewer than 2 kerbs. Generally each crossing should connect to at least 2 kerbs.
989334659,way,not appliable,not appliable,this crossing intersects fewer than 2 kerbs. Generally each crossing should connect to at least 2 kerbs.
993395359,way,not appliable,not appliable,this crossing intersects fewer than 2 kerbs. Generally each crossing should connect to at least 2 kerbs.
997950395,way,not appliable,not appliable,this crossing intersects fewer than 2 kerbs. Generally each crossing should connect to at least 2 kerbs.
998446102,way,not appliable,not appliable,this crossing intersects fewer than 2 kerbs. Generally each crossing should connect to at least 2 kerbs.
1010982392,way,not appliable,not appliable,this crossing intersects fewer than 2 kerbs. Generally each crossing should connect to at least 2 kerbs.
1011687435,way,not appliable,not appliable,this crossing intersects fewer than 2 kerbs. Generally each crossing should connect to at least 2 kerbs.
1011687436,way,not appliable,not appliable,this crossing intersects fewer than 2 kerbs. Generally each crossing should connect to at least 2 kerbs.
1012114466,way,not appliable,not appliable,this crossing intersects fewer than 2 kerbs. Generally each crossing should connect to at least 2 kerbs.
1012134008,way,not appliable,not appliable,this crossing intersects fewer than 2 kerbs. Generally each crossing should connect to at least 2 kerbs.
1012142196,way,not appliable,not appliable,this crossing intersects fewer than 2 kerbs. Generally each crossing should connect to at least 2 kerbs.
1012732612,way,not appliable,not appliable,this crossing intersects fewer than 2 kerbs. Generally each crossing should connect to at least 2 kerbs.
1012790566,way,not appliable,not appliable,this crossing intersects fewer than 2 kerbs. Generally each crossing should connect to at least 2 kerbs.
1013694638,way,not appliable,not appliable,this crossing intersects fewer than 2 kerbs. Generally each crossing should connect to at least 2 kerbs.
1013696570,way,not appliable,not appliable,this crossing intersects fewer than 2 kerbs. Generally each crossing should connect to at least 2 kerbs.
1014363976,way,not appliable,not appliable,this crossing intersects fewer than 2 kerbs. Generally each crossing should connect to at least 2 kerbs.
1016871192,way,not appliable,not appliable,this crossing intersects fewer than 2 kerbs. Generally each crossing should connect to at least 2 kerbs.
1017104798,way,not appliable,not appliable,this crossing intersects fewer than 2 kerbs. Generally each crossing should connect to at least 2 kerbs.
1017104799,way,not appliable,not appliable,this crossing intersects fewer than 2 kerbs. Generally each crossing should connect to at least 2 kerbs.
1017142786,way,not appliable,not appliable,this crossing intersects fewer than 2 kerbs. Generally each crossing should connect to at least 2 kerbs.
1017142787,way,not appliable,not appliable,this crossing intersects fewer than 2 kerbs. Generally each crossing should connect to at least 2 kerbs.
1027353430,way,not appliable,not appliable,this crossing intersects fewer than 2 kerbs. Generally each crossing should connect to at least 2 kerbs.
1027446197,way,not appliable,not appliable,this crossing intersects fewer than 2 kerbs. Generally each crossing should connect to at least 2 kerbs.
1027446198,way,not appliable,not appliable,this crossing intersects fewer than 2 kerbs. Generally each crossing should connect to at least 2 kerbs.
1027713303,way,not appliable,not appliable,this crossing intersects fewer than 2 kerbs. Generally each crossing should connect to at least 2 kerbs.
1028417037,way,not appliable,not appliable,this crossing intersects fewer than 2 kerbs. Generally each crossing should connect to at least 2 kerbs.
1029875792,way,not appliable,not appliable,this crossing intersects fewer than 2 kerbs. Generally each crossing should connect to at least 2 kerbs.
1031140571,way,not appliable,not appliable,this crossing intersects fewer than 2 kerbs. Generally each crossing should connect to at least 2 kerbs.
1031140572,way,not appliable,not appliable,this crossing intersects fewer than 2 kerbs. Generally each crossing should connect to at least 2 kerbs.
1031140576,way,not appliable,not appliable,this crossing intersects fewer than 2 kerbs. Generally each crossing should connect to at least 2 kerbs.
1031298730,way,not appliable,not appliable,this crossing intersects fewer than 2 kerbs. Generally each crossing should connect to at least 2 kerbs.
1031298731,way,not appliable,not appliable,this crossing intersects fewer than 2 kerbs. Generally each crossing should connect to at least 2 kerbs.
1031298789,way,not appliable,not appliable,this crossing intersects fewer than 2 kerbs. Generally each crossing should connect to at least 2 kerbs.
1031318112,way,not appliable,not appliable,this crossing intersects fewer than 2 kerbs. Generally each crossing should connect to at least 2 kerbs.
1031693361,way,not appliable,not appliable,this crossing intersects fewer than 2 kerbs. Generally each crossing should connect to at least 2 kerbs.
1032053779,way,not appliable,not appliable,this crossing intersects fewer than 2 kerbs. Generally each crossing should connect to at least 2 kerbs.
1032127111,way,not appliable,not appliable,this crossing intersects fewer than 2 kerbs. Generally each crossing should connect to at least 2 kerbs.
1032545613,way,not appliable,not appliable,this crossing intersects fewer than 2 kerbs. Generally each crossing should connect to at least 2 kerbs.
1032545633,way,not appliable,not appliable,this crossing intersects fewer than 2 kerbs. Generally each crossing should connect to at least 2 kerbs.
1032565694,way,not appliable,not appliable,this crossing intersects fewer than 2 kerbs. Generally each crossing should connect to at least 2 kerbs.
1032935490,way,not appliable,not appliable,this crossing intersects fewer than 2 kerbs. Generally each crossing should connect to at least 2 kerbs.
1033776982,way,not appliable,not appliable,this crossing intersects fewer than 2 kerbs. Generally each crossing should connect to at least 2 kerbs.
1033863028,way,not appliable,not appliable,this crossing intersects fewer than 2 kerbs. Generally each crossing should connect to at least 2 kerbs.
1033898405,way,not appliable,not appliable,this crossing intersects fewer than 2 kerbs. Generally each crossing should connect to at least 2 kerbs.
1034120832,way,not appliable,not appliable,this crossing intersects fewer than 2 kerbs. Generally each crossing should connect to at least 2 kerbs.
1034130189,way,not appliable,not appliable,this crossing intersects fewer than 2 kerbs. Generally each crossing should connect to at least 2 kerbs.
1034161457,way,not appliable,not appliable,this crossing intersects fewer than 2 kerbs. Generally each crossing should connect to at least 2 kerbs.
1034171661,way,not appliable,not appliable,this crossing intersects fewer than 2 kerbs. Generally each crossing should connect to at least 2 kerbs.
1034442328,way,not appliable,not appliable,this crossing intersects fewer than 2 kerbs. Generally each crossing should connect to at least 2 kerbs.
1034442330,way,not appliable,not appliable,this crossing intersects fewer than 2 kerbs. Generally each crossing should connect to at least 2 kerbs.
1034442331,way,not appliable,not appliable,this crossing intersects fewer than 2 kerbs. Generally each crossing should connect to at least 2 kerbs.
1034442332,way,not appliable,not appliable,this crossing intersects fewer than 2 kerbs. Generally each crossing should connect to at least 2 kerbs.
1034456240,way,not appliable,not appliable,this crossing intersects fewer than 2 kerbs. Generally each crossing should connect to at least 2 kerbs.
1034456243,way,not appliable,not appliable,this crossing intersects fewer than 2 kerbs. Generally each crossing should connect to at least 2 kerbs.
1034518430,way,not appliable,not appliable,this crossing intersects fewer than 2 kerbs. Generally each crossing should connect to at least 2 kerbs.
1034518433,way,not appliable,not appliable,this crossing intersects fewer than 2 kerbs. Generally each crossing should connect to at least 2 kerbs.
1034520108,way,not appliable,not appliable,this crossing intersects fewer than 2 kerbs. Generally each crossing should connect to at least 2 kerbs.
1034542653,way,not appliable,not appliable,this crossing intersects fewer than 2 kerbs. Generally each crossing should connect to at least 2 kerbs.
1034790087,way,not appliable,not appliable,this crossing intersects fewer than 2 kerbs. Generally each crossing should connect to at least 2 kerbs.
1034820652,way,not appliable,not appliable,this crossing intersects fewer than 2 kerbs. Generally each crossing should connect to at least 2 kerbs.
1035993011,way,not appliable,not appliable,this crossing intersects fewer than 2 kerbs. Generally each crossing should connect to at least 2 kerbs.
1036500647,way,not appliable,not appliable,this crossing intersects fewer than 2 kerbs. Generally each crossing should connect to at least 2 kerbs.
1036586034,way,not appliable,not appliable,this crossing intersects fewer than 2 kerbs. Generally each crossing should connect to at least 2 kerbs.
1036607013,way,not appliable,not appliable,this crossing intersects fewer than 2 kerbs. Generally each crossing should connect to at least 2 kerbs.
1036805214,way,not appliable,not appliable,this crossing intersects fewer than 2 kerbs. Generally each crossing should connect to at least 2 kerbs.
1036845821,way,not appliable,not appliable,this crossing intersects fewer than 2 kerbs. Generally each crossing should connect to at least 2 kerbs.
1036977292,way,not appliable,not appliable,this crossing intersects fewer than 2 kerbs. Generally each crossing should connect to at least 2 kerbs.
1037986045,way,not appliable,not appliable,this crossing intersects fewer than 2 kerbs. Generally each crossing should connect to at least 2 kerbs.
1037991049,way,not appliable,not appliable,this crossing intersects fewer than 2 kerbs. Generally each crossing should connect to at least 2 kerbs.
1038010813,way,not appliable,not appliable,this crossing intersects fewer than 2 kerbs. Generally each crossing should connect to at least 2 kerbs.
1038012357,way,not appliable,not appliable,this crossing intersects fewer than 2 kerbs. Generally each crossing should connect to at least 2 kerbs.
1038012358,way,not appliable,not appliable,this crossing intersects fewer than 2 kerbs. Generally each crossing should connect to at least 2 kerbs.
1038203672,way,not appliable,not appliable,this crossing intersects fewer than 2 kerbs. Generally each crossing should connect to at least 2 kerbs.
1038209432,way,not appliable,not appliable,this crossing intersects fewer than 2 kerbs. Generally each crossing should connect to at least 2 kerbs.
1038209433,way,not appliable,not appliable,this crossing intersects fewer than 2 kerbs. Generally each crossing should connect to at least 2 kerbs.
1038215210,way,not appliable,not appliable,this crossing intersects fewer than 2 kerbs. Generally each crossing should connect to at least 2 kerbs.
1038215212,way,not appliable,not appliable,this crossing intersects fewer than 2 kerbs. Generally each crossing should connect to at least 2 kerbs.
1038289868,way,not appliable,not appliable,this crossing intersects fewer than 2 kerbs. Generally each crossing should connect to at least 2 kerbs.
1038731075,way,not appliable,not appliable,this crossing intersects fewer than 2 kerbs. Generally each crossing should connect to at least 2 kerbs.
1038731076,way,not appliable,not appliable,this crossing intersects fewer than 2 kerbs. Generally each crossing should connect to at least 2 kerbs.
1038731166,way,not appliable,not appliable,this crossing intersects fewer than 2 kerbs. Generally each crossing should connect to at least 2 kerbs.
1038732353,way,not appliable,not appliable,this crossing intersects fewer than 2 kerbs. Generally each crossing should connect to at least 2 kerbs.
1038762631,way,not appliable,not appliable,this crossing intersects fewer than 2 kerbs. Generally each crossing should connect to at least 2 kerbs.
1039045669,way,not appliable,not appliable,this crossing intersects fewer than 2 kerbs. Generally each crossing should connect to at least 2 kerbs.
1040234315,way,not appliable,not appliable,this crossing intersects fewer than 2 kerbs. Generally each crossing should connect to at least 2 kerbs.
1041142258,way,not appliable,not appliable,this crossing intersects fewer than 2 kerbs. Generally each crossing should connect to at least 2 kerbs.
1041164545,way,not appliable,not appliable,this crossing intersects fewer than 2 kerbs. Generally each crossing should connect to at least 2 kerbs.
1041171188,way,not appliable,not appliable,this crossing intersects fewer than 2 kerbs. Generally each crossing should connect to at least 2 kerbs.
1041397042,way,not appliable,not appliable,this crossing intersects fewer than 2 kerbs. Generally each crossing should connect to at least 2 kerbs.
1041461755,way,not appliable,not appliable,this crossing intersects fewer than 2 kerbs. Generally each crossing should connect to at least 2 kerbs.
1042226530,way,not appliable,not appliable,this crossing intersects fewer than 2 kerbs. Generally each crossing should connect to at least 2 kerbs.
1042251853,way,not appliable,not appliable,this crossing intersects fewer than 2 kerbs. Generally each crossing should connect to at least 2 kerbs.
1042343499,way,not appliable,not appliable,this crossing intersects fewer than 2 kerbs. Generally each crossing should connect to at least 2 kerbs.
1042349264,way,not appliable,not appliable,this crossing intersects fewer than 2 kerbs. Generally each crossing should connect to at least 2 kerbs.
1042349272,way,not appliable,not appliable,this crossing intersects fewer than 2 kerbs. Generally each crossing should connect to at least 2 kerbs.
1042350435,way,not appliable,not appliable,this crossing intersects fewer than 2 kerbs. Generally each crossing should connect to at least 2 kerbs.
1042353067,way,not appliable,not appliable,this crossing intersects fewer than 2 kerbs. Generally each crossing should connect to at least 2 kerbs.
1043392021,way,not appliable,not appliable,this crossing intersects fewer than 2 kerbs. Generally each crossing should connect to at least 2 kerbs.
1043392024,way,not appliable,not appliable,this crossing intersects fewer than 2 kerbs. Generally each crossing should connect to at least 2 kerbs.
1043408642,way,not appliable,not appliable,this crossing intersects fewer than 2 kerbs. Generally each crossing should connect to at least 2 kerbs.
1043446889,way,not appliable,not appliable,this crossing intersects fewer than 2 kerbs. Generally each crossing should connect to at least 2 kerbs.
1043472068,way,not appliable,not appliable,this crossing intersects fewer than 2 kerbs. Generally each crossing should connect to at least 2 kerbs.
1043685885,way,not appliable,not appliable,this crossing intersects fewer than 2 kerbs. Generally each crossing should connect to at least 2 kerbs.
1044780163,way,not appliable,not appliable,this crossing intersects fewer than 2 kerbs. Generally each crossing should connect to at least 2 kerbs.
1046512309,way,not appliable,not appliable,this crossing intersects fewer than 2 kerbs. Generally each crossing should connect to at least 2 kerbs.
1046785931,way,not appliable,not appliable,this crossing intersects fewer than 2 kerbs. Generally each crossing should connect to at least 2 kerbs.
1046803990,way,not appliable,not appliable,this crossing intersects fewer than 2 kerbs. Generally each crossing should connect to at least 2 kerbs.
1046854792,way,not appliable,not appliable,this crossing intersects fewer than 2 kerbs. Generally each crossing should connect to at least 2 kerbs.
1046854794,way,not appliable,not appliable,this crossing intersects fewer than 2 kerbs. Generally each crossing should connect to at least 2 kerbs.
1047093471,way,not appliable,not appliable,this crossing intersects fewer than 2 kerbs. Generally each crossing should connect to at least 2 kerbs.
1047108462,way,not appliable,not appliable,this crossing intersects fewer than 2 kerbs. Generally each crossing should connect to at least 2 kerbs.
1055307140,way,not appliable,not appliable,this crossing intersects fewer than 2 kerbs. Generally each crossing should connect to at least 2 kerbs.
1059579921,way,not appliable,not appliable,this crossing intersects fewer than 2 kerbs. Generally each crossing should connect to at least 2 kerbs.
1061071731,way,not appliable,not appliable,this crossing intersects fewer than 2 kerbs. Generally each crossing should connect to at least 2 kerbs.
1062009611,way,not appliable,not appliable,this crossing intersects fewer than 2 kerbs. Generally each crossing should connect to at least 2 kerbs.
1063992284,way,not appliable,not appliable,this crossing intersects fewer than 2 kerbs. Generally each crossing should connect to at least 2 kerbs.
1065677514,way,not appliable,not appliable,this crossing intersects fewer than 2 kerbs. Generally each crossing should connect to at least 2 kerbs.
1065677515,way,not appliable,not appliable,this crossing intersects fewer than 2 kerbs. Generally each crossing should connect to at least 2 kerbs.
1065949262,way,not appliable,not appliable,this crossing intersects fewer than 2 kerbs. Generally each crossing should connect to at least 2 kerbs.
1069890965,way,not appliable,not appliable,this crossing intersects fewer than 2 kerbs. Generally each crossing should connect to at least 2 kerbs.
1070550956,way,not appliable,not appliable,this crossing intersects fewer than 2 kerbs. Generally each crossing should connect to at least 2 kerbs.
1070629529,way,not appliable,not appliable,this crossing intersects fewer than 2 kerbs. Generally each crossing should connect to at least 2 kerbs.
1071517010,way,not appliable,not appliable,this crossing intersects fewer than 2 kerbs. Generally each crossing should connect to at least 2 kerbs.
1071541085,way,not appliable,not appliable,this crossing intersects fewer than 2 kerbs. Generally each crossing should connect to at least 2 kerbs.
1071630935,way,not appliable,not appliable,this crossing intersects fewer than 2 kerbs. Generally each crossing should connect to at least 2 kerbs.
1071647760,way,not appliable,not appliable,this crossing intersects fewer than 2 kerbs. Generally each crossing should connect to at least 2 kerbs.
1071962550,way,not appliable,not appliable,this crossing intersects fewer than 2 kerbs. Generally each crossing should connect to at least 2 kerbs.
1073901115,way,not appliable,not appliable,this crossing intersects fewer than 2 kerbs. Generally each crossing should connect to at least 2 kerbs.
1074802940,way,not appliable,not appliable,this crossing intersects fewer than 2 kerbs. Generally each crossing should connect to at least 2 kerbs.
1075032561,way,not appliable,not appliable,this crossing intersects fewer than 2 kerbs. Generally each crossing should connect to at least 2 kerbs.
1075800337,way,not appliable,not appliable,this crossing intersects fewer than 2 kerbs. Generally each crossing should connect to at least 2 kerbs.
1076074168,way,not appliable,not appliable,this crossing intersects fewer than 2 kerbs. Generally each crossing should connect to at least 2 kerbs.
1076296975,way,not appliable,not appliable,this crossing intersects fewer than 2 kerbs. Generally each crossing should connect to at least 2 kerbs.
1076807602,way,not appliable,not appliable,this crossing intersects fewer than 2 kerbs. Generally each crossing should connect to at least 2 kerbs.
1077645667,way,not appliable,not appliable,this crossing intersects fewer than 2 kerbs. Generally each crossing should connect to at least 2 kerbs.
1080455946,way,not appliable,not appliable,this crossing intersects fewer than 2 kerbs. Generally each crossing should connect to at least 2 kerbs.
1080455948,way,not appliable,not appliable,this crossing intersects fewer than 2 kerbs. Generally each crossing should connect to at least 2 kerbs.
1083742644,way,not appliable,not appliable,this crossing intersects fewer than 2 kerbs. Generally each crossing should connect to at least 2 kerbs.
1086842215,way,not appliable,not appliable,this crossing intersects fewer than 2 kerbs. Generally each crossing should connect to at least 2 kerbs.
1087323747,way,not appliable,not appliable,this crossing intersects fewer than 2 kerbs. Generally each crossing should connect to at least 2 kerbs.
1087367230,way,not appliable,not appliable,this crossing intersects fewer than 2 kerbs. Generally each crossing should connect to at least 2 kerbs.
1087368226,way,not appliable,not appliable,this crossing intersects fewer than 2 kerbs. Generally each crossing should connect to at least 2 kerbs.
1087391236,way,not appliable,not appliable,this crossing intersects fewer than 2 kerbs. Generally each crossing should connect to at least 2 kerbs.
1087551465,way,not appliable,not appliable,this crossing intersects fewer than 2 kerbs. Generally each crossing should connect to at least 2 kerbs.
1087551467,way,not appliable,not appliable,this crossing intersects fewer than 2 kerbs. Generally each crossing should connect to at least 2 kerbs.
1087697936,way,not appliable,not appliable,this crossing intersects fewer than 2 kerbs. Generally each crossing should connect to at least 2 kerbs.
1088388528,way,not appliable,not appliable,this crossing intersects fewer than 2 kerbs. Generally each crossing should connect to at least 2 kerbs.
1089109235,way,not appliable,not appliable,this crossing intersects fewer than 2 kerbs. Generally each crossing should connect to at least 2 kerbs.
1092031671,way,not appliable,not appliable,this crossing intersects fewer than 2 kerbs. Generally each crossing should connect to at least 2 kerbs.
1097988868,way,not appliable,not appliable,this crossing intersects fewer than 2 kerbs. Generally each crossing should connect to at least 2 kerbs.
1098221120,way,not appliable,not appliable,this crossing intersects fewer than 2 kerbs. Generally each crossing should connect to at least 2 kerbs.
1098571301,way,not appliable,not appliable,this crossing intersects fewer than 2 kerbs. Generally each crossing should connect to at least 2 kerbs.
1098839648,way,not appliable,not appliable,this crossing intersects fewer than 2 kerbs. Generally each crossing should connect to at least 2 kerbs.
1099788732,way,not appliable,not appliable,this crossing intersects fewer than 2 kerbs. Generally each crossing should connect to at least 2 kerbs.
1101053926,way,not appliable,not appliable,this crossing intersects fewer than 2 kerbs. Generally each crossing should connect to at least 2 kerbs.
1102024549,way,not appliable,not appliable,this crossing intersects fewer than 2 kerbs. Generally each crossing should connect to at least 2 kerbs.
1102024550,way,not appliable,not appliable,this crossing intersects fewer than 2 kerbs. Generally each crossing should connect to at least 2 kerbs.
1102073192,way,not appliable,not appliable,this crossing intersects fewer than 2 kerbs. Generally each crossing should connect to at least 2 kerbs.
1102617168,way,not appliable,not appliable,this crossing intersects fewer than 2 kerbs. Generally each crossing should connect to at least 2 kerbs.
1102862564,way,not appliable,not appliable,this crossing intersects fewer than 2 kerbs. Generally each crossing should connect to at least 2 kerbs.
1102862570,way,not appliable,not appliable,this crossing intersects fewer than 2 kerbs. Generally each crossing should connect to at least 2 kerbs.
1102862589,way,not appliable,not appliable,this crossing intersects fewer than 2 kerbs. Generally each crossing should connect to at least 2 kerbs.
1103855236,way,not appliable,not appliable,this crossing intersects fewer than 2 kerbs. Generally each crossing should connect to at least 2 kerbs.
1104891096,way,not appliable,not appliable,this crossing intersects fewer than 2 kerbs. Generally each crossing should connect to at least 2 kerbs.
1104891097,way,not appliable,not appliable,this crossing intersects fewer than 2 kerbs. Generally each crossing should connect to at least 2 kerbs.
1106590382,way,not appliable,not appliable,this crossing intersects fewer than 2 kerbs. Generally each crossing should connect to at least 2 kerbs.
1107348139,way,not appliable,not appliable,this crossing intersects fewer than 2 kerbs. Generally each crossing should connect to at least 2 kerbs.
1109065861,way,not appliable,not appliable,this crossing intersects fewer than 2 kerbs. Generally each crossing should connect to at least 2 kerbs.
1111051416,way,not appliable,not appliable,this crossing intersects fewer than 2 kerbs. Generally each crossing should connect to at least 2 kerbs.
1111051417,way,not appliable,not appliable,this crossing intersects fewer than 2 kerbs. Generally each crossing should connect to at least 2 kerbs.
1111051419,way,not appliable,not appliable,this crossing intersects fewer than 2 kerbs. Generally each crossing should connect to at least 2 kerbs.
1111585585,way,not appliable,not appliable,this crossing intersects fewer than 2 kerbs. Generally each crossing should connect to at least 2 kerbs.
1111740869,way,not appliable,not appliable,this crossing intersects fewer than 2 kerbs. Generally each crossing should connect to at least 2 kerbs.
1111803776,way,not appliable,not appliable,this crossing intersects fewer than 2 kerbs. Generally each crossing should connect to at least 2 kerbs.
1113004344,way,not appliable,not appliable,this crossing intersects fewer than 2 kerbs. Generally each crossing should connect to at least 2 kerbs.
1113374855,way,not appliable,not appliable,this crossing intersects fewer than 2 kerbs. Generally each crossing should connect to at least 2 kerbs.
1118090646,way,not appliable,not appliable,this crossing intersects fewer than 2 kerbs. Generally each crossing should connect to at least 2 kerbs.
1118097524,way,not appliable,not appliable,this crossing intersects fewer than 2 kerbs. Generally each crossing should connect to at least 2 kerbs.
1119873843,way,not appliable,not appliable,this crossing intersects fewer than 2 kerbs. Generally each crossing should connect to at least 2 kerbs.
1121245103,way,not appliable,not appliable,this crossing intersects fewer than 2 kerbs. Generally each crossing should connect to at least 2 kerbs.
1121250906,way,not appliable,not appliable,this crossing intersects fewer than 2 kerbs. Generally each crossing should connect to at least 2 kerbs.
1121713931,way,not appliable,not appliable,this crossing intersects fewer than 2 kerbs. Generally each crossing should connect to at least 2 kerbs.
1122014404,way,not appliable,not appliable,this crossing intersects fewer than 2 kerbs. Generally each crossing should connect to at least 2 kerbs.
1122049041,way,not appliable,not appliable,this crossing intersects fewer than 2 kerbs. Generally each crossing should connect to at least 2 kerbs.
1122049042,way,not appliable,not appliable,this crossing intersects fewer than 2 kerbs. Generally each crossing should connect to at least 2 kerbs.
1122069633,way,not appliable,not appliable,this crossing intersects fewer than 2 kerbs. Generally each crossing should connect to at least 2 kerbs.
1122584853,way,not appliable,not appliable,this crossing intersects fewer than 2 kerbs. Generally each crossing should connect to at least 2 kerbs.
1122584856,way,not appliable,not appliable,this crossing intersects fewer than 2 kerbs. Generally each crossing should connect to at least 2 kerbs.
1122680364,way,not appliable,not appliable,this crossing intersects fewer than 2 kerbs. Generally each crossing should connect to at least 2 kerbs.
1124953430,way,not appliable,not appliable,this crossing intersects fewer than 2 kerbs. Generally each crossing should connect to at least 2 kerbs.
1124958722,way,not appliable,not appliable,this crossing intersects fewer than 2 kerbs. Generally each crossing should connect to at least 2 kerbs.
1125031471,way,not appliable,not appliable,this crossing intersects fewer than 2 kerbs. Generally each crossing should connect to at least 2 kerbs.
1125591704,way,not appliable,not appliable,this crossing intersects fewer than 2 kerbs. Generally each crossing should connect to at least 2 kerbs.
1125591705,way,not appliable,not appliable,this crossing intersects fewer than 2 kerbs. Generally each crossing should connect to at least 2 kerbs.
1125838805,way,not appliable,not appliable,this crossing intersects fewer than 2 kerbs. Generally each crossing should connect to at least 2 kerbs.
1126566533,way,not appliable,not appliable,this crossing intersects fewer than 2 kerbs. Generally each crossing should connect to at least 2 kerbs.
1126566535,way,not appliable,not appliable,this crossing intersects fewer than 2 kerbs. Generally each crossing should connect to at least 2 kerbs.
1126566536,way,not appliable,not appliable,this crossing intersects fewer than 2 kerbs. Generally each crossing should connect to at least 2 kerbs.
1130593243,way,not appliable,not appliable,this crossing intersects fewer than 2 kerbs. Generally each crossing should connect to at least 2 kerbs.
1130872292,way,not appliable,not appliable,this crossing intersects fewer than 2 kerbs. Generally each crossing should connect to at least 2 kerbs.
1131538188,way,not appliable,not appliable,this crossing intersects fewer than 2 kerbs. Generally each crossing should connect to at least 2 kerbs.
1131759080,way,not appliable,not appliable,this crossing intersects fewer than 2 kerbs. Generally each crossing should connect to at least 2 kerbs.
1132702606,way,not appliable,not appliable,this crossing intersects fewer than 2 kerbs. Generally each crossing should connect to at least 2 kerbs.
1132769191,way,not appliable,not appliable,this crossing intersects fewer than 2 kerbs. Generally each crossing should connect to at least 2 kerbs.
1133155081,way,not appliable,not appliable,this crossing intersects fewer than 2 kerbs. Generally each crossing should connect to at least 2 kerbs.
1133155082,way,not appliable,not appliable,this crossing intersects fewer than 2 kerbs. Generally each crossing should connect to at least 2 kerbs.
1134811060,way,not appliable,not appliable,this crossing intersects fewer than 2 kerbs. Generally each crossing should connect to at least 2 kerbs.
1135188936,way,not appliable,not appliable,this crossing intersects fewer than 2 kerbs. Generally each crossing should connect to at least 2 kerbs.
1135412604,way,not appliable,not appliable,this crossing intersects fewer than 2 kerbs. Generally each crossing should connect to at least 2 kerbs.
1135710039,way,not appliable,not appliable,this crossing intersects fewer than 2 kerbs. Generally each crossing should connect to at least 2 kerbs.
1135718327,way,not appliable,not appliable,this crossing intersects fewer than 2 kerbs. Generally each crossing should connect to at least 2 kerbs.
1136464886,way,not appliable,not appliable,this crossing intersects fewer than 2 kerbs. Generally each crossing should connect to at least 2 kerbs.
1136474158,way,not appliable,not appliable,this crossing intersects fewer than 2 kerbs. Generally each crossing should connect to at least 2 kerbs.
1136720604,way,not appliable,not appliable,this crossing intersects fewer than 2 kerbs. Generally each crossing should connect to at least 2 kerbs.
1138288409,way,not appliable,not appliable,this crossing intersects fewer than 2 kerbs. Generally each crossing should connect to at least 2 kerbs.
1144799419,way,not appliable,not appliable,this crossing intersects fewer than 2 kerbs. Generally each crossing should connect to at least 2 kerbs.
1144836003,way,not appliable,not appliable,this crossing intersects fewer than 2 kerbs. Generally each crossing should connect to at least 2 kerbs.
1147660102,way,not appliable,not appliable,this crossing intersects fewer than 2 kerbs. Generally each crossing should connect to at least 2 kerbs.
1147660104,way,not appliable,not appliable,this crossing intersects fewer than 2 kerbs. Generally each crossing should connect to at least 2 kerbs.
1147660105,way,not appliable,not appliable,this crossing intersects fewer than 2 kerbs. Generally each crossing should connect to at least 2 kerbs.
1147660106,way,not appliable,not appliable,this crossing intersects fewer than 2 kerbs. Generally each crossing should connect to at least 2 kerbs.
1148157664,way,not appliable,not appliable,this crossing intersects fewer than 2 kerbs. Generally each crossing should connect to at least 2 kerbs.
1148157665,way,not appliable,not appliable,this crossing intersects fewer than 2 kerbs. Generally each crossing should connect to at least 2 kerbs.
1148157666,way,not appliable,not appliable,this crossing intersects fewer than 2 kerbs. Generally each crossing should connect to at least 2 kerbs.
1148157670,way,not appliable,not appliable,this crossing intersects fewer than 2 kerbs. Generally each crossing should connect to at least 2 kerbs.
1148440731,way,not appliable,not appliable,this crossing intersects fewer than 2 kerbs. Generally each crossing should connect to at least 2 kerbs.
1148451063,way,not appliable,not appliable,this crossing intersects fewer than 2 kerbs. Generally each crossing should connect to at least 2 kerbs.
1152893850,way,not appliable,not appliable,this crossing intersects fewer than 2 kerbs. Generally each crossing should connect to at least 2 kerbs.
1152893851,way,not appliable,not appliable,this crossing intersects fewer than 2 kerbs. Generally each crossing should connect to at least 2 kerbs.
1154268210,way,not appliable,not appliable,this crossing intersects fewer than 2 kerbs. Generally each crossing should connect to at least 2 kerbs.
1159672172,way,not appliable,not appliable,this crossing intersects fewer than 2 kerbs. Generally each crossing should connect to at least 2 kerbs.
1159674661,way,not appliable,not appliable,this crossing intersects fewer than 2 kerbs. Generally each crossing should connect to at least 2 kerbs.
1159674670,way,not appliable,not appliable,this crossing intersects fewer than 2 kerbs. Generally each crossing should connect to at least 2 kerbs.
1166152637,way,not appliable,not appliable,this crossing intersects fewer than 2 kerbs. Generally each crossing should connect to at least 2 kerbs.
1167384470,way,not appliable,not appliable,this crossing intersects fewer than 2 kerbs. Generally each crossing should connect to at least 2 kerbs.
1179637155,way,not appliable,not appliable,this crossing intersects fewer than 2 kerbs. Generally each crossing should connect to at least 2 kerbs.
1179698482,way,not appliable,not appliable,this crossing intersects fewer than 2 kerbs. Generally each crossing should connect to at least 2 kerbs.
1179756233,way,not appliable,not appliable,this crossing intersects fewer than 2 kerbs. Generally each crossing should connect to at least 2 kerbs.
1181301444,way,not appliable,not appliable,this crossing intersects fewer than 2 kerbs. Generally each crossing should connect to at least 2 kerbs.
1182024264,way,not appliable,not appliable,this crossing intersects fewer than 2 kerbs. Generally each crossing should connect to at least 2 kerbs.
1182367055,way,not appliable,not appliable,this crossing intersects fewer than 2 kerbs. Generally each crossing should connect to at least 2 kerbs.
1182484672,way,not appliable,not appliable,this crossing intersects fewer than 2 kerbs. Generally each crossing should connect to at least 2 kerbs.
1183426769,way,not appliable,not appliable,this crossing intersects fewer than 2 kerbs. Generally each crossing should connect to at least 2 kerbs.
1183480018,way,not appliable,not appliable,this crossing intersects fewer than 2 kerbs. Generally each crossing should connect to at least 2 kerbs.
1184409761,way,not appliable,not appliable,this crossing intersects fewer than 2 kerbs. Generally each crossing should connect to at least 2 kerbs.
1184947788,way,not appliable,not appliable,this crossing intersects fewer than 2 kerbs. Generally each crossing should connect to at least 2 kerbs.
1184947794,way,not appliable,not appliable,this crossing intersects fewer than 2 kerbs. Generally each crossing should connect to at least 2 kerbs.
1185355559,way,not appliable,not appliable,this crossing intersects fewer than 2 kerbs. Generally each crossing should connect to at least 2 kerbs.
1185355560,way,not appliable,not appliable,this crossing intersects fewer than 2 kerbs. Generally each crossing should connect to at least 2 kerbs.
1185729186,way,not appliable,not appliable,this crossing intersects fewer than 2 kerbs. Generally each crossing should connect to at least 2 kerbs.
1185729187,way,not appliable,not appliable,this crossing intersects fewer than 2 kerbs. Generally each crossing should connect to at least 2 kerbs.
1186882777,way,not appliable,not appliable,this crossing intersects fewer than 2 kerbs. Generally each crossing should connect to at least 2 kerbs.
1186882801,way,not appliable,not appliable,this crossing intersects fewer than 2 kerbs. Generally each crossing should connect to at least 2 kerbs.
1186963475,way,not appliable,not appliable,this crossing intersects fewer than 2 kerbs. Generally each crossing should connect to at least 2 kerbs.
1187420042,way,not appliable,not appliable,this crossing intersects fewer than 2 kerbs. Generally each crossing should connect to at least 2 kerbs.
1188610094,way,not appliable,not appliable,this crossing intersects fewer than 2 kerbs. Generally each crossing should connect to at least 2 kerbs.
1188611784,way,not appliable,not appliable,this crossing intersects fewer than 2 kerbs. Generally each crossing should connect to at least 2 kerbs.
1188916672,way,not appliable,not appliable,this crossing intersects fewer than 2 kerbs. Generally each crossing should connect to at least 2 kerbs.
1188916673,way,not appliable,not appliable,this crossing intersects fewer than 2 kerbs. Generally each crossing should connect to at least 2 kerbs.
1188916674,way,not appliable,not appliable,this crossing intersects fewer than 2 kerbs. Generally each crossing should connect to at least 2 kerbs.
1189333953,way,not appliable,not appliable,this crossing intersects fewer than 2 kerbs. Generally each crossing should connect to at least 2 kerbs.
1190125861,way,not appliable,not appliable,this crossing intersects fewer than 2 kerbs. Generally each crossing should connect to at least 2 kerbs.
1190125862,way,not appliable,not appliable,this crossing intersects fewer than 2 kerbs. Generally each crossing should connect to at least 2 kerbs.
1190129062,way,not appliable,not appliable,this crossing intersects fewer than 2 kerbs. Generally each crossing should connect to at least 2 kerbs.
1190182265,way,not appliable,not appliable,this crossing intersects fewer than 2 kerbs. Generally each crossing should connect to at least 2 kerbs.
1192096245,way,not appliable,not appliable,this crossing intersects fewer than 2 kerbs. Generally each crossing should connect to at least 2 kerbs.
1192328937,way,not appliable,not appliable,this crossing intersects fewer than 2 kerbs. Generally each crossing should connect to at least 2 kerbs.
1192328938,way,not appliable,not appliable,this crossing intersects fewer than 2 kerbs. Generally each crossing should connect to at least 2 kerbs.
1192332093,way,not appliable,not appliable,this crossing intersects fewer than 2 kerbs. Generally each crossing should connect to at least 2 kerbs.
1192386879,way,not appliable,not appliable,this crossing intersects fewer than 2 kerbs. Generally each crossing should connect to at least 2 kerbs.
1192587286,way,not appliable,not appliable,this crossing intersects fewer than 2 kerbs. Generally each crossing should connect to at least 2 kerbs.
1192658770,way,not appliable,not appliable,this crossing intersects fewer than 2 kerbs. Generally each crossing should connect to at least 2 kerbs.
1192857134,way,not appliable,not appliable,this crossing intersects fewer than 2 kerbs. Generally each crossing should connect to at least 2 kerbs.
1193816599,way,not appliable,not appliable,this crossing intersects fewer than 2 kerbs. Generally each crossing should connect to at least 2 kerbs.
1194531954,way,not appliable,not appliable,this crossing intersects fewer than 2 kerbs. Generally each crossing should connect to at least 2 kerbs.
1194823198,way,not appliable,not appliable,this crossing intersects fewer than 2 kerbs. Generally each crossing should connect to at least 2 kerbs.
1203533485,way,not appliable,not appliable,this crossing intersects fewer than 2 kerbs. Generally each crossing should connect to at least 2 kerbs.
1204917106,way,not appliable,not appliable,this crossing intersects fewer than 2 kerbs. Generally each crossing should connect to at least 2 kerbs.
1205733073,way,not appliable,not appliable,this crossing intersects fewer than 2 kerbs. Generally each crossing should connect to at least 2 kerbs.
1205733074,way,not appliable,not appliable,this crossing intersects fewer than 2 kerbs. Generally each crossing should connect to at least 2 kerbs.
1206127473,way,not appliable,not appliable,this crossing intersects fewer than 2 kerbs. Generally each crossing should connect to at least 2 kerbs.
1206901186,way,not appliable,not appliable,this crossing intersects fewer than 2 kerbs. Generally each crossing should connect to at least 2 kerbs.
1207561450,way,not appliable,not appliable,this crossing intersects fewer than 2 kerbs. Generally each crossing should connect to at least 2 kerbs.
1208060591,way,not appliable,not appliable,this crossing intersects fewer than 2 kerbs. Generally each crossing should connect to at least 2 kerbs.
1208088603,way,not appliable,not appliable,this crossing intersects fewer than 2 kerbs. Generally each crossing should connect to at least 2 kerbs.
1208088604,way,not appliable,not appliable,this crossing intersects fewer than 2 kerbs. Generally each crossing should connect to at least 2 kerbs.
1209005948,way,not appliable,not appliable,this crossing intersects fewer than 2 kerbs. Generally each crossing should connect to at least 2 kerbs.
1209782734,way,not appliable,not appliable,this crossing intersects fewer than 2 kerbs. Generally each crossing should connect to at least 2 kerbs.
1209790736,way,not appliable,not appliable,this crossing intersects fewer than 2 kerbs. Generally each crossing should connect to at least 2 kerbs.
1210118146,way,not appliable,not appliable,this crossing intersects fewer than 2 kerbs. Generally each crossing should connect to at least 2 kerbs.
1210728405,way,not appliable,not appliable,this crossing intersects fewer than 2 kerbs. Generally each crossing should connect to at least 2 kerbs.
1210728406,way,not appliable,not appliable,this crossing intersects fewer than 2 kerbs. Generally each crossing should connect to at least 2 kerbs.
1211069135,way,not appliable,not appliable,this crossing intersects fewer than 2 kerbs. Generally each crossing should connect to at least 2 kerbs.
1211268181,way,not appliable,not appliable,this crossing intersects fewer than 2 kerbs. Generally each crossing should connect to at least 2 kerbs.
1211542996,way,not appliable,not appliable,this crossing intersects fewer than 2 kerbs. Generally each crossing should connect to at least 2 kerbs.
1211586148,way,not appliable,not appliable,this crossing intersects fewer than 2 kerbs. Generally each crossing should connect to at least 2 kerbs.
1212486103,way,not appliable,not appliable,this crossing intersects fewer than 2 kerbs. Generally each crossing should connect to at least 2 kerbs.
1214317056,way,not appliable,not appliable,this crossing intersects fewer than 2 kerbs. Generally each crossing should connect to at least 2 kerbs.
1215078552,way,not appliable,not appliable,this crossing intersects fewer than 2 kerbs. Generally each crossing should connect to at least 2 kerbs.
1215078554,way,not appliable,not appliable,this crossing intersects fewer than 2 kerbs. Generally each crossing should connect to at least 2 kerbs.
1215122138,way,not appliable,not appliable,this crossing intersects fewer than 2 kerbs. Generally each crossing should connect to at least 2 kerbs.
1215792868,way,not appliable,not appliable,this crossing intersects fewer than 2 kerbs. Generally each crossing should connect to at least 2 kerbs.
1215796974,way,not appliable,not appliable,this crossing intersects fewer than 2 kerbs. Generally each crossing should connect to at least 2 kerbs.
1217498969,way,not appliable,not appliable,this crossing intersects fewer than 2 kerbs. Generally each crossing should connect to at least 2 kerbs.
1217985391,way,not appliable,not appliable,this crossing intersects fewer than 2 kerbs. Generally each crossing should connect to at least 2 kerbs.
1218308972,way,not appliable,not appliable,this crossing intersects fewer than 2 kerbs. Generally each crossing should connect to at least 2 kerbs.
1219275778,way,not appliable,not appliable,this crossing intersects fewer than 2 kerbs. Generally each crossing should connect to at least 2 kerbs.
1219275779,way,not appliable,not appliable,this crossing intersects fewer than 2 kerbs. Generally each crossing should connect to at least 2 kerbs.
1219278123,way,not appliable,not appliable,this crossing intersects fewer than 2 kerbs. Generally each crossing should connect to at least 2 kerbs.
1219322049,way,not appliable,not appliable,this crossing intersects fewer than 2 kerbs. Generally each crossing should connect to at least 2 kerbs.
1219325024,way,not appliable,not appliable,this crossing intersects fewer than 2 kerbs. Generally each crossing should connect to at least 2 kerbs.
1219331931,way,not appliable,not appliable,this crossing intersects fewer than 2 kerbs. Generally each crossing should connect to at least 2 kerbs.
1219333099,way,not appliable,not appliable,this crossing intersects fewer than 2 kerbs. Generally each crossing should connect to at least 2 kerbs.
1219584847,way,not appliable,not appliable,this crossing intersects fewer than 2 kerbs. Generally each crossing should connect to at least 2 kerbs.
1219744767,way,not appliable,not appliable,this crossing intersects fewer than 2 kerbs. Generally each crossing should connect to at least 2 kerbs.
1219772291,way,not appliable,not appliable,this crossing intersects fewer than 2 kerbs. Generally each crossing should connect to at least 2 kerbs.
1220068406,way,not appliable,not appliable,this crossing intersects fewer than 2 kerbs. Generally each crossing should connect to at least 2 kerbs.
1220121966,way,not appliable,not appliable,this crossing intersects fewer than 2 kerbs. Generally each crossing should connect to at least 2 kerbs.
1220121967,way,not appliable,not appliable,this crossing intersects fewer than 2 kerbs. Generally each crossing should connect to at least 2 kerbs.
1220121975,way,not appliable,not appliable,this crossing intersects fewer than 2 kerbs. Generally each crossing should connect to at least 2 kerbs.
1220121977,way,not appliable,not appliable,this crossing intersects fewer than 2 kerbs. Generally each crossing should connect to at least 2 kerbs.
1220341337,way,not appliable,not appliable,this crossing intersects fewer than 2 kerbs. Generally each crossing should connect to at least 2 kerbs.
1220342558,way,not appliable,not appliable,this crossing intersects fewer than 2 kerbs. Generally each crossing should connect to at least 2 kerbs.
1220529862,way,not appliable,not appliable,this crossing intersects fewer than 2 kerbs. Generally each crossing should connect to at least 2 kerbs.
1220549302,way,not appliable,not appliable,this crossing intersects fewer than 2 kerbs. Generally each crossing should connect to at least 2 kerbs.
1220550472,way,not appliable,not appliable,this crossing intersects fewer than 2 kerbs. Generally each crossing should connect to at least 2 kerbs.
1220552054,way,not appliable,not appliable,this crossing intersects fewer than 2 kerbs. Generally each crossing should connect to at least 2 kerbs.
1220560193,way,not appliable,not appliable,this crossing intersects fewer than 2 kerbs. Generally each crossing should connect to at least 2 kerbs.
1220570732,way,not appliable,not appliable,this crossing intersects fewer than 2 kerbs. Generally each crossing should connect to at least 2 kerbs.
1220570734,way,not appliable,not appliable,this crossing intersects fewer than 2 kerbs. Generally each crossing should connect to at least 2 kerbs.
1220570735,way,not appliable,not appliable,this crossing intersects fewer than 2 kerbs. Generally each crossing should connect to at least 2 kerbs.
1220570736,way,not appliable,not appliable,this crossing intersects fewer than 2 kerbs. Generally each crossing should connect to at least 2 kerbs.
1220570737,way,not appliable,not appliable,this crossing intersects fewer than 2 kerbs. Generally each crossing should connect to at least 2 kerbs.
1220570738,way,not appliable,not appliable,this crossing intersects fewer than 2 kerbs. Generally each crossing should connect to at least 2 kerbs.
1220570739,way,not appliable,not appliable,this crossing intersects fewer than 2 kerbs. Generally each crossing should connect to at least 2 kerbs.
1220575378,way,not appliable,not appliable,this crossing intersects fewer than 2 kerbs. Generally each crossing should connect to at least 2 kerbs.
1220575887,way,not appliable,not appliable,this crossing intersects fewer than 2 kerbs. Generally each crossing should connect to at least 2 kerbs.
1220635750,way,not appliable,not appliable,this crossing intersects fewer than 2 kerbs. Generally each crossing should connect to at least 2 kerbs.
1220992189,way,not appliable,not appliable,this crossing intersects fewer than 2 kerbs. Generally each crossing should connect to at least 2 kerbs.
1220994429,way,not appliable,not appliable,this crossing intersects fewer than 2 kerbs. Generally each crossing should connect to at least 2 kerbs.
1220994433,way,not appliable,not appliable,this crossing intersects fewer than 2 kerbs. Generally each crossing should connect to at least 2 kerbs.
1220994435,way,not appliable,not appliable,this crossing intersects fewer than 2 kerbs. Generally each crossing should connect to at least 2 kerbs.
1221007941,way,not appliable,not appliable,this crossing intersects fewer than 2 kerbs. Generally each crossing should connect to at least 2 kerbs.
1221010928,way,not appliable,not appliable,this crossing intersects fewer than 2 kerbs. Generally each crossing should connect to at least 2 kerbs.
1221011409,way,not appliable,not appliable,this crossing intersects fewer than 2 kerbs. Generally each crossing should connect to at least 2 kerbs.
1221015006,way,not appliable,not appliable,this crossing intersects fewer than 2 kerbs. Generally each crossing should connect to at least 2 kerbs.
1221082220,way,not appliable,not appliable,this crossing intersects fewer than 2 kerbs. Generally each crossing should connect to at least 2 kerbs.
1221082227,way,not appliable,not appliable,this crossing intersects fewer than 2 kerbs. Generally each crossing should connect to at least 2 kerbs.
1221246187,way,not appliable,not appliable,this crossing intersects fewer than 2 kerbs. Generally each crossing should connect to at least 2 kerbs.
1221251647,way,not appliable,not appliable,this crossing intersects fewer than 2 kerbs. Generally each crossing should connect to at least 2 kerbs.
1221253628,way,not appliable,not appliable,this crossing intersects fewer than 2 kerbs. Generally each crossing should connect to at least 2 kerbs.
1221292609,way,not appliable,not appliable,this crossing intersects fewer than 2 kerbs. Generally each crossing should connect to at least 2 kerbs.
1221330578,way,not appliable,not appliable,this crossing intersects fewer than 2 kerbs. Generally each crossing should connect to at least 2 kerbs.
1221350381,way,not appliable,not appliable,this crossing intersects fewer than 2 kerbs. Generally each crossing should connect to at least 2 kerbs.
1221352061,way,not appliable,not appliable,this crossing intersects fewer than 2 kerbs. Generally each crossing should connect to at least 2 kerbs.
1221352062,way,not appliable,not appliable,this crossing intersects fewer than 2 kerbs. Generally each crossing should connect to at least 2 kerbs.
1221355100,way,not appliable,not appliable,this crossing intersects fewer than 2 kerbs. Generally each crossing should connect to at least 2 kerbs.
1221355101,way,not appliable,not appliable,this crossing intersects fewer than 2 kerbs. Generally each crossing should connect to at least 2 kerbs.
1221355102,way,not appliable,not appliable,this crossing intersects fewer than 2 kerbs. Generally each crossing should connect to at least 2 kerbs.
1221355103,way,not appliable,not appliable,this crossing intersects fewer than 2 kerbs. Generally each crossing should connect to at least 2 kerbs.
1221372082,way,not appliable,not appliable,this crossing intersects fewer than 2 kerbs. Generally each crossing should connect to at least 2 kerbs.
1221372083,way,not appliable,not appliable,this crossing intersects fewer than 2 kerbs. Generally each crossing should connect to at least 2 kerbs.
1221372084,way,not appliable,not appliable,this crossing intersects fewer than 2 kerbs. Generally each crossing should connect to at least 2 kerbs.
1221383166,way,not appliable,not appliable,this crossing intersects fewer than 2 kerbs. Generally each crossing should connect to at least 2 kerbs.
1221492083,way,not appliable,not appliable,this crossing intersects fewer than 2 kerbs. Generally each crossing should connect to at least 2 kerbs.
1221814660,way,not appliable,not appliable,this crossing intersects fewer than 2 kerbs. Generally each crossing should connect to at least 2 kerbs.
1221973486,way,not appliable,not appliable,this crossing intersects fewer than 2 kerbs. Generally each crossing should connect to at least 2 kerbs.
1222036144,way,not appliable,not appliable,this crossing intersects fewer than 2 kerbs. Generally each crossing should connect to at least 2 kerbs.
1222036145,way,not appliable,not appliable,this crossing intersects fewer than 2 kerbs. Generally each crossing should connect to at least 2 kerbs.
1222037532,way,not appliable,not appliable,this crossing intersects fewer than 2 kerbs. Generally each crossing should connect to at least 2 kerbs.
1222040339,way,not appliable,not appliable,this crossing intersects fewer than 2 kerbs. Generally each crossing should connect to at least 2 kerbs.
1222040685,way,not appliable,not appliable,this crossing intersects fewer than 2 kerbs. Generally each crossing should connect to at least 2 kerbs.
1222041104,way,not appliable,not appliable,this crossing intersects fewer than 2 kerbs. Generally each crossing should connect to at least 2 kerbs.
1222056665,way,not appliable,not appliable,this crossing intersects fewer than 2 kerbs. Generally each crossing should connect to at least 2 kerbs.
1222056667,way,not appliable,not appliable,this crossing intersects fewer than 2 kerbs. Generally each crossing should connect to at least 2 kerbs.
1222056669,way,not appliable,not appliable,this crossing intersects fewer than 2 kerbs. Generally each crossing should connect to at least 2 kerbs.
1222056670,way,not appliable,not appliable,this crossing intersects fewer than 2 kerbs. Generally each crossing should connect to at least 2 kerbs.
1222056671,way,not appliable,not appliable,this crossing intersects fewer than 2 kerbs. Generally each crossing should connect to at least 2 kerbs.
1222056672,way,not appliable,not appliable,this crossing intersects fewer than 2 kerbs. Generally each crossing should connect to at least 2 kerbs.
1222056673,way,not appliable,not appliable,this crossing intersects fewer than 2 kerbs. Generally each crossing should connect to at least 2 kerbs.
1222057718,way,not appliable,not appliable,this crossing intersects fewer than 2 kerbs. Generally each crossing should connect to at least 2 kerbs.
1222057975,way,not appliable,not appliable,this crossing intersects fewer than 2 kerbs. Generally each crossing should connect to at least 2 kerbs.
1222058157,way,not appliable,not appliable,this crossing intersects fewer than 2 kerbs. Generally each crossing should connect to at least 2 kerbs.
1222206369,way,not appliable,not appliable,this crossing intersects fewer than 2 kerbs. Generally each crossing should connect to at least 2 kerbs.
1222206370,way,not appliable,not appliable,this crossing intersects fewer than 2 kerbs. Generally each crossing should connect to at least 2 kerbs.
1222212295,way,not appliable,not appliable,this crossing intersects fewer than 2 kerbs. Generally each crossing should connect to at least 2 kerbs.
1222217399,way,not appliable,not appliable,this crossing intersects fewer than 2 kerbs. Generally each crossing should connect to at least 2 kerbs.
1222217400,way,not appliable,not appliable,this crossing intersects fewer than 2 kerbs. Generally each crossing should connect to at least 2 kerbs.
1222283877,way,not appliable,not appliable,this crossing intersects fewer than 2 kerbs. Generally each crossing should connect to at least 2 kerbs.
1222286440,way,not appliable,not appliable,this crossing intersects fewer than 2 kerbs. Generally each crossing should connect to at least 2 kerbs.
1222289592,way,not appliable,not appliable,this crossing intersects fewer than 2 kerbs. Generally each crossing should connect to at least 2 kerbs.
1222289593,way,not appliable,not appliable,this crossing intersects fewer than 2 kerbs. Generally each crossing should connect to at least 2 kerbs.
1222289761,way,not appliable,not appliable,this crossing intersects fewer than 2 kerbs. Generally each crossing should connect to at least 2 kerbs.
1222569531,way,not appliable,not appliable,this crossing intersects fewer than 2 kerbs. Generally each crossing should connect to at least 2 kerbs.
1222571156,way,not appliable,not appliable,this crossing intersects fewer than 2 kerbs. Generally each crossing should connect to at least 2 kerbs.
1222572733,way,not appliable,not appliable,this crossing intersects fewer than 2 kerbs. Generally each crossing should connect to at least 2 kerbs.
1222755569,way,not appliable,not appliable,this crossing intersects fewer than 2 kerbs. Generally each crossing should connect to at least 2 kerbs.
1222769969,way,not appliable,not appliable,this crossing intersects fewer than 2 kerbs. Generally each crossing should connect to at least 2 kerbs.
1222769970,way,not appliable,not appliable,this crossing intersects fewer than 2 kerbs. Generally each crossing should connect to at least 2 kerbs.
1222769972,way,not appliable,not appliable,this crossing intersects fewer than 2 kerbs. Generally each crossing should connect to at least 2 kerbs.
1222772686,way,not appliable,not appliable,this crossing intersects fewer than 2 kerbs. Generally each crossing should connect to at least 2 kerbs.
1222772880,way,not appliable,not appliable,this crossing intersects fewer than 2 kerbs. Generally each crossing should connect to at least 2 kerbs.
1222776946,way,not appliable,not appliable,this crossing intersects fewer than 2 kerbs. Generally each crossing should connect to at least 2 kerbs.
1222777175,way,not appliable,not appliable,this crossing intersects fewer than 2 kerbs. Generally each crossing should connect to at least 2 kerbs.
1222777763,way,not appliable,not appliable,this crossing intersects fewer than 2 kerbs. Generally each crossing should connect to at least 2 kerbs.
1222777764,way,not appliable,not appliable,this crossing intersects fewer than 2 kerbs. Generally each crossing should connect to at least 2 kerbs.
1222780273,way,not appliable,not appliable,this crossing intersects fewer than 2 kerbs. Generally each crossing should connect to at least 2 kerbs.
1222782368,way,not appliable,not appliable,this crossing intersects fewer than 2 kerbs. Generally each crossing should connect to at least 2 kerbs.
1222786611,way,not appliable,not appliable,this crossing intersects fewer than 2 kerbs. Generally each crossing should connect to at least 2 kerbs.
1222786613,way,not appliable,not appliable,this crossing intersects fewer than 2 kerbs. Generally each crossing should connect to at least 2 kerbs.
1222786616,way,not appliable,not appliable,this crossing intersects fewer than 2 kerbs. Generally each crossing should connect to at least 2 kerbs.
1222787166,way,not appliable,not appliable,this crossing intersects fewer than 2 kerbs. Generally each crossing should connect to at least 2 kerbs.
1222787713,way,not appliable,not appliable,this crossing intersects fewer than 2 kerbs. Generally each crossing should connect to at least 2 kerbs.
1222788837,way,not appliable,not appliable,this crossing intersects fewer than 2 kerbs. Generally each crossing should connect to at least 2 kerbs.
1222788838,way,not appliable,not appliable,this crossing intersects fewer than 2 kerbs. Generally each crossing should connect to at least 2 kerbs.
1222789319,way,not appliable,not appliable,this crossing intersects fewer than 2 kerbs. Generally each crossing should connect to at least 2 kerbs.
1222920633,way,not appliable,not appliable,this crossing intersects fewer than 2 kerbs. Generally each crossing should connect to at least 2 kerbs.
1222937592,way,not appliable,not appliable,this crossing intersects fewer than 2 kerbs. Generally each crossing should connect to at least 2 kerbs.
1222937885,way,not appliable,not appliable,this crossing intersects fewer than 2 kerbs. Generally each crossing should connect to at least 2 kerbs.
1222938529,way,not appliable,not appliable,this crossing intersects fewer than 2 kerbs. Generally each crossing should connect to at least 2 kerbs.
1222938919,way,not appliable,not appliable,this crossing intersects fewer than 2 kerbs. Generally each crossing should connect to at least 2 kerbs.
1222941262,way,not appliable,not appliable,this crossing intersects fewer than 2 kerbs. Generally each crossing should connect to at least 2 kerbs.
1222943600,way,not appliable,not appliable,this crossing intersects fewer than 2 kerbs. Generally each crossing should connect to at least 2 kerbs.
1222957188,way,not appliable,not appliable,this crossing intersects fewer than 2 kerbs. Generally each crossing should connect to at least 2 kerbs.
1222957190,way,not appliable,not appliable,this crossing intersects fewer than 2 kerbs. Generally each crossing should connect to at least 2 kerbs.
1222959278,way,not appliable,not appliable,this crossing intersects fewer than 2 kerbs. Generally each crossing should connect to at least 2 kerbs.
1222960275,way,not appliable,not appliable,this crossing intersects fewer than 2 kerbs. Generally each crossing should connect to at least 2 kerbs.
1222961737,way,not appliable,not appliable,this crossing intersects fewer than 2 kerbs. Generally each crossing should connect to at least 2 kerbs.
1222961741,way,not appliable,not appliable,this crossing intersects fewer than 2 kerbs. Generally each crossing should connect to at least 2 kerbs.
1222962799,way,not appliable,not appliable,this crossing intersects fewer than 2 kerbs. Generally each crossing should connect to at least 2 kerbs.
1222980677,way,not appliable,not appliable,this crossing intersects fewer than 2 kerbs. Generally each crossing should connect to at least 2 kerbs.
1222982857,way,not appliable,not appliable,this crossing intersects fewer than 2 kerbs. Generally each crossing should connect to at least 2 kerbs.
1222982859,way,not appliable,not appliable,this crossing intersects fewer than 2 kerbs. Generally each crossing should connect to at least 2 kerbs.
1222982862,way,not appliable,not appliable,this crossing intersects fewer than 2 kerbs. Generally each crossing should connect to at least 2 kerbs.
1222982864,way,not appliable,not appliable,this crossing intersects fewer than 2 kerbs. Generally each crossing should connect to at least 2 kerbs.
1222984020,way,not appliable,not appliable,this crossing intersects fewer than 2 kerbs. Generally each crossing should connect to at least 2 kerbs.
1222984557,way,not appliable,not appliable,this crossing intersects fewer than 2 kerbs. Generally each crossing should connect to at least 2 kerbs.
1222984560,way,not appliable,not appliable,this crossing intersects fewer than 2 kerbs. Generally each crossing should connect to at least 2 kerbs.
1222985115,way,not appliable,not appliable,this crossing intersects fewer than 2 kerbs. Generally each crossing should connect to at least 2 kerbs.
1222985116,way,not appliable,not appliable,this crossing intersects fewer than 2 kerbs. Generally each crossing should connect to at least 2 kerbs.
1222985362,way,not appliable,not appliable,this crossing intersects fewer than 2 kerbs. Generally each crossing should connect to at least 2 kerbs.
1222985365,way,not appliable,not appliable,this crossing intersects fewer than 2 kerbs. Generally each crossing should connect to at least 2 kerbs.
1222985499,way,not appliable,not appliable,this crossing intersects fewer than 2 kerbs. Generally each crossing should connect to at least 2 kerbs.
1222986034,way,not appliable,not appliable,this crossing intersects fewer than 2 kerbs. Generally each crossing should connect to at least 2 kerbs.
1222987248,way,not appliable,not appliable,this crossing intersects fewer than 2 kerbs. Generally each crossing should connect to at least 2 kerbs.
1222987249,way,not appliable,not appliable,this crossing intersects fewer than 2 kerbs. Generally each crossing should connect to at least 2 kerbs.
1222987472,way,not appliable,not appliable,this crossing intersects fewer than 2 kerbs. Generally each crossing should connect to at least 2 kerbs.
1222987864,way,not appliable,not appliable,this crossing intersects fewer than 2 kerbs. Generally each crossing should connect to at least 2 kerbs.
1222988500,way,not appliable,not appliable,this crossing intersects fewer than 2 kerbs. Generally each crossing should connect to at least 2 kerbs.
1222988678,way,not appliable,not appliable,this crossing intersects fewer than 2 kerbs. Generally each crossing should connect to at least 2 kerbs.
1222988989,way,not appliable,not appliable,this crossing intersects fewer than 2 kerbs. Generally each crossing should connect to at least 2 kerbs.
1222988990,way,not appliable,not appliable,this crossing intersects fewer than 2 kerbs. Generally each crossing should connect to at least 2 kerbs.
1222989736,way,not appliable,not appliable,this crossing intersects fewer than 2 kerbs. Generally each crossing should connect to at least 2 kerbs.
1222989737,way,not appliable,not appliable,this crossing intersects fewer than 2 kerbs. Generally each crossing should connect to at least 2 kerbs.
1222990116,way,not appliable,not appliable,this crossing intersects fewer than 2 kerbs. Generally each crossing should connect to at least 2 kerbs.
1222990203,way,not appliable,not appliable,this crossing intersects fewer than 2 kerbs. Generally each crossing should connect to at least 2 kerbs.
1222990205,way,not appliable,not appliable,this crossing intersects fewer than 2 kerbs. Generally each crossing should connect to at least 2 kerbs.
1222990693,way,not appliable,not appliable,this crossing intersects fewer than 2 kerbs. Generally each crossing should connect to at least 2 kerbs.
1223265488,way,not appliable,not appliable,this crossing intersects fewer than 2 kerbs. Generally each crossing should connect to at least 2 kerbs.
1223266029,way,not appliable,not appliable,this crossing intersects fewer than 2 kerbs. Generally each crossing should connect to at least 2 kerbs.
1223266504,way,not appliable,not appliable,this crossing intersects fewer than 2 kerbs. Generally each crossing should connect to at least 2 kerbs.
1223266760,way,not appliable,not appliable,this crossing intersects fewer than 2 kerbs. Generally each crossing should connect to at least 2 kerbs.
1223267369,way,not appliable,not appliable,this crossing intersects fewer than 2 kerbs. Generally each crossing should connect to at least 2 kerbs.
1223267370,way,not appliable,not appliable,this crossing intersects fewer than 2 kerbs. Generally each crossing should connect to at least 2 kerbs.
1223267373,way,not appliable,not appliable,this crossing intersects fewer than 2 kerbs. Generally each crossing should connect to at least 2 kerbs.
1223501489,way,not appliable,not appliable,this crossing intersects fewer than 2 kerbs. Generally each crossing should connect to at least 2 kerbs.
1226226613,way,not appliable,not appliable,this crossing intersects fewer than 2 kerbs. Generally each crossing should connect to at least 2 kerbs.
1226229737,way,not appliable,not appliable,this crossing intersects fewer than 2 kerbs. Generally each crossing should connect to at least 2 kerbs.
1226230642,way,not appliable,not appliable,this crossing intersects fewer than 2 kerbs. Generally each crossing should connect to at least 2 kerbs.
1226230881,way,not appliable,not appliable,this crossing intersects fewer than 2 kerbs. Generally each crossing should connect to at least 2 kerbs.
1226230900,way,not appliable,not appliable,this crossing intersects fewer than 2 kerbs. Generally each crossing should connect to at least 2 kerbs.
1226231201,way,not appliable,not appliable,this crossing intersects fewer than 2 kerbs. Generally each crossing should connect to at least 2 kerbs.
1226231218,way,not appliable,not appliable,this crossing intersects fewer than 2 kerbs. Generally each crossing should connect to at least 2 kerbs.
1226232501,way,not appliable,not appliable,this crossing intersects fewer than 2 kerbs. Generally each crossing should connect to at least 2 kerbs.
1226232502,way,not appliable,not appliable,this crossing intersects fewer than 2 kerbs. Generally each crossing should connect to at least 2 kerbs.
1226234007,way,not appliable,not appliable,this crossing intersects fewer than 2 kerbs. Generally each crossing should connect to at least 2 kerbs.
1226237894,way,not appliable,not appliable,this crossing intersects fewer than 2 kerbs. Generally each crossing should connect to at least 2 kerbs.
1226244099,way,not appliable,not appliable,this crossing intersects fewer than 2 kerbs. Generally each crossing should connect to at least 2 kerbs.
1226244279,way,not appliable,not appliable,this crossing intersects fewer than 2 kerbs. Generally each crossing should connect to at least 2 kerbs.
1226244939,way,not appliable,not appliable,this crossing intersects fewer than 2 kerbs. Generally each crossing should connect to at least 2 kerbs.
1227433462,way,not appliable,not appliable,this crossing intersects fewer than 2 kerbs. Generally each crossing should connect to at least 2 kerbs.
1233294082,way,not appliable,not appliable,this crossing intersects fewer than 2 kerbs. Generally each crossing should connect to at least 2 kerbs.
1258711570,way,not appliable,not appliable,this crossing intersects fewer than 2 kerbs. Generally each crossing should connect to at least 2 kerbs.
1259473917,way,not appliable,not appliable,this crossing intersects fewer than 2 kerbs. Generally each crossing should connect to at least 2 kerbs.
1262240254,way,not appliable,not appliable,this crossing intersects fewer than 2 kerbs. Generally each crossing should connect to at least 2 kerbs.
1262240257,way,not appliable,not appliable,this crossing intersects fewer than 2 kerbs. Generally each crossing should connect to at least 2 kerbs.
1263926977,way,not appliable,not appliable,this crossing intersects fewer than 2 kerbs. Generally each crossing should connect to at least 2 kerbs.
1270175005,way,not appliable,not appliable,this crossing intersects fewer than 2 kerbs. Generally each crossing should connect to at least 2 kerbs.
1270175006,way,not appliable,not appliable,this crossing intersects fewer than 2 kerbs. Generally each crossing should connect to at least 2 kerbs.
1284811177,way,not appliable,not appliable,this crossing intersects fewer than 2 kerbs. Generally each crossing should connect to at least 2 kerbs.
1287004991,way,not appliable,not appliable,this crossing intersects fewer than 2 kerbs. Generally each crossing should connect to at least 2 kerbs.
1287004992,way,not appliable,not appliable,this crossing intersects fewer than 2 kerbs. Generally each crossing should connect to at least 2 kerbs.
1290097194,way,not appliable,not appliable,this crossing intersects fewer than 2 kerbs. Generally each crossing should connect to at least 2 kerbs.
1290178567,way,not appliable,not appliable,this crossing intersects fewer than 2 kerbs. Generally each crossing should connect to at least 2 kerbs.
1290178577,way,not appliable,not appliable,this crossing intersects fewer than 2 kerbs. Generally each crossing should connect to at least 2 kerbs.
1295220986,way,not appliable,not appliable,this crossing intersects fewer than 2 kerbs. Generally each crossing should connect to at least 2 kerbs.
1295220987,way,not appliable,not appliable,this crossing intersects fewer than 2 kerbs. Generally each crossing should connect to at least 2 kerbs.
1295679757,way,not appliable,not appliable,this crossing intersects fewer than 2 kerbs. Generally each crossing should connect to at least 2 kerbs.
1297354944,way,not appliable,not appliable,this crossing intersects fewer than 2 kerbs. Generally each crossing should connect to at least 2 kerbs.
1298795464,way,not appliable,not appliable,this crossing intersects fewer than 2 kerbs. Generally each crossing should connect to at least 2 kerbs.
1302030078,way,not appliable,not appliable,this crossing intersects fewer than 2 kerbs. Generally each crossing should connect to at least 2 kerbs.
1302043669,way,not appliable,not appliable,this crossing intersects fewer than 2 kerbs. Generally each crossing should connect to at least 2 kerbs.
1302104994,way,not appliable,not appliable,this crossing intersects fewer than 2 kerbs. Generally each crossing should connect to at least 2 kerbs.
1312284792,way,not appliable,not appliable,this crossing intersects fewer than 2 kerbs. Generally each crossing should connect to at least 2 kerbs.
1317632979,way,not appliable,not appliable,this crossing intersects fewer than 2 kerbs. Generally each crossing should connect to at least 2 kerbs.
1318067138,way,not appliable,not appliable,this crossing intersects fewer than 2 kerbs. Generally each crossing should connect to at least 2 kerbs.
1318074868,way,not appliable,not appliable,this crossing intersects fewer than 2 kerbs. Generally each crossing should connect to at least 2 kerbs.
1318074869,way,not appliable,not appliable,this crossing intersects fewer than 2 kerbs. Generally each crossing should connect to at least 2 kerbs.
1318154389,way,not appliable,not appliable,this crossing intersects fewer than 2 kerbs. Generally each crossing should connect to at least 2 kerbs.
1318154395,way,not appliable,not appliable,this crossing intersects fewer than 2 kerbs. Generally each crossing should connect to at least 2 kerbs.
1318154462,way,not appliable,not appliable,this crossing intersects fewer than 2 kerbs. Generally each crossing should connect to at least 2 kerbs.
1319896683,way,not appliable,not appliable,this crossing intersects fewer than 2 kerbs. Generally each crossing should connect to at least 2 kerbs.
1320805530,way,not appliable,not appliable,this crossing intersects fewer than 2 kerbs. Generally each crossing should connect to at least 2 kerbs.
1320805531,way,not appliable,not appliable,this crossing intersects fewer than 2 kerbs. Generally each crossing should connect to at least 2 kerbs.
1327893497,way,not appliable,not appliable,this crossing intersects fewer than 2 kerbs. Generally each crossing should connect to at least 2 kerbs.
1330910275,way,not appliable,not appliable,this crossing intersects fewer than 2 kerbs. Generally each crossing should connect to at least 2 kerbs.
1331106368,way,not appliable,not appliable,this crossing intersects fewer than 2 kerbs. Generally each crossing should connect to at least 2 kerbs.
1331107596,way,not appliable,not appliable,this crossing intersects fewer than 2 kerbs. Generally each crossing should connect to at least 2 kerbs.
1331126238,way,not appliable,not appliable,this crossing intersects fewer than 2 kerbs. Generally each crossing should connect to at least 2 kerbs.
1334988748,way,not appliable,not appliable,this crossing intersects fewer than 2 kerbs. Generally each crossing should connect to at least 2 kerbs.
1338322711,way,not appliable,not appliable,this crossing intersects fewer than 2 kerbs. Generally each crossing should connect to at least 2 kerbs.
1338322713,way,not appliable,not appliable,this crossing intersects fewer than 2 kerbs. Generally each crossing should connect to at least 2 kerbs.
1338326668,way,not appliable,not appliable,this crossing intersects fewer than 2 kerbs. Generally each crossing should connect to at least 2 kerbs.
1338326670,way,not appliable,not appliable,this crossing intersects fewer than 2 kerbs. Generally each crossing should connect to at least 2 kerbs.
1338326672,way,not appliable,not appliable,this crossing intersects fewer than 2 kerbs. Generally each crossing should connect to at least 2 kerbs.
1338333964,way,not appliable,not appliable,this crossing intersects fewer than 2 kerbs. Generally each crossing should connect to at least 2 kerbs.
1338333970,way,not appliable,not appliable,this crossing intersects fewer than 2 kerbs. Generally each crossing should connect to at least 2 kerbs.
1338357358,way,not appliable,not appliable,this crossing intersects fewer than 2 kerbs. Generally each crossing should connect to at least 2 kerbs.
1338385967,way,not appliable,not appliable,this crossing intersects fewer than 2 kerbs. Generally each crossing should connect to at least 2 kerbs.
1338448016,way,not appliable,not appliable,this crossing intersects fewer than 2 kerbs. Generally each crossing should connect to at least 2 kerbs.
1338448730,way,not appliable,not appliable,this crossing intersects fewer than 2 kerbs. Generally each crossing should connect to at least 2 kerbs.
1339483331,way,not appliable,not appliable,this crossing intersects fewer than 2 kerbs. Generally each crossing should connect to at least 2 kerbs.
1339698598,way,not appliable,not appliable,this crossing intersects fewer than 2 kerbs. Generally each crossing should connect to at least 2 kerbs.
1340103742,way,not appliable,not appliable,this crossing intersects fewer than 2 kerbs. Generally each crossing should connect to at least 2 kerbs.
1340889426,way,not appliable,not appliable,this crossing intersects fewer than 2 kerbs. Generally each crossing should connect to at least 2 kerbs.
1343572061,way,not appliable,not appliable,this crossing intersects fewer than 2 kerbs. Generally each crossing should connect to at least 2 kerbs.
1344585819,way,not appliable,not appliable,this crossing intersects fewer than 2 kerbs. Generally each crossing should connect to at least 2 kerbs.
1346903248,way,not appliable,not appliable,this crossing intersects fewer than 2 kerbs. Generally each crossing should connect to at least 2 kerbs.
1346903250,way,not appliable,not appliable,this crossing intersects fewer than 2 kerbs. Generally each crossing should connect to at least 2 kerbs.
1346903257,way,not appliable,not appliable,this crossing intersects fewer than 2 kerbs. Generally each crossing should connect to at least 2 kerbs.
1346903259,way,not appliable,not appliable,this crossing intersects fewer than 2 kerbs. Generally each crossing should connect to at least 2 kerbs.
1346903262,way,not appliable,not appliable,this crossing intersects fewer than 2 kerbs. Generally each crossing should connect to at least 2 kerbs.
1346903263,way,not appliable,not appliable,this crossing intersects fewer than 2 kerbs. Generally each crossing should connect to at least 2 kerbs.
1346903265,way,not appliable,not appliable,this crossing intersects fewer than 2 kerbs. Generally each crossing should connect to at least 2 kerbs.
1346903266,way,not appliable,not appliable,this crossing intersects fewer than 2 kerbs. Generally each crossing should connect to at least 2 kerbs.
1348474871,way,not appliable,not appliable,this crossing intersects fewer than 2 kerbs. Generally each crossing should connect to at least 2 kerbs.
1348475724,way,not appliable,not appliable,this crossing intersects fewer than 2 kerbs. Generally each crossing should connect to at least 2 kerbs.
1349029310,way,not appliable,not appliable,this crossing intersects fewer than 2 kerbs. Generally each crossing should connect to at least 2 kerbs.
1349328119,way,not appliable,not appliable,this crossing intersects fewer than 2 kerbs. Generally each crossing should connect to at least 2 kerbs.
1349625430,way,not appliable,not appliable,this crossing intersects fewer than 2 kerbs. Generally each crossing should connect to at least 2 kerbs.
1349625449,way,not appliable,not appliable,this crossing intersects fewer than 2 kerbs. Generally each crossing should connect to at least 2 kerbs.
1350024952,way,not appliable,not appliable,this crossing intersects fewer than 2 kerbs. Generally each crossing should connect to at least 2 kerbs.
1350024954,way,not appliable,not appliable,this crossing intersects fewer than 2 kerbs. Generally each crossing should connect to at least 2 kerbs.
1350024956,way,not appliable,not appliable,this crossing intersects fewer than 2 kerbs. Generally each crossing should connect to at least 2 kerbs.
1350024957,way,not appliable,not appliable,this crossing intersects fewer than 2 kerbs. Generally each crossing should connect to at least 2 kerbs.
1350135331,way,not appliable,not appliable,this crossing intersects fewer than 2 kerbs. Generally each crossing should connect to at least 2 kerbs.
1353509585,way,not appliable,not appliable,this crossing intersects fewer than 2 kerbs. Generally each crossing should connect to at least 2 kerbs.
1353509590,way,not appliable,not appliable,this crossing intersects fewer than 2 kerbs. Generally each crossing should connect to at least 2 kerbs.
1355005053,way,not appliable,not appliable,this crossing intersects fewer than 2 kerbs. Generally each crossing should connect to at least 2 kerbs.
1355005054,way,not appliable,not appliable,this crossing intersects fewer than 2 kerbs. Generally each crossing should connect to at least 2 kerbs.
1355022448,way,not appliable,not appliable,this crossing intersects fewer than 2 kerbs. Generally each crossing should connect to at least 2 kerbs.
1355022449,way,not appliable,not appliable,this crossing intersects fewer than 2 kerbs. Generally each crossing should connect to at least 2 kerbs.
1359112817,way,not appliable,not appliable,this crossing intersects fewer than 2 kerbs. Generally each crossing should connect to at least 2 kerbs.
1360153138,way,not appliable,not appliable,this crossing intersects fewer than 2 kerbs. Generally each crossing should connect to at least 2 kerbs.
1364637668,way,not appliable,not appliable,this crossing intersects fewer than 2 kerbs. Generally each crossing should connect to at least 2 kerbs.
1364637676,way,not appliable,not appliable,this crossing intersects fewer than 2 kerbs. Generally each crossing should connect to at least 2 kerbs.
1364645449,way,not appliable,not appliable,this crossing intersects fewer than 2 kerbs. Generally each crossing should connect to at least 2 kerbs.
1364645450,way,not appliable,not appliable,this crossing intersects fewer than 2 kerbs. Generally each crossing should connect to at least 2 kerbs.
1364645451,way,not appliable,not appliable,this crossing intersects fewer than 2 kerbs. Generally each crossing should connect to at least 2 kerbs.
1364645457,way,not appliable,not appliable,this crossing intersects fewer than 2 kerbs. Generally each crossing should connect to at least 2 kerbs.
1364886868,way,not appliable,not appliable,this crossing intersects fewer than 2 kerbs. Generally each crossing should connect to at least 2 kerbs.
1364895909,way,not appliable,not appliable,this crossing intersects fewer than 2 kerbs. Generally each crossing should connect to at least 2 kerbs.
1365076553,way,not appliable,not appliable,this crossing intersects fewer than 2 kerbs. Generally each crossing should connect to at least 2 kerbs.
1365084158,way,not appliable,not appliable,this crossing intersects fewer than 2 kerbs. Generally each crossing should connect to at least 2 kerbs.
1365107843,way,not appliable,not appliable,this crossing intersects fewer than 2 kerbs. Generally each crossing should connect to at least 2 kerbs.
1365107853,way,not appliable,not appliable,this crossing intersects fewer than 2 kerbs. Generally each crossing should connect to at least 2 kerbs.
1365107855,way,not appliable,not appliable,this crossing intersects fewer than 2 kerbs. Generally each crossing should connect to at least 2 kerbs.
1365107866,way,not appliable,not appliable,this crossing intersects fewer than 2 kerbs. Generally each crossing should connect to at least 2 kerbs.
1365327897,way,not appliable,not appliable,this crossing intersects fewer than 2 kerbs. Generally each crossing should connect to at least 2 kerbs.
1365337538,way,not appliable,not appliable,this crossing intersects fewer than 2 kerbs. Generally each crossing should connect to at least 2 kerbs.
1365364270,way,not appliable,not appliable,this crossing intersects fewer than 2 kerbs. Generally each crossing should connect to at least 2 kerbs.
1365376661,way,not appliable,not appliable,this crossing intersects fewer than 2 kerbs. Generally each crossing should connect to at least 2 kerbs.
1365387447,way,not appliable,not appliable,this crossing intersects fewer than 2 kerbs. Generally each crossing should connect to at least 2 kerbs.
1365387448,way,not appliable,not appliable,this crossing intersects fewer than 2 kerbs. Generally each crossing should connect to at least 2 kerbs.
1365390796,way,not appliable,not appliable,this crossing intersects fewer than 2 kerbs. Generally each crossing should connect to at least 2 kerbs.
1365399862,way,not appliable,not appliable,this crossing intersects fewer than 2 kerbs. Generally each crossing should connect to at least 2 kerbs.
1368492590,way,not appliable,not appliable,this crossing intersects fewer than 2 kerbs. Generally each crossing should connect to at least 2 kerbs.
1368802706,way,not appliable,not appliable,this crossing intersects fewer than 2 kerbs. Generally each crossing should connect to at least 2 kerbs.
1370958442,way,not appliable,not appliable,this crossing intersects fewer than 2 kerbs. Generally each crossing should connect to at least 2 kerbs.
1370958445,way,not appliable,not appliable,this crossing intersects fewer than 2 kerbs. Generally each crossing should connect to at least 2 kerbs.
1373768828,way,not appliable,not appliable,this crossing intersects fewer than 2 kerbs. Generally each crossing should connect to at least 2 kerbs.
1373771105,way,not appliable,not appliable,this crossing intersects fewer than 2 kerbs. Generally each crossing should connect to at least 2 kerbs.
1373820088,way,not appliable,not appliable,this crossing intersects fewer than 2 kerbs. Generally each crossing should connect to at least 2 kerbs.
1378609078,way,not appliable,not appliable,this crossing intersects fewer than 2 kerbs. Generally each crossing should connect to at least 2 kerbs.
1378609079,way,not appliable,not appliable,this crossing intersects fewer than 2 kerbs. Generally each crossing should connect to at least 2 kerbs.
1382826242,way,not appliable,not appliable,this crossing intersects fewer than 2 kerbs. Generally each crossing should connect to at least 2 kerbs.
1385348853,way,not appliable,not appliable,this crossing intersects fewer than 2 kerbs. Generally each crossing should connect to at least 2 kerbs.
1388224582,way,not appliable,not appliable,this crossing intersects fewer than 2 kerbs. Generally each crossing should connect to at least 2 kerbs.
1389327712,way,not appliable,not appliable,this crossing intersects fewer than 2 kerbs. Generally each crossing should connect to at least 2 kerbs.
1389327715,way,not appliable,not appliable,this crossing intersects fewer than 2 kerbs. Generally each crossing should connect to at least 2 kerbs.
1389636727,way,not appliable,not appliable,this crossing intersects fewer than 2 kerbs. Generally each crossing should connect to at least 2 kerbs.
1389636736,way,not appliable,not appliable,this crossing intersects fewer than 2 kerbs. Generally each crossing should connect to at least 2 kerbs.
1389636742,way,not appliable,not appliable,this crossing intersects fewer than 2 kerbs. Generally each crossing should connect to at least 2 kerbs.
1389744550,way,not appliable,not appliable,this crossing intersects fewer than 2 kerbs. Generally each crossing should connect to at least 2 kerbs.
1390368145,way,not appliable,not appliable,this crossing intersects fewer than 2 kerbs. Generally each crossing should connect to at least 2 kerbs.
1391238234,way,not appliable,not appliable,this crossing intersects fewer than 2 kerbs. Generally each crossing should connect to at least 2 kerbs.
1392672902,way,not appliable,not appliable,this crossing intersects fewer than 2 kerbs. Generally each crossing should connect to at least 2 kerbs.
1393265405,way,not appliable,not appliable,this crossing intersects fewer than 2 kerbs. Generally each crossing should connect to at least 2 kerbs.
1393394085,way,not appliable,not appliable,this crossing intersects fewer than 2 kerbs. Generally each crossing should connect to at least 2 kerbs.
1393394086,way,not appliable,not appliable,this crossing intersects fewer than 2 kerbs. Generally each crossing should connect to at least 2 kerbs.
1395564154,way,not appliable,not appliable,this crossing intersects fewer than 2 kerbs. Generally each crossing should connect to at least 2 kerbs.
1395564157,way,not appliable,not appliable,this crossing intersects fewer than 2 kerbs. Generally each crossing should connect to at least 2 kerbs.
1396702225,way,not appliable,not appliable,this crossing intersects fewer than 2 kerbs. Generally each crossing should connect to at least 2 kerbs.
1408430580,way,not appliable,not appliable,this crossing intersects fewer than 2 kerbs. Generally each crossing should connect to at least 2 kerbs.
1409581267,way,not appliable,not appliable,this crossing intersects fewer than 2 kerbs. Generally each crossing should connect to at least 2 kerbs.
1409589098,way,not appliable,not appliable,this crossing intersects fewer than 2 kerbs. Generally each crossing should connect to at least 2 kerbs.
1409590666,way,not appliable,not appliable,this crossing intersects fewer than 2 kerbs. Generally each crossing should connect to at least 2 kerbs.
1410368665,way,not appliable,not appliable,this crossing intersects fewer than 2 kerbs. Generally each crossing should connect to at least 2 kerbs.
1412263071,way,not appliable,not appliable,this crossing intersects fewer than 2 kerbs. Generally each crossing should connect to at least 2 kerbs.
1413843235,way,not appliable,not appliable,this crossing intersects fewer than 2 kerbs. Generally each crossing should connect to at least 2 kerbs.
1414059528,way,not appliable,not appliable,this crossing intersects fewer than 2 kerbs. Generally each crossing should connect to at least 2 kerbs.
1414059529,way,not appliable,not appliable,this crossing intersects fewer than 2 kerbs. Generally each crossing should connect to at least 2 kerbs.
1414087281,way,not appliable,not appliable,this crossing intersects fewer than 2 kerbs. Generally each crossing should connect to at least 2 kerbs.
1415938323,way,not appliable,not appliable,this crossing intersects fewer than 2 kerbs. Generally each crossing should connect to at least 2 kerbs.
1416074084,way,not appliable,not appliable,this crossing intersects fewer than 2 kerbs. Generally each crossing should connect to at least 2 kerbs.
1416074085,way,not appliable,not appliable,this crossing intersects fewer than 2 kerbs. Generally each crossing should connect to at least 2 kerbs.
1416184674,way,not appliable,not appliable,this crossing intersects fewer than 2 kerbs. Generally each crossing should connect to at least 2 kerbs.
1416184675,way,not appliable,not appliable,this crossing intersects fewer than 2 kerbs. Generally each crossing should connect to at least 2 kerbs.
1416186522,way,not appliable,not appliable,this crossing intersects fewer than 2 kerbs. Generally each crossing should connect to at least 2 kerbs.
1416269552,way,not appliable,not appliable,this crossing intersects fewer than 2 kerbs. Generally each crossing should connect to at least 2 kerbs.
1416835190,way,not appliable,not appliable,this crossing intersects fewer than 2 kerbs. Generally each crossing should connect to at least 2 kerbs.
1417472161,way,not appliable,not appliable,this crossing intersects fewer than 2 kerbs. Generally each crossing should connect to at least 2 kerbs.
1418002166,way,not appliable,not appliable,this crossing intersects fewer than 2 kerbs. Generally each crossing should connect to at least 2 kerbs.
1418076738,way,not appliable,not appliable,this crossing intersects fewer than 2 kerbs. Generally each crossing should connect to at least 2 kerbs.
1418176095,way,not appliable,not appliable,this crossing intersects fewer than 2 kerbs. Generally each crossing should connect to at least 2 kerbs.
1418176096,way,not appliable,not appliable,this crossing intersects fewer than 2 kerbs. Generally each crossing should connect to at least 2 kerbs.
1418176097,way,not appliable,not appliable,this crossing intersects fewer than 2 kerbs. Generally each crossing should connect to at least 2 kerbs.
1418499023,way,not appliable,not appliable,this crossing intersects fewer than 2 kerbs. Generally each crossing should connect to at least 2 kerbs.
1418744537,way,not appliable,not appliable,this crossing intersects fewer than 2 kerbs. Generally each crossing should connect to at least 2 kerbs.
1418747062,way,not appliable,not appliable,this crossing intersects fewer than 2 kerbs. Generally each crossing should connect to at least 2 kerbs.
1419009533,way,not appliable,not appliable,this crossing intersects fewer than 2 kerbs. Generally each crossing should connect to at least 2 kerbs.
1419082958,way,not appliable,not appliable,this crossing intersects fewer than 2 kerbs. Generally each crossing should connect to at least 2 kerbs.
1419082959,way,not appliable,not appliable,this crossing intersects fewer than 2 kerbs. Generally each crossing should connect to at least 2 kerbs.
1419082960,way,not appliable,not appliable,this crossing intersects fewer than 2 kerbs. Generally each crossing should connect to at least 2 kerbs.
1419082961,way,not appliable,not appliable,this crossing intersects fewer than 2 kerbs. Generally each crossing should connect to at least 2 kerbs.
1420727090,way,not appliable,not appliable,this crossing intersects fewer than 2 kerbs. Generally each crossing should connect to at least 2 kerbs.
1420727092,way,not appliable,not appliable,this crossing intersects fewer than 2 kerbs. Generally each crossing should connect to at least 2 kerbs.
1421043591,way,not appliable,not appliable,this crossing intersects fewer than 2 kerbs. Generally each crossing should connect to at least 2 kerbs.
1421043592,way,not appliable,not appliable,this crossing intersects fewer than 2 kerbs. Generally each crossing should connect to at least 2 kerbs.
1421043593,way,not appliable,not appliable,this crossing intersects fewer than 2 kerbs. Generally each crossing should connect to at least 2 kerbs.
1421043595,way,not appliable,not appliable,this crossing intersects fewer than 2 kerbs. Generally each crossing should connect to at least 2 kerbs.
1421043605,way,not appliable,not appliable,this crossing intersects fewer than 2 kerbs. Generally each crossing should connect to at least 2 kerbs.
1421046694,way,not appliable,not appliable,this crossing intersects fewer than 2 kerbs. Generally each crossing should connect to at least 2 kerbs.
1421046695,way,not appliable,not appliable,this crossing intersects fewer than 2 kerbs. Generally each crossing should connect to at least 2 kerbs.
1421046696,way,not appliable,not appliable,this crossing intersects fewer than 2 kerbs. Generally each crossing should connect to at least 2 kerbs.
1421046697,way,not appliable,not appliable,this crossing intersects fewer than 2 kerbs. Generally each crossing should connect to at least 2 kerbs.
1421046698,way,not appliable,not appliable,this crossing intersects fewer than 2 kerbs. Generally each crossing should connect to at least 2 kerbs.
1421046699,way,not appliable,not appliable,this crossing intersects fewer than 2 kerbs. Generally each crossing should connect to at least 2 kerbs.
1421046700,way,not appliable,not appliable,this crossing intersects fewer than 2 kerbs. Generally each crossing should connect to at least 2 kerbs.
1421046701,way,not appliable,not appliable,this crossing intersects fewer than 2 kerbs. Generally each crossing should connect to at least 2 kerbs.
1421046703,way,not appliable,not appliable,this crossing intersects fewer than 2 kerbs. Generally each crossing should connect to at least 2 kerbs.
1421046705,way,not appliable,not appliable,this crossing intersects fewer than 2 kerbs. Generally each crossing should connect to at least 2 kerbs.
1421046706,way,not appliable,not appliable,this crossing intersects fewer than 2 kerbs. Generally each crossing should connect to at least 2 kerbs.
1421046707,way,not appliable,not appliable,this crossing intersects fewer than 2 kerbs. Generally each crossing should connect to at least 2 kerbs.
1421046821,way,not appliable,not appliable,this crossing intersects fewer than 2 kerbs. Generally each crossing should connect to at least 2 kerbs.
1421046823,way,not appliable,not appliable,this crossing intersects fewer than 2 kerbs. Generally each crossing should connect to at least 2 kerbs.
1421048689,way,not appliable,not appliable,this crossing intersects fewer than 2 kerbs. Generally each crossing should connect to at least 2 kerbs.
1421048692,way,not appliable,not appliable,this crossing intersects fewer than 2 kerbs. Generally each crossing should connect to at least 2 kerbs.
1421048694,way,not appliable,not appliable,this crossing intersects fewer than 2 kerbs. Generally each crossing should connect to at least 2 kerbs.
1421048695,way,not appliable,not appliable,this crossing intersects fewer than 2 kerbs. Generally each crossing should connect to at least 2 kerbs.
1421050182,way,not appliable,not appliable,this crossing intersects fewer than 2 kerbs. Generally each crossing should connect to at least 2 kerbs.
1421050183,way,not appliable,not appliable,this crossing intersects fewer than 2 kerbs. Generally each crossing should connect to at least 2 kerbs.
1421059278,way,not appliable,not appliable,this crossing intersects fewer than 2 kerbs. Generally each crossing should connect to at least 2 kerbs.
1421059280,way,not appliable,not appliable,this crossing intersects fewer than 2 kerbs. Generally each crossing should connect to at least 2 kerbs.
1421059281,way,not appliable,not appliable,this crossing intersects fewer than 2 kerbs. Generally each crossing should connect to at least 2 kerbs.
1421217322,way,not appliable,not appliable,this crossing intersects fewer than 2 kerbs. Generally each crossing should connect to at least 2 kerbs.
1421217323,way,not appliable,not appliable,this crossing intersects fewer than 2 kerbs. Generally each crossing should connect to at least 2 kerbs.
1421217324,way,not appliable,not appliable,this crossing intersects fewer than 2 kerbs. Generally each crossing should connect to at least 2 kerbs.
1421217325,way,not appliable,not appliable,this crossing intersects fewer than 2 kerbs. Generally each crossing should connect to at least 2 kerbs.
1421217326,way,not appliable,not appliable,this crossing intersects fewer than 2 kerbs. Generally each crossing should connect to at least 2 kerbs.
1421217327,way,not appliable,not appliable,this crossing intersects fewer than 2 kerbs. Generally each crossing should connect to at least 2 kerbs.
1421333608,way,not appliable,not appliable,this crossing intersects fewer than 2 kerbs. Generally each crossing should connect to at least 2 kerbs.
1421333609,way,not appliable,not appliable,this crossing intersects fewer than 2 kerbs. Generally each crossing should connect to at least 2 kerbs.
1421333614,way,not appliable,not appliable,this crossing intersects fewer than 2 kerbs. Generally each crossing should connect to at least 2 kerbs.
1421344094,way,not appliable,not appliable,this crossing intersects fewer than 2 kerbs. Generally each crossing should connect to at least 2 kerbs.
1421406469,way,not appliable,not appliable,this crossing intersects fewer than 2 kerbs. Generally each crossing should connect to at least 2 kerbs.
1421568878,way,not appliable,not appliable,this crossing intersects fewer than 2 kerbs. Generally each crossing should connect to at least 2 kerbs.
1424244876,way,not appliable,not appliable,this crossing intersects fewer than 2 kerbs. Generally each crossing should connect to at least 2 kerbs.
1424244877,way,not appliable,not appliable,this crossing intersects fewer than 2 kerbs. Generally each crossing should connect to at least 2 kerbs.
1424244878,way,not appliable,not appliable,this crossing intersects fewer than 2 kerbs. Generally each crossing should connect to at least 2 kerbs.
1424244879,way,not appliable,not appliable,this crossing intersects fewer than 2 kerbs. Generally each crossing should connect to at least 2 kerbs.
1424244880,way,not appliable,not appliable,this crossing intersects fewer than 2 kerbs. Generally each crossing should connect to at least 2 kerbs.
1424416344,way,not appliable,not appliable,this crossing intersects fewer than 2 kerbs. Generally each crossing should connect to at least 2 kerbs.
1424548997,way,not appliable,not appliable,this crossing intersects fewer than 2 kerbs. Generally each crossing should connect to at least 2 kerbs.
1424548998,way,not appliable,not appliable,this crossing intersects fewer than 2 kerbs. Generally each crossing should connect to at least 2 kerbs.
1424548999,way,not appliable,not appliable,this crossing intersects fewer than 2 kerbs. Generally each crossing should connect to at least 2 kerbs.
1424549000,way,not appliable,not appliable,this crossing intersects fewer than 2 kerbs. Generally each crossing should connect to at least 2 kerbs.
1424655418,way,not appliable,not appliable,this crossing intersects fewer than 2 kerbs. Generally each crossing should connect to at least 2 kerbs.
1426939459,way,not appliable,not appliable,this crossing intersects fewer than 2 kerbs. Generally each crossing should connect to at least 2 kerbs.
1427577642,way,not appliable,not appliable,this crossing intersects fewer than 2 kerbs. Generally each crossing should connect to at least 2 kerbs.
1428346256,way,not appliable,not appliable,this crossing intersects fewer than 2 kerbs. Generally each crossing should connect to at least 2 kerbs.
1428346257,way,not appliable,not appliable,this crossing intersects fewer than 2 kerbs. Generally each crossing should connect to at least 2 kerbs.
1428346258,way,not appliable,not appliable,this crossing intersects fewer than 2 kerbs. Generally each crossing should connect to at least 2 kerbs.
1429540302,way,not appliable,not appliable,this crossing intersects fewer than 2 kerbs. Generally each crossing should connect to at least 2 kerbs.
1430656159,way,not appliable,not appliable,this crossing intersects fewer than 2 kerbs. Generally each crossing should connect to at least 2 kerbs.
1430656160,way,not appliable,not appliable,this crossing intersects fewer than 2 kerbs. Generally each crossing should connect to at least 2 kerbs.
1430656162,way,not appliable,not appliable,this crossing intersects fewer than 2 kerbs. Generally each crossing should connect to at least 2 kerbs.
1430656163,way,not appliable,not appliable,this crossing intersects fewer than 2 kerbs. Generally each crossing should connect to at least 2 kerbs.
1430900872,way,not appliable,not appliable,this crossing intersects fewer than 2 kerbs. Generally each crossing should connect to at least 2 kerbs.
1431072333,way,not appliable,not appliable,this crossing intersects fewer than 2 kerbs. Generally each crossing should connect to at least 2 kerbs.
1431072334,way,not appliable,not appliable,this crossing intersects fewer than 2 kerbs. Generally each crossing should connect to at least 2 kerbs.
1431073523,way,not appliable,not appliable,this crossing intersects fewer than 2 kerbs. Generally each crossing should connect to at least 2 kerbs.
1431073524,way,not appliable,not appliable,this crossing intersects fewer than 2 kerbs. Generally each crossing should connect to at least 2 kerbs.
1431073865,way,not appliable,not appliable,this crossing intersects fewer than 2 kerbs. Generally each crossing should connect to at least 2 kerbs.
1431074384,way,not appliable,not appliable,this crossing intersects fewer than 2 kerbs. Generally each crossing should connect to at least 2 kerbs.
1431076127,way,not appliable,not appliable,this crossing intersects fewer than 2 kerbs. Generally each crossing should connect to at least 2 kerbs.
1431076130,way,not appliable,not appliable,this crossing intersects fewer than 2 kerbs. Generally each crossing should connect to at least 2 kerbs.
1431077429,way,not appliable,not appliable,this crossing intersects fewer than 2 kerbs. Generally each crossing should connect to at least 2 kerbs.
1431077431,way,not appliable,not appliable,this crossing intersects fewer than 2 kerbs. Generally each crossing should connect to at least 2 kerbs.
1431077433,way,not appliable,not appliable,this crossing intersects fewer than 2 kerbs. Generally each crossing should connect to at least 2 kerbs.
1431077562,way,not appliable,not appliable,this crossing intersects fewer than 2 kerbs. Generally each crossing should connect to at least 2 kerbs.
1431077788,way,not appliable,not appliable,this crossing intersects fewer than 2 kerbs. Generally each crossing should connect to at least 2 kerbs.
1431077789,way,not appliable,not appliable,this crossing intersects fewer than 2 kerbs. Generally each crossing should connect to at least 2 kerbs.
1431077790,way,not appliable,not appliable,this crossing intersects fewer than 2 kerbs. Generally each crossing should connect to at least 2 kerbs.
1431077791,way,not appliable,not appliable,this crossing intersects fewer than 2 kerbs. Generally each crossing should connect to at least 2 kerbs.
1431080264,way,not appliable,not appliable,this crossing intersects fewer than 2 kerbs. Generally each crossing should connect to at least 2 kerbs.
1431081343,way,not appliable,not appliable,this crossing intersects fewer than 2 kerbs. Generally each crossing should connect to at least 2 kerbs.
1431085687,way,not appliable,not appliable,this crossing intersects fewer than 2 kerbs. Generally each crossing should connect to at least 2 kerbs.
1431085691,way,not appliable,not appliable,this crossing intersects fewer than 2 kerbs. Generally each crossing should connect to at least 2 kerbs.
1431087029,way,not appliable,not appliable,this crossing intersects fewer than 2 kerbs. Generally each crossing should connect to at least 2 kerbs.
1431087030,way,not appliable,not appliable,this crossing intersects fewer than 2 kerbs. Generally each crossing should connect to at least 2 kerbs.
1431087378,way,not appliable,not appliable,this crossing intersects fewer than 2 kerbs. Generally each crossing should connect to at least 2 kerbs.
1431087675,way,not appliable,not appliable,this crossing intersects fewer than 2 kerbs. Generally each crossing should connect to at least 2 kerbs.
1431089285,way,not appliable,not appliable,this crossing intersects fewer than 2 kerbs. Generally each crossing should connect to at least 2 kerbs.
1431090457,way,not appliable,not appliable,this crossing intersects fewer than 2 kerbs. Generally each crossing should connect to at least 2 kerbs.
1431091282,way,not appliable,not appliable,this crossing intersects fewer than 2 kerbs. Generally each crossing should connect to at least 2 kerbs.
1431091284,way,not appliable,not appliable,this crossing intersects fewer than 2 kerbs. Generally each crossing should connect to at least 2 kerbs.
1431091359,way,not appliable,not appliable,this crossing intersects fewer than 2 kerbs. Generally each crossing should connect to at least 2 kerbs.
1431091365,way,not appliable,not appliable,this crossing intersects fewer than 2 kerbs. Generally each crossing should connect to at least 2 kerbs.
1431092855,way,not appliable,not appliable,this crossing intersects fewer than 2 kerbs. Generally each crossing should connect to at least 2 kerbs.
1431092975,way,not appliable,not appliable,this crossing intersects fewer than 2 kerbs. Generally each crossing should connect to at least 2 kerbs.
1431095053,way,not appliable,not appliable,this crossing intersects fewer than 2 kerbs. Generally each crossing should connect to at least 2 kerbs.
1431095055,way,not appliable,not appliable,this crossing intersects fewer than 2 kerbs. Generally each crossing should connect to at least 2 kerbs.
1431095340,way,not appliable,not appliable,this crossing intersects fewer than 2 kerbs. Generally each crossing should connect to at least 2 kerbs.
1431096838,way,not appliable,not appliable,this crossing intersects fewer than 2 kerbs. Generally each crossing should connect to at least 2 kerbs.
1431096882,way,not appliable,not appliable,this crossing intersects fewer than 2 kerbs. Generally each crossing should connect to at least 2 kerbs.
1431108468,way,not appliable,not appliable,this crossing intersects fewer than 2 kerbs. Generally each crossing should connect to at least 2 kerbs.
1431108469,way,not appliable,not appliable,this crossing intersects fewer than 2 kerbs. Generally each crossing should connect to at least 2 kerbs.
1431110943,way,not appliable,not appliable,this crossing intersects fewer than 2 kerbs. Generally each crossing should connect to at least 2 kerbs.
1431111730,way,not appliable,not appliable,this crossing intersects fewer than 2 kerbs. Generally each crossing should connect to at least 2 kerbs.
1431111732,way,not appliable,not appliable,this crossing intersects fewer than 2 kerbs. Generally each crossing should connect to at least 2 kerbs.
1431113586,way,not appliable,not appliable,this crossing intersects fewer than 2 kerbs. Generally each crossing should connect to at least 2 kerbs.
1431113588,way,not appliable,not appliable,this crossing intersects fewer than 2 kerbs. Generally each crossing should connect to at least 2 kerbs.
1431115773,way,not appliable,not appliable,this crossing intersects fewer than 2 kerbs. Generally each crossing should connect to at least 2 kerbs.
1431115778,way,not appliable,not appliable,this crossing intersects fewer than 2 kerbs. Generally each crossing should connect to at least 2 kerbs.
1431117929,way,not appliable,not appliable,this crossing intersects fewer than 2 kerbs. Generally each crossing should connect to at least 2 kerbs.
1431117931,way,not appliable,not appliable,this crossing intersects fewer than 2 kerbs. Generally each crossing should connect to at least 2 kerbs.
1431120941,way,not appliable,not appliable,this crossing intersects fewer than 2 kerbs. Generally each crossing should connect to at least 2 kerbs.
1431121027,way,not appliable,not appliable,this crossing intersects fewer than 2 kerbs. Generally each crossing should connect to at least 2 kerbs.
1431121028,way,not appliable,not appliable,this crossing intersects fewer than 2 kerbs. Generally each crossing should connect to at least 2 kerbs.
1431123100,way,not appliable,not appliable,this crossing intersects fewer than 2 kerbs. Generally each crossing should connect to at least 2 kerbs.
1431124282,way,not appliable,not appliable,this crossing intersects fewer than 2 kerbs. Generally each crossing should connect to at least 2 kerbs.
1431124767,way,not appliable,not appliable,this crossing intersects fewer than 2 kerbs. Generally each crossing should connect to at least 2 kerbs.
1431125237,way,not appliable,not appliable,this crossing intersects fewer than 2 kerbs. Generally each crossing should connect to at least 2 kerbs.
1431127681,way,not appliable,not appliable,this crossing intersects fewer than 2 kerbs. Generally each crossing should connect to at least 2 kerbs.
1431127696,way,not appliable,not appliable,this crossing intersects fewer than 2 kerbs. Generally each crossing should connect to at least 2 kerbs.
1431127959,way,not appliable,not appliable,this crossing intersects fewer than 2 kerbs. Generally each crossing should connect to at least 2 kerbs.
1431128981,way,not appliable,not appliable,this crossing intersects fewer than 2 kerbs. Generally each crossing should connect to at least 2 kerbs.
1431128982,way,not appliable,not appliable,this crossing intersects fewer than 2 kerbs. Generally each crossing should connect to at least 2 kerbs.
1431128984,way,not appliable,not appliable,this crossing intersects fewer than 2 kerbs. Generally each crossing should connect to at least 2 kerbs.
1431129307,way,not appliable,not appliable,this crossing intersects fewer than 2 kerbs. Generally each crossing should connect to at least 2 kerbs.
1431129822,way,not appliable,not appliable,this crossing intersects fewer than 2 kerbs. Generally each crossing should connect to at least 2 kerbs.
1431129824,way,not appliable,not appliable,this crossing intersects fewer than 2 kerbs. Generally each crossing should connect to at least 2 kerbs.
1431137013,way,not appliable,not appliable,this crossing intersects fewer than 2 kerbs. Generally each crossing should connect to at least 2 kerbs.
1431137017,way,not appliable,not appliable,this crossing intersects fewer than 2 kerbs. Generally each crossing should connect to at least 2 kerbs.
1431137782,way,not appliable,not appliable,this crossing intersects fewer than 2 kerbs. Generally each crossing should connect to at least 2 kerbs.
1431141129,way,not appliable,not appliable,this crossing intersects fewer than 2 kerbs. Generally each crossing should connect to at least 2 kerbs.
1431142269,way,not appliable,not appliable,this crossing intersects fewer than 2 kerbs. Generally each crossing should connect to at least 2 kerbs.
1431142271,way,not appliable,not appliable,this crossing intersects fewer than 2 kerbs. Generally each crossing should connect to at least 2 kerbs.
1431143563,way,not appliable,not appliable,this crossing intersects fewer than 2 kerbs. Generally each crossing should connect to at least 2 kerbs.
1431145698,way,not appliable,not appliable,this crossing intersects fewer than 2 kerbs. Generally each crossing should connect to at least 2 kerbs.
1431145699,way,not appliable,not appliable,this crossing intersects fewer than 2 kerbs. Generally each crossing should connect to at least 2 kerbs.
1431145702,way,not appliable,not appliable,this crossing intersects fewer than 2 kerbs. Generally each crossing should connect to at least 2 kerbs.
1431145704,way,not appliable,not appliable,this crossing intersects fewer than 2 kerbs. Generally each crossing should connect to at least 2 kerbs.
1431145818,way,not appliable,not appliable,this crossing intersects fewer than 2 kerbs. Generally each crossing should connect to at least 2 kerbs.
1431147582,way,not appliable,not appliable,this crossing intersects fewer than 2 kerbs. Generally each crossing should connect to at least 2 kerbs.
1431147611,way,not appliable,not appliable,this crossing intersects fewer than 2 kerbs. Generally each crossing should connect to at least 2 kerbs.
1431147975,way,not appliable,not appliable,this crossing intersects fewer than 2 kerbs. Generally each crossing should connect to at least 2 kerbs.
1431147979,way,not appliable,not appliable,this crossing intersects fewer than 2 kerbs. Generally each crossing should connect to at least 2 kerbs.
1431150592,way,not appliable,not appliable,this crossing intersects fewer than 2 kerbs. Generally each crossing should connect to at least 2 kerbs.
1431150712,way,not appliable,not appliable,this crossing intersects fewer than 2 kerbs. Generally each crossing should connect to at least 2 kerbs.
1431151272,way,not appliable,not appliable,this crossing intersects fewer than 2 kerbs. Generally each crossing should connect to at least 2 kerbs.
1431151274,way,not appliable,not appliable,this crossing intersects fewer than 2 kerbs. Generally each crossing should connect to at least 2 kerbs.
1431152975,way,not appliable,not appliable,this crossing intersects fewer than 2 kerbs. Generally each crossing should connect to at least 2 kerbs.
1431152996,way,not appliable,not appliable,this crossing intersects fewer than 2 kerbs. Generally each crossing should connect to at least 2 kerbs.
1431154214,way,not appliable,not appliable,this crossing intersects fewer than 2 kerbs. Generally each crossing should connect to at least 2 kerbs.
1431156434,way,not appliable,not appliable,this crossing intersects fewer than 2 kerbs. Generally each crossing should connect to at least 2 kerbs.
1431156438,way,not appliable,not appliable,this crossing intersects fewer than 2 kerbs. Generally each crossing should connect to at least 2 kerbs.
1431156920,way,not appliable,not appliable,this crossing intersects fewer than 2 kerbs. Generally each crossing should connect to at least 2 kerbs.
1431156923,way,not appliable,not appliable,this crossing intersects fewer than 2 kerbs. Generally each crossing should connect to at least 2 kerbs.
1431469281,way,not appliable,not appliable,this crossing intersects fewer than 2 kerbs. Generally each crossing should connect to at least 2 kerbs.
1431473984,way,not appliable,not appliable,this crossing intersects fewer than 2 kerbs. Generally each crossing should connect to at least 2 kerbs.
1431473985,way,not appliable,not appliable,this crossing intersects fewer than 2 kerbs. Generally each crossing should connect to at least 2 kerbs.
1431473986,way,not appliable,not appliable,this crossing intersects fewer than 2 kerbs. Generally each crossing should connect to at least 2 kerbs.
1431805026,way,not appliable,not appliable,this crossing intersects fewer than 2 kerbs. Generally each crossing should connect to at least 2 kerbs.
1432388793,way,not appliable,not appliable,this crossing intersects fewer than 2 kerbs. Generally each crossing should connect to at least 2 kerbs.
1433140619,way,not appliable,not appliable,this crossing intersects fewer than 2 kerbs. Generally each crossing should connect to at least 2 kerbs.
1433163701,way,not appliable,not appliable,this crossing intersects fewer than 2 kerbs. Generally each crossing should connect to at least 2 kerbs.
1433163702,way,not appliable,not appliable,this crossing intersects fewer than 2 kerbs. Generally each crossing should connect to at least 2 kerbs.
1433174925,way,not appliable,not appliable,this crossing intersects fewer than 2 kerbs. Generally each crossing should connect to at least 2 kerbs.
1433175939,way,not appliable,not appliable,this crossing intersects fewer than 2 kerbs. Generally each crossing should connect to at least 2 kerbs.
1433178268,way,not appliable,not appliable,this crossing intersects fewer than 2 kerbs. Generally each crossing should connect to at least 2 kerbs.
1433355236,way,not appliable,not appliable,this crossing intersects fewer than 2 kerbs. Generally each crossing should connect to at least 2 kerbs.
1433356764,way,not appliable,not appliable,this crossing intersects fewer than 2 kerbs. Generally each crossing should connect to at least 2 kerbs.
1433366298,way,not appliable,not appliable,this crossing intersects fewer than 2 kerbs. Generally each crossing should connect to at least 2 kerbs.
1433373060,way,not appliable,not appliable,this crossing intersects fewer than 2 kerbs. Generally each crossing should connect to at least 2 kerbs.
1433376885,way,not appliable,not appliable,this crossing intersects fewer than 2 kerbs. Generally each crossing should connect to at least 2 kerbs.
1433376887,way,not appliable,not appliable,this crossing intersects fewer than 2 kerbs. Generally each crossing should connect to at least 2 kerbs.
1433376889,way,not appliable,not appliable,this crossing intersects fewer than 2 kerbs. Generally each crossing should connect to at least 2 kerbs.
1433379473,way,not appliable,not appliable,this crossing intersects fewer than 2 kerbs. Generally each crossing should connect to at least 2 kerbs.
1433382797,way,not appliable,not appliable,this crossing intersects fewer than 2 kerbs. Generally each crossing should connect to at least 2 kerbs.
1433383889,way,not appliable,not appliable,this crossing intersects fewer than 2 kerbs. Generally each crossing should connect to at least 2 kerbs.
1433384360,way,not appliable,not appliable,this crossing intersects fewer than 2 kerbs. Generally each crossing should connect to at least 2 kerbs.
1433384362,way,not appliable,not appliable,this crossing intersects fewer than 2 kerbs. Generally each crossing should connect to at least 2 kerbs.
1433385258,way,not appliable,not appliable,this crossing intersects fewer than 2 kerbs. Generally each crossing should connect to at least 2 kerbs.
1433385259,way,not appliable,not appliable,this crossing intersects fewer than 2 kerbs. Generally each crossing should connect to at least 2 kerbs.
1434812465,way,not appliable,not appliable,this crossing intersects fewer than 2 kerbs. Generally each crossing should connect to at least 2 kerbs.
1434820721,way,not appliable,not appliable,this crossing intersects fewer than 2 kerbs. Generally each crossing should connect to at least 2 kerbs.
1435083913,way,not appliable,not appliable,this crossing intersects fewer than 2 kerbs. Generally each crossing should connect to at least 2 kerbs.
1435189632,way,not appliable,not appliable,this crossing intersects fewer than 2 kerbs. Generally each crossing should connect to at least 2 kerbs.
1437010526,way,not appliable,not appliable,this crossing intersects fewer than 2 kerbs. Generally each crossing should connect to at least 2 kerbs.
1441830405,way,not appliable,not appliable,this crossing intersects fewer than 2 kerbs. Generally each crossing should connect to at least 2 kerbs.
1442837140,way,not appliable,not appliable,this crossing intersects fewer than 2 kerbs. Generally each crossing should connect to at least 2 kerbs.
1442837142,way,not appliable,not appliable,this crossing intersects fewer than 2 kerbs. Generally each crossing should connect to at least 2 kerbs.
1442966103,way,not appliable,not appliable,this crossing intersects fewer than 2 kerbs. Generally each crossing should connect to at least 2 kerbs.
1442966104,way,not appliable,not appliable,this crossing intersects fewer than 2 kerbs. Generally each crossing should connect to at least 2 kerbs.
1443274351,way,not appliable,not appliable,this crossing intersects fewer than 2 kerbs. Generally each crossing should connect to at least 2 kerbs.
1443545481,way,not appliable,not appliable,this crossing intersects fewer than 2 kerbs. Generally each crossing should connect to at least 2 kerbs.
1444355814,way,not appliable,not appliable,this crossing intersects fewer than 2 kerbs. Generally each crossing should connect to at least 2 kerbs.
1445236396,way,not appliable,not appliable,this crossing intersects fewer than 2 kerbs. Generally each crossing should connect to at least 2 kerbs.
1446128154,way,not appliable,not appliable,this crossing intersects fewer than 2 kerbs. Generally each crossing should connect to at least 2 kerbs.
1446547096,way,not appliable,not appliable,this crossing intersects fewer than 2 kerbs. Generally each crossing should connect to at least 2 kerbs.
1446552868,way,not appliable,not appliable,this crossing intersects fewer than 2 kerbs. Generally each crossing should connect to at least 2 kerbs.
1446584478,way,not appliable,not appliable,this crossing intersects fewer than 2 kerbs. Generally each crossing should connect to at least 2 kerbs.
1446584480,way,not appliable,not appliable,this crossing intersects fewer than 2 kerbs. Generally each crossing should connect to at least 2 kerbs.
1446593807,way,not appliable,not appliable,this crossing intersects fewer than 2 kerbs. Generally each crossing should connect to at least 2 kerbs.
1446710862,way,not appliable,not appliable,this crossing intersects fewer than 2 kerbs. Generally each crossing should connect to at least 2 kerbs.
1446774676,way,not appliable,not appliable,this crossing intersects fewer than 2 kerbs. Generally each crossing should connect to at least 2 kerbs.
1447226854,way,not appliable,not appliable,this crossing intersects fewer than 2 kerbs. Generally each crossing should connect to at least 2 kerbs.
1447495186,way,not appliable,not appliable,this crossing intersects fewer than 2 kerbs. Generally each crossing should connect to at least 2 kerbs.
1447511114,way,not appliable,not appliable,this crossing intersects fewer than 2 kerbs. Generally each crossing should connect to at least 2 kerbs.
1447515783,way,not appliable,not appliable,this crossing intersects fewer than 2 kerbs. Generally each crossing should connect to at least 2 kerbs.
1447515787,way,not appliable,not appliable,this crossing intersects fewer than 2 kerbs. Generally each crossing should connect to at least 2 kerbs.
1447515788,way,not appliable,not appliable,this crossing intersects fewer than 2 kerbs. Generally each crossing should connect to at least 2 kerbs.
1447532905,way,not appliable,not appliable,this crossing intersects fewer than 2 kerbs. Generally each crossing should connect to at least 2 kerbs.
1447548457,way,not appliable,not appliable,this crossing intersects fewer than 2 kerbs. Generally each crossing should connect to at least 2 kerbs.
1447548458,way,not appliable,not appliable,this crossing intersects fewer than 2 kerbs. Generally each crossing should connect to at least 2 kerbs.
1447556667,way,not appliable,not appliable,this crossing intersects fewer than 2 kerbs. Generally each crossing should connect to at least 2 kerbs.
1447775191,way,not appliable,not appliable,this crossing intersects fewer than 2 kerbs. Generally each crossing should connect to at least 2 kerbs.
1447792743,way,not appliable,not appliable,this crossing intersects fewer than 2 kerbs. Generally each crossing should connect to at least 2 kerbs.
1447799312,way,not appliable,not appliable,this crossing intersects fewer than 2 kerbs. Generally each crossing should connect to at least 2 kerbs.
1447807401,way,not appliable,not appliable,this crossing intersects fewer than 2 kerbs. Generally each crossing should connect to at least 2 kerbs.
1447807411,way,not appliable,not appliable,this crossing intersects fewer than 2 kerbs. Generally each crossing should connect to at least 2 kerbs.
1448012174,way,not appliable,not appliable,this crossing intersects fewer than 2 kerbs. Generally each crossing should connect to at least 2 kerbs.
1448036498,way,not appliable,not appliable,this crossing intersects fewer than 2 kerbs. Generally each crossing should connect to at least 2 kerbs.
1448036502,way,not appliable,not appliable,this crossing intersects fewer than 2 kerbs. Generally each crossing should connect to at least 2 kerbs.
1448039790,way,not appliable,not appliable,this crossing intersects fewer than 2 kerbs. Generally each crossing should connect to at least 2 kerbs.
1448040761,way,not appliable,not appliable,this crossing intersects fewer than 2 kerbs. Generally each crossing should connect to at least 2 kerbs.
1448041571,way,not appliable,not appliable,this crossing intersects fewer than 2 kerbs. Generally each crossing should connect to at least 2 kerbs.
1448051773,way,not appliable,not appliable,this crossing intersects fewer than 2 kerbs. Generally each crossing should connect to at least 2 kerbs.
1448059749,way,not appliable,not appliable,this crossing intersects fewer than 2 kerbs. Generally each crossing should connect to at least 2 kerbs.
1448065051,way,not appliable,not appliable,this crossing intersects fewer than 2 kerbs. Generally each crossing should connect to at least 2 kerbs.
1448071787,way,not appliable,not appliable,this crossing intersects fewer than 2 kerbs. Generally each crossing should connect to at least 2 kerbs.
1448071790,way,not appliable,not appliable,this crossing intersects fewer than 2 kerbs. Generally each crossing should connect to at least 2 kerbs.
1448295376,way,not appliable,not appliable,this crossing intersects fewer than 2 kerbs. Generally each crossing should connect to at least 2 kerbs.
1448439100,way,not appliable,not appliable,this crossing intersects fewer than 2 kerbs. Generally each crossing should connect to at least 2 kerbs.
1448439101,way,not appliable,not appliable,this crossing intersects fewer than 2 kerbs. Generally each crossing should connect to at least 2 kerbs.
1449493328,way,not appliable,not appliable,this crossing intersects fewer than 2 kerbs. Generally each crossing should connect to at least 2 kerbs.
1449495914,way,not appliable,not appliable,this crossing intersects fewer than 2 kerbs. Generally each crossing should connect to at least 2 kerbs.
1449495916,way,not appliable,not appliable,this crossing intersects fewer than 2 kerbs. Generally each crossing should connect to at least 2 kerbs.
1449504301,way,not appliable,not appliable,this crossing intersects fewer than 2 kerbs. Generally each crossing should connect to at least 2 kerbs.
1449504303,way,not appliable,not appliable,this crossing intersects fewer than 2 kerbs. Generally each crossing should connect to at least 2 kerbs.
1449504309,way,not appliable,not appliable,this crossing intersects fewer than 2 kerbs. Generally each crossing should connect to at least 2 kerbs.
1449630087,way,not appliable,not appliable,this crossing intersects fewer than 2 kerbs. Generally each crossing should connect to at least 2 kerbs.
1449714669,way,not appliable,not appliable,this crossing intersects fewer than 2 kerbs. Generally each crossing should connect to at least 2 kerbs.
1449719683,way,not appliable,not appliable,this crossing intersects fewer than 2 kerbs. Generally each crossing should connect to at least 2 kerbs.
1449732612,way,not appliable,not appliable,this crossing intersects fewer than 2 kerbs. Generally each crossing should connect to at least 2 kerbs.
1449816883,way,not appliable,not appliable,this crossing intersects fewer than 2 kerbs. Generally each crossing should connect to at least 2 kerbs.
1449816885,way,not appliable,not appliable,this crossing intersects fewer than 2 kerbs. Generally each crossing should connect to at least 2 kerbs.
1449864332,way,not appliable,not appliable,this crossing intersects fewer than 2 kerbs. Generally each crossing should connect to at least 2 kerbs.
1449868190,way,not appliable,not appliable,this crossing intersects fewer than 2 kerbs. Generally each crossing should connect to at least 2 kerbs.
1449871219,way,not appliable,not appliable,this crossing intersects fewer than 2 kerbs. Generally each crossing should connect to at least 2 kerbs.
1449885489,way,not appliable,not appliable,this crossing intersects fewer than 2 kerbs. Generally each crossing should connect to at least 2 kerbs.
1449886586,way,not appliable,not appliable,this crossing intersects fewer than 2 kerbs. Generally each crossing should connect to at least 2 kerbs.
1449886589,way,not appliable,not appliable,this crossing intersects fewer than 2 kerbs. Generally each crossing should connect to at least 2 kerbs.
1449886915,way,not appliable,not appliable,this crossing intersects fewer than 2 kerbs. Generally each crossing should connect to at least 2 kerbs.
1449886921,way,not appliable,not appliable,this crossing intersects fewer than 2 kerbs. Generally each crossing should connect to at least 2 kerbs.
1449888794,way,not appliable,not appliable,this crossing intersects fewer than 2 kerbs. Generally each crossing should connect to at least 2 kerbs.
1449892796,way,not appliable,not appliable,this crossing intersects fewer than 2 kerbs. Generally each crossing should connect to at least 2 kerbs.
1450460230,way,not appliable,not appliable,this crossing intersects fewer than 2 kerbs. Generally each crossing should connect to at least 2 kerbs.
1450746779,way,not appliable,not appliable,this crossing intersects fewer than 2 kerbs. Generally each crossing should connect to at least 2 kerbs.
1451066016,way,not appliable,not appliable,this crossing intersects fewer than 2 kerbs. Generally each crossing should connect to at least 2 kerbs.
1451101885,way,not appliable,not appliable,this crossing intersects fewer than 2 kerbs. Generally each crossing should connect to at least 2 kerbs.
1451101886,way,not appliable,not appliable,this crossing intersects fewer than 2 kerbs. Generally each crossing should connect to at least 2 kerbs.
1452931021,way,not appliable,not appliable,this crossing intersects fewer than 2 kerbs. Generally each crossing should connect to at least 2 kerbs.
1452931022,way,not appliable,not appliable,this crossing intersects fewer than 2 kerbs. Generally each crossing should connect to at least 2 kerbs.
1453215302,way,not appliable,not appliable,this crossing intersects fewer than 2 kerbs. Generally each crossing should connect to at least 2 kerbs.
1453528394,way,not appliable,not appliable,this crossing intersects fewer than 2 kerbs. Generally each crossing should connect to at least 2 kerbs.
1454227529,way,not appliable,not appliable,this crossing intersects fewer than 2 kerbs. Generally each crossing should connect to at least 2 kerbs.
1454405194,way,not appliable,not appliable,this crossing intersects fewer than 2 kerbs. Generally each crossing should connect to at least 2 kerbs.
1454405195,way,not appliable,not appliable,this crossing intersects fewer than 2 kerbs. Generally each crossing should connect to at least 2 kerbs.
1455927730,way,not appliable,not appliable,this crossing intersects fewer than 2 kerbs. Generally each crossing should connect to at least 2 kerbs.
1455927731,way,not appliable,not appliable,this crossing intersects fewer than 2 kerbs. Generally each crossing should connect to at least 2 kerbs.
1455933978,way,not appliable,not appliable,this crossing intersects fewer than 2 kerbs. Generally each crossing should connect to at least 2 kerbs.
1455933979,way,not appliable,not appliable,this crossing intersects fewer than 2 kerbs. Generally each crossing should connect to at least 2 kerbs.
1456128509,way,not appliable,not appliable,this crossing intersects fewer than 2 kerbs. Generally each crossing should connect to at least 2 kerbs.
1458386085,way,not appliable,not appliable,this crossing intersects fewer than 2 kerbs. Generally each crossing should connect to at least 2 kerbs.
1458452352,way,not appliable,not appliable,this crossing intersects fewer than 2 kerbs. Generally each crossing should connect to at least 2 kerbs.
1458505251,way,not appliable,not appliable,this crossing intersects fewer than 2 kerbs. Generally each crossing should connect to at least 2 kerbs.
1458505252,way,not appliable,not appliable,this crossing intersects fewer than 2 kerbs. Generally each crossing should connect to at least 2 kerbs.
1459121489,way,not appliable,not appliable,this crossing intersects fewer than 2 kerbs. Generally each crossing should connect to at least 2 kerbs.
1459127509,way,not appliable,not appliable,this crossing intersects fewer than 2 kerbs. Generally each crossing should connect to at least 2 kerbs.
1460396610,way,not appliable,not appliable,this crossing intersects fewer than 2 kerbs. Generally each crossing should connect to at least 2 kerbs.
1460396611,way,not appliable,not appliable,this crossing intersects fewer than 2 kerbs. Generally each crossing should connect to at least 2 kerbs.
1460398775,way,not appliable,not appliable,this crossing intersects fewer than 2 kerbs. Generally each crossing should connect to at least 2 kerbs.
1460398786,way,not appliable,not appliable,this crossing intersects fewer than 2 kerbs. Generally each crossing should connect to at least 2 kerbs.
1460401377,way,not appliable,not appliable,this crossing intersects fewer than 2 kerbs. Generally each crossing should connect to at least 2 kerbs.
1460401750,way,not appliable,not appliable,this crossing intersects fewer than 2 kerbs. Generally each crossing should connect to at least 2 kerbs.
1460403979,way,not appliable,not appliable,this crossing intersects fewer than 2 kerbs. Generally each crossing should connect to at least 2 kerbs.
1460403980,way,not appliable,not appliable,this crossing intersects fewer than 2 kerbs. Generally each crossing should connect to at least 2 kerbs.
1460403984,way,not appliable,not appliable,this crossing intersects fewer than 2 kerbs. Generally each crossing should connect to at least 2 kerbs.
1460403989,way,not appliable,not appliable,this crossing intersects fewer than 2 kerbs. Generally each crossing should connect to at least 2 kerbs.
1460413125,way,not appliable,not appliable,this crossing intersects fewer than 2 kerbs. Generally each crossing should connect to at least 2 kerbs.
1460459146,way,not appliable,not appliable,this crossing intersects fewer than 2 kerbs. Generally each crossing should connect to at least 2 kerbs.
1460459148,way,not appliable,not appliable,this crossing intersects fewer than 2 kerbs. Generally each crossing should connect to at least 2 kerbs.
1460462492,way,not appliable,not appliable,this crossing intersects fewer than 2 kerbs. Generally each crossing should connect to at least 2 kerbs.
1460462498,way,not appliable,not appliable,this crossing intersects fewer than 2 kerbs. Generally each crossing should connect to at least 2 kerbs.
1460466736,way,not appliable,not appliable,this crossing intersects fewer than 2 kerbs. Generally each crossing should connect to at least 2 kerbs.
1460468230,way,not appliable,not appliable,this crossing intersects fewer than 2 kerbs. Generally each crossing should connect to at least 2 kerbs.
1460477654,way,not appliable,not appliable,this crossing intersects fewer than 2 kerbs. Generally each crossing should connect to at least 2 kerbs.
1460650655,way,not appliable,not appliable,this crossing intersects fewer than 2 kerbs. Generally each crossing should connect to at least 2 kerbs.
1460651444,way,not appliable,not appliable,this crossing intersects fewer than 2 kerbs. Generally each crossing should connect to at least 2 kerbs.
1460652186,way,not appliable,not appliable,this crossing intersects fewer than 2 kerbs. Generally each crossing should connect to at least 2 kerbs.
1460652465,way,not appliable,not appliable,this crossing intersects fewer than 2 kerbs. Generally each crossing should connect to at least 2 kerbs.
1460652467,way,not appliable,not appliable,this crossing intersects fewer than 2 kerbs. Generally each crossing should connect to at least 2 kerbs.
1460652469,way,not appliable,not appliable,this crossing intersects fewer than 2 kerbs. Generally each crossing should connect to at least 2 kerbs.
1460652818,way,not appliable,not appliable,this crossing intersects fewer than 2 kerbs. Generally each crossing should connect to at least 2 kerbs.
1460655999,way,not appliable,not appliable,this crossing intersects fewer than 2 kerbs. Generally each crossing should connect to at least 2 kerbs.
1460656003,way,not appliable,not appliable,this crossing intersects fewer than 2 kerbs. Generally each crossing should connect to at least 2 kerbs.
1460657452,way,not appliable,not appliable,this crossing intersects fewer than 2 kerbs. Generally each crossing should connect to at least 2 kerbs.
1460663246,way,not appliable,not appliable,this crossing intersects fewer than 2 kerbs. Generally each crossing should connect to at least 2 kerbs.
1460663248,way,not appliable,not appliable,this crossing intersects fewer than 2 kerbs. Generally each crossing should connect to at least 2 kerbs.
1460664554,way,not appliable,not appliable,this crossing intersects fewer than 2 kerbs. Generally each crossing should connect to at least 2 kerbs.
1460991742,way,not appliable,not appliable,this crossing intersects fewer than 2 kerbs. Generally each crossing should connect to at least 2 kerbs.
1460991743,way,not appliable,not appliable,this crossing intersects fewer than 2 kerbs. Generally each crossing should connect to at least 2 kerbs.
1461423005,way,not appliable,not appliable,this crossing intersects fewer than 2 kerbs. Generally each crossing should connect to at least 2 kerbs.
1463252087,way,not appliable,not appliable,this crossing intersects fewer than 2 kerbs. Generally each crossing should connect to at least 2 kerbs.
1463766604,way,not appliable,not appliable,this crossing intersects fewer than 2 kerbs. Generally each crossing should connect to at least 2 kerbs.
1463965570,way,not appliable,not appliable,this crossing intersects fewer than 2 kerbs. Generally each crossing should connect to at least 2 kerbs.
1463965573,way,not appliable,not appliable,this crossing intersects fewer than 2 kerbs. Generally each crossing should connect to at least 2 kerbs.
1463965574,way,not appliable,not appliable,this crossing intersects fewer than 2 kerbs. Generally each crossing should connect to at least 2 kerbs.
1463965585,way,not appliable,not appliable,this crossing intersects fewer than 2 kerbs. Generally each crossing should connect to at least 2 kerbs.
1463994977,way,not appliable,not appliable,this crossing intersects fewer than 2 kerbs. Generally each crossing should connect to at least 2 kerbs.
1464146057,way,not appliable,not appliable,this crossing intersects fewer than 2 kerbs. Generally each crossing should connect to at least 2 kerbs.
1465607079,way,not appliable,not appliable,this crossing intersects fewer than 2 kerbs. Generally each crossing should connect to at least 2 kerbs.
1465656442,way,not appliable,not appliable,this crossing intersects fewer than 2 kerbs. Generally each crossing should connect to at least 2 kerbs.
1465727000,way,not appliable,not appliable,this crossing intersects fewer than 2 kerbs. Generally each crossing should connect to at least 2 kerbs.
1466190175,way,not appliable,not appliable,this crossing intersects fewer than 2 kerbs. Generally each crossing should connect to at least 2 kerbs.
1466523963,way,not appliable,not appliable,this crossing intersects fewer than 2 kerbs. Generally each crossing should connect to at least 2 kerbs.
1467096953,way,not appliable,not appliable,this crossing intersects fewer than 2 kerbs. Generally each crossing should connect to at least 2 kerbs.
1467106077,way,not appliable,not appliable,this crossing intersects fewer than 2 kerbs. Generally each crossing should connect to at least 2 kerbs.
1467617062,way,not appliable,not appliable,this crossing intersects fewer than 2 kerbs. Generally each crossing should connect to at least 2 kerbs.
1467617063,way,not appliable,not appliable,this crossing intersects fewer than 2 kerbs. Generally each crossing should connect to at least 2 kerbs.
1467627563,way,not appliable,not appliable,this crossing intersects fewer than 2 kerbs. Generally each crossing should connect to at least 2 kerbs.
1467693918,way,not appliable,not appliable,this crossing intersects fewer than 2 kerbs. Generally each crossing should connect to at least 2 kerbs.
1467901296,way,not appliable,not appliable,this crossing intersects fewer than 2 kerbs. Generally each crossing should connect to at least 2 kerbs.
1467901297,way,not appliable,not appliable,this crossing intersects fewer than 2 kerbs. Generally each crossing should connect to at least 2 kerbs.
1467901304,way,not appliable,not appliable,this crossing intersects fewer than 2 kerbs. Generally each crossing should connect to at least 2 kerbs.
1467901306,way,not appliable,not appliable,this crossing intersects fewer than 2 kerbs. Generally each crossing should connect to at least 2 kerbs.
1471759182,way,not appliable,not appliable,this crossing intersects fewer than 2 kerbs. Generally each crossing should connect to at least 2 kerbs.
1472060434,way,not appliable,not appliable,this crossing intersects fewer than 2 kerbs. Generally each crossing should connect to at least 2 kerbs.
1472061734,way,not appliable,not appliable,this crossing intersects fewer than 2 kerbs. Generally each crossing should connect to at least 2 kerbs.
1472061735,way,not appliable,not appliable,this crossing intersects fewer than 2 kerbs. Generally each crossing should connect to at least 2 kerbs.
1472061736,way,not appliable,not appliable,this crossing intersects fewer than 2 kerbs. Generally each crossing should connect to at least 2 kerbs.
1472981126,way,not appliable,not appliable,this crossing intersects fewer than 2 kerbs. Generally each crossing should connect to at least 2 kerbs.
1474129390,way,not appliable,not appliable,this crossing intersects fewer than 2 kerbs. Generally each crossing should connect to at least 2 kerbs.
1474194427,way,not appliable,not appliable,this crossing intersects fewer than 2 kerbs. Generally each crossing should connect to at least 2 kerbs.
1474196005,way,not appliable,not appliable,this crossing intersects fewer than 2 kerbs. Generally each crossing should connect to at least 2 kerbs.
1474196660,way,not appliable,not appliable,this crossing intersects fewer than 2 kerbs. Generally each crossing should connect to at least 2 kerbs.
1476556781,way,not appliable,not appliable,this crossing intersects fewer than 2 kerbs. Generally each crossing should connect to at least 2 kerbs.
1478741989,way,not appliable,not appliable,this crossing intersects fewer than 2 kerbs. Generally each crossing should connect to at least 2 kerbs.
1478741991,way,not appliable,not appliable,this crossing intersects fewer than 2 kerbs. Generally each crossing should connect to at least 2 kerbs.
1479901906,way,not appliable,not appliable,this crossing intersects fewer than 2 kerbs. Generally each crossing should connect to at least 2 kerbs.
1479901907,way,not appliable,not appliable,this crossing intersects fewer than 2 kerbs. Generally each crossing should connect to at least 2 kerbs.
1480442327,way,not appliable,not appliable,this crossing intersects fewer than 2 kerbs. Generally each crossing should connect to at least 2 kerbs.
1480442328,way,not appliable,not appliable,this crossing intersects fewer than 2 kerbs. Generally each crossing should connect to at least 2 kerbs.
1481722007,way,not appliable,not appliable,this crossing intersects fewer than 2 kerbs. Generally each crossing should connect to at least 2 kerbs.
1482181613,way,not appliable,not appliable,this crossing intersects fewer than 2 kerbs. Generally each crossing should connect to at least 2 kerbs.
1482504819,way,not appliable,not appliable,this crossing intersects fewer than 2 kerbs. Generally each crossing should connect to at least 2 kerbs.
1482510191,way,not appliable,not appliable,this crossing intersects fewer than 2 kerbs. Generally each crossing should connect to at least 2 kerbs.
1486884350,way,not appliable,not appliable,this crossing intersects fewer than 2 kerbs. Generally each crossing should connect to at least 2 kerbs.
1486884351,way,not appliable,not appliable,this crossing intersects fewer than 2 kerbs. Generally each crossing should connect to at least 2 kerbs.
1486884353,way,not appliable,not appliable,this crossing intersects fewer than 2 kerbs. Generally each crossing should connect to at least 2 kerbs.
1486884355,way,not appliable,not appliable,this crossing intersects fewer than 2 kerbs. Generally each crossing should connect to at least 2 kerbs.
1486884356,way,not appliable,not appliable,this crossing intersects fewer than 2 kerbs. Generally each crossing should connect to at least 2 kerbs.
1486884358,way,not appliable,not appliable,this crossing intersects fewer than 2 kerbs. Generally each crossing should connect to at least 2 kerbs.
1491171668,way,not appliable,not appliable,this crossing intersects fewer than 2 kerbs. Generally each crossing should connect to at least 2 kerbs.
1491247413,way,not appliable,not appliable,this crossing intersects fewer than 2 kerbs. Generally each crossing should connect to at least 2 kerbs.
1491398823,way,not appliable,not appliable,this crossing intersects fewer than 2 kerbs. Generally each crossing should connect to at least 2 kerbs.
1491626974,way,not appliable,not appliable,this crossing intersects fewer than 2 kerbs. Generally each crossing should connect to at least 2 kerbs.
1491626977,way,not appliable,not appliable,this crossing intersects fewer than 2 kerbs. Generally each crossing should connect to at least 2 kerbs.
1491626980,way,not appliable,not appliable,this crossing intersects fewer than 2 kerbs. Generally each crossing should connect to at least 2 kerbs.
1491750433,way,not appliable,not appliable,this crossing intersects fewer than 2 kerbs. Generally each crossing should connect to at least 2 kerbs.
1491927225,way,not appliable,not appliable,this crossing intersects fewer than 2 kerbs. Generally each crossing should connect to at least 2 kerbs.
1493395931,way,not appliable,not appliable,this crossing intersects fewer than 2 kerbs. Generally each crossing should connect to at least 2 kerbs.
1495462753,way,not appliable,not appliable,this crossing intersects fewer than 2 kerbs. Generally each crossing should connect to at least 2 kerbs.
1498067381,way,not appliable,not appliable,this crossing intersects fewer than 2 kerbs. Generally each crossing should connect to at least 2 kerbs.
1498067382,way,not appliable,not appliable,this crossing intersects fewer than 2 kerbs. Generally each crossing should connect to at least 2 kerbs.
1498902644,way,not appliable,not appliable,this crossing intersects fewer than 2 kerbs. Generally each crossing should connect to at least 2 kerbs.
1500650848,way,not appliable,not appliable,this crossing intersects fewer than 2 kerbs. Generally each crossing should connect to at least 2 kerbs.
1501009898,way,not appliable,not appliable,this crossing intersects fewer than 2 kerbs. Generally each crossing should connect to at least 2 kerbs.
1501009899,way,not appliable,not appliable,this crossing intersects fewer than 2 kerbs. Generally each crossing should connect to at least 2 kerbs.
1501197003,way,not appliable,not appliable,this crossing intersects fewer than 2 kerbs. Generally each crossing should connect to at least 2 kerbs.
1501513430,way,not appliable,not appliable,this crossing intersects fewer than 2 kerbs. Generally each crossing should connect to at least 2 kerbs.
1501513431,way,not appliable,not appliable,this crossing intersects fewer than 2 kerbs. Generally each crossing should connect to at least 2 kerbs.
1502746714,way,not appliable,not appliable,this crossing intersects fewer than 2 kerbs. Generally each crossing should connect to at least 2 kerbs.
1503837287,way,not appliable,not appliable,this crossing intersects fewer than 2 kerbs. Generally each crossing should connect to at least 2 kerbs.
1503887739,way,not appliable,not appliable,this crossing intersects fewer than 2 kerbs. Generally each crossing should connect to at least 2 kerbs.
1503887740,way,not appliable,not appliable,this crossing intersects fewer than 2 kerbs. Generally each crossing should connect to at least 2 kerbs.
1504201437,way,not appliable,not appliable,this crossing intersects fewer than 2 kerbs. Generally each crossing should connect to at least 2 kerbs.
1505514991,way,not appliable,not appliable,this crossing intersects fewer than 2 kerbs. Generally each crossing should connect to at least 2 kerbs.
1505514992,way,not appliable,not appliable,this crossing intersects fewer than 2 kerbs. Generally each crossing should connect to at least 2 kerbs.
1505514993,way,not appliable,not appliable,this crossing intersects fewer than 2 kerbs. Generally each crossing should connect to at least 2 kerbs.
1505514994,way,not appliable,not appliable,this crossing intersects fewer than 2 kerbs. Generally each crossing should connect to at least 2 kerbs.
1507553844,way,not appliable,not appliable,this crossing intersects fewer than 2 kerbs. Generally each crossing should connect to at least 2 kerbs.
1507752739,way,not appliable,not appliable,this crossing intersects fewer than 2 kerbs. Generally each crossing should connect to at least 2 kerbs.
1507821173,way,not appliable,not appliable,this crossing intersects fewer than 2 kerbs. Generally each crossing should connect to at least 2 kerbs.
1507933665,way,not appliable,not appliable,this crossing intersects fewer than 2 kerbs. Generally each crossing should connect to at least 2 kerbs.
1509504737,way,not appliable,not appliable,this crossing intersects fewer than 2 kerbs. Generally each crossing should connect to at least 2 kerbs.
1510936500,way,not appliable,not appliable,this crossing intersects fewer than 2 kerbs. Generally each crossing should connect to at least 2 kerbs.
1511067218,way,not appliable,not appliable,this crossing intersects fewer than 2 kerbs. Generally each crossing should connect to at least 2 kerbs.
1511067220,way,not appliable,not appliable,this crossing intersects fewer than 2 kerbs. Generally each crossing should connect to at least 2 kerbs.
1511067223,way,not appliable,not appliable,this crossing intersects fewer than 2 kerbs. Generally each crossing should connect to at least 2 kerbs.
1511067248,way,not appliable,not appliable,this crossing intersects fewer than 2 kerbs. Generally each crossing should connect to at least 2 kerbs.
1511067249,way,not appliable,not appliable,this crossing intersects fewer than 2 kerbs. Generally each crossing should connect to at least 2 kerbs.
1511067254,way,not appliable,not appliable,this crossing intersects fewer than 2 kerbs. Generally each crossing should connect to at least 2 kerbs.
1511067255,way,not appliable,not appliable,this crossing intersects fewer than 2 kerbs. Generally each crossing should connect to at least 2 kerbs.
1511067257,way,not appliable,not appliable,this crossing intersects fewer than 2 kerbs. Generally each crossing should connect to at least 2 kerbs.
1511067258,way,not appliable,not appliable,this crossing intersects fewer than 2 kerbs. Generally each crossing should connect to at least 2 kerbs.
1511067263,way,not appliable,not appliable,this crossing intersects fewer than 2 kerbs. Generally each crossing should connect to at least 2 kerbs.
1511122440,way,not appliable,not appliable,this crossing intersects fewer than 2 kerbs. Generally each crossing should connect to at least 2 kerbs.
1511122449,way,not appliable,not appliable,this crossing intersects fewer than 2 kerbs. Generally each crossing should connect to at least 2 kerbs.
1511122450,way,not appliable,not appliable,this crossing intersects fewer than 2 kerbs. Generally each crossing should connect to at least 2 kerbs.
1511122460,way,not appliable,not appliable,this crossing intersects fewer than 2 kerbs. Generally each crossing should connect to at least 2 kerbs.
1511122463,way,not appliable,not appliable,this crossing intersects fewer than 2 kerbs. Generally each crossing should connect to at least 2 kerbs.
1511198044,way,not appliable,not appliable,this crossing intersects fewer than 2 kerbs. Generally each crossing should connect to at least 2 kerbs.
1511198047,way,not appliable,not appliable,this crossing intersects fewer than 2 kerbs. Generally each crossing should connect to at least 2 kerbs.
1511198054,way,not appliable,not appliable,this crossing intersects fewer than 2 kerbs. Generally each crossing should connect to at least 2 kerbs.
1511198055,way,not appliable,not appliable,this crossing intersects fewer than 2 kerbs. Generally each crossing should connect to at least 2 kerbs.
1511254901,way,not appliable,not appliable,this crossing intersects fewer than 2 kerbs. Generally each crossing should connect to at least 2 kerbs.
1511254903,way,not appliable,not appliable,this crossing intersects fewer than 2 kerbs. Generally each crossing should connect to at least 2 kerbs.
1511254904,way,not appliable,not appliable,this crossing intersects fewer than 2 kerbs. Generally each crossing should connect to at least 2 kerbs.
1511254905,way,not appliable,not appliable,this crossing intersects fewer than 2 kerbs. Generally each crossing should connect to at least 2 kerbs.
1511254906,way,not appliable,not appliable,this crossing intersects fewer than 2 kerbs. Generally each crossing should connect to at least 2 kerbs.
1511254907,way,not appliable,not appliable,this crossing intersects fewer than 2 kerbs. Generally each crossing should connect to at least 2 kerbs.
1511254910,way,not appliable,not appliable,this crossing intersects fewer than 2 kerbs. Generally each crossing should connect to at least 2 kerbs.
1511254912,way,not appliable,not appliable,this crossing intersects fewer than 2 kerbs. Generally each crossing should connect to at least 2 kerbs.
1511254915,way,not appliable,not appliable,this crossing intersects fewer than 2 kerbs. Generally each crossing should connect to at least 2 kerbs.
1511634494,way,not appliable,not appliable,this crossing intersects fewer than 2 kerbs. Generally each crossing should connect to at least 2 kerbs.
1511634505,way,not appliable,not appliable,this crossing intersects fewer than 2 kerbs. Generally each crossing should connect to at least 2 kerbs.
1511862309,way,not appliable,not appliable,this crossing intersects fewer than 2 kerbs. Generally each crossing should connect to at least 2 kerbs.
1512725768,way,not appliable,not appliable,this crossing intersects fewer than 2 kerbs. Generally each crossing should connect to at least 2 kerbs.
1513674123,way,not appliable,not appliable,this crossing intersects fewer than 2 kerbs. Generally each crossing should connect to at least 2 kerbs.
1514375342,way,not appliable,not appliable,this crossing intersects fewer than 2 kerbs. Generally each crossing should connect to at least 2 kerbs.
1517504274,way,not appliable,not appliable,this crossing intersects fewer than 2 kerbs. Generally each crossing should connect to at least 2 kerbs.
1525318211,way,not appliable,not appliable,this crossing intersects fewer than 2 kerbs. Generally each crossing should connect to at least 2 kerbs.
1525318213,way,not appliable,not appliable,this crossing intersects fewer than 2 kerbs. Generally each crossing should connect to at least 2 kerbs.
1525318214,way,not appliable,not appliable,this crossing intersects fewer than 2 kerbs. Generally each crossing should connect to at least 2 kerbs.
1525318217,way,not appliable,not appliable,this crossing intersects fewer than 2 kerbs. Generally each crossing should connect to at least 2 kerbs.
1525318219,way,not appliable,not appliable,this crossing intersects fewer than 2 kerbs. Generally each crossing should connect to at least 2 kerbs.
1525591294,way,not appliable,not appliable,this crossing intersects fewer than 2 kerbs. Generally each crossing should connect to at least 2 kerbs.
1525594891,way,not appliable,not appliable,this crossing intersects fewer than 2 kerbs. Generally each crossing should connect to at least 2 kerbs.
1525597162,way,not appliable,not appliable,this crossing intersects fewer than 2 kerbs. Generally each crossing should connect to at least 2 kerbs.
1525597163,way,not appliable,not appliable,this crossing intersects fewer than 2 kerbs. Generally each crossing should connect to at least 2 kerbs.
1525597166,way,not appliable,not appliable,this crossing intersects fewer than 2 kerbs. Generally each crossing should connect to at least 2 kerbs.
1525987431,way,not appliable,not appliable,this crossing intersects fewer than 2 kerbs. Generally each crossing should connect to at least 2 kerbs.
1525987437,way,not appliable,not appliable,this crossing intersects fewer than 2 kerbs. Generally each crossing should connect to at least 2 kerbs.
1525987439,way,not appliable,not appliable,this crossing intersects fewer than 2 kerbs. Generally each crossing should connect to at least 2 kerbs.
1525987444,way,not appliable,not appliable,this crossing intersects fewer than 2 kerbs. Generally each crossing should connect to at least 2 kerbs.
1525987446,way,not appliable,not appliable,this crossing intersects fewer than 2 kerbs. Generally each crossing should connect to at least 2 kerbs.
1526677942,way,not appliable,not appliable,this crossing intersects fewer than 2 kerbs. Generally each crossing should connect to at least 2 kerbs.
1526677945,way,not appliable,not appliable,this crossing intersects fewer than 2 kerbs. Generally each crossing should connect to at least 2 kerbs.
1526677947,way,not appliable,not appliable,this crossing intersects fewer than 2 kerbs. Generally each crossing should connect to at least 2 kerbs.
1527115253,way,not appliable,not appliable,this crossing intersects fewer than 2 kerbs. Generally each crossing should connect to at least 2 kerbs.
1527115258,way,not appliable,not appliable,this crossing intersects fewer than 2 kerbs. Generally each crossing should connect to at least 2 kerbs.
1527118841,way,not appliable,not appliable,this crossing intersects fewer than 2 kerbs. Generally each crossing should connect to at least 2 kerbs.
1527118843,way,not appliable,not appliable,this crossing intersects fewer than 2 kerbs. Generally each crossing should connect to at least 2 kerbs.
1527224185,way,not appliable,not appliable,this crossing intersects fewer than 2 kerbs. Generally each crossing should connect to at least 2 kerbs.
1527224186,way,not appliable,not appliable,this crossing intersects fewer than 2 kerbs. Generally each crossing should connect to at least 2 kerbs.
1527657483,way,not appliable,not appliable,this crossing intersects fewer than 2 kerbs. Generally each crossing should connect to at least 2 kerbs.
1527657484,way,not appliable,not appliable,this crossing intersects fewer than 2 kerbs. Generally each crossing should connect to at least 2 kerbs.
1527657486,way,not appliable,not appliable,this crossing intersects fewer than 2 kerbs. Generally each crossing should connect to at least 2 kerbs.
1527657487,way,not appliable,not appliable,this crossing intersects fewer than 2 kerbs. Generally each crossing should connect to at least 2 kerbs.
1528373932,way,not appliable,not appliable,this crossing intersects fewer than 2 kerbs. Generally each crossing should connect to at least 2 kerbs.
1528994783,way,not appliable,not appliable,this crossing intersects fewer than 2 kerbs. Generally each crossing should connect to at least 2 kerbs.
1528994791,way,not appliable,not appliable,this crossing intersects fewer than 2 kerbs. Generally each crossing should connect to at least 2 kerbs.
1528994795,way,not appliable,not appliable,this crossing intersects fewer than 2 kerbs. Generally each crossing should connect to at least 2 kerbs.
1528994799,way,not appliable,not appliable,this crossing intersects fewer than 2 kerbs. Generally each crossing should connect to at least 2 kerbs.
1528994802,way,not appliable,not appliable,this crossing intersects fewer than 2 kerbs. Generally each crossing should connect to at least 2 kerbs.
1529640393,way,not appliable,not appliable,this crossing intersects fewer than 2 kerbs. Generally each crossing should connect to at least 2 kerbs.
1529990279,way,not appliable,not appliable,this crossing intersects fewer than 2 kerbs. Generally each crossing should connect to at least 2 kerbs.
1530410287,way,not appliable,not appliable,this crossing intersects fewer than 2 kerbs. Generally each crossing should connect to at least 2 kerbs.
1530926525,way,not appliable,not appliable,this crossing intersects fewer than 2 kerbs. Generally each crossing should connect to at least 2 kerbs.
1530926526,way,not appliable,not appliable,this crossing intersects fewer than 2 kerbs. Generally each crossing should connect to at least 2 kerbs.
1530926541,way,not appliable,not appliable,this crossing intersects fewer than 2 kerbs. Generally each crossing should connect to at least 2 kerbs.
1530975507,way,not appliable,not appliable,this crossing intersects fewer than 2 kerbs. Generally each crossing should connect to at least 2 kerbs.
1531007574,way,not appliable,not appliable,this crossing intersects fewer than 2 kerbs. Generally each crossing should connect to at least 2 kerbs.
1531007578,way,not appliable,not appliable,this crossing intersects fewer than 2 kerbs. Generally each crossing should connect to at least 2 kerbs.
1531007581,way,not appliable,not appliable,this crossing intersects fewer than 2 kerbs. Generally each crossing should connect to at least 2 kerbs.
1531841346,way,not appliable,not appliable,this crossing intersects fewer than 2 kerbs. Generally each crossing should connect to at least 2 kerbs.
1531939687,way,not appliable,not appliable,this crossing intersects fewer than 2 kerbs. Generally each crossing should connect to at least 2 kerbs.
1532027939,way,not appliable,not appliable,this crossing intersects fewer than 2 kerbs. Generally each crossing should connect to at least 2 kerbs.
1532027940,way,not appliable,not appliable,this crossing intersects fewer than 2 kerbs. Generally each crossing should connect to at least 2 kerbs.
1532383741,way,not appliable,not appliable,this crossing intersects fewer than 2 kerbs. Generally each crossing should connect to at least 2 kerbs.
1532585310,way,not appliable,not appliable,this crossing intersects fewer than 2 kerbs. Generally each crossing should connect to at least 2 kerbs.
1532585312,way,not appliable,not appliable,this crossing intersects fewer than 2 kerbs. Generally each crossing should connect to at least 2 kerbs.
1532585314,way,not appliable,not appliable,this crossing intersects fewer than 2 kerbs. Generally each crossing should connect to at least 2 kerbs.
1532585315,way,not appliable,not appliable,this crossing intersects fewer than 2 kerbs. Generally each crossing should connect to at least 2 kerbs.
1532585317,way,not appliable,not appliable,this crossing intersects fewer than 2 kerbs. Generally each crossing should connect to at least 2 kerbs.
1532585319,way,not appliable,not appliable,this crossing intersects fewer than 2 kerbs. Generally each crossing should connect to at least 2 kerbs.
1532585320,way,not appliable,not appliable,this crossing intersects fewer than 2 kerbs. Generally each crossing should connect to at least 2 kerbs.
1532585323,way,not appliable,not appliable,this crossing intersects fewer than 2 kerbs. Generally each crossing should connect to at least 2 kerbs.
1535022189,way,not appliable,not appliable,this crossing intersects fewer than 2 kerbs. Generally each crossing should connect to at least 2 kerbs.
1535022195,way,not appliable,not appliable,this crossing intersects fewer than 2 kerbs. Generally each crossing should connect to at least 2 kerbs.
1535022201,way,not appliable,not appliable,this crossing intersects fewer than 2 kerbs. Generally each crossing should connect to at least 2 kerbs.
1535022202,way,not appliable,not appliable,this crossing intersects fewer than 2 kerbs. Generally each crossing should connect to at least 2 kerbs.
1535022203,way,not appliable,not appliable,this crossing intersects fewer than 2 kerbs. Generally each crossing should connect to at least 2 kerbs.
1535022206,way,not appliable,not appliable,this crossing intersects fewer than 2 kerbs. Generally each crossing should connect to at least 2 kerbs.
1535022209,way,not appliable,not appliable,this crossing intersects fewer than 2 kerbs. Generally each crossing should connect to at least 2 kerbs.
1535022210,way,not appliable,not appliable,this crossing intersects fewer than 2 kerbs. Generally each crossing should connect to at least 2 kerbs.
1535022212,way,not appliable,not appliable,this crossing intersects fewer than 2 kerbs. Generally each crossing should connect to at least 2 kerbs.
1535022239,way,not appliable,not appliable,this crossing intersects fewer than 2 kerbs. Generally each crossing should connect to at least 2 kerbs.
1535077180,way,not appliable,not appliable,this crossing intersects fewer than 2 kerbs. Generally each crossing should connect to at least 2 kerbs.
1535077182,way,not appliable,not appliable,this crossing intersects fewer than 2 kerbs. Generally each crossing should connect to at least 2 kerbs.
1535077183,way,not appliable,not appliable,this crossing intersects fewer than 2 kerbs. Generally each crossing should connect to at least 2 kerbs.
1535642519,way,not appliable,not appliable,this crossing intersects fewer than 2 kerbs. Generally each crossing should connect to at least 2 kerbs.
1535642521,way,not appliable,not appliable,this crossing intersects fewer than 2 kerbs. Generally each crossing should connect to at least 2 kerbs.
1535642523,way,not appliable,not appliable,this crossing intersects fewer than 2 kerbs. Generally each crossing should connect to at least 2 kerbs.
1535642527,way,not appliable,not appliable,this crossing intersects fewer than 2 kerbs. Generally each crossing should connect to at least 2 kerbs.
1535642529,way,not appliable,not appliable,this crossing intersects fewer than 2 kerbs. Generally each crossing should connect to at least 2 kerbs.
1535669930,way,not appliable,not appliable,this crossing intersects fewer than 2 kerbs. Generally each crossing should connect to at least 2 kerbs.
1535669935,way,not appliable,not appliable,this crossing intersects fewer than 2 kerbs. Generally each crossing should connect to at least 2 kerbs.
1535669937,way,not appliable,not appliable,this crossing intersects fewer than 2 kerbs. Generally each crossing should connect to at least 2 kerbs.
1537724269,way,not appliable,not appliable,this crossing intersects fewer than 2 kerbs. Generally each crossing should connect to at least 2 kerbs.
1537724271,way,not appliable,not appliable,this crossing intersects fewer than 2 kerbs. Generally each crossing should connect to at least 2 kerbs.
1537785678,way,not appliable,not appliable,this crossing intersects fewer than 2 kerbs. Generally each crossing should connect to at least 2 kerbs.
1537785679,way,not appliable,not appliable,this crossing intersects fewer than 2 kerbs. Generally each crossing should connect to at least 2 kerbs.
1537785680,way,not appliable,not appliable,this crossing intersects fewer than 2 kerbs. Generally each crossing should connect to at least 2 kerbs.
1537785681,way,not appliable,not appliable,this crossing intersects fewer than 2 kerbs. Generally each crossing should connect to at least 2 kerbs.
1537785682,way,not appliable,not appliable,this crossing intersects fewer than 2 kerbs. Generally each crossing should connect to at least 2 kerbs.
1537785683,way,not appliable,not appliable,this crossing intersects fewer than 2 kerbs. Generally each crossing should connect to at least 2 kerbs.
1540943176,way,not appliable,not appliable,this crossing intersects fewer than 2 kerbs. Generally each crossing should connect to at least 2 kerbs.
1540943177,way,not appliable,not appliable,this crossing intersects fewer than 2 kerbs. Generally each crossing should connect to at least 2 kerbs.
1541430418,way,not appliable,not appliable,this crossing intersects fewer than 2 kerbs. Generally each crossing should connect to at least 2 kerbs.
1541430419,way,not appliable,not appliable,this crossing intersects fewer than 2 kerbs. Generally each crossing should connect to at least 2 kerbs.
1541430420,way,not appliable,not appliable,this crossing intersects fewer than 2 kerbs. Generally each crossing should connect to at least 2 kerbs.
1541430427,way,not appliable,not appliable,this crossing intersects fewer than 2 kerbs. Generally each crossing should connect to at least 2 kerbs.
1541430428,way,not appliable,not appliable,this crossing intersects fewer than 2 kerbs. Generally each crossing should connect to at least 2 kerbs.
1544630989,way,not appliable,not appliable,this crossing intersects fewer than 2 kerbs. Generally each crossing should connect to at least 2 kerbs.
1546615401,way,not appliable,not appliable,this crossing intersects fewer than 2 kerbs. Generally each crossing should connect to at least 2 kerbs.
