osm_id,feat_type,key,value,commentary
4604822,way,surface,MISSING,Surface tag is recommended to assess accessibility
4681905,way,surface,MISSING,Surface tag is recommended to assess accessibility
23227664,way,surface,MISSING,Surface tag is recommended to assess accessibility
41438411,way,surface,MISSING,Surface tag is recommended to assess accessibility
112426190,way,surface,MISSING,Surface tag is recommended to assess accessibility
133037484,way,surface,MISSING,Surface tag is recommended to assess accessibility
134765988,way,surface,MISSING,Surface tag is recommended to assess accessibility
170538174,way,surface,MISSING,Surface tag is recommended to assess accessibility
171201481,way,surface,MISSING,Surface tag is recommended to assess accessibility
172162796,way,surface,MISSING,Surface tag is recommended to assess accessibility
172162801,way,surface,MISSING,Surface tag is recommended to assess accessibility
172162818,way,surface,MISSING,Surface tag is recommended to assess accessibility
172162843,way,surface,MISSING,Surface tag is recommended to assess accessibility
172162847,way,surface,MISSING,Surface tag is recommended to assess accessibility
172178902,way,surface,MISSING,Surface tag is recommended to assess accessibility
172178903,way,surface,MISSING,Surface tag is recommended to assess accessibility
172323222,way,surface,MISSING,Surface tag is recommended to assess accessibility
173141825,way,surface,MISSING,Surface tag is recommended to assess accessibility
173141826,way,surface,MISSING,Surface tag is recommended to assess accessibility
174329354,way,surface,MISSING,Surface tag is recommended to assess accessibility
175150611,way,surface,MISSING,Surface tag is recommended to assess accessibility
175150613,way,surface,MISSING,Surface tag is recommended to assess accessibility
183063801,way,surface,MISSING,Surface tag is recommended to assess accessibility
183063802,way,surface,MISSING,Surface tag is recommended to assess accessibility
183642744,way,surface,MISSING,Surface tag is recommended to assess accessibility
183873032,way,surface,MISSING,Surface tag is recommended to assess accessibility
183873035,way,surface,MISSING,Surface tag is recommended to assess accessibility
184335646,way,surface,MISSING,Surface tag is recommended to assess accessibility
186121496,way,surface,MISSING,Surface tag is recommended to assess accessibility
186613410,way,surface,MISSING,Surface tag is recommended to assess accessibility
189085444,way,surface,MISSING,Surface tag is recommended to assess accessibility
189194546,way,surface,MISSING,Surface tag is recommended to assess accessibility
189286150,way,surface,MISSING,Surface tag is recommended to assess accessibility
196522604,way,surface,MISSING,Surface tag is recommended to assess accessibility
204054211,way,surface,MISSING,Surface tag is recommended to assess accessibility
204054212,way,surface,MISSING,Surface tag is recommended to assess accessibility
212383233,way,surface,MISSING,Surface tag is recommended to assess accessibility
222858933,way,surface,MISSING,Surface tag is recommended to assess accessibility
222858934,way,surface,MISSING,Surface tag is recommended to assess accessibility
222858935,way,surface,MISSING,Surface tag is recommended to assess accessibility
222858936,way,surface,MISSING,Surface tag is recommended to assess accessibility
222858937,way,surface,MISSING,Surface tag is recommended to assess accessibility
222858939,way,surface,MISSING,Surface tag is recommended to assess accessibility
222858949,way,surface,MISSING,Surface tag is recommended to assess accessibility
230638669,way,surface,MISSING,Surface tag is recommended to assess accessibility
233263416,way,surface,MISSING,Surface tag is recommended to assess accessibility
235474422,way,surface,MISSING,Surface tag is recommended to assess accessibility
235474423,way,surface,MISSING,Surface tag is recommended to assess accessibility
240846252,way,surface,MISSING,Surface tag is recommended to assess accessibility
240870808,way,surface,MISSING,Surface tag is recommended to assess accessibility
245086161,way,surface,MISSING,Surface tag is recommended to assess accessibility
247296086,way,surface,MISSING,Surface tag is recommended to assess accessibility
247329589,way,surface,MISSING,Surface tag is recommended to assess accessibility
247953893,way,surface,MISSING,Surface tag is recommended to assess accessibility
249636069,way,surface,MISSING,Surface tag is recommended to assess accessibility
249636074,way,surface,MISSING,Surface tag is recommended to assess accessibility
249636076,way,surface,MISSING,Surface tag is recommended to assess accessibility
249636078,way,surface,MISSING,Surface tag is recommended to assess accessibility
251312649,way,surface,MISSING,Surface tag is recommended to assess accessibility
252782456,way,surface,MISSING,Surface tag is recommended to assess accessibility
252782458,way,surface,MISSING,Surface tag is recommended to assess accessibility
254836391,way,surface,MISSING,Surface tag is recommended to assess accessibility
255532469,way,surface,MISSING,Surface tag is recommended to assess accessibility
268959035,way,surface,MISSING,Surface tag is recommended to assess accessibility
268959037,way,surface,MISSING,Surface tag is recommended to assess accessibility
268959039,way,surface,MISSING,Surface tag is recommended to assess accessibility
272691826,way,surface,MISSING,Surface tag is recommended to assess accessibility
279165404,way,surface,MISSING,Surface tag is recommended to assess accessibility
284169280,way,surface,MISSING,Surface tag is recommended to assess accessibility
285050501,way,surface,MISSING,Surface tag is recommended to assess accessibility
285050504,way,surface,MISSING,Surface tag is recommended to assess accessibility
285315771,way,surface,MISSING,Surface tag is recommended to assess accessibility
289049669,way,surface,MISSING,Surface tag is recommended to assess accessibility
291332333,way,surface,MISSING,Surface tag is recommended to assess accessibility
294047467,way,surface,MISSING,Surface tag is recommended to assess accessibility
294582741,way,surface,MISSING,Surface tag is recommended to assess accessibility
294582743,way,surface,MISSING,Surface tag is recommended to assess accessibility
295232379,way,surface,MISSING,Surface tag is recommended to assess accessibility
295232381,way,surface,MISSING,Surface tag is recommended to assess accessibility
299648408,way,surface,MISSING,Surface tag is recommended to assess accessibility
299677452,way,surface,MISSING,Surface tag is recommended to assess accessibility
301133251,way,surface,MISSING,Surface tag is recommended to assess accessibility
301133252,way,surface,MISSING,Surface tag is recommended to assess accessibility
301814887,way,surface,MISSING,Surface tag is recommended to assess accessibility
303525178,way,surface,MISSING,Surface tag is recommended to assess accessibility
305393836,way,surface,MISSING,Surface tag is recommended to assess accessibility
305393840,way,surface,MISSING,Surface tag is recommended to assess accessibility
306849458,way,surface,MISSING,Surface tag is recommended to assess accessibility
307442148,way,surface,MISSING,Surface tag is recommended to assess accessibility
310654213,way,surface,MISSING,Surface tag is recommended to assess accessibility
316592548,way,surface,MISSING,Surface tag is recommended to assess accessibility
322917063,way,surface,MISSING,Surface tag is recommended to assess accessibility
324034105,way,surface,MISSING,Surface tag is recommended to assess accessibility
331883972,way,surface,MISSING,Surface tag is recommended to assess accessibility
333231498,way,surface,MISSING,Surface tag is recommended to assess accessibility
333231868,way,surface,MISSING,Surface tag is recommended to assess accessibility
333835639,way,surface,MISSING,Surface tag is recommended to assess accessibility
338493093,way,surface,MISSING,Surface tag is recommended to assess accessibility
338493094,way,surface,MISSING,Surface tag is recommended to assess accessibility
351522276,way,surface,MISSING,Surface tag is recommended to assess accessibility
351688689,way,surface,MISSING,Surface tag is recommended to assess accessibility
351689625,way,surface,MISSING,Surface tag is recommended to assess accessibility
351689630,way,surface,MISSING,Surface tag is recommended to assess accessibility
351689631,way,surface,MISSING,Surface tag is recommended to assess accessibility
355518681,way,surface,MISSING,Surface tag is recommended to assess accessibility
355519446,way,surface,MISSING,Surface tag is recommended to assess accessibility
361037179,way,surface,MISSING,Surface tag is recommended to assess accessibility
361037180,way,surface,MISSING,Surface tag is recommended to assess accessibility
366143460,way,surface,MISSING,Surface tag is recommended to assess accessibility
368150205,way,surface,MISSING,Surface tag is recommended to assess accessibility
368482138,way,surface,MISSING,Surface tag is recommended to assess accessibility
368482140,way,surface,MISSING,Surface tag is recommended to assess accessibility
368482145,way,surface,MISSING,Surface tag is recommended to assess accessibility
369238903,way,surface,MISSING,Surface tag is recommended to assess accessibility
369279441,way,surface,MISSING,Surface tag is recommended to assess accessibility
369404136,way,surface,MISSING,Surface tag is recommended to assess accessibility
372335550,way,surface,MISSING,Surface tag is recommended to assess accessibility
372335562,way,surface,MISSING,Surface tag is recommended to assess accessibility
376558518,way,surface,MISSING,Surface tag is recommended to assess accessibility
379869132,way,surface,MISSING,Surface tag is recommended to assess accessibility
381213457,way,surface,MISSING,Surface tag is recommended to assess accessibility
381220782,way,surface,MISSING,Surface tag is recommended to assess accessibility
381220788,way,surface,MISSING,Surface tag is recommended to assess accessibility
381221371,way,surface,MISSING,Surface tag is recommended to assess accessibility
381221914,way,surface,MISSING,Surface tag is recommended to assess accessibility
381289336,way,surface,MISSING,Surface tag is recommended to assess accessibility
384972666,way,surface,MISSING,Surface tag is recommended to assess accessibility
385968576,way,surface,MISSING,Surface tag is recommended to assess accessibility
386333710,way,surface,MISSING,Surface tag is recommended to assess accessibility
387899795,way,surface,MISSING,Surface tag is recommended to assess accessibility
402874334,way,surface,MISSING,Surface tag is recommended to assess accessibility
403077381,way,surface,MISSING,Surface tag is recommended to assess accessibility
403082726,way,surface,MISSING,Surface tag is recommended to assess accessibility
403082739,way,surface,MISSING,Surface tag is recommended to assess accessibility
403124613,way,surface,MISSING,Surface tag is recommended to assess accessibility
403642636,way,surface,MISSING,Surface tag is recommended to assess accessibility
403671981,way,surface,MISSING,Surface tag is recommended to assess accessibility
403672307,way,surface,MISSING,Surface tag is recommended to assess accessibility
403672308,way,surface,MISSING,Surface tag is recommended to assess accessibility
403674399,way,surface,MISSING,Surface tag is recommended to assess accessibility
403674873,way,surface,MISSING,Surface tag is recommended to assess accessibility
403674876,way,surface,MISSING,Surface tag is recommended to assess accessibility
403908082,way,surface,MISSING,Surface tag is recommended to assess accessibility
416562586,way,surface,MISSING,Surface tag is recommended to assess accessibility
423841185,way,surface,MISSING,Surface tag is recommended to assess accessibility
423891749,way,surface,MISSING,Surface tag is recommended to assess accessibility
424494480,way,surface,MISSING,Surface tag is recommended to assess accessibility
437253128,way,surface,MISSING,Surface tag is recommended to assess accessibility
438548172,way,surface,MISSING,Surface tag is recommended to assess accessibility
438548176,way,surface,MISSING,Surface tag is recommended to assess accessibility
439195547,way,surface,MISSING,Surface tag is recommended to assess accessibility
439195548,way,surface,MISSING,Surface tag is recommended to assess accessibility
442744117,way,surface,MISSING,Surface tag is recommended to assess accessibility
457912288,way,surface,MISSING,Surface tag is recommended to assess accessibility
465420043,way,surface,MISSING,Surface tag is recommended to assess accessibility
494499828,way,surface,MISSING,Surface tag is recommended to assess accessibility
498384974,way,surface,MISSING,Surface tag is recommended to assess accessibility
543009146,way,surface,MISSING,Surface tag is recommended to assess accessibility
561632303,way,surface,MISSING,Surface tag is recommended to assess accessibility
572134906,way,surface,MISSING,Surface tag is recommended to assess accessibility
578806479,way,surface,MISSING,Surface tag is recommended to assess accessibility
579355583,way,surface,MISSING,Surface tag is recommended to assess accessibility
580764872,way,surface,MISSING,Surface tag is recommended to assess accessibility
588551639,way,surface,MISSING,Surface tag is recommended to assess accessibility
594839941,way,surface,MISSING,Surface tag is recommended to assess accessibility
594839952,way,surface,MISSING,Surface tag is recommended to assess accessibility
596932968,way,surface,MISSING,Surface tag is recommended to assess accessibility
639832528,way,surface,MISSING,Surface tag is recommended to assess accessibility
639832534,way,surface,MISSING,Surface tag is recommended to assess accessibility
639832536,way,surface,MISSING,Surface tag is recommended to assess accessibility
639832537,way,surface,MISSING,Surface tag is recommended to assess accessibility
639832539,way,surface,MISSING,Surface tag is recommended to assess accessibility
639832542,way,surface,MISSING,Surface tag is recommended to assess accessibility
662354505,way,surface,MISSING,Surface tag is recommended to assess accessibility
663218227,way,surface,MISSING,Surface tag is recommended to assess accessibility
663225008,way,surface,MISSING,Surface tag is recommended to assess accessibility
663475305,way,surface,MISSING,Surface tag is recommended to assess accessibility
663506634,way,surface,MISSING,Surface tag is recommended to assess accessibility
663506636,way,surface,MISSING,Surface tag is recommended to assess accessibility
663506651,way,surface,MISSING,Surface tag is recommended to assess accessibility
664456180,way,surface,MISSING,Surface tag is recommended to assess accessibility
664456189,way,surface,MISSING,Surface tag is recommended to assess accessibility
667699947,way,surface,MISSING,Surface tag is recommended to assess accessibility
667709358,way,surface,MISSING,Surface tag is recommended to assess accessibility
668840215,way,surface,MISSING,Surface tag is recommended to assess accessibility
668847332,way,surface,MISSING,Surface tag is recommended to assess accessibility
668862151,way,surface,MISSING,Surface tag is recommended to assess accessibility
668894386,way,surface,MISSING,Surface tag is recommended to assess accessibility
668902889,way,surface,MISSING,Surface tag is recommended to assess accessibility
669158577,way,surface,MISSING,Surface tag is recommended to assess accessibility
669158578,way,surface,MISSING,Surface tag is recommended to assess accessibility
669158579,way,surface,MISSING,Surface tag is recommended to assess accessibility
669947846,way,surface,MISSING,Surface tag is recommended to assess accessibility
669947853,way,surface,MISSING,Surface tag is recommended to assess accessibility
669985553,way,surface,MISSING,Surface tag is recommended to assess accessibility
669998452,way,surface,MISSING,Surface tag is recommended to assess accessibility
670001203,way,surface,MISSING,Surface tag is recommended to assess accessibility
670191795,way,surface,MISSING,Surface tag is recommended to assess accessibility
670191809,way,surface,MISSING,Surface tag is recommended to assess accessibility
670422061,way,surface,MISSING,Surface tag is recommended to assess accessibility
670422062,way,surface,MISSING,Surface tag is recommended to assess accessibility
670426174,way,surface,MISSING,Surface tag is recommended to assess accessibility
670426175,way,surface,MISSING,Surface tag is recommended to assess accessibility
670426176,way,surface,MISSING,Surface tag is recommended to assess accessibility
670426177,way,surface,MISSING,Surface tag is recommended to assess accessibility
670426180,way,surface,MISSING,Surface tag is recommended to assess accessibility
670426183,way,surface,MISSING,Surface tag is recommended to assess accessibility
670426188,way,surface,MISSING,Surface tag is recommended to assess accessibility
670426191,way,surface,MISSING,Surface tag is recommended to assess accessibility
670430519,way,surface,MISSING,Surface tag is recommended to assess accessibility
670430522,way,surface,MISSING,Surface tag is recommended to assess accessibility
670434127,way,surface,MISSING,Surface tag is recommended to assess accessibility
670434130,way,surface,MISSING,Surface tag is recommended to assess accessibility
670437096,way,surface,MISSING,Surface tag is recommended to assess accessibility
670437099,way,surface,MISSING,Surface tag is recommended to assess accessibility
670437103,way,surface,MISSING,Surface tag is recommended to assess accessibility
670445360,way,surface,MISSING,Surface tag is recommended to assess accessibility
670480319,way,surface,MISSING,Surface tag is recommended to assess accessibility
670480323,way,surface,MISSING,Surface tag is recommended to assess accessibility
670510299,way,surface,MISSING,Surface tag is recommended to assess accessibility
671594775,way,surface,MISSING,Surface tag is recommended to assess accessibility
671594776,way,surface,MISSING,Surface tag is recommended to assess accessibility
671594778,way,surface,MISSING,Surface tag is recommended to assess accessibility
671594779,way,surface,MISSING,Surface tag is recommended to assess accessibility
671594786,way,surface,MISSING,Surface tag is recommended to assess accessibility
671594787,way,surface,MISSING,Surface tag is recommended to assess accessibility
671594794,way,surface,MISSING,Surface tag is recommended to assess accessibility
671594796,way,surface,MISSING,Surface tag is recommended to assess accessibility
671594801,way,surface,MISSING,Surface tag is recommended to assess accessibility
671594804,way,surface,MISSING,Surface tag is recommended to assess accessibility
671596187,way,surface,MISSING,Surface tag is recommended to assess accessibility
672047629,way,surface,MISSING,Surface tag is recommended to assess accessibility
672047634,way,surface,MISSING,Surface tag is recommended to assess accessibility
672047637,way,surface,MISSING,Surface tag is recommended to assess accessibility
672310056,way,surface,MISSING,Surface tag is recommended to assess accessibility
672310059,way,surface,MISSING,Surface tag is recommended to assess accessibility
672859011,way,surface,MISSING,Surface tag is recommended to assess accessibility
672859014,way,surface,MISSING,Surface tag is recommended to assess accessibility
672938542,way,surface,MISSING,Surface tag is recommended to assess accessibility
673370354,way,surface,MISSING,Surface tag is recommended to assess accessibility
673370355,way,surface,MISSING,Surface tag is recommended to assess accessibility
677697467,way,surface,MISSING,Surface tag is recommended to assess accessibility
677697471,way,surface,MISSING,Surface tag is recommended to assess accessibility
683893005,way,surface,MISSING,Surface tag is recommended to assess accessibility
683893018,way,surface,MISSING,Surface tag is recommended to assess accessibility
684107093,way,surface,MISSING,Surface tag is recommended to assess accessibility
684108765,way,surface,MISSING,Surface tag is recommended to assess accessibility
684113924,way,surface,MISSING,Surface tag is recommended to assess accessibility
684123939,way,surface,MISSING,Surface tag is recommended to assess accessibility
684127645,way,surface,MISSING,Surface tag is recommended to assess accessibility
684127648,way,surface,MISSING,Surface tag is recommended to assess accessibility
684127650,way,surface,MISSING,Surface tag is recommended to assess accessibility
684127657,way,surface,MISSING,Surface tag is recommended to assess accessibility
684129835,way,surface,MISSING,Surface tag is recommended to assess accessibility
684129839,way,surface,MISSING,Surface tag is recommended to assess accessibility
684130269,way,surface,MISSING,Surface tag is recommended to assess accessibility
684314187,way,surface,MISSING,Surface tag is recommended to assess accessibility
684318546,way,surface,MISSING,Surface tag is recommended to assess accessibility
684336213,way,surface,MISSING,Surface tag is recommended to assess accessibility
684343524,way,surface,MISSING,Surface tag is recommended to assess accessibility
684343526,way,surface,MISSING,Surface tag is recommended to assess accessibility
684343530,way,surface,MISSING,Surface tag is recommended to assess accessibility
684343535,way,surface,MISSING,Surface tag is recommended to assess accessibility
684343539,way,surface,MISSING,Surface tag is recommended to assess accessibility
684346748,way,surface,MISSING,Surface tag is recommended to assess accessibility
684348088,way,surface,MISSING,Surface tag is recommended to assess accessibility
684352135,way,surface,MISSING,Surface tag is recommended to assess accessibility
684352137,way,surface,MISSING,Surface tag is recommended to assess accessibility
684352141,way,surface,MISSING,Surface tag is recommended to assess accessibility
684352142,way,surface,MISSING,Surface tag is recommended to assess accessibility
684355017,way,surface,MISSING,Surface tag is recommended to assess accessibility
684526779,way,surface,MISSING,Surface tag is recommended to assess accessibility
684584705,way,surface,MISSING,Surface tag is recommended to assess accessibility
684586733,way,surface,MISSING,Surface tag is recommended to assess accessibility
684589176,way,surface,MISSING,Surface tag is recommended to assess accessibility
685236125,way,surface,MISSING,Surface tag is recommended to assess accessibility
685369265,way,surface,MISSING,Surface tag is recommended to assess accessibility
685372791,way,surface,MISSING,Surface tag is recommended to assess accessibility
685374820,way,surface,MISSING,Surface tag is recommended to assess accessibility
685386578,way,surface,MISSING,Surface tag is recommended to assess accessibility
685388281,way,surface,MISSING,Surface tag is recommended to assess accessibility
685430972,way,surface,MISSING,Surface tag is recommended to assess accessibility
685578114,way,surface,MISSING,Surface tag is recommended to assess accessibility
685607212,way,surface,MISSING,Surface tag is recommended to assess accessibility
685607216,way,surface,MISSING,Surface tag is recommended to assess accessibility
685609557,way,surface,MISSING,Surface tag is recommended to assess accessibility
685620382,way,surface,MISSING,Surface tag is recommended to assess accessibility
685621708,way,surface,MISSING,Surface tag is recommended to assess accessibility
685658496,way,surface,MISSING,Surface tag is recommended to assess accessibility
685684780,way,surface,MISSING,Surface tag is recommended to assess accessibility
686597306,way,surface,MISSING,Surface tag is recommended to assess accessibility
686597313,way,surface,MISSING,Surface tag is recommended to assess accessibility
686597318,way,surface,MISSING,Surface tag is recommended to assess accessibility
686607090,way,surface,MISSING,Surface tag is recommended to assess accessibility
686614569,way,surface,MISSING,Surface tag is recommended to assess accessibility
686618625,way,surface,MISSING,Surface tag is recommended to assess accessibility
686618630,way,surface,MISSING,Surface tag is recommended to assess accessibility
686646810,way,surface,MISSING,Surface tag is recommended to assess accessibility
686646811,way,surface,MISSING,Surface tag is recommended to assess accessibility
686646812,way,surface,MISSING,Surface tag is recommended to assess accessibility
686648999,way,surface,MISSING,Surface tag is recommended to assess accessibility
686649008,way,surface,MISSING,Surface tag is recommended to assess accessibility
686649009,way,surface,MISSING,Surface tag is recommended to assess accessibility
686649012,way,surface,MISSING,Surface tag is recommended to assess accessibility
686810783,way,surface,MISSING,Surface tag is recommended to assess accessibility
686819001,way,surface,MISSING,Surface tag is recommended to assess accessibility
686831300,way,surface,MISSING,Surface tag is recommended to assess accessibility
686831306,way,surface,MISSING,Surface tag is recommended to assess accessibility
686834024,way,surface,MISSING,Surface tag is recommended to assess accessibility
686917011,way,surface,MISSING,Surface tag is recommended to assess accessibility
686919319,way,surface,MISSING,Surface tag is recommended to assess accessibility
686919324,way,surface,MISSING,Surface tag is recommended to assess accessibility
686919325,way,surface,MISSING,Surface tag is recommended to assess accessibility
686919526,way,surface,MISSING,Surface tag is recommended to assess accessibility
687313761,way,surface,MISSING,Surface tag is recommended to assess accessibility
687327656,way,surface,MISSING,Surface tag is recommended to assess accessibility
687354860,way,surface,MISSING,Surface tag is recommended to assess accessibility
687377660,way,surface,MISSING,Surface tag is recommended to assess accessibility
687377670,way,surface,MISSING,Surface tag is recommended to assess accessibility
688107427,way,surface,MISSING,Surface tag is recommended to assess accessibility
688111291,way,surface,MISSING,Surface tag is recommended to assess accessibility
688115092,way,surface,MISSING,Surface tag is recommended to assess accessibility
688116968,way,surface,MISSING,Surface tag is recommended to assess accessibility
688116974,way,surface,MISSING,Surface tag is recommended to assess accessibility
688119290,way,surface,MISSING,Surface tag is recommended to assess accessibility
688119291,way,surface,MISSING,Surface tag is recommended to assess accessibility
688148693,way,surface,MISSING,Surface tag is recommended to assess accessibility
688151032,way,surface,MISSING,Surface tag is recommended to assess accessibility
688337001,way,surface,MISSING,Surface tag is recommended to assess accessibility
688341820,way,surface,MISSING,Surface tag is recommended to assess accessibility
688343346,way,surface,MISSING,Surface tag is recommended to assess accessibility
688343352,way,surface,MISSING,Surface tag is recommended to assess accessibility
688344321,way,surface,MISSING,Surface tag is recommended to assess accessibility
688344793,way,surface,MISSING,Surface tag is recommended to assess accessibility
688344794,way,surface,MISSING,Surface tag is recommended to assess accessibility
688344795,way,surface,MISSING,Surface tag is recommended to assess accessibility
688344796,way,surface,MISSING,Surface tag is recommended to assess accessibility
688348711,way,surface,MISSING,Surface tag is recommended to assess accessibility
688354874,way,surface,MISSING,Surface tag is recommended to assess accessibility
688365345,way,surface,MISSING,Surface tag is recommended to assess accessibility
688566636,way,surface,MISSING,Surface tag is recommended to assess accessibility
688566638,way,surface,MISSING,Surface tag is recommended to assess accessibility
688566640,way,surface,MISSING,Surface tag is recommended to assess accessibility
688571014,way,surface,MISSING,Surface tag is recommended to assess accessibility
688573255,way,surface,MISSING,Surface tag is recommended to assess accessibility
688588458,way,surface,MISSING,Surface tag is recommended to assess accessibility
688592753,way,surface,MISSING,Surface tag is recommended to assess accessibility
688592755,way,surface,MISSING,Surface tag is recommended to assess accessibility
688592757,way,surface,MISSING,Surface tag is recommended to assess accessibility
688594994,way,surface,MISSING,Surface tag is recommended to assess accessibility
688596089,way,surface,MISSING,Surface tag is recommended to assess accessibility
688924753,way,surface,MISSING,Surface tag is recommended to assess accessibility
688924758,way,surface,MISSING,Surface tag is recommended to assess accessibility
688926976,way,surface,MISSING,Surface tag is recommended to assess accessibility
688932369,way,surface,MISSING,Surface tag is recommended to assess accessibility
688932377,way,surface,MISSING,Surface tag is recommended to assess accessibility
689069522,way,surface,MISSING,Surface tag is recommended to assess accessibility
689069525,way,surface,MISSING,Surface tag is recommended to assess accessibility
689070281,way,surface,MISSING,Surface tag is recommended to assess accessibility
689077249,way,surface,MISSING,Surface tag is recommended to assess accessibility
689077253,way,surface,MISSING,Surface tag is recommended to assess accessibility
689078173,way,surface,MISSING,Surface tag is recommended to assess accessibility
690154677,way,surface,MISSING,Surface tag is recommended to assess accessibility
690167920,way,surface,MISSING,Surface tag is recommended to assess accessibility
690444160,way,surface,MISSING,Surface tag is recommended to assess accessibility
690444162,way,surface,MISSING,Surface tag is recommended to assess accessibility
691038456,way,surface,MISSING,Surface tag is recommended to assess accessibility
691038457,way,surface,MISSING,Surface tag is recommended to assess accessibility
691038465,way,surface,MISSING,Surface tag is recommended to assess accessibility
691039033,way,surface,MISSING,Surface tag is recommended to assess accessibility
691039918,way,surface,MISSING,Surface tag is recommended to assess accessibility
691040377,way,surface,MISSING,Surface tag is recommended to assess accessibility
691042243,way,surface,MISSING,Surface tag is recommended to assess accessibility
691042245,way,surface,MISSING,Surface tag is recommended to assess accessibility
691172735,way,surface,MISSING,Surface tag is recommended to assess accessibility
691179291,way,surface,MISSING,Surface tag is recommended to assess accessibility
691182230,way,surface,MISSING,Surface tag is recommended to assess accessibility
691192157,way,surface,MISSING,Surface tag is recommended to assess accessibility
691192158,way,surface,MISSING,Surface tag is recommended to assess accessibility
691192159,way,surface,MISSING,Surface tag is recommended to assess accessibility
691192160,way,surface,MISSING,Surface tag is recommended to assess accessibility
691195459,way,surface,MISSING,Surface tag is recommended to assess accessibility
691197646,way,surface,MISSING,Surface tag is recommended to assess accessibility
691399248,way,surface,MISSING,Surface tag is recommended to assess accessibility
691404160,way,surface,MISSING,Surface tag is recommended to assess accessibility
691631997,way,surface,MISSING,Surface tag is recommended to assess accessibility
691631998,way,surface,MISSING,Surface tag is recommended to assess accessibility
691634583,way,surface,MISSING,Surface tag is recommended to assess accessibility
691634587,way,surface,MISSING,Surface tag is recommended to assess accessibility
691636639,way,surface,MISSING,Surface tag is recommended to assess accessibility
691638263,way,surface,MISSING,Surface tag is recommended to assess accessibility
691920526,way,surface,MISSING,Surface tag is recommended to assess accessibility
691920527,way,surface,MISSING,Surface tag is recommended to assess accessibility
691920532,way,surface,MISSING,Surface tag is recommended to assess accessibility
691923152,way,surface,MISSING,Surface tag is recommended to assess accessibility
691927989,way,surface,MISSING,Surface tag is recommended to assess accessibility
691927997,way,surface,MISSING,Surface tag is recommended to assess accessibility
691927998,way,surface,MISSING,Surface tag is recommended to assess accessibility
691928001,way,surface,MISSING,Surface tag is recommended to assess accessibility
691928004,way,surface,MISSING,Surface tag is recommended to assess accessibility
691928008,way,surface,MISSING,Surface tag is recommended to assess accessibility
691931254,way,surface,MISSING,Surface tag is recommended to assess accessibility
692183305,way,surface,MISSING,Surface tag is recommended to assess accessibility
692183306,way,surface,MISSING,Surface tag is recommended to assess accessibility
692189201,way,surface,MISSING,Surface tag is recommended to assess accessibility
692195897,way,surface,MISSING,Surface tag is recommended to assess accessibility
692197531,way,surface,MISSING,Surface tag is recommended to assess accessibility
692199919,way,surface,MISSING,Surface tag is recommended to assess accessibility
692948126,way,surface,MISSING,Surface tag is recommended to assess accessibility
692954258,way,surface,MISSING,Surface tag is recommended to assess accessibility
692954869,way,surface,MISSING,Surface tag is recommended to assess accessibility
692956886,way,surface,MISSING,Surface tag is recommended to assess accessibility
692957629,way,surface,MISSING,Surface tag is recommended to assess accessibility
692964240,way,surface,MISSING,Surface tag is recommended to assess accessibility
692968557,way,surface,MISSING,Surface tag is recommended to assess accessibility
692969519,way,surface,MISSING,Surface tag is recommended to assess accessibility
692970401,way,surface,MISSING,Surface tag is recommended to assess accessibility
693479250,way,surface,MISSING,Surface tag is recommended to assess accessibility
693479251,way,surface,MISSING,Surface tag is recommended to assess accessibility
693479259,way,surface,MISSING,Surface tag is recommended to assess accessibility
693481646,way,surface,MISSING,Surface tag is recommended to assess accessibility
693481647,way,surface,MISSING,Surface tag is recommended to assess accessibility
693481648,way,surface,MISSING,Surface tag is recommended to assess accessibility
693481908,way,surface,MISSING,Surface tag is recommended to assess accessibility
693483409,way,surface,MISSING,Surface tag is recommended to assess accessibility
693483410,way,surface,MISSING,Surface tag is recommended to assess accessibility
693489162,way,surface,MISSING,Surface tag is recommended to assess accessibility
693489166,way,surface,MISSING,Surface tag is recommended to assess accessibility
693491672,way,surface,MISSING,Surface tag is recommended to assess accessibility
693492097,way,surface,MISSING,Surface tag is recommended to assess accessibility
693497697,way,surface,MISSING,Surface tag is recommended to assess accessibility
693497698,way,surface,MISSING,Surface tag is recommended to assess accessibility
693502323,way,surface,MISSING,Surface tag is recommended to assess accessibility
693502324,way,surface,MISSING,Surface tag is recommended to assess accessibility
693512433,way,surface,MISSING,Surface tag is recommended to assess accessibility
693512437,way,surface,MISSING,Surface tag is recommended to assess accessibility
696340511,way,surface,MISSING,Surface tag is recommended to assess accessibility
696342810,way,surface,MISSING,Surface tag is recommended to assess accessibility
696342812,way,surface,MISSING,Surface tag is recommended to assess accessibility
696351969,way,surface,MISSING,Surface tag is recommended to assess accessibility
696356933,way,surface,MISSING,Surface tag is recommended to assess accessibility
696356939,way,surface,MISSING,Surface tag is recommended to assess accessibility
696358759,way,surface,MISSING,Surface tag is recommended to assess accessibility
696359930,way,surface,MISSING,Surface tag is recommended to assess accessibility
696359933,way,surface,MISSING,Surface tag is recommended to assess accessibility
696609838,way,surface,MISSING,Surface tag is recommended to assess accessibility
696617341,way,surface,MISSING,Surface tag is recommended to assess accessibility
696644670,way,surface,MISSING,Surface tag is recommended to assess accessibility
696644671,way,surface,MISSING,Surface tag is recommended to assess accessibility
696644672,way,surface,MISSING,Surface tag is recommended to assess accessibility
696644673,way,surface,MISSING,Surface tag is recommended to assess accessibility
696644674,way,surface,MISSING,Surface tag is recommended to assess accessibility
696646277,way,surface,MISSING,Surface tag is recommended to assess accessibility
696840738,way,surface,MISSING,Surface tag is recommended to assess accessibility
696842967,way,surface,MISSING,Surface tag is recommended to assess accessibility
696842968,way,surface,MISSING,Surface tag is recommended to assess accessibility
696843567,way,surface,MISSING,Surface tag is recommended to assess accessibility
696843568,way,surface,MISSING,Surface tag is recommended to assess accessibility
696844979,way,surface,MISSING,Surface tag is recommended to assess accessibility
696846534,way,surface,MISSING,Surface tag is recommended to assess accessibility
696847076,way,surface,MISSING,Surface tag is recommended to assess accessibility
696847077,way,surface,MISSING,Surface tag is recommended to assess accessibility
696849614,way,surface,MISSING,Surface tag is recommended to assess accessibility
696849615,way,surface,MISSING,Surface tag is recommended to assess accessibility
696851794,way,surface,MISSING,Surface tag is recommended to assess accessibility
696851796,way,surface,MISSING,Surface tag is recommended to assess accessibility
696851797,way,surface,MISSING,Surface tag is recommended to assess accessibility
696851798,way,surface,MISSING,Surface tag is recommended to assess accessibility
696851799,way,surface,MISSING,Surface tag is recommended to assess accessibility
696855343,way,surface,MISSING,Surface tag is recommended to assess accessibility
696857005,way,surface,MISSING,Surface tag is recommended to assess accessibility
696857006,way,surface,MISSING,Surface tag is recommended to assess accessibility
696872382,way,surface,MISSING,Surface tag is recommended to assess accessibility
696872383,way,surface,MISSING,Surface tag is recommended to assess accessibility
696877576,way,surface,MISSING,Surface tag is recommended to assess accessibility
696882548,way,surface,MISSING,Surface tag is recommended to assess accessibility
696883749,way,surface,MISSING,Surface tag is recommended to assess accessibility
696885119,way,surface,MISSING,Surface tag is recommended to assess accessibility
696885122,way,surface,MISSING,Surface tag is recommended to assess accessibility
697096255,way,surface,MISSING,Surface tag is recommended to assess accessibility
697116058,way,surface,MISSING,Surface tag is recommended to assess accessibility
697120548,way,surface,MISSING,Surface tag is recommended to assess accessibility
697149482,way,surface,MISSING,Surface tag is recommended to assess accessibility
697786333,way,surface,MISSING,Surface tag is recommended to assess accessibility
697786704,way,surface,MISSING,Surface tag is recommended to assess accessibility
697787512,way,surface,MISSING,Surface tag is recommended to assess accessibility
697796963,way,surface,MISSING,Surface tag is recommended to assess accessibility
697798381,way,surface,MISSING,Surface tag is recommended to assess accessibility
697804878,way,surface,MISSING,Surface tag is recommended to assess accessibility
697806195,way,surface,MISSING,Surface tag is recommended to assess accessibility
697806197,way,surface,MISSING,Surface tag is recommended to assess accessibility
697810317,way,surface,MISSING,Surface tag is recommended to assess accessibility
697810319,way,surface,MISSING,Surface tag is recommended to assess accessibility
697812413,way,surface,MISSING,Surface tag is recommended to assess accessibility
697813477,way,surface,MISSING,Surface tag is recommended to assess accessibility
697814299,way,surface,MISSING,Surface tag is recommended to assess accessibility
697941651,way,surface,MISSING,Surface tag is recommended to assess accessibility
697942941,way,surface,MISSING,Surface tag is recommended to assess accessibility
697945353,way,surface,MISSING,Surface tag is recommended to assess accessibility
697947773,way,surface,MISSING,Surface tag is recommended to assess accessibility
697947774,way,surface,MISSING,Surface tag is recommended to assess accessibility
697947775,way,surface,MISSING,Surface tag is recommended to assess accessibility
697949513,way,surface,MISSING,Surface tag is recommended to assess accessibility
697949518,way,surface,MISSING,Surface tag is recommended to assess accessibility
697949523,way,surface,MISSING,Surface tag is recommended to assess accessibility
697959572,way,surface,MISSING,Surface tag is recommended to assess accessibility
697959573,way,surface,MISSING,Surface tag is recommended to assess accessibility
697963217,way,surface,MISSING,Surface tag is recommended to assess accessibility
697966715,way,surface,MISSING,Surface tag is recommended to assess accessibility
697966716,way,surface,MISSING,Surface tag is recommended to assess accessibility
697966717,way,surface,MISSING,Surface tag is recommended to assess accessibility
697966718,way,surface,MISSING,Surface tag is recommended to assess accessibility
697971420,way,surface,MISSING,Surface tag is recommended to assess accessibility
697974290,way,surface,MISSING,Surface tag is recommended to assess accessibility
697976256,way,surface,MISSING,Surface tag is recommended to assess accessibility
697981148,way,surface,MISSING,Surface tag is recommended to assess accessibility
697982680,way,surface,MISSING,Surface tag is recommended to assess accessibility
698020255,way,surface,MISSING,Surface tag is recommended to assess accessibility
699445012,way,surface,MISSING,Surface tag is recommended to assess accessibility
699677038,way,surface,MISSING,Surface tag is recommended to assess accessibility
699677039,way,surface,MISSING,Surface tag is recommended to assess accessibility
699677043,way,surface,MISSING,Surface tag is recommended to assess accessibility
699677044,way,surface,MISSING,Surface tag is recommended to assess accessibility
699899907,way,surface,MISSING,Surface tag is recommended to assess accessibility
699899908,way,surface,MISSING,Surface tag is recommended to assess accessibility
699900281,way,surface,MISSING,Surface tag is recommended to assess accessibility
699906886,way,surface,MISSING,Surface tag is recommended to assess accessibility
699908240,way,surface,MISSING,Surface tag is recommended to assess accessibility
699908243,way,surface,MISSING,Surface tag is recommended to assess accessibility
699913204,way,surface,MISSING,Surface tag is recommended to assess accessibility
699913205,way,surface,MISSING,Surface tag is recommended to assess accessibility
699913206,way,surface,MISSING,Surface tag is recommended to assess accessibility
699913209,way,surface,MISSING,Surface tag is recommended to assess accessibility
699924391,way,surface,MISSING,Surface tag is recommended to assess accessibility
699926255,way,surface,MISSING,Surface tag is recommended to assess accessibility
699927252,way,surface,MISSING,Surface tag is recommended to assess accessibility
749383921,way,surface,MISSING,Surface tag is recommended to assess accessibility
749385056,way,surface,MISSING,Surface tag is recommended to assess accessibility
749385057,way,surface,MISSING,Surface tag is recommended to assess accessibility
749390782,way,surface,MISSING,Surface tag is recommended to assess accessibility
749391447,way,surface,MISSING,Surface tag is recommended to assess accessibility
749418737,way,surface,MISSING,Surface tag is recommended to assess accessibility
749420615,way,surface,MISSING,Surface tag is recommended to assess accessibility
749424338,way,surface,MISSING,Surface tag is recommended to assess accessibility
749429036,way,surface,MISSING,Surface tag is recommended to assess accessibility
749429037,way,surface,MISSING,Surface tag is recommended to assess accessibility
749439524,way,surface,MISSING,Surface tag is recommended to assess accessibility
749439525,way,surface,MISSING,Surface tag is recommended to assess accessibility
749439526,way,surface,MISSING,Surface tag is recommended to assess accessibility
749452255,way,surface,MISSING,Surface tag is recommended to assess accessibility
749454439,way,surface,MISSING,Surface tag is recommended to assess accessibility
749476438,way,surface,MISSING,Surface tag is recommended to assess accessibility
749485072,way,surface,MISSING,Surface tag is recommended to assess accessibility
749718634,way,surface,MISSING,Surface tag is recommended to assess accessibility
749720151,way,surface,MISSING,Surface tag is recommended to assess accessibility
749720578,way,surface,MISSING,Surface tag is recommended to assess accessibility
749720579,way,surface,MISSING,Surface tag is recommended to assess accessibility
749722951,way,surface,MISSING,Surface tag is recommended to assess accessibility
749724223,way,surface,MISSING,Surface tag is recommended to assess accessibility
749733210,way,surface,MISSING,Surface tag is recommended to assess accessibility
749738681,way,surface,MISSING,Surface tag is recommended to assess accessibility
749738682,way,surface,MISSING,Surface tag is recommended to assess accessibility
749738683,way,surface,MISSING,Surface tag is recommended to assess accessibility
749738688,way,surface,MISSING,Surface tag is recommended to assess accessibility
749742870,way,surface,MISSING,Surface tag is recommended to assess accessibility
749742871,way,surface,MISSING,Surface tag is recommended to assess accessibility
749742872,way,surface,MISSING,Surface tag is recommended to assess accessibility
749742873,way,surface,MISSING,Surface tag is recommended to assess accessibility
749804646,way,surface,MISSING,Surface tag is recommended to assess accessibility
749808212,way,surface,MISSING,Surface tag is recommended to assess accessibility
749808213,way,surface,MISSING,Surface tag is recommended to assess accessibility
749809475,way,surface,MISSING,Surface tag is recommended to assess accessibility
749809476,way,surface,MISSING,Surface tag is recommended to assess accessibility
749820572,way,surface,MISSING,Surface tag is recommended to assess accessibility
749820573,way,surface,MISSING,Surface tag is recommended to assess accessibility
749820576,way,surface,MISSING,Surface tag is recommended to assess accessibility
749824118,way,surface,MISSING,Surface tag is recommended to assess accessibility
749824679,way,surface,MISSING,Surface tag is recommended to assess accessibility
749838946,way,surface,MISSING,Surface tag is recommended to assess accessibility
749849958,way,surface,MISSING,Surface tag is recommended to assess accessibility
749862174,way,surface,MISSING,Surface tag is recommended to assess accessibility
750023923,way,surface,MISSING,Surface tag is recommended to assess accessibility
750037329,way,surface,MISSING,Surface tag is recommended to assess accessibility
750037337,way,surface,MISSING,Surface tag is recommended to assess accessibility
750037338,way,surface,MISSING,Surface tag is recommended to assess accessibility
750056222,way,surface,MISSING,Surface tag is recommended to assess accessibility
750057088,way,surface,MISSING,Surface tag is recommended to assess accessibility
750106467,way,surface,MISSING,Surface tag is recommended to assess accessibility
750107437,way,surface,MISSING,Surface tag is recommended to assess accessibility
750114022,way,surface,MISSING,Surface tag is recommended to assess accessibility
750116396,way,surface,MISSING,Surface tag is recommended to assess accessibility
750116397,way,surface,MISSING,Surface tag is recommended to assess accessibility
750116398,way,surface,MISSING,Surface tag is recommended to assess accessibility
750116399,way,surface,MISSING,Surface tag is recommended to assess accessibility
750119855,way,surface,MISSING,Surface tag is recommended to assess accessibility
750119856,way,surface,MISSING,Surface tag is recommended to assess accessibility
750119857,way,surface,MISSING,Surface tag is recommended to assess accessibility
750119858,way,surface,MISSING,Surface tag is recommended to assess accessibility
750129027,way,surface,MISSING,Surface tag is recommended to assess accessibility
750132178,way,surface,MISSING,Surface tag is recommended to assess accessibility
750158701,way,surface,MISSING,Surface tag is recommended to assess accessibility
750158702,way,surface,MISSING,Surface tag is recommended to assess accessibility
750189263,way,surface,MISSING,Surface tag is recommended to assess accessibility
750190021,way,surface,MISSING,Surface tag is recommended to assess accessibility
750190022,way,surface,MISSING,Surface tag is recommended to assess accessibility
750190715,way,surface,MISSING,Surface tag is recommended to assess accessibility
750505516,way,surface,MISSING,Surface tag is recommended to assess accessibility
750511806,way,surface,MISSING,Surface tag is recommended to assess accessibility
750511807,way,surface,MISSING,Surface tag is recommended to assess accessibility
750513567,way,surface,MISSING,Surface tag is recommended to assess accessibility
750513568,way,surface,MISSING,Surface tag is recommended to assess accessibility
750519949,way,surface,MISSING,Surface tag is recommended to assess accessibility
750522469,way,surface,MISSING,Surface tag is recommended to assess accessibility
750523797,way,surface,MISSING,Surface tag is recommended to assess accessibility
750524296,way,surface,MISSING,Surface tag is recommended to assess accessibility
750524721,way,surface,MISSING,Surface tag is recommended to assess accessibility
750533161,way,surface,MISSING,Surface tag is recommended to assess accessibility
750540990,way,surface,MISSING,Surface tag is recommended to assess accessibility
750544425,way,surface,MISSING,Surface tag is recommended to assess accessibility
750551241,way,surface,MISSING,Surface tag is recommended to assess accessibility
750551242,way,surface,MISSING,Surface tag is recommended to assess accessibility
750551243,way,surface,MISSING,Surface tag is recommended to assess accessibility
750553549,way,surface,MISSING,Surface tag is recommended to assess accessibility
750553891,way,surface,MISSING,Surface tag is recommended to assess accessibility
750559345,way,surface,MISSING,Surface tag is recommended to assess accessibility
750559346,way,surface,MISSING,Surface tag is recommended to assess accessibility
750563076,way,surface,MISSING,Surface tag is recommended to assess accessibility
750684327,way,surface,MISSING,Surface tag is recommended to assess accessibility
750684328,way,surface,MISSING,Surface tag is recommended to assess accessibility
750688973,way,surface,MISSING,Surface tag is recommended to assess accessibility
750692287,way,surface,MISSING,Surface tag is recommended to assess accessibility
750692288,way,surface,MISSING,Surface tag is recommended to assess accessibility
750692289,way,surface,MISSING,Surface tag is recommended to assess accessibility
750692290,way,surface,MISSING,Surface tag is recommended to assess accessibility
750692291,way,surface,MISSING,Surface tag is recommended to assess accessibility
750699676,way,surface,MISSING,Surface tag is recommended to assess accessibility
750699677,way,surface,MISSING,Surface tag is recommended to assess accessibility
750699678,way,surface,MISSING,Surface tag is recommended to assess accessibility
750705118,way,surface,MISSING,Surface tag is recommended to assess accessibility
750709967,way,surface,MISSING,Surface tag is recommended to assess accessibility
750713551,way,surface,MISSING,Surface tag is recommended to assess accessibility
750713552,way,surface,MISSING,Surface tag is recommended to assess accessibility
750714495,way,surface,MISSING,Surface tag is recommended to assess accessibility
750714496,way,surface,MISSING,Surface tag is recommended to assess accessibility
750714497,way,surface,MISSING,Surface tag is recommended to assess accessibility
750715662,way,surface,MISSING,Surface tag is recommended to assess accessibility
750715663,way,surface,MISSING,Surface tag is recommended to assess accessibility
750716854,way,surface,MISSING,Surface tag is recommended to assess accessibility
750716855,way,surface,MISSING,Surface tag is recommended to assess accessibility
750716856,way,surface,MISSING,Surface tag is recommended to assess accessibility
750719225,way,surface,MISSING,Surface tag is recommended to assess accessibility
750719226,way,surface,MISSING,Surface tag is recommended to assess accessibility
750723953,way,surface,MISSING,Surface tag is recommended to assess accessibility
750723954,way,surface,MISSING,Surface tag is recommended to assess accessibility
750737142,way,surface,MISSING,Surface tag is recommended to assess accessibility
750737143,way,surface,MISSING,Surface tag is recommended to assess accessibility
750737144,way,surface,MISSING,Surface tag is recommended to assess accessibility
750789974,way,surface,MISSING,Surface tag is recommended to assess accessibility
750789975,way,surface,MISSING,Surface tag is recommended to assess accessibility
750792803,way,surface,MISSING,Surface tag is recommended to assess accessibility
750793394,way,surface,MISSING,Surface tag is recommended to assess accessibility
750793395,way,surface,MISSING,Surface tag is recommended to assess accessibility
751325904,way,surface,MISSING,Surface tag is recommended to assess accessibility
751325905,way,surface,MISSING,Surface tag is recommended to assess accessibility
751328977,way,surface,MISSING,Surface tag is recommended to assess accessibility
751345996,way,surface,MISSING,Surface tag is recommended to assess accessibility
751350933,way,surface,MISSING,Surface tag is recommended to assess accessibility
751353423,way,surface,MISSING,Surface tag is recommended to assess accessibility
751353424,way,surface,MISSING,Surface tag is recommended to assess accessibility
751509446,way,surface,MISSING,Surface tag is recommended to assess accessibility
751518824,way,surface,MISSING,Surface tag is recommended to assess accessibility
751521262,way,surface,MISSING,Surface tag is recommended to assess accessibility
751522701,way,surface,MISSING,Surface tag is recommended to assess accessibility
751522709,way,surface,MISSING,Surface tag is recommended to assess accessibility
751522710,way,surface,MISSING,Surface tag is recommended to assess accessibility
751524392,way,surface,MISSING,Surface tag is recommended to assess accessibility
751525562,way,surface,MISSING,Surface tag is recommended to assess accessibility
751528085,way,surface,MISSING,Surface tag is recommended to assess accessibility
751528086,way,surface,MISSING,Surface tag is recommended to assess accessibility
751528087,way,surface,MISSING,Surface tag is recommended to assess accessibility
751529287,way,surface,MISSING,Surface tag is recommended to assess accessibility
751529288,way,surface,MISSING,Surface tag is recommended to assess accessibility
751529941,way,surface,MISSING,Surface tag is recommended to assess accessibility
751531092,way,surface,MISSING,Surface tag is recommended to assess accessibility
751536159,way,surface,MISSING,Surface tag is recommended to assess accessibility
751536160,way,surface,MISSING,Surface tag is recommended to assess accessibility
751540316,way,surface,MISSING,Surface tag is recommended to assess accessibility
751540317,way,surface,MISSING,Surface tag is recommended to assess accessibility
751540318,way,surface,MISSING,Surface tag is recommended to assess accessibility
751578366,way,surface,MISSING,Surface tag is recommended to assess accessibility
751579036,way,surface,MISSING,Surface tag is recommended to assess accessibility
751579037,way,surface,MISSING,Surface tag is recommended to assess accessibility
751582335,way,surface,MISSING,Surface tag is recommended to assess accessibility
751598864,way,surface,MISSING,Surface tag is recommended to assess accessibility
751640104,way,surface,MISSING,Surface tag is recommended to assess accessibility
751642116,way,surface,MISSING,Surface tag is recommended to assess accessibility
751645855,way,surface,MISSING,Surface tag is recommended to assess accessibility
751646565,way,surface,MISSING,Surface tag is recommended to assess accessibility
751813834,way,surface,MISSING,Surface tag is recommended to assess accessibility
751814821,way,surface,MISSING,Surface tag is recommended to assess accessibility
751814822,way,surface,MISSING,Surface tag is recommended to assess accessibility
751819456,way,surface,MISSING,Surface tag is recommended to assess accessibility
751819457,way,surface,MISSING,Surface tag is recommended to assess accessibility
751819458,way,surface,MISSING,Surface tag is recommended to assess accessibility
751819459,way,surface,MISSING,Surface tag is recommended to assess accessibility
751835909,way,surface,MISSING,Surface tag is recommended to assess accessibility
751835922,way,surface,MISSING,Surface tag is recommended to assess accessibility
751880821,way,surface,MISSING,Surface tag is recommended to assess accessibility
751881388,way,surface,MISSING,Surface tag is recommended to assess accessibility
751882733,way,surface,MISSING,Surface tag is recommended to assess accessibility
751882734,way,surface,MISSING,Surface tag is recommended to assess accessibility
751884950,way,surface,MISSING,Surface tag is recommended to assess accessibility
751884951,way,surface,MISSING,Surface tag is recommended to assess accessibility
751884952,way,surface,MISSING,Surface tag is recommended to assess accessibility
751892235,way,surface,MISSING,Surface tag is recommended to assess accessibility
751896750,way,surface,MISSING,Surface tag is recommended to assess accessibility
751896752,way,surface,MISSING,Surface tag is recommended to assess accessibility
751898006,way,surface,MISSING,Surface tag is recommended to assess accessibility
751898007,way,surface,MISSING,Surface tag is recommended to assess accessibility
751904437,way,surface,MISSING,Surface tag is recommended to assess accessibility
751904438,way,surface,MISSING,Surface tag is recommended to assess accessibility
751911136,way,surface,MISSING,Surface tag is recommended to assess accessibility
751912103,way,surface,MISSING,Surface tag is recommended to assess accessibility
751912686,way,surface,MISSING,Surface tag is recommended to assess accessibility
751917668,way,surface,MISSING,Surface tag is recommended to assess accessibility
751918543,way,surface,MISSING,Surface tag is recommended to assess accessibility
751918544,way,surface,MISSING,Surface tag is recommended to assess accessibility
751918545,way,surface,MISSING,Surface tag is recommended to assess accessibility
751918546,way,surface,MISSING,Surface tag is recommended to assess accessibility
751920263,way,surface,MISSING,Surface tag is recommended to assess accessibility
751921091,way,surface,MISSING,Surface tag is recommended to assess accessibility
751921092,way,surface,MISSING,Surface tag is recommended to assess accessibility
751953503,way,surface,MISSING,Surface tag is recommended to assess accessibility
751953504,way,surface,MISSING,Surface tag is recommended to assess accessibility
751957334,way,surface,MISSING,Surface tag is recommended to assess accessibility
751958282,way,surface,MISSING,Surface tag is recommended to assess accessibility
752177062,way,surface,MISSING,Surface tag is recommended to assess accessibility
752177064,way,surface,MISSING,Surface tag is recommended to assess accessibility
752177065,way,surface,MISSING,Surface tag is recommended to assess accessibility
752178490,way,surface,MISSING,Surface tag is recommended to assess accessibility
752178492,way,surface,MISSING,Surface tag is recommended to assess accessibility
752181196,way,surface,MISSING,Surface tag is recommended to assess accessibility
752181199,way,surface,MISSING,Surface tag is recommended to assess accessibility
752181200,way,surface,MISSING,Surface tag is recommended to assess accessibility
752185681,way,surface,MISSING,Surface tag is recommended to assess accessibility
752252962,way,surface,MISSING,Surface tag is recommended to assess accessibility
752252963,way,surface,MISSING,Surface tag is recommended to assess accessibility
752265782,way,surface,MISSING,Surface tag is recommended to assess accessibility
752265785,way,surface,MISSING,Surface tag is recommended to assess accessibility
752266026,way,surface,MISSING,Surface tag is recommended to assess accessibility
752280107,way,surface,MISSING,Surface tag is recommended to assess accessibility
752280108,way,surface,MISSING,Surface tag is recommended to assess accessibility
752280109,way,surface,MISSING,Surface tag is recommended to assess accessibility
752284566,way,surface,MISSING,Surface tag is recommended to assess accessibility
752286989,way,surface,MISSING,Surface tag is recommended to assess accessibility
752292092,way,surface,MISSING,Surface tag is recommended to assess accessibility
752292093,way,surface,MISSING,Surface tag is recommended to assess accessibility
752300785,way,surface,MISSING,Surface tag is recommended to assess accessibility
752300786,way,surface,MISSING,Surface tag is recommended to assess accessibility
752300787,way,surface,MISSING,Surface tag is recommended to assess accessibility
752300788,way,surface,MISSING,Surface tag is recommended to assess accessibility
752307727,way,surface,MISSING,Surface tag is recommended to assess accessibility
752307728,way,surface,MISSING,Surface tag is recommended to assess accessibility
752307731,way,surface,MISSING,Surface tag is recommended to assess accessibility
752309429,way,surface,MISSING,Surface tag is recommended to assess accessibility
752309430,way,surface,MISSING,Surface tag is recommended to assess accessibility
752309431,way,surface,MISSING,Surface tag is recommended to assess accessibility
752471408,way,surface,MISSING,Surface tag is recommended to assess accessibility
752471409,way,surface,MISSING,Surface tag is recommended to assess accessibility
752471410,way,surface,MISSING,Surface tag is recommended to assess accessibility
752623476,way,surface,MISSING,Surface tag is recommended to assess accessibility
752630615,way,surface,MISSING,Surface tag is recommended to assess accessibility
752630616,way,surface,MISSING,Surface tag is recommended to assess accessibility
752656491,way,surface,MISSING,Surface tag is recommended to assess accessibility
752671376,way,surface,MISSING,Surface tag is recommended to assess accessibility
752964689,way,surface,MISSING,Surface tag is recommended to assess accessibility
752964692,way,surface,MISSING,Surface tag is recommended to assess accessibility
752966176,way,surface,MISSING,Surface tag is recommended to assess accessibility
752970030,way,surface,MISSING,Surface tag is recommended to assess accessibility
755856059,way,surface,MISSING,Surface tag is recommended to assess accessibility
755862586,way,surface,MISSING,Surface tag is recommended to assess accessibility
755863532,way,surface,MISSING,Surface tag is recommended to assess accessibility
755866298,way,surface,MISSING,Surface tag is recommended to assess accessibility
755866301,way,surface,MISSING,Surface tag is recommended to assess accessibility
755866302,way,surface,MISSING,Surface tag is recommended to assess accessibility
755866303,way,surface,MISSING,Surface tag is recommended to assess accessibility
764675709,way,surface,MISSING,Surface tag is recommended to assess accessibility
764908041,way,surface,MISSING,Surface tag is recommended to assess accessibility
765031644,way,surface,MISSING,Surface tag is recommended to assess accessibility
765930657,way,surface,MISSING,Surface tag is recommended to assess accessibility
765934121,way,surface,MISSING,Surface tag is recommended to assess accessibility
765934122,way,surface,MISSING,Surface tag is recommended to assess accessibility
765959599,way,surface,MISSING,Surface tag is recommended to assess accessibility
765962250,way,surface,MISSING,Surface tag is recommended to assess accessibility
765962251,way,surface,MISSING,Surface tag is recommended to assess accessibility
766163398,way,surface,MISSING,Surface tag is recommended to assess accessibility
766788060,way,surface,MISSING,Surface tag is recommended to assess accessibility
778294200,way,surface,MISSING,Surface tag is recommended to assess accessibility
779553652,way,surface,MISSING,Surface tag is recommended to assess accessibility
781359724,way,surface,MISSING,Surface tag is recommended to assess accessibility
784806761,way,surface,MISSING,Surface tag is recommended to assess accessibility
784806765,way,surface,MISSING,Surface tag is recommended to assess accessibility
809526413,way,surface,MISSING,Surface tag is recommended to assess accessibility
817954349,way,surface,MISSING,Surface tag is recommended to assess accessibility
817954350,way,surface,MISSING,Surface tag is recommended to assess accessibility
817954364,way,surface,MISSING,Surface tag is recommended to assess accessibility
817954365,way,surface,MISSING,Surface tag is recommended to assess accessibility
831201759,way,surface,MISSING,Surface tag is recommended to assess accessibility
831201760,way,surface,MISSING,Surface tag is recommended to assess accessibility
833994110,way,surface,MISSING,Surface tag is recommended to assess accessibility
837542714,way,surface,MISSING,Surface tag is recommended to assess accessibility
854227229,way,surface,MISSING,Surface tag is recommended to assess accessibility
855247464,way,surface,MISSING,Surface tag is recommended to assess accessibility
855352575,way,surface,MISSING,Surface tag is recommended to assess accessibility
855352578,way,surface,MISSING,Surface tag is recommended to assess accessibility
855352582,way,surface,MISSING,Surface tag is recommended to assess accessibility
857655290,way,surface,MISSING,Surface tag is recommended to assess accessibility
882457636,way,surface,MISSING,Surface tag is recommended to assess accessibility
883705131,way,surface,MISSING,Surface tag is recommended to assess accessibility
894965641,way,surface,MISSING,Surface tag is recommended to assess accessibility
895174754,way,surface,MISSING,Surface tag is recommended to assess accessibility
895511966,way,surface,MISSING,Surface tag is recommended to assess accessibility
905771535,way,surface,MISSING,Surface tag is recommended to assess accessibility
908378258,way,surface,MISSING,Surface tag is recommended to assess accessibility
908378259,way,surface,MISSING,Surface tag is recommended to assess accessibility
912448533,way,surface,MISSING,Surface tag is recommended to assess accessibility
912448535,way,surface,MISSING,Surface tag is recommended to assess accessibility
912735146,way,surface,MISSING,Surface tag is recommended to assess accessibility
912895881,way,surface,MISSING,Surface tag is recommended to assess accessibility
917721453,way,surface,MISSING,Surface tag is recommended to assess accessibility
917721454,way,surface,MISSING,Surface tag is recommended to assess accessibility
917721455,way,surface,MISSING,Surface tag is recommended to assess accessibility
917721456,way,surface,MISSING,Surface tag is recommended to assess accessibility
917721457,way,surface,MISSING,Surface tag is recommended to assess accessibility
917721458,way,surface,MISSING,Surface tag is recommended to assess accessibility
917721463,way,surface,MISSING,Surface tag is recommended to assess accessibility
917788490,way,surface,MISSING,Surface tag is recommended to assess accessibility
918227430,way,surface,MISSING,Surface tag is recommended to assess accessibility
918229733,way,surface,MISSING,Surface tag is recommended to assess accessibility
918229734,way,surface,MISSING,Surface tag is recommended to assess accessibility
920998337,way,surface,MISSING,Surface tag is recommended to assess accessibility
920998357,way,surface,MISSING,Surface tag is recommended to assess accessibility
920998358,way,surface,MISSING,Surface tag is recommended to assess accessibility
920998360,way,surface,MISSING,Surface tag is recommended to assess accessibility
920998361,way,surface,MISSING,Surface tag is recommended to assess accessibility
921411534,way,surface,MISSING,Surface tag is recommended to assess accessibility
921411542,way,surface,MISSING,Surface tag is recommended to assess accessibility
921411550,way,surface,MISSING,Surface tag is recommended to assess accessibility
921411551,way,surface,MISSING,Surface tag is recommended to assess accessibility
921411554,way,surface,MISSING,Surface tag is recommended to assess accessibility
921647539,way,surface,MISSING,Surface tag is recommended to assess accessibility
921647544,way,surface,MISSING,Surface tag is recommended to assess accessibility
921647548,way,surface,MISSING,Surface tag is recommended to assess accessibility
921647549,way,surface,MISSING,Surface tag is recommended to assess accessibility
921647551,way,surface,MISSING,Surface tag is recommended to assess accessibility
921647555,way,surface,MISSING,Surface tag is recommended to assess accessibility
921647557,way,surface,MISSING,Surface tag is recommended to assess accessibility
922073721,way,surface,MISSING,Surface tag is recommended to assess accessibility
922073722,way,surface,MISSING,Surface tag is recommended to assess accessibility
922073723,way,surface,MISSING,Surface tag is recommended to assess accessibility
922073724,way,surface,MISSING,Surface tag is recommended to assess accessibility
922073725,way,surface,MISSING,Surface tag is recommended to assess accessibility
922073726,way,surface,MISSING,Surface tag is recommended to assess accessibility
922073728,way,surface,MISSING,Surface tag is recommended to assess accessibility
922073733,way,surface,MISSING,Surface tag is recommended to assess accessibility
922073736,way,surface,MISSING,Surface tag is recommended to assess accessibility
922073737,way,surface,MISSING,Surface tag is recommended to assess accessibility
922073745,way,surface,MISSING,Surface tag is recommended to assess accessibility
922073746,way,surface,MISSING,Surface tag is recommended to assess accessibility
922073747,way,surface,MISSING,Surface tag is recommended to assess accessibility
922073748,way,surface,MISSING,Surface tag is recommended to assess accessibility
922073749,way,surface,MISSING,Surface tag is recommended to assess accessibility
922073752,way,surface,MISSING,Surface tag is recommended to assess accessibility
922073753,way,surface,MISSING,Surface tag is recommended to assess accessibility
922513049,way,surface,MISSING,Surface tag is recommended to assess accessibility
922513050,way,surface,MISSING,Surface tag is recommended to assess accessibility
922513053,way,surface,MISSING,Surface tag is recommended to assess accessibility
922513054,way,surface,MISSING,Surface tag is recommended to assess accessibility
922513056,way,surface,MISSING,Surface tag is recommended to assess accessibility
922513059,way,surface,MISSING,Surface tag is recommended to assess accessibility
922513060,way,surface,MISSING,Surface tag is recommended to assess accessibility
922513062,way,surface,MISSING,Surface tag is recommended to assess accessibility
922513066,way,surface,MISSING,Surface tag is recommended to assess accessibility
922513067,way,surface,MISSING,Surface tag is recommended to assess accessibility
922513070,way,surface,MISSING,Surface tag is recommended to assess accessibility
922513071,way,surface,MISSING,Surface tag is recommended to assess accessibility
922551275,way,surface,MISSING,Surface tag is recommended to assess accessibility
922551279,way,surface,MISSING,Surface tag is recommended to assess accessibility
922551280,way,surface,MISSING,Surface tag is recommended to assess accessibility
922551286,way,surface,MISSING,Surface tag is recommended to assess accessibility
922551289,way,surface,MISSING,Surface tag is recommended to assess accessibility
922551292,way,surface,MISSING,Surface tag is recommended to assess accessibility
922551293,way,surface,MISSING,Surface tag is recommended to assess accessibility
922551294,way,surface,MISSING,Surface tag is recommended to assess accessibility
922551295,way,surface,MISSING,Surface tag is recommended to assess accessibility
922551298,way,surface,MISSING,Surface tag is recommended to assess accessibility
922559163,way,surface,MISSING,Surface tag is recommended to assess accessibility
922559167,way,surface,MISSING,Surface tag is recommended to assess accessibility
922559168,way,surface,MISSING,Surface tag is recommended to assess accessibility
922559170,way,surface,MISSING,Surface tag is recommended to assess accessibility
922559172,way,surface,MISSING,Surface tag is recommended to assess accessibility
922637222,way,surface,MISSING,Surface tag is recommended to assess accessibility
922637223,way,surface,MISSING,Surface tag is recommended to assess accessibility
922637224,way,surface,MISSING,Surface tag is recommended to assess accessibility
922686172,way,surface,MISSING,Surface tag is recommended to assess accessibility
922686173,way,surface,MISSING,Surface tag is recommended to assess accessibility
922686174,way,surface,MISSING,Surface tag is recommended to assess accessibility
922686175,way,surface,MISSING,Surface tag is recommended to assess accessibility
923387926,way,surface,MISSING,Surface tag is recommended to assess accessibility
923387928,way,surface,MISSING,Surface tag is recommended to assess accessibility
923387932,way,surface,MISSING,Surface tag is recommended to assess accessibility
923387933,way,surface,MISSING,Surface tag is recommended to assess accessibility
923387935,way,surface,MISSING,Surface tag is recommended to assess accessibility
923387938,way,surface,MISSING,Surface tag is recommended to assess accessibility
923387939,way,surface,MISSING,Surface tag is recommended to assess accessibility
923387942,way,surface,MISSING,Surface tag is recommended to assess accessibility
923387943,way,surface,MISSING,Surface tag is recommended to assess accessibility
923387944,way,surface,MISSING,Surface tag is recommended to assess accessibility
923387947,way,surface,MISSING,Surface tag is recommended to assess accessibility
923387948,way,surface,MISSING,Surface tag is recommended to assess accessibility
923387951,way,surface,MISSING,Surface tag is recommended to assess accessibility
923411279,way,surface,MISSING,Surface tag is recommended to assess accessibility
923411280,way,surface,MISSING,Surface tag is recommended to assess accessibility
923411286,way,surface,MISSING,Surface tag is recommended to assess accessibility
923411288,way,surface,MISSING,Surface tag is recommended to assess accessibility
923411289,way,surface,MISSING,Surface tag is recommended to assess accessibility
923411290,way,surface,MISSING,Surface tag is recommended to assess accessibility
923411293,way,surface,MISSING,Surface tag is recommended to assess accessibility
923411296,way,surface,MISSING,Surface tag is recommended to assess accessibility
923411298,way,surface,MISSING,Surface tag is recommended to assess accessibility
923411299,way,surface,MISSING,Surface tag is recommended to assess accessibility
923411301,way,surface,MISSING,Surface tag is recommended to assess accessibility
923411302,way,surface,MISSING,Surface tag is recommended to assess accessibility
923411303,way,surface,MISSING,Surface tag is recommended to assess accessibility
923411304,way,surface,MISSING,Surface tag is recommended to assess accessibility
923411305,way,surface,MISSING,Surface tag is recommended to assess accessibility
923411307,way,surface,MISSING,Surface tag is recommended to assess accessibility
923411308,way,surface,MISSING,Surface tag is recommended to assess accessibility
923411310,way,surface,MISSING,Surface tag is recommended to assess accessibility
923411312,way,surface,MISSING,Surface tag is recommended to assess accessibility
923411313,way,surface,MISSING,Surface tag is recommended to assess accessibility
923411314,way,surface,MISSING,Surface tag is recommended to assess accessibility
923415008,way,surface,MISSING,Surface tag is recommended to assess accessibility
923415010,way,surface,MISSING,Surface tag is recommended to assess accessibility
923415011,way,surface,MISSING,Surface tag is recommended to assess accessibility
923417864,way,surface,MISSING,Surface tag is recommended to assess accessibility
923418204,way,surface,MISSING,Surface tag is recommended to assess accessibility
923418206,way,surface,MISSING,Surface tag is recommended to assess accessibility
923418208,way,surface,MISSING,Surface tag is recommended to assess accessibility
923418212,way,surface,MISSING,Surface tag is recommended to assess accessibility
923434577,way,surface,MISSING,Surface tag is recommended to assess accessibility
923434582,way,surface,MISSING,Surface tag is recommended to assess accessibility
923434583,way,surface,MISSING,Surface tag is recommended to assess accessibility
923434584,way,surface,MISSING,Surface tag is recommended to assess accessibility
923434585,way,surface,MISSING,Surface tag is recommended to assess accessibility
923434586,way,surface,MISSING,Surface tag is recommended to assess accessibility
923434588,way,surface,MISSING,Surface tag is recommended to assess accessibility
923434589,way,surface,MISSING,Surface tag is recommended to assess accessibility
923434591,way,surface,MISSING,Surface tag is recommended to assess accessibility
923434592,way,surface,MISSING,Surface tag is recommended to assess accessibility
923693439,way,surface,MISSING,Surface tag is recommended to assess accessibility
923693440,way,surface,MISSING,Surface tag is recommended to assess accessibility
923693441,way,surface,MISSING,Surface tag is recommended to assess accessibility
923693442,way,surface,MISSING,Surface tag is recommended to assess accessibility
923818915,way,surface,MISSING,Surface tag is recommended to assess accessibility
923818920,way,surface,MISSING,Surface tag is recommended to assess accessibility
923818921,way,surface,MISSING,Surface tag is recommended to assess accessibility
923818923,way,surface,MISSING,Surface tag is recommended to assess accessibility
923841435,way,surface,MISSING,Surface tag is recommended to assess accessibility
923841437,way,surface,MISSING,Surface tag is recommended to assess accessibility
923841439,way,surface,MISSING,Surface tag is recommended to assess accessibility
923841440,way,surface,MISSING,Surface tag is recommended to assess accessibility
923841444,way,surface,MISSING,Surface tag is recommended to assess accessibility
923841446,way,surface,MISSING,Surface tag is recommended to assess accessibility
923841447,way,surface,MISSING,Surface tag is recommended to assess accessibility
923841448,way,surface,MISSING,Surface tag is recommended to assess accessibility
923841449,way,surface,MISSING,Surface tag is recommended to assess accessibility
923841450,way,surface,MISSING,Surface tag is recommended to assess accessibility
923841452,way,surface,MISSING,Surface tag is recommended to assess accessibility
923841453,way,surface,MISSING,Surface tag is recommended to assess accessibility
923841455,way,surface,MISSING,Surface tag is recommended to assess accessibility
923841456,way,surface,MISSING,Surface tag is recommended to assess accessibility
923841458,way,surface,MISSING,Surface tag is recommended to assess accessibility
923841459,way,surface,MISSING,Surface tag is recommended to assess accessibility
923841460,way,surface,MISSING,Surface tag is recommended to assess accessibility
923841461,way,surface,MISSING,Surface tag is recommended to assess accessibility
923841462,way,surface,MISSING,Surface tag is recommended to assess accessibility
924363294,way,surface,MISSING,Surface tag is recommended to assess accessibility
924381328,way,surface,MISSING,Surface tag is recommended to assess accessibility
924381330,way,surface,MISSING,Surface tag is recommended to assess accessibility
924381331,way,surface,MISSING,Surface tag is recommended to assess accessibility
924381336,way,surface,MISSING,Surface tag is recommended to assess accessibility
924381340,way,surface,MISSING,Surface tag is recommended to assess accessibility
924381343,way,surface,MISSING,Surface tag is recommended to assess accessibility
924381345,way,surface,MISSING,Surface tag is recommended to assess accessibility
924381348,way,surface,MISSING,Surface tag is recommended to assess accessibility
924381350,way,surface,MISSING,Surface tag is recommended to assess accessibility
924392770,way,surface,MISSING,Surface tag is recommended to assess accessibility
924392771,way,surface,MISSING,Surface tag is recommended to assess accessibility
924392772,way,surface,MISSING,Surface tag is recommended to assess accessibility
924392776,way,surface,MISSING,Surface tag is recommended to assess accessibility
924392777,way,surface,MISSING,Surface tag is recommended to assess accessibility
924392779,way,surface,MISSING,Surface tag is recommended to assess accessibility
924392780,way,surface,MISSING,Surface tag is recommended to assess accessibility
924392781,way,surface,MISSING,Surface tag is recommended to assess accessibility
924400995,way,surface,MISSING,Surface tag is recommended to assess accessibility
924400997,way,surface,MISSING,Surface tag is recommended to assess accessibility
924401000,way,surface,MISSING,Surface tag is recommended to assess accessibility
924401002,way,surface,MISSING,Surface tag is recommended to assess accessibility
924401003,way,surface,MISSING,Surface tag is recommended to assess accessibility
926766967,way,surface,MISSING,Surface tag is recommended to assess accessibility
926766980,way,surface,MISSING,Surface tag is recommended to assess accessibility
930606076,way,surface,MISSING,Surface tag is recommended to assess accessibility
940474915,way,surface,MISSING,Surface tag is recommended to assess accessibility
940474916,way,surface,MISSING,Surface tag is recommended to assess accessibility
941478725,way,surface,MISSING,Surface tag is recommended to assess accessibility
941478726,way,surface,MISSING,Surface tag is recommended to assess accessibility
941724841,way,surface,MISSING,Surface tag is recommended to assess accessibility
941724842,way,surface,MISSING,Surface tag is recommended to assess accessibility
941863460,way,surface,MISSING,Surface tag is recommended to assess accessibility
942938460,way,surface,MISSING,Surface tag is recommended to assess accessibility
943830325,way,surface,MISSING,Surface tag is recommended to assess accessibility
943942975,way,surface,MISSING,Surface tag is recommended to assess accessibility
943942977,way,surface,MISSING,Surface tag is recommended to assess accessibility
943942982,way,surface,MISSING,Surface tag is recommended to assess accessibility
943942983,way,surface,MISSING,Surface tag is recommended to assess accessibility
943942984,way,surface,MISSING,Surface tag is recommended to assess accessibility
943942986,way,surface,MISSING,Surface tag is recommended to assess accessibility
943942987,way,surface,MISSING,Surface tag is recommended to assess accessibility
943942989,way,surface,MISSING,Surface tag is recommended to assess accessibility
943942990,way,surface,MISSING,Surface tag is recommended to assess accessibility
943942992,way,surface,MISSING,Surface tag is recommended to assess accessibility
943942993,way,surface,MISSING,Surface tag is recommended to assess accessibility
943942996,way,surface,MISSING,Surface tag is recommended to assess accessibility
943942997,way,surface,MISSING,Surface tag is recommended to assess accessibility
943943004,way,surface,MISSING,Surface tag is recommended to assess accessibility
943943013,way,surface,MISSING,Surface tag is recommended to assess accessibility
943943016,way,surface,MISSING,Surface tag is recommended to assess accessibility
943943019,way,surface,MISSING,Surface tag is recommended to assess accessibility
943943020,way,surface,MISSING,Surface tag is recommended to assess accessibility
943943021,way,surface,MISSING,Surface tag is recommended to assess accessibility
943943025,way,surface,MISSING,Surface tag is recommended to assess accessibility
943943027,way,surface,MISSING,Surface tag is recommended to assess accessibility
943943028,way,surface,MISSING,Surface tag is recommended to assess accessibility
943943029,way,surface,MISSING,Surface tag is recommended to assess accessibility
943943032,way,surface,MISSING,Surface tag is recommended to assess accessibility
943943033,way,surface,MISSING,Surface tag is recommended to assess accessibility
943943034,way,surface,MISSING,Surface tag is recommended to assess accessibility
943943035,way,surface,MISSING,Surface tag is recommended to assess accessibility
944190757,way,surface,MISSING,Surface tag is recommended to assess accessibility
944190758,way,surface,MISSING,Surface tag is recommended to assess accessibility
944190763,way,surface,MISSING,Surface tag is recommended to assess accessibility
944190765,way,surface,MISSING,Surface tag is recommended to assess accessibility
944190766,way,surface,MISSING,Surface tag is recommended to assess accessibility
944190767,way,surface,MISSING,Surface tag is recommended to assess accessibility
944190768,way,surface,MISSING,Surface tag is recommended to assess accessibility
944190770,way,surface,MISSING,Surface tag is recommended to assess accessibility
944190773,way,surface,MISSING,Surface tag is recommended to assess accessibility
944190775,way,surface,MISSING,Surface tag is recommended to assess accessibility
944190776,way,surface,MISSING,Surface tag is recommended to assess accessibility
944190777,way,surface,MISSING,Surface tag is recommended to assess accessibility
944190778,way,surface,MISSING,Surface tag is recommended to assess accessibility
944190780,way,surface,MISSING,Surface tag is recommended to assess accessibility
944190781,way,surface,MISSING,Surface tag is recommended to assess accessibility
944190782,way,surface,MISSING,Surface tag is recommended to assess accessibility
944190783,way,surface,MISSING,Surface tag is recommended to assess accessibility
944233201,way,surface,MISSING,Surface tag is recommended to assess accessibility
944233202,way,surface,MISSING,Surface tag is recommended to assess accessibility
944233205,way,surface,MISSING,Surface tag is recommended to assess accessibility
944233210,way,surface,MISSING,Surface tag is recommended to assess accessibility
944249803,way,surface,MISSING,Surface tag is recommended to assess accessibility
944686588,way,surface,MISSING,Surface tag is recommended to assess accessibility
944686589,way,surface,MISSING,Surface tag is recommended to assess accessibility
944686591,way,surface,MISSING,Surface tag is recommended to assess accessibility
944686596,way,surface,MISSING,Surface tag is recommended to assess accessibility
944686604,way,surface,MISSING,Surface tag is recommended to assess accessibility
944686613,way,surface,MISSING,Surface tag is recommended to assess accessibility
944686615,way,surface,MISSING,Surface tag is recommended to assess accessibility
944686616,way,surface,MISSING,Surface tag is recommended to assess accessibility
944747291,way,surface,MISSING,Surface tag is recommended to assess accessibility
944747294,way,surface,MISSING,Surface tag is recommended to assess accessibility
944770660,way,surface,MISSING,Surface tag is recommended to assess accessibility
944770662,way,surface,MISSING,Surface tag is recommended to assess accessibility
944770664,way,surface,MISSING,Surface tag is recommended to assess accessibility
944770666,way,surface,MISSING,Surface tag is recommended to assess accessibility
944770668,way,surface,MISSING,Surface tag is recommended to assess accessibility
944770670,way,surface,MISSING,Surface tag is recommended to assess accessibility
944770672,way,surface,MISSING,Surface tag is recommended to assess accessibility
944770674,way,surface,MISSING,Surface tag is recommended to assess accessibility
944770678,way,surface,MISSING,Surface tag is recommended to assess accessibility
944770687,way,surface,MISSING,Surface tag is recommended to assess accessibility
944770689,way,surface,MISSING,Surface tag is recommended to assess accessibility
944770691,way,surface,MISSING,Surface tag is recommended to assess accessibility
944770693,way,surface,MISSING,Surface tag is recommended to assess accessibility
944770696,way,surface,MISSING,Surface tag is recommended to assess accessibility
944770701,way,surface,MISSING,Surface tag is recommended to assess accessibility
944770702,way,surface,MISSING,Surface tag is recommended to assess accessibility
944770704,way,surface,MISSING,Surface tag is recommended to assess accessibility
944770720,way,surface,MISSING,Surface tag is recommended to assess accessibility
945109035,way,surface,MISSING,Surface tag is recommended to assess accessibility
945109038,way,surface,MISSING,Surface tag is recommended to assess accessibility
945109042,way,surface,MISSING,Surface tag is recommended to assess accessibility
945109046,way,surface,MISSING,Surface tag is recommended to assess accessibility
945109049,way,surface,MISSING,Surface tag is recommended to assess accessibility
945109052,way,surface,MISSING,Surface tag is recommended to assess accessibility
945109066,way,surface,MISSING,Surface tag is recommended to assess accessibility
945109073,way,surface,MISSING,Surface tag is recommended to assess accessibility
945109091,way,surface,MISSING,Surface tag is recommended to assess accessibility
945109096,way,surface,MISSING,Surface tag is recommended to assess accessibility
945109097,way,surface,MISSING,Surface tag is recommended to assess accessibility
945109101,way,surface,MISSING,Surface tag is recommended to assess accessibility
945109104,way,surface,MISSING,Surface tag is recommended to assess accessibility
945109107,way,surface,MISSING,Surface tag is recommended to assess accessibility
945109111,way,surface,MISSING,Surface tag is recommended to assess accessibility
945109116,way,surface,MISSING,Surface tag is recommended to assess accessibility
945109117,way,surface,MISSING,Surface tag is recommended to assess accessibility
945109119,way,surface,MISSING,Surface tag is recommended to assess accessibility
945109121,way,surface,MISSING,Surface tag is recommended to assess accessibility
945109126,way,surface,MISSING,Surface tag is recommended to assess accessibility
945109129,way,surface,MISSING,Surface tag is recommended to assess accessibility
945109130,way,surface,MISSING,Surface tag is recommended to assess accessibility
945109133,way,surface,MISSING,Surface tag is recommended to assess accessibility
945109136,way,surface,MISSING,Surface tag is recommended to assess accessibility
945109138,way,surface,MISSING,Surface tag is recommended to assess accessibility
945109139,way,surface,MISSING,Surface tag is recommended to assess accessibility
945109142,way,surface,MISSING,Surface tag is recommended to assess accessibility
945109143,way,surface,MISSING,Surface tag is recommended to assess accessibility
945109146,way,surface,MISSING,Surface tag is recommended to assess accessibility
945571463,way,surface,MISSING,Surface tag is recommended to assess accessibility
956156793,way,surface,MISSING,Surface tag is recommended to assess accessibility
961874456,way,surface,MISSING,Surface tag is recommended to assess accessibility
962951549,way,surface,MISSING,Surface tag is recommended to assess accessibility
969741848,way,surface,MISSING,Surface tag is recommended to assess accessibility
969767050,way,surface,MISSING,Surface tag is recommended to assess accessibility
969767051,way,surface,MISSING,Surface tag is recommended to assess accessibility
969767053,way,surface,MISSING,Surface tag is recommended to assess accessibility
969807509,way,surface,MISSING,Surface tag is recommended to assess accessibility
970680489,way,surface,MISSING,Surface tag is recommended to assess accessibility
970928925,way,surface,MISSING,Surface tag is recommended to assess accessibility
970928926,way,surface,MISSING,Surface tag is recommended to assess accessibility
971618372,way,surface,MISSING,Surface tag is recommended to assess accessibility
971635603,way,surface,MISSING,Surface tag is recommended to assess accessibility
971635604,way,surface,MISSING,Surface tag is recommended to assess accessibility
971635605,way,surface,MISSING,Surface tag is recommended to assess accessibility
971662679,way,surface,MISSING,Surface tag is recommended to assess accessibility
971922236,way,surface,MISSING,Surface tag is recommended to assess accessibility
979568765,way,surface,MISSING,Surface tag is recommended to assess accessibility
983554015,way,surface,MISSING,Surface tag is recommended to assess accessibility
984392374,way,surface,MISSING,Surface tag is recommended to assess accessibility
985415435,way,surface,MISSING,Surface tag is recommended to assess accessibility
987944704,way,surface,MISSING,Surface tag is recommended to assess accessibility
989334659,way,surface,MISSING,Surface tag is recommended to assess accessibility
989334668,way,surface,MISSING,Surface tag is recommended to assess accessibility
997223182,way,surface,MISSING,Surface tag is recommended to assess accessibility
1001164570,way,surface,MISSING,Surface tag is recommended to assess accessibility
1010943344,way,surface,MISSING,Surface tag is recommended to assess accessibility
1011742050,way,surface,MISSING,Surface tag is recommended to assess accessibility
1011742051,way,surface,MISSING,Surface tag is recommended to assess accessibility
1012142196,way,surface,MISSING,Surface tag is recommended to assess accessibility
1012713319,way,surface,MISSING,Surface tag is recommended to assess accessibility
1012713320,way,surface,MISSING,Surface tag is recommended to assess accessibility
1012713321,way,surface,MISSING,Surface tag is recommended to assess accessibility
1012713323,way,surface,MISSING,Surface tag is recommended to assess accessibility
1012749720,way,surface,MISSING,Surface tag is recommended to assess accessibility
1012749721,way,surface,MISSING,Surface tag is recommended to assess accessibility
1017094793,way,surface,MISSING,Surface tag is recommended to assess accessibility
1026423159,way,surface,MISSING,Surface tag is recommended to assess accessibility
1026750135,way,surface,MISSING,Surface tag is recommended to assess accessibility
1026772002,way,surface,MISSING,Surface tag is recommended to assess accessibility
1026772006,way,surface,MISSING,Surface tag is recommended to assess accessibility
1027043997,way,surface,MISSING,Surface tag is recommended to assess accessibility
1028417037,way,surface,MISSING,Surface tag is recommended to assess accessibility
1028992941,way,surface,MISSING,Surface tag is recommended to assess accessibility
1029028525,way,surface,MISSING,Surface tag is recommended to assess accessibility
1029033160,way,surface,MISSING,Surface tag is recommended to assess accessibility
1029042694,way,surface,MISSING,Surface tag is recommended to assess accessibility
1029274465,way,surface,MISSING,Surface tag is recommended to assess accessibility
1029359373,way,surface,MISSING,Surface tag is recommended to assess accessibility
1029359374,way,surface,MISSING,Surface tag is recommended to assess accessibility
1029555501,way,surface,MISSING,Surface tag is recommended to assess accessibility
1029573877,way,surface,MISSING,Surface tag is recommended to assess accessibility
1029647028,way,surface,MISSING,Surface tag is recommended to assess accessibility
1029647029,way,surface,MISSING,Surface tag is recommended to assess accessibility
1029648242,way,surface,MISSING,Surface tag is recommended to assess accessibility
1029660925,way,surface,MISSING,Surface tag is recommended to assess accessibility
1029660926,way,surface,MISSING,Surface tag is recommended to assess accessibility
1029999715,way,surface,MISSING,Surface tag is recommended to assess accessibility
1030115587,way,surface,MISSING,Surface tag is recommended to assess accessibility
1030115590,way,surface,MISSING,Surface tag is recommended to assess accessibility
1030134032,way,surface,MISSING,Surface tag is recommended to assess accessibility
1030134037,way,surface,MISSING,Surface tag is recommended to assess accessibility
1030186609,way,surface,MISSING,Surface tag is recommended to assess accessibility
1030186633,way,surface,MISSING,Surface tag is recommended to assess accessibility
1030186640,way,surface,MISSING,Surface tag is recommended to assess accessibility
1030186645,way,surface,MISSING,Surface tag is recommended to assess accessibility
1030186647,way,surface,MISSING,Surface tag is recommended to assess accessibility
1030335036,way,surface,MISSING,Surface tag is recommended to assess accessibility
1030363398,way,surface,MISSING,Surface tag is recommended to assess accessibility
1030363400,way,surface,MISSING,Surface tag is recommended to assess accessibility
1030363402,way,surface,MISSING,Surface tag is recommended to assess accessibility
1030363433,way,surface,MISSING,Surface tag is recommended to assess accessibility
1030363443,way,surface,MISSING,Surface tag is recommended to assess accessibility
1030363459,way,surface,MISSING,Surface tag is recommended to assess accessibility
1030363473,way,surface,MISSING,Surface tag is recommended to assess accessibility
1030363499,way,surface,MISSING,Surface tag is recommended to assess accessibility
1031596805,way,surface,MISSING,Surface tag is recommended to assess accessibility
1031596819,way,surface,MISSING,Surface tag is recommended to assess accessibility
1031696465,way,surface,MISSING,Surface tag is recommended to assess accessibility
1032127134,way,surface,MISSING,Surface tag is recommended to assess accessibility
1032127144,way,surface,MISSING,Surface tag is recommended to assess accessibility
1032591145,way,surface,MISSING,Surface tag is recommended to assess accessibility
1032636006,way,surface,MISSING,Surface tag is recommended to assess accessibility
1032636011,way,surface,MISSING,Surface tag is recommended to assess accessibility
1034528361,way,surface,MISSING,Surface tag is recommended to assess accessibility
1035071867,way,surface,MISSING,Surface tag is recommended to assess accessibility
1035946333,way,surface,MISSING,Surface tag is recommended to assess accessibility
1035979731,way,surface,MISSING,Surface tag is recommended to assess accessibility
1036047719,way,surface,MISSING,Surface tag is recommended to assess accessibility
1036047720,way,surface,MISSING,Surface tag is recommended to assess accessibility
1036047727,way,surface,MISSING,Surface tag is recommended to assess accessibility
1036047742,way,surface,MISSING,Surface tag is recommended to assess accessibility
1036280090,way,surface,MISSING,Surface tag is recommended to assess accessibility
1036357045,way,surface,MISSING,Surface tag is recommended to assess accessibility
1036357046,way,surface,MISSING,Surface tag is recommended to assess accessibility
1036357050,way,surface,MISSING,Surface tag is recommended to assess accessibility
1036393324,way,surface,MISSING,Surface tag is recommended to assess accessibility
1036393360,way,surface,MISSING,Surface tag is recommended to assess accessibility
1036393375,way,surface,MISSING,Surface tag is recommended to assess accessibility
1036393383,way,surface,MISSING,Surface tag is recommended to assess accessibility
1036393384,way,surface,MISSING,Surface tag is recommended to assess accessibility
1036506144,way,surface,MISSING,Surface tag is recommended to assess accessibility
1036611592,way,surface,MISSING,Surface tag is recommended to assess accessibility
1036681278,way,surface,MISSING,Surface tag is recommended to assess accessibility
1036681313,way,surface,MISSING,Surface tag is recommended to assess accessibility
1036860453,way,surface,MISSING,Surface tag is recommended to assess accessibility
1036977363,way,surface,MISSING,Surface tag is recommended to assess accessibility
1037992478,way,surface,MISSING,Surface tag is recommended to assess accessibility
1037996855,way,surface,MISSING,Surface tag is recommended to assess accessibility
1037999765,way,surface,MISSING,Surface tag is recommended to assess accessibility
1038289866,way,surface,MISSING,Surface tag is recommended to assess accessibility
1038289873,way,surface,MISSING,Surface tag is recommended to assess accessibility
1038289875,way,surface,MISSING,Surface tag is recommended to assess accessibility
1038289881,way,surface,MISSING,Surface tag is recommended to assess accessibility
1038289884,way,surface,MISSING,Surface tag is recommended to assess accessibility
1038289885,way,surface,MISSING,Surface tag is recommended to assess accessibility
1038289886,way,surface,MISSING,Surface tag is recommended to assess accessibility
1038289900,way,surface,MISSING,Surface tag is recommended to assess accessibility
1038289907,way,surface,MISSING,Surface tag is recommended to assess accessibility
1038341632,way,surface,MISSING,Surface tag is recommended to assess accessibility
1038341637,way,surface,MISSING,Surface tag is recommended to assess accessibility
1038341639,way,surface,MISSING,Surface tag is recommended to assess accessibility
1038341646,way,surface,MISSING,Surface tag is recommended to assess accessibility
1038797087,way,surface,MISSING,Surface tag is recommended to assess accessibility
1038797093,way,surface,MISSING,Surface tag is recommended to assess accessibility
1040240286,way,surface,MISSING,Surface tag is recommended to assess accessibility
1040554426,way,surface,MISSING,Surface tag is recommended to assess accessibility
1040554427,way,surface,MISSING,Surface tag is recommended to assess accessibility
1040554428,way,surface,MISSING,Surface tag is recommended to assess accessibility
1040567209,way,surface,MISSING,Surface tag is recommended to assess accessibility
1040567213,way,surface,MISSING,Surface tag is recommended to assess accessibility
1040567214,way,surface,MISSING,Surface tag is recommended to assess accessibility
1040567215,way,surface,MISSING,Surface tag is recommended to assess accessibility
1040761997,way,surface,MISSING,Surface tag is recommended to assess accessibility
1041142258,way,surface,MISSING,Surface tag is recommended to assess accessibility
1041142259,way,surface,MISSING,Surface tag is recommended to assess accessibility
1041142260,way,surface,MISSING,Surface tag is recommended to assess accessibility
1041143787,way,surface,MISSING,Surface tag is recommended to assess accessibility
1041149340,way,surface,MISSING,Surface tag is recommended to assess accessibility
1041158286,way,surface,MISSING,Surface tag is recommended to assess accessibility
1041158289,way,surface,MISSING,Surface tag is recommended to assess accessibility
1041158291,way,surface,MISSING,Surface tag is recommended to assess accessibility
1041159332,way,surface,MISSING,Surface tag is recommended to assess accessibility
1041159335,way,surface,MISSING,Surface tag is recommended to assess accessibility
1041162440,way,surface,MISSING,Surface tag is recommended to assess accessibility
1041162504,way,surface,MISSING,Surface tag is recommended to assess accessibility
1041173454,way,surface,MISSING,Surface tag is recommended to assess accessibility
1041176017,way,surface,MISSING,Surface tag is recommended to assess accessibility
1041176021,way,surface,MISSING,Surface tag is recommended to assess accessibility
1041446197,way,surface,MISSING,Surface tag is recommended to assess accessibility
1041446199,way,surface,MISSING,Surface tag is recommended to assess accessibility
1041446200,way,surface,MISSING,Surface tag is recommended to assess accessibility
1041446203,way,surface,MISSING,Surface tag is recommended to assess accessibility
1041446204,way,surface,MISSING,Surface tag is recommended to assess accessibility
1041446206,way,surface,MISSING,Surface tag is recommended to assess accessibility
1041446208,way,surface,MISSING,Surface tag is recommended to assess accessibility
1041446210,way,surface,MISSING,Surface tag is recommended to assess accessibility
1041447061,way,surface,MISSING,Surface tag is recommended to assess accessibility
1041448146,way,surface,MISSING,Surface tag is recommended to assess accessibility
1041448147,way,surface,MISSING,Surface tag is recommended to assess accessibility
1041450662,way,surface,MISSING,Surface tag is recommended to assess accessibility
1041450665,way,surface,MISSING,Surface tag is recommended to assess accessibility
1041453542,way,surface,MISSING,Surface tag is recommended to assess accessibility
1041461751,way,surface,MISSING,Surface tag is recommended to assess accessibility
1041461752,way,surface,MISSING,Surface tag is recommended to assess accessibility
1041461757,way,surface,MISSING,Surface tag is recommended to assess accessibility
1041461759,way,surface,MISSING,Surface tag is recommended to assess accessibility
1041461760,way,surface,MISSING,Surface tag is recommended to assess accessibility
1041461762,way,surface,MISSING,Surface tag is recommended to assess accessibility
1041465189,way,surface,MISSING,Surface tag is recommended to assess accessibility
1041470503,way,surface,MISSING,Surface tag is recommended to assess accessibility
1041470504,way,surface,MISSING,Surface tag is recommended to assess accessibility
1041470505,way,surface,MISSING,Surface tag is recommended to assess accessibility
1042186251,way,surface,MISSING,Surface tag is recommended to assess accessibility
1042186252,way,surface,MISSING,Surface tag is recommended to assess accessibility
1042186253,way,surface,MISSING,Surface tag is recommended to assess accessibility
1042186255,way,surface,MISSING,Surface tag is recommended to assess accessibility
1042186256,way,surface,MISSING,Surface tag is recommended to assess accessibility
1042188293,way,surface,MISSING,Surface tag is recommended to assess accessibility
1042188294,way,surface,MISSING,Surface tag is recommended to assess accessibility
1042188295,way,surface,MISSING,Surface tag is recommended to assess accessibility
1042206013,way,surface,MISSING,Surface tag is recommended to assess accessibility
1042206395,way,surface,MISSING,Surface tag is recommended to assess accessibility
1042207220,way,surface,MISSING,Surface tag is recommended to assess accessibility
1042207221,way,surface,MISSING,Surface tag is recommended to assess accessibility
1042207223,way,surface,MISSING,Surface tag is recommended to assess accessibility
1042210679,way,surface,MISSING,Surface tag is recommended to assess accessibility
1042210680,way,surface,MISSING,Surface tag is recommended to assess accessibility
1042210682,way,surface,MISSING,Surface tag is recommended to assess accessibility
1042210683,way,surface,MISSING,Surface tag is recommended to assess accessibility
1042215879,way,surface,MISSING,Surface tag is recommended to assess accessibility
1042215880,way,surface,MISSING,Surface tag is recommended to assess accessibility
1042254827,way,surface,MISSING,Surface tag is recommended to assess accessibility
1042256696,way,surface,MISSING,Surface tag is recommended to assess accessibility
1042256697,way,surface,MISSING,Surface tag is recommended to assess accessibility
1042332497,way,surface,MISSING,Surface tag is recommended to assess accessibility
1042334668,way,surface,MISSING,Surface tag is recommended to assess accessibility
1042677265,way,surface,MISSING,Surface tag is recommended to assess accessibility
1042946774,way,surface,MISSING,Surface tag is recommended to assess accessibility
1042970427,way,surface,MISSING,Surface tag is recommended to assess accessibility
1042978491,way,surface,MISSING,Surface tag is recommended to assess accessibility
1042978493,way,surface,MISSING,Surface tag is recommended to assess accessibility
1043376197,way,surface,MISSING,Surface tag is recommended to assess accessibility
1043379368,way,surface,MISSING,Surface tag is recommended to assess accessibility
1043391058,way,surface,MISSING,Surface tag is recommended to assess accessibility
1043670908,way,surface,MISSING,Surface tag is recommended to assess accessibility
1043673679,way,surface,MISSING,Surface tag is recommended to assess accessibility
1043682907,way,surface,MISSING,Surface tag is recommended to assess accessibility
1043685881,way,surface,MISSING,Surface tag is recommended to assess accessibility
1043685885,way,surface,MISSING,Surface tag is recommended to assess accessibility
1043685888,way,surface,MISSING,Surface tag is recommended to assess accessibility
1043686437,way,surface,MISSING,Surface tag is recommended to assess accessibility
1043687175,way,surface,MISSING,Surface tag is recommended to assess accessibility
1043687176,way,surface,MISSING,Surface tag is recommended to assess accessibility
1043697501,way,surface,MISSING,Surface tag is recommended to assess accessibility
1043697502,way,surface,MISSING,Surface tag is recommended to assess accessibility
1043703227,way,surface,MISSING,Surface tag is recommended to assess accessibility
1043703228,way,surface,MISSING,Surface tag is recommended to assess accessibility
1043703230,way,surface,MISSING,Surface tag is recommended to assess accessibility
1043703232,way,surface,MISSING,Surface tag is recommended to assess accessibility
1043703234,way,surface,MISSING,Surface tag is recommended to assess accessibility
1043704941,way,surface,MISSING,Surface tag is recommended to assess accessibility
1043704943,way,surface,MISSING,Surface tag is recommended to assess accessibility
1043718389,way,surface,MISSING,Surface tag is recommended to assess accessibility
1043718390,way,surface,MISSING,Surface tag is recommended to assess accessibility
1043718391,way,surface,MISSING,Surface tag is recommended to assess accessibility
1043718394,way,surface,MISSING,Surface tag is recommended to assess accessibility
1043718397,way,surface,MISSING,Surface tag is recommended to assess accessibility
1043718398,way,surface,MISSING,Surface tag is recommended to assess accessibility
1043759606,way,surface,MISSING,Surface tag is recommended to assess accessibility
1043759608,way,surface,MISSING,Surface tag is recommended to assess accessibility
1043760689,way,surface,MISSING,Surface tag is recommended to assess accessibility
1043763339,way,surface,MISSING,Surface tag is recommended to assess accessibility
1043763341,way,surface,MISSING,Surface tag is recommended to assess accessibility
1043763343,way,surface,MISSING,Surface tag is recommended to assess accessibility
1043763345,way,surface,MISSING,Surface tag is recommended to assess accessibility
1043763347,way,surface,MISSING,Surface tag is recommended to assess accessibility
1043764120,way,surface,MISSING,Surface tag is recommended to assess accessibility
1043764121,way,surface,MISSING,Surface tag is recommended to assess accessibility
1043769384,way,surface,MISSING,Surface tag is recommended to assess accessibility
1044728100,way,surface,MISSING,Surface tag is recommended to assess accessibility
1046837736,way,surface,MISSING,Surface tag is recommended to assess accessibility
1046869160,way,surface,MISSING,Surface tag is recommended to assess accessibility
1046869333,way,surface,MISSING,Surface tag is recommended to assess accessibility
1046869334,way,surface,MISSING,Surface tag is recommended to assess accessibility
1046869629,way,surface,MISSING,Surface tag is recommended to assess accessibility
1047121874,way,surface,MISSING,Surface tag is recommended to assess accessibility
1047121875,way,surface,MISSING,Surface tag is recommended to assess accessibility
1047121878,way,surface,MISSING,Surface tag is recommended to assess accessibility
1049328319,way,surface,MISSING,Surface tag is recommended to assess accessibility
1051587040,way,surface,MISSING,Surface tag is recommended to assess accessibility
1051587044,way,surface,MISSING,Surface tag is recommended to assess accessibility
1055038086,way,surface,MISSING,Surface tag is recommended to assess accessibility
1055038087,way,surface,MISSING,Surface tag is recommended to assess accessibility
1055058185,way,surface,MISSING,Surface tag is recommended to assess accessibility
1055616947,way,surface,MISSING,Surface tag is recommended to assess accessibility
1055616948,way,surface,MISSING,Surface tag is recommended to assess accessibility
1055616949,way,surface,MISSING,Surface tag is recommended to assess accessibility
1055616950,way,surface,MISSING,Surface tag is recommended to assess accessibility
1055653261,way,surface,MISSING,Surface tag is recommended to assess accessibility
1055653264,way,surface,MISSING,Surface tag is recommended to assess accessibility
1055724952,way,surface,MISSING,Surface tag is recommended to assess accessibility
1055724958,way,surface,MISSING,Surface tag is recommended to assess accessibility
1055724959,way,surface,MISSING,Surface tag is recommended to assess accessibility
1055724961,way,surface,MISSING,Surface tag is recommended to assess accessibility
1055724964,way,surface,MISSING,Surface tag is recommended to assess accessibility
1055938487,way,surface,MISSING,Surface tag is recommended to assess accessibility
1055940469,way,surface,MISSING,Surface tag is recommended to assess accessibility
1055975217,way,surface,MISSING,Surface tag is recommended to assess accessibility
1056933658,way,surface,MISSING,Surface tag is recommended to assess accessibility
1059597443,way,surface,MISSING,Surface tag is recommended to assess accessibility
1059852993,way,surface,MISSING,Surface tag is recommended to assess accessibility
1062833064,way,surface,MISSING,Surface tag is recommended to assess accessibility
1062833067,way,surface,MISSING,Surface tag is recommended to assess accessibility
1062935139,way,surface,MISSING,Surface tag is recommended to assess accessibility
1063938808,way,surface,MISSING,Surface tag is recommended to assess accessibility
1063940948,way,surface,MISSING,Surface tag is recommended to assess accessibility
1063940949,way,surface,MISSING,Surface tag is recommended to assess accessibility
1065142706,way,surface,MISSING,Surface tag is recommended to assess accessibility
1065142708,way,surface,MISSING,Surface tag is recommended to assess accessibility
1065511362,way,surface,MISSING,Surface tag is recommended to assess accessibility
1065511365,way,surface,MISSING,Surface tag is recommended to assess accessibility
1065517675,way,surface,MISSING,Surface tag is recommended to assess accessibility
1065528742,way,surface,MISSING,Surface tag is recommended to assess accessibility
1065528743,way,surface,MISSING,Surface tag is recommended to assess accessibility
1065537325,way,surface,MISSING,Surface tag is recommended to assess accessibility
1068252818,way,surface,MISSING,Surface tag is recommended to assess accessibility
1069175619,way,surface,MISSING,Surface tag is recommended to assess accessibility
1069175620,way,surface,MISSING,Surface tag is recommended to assess accessibility
1069255425,way,surface,MISSING,Surface tag is recommended to assess accessibility
1069266548,way,surface,MISSING,Surface tag is recommended to assess accessibility
1069871799,way,surface,MISSING,Surface tag is recommended to assess accessibility
1069890965,way,surface,MISSING,Surface tag is recommended to assess accessibility
1069890966,way,surface,MISSING,Surface tag is recommended to assess accessibility
1069892966,way,surface,MISSING,Surface tag is recommended to assess accessibility
1069892967,way,surface,MISSING,Surface tag is recommended to assess accessibility
1069892968,way,surface,MISSING,Surface tag is recommended to assess accessibility
1069895517,way,surface,MISSING,Surface tag is recommended to assess accessibility
1069895518,way,surface,MISSING,Surface tag is recommended to assess accessibility
1069895519,way,surface,MISSING,Surface tag is recommended to assess accessibility
1069895520,way,surface,MISSING,Surface tag is recommended to assess accessibility
1069895526,way,surface,MISSING,Surface tag is recommended to assess accessibility
1069895527,way,surface,MISSING,Surface tag is recommended to assess accessibility
1069895528,way,surface,MISSING,Surface tag is recommended to assess accessibility
1069895529,way,surface,MISSING,Surface tag is recommended to assess accessibility
1069895530,way,surface,MISSING,Surface tag is recommended to assess accessibility
1069921834,way,surface,MISSING,Surface tag is recommended to assess accessibility
1069921835,way,surface,MISSING,Surface tag is recommended to assess accessibility
1070301279,way,surface,MISSING,Surface tag is recommended to assess accessibility
1070553811,way,surface,MISSING,Surface tag is recommended to assess accessibility
1070554204,way,surface,MISSING,Surface tag is recommended to assess accessibility
1070560514,way,surface,MISSING,Surface tag is recommended to assess accessibility
1070583514,way,surface,MISSING,Surface tag is recommended to assess accessibility
1071547057,way,surface,MISSING,Surface tag is recommended to assess accessibility
1071630935,way,surface,MISSING,Surface tag is recommended to assess accessibility
1071888374,way,surface,MISSING,Surface tag is recommended to assess accessibility
1071901804,way,surface,MISSING,Surface tag is recommended to assess accessibility
1071976950,way,surface,MISSING,Surface tag is recommended to assess accessibility
1071980290,way,surface,MISSING,Surface tag is recommended to assess accessibility
1071980291,way,surface,MISSING,Surface tag is recommended to assess accessibility
1071980292,way,surface,MISSING,Surface tag is recommended to assess accessibility
1072314811,way,surface,MISSING,Surface tag is recommended to assess accessibility
1073034966,way,surface,MISSING,Surface tag is recommended to assess accessibility
1073888490,way,surface,MISSING,Surface tag is recommended to assess accessibility
1074152262,way,surface,MISSING,Surface tag is recommended to assess accessibility
1074164367,way,surface,MISSING,Surface tag is recommended to assess accessibility
1074431599,way,surface,MISSING,Surface tag is recommended to assess accessibility
1074510180,way,surface,MISSING,Surface tag is recommended to assess accessibility
1074800150,way,surface,MISSING,Surface tag is recommended to assess accessibility
1074801476,way,surface,MISSING,Surface tag is recommended to assess accessibility
1074806424,way,surface,MISSING,Surface tag is recommended to assess accessibility
1074823455,way,surface,MISSING,Surface tag is recommended to assess accessibility
1074829879,way,surface,MISSING,Surface tag is recommended to assess accessibility
1075091665,way,surface,MISSING,Surface tag is recommended to assess accessibility
1075098164,way,surface,MISSING,Surface tag is recommended to assess accessibility
1075111838,way,surface,MISSING,Surface tag is recommended to assess accessibility
1075114176,way,surface,MISSING,Surface tag is recommended to assess accessibility
1075686830,way,surface,MISSING,Surface tag is recommended to assess accessibility
1075686832,way,surface,MISSING,Surface tag is recommended to assess accessibility
1075686833,way,surface,MISSING,Surface tag is recommended to assess accessibility
1075724171,way,surface,MISSING,Surface tag is recommended to assess accessibility
1075729092,way,surface,MISSING,Surface tag is recommended to assess accessibility
1075729095,way,surface,MISSING,Surface tag is recommended to assess accessibility
1075763743,way,surface,MISSING,Surface tag is recommended to assess accessibility
1075796114,way,surface,MISSING,Surface tag is recommended to assess accessibility
1075797317,way,surface,MISSING,Surface tag is recommended to assess accessibility
1075985290,way,surface,MISSING,Surface tag is recommended to assess accessibility
1075988909,way,surface,MISSING,Surface tag is recommended to assess accessibility
1076071588,way,surface,MISSING,Surface tag is recommended to assess accessibility
1076296975,way,surface,MISSING,Surface tag is recommended to assess accessibility
1079983159,way,surface,MISSING,Surface tag is recommended to assess accessibility
1080059790,way,surface,MISSING,Surface tag is recommended to assess accessibility
1080220373,way,surface,MISSING,Surface tag is recommended to assess accessibility
1080290324,way,surface,MISSING,Surface tag is recommended to assess accessibility
1080290325,way,surface,MISSING,Surface tag is recommended to assess accessibility
1080290328,way,surface,MISSING,Surface tag is recommended to assess accessibility
1080291236,way,surface,MISSING,Surface tag is recommended to assess accessibility
1080507955,way,surface,MISSING,Surface tag is recommended to assess accessibility
1086818655,way,surface,MISSING,Surface tag is recommended to assess accessibility
1086842206,way,surface,MISSING,Surface tag is recommended to assess accessibility
1086842212,way,surface,MISSING,Surface tag is recommended to assess accessibility
1086842222,way,surface,MISSING,Surface tag is recommended to assess accessibility
1086842223,way,surface,MISSING,Surface tag is recommended to assess accessibility
1086842225,way,surface,MISSING,Surface tag is recommended to assess accessibility
1086842226,way,surface,MISSING,Surface tag is recommended to assess accessibility
1086842231,way,surface,MISSING,Surface tag is recommended to assess accessibility
1086843360,way,surface,MISSING,Surface tag is recommended to assess accessibility
1086843361,way,surface,MISSING,Surface tag is recommended to assess accessibility
1086843375,way,surface,MISSING,Surface tag is recommended to assess accessibility
1086844162,way,surface,MISSING,Surface tag is recommended to assess accessibility
1087040131,way,surface,MISSING,Surface tag is recommended to assess accessibility
1087040133,way,surface,MISSING,Surface tag is recommended to assess accessibility
1087040141,way,surface,MISSING,Surface tag is recommended to assess accessibility
1087040142,way,surface,MISSING,Surface tag is recommended to assess accessibility
1087040144,way,surface,MISSING,Surface tag is recommended to assess accessibility
1087040148,way,surface,MISSING,Surface tag is recommended to assess accessibility
1087040149,way,surface,MISSING,Surface tag is recommended to assess accessibility
1087040150,way,surface,MISSING,Surface tag is recommended to assess accessibility
1087040151,way,surface,MISSING,Surface tag is recommended to assess accessibility
1087042862,way,surface,MISSING,Surface tag is recommended to assess accessibility
1087043719,way,surface,MISSING,Surface tag is recommended to assess accessibility
1087043721,way,surface,MISSING,Surface tag is recommended to assess accessibility
1087335165,way,surface,MISSING,Surface tag is recommended to assess accessibility
1087335169,way,surface,MISSING,Surface tag is recommended to assess accessibility
1087335170,way,surface,MISSING,Surface tag is recommended to assess accessibility
1087350545,way,surface,MISSING,Surface tag is recommended to assess accessibility
1087350554,way,surface,MISSING,Surface tag is recommended to assess accessibility
1087350565,way,surface,MISSING,Surface tag is recommended to assess accessibility
1087350566,way,surface,MISSING,Surface tag is recommended to assess accessibility
1087350581,way,surface,MISSING,Surface tag is recommended to assess accessibility
1087350582,way,surface,MISSING,Surface tag is recommended to assess accessibility
1087364407,way,surface,MISSING,Surface tag is recommended to assess accessibility
1087461310,way,surface,MISSING,Surface tag is recommended to assess accessibility
1087586178,way,surface,MISSING,Surface tag is recommended to assess accessibility
1087674395,way,surface,MISSING,Surface tag is recommended to assess accessibility
1087850792,way,surface,MISSING,Surface tag is recommended to assess accessibility
1087850799,way,surface,MISSING,Surface tag is recommended to assess accessibility
1087850805,way,surface,MISSING,Surface tag is recommended to assess accessibility
1087854833,way,surface,MISSING,Surface tag is recommended to assess accessibility
1087854835,way,surface,MISSING,Surface tag is recommended to assess accessibility
1087854836,way,surface,MISSING,Surface tag is recommended to assess accessibility
1087854837,way,surface,MISSING,Surface tag is recommended to assess accessibility
1087870346,way,surface,MISSING,Surface tag is recommended to assess accessibility
1087870347,way,surface,MISSING,Surface tag is recommended to assess accessibility
1087870349,way,surface,MISSING,Surface tag is recommended to assess accessibility
1088014314,way,surface,MISSING,Surface tag is recommended to assess accessibility
1088014330,way,surface,MISSING,Surface tag is recommended to assess accessibility
1089109235,way,surface,MISSING,Surface tag is recommended to assess accessibility
1090190396,way,surface,MISSING,Surface tag is recommended to assess accessibility
1092852857,way,surface,MISSING,Surface tag is recommended to assess accessibility
1092864555,way,surface,MISSING,Surface tag is recommended to assess accessibility
1092864556,way,surface,MISSING,Surface tag is recommended to assess accessibility
1092879578,way,surface,MISSING,Surface tag is recommended to assess accessibility
1095096726,way,surface,MISSING,Surface tag is recommended to assess accessibility
1095867119,way,surface,MISSING,Surface tag is recommended to assess accessibility
1095867120,way,surface,MISSING,Surface tag is recommended to assess accessibility
1095924572,way,surface,MISSING,Surface tag is recommended to assess accessibility
1095924574,way,surface,MISSING,Surface tag is recommended to assess accessibility
1095937944,way,surface,MISSING,Surface tag is recommended to assess accessibility
1095937945,way,surface,MISSING,Surface tag is recommended to assess accessibility
1095937946,way,surface,MISSING,Surface tag is recommended to assess accessibility
1095938141,way,surface,MISSING,Surface tag is recommended to assess accessibility
1095938142,way,surface,MISSING,Surface tag is recommended to assess accessibility
1095952692,way,surface,MISSING,Surface tag is recommended to assess accessibility
1095952693,way,surface,MISSING,Surface tag is recommended to assess accessibility
1096246197,way,surface,MISSING,Surface tag is recommended to assess accessibility
1096297901,way,surface,MISSING,Surface tag is recommended to assess accessibility
1096303136,way,surface,MISSING,Surface tag is recommended to assess accessibility
1096303340,way,surface,MISSING,Surface tag is recommended to assess accessibility
1096310926,way,surface,MISSING,Surface tag is recommended to assess accessibility
1098544547,way,surface,MISSING,Surface tag is recommended to assess accessibility
1098573206,way,surface,MISSING,Surface tag is recommended to assess accessibility
1098839648,way,surface,MISSING,Surface tag is recommended to assess accessibility
1098840221,way,surface,MISSING,Surface tag is recommended to assess accessibility
1099294237,way,surface,MISSING,Surface tag is recommended to assess accessibility
1099294590,way,surface,MISSING,Surface tag is recommended to assess accessibility
1099358077,way,surface,MISSING,Surface tag is recommended to assess accessibility
1099358078,way,surface,MISSING,Surface tag is recommended to assess accessibility
1099358079,way,surface,MISSING,Surface tag is recommended to assess accessibility
1102822896,way,surface,MISSING,Surface tag is recommended to assess accessibility
1102822903,way,surface,MISSING,Surface tag is recommended to assess accessibility
1102823731,way,surface,MISSING,Surface tag is recommended to assess accessibility
1103121602,way,surface,MISSING,Surface tag is recommended to assess accessibility
1103548379,way,surface,MISSING,Surface tag is recommended to assess accessibility
1105155125,way,surface,MISSING,Surface tag is recommended to assess accessibility
1105226717,way,surface,MISSING,Surface tag is recommended to assess accessibility
1105226718,way,surface,MISSING,Surface tag is recommended to assess accessibility
1105226721,way,surface,MISSING,Surface tag is recommended to assess accessibility
1105226722,way,surface,MISSING,Surface tag is recommended to assess accessibility
1105226723,way,surface,MISSING,Surface tag is recommended to assess accessibility
1105261555,way,surface,MISSING,Surface tag is recommended to assess accessibility
1105447680,way,surface,MISSING,Surface tag is recommended to assess accessibility
1105462119,way,surface,MISSING,Surface tag is recommended to assess accessibility
1105463065,way,surface,MISSING,Surface tag is recommended to assess accessibility
1105814676,way,surface,MISSING,Surface tag is recommended to assess accessibility
1105814677,way,surface,MISSING,Surface tag is recommended to assess accessibility
1105814678,way,surface,MISSING,Surface tag is recommended to assess accessibility
1105814679,way,surface,MISSING,Surface tag is recommended to assess accessibility
1105814680,way,surface,MISSING,Surface tag is recommended to assess accessibility
1105814682,way,surface,MISSING,Surface tag is recommended to assess accessibility
1105814683,way,surface,MISSING,Surface tag is recommended to assess accessibility
1105816518,way,surface,MISSING,Surface tag is recommended to assess accessibility
1105816519,way,surface,MISSING,Surface tag is recommended to assess accessibility
1105817951,way,surface,MISSING,Surface tag is recommended to assess accessibility
1105818521,way,surface,MISSING,Surface tag is recommended to assess accessibility
1105818522,way,surface,MISSING,Surface tag is recommended to assess accessibility
1105819457,way,surface,MISSING,Surface tag is recommended to assess accessibility
1105819458,way,surface,MISSING,Surface tag is recommended to assess accessibility
1105822427,way,surface,MISSING,Surface tag is recommended to assess accessibility
1106521116,way,surface,MISSING,Surface tag is recommended to assess accessibility
1106522733,way,surface,MISSING,Surface tag is recommended to assess accessibility
1106530677,way,surface,MISSING,Surface tag is recommended to assess accessibility
1106530678,way,surface,MISSING,Surface tag is recommended to assess accessibility
1106567925,way,surface,MISSING,Surface tag is recommended to assess accessibility
1106581234,way,surface,MISSING,Surface tag is recommended to assess accessibility
1107382055,way,surface,MISSING,Surface tag is recommended to assess accessibility
1107382056,way,surface,MISSING,Surface tag is recommended to assess accessibility
1109978160,way,surface,MISSING,Surface tag is recommended to assess accessibility
1110718311,way,surface,MISSING,Surface tag is recommended to assess accessibility
1111740853,way,surface,MISSING,Surface tag is recommended to assess accessibility
1112237596,way,surface,MISSING,Surface tag is recommended to assess accessibility
1112237597,way,surface,MISSING,Surface tag is recommended to assess accessibility
1112251788,way,surface,MISSING,Surface tag is recommended to assess accessibility
1112251790,way,surface,MISSING,Surface tag is recommended to assess accessibility
1112251792,way,surface,MISSING,Surface tag is recommended to assess accessibility
1112251793,way,surface,MISSING,Surface tag is recommended to assess accessibility
1112251794,way,surface,MISSING,Surface tag is recommended to assess accessibility
1112251795,way,surface,MISSING,Surface tag is recommended to assess accessibility
1112251798,way,surface,MISSING,Surface tag is recommended to assess accessibility
1112251800,way,surface,MISSING,Surface tag is recommended to assess accessibility
1112251801,way,surface,MISSING,Surface tag is recommended to assess accessibility
1112251804,way,surface,MISSING,Surface tag is recommended to assess accessibility
1112251805,way,surface,MISSING,Surface tag is recommended to assess accessibility
1112251810,way,surface,MISSING,Surface tag is recommended to assess accessibility
1113075485,way,surface,MISSING,Surface tag is recommended to assess accessibility
1115971040,way,surface,MISSING,Surface tag is recommended to assess accessibility
1116013015,way,surface,MISSING,Surface tag is recommended to assess accessibility
1116013016,way,surface,MISSING,Surface tag is recommended to assess accessibility
1116232093,way,surface,MISSING,Surface tag is recommended to assess accessibility
1116896487,way,surface,MISSING,Surface tag is recommended to assess accessibility
1116896488,way,surface,MISSING,Surface tag is recommended to assess accessibility
1118885320,way,surface,MISSING,Surface tag is recommended to assess accessibility
1122584853,way,surface,MISSING,Surface tag is recommended to assess accessibility
1128470515,way,surface,MISSING,Surface tag is recommended to assess accessibility
1130872289,way,surface,MISSING,Surface tag is recommended to assess accessibility
1130872290,way,surface,MISSING,Surface tag is recommended to assess accessibility
1130872291,way,surface,MISSING,Surface tag is recommended to assess accessibility
1130885210,way,surface,MISSING,Surface tag is recommended to assess accessibility
1130885211,way,surface,MISSING,Surface tag is recommended to assess accessibility
1130885215,way,surface,MISSING,Surface tag is recommended to assess accessibility
1130885216,way,surface,MISSING,Surface tag is recommended to assess accessibility
1130886416,way,surface,MISSING,Surface tag is recommended to assess accessibility
1130886417,way,surface,MISSING,Surface tag is recommended to assess accessibility
1130886419,way,surface,MISSING,Surface tag is recommended to assess accessibility
1130886420,way,surface,MISSING,Surface tag is recommended to assess accessibility
1130887585,way,surface,MISSING,Surface tag is recommended to assess accessibility
1130887586,way,surface,MISSING,Surface tag is recommended to assess accessibility
1130887588,way,surface,MISSING,Surface tag is recommended to assess accessibility
1130887589,way,surface,MISSING,Surface tag is recommended to assess accessibility
1130887590,way,surface,MISSING,Surface tag is recommended to assess accessibility
1130934201,way,surface,MISSING,Surface tag is recommended to assess accessibility
1130934202,way,surface,MISSING,Surface tag is recommended to assess accessibility
1130936318,way,surface,MISSING,Surface tag is recommended to assess accessibility
1130936319,way,surface,MISSING,Surface tag is recommended to assess accessibility
1130936322,way,surface,MISSING,Surface tag is recommended to assess accessibility
1130936324,way,surface,MISSING,Surface tag is recommended to assess accessibility
1130936326,way,surface,MISSING,Surface tag is recommended to assess accessibility
1130936327,way,surface,MISSING,Surface tag is recommended to assess accessibility
1130936449,way,surface,MISSING,Surface tag is recommended to assess accessibility
1130936873,way,surface,MISSING,Surface tag is recommended to assess accessibility
1130936874,way,surface,MISSING,Surface tag is recommended to assess accessibility
1130938341,way,surface,MISSING,Surface tag is recommended to assess accessibility
1133494343,way,surface,MISSING,Surface tag is recommended to assess accessibility
1134527104,way,surface,MISSING,Surface tag is recommended to assess accessibility
1134527105,way,surface,MISSING,Surface tag is recommended to assess accessibility
1134527107,way,surface,MISSING,Surface tag is recommended to assess accessibility
1134527109,way,surface,MISSING,Surface tag is recommended to assess accessibility
1134527678,way,surface,MISSING,Surface tag is recommended to assess accessibility
1134530104,way,surface,MISSING,Surface tag is recommended to assess accessibility
1134537680,way,surface,MISSING,Surface tag is recommended to assess accessibility
1134753920,way,surface,MISSING,Surface tag is recommended to assess accessibility
1136747719,way,surface,MISSING,Surface tag is recommended to assess accessibility
1137272248,way,surface,MISSING,Surface tag is recommended to assess accessibility
1138285858,way,surface,MISSING,Surface tag is recommended to assess accessibility
1138288409,way,surface,MISSING,Surface tag is recommended to assess accessibility
1138288412,way,surface,MISSING,Surface tag is recommended to assess accessibility
1138288414,way,surface,MISSING,Surface tag is recommended to assess accessibility
1138288415,way,surface,MISSING,Surface tag is recommended to assess accessibility
1138288416,way,surface,MISSING,Surface tag is recommended to assess accessibility
1138291381,way,surface,MISSING,Surface tag is recommended to assess accessibility
1138291385,way,surface,MISSING,Surface tag is recommended to assess accessibility
1138291387,way,surface,MISSING,Surface tag is recommended to assess accessibility
1138291389,way,surface,MISSING,Surface tag is recommended to assess accessibility
1138316473,way,surface,MISSING,Surface tag is recommended to assess accessibility
1138316474,way,surface,MISSING,Surface tag is recommended to assess accessibility
1138316475,way,surface,MISSING,Surface tag is recommended to assess accessibility
1145074893,way,surface,MISSING,Surface tag is recommended to assess accessibility
1145074896,way,surface,MISSING,Surface tag is recommended to assess accessibility
1145187374,way,surface,MISSING,Surface tag is recommended to assess accessibility
1145625473,way,surface,MISSING,Surface tag is recommended to assess accessibility
1146036976,way,surface,MISSING,Surface tag is recommended to assess accessibility
1146036977,way,surface,MISSING,Surface tag is recommended to assess accessibility
1147660102,way,surface,MISSING,Surface tag is recommended to assess accessibility
1147660104,way,surface,MISSING,Surface tag is recommended to assess accessibility
1147660105,way,surface,MISSING,Surface tag is recommended to assess accessibility
1147660106,way,surface,MISSING,Surface tag is recommended to assess accessibility
1167384470,way,surface,MISSING,Surface tag is recommended to assess accessibility
1173988355,way,surface,MISSING,Surface tag is recommended to assess accessibility
1179637155,way,surface,MISSING,Surface tag is recommended to assess accessibility
1179782197,way,surface,MISSING,Surface tag is recommended to assess accessibility
1179861854,way,surface,MISSING,Surface tag is recommended to assess accessibility
1180002129,way,surface,MISSING,Surface tag is recommended to assess accessibility
1180104620,way,surface,MISSING,Surface tag is recommended to assess accessibility
1181301444,way,surface,MISSING,Surface tag is recommended to assess accessibility
1181737469,way,surface,MISSING,Surface tag is recommended to assess accessibility
1181785219,way,surface,MISSING,Surface tag is recommended to assess accessibility
1183635185,way,surface,MISSING,Surface tag is recommended to assess accessibility
1183933875,way,surface,MISSING,Surface tag is recommended to assess accessibility
1184190148,way,surface,MISSING,Surface tag is recommended to assess accessibility
1184190149,way,surface,MISSING,Surface tag is recommended to assess accessibility
1184190150,way,surface,MISSING,Surface tag is recommended to assess accessibility
1185355559,way,surface,MISSING,Surface tag is recommended to assess accessibility
1185729186,way,surface,MISSING,Surface tag is recommended to assess accessibility
1185729187,way,surface,MISSING,Surface tag is recommended to assess accessibility
1186963475,way,surface,MISSING,Surface tag is recommended to assess accessibility
1187219562,way,surface,MISSING,Surface tag is recommended to assess accessibility
1187231273,way,surface,MISSING,Surface tag is recommended to assess accessibility
1187231276,way,surface,MISSING,Surface tag is recommended to assess accessibility
1187231277,way,surface,MISSING,Surface tag is recommended to assess accessibility
1187231278,way,surface,MISSING,Surface tag is recommended to assess accessibility
1188916674,way,surface,MISSING,Surface tag is recommended to assess accessibility
1189346032,way,surface,MISSING,Surface tag is recommended to assess accessibility
1190125861,way,surface,MISSING,Surface tag is recommended to assess accessibility
1190125862,way,surface,MISSING,Surface tag is recommended to assess accessibility
1190182265,way,surface,MISSING,Surface tag is recommended to assess accessibility
1190536097,way,surface,MISSING,Surface tag is recommended to assess accessibility
1192328937,way,surface,MISSING,Surface tag is recommended to assess accessibility
1192328938,way,surface,MISSING,Surface tag is recommended to assess accessibility
1192587286,way,surface,MISSING,Surface tag is recommended to assess accessibility
1192857133,way,surface,MISSING,Surface tag is recommended to assess accessibility
1192970973,way,surface,MISSING,Surface tag is recommended to assess accessibility
1194531954,way,surface,MISSING,Surface tag is recommended to assess accessibility
1196746222,way,surface,MISSING,Surface tag is recommended to assess accessibility
1203533484,way,surface,MISSING,Surface tag is recommended to assess accessibility
1203533485,way,surface,MISSING,Surface tag is recommended to assess accessibility
1205854565,way,surface,MISSING,Surface tag is recommended to assess accessibility
1205867017,way,surface,MISSING,Surface tag is recommended to assess accessibility
1206091653,way,surface,MISSING,Surface tag is recommended to assess accessibility
1206127473,way,surface,MISSING,Surface tag is recommended to assess accessibility
1208060591,way,surface,MISSING,Surface tag is recommended to assess accessibility
1209385387,way,surface,MISSING,Surface tag is recommended to assess accessibility
1209780002,way,surface,MISSING,Surface tag is recommended to assess accessibility
1209780003,way,surface,MISSING,Surface tag is recommended to assess accessibility
1209790736,way,surface,MISSING,Surface tag is recommended to assess accessibility
1210722561,way,surface,MISSING,Surface tag is recommended to assess accessibility
1210723035,way,surface,MISSING,Surface tag is recommended to assess accessibility
1210728405,way,surface,MISSING,Surface tag is recommended to assess accessibility
1210728406,way,surface,MISSING,Surface tag is recommended to assess accessibility
1210729242,way,surface,MISSING,Surface tag is recommended to assess accessibility
1211586148,way,surface,MISSING,Surface tag is recommended to assess accessibility
1212486103,way,surface,MISSING,Surface tag is recommended to assess accessibility
1212976628,way,surface,MISSING,Surface tag is recommended to assess accessibility
1214317056,way,surface,MISSING,Surface tag is recommended to assess accessibility
1217794695,way,surface,MISSING,Surface tag is recommended to assess accessibility
1217985391,way,surface,MISSING,Surface tag is recommended to assess accessibility
1217990476,way,surface,MISSING,Surface tag is recommended to assess accessibility
1219275778,way,surface,MISSING,Surface tag is recommended to assess accessibility
1219275779,way,surface,MISSING,Surface tag is recommended to assess accessibility
1219319662,way,surface,MISSING,Surface tag is recommended to assess accessibility
1219333099,way,surface,MISSING,Surface tag is recommended to assess accessibility
1219744767,way,surface,MISSING,Surface tag is recommended to assess accessibility
1219772291,way,surface,MISSING,Surface tag is recommended to assess accessibility
1220059203,way,surface,MISSING,Surface tag is recommended to assess accessibility
1220068406,way,surface,MISSING,Surface tag is recommended to assess accessibility
1220121966,way,surface,MISSING,Surface tag is recommended to assess accessibility
1220121967,way,surface,MISSING,Surface tag is recommended to assess accessibility
1220121974,way,surface,MISSING,Surface tag is recommended to assess accessibility
1220121975,way,surface,MISSING,Surface tag is recommended to assess accessibility
1220121977,way,surface,MISSING,Surface tag is recommended to assess accessibility
1220342558,way,surface,MISSING,Surface tag is recommended to assess accessibility
1220529862,way,surface,MISSING,Surface tag is recommended to assess accessibility
1220550472,way,surface,MISSING,Surface tag is recommended to assess accessibility
1220551641,way,surface,MISSING,Surface tag is recommended to assess accessibility
1220570732,way,surface,MISSING,Surface tag is recommended to assess accessibility
1220570734,way,surface,MISSING,Surface tag is recommended to assess accessibility
1220570735,way,surface,MISSING,Surface tag is recommended to assess accessibility
1220570736,way,surface,MISSING,Surface tag is recommended to assess accessibility
1220570737,way,surface,MISSING,Surface tag is recommended to assess accessibility
1220570738,way,surface,MISSING,Surface tag is recommended to assess accessibility
1220570739,way,surface,MISSING,Surface tag is recommended to assess accessibility
1220573213,way,surface,MISSING,Surface tag is recommended to assess accessibility
1220575378,way,surface,MISSING,Surface tag is recommended to assess accessibility
1220575887,way,surface,MISSING,Surface tag is recommended to assess accessibility
1220992189,way,surface,MISSING,Surface tag is recommended to assess accessibility
1220994429,way,surface,MISSING,Surface tag is recommended to assess accessibility
1220994433,way,surface,MISSING,Surface tag is recommended to assess accessibility
1220994435,way,surface,MISSING,Surface tag is recommended to assess accessibility
1221010928,way,surface,MISSING,Surface tag is recommended to assess accessibility
1221015006,way,surface,MISSING,Surface tag is recommended to assess accessibility
1221015007,way,surface,MISSING,Surface tag is recommended to assess accessibility
1221082220,way,surface,MISSING,Surface tag is recommended to assess accessibility
1221082227,way,surface,MISSING,Surface tag is recommended to assess accessibility
1221246187,way,surface,MISSING,Surface tag is recommended to assess accessibility
1221251647,way,surface,MISSING,Surface tag is recommended to assess accessibility
1221288924,way,surface,MISSING,Surface tag is recommended to assess accessibility
1221350381,way,surface,MISSING,Surface tag is recommended to assess accessibility
1221355100,way,surface,MISSING,Surface tag is recommended to assess accessibility
1221355101,way,surface,MISSING,Surface tag is recommended to assess accessibility
1221355102,way,surface,MISSING,Surface tag is recommended to assess accessibility
1221355103,way,surface,MISSING,Surface tag is recommended to assess accessibility
1221372082,way,surface,MISSING,Surface tag is recommended to assess accessibility
1221372083,way,surface,MISSING,Surface tag is recommended to assess accessibility
1221372084,way,surface,MISSING,Surface tag is recommended to assess accessibility
1221383166,way,surface,MISSING,Surface tag is recommended to assess accessibility
1221973486,way,surface,MISSING,Surface tag is recommended to assess accessibility
1222040339,way,surface,MISSING,Surface tag is recommended to assess accessibility
1222040685,way,surface,MISSING,Surface tag is recommended to assess accessibility
1222041104,way,surface,MISSING,Surface tag is recommended to assess accessibility
1222041106,way,surface,MISSING,Surface tag is recommended to assess accessibility
1222057718,way,surface,MISSING,Surface tag is recommended to assess accessibility
1222206369,way,surface,MISSING,Surface tag is recommended to assess accessibility
1222206370,way,surface,MISSING,Surface tag is recommended to assess accessibility
1222283877,way,surface,MISSING,Surface tag is recommended to assess accessibility
1222569531,way,surface,MISSING,Surface tag is recommended to assess accessibility
1222572733,way,surface,MISSING,Surface tag is recommended to assess accessibility
1222769969,way,surface,MISSING,Surface tag is recommended to assess accessibility
1222769970,way,surface,MISSING,Surface tag is recommended to assess accessibility
1222769972,way,surface,MISSING,Surface tag is recommended to assess accessibility
1222772880,way,surface,MISSING,Surface tag is recommended to assess accessibility
1222776946,way,surface,MISSING,Surface tag is recommended to assess accessibility
1222780273,way,surface,MISSING,Surface tag is recommended to assess accessibility
1222782368,way,surface,MISSING,Surface tag is recommended to assess accessibility
1222786611,way,surface,MISSING,Surface tag is recommended to assess accessibility
1222786613,way,surface,MISSING,Surface tag is recommended to assess accessibility
1222787166,way,surface,MISSING,Surface tag is recommended to assess accessibility
1222788837,way,surface,MISSING,Surface tag is recommended to assess accessibility
1222788838,way,surface,MISSING,Surface tag is recommended to assess accessibility
1222920633,way,surface,MISSING,Surface tag is recommended to assess accessibility
1222937592,way,surface,MISSING,Surface tag is recommended to assess accessibility
1222938529,way,surface,MISSING,Surface tag is recommended to assess accessibility
1222938919,way,surface,MISSING,Surface tag is recommended to assess accessibility
1222943600,way,surface,MISSING,Surface tag is recommended to assess accessibility
1222959278,way,surface,MISSING,Surface tag is recommended to assess accessibility
1222961737,way,surface,MISSING,Surface tag is recommended to assess accessibility
1222961741,way,surface,MISSING,Surface tag is recommended to assess accessibility
1222980677,way,surface,MISSING,Surface tag is recommended to assess accessibility
1222981829,way,surface,MISSING,Surface tag is recommended to assess accessibility
1222982859,way,surface,MISSING,Surface tag is recommended to assess accessibility
1222984020,way,surface,MISSING,Surface tag is recommended to assess accessibility
1222987864,way,surface,MISSING,Surface tag is recommended to assess accessibility
1222990116,way,surface,MISSING,Surface tag is recommended to assess accessibility
1223501489,way,surface,MISSING,Surface tag is recommended to assess accessibility
1223901574,way,surface,MISSING,Surface tag is recommended to assess accessibility
1226230642,way,surface,MISSING,Surface tag is recommended to assess accessibility
1226230881,way,surface,MISSING,Surface tag is recommended to assess accessibility
1226230900,way,surface,MISSING,Surface tag is recommended to assess accessibility
1226231201,way,surface,MISSING,Surface tag is recommended to assess accessibility
1226232501,way,surface,MISSING,Surface tag is recommended to assess accessibility
1226232502,way,surface,MISSING,Surface tag is recommended to assess accessibility
1226236218,way,surface,MISSING,Surface tag is recommended to assess accessibility
1226237894,way,surface,MISSING,Surface tag is recommended to assess accessibility
1226243318,way,surface,MISSING,Surface tag is recommended to assess accessibility
1226243319,way,surface,MISSING,Surface tag is recommended to assess accessibility
1226244089,way,surface,MISSING,Surface tag is recommended to assess accessibility
1226244099,way,surface,MISSING,Surface tag is recommended to assess accessibility
1254109622,way,surface,MISSING,Surface tag is recommended to assess accessibility
1258711570,way,surface,MISSING,Surface tag is recommended to assess accessibility
1259473917,way,surface,MISSING,Surface tag is recommended to assess accessibility
1262609469,way,surface,MISSING,Surface tag is recommended to assess accessibility
1263926194,way,surface,MISSING,Surface tag is recommended to assess accessibility
1263926977,way,surface,MISSING,Surface tag is recommended to assess accessibility
1263927271,way,surface,MISSING,Surface tag is recommended to assess accessibility
1270175003,way,surface,MISSING,Surface tag is recommended to assess accessibility
1272094149,way,surface,MISSING,Surface tag is recommended to assess accessibility
1275529120,way,surface,MISSING,Surface tag is recommended to assess accessibility
1281195402,way,surface,MISSING,Surface tag is recommended to assess accessibility
1284364551,way,surface,MISSING,Surface tag is recommended to assess accessibility
1284364552,way,surface,MISSING,Surface tag is recommended to assess accessibility
1284364553,way,surface,MISSING,Surface tag is recommended to assess accessibility
1284372290,way,surface,MISSING,Surface tag is recommended to assess accessibility
1284372293,way,surface,MISSING,Surface tag is recommended to assess accessibility
1284372294,way,surface,MISSING,Surface tag is recommended to assess accessibility
1285365177,way,surface,MISSING,Surface tag is recommended to assess accessibility
1290178567,way,surface,MISSING,Surface tag is recommended to assess accessibility
1293517507,way,surface,MISSING,Surface tag is recommended to assess accessibility
1293517508,way,surface,MISSING,Surface tag is recommended to assess accessibility
1293517510,way,surface,MISSING,Surface tag is recommended to assess accessibility
1295679757,way,surface,MISSING,Surface tag is recommended to assess accessibility
1296755931,way,surface,MISSING,Surface tag is recommended to assess accessibility
1296961125,way,surface,MISSING,Surface tag is recommended to assess accessibility
1297354941,way,surface,MISSING,Surface tag is recommended to assess accessibility
1297354944,way,surface,MISSING,Surface tag is recommended to assess accessibility
1300926368,way,surface,MISSING,Surface tag is recommended to assess accessibility
1301570581,way,surface,MISSING,Surface tag is recommended to assess accessibility
1301574176,way,surface,MISSING,Surface tag is recommended to assess accessibility
1303658041,way,surface,MISSING,Surface tag is recommended to assess accessibility
1314134776,way,surface,MISSING,Surface tag is recommended to assess accessibility
1317352200,way,surface,MISSING,Surface tag is recommended to assess accessibility
1317352209,way,surface,MISSING,Surface tag is recommended to assess accessibility
1317547227,way,surface,MISSING,Surface tag is recommended to assess accessibility
1317632979,way,surface,MISSING,Surface tag is recommended to assess accessibility
1317828815,way,surface,MISSING,Surface tag is recommended to assess accessibility
1320805530,way,surface,MISSING,Surface tag is recommended to assess accessibility
1320805531,way,surface,MISSING,Surface tag is recommended to assess accessibility
1320805540,way,surface,MISSING,Surface tag is recommended to assess accessibility
1320805541,way,surface,MISSING,Surface tag is recommended to assess accessibility
1320809283,way,surface,MISSING,Surface tag is recommended to assess accessibility
1322470880,way,surface,MISSING,Surface tag is recommended to assess accessibility
1322470881,way,surface,MISSING,Surface tag is recommended to assess accessibility
1327893497,way,surface,MISSING,Surface tag is recommended to assess accessibility
1328237209,way,surface,MISSING,Surface tag is recommended to assess accessibility
1328347519,way,surface,MISSING,Surface tag is recommended to assess accessibility
1331106368,way,surface,MISSING,Surface tag is recommended to assess accessibility
1331109324,way,surface,MISSING,Surface tag is recommended to assess accessibility
1331129897,way,surface,MISSING,Surface tag is recommended to assess accessibility
1333335680,way,surface,MISSING,Surface tag is recommended to assess accessibility
1333335681,way,surface,MISSING,Surface tag is recommended to assess accessibility
1334826809,way,surface,MISSING,Surface tag is recommended to assess accessibility
1337691297,way,surface,MISSING,Surface tag is recommended to assess accessibility
1338322711,way,surface,MISSING,Surface tag is recommended to assess accessibility
1338322713,way,surface,MISSING,Surface tag is recommended to assess accessibility
1338326668,way,surface,MISSING,Surface tag is recommended to assess accessibility
1338326670,way,surface,MISSING,Surface tag is recommended to assess accessibility
1338326672,way,surface,MISSING,Surface tag is recommended to assess accessibility
1338333964,way,surface,MISSING,Surface tag is recommended to assess accessibility
1338333970,way,surface,MISSING,Surface tag is recommended to assess accessibility
1338357358,way,surface,MISSING,Surface tag is recommended to assess accessibility
1338368951,way,surface,MISSING,Surface tag is recommended to assess accessibility
1338385964,way,surface,MISSING,Surface tag is recommended to assess accessibility
1338385965,way,surface,MISSING,Surface tag is recommended to assess accessibility
1338385967,way,surface,MISSING,Surface tag is recommended to assess accessibility
1338385968,way,surface,MISSING,Surface tag is recommended to assess accessibility
1339478491,way,surface,MISSING,Surface tag is recommended to assess accessibility
1339478496,way,surface,MISSING,Surface tag is recommended to assess accessibility
1339478498,way,surface,MISSING,Surface tag is recommended to assess accessibility
1339697781,way,surface,MISSING,Surface tag is recommended to assess accessibility
1339698598,way,surface,MISSING,Surface tag is recommended to assess accessibility
1339700706,way,surface,MISSING,Surface tag is recommended to assess accessibility
1340889426,way,surface,MISSING,Surface tag is recommended to assess accessibility
1343976775,way,surface,MISSING,Surface tag is recommended to assess accessibility
1344369181,way,surface,MISSING,Surface tag is recommended to assess accessibility
1344369184,way,surface,MISSING,Surface tag is recommended to assess accessibility
1344585819,way,surface,MISSING,Surface tag is recommended to assess accessibility
1344585821,way,surface,MISSING,Surface tag is recommended to assess accessibility
1344588849,way,surface,MISSING,Surface tag is recommended to assess accessibility
1346903248,way,surface,MISSING,Surface tag is recommended to assess accessibility
1346903250,way,surface,MISSING,Surface tag is recommended to assess accessibility
1346903257,way,surface,MISSING,Surface tag is recommended to assess accessibility
1346903259,way,surface,MISSING,Surface tag is recommended to assess accessibility
1346903262,way,surface,MISSING,Surface tag is recommended to assess accessibility
1346903263,way,surface,MISSING,Surface tag is recommended to assess accessibility
1346903265,way,surface,MISSING,Surface tag is recommended to assess accessibility
1346903266,way,surface,MISSING,Surface tag is recommended to assess accessibility
1348475724,way,surface,MISSING,Surface tag is recommended to assess accessibility
1348509230,way,surface,MISSING,Surface tag is recommended to assess accessibility
1349005847,way,surface,MISSING,Surface tag is recommended to assess accessibility
1350135331,way,surface,MISSING,Surface tag is recommended to assess accessibility
1353437002,way,surface,MISSING,Surface tag is recommended to assess accessibility
1353437003,way,surface,MISSING,Surface tag is recommended to assess accessibility
1355005053,way,surface,MISSING,Surface tag is recommended to assess accessibility
1355005054,way,surface,MISSING,Surface tag is recommended to assess accessibility
1355022448,way,surface,MISSING,Surface tag is recommended to assess accessibility
1355022449,way,surface,MISSING,Surface tag is recommended to assess accessibility
1360064971,way,surface,MISSING,Surface tag is recommended to assess accessibility
1360064972,way,surface,MISSING,Surface tag is recommended to assess accessibility
1360064973,way,surface,MISSING,Surface tag is recommended to assess accessibility
1360153138,way,surface,MISSING,Surface tag is recommended to assess accessibility
1364637676,way,surface,MISSING,Surface tag is recommended to assess accessibility
1364645450,way,surface,MISSING,Surface tag is recommended to assess accessibility
1364877706,way,surface,MISSING,Surface tag is recommended to assess accessibility
1364886868,way,surface,MISSING,Surface tag is recommended to assess accessibility
1364895909,way,surface,MISSING,Surface tag is recommended to assess accessibility
1365076553,way,surface,MISSING,Surface tag is recommended to assess accessibility
1365084158,way,surface,MISSING,Surface tag is recommended to assess accessibility
1365107856,way,surface,MISSING,Surface tag is recommended to assess accessibility
1365327897,way,surface,MISSING,Surface tag is recommended to assess accessibility
1365337538,way,surface,MISSING,Surface tag is recommended to assess accessibility
1365390796,way,surface,MISSING,Surface tag is recommended to assess accessibility
1365390798,way,surface,MISSING,Surface tag is recommended to assess accessibility
1365395901,way,surface,MISSING,Surface tag is recommended to assess accessibility
1365399862,way,surface,MISSING,Surface tag is recommended to assess accessibility
1368802706,way,surface,MISSING,Surface tag is recommended to assess accessibility
1369179894,way,surface,MISSING,Surface tag is recommended to assess accessibility
1373768828,way,surface,MISSING,Surface tag is recommended to assess accessibility
1382826242,way,surface,MISSING,Surface tag is recommended to assess accessibility
1385348853,way,surface,MISSING,Surface tag is recommended to assess accessibility
1388224581,way,surface,MISSING,Surface tag is recommended to assess accessibility
1388224582,way,surface,MISSING,Surface tag is recommended to assess accessibility
1389327712,way,surface,MISSING,Surface tag is recommended to assess accessibility
1389327715,way,surface,MISSING,Surface tag is recommended to assess accessibility
1391373739,way,surface,MISSING,Surface tag is recommended to assess accessibility
1395564154,way,surface,MISSING,Surface tag is recommended to assess accessibility
1408430580,way,surface,MISSING,Surface tag is recommended to assess accessibility
1409581267,way,surface,MISSING,Surface tag is recommended to assess accessibility
1409589098,way,surface,MISSING,Surface tag is recommended to assess accessibility
1409589099,way,surface,MISSING,Surface tag is recommended to assess accessibility
1409590666,way,surface,MISSING,Surface tag is recommended to assess accessibility
1413527945,way,surface,MISSING,Surface tag is recommended to assess accessibility
1413843235,way,surface,MISSING,Surface tag is recommended to assess accessibility
1414087281,way,surface,MISSING,Surface tag is recommended to assess accessibility
1414855317,way,surface,MISSING,Surface tag is recommended to assess accessibility
1416074084,way,surface,MISSING,Surface tag is recommended to assess accessibility
1416074085,way,surface,MISSING,Surface tag is recommended to assess accessibility
1416184672,way,surface,MISSING,Surface tag is recommended to assess accessibility
1416184673,way,surface,MISSING,Surface tag is recommended to assess accessibility
1416184674,way,surface,MISSING,Surface tag is recommended to assess accessibility
1416184675,way,surface,MISSING,Surface tag is recommended to assess accessibility
1416184677,way,surface,MISSING,Surface tag is recommended to assess accessibility
1416184678,way,surface,MISSING,Surface tag is recommended to assess accessibility
1416184679,way,surface,MISSING,Surface tag is recommended to assess accessibility
1416184680,way,surface,MISSING,Surface tag is recommended to assess accessibility
1416184682,way,surface,MISSING,Surface tag is recommended to assess accessibility
1416835194,way,surface,MISSING,Surface tag is recommended to assess accessibility
1416835195,way,surface,MISSING,Surface tag is recommended to assess accessibility
1416835196,way,surface,MISSING,Surface tag is recommended to assess accessibility
1418002166,way,surface,MISSING,Surface tag is recommended to assess accessibility
1418159411,way,surface,MISSING,Surface tag is recommended to assess accessibility
1418162615,way,surface,MISSING,Surface tag is recommended to assess accessibility
1418165447,way,surface,MISSING,Surface tag is recommended to assess accessibility
1418165450,way,surface,MISSING,Surface tag is recommended to assess accessibility
1418165458,way,surface,MISSING,Surface tag is recommended to assess accessibility
1418165466,way,surface,MISSING,Surface tag is recommended to assess accessibility
1418171633,way,surface,MISSING,Surface tag is recommended to assess accessibility
1418171660,way,surface,MISSING,Surface tag is recommended to assess accessibility
1418499023,way,surface,MISSING,Surface tag is recommended to assess accessibility
1418616199,way,surface,MISSING,Surface tag is recommended to assess accessibility
1418744537,way,surface,MISSING,Surface tag is recommended to assess accessibility
1418966554,way,surface,MISSING,Surface tag is recommended to assess accessibility
1419009533,way,surface,MISSING,Surface tag is recommended to assess accessibility
1420727090,way,surface,MISSING,Surface tag is recommended to assess accessibility
1420727092,way,surface,MISSING,Surface tag is recommended to assess accessibility
1421043591,way,surface,MISSING,Surface tag is recommended to assess accessibility
1421043592,way,surface,MISSING,Surface tag is recommended to assess accessibility
1421043593,way,surface,MISSING,Surface tag is recommended to assess accessibility
1421043595,way,surface,MISSING,Surface tag is recommended to assess accessibility
1421043605,way,surface,MISSING,Surface tag is recommended to assess accessibility
1421046694,way,surface,MISSING,Surface tag is recommended to assess accessibility
1421046695,way,surface,MISSING,Surface tag is recommended to assess accessibility
1421046696,way,surface,MISSING,Surface tag is recommended to assess accessibility
1421046697,way,surface,MISSING,Surface tag is recommended to assess accessibility
1421046698,way,surface,MISSING,Surface tag is recommended to assess accessibility
1421046699,way,surface,MISSING,Surface tag is recommended to assess accessibility
1421046700,way,surface,MISSING,Surface tag is recommended to assess accessibility
1421046701,way,surface,MISSING,Surface tag is recommended to assess accessibility
1421046703,way,surface,MISSING,Surface tag is recommended to assess accessibility
1421046705,way,surface,MISSING,Surface tag is recommended to assess accessibility
1421046706,way,surface,MISSING,Surface tag is recommended to assess accessibility
1421046707,way,surface,MISSING,Surface tag is recommended to assess accessibility
1421046821,way,surface,MISSING,Surface tag is recommended to assess accessibility
1421047051,way,surface,MISSING,Surface tag is recommended to assess accessibility
1421059281,way,surface,MISSING,Surface tag is recommended to assess accessibility
1421217322,way,surface,MISSING,Surface tag is recommended to assess accessibility
1421217323,way,surface,MISSING,Surface tag is recommended to assess accessibility
1421217324,way,surface,MISSING,Surface tag is recommended to assess accessibility
1421217325,way,surface,MISSING,Surface tag is recommended to assess accessibility
1421217326,way,surface,MISSING,Surface tag is recommended to assess accessibility
1421217327,way,surface,MISSING,Surface tag is recommended to assess accessibility
1421333608,way,surface,MISSING,Surface tag is recommended to assess accessibility
1421333609,way,surface,MISSING,Surface tag is recommended to assess accessibility
1421344094,way,surface,MISSING,Surface tag is recommended to assess accessibility
1421406469,way,surface,MISSING,Surface tag is recommended to assess accessibility
1421568878,way,surface,MISSING,Surface tag is recommended to assess accessibility
1422451943,way,surface,MISSING,Surface tag is recommended to assess accessibility
1424244877,way,surface,MISSING,Surface tag is recommended to assess accessibility
1424244878,way,surface,MISSING,Surface tag is recommended to assess accessibility
1424244879,way,surface,MISSING,Surface tag is recommended to assess accessibility
1424244880,way,surface,MISSING,Surface tag is recommended to assess accessibility
1424416344,way,surface,MISSING,Surface tag is recommended to assess accessibility
1426918611,way,surface,MISSING,Surface tag is recommended to assess accessibility
1428346256,way,surface,MISSING,Surface tag is recommended to assess accessibility
1428346257,way,surface,MISSING,Surface tag is recommended to assess accessibility
1428346258,way,surface,MISSING,Surface tag is recommended to assess accessibility
1429540302,way,surface,MISSING,Surface tag is recommended to assess accessibility
1430656159,way,surface,MISSING,Surface tag is recommended to assess accessibility
1430656160,way,surface,MISSING,Surface tag is recommended to assess accessibility
1430656163,way,surface,MISSING,Surface tag is recommended to assess accessibility
1431073523,way,surface,MISSING,Surface tag is recommended to assess accessibility
1431073524,way,surface,MISSING,Surface tag is recommended to assess accessibility
1431074886,way,surface,MISSING,Surface tag is recommended to assess accessibility
1431075820,way,surface,MISSING,Surface tag is recommended to assess accessibility
1431075824,way,surface,MISSING,Surface tag is recommended to assess accessibility
1431075826,way,surface,MISSING,Surface tag is recommended to assess accessibility
1431080046,way,surface,MISSING,Surface tag is recommended to assess accessibility
1431083141,way,surface,MISSING,Surface tag is recommended to assess accessibility
1431083142,way,surface,MISSING,Surface tag is recommended to assess accessibility
1431085271,way,surface,MISSING,Surface tag is recommended to assess accessibility
1431085276,way,surface,MISSING,Surface tag is recommended to assess accessibility
1431087378,way,surface,MISSING,Surface tag is recommended to assess accessibility
1431089039,way,surface,MISSING,Surface tag is recommended to assess accessibility
1431089285,way,surface,MISSING,Surface tag is recommended to assess accessibility
1431091008,way,surface,MISSING,Surface tag is recommended to assess accessibility
1431091013,way,surface,MISSING,Surface tag is recommended to assess accessibility
1431091015,way,surface,MISSING,Surface tag is recommended to assess accessibility
1431091019,way,surface,MISSING,Surface tag is recommended to assess accessibility
1431098306,way,surface,MISSING,Surface tag is recommended to assess accessibility
1431098308,way,surface,MISSING,Surface tag is recommended to assess accessibility
1431109808,way,surface,MISSING,Surface tag is recommended to assess accessibility
1431109810,way,surface,MISSING,Surface tag is recommended to assess accessibility
1431110943,way,surface,MISSING,Surface tag is recommended to assess accessibility
1431111161,way,surface,MISSING,Surface tag is recommended to assess accessibility
1431111730,way,surface,MISSING,Surface tag is recommended to assess accessibility
1431111732,way,surface,MISSING,Surface tag is recommended to assess accessibility
1431111829,way,surface,MISSING,Surface tag is recommended to assess accessibility
1431113584,way,surface,MISSING,Surface tag is recommended to assess accessibility
1431114852,way,surface,MISSING,Surface tag is recommended to assess accessibility
1431114854,way,surface,MISSING,Surface tag is recommended to assess accessibility
1431116878,way,surface,MISSING,Surface tag is recommended to assess accessibility
1431116880,way,surface,MISSING,Surface tag is recommended to assess accessibility
1431116882,way,surface,MISSING,Surface tag is recommended to assess accessibility
1431116883,way,surface,MISSING,Surface tag is recommended to assess accessibility
1431116887,way,surface,MISSING,Surface tag is recommended to assess accessibility
1431120941,way,surface,MISSING,Surface tag is recommended to assess accessibility
1431120978,way,surface,MISSING,Surface tag is recommended to assess accessibility
1431120980,way,surface,MISSING,Surface tag is recommended to assess accessibility
1431120982,way,surface,MISSING,Surface tag is recommended to assess accessibility
1431123053,way,surface,MISSING,Surface tag is recommended to assess accessibility
1431123878,way,surface,MISSING,Surface tag is recommended to assess accessibility
1431123881,way,surface,MISSING,Surface tag is recommended to assess accessibility
1431123883,way,surface,MISSING,Surface tag is recommended to assess accessibility
1431124284,way,surface,MISSING,Surface tag is recommended to assess accessibility
1431124288,way,surface,MISSING,Surface tag is recommended to assess accessibility
1431126479,way,surface,MISSING,Surface tag is recommended to assess accessibility
1431126480,way,surface,MISSING,Surface tag is recommended to assess accessibility
1431127681,way,surface,MISSING,Surface tag is recommended to assess accessibility
1431127959,way,surface,MISSING,Surface tag is recommended to assess accessibility
1431132195,way,surface,MISSING,Surface tag is recommended to assess accessibility
1431132197,way,surface,MISSING,Surface tag is recommended to assess accessibility
1431132199,way,surface,MISSING,Surface tag is recommended to assess accessibility
1431132201,way,surface,MISSING,Surface tag is recommended to assess accessibility
1431135510,way,surface,MISSING,Surface tag is recommended to assess accessibility
1431135511,way,surface,MISSING,Surface tag is recommended to assess accessibility
1431135513,way,surface,MISSING,Surface tag is recommended to assess accessibility
1431135620,way,surface,MISSING,Surface tag is recommended to assess accessibility
1431135622,way,surface,MISSING,Surface tag is recommended to assess accessibility
1431136787,way,surface,MISSING,Surface tag is recommended to assess accessibility
1431137729,way,surface,MISSING,Surface tag is recommended to assess accessibility
1431137731,way,surface,MISSING,Surface tag is recommended to assess accessibility
1431137733,way,surface,MISSING,Surface tag is recommended to assess accessibility
1431137735,way,surface,MISSING,Surface tag is recommended to assess accessibility
1431145814,way,surface,MISSING,Surface tag is recommended to assess accessibility
1431145816,way,surface,MISSING,Surface tag is recommended to assess accessibility
1431145818,way,surface,MISSING,Surface tag is recommended to assess accessibility
1431148119,way,surface,MISSING,Surface tag is recommended to assess accessibility
1431148121,way,surface,MISSING,Surface tag is recommended to assess accessibility
1431151270,way,surface,MISSING,Surface tag is recommended to assess accessibility
1431151272,way,surface,MISSING,Surface tag is recommended to assess accessibility
1431152975,way,surface,MISSING,Surface tag is recommended to assess accessibility
1431156911,way,surface,MISSING,Surface tag is recommended to assess accessibility
1431156912,way,surface,MISSING,Surface tag is recommended to assess accessibility
1431156916,way,surface,MISSING,Surface tag is recommended to assess accessibility
1432014944,way,surface,MISSING,Surface tag is recommended to assess accessibility
1433150557,way,surface,MISSING,Surface tag is recommended to assess accessibility
1433163701,way,surface,MISSING,Surface tag is recommended to assess accessibility
1433163702,way,surface,MISSING,Surface tag is recommended to assess accessibility
1433178268,way,surface,MISSING,Surface tag is recommended to assess accessibility
1433355233,way,surface,MISSING,Surface tag is recommended to assess accessibility
1433355234,way,surface,MISSING,Surface tag is recommended to assess accessibility
1433355236,way,surface,MISSING,Surface tag is recommended to assess accessibility
1433366298,way,surface,MISSING,Surface tag is recommended to assess accessibility
1433378053,way,surface,MISSING,Surface tag is recommended to assess accessibility
1433378056,way,surface,MISSING,Surface tag is recommended to assess accessibility
1433379473,way,surface,MISSING,Surface tag is recommended to assess accessibility
1433383889,way,surface,MISSING,Surface tag is recommended to assess accessibility
1433385258,way,surface,MISSING,Surface tag is recommended to assess accessibility
1433385259,way,surface,MISSING,Surface tag is recommended to assess accessibility
1435083913,way,surface,MISSING,Surface tag is recommended to assess accessibility
1435105308,way,surface,MISSING,Surface tag is recommended to assess accessibility
1442837140,way,surface,MISSING,Surface tag is recommended to assess accessibility
1442837142,way,surface,MISSING,Surface tag is recommended to assess accessibility
1442966104,way,surface,MISSING,Surface tag is recommended to assess accessibility
1443274351,way,surface,MISSING,Surface tag is recommended to assess accessibility
1445236394,way,surface,MISSING,Surface tag is recommended to assess accessibility
1445236395,way,surface,MISSING,Surface tag is recommended to assess accessibility
1445236396,way,surface,MISSING,Surface tag is recommended to assess accessibility
1446074194,way,surface,MISSING,Surface tag is recommended to assess accessibility
1446547096,way,surface,MISSING,Surface tag is recommended to assess accessibility
1446550359,way,surface,MISSING,Surface tag is recommended to assess accessibility
1446550361,way,surface,MISSING,Surface tag is recommended to assess accessibility
1446873062,way,surface,MISSING,Surface tag is recommended to assess accessibility
1446873063,way,surface,MISSING,Surface tag is recommended to assess accessibility
1447249570,way,surface,MISSING,Surface tag is recommended to assess accessibility
1447249574,way,surface,MISSING,Surface tag is recommended to assess accessibility
1447254939,way,surface,MISSING,Surface tag is recommended to assess accessibility
1447260982,way,surface,MISSING,Surface tag is recommended to assess accessibility
1447260986,way,surface,MISSING,Surface tag is recommended to assess accessibility
1447260988,way,surface,MISSING,Surface tag is recommended to assess accessibility
1447260990,way,surface,MISSING,Surface tag is recommended to assess accessibility
1447511114,way,surface,MISSING,Surface tag is recommended to assess accessibility
1447515783,way,surface,MISSING,Surface tag is recommended to assess accessibility
1447526116,way,surface,MISSING,Surface tag is recommended to assess accessibility
1447799312,way,surface,MISSING,Surface tag is recommended to assess accessibility
1447813147,way,surface,MISSING,Surface tag is recommended to assess accessibility
1447813154,way,surface,MISSING,Surface tag is recommended to assess accessibility
1447813156,way,surface,MISSING,Surface tag is recommended to assess accessibility
1448041571,way,surface,MISSING,Surface tag is recommended to assess accessibility
1448059740,way,surface,MISSING,Surface tag is recommended to assess accessibility
1448060983,way,surface,MISSING,Surface tag is recommended to assess accessibility
1448060986,way,surface,MISSING,Surface tag is recommended to assess accessibility
1448062573,way,surface,MISSING,Surface tag is recommended to assess accessibility
1448062575,way,surface,MISSING,Surface tag is recommended to assess accessibility
1448071787,way,surface,MISSING,Surface tag is recommended to assess accessibility
1448071790,way,surface,MISSING,Surface tag is recommended to assess accessibility
1448265203,way,surface,MISSING,Surface tag is recommended to assess accessibility
1448277496,way,surface,MISSING,Surface tag is recommended to assess accessibility
1448282421,way,surface,MISSING,Surface tag is recommended to assess accessibility
1448282423,way,surface,MISSING,Surface tag is recommended to assess accessibility
1448295376,way,surface,MISSING,Surface tag is recommended to assess accessibility
1448439100,way,surface,MISSING,Surface tag is recommended to assess accessibility
1448439101,way,surface,MISSING,Surface tag is recommended to assess accessibility
1449504301,way,surface,MISSING,Surface tag is recommended to assess accessibility
1449504303,way,surface,MISSING,Surface tag is recommended to assess accessibility
1449504309,way,surface,MISSING,Surface tag is recommended to assess accessibility
1449630087,way,surface,MISSING,Surface tag is recommended to assess accessibility
1449725252,way,surface,MISSING,Surface tag is recommended to assess accessibility
1449732612,way,surface,MISSING,Surface tag is recommended to assess accessibility
1449854362,way,surface,MISSING,Surface tag is recommended to assess accessibility
1449864332,way,surface,MISSING,Surface tag is recommended to assess accessibility
1449868190,way,surface,MISSING,Surface tag is recommended to assess accessibility
1449886987,way,surface,MISSING,Surface tag is recommended to assess accessibility
1449888794,way,surface,MISSING,Surface tag is recommended to assess accessibility
1449892768,way,surface,MISSING,Surface tag is recommended to assess accessibility
1449892769,way,surface,MISSING,Surface tag is recommended to assess accessibility
1449892774,way,surface,MISSING,Surface tag is recommended to assess accessibility
1449892796,way,surface,MISSING,Surface tag is recommended to assess accessibility
1449901179,way,surface,MISSING,Surface tag is recommended to assess accessibility
1449901181,way,surface,MISSING,Surface tag is recommended to assess accessibility
1449904513,way,surface,MISSING,Surface tag is recommended to assess accessibility
1449904515,way,surface,MISSING,Surface tag is recommended to assess accessibility
1449906410,way,surface,MISSING,Surface tag is recommended to assess accessibility
1449906412,way,surface,MISSING,Surface tag is recommended to assess accessibility
1449906416,way,surface,MISSING,Surface tag is recommended to assess accessibility
1449906418,way,surface,MISSING,Surface tag is recommended to assess accessibility
1449906422,way,surface,MISSING,Surface tag is recommended to assess accessibility
1450460230,way,surface,MISSING,Surface tag is recommended to assess accessibility
1450768365,way,surface,MISSING,Surface tag is recommended to assess accessibility
1451101885,way,surface,MISSING,Surface tag is recommended to assess accessibility
1451101886,way,surface,MISSING,Surface tag is recommended to assess accessibility
1452931021,way,surface,MISSING,Surface tag is recommended to assess accessibility
1452931022,way,surface,MISSING,Surface tag is recommended to assess accessibility
1454227529,way,surface,MISSING,Surface tag is recommended to assess accessibility
1454913145,way,surface,MISSING,Surface tag is recommended to assess accessibility
1454913146,way,surface,MISSING,Surface tag is recommended to assess accessibility
1456703344,way,surface,MISSING,Surface tag is recommended to assess accessibility
1456703346,way,surface,MISSING,Surface tag is recommended to assess accessibility
1456703354,way,surface,MISSING,Surface tag is recommended to assess accessibility
1456703355,way,surface,MISSING,Surface tag is recommended to assess accessibility
1456703356,way,surface,MISSING,Surface tag is recommended to assess accessibility
1456703357,way,surface,MISSING,Surface tag is recommended to assess accessibility
1457152857,way,surface,MISSING,Surface tag is recommended to assess accessibility
1457152860,way,surface,MISSING,Surface tag is recommended to assess accessibility
1457152861,way,surface,MISSING,Surface tag is recommended to assess accessibility
1457152863,way,surface,MISSING,Surface tag is recommended to assess accessibility
1457631367,way,surface,MISSING,Surface tag is recommended to assess accessibility
1457631368,way,surface,MISSING,Surface tag is recommended to assess accessibility
1457631372,way,surface,MISSING,Surface tag is recommended to assess accessibility
1457631374,way,surface,MISSING,Surface tag is recommended to assess accessibility
1457631376,way,surface,MISSING,Surface tag is recommended to assess accessibility
1458289682,way,surface,MISSING,Surface tag is recommended to assess accessibility
1458289683,way,surface,MISSING,Surface tag is recommended to assess accessibility
1458386085,way,surface,MISSING,Surface tag is recommended to assess accessibility
1458452352,way,surface,MISSING,Surface tag is recommended to assess accessibility
1458505251,way,surface,MISSING,Surface tag is recommended to assess accessibility
1458505252,way,surface,MISSING,Surface tag is recommended to assess accessibility
1459127509,way,surface,MISSING,Surface tag is recommended to assess accessibility
1460398786,way,surface,MISSING,Surface tag is recommended to assess accessibility
1460400983,way,surface,MISSING,Surface tag is recommended to assess accessibility
1460400986,way,surface,MISSING,Surface tag is recommended to assess accessibility
1460403973,way,surface,MISSING,Surface tag is recommended to assess accessibility
1460403979,way,surface,MISSING,Surface tag is recommended to assess accessibility
1460403980,way,surface,MISSING,Surface tag is recommended to assess accessibility
1460403989,way,surface,MISSING,Surface tag is recommended to assess accessibility
1460433908,way,surface,MISSING,Surface tag is recommended to assess accessibility
1460459148,way,surface,MISSING,Surface tag is recommended to assess accessibility
1460466736,way,surface,MISSING,Surface tag is recommended to assess accessibility
1460650655,way,surface,MISSING,Surface tag is recommended to assess accessibility
1460652465,way,surface,MISSING,Surface tag is recommended to assess accessibility
1460652467,way,surface,MISSING,Surface tag is recommended to assess accessibility
1460652469,way,surface,MISSING,Surface tag is recommended to assess accessibility
1460657452,way,surface,MISSING,Surface tag is recommended to assess accessibility
1460961989,way,surface,MISSING,Surface tag is recommended to assess accessibility
1460961991,way,surface,MISSING,Surface tag is recommended to assess accessibility
1460961993,way,surface,MISSING,Surface tag is recommended to assess accessibility
1460961995,way,surface,MISSING,Surface tag is recommended to assess accessibility
1460961997,way,surface,MISSING,Surface tag is recommended to assess accessibility
1460961999,way,surface,MISSING,Surface tag is recommended to assess accessibility
1460962009,way,surface,MISSING,Surface tag is recommended to assess accessibility
1460966818,way,surface,MISSING,Surface tag is recommended to assess accessibility
1463766604,way,surface,MISSING,Surface tag is recommended to assess accessibility
1463965569,way,surface,MISSING,Surface tag is recommended to assess accessibility
1463965570,way,surface,MISSING,Surface tag is recommended to assess accessibility
1463965573,way,surface,MISSING,Surface tag is recommended to assess accessibility
1463965574,way,surface,MISSING,Surface tag is recommended to assess accessibility
1463965585,way,surface,MISSING,Surface tag is recommended to assess accessibility
1465727000,way,surface,MISSING,Surface tag is recommended to assess accessibility
1466190175,way,surface,MISSING,Surface tag is recommended to assess accessibility
1467617063,way,surface,MISSING,Surface tag is recommended to assess accessibility
1467627563,way,surface,MISSING,Surface tag is recommended to assess accessibility
1467693918,way,surface,MISSING,Surface tag is recommended to assess accessibility
1467901304,way,surface,MISSING,Surface tag is recommended to assess accessibility
1467901306,way,surface,MISSING,Surface tag is recommended to assess accessibility
1472060434,way,surface,MISSING,Surface tag is recommended to assess accessibility
1472061734,way,surface,MISSING,Surface tag is recommended to assess accessibility
1472061735,way,surface,MISSING,Surface tag is recommended to assess accessibility
1472061736,way,surface,MISSING,Surface tag is recommended to assess accessibility
1472981126,way,surface,MISSING,Surface tag is recommended to assess accessibility
1473923315,way,surface,MISSING,Surface tag is recommended to assess accessibility
1473930180,way,surface,MISSING,Surface tag is recommended to assess accessibility
1474194424,way,surface,MISSING,Surface tag is recommended to assess accessibility
1481722007,way,surface,MISSING,Surface tag is recommended to assess accessibility
1482504819,way,surface,MISSING,Surface tag is recommended to assess accessibility
1482510191,way,surface,MISSING,Surface tag is recommended to assess accessibility
1483844991,way,surface,MISSING,Surface tag is recommended to assess accessibility
1486884351,way,surface,MISSING,Surface tag is recommended to assess accessibility
1486884353,way,surface,MISSING,Surface tag is recommended to assess accessibility
1486884355,way,surface,MISSING,Surface tag is recommended to assess accessibility
1491171668,way,surface,MISSING,Surface tag is recommended to assess accessibility
1491171670,way,surface,MISSING,Surface tag is recommended to assess accessibility
1491171672,way,surface,MISSING,Surface tag is recommended to assess accessibility
1491398816,way,surface,MISSING,Surface tag is recommended to assess accessibility
1491626977,way,surface,MISSING,Surface tag is recommended to assess accessibility
1491626980,way,surface,MISSING,Surface tag is recommended to assess accessibility
1491750433,way,surface,MISSING,Surface tag is recommended to assess accessibility
1491926396,way,surface,MISSING,Surface tag is recommended to assess accessibility
1495462753,way,surface,MISSING,Surface tag is recommended to assess accessibility
1498877640,way,surface,MISSING,Surface tag is recommended to assess accessibility
1498877641,way,surface,MISSING,Surface tag is recommended to assess accessibility
1499690268,way,surface,MISSING,Surface tag is recommended to assess accessibility
1499690270,way,surface,MISSING,Surface tag is recommended to assess accessibility
1501009898,way,surface,MISSING,Surface tag is recommended to assess accessibility
1501009899,way,surface,MISSING,Surface tag is recommended to assess accessibility
1501197003,way,surface,MISSING,Surface tag is recommended to assess accessibility
1501513430,way,surface,MISSING,Surface tag is recommended to assess accessibility
1501513431,way,surface,MISSING,Surface tag is recommended to assess accessibility
1502746714,way,surface,MISSING,Surface tag is recommended to assess accessibility
1503837287,way,surface,MISSING,Surface tag is recommended to assess accessibility
1503887740,way,surface,MISSING,Surface tag is recommended to assess accessibility
1504201437,way,surface,MISSING,Surface tag is recommended to assess accessibility
1505514991,way,surface,MISSING,Surface tag is recommended to assess accessibility
1505514992,way,surface,MISSING,Surface tag is recommended to assess accessibility
1505514993,way,surface,MISSING,Surface tag is recommended to assess accessibility
1505514994,way,surface,MISSING,Surface tag is recommended to assess accessibility
1509504737,way,surface,MISSING,Surface tag is recommended to assess accessibility
1511052360,way,surface,MISSING,Surface tag is recommended to assess accessibility
1511067220,way,surface,MISSING,Surface tag is recommended to assess accessibility
1511067223,way,surface,MISSING,Surface tag is recommended to assess accessibility
1511067248,way,surface,MISSING,Surface tag is recommended to assess accessibility
1511067254,way,surface,MISSING,Surface tag is recommended to assess accessibility
1511067255,way,surface,MISSING,Surface tag is recommended to assess accessibility
1511067257,way,surface,MISSING,Surface tag is recommended to assess accessibility
1511067258,way,surface,MISSING,Surface tag is recommended to assess accessibility
1511067263,way,surface,MISSING,Surface tag is recommended to assess accessibility
1511067265,way,surface,MISSING,Surface tag is recommended to assess accessibility
1511122440,way,surface,MISSING,Surface tag is recommended to assess accessibility
1511122449,way,surface,MISSING,Surface tag is recommended to assess accessibility
1511122450,way,surface,MISSING,Surface tag is recommended to assess accessibility
1511122460,way,surface,MISSING,Surface tag is recommended to assess accessibility
1511122463,way,surface,MISSING,Surface tag is recommended to assess accessibility
1511198044,way,surface,MISSING,Surface tag is recommended to assess accessibility
1511198047,way,surface,MISSING,Surface tag is recommended to assess accessibility
1511198054,way,surface,MISSING,Surface tag is recommended to assess accessibility
1511198055,way,surface,MISSING,Surface tag is recommended to assess accessibility
1511254901,way,surface,MISSING,Surface tag is recommended to assess accessibility
1511254903,way,surface,MISSING,Surface tag is recommended to assess accessibility
1511254904,way,surface,MISSING,Surface tag is recommended to assess accessibility
1511254905,way,surface,MISSING,Surface tag is recommended to assess accessibility
1511254906,way,surface,MISSING,Surface tag is recommended to assess accessibility
1511254907,way,surface,MISSING,Surface tag is recommended to assess accessibility
1511254910,way,surface,MISSING,Surface tag is recommended to assess accessibility
1511254912,way,surface,MISSING,Surface tag is recommended to assess accessibility
1511254915,way,surface,MISSING,Surface tag is recommended to assess accessibility
1511634505,way,surface,MISSING,Surface tag is recommended to assess accessibility
1511862309,way,surface,MISSING,Surface tag is recommended to assess accessibility
1513674123,way,surface,MISSING,Surface tag is recommended to assess accessibility
1517504274,way,surface,MISSING,Surface tag is recommended to assess accessibility
1525318213,way,surface,MISSING,Surface tag is recommended to assess accessibility
1525318214,way,surface,MISSING,Surface tag is recommended to assess accessibility
1525318217,way,surface,MISSING,Surface tag is recommended to assess accessibility
1525318219,way,surface,MISSING,Surface tag is recommended to assess accessibility
1525594891,way,surface,MISSING,Surface tag is recommended to assess accessibility
1525597162,way,surface,MISSING,Surface tag is recommended to assess accessibility
1525597163,way,surface,MISSING,Surface tag is recommended to assess accessibility
1525597166,way,surface,MISSING,Surface tag is recommended to assess accessibility
1525987431,way,surface,MISSING,Surface tag is recommended to assess accessibility
1526545189,way,surface,MISSING,Surface tag is recommended to assess accessibility
1526545191,way,surface,MISSING,Surface tag is recommended to assess accessibility
1526677942,way,surface,MISSING,Surface tag is recommended to assess accessibility
1526677945,way,surface,MISSING,Surface tag is recommended to assess accessibility
1526677947,way,surface,MISSING,Surface tag is recommended to assess accessibility
1527115258,way,surface,MISSING,Surface tag is recommended to assess accessibility
1527224186,way,surface,MISSING,Surface tag is recommended to assess accessibility
1527278378,way,surface,MISSING,Surface tag is recommended to assess accessibility
1527657483,way,surface,MISSING,Surface tag is recommended to assess accessibility
1527657484,way,surface,MISSING,Surface tag is recommended to assess accessibility
1527657486,way,surface,MISSING,Surface tag is recommended to assess accessibility
1527657487,way,surface,MISSING,Surface tag is recommended to assess accessibility
1528593693,way,surface,MISSING,Surface tag is recommended to assess accessibility
1528593694,way,surface,MISSING,Surface tag is recommended to assess accessibility
1528994783,way,surface,MISSING,Surface tag is recommended to assess accessibility
1528994791,way,surface,MISSING,Surface tag is recommended to assess accessibility
1528994795,way,surface,MISSING,Surface tag is recommended to assess accessibility
1528994799,way,surface,MISSING,Surface tag is recommended to assess accessibility
1528994802,way,surface,MISSING,Surface tag is recommended to assess accessibility
1529640393,way,surface,MISSING,Surface tag is recommended to assess accessibility
1529682193,way,surface,MISSING,Surface tag is recommended to assess accessibility
1530759966,way,surface,MISSING,Surface tag is recommended to assess accessibility
1530759970,way,surface,MISSING,Surface tag is recommended to assess accessibility
1530759972,way,surface,MISSING,Surface tag is recommended to assess accessibility
1531841346,way,surface,MISSING,Surface tag is recommended to assess accessibility
1532027939,way,surface,MISSING,Surface tag is recommended to assess accessibility
1532027940,way,surface,MISSING,Surface tag is recommended to assess accessibility
1532585310,way,surface,MISSING,Surface tag is recommended to assess accessibility
1532585312,way,surface,MISSING,Surface tag is recommended to assess accessibility
1532585314,way,surface,MISSING,Surface tag is recommended to assess accessibility
1532585315,way,surface,MISSING,Surface tag is recommended to assess accessibility
1532585317,way,surface,MISSING,Surface tag is recommended to assess accessibility
1532585319,way,surface,MISSING,Surface tag is recommended to assess accessibility
1532585320,way,surface,MISSING,Surface tag is recommended to assess accessibility
1532585323,way,surface,MISSING,Surface tag is recommended to assess accessibility
1535022202,way,surface,MISSING,Surface tag is recommended to assess accessibility
1535022203,way,surface,MISSING,Surface tag is recommended to assess accessibility
1535022239,way,surface,MISSING,Surface tag is recommended to assess accessibility
1535077183,way,surface,MISSING,Surface tag is recommended to assess accessibility
1535669935,way,surface,MISSING,Surface tag is recommended to assess accessibility
1535669937,way,surface,MISSING,Surface tag is recommended to assess accessibility
1541430418,way,surface,MISSING,Surface tag is recommended to assess accessibility
1541430419,way,surface,MISSING,Surface tag is recommended to assess accessibility
1541430420,way,surface,MISSING,Surface tag is recommended to assess accessibility
1541430421,way,surface,MISSING,Surface tag is recommended to assess accessibility
1541430423,way,surface,MISSING,Surface tag is recommended to assess accessibility
1541430424,way,surface,MISSING,Surface tag is recommended to assess accessibility
1541430425,way,surface,MISSING,Surface tag is recommended to assess accessibility
1541430427,way,surface,MISSING,Surface tag is recommended to assess accessibility
1541430428,way,surface,MISSING,Surface tag is recommended to assess accessibility
1541430429,way,surface,MISSING,Surface tag is recommended to assess accessibility
1544630989,way,surface,MISSING,Surface tag is recommended to assess accessibility
1546615401,way,surface,MISSING,Surface tag is recommended to assess accessibility
1546691324,way,surface,MISSING,Surface tag is recommended to assess accessibility
