{"type": "FeatureCollection", "features": [{"type": "Feature", "geometry": {"type": "Point", "coordinates": [9.1367136, 45.4657425]}, "properties": {"id": 318131311, "feat_type": "way", "quality_categories": "improper_geometries, improper_keys", "issue_ids": "[0, 1]", "osm_url": "https://www.openstreetmap.org/way/318131311", "josm_url": "http://127.0.0.1:8111/load_object?new_layer=false&objects=w318131311", "id_url": "https://www.openstreetmap.org/edit?editor=id&way=318131311#map=20/45.4657425/9.1367136"}}, {"type": "Feature", "geometry": {"type": "Point", "coordinates": [9.1817004, 45.4785621]}, "properties": {"id": 498384999, "feat_type": "way", "quality_categories": "improper_geometries, improper_keys", "issue_ids": "[0, 1]", "osm_url": "https://www.openstreetmap.org/way/498384999", "josm_url": "http://127.0.0.1:8111/load_object?new_layer=false&objects=w498384999", "id_url": "https://www.openstreetmap.org/edit?editor=id&way=498384999#map=20/45.4785621/9.1817004"}}, {"type": "Feature", "geometry": {"type": "Point", "coordinates": [9.2301849, 45.4769228]}, "properties": {"id": 609331125, "feat_type": "way", "quality_categories": "improper_geometries, improper_keys", "issue_ids": "[2, 1]", "osm_url": "https://www.openstreetmap.org/way/609331125", "josm_url": "http://127.0.0.1:8111/load_object?new_layer=false&objects=w609331125", "id_url": "https://www.openstreetmap.org/edit?editor=id&way=609331125#map=20/45.4769228/9.2301849"}}, {"type": "Feature", "geometry": {"type": "Point", "coordinates": [9.2299109, 45.4769223]}, "properties": {"id": 609331127, "feat_type": "way", "quality_categories": "improper_geometries, improper_keys", "issue_ids": "[2, 1]", "osm_url": "https://www.openstreetmap.org/way/609331127", "josm_url": "http://127.0.0.1:8111/load_object?new_layer=false&objects=w609331127", "id_url": "https://www.openstreetmap.org/edit?editor=id&way=609331127#map=20/45.4769223/9.2299109"}}, {"type": "Feature", "geometry": {"type": "Point", "coordinates": [9.2300452, 45.4768278]}, "properties": {"id": 609331130, "feat_type": "way", "quality_categories": "improper_geometries, improper_keys", "issue_ids": "[2, 1]", "osm_url": "https://www.openstreetmap.org/way/609331130", "josm_url": "http://127.0.0.1:8111/load_object?new_layer=false&objects=w609331130", "id_url": "https://www.openstreetmap.org/edit?editor=id&way=609331130#map=20/45.4768278/9.2300452"}}, {"type": "Feature", "geometry": {"type": "Point", "coordinates": [9.1464841, 45.5013838]}, "properties": {"id": 629116476, "feat_type": "way", "quality_categories": "improper_geometries, improper_keys", "issue_ids": "[0, 1]", "osm_url": "https://www.openstreetmap.org/way/629116476", "josm_url": "http://127.0.0.1:8111/load_object?new_layer=false&objects=w629116476", "id_url": "https://www.openstreetmap.org/edit?editor=id&way=629116476#map=20/45.5013838/9.1464841"}}, {"type": "Feature", "geometry": {"type": "Point", "coordinates": [9.1474795, 45.5000667]}, "properties": {"id": 629915717, "feat_type": "way", "quality_categories": "improper_geometries, improper_keys", "issue_ids": "[0, 1]", "osm_url": "https://www.openstreetmap.org/way/629915717", "josm_url": "http://127.0.0.1:8111/load_object?new_layer=false&objects=w629915717", "id_url": "https://www.openstreetmap.org/edit?editor=id&way=629915717#map=20/45.5000667/9.1474795"}}, {"type": "Feature", "geometry": {"type": "Point", "coordinates": [9.2087311, 45.4996043]}, "properties": {"id": 1022961785, "feat_type": "way", "quality_categories": "improper_geometries, wrong_mispelled_or_unlisted_values", "issue_ids": "[3, 1]", "osm_url": "https://www.openstreetmap.org/way/1022961785", "josm_url": "http://127.0.0.1:8111/load_object?new_layer=false&objects=w1022961785", "id_url": "https://www.openstreetmap.org/edit?editor=id&way=1022961785#map=20/45.4996043/9.2087311"}}, {"type": "Feature", "geometry": {"type": "Point", "coordinates": [9.2211829, 45.4896169]}, "properties": {"id": 1092855380, "feat_type": "way", "quality_categories": "improper_geometries, improper_keys", "issue_ids": "[4, 1]", "osm_url": "https://www.openstreetmap.org/way/1092855380", "josm_url": "http://127.0.0.1:8111/load_object?new_layer=false&objects=w1092855380", "id_url": "https://www.openstreetmap.org/edit?editor=id&way=1092855380#map=20/45.4896169/9.2211829"}}, {"type": "Feature", "geometry": {"type": "Point", "coordinates": [9.2227169, 45.4906408]}, "properties": {"id": 1092864557, "feat_type": "way", "quality_categories": "improper_geometries, improper_keys", "issue_ids": "[5, 1]", "osm_url": "https://www.openstreetmap.org/way/1092864557", "josm_url": "http://127.0.0.1:8111/load_object?new_layer=false&objects=w1092864557", "id_url": "https://www.openstreetmap.org/edit?editor=id&way=1092864557#map=20/45.4906408/9.2227169"}}, {"type": "Feature", "geometry": {"type": "Point", "coordinates": [9.1948461, 45.5075279]}, "properties": {"id": 23156005, "feat_type": "way", "quality_categories": "improper_geometries", "issue_ids": "[1]", "osm_url": "https://www.openstreetmap.org/way/23156005", "josm_url": "http://127.0.0.1:8111/load_object?new_layer=false&objects=w23156005", "id_url": "https://www.openstreetmap.org/edit?editor=id&way=23156005#map=20/45.5075279/9.1948461"}}, {"type": "Feature", "geometry": {"type": "Point", "coordinates": [9.2145739, 45.4798904]}, "properties": {"id": 40035735, "feat_type": "way", "quality_categories": "improper_geometries", "issue_ids": "[1]", "osm_url": "https://www.openstreetmap.org/way/40035735", "josm_url": "http://127.0.0.1:8111/load_object?new_layer=false&objects=w40035735", "id_url": "https://www.openstreetmap.org/edit?editor=id&way=40035735#map=20/45.4798904/9.2145739"}}, {"type": "Feature", "geometry": {"type": "Point", "coordinates": [9.2149395, 45.479891]}, "properties": {"id": 40035739, "feat_type": "way", "quality_categories": "improper_geometries", "issue_ids": "[1]", "osm_url": "https://www.openstreetmap.org/way/40035739", "josm_url": "http://127.0.0.1:8111/load_object?new_layer=false&objects=w40035739", "id_url": "https://www.openstreetmap.org/edit?editor=id&way=40035739#map=20/45.479891/9.2149395"}}, {"type": "Feature", "geometry": {"type": "Point", "coordinates": [9.2023619, 45.5256981]}, "properties": {"id": 158301662, "feat_type": "way", "quality_categories": "improper_geometries", "issue_ids": "[1]", "osm_url": "https://www.openstreetmap.org/way/158301662", "josm_url": "http://127.0.0.1:8111/load_object?new_layer=false&objects=w158301662", "id_url": "https://www.openstreetmap.org/edit?editor=id&way=158301662#map=20/45.5256981/9.2023619"}}, {"type": "Feature", "geometry": {"type": "Point", "coordinates": [9.2056765, 45.5209088]}, "properties": {"id": 158301663, "feat_type": "way", "quality_categories": "improper_geometries", "issue_ids": "[1]", "osm_url": "https://www.openstreetmap.org/way/158301663", "josm_url": "http://127.0.0.1:8111/load_object?new_layer=false&objects=w158301663", "id_url": "https://www.openstreetmap.org/edit?editor=id&way=158301663#map=20/45.5209088/9.2056765"}}, {"type": "Feature", "geometry": {"type": "Point", "coordinates": [9.2022114, 45.5259156]}, "properties": {"id": 158301664, "feat_type": "way", "quality_categories": "improper_geometries", "issue_ids": "[1]", "osm_url": "https://www.openstreetmap.org/way/158301664", "josm_url": "http://127.0.0.1:8111/load_object?new_layer=false&objects=w158301664", "id_url": "https://www.openstreetmap.org/edit?editor=id&way=158301664#map=20/45.5259156/9.2022114"}}, {"type": "Feature", "geometry": {"type": "Point", "coordinates": [9.2046612, 45.522368]}, "properties": {"id": 158301665, "feat_type": "way", "quality_categories": "improper_geometries", "issue_ids": "[1]", "osm_url": "https://www.openstreetmap.org/way/158301665", "josm_url": "http://127.0.0.1:8111/load_object?new_layer=false&objects=w158301665", "id_url": "https://www.openstreetmap.org/edit?editor=id&way=158301665#map=20/45.522368/9.2046612"}}, {"type": "Feature", "geometry": {"type": "Point", "coordinates": [9.2241605, 45.5230255]}, "properties": {"id": 162546939, "feat_type": "way", "quality_categories": "improper_geometries", "issue_ids": "[1]", "osm_url": "https://www.openstreetmap.org/way/162546939", "josm_url": "http://127.0.0.1:8111/load_object?new_layer=false&objects=w162546939", "id_url": "https://www.openstreetmap.org/edit?editor=id&way=162546939#map=20/45.5230255/9.2241605"}}, {"type": "Feature", "geometry": {"type": "Point", "coordinates": [9.2259812, 45.5233113]}, "properties": {"id": 162546941, "feat_type": "way", "quality_categories": "improper_geometries", "issue_ids": "[1]", "osm_url": "https://www.openstreetmap.org/way/162546941", "josm_url": "http://127.0.0.1:8111/load_object?new_layer=false&objects=w162546941", "id_url": "https://www.openstreetmap.org/edit?editor=id&way=162546941#map=20/45.5233113/9.2259812"}}, {"type": "Feature", "geometry": {"type": "Point", "coordinates": [9.2059064, 45.5106314]}, "properties": {"id": 163834545, "feat_type": "way", "quality_categories": "improper_geometries", "issue_ids": "[1]", "osm_url": "https://www.openstreetmap.org/way/163834545", "josm_url": "http://127.0.0.1:8111/load_object?new_layer=false&objects=w163834545", "id_url": "https://www.openstreetmap.org/edit?editor=id&way=163834545#map=20/45.5106314/9.2059064"}}, {"type": "Feature", "geometry": {"type": "Point", "coordinates": [9.186459, 45.4513444]}, "properties": {"id": 164249067, "feat_type": "way", "quality_categories": "improper_geometries", "issue_ids": "[1]", "osm_url": "https://www.openstreetmap.org/way/164249067", "josm_url": "http://127.0.0.1:8111/load_object?new_layer=false&objects=w164249067", "id_url": "https://www.openstreetmap.org/edit?editor=id&way=164249067#map=20/45.4513444/9.186459"}}, {"type": "Feature", "geometry": {"type": "Point", "coordinates": [9.1859891, 45.4498597]}, "properties": {"id": 164249068, "feat_type": "way", "quality_categories": "improper_geometries", "issue_ids": "[1]", "osm_url": "https://www.openstreetmap.org/way/164249068", "josm_url": "http://127.0.0.1:8111/load_object?new_layer=false&objects=w164249068", "id_url": "https://www.openstreetmap.org/edit?editor=id&way=164249068#map=20/45.4498597/9.1859891"}}, {"type": "Feature", "geometry": {"type": "Point", "coordinates": [9.2065135, 45.449889]}, "properties": {"id": 164940310, "feat_type": "way", "quality_categories": "improper_geometries", "issue_ids": "[1]", "osm_url": "https://www.openstreetmap.org/way/164940310", "josm_url": "http://127.0.0.1:8111/load_object?new_layer=false&objects=w164940310", "id_url": "https://www.openstreetmap.org/edit?editor=id&way=164940310#map=20/45.449889/9.2065135"}}, {"type": "Feature", "geometry": {"type": "Point", "coordinates": [9.2064404, 45.4498439]}, "properties": {"id": 164940311, "feat_type": "way", "quality_categories": "improper_geometries", "issue_ids": "[1]", "osm_url": "https://www.openstreetmap.org/way/164940311", "josm_url": "http://127.0.0.1:8111/load_object?new_layer=false&objects=w164940311", "id_url": "https://www.openstreetmap.org/edit?editor=id&way=164940311#map=20/45.4498439/9.2064404"}}, {"type": "Feature", "geometry": {"type": "Point", "coordinates": [9.1811984, 45.4828194]}, "properties": {"id": 167683590, "feat_type": "way", "quality_categories": "improper_geometries", "issue_ids": "[1]", "osm_url": "https://www.openstreetmap.org/way/167683590", "josm_url": "http://127.0.0.1:8111/load_object?new_layer=false&objects=w167683590", "id_url": "https://www.openstreetmap.org/edit?editor=id&way=167683590#map=20/45.4828194/9.1811984"}}, {"type": "Feature", "geometry": {"type": "Point", "coordinates": [9.1816723, 45.4824295]}, "properties": {"id": 167683593, "feat_type": "way", "quality_categories": "improper_geometries", "issue_ids": "[1]", "osm_url": "https://www.openstreetmap.org/way/167683593", "josm_url": "http://127.0.0.1:8111/load_object?new_layer=false&objects=w167683593", "id_url": "https://www.openstreetmap.org/edit?editor=id&way=167683593#map=20/45.4824295/9.1816723"}}, {"type": "Feature", "geometry": {"type": "Point", "coordinates": [9.1811727, 45.4829736]}, "properties": {"id": 167683594, "feat_type": "way", "quality_categories": "improper_geometries", "issue_ids": "[1]", "osm_url": "https://www.openstreetmap.org/way/167683594", "josm_url": "http://127.0.0.1:8111/load_object?new_layer=false&objects=w167683594", "id_url": "https://www.openstreetmap.org/edit?editor=id&way=167683594#map=20/45.4829736/9.1811727"}}, {"type": "Feature", "geometry": {"type": "Point", "coordinates": [9.1813273, 45.4827675]}, "properties": {"id": 167683598, "feat_type": "way", "quality_categories": "improper_geometries", "issue_ids": "[1]", "osm_url": "https://www.openstreetmap.org/way/167683598", "josm_url": "http://127.0.0.1:8111/load_object?new_layer=false&objects=w167683598", "id_url": "https://www.openstreetmap.org/edit?editor=id&way=167683598#map=20/45.4827675/9.1813273"}}, {"type": "Feature", "geometry": {"type": "Point", "coordinates": [9.1812508, 45.4828202]}, "properties": {"id": 167683600, "feat_type": "way", "quality_categories": "improper_geometries", "issue_ids": "[1]", "osm_url": "https://www.openstreetmap.org/way/167683600", "josm_url": "http://127.0.0.1:8111/load_object?new_layer=false&objects=w167683600", "id_url": "https://www.openstreetmap.org/edit?editor=id&way=167683600#map=20/45.4828202/9.1812508"}}, {"type": "Feature", "geometry": {"type": "Point", "coordinates": [9.1814812, 45.482779]}, "properties": {"id": 167683604, "feat_type": "way", "quality_categories": "improper_geometries", "issue_ids": "[1]", "osm_url": "https://www.openstreetmap.org/way/167683604", "josm_url": "http://127.0.0.1:8111/load_object?new_layer=false&objects=w167683604", "id_url": "https://www.openstreetmap.org/edit?editor=id&way=167683604#map=20/45.482779/9.1814812"}}, {"type": "Feature", "geometry": {"type": "Point", "coordinates": [9.1820774, 45.4855413]}, "properties": {"id": 167819156, "feat_type": "way", "quality_categories": "improper_geometries", "issue_ids": "[1]", "osm_url": "https://www.openstreetmap.org/way/167819156", "josm_url": "http://127.0.0.1:8111/load_object?new_layer=false&objects=w167819156", "id_url": "https://www.openstreetmap.org/edit?editor=id&way=167819156#map=20/45.4855413/9.1820774"}}, {"type": "Feature", "geometry": {"type": "Point", "coordinates": [9.1819935, 45.485497]}, "properties": {"id": 167819157, "feat_type": "way", "quality_categories": "improper_geometries", "issue_ids": "[1]", "osm_url": "https://www.openstreetmap.org/way/167819157", "josm_url": "http://127.0.0.1:8111/load_object?new_layer=false&objects=w167819157", "id_url": "https://www.openstreetmap.org/edit?editor=id&way=167819157#map=20/45.485497/9.1819935"}}, {"type": "Feature", "geometry": {"type": "Point", "coordinates": [9.205848, 45.4849492]}, "properties": {"id": 175497743, "feat_type": "way", "quality_categories": "improper_geometries", "issue_ids": "[1]", "osm_url": "https://www.openstreetmap.org/way/175497743", "josm_url": "http://127.0.0.1:8111/load_object?new_layer=false&objects=w175497743", "id_url": "https://www.openstreetmap.org/edit?editor=id&way=175497743#map=20/45.4849492/9.205848"}}, {"type": "Feature", "geometry": {"type": "Point", "coordinates": [9.2054694, 45.4847539]}, "properties": {"id": 175497747, "feat_type": "way", "quality_categories": "improper_geometries", "issue_ids": "[1]", "osm_url": "https://www.openstreetmap.org/way/175497747", "josm_url": "http://127.0.0.1:8111/load_object?new_layer=false&objects=w175497747", "id_url": "https://www.openstreetmap.org/edit?editor=id&way=175497747#map=20/45.4847539/9.2054694"}}, {"type": "Feature", "geometry": {"type": "Point", "coordinates": [9.1884898, 45.4610135]}, "properties": {"id": 196929017, "feat_type": "way", "quality_categories": "improper_geometries", "issue_ids": "[1]", "osm_url": "https://www.openstreetmap.org/way/196929017", "josm_url": "http://127.0.0.1:8111/load_object?new_layer=false&objects=w196929017", "id_url": "https://www.openstreetmap.org/edit?editor=id&way=196929017#map=20/45.4610135/9.1884898"}}, {"type": "Feature", "geometry": {"type": "Point", "coordinates": [9.1816651, 45.4821268]}, "properties": {"id": 197259550, "feat_type": "way", "quality_categories": "improper_geometries", "issue_ids": "[1]", "osm_url": "https://www.openstreetmap.org/way/197259550", "josm_url": "http://127.0.0.1:8111/load_object?new_layer=false&objects=w197259550", "id_url": "https://www.openstreetmap.org/edit?editor=id&way=197259550#map=20/45.4821268/9.1816651"}}, {"type": "Feature", "geometry": {"type": "Point", "coordinates": [9.1388129, 45.4889757]}, "properties": {"id": 197848364, "feat_type": "way", "quality_categories": "improper_geometries", "issue_ids": "[1]", "osm_url": "https://www.openstreetmap.org/way/197848364", "josm_url": "http://127.0.0.1:8111/load_object?new_layer=false&objects=w197848364", "id_url": "https://www.openstreetmap.org/edit?editor=id&way=197848364#map=20/45.4889757/9.1388129"}}, {"type": "Feature", "geometry": {"type": "Point", "coordinates": [9.1379392, 45.4901583]}, "properties": {"id": 197852994, "feat_type": "way", "quality_categories": "improper_geometries", "issue_ids": "[1]", "osm_url": "https://www.openstreetmap.org/way/197852994", "josm_url": "http://127.0.0.1:8111/load_object?new_layer=false&objects=w197852994", "id_url": "https://www.openstreetmap.org/edit?editor=id&way=197852994#map=20/45.4901583/9.1379392"}}, {"type": "Feature", "geometry": {"type": "Point", "coordinates": [9.208200286474405, 45.4973672]}, "properties": {"id": 212740206, "feat_type": "way", "quality_categories": "improper_geometries", "issue_ids": "[1]", "osm_url": "https://www.openstreetmap.org/way/212740206", "josm_url": "http://127.0.0.1:8111/load_object?new_layer=false&objects=w212740206", "id_url": "https://www.openstreetmap.org/edit?editor=id&way=212740206#map=20/45.4973672/9.208200286474405"}}, {"type": "Feature", "geometry": {"type": "Point", "coordinates": [9.208106674678525, 45.49701815]}, "properties": {"id": 212740207, "feat_type": "way", "quality_categories": "improper_geometries", "issue_ids": "[1]", "osm_url": "https://www.openstreetmap.org/way/212740207", "josm_url": "http://127.0.0.1:8111/load_object?new_layer=false&objects=w212740207", "id_url": "https://www.openstreetmap.org/edit?editor=id&way=212740207#map=20/45.49701815/9.208106674678525"}}, {"type": "Feature", "geometry": {"type": "Point", "coordinates": [9.208047284173626, 45.49681755]}, "properties": {"id": 212740208, "feat_type": "way", "quality_categories": "improper_geometries", "issue_ids": "[1]", "osm_url": "https://www.openstreetmap.org/way/212740208", "josm_url": "http://127.0.0.1:8111/load_object?new_layer=false&objects=w212740208", "id_url": "https://www.openstreetmap.org/edit?editor=id&way=212740208#map=20/45.49681755/9.208047284173626"}}, {"type": "Feature", "geometry": {"type": "Point", "coordinates": [9.2075557, 45.4954212]}, "properties": {"id": 212740209, "feat_type": "way", "quality_categories": "improper_geometries", "issue_ids": "[1]", "osm_url": "https://www.openstreetmap.org/way/212740209", "josm_url": "http://127.0.0.1:8111/load_object?new_layer=false&objects=w212740209", "id_url": "https://www.openstreetmap.org/edit?editor=id&way=212740209#map=20/45.4954212/9.2075557"}}, {"type": "Feature", "geometry": {"type": "Point", "coordinates": [9.2077986, 45.4960706]}, "properties": {"id": 212740210, "feat_type": "way", "quality_categories": "improper_geometries", "issue_ids": "[1]", "osm_url": "https://www.openstreetmap.org/way/212740210", "josm_url": "http://127.0.0.1:8111/load_object?new_layer=false&objects=w212740210", "id_url": "https://www.openstreetmap.org/edit?editor=id&way=212740210#map=20/45.4960706/9.2077986"}}, {"type": "Feature", "geometry": {"type": "Point", "coordinates": [9.1811975, 45.4437025]}, "properties": {"id": 242720437, "feat_type": "way", "quality_categories": "improper_geometries", "issue_ids": "[1]", "osm_url": "https://www.openstreetmap.org/way/242720437", "josm_url": "http://127.0.0.1:8111/load_object?new_layer=false&objects=w242720437", "id_url": "https://www.openstreetmap.org/edit?editor=id&way=242720437#map=20/45.4437025/9.1811975"}}, {"type": "Feature", "geometry": {"type": "Point", "coordinates": [9.1811488, 45.443858]}, "properties": {"id": 242720438, "feat_type": "way", "quality_categories": "improper_geometries", "issue_ids": "[1]", "osm_url": "https://www.openstreetmap.org/way/242720438", "josm_url": "http://127.0.0.1:8111/load_object?new_layer=false&objects=w242720438", "id_url": "https://www.openstreetmap.org/edit?editor=id&way=242720438#map=20/45.443858/9.1811488"}}, {"type": "Feature", "geometry": {"type": "Point", "coordinates": [9.252778081786289, 45.427517249999994]}, "properties": {"id": 245084760, "feat_type": "way", "quality_categories": "improper_geometries", "issue_ids": "[1]", "osm_url": "https://www.openstreetmap.org/way/245084760", "josm_url": "http://127.0.0.1:8111/load_object?new_layer=false&objects=w245084760", "id_url": "https://www.openstreetmap.org/edit?editor=id&way=245084760#map=20/45.427517249999994/9.252778081786289"}}, {"type": "Feature", "geometry": {"type": "Point", "coordinates": [9.2023698, 45.4846756]}, "properties": {"id": 250570900, "feat_type": "way", "quality_categories": "improper_geometries", "issue_ids": "[1]", "osm_url": "https://www.openstreetmap.org/way/250570900", "josm_url": "http://127.0.0.1:8111/load_object?new_layer=false&objects=w250570900", "id_url": "https://www.openstreetmap.org/edit?editor=id&way=250570900#map=20/45.4846756/9.2023698"}}, {"type": "Feature", "geometry": {"type": "Point", "coordinates": [9.2032975, 45.4841643]}, "properties": {"id": 250570901, "feat_type": "way", "quality_categories": "improper_geometries", "issue_ids": "[1]", "osm_url": "https://www.openstreetmap.org/way/250570901", "josm_url": "http://127.0.0.1:8111/load_object?new_layer=false&objects=w250570901", "id_url": "https://www.openstreetmap.org/edit?editor=id&way=250570901#map=20/45.4841643/9.2032975"}}, {"type": "Feature", "geometry": {"type": "Point", "coordinates": [9.2033448, 45.4842205]}, "properties": {"id": 250570902, "feat_type": "way", "quality_categories": "improper_geometries", "issue_ids": "[1]", "osm_url": "https://www.openstreetmap.org/way/250570902", "josm_url": "http://127.0.0.1:8111/load_object?new_layer=false&objects=w250570902", "id_url": "https://www.openstreetmap.org/edit?editor=id&way=250570902#map=20/45.4842205/9.2033448"}}, {"type": "Feature", "geometry": {"type": "Point", "coordinates": [9.2024245, 45.4847305]}, "properties": {"id": 250570903, "feat_type": "way", "quality_categories": "improper_geometries", "issue_ids": "[1]", "osm_url": "https://www.openstreetmap.org/way/250570903", "josm_url": "http://127.0.0.1:8111/load_object?new_layer=false&objects=w250570903", "id_url": "https://www.openstreetmap.org/edit?editor=id&way=250570903#map=20/45.4847305/9.2024245"}}, {"type": "Feature", "geometry": {"type": "Point", "coordinates": [9.2034714, 45.4841722]}, "properties": {"id": 250570904, "feat_type": "way", "quality_categories": "improper_geometries", "issue_ids": "[1]", "osm_url": "https://www.openstreetmap.org/way/250570904", "josm_url": "http://127.0.0.1:8111/load_object?new_layer=false&objects=w250570904", "id_url": "https://www.openstreetmap.org/edit?editor=id&way=250570904#map=20/45.4841722/9.2034714"}}, {"type": "Feature", "geometry": {"type": "Point", "coordinates": [9.2017916, 45.485046]}, "properties": {"id": 250570905, "feat_type": "way", "quality_categories": "improper_geometries", "issue_ids": "[1]", "osm_url": "https://www.openstreetmap.org/way/250570905", "josm_url": "http://127.0.0.1:8111/load_object?new_layer=false&objects=w250570905", "id_url": "https://www.openstreetmap.org/edit?editor=id&way=250570905#map=20/45.485046/9.2017916"}}, {"type": "Feature", "geometry": {"type": "Point", "coordinates": [9.2022184, 45.4848188]}, "properties": {"id": 250570906, "feat_type": "way", "quality_categories": "improper_geometries", "issue_ids": "[1]", "osm_url": "https://www.openstreetmap.org/way/250570906", "josm_url": "http://127.0.0.1:8111/load_object?new_layer=false&objects=w250570906", "id_url": "https://www.openstreetmap.org/edit?editor=id&way=250570906#map=20/45.4848188/9.2022184"}}, {"type": "Feature", "geometry": {"type": "Point", "coordinates": [9.2027267, 45.4844868]}, "properties": {"id": 250570907, "feat_type": "way", "quality_categories": "improper_geometries", "issue_ids": "[1]", "osm_url": "https://www.openstreetmap.org/way/250570907", "josm_url": "http://127.0.0.1:8111/load_object?new_layer=false&objects=w250570907", "id_url": "https://www.openstreetmap.org/edit?editor=id&way=250570907#map=20/45.4844868/9.2027267"}}, {"type": "Feature", "geometry": {"type": "Point", "coordinates": [9.2029796, 45.4844147]}, "properties": {"id": 250570909, "feat_type": "way", "quality_categories": "improper_geometries", "issue_ids": "[1]", "osm_url": "https://www.openstreetmap.org/way/250570909", "josm_url": "http://127.0.0.1:8111/load_object?new_layer=false&objects=w250570909", "id_url": "https://www.openstreetmap.org/edit?editor=id&way=250570909#map=20/45.4844147/9.2029796"}}, {"type": "Feature", "geometry": {"type": "Point", "coordinates": [9.2177827, 45.4861655]}, "properties": {"id": 253639599, "feat_type": "way", "quality_categories": "improper_geometries", "issue_ids": "[1]", "osm_url": "https://www.openstreetmap.org/way/253639599", "josm_url": "http://127.0.0.1:8111/load_object?new_layer=false&objects=w253639599", "id_url": "https://www.openstreetmap.org/edit?editor=id&way=253639599#map=20/45.4861655/9.2177827"}}, {"type": "Feature", "geometry": {"type": "Point", "coordinates": [9.2261134, 45.5173647]}, "properties": {"id": 261849461, "feat_type": "way", "quality_categories": "improper_geometries", "issue_ids": "[1]", "osm_url": "https://www.openstreetmap.org/way/261849461", "josm_url": "http://127.0.0.1:8111/load_object?new_layer=false&objects=w261849461", "id_url": "https://www.openstreetmap.org/edit?editor=id&way=261849461#map=20/45.5173647/9.2261134"}}, {"type": "Feature", "geometry": {"type": "Point", "coordinates": [9.1925505, 45.5241173]}, "properties": {"id": 269093203, "feat_type": "way", "quality_categories": "improper_geometries", "issue_ids": "[1]", "osm_url": "https://www.openstreetmap.org/way/269093203", "josm_url": "http://127.0.0.1:8111/load_object?new_layer=false&objects=w269093203", "id_url": "https://www.openstreetmap.org/edit?editor=id&way=269093203#map=20/45.5241173/9.1925505"}}, {"type": "Feature", "geometry": {"type": "Point", "coordinates": [9.1867393, 45.5272287]}, "properties": {"id": 269859726, "feat_type": "way", "quality_categories": "improper_geometries", "issue_ids": "[1]", "osm_url": "https://www.openstreetmap.org/way/269859726", "josm_url": "http://127.0.0.1:8111/load_object?new_layer=false&objects=w269859726", "id_url": "https://www.openstreetmap.org/edit?editor=id&way=269859726#map=20/45.5272287/9.1867393"}}, {"type": "Feature", "geometry": {"type": "Point", "coordinates": [9.1812919, 45.5280327]}, "properties": {"id": 269859727, "feat_type": "way", "quality_categories": "improper_geometries", "issue_ids": "[1]", "osm_url": "https://www.openstreetmap.org/way/269859727", "josm_url": "http://127.0.0.1:8111/load_object?new_layer=false&objects=w269859727", "id_url": "https://www.openstreetmap.org/edit?editor=id&way=269859727#map=20/45.5280327/9.1812919"}}, {"type": "Feature", "geometry": {"type": "Point", "coordinates": [9.1812787, 45.4824561]}, "properties": {"id": 302453629, "feat_type": "way", "quality_categories": "improper_geometries", "issue_ids": "[1]", "osm_url": "https://www.openstreetmap.org/way/302453629", "josm_url": "http://127.0.0.1:8111/load_object?new_layer=false&objects=w302453629", "id_url": "https://www.openstreetmap.org/edit?editor=id&way=302453629#map=20/45.4824561/9.1812787"}}, {"type": "Feature", "geometry": {"type": "Point", "coordinates": [9.1528555, 45.4671194]}, "properties": {"id": 326932123, "feat_type": "way", "quality_categories": "improper_geometries", "issue_ids": "[1]", "osm_url": "https://www.openstreetmap.org/way/326932123", "josm_url": "http://127.0.0.1:8111/load_object?new_layer=false&objects=w326932123", "id_url": "https://www.openstreetmap.org/edit?editor=id&way=326932123#map=20/45.4671194/9.1528555"}}, {"type": "Feature", "geometry": {"type": "Point", "coordinates": [9.256727155460524, 45.429750600000006]}, "properties": {"id": 327885436, "feat_type": "way", "quality_categories": "improper_geometries", "issue_ids": "[1]", "osm_url": "https://www.openstreetmap.org/way/327885436", "josm_url": "http://127.0.0.1:8111/load_object?new_layer=false&objects=w327885436", "id_url": "https://www.openstreetmap.org/edit?editor=id&way=327885436#map=20/45.429750600000006/9.256727155460524"}}, {"type": "Feature", "geometry": {"type": "Point", "coordinates": [9.1922922, 45.4821711]}, "properties": {"id": 370211526, "feat_type": "way", "quality_categories": "improper_geometries", "issue_ids": "[1]", "osm_url": "https://www.openstreetmap.org/way/370211526", "josm_url": "http://127.0.0.1:8111/load_object?new_layer=false&objects=w370211526", "id_url": "https://www.openstreetmap.org/edit?editor=id&way=370211526#map=20/45.4821711/9.1922922"}}, {"type": "Feature", "geometry": {"type": "Point", "coordinates": [9.1930201, 45.4827936]}, "properties": {"id": 370211527, "feat_type": "way", "quality_categories": "improper_geometries", "issue_ids": "[1]", "osm_url": "https://www.openstreetmap.org/way/370211527", "josm_url": "http://127.0.0.1:8111/load_object?new_layer=false&objects=w370211527", "id_url": "https://www.openstreetmap.org/edit?editor=id&way=370211527#map=20/45.4827936/9.1930201"}}, {"type": "Feature", "geometry": {"type": "Point", "coordinates": [9.1907358, 45.4808586]}, "properties": {"id": 370211528, "feat_type": "way", "quality_categories": "improper_geometries", "issue_ids": "[1]", "osm_url": "https://www.openstreetmap.org/way/370211528", "josm_url": "http://127.0.0.1:8111/load_object?new_layer=false&objects=w370211528", "id_url": "https://www.openstreetmap.org/edit?editor=id&way=370211528#map=20/45.4808586/9.1907358"}}, {"type": "Feature", "geometry": {"type": "Point", "coordinates": [9.193927, 45.48356]}, "properties": {"id": 370211530, "feat_type": "way", "quality_categories": "improper_geometries", "issue_ids": "[1]", "osm_url": "https://www.openstreetmap.org/way/370211530", "josm_url": "http://127.0.0.1:8111/load_object?new_layer=false&objects=w370211530", "id_url": "https://www.openstreetmap.org/edit?editor=id&way=370211530#map=20/45.48356/9.193927"}}, {"type": "Feature", "geometry": {"type": "Point", "coordinates": [9.1883881, 45.4610274]}, "properties": {"id": 379870144, "feat_type": "way", "quality_categories": "improper_geometries", "issue_ids": "[1]", "osm_url": "https://www.openstreetmap.org/way/379870144", "josm_url": "http://127.0.0.1:8111/load_object?new_layer=false&objects=w379870144", "id_url": "https://www.openstreetmap.org/edit?editor=id&way=379870144#map=20/45.4610274/9.1883881"}}, {"type": "Feature", "geometry": {"type": "Point", "coordinates": [9.188456, 45.4605652]}, "properties": {"id": 379873071, "feat_type": "way", "quality_categories": "improper_geometries", "issue_ids": "[1]", "osm_url": "https://www.openstreetmap.org/way/379873071", "josm_url": "http://127.0.0.1:8111/load_object?new_layer=false&objects=w379873071", "id_url": "https://www.openstreetmap.org/edit?editor=id&way=379873071#map=20/45.4605652/9.188456"}}, {"type": "Feature", "geometry": {"type": "Point", "coordinates": [9.2158841, 45.4809845]}, "properties": {"id": 385294984, "feat_type": "way", "quality_categories": "improper_geometries", "issue_ids": "[1]", "osm_url": "https://www.openstreetmap.org/way/385294984", "josm_url": "http://127.0.0.1:8111/load_object?new_layer=false&objects=w385294984", "id_url": "https://www.openstreetmap.org/edit?editor=id&way=385294984#map=20/45.4809845/9.2158841"}}, {"type": "Feature", "geometry": {"type": "Point", "coordinates": [9.2126753, 45.4858051]}, "properties": {"id": 385395014, "feat_type": "way", "quality_categories": "improper_geometries", "issue_ids": "[1]", "osm_url": "https://www.openstreetmap.org/way/385395014", "josm_url": "http://127.0.0.1:8111/load_object?new_layer=false&objects=w385395014", "id_url": "https://www.openstreetmap.org/edit?editor=id&way=385395014#map=20/45.4858051/9.2126753"}}, {"type": "Feature", "geometry": {"type": "Point", "coordinates": [9.2128595, 45.4857061]}, "properties": {"id": 385395017, "feat_type": "way", "quality_categories": "improper_geometries", "issue_ids": "[1]", "osm_url": "https://www.openstreetmap.org/way/385395017", "josm_url": "http://127.0.0.1:8111/load_object?new_layer=false&objects=w385395017", "id_url": "https://www.openstreetmap.org/edit?editor=id&way=385395017#map=20/45.4857061/9.2128595"}}, {"type": "Feature", "geometry": {"type": "Point", "coordinates": [9.204208, 45.4745612]}, "properties": {"id": 385968572, "feat_type": "way", "quality_categories": "improper_geometries", "issue_ids": "[1]", "osm_url": "https://www.openstreetmap.org/way/385968572", "josm_url": "http://127.0.0.1:8111/load_object?new_layer=false&objects=w385968572", "id_url": "https://www.openstreetmap.org/edit?editor=id&way=385968572#map=20/45.4745612/9.204208"}}, {"type": "Feature", "geometry": {"type": "Point", "coordinates": [9.1990669, 45.4768993]}, "properties": {"id": 385968573, "feat_type": "way", "quality_categories": "improper_geometries", "issue_ids": "[1]", "osm_url": "https://www.openstreetmap.org/way/385968573", "josm_url": "http://127.0.0.1:8111/load_object?new_layer=false&objects=w385968573", "id_url": "https://www.openstreetmap.org/edit?editor=id&way=385968573#map=20/45.4768993/9.1990669"}}, {"type": "Feature", "geometry": {"type": "Point", "coordinates": [9.2008123, 45.4893567]}, "properties": {"id": 386463662, "feat_type": "way", "quality_categories": "improper_geometries", "issue_ids": "[1]", "osm_url": "https://www.openstreetmap.org/way/386463662", "josm_url": "http://127.0.0.1:8111/load_object?new_layer=false&objects=w386463662", "id_url": "https://www.openstreetmap.org/edit?editor=id&way=386463662#map=20/45.4893567/9.2008123"}}, {"type": "Feature", "geometry": {"type": "Point", "coordinates": [9.2013257, 45.4897947]}, "properties": {"id": 386463910, "feat_type": "way", "quality_categories": "improper_geometries", "issue_ids": "[1]", "osm_url": "https://www.openstreetmap.org/way/386463910", "josm_url": "http://127.0.0.1:8111/load_object?new_layer=false&objects=w386463910", "id_url": "https://www.openstreetmap.org/edit?editor=id&way=386463910#map=20/45.4897947/9.2013257"}}, {"type": "Feature", "geometry": {"type": "Point", "coordinates": [9.2168668, 45.4792114]}, "properties": {"id": 387893369, "feat_type": "way", "quality_categories": "improper_geometries", "issue_ids": "[1]", "osm_url": "https://www.openstreetmap.org/way/387893369", "josm_url": "http://127.0.0.1:8111/load_object?new_layer=false&objects=w387893369", "id_url": "https://www.openstreetmap.org/edit?editor=id&way=387893369#map=20/45.4792114/9.2168668"}}, {"type": "Feature", "geometry": {"type": "Point", "coordinates": [9.1865038, 45.4804994]}, "properties": {"id": 388264403, "feat_type": "way", "quality_categories": "improper_geometries", "issue_ids": "[1]", "osm_url": "https://www.openstreetmap.org/way/388264403", "josm_url": "http://127.0.0.1:8111/load_object?new_layer=false&objects=w388264403", "id_url": "https://www.openstreetmap.org/edit?editor=id&way=388264403#map=20/45.4804994/9.1865038"}}, {"type": "Feature", "geometry": {"type": "Point", "coordinates": [9.2631984, 45.4325287]}, "properties": {"id": 391741860, "feat_type": "way", "quality_categories": "improper_geometries", "issue_ids": "[1]", "osm_url": "https://www.openstreetmap.org/way/391741860", "josm_url": "http://127.0.0.1:8111/load_object?new_layer=false&objects=w391741860", "id_url": "https://www.openstreetmap.org/edit?editor=id&way=391741860#map=20/45.4325287/9.2631984"}}, {"type": "Feature", "geometry": {"type": "Point", "coordinates": [9.1901547, 45.4569328]}, "properties": {"id": 396367447, "feat_type": "way", "quality_categories": "improper_geometries", "issue_ids": "[1]", "osm_url": "https://www.openstreetmap.org/way/396367447", "josm_url": "http://127.0.0.1:8111/load_object?new_layer=false&objects=w396367447", "id_url": "https://www.openstreetmap.org/edit?editor=id&way=396367447#map=20/45.4569328/9.1901547"}}, {"type": "Feature", "geometry": {"type": "Point", "coordinates": [9.1920174, 45.4573752]}, "properties": {"id": 396367464, "feat_type": "way", "quality_categories": "improper_geometries", "issue_ids": "[1]", "osm_url": "https://www.openstreetmap.org/way/396367464", "josm_url": "http://127.0.0.1:8111/load_object?new_layer=false&objects=w396367464", "id_url": "https://www.openstreetmap.org/edit?editor=id&way=396367464#map=20/45.4573752/9.1920174"}}, {"type": "Feature", "geometry": {"type": "Point", "coordinates": [9.2591291, 45.5070182]}, "properties": {"id": 522479233, "feat_type": "way", "quality_categories": "improper_geometries", "issue_ids": "[1]", "osm_url": "https://www.openstreetmap.org/way/522479233", "josm_url": "http://127.0.0.1:8111/load_object?new_layer=false&objects=w522479233", "id_url": "https://www.openstreetmap.org/edit?editor=id&way=522479233#map=20/45.5070182/9.2591291"}}, {"type": "Feature", "geometry": {"type": "Point", "coordinates": [9.149834110306386, 45.46662355]}, "properties": {"id": 659170655, "feat_type": "way", "quality_categories": "improper_geometries", "issue_ids": "[1]", "osm_url": "https://www.openstreetmap.org/way/659170655", "josm_url": "http://127.0.0.1:8111/load_object?new_layer=false&objects=w659170655", "id_url": "https://www.openstreetmap.org/edit?editor=id&way=659170655#map=20/45.46662355/9.149834110306386"}}, {"type": "Feature", "geometry": {"type": "Point", "coordinates": [9.104167930935253, 45.4752769]}, "properties": {"id": 675674051, "feat_type": "way", "quality_categories": "improper_geometries", "issue_ids": "[1]", "osm_url": "https://www.openstreetmap.org/way/675674051", "josm_url": "http://127.0.0.1:8111/load_object?new_layer=false&objects=w675674051", "id_url": "https://www.openstreetmap.org/edit?editor=id&way=675674051#map=20/45.4752769/9.104167930935253"}}, {"type": "Feature", "geometry": {"type": "Point", "coordinates": [9.106001893768116, 45.47861605]}, "properties": {"id": 675797743, "feat_type": "way", "quality_categories": "improper_geometries", "issue_ids": "[1]", "osm_url": "https://www.openstreetmap.org/way/675797743", "josm_url": "http://127.0.0.1:8111/load_object?new_layer=false&objects=w675797743", "id_url": "https://www.openstreetmap.org/edit?editor=id&way=675797743#map=20/45.47861605/9.106001893768116"}}, {"type": "Feature", "geometry": {"type": "Point", "coordinates": [9.2035986, 45.4840863]}, "properties": {"id": 705605426, "feat_type": "way", "quality_categories": "improper_geometries", "issue_ids": "[1]", "osm_url": "https://www.openstreetmap.org/way/705605426", "josm_url": "http://127.0.0.1:8111/load_object?new_layer=false&objects=w705605426", "id_url": "https://www.openstreetmap.org/edit?editor=id&way=705605426#map=20/45.4840863/9.2035986"}}, {"type": "Feature", "geometry": {"type": "Point", "coordinates": [9.2039084, 45.4839223]}, "properties": {"id": 705605427, "feat_type": "way", "quality_categories": "improper_geometries", "issue_ids": "[1]", "osm_url": "https://www.openstreetmap.org/way/705605427", "josm_url": "http://127.0.0.1:8111/load_object?new_layer=false&objects=w705605427", "id_url": "https://www.openstreetmap.org/edit?editor=id&way=705605427#map=20/45.4839223/9.2039084"}}, {"type": "Feature", "geometry": {"type": "Point", "coordinates": [9.2021603, 45.4848496]}, "properties": {"id": 705605433, "feat_type": "way", "quality_categories": "improper_geometries", "issue_ids": "[1]", "osm_url": "https://www.openstreetmap.org/way/705605433", "josm_url": "http://127.0.0.1:8111/load_object?new_layer=false&objects=w705605433", "id_url": "https://www.openstreetmap.org/edit?editor=id&way=705605433#map=20/45.4848496/9.2021603"}}, {"type": "Feature", "geometry": {"type": "Point", "coordinates": [9.2341769, 45.4838493]}, "properties": {"id": 736649219, "feat_type": "way", "quality_categories": "improper_geometries", "issue_ids": "[1]", "osm_url": "https://www.openstreetmap.org/way/736649219", "josm_url": "http://127.0.0.1:8111/load_object?new_layer=false&objects=w736649219", "id_url": "https://www.openstreetmap.org/edit?editor=id&way=736649219#map=20/45.4838493/9.2341769"}}, {"type": "Feature", "geometry": {"type": "Point", "coordinates": [9.2343492, 45.483972]}, "properties": {"id": 736649220, "feat_type": "way", "quality_categories": "improper_geometries", "issue_ids": "[1]", "osm_url": "https://www.openstreetmap.org/way/736649220", "josm_url": "http://127.0.0.1:8111/load_object?new_layer=false&objects=w736649220", "id_url": "https://www.openstreetmap.org/edit?editor=id&way=736649220#map=20/45.483972/9.2343492"}}, {"type": "Feature", "geometry": {"type": "Point", "coordinates": [9.2343354, 45.4838867]}, "properties": {"id": 736649221, "feat_type": "way", "quality_categories": "improper_geometries", "issue_ids": "[1]", "osm_url": "https://www.openstreetmap.org/way/736649221", "josm_url": "http://127.0.0.1:8111/load_object?new_layer=false&objects=w736649221", "id_url": "https://www.openstreetmap.org/edit?editor=id&way=736649221#map=20/45.4838867/9.2343354"}}, {"type": "Feature", "geometry": {"type": "Point", "coordinates": [9.2343536, 45.4838105]}, "properties": {"id": 736649222, "feat_type": "way", "quality_categories": "improper_geometries", "issue_ids": "[1]", "osm_url": "https://www.openstreetmap.org/way/736649222", "josm_url": "http://127.0.0.1:8111/load_object?new_layer=false&objects=w736649222", "id_url": "https://www.openstreetmap.org/edit?editor=id&way=736649222#map=20/45.4838105/9.2343536"}}, {"type": "Feature", "geometry": {"type": "Point", "coordinates": [9.234411, 45.4838393]}, "properties": {"id": 736649223, "feat_type": "way", "quality_categories": "improper_geometries", "issue_ids": "[1]", "osm_url": "https://www.openstreetmap.org/way/736649223", "josm_url": "http://127.0.0.1:8111/load_object?new_layer=false&objects=w736649223", "id_url": "https://www.openstreetmap.org/edit?editor=id&way=736649223#map=20/45.4838393/9.234411"}}, {"type": "Feature", "geometry": {"type": "Point", "coordinates": [9.2344213, 45.4838719]}, "properties": {"id": 736649224, "feat_type": "way", "quality_categories": "improper_geometries", "issue_ids": "[1]", "osm_url": "https://www.openstreetmap.org/way/736649224", "josm_url": "http://127.0.0.1:8111/load_object?new_layer=false&objects=w736649224", "id_url": "https://www.openstreetmap.org/edit?editor=id&way=736649224#map=20/45.4838719/9.2344213"}}, {"type": "Feature", "geometry": {"type": "Point", "coordinates": [9.151511243754943, 45.4771334]}, "properties": {"id": 848021687, "feat_type": "way", "quality_categories": "improper_geometries", "issue_ids": "[1]", "osm_url": "https://www.openstreetmap.org/way/848021687", "josm_url": "http://127.0.0.1:8111/load_object?new_layer=false&objects=w848021687", "id_url": "https://www.openstreetmap.org/edit?editor=id&way=848021687#map=20/45.4771334/9.151511243754943"}}, {"type": "Feature", "geometry": {"type": "Point", "coordinates": [9.216963, 45.4871021]}, "properties": {"id": 859694050, "feat_type": "way", "quality_categories": "improper_geometries", "issue_ids": "[1]", "osm_url": "https://www.openstreetmap.org/way/859694050", "josm_url": "http://127.0.0.1:8111/load_object?new_layer=false&objects=w859694050", "id_url": "https://www.openstreetmap.org/edit?editor=id&way=859694050#map=20/45.4871021/9.216963"}}, {"type": "Feature", "geometry": {"type": "Point", "coordinates": [9.216899, 45.4867766]}, "properties": {"id": 859694051, "feat_type": "way", "quality_categories": "improper_geometries", "issue_ids": "[1]", "osm_url": "https://www.openstreetmap.org/way/859694051", "josm_url": "http://127.0.0.1:8111/load_object?new_layer=false&objects=w859694051", "id_url": "https://www.openstreetmap.org/edit?editor=id&way=859694051#map=20/45.4867766/9.216899"}}, {"type": "Feature", "geometry": {"type": "Point", "coordinates": [9.2180928, 45.4861195]}, "properties": {"id": 859694052, "feat_type": "way", "quality_categories": "improper_geometries", "issue_ids": "[1]", "osm_url": "https://www.openstreetmap.org/way/859694052", "josm_url": "http://127.0.0.1:8111/load_object?new_layer=false&objects=w859694052", "id_url": "https://www.openstreetmap.org/edit?editor=id&way=859694052#map=20/45.4861195/9.2180928"}}, {"type": "Feature", "geometry": {"type": "Point", "coordinates": [9.2180314, 45.4861196]}, "properties": {"id": 859694053, "feat_type": "way", "quality_categories": "improper_geometries", "issue_ids": "[1]", "osm_url": "https://www.openstreetmap.org/way/859694053", "josm_url": "http://127.0.0.1:8111/load_object?new_layer=false&objects=w859694053", "id_url": "https://www.openstreetmap.org/edit?editor=id&way=859694053#map=20/45.4861196/9.2180314"}}, {"type": "Feature", "geometry": {"type": "Point", "coordinates": [9.2181316, 45.4860925]}, "properties": {"id": 859694054, "feat_type": "way", "quality_categories": "improper_geometries", "issue_ids": "[1]", "osm_url": "https://www.openstreetmap.org/way/859694054", "josm_url": "http://127.0.0.1:8111/load_object?new_layer=false&objects=w859694054", "id_url": "https://www.openstreetmap.org/edit?editor=id&way=859694054#map=20/45.4860925/9.2181316"}}, {"type": "Feature", "geometry": {"type": "Point", "coordinates": [9.2180299, 45.4862007]}, "properties": {"id": 859694055, "feat_type": "way", "quality_categories": "improper_geometries", "issue_ids": "[1]", "osm_url": "https://www.openstreetmap.org/way/859694055", "josm_url": "http://127.0.0.1:8111/load_object?new_layer=false&objects=w859694055", "id_url": "https://www.openstreetmap.org/edit?editor=id&way=859694055#map=20/45.4862007/9.2180299"}}, {"type": "Feature", "geometry": {"type": "Point", "coordinates": [9.2179621, 45.4861652]}, "properties": {"id": 859694056, "feat_type": "way", "quality_categories": "improper_geometries", "issue_ids": "[1]", "osm_url": "https://www.openstreetmap.org/way/859694056", "josm_url": "http://127.0.0.1:8111/load_object?new_layer=false&objects=w859694056", "id_url": "https://www.openstreetmap.org/edit?editor=id&way=859694056#map=20/45.4861652/9.2179621"}}, {"type": "Feature", "geometry": {"type": "Point", "coordinates": [9.2179854, 45.4860342]}, "properties": {"id": 859694057, "feat_type": "way", "quality_categories": "improper_geometries", "issue_ids": "[1]", "osm_url": "https://www.openstreetmap.org/way/859694057", "josm_url": "http://127.0.0.1:8111/load_object?new_layer=false&objects=w859694057", "id_url": "https://www.openstreetmap.org/edit?editor=id&way=859694057#map=20/45.4860342/9.2179854"}}, {"type": "Feature", "geometry": {"type": "Point", "coordinates": [9.2179189, 45.4860728]}, "properties": {"id": 859694058, "feat_type": "way", "quality_categories": "improper_geometries", "issue_ids": "[1]", "osm_url": "https://www.openstreetmap.org/way/859694058", "josm_url": "http://127.0.0.1:8111/load_object?new_layer=false&objects=w859694058", "id_url": "https://www.openstreetmap.org/edit?editor=id&way=859694058#map=20/45.4860728/9.2179189"}}, {"type": "Feature", "geometry": {"type": "Point", "coordinates": [9.2160068, 45.4861905]}, "properties": {"id": 859694059, "feat_type": "way", "quality_categories": "improper_geometries", "issue_ids": "[1]", "osm_url": "https://www.openstreetmap.org/way/859694059", "josm_url": "http://127.0.0.1:8111/load_object?new_layer=false&objects=w859694059", "id_url": "https://www.openstreetmap.org/edit?editor=id&way=859694059#map=20/45.4861905/9.2160068"}}, {"type": "Feature", "geometry": {"type": "Point", "coordinates": [9.216474, 45.4931332]}, "properties": {"id": 860579004, "feat_type": "way", "quality_categories": "improper_geometries", "issue_ids": "[1]", "osm_url": "https://www.openstreetmap.org/way/860579004", "josm_url": "http://127.0.0.1:8111/load_object?new_layer=false&objects=w860579004", "id_url": "https://www.openstreetmap.org/edit?editor=id&way=860579004#map=20/45.4931332/9.216474"}}, {"type": "Feature", "geometry": {"type": "Point", "coordinates": [9.2164124, 45.49312]}, "properties": {"id": 860579005, "feat_type": "way", "quality_categories": "improper_geometries", "issue_ids": "[1]", "osm_url": "https://www.openstreetmap.org/way/860579005", "josm_url": "http://127.0.0.1:8111/load_object?new_layer=false&objects=w860579005", "id_url": "https://www.openstreetmap.org/edit?editor=id&way=860579005#map=20/45.49312/9.2164124"}}, {"type": "Feature", "geometry": {"type": "Point", "coordinates": [9.216522720652174, 45.4932564]}, "properties": {"id": 860579008, "feat_type": "way", "quality_categories": "improper_geometries", "issue_ids": "[1]", "osm_url": "https://www.openstreetmap.org/way/860579008", "josm_url": "http://127.0.0.1:8111/load_object?new_layer=false&objects=w860579008", "id_url": "https://www.openstreetmap.org/edit?editor=id&way=860579008#map=20/45.4932564/9.216522720652174"}}, {"type": "Feature", "geometry": {"type": "Point", "coordinates": [9.2346116, 45.4841254]}, "properties": {"id": 885527334, "feat_type": "way", "quality_categories": "improper_geometries", "issue_ids": "[1]", "osm_url": "https://www.openstreetmap.org/way/885527334", "josm_url": "http://127.0.0.1:8111/load_object?new_layer=false&objects=w885527334", "id_url": "https://www.openstreetmap.org/edit?editor=id&way=885527334#map=20/45.4841254/9.2346116"}}, {"type": "Feature", "geometry": {"type": "Point", "coordinates": [9.1851879, 45.4912324]}, "properties": {"id": 889016110, "feat_type": "way", "quality_categories": "improper_geometries", "issue_ids": "[1]", "osm_url": "https://www.openstreetmap.org/way/889016110", "josm_url": "http://127.0.0.1:8111/load_object?new_layer=false&objects=w889016110", "id_url": "https://www.openstreetmap.org/edit?editor=id&way=889016110#map=20/45.4912324/9.1851879"}}, {"type": "Feature", "geometry": {"type": "Point", "coordinates": [9.1852081, 45.4912806]}, "properties": {"id": 889016111, "feat_type": "way", "quality_categories": "improper_geometries", "issue_ids": "[1]", "osm_url": "https://www.openstreetmap.org/way/889016111", "josm_url": "http://127.0.0.1:8111/load_object?new_layer=false&objects=w889016111", "id_url": "https://www.openstreetmap.org/edit?editor=id&way=889016111#map=20/45.4912806/9.1852081"}}, {"type": "Feature", "geometry": {"type": "Point", "coordinates": [9.1826463, 45.4817368]}, "properties": {"id": 902294036, "feat_type": "way", "quality_categories": "improper_geometries", "issue_ids": "[1]", "osm_url": "https://www.openstreetmap.org/way/902294036", "josm_url": "http://127.0.0.1:8111/load_object?new_layer=false&objects=w902294036", "id_url": "https://www.openstreetmap.org/edit?editor=id&way=902294036#map=20/45.4817368/9.1826463"}}, {"type": "Feature", "geometry": {"type": "Point", "coordinates": [9.1847255, 45.4810268]}, "properties": {"id": 902294039, "feat_type": "way", "quality_categories": "improper_geometries", "issue_ids": "[1]", "osm_url": "https://www.openstreetmap.org/way/902294039", "josm_url": "http://127.0.0.1:8111/load_object?new_layer=false&objects=w902294039", "id_url": "https://www.openstreetmap.org/edit?editor=id&way=902294039#map=20/45.4810268/9.1847255"}}, {"type": "Feature", "geometry": {"type": "Point", "coordinates": [9.2060408, 45.4846973]}, "properties": {"id": 936646981, "feat_type": "way", "quality_categories": "improper_geometries", "issue_ids": "[1]", "osm_url": "https://www.openstreetmap.org/way/936646981", "josm_url": "http://127.0.0.1:8111/load_object?new_layer=false&objects=w936646981", "id_url": "https://www.openstreetmap.org/edit?editor=id&way=936646981#map=20/45.4846973/9.2060408"}}, {"type": "Feature", "geometry": {"type": "Point", "coordinates": [9.2027312, 45.486146]}, "properties": {"id": 936647000, "feat_type": "way", "quality_categories": "improper_geometries", "issue_ids": "[1]", "osm_url": "https://www.openstreetmap.org/way/936647000", "josm_url": "http://127.0.0.1:8111/load_object?new_layer=false&objects=w936647000", "id_url": "https://www.openstreetmap.org/edit?editor=id&way=936647000#map=20/45.486146/9.2027312"}}, {"type": "Feature", "geometry": {"type": "Point", "coordinates": [9.2025007, 45.485767]}, "properties": {"id": 936647001, "feat_type": "way", "quality_categories": "improper_geometries", "issue_ids": "[1]", "osm_url": "https://www.openstreetmap.org/way/936647001", "josm_url": "http://127.0.0.1:8111/load_object?new_layer=false&objects=w936647001", "id_url": "https://www.openstreetmap.org/edit?editor=id&way=936647001#map=20/45.485767/9.2025007"}}, {"type": "Feature", "geometry": {"type": "Point", "coordinates": [9.2025651, 45.4859798]}, "properties": {"id": 936647002, "feat_type": "way", "quality_categories": "improper_geometries", "issue_ids": "[1]", "osm_url": "https://www.openstreetmap.org/way/936647002", "josm_url": "http://127.0.0.1:8111/load_object?new_layer=false&objects=w936647002", "id_url": "https://www.openstreetmap.org/edit?editor=id&way=936647002#map=20/45.4859798/9.2025651"}}, {"type": "Feature", "geometry": {"type": "Point", "coordinates": [9.2024299, 45.4862353]}, "properties": {"id": 936647012, "feat_type": "way", "quality_categories": "improper_geometries", "issue_ids": "[1]", "osm_url": "https://www.openstreetmap.org/way/936647012", "josm_url": "http://127.0.0.1:8111/load_object?new_layer=false&objects=w936647012", "id_url": "https://www.openstreetmap.org/edit?editor=id&way=936647012#map=20/45.4862353/9.2024299"}}, {"type": "Feature", "geometry": {"type": "Point", "coordinates": [9.1377148, 45.507921]}, "properties": {"id": 945055636, "feat_type": "way", "quality_categories": "improper_geometries", "issue_ids": "[1]", "osm_url": "https://www.openstreetmap.org/way/945055636", "josm_url": "http://127.0.0.1:8111/load_object?new_layer=false&objects=w945055636", "id_url": "https://www.openstreetmap.org/edit?editor=id&way=945055636#map=20/45.507921/9.1377148"}}, {"type": "Feature", "geometry": {"type": "Point", "coordinates": [9.2391606, 45.4420918]}, "properties": {"id": 957107421, "feat_type": "way", "quality_categories": "improper_geometries", "issue_ids": "[1]", "osm_url": "https://www.openstreetmap.org/way/957107421", "josm_url": "http://127.0.0.1:8111/load_object?new_layer=false&objects=w957107421", "id_url": "https://www.openstreetmap.org/edit?editor=id&way=957107421#map=20/45.4420918/9.2391606"}}, {"type": "Feature", "geometry": {"type": "Point", "coordinates": [9.147576024431817, 45.50001615]}, "properties": {"id": 957861907, "feat_type": "way", "quality_categories": "improper_geometries", "issue_ids": "[1]", "osm_url": "https://www.openstreetmap.org/way/957861907", "josm_url": "http://127.0.0.1:8111/load_object?new_layer=false&objects=w957861907", "id_url": "https://www.openstreetmap.org/edit?editor=id&way=957861907#map=20/45.50001615/9.147576024431817"}}, {"type": "Feature", "geometry": {"type": "Point", "coordinates": [9.18825465960554, 45.5102363]}, "properties": {"id": 958792504, "feat_type": "way", "quality_categories": "improper_geometries", "issue_ids": "[1]", "osm_url": "https://www.openstreetmap.org/way/958792504", "josm_url": "http://127.0.0.1:8111/load_object?new_layer=false&objects=w958792504", "id_url": "https://www.openstreetmap.org/edit?editor=id&way=958792504#map=20/45.5102363/9.18825465960554"}}, {"type": "Feature", "geometry": {"type": "Point", "coordinates": [9.18749761099016, 45.510409249999995]}, "properties": {"id": 958792505, "feat_type": "way", "quality_categories": "improper_geometries", "issue_ids": "[1]", "osm_url": "https://www.openstreetmap.org/way/958792505", "josm_url": "http://127.0.0.1:8111/load_object?new_layer=false&objects=w958792505", "id_url": "https://www.openstreetmap.org/edit?editor=id&way=958792505#map=20/45.510409249999995/9.18749761099016"}}, {"type": "Feature", "geometry": {"type": "Point", "coordinates": [9.187481543416432, 45.50860255]}, "properties": {"id": 960081564, "feat_type": "way", "quality_categories": "improper_geometries", "issue_ids": "[1]", "osm_url": "https://www.openstreetmap.org/way/960081564", "josm_url": "http://127.0.0.1:8111/load_object?new_layer=false&objects=w960081564", "id_url": "https://www.openstreetmap.org/edit?editor=id&way=960081564#map=20/45.50860255/9.187481543416432"}}, {"type": "Feature", "geometry": {"type": "Point", "coordinates": [9.188083743584146, 45.508758650000004]}, "properties": {"id": 968516831, "feat_type": "way", "quality_categories": "improper_geometries", "issue_ids": "[1]", "osm_url": "https://www.openstreetmap.org/way/968516831", "josm_url": "http://127.0.0.1:8111/load_object?new_layer=false&objects=w968516831", "id_url": "https://www.openstreetmap.org/edit?editor=id&way=968516831#map=20/45.508758650000004/9.188083743584146"}}, {"type": "Feature", "geometry": {"type": "Point", "coordinates": [9.187600516397833, 45.508262099999996]}, "properties": {"id": 968516834, "feat_type": "way", "quality_categories": "improper_geometries", "issue_ids": "[1]", "osm_url": "https://www.openstreetmap.org/way/968516834", "josm_url": "http://127.0.0.1:8111/load_object?new_layer=false&objects=w968516834", "id_url": "https://www.openstreetmap.org/edit?editor=id&way=968516834#map=20/45.508262099999996/9.187600516397833"}}, {"type": "Feature", "geometry": {"type": "Point", "coordinates": [9.1835055, 45.4810573]}, "properties": {"id": 970680491, "feat_type": "way", "quality_categories": "improper_geometries", "issue_ids": "[1]", "osm_url": "https://www.openstreetmap.org/way/970680491", "josm_url": "http://127.0.0.1:8111/load_object?new_layer=false&objects=w970680491", "id_url": "https://www.openstreetmap.org/edit?editor=id&way=970680491#map=20/45.4810573/9.1835055"}}, {"type": "Feature", "geometry": {"type": "Point", "coordinates": [9.151648863959645, 45.4796989]}, "properties": {"id": 979689974, "feat_type": "way", "quality_categories": "improper_geometries", "issue_ids": "[1]", "osm_url": "https://www.openstreetmap.org/way/979689974", "josm_url": "http://127.0.0.1:8111/load_object?new_layer=false&objects=w979689974", "id_url": "https://www.openstreetmap.org/edit?editor=id&way=979689974#map=20/45.4796989/9.151648863959645"}}, {"type": "Feature", "geometry": {"type": "Point", "coordinates": [9.151559789756575, 45.4780493]}, "properties": {"id": 979689975, "feat_type": "way", "quality_categories": "improper_geometries", "issue_ids": "[1]", "osm_url": "https://www.openstreetmap.org/way/979689975", "josm_url": "http://127.0.0.1:8111/load_object?new_layer=false&objects=w979689975", "id_url": "https://www.openstreetmap.org/edit?editor=id&way=979689975#map=20/45.4780493/9.151559789756575"}}, {"type": "Feature", "geometry": {"type": "Point", "coordinates": [9.151367845945947, 45.474441799999994]}, "properties": {"id": 979689976, "feat_type": "way", "quality_categories": "improper_geometries", "issue_ids": "[1]", "osm_url": "https://www.openstreetmap.org/way/979689976", "josm_url": "http://127.0.0.1:8111/load_object?new_layer=false&objects=w979689976", "id_url": "https://www.openstreetmap.org/edit?editor=id&way=979689976#map=20/45.474441799999994/9.151367845945947"}}, {"type": "Feature", "geometry": {"type": "Point", "coordinates": [9.151397373722695, 45.4750056]}, "properties": {"id": 979689977, "feat_type": "way", "quality_categories": "improper_geometries", "issue_ids": "[1]", "osm_url": "https://www.openstreetmap.org/way/979689977", "josm_url": "http://127.0.0.1:8111/load_object?new_layer=false&objects=w979689977", "id_url": "https://www.openstreetmap.org/edit?editor=id&way=979689977#map=20/45.4750056/9.151397373722695"}}, {"type": "Feature", "geometry": {"type": "Point", "coordinates": [9.151464469825516, 45.47625685]}, "properties": {"id": 979689978, "feat_type": "way", "quality_categories": "improper_geometries", "issue_ids": "[1]", "osm_url": "https://www.openstreetmap.org/way/979689978", "josm_url": "http://127.0.0.1:8111/load_object?new_layer=false&objects=w979689978", "id_url": "https://www.openstreetmap.org/edit?editor=id&way=979689978#map=20/45.47625685/9.151464469825516"}}, {"type": "Feature", "geometry": {"type": "Point", "coordinates": [9.1921503, 45.4820539]}, "properties": {"id": 997664193, "feat_type": "way", "quality_categories": "improper_geometries", "issue_ids": "[1]", "osm_url": "https://www.openstreetmap.org/way/997664193", "josm_url": "http://127.0.0.1:8111/load_object?new_layer=false&objects=w997664193", "id_url": "https://www.openstreetmap.org/edit?editor=id&way=997664193#map=20/45.4820539/9.1921503"}}, {"type": "Feature", "geometry": {"type": "Point", "coordinates": [9.2223891, 45.505019]}, "properties": {"id": 1008761569, "feat_type": "way", "quality_categories": "improper_geometries", "issue_ids": "[1]", "osm_url": "https://www.openstreetmap.org/way/1008761569", "josm_url": "http://127.0.0.1:8111/load_object?new_layer=false&objects=w1008761569", "id_url": "https://www.openstreetmap.org/edit?editor=id&way=1008761569#map=20/45.505019/9.2223891"}}, {"type": "Feature", "geometry": {"type": "Point", "coordinates": [9.1478515, 45.4565954]}, "properties": {"id": 1021076141, "feat_type": "way", "quality_categories": "improper_geometries", "issue_ids": "[1]", "osm_url": "https://www.openstreetmap.org/way/1021076141", "josm_url": "http://127.0.0.1:8111/load_object?new_layer=false&objects=w1021076141", "id_url": "https://www.openstreetmap.org/edit?editor=id&way=1021076141#map=20/45.4565954/9.1478515"}}, {"type": "Feature", "geometry": {"type": "Point", "coordinates": [9.149709, 45.4585982]}, "properties": {"id": 1092034293, "feat_type": "way", "quality_categories": "improper_geometries", "issue_ids": "[1]", "osm_url": "https://www.openstreetmap.org/way/1092034293", "josm_url": "http://127.0.0.1:8111/load_object?new_layer=false&objects=w1092034293", "id_url": "https://www.openstreetmap.org/edit?editor=id&way=1092034293#map=20/45.4585982/9.149709"}}, {"type": "Feature", "geometry": {"type": "Point", "coordinates": [9.149735, 45.4585547]}, "properties": {"id": 1092034294, "feat_type": "way", "quality_categories": "improper_geometries", "issue_ids": "[1]", "osm_url": "https://www.openstreetmap.org/way/1092034294", "josm_url": "http://127.0.0.1:8111/load_object?new_layer=false&objects=w1092034294", "id_url": "https://www.openstreetmap.org/edit?editor=id&way=1092034294#map=20/45.4585547/9.149735"}}, {"type": "Feature", "geometry": {"type": "Point", "coordinates": [9.1786663, 45.4473937]}, "properties": {"id": 1092574249, "feat_type": "way", "quality_categories": "improper_geometries", "issue_ids": "[1]", "osm_url": "https://www.openstreetmap.org/way/1092574249", "josm_url": "http://127.0.0.1:8111/load_object?new_layer=false&objects=w1092574249", "id_url": "https://www.openstreetmap.org/edit?editor=id&way=1092574249#map=20/45.4473937/9.1786663"}}, {"type": "Feature", "geometry": {"type": "Point", "coordinates": [9.1777757, 45.4474371]}, "properties": {"id": 1092574250, "feat_type": "way", "quality_categories": "improper_geometries", "issue_ids": "[1]", "osm_url": "https://www.openstreetmap.org/way/1092574250", "josm_url": "http://127.0.0.1:8111/load_object?new_layer=false&objects=w1092574250", "id_url": "https://www.openstreetmap.org/edit?editor=id&way=1092574250#map=20/45.4474371/9.1777757"}}, {"type": "Feature", "geometry": {"type": "Point", "coordinates": [9.1661952, 45.4443922]}, "properties": {"id": 1094504085, "feat_type": "way", "quality_categories": "improper_geometries", "issue_ids": "[1]", "osm_url": "https://www.openstreetmap.org/way/1094504085", "josm_url": "http://127.0.0.1:8111/load_object?new_layer=false&objects=w1094504085", "id_url": "https://www.openstreetmap.org/edit?editor=id&way=1094504085#map=20/45.4443922/9.1661952"}}, {"type": "Feature", "geometry": {"type": "Point", "coordinates": [9.1740393, 45.4435952]}, "properties": {"id": 1094780181, "feat_type": "way", "quality_categories": "improper_geometries", "issue_ids": "[1]", "osm_url": "https://www.openstreetmap.org/way/1094780181", "josm_url": "http://127.0.0.1:8111/load_object?new_layer=false&objects=w1094780181", "id_url": "https://www.openstreetmap.org/edit?editor=id&way=1094780181#map=20/45.4435952/9.1740393"}}, {"type": "Feature", "geometry": {"type": "Point", "coordinates": [9.2176026, 45.4367888]}, "properties": {"id": 1146025486, "feat_type": "way", "quality_categories": "improper_geometries", "issue_ids": "[1]", "osm_url": "https://www.openstreetmap.org/way/1146025486", "josm_url": "http://127.0.0.1:8111/load_object?new_layer=false&objects=w1146025486", "id_url": "https://www.openstreetmap.org/edit?editor=id&way=1146025486#map=20/45.4367888/9.2176026"}}, {"type": "Feature", "geometry": {"type": "Point", "coordinates": [9.255093899296977, 45.42867945]}, "properties": {"id": 1173040752, "feat_type": "way", "quality_categories": "improper_geometries", "issue_ids": "[1]", "osm_url": "https://www.openstreetmap.org/way/1173040752", "josm_url": "http://127.0.0.1:8111/load_object?new_layer=false&objects=w1173040752", "id_url": "https://www.openstreetmap.org/edit?editor=id&way=1173040752#map=20/45.42867945/9.255093899296977"}}, {"type": "Feature", "geometry": {"type": "Point", "coordinates": [9.1977166, 45.4633805]}, "properties": {"id": 1280569516, "feat_type": "way", "quality_categories": "improper_geometries", "issue_ids": "[1]", "osm_url": "https://www.openstreetmap.org/way/1280569516", "josm_url": "http://127.0.0.1:8111/load_object?new_layer=false&objects=w1280569516", "id_url": "https://www.openstreetmap.org/edit?editor=id&way=1280569516#map=20/45.4633805/9.1977166"}}, {"type": "Feature", "geometry": {"type": "Point", "coordinates": [9.197585, 45.462988]}, "properties": {"id": 1280569518, "feat_type": "way", "quality_categories": "improper_geometries", "issue_ids": "[1]", "osm_url": "https://www.openstreetmap.org/way/1280569518", "josm_url": "http://127.0.0.1:8111/load_object?new_layer=false&objects=w1280569518", "id_url": "https://www.openstreetmap.org/edit?editor=id&way=1280569518#map=20/45.462988/9.197585"}}, {"type": "Feature", "geometry": {"type": "Point", "coordinates": [9.2527641, 45.4271749]}, "properties": {"id": 1281174546, "feat_type": "way", "quality_categories": "improper_geometries", "issue_ids": "[1]", "osm_url": "https://www.openstreetmap.org/way/1281174546", "josm_url": "http://127.0.0.1:8111/load_object?new_layer=false&objects=w1281174546", "id_url": "https://www.openstreetmap.org/edit?editor=id&way=1281174546#map=20/45.4271749/9.2527641"}}, {"type": "Feature", "geometry": {"type": "Point", "coordinates": [9.2527839, 45.4272453]}, "properties": {"id": 1281174547, "feat_type": "way", "quality_categories": "improper_geometries", "issue_ids": "[1]", "osm_url": "https://www.openstreetmap.org/way/1281174547", "josm_url": "http://127.0.0.1:8111/load_object?new_layer=false&objects=w1281174547", "id_url": "https://www.openstreetmap.org/edit?editor=id&way=1281174547#map=20/45.4272453/9.2527839"}}, {"type": "Feature", "geometry": {"type": "Point", "coordinates": [9.2554215, 45.4285808]}, "properties": {"id": 1281405830, "feat_type": "way", "quality_categories": "improper_geometries", "issue_ids": "[1]", "osm_url": "https://www.openstreetmap.org/way/1281405830", "josm_url": "http://127.0.0.1:8111/load_object?new_layer=false&objects=w1281405830", "id_url": "https://www.openstreetmap.org/edit?editor=id&way=1281405830#map=20/45.4285808/9.2554215"}}, {"type": "Feature", "geometry": {"type": "Point", "coordinates": [9.2553501, 45.4290072]}, "properties": {"id": 1281405832, "feat_type": "way", "quality_categories": "improper_geometries", "issue_ids": "[1]", "osm_url": "https://www.openstreetmap.org/way/1281405832", "josm_url": "http://127.0.0.1:8111/load_object?new_layer=false&objects=w1281405832", "id_url": "https://www.openstreetmap.org/edit?editor=id&way=1281405832#map=20/45.4290072/9.2553501"}}, {"type": "Feature", "geometry": {"type": "Point", "coordinates": [9.2551308, 45.4288759]}, "properties": {"id": 1281405833, "feat_type": "way", "quality_categories": "improper_geometries", "issue_ids": "[1]", "osm_url": "https://www.openstreetmap.org/way/1281405833", "josm_url": "http://127.0.0.1:8111/load_object?new_layer=false&objects=w1281405833", "id_url": "https://www.openstreetmap.org/edit?editor=id&way=1281405833#map=20/45.4288759/9.2551308"}}, {"type": "Feature", "geometry": {"type": "Point", "coordinates": [9.255411431880981, 45.42883895]}, "properties": {"id": 1281405839, "feat_type": "way", "quality_categories": "improper_geometries", "issue_ids": "[1]", "osm_url": "https://www.openstreetmap.org/way/1281405839", "josm_url": "http://127.0.0.1:8111/load_object?new_layer=false&objects=w1281405839", "id_url": "https://www.openstreetmap.org/edit?editor=id&way=1281405839#map=20/45.42883895/9.255411431880981"}}, {"type": "Feature", "geometry": {"type": "Point", "coordinates": [9.2573698, 45.429715]}, "properties": {"id": 1281405843, "feat_type": "way", "quality_categories": "improper_geometries", "issue_ids": "[1]", "osm_url": "https://www.openstreetmap.org/way/1281405843", "josm_url": "http://127.0.0.1:8111/load_object?new_layer=false&objects=w1281405843", "id_url": "https://www.openstreetmap.org/edit?editor=id&way=1281405843#map=20/45.429715/9.2573698"}}, {"type": "Feature", "geometry": {"type": "Point", "coordinates": [9.2573132, 45.429863]}, "properties": {"id": 1281405845, "feat_type": "way", "quality_categories": "improper_geometries", "issue_ids": "[1]", "osm_url": "https://www.openstreetmap.org/way/1281405845", "josm_url": "http://127.0.0.1:8111/load_object?new_layer=false&objects=w1281405845", "id_url": "https://www.openstreetmap.org/edit?editor=id&way=1281405845#map=20/45.429863/9.2573132"}}, {"type": "Feature", "geometry": {"type": "Point", "coordinates": [9.25708036571456, 45.429871899999995]}, "properties": {"id": 1281405846, "feat_type": "way", "quality_categories": "improper_geometries", "issue_ids": "[1]", "osm_url": "https://www.openstreetmap.org/way/1281405846", "josm_url": "http://127.0.0.1:8111/load_object?new_layer=false&objects=w1281405846", "id_url": "https://www.openstreetmap.org/edit?editor=id&way=1281405846#map=20/45.429871899999995/9.25708036571456"}}, {"type": "Feature", "geometry": {"type": "Point", "coordinates": [9.257142258152314, 45.429612750000004]}, "properties": {"id": 1281405847, "feat_type": "way", "quality_categories": "improper_geometries", "issue_ids": "[1]", "osm_url": "https://www.openstreetmap.org/way/1281405847", "josm_url": "http://127.0.0.1:8111/load_object?new_layer=false&objects=w1281405847", "id_url": "https://www.openstreetmap.org/edit?editor=id&way=1281405847#map=20/45.429612750000004/9.257142258152314"}}, {"type": "Feature", "geometry": {"type": "Point", "coordinates": [9.25531189937501, 45.428789300000005]}, "properties": {"id": 1281405850, "feat_type": "way", "quality_categories": "improper_geometries", "issue_ids": "[1]", "osm_url": "https://www.openstreetmap.org/way/1281405850", "josm_url": "http://127.0.0.1:8111/load_object?new_layer=false&objects=w1281405850", "id_url": "https://www.openstreetmap.org/edit?editor=id&way=1281405850#map=20/45.428789300000005/9.25531189937501"}}, {"type": "Feature", "geometry": {"type": "Point", "coordinates": [9.2564553, 45.4287296]}, "properties": {"id": 1281405851, "feat_type": "way", "quality_categories": "improper_geometries", "issue_ids": "[1]", "osm_url": "https://www.openstreetmap.org/way/1281405851", "josm_url": "http://127.0.0.1:8111/load_object?new_layer=false&objects=w1281405851", "id_url": "https://www.openstreetmap.org/edit?editor=id&way=1281405851#map=20/45.4287296/9.2564553"}}, {"type": "Feature", "geometry": {"type": "Point", "coordinates": [9.2554417, 45.4284811]}, "properties": {"id": 1281405853, "feat_type": "way", "quality_categories": "improper_geometries", "issue_ids": "[1]", "osm_url": "https://www.openstreetmap.org/way/1281405853", "josm_url": "http://127.0.0.1:8111/load_object?new_layer=false&objects=w1281405853", "id_url": "https://www.openstreetmap.org/edit?editor=id&way=1281405853#map=20/45.4284811/9.2554417"}}, {"type": "Feature", "geometry": {"type": "Point", "coordinates": [9.255273335082872, 45.42853015]}, "properties": {"id": 1281405856, "feat_type": "way", "quality_categories": "improper_geometries", "issue_ids": "[1]", "osm_url": "https://www.openstreetmap.org/way/1281405856", "josm_url": "http://127.0.0.1:8111/load_object?new_layer=false&objects=w1281405856", "id_url": "https://www.openstreetmap.org/edit?editor=id&way=1281405856#map=20/45.42853015/9.255273335082872"}}, {"type": "Feature", "geometry": {"type": "Point", "coordinates": [9.255379820626615, 45.42865365]}, "properties": {"id": 1281405857, "feat_type": "way", "quality_categories": "improper_geometries", "issue_ids": "[1]", "osm_url": "https://www.openstreetmap.org/way/1281405857", "josm_url": "http://127.0.0.1:8111/load_object?new_layer=false&objects=w1281405857", "id_url": "https://www.openstreetmap.org/edit?editor=id&way=1281405857#map=20/45.42865365/9.255379820626615"}}, {"type": "Feature", "geometry": {"type": "Point", "coordinates": [9.1355547, 45.4848371]}, "properties": {"id": 1308027773, "feat_type": "way", "quality_categories": "improper_geometries", "issue_ids": "[1]", "osm_url": "https://www.openstreetmap.org/way/1308027773", "josm_url": "http://127.0.0.1:8111/load_object?new_layer=false&objects=w1308027773", "id_url": "https://www.openstreetmap.org/edit?editor=id&way=1308027773#map=20/45.4848371/9.1355547"}}, {"type": "Feature", "geometry": {"type": "Point", "coordinates": [9.180573856921558, 45.485386399999996]}, "properties": {"id": 1318501353, "feat_type": "way", "quality_categories": "improper_geometries", "issue_ids": "[1]", "osm_url": "https://www.openstreetmap.org/way/1318501353", "josm_url": "http://127.0.0.1:8111/load_object?new_layer=false&objects=w1318501353", "id_url": "https://www.openstreetmap.org/edit?editor=id&way=1318501353#map=20/45.485386399999996/9.180573856921558"}}, {"type": "Feature", "geometry": {"type": "Point", "coordinates": [9.2621824, 45.4326256]}, "properties": {"id": 1318969366, "feat_type": "way", "quality_categories": "improper_geometries", "issue_ids": "[1]", "osm_url": "https://www.openstreetmap.org/way/1318969366", "josm_url": "http://127.0.0.1:8111/load_object?new_layer=false&objects=w1318969366", "id_url": "https://www.openstreetmap.org/edit?editor=id&way=1318969366#map=20/45.4326256/9.2621824"}}, {"type": "Feature", "geometry": {"type": "Point", "coordinates": [9.2623206, 45.4328338]}, "properties": {"id": 1318969369, "feat_type": "way", "quality_categories": "improper_geometries", "issue_ids": "[1]", "osm_url": "https://www.openstreetmap.org/way/1318969369", "josm_url": "http://127.0.0.1:8111/load_object?new_layer=false&objects=w1318969369", "id_url": "https://www.openstreetmap.org/edit?editor=id&way=1318969369#map=20/45.4328338/9.2623206"}}, {"type": "Feature", "geometry": {"type": "Point", "coordinates": [9.2626933, 45.4327533]}, "properties": {"id": 1349005850, "feat_type": "way", "quality_categories": "improper_geometries", "issue_ids": "[1]", "osm_url": "https://www.openstreetmap.org/way/1349005850", "josm_url": "http://127.0.0.1:8111/load_object?new_layer=false&objects=w1349005850", "id_url": "https://www.openstreetmap.org/edit?editor=id&way=1349005850#map=20/45.4327533/9.2626933"}}, {"type": "Feature", "geometry": {"type": "Point", "coordinates": [9.2617399, 45.4323806]}, "properties": {"id": 1349029306, "feat_type": "way", "quality_categories": "improper_geometries", "issue_ids": "[1]", "osm_url": "https://www.openstreetmap.org/way/1349029306", "josm_url": "http://127.0.0.1:8111/load_object?new_layer=false&objects=w1349029306", "id_url": "https://www.openstreetmap.org/edit?editor=id&way=1349029306#map=20/45.4323806/9.2617399"}}, {"type": "Feature", "geometry": {"type": "Point", "coordinates": [9.2624553, 45.4325684]}, "properties": {"id": 1349029319, "feat_type": "way", "quality_categories": "improper_geometries", "issue_ids": "[1]", "osm_url": "https://www.openstreetmap.org/way/1349029319", "josm_url": "http://127.0.0.1:8111/load_object?new_layer=false&objects=w1349029319", "id_url": "https://www.openstreetmap.org/edit?editor=id&way=1349029319#map=20/45.4325684/9.2624553"}}, {"type": "Feature", "geometry": {"type": "Point", "coordinates": [9.2643205, 45.4378779]}, "properties": {"id": 1349328124, "feat_type": "way", "quality_categories": "improper_geometries", "issue_ids": "[1]", "osm_url": "https://www.openstreetmap.org/way/1349328124", "josm_url": "http://127.0.0.1:8111/load_object?new_layer=false&objects=w1349328124", "id_url": "https://www.openstreetmap.org/edit?editor=id&way=1349328124#map=20/45.4378779/9.2643205"}}, {"type": "Feature", "geometry": {"type": "Point", "coordinates": [9.2643991, 45.4391215]}, "properties": {"id": 1349625433, "feat_type": "way", "quality_categories": "improper_geometries", "issue_ids": "[1]", "osm_url": "https://www.openstreetmap.org/way/1349625433", "josm_url": "http://127.0.0.1:8111/load_object?new_layer=false&objects=w1349625433", "id_url": "https://www.openstreetmap.org/edit?editor=id&way=1349625433#map=20/45.4391215/9.2643991"}}, {"type": "Feature", "geometry": {"type": "Point", "coordinates": [9.2643804, 45.4388297]}, "properties": {"id": 1349625436, "feat_type": "way", "quality_categories": "improper_geometries", "issue_ids": "[1]", "osm_url": "https://www.openstreetmap.org/way/1349625436", "josm_url": "http://127.0.0.1:8111/load_object?new_layer=false&objects=w1349625436", "id_url": "https://www.openstreetmap.org/edit?editor=id&way=1349625436#map=20/45.4388297/9.2643804"}}, {"type": "Feature", "geometry": {"type": "Point", "coordinates": [9.2644529, 45.4394125]}, "properties": {"id": 1349625439, "feat_type": "way", "quality_categories": "improper_geometries", "issue_ids": "[1]", "osm_url": "https://www.openstreetmap.org/way/1349625439", "josm_url": "http://127.0.0.1:8111/load_object?new_layer=false&objects=w1349625439", "id_url": "https://www.openstreetmap.org/edit?editor=id&way=1349625439#map=20/45.4394125/9.2644529"}}, {"type": "Feature", "geometry": {"type": "Point", "coordinates": [9.2645363, 45.4392527]}, "properties": {"id": 1349647696, "feat_type": "way", "quality_categories": "improper_geometries", "issue_ids": "[1]", "osm_url": "https://www.openstreetmap.org/way/1349647696", "josm_url": "http://127.0.0.1:8111/load_object?new_layer=false&objects=w1349647696", "id_url": "https://www.openstreetmap.org/edit?editor=id&way=1349647696#map=20/45.4392527/9.2645363"}}, {"type": "Feature", "geometry": {"type": "Point", "coordinates": [9.2643417, 45.438086]}, "properties": {"id": 1350024937, "feat_type": "way", "quality_categories": "improper_geometries", "issue_ids": "[1]", "osm_url": "https://www.openstreetmap.org/way/1350024937", "josm_url": "http://127.0.0.1:8111/load_object?new_layer=false&objects=w1350024937", "id_url": "https://www.openstreetmap.org/edit?editor=id&way=1350024937#map=20/45.438086/9.2643417"}}, {"type": "Feature", "geometry": {"type": "Point", "coordinates": [9.2648026, 45.4429103]}, "properties": {"id": 1350024943, "feat_type": "way", "quality_categories": "improper_geometries", "issue_ids": "[1]", "osm_url": "https://www.openstreetmap.org/way/1350024943", "josm_url": "http://127.0.0.1:8111/load_object?new_layer=false&objects=w1350024943", "id_url": "https://www.openstreetmap.org/edit?editor=id&way=1350024943#map=20/45.4429103/9.2648026"}}, {"type": "Feature", "geometry": {"type": "Point", "coordinates": [9.2642126, 45.4431124]}, "properties": {"id": 1350024945, "feat_type": "way", "quality_categories": "improper_geometries", "issue_ids": "[1]", "osm_url": "https://www.openstreetmap.org/way/1350024945", "josm_url": "http://127.0.0.1:8111/load_object?new_layer=false&objects=w1350024945", "id_url": "https://www.openstreetmap.org/edit?editor=id&way=1350024945#map=20/45.4431124/9.2642126"}}, {"type": "Feature", "geometry": {"type": "Point", "coordinates": [9.2639889, 45.443011]}, "properties": {"id": 1350024947, "feat_type": "way", "quality_categories": "improper_geometries", "issue_ids": "[1]", "osm_url": "https://www.openstreetmap.org/way/1350024947", "josm_url": "http://127.0.0.1:8111/load_object?new_layer=false&objects=w1350024947", "id_url": "https://www.openstreetmap.org/edit?editor=id&way=1350024947#map=20/45.443011/9.2639889"}}, {"type": "Feature", "geometry": {"type": "Point", "coordinates": [9.262776, 45.4326201]}, "properties": {"id": 1350402320, "feat_type": "way", "quality_categories": "improper_geometries", "issue_ids": "[1]", "osm_url": "https://www.openstreetmap.org/way/1350402320", "josm_url": "http://127.0.0.1:8111/load_object?new_layer=false&objects=w1350402320", "id_url": "https://www.openstreetmap.org/edit?editor=id&way=1350402320#map=20/45.4326201/9.262776"}}, {"type": "Feature", "geometry": {"type": "Point", "coordinates": [9.2626083, 45.4324619]}, "properties": {"id": 1350402322, "feat_type": "way", "quality_categories": "improper_geometries", "issue_ids": "[1]", "osm_url": "https://www.openstreetmap.org/way/1350402322", "josm_url": "http://127.0.0.1:8111/load_object?new_layer=false&objects=w1350402322", "id_url": "https://www.openstreetmap.org/edit?editor=id&way=1350402322#map=20/45.4324619/9.2626083"}}, {"type": "Feature", "geometry": {"type": "Point", "coordinates": [9.2628624, 45.4324946]}, "properties": {"id": 1350402324, "feat_type": "way", "quality_categories": "improper_geometries", "issue_ids": "[1]", "osm_url": "https://www.openstreetmap.org/way/1350402324", "josm_url": "http://127.0.0.1:8111/load_object?new_layer=false&objects=w1350402324", "id_url": "https://www.openstreetmap.org/edit?editor=id&way=1350402324#map=20/45.4324946/9.2628624"}}, {"type": "Feature", "geometry": {"type": "Point", "coordinates": [9.2189078, 45.5201335]}, "properties": {"id": 1369405831, "feat_type": "way", "quality_categories": "improper_geometries", "issue_ids": "[1]", "osm_url": "https://www.openstreetmap.org/way/1369405831", "josm_url": "http://127.0.0.1:8111/load_object?new_layer=false&objects=w1369405831", "id_url": "https://www.openstreetmap.org/edit?editor=id&way=1369405831#map=20/45.5201335/9.2189078"}}, {"type": "Feature", "geometry": {"type": "Point", "coordinates": [9.2189121, 45.5198874]}, "properties": {"id": 1369405834, "feat_type": "way", "quality_categories": "improper_geometries", "issue_ids": "[1]", "osm_url": "https://www.openstreetmap.org/way/1369405834", "josm_url": "http://127.0.0.1:8111/load_object?new_layer=false&objects=w1369405834", "id_url": "https://www.openstreetmap.org/edit?editor=id&way=1369405834#map=20/45.5198874/9.2189121"}}, {"type": "Feature", "geometry": {"type": "Point", "coordinates": [9.2188083, 45.5202178]}, "properties": {"id": 1369405835, "feat_type": "way", "quality_categories": "improper_geometries", "issue_ids": "[1]", "osm_url": "https://www.openstreetmap.org/way/1369405835", "josm_url": "http://127.0.0.1:8111/load_object?new_layer=false&objects=w1369405835", "id_url": "https://www.openstreetmap.org/edit?editor=id&way=1369405835#map=20/45.5202178/9.2188083"}}, {"type": "Feature", "geometry": {"type": "Point", "coordinates": [9.2191344, 45.5201127]}, "properties": {"id": 1369405836, "feat_type": "way", "quality_categories": "improper_geometries", "issue_ids": "[1]", "osm_url": "https://www.openstreetmap.org/way/1369405836", "josm_url": "http://127.0.0.1:8111/load_object?new_layer=false&objects=w1369405836", "id_url": "https://www.openstreetmap.org/edit?editor=id&way=1369405836#map=20/45.5201127/9.2191344"}}, {"type": "Feature", "geometry": {"type": "Point", "coordinates": [9.2406597, 45.5166009]}, "properties": {"id": 1389636729, "feat_type": "way", "quality_categories": "improper_geometries", "issue_ids": "[1]", "osm_url": "https://www.openstreetmap.org/way/1389636729", "josm_url": "http://127.0.0.1:8111/load_object?new_layer=false&objects=w1389636729", "id_url": "https://www.openstreetmap.org/edit?editor=id&way=1389636729#map=20/45.5166009/9.2406597"}}, {"type": "Feature", "geometry": {"type": "Point", "coordinates": [9.2432154, 45.5182383]}, "properties": {"id": 1392672877, "feat_type": "way", "quality_categories": "improper_geometries", "issue_ids": "[1]", "osm_url": "https://www.openstreetmap.org/way/1392672877", "josm_url": "http://127.0.0.1:8111/load_object?new_layer=false&objects=w1392672877", "id_url": "https://www.openstreetmap.org/edit?editor=id&way=1392672877#map=20/45.5182383/9.2432154"}}, {"type": "Feature", "geometry": {"type": "Point", "coordinates": [9.2405824, 45.516701]}, "properties": {"id": 1392672879, "feat_type": "way", "quality_categories": "improper_geometries", "issue_ids": "[1]", "osm_url": "https://www.openstreetmap.org/way/1392672879", "josm_url": "http://127.0.0.1:8111/load_object?new_layer=false&objects=w1392672879", "id_url": "https://www.openstreetmap.org/edit?editor=id&way=1392672879#map=20/45.516701/9.2405824"}}, {"type": "Feature", "geometry": {"type": "Point", "coordinates": [9.2405267, 45.5166463]}, "properties": {"id": 1392672880, "feat_type": "way", "quality_categories": "improper_geometries", "issue_ids": "[1]", "osm_url": "https://www.openstreetmap.org/way/1392672880", "josm_url": "http://127.0.0.1:8111/load_object?new_layer=false&objects=w1392672880", "id_url": "https://www.openstreetmap.org/edit?editor=id&way=1392672880#map=20/45.5166463/9.2405267"}}, {"type": "Feature", "geometry": {"type": "Point", "coordinates": [9.2400133, 45.5165716]}, "properties": {"id": 1392672881, "feat_type": "way", "quality_categories": "improper_geometries", "issue_ids": "[1]", "osm_url": "https://www.openstreetmap.org/way/1392672881", "josm_url": "http://127.0.0.1:8111/load_object?new_layer=false&objects=w1392672881", "id_url": "https://www.openstreetmap.org/edit?editor=id&way=1392672881#map=20/45.5165716/9.2400133"}}, {"type": "Feature", "geometry": {"type": "Point", "coordinates": [9.2400363, 45.516515]}, "properties": {"id": 1392672882, "feat_type": "way", "quality_categories": "improper_geometries", "issue_ids": "[1]", "osm_url": "https://www.openstreetmap.org/way/1392672882", "josm_url": "http://127.0.0.1:8111/load_object?new_layer=false&objects=w1392672882", "id_url": "https://www.openstreetmap.org/edit?editor=id&way=1392672882#map=20/45.516515/9.2400363"}}, {"type": "Feature", "geometry": {"type": "Point", "coordinates": [9.2405132, 45.5166134]}, "properties": {"id": 1392672883, "feat_type": "way", "quality_categories": "improper_geometries", "issue_ids": "[1]", "osm_url": "https://www.openstreetmap.org/way/1392672883", "josm_url": "http://127.0.0.1:8111/load_object?new_layer=false&objects=w1392672883", "id_url": "https://www.openstreetmap.org/edit?editor=id&way=1392672883#map=20/45.5166134/9.2405132"}}, {"type": "Feature", "geometry": {"type": "Point", "coordinates": [9.2408608, 45.516746]}, "properties": {"id": 1392672887, "feat_type": "way", "quality_categories": "improper_geometries", "issue_ids": "[1]", "osm_url": "https://www.openstreetmap.org/way/1392672887", "josm_url": "http://127.0.0.1:8111/load_object?new_layer=false&objects=w1392672887", "id_url": "https://www.openstreetmap.org/edit?editor=id&way=1392672887#map=20/45.516746/9.2408608"}}, {"type": "Feature", "geometry": {"type": "Point", "coordinates": [9.2408407, 45.5166442]}, "properties": {"id": 1392672888, "feat_type": "way", "quality_categories": "improper_geometries", "issue_ids": "[1]", "osm_url": "https://www.openstreetmap.org/way/1392672888", "josm_url": "http://127.0.0.1:8111/load_object?new_layer=false&objects=w1392672888", "id_url": "https://www.openstreetmap.org/edit?editor=id&way=1392672888#map=20/45.5166442/9.2408407"}}, {"type": "Feature", "geometry": {"type": "Point", "coordinates": [9.2409368, 45.5167627]}, "properties": {"id": 1392672890, "feat_type": "way", "quality_categories": "improper_geometries", "issue_ids": "[1]", "osm_url": "https://www.openstreetmap.org/way/1392672890", "josm_url": "http://127.0.0.1:8111/load_object?new_layer=false&objects=w1392672890", "id_url": "https://www.openstreetmap.org/edit?editor=id&way=1392672890#map=20/45.5167627/9.2409368"}}, {"type": "Feature", "geometry": {"type": "Point", "coordinates": [9.2420171, 45.5169882]}, "properties": {"id": 1392672892, "feat_type": "way", "quality_categories": "improper_geometries", "issue_ids": "[1]", "osm_url": "https://www.openstreetmap.org/way/1392672892", "josm_url": "http://127.0.0.1:8111/load_object?new_layer=false&objects=w1392672892", "id_url": "https://www.openstreetmap.org/edit?editor=id&way=1392672892#map=20/45.5169882/9.2420171"}}, {"type": "Feature", "geometry": {"type": "Point", "coordinates": [9.2420901, 45.5169375]}, "properties": {"id": 1392672893, "feat_type": "way", "quality_categories": "improper_geometries", "issue_ids": "[1]", "osm_url": "https://www.openstreetmap.org/way/1392672893", "josm_url": "http://127.0.0.1:8111/load_object?new_layer=false&objects=w1392672893", "id_url": "https://www.openstreetmap.org/edit?editor=id&way=1392672893#map=20/45.5169375/9.2420901"}}, {"type": "Feature", "geometry": {"type": "Point", "coordinates": [9.2436352, 45.5177309]}, "properties": {"id": 1392672895, "feat_type": "way", "quality_categories": "improper_geometries", "issue_ids": "[1]", "osm_url": "https://www.openstreetmap.org/way/1392672895", "josm_url": "http://127.0.0.1:8111/load_object?new_layer=false&objects=w1392672895", "id_url": "https://www.openstreetmap.org/edit?editor=id&way=1392672895#map=20/45.5177309/9.2436352"}}, {"type": "Feature", "geometry": {"type": "Point", "coordinates": [9.2598939, 45.5117865]}, "properties": {"id": 1393394089, "feat_type": "way", "quality_categories": "improper_geometries", "issue_ids": "[1]", "osm_url": "https://www.openstreetmap.org/way/1393394089", "josm_url": "http://127.0.0.1:8111/load_object?new_layer=false&objects=w1393394089", "id_url": "https://www.openstreetmap.org/edit?editor=id&way=1393394089#map=20/45.5117865/9.2598939"}}, {"type": "Feature", "geometry": {"type": "Point", "coordinates": [9.2582672, 45.5127583]}, "properties": {"id": 1393394091, "feat_type": "way", "quality_categories": "improper_geometries", "issue_ids": "[1]", "osm_url": "https://www.openstreetmap.org/way/1393394091", "josm_url": "http://127.0.0.1:8111/load_object?new_layer=false&objects=w1393394091", "id_url": "https://www.openstreetmap.org/edit?editor=id&way=1393394091#map=20/45.5127583/9.2582672"}}, {"type": "Feature", "geometry": {"type": "Point", "coordinates": [9.2379874, 45.516088]}, "properties": {"id": 1393576682, "feat_type": "way", "quality_categories": "improper_geometries", "issue_ids": "[1]", "osm_url": "https://www.openstreetmap.org/way/1393576682", "josm_url": "http://127.0.0.1:8111/load_object?new_layer=false&objects=w1393576682", "id_url": "https://www.openstreetmap.org/edit?editor=id&way=1393576682#map=20/45.516088/9.2379874"}}, {"type": "Feature", "geometry": {"type": "Point", "coordinates": [9.2379111, 45.5161355]}, "properties": {"id": 1393576683, "feat_type": "way", "quality_categories": "improper_geometries", "issue_ids": "[1]", "osm_url": "https://www.openstreetmap.org/way/1393576683", "josm_url": "http://127.0.0.1:8111/load_object?new_layer=false&objects=w1393576683", "id_url": "https://www.openstreetmap.org/edit?editor=id&way=1393576683#map=20/45.5161355/9.2379111"}}, {"type": "Feature", "geometry": {"type": "Point", "coordinates": [9.2359665, 45.5157309]}, "properties": {"id": 1393576686, "feat_type": "way", "quality_categories": "improper_geometries", "issue_ids": "[1]", "osm_url": "https://www.openstreetmap.org/way/1393576686", "josm_url": "http://127.0.0.1:8111/load_object?new_layer=false&objects=w1393576686", "id_url": "https://www.openstreetmap.org/edit?editor=id&way=1393576686#map=20/45.5157309/9.2359665"}}, {"type": "Feature", "geometry": {"type": "Point", "coordinates": [9.2363837, 45.5157536]}, "properties": {"id": 1393576689, "feat_type": "way", "quality_categories": "improper_geometries", "issue_ids": "[1]", "osm_url": "https://www.openstreetmap.org/way/1393576689", "josm_url": "http://127.0.0.1:8111/load_object?new_layer=false&objects=w1393576689", "id_url": "https://www.openstreetmap.org/edit?editor=id&way=1393576689#map=20/45.5157536/9.2363837"}}, {"type": "Feature", "geometry": {"type": "Point", "coordinates": [9.1938797, 45.5150983]}, "properties": {"id": 1395849697, "feat_type": "way", "quality_categories": "improper_geometries", "issue_ids": "[1]", "osm_url": "https://www.openstreetmap.org/way/1395849697", "josm_url": "http://127.0.0.1:8111/load_object?new_layer=false&objects=w1395849697", "id_url": "https://www.openstreetmap.org/edit?editor=id&way=1395849697#map=20/45.5150983/9.1938797"}}, {"type": "Feature", "geometry": {"type": "Point", "coordinates": [9.1641182, 45.5277421]}, "properties": {"id": 1396702216, "feat_type": "way", "quality_categories": "improper_geometries", "issue_ids": "[1]", "osm_url": "https://www.openstreetmap.org/way/1396702216", "josm_url": "http://127.0.0.1:8111/load_object?new_layer=false&objects=w1396702216", "id_url": "https://www.openstreetmap.org/edit?editor=id&way=1396702216#map=20/45.5277421/9.1641182"}}, {"type": "Feature", "geometry": {"type": "Point", "coordinates": [9.1822073, 45.509339]}, "properties": {"id": 1408847843, "feat_type": "way", "quality_categories": "improper_geometries", "issue_ids": "[1]", "osm_url": "https://www.openstreetmap.org/way/1408847843", "josm_url": "http://127.0.0.1:8111/load_object?new_layer=false&objects=w1408847843", "id_url": "https://www.openstreetmap.org/edit?editor=id&way=1408847843#map=20/45.509339/9.1822073"}}, {"type": "Feature", "geometry": {"type": "Point", "coordinates": [9.1169997, 45.4416561]}, "properties": {"id": 1410368659, "feat_type": "way", "quality_categories": "improper_geometries", "issue_ids": "[1]", "osm_url": "https://www.openstreetmap.org/way/1410368659", "josm_url": "http://127.0.0.1:8111/load_object?new_layer=false&objects=w1410368659", "id_url": "https://www.openstreetmap.org/edit?editor=id&way=1410368659#map=20/45.4416561/9.1169997"}}, {"type": "Feature", "geometry": {"type": "Point", "coordinates": [9.1170897, 45.4412374]}, "properties": {"id": 1410368661, "feat_type": "way", "quality_categories": "improper_geometries", "issue_ids": "[1]", "osm_url": "https://www.openstreetmap.org/way/1410368661", "josm_url": "http://127.0.0.1:8111/load_object?new_layer=false&objects=w1410368661", "id_url": "https://www.openstreetmap.org/edit?editor=id&way=1410368661#map=20/45.4412374/9.1170897"}}, {"type": "Feature", "geometry": {"type": "Point", "coordinates": [9.1167339, 45.4414775]}, "properties": {"id": 1410368667, "feat_type": "way", "quality_categories": "improper_geometries", "issue_ids": "[1]", "osm_url": "https://www.openstreetmap.org/way/1410368667", "josm_url": "http://127.0.0.1:8111/load_object?new_layer=false&objects=w1410368667", "id_url": "https://www.openstreetmap.org/edit?editor=id&way=1410368667#map=20/45.4414775/9.1167339"}}, {"type": "Feature", "geometry": {"type": "Point", "coordinates": [9.1909904, 45.4571836]}, "properties": {"id": 1445706847, "feat_type": "way", "quality_categories": "improper_geometries", "issue_ids": "[1]", "osm_url": "https://www.openstreetmap.org/way/1445706847", "josm_url": "http://127.0.0.1:8111/load_object?new_layer=false&objects=w1445706847", "id_url": "https://www.openstreetmap.org/edit?editor=id&way=1445706847#map=20/45.4571836/9.1909904"}}, {"type": "Feature", "geometry": {"type": "Point", "coordinates": [9.150103837432379, 45.4869257]}, "properties": {"id": 1446338143, "feat_type": "way", "quality_categories": "improper_geometries", "issue_ids": "[1]", "osm_url": "https://www.openstreetmap.org/way/1446338143", "josm_url": "http://127.0.0.1:8111/load_object?new_layer=false&objects=w1446338143", "id_url": "https://www.openstreetmap.org/edit?editor=id&way=1446338143#map=20/45.4869257/9.150103837432379"}}, {"type": "Feature", "geometry": {"type": "Point", "coordinates": [9.1735393, 45.4335148]}, "properties": {"id": 1452931024, "feat_type": "way", "quality_categories": "improper_geometries", "issue_ids": "[1]", "osm_url": "https://www.openstreetmap.org/way/1452931024", "josm_url": "http://127.0.0.1:8111/load_object?new_layer=false&objects=w1452931024", "id_url": "https://www.openstreetmap.org/edit?editor=id&way=1452931024#map=20/45.4335148/9.1735393"}}, {"type": "Feature", "geometry": {"type": "Point", "coordinates": [9.176003559765327, 45.41516215]}, "properties": {"id": 1453529805, "feat_type": "way", "quality_categories": "improper_geometries", "issue_ids": "[1]", "osm_url": "https://www.openstreetmap.org/way/1453529805", "josm_url": "http://127.0.0.1:8111/load_object?new_layer=false&objects=w1453529805", "id_url": "https://www.openstreetmap.org/edit?editor=id&way=1453529805#map=20/45.41516215/9.176003559765327"}}, {"type": "Feature", "geometry": {"type": "Point", "coordinates": [9.175905077210883, 45.41526465]}, "properties": {"id": 1453529806, "feat_type": "way", "quality_categories": "improper_geometries", "issue_ids": "[1]", "osm_url": "https://www.openstreetmap.org/way/1453529806", "josm_url": "http://127.0.0.1:8111/load_object?new_layer=false&objects=w1453529806", "id_url": "https://www.openstreetmap.org/edit?editor=id&way=1453529806#map=20/45.41526465/9.175905077210883"}}, {"type": "Feature", "geometry": {"type": "Point", "coordinates": [9.2600001, 45.5115068]}, "properties": {"id": 1459917436, "feat_type": "way", "quality_categories": "improper_geometries", "issue_ids": "[1]", "osm_url": "https://www.openstreetmap.org/way/1459917436", "josm_url": "http://127.0.0.1:8111/load_object?new_layer=false&objects=w1459917436", "id_url": "https://www.openstreetmap.org/edit?editor=id&way=1459917436#map=20/45.5115068/9.2600001"}}, {"type": "Feature", "geometry": {"type": "Point", "coordinates": [9.2607132, 45.5116097]}, "properties": {"id": 1459917437, "feat_type": "way", "quality_categories": "improper_geometries", "issue_ids": "[1]", "osm_url": "https://www.openstreetmap.org/way/1459917437", "josm_url": "http://127.0.0.1:8111/load_object?new_layer=false&objects=w1459917437", "id_url": "https://www.openstreetmap.org/edit?editor=id&way=1459917437#map=20/45.5116097/9.2607132"}}, {"type": "Feature", "geometry": {"type": "Point", "coordinates": [9.169132, 45.46744]}, "properties": {"id": 1462800440, "feat_type": "way", "quality_categories": "improper_geometries", "issue_ids": "[1]", "osm_url": "https://www.openstreetmap.org/way/1462800440", "josm_url": "http://127.0.0.1:8111/load_object?new_layer=false&objects=w1462800440", "id_url": "https://www.openstreetmap.org/edit?editor=id&way=1462800440#map=20/45.46744/9.169132"}}, {"type": "Feature", "geometry": {"type": "Point", "coordinates": [9.1756594, 45.41781]}, "properties": {"id": 1469818779, "feat_type": "way", "quality_categories": "improper_geometries", "issue_ids": "[1]", "osm_url": "https://www.openstreetmap.org/way/1469818779", "josm_url": "http://127.0.0.1:8111/load_object?new_layer=false&objects=w1469818779", "id_url": "https://www.openstreetmap.org/edit?editor=id&way=1469818779#map=20/45.41781/9.1756594"}}, {"type": "Feature", "geometry": {"type": "Point", "coordinates": [9.191354335103924, 45.4606822]}, "properties": {"id": 1491107210, "feat_type": "way", "quality_categories": "improper_geometries", "issue_ids": "[1]", "osm_url": "https://www.openstreetmap.org/way/1491107210", "josm_url": "http://127.0.0.1:8111/load_object?new_layer=false&objects=w1491107210", "id_url": "https://www.openstreetmap.org/edit?editor=id&way=1491107210#map=20/45.4606822/9.191354335103924"}}, {"type": "Feature", "geometry": {"type": "Point", "coordinates": [9.1757319, 45.4229059]}, "properties": {"id": 1495456387, "feat_type": "way", "quality_categories": "improper_geometries", "issue_ids": "[1]", "osm_url": "https://www.openstreetmap.org/way/1495456387", "josm_url": "http://127.0.0.1:8111/load_object?new_layer=false&objects=w1495456387", "id_url": "https://www.openstreetmap.org/edit?editor=id&way=1495456387#map=20/45.4229059/9.1757319"}}, {"type": "Feature", "geometry": {"type": "Point", "coordinates": [9.1530023, 45.4642441]}, "properties": {"id": 1510990632, "feat_type": "way", "quality_categories": "improper_geometries", "issue_ids": "[1]", "osm_url": "https://www.openstreetmap.org/way/1510990632", "josm_url": "http://127.0.0.1:8111/load_object?new_layer=false&objects=w1510990632", "id_url": "https://www.openstreetmap.org/edit?editor=id&way=1510990632#map=20/45.4642441/9.1530023"}}, {"type": "Feature", "geometry": {"type": "Point", "coordinates": [9.1657956, 45.4675022]}, "properties": {"id": 1511052361, "feat_type": "way", "quality_categories": "improper_geometries", "issue_ids": "[1]", "osm_url": "https://www.openstreetmap.org/way/1511052361", "josm_url": "http://127.0.0.1:8111/load_object?new_layer=false&objects=w1511052361", "id_url": "https://www.openstreetmap.org/edit?editor=id&way=1511052361#map=20/45.4675022/9.1657956"}}, {"type": "Feature", "geometry": {"type": "Point", "coordinates": [9.1356198, 45.4611564]}, "properties": {"id": 1535669919, "feat_type": "way", "quality_categories": "improper_geometries", "issue_ids": "[1]", "osm_url": "https://www.openstreetmap.org/way/1535669919", "josm_url": "http://127.0.0.1:8111/load_object?new_layer=false&objects=w1535669919", "id_url": "https://www.openstreetmap.org/edit?editor=id&way=1535669919#map=20/45.4611564/9.1356198"}}]}