{"type": "FeatureCollection", "features": [{"type": "Feature", "geometry": {"type": "Point", "coordinates": [-49.2589298, -25.4451345]}, "properties": {"id": 846529453, "feat_type": "node", "quality_categories": "improper_keys, kerb_on_top_of_non_crossing", "issue_ids": "[0, 1]", "osm_url": "https://www.openstreetmap.org/node/846529453", "josm_url": "http://127.0.0.1:8111/load_object?new_layer=false&objects=n846529453", "id_url": "https://www.openstreetmap.org/edit?editor=id&node=846529453#map=20/-25.4451345/-49.2589298"}}, {"type": "Feature", "geometry": {"type": "Point", "coordinates": [-49.2604752, -25.4353119]}, "properties": {"id": 846529467, "feat_type": "node", "quality_categories": "improper_keys, kerb_on_top_of_non_crossing", "issue_ids": "[2, 1]", "osm_url": "https://www.openstreetmap.org/node/846529467", "josm_url": "http://127.0.0.1:8111/load_object?new_layer=false&objects=n846529467", "id_url": "https://www.openstreetmap.org/edit?editor=id&node=846529467#map=20/-25.4353119/-49.2604752"}}, {"type": "Feature", "geometry": {"type": "Point", "coordinates": [-49.2603672, -25.4358053]}, "properties": {"id": 846529470, "feat_type": "node", "quality_categories": "improper_keys, kerb_on_top_of_non_crossing", "issue_ids": "[2, 1]", "osm_url": "https://www.openstreetmap.org/node/846529470", "josm_url": "http://127.0.0.1:8111/load_object?new_layer=false&objects=n846529470", "id_url": "https://www.openstreetmap.org/edit?editor=id&node=846529470#map=20/-25.4358053/-49.2603672"}}, {"type": "Feature", "geometry": {"type": "Point", "coordinates": [-49.2603734, -25.4357048]}, "properties": {"id": 846529481, "feat_type": "node", "quality_categories": "improper_keys, kerb_on_top_of_non_crossing", "issue_ids": "[2, 1]", "osm_url": "https://www.openstreetmap.org/node/846529481", "josm_url": "http://127.0.0.1:8111/load_object?new_layer=false&objects=n846529481", "id_url": "https://www.openstreetmap.org/edit?editor=id&node=846529481#map=20/-25.4357048/-49.2603734"}}, {"type": "Feature", "geometry": {"type": "Point", "coordinates": [-49.272312, -25.430384]}, "properties": {"id": 1394053635, "feat_type": "node", "quality_categories": "improper_keys, kerb_on_top_of_non_crossing", "issue_ids": "[3, 1]", "osm_url": "https://www.openstreetmap.org/node/1394053635", "josm_url": "http://127.0.0.1:8111/load_object?new_layer=false&objects=n1394053635", "id_url": "https://www.openstreetmap.org/edit?editor=id&node=1394053635#map=20/-25.430384/-49.272312"}}, {"type": "Feature", "geometry": {"type": "Point", "coordinates": [-49.2570713, -25.4354866]}, "properties": {"id": 1991377345, "feat_type": "node", "quality_categories": "improper_keys, kerb_on_top_of_non_crossing, uncanny_keys", "issue_ids": "[2, 4, 1]", "osm_url": "https://www.openstreetmap.org/node/1991377345", "josm_url": "http://127.0.0.1:8111/load_object?new_layer=false&objects=n1991377345", "id_url": "https://www.openstreetmap.org/edit?editor=id&node=1991377345#map=20/-25.4354866/-49.2570713"}}, {"type": "Feature", "geometry": {"type": "Point", "coordinates": [-49.2450681, -25.4500026]}, "properties": {"id": 2705921590, "feat_type": "node", "quality_categories": "improper_keys, kerb_on_top_of_non_crossing", "issue_ids": "[5, 1]", "osm_url": "https://www.openstreetmap.org/node/2705921590", "josm_url": "http://127.0.0.1:8111/load_object?new_layer=false&objects=n2705921590", "id_url": "https://www.openstreetmap.org/edit?editor=id&node=2705921590#map=20/-25.4500026/-49.2450681"}}, {"type": "Feature", "geometry": {"type": "Point", "coordinates": [-49.2148955, -25.4912716]}, "properties": {"id": 3507819516, "feat_type": "node", "quality_categories": "improper_keys, kerb_on_top_of_non_crossing, uncanny_keys", "issue_ids": "[2, 4, 1]", "osm_url": "https://www.openstreetmap.org/node/3507819516", "josm_url": "http://127.0.0.1:8111/load_object?new_layer=false&objects=n3507819516", "id_url": "https://www.openstreetmap.org/edit?editor=id&node=3507819516#map=20/-25.4912716/-49.2148955"}}, {"type": "Feature", "geometry": {"type": "Point", "coordinates": [-49.2600805, -25.4358865]}, "properties": {"id": 4491511700, "feat_type": "node", "quality_categories": "kerb_on_top_of_non_crossing, uncanny_keys", "issue_ids": "[4, 1]", "osm_url": "https://www.openstreetmap.org/node/4491511700", "josm_url": "http://127.0.0.1:8111/load_object?new_layer=false&objects=n4491511700", "id_url": "https://www.openstreetmap.org/edit?editor=id&node=4491511700#map=20/-25.4358865/-49.2600805"}}, {"type": "Feature", "geometry": {"type": "Point", "coordinates": [-49.3010235, -25.4642226]}, "properties": {"id": 4496710650, "feat_type": "node", "quality_categories": "improper_keys, kerb_on_top_of_non_crossing, older_than_five_years", "issue_ids": "[3, 6, 1]", "osm_url": "https://www.openstreetmap.org/node/4496710650", "josm_url": "http://127.0.0.1:8111/load_object?new_layer=false&objects=n4496710650", "id_url": "https://www.openstreetmap.org/edit?editor=id&node=4496710650#map=20/-25.4642226/-49.3010235"}}, {"type": "Feature", "geometry": {"type": "Point", "coordinates": [-49.3005858, -25.4642162]}, "properties": {"id": 4496710651, "feat_type": "node", "quality_categories": "improper_keys, kerb_on_top_of_non_crossing, older_than_five_years", "issue_ids": "[3, 7, 1]", "osm_url": "https://www.openstreetmap.org/node/4496710651", "josm_url": "http://127.0.0.1:8111/load_object?new_layer=false&objects=n4496710651", "id_url": "https://www.openstreetmap.org/edit?editor=id&node=4496710651#map=20/-25.4642162/-49.3005858"}}, {"type": "Feature", "geometry": {"type": "Point", "coordinates": [-49.2816962, -25.450375]}, "properties": {"id": 4598971371, "feat_type": "node", "quality_categories": "improper_keys, kerb_on_top_of_non_crossing", "issue_ids": "[8, 1]", "osm_url": "https://www.openstreetmap.org/node/4598971371", "josm_url": "http://127.0.0.1:8111/load_object?new_layer=false&objects=n4598971371", "id_url": "https://www.openstreetmap.org/edit?editor=id&node=4598971371#map=20/-25.450375/-49.2816962"}}, {"type": "Feature", "geometry": {"type": "Point", "coordinates": [-49.2311068, -25.4558578]}, "properties": {"id": 4604865115, "feat_type": "node", "quality_categories": "improper_keys, kerb_on_top_of_non_crossing", "issue_ids": "[5, 1]", "osm_url": "https://www.openstreetmap.org/node/4604865115", "josm_url": "http://127.0.0.1:8111/load_object?new_layer=false&objects=n4604865115", "id_url": "https://www.openstreetmap.org/edit?editor=id&node=4604865115#map=20/-25.4558578/-49.2311068"}}, {"type": "Feature", "geometry": {"type": "Point", "coordinates": [-49.2314005, -25.4558354]}, "properties": {"id": 4604865116, "feat_type": "node", "quality_categories": "improper_keys, kerb_on_top_of_non_crossing", "issue_ids": "[5, 1]", "osm_url": "https://www.openstreetmap.org/node/4604865116", "josm_url": "http://127.0.0.1:8111/load_object?new_layer=false&objects=n4604865116", "id_url": "https://www.openstreetmap.org/edit?editor=id&node=4604865116#map=20/-25.4558354/-49.2314005"}}, {"type": "Feature", "geometry": {"type": "Point", "coordinates": [-49.2312244, -25.455889]}, "properties": {"id": 4604865117, "feat_type": "node", "quality_categories": "improper_keys, kerb_on_top_of_non_crossing", "issue_ids": "[5, 1]", "osm_url": "https://www.openstreetmap.org/node/4604865117", "josm_url": "http://127.0.0.1:8111/load_object?new_layer=false&objects=n4604865117", "id_url": "https://www.openstreetmap.org/edit?editor=id&node=4604865117#map=20/-25.455889/-49.2312244"}}, {"type": "Feature", "geometry": {"type": "Point", "coordinates": [-49.2311641, -25.455763]}, "properties": {"id": 4604865118, "feat_type": "node", "quality_categories": "improper_keys, kerb_on_top_of_non_crossing", "issue_ids": "[5, 1]", "osm_url": "https://www.openstreetmap.org/node/4604865118", "josm_url": "http://127.0.0.1:8111/load_object?new_layer=false&objects=n4604865118", "id_url": "https://www.openstreetmap.org/edit?editor=id&node=4604865118#map=20/-25.455763/-49.2311641"}}, {"type": "Feature", "geometry": {"type": "Point", "coordinates": [-49.2313455, -25.4557155]}, "properties": {"id": 4604865119, "feat_type": "node", "quality_categories": "improper_keys, kerb_on_top_of_non_crossing, uncanny_keys", "issue_ids": "[2, 9, 1]", "osm_url": "https://www.openstreetmap.org/node/4604865119", "josm_url": "http://127.0.0.1:8111/load_object?new_layer=false&objects=n4604865119", "id_url": "https://www.openstreetmap.org/edit?editor=id&node=4604865119#map=20/-25.4557155/-49.2313455"}}, {"type": "Feature", "geometry": {"type": "Point", "coordinates": [-49.2314594, -25.455723]}, "properties": {"id": 4604865120, "feat_type": "node", "quality_categories": "improper_keys, kerb_on_top_of_non_crossing", "issue_ids": "[2, 1]", "osm_url": "https://www.openstreetmap.org/node/4604865120", "josm_url": "http://127.0.0.1:8111/load_object?new_layer=false&objects=n4604865120", "id_url": "https://www.openstreetmap.org/edit?editor=id&node=4604865120#map=20/-25.455723/-49.2314594"}}, {"type": "Feature", "geometry": {"type": "Point", "coordinates": [-49.2693217, -25.429703]}, "properties": {"id": 4695507319, "feat_type": "node", "quality_categories": "improper_keys, kerb_on_top_of_non_crossing", "issue_ids": "[10, 1]", "osm_url": "https://www.openstreetmap.org/node/4695507319", "josm_url": "http://127.0.0.1:8111/load_object?new_layer=false&objects=n4695507319", "id_url": "https://www.openstreetmap.org/edit?editor=id&node=4695507319#map=20/-25.429703/-49.2693217"}}, {"type": "Feature", "geometry": {"type": "Point", "coordinates": [-49.2721996, -25.4303512]}, "properties": {"id": 5088481090, "feat_type": "node", "quality_categories": "improper_keys, kerb_on_top_of_non_crossing", "issue_ids": "[3, 1]", "osm_url": "https://www.openstreetmap.org/node/5088481090", "josm_url": "http://127.0.0.1:8111/load_object?new_layer=false&objects=n5088481090", "id_url": "https://www.openstreetmap.org/edit?editor=id&node=5088481090#map=20/-25.4303512/-49.2721996"}}, {"type": "Feature", "geometry": {"type": "Point", "coordinates": [-49.2318588, -25.4568355]}, "properties": {"id": 6403047144, "feat_type": "node", "quality_categories": "improper_keys, kerb_on_top_of_non_crossing", "issue_ids": "[8, 1]", "osm_url": "https://www.openstreetmap.org/node/6403047144", "josm_url": "http://127.0.0.1:8111/load_object?new_layer=false&objects=n6403047144", "id_url": "https://www.openstreetmap.org/edit?editor=id&node=6403047144#map=20/-25.4568355/-49.2318588"}}, {"type": "Feature", "geometry": {"type": "Point", "coordinates": [-49.2317024, -25.4568882]}, "properties": {"id": 6403047145, "feat_type": "node", "quality_categories": "improper_keys, kerb_on_top_of_non_crossing", "issue_ids": "[8, 1]", "osm_url": "https://www.openstreetmap.org/node/6403047145", "josm_url": "http://127.0.0.1:8111/load_object?new_layer=false&objects=n6403047145", "id_url": "https://www.openstreetmap.org/edit?editor=id&node=6403047145#map=20/-25.4568882/-49.2317024"}}, {"type": "Feature", "geometry": {"type": "Point", "coordinates": [-49.2713778, -25.4393593]}, "properties": {"id": 7130275471, "feat_type": "node", "quality_categories": "improper_keys, kerb_on_top_of_non_crossing", "issue_ids": "[0, 1]", "osm_url": "https://www.openstreetmap.org/node/7130275471", "josm_url": "http://127.0.0.1:8111/load_object?new_layer=false&objects=n7130275471", "id_url": "https://www.openstreetmap.org/edit?editor=id&node=7130275471#map=20/-25.4393593/-49.2713778"}}, {"type": "Feature", "geometry": {"type": "Point", "coordinates": [-49.2708819, -25.4391704]}, "properties": {"id": 7130275473, "feat_type": "node", "quality_categories": "improper_keys, kerb_on_top_of_non_crossing", "issue_ids": "[5, 1]", "osm_url": "https://www.openstreetmap.org/node/7130275473", "josm_url": "http://127.0.0.1:8111/load_object?new_layer=false&objects=n7130275473", "id_url": "https://www.openstreetmap.org/edit?editor=id&node=7130275473#map=20/-25.4391704/-49.2708819"}}, {"type": "Feature", "geometry": {"type": "Point", "coordinates": [-49.2402757, -25.4531331]}, "properties": {"id": 8169120336, "feat_type": "node", "quality_categories": "kerb_on_top_of_non_crossing, older_than_five_years", "issue_ids": "[11, 1]", "osm_url": "https://www.openstreetmap.org/node/8169120336", "josm_url": "http://127.0.0.1:8111/load_object?new_layer=false&objects=n8169120336", "id_url": "https://www.openstreetmap.org/edit?editor=id&node=8169120336#map=20/-25.4531331/-49.2402757"}}, {"type": "Feature", "geometry": {"type": "Point", "coordinates": [-49.2340844, -25.4619599]}, "properties": {"id": 8822646778, "feat_type": "node", "quality_categories": "improper_keys, kerb_on_top_of_non_crossing", "issue_ids": "[2, 1]", "osm_url": "https://www.openstreetmap.org/node/8822646778", "josm_url": "http://127.0.0.1:8111/load_object?new_layer=false&objects=n8822646778", "id_url": "https://www.openstreetmap.org/edit?editor=id&node=8822646778#map=20/-25.4619599/-49.2340844"}}, {"type": "Feature", "geometry": {"type": "Point", "coordinates": [-49.2300545, -25.4644559]}, "properties": {"id": 8822688572, "feat_type": "node", "quality_categories": "improper_keys, kerb_on_top_of_non_crossing, older_than_five_years", "issue_ids": "[8, 12, 1]", "osm_url": "https://www.openstreetmap.org/node/8822688572", "josm_url": "http://127.0.0.1:8111/load_object?new_layer=false&objects=n8822688572", "id_url": "https://www.openstreetmap.org/edit?editor=id&node=8822688572#map=20/-25.4644559/-49.2300545"}}, {"type": "Feature", "geometry": {"type": "Point", "coordinates": [-49.2207065, -25.4650273]}, "properties": {"id": 8836180562, "feat_type": "node", "quality_categories": "kerb_on_top_of_non_crossing, wrong_mispelled_or_unlisted_values", "issue_ids": "[13, 1]", "osm_url": "https://www.openstreetmap.org/node/8836180562", "josm_url": "http://127.0.0.1:8111/load_object?new_layer=false&objects=n8836180562", "id_url": "https://www.openstreetmap.org/edit?editor=id&node=8836180562#map=20/-25.4650273/-49.2207065"}}, {"type": "Feature", "geometry": {"type": "Point", "coordinates": [-49.2336205, -25.4620436]}, "properties": {"id": 8842288416, "feat_type": "node", "quality_categories": "improper_keys, kerb_on_top_of_non_crossing", "issue_ids": "[8, 1]", "osm_url": "https://www.openstreetmap.org/node/8842288416", "josm_url": "http://127.0.0.1:8111/load_object?new_layer=false&objects=n8842288416", "id_url": "https://www.openstreetmap.org/edit?editor=id&node=8842288416#map=20/-25.4620436/-49.2336205"}}, {"type": "Feature", "geometry": {"type": "Point", "coordinates": [-49.2301525, -25.4538536]}, "properties": {"id": 8842699981, "feat_type": "node", "quality_categories": "improper_keys, kerb_on_top_of_non_crossing", "issue_ids": "[8, 1]", "osm_url": "https://www.openstreetmap.org/node/8842699981", "josm_url": "http://127.0.0.1:8111/load_object?new_layer=false&objects=n8842699981", "id_url": "https://www.openstreetmap.org/edit?editor=id&node=8842699981#map=20/-25.4538536/-49.2301525"}}, {"type": "Feature", "geometry": {"type": "Point", "coordinates": [-49.2310985, -25.455861]}, "properties": {"id": 8843282993, "feat_type": "node", "quality_categories": "improper_keys, kerb_on_top_of_non_crossing", "issue_ids": "[0, 1]", "osm_url": "https://www.openstreetmap.org/node/8843282993", "josm_url": "http://127.0.0.1:8111/load_object?new_layer=false&objects=n8843282993", "id_url": "https://www.openstreetmap.org/edit?editor=id&node=8843282993#map=20/-25.455861/-49.2310985"}}, {"type": "Feature", "geometry": {"type": "Point", "coordinates": [-49.2262808, -25.4614044]}, "properties": {"id": 8863679669, "feat_type": "node", "quality_categories": "kerb_on_top_of_non_crossing, older_than_five_years", "issue_ids": "[14, 1]", "osm_url": "https://www.openstreetmap.org/node/8863679669", "josm_url": "http://127.0.0.1:8111/load_object?new_layer=false&objects=n8863679669", "id_url": "https://www.openstreetmap.org/edit?editor=id&node=8863679669#map=20/-25.4614044/-49.2262808"}}, {"type": "Feature", "geometry": {"type": "Point", "coordinates": [-49.226206, -25.4613919]}, "properties": {"id": 8863679670, "feat_type": "node", "quality_categories": "kerb_on_top_of_non_crossing, older_than_five_years", "issue_ids": "[14, 1]", "osm_url": "https://www.openstreetmap.org/node/8863679670", "josm_url": "http://127.0.0.1:8111/load_object?new_layer=false&objects=n8863679670", "id_url": "https://www.openstreetmap.org/edit?editor=id&node=8863679670#map=20/-25.4613919/-49.226206"}}, {"type": "Feature", "geometry": {"type": "Point", "coordinates": [-49.228088, -25.463756]}, "properties": {"id": 8882941480, "feat_type": "node", "quality_categories": "improper_keys, kerb_on_top_of_non_crossing", "issue_ids": "[8, 1]", "osm_url": "https://www.openstreetmap.org/node/8882941480", "josm_url": "http://127.0.0.1:8111/load_object?new_layer=false&objects=n8882941480", "id_url": "https://www.openstreetmap.org/edit?editor=id&node=8882941480#map=20/-25.463756/-49.228088"}}, {"type": "Feature", "geometry": {"type": "Point", "coordinates": [-49.2279221, -25.4651903]}, "properties": {"id": 8882941505, "feat_type": "node", "quality_categories": "kerb_on_top_of_non_crossing, older_than_five_years", "issue_ids": "[15, 1]", "osm_url": "https://www.openstreetmap.org/node/8882941505", "josm_url": "http://127.0.0.1:8111/load_object?new_layer=false&objects=n8882941505", "id_url": "https://www.openstreetmap.org/edit?editor=id&node=8882941505#map=20/-25.4651903/-49.2279221"}}, {"type": "Feature", "geometry": {"type": "Point", "coordinates": [-49.2285429, -25.464471]}, "properties": {"id": 8886351118, "feat_type": "node", "quality_categories": "kerb_on_top_of_non_crossing, older_than_five_years", "issue_ids": "[12, 1]", "osm_url": "https://www.openstreetmap.org/node/8886351118", "josm_url": "http://127.0.0.1:8111/load_object?new_layer=false&objects=n8886351118", "id_url": "https://www.openstreetmap.org/edit?editor=id&node=8886351118#map=20/-25.464471/-49.2285429"}}, {"type": "Feature", "geometry": {"type": "Point", "coordinates": [-49.2286565, -25.4645426]}, "properties": {"id": 8886351119, "feat_type": "node", "quality_categories": "kerb_on_top_of_non_crossing, older_than_five_years", "issue_ids": "[12, 1]", "osm_url": "https://www.openstreetmap.org/node/8886351119", "josm_url": "http://127.0.0.1:8111/load_object?new_layer=false&objects=n8886351119", "id_url": "https://www.openstreetmap.org/edit?editor=id&node=8886351119#map=20/-25.4645426/-49.2286565"}}, {"type": "Feature", "geometry": {"type": "Point", "coordinates": [-49.2292764, -25.4645054]}, "properties": {"id": 8886351124, "feat_type": "node", "quality_categories": "improper_keys, kerb_on_top_of_non_crossing, older_than_five_years", "issue_ids": "[8, 12, 1]", "osm_url": "https://www.openstreetmap.org/node/8886351124", "josm_url": "http://127.0.0.1:8111/load_object?new_layer=false&objects=n8886351124", "id_url": "https://www.openstreetmap.org/edit?editor=id&node=8886351124#map=20/-25.4645054/-49.2292764"}}, {"type": "Feature", "geometry": {"type": "Point", "coordinates": [-49.2294872, -25.4644867]}, "properties": {"id": 8888420312, "feat_type": "node", "quality_categories": "improper_keys, kerb_on_top_of_non_crossing, older_than_five_years", "issue_ids": "[8, 12, 1]", "osm_url": "https://www.openstreetmap.org/node/8888420312", "josm_url": "http://127.0.0.1:8111/load_object?new_layer=false&objects=n8888420312", "id_url": "https://www.openstreetmap.org/edit?editor=id&node=8888420312#map=20/-25.4644867/-49.2294872"}}, {"type": "Feature", "geometry": {"type": "Point", "coordinates": [-49.2288195, -25.4600965]}, "properties": {"id": 8889336429, "feat_type": "node", "quality_categories": "kerb_on_top_of_non_crossing, older_than_five_years", "issue_ids": "[15, 1]", "osm_url": "https://www.openstreetmap.org/node/8889336429", "josm_url": "http://127.0.0.1:8111/load_object?new_layer=false&objects=n8889336429", "id_url": "https://www.openstreetmap.org/edit?editor=id&node=8889336429#map=20/-25.4600965/-49.2288195"}}, {"type": "Feature", "geometry": {"type": "Point", "coordinates": [-49.2286745, -25.4597843]}, "properties": {"id": 8889336430, "feat_type": "node", "quality_categories": "kerb_on_top_of_non_crossing, older_than_five_years", "issue_ids": "[15, 1]", "osm_url": "https://www.openstreetmap.org/node/8889336430", "josm_url": "http://127.0.0.1:8111/load_object?new_layer=false&objects=n8889336430", "id_url": "https://www.openstreetmap.org/edit?editor=id&node=8889336430#map=20/-25.4597843/-49.2286745"}}, {"type": "Feature", "geometry": {"type": "Point", "coordinates": [-49.2289488, -25.4603914]}, "properties": {"id": 8889336431, "feat_type": "node", "quality_categories": "kerb_on_top_of_non_crossing, older_than_five_years", "issue_ids": "[15, 1]", "osm_url": "https://www.openstreetmap.org/node/8889336431", "josm_url": "http://127.0.0.1:8111/load_object?new_layer=false&objects=n8889336431", "id_url": "https://www.openstreetmap.org/edit?editor=id&node=8889336431#map=20/-25.4603914/-49.2289488"}}, {"type": "Feature", "geometry": {"type": "Point", "coordinates": [-49.2287977, -25.459589]}, "properties": {"id": 8889336432, "feat_type": "node", "quality_categories": "kerb_on_top_of_non_crossing, older_than_five_years", "issue_ids": "[15, 1]", "osm_url": "https://www.openstreetmap.org/node/8889336432", "josm_url": "http://127.0.0.1:8111/load_object?new_layer=false&objects=n8889336432", "id_url": "https://www.openstreetmap.org/edit?editor=id&node=8889336432#map=20/-25.459589/-49.2287977"}}, {"type": "Feature", "geometry": {"type": "Point", "coordinates": [-49.2290286, -25.4594991]}, "properties": {"id": 8889336433, "feat_type": "node", "quality_categories": "kerb_on_top_of_non_crossing, older_than_five_years", "issue_ids": "[15, 1]", "osm_url": "https://www.openstreetmap.org/node/8889336433", "josm_url": "http://127.0.0.1:8111/load_object?new_layer=false&objects=n8889336433", "id_url": "https://www.openstreetmap.org/edit?editor=id&node=8889336433#map=20/-25.4594991/-49.2290286"}}, {"type": "Feature", "geometry": {"type": "Point", "coordinates": [-49.2293646, -25.4593721]}, "properties": {"id": 8889336434, "feat_type": "node", "quality_categories": "kerb_on_top_of_non_crossing, older_than_five_years", "issue_ids": "[15, 1]", "osm_url": "https://www.openstreetmap.org/node/8889336434", "josm_url": "http://127.0.0.1:8111/load_object?new_layer=false&objects=n8889336434", "id_url": "https://www.openstreetmap.org/edit?editor=id&node=8889336434#map=20/-25.4593721/-49.2293646"}}, {"type": "Feature", "geometry": {"type": "Point", "coordinates": [-49.22846, -25.4597271]}, "properties": {"id": 8889336435, "feat_type": "node", "quality_categories": "kerb_on_top_of_non_crossing, older_than_five_years", "issue_ids": "[15, 1]", "osm_url": "https://www.openstreetmap.org/node/8889336435", "josm_url": "http://127.0.0.1:8111/load_object?new_layer=false&objects=n8889336435", "id_url": "https://www.openstreetmap.org/edit?editor=id&node=8889336435#map=20/-25.4597271/-49.22846"}}, {"type": "Feature", "geometry": {"type": "Point", "coordinates": [-49.2283384, -25.4597761]}, "properties": {"id": 8889336436, "feat_type": "node", "quality_categories": "kerb_on_top_of_non_crossing, older_than_five_years", "issue_ids": "[15, 1]", "osm_url": "https://www.openstreetmap.org/node/8889336436", "josm_url": "http://127.0.0.1:8111/load_object?new_layer=false&objects=n8889336436", "id_url": "https://www.openstreetmap.org/edit?editor=id&node=8889336436#map=20/-25.4597761/-49.2283384"}}, {"type": "Feature", "geometry": {"type": "Point", "coordinates": [-49.2283606, -25.4597671]}, "properties": {"id": 8889336437, "feat_type": "node", "quality_categories": "kerb_on_top_of_non_crossing, older_than_five_years", "issue_ids": "[15, 1]", "osm_url": "https://www.openstreetmap.org/node/8889336437", "josm_url": "http://127.0.0.1:8111/load_object?new_layer=false&objects=n8889336437", "id_url": "https://www.openstreetmap.org/edit?editor=id&node=8889336437#map=20/-25.4597671/-49.2283606"}}, {"type": "Feature", "geometry": {"type": "Point", "coordinates": [-49.229451, -25.4671219]}, "properties": {"id": 8889351414, "feat_type": "node", "quality_categories": "kerb_on_top_of_non_crossing, older_than_five_years", "issue_ids": "[15, 1]", "osm_url": "https://www.openstreetmap.org/node/8889351414", "josm_url": "http://127.0.0.1:8111/load_object?new_layer=false&objects=n8889351414", "id_url": "https://www.openstreetmap.org/edit?editor=id&node=8889351414#map=20/-25.4671219/-49.229451"}}, {"type": "Feature", "geometry": {"type": "Point", "coordinates": [-49.2287976, -25.4553071]}, "properties": {"id": 8889376180, "feat_type": "node", "quality_categories": "kerb_on_top_of_non_crossing, older_than_five_years", "issue_ids": "[15, 1]", "osm_url": "https://www.openstreetmap.org/node/8889376180", "josm_url": "http://127.0.0.1:8111/load_object?new_layer=false&objects=n8889376180", "id_url": "https://www.openstreetmap.org/edit?editor=id&node=8889376180#map=20/-25.4553071/-49.2287976"}}, {"type": "Feature", "geometry": {"type": "Point", "coordinates": [-49.2287244, -25.4551497]}, "properties": {"id": 8889376181, "feat_type": "node", "quality_categories": "kerb_on_top_of_non_crossing, older_than_five_years", "issue_ids": "[15, 1]", "osm_url": "https://www.openstreetmap.org/node/8889376181", "josm_url": "http://127.0.0.1:8111/load_object?new_layer=false&objects=n8889376181", "id_url": "https://www.openstreetmap.org/edit?editor=id&node=8889376181#map=20/-25.4551497/-49.2287244"}}, {"type": "Feature", "geometry": {"type": "Point", "coordinates": [-49.2286174, -25.4549351]}, "properties": {"id": 8889376182, "feat_type": "node", "quality_categories": "kerb_on_top_of_non_crossing, older_than_five_years", "issue_ids": "[15, 1]", "osm_url": "https://www.openstreetmap.org/node/8889376182", "josm_url": "http://127.0.0.1:8111/load_object?new_layer=false&objects=n8889376182", "id_url": "https://www.openstreetmap.org/edit?editor=id&node=8889376182#map=20/-25.4549351/-49.2286174"}}, {"type": "Feature", "geometry": {"type": "Point", "coordinates": [-49.2284982, -25.4546879]}, "properties": {"id": 8889376183, "feat_type": "node", "quality_categories": "kerb_on_top_of_non_crossing, older_than_five_years", "issue_ids": "[15, 1]", "osm_url": "https://www.openstreetmap.org/node/8889376183", "josm_url": "http://127.0.0.1:8111/load_object?new_layer=false&objects=n8889376183", "id_url": "https://www.openstreetmap.org/edit?editor=id&node=8889376183#map=20/-25.4546879/-49.2284982"}}, {"type": "Feature", "geometry": {"type": "Point", "coordinates": [-49.2280467, -25.4647627]}, "properties": {"id": 8889383020, "feat_type": "node", "quality_categories": "kerb_on_top_of_non_crossing, older_than_five_years", "issue_ids": "[15, 1]", "osm_url": "https://www.openstreetmap.org/node/8889383020", "josm_url": "http://127.0.0.1:8111/load_object?new_layer=false&objects=n8889383020", "id_url": "https://www.openstreetmap.org/edit?editor=id&node=8889383020#map=20/-25.4647627/-49.2280467"}}, {"type": "Feature", "geometry": {"type": "Point", "coordinates": [-49.2282109, -25.4641451]}, "properties": {"id": 8889383023, "feat_type": "node", "quality_categories": "kerb_on_top_of_non_crossing, older_than_five_years", "issue_ids": "[15, 1]", "osm_url": "https://www.openstreetmap.org/node/8889383023", "josm_url": "http://127.0.0.1:8111/load_object?new_layer=false&objects=n8889383023", "id_url": "https://www.openstreetmap.org/edit?editor=id&node=8889383023#map=20/-25.4641451/-49.2282109"}}, {"type": "Feature", "geometry": {"type": "Point", "coordinates": [-49.2270776, -25.464995]}, "properties": {"id": 8889383024, "feat_type": "node", "quality_categories": "kerb_on_top_of_non_crossing, older_than_five_years", "issue_ids": "[15, 1]", "osm_url": "https://www.openstreetmap.org/node/8889383024", "josm_url": "http://127.0.0.1:8111/load_object?new_layer=false&objects=n8889383024", "id_url": "https://www.openstreetmap.org/edit?editor=id&node=8889383024#map=20/-25.464995/-49.2270776"}}, {"type": "Feature", "geometry": {"type": "Point", "coordinates": [-49.2280874, -25.4637408]}, "properties": {"id": 8893030771, "feat_type": "node", "quality_categories": "kerb_on_top_of_non_crossing, older_than_five_years", "issue_ids": "[16, 1]", "osm_url": "https://www.openstreetmap.org/node/8893030771", "josm_url": "http://127.0.0.1:8111/load_object?new_layer=false&objects=n8893030771", "id_url": "https://www.openstreetmap.org/edit?editor=id&node=8893030771#map=20/-25.4637408/-49.2280874"}}, {"type": "Feature", "geometry": {"type": "Point", "coordinates": [-49.2274976, -25.463664]}, "properties": {"id": 8893030772, "feat_type": "node", "quality_categories": "improper_keys, kerb_on_top_of_non_crossing, older_than_five_years", "issue_ids": "[8, 16, 1]", "osm_url": "https://www.openstreetmap.org/node/8893030772", "josm_url": "http://127.0.0.1:8111/load_object?new_layer=false&objects=n8893030772", "id_url": "https://www.openstreetmap.org/edit?editor=id&node=8893030772#map=20/-25.463664/-49.2274976"}}, {"type": "Feature", "geometry": {"type": "Point", "coordinates": [-49.2284249, -25.4640312]}, "properties": {"id": 8893030774, "feat_type": "node", "quality_categories": "kerb_on_top_of_non_crossing, older_than_five_years", "issue_ids": "[16, 1]", "osm_url": "https://www.openstreetmap.org/node/8893030774", "josm_url": "http://127.0.0.1:8111/load_object?new_layer=false&objects=n8893030774", "id_url": "https://www.openstreetmap.org/edit?editor=id&node=8893030774#map=20/-25.4640312/-49.2284249"}}, {"type": "Feature", "geometry": {"type": "Point", "coordinates": [-49.228504, -25.4640456]}, "properties": {"id": 8893030775, "feat_type": "node", "quality_categories": "kerb_on_top_of_non_crossing, older_than_five_years", "issue_ids": "[16, 1]", "osm_url": "https://www.openstreetmap.org/node/8893030775", "josm_url": "http://127.0.0.1:8111/load_object?new_layer=false&objects=n8893030775", "id_url": "https://www.openstreetmap.org/edit?editor=id&node=8893030775#map=20/-25.4640456/-49.228504"}}, {"type": "Feature", "geometry": {"type": "Point", "coordinates": [-49.2284588, -25.464467]}, "properties": {"id": 8893030776, "feat_type": "node", "quality_categories": "kerb_on_top_of_non_crossing, older_than_five_years", "issue_ids": "[17, 1]", "osm_url": "https://www.openstreetmap.org/node/8893030776", "josm_url": "http://127.0.0.1:8111/load_object?new_layer=false&objects=n8893030776", "id_url": "https://www.openstreetmap.org/edit?editor=id&node=8893030776#map=20/-25.464467/-49.2284588"}}, {"type": "Feature", "geometry": {"type": "Point", "coordinates": [-49.2282286, -25.4637097]}, "properties": {"id": 8895100919, "feat_type": "node", "quality_categories": "kerb_on_top_of_non_crossing, older_than_five_years", "issue_ids": "[16, 1]", "osm_url": "https://www.openstreetmap.org/node/8895100919", "josm_url": "http://127.0.0.1:8111/load_object?new_layer=false&objects=n8895100919", "id_url": "https://www.openstreetmap.org/edit?editor=id&node=8895100919#map=20/-25.4637097/-49.2282286"}}, {"type": "Feature", "geometry": {"type": "Point", "coordinates": [-49.2273203, -25.464014]}, "properties": {"id": 8895100923, "feat_type": "node", "quality_categories": "kerb_on_top_of_non_crossing, older_than_five_years", "issue_ids": "[16, 1]", "osm_url": "https://www.openstreetmap.org/node/8895100923", "josm_url": "http://127.0.0.1:8111/load_object?new_layer=false&objects=n8895100923", "id_url": "https://www.openstreetmap.org/edit?editor=id&node=8895100923#map=20/-25.464014/-49.2273203"}}, {"type": "Feature", "geometry": {"type": "Point", "coordinates": [-49.227262, -25.4639972]}, "properties": {"id": 8895100924, "feat_type": "node", "quality_categories": "kerb_on_top_of_non_crossing, older_than_five_years", "issue_ids": "[16, 1]", "osm_url": "https://www.openstreetmap.org/node/8895100924", "josm_url": "http://127.0.0.1:8111/load_object?new_layer=false&objects=n8895100924", "id_url": "https://www.openstreetmap.org/edit?editor=id&node=8895100924#map=20/-25.4639972/-49.227262"}}, {"type": "Feature", "geometry": {"type": "Point", "coordinates": [-49.2272557, -25.4642358]}, "properties": {"id": 8895100925, "feat_type": "node", "quality_categories": "kerb_on_top_of_non_crossing, older_than_five_years", "issue_ids": "[16, 1]", "osm_url": "https://www.openstreetmap.org/node/8895100925", "josm_url": "http://127.0.0.1:8111/load_object?new_layer=false&objects=n8895100925", "id_url": "https://www.openstreetmap.org/edit?editor=id&node=8895100925#map=20/-25.4642358/-49.2272557"}}, {"type": "Feature", "geometry": {"type": "Point", "coordinates": [-49.2272, -25.4642272]}, "properties": {"id": 8895100926, "feat_type": "node", "quality_categories": "kerb_on_top_of_non_crossing, older_than_five_years", "issue_ids": "[16, 1]", "osm_url": "https://www.openstreetmap.org/node/8895100926", "josm_url": "http://127.0.0.1:8111/load_object?new_layer=false&objects=n8895100926", "id_url": "https://www.openstreetmap.org/edit?editor=id&node=8895100926#map=20/-25.4642272/-49.2272"}}, {"type": "Feature", "geometry": {"type": "Point", "coordinates": [-49.2269812, -25.4655135]}, "properties": {"id": 8895100927, "feat_type": "node", "quality_categories": "kerb_on_top_of_non_crossing, older_than_five_years", "issue_ids": "[16, 1]", "osm_url": "https://www.openstreetmap.org/node/8895100927", "josm_url": "http://127.0.0.1:8111/load_object?new_layer=false&objects=n8895100927", "id_url": "https://www.openstreetmap.org/edit?editor=id&node=8895100927#map=20/-25.4655135/-49.2269812"}}, {"type": "Feature", "geometry": {"type": "Point", "coordinates": [-49.2269609, -25.4655696]}, "properties": {"id": 8895100928, "feat_type": "node", "quality_categories": "kerb_on_top_of_non_crossing, older_than_five_years", "issue_ids": "[16, 1]", "osm_url": "https://www.openstreetmap.org/node/8895100928", "josm_url": "http://127.0.0.1:8111/load_object?new_layer=false&objects=n8895100928", "id_url": "https://www.openstreetmap.org/edit?editor=id&node=8895100928#map=20/-25.4655696/-49.2269609"}}, {"type": "Feature", "geometry": {"type": "Point", "coordinates": [-49.2940938, -25.4856557]}, "properties": {"id": 9414623617, "feat_type": "node", "quality_categories": "improper_keys, kerb_on_top_of_non_crossing", "issue_ids": "[5, 1]", "osm_url": "https://www.openstreetmap.org/node/9414623617", "josm_url": "http://127.0.0.1:8111/load_object?new_layer=false&objects=n9414623617", "id_url": "https://www.openstreetmap.org/edit?editor=id&node=9414623617#map=20/-25.4856557/-49.2940938"}}, {"type": "Feature", "geometry": {"type": "Point", "coordinates": [-49.294018, -25.4856701]}, "properties": {"id": 9414623618, "feat_type": "node", "quality_categories": "improper_keys, kerb_on_top_of_non_crossing", "issue_ids": "[5, 1]", "osm_url": "https://www.openstreetmap.org/node/9414623618", "josm_url": "http://127.0.0.1:8111/load_object?new_layer=false&objects=n9414623618", "id_url": "https://www.openstreetmap.org/edit?editor=id&node=9414623618#map=20/-25.4856701/-49.294018"}}, {"type": "Feature", "geometry": {"type": "Point", "coordinates": [-49.2941745, -25.4856378]}, "properties": {"id": 9414623619, "feat_type": "node", "quality_categories": "improper_keys, kerb_on_top_of_non_crossing", "issue_ids": "[5, 1]", "osm_url": "https://www.openstreetmap.org/node/9414623619", "josm_url": "http://127.0.0.1:8111/load_object?new_layer=false&objects=n9414623619", "id_url": "https://www.openstreetmap.org/edit?editor=id&node=9414623619#map=20/-25.4856378/-49.2941745"}}, {"type": "Feature", "geometry": {"type": "Point", "coordinates": [-49.2314885, -25.4628867]}, "properties": {"id": 13317860641, "feat_type": "node", "quality_categories": "improper_keys, kerb_on_top_of_non_crossing", "issue_ids": "[8, 1]", "osm_url": "https://www.openstreetmap.org/node/13317860641", "josm_url": "http://127.0.0.1:8111/load_object?new_layer=false&objects=n13317860641", "id_url": "https://www.openstreetmap.org/edit?editor=id&node=13317860641#map=20/-25.4628867/-49.2314885"}}, {"type": "Feature", "geometry": {"type": "Point", "coordinates": [-49.2956669, -25.5137114]}, "properties": {"id": 1383108533, "feat_type": "node", "quality_categories": "kerb_on_top_of_non_crossing", "issue_ids": "[1]", "osm_url": "https://www.openstreetmap.org/node/1383108533", "josm_url": "http://127.0.0.1:8111/load_object?new_layer=false&objects=n1383108533", "id_url": "https://www.openstreetmap.org/edit?editor=id&node=1383108533#map=20/-25.5137114/-49.2956669"}}, {"type": "Feature", "geometry": {"type": "Point", "coordinates": [-49.2690915, -25.4420616]}, "properties": {"id": 2383931479, "feat_type": "node", "quality_categories": "kerb_on_top_of_non_crossing", "issue_ids": "[1]", "osm_url": "https://www.openstreetmap.org/node/2383931479", "josm_url": "http://127.0.0.1:8111/load_object?new_layer=false&objects=n2383931479", "id_url": "https://www.openstreetmap.org/edit?editor=id&node=2383931479#map=20/-25.4420616/-49.2690915"}}, {"type": "Feature", "geometry": {"type": "Point", "coordinates": [-49.2690433, -25.4421678]}, "properties": {"id": 2383931484, "feat_type": "node", "quality_categories": "kerb_on_top_of_non_crossing", "issue_ids": "[1]", "osm_url": "https://www.openstreetmap.org/node/2383931484", "josm_url": "http://127.0.0.1:8111/load_object?new_layer=false&objects=n2383931484", "id_url": "https://www.openstreetmap.org/edit?editor=id&node=2383931484#map=20/-25.4421678/-49.2690433"}}, {"type": "Feature", "geometry": {"type": "Point", "coordinates": [-49.2811659, -25.4518242]}, "properties": {"id": 4598971359, "feat_type": "node", "quality_categories": "kerb_on_top_of_non_crossing", "issue_ids": "[1]", "osm_url": "https://www.openstreetmap.org/node/4598971359", "josm_url": "http://127.0.0.1:8111/load_object?new_layer=false&objects=n4598971359", "id_url": "https://www.openstreetmap.org/edit?editor=id&node=4598971359#map=20/-25.4518242/-49.2811659"}}, {"type": "Feature", "geometry": {"type": "Point", "coordinates": [-49.2335002, -25.446784]}, "properties": {"id": 6967951295, "feat_type": "node", "quality_categories": "kerb_on_top_of_non_crossing", "issue_ids": "[1]", "osm_url": "https://www.openstreetmap.org/node/6967951295", "josm_url": "http://127.0.0.1:8111/load_object?new_layer=false&objects=n6967951295", "id_url": "https://www.openstreetmap.org/edit?editor=id&node=6967951295#map=20/-25.446784/-49.2335002"}}, {"type": "Feature", "geometry": {"type": "Point", "coordinates": [-49.2314447, -25.4556557]}, "properties": {"id": 8822621815, "feat_type": "node", "quality_categories": "kerb_on_top_of_non_crossing", "issue_ids": "[1]", "osm_url": "https://www.openstreetmap.org/node/8822621815", "josm_url": "http://127.0.0.1:8111/load_object?new_layer=false&objects=n8822621815", "id_url": "https://www.openstreetmap.org/edit?editor=id&node=8822621815#map=20/-25.4556557/-49.2314447"}}, {"type": "Feature", "geometry": {"type": "Point", "coordinates": [-49.2233032, -25.4570972]}, "properties": {"id": 8822636771, "feat_type": "node", "quality_categories": "kerb_on_top_of_non_crossing", "issue_ids": "[1]", "osm_url": "https://www.openstreetmap.org/node/8822636771", "josm_url": "http://127.0.0.1:8111/load_object?new_layer=false&objects=n8822636771", "id_url": "https://www.openstreetmap.org/edit?editor=id&node=8822636771#map=20/-25.4570972/-49.2233032"}}, {"type": "Feature", "geometry": {"type": "Point", "coordinates": [-49.2233326, -25.4570313]}, "properties": {"id": 8822636773, "feat_type": "node", "quality_categories": "kerb_on_top_of_non_crossing", "issue_ids": "[1]", "osm_url": "https://www.openstreetmap.org/node/8822636773", "josm_url": "http://127.0.0.1:8111/load_object?new_layer=false&objects=n8822636773", "id_url": "https://www.openstreetmap.org/edit?editor=id&node=8822636773#map=20/-25.4570313/-49.2233326"}}, {"type": "Feature", "geometry": {"type": "Point", "coordinates": [-49.2309399, -25.4622042]}, "properties": {"id": 8822681678, "feat_type": "node", "quality_categories": "kerb_on_top_of_non_crossing", "issue_ids": "[1]", "osm_url": "https://www.openstreetmap.org/node/8822681678", "josm_url": "http://127.0.0.1:8111/load_object?new_layer=false&objects=n8822681678", "id_url": "https://www.openstreetmap.org/edit?editor=id&node=8822681678#map=20/-25.4622042/-49.2309399"}}, {"type": "Feature", "geometry": {"type": "Point", "coordinates": [-49.231243, -25.4632094]}, "properties": {"id": 8822681684, "feat_type": "node", "quality_categories": "kerb_on_top_of_non_crossing", "issue_ids": "[1]", "osm_url": "https://www.openstreetmap.org/node/8822681684", "josm_url": "http://127.0.0.1:8111/load_object?new_layer=false&objects=n8822681684", "id_url": "https://www.openstreetmap.org/edit?editor=id&node=8822681684#map=20/-25.4632094/-49.231243"}}, {"type": "Feature", "geometry": {"type": "Point", "coordinates": [-49.230824, -25.4620893]}, "properties": {"id": 8822683922, "feat_type": "node", "quality_categories": "kerb_on_top_of_non_crossing", "issue_ids": "[1]", "osm_url": "https://www.openstreetmap.org/node/8822683922", "josm_url": "http://127.0.0.1:8111/load_object?new_layer=false&objects=n8822683922", "id_url": "https://www.openstreetmap.org/edit?editor=id&node=8822683922#map=20/-25.4620893/-49.230824"}}, {"type": "Feature", "geometry": {"type": "Point", "coordinates": [-49.2301974, -25.4604222]}, "properties": {"id": 8822683925, "feat_type": "node", "quality_categories": "kerb_on_top_of_non_crossing", "issue_ids": "[1]", "osm_url": "https://www.openstreetmap.org/node/8822683925", "josm_url": "http://127.0.0.1:8111/load_object?new_layer=false&objects=n8822683925", "id_url": "https://www.openstreetmap.org/edit?editor=id&node=8822683925#map=20/-25.4604222/-49.2301974"}}, {"type": "Feature", "geometry": {"type": "Point", "coordinates": [-49.2307344, -25.4616475]}, "properties": {"id": 8822683970, "feat_type": "node", "quality_categories": "kerb_on_top_of_non_crossing", "issue_ids": "[1]", "osm_url": "https://www.openstreetmap.org/node/8822683970", "josm_url": "http://127.0.0.1:8111/load_object?new_layer=false&objects=n8822683970", "id_url": "https://www.openstreetmap.org/edit?editor=id&node=8822683970#map=20/-25.4616475/-49.2307344"}}, {"type": "Feature", "geometry": {"type": "Point", "coordinates": [-49.2332208, -25.464675]}, "properties": {"id": 8822684978, "feat_type": "node", "quality_categories": "kerb_on_top_of_non_crossing", "issue_ids": "[1]", "osm_url": "https://www.openstreetmap.org/node/8822684978", "josm_url": "http://127.0.0.1:8111/load_object?new_layer=false&objects=n8822684978", "id_url": "https://www.openstreetmap.org/edit?editor=id&node=8822684978#map=20/-25.464675/-49.2332208"}}, {"type": "Feature", "geometry": {"type": "Point", "coordinates": [-49.2331542, -25.4646379]}, "properties": {"id": 8822684980, "feat_type": "node", "quality_categories": "kerb_on_top_of_non_crossing", "issue_ids": "[1]", "osm_url": "https://www.openstreetmap.org/node/8822684980", "josm_url": "http://127.0.0.1:8111/load_object?new_layer=false&objects=n8822684980", "id_url": "https://www.openstreetmap.org/edit?editor=id&node=8822684980#map=20/-25.4646379/-49.2331542"}}, {"type": "Feature", "geometry": {"type": "Point", "coordinates": [-49.233168, -25.4629716]}, "properties": {"id": 8822685014, "feat_type": "node", "quality_categories": "kerb_on_top_of_non_crossing", "issue_ids": "[1]", "osm_url": "https://www.openstreetmap.org/node/8822685014", "josm_url": "http://127.0.0.1:8111/load_object?new_layer=false&objects=n8822685014", "id_url": "https://www.openstreetmap.org/edit?editor=id&node=8822685014#map=20/-25.4629716/-49.233168"}}, {"type": "Feature", "geometry": {"type": "Point", "coordinates": [-49.2263697, -25.4639975]}, "properties": {"id": 8822688643, "feat_type": "node", "quality_categories": "kerb_on_top_of_non_crossing", "issue_ids": "[1]", "osm_url": "https://www.openstreetmap.org/node/8822688643", "josm_url": "http://127.0.0.1:8111/load_object?new_layer=false&objects=n8822688643", "id_url": "https://www.openstreetmap.org/edit?editor=id&node=8822688643#map=20/-25.4639975/-49.2263697"}}, {"type": "Feature", "geometry": {"type": "Point", "coordinates": [-49.2264194, -25.4640094]}, "properties": {"id": 8822688645, "feat_type": "node", "quality_categories": "kerb_on_top_of_non_crossing", "issue_ids": "[1]", "osm_url": "https://www.openstreetmap.org/node/8822688645", "josm_url": "http://127.0.0.1:8111/load_object?new_layer=false&objects=n8822688645", "id_url": "https://www.openstreetmap.org/edit?editor=id&node=8822688645#map=20/-25.4640094/-49.2264194"}}, {"type": "Feature", "geometry": {"type": "Point", "coordinates": [-49.2314145, -25.4652104]}, "properties": {"id": 8822700933, "feat_type": "node", "quality_categories": "kerb_on_top_of_non_crossing", "issue_ids": "[1]", "osm_url": "https://www.openstreetmap.org/node/8822700933", "josm_url": "http://127.0.0.1:8111/load_object?new_layer=false&objects=n8822700933", "id_url": "https://www.openstreetmap.org/edit?editor=id&node=8822700933#map=20/-25.4652104/-49.2314145"}}, {"type": "Feature", "geometry": {"type": "Point", "coordinates": [-49.2313794, -25.4651893]}, "properties": {"id": 8822700934, "feat_type": "node", "quality_categories": "kerb_on_top_of_non_crossing", "issue_ids": "[1]", "osm_url": "https://www.openstreetmap.org/node/8822700934", "josm_url": "http://127.0.0.1:8111/load_object?new_layer=false&objects=n8822700934", "id_url": "https://www.openstreetmap.org/edit?editor=id&node=8822700934#map=20/-25.4651893/-49.2313794"}}, {"type": "Feature", "geometry": {"type": "Point", "coordinates": [-49.2313359, -25.4651659]}, "properties": {"id": 8822700935, "feat_type": "node", "quality_categories": "kerb_on_top_of_non_crossing", "issue_ids": "[1]", "osm_url": "https://www.openstreetmap.org/node/8822700935", "josm_url": "http://127.0.0.1:8111/load_object?new_layer=false&objects=n8822700935", "id_url": "https://www.openstreetmap.org/edit?editor=id&node=8822700935#map=20/-25.4651659/-49.2313359"}}, {"type": "Feature", "geometry": {"type": "Point", "coordinates": [-49.2214603, -25.4651008]}, "properties": {"id": 8836180542, "feat_type": "node", "quality_categories": "kerb_on_top_of_non_crossing", "issue_ids": "[1]", "osm_url": "https://www.openstreetmap.org/node/8836180542", "josm_url": "http://127.0.0.1:8111/load_object?new_layer=false&objects=n8836180542", "id_url": "https://www.openstreetmap.org/edit?editor=id&node=8836180542#map=20/-25.4651008/-49.2214603"}}, {"type": "Feature", "geometry": {"type": "Point", "coordinates": [-49.221378, -25.4650784]}, "properties": {"id": 8836180544, "feat_type": "node", "quality_categories": "kerb_on_top_of_non_crossing", "issue_ids": "[1]", "osm_url": "https://www.openstreetmap.org/node/8836180544", "josm_url": "http://127.0.0.1:8111/load_object?new_layer=false&objects=n8836180544", "id_url": "https://www.openstreetmap.org/edit?editor=id&node=8836180544#map=20/-25.4650784/-49.221378"}}, {"type": "Feature", "geometry": {"type": "Point", "coordinates": [-49.2286148, -25.4711044]}, "properties": {"id": 8837121702, "feat_type": "node", "quality_categories": "kerb_on_top_of_non_crossing", "issue_ids": "[1]", "osm_url": "https://www.openstreetmap.org/node/8837121702", "josm_url": "http://127.0.0.1:8111/load_object?new_layer=false&objects=n8837121702", "id_url": "https://www.openstreetmap.org/edit?editor=id&node=8837121702#map=20/-25.4711044/-49.2286148"}}, {"type": "Feature", "geometry": {"type": "Point", "coordinates": [-49.2286294, -25.4710832]}, "properties": {"id": 8837121704, "feat_type": "node", "quality_categories": "kerb_on_top_of_non_crossing", "issue_ids": "[1]", "osm_url": "https://www.openstreetmap.org/node/8837121704", "josm_url": "http://127.0.0.1:8111/load_object?new_layer=false&objects=n8837121704", "id_url": "https://www.openstreetmap.org/edit?editor=id&node=8837121704#map=20/-25.4710832/-49.2286294"}}, {"type": "Feature", "geometry": {"type": "Point", "coordinates": [-49.2254529, -25.4660499]}, "properties": {"id": 8839885591, "feat_type": "node", "quality_categories": "kerb_on_top_of_non_crossing", "issue_ids": "[1]", "osm_url": "https://www.openstreetmap.org/node/8839885591", "josm_url": "http://127.0.0.1:8111/load_object?new_layer=false&objects=n8839885591", "id_url": "https://www.openstreetmap.org/edit?editor=id&node=8839885591#map=20/-25.4660499/-49.2254529"}}, {"type": "Feature", "geometry": {"type": "Point", "coordinates": [-49.2254723, -25.4659877]}, "properties": {"id": 8839885593, "feat_type": "node", "quality_categories": "kerb_on_top_of_non_crossing", "issue_ids": "[1]", "osm_url": "https://www.openstreetmap.org/node/8839885593", "josm_url": "http://127.0.0.1:8111/load_object?new_layer=false&objects=n8839885593", "id_url": "https://www.openstreetmap.org/edit?editor=id&node=8839885593#map=20/-25.4659877/-49.2254723"}}, {"type": "Feature", "geometry": {"type": "Point", "coordinates": [-49.2248185, -25.4665792]}, "properties": {"id": 8839885611, "feat_type": "node", "quality_categories": "kerb_on_top_of_non_crossing", "issue_ids": "[1]", "osm_url": "https://www.openstreetmap.org/node/8839885611", "josm_url": "http://127.0.0.1:8111/load_object?new_layer=false&objects=n8839885611", "id_url": "https://www.openstreetmap.org/edit?editor=id&node=8839885611#map=20/-25.4665792/-49.2248185"}}, {"type": "Feature", "geometry": {"type": "Point", "coordinates": [-49.2247526, -25.4665643]}, "properties": {"id": 8839885613, "feat_type": "node", "quality_categories": "kerb_on_top_of_non_crossing", "issue_ids": "[1]", "osm_url": "https://www.openstreetmap.org/node/8839885613", "josm_url": "http://127.0.0.1:8111/load_object?new_layer=false&objects=n8839885613", "id_url": "https://www.openstreetmap.org/edit?editor=id&node=8839885613#map=20/-25.4665643/-49.2247526"}}, {"type": "Feature", "geometry": {"type": "Point", "coordinates": [-49.2250445, -25.4657872]}, "properties": {"id": 8839885615, "feat_type": "node", "quality_categories": "kerb_on_top_of_non_crossing", "issue_ids": "[1]", "osm_url": "https://www.openstreetmap.org/node/8839885615", "josm_url": "http://127.0.0.1:8111/load_object?new_layer=false&objects=n8839885615", "id_url": "https://www.openstreetmap.org/edit?editor=id&node=8839885615#map=20/-25.4657872/-49.2250445"}}, {"type": "Feature", "geometry": {"type": "Point", "coordinates": [-49.2249696, -25.465769]}, "properties": {"id": 8839885617, "feat_type": "node", "quality_categories": "kerb_on_top_of_non_crossing", "issue_ids": "[1]", "osm_url": "https://www.openstreetmap.org/node/8839885617", "josm_url": "http://127.0.0.1:8111/load_object?new_layer=false&objects=n8839885617", "id_url": "https://www.openstreetmap.org/edit?editor=id&node=8839885617#map=20/-25.465769/-49.2249696"}}, {"type": "Feature", "geometry": {"type": "Point", "coordinates": [-49.2329752, -25.4628542]}, "properties": {"id": 8842309418, "feat_type": "node", "quality_categories": "kerb_on_top_of_non_crossing", "issue_ids": "[1]", "osm_url": "https://www.openstreetmap.org/node/8842309418", "josm_url": "http://127.0.0.1:8111/load_object?new_layer=false&objects=n8842309418", "id_url": "https://www.openstreetmap.org/edit?editor=id&node=8842309418#map=20/-25.4628542/-49.2329752"}}, {"type": "Feature", "geometry": {"type": "Point", "coordinates": [-49.2330914, -25.4628381]}, "properties": {"id": 8842309421, "feat_type": "node", "quality_categories": "kerb_on_top_of_non_crossing", "issue_ids": "[1]", "osm_url": "https://www.openstreetmap.org/node/8842309421", "josm_url": "http://127.0.0.1:8111/load_object?new_layer=false&objects=n8842309421", "id_url": "https://www.openstreetmap.org/edit?editor=id&node=8842309421#map=20/-25.4628381/-49.2330914"}}, {"type": "Feature", "geometry": {"type": "Point", "coordinates": [-49.2297876, -25.453798]}, "properties": {"id": 8842699980, "feat_type": "node", "quality_categories": "kerb_on_top_of_non_crossing", "issue_ids": "[1]", "osm_url": "https://www.openstreetmap.org/node/8842699980", "josm_url": "http://127.0.0.1:8111/load_object?new_layer=false&objects=n8842699980", "id_url": "https://www.openstreetmap.org/edit?editor=id&node=8842699980#map=20/-25.453798/-49.2297876"}}, {"type": "Feature", "geometry": {"type": "Point", "coordinates": [-49.230409, -25.4587527]}, "properties": {"id": 8843282971, "feat_type": "node", "quality_categories": "kerb_on_top_of_non_crossing", "issue_ids": "[1]", "osm_url": "https://www.openstreetmap.org/node/8843282971", "josm_url": "http://127.0.0.1:8111/load_object?new_layer=false&objects=n8843282971", "id_url": "https://www.openstreetmap.org/edit?editor=id&node=8843282971#map=20/-25.4587527/-49.230409"}}, {"type": "Feature", "geometry": {"type": "Point", "coordinates": [-49.2308486, -25.4552556]}, "properties": {"id": 8864065328, "feat_type": "node", "quality_categories": "kerb_on_top_of_non_crossing", "issue_ids": "[1]", "osm_url": "https://www.openstreetmap.org/node/8864065328", "josm_url": "http://127.0.0.1:8111/load_object?new_layer=false&objects=n8864065328", "id_url": "https://www.openstreetmap.org/edit?editor=id&node=8864065328#map=20/-25.4552556/-49.2308486"}}, {"type": "Feature", "geometry": {"type": "Point", "coordinates": [-49.2275084, -25.4636255]}, "properties": {"id": 8882941483, "feat_type": "node", "quality_categories": "kerb_on_top_of_non_crossing", "issue_ids": "[1]", "osm_url": "https://www.openstreetmap.org/node/8882941483", "josm_url": "http://127.0.0.1:8111/load_object?new_layer=false&objects=n8882941483", "id_url": "https://www.openstreetmap.org/edit?editor=id&node=8882941483#map=20/-25.4636255/-49.2275084"}}, {"type": "Feature", "geometry": {"type": "Point", "coordinates": [-49.2283395, -25.4634867]}, "properties": {"id": 8882943064, "feat_type": "node", "quality_categories": "kerb_on_top_of_non_crossing", "issue_ids": "[1]", "osm_url": "https://www.openstreetmap.org/node/8882943064", "josm_url": "http://127.0.0.1:8111/load_object?new_layer=false&objects=n8882943064", "id_url": "https://www.openstreetmap.org/edit?editor=id&node=8882943064#map=20/-25.4634867/-49.2283395"}}, {"type": "Feature", "geometry": {"type": "Point", "coordinates": [-49.2284394, -25.4635054]}, "properties": {"id": 8882943066, "feat_type": "node", "quality_categories": "kerb_on_top_of_non_crossing", "issue_ids": "[1]", "osm_url": "https://www.openstreetmap.org/node/8882943066", "josm_url": "http://127.0.0.1:8111/load_object?new_layer=false&objects=n8882943066", "id_url": "https://www.openstreetmap.org/edit?editor=id&node=8882943066#map=20/-25.4635054/-49.2284394"}}, {"type": "Feature", "geometry": {"type": "Point", "coordinates": [-49.2282751, -25.463719]}, "properties": {"id": 8882943073, "feat_type": "node", "quality_categories": "kerb_on_top_of_non_crossing", "issue_ids": "[1]", "osm_url": "https://www.openstreetmap.org/node/8882943073", "josm_url": "http://127.0.0.1:8111/load_object?new_layer=false&objects=n8882943073", "id_url": "https://www.openstreetmap.org/edit?editor=id&node=8882943073#map=20/-25.463719/-49.2282751"}}, {"type": "Feature", "geometry": {"type": "Point", "coordinates": [-49.2277775, -25.4653813]}, "properties": {"id": 8889348416, "feat_type": "node", "quality_categories": "kerb_on_top_of_non_crossing", "issue_ids": "[1]", "osm_url": "https://www.openstreetmap.org/node/8889348416", "josm_url": "http://127.0.0.1:8111/load_object?new_layer=false&objects=n8889348416", "id_url": "https://www.openstreetmap.org/edit?editor=id&node=8889348416#map=20/-25.4653813/-49.2277775"}}, {"type": "Feature", "geometry": {"type": "Point", "coordinates": [-49.2292397, -25.4671012]}, "properties": {"id": 8889351415, "feat_type": "node", "quality_categories": "kerb_on_top_of_non_crossing", "issue_ids": "[1]", "osm_url": "https://www.openstreetmap.org/node/8889351415", "josm_url": "http://127.0.0.1:8111/load_object?new_layer=false&objects=n8889351415", "id_url": "https://www.openstreetmap.org/edit?editor=id&node=8889351415#map=20/-25.4671012/-49.2292397"}}, {"type": "Feature", "geometry": {"type": "Point", "coordinates": [-49.2290212, -25.4669759]}, "properties": {"id": 8889351416, "feat_type": "node", "quality_categories": "kerb_on_top_of_non_crossing", "issue_ids": "[1]", "osm_url": "https://www.openstreetmap.org/node/8889351416", "josm_url": "http://127.0.0.1:8111/load_object?new_layer=false&objects=n8889351416", "id_url": "https://www.openstreetmap.org/edit?editor=id&node=8889351416#map=20/-25.4669759/-49.2290212"}}, {"type": "Feature", "geometry": {"type": "Point", "coordinates": [-49.2284543, -25.4548093]}, "properties": {"id": 8889376184, "feat_type": "node", "quality_categories": "kerb_on_top_of_non_crossing", "issue_ids": "[1]", "osm_url": "https://www.openstreetmap.org/node/8889376184", "josm_url": "http://127.0.0.1:8111/load_object?new_layer=false&objects=n8889376184", "id_url": "https://www.openstreetmap.org/edit?editor=id&node=8889376184#map=20/-25.4548093/-49.2284543"}}, {"type": "Feature", "geometry": {"type": "Point", "coordinates": [-49.2277262, -25.4655807]}, "properties": {"id": 8889383017, "feat_type": "node", "quality_categories": "kerb_on_top_of_non_crossing", "issue_ids": "[1]", "osm_url": "https://www.openstreetmap.org/node/8889383017", "josm_url": "http://127.0.0.1:8111/load_object?new_layer=false&objects=n8889383017", "id_url": "https://www.openstreetmap.org/edit?editor=id&node=8889383017#map=20/-25.4655807/-49.2277262"}}, {"type": "Feature", "geometry": {"type": "Point", "coordinates": [-49.22786, -25.4650875]}, "properties": {"id": 8889383018, "feat_type": "node", "quality_categories": "kerb_on_top_of_non_crossing", "issue_ids": "[1]", "osm_url": "https://www.openstreetmap.org/node/8889383018", "josm_url": "http://127.0.0.1:8111/load_object?new_layer=false&objects=n8889383018", "id_url": "https://www.openstreetmap.org/edit?editor=id&node=8889383018#map=20/-25.4650875/-49.22786"}}, {"type": "Feature", "geometry": {"type": "Point", "coordinates": [-49.2279428, -25.4647983]}, "properties": {"id": 8889383019, "feat_type": "node", "quality_categories": "kerb_on_top_of_non_crossing", "issue_ids": "[1]", "osm_url": "https://www.openstreetmap.org/node/8889383019", "josm_url": "http://127.0.0.1:8111/load_object?new_layer=false&objects=n8889383019", "id_url": "https://www.openstreetmap.org/edit?editor=id&node=8889383019#map=20/-25.4647983/-49.2279428"}}, {"type": "Feature", "geometry": {"type": "Point", "coordinates": [-49.2280209, -25.4645182]}, "properties": {"id": 8889383021, "feat_type": "node", "quality_categories": "kerb_on_top_of_non_crossing", "issue_ids": "[1]", "osm_url": "https://www.openstreetmap.org/node/8889383021", "josm_url": "http://127.0.0.1:8111/load_object?new_layer=false&objects=n8889383021", "id_url": "https://www.openstreetmap.org/edit?editor=id&node=8889383021#map=20/-25.4645182/-49.2280209"}}, {"type": "Feature", "geometry": {"type": "Point", "coordinates": [-49.2280365, -25.4644569]}, "properties": {"id": 8889383022, "feat_type": "node", "quality_categories": "kerb_on_top_of_non_crossing", "issue_ids": "[1]", "osm_url": "https://www.openstreetmap.org/node/8889383022", "josm_url": "http://127.0.0.1:8111/load_object?new_layer=false&objects=n8889383022", "id_url": "https://www.openstreetmap.org/edit?editor=id&node=8889383022#map=20/-25.4644569/-49.2280365"}}, {"type": "Feature", "geometry": {"type": "Point", "coordinates": [-49.2271165, -25.4648213]}, "properties": {"id": 8889383025, "feat_type": "node", "quality_categories": "kerb_on_top_of_non_crossing", "issue_ids": "[1]", "osm_url": "https://www.openstreetmap.org/node/8889383025", "josm_url": "http://127.0.0.1:8111/load_object?new_layer=false&objects=n8889383025", "id_url": "https://www.openstreetmap.org/edit?editor=id&node=8889383025#map=20/-25.4648213/-49.2271165"}}, {"type": "Feature", "geometry": {"type": "Point", "coordinates": [-49.2291022, -25.4669194]}, "properties": {"id": 8889396217, "feat_type": "node", "quality_categories": "kerb_on_top_of_non_crossing", "issue_ids": "[1]", "osm_url": "https://www.openstreetmap.org/node/8889396217", "josm_url": "http://127.0.0.1:8111/load_object?new_layer=false&objects=n8889396217", "id_url": "https://www.openstreetmap.org/edit?editor=id&node=8889396217#map=20/-25.4669194/-49.2291022"}}, {"type": "Feature", "geometry": {"type": "Point", "coordinates": [-49.229559, -25.4677703]}, "properties": {"id": 8889396218, "feat_type": "node", "quality_categories": "kerb_on_top_of_non_crossing", "issue_ids": "[1]", "osm_url": "https://www.openstreetmap.org/node/8889396218", "josm_url": "http://127.0.0.1:8111/load_object?new_layer=false&objects=n8889396218", "id_url": "https://www.openstreetmap.org/edit?editor=id&node=8889396218#map=20/-25.4677703/-49.229559"}}, {"type": "Feature", "geometry": {"type": "Point", "coordinates": [-49.2294467, -25.4677725]}, "properties": {"id": 8889396219, "feat_type": "node", "quality_categories": "kerb_on_top_of_non_crossing", "issue_ids": "[1]", "osm_url": "https://www.openstreetmap.org/node/8889396219", "josm_url": "http://127.0.0.1:8111/load_object?new_layer=false&objects=n8889396219", "id_url": "https://www.openstreetmap.org/edit?editor=id&node=8889396219#map=20/-25.4677725/-49.2294467"}}, {"type": "Feature", "geometry": {"type": "Point", "coordinates": [-49.2293732, -25.4678691]}, "properties": {"id": 8889396220, "feat_type": "node", "quality_categories": "kerb_on_top_of_non_crossing", "issue_ids": "[1]", "osm_url": "https://www.openstreetmap.org/node/8889396220", "josm_url": "http://127.0.0.1:8111/load_object?new_layer=false&objects=n8889396220", "id_url": "https://www.openstreetmap.org/edit?editor=id&node=8889396220#map=20/-25.4678691/-49.2293732"}}, {"type": "Feature", "geometry": {"type": "Point", "coordinates": [-49.2372586, -25.4587912]}, "properties": {"id": 8889463291, "feat_type": "node", "quality_categories": "kerb_on_top_of_non_crossing", "issue_ids": "[1]", "osm_url": "https://www.openstreetmap.org/node/8889463291", "josm_url": "http://127.0.0.1:8111/load_object?new_layer=false&objects=n8889463291", "id_url": "https://www.openstreetmap.org/edit?editor=id&node=8889463291#map=20/-25.4587912/-49.2372586"}}, {"type": "Feature", "geometry": {"type": "Point", "coordinates": [-49.2370989, -25.4587001]}, "properties": {"id": 8889463292, "feat_type": "node", "quality_categories": "kerb_on_top_of_non_crossing", "issue_ids": "[1]", "osm_url": "https://www.openstreetmap.org/node/8889463292", "josm_url": "http://127.0.0.1:8111/load_object?new_layer=false&objects=n8889463292", "id_url": "https://www.openstreetmap.org/edit?editor=id&node=8889463292#map=20/-25.4587001/-49.2370989"}}, {"type": "Feature", "geometry": {"type": "Point", "coordinates": [-49.2373731, -25.4586963]}, "properties": {"id": 8889463293, "feat_type": "node", "quality_categories": "kerb_on_top_of_non_crossing", "issue_ids": "[1]", "osm_url": "https://www.openstreetmap.org/node/8889463293", "josm_url": "http://127.0.0.1:8111/load_object?new_layer=false&objects=n8889463293", "id_url": "https://www.openstreetmap.org/edit?editor=id&node=8889463293#map=20/-25.4586963/-49.2373731"}}, {"type": "Feature", "geometry": {"type": "Point", "coordinates": [-49.2369891, -25.4592881]}, "properties": {"id": 8889463294, "feat_type": "node", "quality_categories": "kerb_on_top_of_non_crossing", "issue_ids": "[1]", "osm_url": "https://www.openstreetmap.org/node/8889463294", "josm_url": "http://127.0.0.1:8111/load_object?new_layer=false&objects=n8889463294", "id_url": "https://www.openstreetmap.org/edit?editor=id&node=8889463294#map=20/-25.4592881/-49.2369891"}}, {"type": "Feature", "geometry": {"type": "Point", "coordinates": [-49.2373122, -25.4588226]}, "properties": {"id": 8889463295, "feat_type": "node", "quality_categories": "kerb_on_top_of_non_crossing", "issue_ids": "[1]", "osm_url": "https://www.openstreetmap.org/node/8889463295", "josm_url": "http://127.0.0.1:8111/load_object?new_layer=false&objects=n8889463295", "id_url": "https://www.openstreetmap.org/edit?editor=id&node=8889463295#map=20/-25.4588226/-49.2373122"}}, {"type": "Feature", "geometry": {"type": "Point", "coordinates": [-49.2280771, -25.463799]}, "properties": {"id": 8893030770, "feat_type": "node", "quality_categories": "kerb_on_top_of_non_crossing", "issue_ids": "[1]", "osm_url": "https://www.openstreetmap.org/node/8893030770", "josm_url": "http://127.0.0.1:8111/load_object?new_layer=false&objects=n8893030770", "id_url": "https://www.openstreetmap.org/edit?editor=id&node=8893030770#map=20/-25.463799/-49.2280771"}}, {"type": "Feature", "geometry": {"type": "Point", "coordinates": [-49.2275179, -25.4635966]}, "properties": {"id": 8893030773, "feat_type": "node", "quality_categories": "kerb_on_top_of_non_crossing", "issue_ids": "[1]", "osm_url": "https://www.openstreetmap.org/node/8893030773", "josm_url": "http://127.0.0.1:8111/load_object?new_layer=false&objects=n8893030773", "id_url": "https://www.openstreetmap.org/edit?editor=id&node=8893030773#map=20/-25.4635966/-49.2275179"}}, {"type": "Feature", "geometry": {"type": "Point", "coordinates": [-49.2282971, -25.463725]}, "properties": {"id": 8895100920, "feat_type": "node", "quality_categories": "kerb_on_top_of_non_crossing", "issue_ids": "[1]", "osm_url": "https://www.openstreetmap.org/node/8895100920", "josm_url": "http://127.0.0.1:8111/load_object?new_layer=false&objects=n8895100920", "id_url": "https://www.openstreetmap.org/edit?editor=id&node=8895100920#map=20/-25.463725/-49.2282971"}}, {"type": "Feature", "geometry": {"type": "Point", "coordinates": [-49.2274149, -25.4637333]}, "properties": {"id": 8895100921, "feat_type": "node", "quality_categories": "kerb_on_top_of_non_crossing", "issue_ids": "[1]", "osm_url": "https://www.openstreetmap.org/node/8895100921", "josm_url": "http://127.0.0.1:8111/load_object?new_layer=false&objects=n8895100921", "id_url": "https://www.openstreetmap.org/edit?editor=id&node=8895100921#map=20/-25.4637333/-49.2274149"}}, {"type": "Feature", "geometry": {"type": "Point", "coordinates": [-49.2273395, -25.4637084]}, "properties": {"id": 8895100922, "feat_type": "node", "quality_categories": "kerb_on_top_of_non_crossing", "issue_ids": "[1]", "osm_url": "https://www.openstreetmap.org/node/8895100922", "josm_url": "http://127.0.0.1:8111/load_object?new_layer=false&objects=n8895100922", "id_url": "https://www.openstreetmap.org/edit?editor=id&node=8895100922#map=20/-25.4637084/-49.2273395"}}, {"type": "Feature", "geometry": {"type": "Point", "coordinates": [-49.2270274, -25.4535535]}, "properties": {"id": 9788702175, "feat_type": "node", "quality_categories": "kerb_on_top_of_non_crossing", "issue_ids": "[1]", "osm_url": "https://www.openstreetmap.org/node/9788702175", "josm_url": "http://127.0.0.1:8111/load_object?new_layer=false&objects=n9788702175", "id_url": "https://www.openstreetmap.org/edit?editor=id&node=9788702175#map=20/-25.4535535/-49.2270274"}}, {"type": "Feature", "geometry": {"type": "Point", "coordinates": [-49.2271395, -25.4533364]}, "properties": {"id": 9788702199, "feat_type": "node", "quality_categories": "kerb_on_top_of_non_crossing", "issue_ids": "[1]", "osm_url": "https://www.openstreetmap.org/node/9788702199", "josm_url": "http://127.0.0.1:8111/load_object?new_layer=false&objects=n9788702199", "id_url": "https://www.openstreetmap.org/edit?editor=id&node=9788702199#map=20/-25.4533364/-49.2271395"}}, {"type": "Feature", "geometry": {"type": "Point", "coordinates": [-49.2271768, -25.4532692]}, "properties": {"id": 9788702200, "feat_type": "node", "quality_categories": "kerb_on_top_of_non_crossing", "issue_ids": "[1]", "osm_url": "https://www.openstreetmap.org/node/9788702200", "josm_url": "http://127.0.0.1:8111/load_object?new_layer=false&objects=n9788702200", "id_url": "https://www.openstreetmap.org/edit?editor=id&node=9788702200#map=20/-25.4532692/-49.2271768"}}, {"type": "Feature", "geometry": {"type": "Point", "coordinates": [-49.2270135, -25.453153]}, "properties": {"id": 9788702203, "feat_type": "node", "quality_categories": "kerb_on_top_of_non_crossing", "issue_ids": "[1]", "osm_url": "https://www.openstreetmap.org/node/9788702203", "josm_url": "http://127.0.0.1:8111/load_object?new_layer=false&objects=n9788702203", "id_url": "https://www.openstreetmap.org/edit?editor=id&node=9788702203#map=20/-25.453153/-49.2270135"}}, {"type": "Feature", "geometry": {"type": "Point", "coordinates": [-49.22662, -25.4530274]}, "properties": {"id": 9788702204, "feat_type": "node", "quality_categories": "kerb_on_top_of_non_crossing", "issue_ids": "[1]", "osm_url": "https://www.openstreetmap.org/node/9788702204", "josm_url": "http://127.0.0.1:8111/load_object?new_layer=false&objects=n9788702204", "id_url": "https://www.openstreetmap.org/edit?editor=id&node=9788702204#map=20/-25.4530274/-49.22662"}}, {"type": "Feature", "geometry": {"type": "Point", "coordinates": [-49.2270651, -25.4534744]}, "properties": {"id": 9788832587, "feat_type": "node", "quality_categories": "kerb_on_top_of_non_crossing", "issue_ids": "[1]", "osm_url": "https://www.openstreetmap.org/node/9788832587", "josm_url": "http://127.0.0.1:8111/load_object?new_layer=false&objects=n9788832587", "id_url": "https://www.openstreetmap.org/edit?editor=id&node=9788832587#map=20/-25.4534744/-49.2270651"}}, {"type": "Feature", "geometry": {"type": "Point", "coordinates": [-49.226931, -25.4531263]}, "properties": {"id": 9788832588, "feat_type": "node", "quality_categories": "kerb_on_top_of_non_crossing", "issue_ids": "[1]", "osm_url": "https://www.openstreetmap.org/node/9788832588", "josm_url": "http://127.0.0.1:8111/load_object?new_layer=false&objects=n9788832588", "id_url": "https://www.openstreetmap.org/edit?editor=id&node=9788832588#map=20/-25.4531263/-49.226931"}}, {"type": "Feature", "geometry": {"type": "Point", "coordinates": [-49.2267843, -25.4530791]}, "properties": {"id": 9788832589, "feat_type": "node", "quality_categories": "kerb_on_top_of_non_crossing", "issue_ids": "[1]", "osm_url": "https://www.openstreetmap.org/node/9788832589", "josm_url": "http://127.0.0.1:8111/load_object?new_layer=false&objects=n9788832589", "id_url": "https://www.openstreetmap.org/edit?editor=id&node=9788832589#map=20/-25.4530791/-49.2267843"}}, {"type": "Feature", "geometry": {"type": "Point", "coordinates": [-49.2267115, -25.4530558]}, "properties": {"id": 9788832590, "feat_type": "node", "quality_categories": "kerb_on_top_of_non_crossing", "issue_ids": "[1]", "osm_url": "https://www.openstreetmap.org/node/9788832590", "josm_url": "http://127.0.0.1:8111/load_object?new_layer=false&objects=n9788832590", "id_url": "https://www.openstreetmap.org/edit?editor=id&node=9788832590#map=20/-25.4530558/-49.2267115"}}, {"type": "Feature", "geometry": {"type": "Point", "coordinates": [-49.2264812, -25.453015]}, "properties": {"id": 9788832591, "feat_type": "node", "quality_categories": "kerb_on_top_of_non_crossing", "issue_ids": "[1]", "osm_url": "https://www.openstreetmap.org/node/9788832591", "josm_url": "http://127.0.0.1:8111/load_object?new_layer=false&objects=n9788832591", "id_url": "https://www.openstreetmap.org/edit?editor=id&node=9788832591#map=20/-25.453015/-49.2264812"}}, {"type": "Feature", "geometry": {"type": "Point", "coordinates": [-49.2264316, -25.4530059]}, "properties": {"id": 9788832593, "feat_type": "node", "quality_categories": "kerb_on_top_of_non_crossing", "issue_ids": "[1]", "osm_url": "https://www.openstreetmap.org/node/9788832593", "josm_url": "http://127.0.0.1:8111/load_object?new_layer=false&objects=n9788832593", "id_url": "https://www.openstreetmap.org/edit?editor=id&node=9788832593#map=20/-25.4530059/-49.2264316"}}, {"type": "Feature", "geometry": {"type": "Point", "coordinates": [-49.2263806, -25.4529557]}, "properties": {"id": 9788832595, "feat_type": "node", "quality_categories": "kerb_on_top_of_non_crossing", "issue_ids": "[1]", "osm_url": "https://www.openstreetmap.org/node/9788832595", "josm_url": "http://127.0.0.1:8111/load_object?new_layer=false&objects=n9788832595", "id_url": "https://www.openstreetmap.org/edit?editor=id&node=9788832595#map=20/-25.4529557/-49.2263806"}}, {"type": "Feature", "geometry": {"type": "Point", "coordinates": [-49.2248644, -25.46604]}, "properties": {"id": 9818756897, "feat_type": "node", "quality_categories": "kerb_on_top_of_non_crossing", "issue_ids": "[1]", "osm_url": "https://www.openstreetmap.org/node/9818756897", "josm_url": "http://127.0.0.1:8111/load_object?new_layer=false&objects=n9818756897", "id_url": "https://www.openstreetmap.org/edit?editor=id&node=9818756897#map=20/-25.46604/-49.2248644"}}, {"type": "Feature", "geometry": {"type": "Point", "coordinates": [-49.2249499, -25.4661613]}, "properties": {"id": 9818756898, "feat_type": "node", "quality_categories": "kerb_on_top_of_non_crossing", "issue_ids": "[1]", "osm_url": "https://www.openstreetmap.org/node/9818756898", "josm_url": "http://127.0.0.1:8111/load_object?new_layer=false&objects=n9818756898", "id_url": "https://www.openstreetmap.org/edit?editor=id&node=9818756898#map=20/-25.4661613/-49.2249499"}}, {"type": "Feature", "geometry": {"type": "Point", "coordinates": [-49.2329322, -25.4552256]}, "properties": {"id": 9820808455, "feat_type": "node", "quality_categories": "kerb_on_top_of_non_crossing", "issue_ids": "[1]", "osm_url": "https://www.openstreetmap.org/node/9820808455", "josm_url": "http://127.0.0.1:8111/load_object?new_layer=false&objects=n9820808455", "id_url": "https://www.openstreetmap.org/edit?editor=id&node=9820808455#map=20/-25.4552256/-49.2329322"}}, {"type": "Feature", "geometry": {"type": "Point", "coordinates": [-49.2328742, -25.4551215]}, "properties": {"id": 9820808458, "feat_type": "node", "quality_categories": "kerb_on_top_of_non_crossing", "issue_ids": "[1]", "osm_url": "https://www.openstreetmap.org/node/9820808458", "josm_url": "http://127.0.0.1:8111/load_object?new_layer=false&objects=n9820808458", "id_url": "https://www.openstreetmap.org/edit?editor=id&node=9820808458#map=20/-25.4551215/-49.2328742"}}, {"type": "Feature", "geometry": {"type": "Point", "coordinates": [-49.2323272, -25.4554511]}, "properties": {"id": 9820808459, "feat_type": "node", "quality_categories": "kerb_on_top_of_non_crossing", "issue_ids": "[1]", "osm_url": "https://www.openstreetmap.org/node/9820808459", "josm_url": "http://127.0.0.1:8111/load_object?new_layer=false&objects=n9820808459", "id_url": "https://www.openstreetmap.org/edit?editor=id&node=9820808459#map=20/-25.4554511/-49.2323272"}}, {"type": "Feature", "geometry": {"type": "Point", "coordinates": [-49.2314782, -25.4557726]}, "properties": {"id": 9820808464, "feat_type": "node", "quality_categories": "kerb_on_top_of_non_crossing", "issue_ids": "[1]", "osm_url": "https://www.openstreetmap.org/node/9820808464", "josm_url": "http://127.0.0.1:8111/load_object?new_layer=false&objects=n9820808464", "id_url": "https://www.openstreetmap.org/edit?editor=id&node=9820808464#map=20/-25.4557726/-49.2314782"}}, {"type": "Feature", "geometry": {"type": "Point", "coordinates": [-49.2384623, -25.4575015]}, "properties": {"id": 9856626962, "feat_type": "node", "quality_categories": "kerb_on_top_of_non_crossing", "issue_ids": "[1]", "osm_url": "https://www.openstreetmap.org/node/9856626962", "josm_url": "http://127.0.0.1:8111/load_object?new_layer=false&objects=n9856626962", "id_url": "https://www.openstreetmap.org/edit?editor=id&node=9856626962#map=20/-25.4575015/-49.2384623"}}, {"type": "Feature", "geometry": {"type": "Point", "coordinates": [-49.2384065, -25.4575734]}, "properties": {"id": 9856626964, "feat_type": "node", "quality_categories": "kerb_on_top_of_non_crossing", "issue_ids": "[1]", "osm_url": "https://www.openstreetmap.org/node/9856626964", "josm_url": "http://127.0.0.1:8111/load_object?new_layer=false&objects=n9856626964", "id_url": "https://www.openstreetmap.org/edit?editor=id&node=9856626964#map=20/-25.4575734/-49.2384065"}}, {"type": "Feature", "geometry": {"type": "Point", "coordinates": [-49.2762387, -25.4467405]}, "properties": {"id": 10250013134, "feat_type": "node", "quality_categories": "kerb_on_top_of_non_crossing", "issue_ids": "[1]", "osm_url": "https://www.openstreetmap.org/node/10250013134", "josm_url": "http://127.0.0.1:8111/load_object?new_layer=false&objects=n10250013134", "id_url": "https://www.openstreetmap.org/edit?editor=id&node=10250013134#map=20/-25.4467405/-49.2762387"}}, {"type": "Feature", "geometry": {"type": "Point", "coordinates": [-49.2761747, -25.4467154]}, "properties": {"id": 10250013136, "feat_type": "node", "quality_categories": "kerb_on_top_of_non_crossing", "issue_ids": "[1]", "osm_url": "https://www.openstreetmap.org/node/10250013136", "josm_url": "http://127.0.0.1:8111/load_object?new_layer=false&objects=n10250013136", "id_url": "https://www.openstreetmap.org/edit?editor=id&node=10250013136#map=20/-25.4467154/-49.2761747"}}, {"type": "Feature", "geometry": {"type": "Point", "coordinates": [-49.284382, -25.4497141]}, "properties": {"id": 10250039211, "feat_type": "node", "quality_categories": "kerb_on_top_of_non_crossing", "issue_ids": "[1]", "osm_url": "https://www.openstreetmap.org/node/10250039211", "josm_url": "http://127.0.0.1:8111/load_object?new_layer=false&objects=n10250039211", "id_url": "https://www.openstreetmap.org/edit?editor=id&node=10250039211#map=20/-25.4497141/-49.284382"}}, {"type": "Feature", "geometry": {"type": "Point", "coordinates": [-49.2843422, -25.4497978]}, "properties": {"id": 10250039213, "feat_type": "node", "quality_categories": "kerb_on_top_of_non_crossing", "issue_ids": "[1]", "osm_url": "https://www.openstreetmap.org/node/10250039213", "josm_url": "http://127.0.0.1:8111/load_object?new_layer=false&objects=n10250039213", "id_url": "https://www.openstreetmap.org/edit?editor=id&node=10250039213#map=20/-25.4497978/-49.2843422"}}, {"type": "Feature", "geometry": {"type": "Point", "coordinates": [-49.2851263, -25.4481289]}, "properties": {"id": 10250039378, "feat_type": "node", "quality_categories": "kerb_on_top_of_non_crossing", "issue_ids": "[1]", "osm_url": "https://www.openstreetmap.org/node/10250039378", "josm_url": "http://127.0.0.1:8111/load_object?new_layer=false&objects=n10250039378", "id_url": "https://www.openstreetmap.org/edit?editor=id&node=10250039378#map=20/-25.4481289/-49.2851263"}}, {"type": "Feature", "geometry": {"type": "Point", "coordinates": [-49.2850904, -25.4482044]}, "properties": {"id": 10250039380, "feat_type": "node", "quality_categories": "kerb_on_top_of_non_crossing", "issue_ids": "[1]", "osm_url": "https://www.openstreetmap.org/node/10250039380", "josm_url": "http://127.0.0.1:8111/load_object?new_layer=false&objects=n10250039380", "id_url": "https://www.openstreetmap.org/edit?editor=id&node=10250039380#map=20/-25.4482044/-49.2850904"}}, {"type": "Feature", "geometry": {"type": "Point", "coordinates": [-49.28847, -25.4570493]}, "properties": {"id": 10250039415, "feat_type": "node", "quality_categories": "kerb_on_top_of_non_crossing", "issue_ids": "[1]", "osm_url": "https://www.openstreetmap.org/node/10250039415", "josm_url": "http://127.0.0.1:8111/load_object?new_layer=false&objects=n10250039415", "id_url": "https://www.openstreetmap.org/edit?editor=id&node=10250039415#map=20/-25.4570493/-49.28847"}}, {"type": "Feature", "geometry": {"type": "Point", "coordinates": [-49.2812163, -25.4486589]}, "properties": {"id": 10250040850, "feat_type": "node", "quality_categories": "kerb_on_top_of_non_crossing", "issue_ids": "[1]", "osm_url": "https://www.openstreetmap.org/node/10250040850", "josm_url": "http://127.0.0.1:8111/load_object?new_layer=false&objects=n10250040850", "id_url": "https://www.openstreetmap.org/edit?editor=id&node=10250040850#map=20/-25.4486589/-49.2812163"}}, {"type": "Feature", "geometry": {"type": "Point", "coordinates": [-49.2812925, -25.4486881]}, "properties": {"id": 10250040852, "feat_type": "node", "quality_categories": "kerb_on_top_of_non_crossing", "issue_ids": "[1]", "osm_url": "https://www.openstreetmap.org/node/10250040852", "josm_url": "http://127.0.0.1:8111/load_object?new_layer=false&objects=n10250040852", "id_url": "https://www.openstreetmap.org/edit?editor=id&node=10250040852#map=20/-25.4486881/-49.2812925"}}, {"type": "Feature", "geometry": {"type": "Point", "coordinates": [-49.2323597, -25.4471345]}, "properties": {"id": 10808437770, "feat_type": "node", "quality_categories": "kerb_on_top_of_non_crossing", "issue_ids": "[1]", "osm_url": "https://www.openstreetmap.org/node/10808437770", "josm_url": "http://127.0.0.1:8111/load_object?new_layer=false&objects=n10808437770", "id_url": "https://www.openstreetmap.org/edit?editor=id&node=10808437770#map=20/-25.4471345/-49.2323597"}}, {"type": "Feature", "geometry": {"type": "Point", "coordinates": [-49.2365289, -25.4518173]}, "properties": {"id": 10820375218, "feat_type": "node", "quality_categories": "kerb_on_top_of_non_crossing", "issue_ids": "[1]", "osm_url": "https://www.openstreetmap.org/node/10820375218", "josm_url": "http://127.0.0.1:8111/load_object?new_layer=false&objects=n10820375218", "id_url": "https://www.openstreetmap.org/edit?editor=id&node=10820375218#map=20/-25.4518173/-49.2365289"}}, {"type": "Feature", "geometry": {"type": "Point", "coordinates": [-49.2379337, -25.4451499]}, "properties": {"id": 10825144993, "feat_type": "node", "quality_categories": "kerb_on_top_of_non_crossing", "issue_ids": "[1]", "osm_url": "https://www.openstreetmap.org/node/10825144993", "josm_url": "http://127.0.0.1:8111/load_object?new_layer=false&objects=n10825144993", "id_url": "https://www.openstreetmap.org/edit?editor=id&node=10825144993#map=20/-25.4451499/-49.2379337"}}, {"type": "Feature", "geometry": {"type": "Point", "coordinates": [-49.2379351, -25.4451626]}, "properties": {"id": 10825144995, "feat_type": "node", "quality_categories": "kerb_on_top_of_non_crossing", "issue_ids": "[1]", "osm_url": "https://www.openstreetmap.org/node/10825144995", "josm_url": "http://127.0.0.1:8111/load_object?new_layer=false&objects=n10825144995", "id_url": "https://www.openstreetmap.org/edit?editor=id&node=10825144995#map=20/-25.4451626/-49.2379351"}}, {"type": "Feature", "geometry": {"type": "Point", "coordinates": [-49.2386924, -25.4451166]}, "properties": {"id": 10825144996, "feat_type": "node", "quality_categories": "kerb_on_top_of_non_crossing", "issue_ids": "[1]", "osm_url": "https://www.openstreetmap.org/node/10825144996", "josm_url": "http://127.0.0.1:8111/load_object?new_layer=false&objects=n10825144996", "id_url": "https://www.openstreetmap.org/edit?editor=id&node=10825144996#map=20/-25.4451166/-49.2386924"}}, {"type": "Feature", "geometry": {"type": "Point", "coordinates": [-49.2339503, -25.4547334]}, "properties": {"id": 10876087324, "feat_type": "node", "quality_categories": "kerb_on_top_of_non_crossing", "issue_ids": "[1]", "osm_url": "https://www.openstreetmap.org/node/10876087324", "josm_url": "http://127.0.0.1:8111/load_object?new_layer=false&objects=n10876087324", "id_url": "https://www.openstreetmap.org/edit?editor=id&node=10876087324#map=20/-25.4547334/-49.2339503"}}, {"type": "Feature", "geometry": {"type": "Point", "coordinates": [-49.2339253, -25.4547123]}, "properties": {"id": 10876087325, "feat_type": "node", "quality_categories": "kerb_on_top_of_non_crossing", "issue_ids": "[1]", "osm_url": "https://www.openstreetmap.org/node/10876087325", "josm_url": "http://127.0.0.1:8111/load_object?new_layer=false&objects=n10876087325", "id_url": "https://www.openstreetmap.org/edit?editor=id&node=10876087325#map=20/-25.4547123/-49.2339253"}}, {"type": "Feature", "geometry": {"type": "Point", "coordinates": [-49.2328422, -25.4487329]}, "properties": {"id": 10913121219, "feat_type": "node", "quality_categories": "kerb_on_top_of_non_crossing", "issue_ids": "[1]", "osm_url": "https://www.openstreetmap.org/node/10913121219", "josm_url": "http://127.0.0.1:8111/load_object?new_layer=false&objects=n10913121219", "id_url": "https://www.openstreetmap.org/edit?editor=id&node=10913121219#map=20/-25.4487329/-49.2328422"}}, {"type": "Feature", "geometry": {"type": "Point", "coordinates": [-49.2328321, -25.4486602]}, "properties": {"id": 10913121220, "feat_type": "node", "quality_categories": "kerb_on_top_of_non_crossing", "issue_ids": "[1]", "osm_url": "https://www.openstreetmap.org/node/10913121220", "josm_url": "http://127.0.0.1:8111/load_object?new_layer=false&objects=n10913121220", "id_url": "https://www.openstreetmap.org/edit?editor=id&node=10913121220#map=20/-25.4486602/-49.2328321"}}, {"type": "Feature", "geometry": {"type": "Point", "coordinates": [-49.2333776, -25.4467941]}, "properties": {"id": 10913145411, "feat_type": "node", "quality_categories": "kerb_on_top_of_non_crossing", "issue_ids": "[1]", "osm_url": "https://www.openstreetmap.org/node/10913145411", "josm_url": "http://127.0.0.1:8111/load_object?new_layer=false&objects=n10913145411", "id_url": "https://www.openstreetmap.org/edit?editor=id&node=10913145411#map=20/-25.4467941/-49.2333776"}}, {"type": "Feature", "geometry": {"type": "Point", "coordinates": [-49.2332896, -25.4468704]}, "properties": {"id": 10913145417, "feat_type": "node", "quality_categories": "kerb_on_top_of_non_crossing", "issue_ids": "[1]", "osm_url": "https://www.openstreetmap.org/node/10913145417", "josm_url": "http://127.0.0.1:8111/load_object?new_layer=false&objects=n10913145417", "id_url": "https://www.openstreetmap.org/edit?editor=id&node=10913145417#map=20/-25.4468704/-49.2332896"}}, {"type": "Feature", "geometry": {"type": "Point", "coordinates": [-49.2369044, -25.4544474]}, "properties": {"id": 11137480843, "feat_type": "node", "quality_categories": "kerb_on_top_of_non_crossing", "issue_ids": "[1]", "osm_url": "https://www.openstreetmap.org/node/11137480843", "josm_url": "http://127.0.0.1:8111/load_object?new_layer=false&objects=n11137480843", "id_url": "https://www.openstreetmap.org/edit?editor=id&node=11137480843#map=20/-25.4544474/-49.2369044"}}, {"type": "Feature", "geometry": {"type": "Point", "coordinates": [-49.2372785, -25.4547026]}, "properties": {"id": 11137480844, "feat_type": "node", "quality_categories": "kerb_on_top_of_non_crossing", "issue_ids": "[1]", "osm_url": "https://www.openstreetmap.org/node/11137480844", "josm_url": "http://127.0.0.1:8111/load_object?new_layer=false&objects=n11137480844", "id_url": "https://www.openstreetmap.org/edit?editor=id&node=11137480844#map=20/-25.4547026/-49.2372785"}}, {"type": "Feature", "geometry": {"type": "Point", "coordinates": [-49.2375746, -25.4543587]}, "properties": {"id": 11137480845, "feat_type": "node", "quality_categories": "kerb_on_top_of_non_crossing", "issue_ids": "[1]", "osm_url": "https://www.openstreetmap.org/node/11137480845", "josm_url": "http://127.0.0.1:8111/load_object?new_layer=false&objects=n11137480845", "id_url": "https://www.openstreetmap.org/edit?editor=id&node=11137480845#map=20/-25.4543587/-49.2375746"}}, {"type": "Feature", "geometry": {"type": "Point", "coordinates": [-49.2358152, -25.4537834]}, "properties": {"id": 11137488488, "feat_type": "node", "quality_categories": "kerb_on_top_of_non_crossing", "issue_ids": "[1]", "osm_url": "https://www.openstreetmap.org/node/11137488488", "josm_url": "http://127.0.0.1:8111/load_object?new_layer=false&objects=n11137488488", "id_url": "https://www.openstreetmap.org/edit?editor=id&node=11137488488#map=20/-25.4537834/-49.2358152"}}, {"type": "Feature", "geometry": {"type": "Point", "coordinates": [-49.2353306, -25.4542715]}, "properties": {"id": 11137499691, "feat_type": "node", "quality_categories": "kerb_on_top_of_non_crossing", "issue_ids": "[1]", "osm_url": "https://www.openstreetmap.org/node/11137499691", "josm_url": "http://127.0.0.1:8111/load_object?new_layer=false&objects=n11137499691", "id_url": "https://www.openstreetmap.org/edit?editor=id&node=11137499691#map=20/-25.4542715/-49.2353306"}}, {"type": "Feature", "geometry": {"type": "Point", "coordinates": [-49.2337747, -25.4539607]}, "properties": {"id": 11137499693, "feat_type": "node", "quality_categories": "kerb_on_top_of_non_crossing", "issue_ids": "[1]", "osm_url": "https://www.openstreetmap.org/node/11137499693", "josm_url": "http://127.0.0.1:8111/load_object?new_layer=false&objects=n11137499693", "id_url": "https://www.openstreetmap.org/edit?editor=id&node=11137499693#map=20/-25.4539607/-49.2337747"}}, {"type": "Feature", "geometry": {"type": "Point", "coordinates": [-49.2353631, -25.4538668]}, "properties": {"id": 11137499694, "feat_type": "node", "quality_categories": "kerb_on_top_of_non_crossing", "issue_ids": "[1]", "osm_url": "https://www.openstreetmap.org/node/11137499694", "josm_url": "http://127.0.0.1:8111/load_object?new_layer=false&objects=n11137499694", "id_url": "https://www.openstreetmap.org/edit?editor=id&node=11137499694#map=20/-25.4538668/-49.2353631"}}, {"type": "Feature", "geometry": {"type": "Point", "coordinates": [-49.2351938, -25.4528609]}, "properties": {"id": 11137515214, "feat_type": "node", "quality_categories": "kerb_on_top_of_non_crossing", "issue_ids": "[1]", "osm_url": "https://www.openstreetmap.org/node/11137515214", "josm_url": "http://127.0.0.1:8111/load_object?new_layer=false&objects=n11137515214", "id_url": "https://www.openstreetmap.org/edit?editor=id&node=11137515214#map=20/-25.4528609/-49.2351938"}}, {"type": "Feature", "geometry": {"type": "Point", "coordinates": [-49.2360478, -25.451389]}, "properties": {"id": 11140081315, "feat_type": "node", "quality_categories": "kerb_on_top_of_non_crossing", "issue_ids": "[1]", "osm_url": "https://www.openstreetmap.org/node/11140081315", "josm_url": "http://127.0.0.1:8111/load_object?new_layer=false&objects=n11140081315", "id_url": "https://www.openstreetmap.org/edit?editor=id&node=11140081315#map=20/-25.451389/-49.2360478"}}, {"type": "Feature", "geometry": {"type": "Point", "coordinates": [-49.2358249, -25.4515433]}, "properties": {"id": 11140081322, "feat_type": "node", "quality_categories": "kerb_on_top_of_non_crossing", "issue_ids": "[1]", "osm_url": "https://www.openstreetmap.org/node/11140081322", "josm_url": "http://127.0.0.1:8111/load_object?new_layer=false&objects=n11140081322", "id_url": "https://www.openstreetmap.org/edit?editor=id&node=11140081322#map=20/-25.4515433/-49.2358249"}}, {"type": "Feature", "geometry": {"type": "Point", "coordinates": [-49.2345542, -25.449209]}, "properties": {"id": 11140117207, "feat_type": "node", "quality_categories": "kerb_on_top_of_non_crossing", "issue_ids": "[1]", "osm_url": "https://www.openstreetmap.org/node/11140117207", "josm_url": "http://127.0.0.1:8111/load_object?new_layer=false&objects=n11140117207", "id_url": "https://www.openstreetmap.org/edit?editor=id&node=11140117207#map=20/-25.449209/-49.2345542"}}, {"type": "Feature", "geometry": {"type": "Point", "coordinates": [-49.234578, -25.4492468]}, "properties": {"id": 11140117208, "feat_type": "node", "quality_categories": "kerb_on_top_of_non_crossing", "issue_ids": "[1]", "osm_url": "https://www.openstreetmap.org/node/11140117208", "josm_url": "http://127.0.0.1:8111/load_object?new_layer=false&objects=n11140117208", "id_url": "https://www.openstreetmap.org/edit?editor=id&node=11140117208#map=20/-25.4492468/-49.234578"}}, {"type": "Feature", "geometry": {"type": "Point", "coordinates": [-49.2336919, -25.4496194]}, "properties": {"id": 11140135608, "feat_type": "node", "quality_categories": "kerb_on_top_of_non_crossing", "issue_ids": "[1]", "osm_url": "https://www.openstreetmap.org/node/11140135608", "josm_url": "http://127.0.0.1:8111/load_object?new_layer=false&objects=n11140135608", "id_url": "https://www.openstreetmap.org/edit?editor=id&node=11140135608#map=20/-25.4496194/-49.2336919"}}, {"type": "Feature", "geometry": {"type": "Point", "coordinates": [-49.2336626, -25.4495521]}, "properties": {"id": 11140135610, "feat_type": "node", "quality_categories": "kerb_on_top_of_non_crossing", "issue_ids": "[1]", "osm_url": "https://www.openstreetmap.org/node/11140135610", "josm_url": "http://127.0.0.1:8111/load_object?new_layer=false&objects=n11140135610", "id_url": "https://www.openstreetmap.org/edit?editor=id&node=11140135610#map=20/-25.4495521/-49.2336626"}}, {"type": "Feature", "geometry": {"type": "Point", "coordinates": [-49.2317022, -25.4524953]}, "properties": {"id": 11141943408, "feat_type": "node", "quality_categories": "kerb_on_top_of_non_crossing", "issue_ids": "[1]", "osm_url": "https://www.openstreetmap.org/node/11141943408", "josm_url": "http://127.0.0.1:8111/load_object?new_layer=false&objects=n11141943408", "id_url": "https://www.openstreetmap.org/edit?editor=id&node=11141943408#map=20/-25.4524953/-49.2317022"}}, {"type": "Feature", "geometry": {"type": "Point", "coordinates": [-49.2368981, -25.4544031]}, "properties": {"id": 11307630500, "feat_type": "node", "quality_categories": "kerb_on_top_of_non_crossing", "issue_ids": "[1]", "osm_url": "https://www.openstreetmap.org/node/11307630500", "josm_url": "http://127.0.0.1:8111/load_object?new_layer=false&objects=n11307630500", "id_url": "https://www.openstreetmap.org/edit?editor=id&node=11307630500#map=20/-25.4544031/-49.2368981"}}, {"type": "Feature", "geometry": {"type": "Point", "coordinates": [-49.2377338, -25.4546916]}, "properties": {"id": 11307630507, "feat_type": "node", "quality_categories": "kerb_on_top_of_non_crossing", "issue_ids": "[1]", "osm_url": "https://www.openstreetmap.org/node/11307630507", "josm_url": "http://127.0.0.1:8111/load_object?new_layer=false&objects=n11307630507", "id_url": "https://www.openstreetmap.org/edit?editor=id&node=11307630507#map=20/-25.4546916/-49.2377338"}}, {"type": "Feature", "geometry": {"type": "Point", "coordinates": [-49.2419764, -25.4274502]}, "properties": {"id": 11336036111, "feat_type": "node", "quality_categories": "kerb_on_top_of_non_crossing", "issue_ids": "[1]", "osm_url": "https://www.openstreetmap.org/node/11336036111", "josm_url": "http://127.0.0.1:8111/load_object?new_layer=false&objects=n11336036111", "id_url": "https://www.openstreetmap.org/edit?editor=id&node=11336036111#map=20/-25.4274502/-49.2419764"}}, {"type": "Feature", "geometry": {"type": "Point", "coordinates": [-49.2418989, -25.4274249]}, "properties": {"id": 11336036112, "feat_type": "node", "quality_categories": "kerb_on_top_of_non_crossing", "issue_ids": "[1]", "osm_url": "https://www.openstreetmap.org/node/11336036112", "josm_url": "http://127.0.0.1:8111/load_object?new_layer=false&objects=n11336036112", "id_url": "https://www.openstreetmap.org/edit?editor=id&node=11336036112#map=20/-25.4274249/-49.2418989"}}, {"type": "Feature", "geometry": {"type": "Point", "coordinates": [-49.2417496, -25.4273726]}, "properties": {"id": 11336036120, "feat_type": "node", "quality_categories": "kerb_on_top_of_non_crossing", "issue_ids": "[1]", "osm_url": "https://www.openstreetmap.org/node/11336036120", "josm_url": "http://127.0.0.1:8111/load_object?new_layer=false&objects=n11336036120", "id_url": "https://www.openstreetmap.org/edit?editor=id&node=11336036120#map=20/-25.4273726/-49.2417496"}}, {"type": "Feature", "geometry": {"type": "Point", "coordinates": [-49.2416548, -25.4273441]}, "properties": {"id": 11336036121, "feat_type": "node", "quality_categories": "kerb_on_top_of_non_crossing", "issue_ids": "[1]", "osm_url": "https://www.openstreetmap.org/node/11336036121", "josm_url": "http://127.0.0.1:8111/load_object?new_layer=false&objects=n11336036121", "id_url": "https://www.openstreetmap.org/edit?editor=id&node=11336036121#map=20/-25.4273441/-49.2416548"}}, {"type": "Feature", "geometry": {"type": "Point", "coordinates": [-49.2371413, -25.5024145]}, "properties": {"id": 11398958400, "feat_type": "node", "quality_categories": "kerb_on_top_of_non_crossing", "issue_ids": "[1]", "osm_url": "https://www.openstreetmap.org/node/11398958400", "josm_url": "http://127.0.0.1:8111/load_object?new_layer=false&objects=n11398958400", "id_url": "https://www.openstreetmap.org/edit?editor=id&node=11398958400#map=20/-25.5024145/-49.2371413"}}, {"type": "Feature", "geometry": {"type": "Point", "coordinates": [-49.2371258, -25.5024089]}, "properties": {"id": 11398958401, "feat_type": "node", "quality_categories": "kerb_on_top_of_non_crossing", "issue_ids": "[1]", "osm_url": "https://www.openstreetmap.org/node/11398958401", "josm_url": "http://127.0.0.1:8111/load_object?new_layer=false&objects=n11398958401", "id_url": "https://www.openstreetmap.org/edit?editor=id&node=11398958401#map=20/-25.5024089/-49.2371258"}}, {"type": "Feature", "geometry": {"type": "Point", "coordinates": [-49.2370635, -25.5023852]}, "properties": {"id": 11398958402, "feat_type": "node", "quality_categories": "kerb_on_top_of_non_crossing", "issue_ids": "[1]", "osm_url": "https://www.openstreetmap.org/node/11398958402", "josm_url": "http://127.0.0.1:8111/load_object?new_layer=false&objects=n11398958402", "id_url": "https://www.openstreetmap.org/edit?editor=id&node=11398958402#map=20/-25.5023852/-49.2370635"}}, {"type": "Feature", "geometry": {"type": "Point", "coordinates": [-49.2370359, -25.5023738]}, "properties": {"id": 11398958403, "feat_type": "node", "quality_categories": "kerb_on_top_of_non_crossing", "issue_ids": "[1]", "osm_url": "https://www.openstreetmap.org/node/11398958403", "josm_url": "http://127.0.0.1:8111/load_object?new_layer=false&objects=n11398958403", "id_url": "https://www.openstreetmap.org/edit?editor=id&node=11398958403#map=20/-25.5023738/-49.2370359"}}, {"type": "Feature", "geometry": {"type": "Point", "coordinates": [-49.2862595, -25.4460258]}, "properties": {"id": 11628601965, "feat_type": "node", "quality_categories": "kerb_on_top_of_non_crossing", "issue_ids": "[1]", "osm_url": "https://www.openstreetmap.org/node/11628601965", "josm_url": "http://127.0.0.1:8111/load_object?new_layer=false&objects=n11628601965", "id_url": "https://www.openstreetmap.org/edit?editor=id&node=11628601965#map=20/-25.4460258/-49.2862595"}}, {"type": "Feature", "geometry": {"type": "Point", "coordinates": [-49.2857651, -25.4467666]}, "properties": {"id": 11628601966, "feat_type": "node", "quality_categories": "kerb_on_top_of_non_crossing", "issue_ids": "[1]", "osm_url": "https://www.openstreetmap.org/node/11628601966", "josm_url": "http://127.0.0.1:8111/load_object?new_layer=false&objects=n11628601966", "id_url": "https://www.openstreetmap.org/edit?editor=id&node=11628601966#map=20/-25.4467666/-49.2857651"}}, {"type": "Feature", "geometry": {"type": "Point", "coordinates": [-49.2858609, -25.4465634]}, "properties": {"id": 11628601967, "feat_type": "node", "quality_categories": "kerb_on_top_of_non_crossing", "issue_ids": "[1]", "osm_url": "https://www.openstreetmap.org/node/11628601967", "josm_url": "http://127.0.0.1:8111/load_object?new_layer=false&objects=n11628601967", "id_url": "https://www.openstreetmap.org/edit?editor=id&node=11628601967#map=20/-25.4465634/-49.2858609"}}, {"type": "Feature", "geometry": {"type": "Point", "coordinates": [-49.2697228, -25.4251533]}, "properties": {"id": 11877563507, "feat_type": "node", "quality_categories": "kerb_on_top_of_non_crossing", "issue_ids": "[1]", "osm_url": "https://www.openstreetmap.org/node/11877563507", "josm_url": "http://127.0.0.1:8111/load_object?new_layer=false&objects=n11877563507", "id_url": "https://www.openstreetmap.org/edit?editor=id&node=11877563507#map=20/-25.4251533/-49.2697228"}}, {"type": "Feature", "geometry": {"type": "Point", "coordinates": [-49.2699891, -25.4251968]}, "properties": {"id": 11877563549, "feat_type": "node", "quality_categories": "kerb_on_top_of_non_crossing", "issue_ids": "[1]", "osm_url": "https://www.openstreetmap.org/node/11877563549", "josm_url": "http://127.0.0.1:8111/load_object?new_layer=false&objects=n11877563549", "id_url": "https://www.openstreetmap.org/edit?editor=id&node=11877563549#map=20/-25.4251968/-49.2699891"}}, {"type": "Feature", "geometry": {"type": "Point", "coordinates": [-49.270083, -25.4251866]}, "properties": {"id": 11877563550, "feat_type": "node", "quality_categories": "kerb_on_top_of_non_crossing", "issue_ids": "[1]", "osm_url": "https://www.openstreetmap.org/node/11877563550", "josm_url": "http://127.0.0.1:8111/load_object?new_layer=false&objects=n11877563550", "id_url": "https://www.openstreetmap.org/edit?editor=id&node=11877563550#map=20/-25.4251866/-49.270083"}}, {"type": "Feature", "geometry": {"type": "Point", "coordinates": [-49.2697729, -25.4247708]}, "properties": {"id": 11877563551, "feat_type": "node", "quality_categories": "kerb_on_top_of_non_crossing", "issue_ids": "[1]", "osm_url": "https://www.openstreetmap.org/node/11877563551", "josm_url": "http://127.0.0.1:8111/load_object?new_layer=false&objects=n11877563551", "id_url": "https://www.openstreetmap.org/edit?editor=id&node=11877563551#map=20/-25.4247708/-49.2697729"}}, {"type": "Feature", "geometry": {"type": "Point", "coordinates": [-49.2698355, -25.4247409]}, "properties": {"id": 11877563552, "feat_type": "node", "quality_categories": "kerb_on_top_of_non_crossing", "issue_ids": "[1]", "osm_url": "https://www.openstreetmap.org/node/11877563552", "josm_url": "http://127.0.0.1:8111/load_object?new_layer=false&objects=n11877563552", "id_url": "https://www.openstreetmap.org/edit?editor=id&node=11877563552#map=20/-25.4247409/-49.2698355"}}, {"type": "Feature", "geometry": {"type": "Point", "coordinates": [-49.2286506, -25.4710574]}, "properties": {"id": 13314419167, "feat_type": "node", "quality_categories": "kerb_on_top_of_non_crossing", "issue_ids": "[1]", "osm_url": "https://www.openstreetmap.org/node/13314419167", "josm_url": "http://127.0.0.1:8111/load_object?new_layer=false&objects=n13314419167", "id_url": "https://www.openstreetmap.org/edit?editor=id&node=13314419167#map=20/-25.4710574/-49.2286506"}}, {"type": "Feature", "geometry": {"type": "Point", "coordinates": [-49.2250986, -25.465785]}, "properties": {"id": 13314504265, "feat_type": "node", "quality_categories": "kerb_on_top_of_non_crossing", "issue_ids": "[1]", "osm_url": "https://www.openstreetmap.org/node/13314504265", "josm_url": "http://127.0.0.1:8111/load_object?new_layer=false&objects=n13314504265", "id_url": "https://www.openstreetmap.org/edit?editor=id&node=13314504265#map=20/-25.465785/-49.2250986"}}, {"type": "Feature", "geometry": {"type": "Point", "coordinates": [-49.2251629, -25.4657536]}, "properties": {"id": 13314504266, "feat_type": "node", "quality_categories": "kerb_on_top_of_non_crossing", "issue_ids": "[1]", "osm_url": "https://www.openstreetmap.org/node/13314504266", "josm_url": "http://127.0.0.1:8111/load_object?new_layer=false&objects=n13314504266", "id_url": "https://www.openstreetmap.org/edit?editor=id&node=13314504266#map=20/-25.4657536/-49.2251629"}}, {"type": "Feature", "geometry": {"type": "Point", "coordinates": [-49.2297413, -25.4673157]}, "properties": {"id": 13314615482, "feat_type": "node", "quality_categories": "kerb_on_top_of_non_crossing", "issue_ids": "[1]", "osm_url": "https://www.openstreetmap.org/node/13314615482", "josm_url": "http://127.0.0.1:8111/load_object?new_layer=false&objects=n13314615482", "id_url": "https://www.openstreetmap.org/edit?editor=id&node=13314615482#map=20/-25.4673157/-49.2297413"}}, {"type": "Feature", "geometry": {"type": "Point", "coordinates": [-49.2297063, -25.4673642]}, "properties": {"id": 13314615485, "feat_type": "node", "quality_categories": "kerb_on_top_of_non_crossing", "issue_ids": "[1]", "osm_url": "https://www.openstreetmap.org/node/13314615485", "josm_url": "http://127.0.0.1:8111/load_object?new_layer=false&objects=n13314615485", "id_url": "https://www.openstreetmap.org/edit?editor=id&node=13314615485#map=20/-25.4673642/-49.2297063"}}, {"type": "Feature", "geometry": {"type": "Point", "coordinates": [-49.2207373, -25.464952]}, "properties": {"id": 13314617738, "feat_type": "node", "quality_categories": "kerb_on_top_of_non_crossing", "issue_ids": "[1]", "osm_url": "https://www.openstreetmap.org/node/13314617738", "josm_url": "http://127.0.0.1:8111/load_object?new_layer=false&objects=n13314617738", "id_url": "https://www.openstreetmap.org/edit?editor=id&node=13314617738#map=20/-25.464952/-49.2207373"}}, {"type": "Feature", "geometry": {"type": "Point", "coordinates": [-49.2477485, -25.4810649]}, "properties": {"id": 13961074599, "feat_type": "node", "quality_categories": "kerb_on_top_of_non_crossing", "issue_ids": "[1]", "osm_url": "https://www.openstreetmap.org/node/13961074599", "josm_url": "http://127.0.0.1:8111/load_object?new_layer=false&objects=n13961074599", "id_url": "https://www.openstreetmap.org/edit?editor=id&node=13961074599#map=20/-25.4810649/-49.2477485"}}, {"type": "Feature", "geometry": {"type": "Point", "coordinates": [-49.2477098, -25.4811442]}, "properties": {"id": 13961090301, "feat_type": "node", "quality_categories": "kerb_on_top_of_non_crossing", "issue_ids": "[1]", "osm_url": "https://www.openstreetmap.org/node/13961090301", "josm_url": "http://127.0.0.1:8111/load_object?new_layer=false&objects=n13961090301", "id_url": "https://www.openstreetmap.org/edit?editor=id&node=13961090301#map=20/-25.4811442/-49.2477098"}}, {"type": "Feature", "geometry": {"type": "Point", "coordinates": [-49.2468459, -25.4828856]}, "properties": {"id": 13961090303, "feat_type": "node", "quality_categories": "kerb_on_top_of_non_crossing", "issue_ids": "[1]", "osm_url": "https://www.openstreetmap.org/node/13961090303", "josm_url": "http://127.0.0.1:8111/load_object?new_layer=false&objects=n13961090303", "id_url": "https://www.openstreetmap.org/edit?editor=id&node=13961090303#map=20/-25.4828856/-49.2468459"}}, {"type": "Feature", "geometry": {"type": "Point", "coordinates": [-49.2468505, -25.4828012]}, "properties": {"id": 13961090305, "feat_type": "node", "quality_categories": "kerb_on_top_of_non_crossing", "issue_ids": "[1]", "osm_url": "https://www.openstreetmap.org/node/13961090305", "josm_url": "http://127.0.0.1:8111/load_object?new_layer=false&objects=n13961090305", "id_url": "https://www.openstreetmap.org/edit?editor=id&node=13961090305#map=20/-25.4828012/-49.2468505"}}, {"type": "Feature", "geometry": {"type": "Point", "coordinates": [-49.2468061, -25.4829691]}, "properties": {"id": 13961090307, "feat_type": "node", "quality_categories": "kerb_on_top_of_non_crossing", "issue_ids": "[1]", "osm_url": "https://www.openstreetmap.org/node/13961090307", "josm_url": "http://127.0.0.1:8111/load_object?new_layer=false&objects=n13961090307", "id_url": "https://www.openstreetmap.org/edit?editor=id&node=13961090307#map=20/-25.4829691/-49.2468061"}}, {"type": "Feature", "geometry": {"type": "Point", "coordinates": [-49.2482401, -25.4124235]}, "properties": {"id": 13961970074, "feat_type": "node", "quality_categories": "kerb_on_top_of_non_crossing", "issue_ids": "[1]", "osm_url": "https://www.openstreetmap.org/node/13961970074", "josm_url": "http://127.0.0.1:8111/load_object?new_layer=false&objects=n13961970074", "id_url": "https://www.openstreetmap.org/edit?editor=id&node=13961970074#map=20/-25.4124235/-49.2482401"}}, {"type": "Feature", "geometry": {"type": "Point", "coordinates": [-49.2473748, -25.4132358]}, "properties": {"id": 13961980577, "feat_type": "node", "quality_categories": "kerb_on_top_of_non_crossing", "issue_ids": "[1]", "osm_url": "https://www.openstreetmap.org/node/13961980577", "josm_url": "http://127.0.0.1:8111/load_object?new_layer=false&objects=n13961980577", "id_url": "https://www.openstreetmap.org/edit?editor=id&node=13961980577#map=20/-25.4132358/-49.2473748"}}]}